[launchdchrootexec] target=/Applications/Visual Studio Code.app/Contents/MacOS/Electron arch=arm64 insert=/usr/local/lib/libmachook_arm64.dylib
getppid = 1
#### MACWS_HID_BYPASS installed SetMatchingMultiple → no-op (1) at 0x187cede8c — skips iOS-format CFBinaryPlist parse inside
####   IOHIDEventSystemClientCacheMatchingServices → IOHIDUnserializeAndVMDealloc → CFPropertyListCreateFromStream
####   that BUS_ADRALNs in the IOMFBServer thread.
#### MACWS_AGX_RENAMER_PATCH: off (set MACWS_AGX_RENAMER_PATCH=1 to enable)
#### MACWS_ASSERT_BYPASS DISABLED (set MACWS_KEEP_ASSERT_BYPASS=1 to restore lazy bypass) — real __assert_rtn now reaches abort
#### MACWS_AGX_NATIVE [ctor] pre-loaded IOGPU via /System/Library/PrivateFrameworks/IOGPU.framework/IOGPU -> 0x3ae29cc10
#### XPC_BOOTSTRAP: fn=0x1848a5140 dict=0x157806950 (registering Metal/ViewBridge/HIServices)
#### XPC_BOOTSTRAP: called OK
#### COEXIST API SwapEnd hook installed target=0x18f7831cc trampoline=0x102aec000
#### SkyLight PrepareForUse tolerate-nil hook installed at 0x189b64fc4
#### SkyLight StartCompositeForDisplayStream nil-skip hook installed at 0x18998dd74
#### SkyLight StartComposite(WSCD) tolerate-nil + pop-on-bail hook installed at 0x18998d358
#### SkyLight StartComposite(MTLTex) pop-on-bail hook installed at 0x18998dfb8
#### SkyLight EndCurrentComposite(bool) completion hook installed at 0x18998c53c
#### SkyLight EndUpdate(bool) submission hook installed at 0x18998c0b0
#### SkyLight _state_stack pop_back resolved at 0x18998afa0
#### SkyLight WSCompositeDestinationCreateWithMetalTexture nil-tolerate hook installed at 0x18999053c
#### SkyLight MetalContext::StopCapture invalid-this guard installed at 0x18998c1bc
#### MACWS_AGX_NATIVE class_addMethod(MTLTextureDescriptor, validateWithDevice:) = 1
#### MACWS_AGX_NATIVE class_addMethod(IOGPUMetalTexture, isMemoryless) = 1
#### MACWS_AGX_NATIVE class_addMethod(IOGPUMetalTexture, getCPUSizeBytes) = 1
#### MACWS_AGX_NATIVE class_addMethod(IOGPUMetalTexture, getAlignment) = 1
#### MACWS_AGX_NATIVE class_addMethod(IOGPUMetalTexture, descriptorPrivate) = 1
#### MACWS_AGX_NATIVE class_addMethod(IOGPUMetalTexture, getBytesPerRow) = 1
#### MACWS_AGX_NATIVE class_addMethod(IOGPUMetalTexture, updateBindDataWithAddresses:gpuVirtualAddress:) = 1
#### MACWS_AGX_NATIVE class_addMethod(IOGPUMetalTexture, updateBindDataWithAddresses:gpuVirtualAddress:shouldInitMetadata:) = 1
#### MACWS_AGX_NATIVE class_addMethod(IOGPUMetalTexture, allocBufferSubDataWithLength:options:alignment:heapIndex:bufferIndex:bufferOffset:) = 1
#### MACWS_AGX_NATIVE class_addMethod(IOGPUMetalTexture, initNewTextureData:) = 1
#### MACWS_AGX_NATIVE class_addMethod(MTLTextureDescriptor, isMemoryless) = 1
#### MACWS_AGX_NATIVE class_addMethod(MTLTextureDescriptor, protectionOptions) = 1
#### MACWS_AGX_NATIVE class_addMethod(MTLTextureDescriptor, getCPUSizeBytes) = 1
#### MACWS_AGX_NATIVE class_addMethod(MTLTextureDescriptor, getAlignment) = 1
#### MACWS_AGX_NATIVE class_addMethod(MTLTextureDescriptor, descriptorPrivate) = 1
#### MACWS_AGX_NATIVE class_addMethod(MTLTextureDescriptor, getBytesPerRow) = 1
#### MACWS_AGX_NATIVE class_addMethod(MTLTextureDescriptor, updateBindDataWithAddresses:gpuVirtualAddress:) = 1
#### MACWS_AGX_NATIVE class_addMethod(MTLTextureDescriptor, updateBindDataWithAddresses:gpuVirtualAddress:shouldInitMetadata:) = 1
#### MACWS_AGX_NATIVE class_addMethod(MTLTextureDescriptor, allocBufferSubDataWithLength:options:alignment:heapIndex:bufferIndex:bufferOffset:) = 1
#### MACWS_AGX_NATIVE class_addMethod(MTLTextureDescriptor, initNewTextureData:) = 1
#### APP-INPUT KEY-WITNESS installed -[NSApplication sendEvent:] display-settle=0ms (diagnostic scaffold)
#### APP-INPUT ACTIVATION-WITNESS installed -[NSApplication _handleActivatedEvent:]
#### APP-INPUT MENU-TRACK-WITNESS hook class=NSMenuPresentationInstance types=v28@0:8B16@20
#### APP-INPUT MENU-TRACK-WITNESS installed hooks=1
#### APP-INPUT READY pid=74073 socket=/private/tmp/macws_app_input.74073.sock abi=3 record=52
#### APP-INPUT THREAD pid=74073 socket=3
#### AMFI-POLICY-COMPAT policy=AMFI op=0x60 status=0x4 (iOS task ports are hard-immovable)
#### CSR-POLICY-COMPAT active_config=0x0 (conservative iOS compatibility value)
#### JIT-MPROTECT range[0]=[0x280000000,0x290000000) source=MAP_JIT-EINVAL
#### JIT-MPROTECT execution barrier installed (W^X fetch-wait compatibility)
#### JIT-MPROTECT range[0]=[0x280000000,0x290000000) source=MAP_JIT-EINVAL
#### JIT-MPROTECT range[0]=[0x280000000,0x290000000) source=MAP_JIT-EINVAL
#### JIT-MPROTECT range[0]=[0x280000000,0x290000000) source=MAP_JIT-EINVAL
#### JIT-MPROTECT range[0]=[0x280000000,0x290000000) source=MAP_JIT-EINVAL
#### JIT-MPROTECT range[0]=[0x280000000,0x290000000) source=MAP_JIT-EINVAL
#### JIT-MPROTECT range[0]=[0x280000000,0x290000000) source=MAP_JIT-EINVAL
#### JIT-MPROTECT range[0]=[0x280000000,0x290000000) source=MAP_JIT-EINVAL
#### JIT-MPROTECT range[0]=[0x170000000,0x180000000) source=MAP_JIT-EINVAL
#### JIT-MPROTECT remap decline #1 dst=0x177dc0000 size=0x208000 src=0x111d30000 requested=0x5 -> V8 copy fallback
#### JIT-MPROTECT flip #1 ranges=1 prot=RW writers=1 exec_waits=0 late_retries=0
#### JIT-MPROTECT flip #2 ranges=1 prot=RX writers=1 exec_waits=0 late_retries=0
#### JIT-MPROTECT flip #3 ranges=1 prot=RW writers=1 exec_waits=0 late_retries=0
#### JIT-MPROTECT flip #4 ranges=1 prot=RX writers=1 exec_waits=0 late_retries=0
#### JIT-MPROTECT flip #5 ranges=1 prot=RW writers=1 exec_waits=1 late_retries=0
#### JIT-MPROTECT flip #6 ranges=1 prot=RX writers=1 exec_waits=2 late_retries=0
#### JIT-MPROTECT flip #7 ranges=1 prot=RW writers=1 exec_waits=2 late_retries=0
#### JIT-MPROTECT flip #8 ranges=1 prot=RX writers=1 exec_waits=3 late_retries=0
#### JIT-MPROTECT flip #9 ranges=1 prot=RW writers=1 exec_waits=3 late_retries=0
#### JIT-MPROTECT flip #10 ranges=1 prot=RX writers=1 exec_waits=4 late_retries=0
#### JIT-MPROTECT flip #11 ranges=1 prot=RW writers=1 exec_waits=4 late_retries=0
#### JIT-MPROTECT flip #12 ranges=1 prot=RX writers=1 exec_waits=5 late_retries=0
#### JIT-MPROTECT flip #13 ranges=1 prot=RW writers=1 exec_waits=5 late_retries=0
#### JIT-MPROTECT flip #14 ranges=1 prot=RX writers=1 exec_waits=6 late_retries=0
#### JIT-MPROTECT flip #15 ranges=1 prot=RW writers=1 exec_waits=6 late_retries=0
#### JIT-MPROTECT flip #16 ranges=1 prot=RX writers=1 exec_waits=7 late_retries=0
#### JIT-MPROTECT flip #17 ranges=1 prot=RW writers=1 exec_waits=7 late_retries=0
#### JIT-MPROTECT flip #18 ranges=1 prot=RX writers=1 exec_waits=8 late_retries=0
#### JIT-MPROTECT flip #19 ranges=1 prot=RW writers=1 exec_waits=8 late_retries=0
#### JIT-MPROTECT flip #20 ranges=1 prot=RX writers=1 exec_waits=9 late_retries=0
#### JIT-MPROTECT flip #21 ranges=1 prot=RW writers=1 exec_waits=9 late_retries=0
#### JIT-MPROTECT flip #22 ranges=1 prot=RX writers=1 exec_waits=10 late_retries=0
#### JIT-MPROTECT flip #23 ranges=1 prot=RW writers=1 exec_waits=10 late_retries=0
#### JIT-MPROTECT flip #24 ranges=1 prot=RX writers=1 exec_waits=11 late_retries=0
#### JIT-MPROTECT flip #25 ranges=1 prot=RW writers=1 exec_waits=11 late_retries=0
#### JIT-MPROTECT flip #26 ranges=1 prot=RX writers=1 exec_waits=12 late_retries=0
#### JIT-MPROTECT flip #27 ranges=1 prot=RW writers=1 exec_waits=12 late_retries=0
#### JIT-MPROTECT flip #28 ranges=1 prot=RX writers=1 exec_waits=12 late_retries=0
#### JIT-MPROTECT flip #29 ranges=1 prot=RW writers=1 exec_waits=12 late_retries=0
#### JIT-MPROTECT flip #30 ranges=1 prot=RX writers=1 exec_waits=12 late_retries=0
#### JIT-MPROTECT flip #31 ranges=1 prot=RW writers=1 exec_waits=12 late_retries=0
#### JIT-MPROTECT flip #32 ranges=1 prot=RX writers=1 exec_waits=13 late_retries=0
#### JIT-MPROTECT flip #1024 ranges=1 prot=RX writers=1 exec_waits=379 late_retries=3
#### MACWS_HID_BYPASS installed SetMatchingMultiple → no-op (1) at 0x187cede8c — skips iOS-format CFBinaryPlist parse inside
####   IOHIDEventSystemClientCacheMatchingServices → IOHIDUnserializeAndVMDealloc → CFPropertyListCreateFromStream
####   that BUS_ADRALNs in the IOMFBServer thread.
#### MACWS_AGX_RENAMER_PATCH: off (set MACWS_AGX_RENAMER_PATCH=1 to enable)
#### MACWS_ASSERT_BYPASS DISABLED (set MACWS_KEEP_ASSERT_BYPASS=1 to restore lazy bypass) — real __assert_rtn now reaches abort
#### MACWS_AGX_NATIVE [ctor] pre-loaded IOGPU via /System/Library/PrivateFrameworks/IOGPU.framework/IOGPU -> 0x3ae29cc10
#### XPC_BOOTSTRAP: fn=0x1848a5140 dict=0x1306173c0 (registering Metal/ViewBridge/HIServices)
#### XPC_BOOTSTRAP: called OK
#### COEXIST API SwapEnd hook installed target=0x18f7831cc trampoline=0x10232c000
#### SkyLight PrepareForUse tolerate-nil hook installed at 0x189b64fc4
#### SkyLight StartCompositeForDisplayStream nil-skip hook installed at 0x18998dd74
#### SkyLight StartComposite(WSCD) tolerate-nil + pop-on-bail hook installed at 0x18998d358
#### SkyLight StartComposite(MTLTex) pop-on-bail hook installed at 0x18998dfb8
#### SkyLight EndCurrentComposite(bool) completion hook installed at 0x18998c53c
#### SkyLight EndUpdate(bool) submission hook installed at 0x18998c0b0
#### SkyLight _state_stack pop_back resolved at 0x18998afa0
#### SkyLight WSCompositeDestinationCreateWithMetalTexture nil-tolerate hook installed at 0x18999053c
#### SkyLight MetalContext::StopCapture invalid-this guard installed at 0x18998c1bc
#### MACWS_AGX_NATIVE class_addMethod(MTLTextureDescriptor, validateWithDevice:) = 1
#### MACWS_AGX_NATIVE class_addMethod(IOGPUMetalTexture, isMemoryless) = 1
#### MACWS_AGX_NATIVE class_addMethod(IOGPUMetalTexture, getCPUSizeBytes) = 1
#### MACWS_AGX_NATIVE class_addMethod(IOGPUMetalTexture, getAlignment) = 1
#### MACWS_AGX_NATIVE class_addMethod(IOGPUMetalTexture, descriptorPrivate) = 1
#### MACWS_AGX_NATIVE class_addMethod(IOGPUMetalTexture, getBytesPerRow) = 1
#### MACWS_AGX_NATIVE class_addMethod(IOGPUMetalTexture, updateBindDataWithAddresses:gpuVirtualAddress:) = 1
#### MACWS_AGX_NATIVE class_addMethod(IOGPUMetalTexture, updateBindDataWithAddresses:gpuVirtualAddress:shouldInitMetadata:) = 1
#### MACWS_AGX_NATIVE class_addMethod(IOGPUMetalTexture, allocBufferSubDataWithLength:options:alignment:heapIndex:bufferIndex:bufferOffset:) = 1
#### MACWS_AGX_NATIVE class_addMethod(IOGPUMetalTexture, initNewTextureData:) = 1
#### MACWS_AGX_NATIVE class_addMethod(MTLTextureDescriptor, isMemoryless) = 1
#### MACWS_AGX_NATIVE class_addMethod(MTLTextureDescriptor, protectionOptions) = 1
#### MACWS_AGX_NATIVE class_addMethod(MTLTextureDescriptor, getCPUSizeBytes) = 1
#### MACWS_AGX_NATIVE class_addMethod(MTLTextureDescriptor, getAlignment) = 1
#### MACWS_AGX_NATIVE class_addMethod(MTLTextureDescriptor, descriptorPrivate) = 1
#### MACWS_AGX_NATIVE class_addMethod(MTLTextureDescriptor, getBytesPerRow) = 1
#### MACWS_AGX_NATIVE class_addMethod(MTLTextureDescriptor, updateBindDataWithAddresses:gpuVirtualAddress:) = 1
#### MACWS_AGX_NATIVE class_addMethod(MTLTextureDescriptor, updateBindDataWithAddresses:gpuVirtualAddress:shouldInitMetadata:) = 1
#### MACWS_AGX_NATIVE class_addMethod(MTLTextureDescriptor, allocBufferSubDataWithLength:options:alignment:heapIndex:bufferIndex:bufferOffset:) = 1
#### MACWS_AGX_NATIVE class_addMethod(MTLTextureDescriptor, initNewTextureData:) = 1
#### APP-INPUT KEY-WITNESS installed -[NSApplication sendEvent:] display-settle=0ms (diagnostic scaffold)
#### APP-INPUT ACTIVATION-WITNESS installed -[NSApplication _handleActivatedEvent:]
#### APP-INPUT MENU-TRACK-WITNESS hook class=NSMenuPresentationInstance types=v28@0:8B16@20
#### APP-INPUT MENU-TRACK-WITNESS installed hooks=1
#### APP-INPUT READY pid=74077 socket=/private/tmp/macws_app_input.74077.sock abi=3 record=52
#### APP-INPUT THREAD pid=74077 socket=3
[74073:0729/145254.745731:ERROR:third_party/crashpad/crashpad/util/file/file_io.cc:103] ReadExactly: expected 8, observed 0

DevTools listening on ws://127.0.0.1:9222/devtools/browser/5ca76b09-4d9b-43ef-b27a-a2fbee1a89cb
#### MACWS_HID_BYPASS installed SetMatchingMultiple → no-op (1) at 0x187cede8c — skips iOS-format CFBinaryPlist parse inside
####   IOHIDEventSystemClientCacheMatchingServices → IOHIDUnserializeAndVMDealloc → CFPropertyListCreateFromStream
####   that BUS_ADRALNs in the IOMFBServer thread.
#### MACWS_AGX_RENAMER_PATCH: off (set MACWS_AGX_RENAMER_PATCH=1 to enable)
#### MACWS_ASSERT_BYPASS DISABLED (set MACWS_KEEP_ASSERT_BYPASS=1 to restore lazy bypass) — real __assert_rtn now reaches abort
#### MACWS_HID_BYPASS installed SetMatchingMultiple → no-op (1) at 0x187cede8c — skips iOS-format CFBinaryPlist parse inside
####   IOHIDEventSystemClientCacheMatchingServices → IOHIDUnserializeAndVMDealloc → CFPropertyListCreateFromStream
####   that BUS_ADRALNs in the IOMFBServer thread.
#### MACWS_AGX_RENAMER_PATCH: off (set MACWS_AGX_RENAMER_PATCH=1 to enable)
#### MACWS_ASSERT_BYPASS DISABLED (set MACWS_KEEP_ASSERT_BYPASS=1 to restore lazy bypass) — real __assert_rtn now reaches abort
#### MACWS_AGX_NATIVE [ctor] pre-loaded IOGPU via /System/Library/PrivateFrameworks/IOGPU.framework/IOGPU -> 0x3ae29cc10
#### MACWS_AGX_NATIVE [ctor] pre-loaded IOGPU via /System/Library/PrivateFrameworks/IOGPU.framework/IOGPU -> 0x3ae29cc10
#### XPC_BOOTSTRAP: fn=0x1848a5140 dict=0x15d006c40 (registering Metal/ViewBridge/HIServices)
#### XPC_BOOTSTRAP: fn=0x1848a5140 dict=0x151104e20 (registering Metal/ViewBridge/HIServices)
#### XPC_BOOTSTRAP: called OK
#### XPC_BOOTSTRAP: called OK
#### COEXIST API SwapEnd hook installed target=0x18f7831cc trampoline=0x102db8000
#### COEXIST API SwapEnd hook installed target=0x18f7831cc trampoline=0x102f8c000
#### SkyLight PrepareForUse tolerate-nil hook installed at 0x189b64fc4
#### SkyLight PrepareForUse tolerate-nil hook installed at 0x189b64fc4
#### SkyLight StartCompositeForDisplayStream nil-skip hook installed at 0x18998dd74
#### SkyLight StartCompositeForDisplayStream nil-skip hook installed at 0x18998dd74
#### SkyLight StartComposite(WSCD) tolerate-nil + pop-on-bail hook installed at 0x18998d358
#### SkyLight StartComposite(WSCD) tolerate-nil + pop-on-bail hook installed at 0x18998d358
#### SkyLight StartComposite(MTLTex) pop-on-bail hook installed at 0x18998dfb8
#### SkyLight StartComposite(MTLTex) pop-on-bail hook installed at 0x18998dfb8
#### SkyLight EndCurrentComposite(bool) completion hook installed at 0x18998c53c
#### SkyLight EndCurrentComposite(bool) completion hook installed at 0x18998c53c
#### SkyLight EndUpdate(bool) submission hook installed at 0x18998c0b0
#### SkyLight EndUpdate(bool) submission hook installed at 0x18998c0b0
#### SkyLight _state_stack pop_back resolved at 0x18998afa0
#### SkyLight _state_stack pop_back resolved at 0x18998afa0
#### SkyLight WSCompositeDestinationCreateWithMetalTexture nil-tolerate hook installed at 0x18999053c
#### SkyLight WSCompositeDestinationCreateWithMetalTexture nil-tolerate hook installed at 0x18999053c
#### SkyLight MetalContext::StopCapture invalid-this guard installed at 0x18998c1bc
#### SkyLight MetalContext::StopCapture invalid-this guard installed at 0x18998c1bc
#### MACWS_AGX_NATIVE class_addMethod(MTLTextureDescriptor, validateWithDevice:) = 1
#### MACWS_AGX_NATIVE class_addMethod(MTLTextureDescriptor, validateWithDevice:) = 1
#### MACWS_AGX_NATIVE class_addMethod(IOGPUMetalTexture, isMemoryless) = 1
#### MACWS_AGX_NATIVE class_addMethod(IOGPUMetalTexture, getCPUSizeBytes) = 1
#### MACWS_AGX_NATIVE class_addMethod(IOGPUMetalTexture, getAlignment) = 1
#### MACWS_AGX_NATIVE class_addMethod(IOGPUMetalTexture, descriptorPrivate) = 1
#### MACWS_AGX_NATIVE class_addMethod(IOGPUMetalTexture, getBytesPerRow) = 1
#### MACWS_AGX_NATIVE class_addMethod(IOGPUMetalTexture, updateBindDataWithAddresses:gpuVirtualAddress:) = 1
#### MACWS_AGX_NATIVE class_addMethod(IOGPUMetalTexture, isMemoryless) = 1
#### MACWS_AGX_NATIVE class_addMethod(IOGPUMetalTexture, getCPUSizeBytes) = 1
#### MACWS_AGX_NATIVE class_addMethod(IOGPUMetalTexture, getAlignment) = 1
#### MACWS_AGX_NATIVE class_addMethod(IOGPUMetalTexture, descriptorPrivate) = 1
#### MACWS_AGX_NATIVE class_addMethod(IOGPUMetalTexture, getBytesPerRow) = 1
#### MACWS_AGX_NATIVE class_addMethod(IOGPUMetalTexture, updateBindDataWithAddresses:gpuVirtualAddress:) = 1
#### MACWS_AGX_NATIVE class_addMethod(IOGPUMetalTexture, updateBindDataWithAddresses:gpuVirtualAddress:shouldInitMetadata:) = 1
#### MACWS_AGX_NATIVE class_addMethod(IOGPUMetalTexture, updateBindDataWithAddresses:gpuVirtualAddress:shouldInitMetadata:) = 1
#### MACWS_AGX_NATIVE class_addMethod(IOGPUMetalTexture, allocBufferSubDataWithLength:options:alignment:heapIndex:bufferIndex:bufferOffset:) = 1
#### MACWS_AGX_NATIVE class_addMethod(IOGPUMetalTexture, allocBufferSubDataWithLength:options:alignment:heapIndex:bufferIndex:bufferOffset:) = 1
#### MACWS_AGX_NATIVE class_addMethod(IOGPUMetalTexture, initNewTextureData:) = 1
#### MACWS_AGX_NATIVE class_addMethod(MTLTextureDescriptor, isMemoryless) = 1
#### MACWS_AGX_NATIVE class_addMethod(MTLTextureDescriptor, protectionOptions) = 1
#### MACWS_AGX_NATIVE class_addMethod(MTLTextureDescriptor, getCPUSizeBytes) = 1
#### MACWS_AGX_NATIVE class_addMethod(MTLTextureDescriptor, getAlignment) = 1
#### MACWS_AGX_NATIVE class_addMethod(IOGPUMetalTexture, initNewTextureData:) = 1
#### MACWS_AGX_NATIVE class_addMethod(MTLTextureDescriptor, isMemoryless) = 1
#### MACWS_AGX_NATIVE class_addMethod(MTLTextureDescriptor, protectionOptions) = 1
#### MACWS_AGX_NATIVE class_addMethod(MTLTextureDescriptor, descriptorPrivate) = 1
#### MACWS_AGX_NATIVE class_addMethod(MTLTextureDescriptor, getBytesPerRow) = 1
#### MACWS_AGX_NATIVE class_addMethod(MTLTextureDescriptor, updateBindDataWithAddresses:gpuVirtualAddress:) = 1
#### MACWS_AGX_NATIVE class_addMethod(MTLTextureDescriptor, updateBindDataWithAddresses:gpuVirtualAddress:shouldInitMetadata:) = 1
#### MACWS_AGX_NATIVE class_addMethod(MTLTextureDescriptor, allocBufferSubDataWithLength:options:alignment:heapIndex:bufferIndex:bufferOffset:) = 1
#### MACWS_AGX_NATIVE class_addMethod(MTLTextureDescriptor, initNewTextureData:) = 1
#### MACWS_AGX_NATIVE class_addMethod(MTLTextureDescriptor, getCPUSizeBytes) = 1
#### MACWS_AGX_NATIVE class_addMethod(MTLTextureDescriptor, getAlignment) = 1
#### MACWS_AGX_NATIVE class_addMethod(MTLTextureDescriptor, descriptorPrivate) = 1
#### MACWS_AGX_NATIVE class_addMethod(MTLTextureDescriptor, getBytesPerRow) = 1
#### MACWS_AGX_NATIVE class_addMethod(MTLTextureDescriptor, updateBindDataWithAddresses:gpuVirtualAddress:) = 1
#### MACWS_AGX_NATIVE class_addMethod(MTLTextureDescriptor, updateBindDataWithAddresses:gpuVirtualAddress:shouldInitMetadata:) = 1
#### MACWS_AGX_NATIVE class_addMethod(MTLTextureDescriptor, allocBufferSubDataWithLength:options:alignment:heapIndex:bufferIndex:bufferOffset:) = 1
#### MACWS_AGX_NATIVE class_addMethod(MTLTextureDescriptor, initNewTextureData:) = 1
2026-07-29 14:52:55.143 Electron[74073:12307852] id createVolumeObserverSubsystem(NSWorkspaceNotificationCenter *): Failed to create volume observer.
2026-07-29 14:52:55.143 Electron[74073:12307852] id createVolumeObserverSubsystem(NSWorkspaceNotificationCenter *): Failed to create volume observer.
2026-07-29 14:52:55.144 Electron[74073:12307852] id createVolumeObserverSubsystem(NSWorkspaceNotificationCenter *): Failed to create volume observer.
2026-07-29 14:52:55.147 Electron[74073:12307852] XType: Using static font registry.
#### APP-INPUT SYSTEM-ACTIVATE-EVENT pid=74073 window=0 data1=1 data2=64 retained=YES
#### tile-encoder forwards: class MTLSimRenderCommandEncoder NOT found
#### IOGPU-CALLBACK-DIAG installed queueClass=0x1dfd488d0 method=0x0 orig=0x0 bufferClass=0x1dfd48830 method=0x1a18bf9a5 orig=0x1a18a2be8 errorMethod=0x18e0fbe01 errorOrig=0x18dfcddcc (file-gated)
#### NSXPCSharedListener class=0x1e00c3bd8
#### NSXPCSharedListener endpointForReply swizzle installed
#### NSXPCSharedListener connectToService swizzle installed
#### NSXPCSharedListener connectToService intercepted (graceful fail)
[74073:0729/145255.272705:ERROR:net/cert/internal/trust_store_mac.cc:489] SecKeychainAddCallback failed: Error Domain=NSOSStatusErrorDomain Code=-50 "paramErr: error in user parameter list" (-50)
[74073:0729/145255.272832:ERROR:net/cert/internal/trust_store_mac.cc:489] SecKeychainAddCallback failed: Error Domain=NSOSStatusErrorDomain Code=-50 "paramErr: error in user parameter list" (-50)
#### AMFI-POLICY-COMPAT policy=AMFI op=0x60 status=0x4 (iOS task ports are hard-immovable)
#### CSR-POLICY-COMPAT active_config=0x0 (conservative iOS compatibility value)
#### AMFI-POLICY-COMPAT policy=AMFI op=0x60 status=0x4 (iOS task ports are hard-immovable)
#### CSR-POLICY-COMPAT active_config=0x0 (conservative iOS compatibility value)
[74079:0729/145255.291254:ERROR:base/process/process_mac.cc:53] task_policy_set TASK_CATEGORY_POLICY: (os/kern) invalid argument (4)
[74080:0729/145255.291480:ERROR:base/process/process_mac.cc:53] task_policy_set TASK_CATEGORY_POLICY: (os/kern) invalid argument (4)
Warning: 'remote-debugging-port' is not in the list of known options, but still passed to Electron/Chromium.
Warning: 'remote-allow-origins' is not in the list of known options, but still passed to Electron/Chromium.
Warning: 'use-angle' is not in the list of known options, but still passed to Electron/Chromium.
Warning: 'ignore-gpu-blocklist' is not in the list of known options, but still passed to Electron/Chromium.
Warning: 'disable-features' is not in the list of known options, but still passed to Electron/Chromium.
#### MACWS_AGX_NATIVE pre-loaded IOGPU via /System/Library/PrivateFrameworks/IOGPU.framework/IOGPU -> 0x3ae29cc10
#### MACWS_AGX_NATIVE dlsym(IOGPUResourceCreate) = 0x1a18b60a0
#### MACWS_AGX_NATIVE dlsym(IOGPUMetalCommonResourceCreate) = 0x0
#### MACWS_AGX_NATIVE dlsym(IOGPUDeviceCreateWithAPIProperty) = 0x1a18b40fc
#### MACWS_AGX_NATIVE dlsym(_IOGPUMetalAllocateResource) = 0x0
#### MACWS_AGX_NATIVE dlsym(IOGPUMetalAllocateResource) = 0x0
#### AGX_CLASSREF_DIAG newTexture iosurface alloc class @0x21f009298 = 0x2215b25f0 name=AGXG13GFamilyTexture
#### AGX_CLASSREF_DIAG initImpl method m=0x1ea1c13ad imp=0x1ea1aa284 expected stub=0x1ea1ba880 real=0x1ea1aa284 WHICH=AGXG13GFamilyTexture-real
#### MACWS_AGX_OBJC_AUTDA_PATCH msgSendSuper2=0x1847c5e00 code=0x1847c5e00 autda@0x1847c5e10 insn=0xdac11a30
####   PATCHED autda x16,x17 → xpacd x16 (0xdac11a30 → 0xdac147f0)
#### MACWS_AGX_SEL_DIAG super-init SEL static=0x1cffc6f26 slid=0x1d4726f26 readable=1
####   bytes="initWithDevice:descriptor:iosurface:plane:field:args:argsSize:"
####   sel_registerName(...) = 0x1d4726f26 name="initWithDevice:descriptor:iosurface:plane:field:args:argsSize:"
####   objc_getClass(IOGPUMetalTexture) = 0x1dfd48fb0
####   IOGPUMetalTexture method count = 71
####     - initNewTextureData:
####     - updateBindDataWithAddresses:gpuVirtualAddress:shouldInitMetadata:
####     - initWithBuffer:descriptor:offset:bytesPerRow:
####     - initWithBuffer:descriptor:sysMemOffset:sysMemRowBytes:vidMemSize:vidMemRowBytes:args:argsSize:
####     - initWithBuffer:descriptor:sysMemOffset:sysMemRowBytes:vidMemSize:vidMemRowBytes:args:argsSize:isStrideTexture:
####     - initWithDevice:descriptor:iosurface:plane:field:args:argsSize:
####     - initWithDevice:descriptor:sysMemSize:sysMemRowBytes:vidMemSize:vidMemRowBytes:args:argsSize:
####     - initWithDevice:remoteStorageTexture:args:argsSize:
####     - initWithHeap:resource:offset:length:device:descriptor:
####     - initWithTexture:pixelFormat:
####     - initWithTexture:pixelFormat:textureType:levels:slices:
####     - initWithTexture:pixelFormat:textureType:levels:slices:swizzle:
####     - initWithTextureInternal:pixelFormat:textureType:levels:slices:swizzle:compressedView:
####     - initWithPrimaryBuffer:heapIndex:bufferIndex:bufferOffset:length:descriptor:sysMemRowBytes:vidMemSize:vidMemRowBytes:args:argsSize:
####   AGXTexture super class = 0x0 ((nil))
####   super responds to "initWithDevice:desc:iosurface:plane:" = 0 (Method=0x0)
####   super responds to "initWithDevice:descriptor:iosurface:plane:" = 0 (Method=0x0)
####   super responds to "initWithDevice:descriptor:iosurface:plane:field:args:argsSize:" = 0 (Method=0x0)
####   super responds to "initImplWithDevice:Descriptor:iosurface:plane:buffer:bytesPerRow:allowNPOT:sparsePageSize:isCompressedIOSurface:isHeapBacked:" = 0 (Method=0x0)
#### MACWS_AGX_STUB_FIX objc_msgSendSuper2
####   stub@0x1ea1bdfc0 insns=[d01cf7f1 9132a231 f9400230 d71f0a11]
####   slot@0x2240bbca8 value=0x1847c5e00 sym=objc_msgSendSuper2 base=0x1847bc000 path=/usr/lib/libobjc.A.dylib
####   PATCHED → br 0x1847c5e00 (movz/movk/movk/br)
####   new=[d28bc010 f2b08f90 f2c00030 d61f0200]
#### MACWS_AGX_NATIVE objc_getClass(AGXBuffer) = 0x0
#### MACWS_AGX_NATIVE __objc_classlist: 52 entries
####   classlist[0] = 0x2215b26b8 name=AGXBuffer registered=0x0
####   classlist[1] = 0x2215b22f8 name=AGXG13GFamilyBinaryArchive registered=0x0
####   classlist[2] = 0x2215b2168 name=AGXG13GFamilyBlitContext registered=0x0
####   classlist[3] = 0x2215b17e0 name=AGXG13GFamilyResourceStateContext registered=0x0
####   classlist[4] = 0x2215b1fd8 name=AGXG13GFamilyBuffer registered=0x0
####   classlist[5] = 0x2215b1830 name=AGXG13GFamilyCommandBuffer registered=0x0
#### MACWS_AGX_NATIVE objc_duplicateClass=0x1847ebcb8
#### MACWS_AGX_NATIVE imageinfo=0x21bd1ca58 sz=8
#### JIT-MPROTECT flip #2048 ranges=1 prot=RX writers=1 exec_waits=729 late_retries=7
#### PREREGISTER image[627] AGXMetal13_3: 52/52 realized
#### PREREGISTER image[628] GPURawCounter: 6/6 realized
#### MACWS_AGX_NATIVE register pass 0: 0 new (total 58)
#### MACWS_AGX_NATIVE realized 58/52 classes
#### MACWS_AGX_NATIVE AGXBuffer after register: 0x2215b26b8
#### MACWS_AGX_NATIVE [AGXBuffer alloc] = 0x600211680
2026-07-29 14:52:55.636 Electron[74073:12307852] Error received in message reply handler: Connection invalid
2026-07-29 14:52:55.636 Electron[74073:12307872] Connection Invalid error for service com.apple.hiservices-xpcservice.
#### MACWS_AGX_NATIVE swizzled initUntrackedInternalBufferWithDevice:length:options:
#### MACWS_AGX_NATIVE swizzled initWithDevice:length:alignment:options:isSuballocDisabled:resourceInArgs:pinnedGPULocation:
#### MACWS_AGX_NATIVE tracing -[AGXBuffer initWithDevice:options:args:argsSize:] (nil preserved)
#### LIBOBJC dlsym(objc_constructInstance) = 0x1847d2c08
#### LIBOBJC dlsym(_dyld_objc_notify_register) = 0x184b67480
#### LIBOBJC dlsym(_dyld_objc_register_callbacks) = 0x184b69abc
#### LIBOBJC dlsym(objc_readClassPair) = 0x1847d8bdc
#### LIBOBJC dlsym(objc_registerClassPair) = 0x1847c9a3c
#### LIBOBJC dlsym(_objc_realizeClassFromSwift) = 0x1847d8d34
#### LIBOBJC dlsym(objc_addLoadImageFunc) = 0x1847d87c8
#### LIBOBJC dlsym(_objc_init) = 0x1847be004
#### CLASS_DETAIL [0] 0x2215b26b8 name=AGXBuffer super=0x1dfd487e0 (IOGPUMetalBuffer) meta=0
#### CLASS_DETAIL [1] 0x2215b22f8 name=AGXG13GFamilyBinaryArchive super=0x1e00df3b8 (_MTLBinaryArchive) meta=0
#### CLASS_DETAIL [2] 0x2215b2168 name=AGXG13GFamilyBlitContext super=0x1dfd487b8 (IOGPUMetalBlitCommandEncoder) meta=0
#### CLASS_DETAIL [3] 0x2215b17e0 name=AGXG13GFamilyResourceStateContext super=0x1dfd48f88 (IOGPUMetalResourceStateCommandEncoder) meta=0
#### CLASS_DETAIL [4] 0x2215b1fd8 name=AGXG13GFamilyBuffer super=0x2215b26b8 (AGXBuffer) meta=0
#### CLASS_DETAIL [5] 0x2215b1830 name=AGXG13GFamilyCommandBuffer super=0x1dfd48830 (IOGPUMetalCommandBuffer) meta=0
#### CLASS_DETAIL [6] 0x2215b2208 name=AGXG13GFamilyCommandQueue super=0x1dfd488d0 (IOGPUMetalCommandQueue) meta=0
#### CLASS_DETAIL [7] 0x2215b2118 name=AGXG13GFamilyComputePipeline super=0x1e00ddd88 (_MTLComputePipelineState) meta=0
#### CLASS_DETAIL [8] 0x2215b20c8 name=AGXG13GFamilyDeadlineProfile super=0x1dfb5ae70 (NSObject) meta=0
#### CLASS_DETAIL [9] 0x2215b18d0 name=AGXG13GFamilyDebugContext super=0x1dfd48970 (IOGPUMetalDebugCommandEncoder) meta=0
#### CLASS_DETAIL [10] 0x2215b2000 name=AGXG13GFamilyDepthStencilState super=0x1e00dddb0 (_MTLDepthStencilState) meta=0
#### CLASS_DETAIL [11] 0x2215b22d0 name=AGXG13GFamilyDynamicLibrary super=0x1e00dfdb8 (_MTLDynamicLibrary) meta=0
#### CLASS_DETAIL [12] 0x2215b21b8 name=AGXG13GFamilyComputeContext super=0x1dfd48948 (IOGPUMetalComputeCommandEncoder) meta=0
#### CLASS_DETAIL [13] 0x2215b1e70 name=AGXG13GFamilyFunctionHandle super=0x1e00df9a8 (_MTLFunctionHandle) meta=0
#### CLASS_DETAIL [14] 0x2215b22a8 name=AGXG13GFamilyHeap super=0x1dfd48bf0 (IOGPUMetalHeap) meta=0
#### CLASS_DETAIL [15] 0x2215b2280 name=AGXG13GFamilySparseHeap super=0x1e00e0e48 (_MTLHeap) meta=0
#### MACWS_AGX_NATIVE __objc_classrefs: 105 entries, 0 null
####   class AGXBuffer = 0x2215b26b8
####   class AGXCommandQueue = 0x0
####   class AGXCommandBuffer = 0x0
####   class AGXMetalCommandQueue = 0x0
####   class AGXMetalCommandBuffer = 0x0
####   class AGXMetalBuffer = 0x0
####   class AGXMetalTexture = 0x0
####   class AGXMetalHeap = 0x0
####   class AGXMetalResource = 0x0
####   class AGXMetalDevice = 0x0
####   class AGXMetalFence = 0x0
####   class AGXTexture = 0x2215b2708
####   class IOGPUMetalBuffer = 0x1dfd487e0
####   class IOGPUMetalCommandBuffer = 0x1dfd48830
####   class IOGPUMetalCommandQueue = 0x1dfd488d0
####   class IOGPUMetalDevice = 0x1dfd489c0
####   class IOGPUMetalHeap = 0x1dfd48bf0
####   class IOGPUMetalResource = 0x1dfd48ec0
####   class IOGPUMetalTexture = 0x1dfd48fb0
####   class IOGPUMetalFence = 0x1dfd48b50
####   class IOGPUMTLLateEvalEvent = 0x1e01fbc70
#### CLASSREF [0] @0x21f009250 -> 0x1e00dd428 name=MTLCompiler
#### CLASSREF [1] @0x21f009258 -> 0x1dfb796e0 name=NSDictionary
#### CLASSREF [2] @0x21f009260 -> 0x1dfb80348 name=NSError
#### CLASSREF [3] @0x21f009268 -> 0x2215b24b0 name=AGXG13GFamilyComputeOrFragmentOrTileProgram
#### CLASSREF [4] @0x21f009270 -> 0x2215b24d8 name=AGXG13GFamilyFragmentProgram
#### CLASSREF [5] @0x21f009278 -> 0x2215b2550 name=AGXG13GFamilyVertexProgram
#### CLASSREF [6] @0x21f009280 -> 0x1dfb79848 name=NSMutableDictionary
#### CLASSREF [7] @0x21f009288 -> 0x2215b25a0 name=AGXG13GFamilyTileProgram
#### CLASSREF [8] @0x21f009290 -> 0x2215b2578 name=AGXG13GFamilyComputeProgram
#### CLASSREF [9] @0x21f009298 -> 0x2215b25f0 name=AGXG13GFamilyTexture
#### CLASSREF [10] @0x21f0092a0 -> 0x1e00ddbd0 name=MTLTextureDescriptor
#### CLASSREF [11] @0x21f0092a8 -> 0x2215b2168 name=AGXG13GFamilyBlitContext
#### CLASSREF [12] @0x21f0092b0 -> 0x2215b17e0 name=AGXG13GFamilyResourceStateContext
#### CLASSREF [13] @0x21f0092b8 -> 0x2215b1d58 name=AGXG13GFamilyRayTracingGPUBuilder
#### CLASSREF [14] @0x21f0092c0 -> 0x2215b2190 name=AGXG13GFamilyRenderContext
#### CLASSREF [15] @0x21f0092c8 -> 0x2215b21b8 name=AGXG13GFamilyComputeContext
#### CLASSREF [16] @0x21f0092d0 -> 0x2215b21e0 name=AGXG13GFamilyThreadedRenderPass
#### CLASSREF [17] @0x21f0092d8 -> 0x2215b1dd0 name=AGXG13GFamilySampledRenderContext
#### CLASSREF [18] @0x21f0092e0 -> 0x2215b1e98 name=AGXG13GFamilySampledComputeContext
#### CLASSREF [19] @0x21f0092e8 -> 0x1dfb79668 name=NSData
#### CLASSREF [20] @0x21f0092f0 -> 0x2215b1830 name=AGXG13GFamilyCommandBuffer
#### CLASSREF [21] @0x21f0092f8 -> 0x1e00e01c8 name=_MTLProgramAddressTableMappedBinary
#### CLASSREF [22] @0x21f009300 -> 0x1e00e0178 name=_MTLPipelineStateBinary
#### CLASSREF [23] @0x21f009308 -> 0x1dfb795a0 name=NSArray
#### MACWS_GOT AGXMetal13_3: symtab=8331 syms, strtab=461166853 bytes, indirect=555 entries
####   sect[0] __DATA_CONST,__got type=0 entries=97 indirect_start=228 auth=0
####   bind[1] _MTLCommonCounterSetTimestamp -> 0x1d883d290 (slot=0x21bd1b9e0 auth=0)
####   bind[2] _MTLCommonCounterTimestamp -> 0x1d883d1a0 (slot=0x21bd1b9e8 auth=0)
####   bind[3] _MTLCompileTimeStatisticsKeyBackend -> 0x1dd3f0f60 (slot=0x21bd1b9f0 auth=0)
####   bind[4] _MTLCompileTimeStatisticsKeyCachedFunction -> 0x1dd3f0f10 (slot=0x21bd1b9f8 auth=0)
####   bind[5] _MTLCompileTimeStatisticsKeyCompilerTotal -> 0x1dd3f0f48 (slot=0x21bd1ba00 auth=0)
####   bind[6] _MTLCompileTimeStatisticsKeyDriverTotal -> 0x1dd3f0f40 (slot=0x21bd1ba08 auth=0)
####   bind[7] _MTLCompileTimeStatisticsKeyFunctionName -> 0x1dd3f0f08 (slot=0x21bd1ba10 auth=0)
####   bind[8] _MTLCompileTimeStatisticsKeyMTLCompilerService -> 0x1dd3f0f20 (slot=0x21bd1ba18 auth=0)
####   bind[9] _MTLCompileTimeStatisticsKeyOptimization -> 0x1dd3f0f58 (slot=0x21bd1ba20 auth=0)
####   bind[10] _MTLCompileTimeStatisticsKeyPipelineTotal -> 0x1dd3f0f18 (slot=0x21bd1ba28 auth=0)
####   bind[11] _MTLCompileTimeStatisticsKeyPipelinesCompute -> 0x1dd3efe30 (slot=0x21bd1ba30 auth=0)
####   IOGPU-CRITICAL _OBJC_IVAR_$_IOGPUMTLLateEvalEvent._eventName = 0x1dd8d29d0 (slot=0x21bd1bb28 auth=0)
####   IOGPU-CRITICAL _OBJC_IVAR_$_IOGPUMetalBuffer._primaryBuffer = 0x1dd8d291c (slot=0x21bd1bb30 auth=0)
####   IOGPU-CRITICAL _OBJC_IVAR_$_IOGPUMetalCommandQueue._commandQueue = 0x1dd8d2960 (slot=0x21bd1bb38 auth=0)
####   IOGPU-CRITICAL _OBJC_IVAR_$_IOGPUMetalDevice._segmentByteThreshold = 0x1dd8d2a2c (slot=0x21bd1bb40 auth=0)
####   IOGPU-CRITICAL _OBJC_IVAR_$_IOGPUMetalFence._fenceIndex = 0x1dd8d2aa8 (slot=0x21bd1bb48 auth=0)
####   IOGPU-CRITICAL _OBJC_IVAR_$_IOGPUMetalHeap._resource = 0x1dd8d2ac4 (slot=0x21bd1bb50 auth=0)
####   IOGPU-CRITICAL _OBJC_IVAR_$_IOGPUMetalResource._res = 0x1dd8d2af4 (slot=0x21bd1bb58 auth=0)
####   IOGPU-CRITICAL _OBJC_IVAR_$_IOGPUMetalTexture._arrayLength = 0x1dd8d2b38 (slot=0x21bd1bb60 auth=0)
####   IOGPU-CRITICAL _OBJC_IVAR_$_IOGPUMetalTexture._depth = 0x1dd8d2b34 (slot=0x21bd1bb68 auth=0)
####   IOGPU-CRITICAL _OBJC_IVAR_$_IOGPUMetalTexture._height = 0x1dd8d2b30 (slot=0x21bd1bb70 auth=0)
####   IOGPU-CRITICAL _OBJC_IVAR_$_IOGPUMetalTexture._isCompressed = 0x1dd8d2b54 (slot=0x21bd1bb78 auth=0)
####   IOGPU-CRITICAL _OBJC_IVAR_$_IOGPUMetalTexture._mipmapLevelCount = 0x1dd8d2b3c (slot=0x21bd1bb80 auth=0)
####   IOGPU-CRITICAL _OBJC_IVAR_$_IOGPUMetalTexture._numFaces = 0x1dd8d2b8c (slot=0x21bd1bb88 auth=0)
####   IOGPU-CRITICAL _OBJC_IVAR_$_IOGPUMetalTexture._parentTexture = 0x1dd8d2b58 (slot=0x21bd1bb90 auth=0)
####   IOGPU-CRITICAL _OBJC_IVAR_$_IOGPUMetalTexture._pixelFormat = 0x1dd8d2b28 (slot=0x21bd1bb98 auth=0)
####   IOGPU-CRITICAL _OBJC_IVAR_$_IOGPUMetalTexture._sampleCount = 0x1dd8d2b40 (slot=0x21bd1bba0 auth=0)
####   IOGPU-CRITICAL _OBJC_IVAR_$_IOGPUMetalTexture._textureType = 0x1dd8d2b24 (slot=0x21bd1bba8 auth=0)
####   IOGPU-CRITICAL _OBJC_IVAR_$_IOGPUMetalTexture._width = 0x1dd8d2b2c (slot=0x21bd1bbb0 auth=0)
####   sect[7] __AUTH_CONST,__auth_got type=0 entries=230 indirect_start=325 auth=1
####   IOGPU-CRITICAL _IOGPUCommandQueueGetConnect = 0x1a18b5b88 (slot=0x222f67448 auth=1)
####   IOGPU-CRITICAL _IOGPUCommandQueueGetID = 0x1a18b5bd0 (slot=0x222f67450 auth=1)
####   IOGPU-CRITICAL _IOGPUDeviceGetConnect = 0x1a18b4654 (slot=0x222f67458 auth=1)
####   IOGPU-CRITICAL _IOGPUDeviceGetNextGlobalTraceID = 0x1a18b47f0 (slot=0x222f67460 auth=1)
####   IOGPU-CRITICAL _IOGPUDeviceTraceEvent = 0x1a18b48bc (slot=0x222f67468 auth=1)
####   IOGPU-CRITICAL _IOGPUMetalCommandBufferStorageBeginKernelCommands = 0x1a18a4ad8 (slot=0x222f67470 auth=1)
####   IOGPU-CRITICAL _IOGPUMetalCommandBufferStorageEndKernelCommands = 0x1a18a4c2c (slot=0x222f67478 auth=1)
####   IOGPU-CRITICAL _IOGPUResourceListAddResource = 0x1a18b71c8 (slot=0x222f67480 auth=1)
####   IOGPU-CRITICAL _IOGPUResourceListMerge = 0x1a18b7278 (slot=0x222f67488 auth=1)
####   IOGPU-CRITICAL _IOGPUResourceListMergeLists = 0x1a18b7354 (slot=0x222f67490 auth=1)
####   bind[131] _IOSurfaceGetAddressFormatOfPlane -> 0x103199a78 (slot=0x222f674c8 auth=1 FORCE)
####   bind[133] _IOSurfaceGetBaseAddressOfPlane -> 0x103199958 (slot=0x222f674d8 auth=1 FORCE)
####   bind[135] _IOSurfaceGetBytesPerRowOfPlane -> 0x10319941c (slot=0x222f674e8 auth=1 FORCE)
####   bind[136] _IOSurfaceGetBytesPerTileDataOfPlane -> 0x103199510 (slot=0x222f674f0 auth=1 FORCE)
####   bind[141] _IOSurfaceGetCompressionTypeOfPlane -> 0x103199134 (slot=0x222f67518 auth=1 FORCE)
####   bind[142] _IOSurfaceGetHeightInCompressedTilesOfPlane -> 0x103199234 (slot=0x222f67520 auth=1 FORCE)
####   bind[145] _IOSurfaceGetWidthInCompressedTilesOfPlane -> 0x103199328 (slot=0x222f67538 auth=1 FORCE)
####   bind[286] _objc_alloc -> 0x103198dc8 (slot=0x222f679c0 auth=1 FORCE)
####   IOGPU-CRITICAL _objc_autoreleasePoolPop = 0x1847c8a7c (slot=0x222f679d8 auth=1)
####   IOGPU-CRITICAL _objc_autoreleasePoolPush = 0x1847c8934 (slot=0x222f679e0 auth=1)
#### MACWS_GOT AGXMetal13_3: indirect_slots=327 patched=323 failed=0
#### MACWS_AGX_NATIVE __auth_got section NOT FOUND
#### MACWS_AGX_NATIVE __got: 97 entries, 0 null, 97 non-null
#### MACWS_AGX_NATIVE dlopen AGXMetal13_3 OK h=0x3ae2fb950
#### MACWS_AGX_NATIVE +[NSBundle bundleWithPath:AGXMetal13_3.bundle] = 0x600123ae0 id=com.apple.AGXMetal13-3
#### MACWS_AGX_NATIVE bundle loadAndReturnError: 1 (err=nil) loaded=1
#### MACWS_AGX_NATIVE bundle pathForResource:ds.g13g = /System/Library/Extensions/AGXMetal13_3.bundle/Contents/Resources/ds.g13g
#### MACWS_AGX_NATIVE getMetalPluginClassForService: returning class AGXG13GFamilyDevice = 0x2215b20f0
#### CBRI_HOOK: installed (orig=0x1a18a2d84)
#### MACWS-NEW-EVENT adapter installed deviceClass=AGXG13GFamilyDevice owner=IOGPUMetalDevice orig=0x1a18a9ef4 added=1
#### MACWS_AGX_NATIVE class_addMethod(AGXG13GFamilyDevice, initWithAcceleratorPort:) = 1
#### MACWS_AGX_NATIVE memoryless witness installed class=AGXG13GFamilyDevice original=0x1e9eb68a8
#### MACWS_AGX_NATIVE memoryless witness total=1 (original results preserved)
#### MACWS_AGX_NATIVE tile-pipeline probe wrapped AGXG13GFamilyDevice (orig=0x1e9e955e4)
#### MACWS_AGX_NATIVE tile-pipeline probe: 1 class(es) wrapped
#### MACWS_AGX_NATIVE nil-guard wrapped setFragmentTexture:atIndex: on AGXG13GFamilyRenderContext (orig=0x1e9e489e0)
#### MACWS_AGX_NATIVE nil-guard: class AGXG13GRenderContext NOT registered
#### MACWS_AGX_NATIVE nil-guard: class AGXRenderContext NOT registered
#### MACWS_AGX_NATIVE nil-guard: class AGXG13GComputeContext NOT registered
#### MACWS_AGX_NATIVE nil-guard setFragmentTexture:atIndex:: 1 class(es) wrapped
#### MACWS_AGX_NATIVE nil-guard wrapped setVertexTexture:atIndex: on AGXG13GFamilyRenderContext (orig=0x1e9e4f5e8)
#### MACWS_AGX_NATIVE nil-guard: class AGXG13GRenderContext NOT registered
#### MACWS_AGX_NATIVE nil-guard: class AGXRenderContext NOT registered
#### MACWS_AGX_NATIVE nil-guard: class AGXG13GComputeContext NOT registered
#### MACWS_AGX_NATIVE nil-guard setVertexTexture:atIndex:: 1 class(es) wrapped
#### MACWS_AGX_NATIVE swizzled AGXG13GFamilyDevice newTextureWithDescriptor:iosurface:plane:
#### MACWS_AGX_NATIVE swizzled AGXG13GFamilyDevice newTextureWithDescriptor:
#### MACWS_AGX_NATIVE swizzled -[AGXBuffer initWithDevice:bytes:length:options:deallocator:pinnedGPUAddress:]
#### MACWS_AGX_NATIVE noop'd alertCommandBufferActivityStart
#### MACWS_AGX_NATIVE noop'd alertCommandBufferActivityComplete
#### objc_alloc(AGXG13GFamilyDevice) -> 0x6001d2000
#### MACWS_AGX_NATIVE redirecting AGXG13GFamilyDevice init(port=11535) → 2-arg variant
#### debugbydcmmc IOServiceOpen agx connect=13827 type=0x100001 (requested=0x100005)
#### AGXIOC Struct sel=0x7->0x6 inSC=16 outSC=0 -> 0x1
#### AGXIOC Struct sel=0x5->0x4 inSC=0 outSC=32 -> 0x0
#### AGXIOC ASYNC-REGISTER #1 conn=13827 sel=0x107->0x107 wake=14347 ref=0x16cf8d660 refCnt=3 inCnt=0 caller=0x1e9ebb468 image=/System/Library/Extensions/AGXMetal13_3.bundle/Contents/MacOS/AGXMetal13_3 symbol=-[AGXG13GFamilyDevice initWithAcceleratorPort:simultaneousInstances:]
#### AGXIOC ASYNC-REFERENCE registration=1 index=0 value=0 image=(none) symbol=(none) symbolAddress=0x0
#### AGXIOC ASYNC-REFERENCE registration=1 index=1 value=0x1e9ebda08 image=/System/Library/Extensions/AGXMetal13_3.bundle/Contents/MacOS/AGXMetal13_3 symbol=_ZN3AGX6DeviceINS_3G138EncodersENS1_7ClassesENS1_10ObjClassesEE26deviceNotificationCallbackEPviyy symbolAddress=0x1e9ebda08
#### AGXIOC ASYNC-REFERENCE registration=1 index=2 value=0x600250a00 image=(none) symbol=(none) symbolAddress=0x0
#### AGXIOC AsyncScalar sel=0x107->0x107 inCnt=0 -> 0x0
#### AGX_LIFE CREATE id=0x1 type=0 surf=0 bytes=0x10000 kr=0 okC=1 failC=0 okD=0 failD=0 unmatchedD=0 full=0 live=1/0MB [t0=1/0MB t80=0/0MB t82=0/0MB]
#### AGXIOC heap map #1 clientID 0x10000 -> resourceID 0x1 size 0x10000
####   ResCreate OK type=0 clientID=0 +0x30=0 +0x38=0 +0x40=0x10000 +0x58=0 OUT[+0]=0 OUT[+0x08]=0x104dcc000 OUT[+0x10]=0x104c6c0c0 OUT[+0x48]=0x10000
####   inStruct[0..104]:
####     00: 00 00 00 00 00 00 00 00 01 00 01 00 01 00 00 00
####     10: 01 01 00 01 30 84 00 00 00 00 00 00 00 00 00 00
####     20: 00 00 00 00 00 00 00 00 00 00 00 00 00 00 00 00
####     30: 00 00 00 00 00 00 00 00 00 00 00 00 00 00 00 00
####     40: 00 00 01 00 00 00 00 00 00 00 00 00 00 00 00 00
####     50: 00 00 00 38 00 00 00 00 00 00 00 00 00 00 00 00
####     60: 00 00 00 00 00 00 00 00
#### MACWS_AGX_NATIVE setupCompiler:0x30010 fired (Device=0x6001d2000)
#### MACWS_AGX_NATIVE memoryless witness #1 instance=0x6001d2000 class=AGXG13GFamilyDevice original=0x1e9eb68a8 -> YES
#### objc_alloc(AGXG13GFamilyCommandQueue) -> 0x600090f00
#### AGXIOC Method sel=0x8->0x7 inCnt=0 inSC=1032 outSC=16 -> 0x0
#### AGXIOC Method sel=0x11->0xf inCnt=2 inSC=0 outSC=16 -> 0x0
#### AGXIOC Method sel=0x1d->0x19 inCnt=2 inSC=0 outSC=0 -> 0x0
#### AGXIOC Method sel=0x1f->0x1b inCnt=1 inSC=12 outSC=0 -> 0x0
#### objc_alloc(AGXBuffer) -> 0x600211f80
#### AGXIOC type0 exact initFull length: +0x58=0xc00000000 low32=0 -> +0x40=0x180
#### AGX_LIFE CREATE id=0x2 type=0 surf=0 bytes=0x4000 kr=0 okC=2 failC=0 okD=0 failD=0 unmatchedD=0 full=0 live=2/0MB [t0=2/0MB t80=0/0MB t82=0/0MB]
#### AGXIOC heap map #2 clientID 0x4000 -> resourceID 0x2 size 0x180
####   ResCreate OK type=0 clientID=0 +0x30=0x40 +0x38=0 +0x40=0x180 +0x58=0 OUT[+0]=0x1500000000 OUT[+0x08]=0x104ef4000 OUT[+0x10]=0x104c6c180 OUT[+0x48]=0x4000
####   inStruct[0..104]:
####     00: 00 00 00 00 00 00 00 00 01 00 01 00 01 00 00 00
####     10: 01 01 00 01 70 04 00 00 00 00 00 00 00 00 00 00
####     20: 00 00 00 00 00 00 00 00 00 00 00 00 00 00 00 00
####     30: 40 00 00 00 00 00 00 00 00 00 00 00 00 00 00 00
####     40: 80 01 00 00 00 00 00 00 00 00 00 00 00 00 00 00
####     50: 00 00 00 00 00 00 00 00 00 00 00 00 00 00 00 00
####     60: 00 00 00 00 00 00 f0 3f
#### TRACE -[AGXBuffer initFull] self=0x600211f80 dev=0x6001d2000 len=384 align=1→64 opt=0 subDis=0→1 resIn=0x16cf8d778 pin=0x0 -> 0x600211f80
#### TRACE -[AGXBuffer initUntracked] self=0x600211f80 dev=0x6001d2000 len=384 opt=0 -> 0x600211f80
#### objc_alloc(AGXBuffer) -> 0x600215d00
#### AGXIOC type0 exact initFull length: +0x58=0xc00000000 low32=0 -> +0x40=0x180
#### AGX_LIFE CREATE id=0x3 type=0 surf=0 bytes=0x4000 kr=0 okC=3 failC=0 okD=0 failD=0 unmatchedD=0 full=0 live=3/0MB [t0=3/0MB t80=0/0MB t82=0/0MB]
#### AGXIOC heap map #3 clientID 0x4000 -> resourceID 0x3 size 0x180
####   ResCreate OK type=0 clientID=0 +0x30=0x40 +0x38=0 +0x40=0x180 +0x58=0 OUT[+0]=0x1500008000 OUT[+0x08]=0x104ef8000 OUT[+0x10]=0x104c6c240 OUT[+0x48]=0x4000
####   inStruct[0..104]:
####     00: 00 00 00 00 00 00 00 00 01 00 01 00 01 00 00 00
####     10: 01 01 00 01 70 04 00 00 00 00 00 00 00 00 00 00
####     20: 00 00 00 00 00 00 00 00 00 00 00 00 00 00 00 00
####     30: 40 00 00 00 00 00 00 00 00 00 00 00 00 00 00 00
####     40: 80 01 00 00 00 00 00 00 00 00 00 00 00 00 00 00
####     50: 00 00 00 00 00 00 00 00 00 00 00 00 00 00 00 00
####     60: 00 00 00 00 00 00 00 00
#### TRACE -[AGXBuffer initFull] self=0x600215d00 dev=0x6001d2000 len=384 align=1→64 opt=0 subDis=0→1 resIn=0x16cf8d778 pin=0x0 -> 0x600215d00
#### TRACE -[AGXBuffer initUntracked] self=0x600215d00 dev=0x6001d2000 len=384 opt=0 -> 0x600215d00
#### objc_alloc(AGXBuffer) -> 0x600215b80
#### AGXIOC type0 exact initFull length: +0x58=0xc00000000 low32=0 -> +0x40=0x40
#### AGX_LIFE CREATE id=0x4 type=0 surf=0 bytes=0x4000 kr=0 okC=4 failC=0 okD=0 failD=0 unmatchedD=0 full=0 live=4/0MB [t0=4/0MB t80=0/0MB t82=0/0MB]
#### AGXIOC heap map #4 clientID 0x4000 -> resourceID 0x4 size 0x40
####   ResCreate OK type=0 clientID=0 +0x30=0x40 +0x38=0 +0x40=0x40 +0x58=0 OUT[+0]=0x1500010000 OUT[+0x08]=0x104efc000 OUT[+0x10]=0x104c6c300 OUT[+0x48]=0x4000
####   inStruct[0..104]:
####     00: 00 00 00 00 00 00 00 00 01 00 01 00 01 00 00 00
####     10: 01 01 00 01 70 04 00 00 00 00 00 00 00 00 00 00
####     20: 00 00 00 00 00 00 00 00 00 00 00 00 00 00 00 00
####     30: 40 00 00 00 00 00 00 00 00 00 00 00 00 00 00 00
####     40: 40 00 00 00 00 00 00 00 00 00 00 00 00 00 00 00
####     50: 00 00 00 00 00 00 00 00 00 00 00 00 00 00 00 00
####     60: 7c 84 a0 84 01 00 79 2f
#### TRACE -[AGXBuffer initFull] self=0x600215b80 dev=0x6001d2000 len=64 align=1→64 opt=0 subDis=0→1 resIn=0x16cf8d778 pin=0x0 -> 0x600215b80
#### TRACE -[AGXBuffer initUntracked] self=0x600215b80 dev=0x6001d2000 len=64 opt=0 -> 0x600215b80
#### objc_alloc(AGXBuffer) -> 0x600213c00
#### AGXIOC type0 exact initFull length: +0x58=0xc00000000 low32=0 -> +0x40=0x2000
#### AGX_LIFE CREATE id=0x5 type=0 surf=0 bytes=0x4000 kr=0 okC=5 failC=0 okD=0 failD=0 unmatchedD=0 full=0 live=5/0MB [t0=5/0MB t80=0/0MB t82=0/0MB]
#### AGXIOC heap map #5 clientID 0x4000 -> resourceID 0x5 size 0x2000
####   ResCreate OK type=0 clientID=0 +0x30=0x40 +0x38=0 +0x40=0x2000 +0x58=0 OUT[+0]=0x1500018000 OUT[+0x08]=0x104f00000 OUT[+0x10]=0x104c6c3c0 OUT[+0x48]=0x4000
####   inStruct[0..104]:
####     00: 00 00 00 00 00 00 00 00 01 00 01 00 01 00 00 00
####     10: 01 01 00 01 70 04 00 00 00 00 00 00 00 00 00 00
####     20: 00 00 00 00 00 00 00 00 00 00 00 00 00 00 00 00
####     30: 40 00 00 00 00 00 00 00 00 00 00 00 00 00 00 00
####     40: 00 20 00 00 00 00 00 00 00 00 00 00 00 00 00 00
####     50: 00 00 00 00 00 00 00 00 00 00 00 00 00 00 00 00
####     60: 7c 84 a0 84 01 00 6b 0e
#### TRACE -[AGXBuffer initFull] self=0x600213c00 dev=0x6001d2000 len=8192 align=1→64 opt=0 subDis=0→1 resIn=0x16cf8d7c8 pin=0x0 -> 0x600213c00
#### TRACE -[AGXBuffer initUntracked] self=0x600213c00 dev=0x6001d2000 len=8192 opt=0 -> 0x600213c00
#### AGXIOC type0 exact initFull length: +0x58=0xc00000000 low32=0 -> +0x40=0x80
#### AGX_LIFE CREATE id=0x6 type=0 surf=0 bytes=0x4000 kr=0 okC=6 failC=0 okD=0 failD=0 unmatchedD=0 full=0 live=6/0MB [t0=6/0MB t80=0/0MB t82=0/0MB]
#### AGXIOC heap map #6 clientID 0x4000 -> resourceID 0x6 size 0x80
####   ResCreate OK type=0 clientID=0 +0x30=0x40 +0x38=0 +0x40=0x80 +0x58=0 OUT[+0]=0x1500020000 OUT[+0x08]=0x104f04000 OUT[+0x10]=0x104c6c480 OUT[+0x48]=0x4000
####   inStruct[0..104]:
####     00: 00 00 00 00 00 00 00 00 01 00 01 00 01 00 00 00
####     10: 01 01 00 01 70 04 00 00 00 00 00 00 00 00 00 00
####     20: 00 00 00 00 00 00 00 00 00 00 00 00 00 00 00 00
####     30: 40 00 00 00 00 00 00 00 00 00 00 00 00 00 00 00
####     40: 80 00 00 00 00 00 00 00 00 00 00 00 00 00 00 00
####     50: 00 00 00 00 00 00 00 00 00 00 00 00 00 00 00 00
####     60: 01 00 00 00 00 00 00 00
#### TRACE -[AGXBuffer initFull] self=0x600213a80 dev=0x6001d2000 len=128 align=1→64 opt=0 subDis=0→1 resIn=0x16cf8d7b8 pin=0x0 -> 0x600213a80
#### TRACE -[AGXBuffer initUntracked] self=0x600213a80 dev=0x6001d2000 len=128 opt=0 -> 0x600213a80
#### AGXIOC type0 exact initFull length: +0x58=0xc00000000 low32=0 -> +0x40=0x100
#### AGX_LIFE CREATE id=0x7 type=0 surf=0 bytes=0x4000 kr=0 okC=7 failC=0 okD=0 failD=0 unmatchedD=0 full=0 live=7/0MB [t0=7/0MB t80=0/0MB t82=0/0MB]
#### AGXIOC heap map #7 clientID 0x4000 -> resourceID 0x7 size 0x100
####   ResCreate OK type=0 clientID=0 +0x30=0x40 +0x38=0 +0x40=0x100 +0x58=0 OUT[+0]=0x1500028000 OUT[+0x08]=0x104f08000 OUT[+0x10]=0x104c6c540 OUT[+0x48]=0x4000
####   inStruct[0..104]:
####     00: 00 00 00 00 00 00 00 00 01 00 01 00 01 00 00 00
####     10: 01 01 00 01 70 04 00 00 00 00 00 00 00 00 00 00
####     20: 00 00 00 00 00 00 00 00 00 00 00 00 00 00 00 00
####     30: 40 00 00 00 00 00 00 00 00 00 00 00 00 00 00 00
####     40: 00 01 00 00 00 00 00 00 00 00 00 00 00 00 00 00
####     50: 00 00 00 00 00 00 00 00 00 00 00 00 00 00 00 00
####     60: 01 00 00 00 00 00 00 00
#### TRACE -[AGXBuffer initFull] self=0x600213900 dev=0x6001d2000 len=256 align=1→64 opt=0 subDis=0→1 resIn=0x16cf8d7b8 pin=0x0 -> 0x600213900
#### TRACE -[AGXBuffer initUntracked] self=0x600213900 dev=0x6001d2000 len=256 opt=0 -> 0x600213900
#### AGXIOC type0 exact initFull length: +0x58=0xc00000000 low32=0 -> +0x40=0x100
#### AGX_LIFE CREATE id=0x8 type=0 surf=0 bytes=0x4000 kr=0 okC=8 failC=0 okD=0 failD=0 unmatchedD=0 full=0 live=8/0MB [t0=8/0MB t80=0/0MB t82=0/0MB]
#### AGXIOC heap map #8 clientID 0x4000 -> resourceID 0x8 size 0x100
####   ResCreate OK type=0 clientID=0 +0x30=0x40 +0x38=0 +0x40=0x100 +0x58=0 OUT[+0]=0x1500030000 OUT[+0x08]=0x104f0c000 OUT[+0x10]=0x104c6c600 OUT[+0x48]=0x4000
####   inStruct[0..104]:
####     00: 00 00 00 00 00 00 00 00 01 00 01 00 01 00 00 00
####     10: 01 01 00 01 70 04 00 00 00 00 00 00 00 00 00 00
####     20: 00 00 00 00 00 00 00 00 00 00 00 00 00 00 00 00
####     30: 40 00 00 00 00 00 00 00 00 00 00 00 00 00 00 00
####     40: 00 01 00 00 00 00 00 00 00 00 00 00 00 00 00 00
####     50: 00 00 00 00 00 00 00 00 00 00 00 00 00 00 00 00
####     60: 01 00 00 00 00 00 00 00
#### TRACE -[AGXBuffer initFull] self=0x600213780 dev=0x6001d2000 len=256 align=1→64 opt=0 subDis=0→1 resIn=0x16cf8d7b8 pin=0x0 -> 0x600213780
#### TRACE -[AGXBuffer initUntracked] self=0x600213780 dev=0x6001d2000 len=256 opt=0 -> 0x600213780
#### AGXIOC type0 exact initFull length: +0x58=0xc00000000 low32=0 -> +0x40=0x100
#### AGX_LIFE CREATE id=0x9 type=0 surf=0 bytes=0x4000 kr=0 okC=9 failC=0 okD=0 failD=0 unmatchedD=0 full=0 live=9/0MB [t0=9/0MB t80=0/0MB t82=0/0MB]
#### AGXIOC heap map #9 clientID 0x4000 -> resourceID 0x9 size 0x100
####   ResCreate OK type=0 clientID=0 +0x30=0x40 +0x38=0 +0x40=0x100 +0x58=0 OUT[+0]=0x1500038000 OUT[+0x08]=0x104f10000 OUT[+0x10]=0x104c6c6c0 OUT[+0x48]=0x4000
####   inStruct[0..104]:
####     00: 00 00 00 00 00 00 00 00 01 00 01 00 01 00 00 00
####     10: 01 01 00 01 70 04 00 00 00 00 00 00 00 00 00 00
####     20: 00 00 00 00 00 00 00 00 00 00 00 00 00 00 00 00
####     30: 40 00 00 00 00 00 00 00 00 00 00 00 00 00 00 00
####     40: 00 01 00 00 00 00 00 00 00 00 00 00 00 00 00 00
####     50: 00 00 00 00 00 00 00 00 00 00 00 00 00 00 00 00
####     60: 01 00 00 00 00 00 00 00
#### TRACE -[AGXBuffer initFull] self=0x600214200 dev=0x6001d2000 len=256 align=1→64 opt=0 subDis=0→1 resIn=0x16cf8d7b8 pin=0x0 -> 0x600214200
#### TRACE -[AGXBuffer initUntracked] self=0x600214200 dev=0x6001d2000 len=256 opt=0 -> 0x600214200
#### AGX_LIFE CREATE id=0xa type=0 surf=0 bytes=0x10000 kr=0 okC=10 failC=0 okD=0 failD=0 unmatchedD=0 full=0 live=10/0MB [t0=10/0MB t80=0/0MB t82=0/0MB]
#### AGXIOC heap map #10 clientID 0x10000 -> resourceID 0xa size 0x10000
####   ResCreate OK type=0 clientID=0 +0x30=0 +0x38=0 +0x40=0x10000 +0x58=0 OUT[+0]=0x1500040000 OUT[+0x08]=0x104f14000 OUT[+0x10]=0x104c6c780 OUT[+0x48]=0x10000
####   inStruct[0..104]:
####     00: 00 00 00 00 00 00 00 00 01 00 01 00 01 00 00 00
####     10: 01 01 00 01 30 04 00 00 00 00 00 00 00 00 00 00
####     20: 00 00 00 00 00 00 00 00 00 00 00 00 00 00 00 00
####     30: 00 00 00 00 00 00 00 00 00 00 00 00 00 00 00 00
####     40: 00 00 01 00 00 00 00 00 00 00 00 00 00 00 00 00
####     50: 00 00 00 08 00 00 00 00 00 00 00 00 00 00 00 00
####     60: 00 00 00 00 00 00 00 00
#### AGXIOC type0 exact initFull length: +0x58=0xc00000000 low32=0 -> +0x40=0x2000
#### AGX_LIFE CREATE id=0xb type=0 surf=0 bytes=0x4000 kr=0 okC=11 failC=0 okD=0 failD=0 unmatchedD=0 full=0 live=11/0MB [t0=11/0MB t80=0/0MB t82=0/0MB]
#### AGXIOC heap map #11 clientID 0x4000 -> resourceID 0xb size 0x2000
####   ResCreate OK type=0 clientID=0 +0x30=0x40 +0x38=0 +0x40=0x2000 +0x58=0 OUT[+0]=0x1500058000 OUT[+0x08]=0x104f24000 OUT[+0x10]=0x104c6c840 OUT[+0x48]=0x4000
####   inStruct[0..104]:
####     00: 00 00 00 00 00 00 00 00 01 00 01 00 01 00 00 00
####     10: 01 01 00 01 70 04 00 00 00 00 00 00 00 00 00 00
####     20: 00 00 00 00 00 00 00 00 00 00 00 00 00 00 00 00
####     30: 40 00 00 00 00 00 00 00 00 00 00 00 00 00 00 00
####     40: 00 20 00 00 00 00 00 00 00 00 00 00 00 00 00 00
####     50: 00 00 00 00 00 00 00 00 00 00 00 00 00 00 00 00
####     60: cc 2e 3a dc 65 17 f8 ac
#### TRACE -[AGXBuffer initFull] self=0x600214080 dev=0x6001d2000 len=8192 align=1→64 opt=0 subDis=0→1 resIn=0x16cf8d518 pin=0x0 -> 0x600214080
#### TRACE -[AGXBuffer initUntracked] self=0x600214080 dev=0x6001d2000 len=8192 opt=0 -> 0x600214080
#### AGXIOC type0 exact initFull length: +0x58=0xc00000000 low32=0 -> +0x40=0x80
#### AGXIOC sel=0x9 type=0 args+0x14=0x2470 → 0x470 (stripped macOS-only bits 0x2800)
#### AGX_LIFE CREATE id=0xc type=0 surf=0 bytes=0x4000 kr=0 okC=12 failC=0 okD=0 failD=0 unmatchedD=0 full=0 live=12/0MB [t0=12/0MB t80=0/0MB t82=0/0MB]
#### AGXIOC heap map #12 clientID 0x4000 -> resourceID 0xc size 0x80
####   ResCreate OK type=0 clientID=0 +0x30=0x40 +0x38=0 +0x40=0x80 +0x58=0 OUT[+0]=0x1500060000 OUT[+0x08]=0x104f28000 OUT[+0x10]=0x104c6c900 OUT[+0x48]=0x4000
####   inStruct[0..104]:
####     00: 00 00 00 00 00 00 00 00 01 00 01 00 01 00 00 00
####     10: 01 01 00 01 70 04 00 00 00 00 00 00 00 00 00 00
####     20: 00 00 00 00 00 00 00 00 00 00 00 00 00 00 00 00
####     30: 40 00 00 00 00 00 00 00 00 00 00 00 00 00 00 00
####     40: 80 00 00 00 00 00 00 00 00 00 00 00 00 00 00 00
####     50: 00 00 00 00 00 00 00 00 00 00 00 00 00 00 00 00
####     60: 00 00 00 00 00 00 00 00
#### TRACE -[AGXBuffer initFull] self=0x600215100 dev=0x6001d2000 len=128 align=1→64 opt=32 subDis=0→1 resIn=0x16cf8d7f8 pin=0x0 -> 0x600215100
#### TRACE -[AGXBuffer initUntracked] self=0x600215100 dev=0x6001d2000 len=128 opt=32 -> 0x600215100
#### tile-encoder forwards: class MTLSimRenderCommandEncoder NOT found
#### IOGPU-CALLBACK-DIAG installed queueClass=0x1dfd488d0 method=0x0 orig=0x0 bufferClass=0x1dfd48830 method=0x1a18bf9a5 orig=0x1a18a2be8 errorMethod=0x18e0fbe01 errorOrig=0x18dfcddcc (file-gated)
#### NSXPCSharedListener class=0x1e00c3bd8
#### NSXPCSharedListener endpointForReply swizzle installed
#### NSXPCSharedListener connectToService swizzle installed
#### MACWS_AGX_NATIVE memoryless witness #2 instance=0x6001d2000 class=AGXG13GFamilyDevice original=0x1e9eb68a8 -> YES
#### AGXIOC RAW DUMP sel=0x9 type=0x82 inStructCnt=104 (PRE-patch):
    +0000: 82 00 00 00 00 00 00 00 10 00 10 00 01 00 00 00
    +0x10: 01 01 00 10 30 04 00 00 00 00 00 00 00 00 00 00
    +0x20: 00 00 00 00 00 00 00 00 00 00 00 00 00 00 00 00
    +0x30: 00 00 00 00 00 00 00 00 15 00 00 00 00 00 00 00
    +0x40: 00 00 00 00 00 00 00 00 00 00 00 00 00 00 00 00
    +0x50: 00 00 00 00 00 00 00 00 00 8f 88 80 01 00 00 00
    +0x60: 00 00 00 00 00 00 00 00
####   key fields: +0x14=0x430 +0x15(byte)=0x4 +0x30=0 +0x34=0 +0x38=0x15 +0x40=0 +0x48=0 +0x58=0x180888f00
#### AGXIOC type=0x82 patch #1: f14=0x430 +0x30 0→0x15 +0x38 0x15→0 +0x40 0→0 +0x50 0→0x180888f00 +0x58 0x180888f00→0
#### AGX_LIFE CREATE id=0xd type=0x82 surf=0x15 bytes=0x4000 kr=0 okC=13 failC=0 okD=0 failD=0 unmatchedD=0 full=0 live=13/0MB [t0=12/0MB t80=0/0MB t82=1/0MB]
#### AGX_LIFE type82 CREATE stack #1 resourceID=0xd surf=0x15 (16 frames):
0   libmachook_arm64.dylib              0x00000001031a1810 IOConnectCallMethod_new + 20336
1   IOGPU                               0x00000001a18b618c IOGPUResourceCreate + 236
2   IOGPU                               0x00000001a18b0138 -[IOGPUMetalResource initWithDevice:remoteStorageResource:options:args:argsSize:] + 460
3   libmachook_arm64.dylib              0x000000010319535c __loadImageCallback_block_invoke_20 + 96
4   IOGPU                               0x00000001a18b25ec -[IOGPUMetalTexture initWithDevice:descriptor:iosurface:plane:field:args:argsSize:] + 824
5   AGXMetal13_3                        0x00000001ea1baf38 -[AGXTexture initWithDevice:desc:iosurface:plane:] + 288
6   libmachook_arm64.dylib              0x00000001031bd8b8 -[MTLFakeDevice hooked_newTextureWithDescriptor:] + 3400
7   libGLESv2.dylib                     0x000000010c6d3714 glStartTilingQCOM + 2731796
8   libGLESv2.dylib                     0x000000010c6e6b48 glStartTilingQCOM + 2810696
9   libGLESv2.dylib                     0x000000010c6e5e40 glStartTilingQCOM + 2807360
10  libGLESv2.dylib                     0x000000010c6e5ccc glStartTilingQCOM + 2806988
11  libGLESv2.dylib                     0x000000010c6bd648 glStartTilingQCOM + 2641480
12  libGLESv2.dylib                     0x000000010c6bdff4 glStartTilingQCOM + 2643956
13  libGLESv2.dylib                     0x000000010c5a8f58 glStartTilingQCOM + 1509208
14  libGLESv2.dylib                     0x000000010c53f480 glStartTilingQCOM + 1076352
15  libGLESv2.dylib                     0x000000010c413a88 GL_TexImage2D + 144
####   ResCreate OK type=0x82 clientID=0 +0x30=0x15 +0x38=0 +0x40=0 +0x58=0 OUT[+0]=0x1500068000 OUT[+0x08]=0 OUT[+0x10]=0x104c6c9c0 OUT[+0x48]=0x4000
####   inStruct[0..104]:
####     00: 82 00 00 00 00 00 00 00 10 00 10 00 01 00 00 00
####     10: 01 01 00 10 30 04 00 00 00 00 00 00 00 00 00 00
####     20: 00 00 00 00 00 00 00 00 00 00 00 00 00 00 00 00
####     30: 15 00 00 00 00 00 00 00 00 00 00 00 00 00 00 00
####     40: 00 00 00 00 00 00 00 00 00 00 00 00 00 00 00 00
####     50: 00 8f 88 80 01 00 00 00 00 00 00 00 00 00 00 00
####     60: 00 00 00 00 00 00 00 00
#### MTL_TEX LEASE-NEW #1 key=16x16-pf125-bpe16-fcc1380410945 entry=0x600922a90 surf=0x6000396e0 tex=0x6001b9d80 retain=2 baseline=1 bpr=256 alloc=16KB shapeEntries=1 pool=0MB map=LINEAR
#### AGX_MAP_AUDIT: _impl ivar offset = 0x208
#### AGX_MAP_AUDIT #0 tex=0x6001b9d80 impl=0x6001ba000 iosurface(arg=0x6000396e0 bound=0x6000396e0) plane=0 cpu130=0x104f64000 gpu40=0x1500068000 descriptorOff=0x190 descriptorLayout=0 compressed=0 extended=0 match=1
#### MACWS_AGX_NATIVE memoryless witness #3 instance=0x6001d2000 class=AGXG13GFamilyDevice original=0x1e9eb68a8 -> YES
#### AGXIOC type=0x82 patch #2: f14=0x430 +0x30 0→0x16 +0x38 0x16→0 +0x40 0→0 +0x50 0→0x180888f00 +0x58 0x180888f00→0
#### AGX_LIFE CREATE id=0xe type=0x82 surf=0x16 bytes=0x4000 kr=0 okC=14 failC=0 okD=0 failD=0 unmatchedD=0 full=0 live=14/0MB [t0=12/0MB t80=0/0MB t82=2/0MB]
#### AGX_LIFE type82 CREATE stack #2 resourceID=0xe surf=0x16 (16 frames):
0   libmachook_arm64.dylib              0x00000001031a1810 IOConnectCallMethod_new + 20336
1   IOGPU                               0x00000001a18b618c IOGPUResourceCreate + 236
2   IOGPU                               0x00000001a18b0138 -[IOGPUMetalResource initWithDevice:remoteStorageResource:options:args:argsSize:] + 460
3   libmachook_arm64.dylib              0x000000010319535c __loadImageCallback_block_invoke_20 + 96
4   IOGPU                               0x00000001a18b25ec -[IOGPUMetalTexture initWithDevice:descriptor:iosurface:plane:field:args:argsSize:] + 824
5   AGXMetal13_3                        0x00000001ea1baf38 -[AGXTexture initWithDevice:desc:iosurface:plane:] + 288
6   libmachook_arm64.dylib              0x00000001031bd8b8 -[MTLFakeDevice hooked_newTextureWithDescriptor:] + 3400
7   libGLESv2.dylib                     0x000000010c6d3714 glStartTilingQCOM + 2731796
8   libGLESv2.dylib                     0x000000010c6e6b48 glStartTilingQCOM + 2810696
9   libGLESv2.dylib                     0x000000010c6e5e40 glStartTilingQCOM + 2807360
10  libGLESv2.dylib                     0x000000010c6e5ccc glStartTilingQCOM + 2806988
11  libGLESv2.dylib                     0x000000010c6bd648 glStartTilingQCOM + 2641480
12  libGLESv2.dylib                     0x000000010c6bdff4 glStartTilingQCOM + 2643956
13  libGLESv2.dylib                     0x000000010c5a8f58 glStartTilingQCOM + 1509208
14  libGLESv2.dylib                     0x000000010c53f480 glStartTilingQCOM + 1076352
15  libGLESv2.dylib                     0x000000010c413a88 GL_TexImage2D + 144
####   ResCreate OK type=0x82 clientID=0 +0x30=0x16 +0x38=0 +0x40=0 +0x58=0 OUT[+0]=0x1500070000 OUT[+0x08]=0 OUT[+0x10]=0x104c6ca80 OUT[+0x48]=0x4000
####   inStruct[0..104]:
####     00: 82 00 00 00 00 00 00 00 10 00 10 00 01 00 00 00
####     10: 01 01 00 10 30 04 00 00 00 00 00 00 00 00 00 00
####     20: 00 00 00 00 00 00 00 00 00 00 00 00 00 00 00 00
####     30: 16 00 00 00 00 00 00 00 00 00 00 00 00 00 00 00
####     40: 00 00 00 00 00 00 00 00 00 00 00 00 00 00 00 00
####     50: 00 8f 88 80 01 00 00 00 00 00 00 00 00 00 00 00
####     60: 00 00 00 00 00 00 00 00
#### MTL_TEX LEASE-NEW #2 key=16x16-pf125-bpe16-fcc1380410945 entry=0x600922f40 surf=0x600039660 tex=0x6001ba500 retain=2 baseline=1 bpr=256 alloc=16KB shapeEntries=2 pool=0MB map=LINEAR
#### AGX_MAP_AUDIT #1 tex=0x6001ba500 impl=0x6001ba280 iosurface(arg=0x600039660 bound=0x600039660) plane=0 cpu130=0x104f68000 gpu40=0x1500070000 descriptorOff=0x190 descriptorLayout=0 compressed=0 extended=0 match=1
#### AGXIOC Method sel=0xf->0xd inCnt=2 inSC=0 outSC=16 -> 0x0
#### AGXIOC Method sel=0xf->0xd inCnt=2 inSC=0 outSC=16 -> 0x0
#### AGXIOC Struct sel=0x6->0x5 inSC=0 outSC=16 -> 0x0
#### JIT-MPROTECT flip #3072 ranges=1 prot=RX writers=1 exec_waits=1113 late_retries=18
[90m[main 2026-07-29T21:52:55.908Z][0m StorageMainService: creating application shared storage
#### JIT-MPROTECT flip #4096 ranges=1 prot=RX writers=1 exec_waits=1492 late_retries=23
[90m[main 2026-07-29T21:52:56.198Z][0m [shared storage] Creating shared storage database at '/Users/root/.vscode-shared/sharedStorage/state.vscdb' (wasCreated: false)
[90m[main 2026-07-29T21:52:56.200Z][0m [shared storage] Initializing fallback application storage (path: /tmp/macws-vscode-profile-agx-native-targetfix12/User/globalStorage/state.vscdb)
[90m[main 2026-07-29T21:52:56.269Z][0m [shared storage] Fallback application storage initialized with 79 items
[90m[main 2026-07-29T21:52:56.273Z][0m update#setState disabled
[90m[main 2026-07-29T21:52:56.273Z][0m update#ctor - updates are disabled by the environment
#### MACWS_HID_BYPASS installed SetMatchingMultiple → no-op (1) at 0x187cede8c — skips iOS-format CFBinaryPlist parse inside
####   IOHIDEventSystemClientCacheMatchingServices → IOHIDUnserializeAndVMDealloc → CFPropertyListCreateFromStream
####   that BUS_ADRALNs in the IOMFBServer thread.
#### MACWS_AGX_RENAMER_PATCH: off (set MACWS_AGX_RENAMER_PATCH=1 to enable)
#### MACWS_ASSERT_BYPASS DISABLED (set MACWS_KEEP_ASSERT_BYPASS=1 to restore lazy bypass) — real __assert_rtn now reaches abort
#### MACWS_AGX_NATIVE [ctor] pre-loaded IOGPU via /System/Library/PrivateFrameworks/IOGPU.framework/IOGPU -> 0x3ae29cc10
#### XPC_BOOTSTRAP: fn=0x1848a5140 dict=0x12600ae40 (registering Metal/ViewBridge/HIServices)
#### XPC_BOOTSTRAP: called OK
#### COEXIST API SwapEnd hook installed target=0x18f7831cc trampoline=0x104ffc000
#### SkyLight PrepareForUse tolerate-nil hook installed at 0x189b64fc4
#### SkyLight StartCompositeForDisplayStream nil-skip hook installed at 0x18998dd74
#### SkyLight StartComposite(WSCD) tolerate-nil + pop-on-bail hook installed at 0x18998d358
#### SkyLight StartComposite(MTLTex) pop-on-bail hook installed at 0x18998dfb8
#### SkyLight EndCurrentComposite(bool) completion hook installed at 0x18998c53c
#### SkyLight EndUpdate(bool) submission hook installed at 0x18998c0b0
#### SkyLight _state_stack pop_back resolved at 0x18998afa0
#### SkyLight WSCompositeDestinationCreateWithMetalTexture nil-tolerate hook installed at 0x18999053c
#### SkyLight MetalContext::StopCapture invalid-this guard installed at 0x18998c1bc
#### MACWS_AGX_NATIVE class_addMethod(MTLTextureDescriptor, validateWithDevice:) = 1
#### MACWS_AGX_NATIVE class_addMethod(IOGPUMetalTexture, isMemoryless) = 1
#### MACWS_AGX_NATIVE class_addMethod(IOGPUMetalTexture, getCPUSizeBytes) = 1
#### MACWS_AGX_NATIVE class_addMethod(IOGPUMetalTexture, getAlignment) = 1
#### MACWS_AGX_NATIVE class_addMethod(IOGPUMetalTexture, descriptorPrivate) = 1
#### MACWS_AGX_NATIVE class_addMethod(IOGPUMetalTexture, getBytesPerRow) = 1
#### MACWS_AGX_NATIVE class_addMethod(IOGPUMetalTexture, updateBindDataWithAddresses:gpuVirtualAddress:) = 1
#### MACWS_AGX_NATIVE class_addMethod(IOGPUMetalTexture, updateBindDataWithAddresses:gpuVirtualAddress:shouldInitMetadata:) = 1
#### MACWS_AGX_NATIVE class_addMethod(IOGPUMetalTexture, allocBufferSubDataWithLength:options:alignment:heapIndex:bufferIndex:bufferOffset:) = 1
#### MACWS_AGX_NATIVE class_addMethod(IOGPUMetalTexture, initNewTextureData:) = 1
#### MACWS_AGX_NATIVE class_addMethod(MTLTextureDescriptor, isMemoryless) = 1
#### MACWS_AGX_NATIVE class_addMethod(MTLTextureDescriptor, protectionOptions) = 1
#### MACWS_AGX_NATIVE class_addMethod(MTLTextureDescriptor, getCPUSizeBytes) = 1
#### MACWS_AGX_NATIVE class_addMethod(MTLTextureDescriptor, getAlignment) = 1
#### MACWS_AGX_NATIVE class_addMethod(MTLTextureDescriptor, descriptorPrivate) = 1
#### MACWS_AGX_NATIVE class_addMethod(MTLTextureDescriptor, getBytesPerRow) = 1
#### MACWS_AGX_NATIVE class_addMethod(MTLTextureDescriptor, updateBindDataWithAddresses:gpuVirtualAddress:) = 1
#### MACWS_AGX_NATIVE class_addMethod(MTLTextureDescriptor, updateBindDataWithAddresses:gpuVirtualAddress:shouldInitMetadata:) = 1
#### MACWS_AGX_NATIVE class_addMethod(MTLTextureDescriptor, allocBufferSubDataWithLength:options:alignment:heapIndex:bufferIndex:bufferOffset:) = 1
#### MACWS_AGX_NATIVE class_addMethod(MTLTextureDescriptor, initNewTextureData:) = 1
#### AMFI-POLICY-COMPAT policy=AMFI op=0x60 status=0x4 (iOS task ports are hard-immovable)
#### CSR-POLICY-COMPAT active_config=0x0 (conservative iOS compatibility value)
[74096:0729/145256.587564:ERROR:base/process/process_mac.cc:53] task_policy_set TASK_CATEGORY_POLICY: (os/kern) invalid argument (4)
2026-07-29 14:52:56.592 Code Helper (Renderer)[74096:12308034] XType: Using static font registry.
#### JIT-MPROTECT range[0]=[0x280000000,0x290000000) source=MAP_JIT-EINVAL
#### JIT-MPROTECT execution barrier installed (W^X fetch-wait compatibility)
#### JIT-MPROTECT range[0]=[0x280000000,0x290000000) source=MAP_JIT-EINVAL
#### JIT-MPROTECT range[0]=[0x280000000,0x290000000) source=MAP_JIT-EINVAL
#### JIT-MPROTECT range[0]=[0x280000000,0x290000000) source=MAP_JIT-EINVAL
#### JIT-MPROTECT range[0]=[0x280000000,0x290000000) source=MAP_JIT-EINVAL
#### JIT-MPROTECT range[0]=[0x280000000,0x290000000) source=MAP_JIT-EINVAL
#### JIT-MPROTECT range[0]=[0x280000000,0x290000000) source=MAP_JIT-EINVAL
#### JIT-MPROTECT range[0]=[0x280000000,0x290000000) source=MAP_JIT-EINVAL
#### JIT-MPROTECT range[0]=[0x170000000,0x180000000) source=MAP_JIT-EINVAL
#### JIT-MPROTECT remap decline #1 dst=0x177dc0000 size=0x208000 src=0x114368000 requested=0x5 -> V8 copy fallback
#### JIT-MPROTECT flip #1 ranges=1 prot=RW writers=1 exec_waits=0 late_retries=0
#### JIT-MPROTECT flip #2 ranges=1 prot=RX writers=1 exec_waits=0 late_retries=0
#### JIT-MPROTECT flip #3 ranges=1 prot=RW writers=1 exec_waits=0 late_retries=0
#### JIT-MPROTECT flip #4 ranges=1 prot=RX writers=1 exec_waits=0 late_retries=0
#### JIT-MPROTECT flip #5 ranges=1 prot=RW writers=1 exec_waits=0 late_retries=0
#### JIT-MPROTECT flip #6 ranges=1 prot=RX writers=1 exec_waits=0 late_retries=0
#### JIT-MPROTECT flip #7 ranges=1 prot=RW writers=1 exec_waits=0 late_retries=0
#### JIT-MPROTECT flip #8 ranges=1 prot=RX writers=1 exec_waits=0 late_retries=0
#### JIT-MPROTECT flip #9 ranges=1 prot=RW writers=1 exec_waits=0 late_retries=0
#### JIT-MPROTECT flip #10 ranges=1 prot=RX writers=1 exec_waits=0 late_retries=0
#### JIT-MPROTECT flip #11 ranges=1 prot=RW writers=1 exec_waits=0 late_retries=0
#### JIT-MPROTECT flip #12 ranges=1 prot=RX writers=1 exec_waits=0 late_retries=0
#### JIT-MPROTECT flip #13 ranges=1 prot=RW writers=1 exec_waits=0 late_retries=0
#### JIT-MPROTECT flip #14 ranges=1 prot=RX writers=1 exec_waits=0 late_retries=0
#### JIT-MPROTECT flip #15 ranges=1 prot=RW writers=1 exec_waits=0 late_retries=0
#### JIT-MPROTECT flip #16 ranges=1 prot=RX writers=1 exec_waits=0 late_retries=0
#### JIT-MPROTECT flip #17 ranges=1 prot=RW writers=1 exec_waits=0 late_retries=0
#### JIT-MPROTECT flip #18 ranges=1 prot=RX writers=1 exec_waits=0 late_retries=0
#### JIT-MPROTECT flip #19 ranges=1 prot=RW writers=1 exec_waits=0 late_retries=0
#### JIT-MPROTECT flip #20 ranges=1 prot=RX writers=1 exec_waits=0 late_retries=0
#### JIT-MPROTECT flip #21 ranges=1 prot=RW writers=1 exec_waits=0 late_retries=0
#### JIT-MPROTECT flip #22 ranges=1 prot=RX writers=1 exec_waits=0 late_retries=0
#### JIT-MPROTECT flip #23 ranges=1 prot=RW writers=1 exec_waits=0 late_retries=0
#### JIT-MPROTECT flip #24 ranges=1 prot=RX writers=1 exec_waits=0 late_retries=0
#### JIT-MPROTECT flip #25 ranges=1 prot=RW writers=1 exec_waits=0 late_retries=0
#### JIT-MPROTECT flip #26 ranges=1 prot=RX writers=1 exec_waits=0 late_retries=0
#### JIT-MPROTECT flip #27 ranges=1 prot=RW writers=1 exec_waits=0 late_retries=0
#### JIT-MPROTECT flip #28 ranges=1 prot=RX writers=1 exec_waits=0 late_retries=0
#### JIT-MPROTECT flip #29 ranges=1 prot=RW writers=1 exec_waits=0 late_retries=0
#### JIT-MPROTECT flip #30 ranges=1 prot=RX writers=1 exec_waits=0 late_retries=0
#### JIT-MPROTECT flip #31 ranges=1 prot=RW writers=1 exec_waits=0 late_retries=0
#### JIT-MPROTECT flip #32 ranges=1 prot=RX writers=1 exec_waits=0 late_retries=0
#### MTL_TEX entry self class=AGXG13GFamilyDevice
#### MTL_TEX TLS set iosurface=0x60003b300 id=0x97 plane=0 compressionHeaderSpan=0 (thread=0x1dfb5de00 addr=0x0)
#### MACWS_AGX_NATIVE memoryless witness #4 instance=0x6001d2000 class=AGXG13GFamilyDevice original=0x1e9eb68a8 -> YES
#### AGXIOC type=0x82 patch #3: f14=0x430 +0x30 0→0x97 +0x38 0x97→0 +0x40 0→0 +0x50 0→0x180888f00 +0x58 0x180888f00→0
#### AGX_LIFE CREATE id=0xf type=0x82 surf=0x97 bytes=0x3d0000 kr=0 okC=15 failC=0 okD=0 failD=0 unmatchedD=0 full=0 live=15/4MB [t0=12/0MB t80=0/0MB t82=3/3MB]
#### AGX_LIFE type82 CREATE stack #3 resourceID=0xf surf=0x97 (16 frames):
0   libmachook_arm64.dylib              0x00000001031a1810 IOConnectCallMethod_new + 20336
1   IOGPU                               0x00000001a18b618c IOGPUResourceCreate + 236
2   IOGPU                               0x00000001a18b0138 -[IOGPUMetalResource initWithDevice:remoteStorageResource:options:args:argsSize:] + 460
3   libmachook_arm64.dylib              0x000000010319535c __loadImageCallback_block_invoke_20 + 96
4   IOGPU                               0x00000001a18b25ec -[IOGPUMetalTexture initWithDevice:descriptor:iosurface:plane:field:args:argsSize:] + 824
5   AGXMetal13_3                        0x00000001ea1baf38 -[AGXTexture initWithDevice:desc:iosurface:plane:] + 288
6   libmachook_arm64.dylib              0x00000001031ba6e0 -[MTLFakeDevice hooked_newTextureWithDescriptor:iosurface:plane:] + 4912
7   libGLESv2.dylib                     0x000000010c6d3754 glStartTilingQCOM + 2731860
8   libGLESv2.dylib                     0x000000010c6a79b8 glStartTilingQCOM + 2552248
9   libGLESv2.dylib                     0x000000010c6a7824 glStartTilingQCOM + 2551844
10  libGLESv2.dylib                     0x000000010c5a5fd4 glStartTilingQCOM + 1497044
11  libGLESv2.dylib                     0x000000010c4015fc libGLESv2.dylib + 38396
12  libGLESv2.dylib                     0x000000010c404d60 EGL_BindTexImage + 144
13  Electron Framework                  0x00000001161c2528 rust_bmp$cxxbridge1$194$Reader$image_data_loaded + 582280
14  Electron Framework                  0x00000001161c59cc rust_bmp$cxxbridge1$194$Reader$image_data_loaded + 595756
15  Electron Framework                  0x00000001161c3830 rust_bmp$cxxbridge1$194$Reader$image_data_loaded + 587152
####   ResCreate OK type=0x82 clientID=0 +0x30=0x97 +0x38=0 +0x40=0 +0x58=0 OUT[+0]=0x1500078000 OUT[+0x08]=0 OUT[+0x10]=0x104c6cb40 OUT[+0x48]=0x3d0000
####   inStruct[0..104]:
####     00: 82 00 00 00 00 00 00 00 60 09 a0 01 01 00 00 00
####     10: 01 01 00 04 30 04 00 00 00 00 00 00 00 00 00 00
####     20: 00 00 00 00 00 00 00 00 00 00 00 00 00 00 00 00
####     30: 97 00 00 00 00 00 00 00 00 00 00 00 00 00 00 00
####     40: 00 00 00 00 00 00 00 00 00 00 00 00 00 00 00 00
####     50: 00 8f 88 80 01 00 00 00 00 00 00 00 00 00 00 00
####     60: 00 00 00 00 00 00 00 00
#### AGX_MAP_AUDIT #2 tex=0x600983980 impl=0x600983700 iosurface(arg=0x60003b300 bound=0x60003b300) plane=0 cpu130=0x10f5f0000 gpu40=0x1500078000 descriptorOff=0x190 descriptorLayout=0 compressed=0 extended=0 match=1
#### AGX_LIFE CREATE id=0x10 type=0 surf=0 bytes=0x50000 kr=0 okC=16 failC=0 okD=0 failD=0 unmatchedD=0 full=0 live=16/4MB [t0=13/0MB t80=0/0MB t82=3/3MB]
#### AGXIOC heap map #13 clientID 0x50000 -> resourceID 0x10 size 0x50000
####   ResCreate OK type=0 clientID=0 +0x30=0 +0x38=0 +0x40=0x50000 +0x58=0 OUT[+0]=0x18000 OUT[+0x08]=0x10c170000 OUT[+0x10]=0x104c6cc00 OUT[+0x48]=0x50000
####   inStruct[0..104]:
####     00: 00 00 00 00 00 00 00 00 01 00 01 00 01 00 00 00
####     10: 01 01 00 01 30 84 00 00 00 00 00 00 00 00 00 00
####     20: 00 00 00 00 00 00 00 00 00 00 00 00 00 00 00 00
####     30: 00 00 00 00 00 00 00 00 00 00 00 00 00 00 00 00
####     40: 00 00 05 00 00 00 00 00 00 00 00 00 00 00 00 00
####     50: 00 00 00 38 00 00 00 00 00 00 00 00 00 00 00 00
####     60: 00 00 00 00 00 00 00 00
#### CBRI_HOOK self=0x600222300 cls=AGXG13GFamilyCommandBuffer → resourceInfo=0x600259600
#### AGXIOC heap map #14 clientID 0x8000 -> resourceID 0x11 size 0x8000
####   ResCreate OK type=0 clientID=0 +0x30=0 +0x38=0 +0x40=0x8000 +0x58=0 OUT[+0]=0x1500450000 OUT[+0x08]=0x10c1c0000 OUT[+0x10]=0x104c6ccc0 OUT[+0x48]=0x8000
####   inStruct[0..104]:
####     00: 00 00 00 00 00 00 00 00 00 80 01 00 01 00 00 00
####     10: 01 01 00 01 30 04 00 00 00 00 00 00 00 00 00 00
####     20: 00 00 00 00 00 00 00 00 00 00 00 00 00 00 00 00
####     30: 00 00 00 00 00 00 00 00 00 00 00 00 00 00 00 00
####     40: 00 80 00 00 00 00 00 00 00 00 00 00 00 00 00 00
####     50: 00 00 00 08 00 00 00 00 00 00 00 00 00 00 00 00
####     60: 00 00 00 00 00 00 00 00
#### AGXIOC heap map #15 clientID 0x8000 -> resourceID 0x12 size 0x8000
####   ResCreate OK type=0 clientID=0 +0x30=0 +0x38=0 +0x40=0x8000 +0x58=0 OUT[+0]=0x1500460000 OUT[+0x08]=0x10c1c8000 OUT[+0x10]=0x104c6cd80 OUT[+0x48]=0x8000
####   inStruct[0..104]:
####     00: 00 00 00 00 00 00 00 00 00 80 01 00 01 00 00 00
####     10: 01 01 00 01 30 04 00 00 00 00 00 00 00 00 00 00
####     20: 00 00 00 00 00 00 00 00 00 00 00 00 00 00 00 00
####     30: 00 00 00 00 00 00 00 00 00 00 00 00 00 00 00 00
####     40: 00 80 00 00 00 00 00 00 00 00 00 00 00 00 00 00
####     50: 00 00 00 08 00 00 00 00 00 00 00 00 00 00 00 00
####     60: 00 00 00 00 00 00 00 00
#### AGXIOC heap map #16 clientID 0x8000 -> resourceID 0x13 size 0x8000
####   ResCreate OK type=0 clientID=0 +0x30=0 +0x38=0 +0x40=0x8000 +0x58=0 OUT[+0]=0x1500470000 OUT[+0x08]=0x10c1d0000 OUT[+0x10]=0x104c6ce40 OUT[+0x48]=0x8000
####   inStruct[0..104]:
####     00: 00 00 00 00 00 00 00 00 00 80 01 00 01 00 00 00
####     10: 01 01 00 01 30 04 00 00 00 00 00 00 00 00 00 00
####     20: 00 00 00 00 00 00 00 00 00 00 00 00 00 00 00 00
####     30: 00 00 00 00 00 00 00 00 00 00 00 00 00 00 00 00
####     40: 00 80 00 00 00 00 00 00 00 00 00 00 00 00 00 00
####     50: 00 00 00 08 00 00 00 00 00 00 00 00 00 00 00 00
####     60: 00 00 00 00 00 00 00 00
####   ResCreate OK type=0 clientID=0 +0x30=0 +0x38=0 +0x40=0x8000 +0x58=0 OUT[+0]=0x1500480000 OUT[+0x08]=0x10c1d8000 OUT[+0x10]=0x104c6cf00 OUT[+0x48]=0x8000
####   inStruct[0..104]:
####     00: 00 00 00 00 00 00 00 00 00 80 01 00 01 00 00 00
####     10: 01 01 00 01 30 04 00 00 00 00 00 00 00 00 00 00
####     20: 00 00 00 00 00 00 00 00 00 00 00 00 00 00 00 00
####     30: 00 00 00 00 00 00 00 00 00 00 00 00 00 00 00 00
####     40: 00 80 00 00 00 00 00 00 00 00 00 00 00 00 00 00
####     50: 00 00 00 08 00 00 00 00 00 00 00 00 00 00 00 00
####     60: 00 00 00 00 00 00 00 00
####   ResCreate OK type=0 clientID=0 +0x30=0 +0x38=0 +0x40=0x8000 +0x58=0 OUT[+0]=0x1500490000 OUT[+0x08]=0x10c1e0000 OUT[+0x10]=0x104c6cfc0 OUT[+0x48]=0x8000
####   inStruct[0..104]:
####     00: 00 00 00 00 00 00 00 00 00 80 01 00 01 00 00 00
####     10: 01 01 00 01 30 04 00 00 00 00 00 00 00 00 00 00
####     20: 00 00 00 00 00 00 00 00 00 00 00 00 00 00 00 00
####     30: 00 00 00 00 00 00 00 00 00 00 00 00 00 00 00 00
####     40: 00 80 00 00 00 00 00 00 00 00 00 00 00 00 00 00
####     50: 00 00 00 08 00 00 00 00 00 00 00 00 00 00 00 00
####     60: 00 00 00 00 00 00 00 00
####   ResCreate OK type=0 clientID=0 +0x30=0 +0x38=0 +0x40=0x8000 +0x58=0 OUT[+0]=0x70000 OUT[+0x08]=0x10c1e8000 OUT[+0x10]=0x104c6d080 OUT[+0x48]=0x8000
####   inStruct[0..104]:
####     00: 00 00 00 00 00 00 00 00 00 80 01 00 01 00 00 00
####     10: 01 01 00 01 30 84 00 00 00 00 00 00 00 00 00 00
####     20: 00 00 00 00 00 00 00 00 00 00 00 00 00 00 00 00
####     30: 00 00 00 00 00 00 00 00 00 00 00 00 00 00 00 00
####     40: 00 80 00 00 00 00 00 00 00 00 00 00 00 00 00 00
####     50: 00 00 00 48 00 00 00 00 00 00 00 00 00 00 00 00
####     60: 00 00 00 00 00 00 00 00
####   ResCreate OK type=0 clientID=0 +0x30=0 +0x38=0 +0x40=0x8000 +0x58=0 OUT[+0]=0x80000 OUT[+0x08]=0x10c1f0000 OUT[+0x10]=0x104c6d140 OUT[+0x48]=0x8000
####   inStruct[0..104]:
####     00: 00 00 00 00 00 00 00 00 00 80 01 00 01 00 00 00
####     10: 01 01 00 01 30 84 00 00 00 00 00 00 00 00 00 00
####     20: 00 00 00 00 00 00 00 00 00 00 00 00 00 00 00 00
####     30: 00 00 00 00 00 00 00 00 00 00 00 00 00 00 00 00
####     40: 00 80 00 00 00 00 00 00 00 00 00 00 00 00 00 00
####     50: 00 00 00 48 00 00 00 00 00 00 00 00 00 00 00 00
####     60: 00 00 00 00 00 00 00 00
####   ResCreate OK type=0 clientID=0 +0x30=0 +0x38=0 +0x40=0x100000 +0x58=0 OUT[+0]=0x15004a0000 OUT[+0x08]=0x10c1f8000 OUT[+0x10]=0x104c6d200 OUT[+0x48]=0x100000
####   inStruct[0..104]:
####     00: 00 00 00 00 00 00 00 00 00 00 01 00 01 00 00 00
####     10: 01 01 00 01 30 04 00 00 00 00 00 00 00 00 00 00
####     20: 00 00 00 00 00 00 00 00 00 00 00 00 00 00 00 00
####     30: 00 00 00 00 00 00 00 00 00 00 00 00 00 00 00 00
####     40: 00 00 10 00 00 00 00 00 00 00 00 00 00 00 00 00
####     50: 00 00 00 18 00 00 00 00 00 00 00 00 00 00 00 00
####     60: 00 00 00 00 00 00 00 00
####   ResCreate OK type=0 clientID=0 +0x30=0 +0x38=0 +0x40=0x8000 +0x58=0 OUT[+0]=0x15005a8000 OUT[+0x08]=0x10c2f8000 OUT[+0x10]=0x104c6d2c0 OUT[+0x48]=0x8000
####   inStruct[0..104]:
####     00: 00 00 00 00 00 00 00 00 00 80 01 00 01 00 00 00
####     10: 01 01 00 01 30 04 00 00 00 00 00 00 00 00 00 00
####     20: 00 00 00 00 00 00 00 00 00 00 00 00 00 00 00 00
####     30: 00 00 00 00 00 00 00 00 00 00 00 00 00 00 00 00
####     40: 00 80 00 00 00 00 00 00 00 00 00 00 00 00 00 00
####     50: 00 00 00 08 00 00 00 00 00 00 00 00 00 00 00 00
####     60: 00 00 00 00 00 00 00 00
####   ResCreate OK type=0 clientID=0 +0x30=0 +0x38=0 +0x40=0x8000 +0x58=0 OUT[+0]=0x15005b8000 OUT[+0x08]=0x10c300000 OUT[+0x10]=0x104c6d380 OUT[+0x48]=0x8000
####   inStruct[0..104]:
####     00: 00 00 00 00 00 00 00 00 00 80 01 00 01 00 00 00
####     10: 01 01 00 01 30 04 00 00 00 00 00 00 00 00 00 00
####     20: 00 00 00 00 00 00 00 00 00 00 00 00 00 00 00 00
####     30: 00 00 00 00 00 00 00 00 00 00 00 00 00 00 00 00
####     40: 00 80 00 00 00 00 00 00 00 00 00 00 00 00 00 00
####     50: 00 00 00 18 00 00 00 00 00 00 00 00 00 00 00 00
####     60: 00 00 00 00 00 00 00 00
####   ResCreate OK type=0 clientID=0 +0x30=0 +0x38=0 +0x40=0x8000 +0x58=0 OUT[+0]=0x15005c8000 OUT[+0x08]=0x10c308000 OUT[+0x10]=0x104c6d440 OUT[+0x48]=0x8000
####   inStruct[0..104]:
####     00: 00 00 00 00 00 00 00 00 00 80 01 00 01 00 00 00
####     10: 01 01 00 01 30 04 00 00 00 00 00 00 00 00 00 00
####     20: 00 00 00 00 00 00 00 00 00 00 00 00 00 00 00 00
####     30: 00 00 00 00 00 00 00 00 00 00 00 00 00 00 00 00
####     40: 00 80 00 00 00 00 00 00 00 00 00 00 00 00 00 00
####     50: 00 00 00 08 00 00 00 00 00 00 00 00 00 00 00 00
####     60: 00 00 00 00 00 00 00 00
####   ResCreate OK type=0 clientID=0 +0x30=0 +0x38=0 +0x40=0x8000 +0x58=0 OUT[+0]=0x15005d8000 OUT[+0x08]=0x10c310000 OUT[+0x10]=0x104c6d500 OUT[+0x48]=0x8000
####   inStruct[0..104]:
####     00: 00 00 00 00 00 00 00 00 00 80 01 00 01 00 00 00
####     10: 01 01 00 01 30 04 00 00 00 00 00 00 00 00 00 00
####     20: 00 00 00 00 00 00 00 00 00 00 00 00 00 00 00 00
####     30: 00 00 00 00 00 00 00 00 00 00 00 00 00 00 00 00
####     40: 00 80 00 00 00 00 00 00 00 00 00 00 00 00 00 00
####     50: 00 00 00 08 00 00 00 00 00 00 00 00 00 00 00 00
####     60: 00 00 00 00 00 00 00 00
####   ResCreate OK type=0 clientID=0 +0x30=0 +0x38=0 +0x40=0x8000 +0x58=0 OUT[+0]=0x15005e8000 OUT[+0x08]=0x10c318000 OUT[+0x10]=0x104c6d5c0 OUT[+0x48]=0x8000
####   inStruct[0..104]:
####     00: 00 00 00 00 00 00 00 00 00 80 01 00 01 00 00 00
####     10: 01 01 00 01 30 04 00 00 00 00 00 00 00 00 00 00
####     20: 00 00 00 00 00 00 00 00 00 00 00 00 00 00 00 00
####     30: 00 00 00 00 00 00 00 00 00 00 00 00 00 00 00 00
####     40: 00 80 00 00 00 00 00 00 00 00 00 00 00 00 00 00
####     50: 00 00 00 08 00 00 00 00 00 00 00 00 00 00 00 00
####     60: 00 00 00 00 00 00 00 00
####   ResCreate OK type=0 clientID=0 +0x30=0 +0x38=0 +0x40=0x8000 +0x58=0 OUT[+0]=0x15005f8000 OUT[+0x08]=0x10c320000 OUT[+0x10]=0x104c6d680 OUT[+0x48]=0x8000
####   inStruct[0..104]:
####     00: 00 00 00 00 00 00 00 00 00 80 01 00 01 00 00 00
####     10: 01 01 00 01 30 04 00 00 00 00 00 00 00 00 00 00
####     20: 00 00 00 00 00 00 00 00 00 00 00 00 00 00 00 00
####     30: 00 00 00 00 00 00 00 00 00 00 00 00 00 00 00 00
####     40: 00 80 00 00 00 00 00 00 00 00 00 00 00 00 00 00
####     50: 00 00 00 08 00 00 00 00 00 00 00 00 00 00 00 00
####     60: 00 00 00 00 00 00 00 00
####   ResCreate OK type=0 clientID=0 +0x30=0 +0x38=0 +0x40=0x8000 +0x58=0 OUT[+0]=0x1500608000 OUT[+0x08]=0x10c328000 OUT[+0x10]=0x104c6d740 OUT[+0x48]=0x8000
####   inStruct[0..104]:
####     00: 00 00 00 00 00 00 00 00 00 80 01 00 01 00 00 00
####     10: 01 01 00 01 30 04 00 00 00 00 00 00 00 00 00 00
####     20: 00 00 00 00 00 00 00 00 00 00 00 00 00 00 00 00
####     30: 00 00 00 00 00 00 00 00 00 00 00 00 00 00 00 00
####     40: 00 80 00 00 00 00 00 00 00 00 00 00 00 00 00 00
####     50: 00 00 00 08 00 00 00 00 00 00 00 00 00 00 00 00
####     60: 00 00 00 00 00 00 00 00
####   ResCreate OK type=0 clientID=0 +0x30=0 +0x38=0 +0x40=0xff80 +0x58=0 OUT[+0]=0x1500618000 OUT[+0x08]=0x10c330000 OUT[+0x10]=0x104c6d800 OUT[+0x48]=0x10000
####   inStruct[0..104]:
####     00: 00 00 00 00 00 00 00 00 80 ff 01 00 01 00 00 00
####     10: 01 01 00 01 30 04 00 00 00 00 00 00 00 00 00 00
####     20: 00 00 00 00 00 00 00 00 00 00 00 00 00 00 00 00
####     30: 00 00 00 00 00 00 00 00 00 00 00 00 00 00 00 00
####     40: 80 ff 00 00 00 00 00 00 00 00 00 00 00 00 00 00
####     50: 00 00 00 18 00 00 00 00 00 00 00 00 00 00 00 00
####     60: 00 00 00 00 00 00 00 00
####   ResCreate OK type=0 clientID=0 +0x30=0 +0x38=0 +0x40=0xc0000 +0x58=0 OUT[+0]=0x1500630000 OUT[+0x08]=0x10f9c0000 OUT[+0x10]=0x104c6d8c0 OUT[+0x48]=0xc0000
####   inStruct[0..104]:
####     00: 00 00 00 00 00 00 00 00 00 00 01 00 01 00 00 00
####     10: 01 01 00 01 30 04 00 00 00 00 00 00 00 00 00 00
####     20: 00 00 00 00 00 00 00 00 00 00 00 00 00 00 00 00
####     30: 00 00 00 00 00 00 00 00 00 00 00 00 00 00 00 00
####     40: 00 00 0c 00 00 00 00 00 00 00 00 00 00 00 00 00
####     50: 00 00 00 08 00 00 00 00 00 00 00 00 00 00 00 00
####     60: 00 00 00 00 00 00 00 00
#### AGX_SUBMIT_DIAG #1 subtype1-predicate scalar0=0x1 legacy-scalar-gate=1 total=0x840/1 seglen=0x130/1 seghdr=1 cmdtotal=1 d8=1 pad1=1 f1=1 sent1=1 pad2=1 f2=1 sent2=1
#### AGX_SUBMIT_DIAG #1 descriptor[0] KCMD-type1-observed save /tmp/macws_submit_kcmd_1_0_type1-observed.bin failed errno=17
#### AGX_SUBMIT_DIAG #1 descriptor[0] segment save /tmp/macws_submit_segment_1_0.bin failed errno=17
#### AGX_SUBMIT_DIAG #1 TEMP-KCMD-ABI-FIX subtype1-clear pads=0x1c0,0x4c0 total=0x840->0x820 size=0x7e8->0x7c8 end=0x818->0x7f8 segment-span=0x820
#### AGXIOC type0 exact initFull length: +0x58=0 low32=0 -> +0x40=0x8000
####   ResCreate OK type=0 clientID=0 +0x30=0x40 +0x38=0 +0x40=0x8000 +0x58=0 OUT[+0]=0x1500870000 OUT[+0x08]=0x10c384000 OUT[+0x10]=0x104c6dd40 OUT[+0x48]=0x8000
####   inStruct[0..104]:
####     00: 00 00 00 00 00 00 00 00 01 00 01 00 01 00 00 00
####     10: 01 01 00 01 70 04 00 00 00 00 00 00 00 00 00 00
####     20: 00 00 00 00 00 00 00 00 00 00 00 00 00 00 00 00
####     30: 40 00 00 00 00 00 00 00 00 00 00 00 00 00 00 00
####     40: 00 80 00 00 00 00 00 00 00 00 00 00 00 00 00 00
####     50: 00 00 00 00 00 00 00 00 00 00 00 00 00 00 00 00
####     60: d8 1f 5b 21 02 00 00 00
#### TRACE -[AGXBuffer initFull] self=0x60021de00 dev=0x6001d2000 len=32768 align=1→64 opt=0 subDis=0→1 resIn=0x16cf8a788 pin=0x0 -> 0x60021de00
#### AGXIOC type0 exact initFull length: +0x58=0 low32=0 -> +0x40=0xc000
#### AGXIOC Method sel=0x1e->0x1a inCnt=4 inSC=56 outSC=0 -> 0x0
####   ResCreate OK type=0 clientID=0 +0x30=0x40 +0x38=0 +0x40=0xc000 +0x58=0 OUT[+0]=0x15008a8000 OUT[+0x08]=0x10c38c000 OUT[+0x10]=0x104c6de00 OUT[+0x48]=0xc000
####   inStruct[0..104]:
####     00: 00 00 00 00 00 00 00 00 01 00 01 00 01 00 00 00
####     10: 01 01 00 01 70 04 00 00 00 00 00 00 00 00 00 00
####     20: 00 00 00 00 00 00 00 00 00 00 00 00 00 00 00 00
####     30: 40 00 00 00 00 00 00 00 00 00 00 00 00 00 00 00
####     40: 00 c0 00 00 00 00 00 00 00 00 00 00 00 00 00 00
####     50: 00 00 00 00 00 00 00 00 00 00 00 00 00 00 00 00
####     60: 28 a9 f8 6c 01 00 00 00
#### TRACE -[AGXBuffer initFull] self=0x60021e700 dev=0x6001d2000 len=49152 align=1→64 opt=0 subDis=0→1 resIn=0x16cf8a888 pin=0x0 -> 0x60021e700
#### CBRI_HOOK self=0x600224600 cls=AGXG13GFamilyCommandBuffer → resourceInfo=0x600259600
####   ResCreate OK type=0 clientID=0 +0x30=0 +0x38=0 +0x40=0xff80 +0x58=0 OUT[+0]=0x15008b8000 OUT[+0x08]=0x10c39c000 OUT[+0x10]=0x104c6dec0 OUT[+0x48]=0x10000
####   inStruct[0..104]:
####     00: 00 00 00 00 00 00 00 00 80 ff 01 00 01 00 00 00
####     10: 01 01 00 01 30 04 00 00 00 00 00 00 00 00 00 00
####     20: 00 00 00 00 00 00 00 00 00 00 00 00 00 00 00 00
####     30: 00 00 00 00 00 00 00 00 00 00 00 00 00 00 00 00
####     40: 80 ff 00 00 00 00 00 00 00 00 00 00 00 00 00 00
####     50: 00 00 00 18 00 00 00 00 00 00 00 00 00 00 00 00
####     60: 00 00 00 00 00 00 00 00
#### AGX_SUBMIT_DIAG #2 TEMP-KCMD-TRAILING-WRAPPER-FIX match=1 subtype1=0..0x840->0..0x820 wrappers=2 range=0x840..0x870->0x820..0x850
#### AGXIOC Method sel=0x1e->0x1a inCnt=4 inSC=56 outSC=0 -> 0x0
#### MTL_TEX entry self class=AGXG13GFamilyDevice
#### MTL_TEX TLS set iosurface=0x60003b6e0 id=0xa4 plane=0 compressionHeaderSpan=0 (thread=0x1dfb5de00 addr=0x0)
#### MACWS_AGX_NATIVE memoryless witness #5 instance=0x6001d2000 class=AGXG13GFamilyDevice original=0x1e9eb68a8 -> YES
#### AGXIOC type=0x82 patch #4: f14=0x430 +0x30 0→0xa4 +0x38 0xa4→0 +0x40 0→0 +0x50 0→0x180888f00 +0x58 0x180888f00→0
#### AGX_LIFE type82 CREATE stack #4 resourceID=0x25 surf=0xa4 (16 frames):
0   libmachook_arm64.dylib              0x00000001031a1810 IOConnectCallMethod_new + 20336
1   IOGPU                               0x00000001a18b618c IOGPUResourceCreate + 236
2   IOGPU                               0x00000001a18b0138 -[IOGPUMetalResource initWithDevice:remoteStorageResource:options:args:argsSize:] + 460
3   libmachook_arm64.dylib              0x000000010319535c __loadImageCallback_block_invoke_20 + 96
4   IOGPU                               0x00000001a18b25ec -[IOGPUMetalTexture initWithDevice:descriptor:iosurface:plane:field:args:argsSize:] + 824
5   AGXMetal13_3                        0x00000001ea1baf38 -[AGXTexture initWithDevice:desc:iosurface:plane:] + 288
6   libmachook_arm64.dylib              0x00000001031ba6e0 -[MTLFakeDevice hooked_newTextureWithDescriptor:iosurface:plane:] + 4912
7   libGLESv2.dylib                     0x000000010c6d3754 glStartTilingQCOM + 2731860
8   libGLESv2.dylib                     0x000000010c6a79b8 glStartTilingQCOM + 2552248
9   libGLESv2.dylib                     0x000000010c6a7824 glStartTilingQCOM + 2551844
10  libGLESv2.dylib                     0x000000010c5a5fd4 glStartTilingQCOM + 1497044
11  libGLESv2.dylib                     0x000000010c4015fc libGLESv2.dylib + 38396
12  libGLESv2.dylib                     0x000000010c404d60 EGL_BindTexImage + 144
13  Electron Framework                  0x00000001161c2528 rust_bmp$cxxbridge1$194$Reader$image_data_loaded + 582280
14  Electron Framework                  0x00000001161c59cc rust_bmp$cxxbridge1$194$Reader$image_data_loaded + 595756
15  Electron Framework                  0x00000001161c3830 rust_bmp$cxxbridge1$194$Reader$image_data_loaded + 587152
####   ResCreate OK type=0x82 clientID=0 +0x30=0xa4 +0x38=0 +0x40=0 +0x58=0 OUT[+0]=0x1500918000 OUT[+0x08]=0 OUT[+0x10]=0x104c6df80 OUT[+0x48]=0x3d0000
####   inStruct[0..104]:
####     00: 82 00 00 00 00 00 00 00 60 09 a0 01 01 00 00 00
####     10: 01 01 00 04 30 04 00 00 00 00 00 00 00 00 00 00
####     20: 00 00 00 00 00 00 00 00 00 00 00 00 00 00 00 00
####     30: a4 00 00 00 00 00 00 00 00 00 00 00 00 00 00 00
####     40: 00 00 00 00 00 00 00 00 00 00 00 00 00 00 00 00
####     50: 00 8f 88 80 01 00 00 00 00 00 00 00 00 00 00 00
####     60: 00 00 00 00 00 00 00 00
#### AGX_MAP_AUDIT #3 tex=0x600987800 impl=0x600987580 iosurface(arg=0x60003b6e0 bound=0x60003b6e0) plane=0 cpu130=0x11b828000 gpu40=0x1500918000 descriptorOff=0x190 descriptorLayout=0 compressed=0 extended=0 match=1
#### AGXIOC Method sel=0x1e->0x1a inCnt=4 inSC=56 outSC=0 -> 0x0
#### CBRI_HOOK self=0x600225400 cls=AGXG13GFamilyCommandBuffer → resourceInfo=0x600259600
#### AGX_SUBMIT_DIAG #4 TEMP-KCMD-TRAILING-WRAPPER-FIX match=2 subtype1=0..0x840->0..0x820 wrappers=1 range=0x840..0x858->0x820..0x838
#### AGXIOC Method sel=0x1e->0x1a inCnt=4 inSC=56 outSC=0 -> 0x0
#### MTL_TEX entry self class=AGXG13GFamilyDevice
#### MTL_TEX TLS set iosurface=0x60003e320 id=0xa5 plane=0 compressionHeaderSpan=0 (thread=0x1dfb5de00 addr=0x0)
#### MACWS_AGX_NATIVE memoryless witness #6 instance=0x6001d2000 class=AGXG13GFamilyDevice original=0x1e9eb68a8 -> YES
#### AGXIOC type=0x82 patch #5: f14=0x430 +0x30 0→0xa5 +0x38 0xa5→0 +0x40 0→0 +0x50 0→0x180888f00 +0x58 0x180888f00→0
####   ResCreate OK type=0x82 clientID=0 +0x30=0xa5 +0x38=0 +0x40=0 +0x58=0 OUT[+0]=0x1500cf0000 OUT[+0x08]=0 OUT[+0x10]=0x104c6e040 OUT[+0x48]=0x3d0000
####   inStruct[0..104]:
####     00: 82 00 00 00 00 00 00 00 60 09 a0 01 01 00 00 00
####     10: 01 01 00 04 30 04 00 00 00 00 00 00 00 00 00 00
####     20: 00 00 00 00 00 00 00 00 00 00 00 00 00 00 00 00
####     30: a5 00 00 00 00 00 00 00 00 00 00 00 00 00 00 00
####     40: 00 00 00 00 00 00 00 00 00 00 00 00 00 00 00 00
####     50: 00 8f 88 80 01 00 00 00 00 00 00 00 00 00 00 00
####     60: 00 00 00 00 00 00 00 00
#### AGX_MAP_AUDIT #4 tex=0x600988200 impl=0x600987f80 iosurface(arg=0x60003e320 bound=0x60003e320) plane=0 cpu130=0x11bbf8000 gpu40=0x1500cf0000 descriptorOff=0x190 descriptorLayout=0 compressed=0 extended=0 match=1
#### AGXIOC Method sel=0x1e->0x1a inCnt=4 inSC=56 outSC=0 -> 0x0
#### AGXIOC Method sel=0xf->0xd inCnt=2 inSC=0 outSC=16 -> 0x0
#### AGXIOC Method sel=0xf->0xd inCnt=2 inSC=0 outSC=16 -> 0x0
#### CBRI_HOOK self=0x600225b00 cls=AGXG13GFamilyCommandBuffer → resourceInfo=0x600267c00
#### AGX_SUBMIT_DIAG #6 TEMP-KCMD-TRAILING-WRAPPER-FIX match=3 subtype1=0..0x840->0..0x820 wrappers=1 range=0x840..0x858->0x820..0x838
#### AGXIOC Method sel=0x1e->0x1a inCnt=4 inSC=56 outSC=0 -> 0x0
#### MTL_TEX TLS set iosurface=0x60003e820 id=0xa6 plane=0 compressionHeaderSpan=0 (thread=0x1dfb5de00 addr=0x0)
#### MACWS_AGX_NATIVE memoryless witness #7 instance=0x6001d2000 class=AGXG13GFamilyDevice original=0x1e9eb68a8 -> YES
#### AGXIOC type=0x82 patch #6: f14=0x430 +0x30 0→0xa6 +0x38 0xa6→0 +0x40 0→0 +0x50 0→0x180888f00 +0x58 0x180888f00→0
####   ResCreate OK type=0x82 clientID=0 +0x30=0xa6 +0x38=0 +0x40=0 +0x58=0 OUT[+0]=0x15010c8000 OUT[+0x08]=0 OUT[+0x10]=0x104c6e100 OUT[+0x48]=0x3d0000
####   inStruct[0..104]:
####     00: 82 00 00 00 00 00 00 00 60 09 a0 01 01 00 00 00
####     10: 01 01 00 04 30 04 00 00 00 00 00 00 00 00 00 00
####     20: 00 00 00 00 00 00 00 00 00 00 00 00 00 00 00 00
####     30: a6 00 00 00 00 00 00 00 00 00 00 00 00 00 00 00
####     40: 00 00 00 00 00 00 00 00 00 00 00 00 00 00 00 00
####     50: 00 8f 88 80 01 00 00 00 00 00 00 00 00 00 00 00
####     60: 00 00 00 00 00 00 00 00
#### AGX_MAP_AUDIT #5 tex=0x600988c00 impl=0x600988980 iosurface(arg=0x60003e820 bound=0x60003e820) plane=0 cpu130=0x11bfc8000 gpu40=0x15010c8000 descriptorOff=0x190 descriptorLayout=0 compressed=0 extended=0 match=1
#### AGXIOC Method sel=0x1e->0x1a inCnt=4 inSC=56 outSC=0 -> 0x0
#### CBRI_HOOK self=0x600226200 cls=AGXG13GFamilyCommandBuffer → resourceInfo=0x600259600
#### AGX_SUBMIT_DIAG #8 TEMP-KCMD-TRAILING-WRAPPER-FIX match=4 subtype1=0..0x840->0..0x820 wrappers=1 range=0x840..0x858->0x820..0x838
#### AGXIOC Method sel=0x1e->0x1a inCnt=4 inSC=56 outSC=0 -> 0x0
#### IOSURFACE-RELEASE-ABI pair #1: conn=15879 surfaceID=150 sel=1 -> 0
#### MTL_TEX TLS set iosurface=0x60003e4c0 id=0x96 plane=0 compressionHeaderSpan=0 (thread=0x1dfb5de00 addr=0x0)
#### MACWS_AGX_NATIVE memoryless witness #8 instance=0x6001d2000 class=AGXG13GFamilyDevice original=0x1e9eb68a8 -> YES
#### AGXIOC type=0x82 patch #7: f14=0x430 +0x30 0→0x96 +0x38 0x96→0 +0x40 0→0 +0x50 0→0x180888f00 +0x58 0x180888f00→0
####   ResCreate OK type=0x82 clientID=0 +0x30=0x96 +0x38=0 +0x40=0 +0x58=0 OUT[+0]=0x15014a0000 OUT[+0x08]=0 OUT[+0x10]=0x104c6e1c0 OUT[+0x48]=0x30000
####   inStruct[0..104]:
####     00: 82 00 00 00 00 00 00 00 2c 01 96 00 01 00 00 00
####     10: 01 01 00 04 30 04 00 00 00 00 00 00 00 00 00 00
####     20: 00 00 00 00 00 00 00 00 00 00 00 00 00 00 00 00
####     30: 96 00 00 00 00 00 00 00 00 00 00 00 00 00 00 00
####     40: 00 00 00 00 00 00 00 00 00 00 00 00 00 00 00 00
####     50: 00 8f 88 80 01 00 00 00 00 00 00 00 00 00 00 00
####     60: 00 00 00 00 00 00 00 00
#### AGX_MAP_AUDIT #6 tex=0x600989880 impl=0x600989600 iosurface(arg=0x60003e4c0 bound=0x60003e4c0) plane=0 cpu130=0x10fb80000 gpu40=0x15014a0000 descriptorOff=0x190 descriptorLayout=0 compressed=0 extended=0 match=1
#### CBRI_HOOK self=0x600226900 cls=AGXG13GFamilyCommandBuffer → resourceInfo=0x600267200
#### AGX_SUBMIT_DIAG #10 TEMP-KCMD-TRAILING-WRAPPER-FIX match=5 subtype1=0..0x840->0..0x820 wrappers=1 range=0x840..0x858->0x820..0x838
#### AGXIOC Method sel=0xf->0xd inCnt=2 inSC=0 outSC=16 -> 0x0
#### AGXIOC Method sel=0xf->0xd inCnt=2 inSC=0 outSC=16 -> 0x0
#### CBRI_HOOK self=0x600226c80 cls=AGXG13GFamilyCommandBuffer → resourceInfo=0x600267c00
####   ResCreate OK type=0 clientID=0 +0x30=0 +0x38=0 +0x40=0x8000 +0x58=0 OUT[+0]=0x1500848000 OUT[+0x08]=0x10c378000 OUT[+0x10]=0x104c6e280 OUT[+0x48]=0x8000
####   inStruct[0..104]:
####     00: 00 00 00 00 00 00 00 00 00 80 01 00 01 00 00 00
####     10: 01 01 00 01 30 04 00 00 00 00 00 00 00 00 00 00
####     20: 00 00 00 00 00 00 00 00 00 00 00 00 00 00 00 00
####     30: 00 00 00 00 00 00 00 00 00 00 00 00 00 00 00 00
####     40: 00 80 00 00 00 00 00 00 00 00 00 00 00 00 00 00
####     50: 00 00 00 08 00 00 00 00 00 00 00 00 00 00 00 00
####     60: 00 00 00 00 00 00 00 00
####   ResCreate OK type=0 clientID=0 +0x30=0 +0x38=0 +0x40=0x8000 +0x58=0 OUT[+0]=0x1500858000 OUT[+0x08]=0x10fbb0000 OUT[+0x10]=0x104c6e340 OUT[+0x48]=0x8000
####   inStruct[0..104]:
####     00: 00 00 00 00 00 00 00 00 00 80 01 00 01 00 00 00
####     10: 01 01 00 01 30 04 00 00 00 00 00 00 00 00 00 00
####     20: 00 00 00 00 00 00 00 00 00 00 00 00 00 00 00 00
####     30: 00 00 00 00 00 00 00 00 00 00 00 00 00 00 00 00
####     40: 00 80 00 00 00 00 00 00 00 00 00 00 00 00 00 00
####     50: 00 00 00 08 00 00 00 00 00 00 00 00 00 00 00 00
####     60: 00 00 00 00 00 00 00 00
####   ResCreate OK type=0 clientID=0 +0x30=0 +0x38=0 +0x40=0x8000 +0x58=0 OUT[+0]=0x15014d8000 OUT[+0x08]=0x10fbb8000 OUT[+0x10]=0x104c6e400 OUT[+0x48]=0x8000
####   inStruct[0..104]:
####     00: 00 00 00 00 00 00 00 00 00 80 01 00 01 00 00 00
####     10: 01 01 00 01 30 04 00 00 00 00 00 00 00 00 00 00
####     20: 00 00 00 00 00 00 00 00 00 00 00 00 00 00 00 00
####     30: 00 00 00 00 00 00 00 00 00 00 00 00 00 00 00 00
####     40: 00 80 00 00 00 00 00 00 00 00 00 00 00 00 00 00
####     50: 00 00 00 08 00 00 00 00 00 00 00 00 00 00 00 00
####     60: 00 00 00 00 00 00 00 00
####   ResCreate OK type=0 clientID=0 +0x30=0 +0x38=0 +0x40=0x8000 +0x58=0 OUT[+0]=0x15014e8000 OUT[+0x08]=0x10fbc0000 OUT[+0x10]=0x104c6e4c0 OUT[+0x48]=0x8000
####   inStruct[0..104]:
####     00: 00 00 00 00 00 00 00 00 00 80 01 00 01 00 00 00
####     10: 01 01 00 01 30 04 00 00 00 00 00 00 00 00 00 00
####     20: 00 00 00 00 00 00 00 00 00 00 00 00 00 00 00 00
####     30: 00 00 00 00 00 00 00 00 00 00 00 00 00 00 00 00
####     40: 00 80 00 00 00 00 00 00 00 00 00 00 00 00 00 00
####     50: 00 00 00 08 00 00 00 00 00 00 00 00 00 00 00 00
####     60: 00 00 00 00 00 00 00 00
####   ResCreate OK type=0 clientID=0 +0x30=0 +0x38=0 +0x40=0x8000 +0x58=0 OUT[+0]=0x15014f8000 OUT[+0x08]=0x10fbc8000 OUT[+0x10]=0x104c6e580 OUT[+0x48]=0x8000
####   inStruct[0..104]:
####     00: 00 00 00 00 00 00 00 00 00 80 01 00 01 00 00 00
####     10: 01 01 00 01 30 04 00 00 00 00 00 00 00 00 00 00
####     20: 00 00 00 00 00 00 00 00 00 00 00 00 00 00 00 00
####     30: 00 00 00 00 00 00 00 00 00 00 00 00 00 00 00 00
####     40: 00 80 00 00 00 00 00 00 00 00 00 00 00 00 00 00
####     50: 00 00 00 08 00 00 00 00 00 00 00 00 00 00 00 00
####     60: 00 00 00 00 00 00 00 00
####   ResCreate OK type=0 clientID=0 +0x30=0 +0x38=0 +0x40=0x8000 +0x58=0 OUT[+0]=0x90000 OUT[+0x08]=0x10fbd0000 OUT[+0x10]=0x104c6e640 OUT[+0x48]=0x8000
####   inStruct[0..104]:
####     00: 00 00 00 00 00 00 00 00 00 80 01 00 01 00 00 00
####     10: 01 01 00 01 30 84 00 00 00 00 00 00 00 00 00 00
####     20: 00 00 00 00 00 00 00 00 00 00 00 00 00 00 00 00
####     30: 00 00 00 00 00 00 00 00 00 00 00 00 00 00 00 00
####     40: 00 80 00 00 00 00 00 00 00 00 00 00 00 00 00 00
####     50: 00 00 00 48 00 00 00 00 00 00 00 00 00 00 00 00
####     60: 00 00 00 00 00 00 00 00
####   ResCreate OK type=0 clientID=0 +0x30=0 +0x38=0 +0x40=0x8000 +0x58=0 OUT[+0]=0xa0000 OUT[+0x08]=0x10fbd8000 OUT[+0x10]=0x104c6e700 OUT[+0x48]=0x8000
####   inStruct[0..104]:
####     00: 00 00 00 00 00 00 00 00 00 80 01 00 01 00 00 00
####     10: 01 01 00 01 30 84 00 00 00 00 00 00 00 00 00 00
####     20: 00 00 00 00 00 00 00 00 00 00 00 00 00 00 00 00
####     30: 00 00 00 00 00 00 00 00 00 00 00 00 00 00 00 00
####     40: 00 80 00 00 00 00 00 00 00 00 00 00 00 00 00 00
####     50: 00 00 00 48 00 00 00 00 00 00 00 00 00 00 00 00
####     60: 00 00 00 00 00 00 00 00
####   ResCreate OK type=0 clientID=0 +0x30=0 +0x38=0 +0x40=0x100000 +0x58=0 OUT[+0]=0x1501508000 OUT[+0x08]=0x10fbe0000 OUT[+0x10]=0x104c6e7c0 OUT[+0x48]=0x100000
####   inStruct[0..104]:
####     00: 00 00 00 00 00 00 00 00 00 00 01 00 01 00 00 00
####     10: 01 01 00 01 30 04 00 00 00 00 00 00 00 00 00 00
####     20: 00 00 00 00 00 00 00 00 00 00 00 00 00 00 00 00
####     30: 00 00 00 00 00 00 00 00 00 00 00 00 00 00 00 00
####     40: 00 00 10 00 00 00 00 00 00 00 00 00 00 00 00 00
####     50: 00 00 00 18 00 00 00 00 00 00 00 00 00 00 00 00
####     60: 00 00 00 00 00 00 00 00
#### AGX_SUBMIT_DIAG #12 TEMP-KCMD-TRAILING-WRAPPER-FIX match=6 subtype1=0..0x840->0..0x820 wrappers=1 range=0x840..0x858->0x820..0x838
#### JIT-MPROTECT flip #1024 ranges=1 prot=RX writers=1 exec_waits=131 late_retries=1
#### JIT-MPROTECT flip #2048 ranges=1 prot=RX writers=1 exec_waits=612 late_retries=1
[91m[main 2026-07-29T21:52:57.166Z][0m Unable to resolve your shell environment: Unexpected exit code from spawned shell (code null, signal SIGABRT)
#### JIT-MPROTECT flip #3072 ranges=1 prot=RX writers=1 exec_waits=917 late_retries=11
#### JIT-MPROTECT flip #5120 ranges=1 prot=RX writers=1 exec_waits=1740 late_retries=34
#### JIT-MPROTECT flip #4096 ranges=1 prot=RX writers=1 exec_waits=1247 late_retries=24
#### JIT-MPROTECT flip #5120 ranges=1 prot=RX writers=1 exec_waits=1646 late_retries=32
#### JIT-MPROTECT flip #6144 ranges=1 prot=RX writers=1 exec_waits=2017 late_retries=36
#### JIT-MPROTECT flip #7168 ranges=1 prot=RX writers=1 exec_waits=2379 late_retries=47
#### JIT-MPROTECT flip #8192 ranges=1 prot=RX writers=1 exec_waits=2725 late_retries=52
#### JIT-MPROTECT flip #9216 ranges=1 prot=RX writers=1 exec_waits=3079 late_retries=53
#### JIT-MPROTECT flip #10240 ranges=1 prot=RX writers=1 exec_waits=3475 late_retries=54
[91m[main 2026-07-29T21:52:58.050Z][0m ptyHost was unable to resolve shell environment Error: Unable to resolve your shell environment: Unexpected exit code from spawned shell (code null, signal SIGABRT)
    at file:///Applications/Visual%20Studio%20Code.app/Contents/Resources/app/out/main.js:474:34475
    at async file:///Applications/Visual%20Studio%20Code.app/Contents/Resources/app/out/main.js:434:92057
#### MTL_TEX TLS set iosurface=0x600038b20 id=0xa7 plane=0 compressionHeaderSpan=0 (thread=0x1dfb5de00 addr=0x0)
#### MACWS_AGX_NATIVE memoryless witness #9 instance=0x6001d2000 class=AGXG13GFamilyDevice original=0x1e9eb68a8 -> YES
#### AGXIOC type=0x82 patch #8: f14=0x430 +0x30 0→0xa7 +0x38 0xa7→0 +0x40 0→0 +0x50 0→0x180888f00 +0x58 0x180888f00→0
#### AGX_MAP_AUDIT #7 tex=0x60098a780 impl=0x60098a500 iosurface(arg=0x600038b20 bound=0x600038b20) plane=0 cpu130=0x11c670000 gpu40=0x1501748000 descriptorOff=0x190 descriptorLayout=0 compressed=0 extended=0 match=1
#### MACWS_AGX_NATIVE memoryless witness #10 instance=0x6001d2000 class=AGXG13GFamilyDevice original=0x1e9eb68a8 -> YES
#### AGXIOC type=0x82 patch #9: f14=0x430 +0x30 0→0xa8 +0x38 0xa8→0 +0x40 0→0 +0x50 0→0x180888c00 +0x58 0x180888c00→0
#### MTL_TEX LEASE-NEW #3 key=128x1-pf10-bpe1-fcc1278226488 entry=0x600b923a0 surf=0x600a52a00 tex=0x60098b400 retain=2 baseline=1 bpr=128 alloc=16KB shapeEntries=1 pool=0MB map=LINEAR
#### AGX_MAP_AUDIT #8 tex=0x60098b400 impl=0x60098b180 iosurface(arg=0x600a52a00 bound=0x600a52a00) plane=0 cpu130=0x104f88000 gpu40=0x1500868000 descriptorOff=0x190 descriptorLayout=0 compressed=0 extended=0 match=1
#### AGXIOC type0 exact initFull length: +0x58=0 low32=0 -> +0x40=0x80
#### CBRI_HOOK self=0x600227380 cls=AGXG13GFamilyCommandBuffer → resourceInfo=0x600267200
#### MACWS_AGX_NATIVE memoryless witness #11 instance=0x6001d2000 class=AGXG13GFamilyDevice original=0x1e9eb68a8 -> YES
#### AGXIOC type=0x82 patch #10: f14=0x430 +0x30 0→0xa9 +0x38 0xa9→0 +0x40 0→0 +0x50 0→0x180888c00 +0x58 0x180888c00→0
#### MTL_TEX LEASE-NEW #4 key=8x8-pf10-bpe1-fcc1278226488 entry=0x600b9ddd0 surf=0x600a544a0 tex=0x60098dc00 retain=2 baseline=1 bpr=128 alloc=16KB shapeEntries=1 pool=0MB map=LINEAR
#### AGX_MAP_AUDIT #9 tex=0x60098dc00 impl=0x60098d980 iosurface(arg=0x600a544a0 bound=0x600a544a0) plane=0 cpu130=0x10be0c000 gpu40=0x1501b38000 descriptorOff=0x190 descriptorLayout=0 compressed=0 extended=0 match=1
#### AGXIOC type0 exact initFull length: +0x58=0 low32=0 -> +0x40=0x40
#### MACWS_AGX_NATIVE memoryless witness #12 instance=0x6001d2000 class=AGXG13GFamilyDevice original=0x1e9eb68a8 -> YES
#### AGXIOC type=0x82 patch #11: f14=0x430 +0x30 0→0xaa +0x38 0xaa→0 +0x40 0→0 +0x50 0→0x180888c00 +0x58 0x180888c00→0
#### MTL_TEX LEASE-NEW #5 key=128x16-pf10-bpe1-fcc1278226488 entry=0x600b9ee50 surf=0x600a54800 tex=0x60098f500 retain=2 baseline=1 bpr=128 alloc=16KB shapeEntries=1 pool=0MB map=LINEAR
#### AGX_MAP_AUDIT #10 tex=0x60098f500 impl=0x60098f280 iosurface(arg=0x600a54800 bound=0x600a54800) plane=0 cpu130=0x10be18000 gpu40=0x1501b48000 descriptorOff=0x190 descriptorLayout=0 compressed=0 extended=0 match=1
#### MACWS_AGX_NATIVE memoryless witness #13 instance=0x6001d2000 class=AGXG13GFamilyDevice original=0x1e9eb68a8 -> YES
#### AGXIOC type=0x82 patch #12: f14=0x430 +0x30 0→0xab +0x38 0xab→0 +0x40 0→0 +0x50 0→0x180888c00 +0x58 0x180888c00→0
#### MTL_TEX LEASE-NEW #6 key=512x256-pf10-bpe1-fcc1278226488 entry=0x600b9f2d0 surf=0x600a54b20 tex=0x60098fc80 retain=2 baseline=1 bpr=512 alloc=128KB shapeEntries=1 pool=0MB map=LINEAR
#### AGX_MAP_AUDIT #11 tex=0x60098fc80 impl=0x60098fa00 iosurface(arg=0x600a54b20 bound=0x600a54b20) plane=0 cpu130=0x10be1c000 gpu40=0x1501b50000 descriptorOff=0x190 descriptorLayout=0 compressed=0 extended=0 match=1
#### MACWS_AGX_NATIVE memoryless witness #14 instance=0x6001d2000 class=AGXG13GFamilyDevice original=0x1e9eb68a8 -> YES
#### AGXIOC type0 exact initFull length: +0x58=0xc00000000 low32=0 -> +0x40=0x300
#### TRACE -[AGXBuffer initUntracked] self=0x600ac7500 dev=0x6001d2000 len=768 opt=0 -> 0x600ac7500
#### AGX_LIFE DESTROY id=0x2 type=0 surf=0 bytes=0x4000 kr=0 okC=66 failC=0 okD=1 failD=0 unmatchedD=0 full=0 live=65/24MB [t0=53/5MB t80=0/0MB t82=12/19MB]
#### AGXIOC type0 exact initFull length: +0x58=0xc00000000 low32=0 -> +0x40=0x300
#### TRACE -[AGXBuffer initUntracked] self=0x600211f80 dev=0x6001d2000 len=768 opt=0 -> 0x600211f80
#### AGX_LIFE DESTROY id=0x3 type=0 surf=0 bytes=0x4000 kr=0 okC=67 failC=0 okD=2 failD=0 unmatchedD=0 full=0 live=65/24MB [t0=53/5MB t80=0/0MB t82=12/19MB]
#### TRACE -[AGXBuffer initUntracked] self=0x600215d00 dev=0x6001d2000 len=128 opt=0 -> 0x600215d00
#### AGX_LIFE DESTROY id=0x4 type=0 surf=0 bytes=0x4000 kr=0 okC=68 failC=0 okD=3 failD=0 unmatchedD=0 full=0 live=65/24MB [t0=53/5MB t80=0/0MB t82=12/19MB]
#### AGXIOC type=0x82 patch #13: f14=0x430 +0x30 0→0xac +0x38 0xac→0 +0x40 0→0 +0x50 0→0x180888c00 +0x58 0x180888c00→0
#### MTL_TEX LEASE-NEW #7 key=256x128-pf10-bpe1-fcc1278226488 entry=0x600b9f120 surf=0x600a54ac0 tex=0x600c50500 retain=2 baseline=1 bpr=256 alloc=32KB shapeEntries=1 pool=0MB map=LINEAR
#### AGX_MAP_AUDIT #12 tex=0x600c50500 impl=0x600c50280 iosurface(arg=0x600a54ac0 bound=0x600a54ac0) plane=0 cpu130=0x10be3c000 gpu40=0x1501b80000 descriptorOff=0x190 descriptorLayout=0 compressed=0 extended=0 match=1
#### MACWS_AGX_NATIVE memoryless witness #15 instance=0x6001d2000 class=AGXG13GFamilyDevice original=0x1e9eb68a8 -> YES
#### AGXIOC type=0x82 patch #14: f14=0x430 +0x30 0→0xad +0x38 0xad→0 +0x40 0→0 +0x50 0→0x180888c00 +0x58 0x180888c00→0
#### MTL_TEX LEASE-NEW #8 key=256x64-pf10-bpe1-fcc1278226488 entry=0x600b9f5a0 surf=0x600a54b00 tex=0x600c50c80 retain=2 baseline=1 bpr=256 alloc=16KB shapeEntries=1 pool=0MB map=LINEAR
#### AGX_MAP_AUDIT #13 tex=0x600c50c80 impl=0x600c50a00 iosurface(arg=0x600a54b00 bound=0x600a54b00) plane=0 cpu130=0x104efc000 gpu40=0x1500010000 descriptorOff=0x190 descriptorLayout=0 compressed=0 extended=0 match=1
#### MACWS_AGX_NATIVE memoryless witness #16 instance=0x6001d2000 class=AGXG13GFamilyDevice original=0x1e9eb68a8 -> YES
#### AGXIOC type=0x82 patch #15: f14=0x430 +0x30 0→0xae +0x38 0xae→0 +0x40 0→0 +0x50 0→0x180888c00 +0x58 0x180888c00→0
#### MTL_TEX LEASE-NEW #9 key=128x64-pf10-bpe1-fcc1278226488 entry=0x600b9f420 surf=0x600a54ae0 tex=0x600c51400 retain=2 baseline=1 bpr=128 alloc=16KB shapeEntries=1 pool=0MB map=LINEAR
#### AGX_MAP_AUDIT #14 tex=0x600c51400 impl=0x600c51180 iosurface(arg=0x600a54ae0 bound=0x600a54ae0) plane=0 cpu130=0x10be48000 gpu40=0x1501b90000 descriptorOff=0x190 descriptorLayout=0 compressed=0 extended=0 match=1
#### AGXIOC type=0x82 patch #16: f14=0x430 +0x30 0→0xaf +0x38 0xaf→0 +0x40 0→0 +0x50 0→0x180888c00 +0x58 0x180888c00→0
#### MTL_TEX LEASE-NEW #10 key=128x64-pf10-bpe1-fcc1278226488 entry=0x600b9f8a0 surf=0x600a54aa0 tex=0x600c51b80 retain=2 baseline=1 bpr=128 alloc=16KB shapeEntries=2 pool=0MB map=LINEAR
#### AGX_MAP_AUDIT #15 tex=0x600c51b80 impl=0x600c51900 iosurface(arg=0x600a54aa0 bound=0x600a54aa0) plane=0 cpu130=0x10be4c000 gpu40=0x1501b98000 descriptorOff=0x190 descriptorLayout=0 compressed=0 extended=0 match=1
#### MTL_TEX LEASE-NEW #11 key=64x64-pf80-bpe4-fcc1111970369 entry=0x600b9f720 surf=0x600a54a40 tex=0x600c52300 retain=2 baseline=1 bpr=256 alloc=16KB shapeEntries=1 pool=0MB map=LINEAR
#### AGX_MAP_AUDIT #16 tex=0x600c52300 impl=0x600c52080 iosurface(arg=0x600a54a40 bound=0x600a54a40) plane=0 cpu130=0x10be50000 gpu40=0x1501ba0000 descriptorOff=0x190 descriptorLayout=0 compressed=0 extended=0 match=1
#### MTL_TEX LEASE-NEW #12 key=2048x2048-pf10-bpe1-fcc1278226488 entry=0x600b9fb70 surf=0x600a54a00 tex=0x600c52d00 retain=2 baseline=1 bpr=2048 alloc=4096KB shapeEntries=1 pool=4MB map=LINEAR
#### AGX_MAP_AUDIT #17 tex=0x600c52d00 impl=0x600c52a80 iosurface(arg=0x600a54a00 bound=0x600a54a00) plane=0 cpu130=0x11ca40000 gpu40=0x1501bb8000 descriptorOff=0x190 descriptorLayout=0 compressed=0 extended=0 match=1
#### CBRI_HOOK self=0x600227380 cls=AGXG13GFamilyCommandBuffer → resourceInfo=0x600267200
#### CBRI_HOOK self=0x600227380 cls=AGXG13GFamilyCommandBuffer → resourceInfo=0x600267200
#### MTL_TEX LEASE-NEW #13 key=16x16-pf10-bpe1-fcc1278226488 entry=0x600c63c90 surf=0x600a55b80 tex=0x600c5f500 retain=2 baseline=1 bpr=128 alloc=16KB shapeEntries=1 pool=4MB map=LINEAR
#### AGX_MAP_AUDIT #18 tex=0x600c5f500 impl=0x600c5f780 iosurface(arg=0x600a55b80 bound=0x600a55b80) plane=0 cpu130=0x10bee4000 gpu40=0x1502090000 descriptorOff=0x190 descriptorLayout=0 compressed=0 extended=0 match=1
#### MTL_TEX plain DEPTH-STENCIL: pf=253 routing to native AGX path (IOSurface backing is invalid)
#### AGXIOC sel=0x9 type=0 VA-shape +0x38=0x11ce40000 → 0
#### AGXIOC sel=0x9 type=0 args+0x14=0x2c30 → 0x430 (stripped macOS-only bits 0x2800)
#### AGXIOC sel=0x9 type=0 VA-shape detected: args+0x40=0x11ce40000 (>1GB) → using args+0x48=0x20000 as size, +0x58 0x380888c50 → 0
#### MTL_TEX plain DEPTH-STENCIL native result: 0x600c5fa00 class=AGXG13GFamilyTexture
#### AGXIOC Scalar sel=0x10->0xe inCnt=1 -> 0x0
#### AGXIOC Scalar sel=0x10->0xe inCnt=1 -> 0x0
#### AGXIOC Method sel=0xf->0xd inCnt=2 inSC=0 outSC=16 -> 0x0
#### AGXIOC Scalar sel=0x10->0xe inCnt=1 -> 0x0
#### MTL_TEX plain DEPTH-STENCIL: pf=253 routing to native AGX path (IOSurface backing is invalid)
#### TRACE -[AGXBuffer initUntracked] self=0x600aceb80 dev=0x6001d2000 len=1536 opt=0 -> 0x600aceb80
#### TRACE -[AGXBuffer initUntracked] self=0x600ace580 dev=0x6001d2000 len=1536 opt=0 -> 0x600ace580
#### TRACE -[AGXBuffer initUntracked] self=0x600acf480 dev=0x6001d2000 len=256 opt=0 -> 0x600acf480
#### AGXIOC sel=0x9 type=0 VA-shape +0x38=0x11ce40200 → 0
#### AGXIOC sel=0x9 type=0 args+0x14=0x2c30 → 0x430 (stripped macOS-only bits 0x2800)
#### AGXIOC sel=0x9 type=0 VA-shape detected: args+0x40=0x11ce40000 (>1GB) → using args+0x48=0x20000 as size, +0x58 0x380888c50 → 0
#### MTL_TEX plain DEPTH-STENCIL native result: 0x600c5e880 class=AGXG13GFamilyTexture
#### MTL_TEX storageMode=Memoryless preserved for AGX-native descriptor=0x600028ce0
#### MTL_TEX plain MEMORYLESS: routing to native AGX path (no IOSurface — tile-memory-only) w=128 h=16 pf=253
#### MTL_TEX storageMode=Memoryless preserved for AGX-native descriptor=0x600028ce0
#### MTL_TEX storageMode=Memoryless preserved for AGX-native descriptor=0x600028ce0
#### MTL_TEX storageMode=Memoryless preserved for AGX-native descriptor=0x600028ce0
#### MTL_TEX plain MEMORYLESS native result: 0x6010b0500 (class=AGXG13GFamilyTexture storageMode=3 length=999)
#### MTL_TEX plain MEMORYLESS: routing to native AGX path (no IOSurface — tile-memory-only) w=128 h=16 pf=10
#### MTL_TEX plain MEMORYLESS native result: 0x6010b1180 (class=AGXG13GFamilyTexture storageMode=3 length=999)
#### MTL_TEX TLS set iosurface=0x600a52d40 id=0xb2 plane=0 compressionHeaderSpan=0 (thread=0x1dfb5de00 addr=0x0)
#### AGX_MAP_AUDIT #19 tex=0x60098ca80 impl=0x60098cd00 iosurface(arg=0x600a52d40 bound=0x600a52d40) plane=0 cpu130=0x11cf2c000 gpu40=0x15021b8000 descriptorOff=0x190 descriptorLayout=0 compressed=0 extended=0 match=1
#### AGXIOC Method sel=0xf->0xd inCnt=2 inSC=0 outSC=16 -> 0x0
#### IOGPU-CALLBACK-BUFFER-CLEAN commandBuffer=0x600227380 class=AGXG13GFamilyCommandBuffer submitSerial=8 fixed=14 target=0x0 start=0x80cfc6106cc end=0x80cfc6187c6
#### AGX_LIFE DESTROY id=0x3b type=0 surf=0 bytes=0x4000 kr=0 okC=106 failC=0 okD=4 failD=0 unmatchedD=0 full=0 live=102/34MB [t0=82/6MB t80=0/0MB t82=20/27MB]
#### AGX_LIFE DESTROY id=0x3f type=0 surf=0 bytes=0x4000 kr=0 okC=106 failC=0 okD=5 failD=0 unmatchedD=0 full=0 live=101/34MB [t0=81/6MB t80=0/0MB t82=20/27MB]
#### AGX_LIFE DESTROY id=0x4c type=0 surf=0 bytes=0x10000 kr=0 okC=106 failC=0 okD=6 failD=0 unmatchedD=0 full=0 live=100/34MB [t0=80/6MB t80=0/0MB t82=20/27MB]
#### AGX_LIFE DESTROY id=0x56 type=0 surf=0 bytes=0x20000 kr=0 okC=106 failC=0 okD=7 failD=0 unmatchedD=0 full=0 live=99/34MB [t0=79/6MB t80=0/0MB t82=20/27MB]
#### AGX_LIFE DESTROY id=0x42 type=0 surf=0 bytes=0x4000 kr=0 okC=106 failC=0 okD=8 failD=0 unmatchedD=0 full=0 live=98/34MB [t0=78/6MB t80=0/0MB t82=20/27MB]
#### AGX_LIFE DESTROY id=0x2 type=0 surf=0 bytes=0x4000 kr=0 okC=106 failC=0 okD=9 failD=0 unmatchedD=0 full=0 live=97/34MB [t0=77/6MB t80=0/0MB t82=20/27MB]
#### AGX_LIFE DESTROY id=0x3 type=0 surf=0 bytes=0x4000 kr=0 okC=106 failC=0 okD=10 failD=0 unmatchedD=0 full=0 live=96/34MB [t0=76/6MB t80=0/0MB t82=20/27MB]
#### MTL_TEX TLS set iosurface=0x600a52c80 id=0xb4 plane=0 compressionHeaderSpan=0 (thread=0x1dfb5de00 addr=0x0)
#### JIT-MPROTECT flip #11264 ranges=1 prot=RX writers=1 exec_waits=3837 late_retries=62
#### AGX_LIFE DESTROY id=0x64 type=0 surf=0 bytes=0x4000 kr=0 okC=106 failC=0 okD=11 failD=0 unmatchedD=0 full=0 live=95/34MB [t0=75/6MB t80=0/0MB t82=20/27MB]
#### AGX_MAP_AUDIT #20 tex=0x600c55280 impl=0x600c55000 iosurface(arg=0x600a52c80 bound=0x600a52c80) plane=0 cpu130=0x11d334000 gpu40=0x15025d0000 descriptorOff=0x190 descriptorLayout=0 compressed=0 extended=0 match=1
#### IOGPU-CALLBACK-BUFFER-CLEAN commandBuffer=0x600227380 class=AGXG13GFamilyCommandBuffer submitSerial=8 fixed=14 target=0x0 start=0x80cfc62367b end=0x80cfc623684
#### AGX_SUBMIT_DIAG #18 TEMP-KCMD-TRAILING-WRAPPER-FIX match=7 subtype1=0..0x840->0..0x820 wrappers=1 range=0x840..0x858->0x820..0x838
#### AGX_MAP_AUDIT #21 tex=0x6010b5500 impl=0x6010b5a00 iosurface(arg=0x600a52c20 bound=0x600a52c20) plane=0 cpu130=0x11d704000 gpu40=0x15029a8000 descriptorOff=0x190 descriptorLayout=0 compressed=0 extended=0 match=1
#### AGX_LIFE DESTROY id=0x3b type=0 surf=0 bytes=0x4000 kr=0 okC=109 failC=0 okD=12 failD=0 unmatchedD=0 full=0 live=97/41MB [t0=75/6MB t80=0/0MB t82=22/35MB]
#### AGX_MAP_AUDIT #22 tex=0x6010b6180 impl=0x6010b5c80 iosurface(arg=0x600a57260 bound=0x600a57260) plane=0 cpu130=0x11dad4000 gpu40=0x1502d80000 descriptorOff=0x190 descriptorLayout=0 compressed=0 extended=0 match=1
#### MTL_TEX LEASE-NEW #14 key=256x64-pf10-bpe1-fcc1278226488 entry=0x600c649b0 surf=0x600a582e0 tex=0x6010b7f80 retain=2 baseline=1 bpr=256 alloc=16KB shapeEntries=2 pool=4MB map=LINEAR
#### AGX_MAP_AUDIT #23 tex=0x6010b7f80 impl=0x6010b7d00 iosurface(arg=0x600a582e0 bound=0x600a582e0) plane=0 cpu130=0x10be10000 gpu40=0x1500000000 descriptorOff=0x190 descriptorLayout=0 compressed=0 extended=0 match=1
#### AGX_MAP_AUDIT #24 tex=0x6010b7080 impl=0x6010b7300 iosurface(arg=0x600a56bc0 bound=0x600a56bc0) plane=0 cpu130=0x11dea4000 gpu40=0x1503158000 descriptorOff=0x190 descriptorLayout=0 compressed=0 extended=0 match=1
#### IOGPU-CALLBACK-BUFFER-CLEAN commandBuffer=0x601076900 class=AGXG13GFamilyCommandBuffer submitSerial=12 fixed=12 target=0x0 start=0x80cfc6618a0 end=0x80cfc667454
#### AGX_LIFE DESTROY id=0x42 type=0 surf=0 bytes=0x4000 kr=0 okC=114 failC=0 okD=13 failD=0 unmatchedD=0 full=0 live=101/49MB [t0=76/6MB t80=0/0MB t82=25/42MB]
#### AGX_LIFE DESTROY id=0x56 type=0 surf=0 bytes=0x4000 kr=0 okC=114 failC=0 okD=14 failD=0 unmatchedD=0 full=0 live=100/49MB [t0=75/6MB t80=0/0MB t82=25/42MB]
#### AGX_MAP_AUDIT #25 tex=0x6010b6400 impl=0x6010b7580 iosurface(arg=0x60003ebc0 bound=0x60003ebc0) plane=0 cpu130=0x11e374000 gpu40=0x1503530000 descriptorOff=0x190 descriptorLayout=0 compressed=0 extended=0 match=1
#### MTL_TEX LEASE-NEW #15 key=2048x256-pf10-bpe1-fcc1278226488 entry=0x600c67a10 surf=0x600a52ee0 tex=0x6010b9380 retain=2 baseline=1 bpr=2048 alloc=512KB shapeEntries=1 pool=4MB map=LINEAR
#### AGX_MAP_AUDIT #26 tex=0x6010b9380 impl=0x6010b9100 iosurface(arg=0x600a52ee0 bound=0x600a52ee0) plane=0 cpu130=0x11e744000 gpu40=0x1503908000 descriptorOff=0x190 descriptorLayout=0 compressed=0 extended=0 match=1
#### AGX_LIFE DESTROY id=0x64 type=0 surf=0 bytes=0x54000 kr=0 okC=117 failC=0 okD=15 failD=0 unmatchedD=0 full=0 live=102/53MB [t0=75/6MB t80=0/0MB t82=27/46MB]
#### AGX_MAP_AUDIT #27 tex=0x6010bb680 impl=0x6010bb180 iosurface(arg=0x600a58000 bound=0x600a58000) plane=0 cpu130=0x11e818000 gpu40=0x1503990000 descriptorOff=0x190 descriptorLayout=0 compressed=0 extended=0 match=1
#### MTL_TEX LEASE-NEW #16 key=2048x512-pf10-bpe1-fcc1278226488 entry=0x600c67980 surf=0x60003e7e0 tex=0x6010bc080 retain=2 baseline=1 bpr=2048 alloc=1024KB shapeEntries=1 pool=5MB map=LINEAR
#### AGX_MAP_AUDIT #28 tex=0x6010bc080 impl=0x6010bbe00 iosurface(arg=0x60003e7e0 bound=0x60003e7e0) plane=0 cpu130=0x11ebe8000 gpu40=0x1503d68000 descriptorOff=0x190 descriptorLayout=0 compressed=0 extended=0 match=1
#### AGX_MAP_AUDIT #29 tex=0x6010bcd00 impl=0x6010b9d80 iosurface(arg=0x600a55600 bound=0x600a55600) plane=0 cpu130=0x11ed94000 gpu40=0x1503f20000 descriptorOff=0x190 descriptorLayout=0 compressed=0 extended=0 match=1
#### AGX_LIFE DESTROY id=0x69 type=0x82 surf=0xf8 bytes=0x3d0000 kr=0 okC=121 failC=0 okD=16 failD=0 unmatchedD=0 full=0 live=104/58MB [t0=75/6MB t80=0/0MB t82=29/51MB]
#### AGX_MAP_AUDIT #30 tex=0x6010bca80 impl=0x6010bd980 iosurface(arg=0x600a57de0 bound=0x600a57de0) plane=0 cpu130=0x11f210000 gpu40=0x15042f8000 descriptorOff=0x190 descriptorLayout=0 compressed=0 extended=0 match=1
#### AGX_MAP_AUDIT #31 tex=0x6010be380 impl=0x6010bd480 iosurface(arg=0x60003e6e0 bound=0x60003e6e0) plane=0 cpu130=0x11e7c4000 gpu40=0x1503e70000 descriptorOff=0x190 descriptorLayout=0 compressed=0 extended=0 match=1
#### AGX_SUBMIT_DIAG #34 TEMP-KCMD-TRAILING-WRAPPER-FIX match=8 subtype1=0..0x840->0..0x820 wrappers=1 range=0x840..0x858->0x820..0x838
#### MTL_TEX LEASE-NEW #17 key=161x161-pf10-bpe1-fcc1278226488 entry=0x600c69240 surf=0x600a59160 tex=0x6010bf780 retain=2 baseline=1 bpr=256 alloc=48KB shapeEntries=1 pool=5MB map=LINEAR
#### MTL_TEX LEASE-NEW #18 key=128x128-pf10-bpe1-fcc1278226488 entry=0x600c69930 surf=0x600a59100 tex=0x6010bfc80 retain=2 baseline=1 bpr=128 alloc=16KB shapeEntries=1 pool=5MB map=LINEAR
#### MTL_TEX LEASE-NEW #19 key=64x64-pf10-bpe1-fcc1278226488 entry=0x600c69db0 surf=0x600a59140 tex=0x601410780 retain=2 baseline=1 bpr=128 alloc=16KB shapeEntries=1 pool=5MB map=LINEAR
#### MTL_TEX LEASE-NEW #20 key=64x64-pf10-bpe1-fcc1278226488 entry=0x600c69c30 surf=0x600a59120 tex=0x601410f00 retain=2 baseline=1 bpr=128 alloc=16KB shapeEntries=2 pool=5MB map=LINEAR
#### MTL_TEX LEASE-NEW #21 key=55x55-pf10-bpe1-fcc1278226488 entry=0x600c6a0b0 surf=0x600a594a0 tex=0x601411680 retain=2 baseline=1 bpr=128 alloc=16KB shapeEntries=1 pool=5MB map=LINEAR
#### IOGPU-CALLBACK-BUFFER-CLEAN commandBuffer=0x60107bd00 class=AGXG13GFamilyCommandBuffer submitSerial=19 fixed=8 target=0x0 start=0x80cfc8cbddd end=0x80cfc8d053f
#### TRACE -[AGXBuffer initUntracked] self=0x6010d6f00 dev=0x6001d2000 len=3072 opt=0 -> 0x6010d6f00
#### TRACE -[AGXBuffer initUntracked] self=0x600aceb80 dev=0x6001d2000 len=3072 opt=0 -> 0x600aceb80
#### TRACE -[AGXBuffer initUntracked] self=0x600ace580 dev=0x6001d2000 len=512 opt=0 -> 0x600ace580
#### MTL_TEX LEASE-NEW #22 key=32x32-pf80-bpe4-fcc1111970369 entry=0x600c6ae00 surf=0x600a5a660 tex=0x601418980 retain=2 baseline=1 bpr=128 alloc=16KB shapeEntries=1 pool=5MB map=LINEAR
#### IOGPU-CALLBACK-BUFFER-CLEAN commandBuffer=0x60107bd00 class=AGXG13GFamilyCommandBuffer submitSerial=21 fixed=14 target=0x0 start=0x80cfc925229 end=0x80cfc92b51c
#### MTL_TEX LEASE-NEW #23 key=960x128-pf80-bpe4-fcc1111970369 entry=0x600c65490 surf=0x600a59080 tex=0x60141dc00 retain=2 baseline=1 bpr=3840 alloc=480KB shapeEntries=1 pool=6MB map=LINEAR
#### AGX_SUBMIT_DIAG #56 subtype1-predicate scalar0=0x1 legacy-scalar-gate=1 total=0x840/1 seglen=0x170/1 seghdr=1 cmdtotal=1 d8=1 pad1=1 f1=1 sent1=1 pad2=1 f2=1 sent2=1
#### AGX_SUBMIT_DIAG #56 descriptor[0] KCMD-type1-observed saved=0x840/0x840 path=/tmp/macws_submit_kcmd_56_0_type1-observed.bin errno=0
#### AGX_SUBMIT_DIAG #56 descriptor[0] segment saved=0x170/0x170 path=/tmp/macws_submit_segment_56_0.bin errno=0
#### AGX_SUBMIT_DIAG #56 TEMP-KCMD-ABI-FIX subtype1-clear pads=0x1c0,0x4c0 total=0x840->0x820 size=0x7e8->0x7c8 end=0x818->0x7f8 segment-span=0x820
#### AGX_SUBMIT_DIAG #60 subtype1-predicate scalar0=0x1 legacy-scalar-gate=1 total=0x840/1 seglen=0x170/1 seghdr=1 cmdtotal=1 d8=1 pad1=1 f1=1 sent1=1 pad2=1 f2=1 sent2=1
#### AGX_SUBMIT_DIAG #60 descriptor[0] KCMD-type1-observed saved=0x840/0x840 path=/tmp/macws_submit_kcmd_60_0_type1-observed.bin errno=0
#### AGX_SUBMIT_DIAG #60 descriptor[0] segment saved=0x170/0x170 path=/tmp/macws_submit_segment_60_0.bin errno=0
#### AGX_SUBMIT_DIAG #60 TEMP-KCMD-ABI-FIX subtype1-clear pads=0x1c0,0x4c0 total=0x840->0x820 size=0x7e8->0x7c8 end=0x818->0x7f8 segment-span=0x820
#### MTL_TEX LEASE-NEW #24 key=960x192-pf80-bpe4-fcc1111970369 entry=0x600c6d7d0 surf=0x600a596e0 tex=0x6010b8980 retain=2 baseline=1 bpr=3840 alloc=720KB shapeEntries=1 pool=7MB map=LINEAR
#### AGX_SUBMIT_DIAG #62 subtype1-predicate scalar0=0x1 legacy-scalar-gate=1 total=0x840/1 seglen=0x170/1 seghdr=1 cmdtotal=1 d8=1 pad1=1 f1=1 sent1=1 pad2=1 f2=1 sent2=1
#### AGX_SUBMIT_DIAG #62 descriptor[0] KCMD-type1-observed saved=0x840/0x840 path=/tmp/macws_submit_kcmd_62_0_type1-observed.bin errno=0
#### AGX_SUBMIT_DIAG #62 descriptor[0] segment saved=0x170/0x170 path=/tmp/macws_submit_segment_62_0.bin errno=0
#### AGX_SUBMIT_DIAG #62 TEMP-KCMD-ABI-FIX subtype1-clear pads=0x1c0,0x4c0 total=0x840->0x820 size=0x7e8->0x7c8 end=0x818->0x7f8 segment-span=0x820
#### AGX_SUBMIT_DIAG #64 subtype1-predicate scalar0=0x1 legacy-scalar-gate=1 total=0x840/1 seglen=0x170/1 seghdr=1 cmdtotal=1 d8=1 pad1=1 f1=1 sent1=1 pad2=1 f2=1 sent2=1
#### AGX_SUBMIT_DIAG #64 descriptor[0] KCMD-type1-observed saved=0x840/0x840 path=/tmp/macws_submit_kcmd_64_0_type1-observed.bin errno=0
#### AGX_SUBMIT_DIAG #64 descriptor[0] segment saved=0x170/0x170 path=/tmp/macws_submit_segment_64_0.bin errno=0
#### AGX_SUBMIT_DIAG #64 TEMP-KCMD-ABI-FIX subtype1-clear pads=0x1c0,0x4c0 total=0x840->0x820 size=0x7e8->0x7c8 end=0x818->0x7f8 segment-span=0x820
#### AGX_SUBMIT_DIAG #65 TEMP-KCMD-TRAILING-WRAPPER-FIX match=16 subtype1=0..0x840->0..0x820 wrappers=1 range=0x840..0x858->0x820..0x838
#### AGX_SUBMIT_DIAG #66 subtype1-predicate scalar0=0x1 legacy-scalar-gate=1 total=0x840/1 seglen=0x170/1 seghdr=1 cmdtotal=1 d8=1 pad1=1 f1=1 sent1=1 pad2=1 f2=1 sent2=1
#### AGX_SUBMIT_DIAG #66 descriptor[0] KCMD-type1-observed saved=0x840/0x840 path=/tmp/macws_submit_kcmd_66_0_type1-observed.bin errno=0
#### AGX_SUBMIT_DIAG #66 descriptor[0] segment saved=0x170/0x170 path=/tmp/macws_submit_segment_66_0.bin errno=0
#### AGX_SUBMIT_DIAG #66 TEMP-KCMD-ABI-FIX subtype1-clear pads=0x1c0,0x4c0 total=0x840->0x820 size=0x7e8->0x7c8 end=0x818->0x7f8 segment-span=0x820
#### IOSURFACE-RELEASE-ABI pair #2: conn=15879 surfaceID=265 sel=1 -> 0
#### IOSURFACE-RELEASE-ABI pair #3: conn=15879 surfaceID=266 sel=1 -> 0
#### MTL_TEX LEASE-NEW #25 key=960x256-pf80-bpe4-fcc1111970369 entry=0x600c6e700 surf=0x600a57460 tex=0x60141d480 retain=2 baseline=1 bpr=3840 alloc=960KB shapeEntries=1 pool=8MB map=LINEAR
#### AGX_SUBMIT_DIAG #68 subtype1-predicate scalar0=0x1 legacy-scalar-gate=1 total=0x840/1 seglen=0x170/1 seghdr=1 cmdtotal=1 d8=1 pad1=1 f1=1 sent1=1 pad2=1 f2=1 sent2=1
#### AGX_SUBMIT_DIAG #68 descriptor[0] KCMD-type1-observed saved=0x840/0x840 path=/tmp/macws_submit_kcmd_68_0_type1-observed.bin errno=0
#### AGX_SUBMIT_DIAG #68 descriptor[0] segment saved=0x170/0x170 path=/tmp/macws_submit_segment_68_0.bin errno=0
#### AGX_SUBMIT_DIAG #68 TEMP-KCMD-ABI-FIX subtype1-clear pads=0x1c0,0x4c0 total=0x840->0x820 size=0x7e8->0x7c8 end=0x818->0x7f8 segment-span=0x820
#### AGX_SUBMIT_DIAG #70 subtype1-predicate scalar0=0x1 legacy-scalar-gate=1 total=0x840/1 seglen=0x170/1 seghdr=1 cmdtotal=1 d8=1 pad1=1 f1=1 sent1=1 pad2=1 f2=1 sent2=1
#### AGX_SUBMIT_DIAG #70 descriptor[0] KCMD-type1-observed saved=0x840/0x840 path=/tmp/macws_submit_kcmd_70_0_type1-observed.bin errno=0
#### AGX_SUBMIT_DIAG #70 descriptor[0] segment saved=0x170/0x170 path=/tmp/macws_submit_segment_70_0.bin errno=0
#### AGX_SUBMIT_DIAG #70 TEMP-KCMD-ABI-FIX subtype1-clear pads=0x1c0,0x4c0 total=0x840->0x820 size=0x7e8->0x7c8 end=0x818->0x7f8 segment-span=0x820
#### IOSURFACE-RELEASE-ABI pair #4: conn=15879 surfaceID=268 sel=1 -> 0
#### IOSURFACE-RELEASE-ABI pair #5: conn=15879 surfaceID=269 sel=1 -> 0
#### IOSURFACE-RELEASE-ABI pair #6: conn=15879 surfaceID=270 sel=1 -> 0
#### IOGPU-CALLBACK-BUFFER-CLEAN commandBuffer=0x601505400 class=AGXG13GFamilyCommandBuffer submitSerial=51 fixed=13 target=0x0 start=0x80cfcb5af4a end=0x80cfcb609bc
#### MTL_TEX LEASE-NEW #26 key=960x320-pf80-bpe4-fcc1111970369 entry=0x600c6d200 surf=0x600a5c440 tex=0x6010bde80 retain=2 baseline=1 bpr=3840 alloc=1200KB shapeEntries=1 pool=9MB map=LINEAR
#### IOSURFACE-RELEASE-ABI pair #7: conn=15879 surfaceID=266 sel=1 -> 0
#### IOSURFACE-RELEASE-ABI pair #8: conn=15879 surfaceID=271 sel=1 -> 0
#### MTL_TEX LEASE-NEW #27 key=512x128-pf10-bpe1-fcc1278226488 entry=0x600c6f4e0 surf=0x600a5b760 tex=0x6015d5c80 retain=2 baseline=1 bpr=512 alloc=64KB shapeEntries=1 pool=9MB map=LINEAR
#### IOSURFACE-RELEASE-ABI pair #9: conn=15879 surfaceID=268 sel=1 -> 0
#### AGX_SUBMIT_DIAG #101 TEMP-KCMD-TRAILING-WRAPPER-FIX match=32 subtype1=0..0x840->0..0x820 wrappers=1 range=0x840..0x858->0x820..0x838
#### IOGPU-CALLBACK-BUFFER-CLEAN commandBuffer=0x601508180 class=AGXG13GFamilyCommandBuffer submitSerial=68 fixed=9 target=0x0 start=0x80cfccd3625 end=0x80cfccd7848
#### JIT-MPROTECT flip #12288 ranges=1 prot=RX writers=1 exec_waits=4039 late_retries=76
#### JIT-MPROTECT flip #13312 ranges=1 prot=RX writers=1 exec_waits=4411 late_retries=86
#### JIT-MPROTECT flip #6144 ranges=1 prot=RX writers=1 exec_waits=1868 late_retries=37
[74073:0729/145258.756454:ERROR:net/cert/internal/trust_store_mac.cc:773] SecItemCopyMatching error: Error Domain=NSOSStatusErrorDomain Code=-50 "paramErr: error in user parameter list" (-50)
#### JIT-MPROTECT flip #14336 ranges=1 prot=RX writers=1 exec_waits=4770 late_retries=93
#### MACWS_HID_BYPASS installed SetMatchingMultiple → no-op (1) at 0x187cede8c — skips iOS-format CFBinaryPlist parse inside
####   IOHIDEventSystemClientCacheMatchingServices → IOHIDUnserializeAndVMDealloc → CFPropertyListCreateFromStream
####   that BUS_ADRALNs in the IOMFBServer thread.
#### MACWS_AGX_RENAMER_PATCH: off (set MACWS_AGX_RENAMER_PATCH=1 to enable)
#### MACWS_ASSERT_BYPASS DISABLED (set MACWS_KEEP_ASSERT_BYPASS=1 to restore lazy bypass) — real __assert_rtn now reaches abort
#### MACWS_AGX_NATIVE [ctor] pre-loaded IOGPU via /System/Library/PrivateFrameworks/IOGPU.framework/IOGPU -> 0x3ae29cc10
#### XPC_BOOTSTRAP: fn=0x1848a5140 dict=0x13c105320 (registering Metal/ViewBridge/HIServices)
#### XPC_BOOTSTRAP: called OK
#### COEXIST API SwapEnd hook installed target=0x18f7831cc trampoline=0x104174000
#### IOGPU-CALLBACK-BUFFER-CLEAN commandBuffer=0x601508f80 class=AGXG13GFamilyCommandBuffer submitSerial=97 fixed=8 target=0x0 start=0x80cfd31c530 end=0x80cfd32154f
#### SkyLight PrepareForUse tolerate-nil hook installed at 0x189b64fc4
#### SkyLight StartCompositeForDisplayStream nil-skip hook installed at 0x18998dd74
#### SkyLight StartComposite(WSCD) tolerate-nil + pop-on-bail hook installed at 0x18998d358
#### SkyLight StartComposite(MTLTex) pop-on-bail hook installed at 0x18998dfb8
#### SkyLight EndCurrentComposite(bool) completion hook installed at 0x18998c53c
#### SkyLight EndUpdate(bool) submission hook installed at 0x18998c0b0
#### SkyLight _state_stack pop_back resolved at 0x18998afa0
#### SkyLight WSCompositeDestinationCreateWithMetalTexture nil-tolerate hook installed at 0x18999053c
#### SkyLight MetalContext::StopCapture invalid-this guard installed at 0x18998c1bc
#### MACWS_AGX_NATIVE class_addMethod(MTLTextureDescriptor, validateWithDevice:) = 1
#### MACWS_AGX_NATIVE class_addMethod(IOGPUMetalTexture, isMemoryless) = 1
#### MACWS_AGX_NATIVE class_addMethod(IOGPUMetalTexture, getCPUSizeBytes) = 1
#### MACWS_AGX_NATIVE class_addMethod(IOGPUMetalTexture, getAlignment) = 1
#### MACWS_AGX_NATIVE class_addMethod(IOGPUMetalTexture, descriptorPrivate) = 1
#### MACWS_AGX_NATIVE class_addMethod(IOGPUMetalTexture, getBytesPerRow) = 1
#### MACWS_AGX_NATIVE class_addMethod(IOGPUMetalTexture, updateBindDataWithAddresses:gpuVirtualAddress:) = 1
#### MACWS_AGX_NATIVE class_addMethod(IOGPUMetalTexture, updateBindDataWithAddresses:gpuVirtualAddress:shouldInitMetadata:) = 1
#### MACWS_AGX_NATIVE class_addMethod(IOGPUMetalTexture, allocBufferSubDataWithLength:options:alignment:heapIndex:bufferIndex:bufferOffset:) = 1
#### MACWS_AGX_NATIVE class_addMethod(IOGPUMetalTexture, initNewTextureData:) = 1
#### MACWS_AGX_NATIVE class_addMethod(MTLTextureDescriptor, isMemoryless) = 1
#### MACWS_AGX_NATIVE class_addMethod(MTLTextureDescriptor, protectionOptions) = 1
#### MACWS_AGX_NATIVE class_addMethod(MTLTextureDescriptor, getCPUSizeBytes) = 1
#### MACWS_AGX_NATIVE class_addMethod(MTLTextureDescriptor, getAlignment) = 1
#### MACWS_AGX_NATIVE class_addMethod(MTLTextureDescriptor, descriptorPrivate) = 1
#### MACWS_AGX_NATIVE class_addMethod(MTLTextureDescriptor, getBytesPerRow) = 1
#### MACWS_AGX_NATIVE class_addMethod(MTLTextureDescriptor, updateBindDataWithAddresses:gpuVirtualAddress:) = 1
#### MACWS_AGX_NATIVE class_addMethod(MTLTextureDescriptor, updateBindDataWithAddresses:gpuVirtualAddress:shouldInitMetadata:) = 1
#### MACWS_AGX_NATIVE class_addMethod(MTLTextureDescriptor, allocBufferSubDataWithLength:options:alignment:heapIndex:bufferIndex:bufferOffset:) = 1
#### MACWS_AGX_NATIVE class_addMethod(MTLTextureDescriptor, initNewTextureData:) = 1
#### IOGPU-CALLBACK-BUFFER-CLEAN commandBuffer=0x60150b980 class=AGXG13GFamilyCommandBuffer submitSerial=105 fixed=11 target=0x0 start=0x80cfd6405c9 end=0x80cfd645891
#### IOSURFACE-RELEASE-ABI pair #10: conn=15879 surfaceID=270 sel=1 -> 0
#### IOGPU-CALLBACK-BUFFER-CLEAN commandBuffer=0x601076580 class=AGXG13GFamilyCommandBuffer submitSerial=110 fixed=11 target=0x0 start=0x80cfd78c045 end=0x80cfd7918a8
#### IOSURFACE-RELEASE-ABI pair #11: conn=15879 surfaceID=266 sel=1 -> 0
#### IOSURFACE-RELEASE-ABI pair #12: conn=15879 surfaceID=271 sel=1 -> 0
#### IOGPU-CALLBACK-BUFFER-CLEAN commandBuffer=0x60150b280 class=AGXG13GFamilyCommandBuffer submitSerial=116 fixed=11 target=0x0 start=0x80cfd8d411f end=0x80cfd8d9cc9
#### JIT-MPROTECT flip #15360 ranges=1 prot=RX writers=1 exec_waits=5124 late_retries=100
#### IOGPU-CALLBACK-BUFFER-CLEAN commandBuffer=0x601501880 class=AGXG13GFamilyCommandBuffer submitSerial=120 fixed=11 target=0x0 start=0x80cfdb67ee2 end=0x80cfdb6d4e7
#### AMFI-POLICY-COMPAT policy=AMFI op=0x60 status=0x4 (iOS task ports are hard-immovable)
#### CSR-POLICY-COMPAT active_config=0x0 (conservative iOS compatibility value)
[74108:0729/145259.208371:ERROR:base/process/process_mac.cc:53] task_policy_set TASK_CATEGORY_POLICY: (os/kern) invalid argument (4)
2026-07-29 14:52:59.218 Code Helper (Renderer)[74108:12308125] XType: Using static font registry.
#### JIT-MPROTECT range[0]=[0x280000000,0x290000000) source=MAP_JIT-EINVAL
#### JIT-MPROTECT execution barrier installed (W^X fetch-wait compatibility)
#### JIT-MPROTECT range[0]=[0x280000000,0x290000000) source=MAP_JIT-EINVAL
#### JIT-MPROTECT range[0]=[0x280000000,0x290000000) source=MAP_JIT-EINVAL
#### JIT-MPROTECT range[0]=[0x280000000,0x290000000) source=MAP_JIT-EINVAL
#### JIT-MPROTECT range[0]=[0x280000000,0x290000000) source=MAP_JIT-EINVAL
#### JIT-MPROTECT range[0]=[0x280000000,0x290000000) source=MAP_JIT-EINVAL
#### JIT-MPROTECT range[0]=[0x280000000,0x290000000) source=MAP_JIT-EINVAL
#### JIT-MPROTECT range[0]=[0x280000000,0x290000000) source=MAP_JIT-EINVAL
#### JIT-MPROTECT range[0]=[0x170000000,0x180000000) source=MAP_JIT-EINVAL
#### JIT-MPROTECT remap decline #1 dst=0x177dc0000 size=0x208000 src=0x113580000 requested=0x5 -> V8 copy fallback
#### JIT-MPROTECT flip #1 ranges=1 prot=RW writers=1 exec_waits=0 late_retries=0
#### JIT-MPROTECT flip #2 ranges=1 prot=RX writers=1 exec_waits=0 late_retries=0
#### JIT-MPROTECT flip #3 ranges=1 prot=RW writers=1 exec_waits=0 late_retries=0
#### JIT-MPROTECT flip #4 ranges=1 prot=RX writers=1 exec_waits=0 late_retries=0
#### JIT-MPROTECT flip #5 ranges=1 prot=RW writers=1 exec_waits=0 late_retries=0
#### JIT-MPROTECT flip #6 ranges=1 prot=RX writers=1 exec_waits=0 late_retries=0
#### JIT-MPROTECT flip #7 ranges=1 prot=RW writers=1 exec_waits=0 late_retries=0
#### JIT-MPROTECT flip #8 ranges=1 prot=RX writers=1 exec_waits=0 late_retries=0
#### JIT-MPROTECT flip #9 ranges=1 prot=RW writers=1 exec_waits=0 late_retries=0
#### JIT-MPROTECT flip #10 ranges=1 prot=RX writers=1 exec_waits=0 late_retries=0
#### JIT-MPROTECT flip #11 ranges=1 prot=RW writers=1 exec_waits=0 late_retries=0
#### JIT-MPROTECT flip #12 ranges=1 prot=RX writers=1 exec_waits=0 late_retries=0
#### JIT-MPROTECT flip #13 ranges=1 prot=RW writers=1 exec_waits=0 late_retries=0
#### JIT-MPROTECT flip #14 ranges=1 prot=RX writers=1 exec_waits=0 late_retries=0
#### JIT-MPROTECT flip #15 ranges=1 prot=RW writers=1 exec_waits=0 late_retries=0
#### JIT-MPROTECT flip #16 ranges=1 prot=RX writers=1 exec_waits=0 late_retries=0
#### JIT-MPROTECT flip #17 ranges=1 prot=RW writers=1 exec_waits=0 late_retries=0
#### JIT-MPROTECT flip #18 ranges=1 prot=RX writers=1 exec_waits=0 late_retries=0
#### JIT-MPROTECT flip #19 ranges=1 prot=RW writers=1 exec_waits=0 late_retries=0
#### JIT-MPROTECT flip #20 ranges=1 prot=RX writers=1 exec_waits=0 late_retries=0
#### JIT-MPROTECT flip #21 ranges=1 prot=RW writers=1 exec_waits=0 late_retries=0
#### JIT-MPROTECT flip #22 ranges=1 prot=RX writers=1 exec_waits=0 late_retries=0
#### JIT-MPROTECT flip #23 ranges=1 prot=RW writers=1 exec_waits=0 late_retries=0
#### JIT-MPROTECT flip #24 ranges=1 prot=RX writers=1 exec_waits=0 late_retries=0
#### JIT-MPROTECT flip #25 ranges=1 prot=RW writers=1 exec_waits=1 late_retries=0
#### JIT-MPROTECT flip #26 ranges=1 prot=RX writers=1 exec_waits=1 late_retries=0
#### JIT-MPROTECT flip #27 ranges=1 prot=RW writers=1 exec_waits=1 late_retries=0
#### JIT-MPROTECT flip #28 ranges=1 prot=RX writers=1 exec_waits=1 late_retries=0
#### JIT-MPROTECT flip #29 ranges=1 prot=RW writers=1 exec_waits=1 late_retries=0
#### JIT-MPROTECT flip #30 ranges=1 prot=RX writers=1 exec_waits=1 late_retries=0
#### JIT-MPROTECT flip #31 ranges=1 prot=RW writers=1 exec_waits=1 late_retries=0
#### JIT-MPROTECT flip #32 ranges=1 prot=RX writers=1 exec_waits=1 late_retries=0
#### JIT-MPROTECT flip #16384 ranges=1 prot=RX writers=1 exec_waits=5311 late_retries=103
#### IOSURFACE-RELEASE-ABI pair #13: conn=15879 surfaceID=150 sel=1 -> 0
#### IOGPU-CALLBACK-BUFFER-CLEAN commandBuffer=0x601501880 class=AGXG13GFamilyCommandBuffer submitSerial=121 fixed=8 target=0x0 start=0x80cfe651ba2 end=0x80cfe655c9b
#### MTL_TEX LEASE-NEW #28 key=64x64-pf70-bpe4-fcc1380401729 entry=0x600926ea0 surf=0x600a5d9a0 tex=0x6015db900 retain=2 baseline=1 bpr=256 alloc=16KB shapeEntries=1 pool=9MB map=LINEAR
#### MTL_TEX plain DEPTH-STENCIL: pf=260 routing to native AGX path (IOSurface backing is invalid)
#### AGXIOC sel=0x9 type=0 args+0x14=0x2430 → 0x430 (stripped macOS-only bits 0x2800)
#### MTL_TEX plain DEPTH-STENCIL native result: 0x6015dcd00 class=AGXG13GFamilyTexture
#### JIT-MPROTECT flip #1024 ranges=1 prot=RX writers=1 exec_waits=180 late_retries=6
#### MTL_TEX LEASE-NEW #29 key=1x1-pf70-bpe4-fcc1380401729 entry=0x6016124c0 surf=0x600a5db60 tex=0x6015dd700 retain=2 baseline=1 bpr=128 alloc=16KB shapeEntries=1 pool=9MB map=LINEAR
#### AGX_SUBMIT_DIAG #174 TEMP-KCMD-ABI-FIX off=0 size=0x1b8->0x1a8 end=0x1e8->0x1d8 moved=0x14 new-total=0x1e0
#### IOGPU-CALLBACK-BUFFER-CLEAN commandBuffer=0x600225e80 class=AGXG13GFamilyCommandBuffer submitSerial=128 fixed=11 target=0x0 start=0x80cfe8d2e7d end=0x80cfe8d8c37
#### MTL_TEX LEASE-NEW #30 key=8x8-pf70-bpe4-fcc1380401729 entry=0x600c6dfe0 surf=0x600a5cd60 tex=0x6015de880 retain=2 baseline=1 bpr=128 alloc=16KB shapeEntries=1 pool=9MB map=LINEAR
#### MTL_TEX LEASE-NEW #31 key=2x1-pf70-bpe4-fcc1380401729 entry=0x601612af0 surf=0x600a5c0c0 tex=0x6015df280 retain=2 baseline=1 bpr=128 alloc=16KB shapeEntries=1 pool=9MB map=LINEAR
#### MTL_TEX LEASE-NEW #32 key=1x1-pf70-bpe4-fcc1380401729 entry=0x601614470 surf=0x600a5c0a0 tex=0x6015dfa00 retain=2 baseline=1 bpr=128 alloc=16KB shapeEntries=2 pool=9MB map=LINEAR
#### AGX_SUBMIT_DIAG #177 TEMP-KCMD-ABI-FIX off=0 size=0x1b8->0x1a8 end=0x1e8->0x1d8 moved=0x34 new-total=0x200
#### MTL_TEX LEASE-NEW #33 key=6x1-pf70-bpe4-fcc1380401729 entry=0x600b906c0 surf=0x600a5daa0 tex=0x601790280 retain=2 baseline=1 bpr=128 alloc=16KB shapeEntries=1 pool=9MB map=LINEAR
#### AGX_SUBMIT_DIAG #178 TEMP-KCMD-ABI-FIX off=0 size=0x1b8->0x1a8 end=0x1e8->0x1d8 moved=0x14 new-total=0x1e0
#### MTL_TEX LEASE-NEW #34 key=1x1-pf70-bpe4-fcc1380401729 entry=0x601614710 surf=0x600a52ec0 tex=0x601790a00 retain=2 baseline=1 bpr=128 alloc=16KB shapeEntries=3 pool=9MB map=LINEAR
#### MTL_TEX LEASE-NEW #35 key=1x1-pf70-bpe4-fcc1380401729 entry=0x6016145f0 surf=0x600a5ca40 tex=0x601790f00 retain=2 baseline=1 bpr=128 alloc=16KB shapeEntries=4 pool=9MB map=LINEAR
#### MTL_TEX LEASE-NEW #36 key=1x1-pf70-bpe4-fcc1380401729 entry=0x6016150d0 surf=0x600a5ac00 tex=0x601791b80 retain=2 baseline=1 bpr=128 alloc=16KB shapeEntries=5 pool=9MB map=LINEAR
#### MTL_TEX LEASE-NEW #37 key=1x1-pf70-bpe4-fcc1380401729 entry=0x601614f80 surf=0x600a58e60 tex=0x601792300 retain=2 baseline=1 bpr=128 alloc=16KB shapeEntries=6 pool=9MB map=LINEAR
#### MTL_TEX LEASE-NEW #38 key=1x1-pf70-bpe4-fcc1380401729 entry=0x601614bc0 surf=0x600a5dea0 tex=0x601792a80 retain=2 baseline=1 bpr=128 alloc=16KB shapeEntries=7 pool=9MB map=LINEAR
#### MTL_TEX LEASE-NEW #39 key=1x1-pf70-bpe4-fcc1380401729 entry=0x6016148f0 surf=0x600a5de80 tex=0x601793200 retain=2 baseline=1 bpr=128 alloc=16KB shapeEntries=8 pool=9MB map=LINEAR
#### MTL_TEX LEASE-NEW #40 key=1x1-pf70-bpe4-fcc1380401729 entry=0x601614e90 surf=0x600a5c240 tex=0x601793700 retain=2 baseline=1 bpr=128 alloc=16KB shapeEntries=9 pool=9MB map=LINEAR
#### MTL_TEX LEASE-NEW #41 key=1x1-pf70-bpe4-fcc1380401729 entry=0x601614140 surf=0x600a5da80 tex=0x601793c00 retain=2 baseline=1 bpr=128 alloc=16KB shapeEntries=10 pool=9MB map=LINEAR
#### MTL_TEX LEASE-HIT #1 key=1x1-pf70-bpe4-fcc1380401729 entry=0x601614710 surf=0x600a52ec0 tex=0x601790a00 retain=1 baseline=1 shapeEntries=10 pool=9MB
#### MTL_TEX LEASE-NEW #42 key=1x1-pf70-bpe4-fcc1380401729 entry=0x6016151f0 surf=0x600a59ac0 tex=0x601794100 retain=2 baseline=1 bpr=128 alloc=16KB shapeEntries=11 pool=9MB map=LINEAR
#### AGX_LIFE CREATE id=0xc5 type=0 surf=0 bytes=0x4000 kr=0 okC=250 failC=0 okD=52 failD=0 unmatchedD=0 full=0 live=197/94MB [t0=128/16MB t80=0/0MB t82=69/77MB]
#### MTL_TEX LEASE-NEW #43 key=1x1-pf70-bpe4-fcc1380401729 entry=0x6016156a0 surf=0x600a5dee0 tex=0x601794600 retain=2 baseline=1 bpr=128 alloc=16KB shapeEntries=12 pool=9MB map=LINEAR
#### AGX_SUBMIT_DIAG #180 TEMP-KCMD-ABI-FIX off=0 size=0x1b8->0x1a8 end=0x1e8->0x1d8 moved=0x14 new-total=0x1e0
#### MTL_TEX LEASE-NEW #44 key=1x1-pf70-bpe4-fcc1380401729 entry=0x601613660 surf=0x600a5e180 tex=0x601795500 retain=2 baseline=1 bpr=128 alloc=16KB shapeEntries=13 pool=9MB map=LINEAR
#### MTL_TEX LEASE-NEW #45 key=1x1-pf70-bpe4-fcc1380401729 entry=0x6016159a0 surf=0x600a5e0c0 tex=0x601795c80 retain=2 baseline=1 bpr=128 alloc=16KB shapeEntries=14 pool=9MB map=LINEAR
#### AGX_SUBMIT_DIAG #181 TEMP-KCMD-ABI-FIX off=0 size=0x1b8->0x1a8 end=0x1e8->0x1d8 moved=0x14 new-total=0x1e0
#### MTL_TEX LEASE-NEW #46 key=1x1-pf70-bpe4-fcc1380401729 entry=0x601615cd0 surf=0x600a511e0 tex=0x601796680 retain=2 baseline=1 bpr=128 alloc=16KB shapeEntries=15 pool=9MB map=LINEAR
#### MTL_TEX LEASE-NEW #47 key=1x1-pf70-bpe4-fcc1380401729 entry=0x601615f40 surf=0x600a5e040 tex=0x601796e00 retain=2 baseline=1 bpr=128 alloc=16KB shapeEntries=16 pool=9MB map=LINEAR
#### MTL_TEX LEASE-NEW #48 key=1x1-pf70-bpe4-fcc1380401729 entry=0x601615dc0 surf=0x600a58f20 tex=0x601797580 retain=2 baseline=1 bpr=128 alloc=16KB shapeEntries=17 pool=9MB map=LINEAR
#### MTL_TEX LEASE-NEW #49 key=1x1-pf70-bpe4-fcc1380401729 entry=0x601616120 surf=0x600a58080 tex=0x601797d00 retain=2 baseline=1 bpr=128 alloc=16KB shapeEntries=18 pool=9MB map=LINEAR
#### MTL_TEX LEASE-NEW #50 key=1x1-pf70-bpe4-fcc1380401729 entry=0x6016165a0 surf=0x600a5e520 tex=0x601798480 retain=2 baseline=1 bpr=128 alloc=16KB shapeEntries=19 pool=9MB map=LINEAR
#### MTL_TEX LEASE-NEW #51 key=1x1-pf70-bpe4-fcc1380401729 entry=0x601616330 surf=0x600a5b8c0 tex=0x601798c00 retain=2 baseline=1 bpr=128 alloc=16KB shapeEntries=20 pool=9MB map=LINEAR
#### MTL_TEX LEASE-NEW #52 key=1x1-pf70-bpe4-fcc1380401729 entry=0x6016167b0 surf=0x600a5d8a0 tex=0x601799380 retain=2 baseline=1 bpr=128 alloc=16KB shapeEntries=21 pool=9MB map=LINEAR
#### MTL_TEX LEASE-NEW #53 key=1x1-pf70-bpe4-fcc1380401729 entry=0x601616b40 surf=0x600a5e840 tex=0x601799b00 retain=2 baseline=1 bpr=128 alloc=16KB shapeEntries=22 pool=9MB map=LINEAR
#### MTL_TEX LEASE-NEW #54 key=1x1-pf70-bpe4-fcc1380401729 entry=0x6016169c0 surf=0x600a5e8c0 tex=0x60179a280 retain=2 baseline=1 bpr=128 alloc=16KB shapeEntries=23 pool=9MB map=LINEAR
#### MTL_TEX LEASE-NEW #55 key=1x1-pf70-bpe4-fcc1380401729 entry=0x601616d50 surf=0x600a5b620 tex=0x60179ac80 retain=2 baseline=1 bpr=128 alloc=16KB shapeEntries=24 pool=9MB map=LINEAR
#### MTL_TEX LEASE-NEW #56 key=1x1-pf70-bpe4-fcc1380401729 entry=0x6016171d0 surf=0x600a5bd80 tex=0x60179b400 retain=2 baseline=1 bpr=128 alloc=16KB shapeEntries=25 pool=9MB map=LINEAR
#### MTL_TEX LEASE-NEW #57 key=1x1-pf70-bpe4-fcc1380401729 entry=0x601616f60 surf=0x600a52f40 tex=0x60179bb80 retain=2 baseline=1 bpr=128 alloc=16KB shapeEntries=26 pool=9MB map=LINEAR
#### MTL_TEX LEASE-NEW #58 key=1x1-pf70-bpe4-fcc1380401729 entry=0x6016176e0 surf=0x600a5a340 tex=0x60179c300 retain=2 baseline=1 bpr=128 alloc=16KB shapeEntries=27 pool=9MB map=LINEAR
#### MTL_TEX LEASE-NEW #59 key=1x1-pf70-bpe4-fcc1380401729 entry=0x601617a40 surf=0x600a5cb00 tex=0x60179ca80 retain=2 baseline=1 bpr=128 alloc=16KB shapeEntries=28 pool=9MB map=LINEAR
#### MTL_TEX LEASE-NEW #60 key=1x1-pf70-bpe4-fcc1380401729 entry=0x6016178c0 surf=0x600a5e6e0 tex=0x60179d200 retain=2 baseline=1 bpr=128 alloc=16KB shapeEntries=29 pool=9MB map=LINEAR
#### MTL_TEX LEASE-NEW #61 key=1x1-pf70-bpe4-fcc1380401729 entry=0x601617c20 surf=0x600a5bce0 tex=0x60179dc00 retain=2 baseline=1 bpr=128 alloc=16KB shapeEntries=30 pool=9MB map=LINEAR
#### MTL_TEX LEASE-NEW #62 key=1x1-pf70-bpe4-fcc1380401729 entry=0x6016180a0 surf=0x600a5b960 tex=0x60179e380 retain=2 baseline=1 bpr=128 alloc=16KB shapeEntries=31 pool=9MB map=LINEAR
#### MTL_TEX LEASE-NEW #63 key=1x1-pf70-bpe4-fcc1380401729 entry=0x601617f50 surf=0x60003bea0 tex=0x60179eb00 retain=2 baseline=1 bpr=128 alloc=16KB shapeEntries=32 pool=9MB map=LINEAR
#### MTL_TEX LEASE-NEW #64 key=1x1-pf70-bpe4-fcc1380401729 entry=0x601613ab0 surf=0x600a5e380 tex=0x60179fc80 retain=2 baseline=1 bpr=128 alloc=16KB shapeEntries=33 pool=9MB map=LINEAR
#### TRACE -[AGXBuffer initUntracked] self=0x6018afc00 dev=0x6001d2000 len=6144 opt=0 -> 0x6018afc00
#### TRACE -[AGXBuffer initUntracked] self=0x6010d6f00 dev=0x6001d2000 len=6144 opt=0 -> 0x6010d6f00
#### TRACE -[AGXBuffer initUntracked] self=0x600aceb80 dev=0x6001d2000 len=1024 opt=0 -> 0x600aceb80
#### AGX_SUBMIT_DIAG #182 TEMP-KCMD-ABI-FIX off=0 size=0x1b8->0x1a8 end=0x1e8->0x1d8 moved=0x14 new-total=0x1e0
#### AGX_LIFE CREATE id=0x158 type=0x82 surf=0x163 bytes=0x4000 kr=0 okC=500 failC=0 okD=106 failD=0 unmatchedD=0 full=0 live=393/98MB [t0=269/19MB t80=0/0MB t82=124/78MB]
#### MTL_TEX MIP-NATIVE attempt=1 w=16 h=16 pf=70 mips=5 storage=0 usage=0x7
0   libmachook_arm64.dylib              0x00000001031bd1d8 -[MTLFakeDevice hooked_newTextureWithDescriptor:] + 1640
1   libGLESv2.dylib                     0x000000010c6d3714 glStartTilingQCOM + 2731796
2   libGLESv2.dylib                     0x000000010c6e6b48 glStartTilingQCOM + 2810696
3   libGLESv2.dylib                     0x000000010c6e5e40 glStartTilingQCOM + 2807360
4   libGLESv2.dylib                     0x000000010c6e5ccc glStartTilingQCOM + 2806988
5   libGLESv2.dylib                     0x000000010c6bcb70 glStartTilingQCOM + 2638704
6   libGLESv2.dylib                     0x000000010c6bc654 glStartTilingQCOM + 2637396
7   libGLESv2.dylib                     0x000000010c6c026c glStartTilingQCOM + 2652780
8   libGLESv2.dylib                     0x000000010c5aaa9c glStartTilingQCOM + 1516188
9   Electron Framework                  0x00000001161824e8 rust_bmp$cxxbridge1$194$Reader$image_data_loaded + 320072
10  Electron Framework                  0x000000011619aa60 rust_bmp$cxxbridge1$194$Reader$image_data_loaded + 419776
11  Electron Framework                  0x000000011046b194 _ZN4node19async_context_frame8exchangeEPN2v87IsolateENS1_5LocalINS1_5ValueEEE + 26820
12  Electron Framework                  0x000000011046a240 _ZN4node19async_context_frame8exchangeEPN2v87IsolateENS1_5LocalINS1_5ValueEEE + 22896
13  Electron Framework                  0x0000000110469f24 _ZN4node19async_context_frame8exchangeEPN2v87IsolateENS1_5LocalINS1_5ValueEEE + 22100
14  Electron Framework                  0x0000000112292d78 _ZNK2v88internal8compiler23CompilationDependencies31FieldTypeDependencyOffTheRecordENS1_6MapRefES3_NS0_13InternalIndexENS1_9ObjectRefE + 783760
15  Electron Framework                  0x00000001121fefbc _ZNK2v88internal8compiler23CompilationDependencies31FieldTypeDependencyOffTheRecordENS1_6MapRefES3_NS0_13InternalIndexENS1_9ObjectRefE + 178132
16  Electron Framework                  0x00000001109eeac8 _ZNK4node14PrincipalRealm25async_hooks_init_functionEv + 81964
17  Electron Framework                  0x000000010ff0fa34 _ZN2v815MicrotasksScopeC1ENS_5LocalINS_7ContextEEENS0_4TypeE + 6788
18  Electron Framework                  0x0000000112243c84 _ZNK2v88internal8compiler23CompilationDependencies31FieldTypeDependencyOffTheRecordENS1_6MapRefES3_NS0_13InternalIndexENS1_9ObjectRefE + 459932
19  Electron Framework                  0x000000010fe6db00 _ZN2v86Number3NewEPNS_7IsolateEd + 19272
#### AGXIOC subres parent 0x20000 -> resourceID 0x212, base=0x121c50000 span=0x20000
#### AGXIOC POST-PATCH sel=0x9 type=0x80 inStructCnt=104 (bytes that hit kernel):
    +0000: 80 00 00 00 00 00 00 00 10 00 10 00 01 00 00 00
    +0x10: 01 05 00 04 30 04 00 00 00 00 00 00 00 00 00 00
    +0x20: 00 00 00 00 00 00 00 00 00 00 00 00 00 00 00 00
    +0x30: 00 00 c5 21 01 00 00 00 00 00 c5 21 01 00 00 00
    +0x40: 00 00 02 00 00 00 00 00 12 02 00 00 00 00 00 00
    +0x50: 12 02 00 00 00 00 00 00 00 8f 88 82 01 00 00 00
    +0x60: 00 00 00 00 00 00 00 00
#### AGXIOC POST-CALL sel=0x9 type=0x80 -> kr=0
#### MTL_TEX MIP-NATIVE result attempt=1 tex=0x6019bcf80 class=AGXG13GFamilyTexture
#### MTL_TEX MIP-NATIVE attempt=2 w=32 h=32 pf=70 mips=6 storage=0 usage=0x7
0   libmachook_arm64.dylib              0x00000001031bd1d8 -[MTLFakeDevice hooked_newTextureWithDescriptor:] + 1640
1   libGLESv2.dylib                     0x000000010c6d3714 glStartTilingQCOM + 2731796
2   libGLESv2.dylib                     0x000000010c6e6b48 glStartTilingQCOM + 2810696
3   libGLESv2.dylib                     0x000000010c6e5e40 glStartTilingQCOM + 2807360
4   libGLESv2.dylib                     0x000000010c6e5ccc glStartTilingQCOM + 2806988
5   libGLESv2.dylib                     0x000000010c6bcb70 glStartTilingQCOM + 2638704
6   libGLESv2.dylib                     0x000000010c6bc654 glStartTilingQCOM + 2637396
7   libGLESv2.dylib                     0x000000010c6c026c glStartTilingQCOM + 2652780
8   libGLESv2.dylib                     0x000000010c5aaa9c glStartTilingQCOM + 1516188
9   Electron Framework                  0x00000001161824e8 rust_bmp$cxxbridge1$194$Reader$image_data_loaded + 320072
10  Electron Framework                  0x000000011619aa60 rust_bmp$cxxbridge1$194$Reader$image_data_loaded + 419776
11  Electron Framework                  0x000000011046b194 _ZN4node19async_context_frame8exchangeEPN2v87IsolateENS1_5LocalINS1_5ValueEEE + 26820
12  Electron Framework                  0x000000011046a240 _ZN4node19async_context_frame8exchangeEPN2v87IsolateENS1_5LocalINS1_5ValueEEE + 22896
13  Electron Framework                  0x0000000110469f24 _ZN4node19async_context_frame8exchangeEPN2v87IsolateENS1_5LocalINS1_5ValueEEE + 22100
14  Electron Framework                  0x0000000112292d78 _ZNK2v88internal8compiler23CompilationDependencies31FieldTypeDependencyOffTheRecordENS1_6MapRefES3_NS0_13InternalIndexENS1_9ObjectRefE + 783760
15  Electron Framework                  0x00000001121fefbc _ZNK2v88internal8compiler23CompilationDependencies31FieldTypeDependencyOffTheRecordENS1_6MapRefES3_NS0_13InternalIndexENS1_9ObjectRefE + 178132
16  Electron Framework                  0x00000001109eeac8 _ZNK4node14PrincipalRealm25async_hooks_init_functionEv + 81964
17  Electron Framework                  0x000000010ff0fa34 _ZN2v815MicrotasksScopeC1ENS_5LocalINS_7ContextEEENS0_4TypeE + 6788
18  Electron Framework                  0x0000000112243c84 _ZNK2v88internal8compiler23CompilationDependencies31FieldTypeDependencyOffTheRecordENS1_6MapRefES3_NS0_13InternalIndexENS1_9ObjectRefE + 459932
19  Electron Framework                  0x000000010fe6db00 _ZN2v86Number3NewEPNS_7IsolateEd + 19272
#### AGXIOC subres parent 0x20000 -> resourceID 0x212, base=0x121c50700 span=0x20000
#### MTL_TEX MIP-NATIVE result attempt=2 tex=0x6019bdc00 class=AGXG13GFamilyTexture
#### JIT-MPROTECT flip #17408 ranges=1 prot=RX writers=1 exec_waits=5571 late_retries=110
#### IOGPU-CALLBACK-BUFFER-CLEAN commandBuffer=0x600225e80 class=AGXG13GFamilyCommandBuffer submitSerial=136 fixed=11 target=0x0 start=0x80cfedd9ab4 end=0x80cfeddec4c
#### IOGPU-CALLBACK-BUFFER-CLEAN commandBuffer=0x6019e2300 class=AGXG13GFamilyCommandBuffer submitSerial=137 fixed=11 target=0x0 start=0x80cfee32f05 end=0x80cfee3813c
[91m[main 2026-07-29T21:52:59.968Z][0m AgentHostStarter was unable to resolve shell environment Error: Unable to resolve your shell environment: Unexpected exit code from spawned shell (code null, signal SIGABRT)
    at file:///Applications/Visual%20Studio%20Code.app/Contents/Resources/app/out/main.js:474:34475
    at async file:///Applications/Visual%20Studio%20Code.app/Contents/Resources/app/out/main.js:434:92057
[90m[main 2026-07-29T21:52:59.972Z][0m AgentHostProcessManager: agent host started
#### JIT-MPROTECT flip #7168 ranges=1 prot=RX writers=1 exec_waits=2195 late_retries=45
#### IOGPU-CALLBACK-BUFFER-CLEAN commandBuffer=0x600225e80 class=AGXG13GFamilyCommandBuffer submitSerial=136 fixed=11 target=0x0 start=0x80cfeefd744 end=0x80cfeefd74f
#### AGX_SUBMIT_DIAG #189 TEMP-KCMD-TRAILING-WRAPPER-FIX match=64 subtype1=0..0x840->0..0x820 wrappers=1 range=0x840..0x858->0x820..0x838
#### MTL_TEX MIP-NATIVE attempt=3 w=128 h=512 pf=70 mips=10 storage=0 usage=0x7
0   libmachook_arm64.dylib              0x00000001031bd1d8 -[MTLFakeDevice hooked_newTextureWithDescriptor:] + 1640
1   libGLESv2.dylib                     0x000000010c6d3714 glStartTilingQCOM + 2731796
2   libGLESv2.dylib                     0x000000010c6e6b48 glStartTilingQCOM + 2810696
3   libGLESv2.dylib                     0x000000010c6e5e40 glStartTilingQCOM + 2807360
4   libGLESv2.dylib                     0x000000010c6e5ccc glStartTilingQCOM + 2806988
5   libGLESv2.dylib                     0x000000010c6bcb70 glStartTilingQCOM + 2638704
6   libGLESv2.dylib                     0x000000010c6bc654 glStartTilingQCOM + 2637396
7   libGLESv2.dylib                     0x000000010c6c026c glStartTilingQCOM + 2652780
8   libGLESv2.dylib                     0x000000010c5aaa9c glStartTilingQCOM + 1516188
9   Electron Framework                  0x00000001161824e8 rust_bmp$cxxbridge1$194$Reader$image_data_loaded + 320072
10  Electron Framework                  0x000000011619aa60 rust_bmp$cxxbridge1$194$Reader$image_data_loaded + 419776
11  Electron Framework                  0x000000011046b194 _ZN4node19async_context_frame8exchangeEPN2v87IsolateENS1_5LocalINS1_5ValueEEE + 26820
12  Electron Framework                  0x000000011046a240 _ZN4node19async_context_frame8exchangeEPN2v87IsolateENS1_5LocalINS1_5ValueEEE + 22896
13  Electron Framework                  0x0000000110469f24 _ZN4node19async_context_frame8exchangeEPN2v87IsolateENS1_5LocalINS1_5ValueEEE + 22100
14  Electron Framework                  0x0000000112292d78 _ZNK2v88internal8compiler23CompilationDependencies31FieldTypeDependencyOffTheRecordENS1_6MapRefES3_NS0_13InternalIndexENS1_9ObjectRefE + 783760
15  Electron Framework                  0x00000001121fefbc _ZNK2v88internal8compiler23CompilationDependencies31FieldTypeDependencyOffTheRecordENS1_6MapRefES3_NS0_13InternalIndexENS1_9ObjectRefE + 178132
16  Electron Framework                  0x00000001109eeac8 _ZNK4node14PrincipalRealm25async_hooks_init_functionEv + 81964
17  Electron Framework                  0x000000010ff0fa34 _ZN2v815MicrotasksScopeC1ENS_5LocalINS_7ContextEEENS0_4TypeE + 6788
18  Electron Framework                  0x0000000112243c84 _ZNK2v88internal8compiler23CompilationDependencies31FieldTypeDependencyOffTheRecordENS1_6MapRefES3_NS0_13InternalIndexENS1_9ObjectRefE + 459932
19  Electron Framework                  0x000000010fe6db00 _ZN2v86Number3NewEPNS_7IsolateEd + 19272
#### MTL_TEX MIP-NATIVE result attempt=3 tex=0x601794880 class=AGXG13GFamilyTexture
#### MTL_TEX MIP-NATIVE attempt=4 w=128 h=32 pf=70 mips=8 storage=0 usage=0x7
0   libmachook_arm64.dylib              0x00000001031bd1d8 -[MTLFakeDevice hooked_newTextureWithDescriptor:] + 1640
1   libGLESv2.dylib                     0x000000010c6d3714 glStartTilingQCOM + 2731796
2   libGLESv2.dylib                     0x000000010c6e6b48 glStartTilingQCOM + 2810696
3   libGLESv2.dylib                     0x000000010c6e5e40 glStartTilingQCOM + 2807360
4   libGLESv2.dylib                     0x000000010c6e5ccc glStartTilingQCOM + 2806988
5   libGLESv2.dylib                     0x000000010c6bcb70 glStartTilingQCOM + 2638704
6   libGLESv2.dylib                     0x000000010c6bc654 glStartTilingQCOM + 2637396
7   libGLESv2.dylib                     0x000000010c6c026c glStartTilingQCOM + 2652780
8   libGLESv2.dylib                     0x000000010c5aaa9c glStartTilingQCOM + 1516188
9   Electron Framework                  0x00000001161824e8 rust_bmp$cxxbridge1$194$Reader$image_data_loaded + 320072
10  Electron Framework                  0x000000011619aa60 rust_bmp$cxxbridge1$194$Reader$image_data_loaded + 419776
11  Electron Framework                  0x000000011046b194 _ZN4node19async_context_frame8exchangeEPN2v87IsolateENS1_5LocalINS1_5ValueEEE + 26820
12  Electron Framework                  0x000000011046a240 _ZN4node19async_context_frame8exchangeEPN2v87IsolateENS1_5LocalINS1_5ValueEEE + 22896
13  Electron Framework                  0x0000000110469f24 _ZN4node19async_context_frame8exchangeEPN2v87IsolateENS1_5LocalINS1_5ValueEEE + 22100
14  Electron Framework                  0x0000000112292d78 _ZNK2v88internal8compiler23CompilationDependencies31FieldTypeDependencyOffTheRecordENS1_6MapRefES3_NS0_13InternalIndexENS1_9ObjectRefE + 783760
15  Electron Framework                  0x00000001121fefbc _ZNK2v88internal8compiler23CompilationDependencies31FieldTypeDependencyOffTheRecordENS1_6MapRefES3_NS0_13InternalIndexENS1_9ObjectRefE + 178132
16  Electron Framework                  0x00000001109eeac8 _ZNK4node14PrincipalRealm25async_hooks_init_functionEv + 81964
17  Electron Framework                  0x000000010ff0fa34 _ZN2v815MicrotasksScopeC1ENS_5LocalINS_7ContextEEENS0_4TypeE + 6788
18  Electron Framework                  0x0000000112243c84 _ZNK2v88internal8compiler23CompilationDependencies31FieldTypeDependencyOffTheRecordENS1_6MapRefES3_NS0_13InternalIndexENS1_9ObjectRefE + 459932
19  Electron Framework                  0x000000010fe6db00 _ZN2v86Number3NewEPNS_7IsolateEd + 19272
#### MTL_TEX MIP-NATIVE result attempt=4 tex=0x6019beb00 class=AGXG13GFamilyTexture
#### MTL_TEX MIP-NATIVE attempt=5 w=128 h=32 pf=70 mips=8 storage=0 usage=0x7
0   libmachook_arm64.dylib              0x00000001031bd1d8 -[MTLFakeDevice hooked_newTextureWithDescriptor:] + 1640
1   libGLESv2.dylib                     0x000000010c6d3714 glStartTilingQCOM + 2731796
2   libGLESv2.dylib                     0x000000010c6e6b48 glStartTilingQCOM + 2810696
3   libGLESv2.dylib                     0x000000010c6e5e40 glStartTilingQCOM + 2807360
4   libGLESv2.dylib                     0x000000010c6e5ccc glStartTilingQCOM + 2806988
5   libGLESv2.dylib                     0x000000010c6bcb70 glStartTilingQCOM + 2638704
6   libGLESv2.dylib                     0x000000010c6bc654 glStartTilingQCOM + 2637396
7   libGLESv2.dylib                     0x000000010c6c026c glStartTilingQCOM + 2652780
8   libGLESv2.dylib                     0x000000010c5aaa9c glStartTilingQCOM + 1516188
9   Electron Framework                  0x00000001161824e8 rust_bmp$cxxbridge1$194$Reader$image_data_loaded + 320072
10  Electron Framework                  0x000000011619aa60 rust_bmp$cxxbridge1$194$Reader$image_data_loaded + 419776
11  Electron Framework                  0x000000011046b194 _ZN4node19async_context_frame8exchangeEPN2v87IsolateENS1_5LocalINS1_5ValueEEE + 26820
12  Electron Framework                  0x000000011046a240 _ZN4node19async_context_frame8exchangeEPN2v87IsolateENS1_5LocalINS1_5ValueEEE + 22896
13  Electron Framework                  0x0000000110469f24 _ZN4node19async_context_frame8exchangeEPN2v87IsolateENS1_5LocalINS1_5ValueEEE + 22100
14  Electron Framework                  0x0000000112292d78 _ZNK2v88internal8compiler23CompilationDependencies31FieldTypeDependencyOffTheRecordENS1_6MapRefES3_NS0_13InternalIndexENS1_9ObjectRefE + 783760
15  Electron Framework                  0x00000001121fefbc _ZNK2v88internal8compiler23CompilationDependencies31FieldTypeDependencyOffTheRecordENS1_6MapRefES3_NS0_13InternalIndexENS1_9ObjectRefE + 178132
16  Electron Framework                  0x00000001109eeac8 _ZNK4node14PrincipalRealm25async_hooks_init_functionEv + 81964
17  Electron Framework                  0x000000010ff0fa34 _ZN2v815MicrotasksScopeC1ENS_5LocalINS_7ContextEEENS0_4TypeE + 6788
18  Electron Framework                  0x0000000112243c84 _ZNK2v88internal8compiler23CompilationDependencies31FieldTypeDependencyOffTheRecordENS1_6MapRefES3_NS0_13InternalIndexENS1_9ObjectRefE + 459932
19  Electron Framework                  0x000000010fe6db00 _ZN2v86Number3NewEPNS_7IsolateEd + 19272
#### MTL_TEX MIP-NATIVE result attempt=5 tex=0x6019bfa00 class=AGXG13GFamilyTexture
#### MTL_TEX MIP-NATIVE attempt=6 w=128 h=32 pf=70 mips=8 storage=0 usage=0x7
0   libmachook_arm64.dylib              0x00000001031bd1d8 -[MTLFakeDevice hooked_newTextureWithDescriptor:] + 1640
1   libGLESv2.dylib                     0x000000010c6d3714 glStartTilingQCOM + 2731796
2   libGLESv2.dylib                     0x000000010c6e6b48 glStartTilingQCOM + 2810696
3   libGLESv2.dylib                     0x000000010c6e5e40 glStartTilingQCOM + 2807360
4   libGLESv2.dylib                     0x000000010c6e5ccc glStartTilingQCOM + 2806988
5   libGLESv2.dylib                     0x000000010c6bcb70 glStartTilingQCOM + 2638704
6   libGLESv2.dylib                     0x000000010c6bc654 glStartTilingQCOM + 2637396
7   libGLESv2.dylib                     0x000000010c6c026c glStartTilingQCOM + 2652780
8   libGLESv2.dylib                     0x000000010c5aaa9c glStartTilingQCOM + 1516188
9   Electron Framework                  0x00000001161824e8 rust_bmp$cxxbridge1$194$Reader$image_data_loaded + 320072
10  Electron Framework                  0x000000011619aa60 rust_bmp$cxxbridge1$194$Reader$image_data_loaded + 419776
11  Electron Framework                  0x000000011046b194 _ZN4node19async_context_frame8exchangeEPN2v87IsolateENS1_5LocalINS1_5ValueEEE + 26820
12  Electron Framework                  0x000000011046a240 _ZN4node19async_context_frame8exchangeEPN2v87IsolateENS1_5LocalINS1_5ValueEEE + 22896
13  Electron Framework                  0x0000000110469f24 _ZN4node19async_context_frame8exchangeEPN2v87IsolateENS1_5LocalINS1_5ValueEEE + 22100
14  Electron Framework                  0x0000000112292d78 _ZNK2v88internal8compiler23CompilationDependencies31FieldTypeDependencyOffTheRecordENS1_6MapRefES3_NS0_13InternalIndexENS1_9ObjectRefE + 783760
15  Electron Framework                  0x00000001121fefbc _ZNK2v88internal8compiler23CompilationDependencies31FieldTypeDependencyOffTheRecordENS1_6MapRefES3_NS0_13InternalIndexENS1_9ObjectRefE + 178132
16  Electron Framework                  0x00000001109eeac8 _ZNK4node14PrincipalRealm25async_hooks_init_functionEv + 81964
17  Electron Framework                  0x000000010ff0fa34 _ZN2v815MicrotasksScopeC1ENS_5LocalINS_7ContextEEENS0_4TypeE + 6788
18  Electron Framework                  0x0000000112243c84 _ZNK2v88internal8compiler23CompilationDependencies31FieldTypeDependencyOffTheRecordENS1_6MapRefES3_NS0_13InternalIndexENS1_9ObjectRefE + 459932
19  Electron Framework                  0x000000010fe6db00 _ZN2v86Number3NewEPNS_7IsolateEd + 19272
#### MTL_TEX MIP-NATIVE result attempt=6 tex=0x601a60500 class=AGXG13GFamilyTexture
#### MTL_TEX MIP-NATIVE attempt=7 w=512 h=512 pf=70 mips=10 storage=0 usage=0x7
0   libmachook_arm64.dylib              0x00000001031bd1d8 -[MTLFakeDevice hooked_newTextureWithDescriptor:] + 1640
1   libGLESv2.dylib                     0x000000010c6d3714 glStartTilingQCOM + 2731796
2   libGLESv2.dylib                     0x000000010c6e6b48 glStartTilingQCOM + 2810696
3   libGLESv2.dylib                     0x000000010c6e5e40 glStartTilingQCOM + 2807360
4   libGLESv2.dylib                     0x000000010c6e5ccc glStartTilingQCOM + 2806988
5   libGLESv2.dylib                     0x000000010c6bcb70 glStartTilingQCOM + 2638704
6   libGLESv2.dylib                     0x000000010c6bc654 glStartTilingQCOM + 2637396
7   libGLESv2.dylib                     0x000000010c6c026c glStartTilingQCOM + 2652780
8   libGLESv2.dylib                     0x000000010c5aaa9c glStartTilingQCOM + 1516188
9   Electron Framework                  0x00000001161824e8 rust_bmp$cxxbridge1$194$Reader$image_data_loaded + 320072
10  Electron Framework                  0x000000011619aa60 rust_bmp$cxxbridge1$194$Reader$image_data_loaded + 419776
11  Electron Framework                  0x000000011046b194 _ZN4node19async_context_frame8exchangeEPN2v87IsolateENS1_5LocalINS1_5ValueEEE + 26820
12  Electron Framework                  0x000000011046a240 _ZN4node19async_context_frame8exchangeEPN2v87IsolateENS1_5LocalINS1_5ValueEEE + 22896
13  Electron Framework                  0x0000000110469f24 _ZN4node19async_context_frame8exchangeEPN2v87IsolateENS1_5LocalINS1_5ValueEEE + 22100
14  Electron Framework                  0x0000000112292d78 _ZNK2v88internal8compiler23CompilationDependencies31FieldTypeDependencyOffTheRecordENS1_6MapRefES3_NS0_13InternalIndexENS1_9ObjectRefE + 783760
15  Electron Framework                  0x00000001121fefbc _ZNK2v88internal8compiler23CompilationDependencies31FieldTypeDependencyOffTheRecordENS1_6MapRefES3_NS0_13InternalIndexENS1_9ObjectRefE + 178132
16  Electron Framework                  0x00000001109eeac8 _ZNK4node14PrincipalRealm25async_hooks_init_functionEv + 81964
17  Electron Framework                  0x000000010ff0fa34 _ZN2v815MicrotasksScopeC1ENS_5LocalINS_7ContextEEENS0_4TypeE + 6788
18  Electron Framework                  0x0000000112243c84 _ZNK2v88internal8compiler23CompilationDependencies31FieldTypeDependencyOffTheRecordENS1_6MapRefES3_NS0_13InternalIndexENS1_9ObjectRefE + 459932
19  Electron Framework                  0x000000010fe6db00 _ZN2v86Number3NewEPNS_7IsolateEd + 19272
#### MTL_TEX MIP-NATIVE result attempt=7 tex=0x601a60f00 class=AGXG13GFamilyTexture
#### MTL_TEX MIP-NATIVE attempt=8 w=512 h=512 pf=70 mips=10 storage=0 usage=0x7
0   libmachook_arm64.dylib              0x00000001031bd1d8 -[MTLFakeDevice hooked_newTextureWithDescriptor:] + 1640
1   libGLESv2.dylib                     0x000000010c6d3714 glStartTilingQCOM + 2731796
2   libGLESv2.dylib                     0x000000010c6e6b48 glStartTilingQCOM + 2810696
3   libGLESv2.dylib                     0x000000010c6e5e40 glStartTilingQCOM + 2807360
4   libGLESv2.dylib                     0x000000010c6e5ccc glStartTilingQCOM + 2806988
5   libGLESv2.dylib                     0x000000010c6bcb70 glStartTilingQCOM + 2638704
6   libGLESv2.dylib                     0x000000010c6bc654 glStartTilingQCOM + 2637396
7   libGLESv2.dylib                     0x000000010c6c026c glStartTilingQCOM + 2652780
8   libGLESv2.dylib                     0x000000010c5aaa9c glStartTilingQCOM + 1516188
9   Electron Framework                  0x00000001161824e8 rust_bmp$cxxbridge1$194$Reader$image_data_loaded + 320072
10  Electron Framework                  0x000000011619aa60 rust_bmp$cxxbridge1$194$Reader$image_data_loaded + 419776
11  Electron Framework                  0x000000011046b194 _ZN4node19async_context_frame8exchangeEPN2v87IsolateENS1_5LocalINS1_5ValueEEE + 26820
12  Electron Framework                  0x000000011046a240 _ZN4node19async_context_frame8exchangeEPN2v87IsolateENS1_5LocalINS1_5ValueEEE + 22896
13  Electron Framework                  0x0000000110469f24 _ZN4node19async_context_frame8exchangeEPN2v87IsolateENS1_5LocalINS1_5ValueEEE + 22100
14  Electron Framework                  0x0000000112292d78 _ZNK2v88internal8compiler23CompilationDependencies31FieldTypeDependencyOffTheRecordENS1_6MapRefES3_NS0_13InternalIndexENS1_9ObjectRefE + 783760
15  Electron Framework                  0x00000001121fefbc _ZNK2v88internal8compiler23CompilationDependencies31FieldTypeDependencyOffTheRecordENS1_6MapRefES3_NS0_13InternalIndexENS1_9ObjectRefE + 178132
16  Electron Framework                  0x00000001109eeac8 _ZNK4node14PrincipalRealm25async_hooks_init_functionEv + 81964
17  Electron Framework                  0x000000010ff0fa34 _ZN2v815MicrotasksScopeC1ENS_5LocalINS_7ContextEEENS0_4TypeE + 6788
18  Electron Framework                  0x0000000112243c84 _ZNK2v88internal8compiler23CompilationDependencies31FieldTypeDependencyOffTheRecordENS1_6MapRefES3_NS0_13InternalIndexENS1_9ObjectRefE + 459932
19  Electron Framework                  0x000000010fe6db00 _ZN2v86Number3NewEPNS_7IsolateEd + 19272
#### MTL_TEX MIP-NATIVE result attempt=8 tex=0x601a61900 class=AGXG13GFamilyTexture
#### MTL_TEX MIP-NATIVE attempt=9 w=512 h=512 pf=70 mips=10 storage=0 usage=0x7
0   libmachook_arm64.dylib              0x00000001031bd1d8 -[MTLFakeDevice hooked_newTextureWithDescriptor:] + 1640
1   libGLESv2.dylib                     0x000000010c6d3714 glStartTilingQCOM + 2731796
2   libGLESv2.dylib                     0x000000010c6e6b48 glStartTilingQCOM + 2810696
3   libGLESv2.dylib                     0x000000010c6e5e40 glStartTilingQCOM + 2807360
4   libGLESv2.dylib                     0x000000010c6e5ccc glStartTilingQCOM + 2806988
5   libGLESv2.dylib                     0x000000010c6bcb70 glStartTilingQCOM + 2638704
6   libGLESv2.dylib                     0x000000010c6bc654 glStartTilingQCOM + 2637396
7   libGLESv2.dylib                     0x000000010c6c026c glStartTilingQCOM + 2652780
8   libGLESv2.dylib                     0x000000010c5aaa9c glStartTilingQCOM + 1516188
9   Electron Framework                  0x00000001161824e8 rust_bmp$cxxbridge1$194$Reader$image_data_loaded + 320072
10  Electron Framework                  0x000000011619aa60 rust_bmp$cxxbridge1$194$Reader$image_data_loaded + 419776
11  Electron Framework                  0x000000011046b194 _ZN4node19async_context_frame8exchangeEPN2v87IsolateENS1_5LocalINS1_5ValueEEE + 26820
12  Electron Framework                  0x000000011046a240 _ZN4node19async_context_frame8exchangeEPN2v87IsolateENS1_5LocalINS1_5ValueEEE + 22896
13  Electron Framework                  0x0000000110469f24 _ZN4node19async_context_frame8exchangeEPN2v87IsolateENS1_5LocalINS1_5ValueEEE + 22100
14  Electron Framework                  0x0000000112292d78 _ZNK2v88internal8compiler23CompilationDependencies31FieldTypeDependencyOffTheRecordENS1_6MapRefES3_NS0_13InternalIndexENS1_9ObjectRefE + 783760
15  Electron Framework                  0x00000001121fefbc _ZNK2v88internal8compiler23CompilationDependencies31FieldTypeDependencyOffTheRecordENS1_6MapRefES3_NS0_13InternalIndexENS1_9ObjectRefE + 178132
16  Electron Framework                  0x00000001109eeac8 _ZNK4node14PrincipalRealm25async_hooks_init_functionEv + 81964
17  Electron Framework                  0x000000010ff0fa34 _ZN2v815MicrotasksScopeC1ENS_5LocalINS_7ContextEEENS0_4TypeE + 6788
18  Electron Framework                  0x0000000112243c84 _ZNK2v88internal8compiler23CompilationDependencies31FieldTypeDependencyOffTheRecordENS1_6MapRefES3_NS0_13InternalIndexENS1_9ObjectRefE + 459932
19  Electron Framework                  0x000000010fe6db00 _ZN2v86Number3NewEPNS_7IsolateEd + 19272
#### MTL_TEX MIP-NATIVE result attempt=9 tex=0x601a62300 class=AGXG13GFamilyTexture
#### MTL_TEX MIP-NATIVE attempt=10 w=512 h=512 pf=70 mips=10 storage=0 usage=0x7
0   libmachook_arm64.dylib              0x00000001031bd1d8 -[MTLFakeDevice hooked_newTextureWithDescriptor:] + 1640
1   libGLESv2.dylib                     0x000000010c6d3714 glStartTilingQCOM + 2731796
2   libGLESv2.dylib                     0x000000010c6e6b48 glStartTilingQCOM + 2810696
3   libGLESv2.dylib                     0x000000010c6e5e40 glStartTilingQCOM + 2807360
4   libGLESv2.dylib                     0x000000010c6e5ccc glStartTilingQCOM + 2806988
5   libGLESv2.dylib                     0x000000010c6bcb70 glStartTilingQCOM + 2638704
6   libGLESv2.dylib                     0x000000010c6bc654 glStartTilingQCOM + 2637396
7   libGLESv2.dylib                     0x000000010c6c026c glStartTilingQCOM + 2652780
8   libGLESv2.dylib                     0x000000010c5aaa9c glStartTilingQCOM + 1516188
9   Electron Framework                  0x00000001161824e8 rust_bmp$cxxbridge1$194$Reader$image_data_loaded + 320072
10  Electron Framework                  0x000000011619aa60 rust_bmp$cxxbridge1$194$Reader$image_data_loaded + 419776
11  Electron Framework                  0x000000011046b194 _ZN4node19async_context_frame8exchangeEPN2v87IsolateENS1_5LocalINS1_5ValueEEE + 26820
12  Electron Framework                  0x000000011046a240 _ZN4node19async_context_frame8exchangeEPN2v87IsolateENS1_5LocalINS1_5ValueEEE + 22896
13  Electron Framework                  0x0000000110469f24 _ZN4node19async_context_frame8exchangeEPN2v87IsolateENS1_5LocalINS1_5ValueEEE + 22100
14  Electron Framework                  0x0000000112292d78 _ZNK2v88internal8compiler23CompilationDependencies31FieldTypeDependencyOffTheRecordENS1_6MapRefES3_NS0_13InternalIndexENS1_9ObjectRefE + 783760
15  Electron Framework                  0x00000001121fefbc _ZNK2v88internal8compiler23CompilationDependencies31FieldTypeDependencyOffTheRecordENS1_6MapRefES3_NS0_13InternalIndexENS1_9ObjectRefE + 178132
16  Electron Framework                  0x00000001109eeac8 _ZNK4node14PrincipalRealm25async_hooks_init_functionEv + 81964
17  Electron Framework                  0x000000010ff0fa34 _ZN2v815MicrotasksScopeC1ENS_5LocalINS_7ContextEEENS0_4TypeE + 6788
18  Electron Framework                  0x0000000112243c84 _ZNK2v88internal8compiler23CompilationDependencies31FieldTypeDependencyOffTheRecordENS1_6MapRefES3_NS0_13InternalIndexENS1_9ObjectRefE + 459932
19  Electron Framework                  0x000000010fe6db00 _ZN2v86Number3NewEPNS_7IsolateEd + 19272
#### MTL_TEX MIP-NATIVE result attempt=10 tex=0x601a62d00 class=AGXG13GFamilyTexture
#### MTL_TEX MIP-NATIVE attempt=11 w=512 h=512 pf=70 mips=10 storage=0 usage=0x7
0   libmachook_arm64.dylib              0x00000001031bd1d8 -[MTLFakeDevice hooked_newTextureWithDescriptor:] + 1640
1   libGLESv2.dylib                     0x000000010c6d3714 glStartTilingQCOM + 2731796
2   libGLESv2.dylib                     0x000000010c6e6b48 glStartTilingQCOM + 2810696
3   libGLESv2.dylib                     0x000000010c6e5e40 glStartTilingQCOM + 2807360
4   libGLESv2.dylib                     0x000000010c6e5ccc glStartTilingQCOM + 2806988
5   libGLESv2.dylib                     0x000000010c6bcb70 glStartTilingQCOM + 2638704
6   libGLESv2.dylib                     0x000000010c6bc654 glStartTilingQCOM + 2637396
7   libGLESv2.dylib                     0x000000010c6c026c glStartTilingQCOM + 2652780
8   libGLESv2.dylib                     0x000000010c5aaa9c glStartTilingQCOM + 1516188
9   Electron Framework                  0x00000001161824e8 rust_bmp$cxxbridge1$194$Reader$image_data_loaded + 320072
10  Electron Framework                  0x000000011619aa60 rust_bmp$cxxbridge1$194$Reader$image_data_loaded + 419776
11  Electron Framework                  0x000000011046b194 _ZN4node19async_context_frame8exchangeEPN2v87IsolateENS1_5LocalINS1_5ValueEEE + 26820
12  Electron Framework                  0x000000011046a240 _ZN4node19async_context_frame8exchangeEPN2v87IsolateENS1_5LocalINS1_5ValueEEE + 22896
13  Electron Framework                  0x0000000110469f24 _ZN4node19async_context_frame8exchangeEPN2v87IsolateENS1_5LocalINS1_5ValueEEE + 22100
14  Electron Framework                  0x0000000112292d78 _ZNK2v88internal8compiler23CompilationDependencies31FieldTypeDependencyOffTheRecordENS1_6MapRefES3_NS0_13InternalIndexENS1_9ObjectRefE + 783760
15  Electron Framework                  0x00000001121fefbc _ZNK2v88internal8compiler23CompilationDependencies31FieldTypeDependencyOffTheRecordENS1_6MapRefES3_NS0_13InternalIndexENS1_9ObjectRefE + 178132
16  Electron Framework                  0x00000001109eeac8 _ZNK4node14PrincipalRealm25async_hooks_init_functionEv + 81964
17  Electron Framework                  0x000000010ff0fa34 _ZN2v815MicrotasksScopeC1ENS_5LocalINS_7ContextEEENS0_4TypeE + 6788
18  Electron Framework                  0x0000000112243c84 _ZNK2v88internal8compiler23CompilationDependencies31FieldTypeDependencyOffTheRecordENS1_6MapRefES3_NS0_13InternalIndexENS1_9ObjectRefE + 459932
19  Electron Framework                  0x000000010fe6db00 _ZN2v86Number3NewEPNS_7IsolateEd + 19272
#### MTL_TEX MIP-NATIVE result attempt=11 tex=0x601a63980 class=AGXG13GFamilyTexture
#### MTL_TEX MIP-NATIVE attempt=12 w=512 h=512 pf=70 mips=10 storage=0 usage=0x7
0   libmachook_arm64.dylib              0x00000001031bd1d8 -[MTLFakeDevice hooked_newTextureWithDescriptor:] + 1640
1   libGLESv2.dylib                     0x000000010c6d3714 glStartTilingQCOM + 2731796
2   libGLESv2.dylib                     0x000000010c6e6b48 glStartTilingQCOM + 2810696
3   libGLESv2.dylib                     0x000000010c6e5e40 glStartTilingQCOM + 2807360
4   libGLESv2.dylib                     0x000000010c6e5ccc glStartTilingQCOM + 2806988
5   libGLESv2.dylib                     0x000000010c6bcb70 glStartTilingQCOM + 2638704
6   libGLESv2.dylib                     0x000000010c6bc654 glStartTilingQCOM + 2637396
7   libGLESv2.dylib                     0x000000010c6c026c glStartTilingQCOM + 2652780
8   libGLESv2.dylib                     0x000000010c5aaa9c glStartTilingQCOM + 1516188
9   Electron Framework                  0x00000001161824e8 rust_bmp$cxxbridge1$194$Reader$image_data_loaded + 320072
10  Electron Framework                  0x000000011619aa60 rust_bmp$cxxbridge1$194$Reader$image_data_loaded + 419776
11  Electron Framework                  0x000000011046b194 _ZN4node19async_context_frame8exchangeEPN2v87IsolateENS1_5LocalINS1_5ValueEEE + 26820
12  Electron Framework                  0x000000011046a240 _ZN4node19async_context_frame8exchangeEPN2v87IsolateENS1_5LocalINS1_5ValueEEE + 22896
13  Electron Framework                  0x0000000110469f24 _ZN4node19async_context_frame8exchangeEPN2v87IsolateENS1_5LocalINS1_5ValueEEE + 22100
14  Electron Framework                  0x0000000112292d78 _ZNK2v88internal8compiler23CompilationDependencies31FieldTypeDependencyOffTheRecordENS1_6MapRefES3_NS0_13InternalIndexENS1_9ObjectRefE + 783760
15  Electron Framework                  0x00000001121fefbc _ZNK2v88internal8compiler23CompilationDependencies31FieldTypeDependencyOffTheRecordENS1_6MapRefES3_NS0_13InternalIndexENS1_9ObjectRefE + 178132
16  Electron Framework                  0x00000001109eeac8 _ZNK4node14PrincipalRealm25async_hooks_init_functionEv + 81964
17  Electron Framework                  0x000000010ff0fa34 _ZN2v815MicrotasksScopeC1ENS_5LocalINS_7ContextEEENS0_4TypeE + 6788
18  Electron Framework                  0x0000000112243c84 _ZNK2v88internal8compiler23CompilationDependencies31FieldTypeDependencyOffTheRecordENS1_6MapRefES3_NS0_13InternalIndexENS1_9ObjectRefE + 459932
19  Electron Framework                  0x000000010fe6db00 _ZN2v86Number3NewEPNS_7IsolateEd + 19272
#### MTL_TEX MIP-NATIVE result attempt=12 tex=0x601a64380 class=AGXG13GFamilyTexture
#### MTL_TEX MIP-NATIVE result attempt=13 tex=0x601a64d80 class=AGXG13GFamilyTexture
#### MTL_TEX MIP-NATIVE result attempt=14 tex=0x601a65780 class=AGXG13GFamilyTexture
#### IOGPU-CALLBACK-BUFFER-CLEAN commandBuffer=0x600225e80 class=AGXG13GFamilyCommandBuffer submitSerial=139 fixed=37 target=0x0 start=0x80cff0a7557 end=0x80cff0b9ed3
#### IOGPU-CALLBACK-BUFFER-CLEAN commandBuffer=0x6019e1c00 class=AGXG13GFamilyCommandBuffer submitSerial=141 fixed=8 target=0x0 start=0x80cff2d902b end=0x80cff2dd666
#### AGXIOC Method sel=0xd->0xc inCnt=2 inSC=0 outSC=0 -> 0x0
#### AGXIOC Method sel=0xd->0xc inCnt=2 inSC=0 outSC=0 -> 0x0
#### AGXIOC Method sel=0xd->0xc inCnt=2 inSC=0 outSC=0 -> 0x0
#### AGXIOC Method sel=0xd->0xc inCnt=2 inSC=0 outSC=0 -> 0x0
#### AGXIOC Method sel=0xd->0xc inCnt=2 inSC=0 outSC=0 -> 0x0
#### AGXIOC Method sel=0xd->0xc inCnt=2 inSC=0 outSC=0 -> 0x0
#### AGXIOC Method sel=0xd->0xc inCnt=2 inSC=0 outSC=0 -> 0x0
#### AGXIOC Method sel=0xd->0xc inCnt=2 inSC=0 outSC=0 -> 0x0
#### MTL_TEX MIP-NATIVE result attempt=15 tex=0x601a66180 class=AGXG13GFamilyTexture
#### MTL_TEX LEASE-HIT #2 key=512x512-pf70-bpe4-fcc1380401729 entry=0x601a50510 surf=0x600a5f300 tex=0x601a60c80 retain=1 baseline=1 shapeEntries=9 pool=20MB
#### AGXIOC heap map #500 clientID 0x155680 -> resourceID 0x164 size 0x155680
#### MTL_TEX MIP-NATIVE result attempt=16 tex=0x601a63700 class=AGXG13GFamilyTexture
#### MTL_TEX LEASE-HIT #3 key=512x512-pf70-bpe4-fcc1380401729 entry=0x60161ff30 surf=0x600a5f680 tex=0x601a61680 retain=1 baseline=1 shapeEntries=9 pool=20MB
#### MTL_TEX MIP-NATIVE result attempt=17 tex=0x601a66680 class=AGXG13GFamilyTexture
#### MTL_TEX LEASE-HIT #4 key=512x512-pf70-bpe4-fcc1380401729 entry=0x601a50600 surf=0x600a5b9e0 tex=0x601a62080 retain=1 baseline=1 shapeEntries=9 pool=20MB
#### MTL_TEX MIP-NATIVE result attempt=18 tex=0x601a66e00 class=AGXG13GFamilyTexture
#### MTL_TEX LEASE-HIT #5 key=512x512-pf70-bpe4-fcc1380401729 entry=0x601a50330 surf=0x600a5f2c0 tex=0x601a62a80 retain=1 baseline=1 shapeEntries=9 pool=20MB
#### MTL_TEX MIP-NATIVE result attempt=19 tex=0x601a67300 class=AGXG13GFamilyTexture
#### MTL_TEX LEASE-HIT #6 key=512x512-pf70-bpe4-fcc1380401729 entry=0x601a50750 surf=0x600a5f580 tex=0x601a63480 retain=1 baseline=1 shapeEntries=9 pool=20MB
#### MTL_TEX MIP-NATIVE result attempt=20 tex=0x601a67800 class=AGXG13GFamilyTexture
#### MTL_TEX LEASE-HIT #7 key=512x512-pf70-bpe4-fcc1380401729 entry=0x601a508d0 surf=0x600a5e240 tex=0x601a64100 retain=1 baseline=1 shapeEntries=9 pool=20MB
#### MTL_TEX MIP-NATIVE result attempt=21 tex=0x601a67d00 class=AGXG13GFamilyTexture
#### MTL_TEX LEASE-HIT #8 key=512x512-pf70-bpe4-fcc1380401729 entry=0x601a50840 surf=0x600a5f5c0 tex=0x601a64b00 retain=1 baseline=1 shapeEntries=9 pool=20MB
#### MTL_TEX MIP-NATIVE result attempt=22 tex=0x601a68200 class=AGXG13GFamilyTexture
#### MTL_TEX LEASE-HIT #9 key=512x512-pf70-bpe4-fcc1380401729 entry=0x601a50c00 surf=0x600a5f5a0 tex=0x601a65500 retain=1 baseline=1 shapeEntries=9 pool=20MB
#### MTL_TEX MIP-NATIVE result attempt=23 tex=0x601a68700 class=AGXG13GFamilyTexture
#### MTL_TEX MIP-NATIVE result attempt=24 tex=0x601a6ac80 class=AGXG13GFamilyTexture
#### MTL_TEX MIP-NATIVE result attempt=25 tex=0x601a6b900 class=AGXG13GFamilyTexture
#### IOGPU-CALLBACK-BUFFER-CLEAN commandBuffer=0x6017ea480 class=AGXG13GFamilyCommandBuffer submitSerial=143 fixed=33 target=0x0 start=0x80cff3c274f end=0x80cff3dca5f
#### IOGPU-CALLBACK-BUFFER-CLEAN commandBuffer=0x600225e80 class=AGXG13GFamilyCommandBuffer submitSerial=139 fixed=37 target=0x0 start=0x80cff3dd0ae end=0x80cff3dd0b0
#### IOGPU-CALLBACK-BUFFER-CLEAN commandBuffer=0x6019e2300 class=AGXG13GFamilyCommandBuffer submitSerial=144 fixed=11 target=0x0 start=0x80cff3e9468 end=0x80cff3ee37e
#### MTL_TEX MIP-NATIVE result attempt=26 tex=0x601a6be00 class=AGXG13GFamilyTexture
#### MTL_TEX MIP-NATIVE result attempt=27 tex=0x601a6c580 class=AGXG13GFamilyTexture
#### MTL_TEX MIP-NATIVE result attempt=28 tex=0x601a6d480 class=AGXG13GFamilyTexture
#### MTL_TEX MIP-NATIVE result attempt=29 tex=0x601a6de80 class=AGXG13GFamilyTexture
#### MTL_TEX MIP-NATIVE result attempt=30 tex=0x601a6e880 class=AGXG13GFamilyTexture
#### MTL_TEX MIP-NATIVE result attempt=31 tex=0x601a6f280 class=AGXG13GFamilyTexture
#### MTL_TEX MIP-NATIVE result attempt=32 tex=0x601a6fc80 class=AGXG13GFamilyTexture
#### MTL_TEX MIP-NATIVE result attempt=33 tex=0x601a80780 class=AGXG13GFamilyTexture
#### MTL_TEX MIP-NATIVE result attempt=34 tex=0x601a81180 class=AGXG13GFamilyTexture
#### MTL_TEX MIP-NATIVE result attempt=35 tex=0x601a81b80 class=AGXG13GFamilyTexture
#### MTL_TEX MIP-NATIVE result attempt=36 tex=0x601a82580 class=AGXG13GFamilyTexture
#### MTL_TEX MIP-NATIVE result attempt=37 tex=0x601a82f80 class=AGXG13GFamilyTexture
#### IOGPU-CALLBACK-BUFFER-CLEAN commandBuffer=0x600225e80 class=AGXG13GFamilyCommandBuffer submitSerial=145 fixed=37 target=0x0 start=0x80cff615952 end=0x80cff6201cd
#### AGX_LIFE CREATE id=0x199 type=0 surf=0 bytes=0x8000 kr=0 okC=750 failC=0 okD=178 failD=0 unmatchedD=0 full=0 live=571/158MB [t0=383/59MB t80=2/0MB t82=186/99MB]
#### IOGPU-CALLBACK-BUFFER-CLEAN commandBuffer=0x6017ea480 class=AGXG13GFamilyCommandBuffer submitSerial=143 fixed=33 target=0x0 start=0x80cff620839 end=0x80cff62083a
#### IOGPU-CALLBACK-BUFFER-CLEAN commandBuffer=0x6019e2300 class=AGXG13GFamilyCommandBuffer submitSerial=146 fixed=12 target=0x0 start=0x80cff631450 end=0x80cff6366fa
#### JIT-MPROTECT flip #18432 ranges=1 prot=RX writers=1 exec_waits=5812 late_retries=119
#### IOGPU-CALLBACK-BUFFER-CLEAN commandBuffer=0x6017ea480 class=AGXG13GFamilyCommandBuffer submitSerial=143 fixed=33 target=0x0 start=0x80cff7062e0 end=0x80cff7062eb
#### IOGPU-CALLBACK-BUFFER-CLEAN commandBuffer=0x6019e1c00 class=AGXG13GFamilyCommandBuffer submitSerial=147 fixed=11 target=0x0 start=0x80cff71875c end=0x80cff71d928
#### IOGPU-CALLBACK-BUFFER-CLEAN commandBuffer=0x6017ea480 class=AGXG13GFamilyCommandBuffer submitSerial=143 fixed=33 target=0x0 start=0x80cff76916e end=0x80cff76917b
#### IOGPU-CALLBACK-BUFFER-CLEAN commandBuffer=0x6017ea480 class=AGXG13GFamilyCommandBuffer submitSerial=143 fixed=33 target=0x0 start=0x80cff832858 end=0x80cff832861
#### TRACE -[AGXBuffer initUntracked] self=0x601a17980 dev=0x6001d2000 len=12288 opt=0 -> 0x601a17980
#### TRACE -[AGXBuffer initUntracked] self=0x6018afc00 dev=0x6001d2000 len=12288 opt=0 -> 0x6018afc00
#### TRACE -[AGXBuffer initUntracked] self=0x6010d6f00 dev=0x6001d2000 len=2048 opt=0 -> 0x6010d6f00
#### IOGPU-CALLBACK-BUFFER-CLEAN commandBuffer=0x6019e2300 class=AGXG13GFamilyCommandBuffer submitSerial=149 fixed=14 target=0x0 start=0x80cff87f949 end=0x80cff885cd9
[91m[main 2026-07-29T21:53:00.431Z][0m [AgentHost:stderr] #### MACWS_HID_BYPASS installed SetMatchingMultiple → no-op (1) at 0x187cede8c — skips iOS-format CFBinaryPlist parse inside
####   IOHIDEventSystemClientCacheMatchingServices → IOHIDUnserializeAndVMDealloc → CFPropertyListCreateFromStream
####   that BUS_ADRALNs in the IOMFBServer thread.

[91m[main 2026-07-29T21:53:00.431Z][0m [AgentHost:stderr] #### MACWS_AGX_RENAMER_PATCH: off (set MACWS_AGX_RENAMER_PATCH=1 to enable)

[91m[main 2026-07-29T21:53:00.431Z][0m [AgentHost:stderr] #### MACWS_ASSERT_BYPASS DISABLED (set MACWS_KEEP_ASSERT_BYPASS=1 to restore lazy bypass) — real __assert_rtn now reaches abort

[91m[main 2026-07-29T21:53:00.433Z][0m [AgentHost:stderr] #### MACWS_AGX_NATIVE [ctor] pre-loaded IOGPU via /System/Library/PrivateFrameworks/IOGPU.framework/IOGPU -> 0x3ae29cc10

[91m[main 2026-07-29T21:53:00.433Z][0m [AgentHost:stderr] #### XPC_BOOTSTRAP: fn=0x1848a5140 dict=0x150f06e50 (registering Metal/ViewBridge/HIServices)

[91m[main 2026-07-29T21:53:00.434Z][0m [AgentHost:stderr] #### XPC_BOOTSTRAP: called OK

[91m[main 2026-07-29T21:53:00.435Z][0m [AgentHost:stderr] #### COEXIST API SwapEnd hook installed target=0x18f7831cc trampoline=0x105058000

[91m[main 2026-07-29T21:53:00.447Z][0m [AgentHost:stderr] #### SkyLight PrepareForUse tolerate-nil hook installed at 0x189b64fc4

[91m[main 2026-07-29T21:53:00.449Z][0m [AgentHost:stderr] #### SkyLight StartCompositeForDisplayStream nil-skip hook installed at 0x18998dd74

[91m[main 2026-07-29T21:53:00.453Z][0m [AgentHost:stderr] #### SkyLight StartComposite(WSCD) tolerate-nil + pop-on-bail hook installed at 0x18998d358

[91m[main 2026-07-29T21:53:00.454Z][0m [AgentHost:stderr] #### SkyLight StartComposite(MTLTex) pop-on-bail hook installed at 0x18998dfb8

[91m[main 2026-07-29T21:53:00.455Z][0m [AgentHost:stderr] #### SkyLight EndCurrentComposite(bool) completion hook installed at 0x18998c53c

[91m[main 2026-07-29T21:53:00.457Z][0m [AgentHost:stderr] #### SkyLight EndUpdate(bool) submission hook installed at 0x18998c0b0

[91m[main 2026-07-29T21:53:00.458Z][0m [AgentHost:stderr] #### SkyLight _state_stack pop_back resolved at 0x18998afa0

[91m[main 2026-07-29T21:53:00.460Z][0m [AgentHost:stderr] #### SkyLight WSCompositeDestinationCreateWithMetalTexture nil-tolerate hook installed at 0x18999053c

[91m[main 2026-07-29T21:53:00.460Z][0m [AgentHost:stderr] #### SkyLight MetalContext::StopCapture invalid-this guard installed at 0x18998c1bc

[91m[main 2026-07-29T21:53:00.461Z][0m [AgentHost:stderr] #### MACWS_AGX_NATIVE class_addMethod(MTLTextureDescriptor, validateWithDevice:) = 1

[91m[main 2026-07-29T21:53:00.462Z][0m [AgentHost:stderr] #### MACWS_AGX_NATIVE class_addMethod(IOGPUMetalTexture, isMemoryless) = 1

[91m[main 2026-07-29T21:53:00.462Z][0m [AgentHost:stderr] #### MACWS_AGX_NATIVE class_addMethod(IOGPUMetalTexture, getCPUSizeBytes) = 1
#### MACWS_AGX_NATIVE class_addMethod(IOGPUMetalTexture, getAlignment) = 1
#### MACWS_AGX_NATIVE class_addMethod(IOGPUMetalTexture, descriptorPrivate) = 1
#### MACWS_AGX_NATIVE class_addMethod(IOGPUMetalTexture, getBytesPerRow) = 1
#### MACWS_AGX_NATIVE class_addMethod(IOGPUMetalTexture, updateBindDataWithAddresses:gpuVirtualAddress:) = 1
#### MACWS_AGX_NATIVE class_addMethod(IOGPUMetalTexture, updateBindDataWithAddresses:gpuVirtualAddress:shouldInitMetadata:) = 1
#### MACWS_AGX_NATIVE class_addMethod(IOGPUMetalTexture, allocBufferSubDataWithLength:options:alignment:heapIndex:bufferIndex:bufferOffset:) = 1

[91m[main 2026-07-29T21:53:00.463Z][0m [AgentHost:stderr] #### MACWS_AGX_NATIVE class_addMethod(IOGPUMetalTexture, initNewTextureData:) = 1
#### MACWS_AGX_NATIVE class_addMethod(MTLTextureDescriptor, isMemoryless) = 1
#### MACWS_AGX_NATIVE class_addMethod(MTLTextureDescriptor, protectionOptions) = 1
#### MACWS_AGX_NATIVE class_addMethod(MTLTextureDescriptor, getCPUSizeBytes) = 1
#### MACWS_AGX_NATIVE class_addMethod(MTLTextureDescriptor, getAlignment) = 1
#### MACWS_AGX_NATIVE class_addMethod(MTLTextureDescriptor, descriptorPrivate) = 1
#### MACWS_AGX_NATIVE class_addMethod(MTLTextureDescriptor, getBytesPerRow) = 1
#### MACWS_AGX_NATIVE class_addMethod(MTLTextureDescriptor, updateBindDataWithAddresses:gpuVirtualAddress:) = 1

[91m[main 2026-07-29T21:53:00.463Z][0m [AgentHost:stderr] #### MACWS_AGX_NATIVE class_addMethod(MTLTextureDescriptor, updateBindDataWithAddresses:gpuVirtualAddress:shouldInitMetadata:) = 1
#### MACWS_AGX_NATIVE class_addMethod(MTLTextureDescriptor, allocBufferSubDataWithLength:options:alignment:heapIndex:bufferIndex:bufferOffset:) = 1
#### MACWS_AGX_NATIVE class_addMethod(MTLTextureDescriptor, initNewTextureData:) = 1

#### IOGPU-CALLBACK-BUFFER-CLEAN commandBuffer=0x6019e2680 class=AGXG13GFamilyCommandBuffer submitSerial=150 fixed=13 target=0x0 start=0x80cffb40bfe end=0x80cffb449e7
#### MTL_TEX MIP-NATIVE result attempt=38 tex=0x6015df000 class=AGXG13GFamilyTexture
#### MTL_TEX MIP-NATIVE result attempt=39 tex=0x601a84380 class=AGXG13GFamilyTexture
#### MTL_TEX MIP-NATIVE result attempt=40 tex=0x601a86900 class=AGXG13GFamilyTexture
#### MTL_TEX LEASE-HIT #10 key=256x256-pf70-bpe4-fcc1380401729 entry=0x601a520d0 surf=0x600a5faa0 tex=0x601a81900 retain=1 baseline=1 shapeEntries=4 pool=30MB
#### MTL_TEX MIP-NATIVE result attempt=41 tex=0x601a86e00 class=AGXG13GFamilyTexture
#### MTL_TEX LEASE-HIT #11 key=256x256-pf70-bpe4-fcc1380401729 entry=0x601a52010 surf=0x600a5f8a0 tex=0x601a82300 retain=1 baseline=1 shapeEntries=4 pool=30MB
#### MTL_TEX MIP-NATIVE result attempt=42 tex=0x601a87300 class=AGXG13GFamilyTexture
#### MTL_TEX LEASE-HIT #12 key=256x256-pf70-bpe4-fcc1380401729 entry=0x601a51f20 surf=0x600a5f980 tex=0x601a82d00 retain=1 baseline=1 shapeEntries=4 pool=30MB
#### MTL_TEX MIP-NATIVE result attempt=43 tex=0x601a87800 class=AGXG13GFamilyTexture
#### MTL_TEX MIP-NATIVE result attempt=44 tex=0x601a88200 class=AGXG13GFamilyTexture
#### MTL_TEX LEASE-HIT #13 key=512x512-pf70-bpe4-fcc1380401729 entry=0x601a50510 surf=0x600a5f300 tex=0x601a60c80 retain=1 baseline=1 shapeEntries=16 pool=31MB
#### MTL_TEX MIP-NATIVE result attempt=45 tex=0x601a88700 class=AGXG13GFamilyTexture
#### MTL_TEX MIP-NATIVE result attempt=46 tex=0x601a89100 class=AGXG13GFamilyTexture
#### MTL_TEX LEASE-HIT #14 key=256x128-pf70-bpe4-fcc1380401729 entry=0x60161e820 surf=0x600a52bc0 tex=0x6019be100 retain=1 baseline=1 shapeEntries=5 pool=35MB
#### MTL_TEX MIP-NATIVE result attempt=47 tex=0x601a89600 class=AGXG13GFamilyTexture
#### MTL_TEX MIP-NATIVE result attempt=48 tex=0x601a8a000 class=AGXG13GFamilyTexture
#### MTL_TEX MIP-NATIVE result attempt=49 tex=0x601a8aa00 class=AGXG13GFamilyTexture
#### MTL_TEX MIP-NATIVE result attempt=50 tex=0x601a8b400 class=AGXG13GFamilyTexture
#### AGXIOC Scalar sel=0x10->0xe inCnt=1 -> 0x0
#### AGXIOC Scalar sel=0x10->0xe inCnt=1 -> 0x0
#### AGXIOC Scalar sel=0x10->0xe inCnt=1 -> 0x0
#### AGXIOC Scalar sel=0x10->0xe inCnt=1 -> 0x0
#### AGXIOC Scalar sel=0x10->0xe inCnt=1 -> 0x0
#### IOGPU-CALLBACK-BUFFER-CLEAN commandBuffer=0x6019e1f80 class=AGXG13GFamilyCommandBuffer submitSerial=151 fixed=39 target=0x0 start=0x80cffdee9b0 end=0x80cffe0ba42
#### IOGPU-CALLBACK-BUFFER-CLEAN commandBuffer=0x600225e80 class=AGXG13GFamilyCommandBuffer submitSerial=145 fixed=37 target=0x0 start=0x80cffe6934a end=0x80cffe6935f
#### IOGPU-CALLBACK-BUFFER-CLEAN commandBuffer=0x6019e2680 class=AGXG13GFamilyCommandBuffer submitSerial=152 fixed=8 target=0x0 start=0x80cffe78176 end=0x80cffe7b3c9
#### IOGPU-CALLBACK-BUFFER-CLEAN commandBuffer=0x600225e80 class=AGXG13GFamilyCommandBuffer submitSerial=145 fixed=37 target=0x0 start=0x80cffe7bd8b end=0x80cffe7bd8c
#### MTL_TEX LEASE-HIT #15 key=1024x1024-pf70-bpe4-fcc1380401729 entry=0x601a53b10 surf=0x600a5d0c0 tex=0x601a88e80 retain=1 baseline=1 shapeEntries=4 pool=47MB
#### MTL_TEX MIP-NATIVE result attempt=51 tex=0x601a8b900 class=AGXG13GFamilyTexture
#### MTL_TEX LEASE-HIT #16 key=1024x1024-pf70-bpe4-fcc1380401729 entry=0x601a53c00 surf=0x600a5aca0 tex=0x601a89d80 retain=1 baseline=1 shapeEntries=4 pool=47MB
#### MTL_TEX MIP-NATIVE result attempt=52 tex=0x601a8c300 class=AGXG13GFamilyTexture
#### MTL_TEX LEASE-HIT #17 key=1024x1024-pf70-bpe4-fcc1380401729 entry=0x601a511a0 surf=0x600a5fde0 tex=0x601a8a780 retain=1 baseline=1 shapeEntries=4 pool=47MB
#### MTL_TEX MIP-NATIVE result attempt=53 tex=0x601a84100 class=AGXG13GFamilyTexture
#### IOGPU-CALLBACK-BUFFER-CLEAN commandBuffer=0x600225e80 class=AGXG13GFamilyCommandBuffer submitSerial=154 fixed=9 target=0x0 start=0x80d000c67a4 end=0x80d000d4a07
#### IOGPU-CALLBACK-BUFFER-CLEAN commandBuffer=0x6019e2680 class=AGXG13GFamilyCommandBuffer submitSerial=152 fixed=8 target=0x0 start=0x80d000d5120 end=0x80d000d5126
#### IOGPU-CALLBACK-BUFFER-CLEAN commandBuffer=0x6019e2a00 class=AGXG13GFamilyCommandBuffer submitSerial=155 fixed=13 target=0x0 start=0x80d000e67b8 end=0x80d000ec24b
#### IOGPU-CALLBACK-BUFFER-CLEAN commandBuffer=0x6019e1f80 class=AGXG13GFamilyCommandBuffer submitSerial=151 fixed=39 target=0x0 start=0x80d000ecbef end=0x80d000ecbf0
#### MTL_TEX LEASE-HIT #18 key=1024x1024-pf70-bpe4-fcc1380401729 entry=0x601a53b10 surf=0x600a5d0c0 tex=0x601a88e80 retain=1 baseline=1 shapeEntries=4 pool=47MB
#### MTL_TEX MIP-NATIVE result attempt=54 tex=0x601a6ca80 class=AGXG13GFamilyTexture
#### MTL_TEX LEASE-HIT #19 key=1024x1024-pf70-bpe4-fcc1380401729 entry=0x601a53c00 surf=0x600a5aca0 tex=0x601a89d80 retain=1 baseline=1 shapeEntries=4 pool=47MB
#### MTL_TEX MIP-NATIVE result attempt=55 tex=0x601a8be00 class=AGXG13GFamilyTexture
#### MTL_TEX LEASE-HIT #20 key=1024x1024-pf70-bpe4-fcc1380401729 entry=0x601a511a0 surf=0x600a5fde0 tex=0x601a8a780 retain=1 baseline=1 shapeEntries=4 pool=47MB
#### MTL_TEX MIP-NATIVE result attempt=56 tex=0x601a8d200 class=AGXG13GFamilyTexture
#### MTL_TEX LEASE-HIT #21 key=256x256-pf70-bpe4-fcc1380401729 entry=0x601a520d0 surf=0x600a5faa0 tex=0x601a81900 retain=1 baseline=1 shapeEntries=5 pool=47MB
#### MTL_TEX MIP-NATIVE result attempt=57 tex=0x601a8dc00 class=AGXG13GFamilyTexture
#### MTL_TEX LEASE-HIT #22 key=256x256-pf70-bpe4-fcc1380401729 entry=0x601a52010 surf=0x600a5f8a0 tex=0x601a82300 retain=1 baseline=1 shapeEntries=5 pool=47MB
#### MTL_TEX MIP-NATIVE result attempt=58 tex=0x601a8ca80 class=AGXG13GFamilyTexture
#### MTL_TEX LEASE-HIT #23 key=256x256-pf70-bpe4-fcc1380401729 entry=0x601a51f20 surf=0x600a5f980 tex=0x601a82d00 retain=1 baseline=1 shapeEntries=5 pool=47MB
#### MTL_TEX MIP-NATIVE result attempt=59 tex=0x601a8e380 class=AGXG13GFamilyTexture
#### MTL_TEX LEASE-HIT #24 key=256x256-pf70-bpe4-fcc1380401729 entry=0x601a51e30 surf=0x600a5f840 tex=0x601a83700 retain=1 baseline=1 shapeEntries=5 pool=47MB
#### MTL_TEX MIP-NATIVE result attempt=60 tex=0x601a8e880 class=AGXG13GFamilyTexture
#### MTL_TEX LEASE-HIT #25 key=256x256-pf70-bpe4-fcc1380401729 entry=0x600929c60 surf=0x600a5fb00 tex=0x601a87f80 retain=1 baseline=1 shapeEntries=5 pool=47MB
#### MTL_TEX MIP-NATIVE result attempt=61 tex=0x601a8ed80 class=AGXG13GFamilyTexture
#### MTL_TEX MIP-NATIVE result attempt=62 tex=0x601a8f780 class=AGXG13GFamilyTexture
#### MTL_TEX MIP-NATIVE result attempt=63 tex=0x601ae0280 class=AGXG13GFamilyTexture
#### MTL_TEX MIP-NATIVE result attempt=64 tex=0x601ae0c80 class=AGXG13GFamilyTexture
#### MTL_TEX MIP-NATIVE result attempt=65 tex=0x601ae1680 class=AGXG13GFamilyTexture
#### MTL_TEX MIP-NATIVE result attempt=66 tex=0x601ae2080 class=AGXG13GFamilyTexture
#### MTL_TEX MIP-NATIVE result attempt=67 tex=0x601ae2a80 class=AGXG13GFamilyTexture
#### MTL_TEX MIP-NATIVE result attempt=68 tex=0x601ae3480 class=AGXG13GFamilyTexture
#### MTL_TEX MIP-NATIVE result attempt=69 tex=0x601ae3e80 class=AGXG13GFamilyTexture
#### MTL_TEX MIP-NATIVE result attempt=70 tex=0x601ae4880 class=AGXG13GFamilyTexture
#### MTL_TEX MIP-NATIVE result attempt=71 tex=0x601ae5280 class=AGXG13GFamilyTexture
#### MTL_TEX LEASE-HIT #26 key=128x128-pf70-bpe4-fcc1380401729 entry=0x601a523d0 surf=0x600a5fb60 tex=0x600c54600 retain=1 baseline=1 shapeEntries=2 pool=49MB
#### MTL_TEX MIP-NATIVE result attempt=72 tex=0x601ae5780 class=AGXG13GFamilyTexture
#### MTL_TEX LEASE-HIT #27 key=128x128-pf70-bpe4-fcc1380401729 entry=0x601a50cf0 surf=0x600a5fae0 tex=0x601a86680 retain=1 baseline=1 shapeEntries=2 pool=49MB
#### MTL_TEX MIP-NATIVE result attempt=73 tex=0x601ae5c80 class=AGXG13GFamilyTexture
#### MTL_TEX MIP-NATIVE result attempt=74 tex=0x601ae6680 class=AGXG13GFamilyTexture
#### MTL_TEX MIP-NATIVE result attempt=75 tex=0x601ae7080 class=AGXG13GFamilyTexture
#### IOGPU-CALLBACK-BUFFER-CLEAN commandBuffer=0x6019e1f80 class=AGXG13GFamilyCommandBuffer submitSerial=157 fixed=60 target=0x0 start=0x80d00516d77 end=0x80d0052ccc0
#### IOGPU-CALLBACK-BUFFER-CLEAN commandBuffer=0x600225e80 class=AGXG13GFamilyCommandBuffer submitSerial=154 fixed=9 target=0x0 start=0x80d0052d3a6 end=0x80d0052d3a9
#### IOGPU-CALLBACK-BUFFER-CLEAN commandBuffer=0x6019e2300 class=AGXG13GFamilyCommandBuffer submitSerial=158 fixed=8 target=0x0 start=0x80d0053785e end=0x80d0053c376
#### MTL_TEX LEASE-HIT #28 key=256x256-pf70-bpe4-fcc1380401729 entry=0x601a520d0 surf=0x600a5faa0 tex=0x601a81900 retain=1 baseline=1 shapeEntries=8 pool=49MB
#### MTL_TEX MIP-NATIVE result attempt=76 tex=0x601a86400 class=AGXG13GFamilyTexture
#### MTL_TEX LEASE-HIT #29 key=256x256-pf70-bpe4-fcc1380401729 entry=0x601a52010 surf=0x600a5f8a0 tex=0x601a82300 retain=1 baseline=1 shapeEntries=8 pool=49MB
#### MTL_TEX MIP-NATIVE result attempt=77 tex=0x601a8d980 class=AGXG13GFamilyTexture
#### MTL_TEX LEASE-HIT #30 key=256x256-pf70-bpe4-fcc1380401729 entry=0x601a51f20 surf=0x600a5f980 tex=0x601a82d00 retain=1 baseline=1 shapeEntries=8 pool=49MB
#### MTL_TEX MIP-NATIVE result attempt=78 tex=0x601ae7f80 class=AGXG13GFamilyTexture
#### MTL_TEX LEASE-HIT #31 key=256x256-pf70-bpe4-fcc1380401729 entry=0x601a51e30 surf=0x600a5f840 tex=0x601a83700 retain=1 baseline=1 shapeEntries=8 pool=49MB
#### MTL_TEX MIP-NATIVE result attempt=79 tex=0x601ae7a80 class=AGXG13GFamilyTexture
#### MTL_TEX MIP-NATIVE result attempt=80 tex=0x601ae8e80 class=AGXG13GFamilyTexture
#### MTL_TEX MIP-NATIVE result attempt=81 tex=0x601ae9880 class=AGXG13GFamilyTexture
#### MTL_TEX MIP-NATIVE result attempt=82 tex=0x601aea280 class=AGXG13GFamilyTexture
#### MTL_TEX MIP-NATIVE result attempt=83 tex=0x601aeac80 class=AGXG13GFamilyTexture
#### MTL_TEX MIP-NATIVE result attempt=84 tex=0x601aeb680 class=AGXG13GFamilyTexture
#### MTL_TEX MIP-NATIVE result attempt=85 tex=0x601aec080 class=AGXG13GFamilyTexture
#### MTL_TEX MIP-NATIVE result attempt=86 tex=0x601aeca80 class=AGXG13GFamilyTexture
#### MTL_TEX LEASE-HIT #32 key=128x128-pf70-bpe4-fcc1380401729 entry=0x601a523d0 surf=0x600a5fb60 tex=0x600c54600 retain=1 baseline=1 shapeEntries=2 pool=50MB
#### MTL_TEX MIP-NATIVE result attempt=87 tex=0x601aecf80 class=AGXG13GFamilyTexture
#### MTL_TEX LEASE-HIT #33 key=128x128-pf70-bpe4-fcc1380401729 entry=0x601a50cf0 surf=0x600a5fae0 tex=0x601a86680 retain=1 baseline=1 shapeEntries=2 pool=50MB
[91m[main 2026-07-29T21:53:01.037Z][0m [AgentHost:stderr] #### AMFI-POLICY-COMPAT policy=AMFI op=0x60 status=0x4 (iOS task ports are hard-immovable)
#### CSR-POLICY-COMPAT active_config=0x0 (conservative iOS compatibility value)

[91m[main 2026-07-29T21:53:01.068Z][0m [AgentHost:stderr] [74117:0729/145301.053729:ERROR:base/process/process_mac.cc:53] task_policy_set TASK_CATEGORY_POLICY: (os/kern) invalid argument (4)

[91m[main 2026-07-29T21:53:01.103Z][0m [AgentHost:stderr] #### JIT-MPROTECT range[0]=[0x280000000,0x290000000) source=MAP_JIT-EINVAL
#### JIT-MPROTECT execution barrier installed (W^X fetch-wait compatibility)
#### JIT-MPROTECT range[0]=[0x280000000,0x290000000) source=MAP_JIT-EINVAL
#### JIT-MPROTECT range[0]=[0x280000000,0x290000000) source=MAP_JIT-EINVAL
#### JIT-MPROTECT range[0]=[0x280000000,0x290000000) source=MAP_JIT-EINVAL
#### JIT-MPROTECT range[0]=[0x280000000,0x290000000) source=MAP_JIT-EINVAL
#### JIT-MPROTECT range[0]=[0x280000000,0x290000000) source=MAP_JIT-EINVAL
#### JIT-MPROTECT range[0]=[0x280000000,0x290000000) source=MAP_JIT-EINVAL
#### JIT-MPROTECT range[0]=[0x280000000,0x290000000) source=MAP_JIT-EINVAL
#### JIT-MPROTECT range[0]=[0x170000000,0x180000000) source=MAP_JIT-EINVAL
#### JIT-MPROTECT remap decline #1 dst=0x177dc0000 size=0x208000 src=0x11430c000 requested=0x5 -> V8 copy fallback
#### JIT-MPROTECT flip #1 ranges=1 prot=RW writers=1 exec_waits=0 late_retries=0
#### JIT-MPROTECT flip #2 ranges=1 prot=RX writers=1 exec_waits=0 late_retries=0

[91m[main 2026-07-29T21:53:01.128Z][0m [AgentHost:stderr] #### JIT-MPROTECT flip #3 ranges=1 prot=RW writers=1 exec_waits=0 late_retries=0
#### JIT-MPROTECT flip #4 ranges=1 prot=RX writers=1 exec_waits=1 late_retries=0
#### JIT-MPROTECT flip #5 ranges=1 prot=RW writers=1 exec_waits=1 late_retries=0
#### JIT-MPROTECT flip #6 ranges=1 prot=RX writers=1 exec_waits=2 late_retries=0
#### JIT-MPROTECT flip #7 ranges=1 prot=RW writers=1 exec_waits=2 late_retries=0
#### JIT-MPROTECT flip #8 ranges=1 prot=RX writers=1 exec_waits=3 late_retries=0
#### JIT-MPROTECT flip #9 ranges=1 prot=RW writers=1 exec_waits=3 late_retries=0
#### JIT-MPROTECT flip #10 ranges=1 prot=RX writers=1 exec_waits=4 late_retries=0

[91m[main 2026-07-29T21:53:01.133Z][0m [AgentHost:stderr] #### JIT-MPROTECT flip #11 ranges=1 prot=RW writers=1 exec_waits=4 late_retries=0
#### JIT-MPROTECT flip #12 ranges=1 prot=RX writers=1 exec_waits=4 late_retries=0
#### JIT-MPROTECT flip #13 ranges=1 prot=RW writers=1 exec_waits=4 late_retries=0
#### JIT-MPROTECT flip #14 ranges=1 prot=RX writers=1 exec_waits=4 late_retries=0
#### JIT-MPROTECT flip #15 ranges=1 prot=RW writers=1 exec_waits=4 late_retries=0
#### JIT-MPROTECT flip #16 ranges=1 prot=RX writers=1 exec_waits=4 late_retries=0
#### JIT-MPROTECT flip #17 ranges=1 prot=RW writers=1 exec_waits=4 late_retries=0
#### JIT-MPROTECT flip #18 ranges=1 prot=RX writers=1 exec_waits=5 late_retries=0
#### JIT-MPROTECT flip #19 ranges=1 prot=RW writers=1 exec_waits=5 late_retries=0
#### JIT-MPROTECT flip #20 ranges=1 prot=RX writers=1 exec_waits=6 late_retries=0
#### JIT-MPROTECT flip #21 ranges=1 prot=RW writers=1 exec_waits=6 late_retries=0
#### JIT-MPROTECT flip #22 ranges=1 prot=RX writers=1 exec_waits=6 late_retries=0
#### JIT-MPROTECT flip #23 ranges=1 prot=RW writers=1 exec_waits=6 late_retries=0
#### JIT-MPROTECT flip #24 ranges=1 prot=RX writers=1 exec_waits=6 late_retries=0
#### JIT-MPROTECT flip #25 ranges=1 prot=RW writers=1 exec_waits=6 late_retries=0
#### JIT-MPROTECT flip #26 ranges=1 prot=RX writers=1 exec_waits=6 late_retries=0
#### JIT-MPROTECT flip #27 ranges=1 prot=RW writers=1 exec_waits=6 late_retries=0

[91m[main 2026-07-29T21:53:01.134Z][0m [AgentHost:stderr] #### JIT-MPROTECT flip #28 ranges=1 prot=RX writers=1 exec_waits=6 late_retries=0
#### JIT-MPROTECT flip #29 ranges=1 prot=RW writers=1 exec_waits=6 late_retries=0
#### JIT-MPROTECT flip #30 ranges=1 prot=RX writers=1 exec_waits=6 late_retries=0
#### JIT-MPROTECT flip #31 ranges=1 prot=RW writers=1 exec_waits=6 late_retries=0
#### JIT-MPROTECT flip #32 ranges=1 prot=RX writers=1 exec_waits=6 late_retries=0

#### IOGPU-CALLBACK-BUFFER-CLEAN commandBuffer=0x600225e80 class=AGXG13GFamilyCommandBuffer submitSerial=159 fixed=37 target=0x0 start=0x80d0098d6ff end=0x80d00997234
#### IOGPU-CALLBACK-BUFFER-CLEAN commandBuffer=0x6019e2a00 class=AGXG13GFamilyCommandBuffer submitSerial=155 fixed=13 target=0x0 start=0x80d009978ba end=0x80d009978bd
#### IOGPU-CALLBACK-BUFFER-CLEAN commandBuffer=0x6019e2680 class=AGXG13GFamilyCommandBuffer submitSerial=160 fixed=13 target=0x0 start=0x80d009ac062 end=0x80d009b22e8
#### IOGPU-CALLBACK-BUFFER-CLEAN commandBuffer=0x6019e1f80 class=AGXG13GFamilyCommandBuffer submitSerial=157 fixed=60 target=0x0 start=0x80d009b2dca end=0x80d009b2dca
#### JIT-MPROTECT flip #19456 ranges=1 prot=RX writers=1 exec_waits=6091 late_retries=127
#### IOGPU-CALLBACK-BUFFER-CLEAN commandBuffer=0x6019e1f80 class=AGXG13GFamilyCommandBuffer submitSerial=157 fixed=60 target=0x0 start=0x80d00fe4b17 end=0x80d00fe4b26
#### IOGPU-CALLBACK-BUFFER-CLEAN commandBuffer=0x6019e2680 class=AGXG13GFamilyCommandBuffer submitSerial=162 fixed=13 target=0x0 start=0x80d00ffa5e2 end=0x80d00fff970
#### IOGPU-CALLBACK-BUFFER-CLEAN commandBuffer=0x6019e2680 class=AGXG13GFamilyCommandBuffer submitSerial=164 fixed=13 target=0x0 start=0x80d0112a9e3 end=0x80d01130992
[91m[main 2026-07-29T21:53:01.585Z][0m [AgentHost:stderr] #### JIT-MPROTECT flip #1024 ranges=1 prot=RX writers=1 exec_waits=201 late_retries=9

#### IOGPU-CALLBACK-BUFFER-CLEAN commandBuffer=0x6019e2d80 class=AGXG13GFamilyCommandBuffer submitSerial=165 fixed=13 target=0x0 start=0x80d014fbd32 end=0x80d01501a82
#### JIT-MPROTECT flip #20480 ranges=1 prot=RX writers=1 exec_waits=6327 late_retries=142
[91m[main 2026-07-29T21:53:01.898Z][0m [AgentHost:stderr] #### JIT-MPROTECT flip #2048 ranges=1 prot=RX writers=1 exec_waits=618 late_retries=21

#### JIT-MPROTECT flip #8192 ranges=1 prot=RX writers=1 exec_waits=2472 late_retries=51
[74073:0729/145301.925717:ERROR:components/os_crypt/common/keychain_password_mac.mm:148] Keychain lookup failed: Error Domain=NSOSStatusErrorDomain Code=-50 "paramErr: error in user parameter list" (-50)
#### IOGPU-CALLBACK-BUFFER-CLEAN commandBuffer=0x6019e2680 class=AGXG13GFamilyCommandBuffer submitSerial=166 fixed=13 target=0x0 start=0x80d01b152f1 end=0x80d01b1b210
#### JIT-MPROTECT flip #21504 ranges=1 prot=RX writers=1 exec_waits=6527 late_retries=154
#### MTL_TEX LEASE-HIT #34 key=960x192-pf80-bpe4-fcc1111970369 entry=0x600c6d7d0 surf=0x600a596e0 tex=0x6010b8980 retain=1 baseline=1 shapeEntries=1 pool=50MB
#### IOGPU-CALLBACK-BUFFER-CLEAN commandBuffer=0x6019e3b80 class=AGXG13GFamilyCommandBuffer submitSerial=170 fixed=8 target=0x0 start=0x80d022b0e82 end=0x80d022b50c4
#### IOSURFACE-RELEASE-ABI pair #14: conn=15879 surfaceID=451 sel=1 -> 0
[91m[main 2026-07-29T21:53:02.496Z][0m [AgentHost:stderr] #### JIT-MPROTECT flip #3072 ranges=1 prot=RX writers=1 exec_waits=795 late_retries=36

#### IOGPU-CALLBACK-BUFFER-CLEAN commandBuffer=0x6019e8c00 class=AGXG13GFamilyCommandBuffer submitSerial=244 fixed=8 target=0x0 start=0x80d02c0c661 end=0x80d02c10e98
#### IOSURFACE-RELEASE-ABI pair #15: conn=15879 surfaceID=452 sel=1 -> 0
#### JIT-MPROTECT flip #22528 ranges=1 prot=RX writers=1 exec_waits=6760 late_retries=172
[91m[main 2026-07-29T21:53:02.885Z][0m [AgentHost:stderr] #### JIT-MPROTECT flip #4096 ranges=1 prot=RX writers=1 exec_waits=1061 late_retries=42

#### IOGPU-CALLBACK-BUFFER-CLEAN commandBuffer=0x6019e9300 class=AGXG13GFamilyCommandBuffer submitSerial=248 fixed=13 target=0x0 start=0x80d03199c6c end=0x80d0319fc38
#### IOGPU-CALLBACK-BUFFER-CLEAN commandBuffer=0x6019e8c00 class=AGXG13GFamilyCommandBuffer submitSerial=244 fixed=8 target=0x0 start=0x80d0356e7b8 end=0x80d0356e7c4
#### IOSURFACE-RELEASE-ABI pair #16: conn=15879 surfaceID=451 sel=1 -> 0
[91m[main 2026-07-29T21:53:03.119Z][0m [AgentHost:stderr] #### JIT-MPROTECT flip #5120 ranges=1 prot=RX writers=1 exec_waits=1183 late_retries=47

#### IOGPU-CALLBACK-BUFFER-CLEAN commandBuffer=0x6019e4d00 class=AGXG13GFamilyCommandBuffer submitSerial=250 fixed=13 target=0x0 start=0x80d037695a5 end=0x80d0376fa1d
#### IOGPU-CALLBACK-BUFFER-CLEAN commandBuffer=0x6019e4d00 class=AGXG13GFamilyCommandBuffer submitSerial=252 fixed=13 target=0x0 start=0x80d03a9f75e end=0x80d03aa6ad5
[91m[main 2026-07-29T21:53:03.327Z][0m ptyHost was unable to resolve shell environment Error: Unable to resolve your shell environment: Unexpected exit code from spawned shell (code null, signal SIGABRT)
    at file:///Applications/Visual%20Studio%20Code.app/Contents/Resources/app/out/main.js:474:34475
    at async file:///Applications/Visual%20Studio%20Code.app/Contents/Resources/app/out/main.js:434:92057
#### IOGPU-CALLBACK-BUFFER-CLEAN commandBuffer=0x6019e8f80 class=AGXG13GFamilyCommandBuffer submitSerial=253 fixed=13 target=0x0 start=0x80d03b5723f end=0x80d03b5c614
[91m[main 2026-07-29T21:53:03.342Z][0m [AgentHost:stderr] (node:74117) [DEP0169] DeprecationWarning: `url.parse()` behavior is not standardized and prone to errors that have security implications. Use the WHATWG URL API instead. CVEs are not issued for `url.parse()` vulnerabilities.
(Use `Code Helper --trace-deprecation ...` to show where the warning was created)

#### JIT-MPROTECT flip #23552 ranges=1 prot=RX writers=1 exec_waits=6994 late_retries=181
#### AGX_LIFE DESTROY-UNMATCHED id=0x69 type=0xff surf=0 bytes=0 kr=0 okC=905 failC=0 okD=248 failD=0 unmatchedD=1 full=0 live=657/241MB [t0=434/122MB t80=2/0MB t82=221/118MB]
#### AGX_LIFE DESTROY id=0x42 type=0x82 surf=0xbb bytes=0x3d0000 kr=0 okC=905 failC=0 okD=250 failD=0 unmatchedD=1 full=0 live=655/233MB [t0=434/122MB t80=2/0MB t82=219/110MB]
#### IOGPU-CALLBACK-BUFFER-CLEAN commandBuffer=0x601078500 class=AGXG13GFamilyCommandBuffer submitSerial=255 fixed=8 target=0x0 start=0x80d04011588 end=0x80d040148c5
#### IOGPU-CALLBACK-BUFFER-CLEAN commandBuffer=0x601076900 class=AGXG13GFamilyCommandBuffer submitSerial=256 fixed=13 target=0x0 start=0x80d04276390 end=0x80d0427c3d7
#### IOGPU-CALLBACK-BUFFER-CLEAN commandBuffer=0x601078500 class=AGXG13GFamilyCommandBuffer submitSerial=255 fixed=8 target=0x0 start=0x80d0427d382 end=0x80d0427d382
Unknown channel: agentHostClientByokLm
#### IOGPU-CALLBACK-BUFFER-CLEAN commandBuffer=0x601504600 class=AGXG13GFamilyCommandBuffer submitSerial=258 fixed=13 target=0x0 start=0x80d04bf0e67 end=0x80d04bf6160
#### JIT-MPROTECT flip #24576 ranges=1 prot=RX writers=1 exec_waits=7284 late_retries=188
#### IOGPU-CALLBACK-BUFFER-CLEAN commandBuffer=0x601504280 class=AGXG13GFamilyCommandBuffer submitSerial=259 fixed=13 target=0x0 start=0x80d04cdb816 end=0x80d04ce0918
#### IOGPU-CALLBACK-BUFFER-CLEAN commandBuffer=0x601504280 class=AGXG13GFamilyCommandBuffer submitSerial=260 fixed=13 target=0x0 start=0x80d04e36fd2 end=0x80d04e3d5e5
#### IOGPU-CALLBACK-BUFFER-CLEAN commandBuffer=0x601504600 class=AGXG13GFamilyCommandBuffer submitSerial=258 fixed=13 target=0x0 start=0x80d04e3e560 end=0x80d04e3e562
#### IOGPU-CALLBACK-BUFFER-CLEAN commandBuffer=0x601504600 class=AGXG13GFamilyCommandBuffer submitSerial=258 fixed=13 target=0x0 start=0x80d04f1ef59 end=0x80d04f1ef66
#### IOGPU-CALLBACK-BUFFER-CLEAN commandBuffer=0x601504280 class=AGXG13GFamilyCommandBuffer submitSerial=262 fixed=13 target=0x0 start=0x80d04f31d6f end=0x80d04f37bb4
#### IOGPU-CALLBACK-BUFFER-CLEAN commandBuffer=0x601504600 class=AGXG13GFamilyCommandBuffer submitSerial=258 fixed=13 target=0x0 start=0x80d05038b03 end=0x80d05038b0f
#### IOGPU-CALLBACK-BUFFER-CLEAN commandBuffer=0x601500a80 class=AGXG13GFamilyCommandBuffer submitSerial=263 fixed=13 target=0x0 start=0x80d0504ec9e end=0x80d05053ee2
Unknown channel: agentHostClientProxy
#### IOGPU-CALLBACK-BUFFER-CLEAN commandBuffer=0x601504600 class=AGXG13GFamilyCommandBuffer submitSerial=258 fixed=13 target=0x0 start=0x80d052881a5 end=0x80d052881af
#### IOGPU-CALLBACK-BUFFER-CLEAN commandBuffer=0x601504280 class=AGXG13GFamilyCommandBuffer submitSerial=264 fixed=13 target=0x0 start=0x80d0529e90f end=0x80d052a4c88
[91m[main 2026-07-29T21:53:04.577Z][0m [AgentHost:stderr] [CLI subprocess] #### MACWS_HID_BYPASS installed SetMatchingMultiple → no-op (1) at 0x187cede8c — skips iOS-format CFBinaryPlist parse inside
[CLI subprocess] ####   IOHIDEventSystemClientCacheMatchingServices → IOHIDUnserializeAndVMDealloc → CFPropertyListCreateFromStream
[CLI subprocess] ####   that BUS_ADRALNs in the IOMFBServer thread.
[CLI subprocess] #### MACWS_AGX_RENAMER_PATCH: off (set MACWS_AGX_RENAMER_PATCH=1 to enable)
[CLI subprocess] #### MACWS_ASSERT_BYPASS DISABLED (set MACWS_KEEP_ASSERT_BYPASS=1 to restore lazy bypass) — real __assert_rtn now reaches abort

[91m[main 2026-07-29T21:53:04.578Z][0m [AgentHost:stderr] [CLI subprocess] #### MACWS_AGX_NATIVE [ctor] pre-loaded IOGPU via /System/Library/PrivateFrameworks/IOGPU.framework/IOGPU -> 0x3ae29cc10

[91m[main 2026-07-29T21:53:04.579Z][0m [AgentHost:stderr] [CLI subprocess] #### XPC_BOOTSTRAP: fn=0x1848a5140 dict=0x122806930 (registering Metal/ViewBridge/HIServices)
[CLI subprocess] #### XPC_BOOTSTRAP: called OK

[91m[main 2026-07-29T21:53:04.579Z][0m [AgentHost:stderr] [CLI subprocess] #### COEXIST API SwapEnd hook installed target=0x18f7831cc trampoline=0x100608000

[91m[main 2026-07-29T21:53:04.585Z][0m [AgentHost:stderr] [CLI subprocess] #### SkyLight PrepareForUse tolerate-nil hook installed at 0x189b64fc4

[91m[main 2026-07-29T21:53:04.586Z][0m [AgentHost:stderr] [CLI subprocess] #### SkyLight StartCompositeForDisplayStream nil-skip hook installed at 0x18998dd74

[91m[main 2026-07-29T21:53:04.586Z][0m [AgentHost:stderr] [CLI subprocess] #### SkyLight StartComposite(WSCD) tolerate-nil + pop-on-bail hook installed at 0x18998d358

[91m[main 2026-07-29T21:53:04.587Z][0m [AgentHost:stderr] [CLI subprocess] #### SkyLight StartComposite(MTLTex) pop-on-bail hook installed at 0x18998dfb8

[91m[main 2026-07-29T21:53:04.588Z][0m [AgentHost:stderr] [CLI subprocess] #### SkyLight EndCurrentComposite(bool) completion hook installed at 0x18998c53c

[91m[main 2026-07-29T21:53:04.589Z][0m [AgentHost:stderr] [CLI subprocess] #### SkyLight EndUpdate(bool) submission hook installed at 0x18998c0b0

[91m[main 2026-07-29T21:53:04.590Z][0m [AgentHost:stderr] [CLI subprocess] #### SkyLight _state_stack pop_back resolved at 0x18998afa0

[91m[main 2026-07-29T21:53:04.592Z][0m [AgentHost:stderr] [CLI subprocess] #### SkyLight WSCompositeDestinationCreateWithMetalTexture nil-tolerate hook installed at 0x18999053c

[91m[main 2026-07-29T21:53:04.593Z][0m [AgentHost:stderr] [CLI subprocess] #### SkyLight MetalContext::StopCapture invalid-this guard installed at 0x18998c1bc

[91m[main 2026-07-29T21:53:04.594Z][0m [AgentHost:stderr] [CLI subprocess] #### MACWS_AGX_NATIVE class_addMethod(MTLTextureDescriptor, validateWithDevice:) = 1

[91m[main 2026-07-29T21:53:04.595Z][0m [AgentHost:stderr] [CLI subprocess] #### MACWS_AGX_NATIVE class_addMethod(IOGPUMetalTexture, isMemoryless) = 1
[CLI subprocess] #### MACWS_AGX_NATIVE class_addMethod(IOGPUMetalTexture, getCPUSizeBytes) = 1
[CLI subprocess] #### MACWS_AGX_NATIVE class_addMethod(IOGPUMetalTexture, getAlignment) = 1
[CLI subprocess] #### MACWS_AGX_NATIVE class_addMethod(IOGPUMetalTexture, descriptorPrivate) = 1
[CLI subprocess] #### MACWS_AGX_NATIVE class_addMethod(IOGPUMetalTexture, getBytesPerRow) = 1
[CLI subprocess] #### MACWS_AGX_NATIVE class_addMethod(IOGPUMetalTexture, updateBindDataWithAddresses:gpuVirtualAddress:) = 1
[CLI subprocess] #### MACWS_AGX_NATIVE class_addMethod(IOGPUMetalTexture, updateBindDataWithAddresses:gpuVirtualAddress:shouldInitMetadata:) = 1
[CLI subprocess] #### MACWS_AGX_NATIVE class_addMethod(IOGPUMetalTexture, allocBufferSubDataWithLength:options:alignment:heapIndex:bufferIndex:bufferOffset:) = 1
[CLI subprocess] #### MACWS_AGX_NATIVE class_addMethod(IOGPUMetalTexture, initNewTextureData:) = 1
[CLI subprocess] #### MACWS_AGX_NATIVE class_addMethod(MTLTextureDescriptor, isMemoryless) = 1
[CLI subprocess] #### MACWS_AGX_NATIVE class_addMethod(MTLTextureDescriptor, protectionOptions) = 1
[CLI subprocess] #### MACWS_AGX_NATIVE class_addMethod(MTLTextureDescriptor, getCPUSizeBytes) = 1
[CLI subprocess] #### MACWS_AGX_NATIVE class_addMethod(MTLTextureDescriptor, getAlignment) = 1
[CLI subprocess] #### MACWS_AGX_NATIVE class_addMethod(MTLTextureDescriptor, descriptorPrivate) = 1
[CLI subprocess] #### MACWS_AGX_NATIVE class_addMethod(MTLTextureDescriptor, getBytesPerRow) = 1
[CLI subprocess] #### MACWS_AGX_NATIVE class_addMethod(MTLTextureDescriptor, updateBindDataWithAddresses:gpuVirtualAddress:) = 1

[91m[main 2026-07-29T21:53:04.595Z][0m [AgentHost:stderr] [CLI subprocess] #### MACWS_AGX_NATIVE class_addMethod(MTLTextureDescriptor, updateBindDataWithAddresses:gpuVirtualAddress:shouldInitMetadata:) = 1
[CLI subprocess] #### MACWS_AGX_NATIVE class_addMethod(MTLTextureDescriptor, allocBufferSubDataWithLength:options:alignment:heapIndex:bufferIndex:bufferOffset:) = 1
[CLI subprocess] #### MACWS_AGX_NATIVE class_addMethod(MTLTextureDescriptor, initNewTextureData:) = 1

[91m[main 2026-07-29T21:53:04.860Z][0m [AgentHost:stderr] [CLI subprocess] #
[CLI subprocess] # Fatal error
[CLI subprocess] # Oilpan: Out of memory (Oilpan: CagedHeap reservation.)
[CLI subprocess] #
[CLI subprocess] #
[CLI subprocess] #
[CLI subprocess] #FailureMessage Object: 0x16f912d58

#### JIT-MPROTECT flip #25600 ranges=1 prot=RX writers=1 exec_waits=7553 late_retries=195
#### IOGPU-CALLBACK-BUFFER-CLEAN commandBuffer=0x601507a80 class=AGXG13GFamilyCommandBuffer submitSerial=265 fixed=9 target=0x0 start=0x80d07154fa3 end=0x80d0715b546
#### IOGPU-CALLBACK-BUFFER-CLEAN commandBuffer=0x601500a80 class=AGXG13GFamilyCommandBuffer submitSerial=263 fixed=13 target=0x0 start=0x80d0715b93c end=0x80d0715b93d
#### IOGPU-CALLBACK-BUFFER-CLEAN commandBuffer=0x601500a80 class=AGXG13GFamilyCommandBuffer submitSerial=263 fixed=13 target=0x0 start=0x80d071b1295 end=0x80d071b12a1
#### IOGPU-CALLBACK-BUFFER-CLEAN commandBuffer=0x601078c00 class=AGXG13GFamilyCommandBuffer submitSerial=271 fixed=13 target=0x0 start=0x80d071cef75 end=0x80d071d4372
#### IOGPU-CALLBACK-BUFFER-CLEAN commandBuffer=0x601075e80 class=AGXG13GFamilyCommandBuffer submitSerial=275 fixed=13 target=0x0 start=0x80d0720a833 end=0x80d0720f7cc
#### IOGPU-CALLBACK-BUFFER-CLEAN commandBuffer=0x60107f180 class=AGXG13GFamilyCommandBuffer submitSerial=276 fixed=13 target=0x0 start=0x80d072239cd end=0x80d072283d7
#### IOGPU-CALLBACK-BUFFER-CLEAN commandBuffer=0x601075e80 class=AGXG13GFamilyCommandBuffer submitSerial=275 fixed=13 target=0x0 start=0x80d07228a7f end=0x80d07228a7f
#### IOGPU-CALLBACK-BUFFER-CLEAN commandBuffer=0x60107f180 class=AGXG13GFamilyCommandBuffer submitSerial=276 fixed=13 target=0x0 start=0x80d0722c8d8 end=0x80d0722c928
#### IOGPU-CALLBACK-BUFFER-CLEAN commandBuffer=0x60107f180 class=AGXG13GFamilyCommandBuffer submitSerial=276 fixed=13 target=0x0 start=0x80d0723466b end=0x80d0723466b
#### IOGPU-CALLBACK-BUFFER-CLEAN commandBuffer=0x60107d200 class=AGXG13GFamilyCommandBuffer submitSerial=280 fixed=8 target=0x0 start=0x80d073c5b4a end=0x80d073c923f
#### IOGPU-CALLBACK-BUFFER-CLEAN commandBuffer=0x60107d200 class=AGXG13GFamilyCommandBuffer submitSerial=281 fixed=14 target=0x0 start=0x80d073ff281 end=0x80d0740415a
#### MACWS_HID_BYPASS installed SetMatchingMultiple → no-op (1) at 0x187cede8c — skips iOS-format CFBinaryPlist parse inside
####   IOHIDEventSystemClientCacheMatchingServices → IOHIDUnserializeAndVMDealloc → CFPropertyListCreateFromStream
####   that BUS_ADRALNs in the IOMFBServer thread.
#### MACWS_AGX_RENAMER_PATCH: off (set MACWS_AGX_RENAMER_PATCH=1 to enable)
#### MACWS_ASSERT_BYPASS DISABLED (set MACWS_KEEP_ASSERT_BYPASS=1 to restore lazy bypass) — real __assert_rtn now reaches abort
#### MACWS_AGX_NATIVE [ctor] pre-loaded IOGPU via /System/Library/PrivateFrameworks/IOGPU.framework/IOGPU -> 0x3ae29cc10
#### XPC_BOOTSTRAP: fn=0x1848a5140 dict=0x152006940 (registering Metal/ViewBridge/HIServices)
#### XPC_BOOTSTRAP: called OK
#### COEXIST API SwapEnd hook installed target=0x18f7831cc trampoline=0x10276c000
#### SkyLight PrepareForUse tolerate-nil hook installed at 0x189b64fc4
#### SkyLight StartCompositeForDisplayStream nil-skip hook installed at 0x18998dd74
#### SkyLight StartComposite(WSCD) tolerate-nil + pop-on-bail hook installed at 0x18998d358
#### SkyLight StartComposite(MTLTex) pop-on-bail hook installed at 0x18998dfb8
#### SkyLight EndCurrentComposite(bool) completion hook installed at 0x18998c53c
#### SkyLight EndUpdate(bool) submission hook installed at 0x18998c0b0
#### SkyLight _state_stack pop_back resolved at 0x18998afa0
#### SkyLight WSCompositeDestinationCreateWithMetalTexture nil-tolerate hook installed at 0x18999053c
#### SkyLight MetalContext::StopCapture invalid-this guard installed at 0x18998c1bc
#### MACWS_AGX_NATIVE class_addMethod(MTLTextureDescriptor, validateWithDevice:) = 1
#### MACWS_AGX_NATIVE class_addMethod(IOGPUMetalTexture, isMemoryless) = 1
#### MACWS_AGX_NATIVE class_addMethod(IOGPUMetalTexture, getCPUSizeBytes) = 1
#### MACWS_AGX_NATIVE class_addMethod(IOGPUMetalTexture, getAlignment) = 1
#### MACWS_AGX_NATIVE class_addMethod(IOGPUMetalTexture, descriptorPrivate) = 1
#### MACWS_AGX_NATIVE class_addMethod(IOGPUMetalTexture, getBytesPerRow) = 1
#### MACWS_AGX_NATIVE class_addMethod(IOGPUMetalTexture, updateBindDataWithAddresses:gpuVirtualAddress:) = 1
#### MACWS_AGX_NATIVE class_addMethod(IOGPUMetalTexture, updateBindDataWithAddresses:gpuVirtualAddress:shouldInitMetadata:) = 1
#### MACWS_AGX_NATIVE class_addMethod(IOGPUMetalTexture, allocBufferSubDataWithLength:options:alignment:heapIndex:bufferIndex:bufferOffset:) = 1
#### MACWS_AGX_NATIVE class_addMethod(IOGPUMetalTexture, initNewTextureData:) = 1
#### MACWS_AGX_NATIVE class_addMethod(MTLTextureDescriptor, isMemoryless) = 1
#### MACWS_AGX_NATIVE class_addMethod(MTLTextureDescriptor, protectionOptions) = 1
#### MACWS_AGX_NATIVE class_addMethod(MTLTextureDescriptor, getCPUSizeBytes) = 1
#### MACWS_AGX_NATIVE class_addMethod(MTLTextureDescriptor, getAlignment) = 1
#### MACWS_AGX_NATIVE class_addMethod(MTLTextureDescriptor, descriptorPrivate) = 1
#### MACWS_AGX_NATIVE class_addMethod(MTLTextureDescriptor, getBytesPerRow) = 1
#### MACWS_AGX_NATIVE class_addMethod(MTLTextureDescriptor, updateBindDataWithAddresses:gpuVirtualAddress:) = 1
#### MACWS_AGX_NATIVE class_addMethod(MTLTextureDescriptor, updateBindDataWithAddresses:gpuVirtualAddress:shouldInitMetadata:) = 1
#### MACWS_AGX_NATIVE class_addMethod(MTLTextureDescriptor, allocBufferSubDataWithLength:options:alignment:heapIndex:bufferIndex:bufferOffset:) = 1
#### MACWS_AGX_NATIVE class_addMethod(MTLTextureDescriptor, initNewTextureData:) = 1
#### AMFI-POLICY-COMPAT policy=AMFI op=0x60 status=0x4 (iOS task ports are hard-immovable)
#### CSR-POLICY-COMPAT active_config=0x0 (conservative iOS compatibility value)
[74167:0729/145306.171349:ERROR:base/process/process_mac.cc:53] task_policy_set TASK_CATEGORY_POLICY: (os/kern) invalid argument (4)
2026-07-29 14:53:06.189 Code Helper (Renderer)[74167:12308409] XType: Using static font registry.
#### JIT-MPROTECT range[0]=[0x280000000,0x290000000) source=MAP_JIT-EINVAL
#### JIT-MPROTECT execution barrier installed (W^X fetch-wait compatibility)
#### JIT-MPROTECT range[0]=[0x280000000,0x290000000) source=MAP_JIT-EINVAL
#### JIT-MPROTECT range[0]=[0x280000000,0x290000000) source=MAP_JIT-EINVAL
#### JIT-MPROTECT range[0]=[0x280000000,0x290000000) source=MAP_JIT-EINVAL
#### JIT-MPROTECT range[0]=[0x280000000,0x290000000) source=MAP_JIT-EINVAL
#### JIT-MPROTECT range[0]=[0x280000000,0x290000000) source=MAP_JIT-EINVAL
#### JIT-MPROTECT range[0]=[0x280000000,0x290000000) source=MAP_JIT-EINVAL
#### JIT-MPROTECT range[0]=[0x280000000,0x290000000) source=MAP_JIT-EINVAL
#### JIT-MPROTECT range[0]=[0x170000000,0x180000000) source=MAP_JIT-EINVAL
#### JIT-MPROTECT remap decline #1 dst=0x177dc0000 size=0x208000 src=0x1119ac000 requested=0x5 -> V8 copy fallback
#### JIT-MPROTECT flip #1 ranges=1 prot=RW writers=1 exec_waits=0 late_retries=0
#### JIT-MPROTECT flip #2 ranges=1 prot=RX writers=1 exec_waits=0 late_retries=0
#### JIT-MPROTECT flip #9216 ranges=1 prot=RX writers=1 exec_waits=2693 late_retries=61
#### JIT-MPROTECT flip #3 ranges=1 prot=RW writers=1 exec_waits=0 late_retries=0
#### JIT-MPROTECT flip #4 ranges=1 prot=RX writers=1 exec_waits=0 late_retries=0
#### JIT-MPROTECT flip #5 ranges=1 prot=RW writers=1 exec_waits=0 late_retries=0
#### JIT-MPROTECT flip #6 ranges=1 prot=RX writers=1 exec_waits=0 late_retries=0
#### JIT-MPROTECT flip #7 ranges=1 prot=RW writers=1 exec_waits=0 late_retries=0
#### JIT-MPROTECT flip #8 ranges=1 prot=RX writers=1 exec_waits=0 late_retries=0
#### JIT-MPROTECT flip #9 ranges=1 prot=RW writers=1 exec_waits=0 late_retries=0
#### JIT-MPROTECT flip #10 ranges=1 prot=RX writers=1 exec_waits=0 late_retries=0
#### JIT-MPROTECT flip #11 ranges=1 prot=RW writers=1 exec_waits=0 late_retries=0
#### JIT-MPROTECT flip #12 ranges=1 prot=RX writers=1 exec_waits=0 late_retries=0
#### JIT-MPROTECT flip #13 ranges=1 prot=RW writers=1 exec_waits=0 late_retries=0
#### JIT-MPROTECT flip #14 ranges=1 prot=RX writers=1 exec_waits=0 late_retries=0
#### JIT-MPROTECT flip #15 ranges=1 prot=RW writers=1 exec_waits=0 late_retries=0
#### JIT-MPROTECT flip #16 ranges=1 prot=RX writers=1 exec_waits=0 late_retries=0
#### JIT-MPROTECT flip #17 ranges=1 prot=RW writers=1 exec_waits=0 late_retries=0
#### JIT-MPROTECT flip #18 ranges=1 prot=RX writers=1 exec_waits=0 late_retries=0
#### JIT-MPROTECT flip #19 ranges=1 prot=RW writers=1 exec_waits=0 late_retries=0
#### JIT-MPROTECT flip #20 ranges=1 prot=RX writers=1 exec_waits=0 late_retries=0
#### JIT-MPROTECT flip #21 ranges=1 prot=RW writers=1 exec_waits=0 late_retries=0
#### JIT-MPROTECT flip #22 ranges=1 prot=RX writers=1 exec_waits=0 late_retries=0
#### JIT-MPROTECT flip #23 ranges=1 prot=RW writers=1 exec_waits=0 late_retries=0
#### JIT-MPROTECT flip #24 ranges=1 prot=RX writers=1 exec_waits=0 late_retries=0
#### JIT-MPROTECT flip #25 ranges=1 prot=RW writers=1 exec_waits=0 late_retries=0
#### JIT-MPROTECT flip #26 ranges=1 prot=RX writers=1 exec_waits=0 late_retries=0
#### JIT-MPROTECT flip #27 ranges=1 prot=RW writers=1 exec_waits=0 late_retries=0
#### JIT-MPROTECT flip #28 ranges=1 prot=RX writers=1 exec_waits=0 late_retries=0
#### JIT-MPROTECT flip #29 ranges=1 prot=RW writers=1 exec_waits=0 late_retries=0
#### JIT-MPROTECT flip #30 ranges=1 prot=RX writers=1 exec_waits=0 late_retries=0
#### JIT-MPROTECT flip #31 ranges=1 prot=RW writers=1 exec_waits=0 late_retries=0
#### JIT-MPROTECT flip #32 ranges=1 prot=RX writers=1 exec_waits=0 late_retries=0
#### IOGPU-CALLBACK-BUFFER-CLEAN commandBuffer=0x60107b280 class=AGXG13GFamilyCommandBuffer submitSerial=284 fixed=14 target=0x0 start=0x80d07f86519 end=0x80d07f8cc07
#### AGX_SUBMIT_DIAG #387 TEMP-KCMD-TRAILING-WRAPPER-FIX match=128 subtype1=0..0x840->0..0x820 wrappers=1 range=0x840..0x858->0x820..0x838
#### MTL_TEX LEASE-HIT #35 key=64x64-pf70-bpe4-fcc1380401729 entry=0x601a53a80 surf=0x600a5ed00 tex=0x601ae1e00 retain=1 baseline=1 shapeEntries=7 pool=50MB
#### MTL_TEX plain DEPTH-STENCIL: pf=260 routing to native AGX path (IOSurface backing is invalid)
#### MTL_TEX plain DEPTH-STENCIL native result: 0x601b08700 class=AGXG13GFamilyTexture
#### IOGPU-CALLBACK-BUFFER-CLEAN commandBuffer=0x6019e8c00 class=AGXG13GFamilyCommandBuffer submitSerial=244 fixed=8 target=0x0 start=0x80d08195976 end=0x80d08195977
#### MTL_TEX LEASE-HIT #36 key=1x1-pf70-bpe4-fcc1380401729 entry=0x6016124c0 surf=0x600a5db60 tex=0x6015dd700 retain=1 baseline=1 shapeEntries=93 pool=50MB
#### JIT-MPROTECT flip #1024 ranges=1 prot=RX writers=1 exec_waits=207 late_retries=6
#### MTL_TEX LEASE-HIT #37 key=1x1-pf70-bpe4-fcc1380401729 entry=0x601614470 surf=0x600a5c0a0 tex=0x6015dfa00 retain=1 baseline=1 shapeEntries=93 pool=50MB
#### MTL_TEX LEASE-HIT #38 key=1x1-pf70-bpe4-fcc1380401729 entry=0x601614710 surf=0x600a52ec0 tex=0x601790a00 retain=1 baseline=1 shapeEntries=93 pool=50MB
#### MTL_TEX LEASE-HIT #39 key=1x1-pf70-bpe4-fcc1380401729 entry=0x6016145f0 surf=0x600a5ca40 tex=0x601790f00 retain=1 baseline=1 shapeEntries=93 pool=50MB
#### MTL_TEX LEASE-HIT #40 key=1x1-pf70-bpe4-fcc1380401729 entry=0x6016150d0 surf=0x600a5ac00 tex=0x601791b80 retain=1 baseline=1 shapeEntries=93 pool=50MB
#### MTL_TEX LEASE-HIT #41 key=1x1-pf70-bpe4-fcc1380401729 entry=0x601614f80 surf=0x600a58e60 tex=0x601792300 retain=1 baseline=1 shapeEntries=93 pool=50MB
#### MTL_TEX LEASE-HIT #42 key=1x1-pf70-bpe4-fcc1380401729 entry=0x601614bc0 surf=0x600a5dea0 tex=0x601792a80 retain=1 baseline=1 shapeEntries=93 pool=50MB
#### MTL_TEX LEASE-HIT #43 key=1x1-pf70-bpe4-fcc1380401729 entry=0x6016148f0 surf=0x600a5de80 tex=0x601793200 retain=1 baseline=1 shapeEntries=93 pool=50MB
#### MTL_TEX LEASE-HIT #44 key=1x1-pf70-bpe4-fcc1380401729 entry=0x601614e90 surf=0x600a5c240 tex=0x601793700 retain=1 baseline=1 shapeEntries=93 pool=50MB
#### MTL_TEX LEASE-HIT #45 key=1x1-pf70-bpe4-fcc1380401729 entry=0x601614140 surf=0x600a5da80 tex=0x601793c00 retain=1 baseline=1 shapeEntries=93 pool=50MB
#### MTL_TEX LEASE-HIT #46 key=1x1-pf70-bpe4-fcc1380401729 entry=0x6016151f0 surf=0x600a59ac0 tex=0x601794100 retain=1 baseline=1 shapeEntries=93 pool=50MB
#### MTL_TEX LEASE-HIT #47 key=1x1-pf70-bpe4-fcc1380401729 entry=0x6016156a0 surf=0x600a5dee0 tex=0x601794600 retain=1 baseline=1 shapeEntries=93 pool=50MB
#### MTL_TEX LEASE-HIT #48 key=1x1-pf70-bpe4-fcc1380401729 entry=0x601613660 surf=0x600a5e180 tex=0x601795500 retain=1 baseline=1 shapeEntries=93 pool=50MB
#### AGX_LIFE CREATE id=0x2e3 type=0 surf=0 bytes=0x4000 kr=0 okC=1000 failC=0 okD=261 failD=0 unmatchedD=1 full=0 live=739/262MB [t0=508/129MB t80=2/0MB t82=229/132MB]
[91m[main 2026-07-29T21:53:06.533Z][0m ProxyResolver#loadSystemCertificates error 206
#### AGXIOC subres parent 0x20000 -> resourceID 0x28e, base=0x121c51e00 span=0x20000
#### MTL_TEX MIP-NATIVE result attempt=88 tex=0x601cf8200 class=AGXG13GFamilyTexture
#### AGX_LIFE CREATE id=0x39f type=0 surf=0 bytes=0x4000 kr=0 okC=1250 failC=0 okD=323 failD=0 unmatchedD=1 full=0 live=927/265MB [t0=695/132MB t80=3/0MB t82=229/132MB]
#### AGXIOC subres parent 0x20000 -> resourceID 0x28e, base=0x121c52500 span=0x20000
#### MTL_TEX MIP-NATIVE result attempt=89 tex=0x601cf8700 class=AGXG13GFamilyTexture
#### MTL_TEX MIP-NATIVE result attempt=90 tex=0x601cf8c00 class=AGXG13GFamilyTexture
#### MTL_TEX MIP-NATIVE result attempt=91 tex=0x601cf9100 class=AGXG13GFamilyTexture
#### MTL_TEX MIP-NATIVE result attempt=92 tex=0x601cf9600 class=AGXG13GFamilyTexture
#### MTL_TEX MIP-NATIVE result attempt=93 tex=0x601cf9b00 class=AGXG13GFamilyTexture
#### AGXIOC heap map #1000 clientID 0x155680 -> resourceID 0x3aa size 0x155680
#### MTL_TEX MIP-NATIVE result attempt=94 tex=0x601cfa000 class=AGXG13GFamilyTexture
#### MTL_TEX MIP-NATIVE result attempt=95 tex=0x601cfa500 class=AGXG13GFamilyTexture
#### MTL_TEX MIP-NATIVE result attempt=96 tex=0x601cfaa00 class=AGXG13GFamilyTexture
#### MTL_TEX MIP-NATIVE result attempt=97 tex=0x601cfaf00 class=AGXG13GFamilyTexture
#### MTL_TEX MIP-NATIVE result attempt=98 tex=0x601cfb400 class=AGXG13GFamilyTexture
#### MTL_TEX MIP-NATIVE result attempt=99 tex=0x601cfb900 class=AGXG13GFamilyTexture
#### MTL_TEX MIP-NATIVE result attempt=100 tex=0x601cfbe00 class=AGXG13GFamilyTexture
#### MTL_TEX MIP-NATIVE result attempt=101 tex=0x601cfc300 class=AGXG13GFamilyTexture
#### MTL_TEX MIP-NATIVE result attempt=102 tex=0x601cfc800 class=AGXG13GFamilyTexture
#### MTL_TEX MIP-NATIVE result attempt=103 tex=0x601cfcd00 class=AGXG13GFamilyTexture
#### MTL_TEX MIP-NATIVE result attempt=104 tex=0x601cfd200 class=AGXG13GFamilyTexture
#### MTL_TEX MIP-NATIVE result attempt=105 tex=0x601cfd700 class=AGXG13GFamilyTexture
#### MTL_TEX MIP-NATIVE result attempt=106 tex=0x601cfdc00 class=AGXG13GFamilyTexture
#### MTL_TEX MIP-NATIVE result attempt=107 tex=0x601cfe100 class=AGXG13GFamilyTexture
#### MTL_TEX MIP-NATIVE result attempt=108 tex=0x601cfe600 class=AGXG13GFamilyTexture
#### MTL_TEX MIP-NATIVE result attempt=109 tex=0x601cfeb00 class=AGXG13GFamilyTexture
#### MTL_TEX MIP-NATIVE result attempt=110 tex=0x601cff500 class=AGXG13GFamilyTexture
#### MTL_TEX MIP-NATIVE result attempt=111 tex=0x601d90000 class=AGXG13GFamilyTexture
#### MTL_TEX MIP-NATIVE result attempt=112 tex=0x601d92300 class=AGXG13GFamilyTexture
#### MTL_TEX MIP-NATIVE result attempt=113 tex=0x601d92800 class=AGXG13GFamilyTexture
#### MTL_TEX MIP-NATIVE result attempt=114 tex=0x601d92d00 class=AGXG13GFamilyTexture
#### MTL_TEX MIP-NATIVE result attempt=115 tex=0x601d93200 class=AGXG13GFamilyTexture
#### MTL_TEX MIP-NATIVE result attempt=116 tex=0x601d93700 class=AGXG13GFamilyTexture
#### MTL_TEX MIP-NATIVE result attempt=117 tex=0x601d93c00 class=AGXG13GFamilyTexture
#### MTL_TEX MIP-NATIVE result attempt=118 tex=0x601d94100 class=AGXG13GFamilyTexture
#### MTL_TEX MIP-NATIVE result attempt=119 tex=0x601d94600 class=AGXG13GFamilyTexture
#### MTL_TEX MIP-NATIVE result attempt=120 tex=0x601d94b00 class=AGXG13GFamilyTexture
#### MTL_TEX MIP-NATIVE result attempt=121 tex=0x601d95000 class=AGXG13GFamilyTexture
#### MTL_TEX MIP-NATIVE result attempt=122 tex=0x601d95500 class=AGXG13GFamilyTexture
#### MTL_TEX MIP-NATIVE result attempt=123 tex=0x601d95a00 class=AGXG13GFamilyTexture
#### MTL_TEX MIP-NATIVE result attempt=124 tex=0x601d95f00 class=AGXG13GFamilyTexture
#### MTL_TEX MIP-NATIVE result attempt=125 tex=0x601d96900 class=AGXG13GFamilyTexture
#### MTL_TEX MIP-NATIVE result attempt=126 tex=0x601d96e00 class=AGXG13GFamilyTexture
#### MTL_TEX MIP-NATIVE result attempt=127 tex=0x601d97300 class=AGXG13GFamilyTexture
#### MTL_TEX MIP-NATIVE result attempt=128 tex=0x601d97800 class=AGXG13GFamilyTexture
#### MTL_TEX MIP-NATIVE result attempt=129 tex=0x601d97d00 class=AGXG13GFamilyTexture
#### MTL_TEX MIP-NATIVE result attempt=130 tex=0x601d98200 class=AGXG13GFamilyTexture
#### MTL_TEX MIP-NATIVE result attempt=131 tex=0x601d98700 class=AGXG13GFamilyTexture
#### MTL_TEX MIP-NATIVE result attempt=132 tex=0x601d98c00 class=AGXG13GFamilyTexture
#### MTL_TEX MIP-NATIVE result attempt=133 tex=0x601d99600 class=AGXG13GFamilyTexture
#### MTL_TEX MIP-NATIVE result attempt=134 tex=0x601d9a000 class=AGXG13GFamilyTexture
#### MTL_TEX MIP-NATIVE result attempt=135 tex=0x601d9a500 class=AGXG13GFamilyTexture
#### IOGPU-CALLBACK-BUFFER-CLEAN commandBuffer=0x601cd5b00 class=AGXG13GFamilyCommandBuffer submitSerial=291 fixed=142 target=0x0 start=0x80d08acafa7 end=0x80d08b0dee7
#### MTL_TEX MIP-NATIVE result attempt=136 tex=0x6010b9b00 class=AGXG13GFamilyTexture
#### MTL_TEX MIP-NATIVE result attempt=137 tex=0x601d9b900 class=AGXG13GFamilyTexture
#### MTL_TEX MIP-NATIVE result attempt=138 tex=0x601d9be00 class=AGXG13GFamilyTexture
#### MTL_TEX MIP-NATIVE result attempt=139 tex=0x601d9c300 class=AGXG13GFamilyTexture
#### MTL_TEX MIP-NATIVE result attempt=140 tex=0x601d9c800 class=AGXG13GFamilyTexture
#### MTL_TEX MIP-NATIVE result attempt=141 tex=0x601d9cd00 class=AGXG13GFamilyTexture
#### MTL_TEX MIP-NATIVE result attempt=142 tex=0x601d9d200 class=AGXG13GFamilyTexture
#### MTL_TEX MIP-NATIVE result attempt=143 tex=0x601d9d700 class=AGXG13GFamilyTexture
#### MTL_TEX MIP-NATIVE result attempt=144 tex=0x601d9dc00 class=AGXG13GFamilyTexture
#### MTL_TEX MIP-NATIVE result attempt=145 tex=0x601d9e100 class=AGXG13GFamilyTexture
#### MTL_TEX MIP-NATIVE result attempt=146 tex=0x601d9e600 class=AGXG13GFamilyTexture
#### MTL_TEX MIP-NATIVE result attempt=147 tex=0x601d9eb00 class=AGXG13GFamilyTexture
#### MTL_TEX MIP-NATIVE result attempt=148 tex=0x601d9f000 class=AGXG13GFamilyTexture
#### MTL_TEX MIP-NATIVE result attempt=149 tex=0x601d9f500 class=AGXG13GFamilyTexture
#### MTL_TEX MIP-NATIVE result attempt=150 tex=0x601d9fa00 class=AGXG13GFamilyTexture
#### IOGPU-CALLBACK-BUFFER-CLEAN commandBuffer=0x601cd5b00 class=AGXG13GFamilyCommandBuffer submitSerial=298 fixed=25 target=0x0 start=0x80d08e39408 end=0x80d08e414b3
#### MTL_TEX MIP-NATIVE result attempt=151 tex=0x601e10000 class=AGXG13GFamilyTexture
#### MTL_TEX MIP-NATIVE result attempt=152 tex=0x601e10500 class=AGXG13GFamilyTexture
#### MTL_TEX MIP-NATIVE result attempt=153 tex=0x601e10a00 class=AGXG13GFamilyTexture
#### MTL_TEX MIP-NATIVE result attempt=154 tex=0x601e10f00 class=AGXG13GFamilyTexture
#### MTL_TEX MIP-NATIVE result attempt=155 tex=0x601e11400 class=AGXG13GFamilyTexture
#### MTL_TEX MIP-NATIVE result attempt=156 tex=0x601e11900 class=AGXG13GFamilyTexture
#### MTL_TEX MIP-NATIVE result attempt=157 tex=0x601e11e00 class=AGXG13GFamilyTexture
#### MTL_TEX MIP-NATIVE result attempt=158 tex=0x601e12800 class=AGXG13GFamilyTexture
#### MTL_TEX MIP-NATIVE result attempt=159 tex=0x601e12d00 class=AGXG13GFamilyTexture
#### MTL_TEX MIP-NATIVE result attempt=160 tex=0x601e13200 class=AGXG13GFamilyTexture
#### MTL_TEX MIP-NATIVE result attempt=161 tex=0x601e13980 class=AGXG13GFamilyTexture
#### MTL_TEX MIP-NATIVE result attempt=162 tex=0x601e13e80 class=AGXG13GFamilyTexture
#### IOGPU-CALLBACK-BUFFER-CLEAN commandBuffer=0x601cdd200 class=AGXG13GFamilyCommandBuffer submitSerial=299 fixed=30 target=0x0 start=0x80d08e64c98 end=0x80d08e6d78a
#### MTL_TEX MIP-NATIVE result attempt=163 tex=0x601e14380 class=AGXG13GFamilyTexture
#### MTL_TEX MIP-NATIVE result attempt=164 tex=0x601e14880 class=AGXG13GFamilyTexture
#### MTL_TEX MIP-NATIVE result attempt=165 tex=0x601e14d80 class=AGXG13GFamilyTexture
#### MTL_TEX MIP-NATIVE result attempt=166 tex=0x601e15280 class=AGXG13GFamilyTexture
#### MTL_TEX MIP-NATIVE result attempt=167 tex=0x601e15780 class=AGXG13GFamilyTexture
#### MTL_TEX MIP-NATIVE result attempt=168 tex=0x601e15c80 class=AGXG13GFamilyTexture
#### MTL_TEX MIP-NATIVE result attempt=169 tex=0x601e16180 class=AGXG13GFamilyTexture
#### MTL_TEX MIP-NATIVE result attempt=170 tex=0x601e16680 class=AGXG13GFamilyTexture
#### MTL_TEX MIP-NATIVE result attempt=171 tex=0x601e16b80 class=AGXG13GFamilyTexture
#### MTL_TEX MIP-NATIVE result attempt=172 tex=0x601e17080 class=AGXG13GFamilyTexture
#### MTL_TEX MIP-NATIVE result attempt=173 tex=0x601e17580 class=AGXG13GFamilyTexture
#### MTL_TEX MIP-NATIVE result attempt=174 tex=0x601e17a80 class=AGXG13GFamilyTexture
#### IOGPU-CALLBACK-BUFFER-CLEAN commandBuffer=0x601cde000 class=AGXG13GFamilyCommandBuffer submitSerial=300 fixed=37 target=0x0 start=0x80d08e94515 end=0x80d08e9eb10
#### IOGPU-CALLBACK-BUFFER-CLEAN commandBuffer=0x601cd5b00 class=AGXG13GFamilyCommandBuffer submitSerial=298 fixed=25 target=0x0 start=0x80d08f8db02 end=0x80d08f8db11
#### IOGPU-CALLBACK-BUFFER-CLEAN commandBuffer=0x600226900 class=AGXG13GFamilyCommandBuffer submitSerial=303 fixed=8 target=0x0 start=0x80d13555ccc end=0x80d1355b6ad
#### IOSURFACE-RELEASE-ABI pair #1: conn=12039 surfaceID=166 sel=1 -> 0
#### JIT-MPROTECT flip #10240 ranges=1 prot=RX writers=1 exec_waits=2768 late_retries=64
#### JIT-MPROTECT flip #26624 ranges=1 prot=RX writers=1 exec_waits=7687 late_retries=203
#### JIT-MPROTECT flip #27648 ranges=1 prot=RX writers=1 exec_waits=7687 late_retries=203
#### JIT-MPROTECT flip #28672 ranges=1 prot=RX writers=1 exec_waits=7687 late_retries=203
#### MACWS_HID_BYPASS installed SetMatchingMultiple → no-op (1) at 0x187cede8c — skips iOS-format CFBinaryPlist parse inside
####   IOHIDEventSystemClientCacheMatchingServices → IOHIDUnserializeAndVMDealloc → CFPropertyListCreateFromStream
####   that BUS_ADRALNs in the IOMFBServer thread.
#### MACWS_AGX_RENAMER_PATCH: off (set MACWS_AGX_RENAMER_PATCH=1 to enable)
#### MACWS_ASSERT_BYPASS DISABLED (set MACWS_KEEP_ASSERT_BYPASS=1 to restore lazy bypass) — real __assert_rtn now reaches abort
#### MACWS_AGX_NATIVE [ctor] pre-loaded IOGPU via /System/Library/PrivateFrameworks/IOGPU.framework/IOGPU -> 0x3ae29cc10
#### XPC_BOOTSTRAP: fn=0x1848a5140 dict=0x149e2aa40 (registering Metal/ViewBridge/HIServices)
#### XPC_BOOTSTRAP: called OK
#### COEXIST API SwapEnd hook installed target=0x18f7831cc trampoline=0x100198000
#### SkyLight PrepareForUse tolerate-nil hook installed at 0x189b64fc4
#### SkyLight StartCompositeForDisplayStream nil-skip hook installed at 0x18998dd74
#### SkyLight StartComposite(WSCD) tolerate-nil + pop-on-bail hook installed at 0x18998d358
#### SkyLight StartComposite(MTLTex) pop-on-bail hook installed at 0x18998dfb8
#### SkyLight EndCurrentComposite(bool) completion hook installed at 0x18998c53c
#### SkyLight EndUpdate(bool) submission hook installed at 0x18998c0b0
#### SkyLight _state_stack pop_back resolved at 0x18998afa0
#### SkyLight WSCompositeDestinationCreateWithMetalTexture nil-tolerate hook installed at 0x18999053c
#### SkyLight MetalContext::StopCapture invalid-this guard installed at 0x18998c1bc
#### MACWS_AGX_NATIVE class_addMethod(MTLTextureDescriptor, validateWithDevice:) = 1
#### MACWS_AGX_NATIVE class_addMethod(IOGPUMetalTexture, isMemoryless) = 1
#### MACWS_AGX_NATIVE class_addMethod(IOGPUMetalTexture, getCPUSizeBytes) = 1
#### MACWS_AGX_NATIVE class_addMethod(IOGPUMetalTexture, getAlignment) = 1
#### MACWS_AGX_NATIVE class_addMethod(IOGPUMetalTexture, descriptorPrivate) = 1
#### MACWS_AGX_NATIVE class_addMethod(IOGPUMetalTexture, getBytesPerRow) = 1
#### MACWS_AGX_NATIVE class_addMethod(IOGPUMetalTexture, updateBindDataWithAddresses:gpuVirtualAddress:) = 1
#### MACWS_AGX_NATIVE class_addMethod(IOGPUMetalTexture, updateBindDataWithAddresses:gpuVirtualAddress:shouldInitMetadata:) = 1
#### MACWS_AGX_NATIVE class_addMethod(IOGPUMetalTexture, allocBufferSubDataWithLength:options:alignment:heapIndex:bufferIndex:bufferOffset:) = 1
#### MACWS_AGX_NATIVE class_addMethod(IOGPUMetalTexture, initNewTextureData:) = 1
#### MACWS_AGX_NATIVE class_addMethod(MTLTextureDescriptor, isMemoryless) = 1
#### MACWS_AGX_NATIVE class_addMethod(MTLTextureDescriptor, protectionOptions) = 1
#### MACWS_AGX_NATIVE class_addMethod(MTLTextureDescriptor, getCPUSizeBytes) = 1
#### MACWS_AGX_NATIVE class_addMethod(MTLTextureDescriptor, getAlignment) = 1
#### MACWS_AGX_NATIVE class_addMethod(MTLTextureDescriptor, descriptorPrivate) = 1
#### MACWS_AGX_NATIVE class_addMethod(MTLTextureDescriptor, getBytesPerRow) = 1
#### MACWS_AGX_NATIVE class_addMethod(MTLTextureDescriptor, updateBindDataWithAddresses:gpuVirtualAddress:) = 1
#### MACWS_AGX_NATIVE class_addMethod(MTLTextureDescriptor, updateBindDataWithAddresses:gpuVirtualAddress:shouldInitMetadata:) = 1
#### MACWS_AGX_NATIVE class_addMethod(MTLTextureDescriptor, allocBufferSubDataWithLength:options:alignment:heapIndex:bufferIndex:bufferOffset:) = 1
#### MACWS_AGX_NATIVE class_addMethod(MTLTextureDescriptor, initNewTextureData:) = 1
#### AMFI-POLICY-COMPAT policy=AMFI op=0x60 status=0x4 (iOS task ports are hard-immovable)
#### CSR-POLICY-COMPAT active_config=0x0 (conservative iOS compatibility value)
[74546:0729/145527.142268:ERROR:base/process/process_mac.cc:53] task_policy_set TASK_CATEGORY_POLICY: (os/kern) invalid argument (4)
#### MACWS_AGX_NATIVE pre-loaded IOGPU via /System/Library/PrivateFrameworks/IOGPU.framework/IOGPU -> 0x3ae29cc10
#### MACWS_AGX_NATIVE dlsym(IOGPUResourceCreate) = 0x1a18b60a0
#### MACWS_AGX_NATIVE dlsym(IOGPUMetalCommonResourceCreate) = 0x0
#### MACWS_AGX_NATIVE dlsym(IOGPUDeviceCreateWithAPIProperty) = 0x1a18b40fc
#### MACWS_AGX_NATIVE dlsym(_IOGPUMetalAllocateResource) = 0x0
#### MACWS_AGX_NATIVE dlsym(IOGPUMetalAllocateResource) = 0x0
#### AGX_CLASSREF_DIAG newTexture iosurface alloc class @0x21f009298 = 0x2215b25f0 name=AGXG13GFamilyTexture
#### AGX_CLASSREF_DIAG initImpl method m=0x1ea1c13ad imp=0x1ea1aa284 expected stub=0x1ea1ba880 real=0x1ea1aa284 WHICH=AGXG13GFamilyTexture-real
#### MACWS_AGX_OBJC_AUTDA_PATCH msgSendSuper2=0x1847c5e00 code=0x1847c5e00 autda@0x1847c5e10 insn=0xdac11a30
####   PATCHED autda x16,x17 → xpacd x16 (0xdac11a30 → 0xdac147f0)
#### MACWS_AGX_SEL_DIAG super-init SEL static=0x1cffc6f26 slid=0x1d4726f26 readable=1
####   bytes="initWithDevice:descriptor:iosurface:plane:field:args:argsSize:"
####   sel_registerName(...) = 0x1d4726f26 name="initWithDevice:descriptor:iosurface:plane:field:args:argsSize:"
####   objc_getClass(IOGPUMetalTexture) = 0x1dfd48fb0
####   IOGPUMetalTexture method count = 71
####     - initNewTextureData:
####     - updateBindDataWithAddresses:gpuVirtualAddress:shouldInitMetadata:
####     - initWithBuffer:descriptor:offset:bytesPerRow:
####     - initWithBuffer:descriptor:sysMemOffset:sysMemRowBytes:vidMemSize:vidMemRowBytes:args:argsSize:
####     - initWithBuffer:descriptor:sysMemOffset:sysMemRowBytes:vidMemSize:vidMemRowBytes:args:argsSize:isStrideTexture:
####     - initWithDevice:descriptor:iosurface:plane:field:args:argsSize:
####     - initWithDevice:descriptor:sysMemSize:sysMemRowBytes:vidMemSize:vidMemRowBytes:args:argsSize:
####     - initWithDevice:remoteStorageTexture:args:argsSize:
####     - initWithHeap:resource:offset:length:device:descriptor:
####     - initWithTexture:pixelFormat:
####     - initWithTexture:pixelFormat:textureType:levels:slices:
####     - initWithTexture:pixelFormat:textureType:levels:slices:swizzle:
####     - initWithTextureInternal:pixelFormat:textureType:levels:slices:swizzle:compressedView:
####     - initWithPrimaryBuffer:heapIndex:bufferIndex:bufferOffset:length:descriptor:sysMemRowBytes:vidMemSize:vidMemRowBytes:args:argsSize:
####   AGXTexture super class = 0x0 ((nil))
####   super responds to "initWithDevice:desc:iosurface:plane:" = 0 (Method=0x0)
####   super responds to "initWithDevice:descriptor:iosurface:plane:" = 0 (Method=0x0)
####   super responds to "initWithDevice:descriptor:iosurface:plane:field:args:argsSize:" = 0 (Method=0x0)
####   super responds to "initImplWithDevice:Descriptor:iosurface:plane:buffer:bytesPerRow:allowNPOT:sparsePageSize:isCompressedIOSurface:isHeapBacked:" = 0 (Method=0x0)
#### MACWS_AGX_STUB_FIX objc_msgSendSuper2
####   stub@0x1ea1bdfc0 insns=[d01cf7f1 9132a231 f9400230 d71f0a11]
####   slot@0x2240bbca8 value=0x1847c5e00 sym=objc_msgSendSuper2 base=0x1847bc000 path=/usr/lib/libobjc.A.dylib
####   PATCHED → br 0x1847c5e00 (movz/movk/movk/br)
####   new=[d28bc010 f2b08f90 f2c00030 d61f0200]
#### MACWS_AGX_NATIVE objc_getClass(AGXBuffer) = 0x0
#### MACWS_AGX_NATIVE __objc_classlist: 52 entries
####   classlist[0] = 0x2215b26b8 name=AGXBuffer registered=0x0
####   classlist[1] = 0x2215b22f8 name=AGXG13GFamilyBinaryArchive registered=0x0
####   classlist[2] = 0x2215b2168 name=AGXG13GFamilyBlitContext registered=0x0
####   classlist[3] = 0x2215b17e0 name=AGXG13GFamilyResourceStateContext registered=0x0
####   classlist[4] = 0x2215b1fd8 name=AGXG13GFamilyBuffer registered=0x0
####   classlist[5] = 0x2215b1830 name=AGXG13GFamilyCommandBuffer registered=0x0
#### MACWS_AGX_NATIVE objc_duplicateClass=0x1847ebcb8
#### MACWS_AGX_NATIVE imageinfo=0x21bd1ca58 sz=8
#### PREREGISTER image[627] AGXMetal13_3: 52/52 realized
#### PREREGISTER image[628] GPURawCounter: 6/6 realized
#### MACWS_AGX_NATIVE register pass 0: 0 new (total 58)
#### MACWS_AGX_NATIVE realized 58/52 classes
#### MACWS_AGX_NATIVE AGXBuffer after register: 0x2215b26b8
#### MACWS_AGX_NATIVE [AGXBuffer alloc] = 0x600211680
#### MACWS_AGX_NATIVE swizzled initUntrackedInternalBufferWithDevice:length:options:
#### MACWS_AGX_NATIVE swizzled initWithDevice:length:alignment:options:isSuballocDisabled:resourceInArgs:pinnedGPULocation:
#### MACWS_AGX_NATIVE tracing -[AGXBuffer initWithDevice:options:args:argsSize:] (nil preserved)
#### LIBOBJC dlsym(objc_constructInstance) = 0x1847d2c08
#### LIBOBJC dlsym(_dyld_objc_notify_register) = 0x184b67480
#### LIBOBJC dlsym(_dyld_objc_register_callbacks) = 0x184b69abc
#### LIBOBJC dlsym(objc_readClassPair) = 0x1847d8bdc
#### LIBOBJC dlsym(objc_registerClassPair) = 0x1847c9a3c
#### LIBOBJC dlsym(_objc_realizeClassFromSwift) = 0x1847d8d34
#### LIBOBJC dlsym(objc_addLoadImageFunc) = 0x1847d87c8
#### LIBOBJC dlsym(_objc_init) = 0x1847be004
#### CLASS_DETAIL [0] 0x2215b26b8 name=AGXBuffer super=0x1dfd487e0 (IOGPUMetalBuffer) meta=0
#### CLASS_DETAIL [1] 0x2215b22f8 name=AGXG13GFamilyBinaryArchive super=0x1e00df3b8 (_MTLBinaryArchive) meta=0
#### CLASS_DETAIL [2] 0x2215b2168 name=AGXG13GFamilyBlitContext super=0x1dfd487b8 (IOGPUMetalBlitCommandEncoder) meta=0
#### CLASS_DETAIL [3] 0x2215b17e0 name=AGXG13GFamilyResourceStateContext super=0x1dfd48f88 (IOGPUMetalResourceStateCommandEncoder) meta=0
#### CLASS_DETAIL [4] 0x2215b1fd8 name=AGXG13GFamilyBuffer super=0x2215b26b8 (AGXBuffer) meta=0
#### CLASS_DETAIL [5] 0x2215b1830 name=AGXG13GFamilyCommandBuffer super=0x1dfd48830 (IOGPUMetalCommandBuffer) meta=0
#### CLASS_DETAIL [6] 0x2215b2208 name=AGXG13GFamilyCommandQueue super=0x1dfd488d0 (IOGPUMetalCommandQueue) meta=0
#### CLASS_DETAIL [7] 0x2215b2118 name=AGXG13GFamilyComputePipeline super=0x1e00ddd88 (_MTLComputePipelineState) meta=0
#### CLASS_DETAIL [8] 0x2215b20c8 name=AGXG13GFamilyDeadlineProfile super=0x1dfb5ae70 (NSObject) meta=0
#### CLASS_DETAIL [9] 0x2215b18d0 name=AGXG13GFamilyDebugContext super=0x1dfd48970 (IOGPUMetalDebugCommandEncoder) meta=0
#### CLASS_DETAIL [10] 0x2215b2000 name=AGXG13GFamilyDepthStencilState super=0x1e00dddb0 (_MTLDepthStencilState) meta=0
#### CLASS_DETAIL [11] 0x2215b22d0 name=AGXG13GFamilyDynamicLibrary super=0x1e00dfdb8 (_MTLDynamicLibrary) meta=0
#### CLASS_DETAIL [12] 0x2215b21b8 name=AGXG13GFamilyComputeContext super=0x1dfd48948 (IOGPUMetalComputeCommandEncoder) meta=0
#### CLASS_DETAIL [13] 0x2215b1e70 name=AGXG13GFamilyFunctionHandle super=0x1e00df9a8 (_MTLFunctionHandle) meta=0
#### CLASS_DETAIL [14] 0x2215b22a8 name=AGXG13GFamilyHeap super=0x1dfd48bf0 (IOGPUMetalHeap) meta=0
#### CLASS_DETAIL [15] 0x2215b2280 name=AGXG13GFamilySparseHeap super=0x1e00e0e48 (_MTLHeap) meta=0
#### MACWS_AGX_NATIVE __objc_classrefs: 105 entries, 0 null
####   class AGXBuffer = 0x2215b26b8
####   class AGXCommandQueue = 0x0
####   class AGXCommandBuffer = 0x0
####   class AGXMetalCommandQueue = 0x0
####   class AGXMetalCommandBuffer = 0x0
####   class AGXMetalBuffer = 0x0
####   class AGXMetalTexture = 0x0
####   class AGXMetalHeap = 0x0
####   class AGXMetalResource = 0x0
####   class AGXMetalDevice = 0x0
####   class AGXMetalFence = 0x0
####   class AGXTexture = 0x2215b2708
####   class IOGPUMetalBuffer = 0x1dfd487e0
####   class IOGPUMetalCommandBuffer = 0x1dfd48830
####   class IOGPUMetalCommandQueue = 0x1dfd488d0
####   class IOGPUMetalDevice = 0x1dfd489c0
####   class IOGPUMetalHeap = 0x1dfd48bf0
####   class IOGPUMetalResource = 0x1dfd48ec0
####   class IOGPUMetalTexture = 0x1dfd48fb0
####   class IOGPUMetalFence = 0x1dfd48b50
####   class IOGPUMTLLateEvalEvent = 0x1e01fbc70
#### CLASSREF [0] @0x21f009250 -> 0x1e00dd428 name=MTLCompiler
#### CLASSREF [1] @0x21f009258 -> 0x1dfb796e0 name=NSDictionary
#### CLASSREF [2] @0x21f009260 -> 0x1dfb80348 name=NSError
#### CLASSREF [3] @0x21f009268 -> 0x2215b24b0 name=AGXG13GFamilyComputeOrFragmentOrTileProgram
#### CLASSREF [4] @0x21f009270 -> 0x2215b24d8 name=AGXG13GFamilyFragmentProgram
#### CLASSREF [5] @0x21f009278 -> 0x2215b2550 name=AGXG13GFamilyVertexProgram
#### CLASSREF [6] @0x21f009280 -> 0x1dfb79848 name=NSMutableDictionary
#### CLASSREF [7] @0x21f009288 -> 0x2215b25a0 name=AGXG13GFamilyTileProgram
#### CLASSREF [8] @0x21f009290 -> 0x2215b2578 name=AGXG13GFamilyComputeProgram
#### CLASSREF [9] @0x21f009298 -> 0x2215b25f0 name=AGXG13GFamilyTexture
#### CLASSREF [10] @0x21f0092a0 -> 0x1e00ddbd0 name=MTLTextureDescriptor
#### CLASSREF [11] @0x21f0092a8 -> 0x2215b2168 name=AGXG13GFamilyBlitContext
#### CLASSREF [12] @0x21f0092b0 -> 0x2215b17e0 name=AGXG13GFamilyResourceStateContext
#### CLASSREF [13] @0x21f0092b8 -> 0x2215b1d58 name=AGXG13GFamilyRayTracingGPUBuilder
#### CLASSREF [14] @0x21f0092c0 -> 0x2215b2190 name=AGXG13GFamilyRenderContext
#### CLASSREF [15] @0x21f0092c8 -> 0x2215b21b8 name=AGXG13GFamilyComputeContext
#### CLASSREF [16] @0x21f0092d0 -> 0x2215b21e0 name=AGXG13GFamilyThreadedRenderPass
#### CLASSREF [17] @0x21f0092d8 -> 0x2215b1dd0 name=AGXG13GFamilySampledRenderContext
#### CLASSREF [18] @0x21f0092e0 -> 0x2215b1e98 name=AGXG13GFamilySampledComputeContext
#### CLASSREF [19] @0x21f0092e8 -> 0x1dfb79668 name=NSData
#### CLASSREF [20] @0x21f0092f0 -> 0x2215b1830 name=AGXG13GFamilyCommandBuffer
#### CLASSREF [21] @0x21f0092f8 -> 0x1e00e01c8 name=_MTLProgramAddressTableMappedBinary
#### CLASSREF [22] @0x21f009300 -> 0x1e00e0178 name=_MTLPipelineStateBinary
#### CLASSREF [23] @0x21f009308 -> 0x1dfb795a0 name=NSArray
#### MACWS_GOT AGXMetal13_3: symtab=8331 syms, strtab=461166853 bytes, indirect=555 entries
####   sect[0] __DATA_CONST,__got type=0 entries=97 indirect_start=228 auth=0
####   bind[1] _MTLCommonCounterSetTimestamp -> 0x1d883d290 (slot=0x21bd1b9e0 auth=0)
####   bind[2] _MTLCommonCounterTimestamp -> 0x1d883d1a0 (slot=0x21bd1b9e8 auth=0)
####   bind[3] _MTLCompileTimeStatisticsKeyBackend -> 0x1dd3f0f60 (slot=0x21bd1b9f0 auth=0)
####   bind[4] _MTLCompileTimeStatisticsKeyCachedFunction -> 0x1dd3f0f10 (slot=0x21bd1b9f8 auth=0)
####   bind[5] _MTLCompileTimeStatisticsKeyCompilerTotal -> 0x1dd3f0f48 (slot=0x21bd1ba00 auth=0)
####   bind[6] _MTLCompileTimeStatisticsKeyDriverTotal -> 0x1dd3f0f40 (slot=0x21bd1ba08 auth=0)
####   bind[7] _MTLCompileTimeStatisticsKeyFunctionName -> 0x1dd3f0f08 (slot=0x21bd1ba10 auth=0)
####   bind[8] _MTLCompileTimeStatisticsKeyMTLCompilerService -> 0x1dd3f0f20 (slot=0x21bd1ba18 auth=0)
####   bind[9] _MTLCompileTimeStatisticsKeyOptimization -> 0x1dd3f0f58 (slot=0x21bd1ba20 auth=0)
####   bind[10] _MTLCompileTimeStatisticsKeyPipelineTotal -> 0x1dd3f0f18 (slot=0x21bd1ba28 auth=0)
####   bind[11] _MTLCompileTimeStatisticsKeyPipelinesCompute -> 0x1dd3efe30 (slot=0x21bd1ba30 auth=0)
####   IOGPU-CRITICAL _OBJC_IVAR_$_IOGPUMTLLateEvalEvent._eventName = 0x1dd8d29d0 (slot=0x21bd1bb28 auth=0)
####   IOGPU-CRITICAL _OBJC_IVAR_$_IOGPUMetalBuffer._primaryBuffer = 0x1dd8d291c (slot=0x21bd1bb30 auth=0)
####   IOGPU-CRITICAL _OBJC_IVAR_$_IOGPUMetalCommandQueue._commandQueue = 0x1dd8d2960 (slot=0x21bd1bb38 auth=0)
####   IOGPU-CRITICAL _OBJC_IVAR_$_IOGPUMetalDevice._segmentByteThreshold = 0x1dd8d2a2c (slot=0x21bd1bb40 auth=0)
####   IOGPU-CRITICAL _OBJC_IVAR_$_IOGPUMetalFence._fenceIndex = 0x1dd8d2aa8 (slot=0x21bd1bb48 auth=0)
####   IOGPU-CRITICAL _OBJC_IVAR_$_IOGPUMetalHeap._resource = 0x1dd8d2ac4 (slot=0x21bd1bb50 auth=0)
####   IOGPU-CRITICAL _OBJC_IVAR_$_IOGPUMetalResource._res = 0x1dd8d2af4 (slot=0x21bd1bb58 auth=0)
####   IOGPU-CRITICAL _OBJC_IVAR_$_IOGPUMetalTexture._arrayLength = 0x1dd8d2b38 (slot=0x21bd1bb60 auth=0)
####   IOGPU-CRITICAL _OBJC_IVAR_$_IOGPUMetalTexture._depth = 0x1dd8d2b34 (slot=0x21bd1bb68 auth=0)
####   IOGPU-CRITICAL _OBJC_IVAR_$_IOGPUMetalTexture._height = 0x1dd8d2b30 (slot=0x21bd1bb70 auth=0)
####   IOGPU-CRITICAL _OBJC_IVAR_$_IOGPUMetalTexture._isCompressed = 0x1dd8d2b54 (slot=0x21bd1bb78 auth=0)
####   IOGPU-CRITICAL _OBJC_IVAR_$_IOGPUMetalTexture._mipmapLevelCount = 0x1dd8d2b3c (slot=0x21bd1bb80 auth=0)
####   IOGPU-CRITICAL _OBJC_IVAR_$_IOGPUMetalTexture._numFaces = 0x1dd8d2b8c (slot=0x21bd1bb88 auth=0)
####   IOGPU-CRITICAL _OBJC_IVAR_$_IOGPUMetalTexture._parentTexture = 0x1dd8d2b58 (slot=0x21bd1bb90 auth=0)
####   IOGPU-CRITICAL _OBJC_IVAR_$_IOGPUMetalTexture._pixelFormat = 0x1dd8d2b28 (slot=0x21bd1bb98 auth=0)
####   IOGPU-CRITICAL _OBJC_IVAR_$_IOGPUMetalTexture._sampleCount = 0x1dd8d2b40 (slot=0x21bd1bba0 auth=0)
####   IOGPU-CRITICAL _OBJC_IVAR_$_IOGPUMetalTexture._textureType = 0x1dd8d2b24 (slot=0x21bd1bba8 auth=0)
####   IOGPU-CRITICAL _OBJC_IVAR_$_IOGPUMetalTexture._width = 0x1dd8d2b2c (slot=0x21bd1bbb0 auth=0)
####   sect[7] __AUTH_CONST,__auth_got type=0 entries=230 indirect_start=325 auth=1
####   IOGPU-CRITICAL _IOGPUCommandQueueGetConnect = 0x1a18b5b88 (slot=0x222f67448 auth=1)
####   IOGPU-CRITICAL _IOGPUCommandQueueGetID = 0x1a18b5bd0 (slot=0x222f67450 auth=1)
####   IOGPU-CRITICAL _IOGPUDeviceGetConnect = 0x1a18b4654 (slot=0x222f67458 auth=1)
####   IOGPU-CRITICAL _IOGPUDeviceGetNextGlobalTraceID = 0x1a18b47f0 (slot=0x222f67460 auth=1)
####   IOGPU-CRITICAL _IOGPUDeviceTraceEvent = 0x1a18b48bc (slot=0x222f67468 auth=1)
####   IOGPU-CRITICAL _IOGPUMetalCommandBufferStorageBeginKernelCommands = 0x1a18a4ad8 (slot=0x222f67470 auth=1)
####   IOGPU-CRITICAL _IOGPUMetalCommandBufferStorageEndKernelCommands = 0x1a18a4c2c (slot=0x222f67478 auth=1)
####   IOGPU-CRITICAL _IOGPUResourceListAddResource = 0x1a18b71c8 (slot=0x222f67480 auth=1)
####   IOGPU-CRITICAL _IOGPUResourceListMerge = 0x1a18b7278 (slot=0x222f67488 auth=1)
####   IOGPU-CRITICAL _IOGPUResourceListMergeLists = 0x1a18b7354 (slot=0x222f67490 auth=1)
####   bind[131] _IOSurfaceGetAddressFormatOfPlane -> 0x100389a78 (slot=0x222f674c8 auth=1 FORCE)
####   bind[133] _IOSurfaceGetBaseAddressOfPlane -> 0x100389958 (slot=0x222f674d8 auth=1 FORCE)
####   bind[135] _IOSurfaceGetBytesPerRowOfPlane -> 0x10038941c (slot=0x222f674e8 auth=1 FORCE)
####   bind[136] _IOSurfaceGetBytesPerTileDataOfPlane -> 0x100389510 (slot=0x222f674f0 auth=1 FORCE)
####   bind[141] _IOSurfaceGetCompressionTypeOfPlane -> 0x100389134 (slot=0x222f67518 auth=1 FORCE)
####   bind[142] _IOSurfaceGetHeightInCompressedTilesOfPlane -> 0x100389234 (slot=0x222f67520 auth=1 FORCE)
####   bind[145] _IOSurfaceGetWidthInCompressedTilesOfPlane -> 0x100389328 (slot=0x222f67538 auth=1 FORCE)
####   bind[286] _objc_alloc -> 0x100388dc8 (slot=0x222f679c0 auth=1 FORCE)
####   IOGPU-CRITICAL _objc_autoreleasePoolPop = 0x1847c8a7c (slot=0x222f679d8 auth=1)
####   IOGPU-CRITICAL _objc_autoreleasePoolPush = 0x1847c8934 (slot=0x222f679e0 auth=1)
#### MACWS_GOT AGXMetal13_3: indirect_slots=327 patched=323 failed=0
#### MACWS_AGX_NATIVE __auth_got section NOT FOUND
#### MACWS_AGX_NATIVE __got: 97 entries, 0 null, 97 non-null
#### MACWS_AGX_NATIVE dlopen AGXMetal13_3 OK h=0x3ae2fb950
#### MACWS_AGX_NATIVE +[NSBundle bundleWithPath:AGXMetal13_3.bundle] = 0x600123ae0 id=com.apple.AGXMetal13-3
#### MACWS_AGX_NATIVE bundle loadAndReturnError: 1 (err=nil) loaded=1
#### MACWS_AGX_NATIVE bundle pathForResource:ds.g13g = /System/Library/Extensions/AGXMetal13_3.bundle/Contents/Resources/ds.g13g
#### MACWS_AGX_NATIVE getMetalPluginClassForService: returning class AGXG13GFamilyDevice = 0x2215b20f0
#### CBRI_HOOK: installed (orig=0x1a18a2d84)
#### MACWS-NEW-EVENT adapter installed deviceClass=AGXG13GFamilyDevice owner=IOGPUMetalDevice orig=0x1a18a9ef4 added=1
#### MACWS_AGX_NATIVE class_addMethod(AGXG13GFamilyDevice, initWithAcceleratorPort:) = 1
#### MACWS_AGX_NATIVE memoryless witness installed class=AGXG13GFamilyDevice original=0x1e9eb68a8
#### MACWS_AGX_NATIVE memoryless witness total=1 (original results preserved)
#### MACWS_AGX_NATIVE tile-pipeline probe wrapped AGXG13GFamilyDevice (orig=0x1e9e955e4)
#### MACWS_AGX_NATIVE tile-pipeline probe: 1 class(es) wrapped
#### MACWS_AGX_NATIVE nil-guard wrapped setFragmentTexture:atIndex: on AGXG13GFamilyRenderContext (orig=0x1e9e489e0)
#### MACWS_AGX_NATIVE nil-guard: class AGXG13GRenderContext NOT registered
#### MACWS_AGX_NATIVE nil-guard: class AGXRenderContext NOT registered
#### MACWS_AGX_NATIVE nil-guard: class AGXG13GComputeContext NOT registered
#### MACWS_AGX_NATIVE nil-guard setFragmentTexture:atIndex:: 1 class(es) wrapped
#### MACWS_AGX_NATIVE nil-guard wrapped setVertexTexture:atIndex: on AGXG13GFamilyRenderContext (orig=0x1e9e4f5e8)
#### MACWS_AGX_NATIVE nil-guard: class AGXG13GRenderContext NOT registered
#### MACWS_AGX_NATIVE nil-guard: class AGXRenderContext NOT registered
#### MACWS_AGX_NATIVE nil-guard: class AGXG13GComputeContext NOT registered
#### MACWS_AGX_NATIVE nil-guard setVertexTexture:atIndex:: 1 class(es) wrapped
#### MACWS_AGX_NATIVE swizzled AGXG13GFamilyDevice newTextureWithDescriptor:iosurface:plane:
#### MACWS_AGX_NATIVE swizzled AGXG13GFamilyDevice newTextureWithDescriptor:
#### MACWS_AGX_NATIVE swizzled -[AGXBuffer initWithDevice:bytes:length:options:deallocator:pinnedGPUAddress:]
#### MACWS_AGX_NATIVE noop'd alertCommandBufferActivityStart
#### MACWS_AGX_NATIVE noop'd alertCommandBufferActivityComplete
#### objc_alloc(AGXG13GFamilyDevice) -> 0x6001d2000
#### MACWS_AGX_NATIVE redirecting AGXG13GFamilyDevice init(port=11023) → 2-arg variant
#### debugbydcmmc IOServiceOpen agx connect=12547 type=0x100001 (requested=0x100005)
#### AGXIOC Struct sel=0x7->0x6 inSC=16 outSC=0 -> 0x1
#### AGXIOC Struct sel=0x5->0x4 inSC=0 outSC=32 -> 0x0
#### AGXIOC ASYNC-REGISTER #1 conn=12547 sel=0x107->0x107 wake=12299 ref=0x16fd81480 refCnt=3 inCnt=0 caller=0x1e9ebb468 image=/System/Library/Extensions/AGXMetal13_3.bundle/Contents/MacOS/AGXMetal13_3 symbol=-[AGXG13GFamilyDevice initWithAcceleratorPort:simultaneousInstances:]
#### AGXIOC ASYNC-REFERENCE registration=1 index=0 value=0 image=(none) symbol=(none) symbolAddress=0x0
#### AGXIOC ASYNC-REFERENCE registration=1 index=1 value=0x1e9ebda08 image=/System/Library/Extensions/AGXMetal13_3.bundle/Contents/MacOS/AGXMetal13_3 symbol=_ZN3AGX6DeviceINS_3G138EncodersENS1_7ClassesENS1_10ObjClassesEE26deviceNotificationCallbackEPviyy symbolAddress=0x1e9ebda08
#### AGXIOC ASYNC-REFERENCE registration=1 index=2 value=0x600250a00 image=(none) symbol=(none) symbolAddress=0x0
#### AGXIOC AsyncScalar sel=0x107->0x107 inCnt=0 -> 0x0
#### AGX_LIFE CREATE id=0x1 type=0 surf=0 bytes=0x10000 kr=0 okC=1 failC=0 okD=0 failD=0 unmatchedD=0 full=0 live=1/0MB [t0=1/0MB t80=0/0MB t82=0/0MB]
#### AGXIOC heap map #1 clientID 0x10000 -> resourceID 0x1 size 0x10000
####   ResCreate OK type=0 clientID=0 +0x30=0 +0x38=0 +0x40=0x10000 +0x58=0 OUT[+0]=0 OUT[+0x08]=0x101fd8000 OUT[+0x10]=0x101e780c0 OUT[+0x48]=0x10000
####   inStruct[0..104]:
####     00: 00 00 00 00 00 00 00 00 01 00 01 00 01 00 00 00
####     10: 01 01 00 01 30 84 00 00 00 00 00 00 00 00 00 00
####     20: 00 00 00 00 00 00 00 00 00 00 00 00 00 00 00 00
####     30: 00 00 00 00 00 00 00 00 00 00 00 00 00 00 00 00
####     40: 00 00 01 00 00 00 00 00 00 00 00 00 00 00 00 00
####     50: 00 00 00 38 00 00 00 00 00 00 00 00 00 00 00 00
####     60: 00 00 00 00 00 00 00 00
#### MACWS_AGX_NATIVE setupCompiler:0x30010 fired (Device=0x6001d2000)
#### MACWS_AGX_NATIVE memoryless witness #1 instance=0x6001d2000 class=AGXG13GFamilyDevice original=0x1e9eb68a8 -> YES
#### objc_alloc(AGXG13GFamilyCommandQueue) -> 0x600090f00
#### AGXIOC Method sel=0x8->0x7 inCnt=0 inSC=1032 outSC=16 -> 0x0
#### AGXIOC Method sel=0x11->0xf inCnt=2 inSC=0 outSC=16 -> 0x0
#### AGXIOC Method sel=0x1d->0x19 inCnt=2 inSC=0 outSC=0 -> 0x0
#### AGXIOC Method sel=0x1f->0x1b inCnt=1 inSC=12 outSC=0 -> 0x0
#### objc_alloc(AGXBuffer) -> 0x600215d00
#### AGXIOC type0 exact initFull length: +0x58=0xc00000000 low32=0 -> +0x40=0x180
#### AGX_LIFE CREATE id=0x2 type=0 surf=0 bytes=0x4000 kr=0 okC=2 failC=0 okD=0 failD=0 unmatchedD=0 full=0 live=2/0MB [t0=2/0MB t80=0/0MB t82=0/0MB]
#### AGXIOC heap map #2 clientID 0x4000 -> resourceID 0x2 size 0x180
####   ResCreate OK type=0 clientID=0 +0x30=0x40 +0x38=0 +0x40=0x180 +0x58=0 OUT[+0]=0x1500000000 OUT[+0x08]=0x108efc000 OUT[+0x10]=0x101e78180 OUT[+0x48]=0x4000
####   inStruct[0..104]:
####     00: 00 00 00 00 00 00 00 00 01 00 01 00 01 00 00 00
####     10: 01 01 00 01 70 04 00 00 00 00 00 00 00 00 00 00
####     20: 00 00 00 00 00 00 00 00 00 00 00 00 00 00 00 00
####     30: 40 00 00 00 00 00 00 00 00 00 00 00 00 00 00 00
####     40: 80 01 00 00 00 00 00 00 00 00 00 00 00 00 00 00
####     50: 00 00 00 00 00 00 00 00 00 00 00 00 00 00 00 00
####     60: 00 00 00 00 00 00 f0 3f
#### TRACE -[AGXBuffer initFull] self=0x600215d00 dev=0x6001d2000 len=384 align=1→64 opt=0 subDis=0→1 resIn=0x16fd81598 pin=0x0 -> 0x600215d00
#### TRACE -[AGXBuffer initUntracked] self=0x600215d00 dev=0x6001d2000 len=384 opt=0 -> 0x600215d00
#### objc_alloc(AGXBuffer) -> 0x600215b80
#### AGXIOC type0 exact initFull length: +0x58=0xc00000000 low32=0 -> +0x40=0x180
#### AGX_LIFE CREATE id=0x3 type=0 surf=0 bytes=0x4000 kr=0 okC=3 failC=0 okD=0 failD=0 unmatchedD=0 full=0 live=3/0MB [t0=3/0MB t80=0/0MB t82=0/0MB]
#### AGXIOC heap map #3 clientID 0x4000 -> resourceID 0x3 size 0x180
####   ResCreate OK type=0 clientID=0 +0x30=0x40 +0x38=0 +0x40=0x180 +0x58=0 OUT[+0]=0x1500008000 OUT[+0x08]=0x108f00000 OUT[+0x10]=0x101e78240 OUT[+0x48]=0x4000
####   inStruct[0..104]:
####     00: 00 00 00 00 00 00 00 00 01 00 01 00 01 00 00 00
####     10: 01 01 00 01 70 04 00 00 00 00 00 00 00 00 00 00
####     20: 00 00 00 00 00 00 00 00 00 00 00 00 00 00 00 00
####     30: 40 00 00 00 00 00 00 00 00 00 00 00 00 00 00 00
####     40: 80 01 00 00 00 00 00 00 00 00 00 00 00 00 00 00
####     50: 00 00 00 00 00 00 00 00 00 00 00 00 00 00 00 00
####     60: 00 00 00 00 00 00 00 00
#### TRACE -[AGXBuffer initFull] self=0x600215b80 dev=0x6001d2000 len=384 align=1→64 opt=0 subDis=0→1 resIn=0x16fd81598 pin=0x0 -> 0x600215b80
#### TRACE -[AGXBuffer initUntracked] self=0x600215b80 dev=0x6001d2000 len=384 opt=0 -> 0x600215b80
#### objc_alloc(AGXBuffer) -> 0x600213c00
#### AGXIOC type0 exact initFull length: +0x58=0xc00000000 low32=0 -> +0x40=0x40
#### AGX_LIFE CREATE id=0x4 type=0 surf=0 bytes=0x4000 kr=0 okC=4 failC=0 okD=0 failD=0 unmatchedD=0 full=0 live=4/0MB [t0=4/0MB t80=0/0MB t82=0/0MB]
#### AGXIOC heap map #4 clientID 0x4000 -> resourceID 0x4 size 0x40
####   ResCreate OK type=0 clientID=0 +0x30=0x40 +0x38=0 +0x40=0x40 +0x58=0 OUT[+0]=0x1500010000 OUT[+0x08]=0x108f04000 OUT[+0x10]=0x101e78300 OUT[+0x48]=0x4000
####   inStruct[0..104]:
####     00: 00 00 00 00 00 00 00 00 01 00 01 00 01 00 00 00
####     10: 01 01 00 01 70 04 00 00 00 00 00 00 00 00 00 00
####     20: 00 00 00 00 00 00 00 00 00 00 00 00 00 00 00 00
####     30: 40 00 00 00 00 00 00 00 00 00 00 00 00 00 00 00
####     40: 40 00 00 00 00 00 00 00 00 00 00 00 00 00 00 00
####     50: 00 00 00 00 00 00 00 00 00 00 00 00 00 00 00 00
####     60: 7c 84 a0 84 01 80 14 b8
#### TRACE -[AGXBuffer initFull] self=0x600213c00 dev=0x6001d2000 len=64 align=1→64 opt=0 subDis=0→1 resIn=0x16fd81598 pin=0x0 -> 0x600213c00
#### TRACE -[AGXBuffer initUntracked] self=0x600213c00 dev=0x6001d2000 len=64 opt=0 -> 0x600213c00
#### objc_alloc(AGXBuffer) -> 0x600213a80
#### AGXIOC type0 exact initFull length: +0x58=0xc00000000 low32=0 -> +0x40=0x2000
#### AGX_LIFE CREATE id=0x5 type=0 surf=0 bytes=0x4000 kr=0 okC=5 failC=0 okD=0 failD=0 unmatchedD=0 full=0 live=5/0MB [t0=5/0MB t80=0/0MB t82=0/0MB]
#### AGXIOC heap map #5 clientID 0x4000 -> resourceID 0x5 size 0x2000
####   ResCreate OK type=0 clientID=0 +0x30=0x40 +0x38=0 +0x40=0x2000 +0x58=0 OUT[+0]=0x1500018000 OUT[+0x08]=0x108f08000 OUT[+0x10]=0x101e783c0 OUT[+0x48]=0x4000
####   inStruct[0..104]:
####     00: 00 00 00 00 00 00 00 00 01 00 01 00 01 00 00 00
####     10: 01 01 00 01 70 04 00 00 00 00 00 00 00 00 00 00
####     20: 00 00 00 00 00 00 00 00 00 00 00 00 00 00 00 00
####     30: 40 00 00 00 00 00 00 00 00 00 00 00 00 00 00 00
####     40: 00 20 00 00 00 00 00 00 00 00 00 00 00 00 00 00
####     50: 00 00 00 00 00 00 00 00 00 00 00 00 00 00 00 00
####     60: 7c 84 a0 84 01 80 2c 70
#### TRACE -[AGXBuffer initFull] self=0x600213a80 dev=0x6001d2000 len=8192 align=1→64 opt=0 subDis=0→1 resIn=0x16fd815e8 pin=0x0 -> 0x600213a80
#### TRACE -[AGXBuffer initUntracked] self=0x600213a80 dev=0x6001d2000 len=8192 opt=0 -> 0x600213a80
#### AGXIOC type0 exact initFull length: +0x58=0xc00000000 low32=0 -> +0x40=0x80
#### AGX_LIFE CREATE id=0x6 type=0 surf=0 bytes=0x4000 kr=0 okC=6 failC=0 okD=0 failD=0 unmatchedD=0 full=0 live=6/0MB [t0=6/0MB t80=0/0MB t82=0/0MB]
#### AGXIOC heap map #6 clientID 0x4000 -> resourceID 0x6 size 0x80
####   ResCreate OK type=0 clientID=0 +0x30=0x40 +0x38=0 +0x40=0x80 +0x58=0 OUT[+0]=0x1500020000 OUT[+0x08]=0x108f0c000 OUT[+0x10]=0x101e78480 OUT[+0x48]=0x4000
####   inStruct[0..104]:
####     00: 00 00 00 00 00 00 00 00 01 00 01 00 01 00 00 00
####     10: 01 01 00 01 70 04 00 00 00 00 00 00 00 00 00 00
####     20: 00 00 00 00 00 00 00 00 00 00 00 00 00 00 00 00
####     30: 40 00 00 00 00 00 00 00 00 00 00 00 00 00 00 00
####     40: 80 00 00 00 00 00 00 00 00 00 00 00 00 00 00 00
####     50: 00 00 00 00 00 00 00 00 00 00 00 00 00 00 00 00
####     60: 01 00 00 00 00 00 00 00
#### TRACE -[AGXBuffer initFull] self=0x600213900 dev=0x6001d2000 len=128 align=1→64 opt=0 subDis=0→1 resIn=0x16fd815d8 pin=0x0 -> 0x600213900
#### TRACE -[AGXBuffer initUntracked] self=0x600213900 dev=0x6001d2000 len=128 opt=0 -> 0x600213900
#### AGXIOC type0 exact initFull length: +0x58=0xc00000000 low32=0 -> +0x40=0x100
#### AGX_LIFE CREATE id=0x7 type=0 surf=0 bytes=0x4000 kr=0 okC=7 failC=0 okD=0 failD=0 unmatchedD=0 full=0 live=7/0MB [t0=7/0MB t80=0/0MB t82=0/0MB]
#### AGXIOC heap map #7 clientID 0x4000 -> resourceID 0x7 size 0x100
####   ResCreate OK type=0 clientID=0 +0x30=0x40 +0x38=0 +0x40=0x100 +0x58=0 OUT[+0]=0x1500028000 OUT[+0x08]=0x108f10000 OUT[+0x10]=0x101e78540 OUT[+0x48]=0x4000
####   inStruct[0..104]:
####     00: 00 00 00 00 00 00 00 00 01 00 01 00 01 00 00 00
####     10: 01 01 00 01 70 04 00 00 00 00 00 00 00 00 00 00
####     20: 00 00 00 00 00 00 00 00 00 00 00 00 00 00 00 00
####     30: 40 00 00 00 00 00 00 00 00 00 00 00 00 00 00 00
####     40: 00 01 00 00 00 00 00 00 00 00 00 00 00 00 00 00
####     50: 00 00 00 00 00 00 00 00 00 00 00 00 00 00 00 00
####     60: 01 00 00 00 00 00 00 00
#### TRACE -[AGXBuffer initFull] self=0x600213780 dev=0x6001d2000 len=256 align=1→64 opt=0 subDis=0→1 resIn=0x16fd815d8 pin=0x0 -> 0x600213780
#### TRACE -[AGXBuffer initUntracked] self=0x600213780 dev=0x6001d2000 len=256 opt=0 -> 0x600213780
#### AGXIOC type0 exact initFull length: +0x58=0xc00000000 low32=0 -> +0x40=0x100
#### AGX_LIFE CREATE id=0x8 type=0 surf=0 bytes=0x4000 kr=0 okC=8 failC=0 okD=0 failD=0 unmatchedD=0 full=0 live=8/0MB [t0=8/0MB t80=0/0MB t82=0/0MB]
#### AGXIOC heap map #8 clientID 0x4000 -> resourceID 0x8 size 0x100
####   ResCreate OK type=0 clientID=0 +0x30=0x40 +0x38=0 +0x40=0x100 +0x58=0 OUT[+0]=0x1500030000 OUT[+0x08]=0x108f14000 OUT[+0x10]=0x101e78600 OUT[+0x48]=0x4000
####   inStruct[0..104]:
####     00: 00 00 00 00 00 00 00 00 01 00 01 00 01 00 00 00
####     10: 01 01 00 01 70 04 00 00 00 00 00 00 00 00 00 00
####     20: 00 00 00 00 00 00 00 00 00 00 00 00 00 00 00 00
####     30: 40 00 00 00 00 00 00 00 00 00 00 00 00 00 00 00
####     40: 00 01 00 00 00 00 00 00 00 00 00 00 00 00 00 00
####     50: 00 00 00 00 00 00 00 00 00 00 00 00 00 00 00 00
####     60: 01 00 00 00 00 00 00 00
#### TRACE -[AGXBuffer initFull] self=0x600214200 dev=0x6001d2000 len=256 align=1→64 opt=0 subDis=0→1 resIn=0x16fd815d8 pin=0x0 -> 0x600214200
#### TRACE -[AGXBuffer initUntracked] self=0x600214200 dev=0x6001d2000 len=256 opt=0 -> 0x600214200
#### AGXIOC type0 exact initFull length: +0x58=0xc00000000 low32=0 -> +0x40=0x100
#### AGX_LIFE CREATE id=0x9 type=0 surf=0 bytes=0x4000 kr=0 okC=9 failC=0 okD=0 failD=0 unmatchedD=0 full=0 live=9/0MB [t0=9/0MB t80=0/0MB t82=0/0MB]
#### AGXIOC heap map #9 clientID 0x4000 -> resourceID 0x9 size 0x100
####   ResCreate OK type=0 clientID=0 +0x30=0x40 +0x38=0 +0x40=0x100 +0x58=0 OUT[+0]=0x1500038000 OUT[+0x08]=0x108f18000 OUT[+0x10]=0x101e786c0 OUT[+0x48]=0x4000
####   inStruct[0..104]:
####     00: 00 00 00 00 00 00 00 00 01 00 01 00 01 00 00 00
####     10: 01 01 00 01 70 04 00 00 00 00 00 00 00 00 00 00
####     20: 00 00 00 00 00 00 00 00 00 00 00 00 00 00 00 00
####     30: 40 00 00 00 00 00 00 00 00 00 00 00 00 00 00 00
####     40: 00 01 00 00 00 00 00 00 00 00 00 00 00 00 00 00
####     50: 00 00 00 00 00 00 00 00 00 00 00 00 00 00 00 00
####     60: 01 00 00 00 00 00 00 00
#### TRACE -[AGXBuffer initFull] self=0x600214080 dev=0x6001d2000 len=256 align=1→64 opt=0 subDis=0→1 resIn=0x16fd815d8 pin=0x0 -> 0x600214080
#### TRACE -[AGXBuffer initUntracked] self=0x600214080 dev=0x6001d2000 len=256 opt=0 -> 0x600214080
#### AGX_LIFE CREATE id=0xa type=0 surf=0 bytes=0x10000 kr=0 okC=10 failC=0 okD=0 failD=0 unmatchedD=0 full=0 live=10/0MB [t0=10/0MB t80=0/0MB t82=0/0MB]
#### AGXIOC heap map #10 clientID 0x10000 -> resourceID 0xa size 0x10000
####   ResCreate OK type=0 clientID=0 +0x30=0 +0x38=0 +0x40=0x10000 +0x58=0 OUT[+0]=0x1500040000 OUT[+0x08]=0x108f1c000 OUT[+0x10]=0x101e78780 OUT[+0x48]=0x10000
####   inStruct[0..104]:
####     00: 00 00 00 00 00 00 00 00 01 00 01 00 01 00 00 00
####     10: 01 01 00 01 30 04 00 00 00 00 00 00 00 00 00 00
####     20: 00 00 00 00 00 00 00 00 00 00 00 00 00 00 00 00
####     30: 00 00 00 00 00 00 00 00 00 00 00 00 00 00 00 00
####     40: 00 00 01 00 00 00 00 00 00 00 00 00 00 00 00 00
####     50: 00 00 00 08 00 00 00 00 00 00 00 00 00 00 00 00
####     60: 00 00 00 00 00 00 00 00
#### AGXIOC type0 exact initFull length: +0x58=0xc00000000 low32=0 -> +0x40=0x2000
#### AGX_LIFE CREATE id=0xb type=0 surf=0 bytes=0x4000 kr=0 okC=11 failC=0 okD=0 failD=0 unmatchedD=0 full=0 live=11/0MB [t0=11/0MB t80=0/0MB t82=0/0MB]
#### AGXIOC heap map #11 clientID 0x4000 -> resourceID 0xb size 0x2000
####   ResCreate OK type=0 clientID=0 +0x30=0x40 +0x38=0 +0x40=0x2000 +0x58=0 OUT[+0]=0x1500058000 OUT[+0x08]=0x108f2c000 OUT[+0x10]=0x101e78840 OUT[+0x48]=0x4000
####   inStruct[0..104]:
####     00: 00 00 00 00 00 00 00 00 01 00 01 00 01 00 00 00
####     10: 01 01 00 01 70 04 00 00 00 00 00 00 00 00 00 00
####     20: 00 00 00 00 00 00 00 00 00 00 00 00 00 00 00 00
####     30: 40 00 00 00 00 00 00 00 00 00 00 00 00 00 00 00
####     40: 00 20 00 00 00 00 00 00 00 00 00 00 00 00 00 00
####     50: 00 00 00 00 00 00 00 00 00 00 00 00 00 00 00 00
####     60: cc 2e 3a dc 65 17 f8 ac
#### TRACE -[AGXBuffer initFull] self=0x600213f00 dev=0x6001d2000 len=8192 align=1→64 opt=0 subDis=0→1 resIn=0x16fd81338 pin=0x0 -> 0x600213f00
#### TRACE -[AGXBuffer initUntracked] self=0x600213f00 dev=0x6001d2000 len=8192 opt=0 -> 0x600213f00
#### AGXIOC type0 exact initFull length: +0x58=0xc00000000 low32=0 -> +0x40=0x80
#### AGXIOC sel=0x9 type=0 args+0x14=0x2470 → 0x470 (stripped macOS-only bits 0x2800)
#### AGX_LIFE CREATE id=0xc type=0 surf=0 bytes=0x4000 kr=0 okC=12 failC=0 okD=0 failD=0 unmatchedD=0 full=0 live=12/0MB [t0=12/0MB t80=0/0MB t82=0/0MB]
#### AGXIOC heap map #12 clientID 0x4000 -> resourceID 0xc size 0x80
####   ResCreate OK type=0 clientID=0 +0x30=0x40 +0x38=0 +0x40=0x80 +0x58=0 OUT[+0]=0x1500060000 OUT[+0x08]=0x108f30000 OUT[+0x10]=0x101e78900 OUT[+0x48]=0x4000
####   inStruct[0..104]:
####     00: 00 00 00 00 00 00 00 00 01 00 01 00 01 00 00 00
####     10: 01 01 00 01 70 04 00 00 00 00 00 00 00 00 00 00
####     20: 00 00 00 00 00 00 00 00 00 00 00 00 00 00 00 00
####     30: 40 00 00 00 00 00 00 00 00 00 00 00 00 00 00 00
####     40: 80 00 00 00 00 00 00 00 00 00 00 00 00 00 00 00
####     50: 00 00 00 00 00 00 00 00 00 00 00 00 00 00 00 00
####     60: 00 00 00 00 00 00 00 00
#### TRACE -[AGXBuffer initFull] self=0x600215e80 dev=0x6001d2000 len=128 align=1→64 opt=32 subDis=0→1 resIn=0x16fd81618 pin=0x0 -> 0x600215e80
#### TRACE -[AGXBuffer initUntracked] self=0x600215e80 dev=0x6001d2000 len=128 opt=32 -> 0x600215e80
#### tile-encoder forwards: class MTLSimRenderCommandEncoder NOT found
#### IOGPU-CALLBACK-DIAG installed queueClass=0x1dfd488d0 method=0x0 orig=0x0 bufferClass=0x1dfd48830 method=0x1a18bf9a5 orig=0x1a18a2be8 errorMethod=0x18e0fbe01 errorOrig=0x18dfcddcc (file-gated)
#### NSXPCSharedListener class=0x1e00c3bd8
#### NSXPCSharedListener endpointForReply swizzle installed
#### NSXPCSharedListener connectToService swizzle installed
#### MACWS_AGX_NATIVE memoryless witness #2 instance=0x6001d2000 class=AGXG13GFamilyDevice original=0x1e9eb68a8 -> YES
#### AGXIOC RAW DUMP sel=0x9 type=0x82 inStructCnt=104 (PRE-patch):
    +0000: 82 00 00 00 00 00 00 00 10 00 10 00 01 00 00 00
    +0x10: 01 01 00 10 30 04 00 00 00 00 00 00 00 00 00 00
    +0x20: 00 00 00 00 00 00 00 00 00 00 00 00 00 00 00 00
    +0x30: 00 00 00 00 00 00 00 00 a1 00 00 00 00 00 00 00
    +0x40: 00 00 00 00 00 00 00 00 00 00 00 00 00 00 00 00
    +0x50: 00 00 00 00 00 00 00 00 00 8f 88 80 01 00 00 00
    +0x60: 00 00 00 00 00 00 00 00
####   key fields: +0x14=0x430 +0x15(byte)=0x4 +0x30=0 +0x34=0 +0x38=0xa1 +0x40=0 +0x48=0 +0x58=0x180888f00
#### AGXIOC type=0x82 patch #1: f14=0x430 +0x30 0→0xa1 +0x38 0xa1→0 +0x40 0→0 +0x50 0→0x180888f00 +0x58 0x180888f00→0
#### AGX_LIFE CREATE id=0xd type=0x82 surf=0xa1 bytes=0x4000 kr=0 okC=13 failC=0 okD=0 failD=0 unmatchedD=0 full=0 live=13/0MB [t0=12/0MB t80=0/0MB t82=1/0MB]
#### AGX_LIFE type82 CREATE stack #1 resourceID=0xd surf=0xa1 (16 frames):
0   libmachook_arm64.dylib              0x0000000100391810 IOConnectCallMethod_new + 20336
1   IOGPU                               0x00000001a18b618c IOGPUResourceCreate + 236
2   IOGPU                               0x00000001a18b0138 -[IOGPUMetalResource initWithDevice:remoteStorageResource:options:args:argsSize:] + 460
3   libmachook_arm64.dylib              0x000000010038535c __loadImageCallback_block_invoke_20 + 96
4   IOGPU                               0x00000001a18b25ec -[IOGPUMetalTexture initWithDevice:descriptor:iosurface:plane:field:args:argsSize:] + 824
5   AGXMetal13_3                        0x00000001ea1baf38 -[AGXTexture initWithDevice:desc:iosurface:plane:] + 288
6   libmachook_arm64.dylib              0x00000001003ad8b8 -[MTLFakeDevice hooked_newTextureWithDescriptor:] + 3400
7   libGLESv2.dylib                     0x00000001096d3714 glStartTilingQCOM + 2731796
8   libGLESv2.dylib                     0x00000001096e6b48 glStartTilingQCOM + 2810696
9   libGLESv2.dylib                     0x00000001096e5e40 glStartTilingQCOM + 2807360
10  libGLESv2.dylib                     0x00000001096e5ccc glStartTilingQCOM + 2806988
11  libGLESv2.dylib                     0x00000001096bd648 glStartTilingQCOM + 2641480
12  libGLESv2.dylib                     0x00000001096bdff4 glStartTilingQCOM + 2643956
13  libGLESv2.dylib                     0x00000001095a8f58 glStartTilingQCOM + 1509208
14  libGLESv2.dylib                     0x000000010953f480 glStartTilingQCOM + 1076352
15  libGLESv2.dylib                     0x0000000109413a88 GL_TexImage2D + 144
####   ResCreate OK type=0x82 clientID=0 +0x30=0xa1 +0x38=0 +0x40=0 +0x58=0 OUT[+0]=0x1500068000 OUT[+0x08]=0 OUT[+0x10]=0x101e789c0 OUT[+0x48]=0x4000
####   inStruct[0..104]:
####     00: 82 00 00 00 00 00 00 00 10 00 10 00 01 00 00 00
####     10: 01 01 00 10 30 04 00 00 00 00 00 00 00 00 00 00
####     20: 00 00 00 00 00 00 00 00 00 00 00 00 00 00 00 00
####     30: a1 00 00 00 00 00 00 00 00 00 00 00 00 00 00 00
####     40: 00 00 00 00 00 00 00 00 00 00 00 00 00 00 00 00
####     50: 00 8f 88 80 01 00 00 00 00 00 00 00 00 00 00 00
####     60: 00 00 00 00 00 00 00 00
#### MTL_TEX LEASE-NEW #1 key=16x16-pf125-bpe16-fcc1380410945 entry=0x600922fd0 surf=0x600039760 tex=0x6001b9d80 retain=2 baseline=1 bpr=256 alloc=16KB shapeEntries=1 pool=0MB map=LINEAR
#### AGX_MAP_AUDIT: _impl ivar offset = 0x208
#### AGX_MAP_AUDIT #0 tex=0x6001b9d80 impl=0x6001ba000 iosurface(arg=0x600039760 bound=0x600039760) plane=0 cpu130=0x108f70000 gpu40=0x1500068000 descriptorOff=0x190 descriptorLayout=0 compressed=0 extended=0 match=1
#### MACWS_AGX_NATIVE memoryless witness #3 instance=0x6001d2000 class=AGXG13GFamilyDevice original=0x1e9eb68a8 -> YES
#### AGXIOC type=0x82 patch #2: f14=0x430 +0x30 0→0xa2 +0x38 0xa2→0 +0x40 0→0 +0x50 0→0x180888f00 +0x58 0x180888f00→0
#### AGX_LIFE CREATE id=0xe type=0x82 surf=0xa2 bytes=0x4000 kr=0 okC=14 failC=0 okD=0 failD=0 unmatchedD=0 full=0 live=14/0MB [t0=12/0MB t80=0/0MB t82=2/0MB]
#### AGX_LIFE type82 CREATE stack #2 resourceID=0xe surf=0xa2 (16 frames):
0   libmachook_arm64.dylib              0x0000000100391810 IOConnectCallMethod_new + 20336
1   IOGPU                               0x00000001a18b618c IOGPUResourceCreate + 236
2   IOGPU                               0x00000001a18b0138 -[IOGPUMetalResource initWithDevice:remoteStorageResource:options:args:argsSize:] + 460
3   libmachook_arm64.dylib              0x000000010038535c __loadImageCallback_block_invoke_20 + 96
4   IOGPU                               0x00000001a18b25ec -[IOGPUMetalTexture initWithDevice:descriptor:iosurface:plane:field:args:argsSize:] + 824
5   AGXMetal13_3                        0x00000001ea1baf38 -[AGXTexture initWithDevice:desc:iosurface:plane:] + 288
6   libmachook_arm64.dylib              0x00000001003ad8b8 -[MTLFakeDevice hooked_newTextureWithDescriptor:] + 3400
7   libGLESv2.dylib                     0x00000001096d3714 glStartTilingQCOM + 2731796
8   libGLESv2.dylib                     0x00000001096e6b48 glStartTilingQCOM + 2810696
9   libGLESv2.dylib                     0x00000001096e5e40 glStartTilingQCOM + 2807360
10  libGLESv2.dylib                     0x00000001096e5ccc glStartTilingQCOM + 2806988
11  libGLESv2.dylib                     0x00000001096bd648 glStartTilingQCOM + 2641480
12  libGLESv2.dylib                     0x00000001096bdff4 glStartTilingQCOM + 2643956
13  libGLESv2.dylib                     0x00000001095a8f58 glStartTilingQCOM + 1509208
14  libGLESv2.dylib                     0x000000010953f480 glStartTilingQCOM + 1076352
15  libGLESv2.dylib                     0x0000000109413a88 GL_TexImage2D + 144
####   ResCreate OK type=0x82 clientID=0 +0x30=0xa2 +0x38=0 +0x40=0 +0x58=0 OUT[+0]=0x1500070000 OUT[+0x08]=0 OUT[+0x10]=0x101e78a80 OUT[+0x48]=0x4000
####   inStruct[0..104]:
####     00: 82 00 00 00 00 00 00 00 10 00 10 00 01 00 00 00
####     10: 01 01 00 10 30 04 00 00 00 00 00 00 00 00 00 00
####     20: 00 00 00 00 00 00 00 00 00 00 00 00 00 00 00 00
####     30: a2 00 00 00 00 00 00 00 00 00 00 00 00 00 00 00
####     40: 00 00 00 00 00 00 00 00 00 00 00 00 00 00 00 00
####     50: 00 8f 88 80 01 00 00 00 00 00 00 00 00 00 00 00
####     60: 00 00 00 00 00 00 00 00
#### MTL_TEX LEASE-NEW #2 key=16x16-pf125-bpe16-fcc1380410945 entry=0x600922e80 surf=0x6000396e0 tex=0x6001ba500 retain=2 baseline=1 bpr=256 alloc=16KB shapeEntries=2 pool=0MB map=LINEAR
#### AGX_MAP_AUDIT #1 tex=0x6001ba500 impl=0x6001ba280 iosurface(arg=0x6000396e0 bound=0x6000396e0) plane=0 cpu130=0x108f74000 gpu40=0x1500070000 descriptorOff=0x190 descriptorLayout=0 compressed=0 extended=0 match=1
#### AGXIOC Method sel=0xf->0xd inCnt=2 inSC=0 outSC=16 -> 0x0
#### AGXIOC Method sel=0xf->0xd inCnt=2 inSC=0 outSC=16 -> 0x0
#### AGXIOC Struct sel=0x6->0x5 inSC=0 outSC=16 -> 0x0
#### AGX_LIFE CREATE id=0xf type=0 surf=0 bytes=0x50000 kr=0 okC=15 failC=0 okD=0 failD=0 unmatchedD=0 full=0 live=15/0MB [t0=13/0MB t80=0/0MB t82=2/0MB]
#### AGXIOC heap map #13 clientID 0x50000 -> resourceID 0xf size 0x50000
####   ResCreate OK type=0 clientID=0 +0x30=0 +0x38=0 +0x40=0x50000 +0x58=0 OUT[+0]=0x18000 OUT[+0x08]=0x109330000 OUT[+0x10]=0x101e78b40 OUT[+0x48]=0x50000
####   inStruct[0..104]:
####     00: 00 00 00 00 00 00 00 00 01 00 01 00 01 00 00 00
####     10: 01 01 00 01 30 84 00 00 00 00 00 00 00 00 00 00
####     20: 00 00 00 00 00 00 00 00 00 00 00 00 00 00 00 00
####     30: 00 00 00 00 00 00 00 00 00 00 00 00 00 00 00 00
####     40: 00 00 05 00 00 00 00 00 00 00 00 00 00 00 00 00
####     50: 00 00 00 38 00 00 00 00 00 00 00 00 00 00 00 00
####     60: 00 00 00 00 00 00 00 00
#### CBRI_HOOK self=0x600222300 cls=AGXG13GFamilyCommandBuffer → resourceInfo=0x600259600
#### AGX_LIFE CREATE id=0x10 type=0 surf=0 bytes=0x8000 kr=0 okC=16 failC=0 okD=0 failD=0 unmatchedD=0 full=0 live=16/0MB [t0=14/0MB t80=0/0MB t82=2/0MB]
#### AGXIOC heap map #14 clientID 0x8000 -> resourceID 0x10 size 0x8000
####   ResCreate OK type=0 clientID=0 +0x30=0 +0x38=0 +0x40=0x8000 +0x58=0 OUT[+0]=0x1500078000 OUT[+0x08]=0x109380000 OUT[+0x10]=0x101e78c00 OUT[+0x48]=0x8000
####   inStruct[0..104]:
####     00: 00 00 00 00 00 00 00 00 00 80 01 00 01 00 00 00
####     10: 01 01 00 01 30 04 00 00 00 00 00 00 00 00 00 00
####     20: 00 00 00 00 00 00 00 00 00 00 00 00 00 00 00 00
####     30: 00 00 00 00 00 00 00 00 00 00 00 00 00 00 00 00
####     40: 00 80 00 00 00 00 00 00 00 00 00 00 00 00 00 00
####     50: 00 00 00 08 00 00 00 00 00 00 00 00 00 00 00 00
####     60: 00 00 00 00 00 00 00 00
#### AGXIOC heap map #15 clientID 0x8000 -> resourceID 0x11 size 0x8000
####   ResCreate OK type=0 clientID=0 +0x30=0 +0x38=0 +0x40=0x8000 +0x58=0 OUT[+0]=0x1500088000 OUT[+0x08]=0x109388000 OUT[+0x10]=0x101e78cc0 OUT[+0x48]=0x8000
####   inStruct[0..104]:
####     00: 00 00 00 00 00 00 00 00 00 80 01 00 01 00 00 00
####     10: 01 01 00 01 30 04 00 00 00 00 00 00 00 00 00 00
####     20: 00 00 00 00 00 00 00 00 00 00 00 00 00 00 00 00
####     30: 00 00 00 00 00 00 00 00 00 00 00 00 00 00 00 00
####     40: 00 80 00 00 00 00 00 00 00 00 00 00 00 00 00 00
####     50: 00 00 00 08 00 00 00 00 00 00 00 00 00 00 00 00
####     60: 00 00 00 00 00 00 00 00
#### AGXIOC heap map #16 clientID 0x8000 -> resourceID 0x12 size 0x8000
####   ResCreate OK type=0 clientID=0 +0x30=0 +0x38=0 +0x40=0x8000 +0x58=0 OUT[+0]=0x1500098000 OUT[+0x08]=0x109390000 OUT[+0x10]=0x101e78d80 OUT[+0x48]=0x8000
####   inStruct[0..104]:
####     00: 00 00 00 00 00 00 00 00 00 80 01 00 01 00 00 00
####     10: 01 01 00 01 30 04 00 00 00 00 00 00 00 00 00 00
####     20: 00 00 00 00 00 00 00 00 00 00 00 00 00 00 00 00
####     30: 00 00 00 00 00 00 00 00 00 00 00 00 00 00 00 00
####     40: 00 80 00 00 00 00 00 00 00 00 00 00 00 00 00 00
####     50: 00 00 00 08 00 00 00 00 00 00 00 00 00 00 00 00
####     60: 00 00 00 00 00 00 00 00
####   ResCreate OK type=0 clientID=0 +0x30=0 +0x38=0 +0x40=0x8000 +0x58=0 OUT[+0]=0x15000a8000 OUT[+0x08]=0x109398000 OUT[+0x10]=0x101e78e40 OUT[+0x48]=0x8000
####   inStruct[0..104]:
####     00: 00 00 00 00 00 00 00 00 00 80 01 00 01 00 00 00
####     10: 01 01 00 01 30 04 00 00 00 00 00 00 00 00 00 00
####     20: 00 00 00 00 00 00 00 00 00 00 00 00 00 00 00 00
####     30: 00 00 00 00 00 00 00 00 00 00 00 00 00 00 00 00
####     40: 00 80 00 00 00 00 00 00 00 00 00 00 00 00 00 00
####     50: 00 00 00 08 00 00 00 00 00 00 00 00 00 00 00 00
####     60: 00 00 00 00 00 00 00 00
####   ResCreate OK type=0 clientID=0 +0x30=0 +0x38=0 +0x40=0x8000 +0x58=0 OUT[+0]=0x15000b8000 OUT[+0x08]=0x1093a0000 OUT[+0x10]=0x101e78f00 OUT[+0x48]=0x8000
####   inStruct[0..104]:
####     00: 00 00 00 00 00 00 00 00 00 80 01 00 01 00 00 00
####     10: 01 01 00 01 30 04 00 00 00 00 00 00 00 00 00 00
####     20: 00 00 00 00 00 00 00 00 00 00 00 00 00 00 00 00
####     30: 00 00 00 00 00 00 00 00 00 00 00 00 00 00 00 00
####     40: 00 80 00 00 00 00 00 00 00 00 00 00 00 00 00 00
####     50: 00 00 00 08 00 00 00 00 00 00 00 00 00 00 00 00
####     60: 00 00 00 00 00 00 00 00
####   ResCreate OK type=0 clientID=0 +0x30=0 +0x38=0 +0x40=0x8000 +0x58=0 OUT[+0]=0x70000 OUT[+0x08]=0x1093a8000 OUT[+0x10]=0x101e78fc0 OUT[+0x48]=0x8000
####   inStruct[0..104]:
####     00: 00 00 00 00 00 00 00 00 00 80 01 00 01 00 00 00
####     10: 01 01 00 01 30 84 00 00 00 00 00 00 00 00 00 00
####     20: 00 00 00 00 00 00 00 00 00 00 00 00 00 00 00 00
####     30: 00 00 00 00 00 00 00 00 00 00 00 00 00 00 00 00
####     40: 00 80 00 00 00 00 00 00 00 00 00 00 00 00 00 00
####     50: 00 00 00 48 00 00 00 00 00 00 00 00 00 00 00 00
####     60: 00 00 00 00 00 00 00 00
####   ResCreate OK type=0 clientID=0 +0x30=0 +0x38=0 +0x40=0x8000 +0x58=0 OUT[+0]=0x80000 OUT[+0x08]=0x1093b0000 OUT[+0x10]=0x101e79080 OUT[+0x48]=0x8000
####   inStruct[0..104]:
####     00: 00 00 00 00 00 00 00 00 00 80 01 00 01 00 00 00
####     10: 01 01 00 01 30 84 00 00 00 00 00 00 00 00 00 00
####     20: 00 00 00 00 00 00 00 00 00 00 00 00 00 00 00 00
####     30: 00 00 00 00 00 00 00 00 00 00 00 00 00 00 00 00
####     40: 00 80 00 00 00 00 00 00 00 00 00 00 00 00 00 00
####     50: 00 00 00 48 00 00 00 00 00 00 00 00 00 00 00 00
####     60: 00 00 00 00 00 00 00 00
####   ResCreate OK type=0 clientID=0 +0x30=0 +0x38=0 +0x40=0x100000 +0x58=0 OUT[+0]=0x15000c8000 OUT[+0x08]=0x1099f8000 OUT[+0x10]=0x101e79140 OUT[+0x48]=0x100000
####   inStruct[0..104]:
####     00: 00 00 00 00 00 00 00 00 00 00 01 00 01 00 00 00
####     10: 01 01 00 01 30 04 00 00 00 00 00 00 00 00 00 00
####     20: 00 00 00 00 00 00 00 00 00 00 00 00 00 00 00 00
####     30: 00 00 00 00 00 00 00 00 00 00 00 00 00 00 00 00
####     40: 00 00 10 00 00 00 00 00 00 00 00 00 00 00 00 00
####     50: 00 00 00 18 00 00 00 00 00 00 00 00 00 00 00 00
####     60: 00 00 00 00 00 00 00 00
####   ResCreate OK type=0 clientID=0 +0x30=0 +0x38=0 +0x40=0x8000 +0x58=0 OUT[+0]=0x15001d0000 OUT[+0x08]=0x1093b8000 OUT[+0x10]=0x101e79200 OUT[+0x48]=0x8000
####   inStruct[0..104]:
####     00: 00 00 00 00 00 00 00 00 00 80 01 00 01 00 00 00
####     10: 01 01 00 01 30 04 00 00 00 00 00 00 00 00 00 00
####     20: 00 00 00 00 00 00 00 00 00 00 00 00 00 00 00 00
####     30: 00 00 00 00 00 00 00 00 00 00 00 00 00 00 00 00
####     40: 00 80 00 00 00 00 00 00 00 00 00 00 00 00 00 00
####     50: 00 00 00 08 00 00 00 00 00 00 00 00 00 00 00 00
####     60: 00 00 00 00 00 00 00 00
####   ResCreate OK type=0 clientID=0 +0x30=0 +0x38=0 +0x40=0x8000 +0x58=0 OUT[+0]=0x15001e0000 OUT[+0x08]=0x1093c0000 OUT[+0x10]=0x101e792c0 OUT[+0x48]=0x8000
####   inStruct[0..104]:
####     00: 00 00 00 00 00 00 00 00 00 80 01 00 01 00 00 00
####     10: 01 01 00 01 30 04 00 00 00 00 00 00 00 00 00 00
####     20: 00 00 00 00 00 00 00 00 00 00 00 00 00 00 00 00
####     30: 00 00 00 00 00 00 00 00 00 00 00 00 00 00 00 00
####     40: 00 80 00 00 00 00 00 00 00 00 00 00 00 00 00 00
####     50: 00 00 00 18 00 00 00 00 00 00 00 00 00 00 00 00
####     60: 00 00 00 00 00 00 00 00
####   ResCreate OK type=0 clientID=0 +0x30=0 +0x38=0 +0x40=0x8000 +0x58=0 OUT[+0]=0x15001f0000 OUT[+0x08]=0x1093c8000 OUT[+0x10]=0x101e79380 OUT[+0x48]=0x8000
####   inStruct[0..104]:
####     00: 00 00 00 00 00 00 00 00 00 80 01 00 01 00 00 00
####     10: 01 01 00 01 30 04 00 00 00 00 00 00 00 00 00 00
####     20: 00 00 00 00 00 00 00 00 00 00 00 00 00 00 00 00
####     30: 00 00 00 00 00 00 00 00 00 00 00 00 00 00 00 00
####     40: 00 80 00 00 00 00 00 00 00 00 00 00 00 00 00 00
####     50: 00 00 00 08 00 00 00 00 00 00 00 00 00 00 00 00
####     60: 00 00 00 00 00 00 00 00
####   ResCreate OK type=0 clientID=0 +0x30=0 +0x38=0 +0x40=0x8000 +0x58=0 OUT[+0]=0x1500200000 OUT[+0x08]=0x1093d0000 OUT[+0x10]=0x101e79440 OUT[+0x48]=0x8000
####   inStruct[0..104]:
####     00: 00 00 00 00 00 00 00 00 00 80 01 00 01 00 00 00
####     10: 01 01 00 01 30 04 00 00 00 00 00 00 00 00 00 00
####     20: 00 00 00 00 00 00 00 00 00 00 00 00 00 00 00 00
####     30: 00 00 00 00 00 00 00 00 00 00 00 00 00 00 00 00
####     40: 00 80 00 00 00 00 00 00 00 00 00 00 00 00 00 00
####     50: 00 00 00 08 00 00 00 00 00 00 00 00 00 00 00 00
####     60: 00 00 00 00 00 00 00 00
####   ResCreate OK type=0 clientID=0 +0x30=0 +0x38=0 +0x40=0x8000 +0x58=0 OUT[+0]=0x1500210000 OUT[+0x08]=0x1093d8000 OUT[+0x10]=0x101e79500 OUT[+0x48]=0x8000
####   inStruct[0..104]:
####     00: 00 00 00 00 00 00 00 00 00 80 01 00 01 00 00 00
####     10: 01 01 00 01 30 04 00 00 00 00 00 00 00 00 00 00
####     20: 00 00 00 00 00 00 00 00 00 00 00 00 00 00 00 00
####     30: 00 00 00 00 00 00 00 00 00 00 00 00 00 00 00 00
####     40: 00 80 00 00 00 00 00 00 00 00 00 00 00 00 00 00
####     50: 00 00 00 08 00 00 00 00 00 00 00 00 00 00 00 00
####     60: 00 00 00 00 00 00 00 00
####   ResCreate OK type=0 clientID=0 +0x30=0 +0x38=0 +0x40=0x8000 +0x58=0 OUT[+0]=0x1500220000 OUT[+0x08]=0x1093e0000 OUT[+0x10]=0x101e795c0 OUT[+0x48]=0x8000
####   inStruct[0..104]:
####     00: 00 00 00 00 00 00 00 00 00 80 01 00 01 00 00 00
####     10: 01 01 00 01 30 04 00 00 00 00 00 00 00 00 00 00
####     20: 00 00 00 00 00 00 00 00 00 00 00 00 00 00 00 00
####     30: 00 00 00 00 00 00 00 00 00 00 00 00 00 00 00 00
####     40: 00 80 00 00 00 00 00 00 00 00 00 00 00 00 00 00
####     50: 00 00 00 08 00 00 00 00 00 00 00 00 00 00 00 00
####     60: 00 00 00 00 00 00 00 00
####   ResCreate OK type=0 clientID=0 +0x30=0 +0x38=0 +0x40=0x8000 +0x58=0 OUT[+0]=0x1500230000 OUT[+0x08]=0x1093e8000 OUT[+0x10]=0x101e79680 OUT[+0x48]=0x8000
####   inStruct[0..104]:
####     00: 00 00 00 00 00 00 00 00 00 80 01 00 01 00 00 00
####     10: 01 01 00 01 30 04 00 00 00 00 00 00 00 00 00 00
####     20: 00 00 00 00 00 00 00 00 00 00 00 00 00 00 00 00
####     30: 00 00 00 00 00 00 00 00 00 00 00 00 00 00 00 00
####     40: 00 80 00 00 00 00 00 00 00 00 00 00 00 00 00 00
####     50: 00 00 00 08 00 00 00 00 00 00 00 00 00 00 00 00
####     60: 00 00 00 00 00 00 00 00
####   ResCreate OK type=0 clientID=0 +0x30=0 +0x38=0 +0x40=0xff80 +0x58=0 OUT[+0]=0x1500240000 OUT[+0x08]=0x109af8000 OUT[+0x10]=0x101e79740 OUT[+0x48]=0x10000
####   inStruct[0..104]:
####     00: 00 00 00 00 00 00 00 00 80 ff 01 00 01 00 00 00
####     10: 01 01 00 01 30 04 00 00 00 00 00 00 00 00 00 00
####     20: 00 00 00 00 00 00 00 00 00 00 00 00 00 00 00 00
####     30: 00 00 00 00 00 00 00 00 00 00 00 00 00 00 00 00
####     40: 80 ff 00 00 00 00 00 00 00 00 00 00 00 00 00 00
####     50: 00 00 00 18 00 00 00 00 00 00 00 00 00 00 00 00
####     60: 00 00 00 00 00 00 00 00
####   ResCreate OK type=0 clientID=0 +0x30=0 +0x38=0 +0x40=0xc0000 +0x58=0 OUT[+0]=0x1500258000 OUT[+0x08]=0x109b08000 OUT[+0x10]=0x101e79800 OUT[+0x48]=0xc0000
####   inStruct[0..104]:
####     00: 00 00 00 00 00 00 00 00 00 00 01 00 01 00 00 00
####     10: 01 01 00 01 30 04 00 00 00 00 00 00 00 00 00 00
####     20: 00 00 00 00 00 00 00 00 00 00 00 00 00 00 00 00
####     30: 00 00 00 00 00 00 00 00 00 00 00 00 00 00 00 00
####     40: 00 00 0c 00 00 00 00 00 00 00 00 00 00 00 00 00
####     50: 00 00 00 08 00 00 00 00 00 00 00 00 00 00 00 00
####     60: 00 00 00 00 00 00 00 00
#### AGX_SUBMIT_DIAG #1 subtype1-predicate scalar0=0x1 legacy-scalar-gate=1 total=0x840/1 seglen=0x130/1 seghdr=1 cmdtotal=1 d8=1 pad1=1 f1=1 sent1=1 pad2=1 f2=1 sent2=1
#### AGX_SUBMIT_DIAG #1 descriptor[0] KCMD-type1-observed save /tmp/macws_submit_kcmd_1_0_type1-observed.bin failed errno=17
#### AGX_SUBMIT_DIAG #1 descriptor[0] segment save /tmp/macws_submit_segment_1_0.bin failed errno=17
#### AGX_SUBMIT_DIAG #1 TEMP-KCMD-ABI-FIX subtype1-clear pads=0x1c0,0x4c0 total=0x840->0x820 size=0x7e8->0x7c8 end=0x818->0x7f8 segment-span=0x820
#### AGXIOC Method sel=0x1e->0x1a inCnt=4 inSC=56 outSC=0 -> 0x0
#### MACWS_AGX_NATIVE memoryless witness #4 instance=0x6001d2000 class=AGXG13GFamilyDevice original=0x1e9eb68a8 -> YES
#### AGXIOC type=0x82 patch #3: f14=0x430 +0x30 0→0xa4 +0x38 0xa4→0 +0x40 0→0 +0x50 0→0x180888f00 +0x58 0x180888f00→0
#### AGX_LIFE type82 CREATE stack #3 resourceID=0x21 surf=0xa4 (16 frames):
0   libmachook_arm64.dylib              0x0000000100391810 IOConnectCallMethod_new + 20336
1   IOGPU                               0x00000001a18b618c IOGPUResourceCreate + 236
2   IOGPU                               0x00000001a18b0138 -[IOGPUMetalResource initWithDevice:remoteStorageResource:options:args:argsSize:] + 460
3   libmachook_arm64.dylib              0x000000010038535c __loadImageCallback_block_invoke_20 + 96
4   IOGPU                               0x00000001a18b25ec -[IOGPUMetalTexture initWithDevice:descriptor:iosurface:plane:field:args:argsSize:] + 824
5   AGXMetal13_3                        0x00000001ea1baf38 -[AGXTexture initWithDevice:desc:iosurface:plane:] + 288
6   libmachook_arm64.dylib              0x00000001003ad8b8 -[MTLFakeDevice hooked_newTextureWithDescriptor:] + 3400
7   libGLESv2.dylib                     0x00000001096d3714 glStartTilingQCOM + 2731796
8   libGLESv2.dylib                     0x00000001096e6b48 glStartTilingQCOM + 2810696
9   libGLESv2.dylib                     0x00000001096e5e40 glStartTilingQCOM + 2807360
10  libGLESv2.dylib                     0x00000001096e5ccc glStartTilingQCOM + 2806988
11  libGLESv2.dylib                     0x00000001096bd648 glStartTilingQCOM + 2641480
12  libGLESv2.dylib                     0x00000001096bdff4 glStartTilingQCOM + 2643956
13  libGLESv2.dylib                     0x00000001095a8f58 glStartTilingQCOM + 1509208
14  libGLESv2.dylib                     0x000000010953f480 glStartTilingQCOM + 1076352
15  libGLESv2.dylib                     0x0000000109413a88 GL_TexImage2D + 144
####   ResCreate OK type=0x82 clientID=0 +0x30=0xa4 +0x38=0 +0x40=0 +0x58=0 OUT[+0]=0x15004c0000 OUT[+0x08]=0 OUT[+0x10]=0x101e79c80 OUT[+0x48]=0x4000
####   inStruct[0..104]:
####     00: 82 00 00 00 00 00 00 00 40 00 40 00 01 00 00 00
####     10: 01 01 00 04 30 04 00 00 00 00 00 00 00 00 00 00
####     20: 00 00 00 00 00 00 00 00 00 00 00 00 00 00 00 00
####     30: a4 00 00 00 00 00 00 00 00 00 00 00 00 00 00 00
####     40: 00 00 00 00 00 00 00 00 00 00 00 00 00 00 00 00
####     50: 00 8f 88 80 01 00 00 00 00 00 00 00 00 00 00 00
####     60: 00 00 00 00 00 00 00 00
#### MTL_TEX LEASE-NEW #3 key=64x64-pf70-bpe4-fcc1380401729 entry=0x60092b010 surf=0x60003b640 tex=0x600983e80 retain=2 baseline=1 bpr=256 alloc=16KB shapeEntries=1 pool=0MB map=LINEAR
#### AGX_MAP_AUDIT #2 tex=0x600983e80 impl=0x600983c00 iosurface(arg=0x60003b640 bound=0x60003b640) plane=0 cpu130=0x109c28000 gpu40=0x15004c0000 descriptorOff=0x190 descriptorLayout=0 compressed=0 extended=0 match=1
#### CBRI_HOOK self=0x600224600 cls=AGXG13GFamilyCommandBuffer → resourceInfo=0x600259600
####   ResCreate OK type=0 clientID=0 +0x30=0 +0x38=0 +0x40=0xff80 +0x58=0 OUT[+0]=0x15004c8000 OUT[+0x08]=0x109c30000 OUT[+0x10]=0x101e79d40 OUT[+0x48]=0x10000
####   inStruct[0..104]:
####     00: 00 00 00 00 00 00 00 00 80 ff 01 00 01 00 00 00
####     10: 01 01 00 01 30 04 00 00 00 00 00 00 00 00 00 00
####     20: 00 00 00 00 00 00 00 00 00 00 00 00 00 00 00 00
####     30: 00 00 00 00 00 00 00 00 00 00 00 00 00 00 00 00
####     40: 80 ff 00 00 00 00 00 00 00 00 00 00 00 00 00 00
####     50: 00 00 00 18 00 00 00 00 00 00 00 00 00 00 00 00
####     60: 00 00 00 00 00 00 00 00
#### AGX_SUBMIT_DIAG #2 subtype1-predicate scalar0=0x1 legacy-scalar-gate=1 total=0x840/1 seglen=0x130/1 seghdr=1 cmdtotal=1 d8=1 pad1=1 f1=1 sent1=1 pad2=1 f2=1 sent2=1
#### AGX_SUBMIT_DIAG #2 descriptor[0] KCMD-type1-observed save /tmp/macws_submit_kcmd_2_0_type1-observed.bin failed errno=17
#### AGX_SUBMIT_DIAG #2 descriptor[0] segment save /tmp/macws_submit_segment_2_0.bin failed errno=17
#### AGX_SUBMIT_DIAG #2 TEMP-KCMD-ABI-FIX subtype1-clear pads=0x1c0,0x4c0 total=0x840->0x820 size=0x7e8->0x7c8 end=0x818->0x7f8 segment-span=0x820
#### AGXIOC Method sel=0x1e->0x1a inCnt=4 inSC=56 outSC=0 -> 0x0
#### MACWS_AGX_NATIVE memoryless witness #5 instance=0x6001d2000 class=AGXG13GFamilyDevice original=0x1e9eb68a8 -> YES
#### AGXIOC type=0x82 patch #4: f14=0x430 +0x30 0→0xa5 +0x38 0xa5→0 +0x40 0→0 +0x50 0→0x180888f00 +0x58 0x180888f00→0
#### AGX_LIFE type82 CREATE stack #4 resourceID=0x23 surf=0xa5 (16 frames):
0   libmachook_arm64.dylib              0x0000000100391810 IOConnectCallMethod_new + 20336
1   IOGPU                               0x00000001a18b618c IOGPUResourceCreate + 236
2   IOGPU                               0x00000001a18b0138 -[IOGPUMetalResource initWithDevice:remoteStorageResource:options:args:argsSize:] + 460
3   libmachook_arm64.dylib              0x000000010038535c __loadImageCallback_block_invoke_20 + 96
4   IOGPU                               0x00000001a18b25ec -[IOGPUMetalTexture initWithDevice:descriptor:iosurface:plane:field:args:argsSize:] + 824
5   AGXMetal13_3                        0x00000001ea1baf38 -[AGXTexture initWithDevice:desc:iosurface:plane:] + 288
6   libmachook_arm64.dylib              0x00000001003ad8b8 -[MTLFakeDevice hooked_newTextureWithDescriptor:] + 3400
7   libGLESv2.dylib                     0x00000001096d3714 glStartTilingQCOM + 2731796
8   libGLESv2.dylib                     0x00000001096e6b48 glStartTilingQCOM + 2810696
9   libGLESv2.dylib                     0x00000001096e5e40 glStartTilingQCOM + 2807360
10  libGLESv2.dylib                     0x00000001096e5ccc glStartTilingQCOM + 2806988
11  libGLESv2.dylib                     0x00000001096bd648 glStartTilingQCOM + 2641480
12  libGLESv2.dylib                     0x00000001096bdff4 glStartTilingQCOM + 2643956
13  libGLESv2.dylib                     0x00000001095a8f58 glStartTilingQCOM + 1509208
14  libGLESv2.dylib                     0x000000010953f480 glStartTilingQCOM + 1076352
15  libGLESv2.dylib                     0x0000000109413a88 GL_TexImage2D + 144
####   ResCreate OK type=0x82 clientID=0 +0x30=0xa5 +0x38=0 +0x40=0 +0x58=0 OUT[+0]=0x15004e0000 OUT[+0x08]=0 OUT[+0x10]=0x101e79e00 OUT[+0x48]=0x4000
####   inStruct[0..104]:
####     00: 82 00 00 00 00 00 00 00 40 00 40 00 01 00 00 00
####     10: 01 01 00 04 30 04 00 00 00 00 00 00 00 00 00 00
####     20: 00 00 00 00 00 00 00 00 00 00 00 00 00 00 00 00
####     30: a5 00 00 00 00 00 00 00 00 00 00 00 00 00 00 00
####     40: 00 00 00 00 00 00 00 00 00 00 00 00 00 00 00 00
####     50: 00 8f 88 80 01 00 00 00 00 00 00 00 00 00 00 00
####     60: 00 00 00 00 00 00 00 00
#### MTL_TEX LEASE-NEW #4 key=64x64-pf70-bpe4-fcc1380401729 entry=0x600a11aa0 surf=0x60003c260 tex=0x600988200 retain=2 baseline=1 bpr=256 alloc=16KB shapeEntries=2 pool=0MB map=LINEAR
#### AGX_MAP_AUDIT #3 tex=0x600988200 impl=0x600987f80 iosurface(arg=0x60003c260 bound=0x60003c260) plane=0 cpu130=0x109c40000 gpu40=0x15004e0000 descriptorOff=0x190 descriptorLayout=0 compressed=0 extended=0 match=1
#### CBRI_HOOK self=0x600227000 cls=AGXG13GFamilyCommandBuffer → resourceInfo=0x600259600
#### AGX_SUBMIT_DIAG #3 subtype1-predicate scalar0=0x1 legacy-scalar-gate=1 total=0x840/1 seglen=0x130/1 seghdr=1 cmdtotal=1 d8=1 pad1=1 f1=1 sent1=1 pad2=1 f2=1 sent2=1
#### AGX_SUBMIT_DIAG #3 descriptor[0] KCMD-type1-observed saved=0x840/0x840 path=/tmp/macws_submit_kcmd_3_0_type1-observed.bin errno=0
#### AGX_SUBMIT_DIAG #3 descriptor[0] segment saved=0x130/0x130 path=/tmp/macws_submit_segment_3_0.bin errno=0
#### AGX_SUBMIT_DIAG #3 TEMP-KCMD-ABI-FIX subtype1-clear pads=0x1c0,0x4c0 total=0x840->0x820 size=0x7e8->0x7c8 end=0x818->0x7f8 segment-span=0x820
#### AGXIOC Method sel=0x1e->0x1a inCnt=4 inSC=56 outSC=0 -> 0x0
#### MTL_TEX entry self class=AGXG13GFamilyDevice
#### MTL_TEX TLS set iosurface=0x60003c340 id=0xa9 plane=0 compressionHeaderSpan=0 (thread=0x1dfb5de00 addr=0x0)
#### MACWS_AGX_NATIVE memoryless witness #6 instance=0x6001d2000 class=AGXG13GFamilyDevice original=0x1e9eb68a8 -> YES
#### AGXIOC type=0x82 patch #5: f14=0x430 +0x30 0→0xa9 +0x38 0xa9→0 +0x40 0→0 +0x50 0→0x180888f00 +0x58 0x180888f00→0
####   ResCreate OK type=0x82 clientID=0 +0x30=0xa9 +0x38=0 +0x40=0 +0x58=0 OUT[+0]=0x15004e8000 OUT[+0x08]=0 OUT[+0x10]=0x101e79ec0 OUT[+0x48]=0x18000
####   inStruct[0..104]:
####     00: 82 00 00 00 00 00 00 00 80 00 c0 00 01 00 00 00
####     10: 01 01 00 04 30 04 00 00 00 00 00 00 00 00 00 00
####     20: 00 00 00 00 00 00 00 00 00 00 00 00 00 00 00 00
####     30: a9 00 00 00 00 00 00 00 00 00 00 00 00 00 00 00
####     40: 00 00 00 00 00 00 00 00 00 00 00 00 00 00 00 00
####     50: 00 8f 88 80 01 00 00 00 00 00 00 00 00 00 00 00
####     60: 00 00 00 00 00 00 00 00
#### AGX_MAP_AUDIT #4 tex=0x60098a500 impl=0x60098a280 iosurface(arg=0x60003c340 bound=0x60003c340) plane=0 cpu130=0x10ccb0000 gpu40=0x15004e8000 descriptorOff=0x190 descriptorLayout=0 compressed=0 extended=0 match=1
#### AGXIOC Method sel=0x1e->0x1a inCnt=4 inSC=56 outSC=0 -> 0x0
#### AGXIOC type0 exact initFull length: +0x58=0 low32=0 -> +0x40=0xc000
####   ResCreate OK type=0 clientID=0 +0x30=0x40 +0x38=0 +0x40=0xc000 +0x58=0 OUT[+0]=0x1500508000 OUT[+0x08]=0x10ccc8000 OUT[+0x10]=0x101e79f80 OUT[+0x48]=0xc000
####   inStruct[0..104]:
####     00: 00 00 00 00 00 00 00 00 01 00 01 00 01 00 00 00
####     10: 01 01 00 01 70 04 00 00 00 00 00 00 00 00 00 00
####     20: 00 00 00 00 00 00 00 00 00 00 00 00 00 00 00 00
####     30: 40 00 00 00 00 00 00 00 00 00 00 00 00 00 00 00
####     40: 00 c0 00 00 00 00 00 00 00 00 00 00 00 00 00 00
####     50: 00 00 00 00 00 00 00 00 00 00 00 00 00 00 00 00
####     60: d8 1f 5b 21 02 00 00 00
#### TRACE -[AGXBuffer initFull] self=0x60021d380 dev=0x6001d2000 len=49152 align=1→64 opt=0 subDis=0→1 resIn=0x16fd7e5e8 pin=0x0 -> 0x60021d380
#### AGXIOC type0 exact initFull length: +0x58=0 low32=0 -> +0x40=0x8000
####   ResCreate OK type=0 clientID=0 +0x30=0x40 +0x38=0 +0x40=0x8000 +0x58=0 OUT[+0]=0x1500518000 OUT[+0x08]=0x10ccd4000 OUT[+0x10]=0x101e7a040 OUT[+0x48]=0x8000
####   inStruct[0..104]:
####     00: 00 00 00 00 00 00 00 00 01 00 01 00 01 00 00 00
####     10: 01 01 00 01 70 04 00 00 00 00 00 00 00 00 00 00
####     20: 00 00 00 00 00 00 00 00 00 00 00 00 00 00 00 00
####     30: 40 00 00 00 00 00 00 00 00 00 00 00 00 00 00 00
####     40: 00 80 00 00 00 00 00 00 00 00 00 00 00 00 00 00
####     50: 00 00 00 00 00 00 00 00 00 00 00 00 00 00 00 00
####     60: 78 e5 d7 6f 01 00 00 00
#### TRACE -[AGXBuffer initFull] self=0x60021d080 dev=0x6001d2000 len=32768 align=1→64 opt=0 subDis=0→1 resIn=0x16fd7e4d8 pin=0x0 -> 0x60021d080
#### MACWS_AGX_NATIVE memoryless witness #7 instance=0x6001d2000 class=AGXG13GFamilyDevice original=0x1e9eb68a8 -> YES
#### AGXIOC type=0x82 patch #6: f14=0x430 +0x30 0→0xaa +0x38 0xaa→0 +0x40 0→0 +0x50 0→0x180888c00 +0x58 0x180888c00→0
####   ResCreate OK type=0x82 clientID=0 +0x30=0xaa +0x38=0 +0x40=0 +0x58=0 OUT[+0]=0x1500528000 OUT[+0x08]=0 OUT[+0x10]=0x101e7a100 OUT[+0x48]=0x400000
####   inStruct[0..104]:
####     00: 82 00 00 00 00 00 00 00 00 08 00 08 01 00 00 00
####     10: 01 01 00 01 30 04 00 00 00 00 00 00 00 00 00 00
####     20: 00 00 00 00 00 00 00 00 00 00 00 00 00 00 00 00
####     30: aa 00 00 00 00 00 00 00 00 00 00 00 00 00 00 00
####     40: 00 00 00 00 00 00 00 00 00 00 00 00 00 00 00 00
####     50: 00 8c 88 80 01 00 00 00 00 00 00 00 00 00 00 00
####     60: 00 00 00 00 00 00 00 00
#### MTL_TEX LEASE-NEW #5 key=2048x2048-pf10-bpe1-fcc1278226488 entry=0x600a11e00 surf=0x60003d160 tex=0x60098b400 retain=2 baseline=1 bpr=2048 alloc=4096KB shapeEntries=1 pool=4MB map=LINEAR
#### AGX_MAP_AUDIT #5 tex=0x60098b400 impl=0x60098b180 iosurface(arg=0x60003d160 bound=0x60003d160) plane=0 cpu130=0x1186f4000 gpu40=0x1500528000 descriptorOff=0x190 descriptorLayout=0 compressed=0 extended=0 match=1
#### AGXIOC type0 exact initFull length: +0x58=0 low32=0 -> +0x40=0x900
####   ResCreate OK type=0 clientID=0 +0x30=0x40 +0x38=0 +0x40=0x900 +0x58=0 OUT[+0]=0x1500930000 OUT[+0x08]=0x10cce0000 OUT[+0x10]=0x101e7a1c0 OUT[+0x48]=0x4000
####   inStruct[0..104]:
####     00: 00 00 00 00 00 00 00 00 01 00 01 00 01 00 00 00
####     10: 01 01 00 01 70 04 00 00 00 00 00 00 00 00 00 00
####     20: 00 00 00 00 00 00 00 00 00 00 00 00 00 00 00 00
####     30: 40 00 00 00 00 00 00 00 00 00 00 00 00 00 00 00
####     40: 00 09 00 00 00 00 00 00 00 00 00 00 00 00 00 00
####     50: 00 00 00 00 00 00 00 00 00 00 00 00 00 00 00 00
####     60: d8 e0 d7 6f 01 00 00 00
#### CBRI_HOOK self=0x600228c00 cls=AGXG13GFamilyCommandBuffer → resourceInfo=0x600265e00
####   ResCreate OK type=0 clientID=0 +0x30=0 +0x38=0 +0x40=0x8000 +0x58=0 OUT[+0]=0x1100090000 OUT[+0x08]=0x10cce4000 OUT[+0x10]=0x101e7a280 OUT[+0x48]=0x8000
####   inStruct[0..104]:
####     00: 00 00 00 00 00 00 00 00 00 80 01 00 01 00 00 00
####     10: 01 01 00 01 30 84 00 00 00 00 00 00 00 00 00 00
####     20: 00 00 00 00 00 00 00 00 00 00 00 00 00 00 00 00
####     30: 00 00 00 00 00 00 00 00 00 00 00 00 00 00 00 00
####     40: 00 80 00 00 00 00 00 00 00 00 00 00 00 00 00 00
####     50: 00 00 00 28 00 00 00 00 00 00 00 00 00 00 00 00
####     60: 00 00 00 00 00 00 00 00
####   ResCreate OK type=0 clientID=0 +0x30=0 +0x38=0 +0x40=0x8000 +0x58=0 OUT[+0]=0x1500938000 OUT[+0x08]=0x10ccec000 OUT[+0x10]=0x101e7a340 OUT[+0x48]=0x8000
####   inStruct[0..104]:
####     00: 00 00 00 00 00 00 00 00 00 80 01 00 01 00 00 00
####     10: 01 01 00 01 30 04 00 00 00 00 00 00 00 00 00 00
####     20: 00 00 00 00 00 00 00 00 00 00 00 00 00 00 00 00
####     30: 00 00 00 00 00 00 00 00 00 00 00 00 00 00 00 00
####     40: 00 80 00 00 00 00 00 00 00 00 00 00 00 00 00 00
####     50: 00 00 00 08 00 00 00 00 00 00 00 00 00 00 00 00
####     60: 00 00 00 00 00 00 00 00
#### CBRI_HOOK self=0x600228c00 cls=AGXG13GFamilyCommandBuffer → resourceInfo=0x600265e00
#### AGX_SUBMIT_DIAG #5 TEMP-KCMD-SEGMENT-LIST-FIX segment=1/2 subtype=1 range=0x210..0xa50->0xa30 shrink=0x20 storage=0xa60 wrappedTail=YES
#### AGX_SUBMIT_DIAG #5 TEMP-KCMD-SEGMENT-LIST-FIX segment=0/2 subtype=3 range=0..0x210->0x200 shrink=0x10 storage=0xa50 wrappedTail=YES
#### MTL_TEX entry self class=AGXG13GFamilyDevice
#### MTL_TEX TLS set iosurface=0x60003c2a0 id=0xab plane=0 compressionHeaderSpan=0 (thread=0x1dfb5de00 addr=0x0)
#### MACWS_AGX_NATIVE memoryless witness #8 instance=0x6001d2000 class=AGXG13GFamilyDevice original=0x1e9eb68a8 -> YES
#### AGXIOC Method sel=0x1e->0x1a inCnt=4 inSC=56 outSC=0 -> 0x0
#### AGXIOC type=0x82 patch #7: f14=0x430 +0x30 0→0xab +0x38 0xab→0 +0x40 0→0 +0x50 0→0x180888f00 +0x58 0x180888f00→0
####   ResCreate OK type=0x82 clientID=0 +0x30=0xab +0x38=0 +0x40=0 +0x58=0 OUT[+0]=0x1500948000 OUT[+0x08]=0 OUT[+0x10]=0x101e7a400 OUT[+0x48]=0x12c000
####   inStruct[0..104]:
####     00: 82 00 00 00 00 00 00 00 c0 03 40 01 01 00 00 00
####     10: 01 01 00 04 30 04 00 00 00 00 00 00 00 00 00 00
####     20: 00 00 00 00 00 00 00 00 00 00 00 00 00 00 00 00
####     30: ab 00 00 00 00 00 00 00 00 00 00 00 00 00 00 00
####     40: 00 00 00 00 00 00 00 00 00 00 00 00 00 00 00 00
####     50: 00 8f 88 80 01 00 00 00 00 00 00 00 00 00 00 00
####     60: 00 00 00 00 00 00 00 00
#### AGX_MAP_AUDIT #6 tex=0x60098e380 impl=0x60098e100 iosurface(arg=0x60003c2a0 bound=0x60003c2a0) plane=0 cpu130=0x10ccf8000 gpu40=0x1500948000 descriptorOff=0x190 descriptorLayout=0 compressed=0 extended=0 match=1
#### AGX_LIFE DESTROY id=0x28 type=0 surf=0 bytes=0x4000 kr=0 okC=43 failC=0 okD=1 failD=0 unmatchedD=0 full=0 live=42/8MB [t0=35/3MB t80=0/0MB t82=7/5MB]
#### AGXIOC Method sel=0xf->0xd inCnt=2 inSC=0 outSC=16 -> 0x0
#### AGXIOC Method sel=0xf->0xd inCnt=2 inSC=0 outSC=16 -> 0x0
#### AGXIOC Method sel=0x1e->0x1a inCnt=4 inSC=56 outSC=0 -> 0x0
#### MACWS_AGX_NATIVE memoryless witness #9 instance=0x6001d2000 class=AGXG13GFamilyDevice original=0x1e9eb68a8 -> YES
#### AGXIOC type=0x82 patch #8: f14=0x430 +0x30 0→0xac +0x38 0xac→0 +0x40 0→0 +0x50 0→0x180888c00 +0x58 0x180888c00→0
####   ResCreate OK type=0x82 clientID=0 +0x30=0xac +0x38=0 +0x40=0 +0x58=0 OUT[+0]=0x1500a78000 OUT[+0x08]=0 OUT[+0x10]=0x101e7a1c0 OUT[+0x48]=0xc000
####   inStruct[0..104]:
####     00: 82 00 00 00 00 00 00 00 a1 00 a1 00 01 00 00 00
####     10: 01 01 00 01 30 04 00 00 00 00 00 00 00 00 00 00
####     20: 00 00 00 00 00 00 00 00 00 00 00 00 00 00 00 00
####     30: ac 00 00 00 00 00 00 00 00 00 00 00 00 00 00 00
####     40: 00 00 00 00 00 00 00 00 00 00 00 00 00 00 00 00
####     50: 00 8c 88 80 01 00 00 00 00 00 00 00 00 00 00 00
####     60: 00 00 00 00 00 00 00 00
#### MTL_TEX LEASE-NEW #6 key=161x161-pf10-bpe1-fcc1278226488 entry=0x600aaa770 surf=0x600a72420 tex=0x60098ed80 retain=2 baseline=1 bpr=256 alloc=48KB shapeEntries=1 pool=4MB map=LINEAR
#### AGX_MAP_AUDIT #7 tex=0x60098ed80 impl=0x60098eb00 iosurface(arg=0x600a72420 bound=0x600a72420) plane=0 cpu130=0x10ce2c000 gpu40=0x1500a78000 descriptorOff=0x190 descriptorLayout=0 compressed=0 extended=0 match=1
#### MACWS_AGX_NATIVE memoryless witness #10 instance=0x6001d2000 class=AGXG13GFamilyDevice original=0x1e9eb68a8 -> YES
#### AGXIOC type=0x82 patch #9: f14=0x430 +0x30 0→0xad +0x38 0xad→0 +0x40 0→0 +0x50 0→0x180888c00 +0x58 0x180888c00→0
####   ResCreate OK type=0x82 clientID=0 +0x30=0xad +0x38=0 +0x40=0 +0x58=0 OUT[+0]=0x1500930000 OUT[+0x08]=0 OUT[+0x10]=0x101e7a4c0 OUT[+0x48]=0x4000
####   inStruct[0..104]:
####     00: 82 00 00 00 00 00 00 00 80 00 80 00 01 00 00 00
####     10: 01 01 00 01 30 04 00 00 00 00 00 00 00 00 00 00
####     20: 00 00 00 00 00 00 00 00 00 00 00 00 00 00 00 00
####     30: ad 00 00 00 00 00 00 00 00 00 00 00 00 00 00 00
####     40: 00 00 00 00 00 00 00 00 00 00 00 00 00 00 00 00
####     50: 00 8c 88 80 01 00 00 00 00 00 00 00 00 00 00 00
####     60: 00 00 00 00 00 00 00 00
#### MTL_TEX LEASE-NEW #7 key=128x128-pf10-bpe1-fcc1278226488 entry=0x600b74230 surf=0x600a727c0 tex=0x60098f500 retain=2 baseline=1 bpr=128 alloc=16KB shapeEntries=1 pool=4MB map=LINEAR
#### AGX_MAP_AUDIT #8 tex=0x60098f500 impl=0x60098f280 iosurface(arg=0x600a727c0 bound=0x600a727c0) plane=0 cpu130=0x10ce38000 gpu40=0x1500930000 descriptorOff=0x190 descriptorLayout=0 compressed=0 extended=0 match=1
#### MACWS_AGX_NATIVE memoryless witness #11 instance=0x6001d2000 class=AGXG13GFamilyDevice original=0x1e9eb68a8 -> YES
#### AGXIOC type=0x82 patch #10: f14=0x430 +0x30 0→0xae +0x38 0xae→0 +0x40 0→0 +0x50 0→0x180888c00 +0x58 0x180888c00→0
####   ResCreate OK type=0x82 clientID=0 +0x30=0xae +0x38=0 +0x40=0 +0x58=0 OUT[+0]=0x1500a88000 OUT[+0x08]=0 OUT[+0x10]=0x101e7a580 OUT[+0x48]=0x4000
####   inStruct[0..104]:
####     00: 82 00 00 00 00 00 00 00 40 00 40 00 01 00 00 00
####     10: 01 01 00 01 30 04 00 00 00 00 00 00 00 00 00 00
####     20: 00 00 00 00 00 00 00 00 00 00 00 00 00 00 00 00
####     30: ae 00 00 00 00 00 00 00 00 00 00 00 00 00 00 00
####     40: 00 00 00 00 00 00 00 00 00 00 00 00 00 00 00 00
####     50: 00 8c 88 80 01 00 00 00 00 00 00 00 00 00 00 00
####     60: 00 00 00 00 00 00 00 00
#### MTL_TEX LEASE-NEW #8 key=64x64-pf10-bpe1-fcc1278226488 entry=0x600b746b0 surf=0x600a72400 tex=0x60098fc80 retain=2 baseline=1 bpr=128 alloc=16KB shapeEntries=1 pool=4MB map=LINEAR
#### AGX_MAP_AUDIT #9 tex=0x60098fc80 impl=0x60098fa00 iosurface(arg=0x600a72400 bound=0x600a72400) plane=0 cpu130=0x10ce3c000 gpu40=0x1500a88000 descriptorOff=0x190 descriptorLayout=0 compressed=0 extended=0 match=1
#### MACWS_AGX_NATIVE memoryless witness #12 instance=0x6001d2000 class=AGXG13GFamilyDevice original=0x1e9eb68a8 -> YES
#### AGXIOC type=0x82 patch #11: f14=0x430 +0x30 0→0xaf +0x38 0xaf→0 +0x40 0→0 +0x50 0→0x180888c00 +0x58 0x180888c00→0
####   ResCreate OK type=0x82 clientID=0 +0x30=0xaf +0x38=0 +0x40=0 +0x58=0 OUT[+0]=0x1500a90000 OUT[+0x08]=0 OUT[+0x10]=0x101e7a640 OUT[+0x48]=0x4000
####   inStruct[0..104]:
####     00: 82 00 00 00 00 00 00 00 40 00 40 00 01 00 00 00
####     10: 01 01 00 01 30 04 00 00 00 00 00 00 00 00 00 00
####     20: 00 00 00 00 00 00 00 00 00 00 00 00 00 00 00 00
####     30: af 00 00 00 00 00 00 00 00 00 00 00 00 00 00 00
####     40: 00 00 00 00 00 00 00 00 00 00 00 00 00 00 00 00
####     50: 00 8c 88 80 01 00 00 00 00 00 00 00 00 00 00 00
####     60: 00 00 00 00 00 00 00 00
#### MTL_TEX LEASE-NEW #9 key=64x64-pf10-bpe1-fcc1278226488 entry=0x600b74530 surf=0x600a723e0 tex=0x600b80500 retain=2 baseline=1 bpr=128 alloc=16KB shapeEntries=2 pool=4MB map=LINEAR
#### AGX_MAP_AUDIT #10 tex=0x600b80500 impl=0x600b80280 iosurface(arg=0x600a723e0 bound=0x600a723e0) plane=0 cpu130=0x10ce40000 gpu40=0x1500a90000 descriptorOff=0x190 descriptorLayout=0 compressed=0 extended=0 match=1
#### MACWS_AGX_NATIVE memoryless witness #13 instance=0x6001d2000 class=AGXG13GFamilyDevice original=0x1e9eb68a8 -> YES
#### AGXIOC type=0x82 patch #12: f14=0x430 +0x30 0→0xb0 +0x38 0xb0→0 +0x40 0→0 +0x50 0→0x180888c00 +0x58 0x180888c00→0
####   ResCreate OK type=0x82 clientID=0 +0x30=0xb0 +0x38=0 +0x40=0 +0x58=0 OUT[+0]=0x1500a98000 OUT[+0x08]=0 OUT[+0x10]=0x101e7a700 OUT[+0x48]=0x4000
####   inStruct[0..104]:
####     00: 82 00 00 00 00 00 00 00 37 00 37 00 01 00 00 00
####     10: 01 01 00 01 30 04 00 00 00 00 00 00 00 00 00 00
####     20: 00 00 00 00 00 00 00 00 00 00 00 00 00 00 00 00
####     30: b0 00 00 00 00 00 00 00 00 00 00 00 00 00 00 00
####     40: 00 00 00 00 00 00 00 00 00 00 00 00 00 00 00 00
####     50: 00 8c 88 80 01 00 00 00 00 00 00 00 00 00 00 00
####     60: 00 00 00 00 00 00 00 00
#### MTL_TEX LEASE-NEW #10 key=55x55-pf10-bpe1-fcc1278226488 entry=0x600b749b0 surf=0x600a72760 tex=0x600b80a00 retain=2 baseline=1 bpr=128 alloc=16KB shapeEntries=1 pool=4MB map=LINEAR
#### AGX_MAP_AUDIT #11 tex=0x600b80a00 impl=0x600b80780 iosurface(arg=0x600a72760 bound=0x600a72760) plane=0 cpu130=0x10ce44000 gpu40=0x1500a98000 descriptorOff=0x190 descriptorLayout=0 compressed=0 extended=0 match=1
#### AGXIOC type0 exact initFull length: +0x58=0 low32=0 -> +0x40=0x8000
#### CBRI_HOOK self=0x60022cb00 cls=AGXG13GFamilyCommandBuffer → resourceInfo=0x600259600
#### AGXIOC type0 exact initFull length: +0x58=0 low32=0 -> +0x40=0x20
#### AGXIOC type0 exact initFull length: +0x58=0xc00000000 low32=0 -> +0x40=0x300
#### TRACE -[AGXBuffer initUntracked] self=0x600b64500 dev=0x6001d2000 len=768 opt=0 -> 0x600b64500
#### TRACE -[AGXBuffer initUntracked] self=0x600b64380 dev=0x6001d2000 len=768 opt=0 -> 0x600b64380
#### TRACE -[AGXBuffer initUntracked] self=0x600b64e00 dev=0x6001d2000 len=128 opt=0 -> 0x600b64e00
#### CBRI_HOOK self=0x60022cb00 cls=AGXG13GFamilyCommandBuffer → resourceInfo=0x600259600
#### CBRI_HOOK self=0x60022cb00 cls=AGXG13GFamilyCommandBuffer → resourceInfo=0x600259600
#### CBRI_HOOK self=0x60022cb00 cls=AGXG13GFamilyCommandBuffer → resourceInfo=0x600259600
#### CBRI_HOOK self=0x60022cb00 cls=AGXG13GFamilyCommandBuffer → resourceInfo=0x600259600
#### AGXIOC Method sel=0xf->0xd inCnt=2 inSC=0 outSC=16 -> 0x0
#### AGXIOC Scalar sel=0x10->0xe inCnt=1 -> 0x0
#### AGX_SUBMIT_DIAG #7 TEMP-KCMD-SEGMENT-LIST-FIX segment=7/8 subtype=1 range=0x39c0..0x4200->0x41e0 shrink=0x20 storage=0x41f8 wrappedTail=YES
#### AGX_SUBMIT_DIAG #7 TEMP-KCMD-SEGMENT-LIST-FIX segment=6/8 subtype=1 range=0x3180..0x39c0->0x39a0 shrink=0x20 storage=0x41d8 wrappedTail=YES
#### AGX_SUBMIT_DIAG #7 TEMP-KCMD-SEGMENT-LIST-FIX segment=5/8 subtype=1 range=0x2940..0x3180->0x3160 shrink=0x20 storage=0x41b8 wrappedTail=YES
#### AGX_SUBMIT_DIAG #7 TEMP-KCMD-SEGMENT-LIST-FIX segment=4/8 subtype=1 range=0x2100..0x2940->0x2920 shrink=0x20 storage=0x4198 wrappedTail=YES
#### AGX_SUBMIT_DIAG #7 TEMP-KCMD-SEGMENT-LIST-FIX segment=3/8 subtype=1 range=0x18c0..0x2100->0x20e0 shrink=0x20 storage=0x4178 wrappedTail=YES
#### AGX_SUBMIT_DIAG #7 TEMP-KCMD-SEGMENT-LIST-FIX segment=2/8 subtype=1 range=0x1080..0x18c0->0x18a0 shrink=0x20 storage=0x4158 wrappedTail=YES
#### AGX_SUBMIT_DIAG #7 TEMP-KCMD-SEGMENT-LIST-FIX segment=1/8 subtype=1 range=0x840..0x1080->0x1060 shrink=0x20 storage=0x4138 wrappedTail=YES
#### AGX_SUBMIT_DIAG #7 TEMP-KCMD-SEGMENT-LIST-FIX segment=0/8 subtype=1 range=0..0x840->0x820 shrink=0x20 storage=0x4118 wrappedTail=YES
#### MTL_TEX entry self class=AGXG13GFamilyDevice
#### MTL_TEX TLS set iosurface=0x60003cfa0 id=0xb1 plane=0 compressionHeaderSpan=0 (thread=0x1dfb5de00 addr=0x0)
#### MACWS_AGX_NATIVE memoryless witness #14 instance=0x6001d2000 class=AGXG13GFamilyDevice original=0x1e9eb68a8 -> YES
#### AGXIOC type=0x82 patch #13: f14=0x430 +0x30 0→0xb1 +0x38 0xb1→0 +0x40 0→0 +0x50 0→0x180888f00 +0x58 0x180888f00→0
#### AGX_MAP_AUDIT #12 tex=0x600b8a000 impl=0x600b89d80 iosurface(arg=0x60003cfa0 bound=0x60003cfa0) plane=0 cpu130=0x119030000 gpu40=0x1500e08000 descriptorOff=0x190 descriptorLayout=0 compressed=0 extended=0 match=1
#### AGXIOC Method sel=0x1e->0x1a inCnt=4 inSC=56 outSC=0 -> 0x0
#### AGXIOC Method sel=0x1e->0x1a inCnt=4 inSC=56 outSC=0 -> 0x0
#### AGXIOC Method sel=0xf->0xd inCnt=2 inSC=0 outSC=16 -> 0x0
#### AGXIOC Method sel=0xf->0xd inCnt=2 inSC=0 outSC=16 -> 0x0
#### IOGPU-CALLBACK-BUFFER-CLEAN commandBuffer=0x60022cb00 class=AGXG13GFamilyCommandBuffer submitSerial=5 fixed=8 target=0x0 start=0x80dbd507f27 end=0x80dbd50d5eb
#### AGX_LIFE DESTROY id=0x2 type=0 surf=0 bytes=0x4000 kr=0 okC=90 failC=0 okD=2 failD=0 unmatchedD=0 full=0 live=88/12MB [t0=75/6MB t80=0/0MB t82=13/6MB]
#### AGX_LIFE DESTROY id=0x3 type=0 surf=0 bytes=0x4000 kr=0 okC=90 failC=0 okD=3 failD=0 unmatchedD=0 full=0 live=87/12MB [t0=74/6MB t80=0/0MB t82=13/6MB]
#### AGX_LIFE DESTROY id=0x4 type=0 surf=0 bytes=0x4000 kr=0 okC=90 failC=0 okD=4 failD=0 unmatchedD=0 full=0 live=86/12MB [t0=73/6MB t80=0/0MB t82=13/6MB]
#### AGXIOC Scalar sel=0x10->0xe inCnt=1 -> 0x0
#### AGX_SUBMIT_DIAG #9 TEMP-KCMD-SEGMENT-LIST-FIX segment=1/2 subtype=1 range=0x210..0xa50->0xa30 shrink=0x20 storage=0xa48 wrappedTail=YES
#### AGX_SUBMIT_DIAG #9 TEMP-KCMD-SEGMENT-LIST-FIX segment=0/2 subtype=3 range=0..0x210->0x200 shrink=0x10 storage=0xa38 wrappedTail=YES
#### MTL_TEX TLS set iosurface=0x60003cee0 id=0xb2 plane=0 compressionHeaderSpan=0 (thread=0x1dfb5de00 addr=0x0)
#### MACWS_AGX_NATIVE memoryless witness #15 instance=0x6001d2000 class=AGXG13GFamilyDevice original=0x1e9eb68a8 -> YES
#### AGXIOC type=0x82 patch #14: f14=0x430 +0x30 0→0xb2 +0x38 0xb2→0 +0x40 0→0 +0x50 0→0x180888f00 +0x58 0x180888f00→0
#### AGX_LIFE DESTROY id=0x4f type=0 surf=0 bytes=0xc000 kr=0 okC=90 failC=0 okD=5 failD=0 unmatchedD=0 full=0 live=85/12MB [t0=72/6MB t80=0/0MB t82=13/6MB]
#### AGX_MAP_AUDIT #13 tex=0x600b8a500 impl=0x600b8a780 iosurface(arg=0x60003cee0 bound=0x60003cee0) plane=0 cpu130=0x11919c000 gpu40=0x1500fa8000 descriptorOff=0x190 descriptorLayout=0 compressed=0 extended=0 match=1
#### MACWS_AGX_NATIVE memoryless witness #16 instance=0x6001d2000 class=AGXG13GFamilyDevice original=0x1e9eb68a8 -> YES
#### AGXIOC type=0x82 patch #15: f14=0x430 +0x30 0→0xb3 +0x38 0xb3→0 +0x40 0→0 +0x50 0→0x180888c00 +0x58 0x180888c00→0
#### MTL_TEX LEASE-NEW #11 key=128x1-pf10-bpe1-fcc1278226488 entry=0x600b78be0 surf=0x600a73d00 tex=0x600b8dc00 retain=2 baseline=1 bpr=128 alloc=16KB shapeEntries=1 pool=4MB map=LINEAR
#### AGX_MAP_AUDIT #14 tex=0x600b8dc00 impl=0x600b8d980 iosurface(arg=0x600a73d00 bound=0x600a73d00) plane=0 cpu130=0x108efc000 gpu40=0x1500000000 descriptorOff=0x190 descriptorLayout=0 compressed=0 extended=0 match=1
#### AGXIOC type=0x82 patch #16: f14=0x430 +0x30 0→0x15 +0x38 0x15→0 +0x40 0→0 +0x50 0→0x180888c00 +0x58 0x180888c00→0
#### MTL_TEX LEASE-NEW #12 key=8x8-pf10-bpe1-fcc1278226488 entry=0x600b7b130 surf=0x600a74a80 tex=0x600b8fc80 retain=2 baseline=1 bpr=128 alloc=16KB shapeEntries=1 pool=4MB map=LINEAR
#### AGX_MAP_AUDIT #15 tex=0x600b8fc80 impl=0x600b8fa00 iosurface(arg=0x600a74a80 bound=0x600a74a80) plane=0 cpu130=0x108f04000 gpu40=0x1500010000 descriptorOff=0x190 descriptorLayout=0 compressed=0 extended=0 match=1
#### MTL_TEX LEASE-NEW #13 key=128x16-pf10-bpe1-fcc1278226488 entry=0x600b7c7b0 surf=0x600a74de0 tex=0x600f31680 retain=2 baseline=1 bpr=128 alloc=16KB shapeEntries=1 pool=4MB map=LINEAR
#### AGX_MAP_AUDIT #16 tex=0x600f31680 impl=0x600f31400 iosurface(arg=0x600a74de0 bound=0x600a74de0) plane=0 cpu130=0x10cce0000 gpu40=0x1500f28000 descriptorOff=0x190 descriptorLayout=0 compressed=0 extended=0 match=1
#### MTL_TEX LEASE-NEW #14 key=256x32-pf80-bpe4-fcc1111970369 entry=0x600b7c630 surf=0x600a75100 tex=0x600f31e00 retain=2 baseline=1 bpr=1024 alloc=32KB shapeEntries=1 pool=4MB map=LINEAR
#### AGX_MAP_AUDIT #17 tex=0x600f31e00 impl=0x600f31b80 iosurface(arg=0x600a75100 bound=0x600a75100) plane=0 cpu130=0x11956c000 gpu40=0x1501380000 descriptorOff=0x190 descriptorLayout=0 compressed=0 extended=0 match=1
#### MTL_TEX LEASE-NEW #15 key=512x256-pf10-bpe1-fcc1278226488 entry=0x600b7cab0 surf=0x600a750a0 tex=0x600f32580 retain=2 baseline=1 bpr=512 alloc=128KB shapeEntries=1 pool=4MB map=LINEAR
#### AGX_MAP_AUDIT #18 tex=0x600f32580 impl=0x600f32300 iosurface(arg=0x600a750a0 bound=0x600a750a0) plane=0 cpu130=0x119574000 gpu40=0x1501390000 descriptorOff=0x190 descriptorLayout=0 compressed=0 extended=0 match=1
#### MTL_TEX LEASE-NEW #16 key=256x128-pf10-bpe1-fcc1278226488 entry=0x600b7c930 surf=0x600a750e0 tex=0x600f32d00 retain=2 baseline=1 bpr=256 alloc=32KB shapeEntries=1 pool=4MB map=LINEAR
#### AGX_MAP_AUDIT #19 tex=0x600f32d00 impl=0x600f32a80 iosurface(arg=0x600a750e0 bound=0x600a750e0) plane=0 cpu130=0x119594000 gpu40=0x15013b8000 descriptorOff=0x190 descriptorLayout=0 compressed=0 extended=0 match=1
#### MTL_TEX LEASE-NEW #17 key=256x64-pf10-bpe1-fcc1278226488 entry=0x600b7cdb0 surf=0x600a750c0 tex=0x600f33480 retain=2 baseline=1 bpr=256 alloc=16KB shapeEntries=1 pool=4MB map=LINEAR
#### AGX_MAP_AUDIT #20 tex=0x600f33480 impl=0x600f33200 iosurface(arg=0x600a750c0 bound=0x600a750c0) plane=0 cpu130=0x11959c000 gpu40=0x15013c8000 descriptorOff=0x190 descriptorLayout=0 compressed=0 extended=0 match=1
#### MTL_TEX LEASE-NEW #18 key=256x64-pf10-bpe1-fcc1278226488 entry=0x600b7cc30 surf=0x600a75080 tex=0x600f33c00 retain=2 baseline=1 bpr=256 alloc=16KB shapeEntries=2 pool=4MB map=LINEAR
#### AGX_MAP_AUDIT #21 tex=0x600f33c00 impl=0x600f33980 iosurface(arg=0x600a75080 bound=0x600a75080) plane=0 cpu130=0x1195a0000 gpu40=0x15013d0000 descriptorOff=0x190 descriptorLayout=0 compressed=0 extended=0 match=1
#### TRACE -[AGXBuffer initUntracked] self=0x600b6d500 dev=0x6001d2000 len=1536 opt=0 -> 0x600b6d500
#### AGX_LIFE DESTROY id=0x42 type=0 surf=0 bytes=0x4000 kr=0 okC=102 failC=0 okD=6 failD=0 unmatchedD=0 full=0 live=96/16MB [t0=74/6MB t80=0/0MB t82=22/10MB]
#### TRACE -[AGXBuffer initUntracked] self=0x600b64500 dev=0x6001d2000 len=1536 opt=0 -> 0x600b64500
#### AGX_LIFE DESTROY id=0x43 type=0 surf=0 bytes=0x4000 kr=0 okC=103 failC=0 okD=7 failD=0 unmatchedD=0 full=0 live=96/16MB [t0=74/6MB t80=0/0MB t82=22/10MB]
#### TRACE -[AGXBuffer initUntracked] self=0x600b64380 dev=0x6001d2000 len=256 opt=0 -> 0x600b64380
#### AGX_LIFE DESTROY id=0x44 type=0 surf=0 bytes=0x4000 kr=0 okC=104 failC=0 okD=8 failD=0 unmatchedD=0 full=0 live=96/16MB [t0=74/6MB t80=0/0MB t82=22/10MB]
#### MTL_TEX LEASE-NEW #19 key=64x64-pf80-bpe4-fcc1111970369 entry=0x600b7d0b0 surf=0x600a75020 tex=0x600f34380 retain=2 baseline=1 bpr=256 alloc=16KB shapeEntries=1 pool=4MB map=LINEAR
#### AGX_MAP_AUDIT #22 tex=0x600f34380 impl=0x600f34100 iosurface(arg=0x600a75020 bound=0x600a75020) plane=0 cpu130=0x1195a4000 gpu40=0x1500d58000 descriptorOff=0x190 descriptorLayout=0 compressed=0 extended=0 match=1
#### MTL_TEX LEASE-NEW #20 key=16x16-pf10-bpe1-fcc1278226488 entry=0x600b77bf0 surf=0x600a760e0 tex=0x600f3ed80 retain=2 baseline=1 bpr=128 alloc=16KB shapeEntries=1 pool=4MB map=LINEAR
#### AGX_MAP_AUDIT #23 tex=0x600f3ed80 impl=0x600f3eb00 iosurface(arg=0x600a760e0 bound=0x600a760e0) plane=0 cpu130=0x1195dc000 gpu40=0x1501430000 descriptorOff=0x190 descriptorLayout=0 compressed=0 extended=0 match=1
#### MTL_TEX plain DEPTH-STENCIL: pf=253 routing to native AGX path (IOSurface backing is invalid)
#### AGXIOC sel=0x9 type=0 VA-shape +0x38=0x1195e0000 → 0
#### AGXIOC sel=0x9 type=0 args+0x14=0x2c30 → 0x430 (stripped macOS-only bits 0x2800)
#### AGXIOC sel=0x9 type=0 VA-shape detected: args+0x40=0x1195e0000 (>1GB) → using args+0x48=0x20000 as size, +0x58 0x380888c50 → 0
#### MTL_TEX plain DEPTH-STENCIL native result: 0x600f3f500 class=AGXG13GFamilyTexture
#### MTL_TEX plain DEPTH-STENCIL: pf=253 routing to native AGX path (IOSurface backing is invalid)
#### AGXIOC sel=0x9 type=0 VA-shape +0x38=0x1195e0200 → 0
#### AGXIOC sel=0x9 type=0 args+0x14=0x2c30 → 0x430 (stripped macOS-only bits 0x2800)
#### AGXIOC sel=0x9 type=0 VA-shape detected: args+0x40=0x1195e0000 (>1GB) → using args+0x48=0x20000 as size, +0x58 0x380888c50 → 0
#### MTL_TEX plain DEPTH-STENCIL native result: 0x600f3f280 class=AGXG13GFamilyTexture
#### MTL_TEX storageMode=Memoryless preserved for AGX-native descriptor=0x600029f40
#### MTL_TEX plain MEMORYLESS: routing to native AGX path (no IOSurface — tile-memory-only) w=128 h=16 pf=253
#### MTL_TEX storageMode=Memoryless preserved for AGX-native descriptor=0x600029f40
#### MTL_TEX storageMode=Memoryless preserved for AGX-native descriptor=0x600029f40
#### MTL_TEX storageMode=Memoryless preserved for AGX-native descriptor=0x600029f40
#### MTL_TEX plain MEMORYLESS native result: 0x601250000 (class=AGXG13GFamilyTexture storageMode=3 length=999)
#### MTL_TEX plain MEMORYLESS: routing to native AGX path (no IOSurface — tile-memory-only) w=128 h=16 pf=10
#### MTL_TEX plain MEMORYLESS native result: 0x601250780 (class=AGXG13GFamilyTexture storageMode=3 length=999)
#### AGX_SUBMIT_DIAG #11 TEMP-KCMD-SEGMENT-LIST-FIX segment=15/16 subtype=1 range=0x75f0..0x7e30->0x7e10 shrink=0x20 storage=0x7e28 wrappedTail=YES
#### AGX_SUBMIT_DIAG #11 TEMP-KCMD-SEGMENT-LIST-FIX segment=14/16 subtype=1 range=0x6db0..0x75f0->0x75d0 shrink=0x20 storage=0x7e08 wrappedTail=YES
#### AGX_SUBMIT_DIAG #11 TEMP-KCMD-SEGMENT-LIST-FIX segment=13/16 subtype=1 range=0x6540..0x6db0->0x6d90 shrink=0x20 storage=0x7de8 wrappedTail=YES
#### AGX_SUBMIT_DIAG #11 TEMP-KCMD-SEGMENT-LIST-FIX segment=12/16 subtype=1 range=0x5d00..0x6540->0x6520 shrink=0x20 storage=0x7dc8 wrappedTail=YES
#### AGX_SUBMIT_DIAG #11 TEMP-KCMD-SEGMENT-LIST-FIX segment=11/16 subtype=1 range=0x54c0..0x5d00->0x5ce0 shrink=0x20 storage=0x7da8 wrappedTail=YES
#### AGX_SUBMIT_DIAG #11 TEMP-KCMD-SEGMENT-LIST-FIX segment=10/16 subtype=1 range=0x4c80..0x54c0->0x54a0 shrink=0x20 storage=0x7d88 wrappedTail=YES
#### AGX_SUBMIT_DIAG #11 TEMP-KCMD-SEGMENT-LIST-FIX segment=9/16 subtype=1 range=0x4440..0x4c80->0x4c60 shrink=0x20 storage=0x7d68 wrappedTail=YES
#### AGX_SUBMIT_DIAG #11 TEMP-KCMD-SEGMENT-LIST-FIX segment=8/16 subtype=1 range=0x3c00..0x4440->0x4420 shrink=0x20 storage=0x7d48 wrappedTail=YES
#### AGX_SUBMIT_DIAG #11 TEMP-KCMD-SEGMENT-LIST-FIX segment=7/16 subtype=1 range=0x33c0..0x3c00->0x3be0 shrink=0x20 storage=0x7d28 wrappedTail=YES
#### AGX_SUBMIT_DIAG #11 TEMP-KCMD-SEGMENT-LIST-FIX segment=6/16 subtype=1 range=0x2b80..0x33c0->0x33a0 shrink=0x20 storage=0x7d08 wrappedTail=YES
#### AGX_SUBMIT_DIAG #11 TEMP-KCMD-SEGMENT-LIST-FIX segment=5/16 subtype=1 range=0x2340..0x2b80->0x2b60 shrink=0x20 storage=0x7ce8 wrappedTail=YES
#### AGX_SUBMIT_DIAG #11 TEMP-KCMD-SEGMENT-LIST-FIX segment=4/16 subtype=1 range=0x1b00..0x2340->0x2320 shrink=0x20 storage=0x7cc8 wrappedTail=YES
#### AGX_SUBMIT_DIAG #11 TEMP-KCMD-SEGMENT-LIST-FIX segment=3/16 subtype=1 range=0x12c0..0x1b00->0x1ae0 shrink=0x20 storage=0x7ca8 wrappedTail=YES
#### AGX_SUBMIT_DIAG #11 TEMP-KCMD-SEGMENT-LIST-FIX segment=2/16 subtype=1 range=0xa80..0x12c0->0x12a0 shrink=0x20 storage=0x7c88 wrappedTail=YES
#### AGX_SUBMIT_DIAG #11 TEMP-KCMD-SEGMENT-LIST-FIX segment=1/16 subtype=1 range=0x240..0xa80->0xa60 shrink=0x20 storage=0x7c68 wrappedTail=YES
#### AGX_SUBMIT_DIAG #11 TEMP-KCMD-SEGMENT-LIST-FIX segment=0/16 subtype=3 range=0..0x240->0x230 shrink=0x10 storage=0x7c58 wrappedTail=YES
#### MTL_TEX TLS set iosurface=0x60003bec0 id=0xfe plane=0 compressionHeaderSpan=0 (thread=0x1dfb5de00 addr=0x0)
#### AGX_MAP_AUDIT #24 tex=0x600b8eb00 impl=0x600b8ed80 iosurface(arg=0x60003bec0 bound=0x60003bec0) plane=0 cpu130=0x1196cc000 gpu40=0x1501540000 descriptorOff=0x190 descriptorLayout=0 compressed=0 extended=0 match=1
#### AGXIOC Method sel=0xf->0xd inCnt=2 inSC=0 outSC=16 -> 0x0
#### MTL_TEX TLS set iosurface=0x60003cd60 id=0xff plane=0 compressionHeaderSpan=0 (thread=0x1dfb5de00 addr=0x0)
#### AGX_MAP_AUDIT #25 tex=0x601255280 impl=0x601255000 iosurface(arg=0x60003cd60 bound=0x60003cd60) plane=0 cpu130=0x119748000 gpu40=0x15015d0000 descriptorOff=0x190 descriptorLayout=0 compressed=0 extended=0 match=1
#### IOGPU-CALLBACK-BUFFER-CLEAN commandBuffer=0x600ea1880 class=AGXG13GFamilyCommandBuffer submitSerial=7 fixed=16 target=0x0 start=0x80dbd72001c end=0x80dbd72918f
#### AGX_LIFE DESTROY id=0x4 type=0 surf=0 bytes=0x4000 kr=0 okC=127 failC=0 okD=9 failD=0 unmatchedD=0 full=0 live=118/21MB [t0=92/7MB t80=0/0MB t82=26/14MB]
#### AGX_LIFE DESTROY id=0x5a type=0 surf=0 bytes=0x4000 kr=0 okC=128 failC=0 okD=10 failD=0 unmatchedD=0 full=0 live=118/21MB [t0=92/7MB t80=0/0MB t82=26/14MB]
#### AGX_LIFE DESTROY id=0x67 type=0 surf=0 bytes=0x18000 kr=0 okC=128 failC=0 okD=11 failD=0 unmatchedD=0 full=0 live=117/21MB [t0=91/7MB t80=0/0MB t82=26/14MB]
#### AGX_LIFE DESTROY id=0x6a type=0 surf=0 bytes=0x20000 kr=0 okC=128 failC=0 okD=12 failD=0 unmatchedD=0 full=0 live=116/21MB [t0=90/7MB t80=0/0MB t82=26/14MB]
#### AGX_LIFE DESTROY id=0x74 type=0 surf=0 bytes=0x8000 kr=0 okC=130 failC=0 okD=13 failD=0 unmatchedD=0 full=0 live=117/21MB [t0=91/7MB t80=0/0MB t82=26/14MB]
#### MTL_TEX TLS set iosurface=0x60003ce20 id=0x100 plane=0 compressionHeaderSpan=0 (thread=0x1dfb5de00 addr=0x0)
#### AGX_MAP_AUDIT #26 tex=0x601255c80 impl=0x601255f00 iosurface(arg=0x60003ce20 bound=0x60003ce20) plane=0 cpu130=0x119cfc000 gpu40=0x1501bb8000 descriptorOff=0x190 descriptorLayout=0 compressed=0 extended=0 match=1
#### AGX_LIFE DESTROY id=0x4 type=0 surf=0 bytes=0x8000 kr=0 okC=140 failC=0 okD=14 failD=0 unmatchedD=0 full=0 live=126/27MB [t0=99/9MB t80=0/0MB t82=27/18MB]
#### MTL_TEX TLS set iosurface=0x60003cbe0 id=0x101 plane=0 compressionHeaderSpan=0 (thread=0x1dfb5de00 addr=0x0)
#### AGX_MAP_AUDIT #27 tex=0x601257300 impl=0x601256180 iosurface(arg=0x60003cbe0 bound=0x60003cbe0) plane=0 cpu130=0x11a0d8000 gpu40=0x1501f90000 descriptorOff=0x190 descriptorLayout=0 compressed=0 extended=0 match=1
#### AGX_LIFE DESTROY id=0x4 type=0 surf=0 bytes=0xc000 kr=0 okC=153 failC=0 okD=15 failD=0 unmatchedD=0 full=0 live=138/31MB [t0=110/9MB t80=0/0MB t82=28/22MB]
#### AGX_LIFE DESTROY id=0x81 type=0 surf=0 bytes=0xc000 kr=0 okC=153 failC=0 okD=16 failD=0 unmatchedD=0 full=0 live=137/31MB [t0=109/9MB t80=0/0MB t82=28/22MB]
#### AGX_MAP_AUDIT #28 tex=0x601258c00 impl=0x601257d00 iosurface(arg=0x60003c380 bound=0x60003c380) plane=0 cpu130=0x11a534000 gpu40=0x15023e8000 descriptorOff=0x190 descriptorLayout=0 compressed=0 extended=0 match=1
#### MTL_TEX plain DEPTH-STENCIL: pf=260 routing to native AGX path (IOSurface backing is invalid)
#### AGX_SUBMIT_DIAG #20 TEMP-KCMD-TRAILING-WRAPPER-FIX match=1 subtype1=0..0x840->0..0x820 wrappers=1 range=0x840..0x858->0x820..0x838
#### AGXIOC sel=0x9 type=0 args+0x14=0x2430 → 0x430 (stripped macOS-only bits 0x2800)
#### MTL_TEX plain DEPTH-STENCIL native result: 0x601259380 class=AGXG13GFamilyTexture
#### AGX_SUBMIT_DIAG #21 subtype1-predicate scalar0=0x1 legacy-scalar-gate=1 total=0x840/1 seglen=0x130/1 seghdr=1 cmdtotal=1 d8=1 pad1=1 f1=1 sent1=1 pad2=1 f2=1 sent2=1
#### AGX_SUBMIT_DIAG #21 descriptor[2] KCMD-type1-observed saved=0x840/0x840 path=/tmp/macws_submit_kcmd_21_2_type1-observed.bin errno=0
#### AGX_SUBMIT_DIAG #21 descriptor[2] segment saved=0x130/0x130 path=/tmp/macws_submit_segment_21_2.bin errno=0
#### AGX_SUBMIT_DIAG #21 TEMP-KCMD-ABI-FIX subtype1-clear pads=0x1c0,0x4c0 total=0x840->0x820 size=0x7e8->0x7c8 end=0x818->0x7f8 segment-span=0x820
#### AGX_MAP_AUDIT #29 tex=0x601259b00 impl=0x601259880 iosurface(arg=0x60003d300 bound=0x60003d300) plane=0 cpu130=0x11ae44000 gpu40=0x1502d08000 descriptorOff=0x190 descriptorLayout=0 compressed=0 extended=0 match=1
#### AGX_SUBMIT_DIAG #23 TEMP-KCMD-TRAILING-WRAPPER-FIX match=2 subtype1=0..0x840->0..0x820 wrappers=1 range=0x840..0x858->0x820..0x838
#### MTL_TEX plain DEPTH-STENCIL: pf=260 routing to native AGX path (IOSurface backing is invalid)
#### MTL_TEX plain DEPTH-STENCIL native result: 0x60125a280 class=AGXG13GFamilyTexture
#### AGX_SUBMIT_DIAG #24 subtype1-predicate scalar0=0x1 legacy-scalar-gate=1 total=0x840/1 seglen=0x130/1 seghdr=1 cmdtotal=1 d8=1 pad1=1 f1=1 sent1=1 pad2=1 f2=1 sent2=1
#### AGX_SUBMIT_DIAG #24 descriptor[2] KCMD-type1-observed saved=0x840/0x840 path=/tmp/macws_submit_kcmd_24_2_type1-observed.bin errno=0
#### AGX_SUBMIT_DIAG #24 descriptor[2] segment saved=0x130/0x130 path=/tmp/macws_submit_segment_24_2.bin errno=0
#### AGX_SUBMIT_DIAG #24 TEMP-KCMD-ABI-FIX subtype1-clear pads=0x1c0,0x4c0 total=0x840->0x820 size=0x7e8->0x7c8 end=0x818->0x7f8 segment-span=0x820
#### MTL_TEX LEASE-NEW #21 key=1x1-pf70-bpe4-fcc1380401729 entry=0x600a12d60 surf=0x600a78760 tex=0x60125b180 retain=2 baseline=1 bpr=128 alloc=16KB shapeEntries=1 pool=4MB map=LINEAR
#### AGX_MAP_AUDIT #30 tex=0x60125b180 impl=0x60125af00 iosurface(arg=0x600a78760 bound=0x600a78760) plane=0 cpu130=0x11a4a8000 gpu40=0x1500008000 descriptorOff=0x140 descriptorLayout=0 compressed=0 extended=0 match=1
#### AGX_SUBMIT_DIAG #27 TEMP-KCMD-ABI-FIX off=0 size=0x1b8->0x1a8 end=0x1e8->0x1d8 moved=0x14 new-total=0x1e0
#### MTL_TEX LEASE-NEW #22 key=1x1-pf70-bpe4-fcc1380401729 entry=0x601162940 surf=0x600a78380 tex=0x60125b900 retain=2 baseline=1 bpr=128 alloc=16KB shapeEntries=2 pool=4MB map=LINEAR
#### AGX_MAP_AUDIT #31 tex=0x60125b900 impl=0x60125b680 iosurface(arg=0x600a78380 bound=0x600a78380) plane=0 cpu130=0x11a4b0000 gpu40=0x1500f20000 descriptorOff=0x140 descriptorLayout=0 compressed=0 extended=0 match=1
#### AGX_SUBMIT_DIAG #28 TEMP-KCMD-ABI-FIX off=0 size=0x1b8->0x1a8 end=0x1e8->0x1d8 moved=0x14 new-total=0x1e0
#### MTL_TEX LEASE-NEW #23 key=8x8-pf70-bpe4-fcc1380401729 entry=0x601165ca0 surf=0x600a791a0 tex=0x60125cd00 retain=2 baseline=1 bpr=128 alloc=16KB shapeEntries=1 pool=4MB map=LINEAR
#### MTL_TEX LEASE-NEW #24 key=2x1-pf70-bpe4-fcc1380401729 entry=0x601166fc0 surf=0x600a79100 tex=0x60125d480 retain=2 baseline=1 bpr=128 alloc=16KB shapeEntries=1 pool=4MB map=LINEAR
#### TRACE -[AGXBuffer initUntracked] self=0x6010bbe80 dev=0x6001d2000 len=3072 opt=0 -> 0x6010bbe80
#### TRACE -[AGXBuffer initUntracked] self=0x600b6d500 dev=0x6001d2000 len=3072 opt=0 -> 0x600b6d500
#### TRACE -[AGXBuffer initUntracked] self=0x600b64500 dev=0x6001d2000 len=512 opt=0 -> 0x600b64500
#### MTL_TEX LEASE-NEW #25 key=1x1-pf70-bpe4-fcc1380401729 entry=0x601167680 surf=0x600a79180 tex=0x60125dc00 retain=2 baseline=1 bpr=128 alloc=16KB shapeEntries=3 pool=4MB map=LINEAR
#### MTL_TEX LEASE-NEW #26 key=6x1-pf70-bpe4-fcc1380401729 entry=0x601167500 surf=0x600a78ae0 tex=0x60125e380 retain=2 baseline=1 bpr=128 alloc=16KB shapeEntries=1 pool=4MB map=LINEAR
#### AGX_SUBMIT_DIAG #29 TEMP-KCMD-ABI-FIX off=0 size=0x1b8->0x1a8 end=0x1e8->0x1d8 moved=0x34 new-total=0x200
#### MTL_TEX LEASE-NEW #27 key=8x8-pf70-bpe4-fcc1380401729 entry=0x601167f50 surf=0x600a790e0 tex=0x60125eb00 retain=2 baseline=1 bpr=128 alloc=16KB shapeEntries=2 pool=4MB map=LINEAR
#### MTL_TEX LEASE-NEW #28 key=2x1-pf70-bpe4-fcc1380401729 entry=0x6011686a0 surf=0x600a79200 tex=0x60125f280 retain=2 baseline=1 bpr=128 alloc=16KB shapeEntries=2 pool=4MB map=LINEAR
#### MTL_TEX LEASE-NEW #29 key=1x1-pf70-bpe4-fcc1380401729 entry=0x601168520 surf=0x600a78ee0 tex=0x60125fa00 retain=2 baseline=1 bpr=128 alloc=16KB shapeEntries=4 pool=4MB map=LINEAR
#### MTL_TEX LEASE-NEW #30 key=6x1-pf70-bpe4-fcc1380401729 entry=0x601168970 surf=0x600a78ec0 tex=0x601470280 retain=2 baseline=1 bpr=128 alloc=16KB shapeEntries=2 pool=4MB map=LINEAR
#### AGX_SUBMIT_DIAG #30 TEMP-KCMD-ABI-FIX off=0 size=0x1b8->0x1a8 end=0x1e8->0x1d8 moved=0x34 new-total=0x200
#### AGX_LIFE DESTROY-UNMATCHED id=0x99 type=0xff surf=0 bytes=0 kr=0 okC=190 failC=0 okD=29 failD=0 unmatchedD=1 full=0 live=161/50MB [t0=121/19MB t80=0/0MB t82=40/30MB]
#### MTL_TEX LEASE-NEW #31 key=1x1-pf70-bpe4-fcc1380401729 entry=0x6011662d0 surf=0x600a79320 tex=0x601470a00 retain=2 baseline=1 bpr=128 alloc=16KB shapeEntries=5 pool=4MB map=LINEAR
#### MTL_TEX LEASE-NEW #32 key=1x1-pf70-bpe4-fcc1380401729 entry=0x6011686d0 surf=0x600a793a0 tex=0x601470f00 retain=2 baseline=1 bpr=128 alloc=16KB shapeEntries=6 pool=4MB map=LINEAR
#### MTL_TEX LEASE-NEW #33 key=16x16-pf70-bpe4-fcc1380401729 entry=0x601168f10 surf=0x600a79040 tex=0x601471900 retain=2 baseline=1 bpr=128 alloc=16KB shapeEntries=1 pool=4MB map=LINEAR
#### MTL_TEX MIP-NATIVE attempt=1 w=16 h=16 pf=70 mips=5 storage=0 usage=0x7
0   libmachook_arm64.dylib              0x00000001003ad1d8 -[MTLFakeDevice hooked_newTextureWithDescriptor:] + 1640
1   libGLESv2.dylib                     0x00000001096d3714 glStartTilingQCOM + 2731796
2   libGLESv2.dylib                     0x00000001096e6b48 glStartTilingQCOM + 2810696
3   libGLESv2.dylib                     0x00000001096e5e40 glStartTilingQCOM + 2807360
4   libGLESv2.dylib                     0x00000001096e5ccc glStartTilingQCOM + 2806988
5   libGLESv2.dylib                     0x00000001096bcb70 glStartTilingQCOM + 2638704
6   libGLESv2.dylib                     0x00000001096bc654 glStartTilingQCOM + 2637396
7   libGLESv2.dylib                     0x00000001096c026c glStartTilingQCOM + 2652780
8   libGLESv2.dylib                     0x00000001095aaa9c glStartTilingQCOM + 1516188
9   Electron Framework                  0x00000001133724e8 rust_bmp$cxxbridge1$194$Reader$image_data_loaded + 320072
10  Electron Framework                  0x000000011338aa60 rust_bmp$cxxbridge1$194$Reader$image_data_loaded + 419776
11  Electron Framework                  0x000000010d65b194 _ZN4node19async_context_frame8exchangeEPN2v87IsolateENS1_5LocalINS1_5ValueEEE + 26820
12  Electron Framework                  0x000000010d65a240 _ZN4node19async_context_frame8exchangeEPN2v87IsolateENS1_5LocalINS1_5ValueEEE + 22896
13  Electron Framework                  0x000000010d659f24 _ZN4node19async_context_frame8exchangeEPN2v87IsolateENS1_5LocalINS1_5ValueEEE + 22100
14  Electron Framework                  0x000000010f482d78 _ZNK2v88internal8compiler23CompilationDependencies31FieldTypeDependencyOffTheRecordENS1_6MapRefES3_NS0_13InternalIndexENS1_9ObjectRefE + 783760
15  Electron Framework                  0x000000010f3eefbc _ZNK2v88internal8compiler23CompilationDependencies31FieldTypeDependencyOffTheRecordENS1_6MapRefES3_NS0_13InternalIndexENS1_9ObjectRefE + 178132
16  Electron Framework                  0x000000010dbdeac8 _ZNK4node14PrincipalRealm25async_hooks_init_functionEv + 81964
17  Electron Framework                  0x000000010d0ffa34 _ZN2v815MicrotasksScopeC1ENS_5LocalINS_7ContextEEENS0_4TypeE + 6788
18  Electron Framework                  0x000000010f433c84 _ZNK2v88internal8compiler23CompilationDependencies31FieldTypeDependencyOffTheRecordENS1_6MapRefES3_NS0_13InternalIndexENS1_9ObjectRefE + 459932
19  Electron Framework                  0x000000010d05db00 _ZN2v86Number3NewEPNS_7IsolateEd + 19272
#### AGXIOC subres parent 0x20000 -> resourceID 0xaa, base=0x11b7cc000 span=0x20000
#### AGXIOC POST-PATCH sel=0x9 type=0x80 inStructCnt=104 (bytes that hit kernel):
    +0000: 80 00 00 00 00 00 00 00 10 00 10 00 01 00 00 00
    +0x10: 01 05 00 04 30 04 00 00 00 00 00 00 00 00 00 00
    +0x20: 00 00 00 00 00 00 00 00 00 00 00 00 00 00 00 00
    +0x30: 00 c0 7c 1b 01 00 00 00 00 c0 7c 1b 01 00 00 00
    +0x40: 00 00 02 00 00 00 00 00 aa 00 00 00 00 00 00 00
    +0x50: aa 00 00 00 00 00 00 00 00 8f 88 82 01 00 00 00
    +0x60: 00 00 00 00 00 00 00 00
#### AGXIOC POST-CALL sel=0x9 type=0x80 -> kr=0
#### MTL_TEX MIP-NATIVE result attempt=1 tex=0x601471b80 class=AGXG13GFamilyTexture
#### MTL_TEX LEASE-HIT #1 key=1x1-pf70-bpe4-fcc1380401729 entry=0x601162940 surf=0x600a78380 tex=0x60125b900 retain=1 baseline=1 shapeEntries=6 pool=4MB
#### MTL_TEX LEASE-NEW #34 key=1x1-pf70-bpe4-fcc1380401729 entry=0x601168cd0 surf=0x600a78f60 tex=0x601472a80 retain=2 baseline=1 bpr=128 alloc=16KB shapeEntries=7 pool=4MB map=LINEAR
#### MTL_TEX LEASE-NEW #35 key=1x1-pf70-bpe4-fcc1380401729 entry=0x601168df0 surf=0x600a78fe0 tex=0x601473200 retain=2 baseline=1 bpr=128 alloc=16KB shapeEntries=8 pool=4MB map=LINEAR
#### MTL_TEX LEASE-NEW #36 key=1x1-pf70-bpe4-fcc1380401729 entry=0x601168fd0 surf=0x600a78500 tex=0x601473980 retain=2 baseline=1 bpr=128 alloc=16KB shapeEntries=9 pool=4MB map=LINEAR
#### MTL_TEX LEASE-NEW #37 key=1x1-pf70-bpe4-fcc1380401729 entry=0x601169480 surf=0x600a78080 tex=0x601473e80 retain=2 baseline=1 bpr=128 alloc=16KB shapeEntries=10 pool=4MB map=LINEAR
#### MTL_TEX LEASE-NEW #38 key=1x1-pf70-bpe4-fcc1380401729 entry=0x601169360 surf=0x600a78f40 tex=0x601256b80 retain=2 baseline=1 bpr=128 alloc=16KB shapeEntries=11 pool=4MB map=LINEAR
#### MTL_TEX LEASE-NEW #39 key=1x1-pf70-bpe4-fcc1380401729 entry=0x601169810 surf=0x600a78060 tex=0x601474600 retain=2 baseline=1 bpr=128 alloc=16KB shapeEntries=12 pool=4MB map=LINEAR
#### MTL_TEX LEASE-HIT #2 key=1x1-pf70-bpe4-fcc1380401729 entry=0x6011662d0 surf=0x600a79320 tex=0x601470a00 retain=1 baseline=1 shapeEntries=12 pool=4MB
#### MTL_TEX LEASE-HIT #3 key=16x16-pf70-bpe4-fcc1380401729 entry=0x601168f10 surf=0x600a79040 tex=0x601471900 retain=1 baseline=1 shapeEntries=1 pool=4MB
#### MTL_TEX MIP-NATIVE attempt=2 w=16 h=16 pf=70 mips=5 storage=0 usage=0x7
0   libmachook_arm64.dylib              0x00000001003ad1d8 -[MTLFakeDevice hooked_newTextureWithDescriptor:] + 1640
1   libGLESv2.dylib                     0x00000001096d3714 glStartTilingQCOM + 2731796
2   libGLESv2.dylib                     0x00000001096e6b48 glStartTilingQCOM + 2810696
3   libGLESv2.dylib                     0x00000001096e5e40 glStartTilingQCOM + 2807360
4   libGLESv2.dylib                     0x00000001096e5ccc glStartTilingQCOM + 2806988
5   libGLESv2.dylib                     0x00000001096bcb70 glStartTilingQCOM + 2638704
6   libGLESv2.dylib                     0x00000001096bc654 glStartTilingQCOM + 2637396
7   libGLESv2.dylib                     0x00000001096c026c glStartTilingQCOM + 2652780
8   libGLESv2.dylib                     0x00000001095aaa9c glStartTilingQCOM + 1516188
9   Electron Framework                  0x00000001133724e8 rust_bmp$cxxbridge1$194$Reader$image_data_loaded + 320072
10  Electron Framework                  0x000000011338aa60 rust_bmp$cxxbridge1$194$Reader$image_data_loaded + 419776
11  Electron Framework                  0x000000010d65b194 _ZN4node19async_context_frame8exchangeEPN2v87IsolateENS1_5LocalINS1_5ValueEEE + 26820
12  Electron Framework                  0x000000010d65a240 _ZN4node19async_context_frame8exchangeEPN2v87IsolateENS1_5LocalINS1_5ValueEEE + 22896
13  Electron Framework                  0x000000010d659f24 _ZN4node19async_context_frame8exchangeEPN2v87IsolateENS1_5LocalINS1_5ValueEEE + 22100
14  Electron Framework                  0x000000010f482d78 _ZNK2v88internal8compiler23CompilationDependencies31FieldTypeDependencyOffTheRecordENS1_6MapRefES3_NS0_13InternalIndexENS1_9ObjectRefE + 783760
15  Electron Framework                  0x000000010f3eefbc _ZNK2v88internal8compiler23CompilationDependencies31FieldTypeDependencyOffTheRecordENS1_6MapRefES3_NS0_13InternalIndexENS1_9ObjectRefE + 178132
16  Electron Framework                  0x000000010dbdeac8 _ZNK4node14PrincipalRealm25async_hooks_init_functionEv + 81964
17  Electron Framework                  0x000000010d0ffa34 _ZN2v815MicrotasksScopeC1ENS_5LocalINS_7ContextEEENS0_4TypeE + 6788
18  Electron Framework                  0x000000010f433c84 _ZNK2v88internal8compiler23CompilationDependencies31FieldTypeDependencyOffTheRecordENS1_6MapRefES3_NS0_13InternalIndexENS1_9ObjectRefE + 459932
19  Electron Framework                  0x000000010d05db00 _ZN2v86Number3NewEPNS_7IsolateEd + 19272
#### AGXIOC subres parent 0x20000 -> resourceID 0xaa, base=0x11b7cc700 span=0x20000
#### MTL_TEX MIP-NATIVE result attempt=2 tex=0x601474880 class=AGXG13GFamilyTexture
#### MTL_TEX LEASE-HIT #4 key=1x1-pf70-bpe4-fcc1380401729 entry=0x600a12d60 surf=0x600a78760 tex=0x60125b180 retain=1 baseline=1 shapeEntries=12 pool=4MB
#### MTL_TEX LEASE-NEW #40 key=1x1-pf70-bpe4-fcc1380401729 entry=0x601169bd0 surf=0x600a76ca0 tex=0x601475500 retain=2 baseline=1 bpr=128 alloc=16KB shapeEntries=13 pool=4MB map=LINEAR
#### MTL_TEX LEASE-NEW #41 key=1x1-pf70-bpe4-fcc1380401729 entry=0x601169d50 surf=0x600a77aa0 tex=0x601475c80 retain=2 baseline=1 bpr=128 alloc=16KB shapeEntries=14 pool=4MB map=LINEAR
#### MTL_TEX LEASE-NEW #42 key=1x1-pf70-bpe4-fcc1380401729 entry=0x6011695d0 surf=0x600a78160 tex=0x601476400 retain=2 baseline=1 bpr=128 alloc=16KB shapeEntries=15 pool=4MB map=LINEAR
#### MTL_TEX LEASE-NEW #43 key=1x1-pf70-bpe4-fcc1380401729 entry=0x601169ba0 surf=0x600a788a0 tex=0x601476900 retain=2 baseline=1 bpr=128 alloc=16KB shapeEntries=16 pool=4MB map=LINEAR
#### MTL_TEX LEASE-NEW #44 key=1x1-pf70-bpe4-fcc1380401729 entry=0x60116a4a0 surf=0x600a75f00 tex=0x601476e00 retain=2 baseline=1 bpr=128 alloc=16KB shapeEntries=17 pool=4MB map=LINEAR
#### MTL_TEX LEASE-NEW #45 key=1x1-pf70-bpe4-fcc1380401729 entry=0x601169f90 surf=0x600a79220 tex=0x601477300 retain=2 baseline=1 bpr=128 alloc=16KB shapeEntries=18 pool=4MB map=LINEAR
#### MTL_TEX LEASE-NEW #46 key=1x1-pf70-bpe4-fcc1380401729 entry=0x60116a410 surf=0x600a76d80 tex=0x601477800 retain=2 baseline=1 bpr=128 alloc=16KB shapeEntries=19 pool=4MB map=LINEAR
#### MTL_TEX LEASE-NEW #47 key=1x1-pf70-bpe4-fcc1380401729 entry=0x60116a2c0 surf=0x600a79260 tex=0x601477d00 retain=2 baseline=1 bpr=128 alloc=16KB shapeEntries=20 pool=4MB map=LINEAR
#### MTL_TEX LEASE-NEW #48 key=1x1-pf70-bpe4-fcc1380401729 entry=0x6011641a0 surf=0x600a795c0 tex=0x601478480 retain=2 baseline=1 bpr=128 alloc=16KB shapeEntries=21 pool=4MB map=LINEAR
#### MTL_TEX LEASE-HIT #5 key=1x1-pf70-bpe4-fcc1380401729 entry=0x601169810 surf=0x600a78060 tex=0x601474600 retain=1 baseline=1 shapeEntries=21 pool=4MB
#### MTL_TEX LEASE-NEW #49 key=1x1-pf70-bpe4-fcc1380401729 entry=0x60116a5c0 surf=0x600a79240 tex=0x601478980 retain=2 baseline=1 bpr=128 alloc=16KB shapeEntries=22 pool=4MB map=LINEAR
#### AGX_SUBMIT_DIAG #33 TEMP-KCMD-ABI-FIX off=0 size=0x1b8->0x1a8 end=0x1e8->0x1d8 moved=0x14 new-total=0x1e0
#### AGX_LIFE DESTROY-UNMATCHED id=0x9b type=0xff surf=0 bytes=0 kr=0 okC=240 failC=0 okD=49 failD=0 unmatchedD=2 full=0 live=191/50MB [t0=130/20MB t80=2/0MB t82=59/30MB]
#### MTL_TEX LEASE-NEW #50 key=1x1-pf70-bpe4-fcc1380401729 entry=0x60116ad10 surf=0x600a77300 tex=0x601479600 retain=2 baseline=1 bpr=128 alloc=16KB shapeEntries=23 pool=4MB map=LINEAR
#### MTL_TEX LEASE-NEW #51 key=1x1-pf70-bpe4-fcc1380401729 entry=0x60116a8c0 surf=0x600a799a0 tex=0x601479d80 retain=2 baseline=1 bpr=128 alloc=16KB shapeEntries=24 pool=4MB map=LINEAR
#### AGX_LIFE CREATE id=0xc6 type=0 surf=0 bytes=0x4000 kr=0 okC=250 failC=0 okD=51 failD=0 unmatchedD=2 full=0 live=199/51MB [t0=136/20MB t80=2/0MB t82=61/30MB]
#### AGX_SUBMIT_DIAG #34 TEMP-KCMD-ABI-FIX off=0 size=0x1b8->0x1a8 end=0x1e8->0x1d8 moved=0x14 new-total=0x1e0
#### MTL_TEX LEASE-NEW #52 key=1x1-pf70-bpe4-fcc1380401729 entry=0x60116b220 surf=0x600a77660 tex=0x60147a500 retain=2 baseline=1 bpr=128 alloc=16KB shapeEntries=25 pool=4MB map=LINEAR
#### MTL_TEX LEASE-NEW #53 key=1x1-pf70-bpe4-fcc1380401729 entry=0x60116b6a0 surf=0x600a79520 tex=0x60147ac80 retain=2 baseline=1 bpr=128 alloc=16KB shapeEntries=26 pool=4MB map=LINEAR
#### AGX_SUBMIT_DIAG #35 TEMP-KCMD-ABI-FIX off=0 size=0x1b8->0x1a8 end=0x1e8->0x1d8 moved=0x14 new-total=0x1e0
#### MTL_TEX LEASE-NEW #54 key=1x1-pf70-bpe4-fcc1380401729 entry=0x601168160 surf=0x600a797a0 tex=0x60147b680 retain=2 baseline=1 bpr=128 alloc=16KB shapeEntries=27 pool=5MB map=LINEAR
#### MTL_TEX LEASE-NEW #55 key=1x1-pf70-bpe4-fcc1380401729 entry=0x60116b3d0 surf=0x600a785e0 tex=0x60147be00 retain=2 baseline=1 bpr=128 alloc=16KB shapeEntries=28 pool=5MB map=LINEAR
#### MTL_TEX LEASE-NEW #56 key=1x1-pf70-bpe4-fcc1380401729 entry=0x60116bb50 surf=0x600a79b20 tex=0x60147c580 retain=2 baseline=1 bpr=128 alloc=16KB shapeEntries=29 pool=5MB map=LINEAR
#### MTL_TEX LEASE-NEW #57 key=1x1-pf70-bpe4-fcc1380401729 entry=0x60116beb0 surf=0x600a782e0 tex=0x60147cd00 retain=2 baseline=1 bpr=128 alloc=16KB shapeEntries=30 pool=5MB map=LINEAR
#### MTL_TEX LEASE-NEW #58 key=1x1-pf70-bpe4-fcc1380401729 entry=0x60116bd30 surf=0x600a79b40 tex=0x60147d480 retain=2 baseline=1 bpr=128 alloc=16KB shapeEntries=31 pool=5MB map=LINEAR
#### MTL_TEX LEASE-NEW #59 key=1x1-pf70-bpe4-fcc1380401729 entry=0x60116c0c0 surf=0x600a787c0 tex=0x60147dc00 retain=2 baseline=1 bpr=128 alloc=16KB shapeEntries=32 pool=5MB map=LINEAR
#### MTL_TEX LEASE-NEW #60 key=1x1-pf70-bpe4-fcc1380401729 entry=0x60116c540 surf=0x60003ca00 tex=0x60147e380 retain=2 baseline=1 bpr=128 alloc=16KB shapeEntries=33 pool=5MB map=LINEAR
#### AGX_SUBMIT_DIAG #36 TEMP-KCMD-ABI-FIX off=0 size=0x1b8->0x1a8 end=0x1e8->0x1d8 moved=0x14 new-total=0x1e0
#### MTL_TEX LEASE-NEW #61 key=1x1-pf70-bpe4-fcc1380401729 entry=0x60116c330 surf=0x600a79d20 tex=0x60147eb00 retain=2 baseline=1 bpr=128 alloc=16KB shapeEntries=34 pool=5MB map=LINEAR
#### MTL_TEX LEASE-NEW #62 key=1x1-pf70-bpe4-fcc1380401729 entry=0x60116c7b0 surf=0x600a79d00 tex=0x60147f280 retain=2 baseline=1 bpr=128 alloc=16KB shapeEntries=35 pool=5MB map=LINEAR
#### MTL_TEX LEASE-NEW #63 key=1x1-pf70-bpe4-fcc1380401729 entry=0x60116c630 surf=0x600a776c0 tex=0x60147fa00 retain=2 baseline=1 bpr=128 alloc=16KB shapeEntries=36 pool=5MB map=LINEAR
#### MTL_TEX LEASE-NEW #64 key=1x1-pf70-bpe4-fcc1380401729 entry=0x60116c990 surf=0x600a79de0 tex=0x601520280 retain=2 baseline=1 bpr=128 alloc=16KB shapeEntries=37 pool=5MB map=LINEAR
#### TRACE -[AGXBuffer initUntracked] self=0x60154c780 dev=0x6001d2000 len=6144 opt=0 -> 0x60154c780
#### TRACE -[AGXBuffer initUntracked] self=0x6010bbe80 dev=0x6001d2000 len=6144 opt=0 -> 0x6010bbe80
#### TRACE -[AGXBuffer initUntracked] self=0x600b6d500 dev=0x6001d2000 len=1024 opt=0 -> 0x600b6d500
#### AGX_LIFE CREATE id=0x18e type=0 surf=0 bytes=0x4000 kr=0 okC=500 failC=0 okD=102 failD=0 unmatchedD=2 full=0 live=397/54MB [t0=281/22MB t80=2/0MB t82=114/31MB]
#### AGXIOC heap map #500 clientID 0x4000 -> resourceID 0x1ff size 0x4
#### AGX_LIFE CREATE id=0x251 type=0x82 surf=0x1a3 bytes=0x4000 kr=0 okC=750 failC=0 okD=157 failD=0 unmatchedD=2 full=0 live=592/58MB [t0=418/25MB t80=2/0MB t82=172/32MB]
#### MTL_TEX MIP-NATIVE attempt=3 w=32 h=32 pf=70 mips=6 storage=0 usage=0x7
0   libmachook_arm64.dylib              0x00000001003ad1d8 -[MTLFakeDevice hooked_newTextureWithDescriptor:] + 1640
1   libGLESv2.dylib                     0x00000001096d3714 glStartTilingQCOM + 2731796
2   libGLESv2.dylib                     0x00000001096e6b48 glStartTilingQCOM + 2810696
3   libGLESv2.dylib                     0x00000001096e5e40 glStartTilingQCOM + 2807360
4   libGLESv2.dylib                     0x00000001096e5ccc glStartTilingQCOM + 2806988
5   libGLESv2.dylib                     0x00000001096bcb70 glStartTilingQCOM + 2638704
6   libGLESv2.dylib                     0x00000001096bc654 glStartTilingQCOM + 2637396
7   libGLESv2.dylib                     0x00000001096c026c glStartTilingQCOM + 2652780
8   libGLESv2.dylib                     0x00000001095aaa9c glStartTilingQCOM + 1516188
9   Electron Framework                  0x00000001133724e8 rust_bmp$cxxbridge1$194$Reader$image_data_loaded + 320072
10  Electron Framework                  0x000000011338aa60 rust_bmp$cxxbridge1$194$Reader$image_data_loaded + 419776
11  Electron Framework                  0x000000010d65b194 _ZN4node19async_context_frame8exchangeEPN2v87IsolateENS1_5LocalINS1_5ValueEEE + 26820
12  Electron Framework                  0x000000010d65a240 _ZN4node19async_context_frame8exchangeEPN2v87IsolateENS1_5LocalINS1_5ValueEEE + 22896
13  Electron Framework                  0x000000010d659f24 _ZN4node19async_context_frame8exchangeEPN2v87IsolateENS1_5LocalINS1_5ValueEEE + 22100
14  Electron Framework                  0x000000010f482d78 _ZNK2v88internal8compiler23CompilationDependencies31FieldTypeDependencyOffTheRecordENS1_6MapRefES3_NS0_13InternalIndexENS1_9ObjectRefE + 783760
15  Electron Framework                  0x000000010f3eefbc _ZNK2v88internal8compiler23CompilationDependencies31FieldTypeDependencyOffTheRecordENS1_6MapRefES3_NS0_13InternalIndexENS1_9ObjectRefE + 178132
16  Electron Framework                  0x000000010dbdeac8 _ZNK4node14PrincipalRealm25async_hooks_init_functionEv + 81964
17  Electron Framework                  0x000000010d0ffa34 _ZN2v815MicrotasksScopeC1ENS_5LocalINS_7ContextEEENS0_4TypeE + 6788
18  Electron Framework                  0x000000010f433c84 _ZNK2v88internal8compiler23CompilationDependencies31FieldTypeDependencyOffTheRecordENS1_6MapRefES3_NS0_13InternalIndexENS1_9ObjectRefE + 459932
19  Electron Framework                  0x000000010d05db00 _ZN2v86Number3NewEPNS_7IsolateEd + 19272
#### AGXIOC subres parent 0x20000 -> resourceID 0xaa, base=0x11b7cce00 span=0x20000
#### MTL_TEX MIP-NATIVE result attempt=3 tex=0x6017d4600 class=AGXG13GFamilyTexture
#### MTL_TEX MIP-NATIVE attempt=4 w=128 h=512 pf=70 mips=10 storage=0 usage=0x7
0   libmachook_arm64.dylib              0x00000001003ad1d8 -[MTLFakeDevice hooked_newTextureWithDescriptor:] + 1640
1   libGLESv2.dylib                     0x00000001096d3714 glStartTilingQCOM + 2731796
2   libGLESv2.dylib                     0x00000001096e6b48 glStartTilingQCOM + 2810696
3   libGLESv2.dylib                     0x00000001096e5e40 glStartTilingQCOM + 2807360
4   libGLESv2.dylib                     0x00000001096e5ccc glStartTilingQCOM + 2806988
5   libGLESv2.dylib                     0x00000001096bcb70 glStartTilingQCOM + 2638704
6   libGLESv2.dylib                     0x00000001096bc654 glStartTilingQCOM + 2637396
7   libGLESv2.dylib                     0x00000001096c026c glStartTilingQCOM + 2652780
8   libGLESv2.dylib                     0x00000001095aaa9c glStartTilingQCOM + 1516188
9   Electron Framework                  0x00000001133724e8 rust_bmp$cxxbridge1$194$Reader$image_data_loaded + 320072
10  Electron Framework                  0x000000011338aa60 rust_bmp$cxxbridge1$194$Reader$image_data_loaded + 419776
11  Electron Framework                  0x000000010d65b194 _ZN4node19async_context_frame8exchangeEPN2v87IsolateENS1_5LocalINS1_5ValueEEE + 26820
12  Electron Framework                  0x000000010d65a240 _ZN4node19async_context_frame8exchangeEPN2v87IsolateENS1_5LocalINS1_5ValueEEE + 22896
13  Electron Framework                  0x000000010d659f24 _ZN4node19async_context_frame8exchangeEPN2v87IsolateENS1_5LocalINS1_5ValueEEE + 22100
14  Electron Framework                  0x000000010f482d78 _ZNK2v88internal8compiler23CompilationDependencies31FieldTypeDependencyOffTheRecordENS1_6MapRefES3_NS0_13InternalIndexENS1_9ObjectRefE + 783760
15  Electron Framework                  0x000000010f3eefbc _ZNK2v88internal8compiler23CompilationDependencies31FieldTypeDependencyOffTheRecordENS1_6MapRefES3_NS0_13InternalIndexENS1_9ObjectRefE + 178132
16  Electron Framework                  0x000000010dbdeac8 _ZNK4node14PrincipalRealm25async_hooks_init_functionEv + 81964
17  Electron Framework                  0x000000010d0ffa34 _ZN2v815MicrotasksScopeC1ENS_5LocalINS_7ContextEEENS0_4TypeE + 6788
18  Electron Framework                  0x000000010f433c84 _ZNK2v88internal8compiler23CompilationDependencies31FieldTypeDependencyOffTheRecordENS1_6MapRefES3_NS0_13InternalIndexENS1_9ObjectRefE + 459932
19  Electron Framework                  0x000000010d05db00 _ZN2v86Number3NewEPNS_7IsolateEd + 19272
#### MTL_TEX MIP-NATIVE result attempt=4 tex=0x6017d4b00 class=AGXG13GFamilyTexture
#### MTL_TEX LEASE-HIT #6 key=1x1-pf70-bpe4-fcc1380401729 entry=0x601168520 surf=0x600a78ee0 tex=0x60125fa00 retain=1 baseline=1 shapeEntries=177 pool=7MB
#### MTL_TEX LEASE-HIT #7 key=1x1-pf70-bpe4-fcc1380401729 entry=0x6011686d0 surf=0x600a793a0 tex=0x601470f00 retain=1 baseline=1 shapeEntries=177 pool=7MB
#### MTL_TEX LEASE-HIT #8 key=1x1-pf70-bpe4-fcc1380401729 entry=0x601162940 surf=0x600a78380 tex=0x60125b900 retain=1 baseline=1 shapeEntries=177 pool=7MB
#### AGX_LIFE CREATE id=0x312 type=0 surf=0 bytes=0x4000 kr=0 okC=1000 failC=0 okD=214 failD=0 unmatchedD=2 full=0 live=784/62MB [t0=560/28MB t80=3/0MB t82=221/33MB]
#### MTL_TEX LEASE-HIT #9 key=32x32-pf70-bpe4-fcc1380401729 entry=0x6015de820 surf=0x600a77620 tex=0x6017d4100 retain=1 baseline=1 shapeEntries=1 pool=7MB
#### MTL_TEX MIP-NATIVE attempt=5 w=32 h=32 pf=70 mips=6 storage=0 usage=0x7
0   libmachook_arm64.dylib              0x00000001003ad1d8 -[MTLFakeDevice hooked_newTextureWithDescriptor:] + 1640
1   libGLESv2.dylib                     0x00000001096d3714 glStartTilingQCOM + 2731796
2   libGLESv2.dylib                     0x00000001096e6b48 glStartTilingQCOM + 2810696
3   libGLESv2.dylib                     0x00000001096e5e40 glStartTilingQCOM + 2807360
4   libGLESv2.dylib                     0x00000001096e5ccc glStartTilingQCOM + 2806988
5   libGLESv2.dylib                     0x00000001096bcb70 glStartTilingQCOM + 2638704
6   libGLESv2.dylib                     0x00000001096bc654 glStartTilingQCOM + 2637396
7   libGLESv2.dylib                     0x00000001096c026c glStartTilingQCOM + 2652780
8   libGLESv2.dylib                     0x00000001095aaa9c glStartTilingQCOM + 1516188
9   Electron Framework                  0x00000001133724e8 rust_bmp$cxxbridge1$194$Reader$image_data_loaded + 320072
10  Electron Framework                  0x000000011338aa60 rust_bmp$cxxbridge1$194$Reader$image_data_loaded + 419776
11  Electron Framework                  0x000000010d65b194 _ZN4node19async_context_frame8exchangeEPN2v87IsolateENS1_5LocalINS1_5ValueEEE + 26820
12  Electron Framework                  0x000000010d65a240 _ZN4node19async_context_frame8exchangeEPN2v87IsolateENS1_5LocalINS1_5ValueEEE + 22896
13  Electron Framework                  0x000000010d659f24 _ZN4node19async_context_frame8exchangeEPN2v87IsolateENS1_5LocalINS1_5ValueEEE + 22100
14  Electron Framework                  0x000000010f482d78 _ZNK2v88internal8compiler23CompilationDependencies31FieldTypeDependencyOffTheRecordENS1_6MapRefES3_NS0_13InternalIndexENS1_9ObjectRefE + 783760
15  Electron Framework                  0x000000010f3eefbc _ZNK2v88internal8compiler23CompilationDependencies31FieldTypeDependencyOffTheRecordENS1_6MapRefES3_NS0_13InternalIndexENS1_9ObjectRefE + 178132
16  Electron Framework                  0x000000010dbdeac8 _ZNK4node14PrincipalRealm25async_hooks_init_functionEv + 81964
17  Electron Framework                  0x000000010d0ffa34 _ZN2v815MicrotasksScopeC1ENS_5LocalINS_7ContextEEENS0_4TypeE + 6788
18  Electron Framework                  0x000000010f433c84 _ZNK2v88internal8compiler23CompilationDependencies31FieldTypeDependencyOffTheRecordENS1_6MapRefES3_NS0_13InternalIndexENS1_9ObjectRefE + 459932
19  Electron Framework                  0x000000010d05db00 _ZN2v86Number3NewEPNS_7IsolateEd + 19272
#### AGXIOC subres parent 0x20000 -> resourceID 0xaa, base=0x11b7ce500 span=0x20000
#### MTL_TEX MIP-NATIVE result attempt=5 tex=0x6017d7d00 class=AGXG13GFamilyTexture
#### TRACE -[AGXBuffer initUntracked] self=0x6017eb700 dev=0x6001d2000 len=12288 opt=0 -> 0x6017eb700
#### TRACE -[AGXBuffer initUntracked] self=0x60154c780 dev=0x6001d2000 len=12288 opt=0 -> 0x60154c780
#### TRACE -[AGXBuffer initUntracked] self=0x6010bbe80 dev=0x6001d2000 len=2048 opt=0 -> 0x6010bbe80
#### MTL_TEX LEASE-HIT #10 key=128x512-pf70-bpe4-fcc1380401729 entry=0x6015db8e0 surf=0x600a7bd20 tex=0x6017d5280 retain=1 baseline=1 shapeEntries=1 pool=7MB
#### MTL_TEX MIP-NATIVE attempt=6 w=128 h=512 pf=70 mips=10 storage=0 usage=0x7
0   libmachook_arm64.dylib              0x00000001003ad1d8 -[MTLFakeDevice hooked_newTextureWithDescriptor:] + 1640
1   libGLESv2.dylib                     0x00000001096d3714 glStartTilingQCOM + 2731796
2   libGLESv2.dylib                     0x00000001096e6b48 glStartTilingQCOM + 2810696
3   libGLESv2.dylib                     0x00000001096e5e40 glStartTilingQCOM + 2807360
4   libGLESv2.dylib                     0x00000001096e5ccc glStartTilingQCOM + 2806988
5   libGLESv2.dylib                     0x00000001096bcb70 glStartTilingQCOM + 2638704
6   libGLESv2.dylib                     0x00000001096bc654 glStartTilingQCOM + 2637396
7   libGLESv2.dylib                     0x00000001096c026c glStartTilingQCOM + 2652780
8   libGLESv2.dylib                     0x00000001095aaa9c glStartTilingQCOM + 1516188
9   Electron Framework                  0x00000001133724e8 rust_bmp$cxxbridge1$194$Reader$image_data_loaded + 320072
10  Electron Framework                  0x000000011338aa60 rust_bmp$cxxbridge1$194$Reader$image_data_loaded + 419776
11  Electron Framework                  0x000000010d65b194 _ZN4node19async_context_frame8exchangeEPN2v87IsolateENS1_5LocalINS1_5ValueEEE + 26820
12  Electron Framework                  0x000000010d65a240 _ZN4node19async_context_frame8exchangeEPN2v87IsolateENS1_5LocalINS1_5ValueEEE + 22896
13  Electron Framework                  0x000000010d659f24 _ZN4node19async_context_frame8exchangeEPN2v87IsolateENS1_5LocalINS1_5ValueEEE + 22100
14  Electron Framework                  0x000000010f482d78 _ZNK2v88internal8compiler23CompilationDependencies31FieldTypeDependencyOffTheRecordENS1_6MapRefES3_NS0_13InternalIndexENS1_9ObjectRefE + 783760
15  Electron Framework                  0x000000010f3eefbc _ZNK2v88internal8compiler23CompilationDependencies31FieldTypeDependencyOffTheRecordENS1_6MapRefES3_NS0_13InternalIndexENS1_9ObjectRefE + 178132
16  Electron Framework                  0x000000010dbdeac8 _ZNK4node14PrincipalRealm25async_hooks_init_functionEv + 81964
17  Electron Framework                  0x000000010d0ffa34 _ZN2v815MicrotasksScopeC1ENS_5LocalINS_7ContextEEENS0_4TypeE + 6788
18  Electron Framework                  0x000000010f433c84 _ZNK2v88internal8compiler23CompilationDependencies31FieldTypeDependencyOffTheRecordENS1_6MapRefES3_NS0_13InternalIndexENS1_9ObjectRefE + 459932
19  Electron Framework                  0x000000010d05db00 _ZN2v86Number3NewEPNS_7IsolateEd + 19272
#### MTL_TEX MIP-NATIVE result attempt=6 tex=0x6017d8200 class=AGXG13GFamilyTexture
#### MTL_TEX MIP-NATIVE attempt=7 w=128 h=32 pf=70 mips=8 storage=0 usage=0x7
0   libmachook_arm64.dylib              0x00000001003ad1d8 -[MTLFakeDevice hooked_newTextureWithDescriptor:] + 1640
1   libGLESv2.dylib                     0x00000001096d3714 glStartTilingQCOM + 2731796
2   libGLESv2.dylib                     0x00000001096e6b48 glStartTilingQCOM + 2810696
3   libGLESv2.dylib                     0x00000001096e5e40 glStartTilingQCOM + 2807360
4   libGLESv2.dylib                     0x00000001096e5ccc glStartTilingQCOM + 2806988
5   libGLESv2.dylib                     0x00000001096bcb70 glStartTilingQCOM + 2638704
6   libGLESv2.dylib                     0x00000001096bc654 glStartTilingQCOM + 2637396
7   libGLESv2.dylib                     0x00000001096c026c glStartTilingQCOM + 2652780
8   libGLESv2.dylib                     0x00000001095aaa9c glStartTilingQCOM + 1516188
9   Electron Framework                  0x00000001133724e8 rust_bmp$cxxbridge1$194$Reader$image_data_loaded + 320072
10  Electron Framework                  0x000000011338aa60 rust_bmp$cxxbridge1$194$Reader$image_data_loaded + 419776
11  Electron Framework                  0x000000010d65b194 _ZN4node19async_context_frame8exchangeEPN2v87IsolateENS1_5LocalINS1_5ValueEEE + 26820
12  Electron Framework                  0x000000010d65a240 _ZN4node19async_context_frame8exchangeEPN2v87IsolateENS1_5LocalINS1_5ValueEEE + 22896
13  Electron Framework                  0x000000010d659f24 _ZN4node19async_context_frame8exchangeEPN2v87IsolateENS1_5LocalINS1_5ValueEEE + 22100
14  Electron Framework                  0x000000010f482d78 _ZNK2v88internal8compiler23CompilationDependencies31FieldTypeDependencyOffTheRecordENS1_6MapRefES3_NS0_13InternalIndexENS1_9ObjectRefE + 783760
15  Electron Framework                  0x000000010f3eefbc _ZNK2v88internal8compiler23CompilationDependencies31FieldTypeDependencyOffTheRecordENS1_6MapRefES3_NS0_13InternalIndexENS1_9ObjectRefE + 178132
16  Electron Framework                  0x000000010dbdeac8 _ZNK4node14PrincipalRealm25async_hooks_init_functionEv + 81964
17  Electron Framework                  0x000000010d0ffa34 _ZN2v815MicrotasksScopeC1ENS_5LocalINS_7ContextEEENS0_4TypeE + 6788
18  Electron Framework                  0x000000010f433c84 _ZNK2v88internal8compiler23CompilationDependencies31FieldTypeDependencyOffTheRecordENS1_6MapRefES3_NS0_13InternalIndexENS1_9ObjectRefE + 459932
19  Electron Framework                  0x000000010d05db00 _ZN2v86Number3NewEPNS_7IsolateEd + 19272
#### MTL_TEX MIP-NATIVE result attempt=7 tex=0x6017d8c00 class=AGXG13GFamilyTexture
#### MTL_TEX MIP-NATIVE attempt=8 w=128 h=32 pf=70 mips=8 storage=0 usage=0x7
0   libmachook_arm64.dylib              0x00000001003ad1d8 -[MTLFakeDevice hooked_newTextureWithDescriptor:] + 1640
1   libGLESv2.dylib                     0x00000001096d3714 glStartTilingQCOM + 2731796
2   libGLESv2.dylib                     0x00000001096e6b48 glStartTilingQCOM + 2810696
3   libGLESv2.dylib                     0x00000001096e5e40 glStartTilingQCOM + 2807360
4   libGLESv2.dylib                     0x00000001096e5ccc glStartTilingQCOM + 2806988
5   libGLESv2.dylib                     0x00000001096bcb70 glStartTilingQCOM + 2638704
6   libGLESv2.dylib                     0x00000001096bc654 glStartTilingQCOM + 2637396
7   libGLESv2.dylib                     0x00000001096c026c glStartTilingQCOM + 2652780
8   libGLESv2.dylib                     0x00000001095aaa9c glStartTilingQCOM + 1516188
9   Electron Framework                  0x00000001133724e8 rust_bmp$cxxbridge1$194$Reader$image_data_loaded + 320072
10  Electron Framework                  0x000000011338aa60 rust_bmp$cxxbridge1$194$Reader$image_data_loaded + 419776
11  Electron Framework                  0x000000010d65b194 _ZN4node19async_context_frame8exchangeEPN2v87IsolateENS1_5LocalINS1_5ValueEEE + 26820
12  Electron Framework                  0x000000010d65a240 _ZN4node19async_context_frame8exchangeEPN2v87IsolateENS1_5LocalINS1_5ValueEEE + 22896
13  Electron Framework                  0x000000010d659f24 _ZN4node19async_context_frame8exchangeEPN2v87IsolateENS1_5LocalINS1_5ValueEEE + 22100
14  Electron Framework                  0x000000010f482d78 _ZNK2v88internal8compiler23CompilationDependencies31FieldTypeDependencyOffTheRecordENS1_6MapRefES3_NS0_13InternalIndexENS1_9ObjectRefE + 783760
15  Electron Framework                  0x000000010f3eefbc _ZNK2v88internal8compiler23CompilationDependencies31FieldTypeDependencyOffTheRecordENS1_6MapRefES3_NS0_13InternalIndexENS1_9ObjectRefE + 178132
16  Electron Framework                  0x000000010dbdeac8 _ZNK4node14PrincipalRealm25async_hooks_init_functionEv + 81964
17  Electron Framework                  0x000000010d0ffa34 _ZN2v815MicrotasksScopeC1ENS_5LocalINS_7ContextEEENS0_4TypeE + 6788
18  Electron Framework                  0x000000010f433c84 _ZNK2v88internal8compiler23CompilationDependencies31FieldTypeDependencyOffTheRecordENS1_6MapRefES3_NS0_13InternalIndexENS1_9ObjectRefE + 459932
19  Electron Framework                  0x000000010d05db00 _ZN2v86Number3NewEPNS_7IsolateEd + 19272
#### MTL_TEX MIP-NATIVE result attempt=8 tex=0x6017d9600 class=AGXG13GFamilyTexture
#### MTL_TEX MIP-NATIVE attempt=9 w=128 h=32 pf=70 mips=8 storage=0 usage=0x7
0   libmachook_arm64.dylib              0x00000001003ad1d8 -[MTLFakeDevice hooked_newTextureWithDescriptor:] + 1640
1   libGLESv2.dylib                     0x00000001096d3714 glStartTilingQCOM + 2731796
2   libGLESv2.dylib                     0x00000001096e6b48 glStartTilingQCOM + 2810696
3   libGLESv2.dylib                     0x00000001096e5e40 glStartTilingQCOM + 2807360
4   libGLESv2.dylib                     0x00000001096e5ccc glStartTilingQCOM + 2806988
5   libGLESv2.dylib                     0x00000001096bcb70 glStartTilingQCOM + 2638704
6   libGLESv2.dylib                     0x00000001096bc654 glStartTilingQCOM + 2637396
7   libGLESv2.dylib                     0x00000001096c026c glStartTilingQCOM + 2652780
8   libGLESv2.dylib                     0x00000001095aaa9c glStartTilingQCOM + 1516188
9   Electron Framework                  0x00000001133724e8 rust_bmp$cxxbridge1$194$Reader$image_data_loaded + 320072
10  Electron Framework                  0x000000011338aa60 rust_bmp$cxxbridge1$194$Reader$image_data_loaded + 419776
11  Electron Framework                  0x000000010d65b194 _ZN4node19async_context_frame8exchangeEPN2v87IsolateENS1_5LocalINS1_5ValueEEE + 26820
12  Electron Framework                  0x000000010d65a240 _ZN4node19async_context_frame8exchangeEPN2v87IsolateENS1_5LocalINS1_5ValueEEE + 22896
13  Electron Framework                  0x000000010d659f24 _ZN4node19async_context_frame8exchangeEPN2v87IsolateENS1_5LocalINS1_5ValueEEE + 22100
14  Electron Framework                  0x000000010f482d78 _ZNK2v88internal8compiler23CompilationDependencies31FieldTypeDependencyOffTheRecordENS1_6MapRefES3_NS0_13InternalIndexENS1_9ObjectRefE + 783760
15  Electron Framework                  0x000000010f3eefbc _ZNK2v88internal8compiler23CompilationDependencies31FieldTypeDependencyOffTheRecordENS1_6MapRefES3_NS0_13InternalIndexENS1_9ObjectRefE + 178132
16  Electron Framework                  0x000000010dbdeac8 _ZNK4node14PrincipalRealm25async_hooks_init_functionEv + 81964
17  Electron Framework                  0x000000010d0ffa34 _ZN2v815MicrotasksScopeC1ENS_5LocalINS_7ContextEEENS0_4TypeE + 6788
18  Electron Framework                  0x000000010f433c84 _ZNK2v88internal8compiler23CompilationDependencies31FieldTypeDependencyOffTheRecordENS1_6MapRefES3_NS0_13InternalIndexENS1_9ObjectRefE + 459932
19  Electron Framework                  0x000000010d05db00 _ZN2v86Number3NewEPNS_7IsolateEd + 19272
#### MTL_TEX MIP-NATIVE result attempt=9 tex=0x6017da000 class=AGXG13GFamilyTexture
#### MTL_TEX MIP-NATIVE attempt=10 w=512 h=512 pf=70 mips=10 storage=0 usage=0x7
0   libmachook_arm64.dylib              0x00000001003ad1d8 -[MTLFakeDevice hooked_newTextureWithDescriptor:] + 1640
1   libGLESv2.dylib                     0x00000001096d3714 glStartTilingQCOM + 2731796
2   libGLESv2.dylib                     0x00000001096e6b48 glStartTilingQCOM + 2810696
3   libGLESv2.dylib                     0x00000001096e5e40 glStartTilingQCOM + 2807360
4   libGLESv2.dylib                     0x00000001096e6014 glStartTilingQCOM + 2807828
5   libGLESv2.dylib                     0x00000001096bca78 glStartTilingQCOM + 2638456
6   libGLESv2.dylib                     0x00000001096bc654 glStartTilingQCOM + 2637396
7   libGLESv2.dylib                     0x00000001096c026c glStartTilingQCOM + 2652780
8   libGLESv2.dylib                     0x00000001095aaa9c glStartTilingQCOM + 1516188
9   Electron Framework                  0x00000001133724e8 rust_bmp$cxxbridge1$194$Reader$image_data_loaded + 320072
10  Electron Framework                  0x000000011338aa60 rust_bmp$cxxbridge1$194$Reader$image_data_loaded + 419776
11  Electron Framework                  0x000000010d65b194 _ZN4node19async_context_frame8exchangeEPN2v87IsolateENS1_5LocalINS1_5ValueEEE + 26820
12  Electron Framework                  0x000000010d65a240 _ZN4node19async_context_frame8exchangeEPN2v87IsolateENS1_5LocalINS1_5ValueEEE + 22896
13  Electron Framework                  0x000000010d659f24 _ZN4node19async_context_frame8exchangeEPN2v87IsolateENS1_5LocalINS1_5ValueEEE + 22100
14  Electron Framework                  0x000000010f482d78 _ZNK2v88internal8compiler23CompilationDependencies31FieldTypeDependencyOffTheRecordENS1_6MapRefES3_NS0_13InternalIndexENS1_9ObjectRefE + 783760
15  Electron Framework                  0x000000010f3eefbc _ZNK2v88internal8compiler23CompilationDependencies31FieldTypeDependencyOffTheRecordENS1_6MapRefES3_NS0_13InternalIndexENS1_9ObjectRefE + 178132
16  Electron Framework                  0x000000010dbdeac8 _ZNK4node14PrincipalRealm25async_hooks_init_functionEv + 81964
17  Electron Framework                  0x000000010d0ffa34 _ZN2v815MicrotasksScopeC1ENS_5LocalINS_7ContextEEENS0_4TypeE + 6788
18  Electron Framework                  0x000000010f433c84 _ZNK2v88internal8compiler23CompilationDependencies31FieldTypeDependencyOffTheRecordENS1_6MapRefES3_NS0_13InternalIndexENS1_9ObjectRefE + 459932
19  Electron Framework                  0x000000010d05db00 _ZN2v86Number3NewEPNS_7IsolateEd + 19272
#### MTL_TEX MIP-NATIVE result attempt=10 tex=0x6017dc300 class=AGXG13GFamilyTexture
#### MTL_TEX MIP-NATIVE attempt=11 w=256 h=128 pf=70 mips=9 storage=0 usage=0x7
0   libmachook_arm64.dylib              0x00000001003ad1d8 -[MTLFakeDevice hooked_newTextureWithDescriptor:] + 1640
1   libGLESv2.dylib                     0x00000001096d3714 glStartTilingQCOM + 2731796
2   libGLESv2.dylib                     0x00000001096e6b48 glStartTilingQCOM + 2810696
3   libGLESv2.dylib                     0x00000001096e5e40 glStartTilingQCOM + 2807360
4   libGLESv2.dylib                     0x00000001096e5ccc glStartTilingQCOM + 2806988
5   libGLESv2.dylib                     0x00000001096bcb70 glStartTilingQCOM + 2638704
6   libGLESv2.dylib                     0x00000001096bc654 glStartTilingQCOM + 2637396
7   libGLESv2.dylib                     0x00000001096c026c glStartTilingQCOM + 2652780
8   libGLESv2.dylib                     0x00000001095aaa9c glStartTilingQCOM + 1516188
9   Electron Framework                  0x00000001133724e8 rust_bmp$cxxbridge1$194$Reader$image_data_loaded + 320072
10  Electron Framework                  0x000000011338aa60 rust_bmp$cxxbridge1$194$Reader$image_data_loaded + 419776
11  Electron Framework                  0x000000010d65b194 _ZN4node19async_context_frame8exchangeEPN2v87IsolateENS1_5LocalINS1_5ValueEEE + 26820
12  Electron Framework                  0x000000010d65a240 _ZN4node19async_context_frame8exchangeEPN2v87IsolateENS1_5LocalINS1_5ValueEEE + 22896
13  Electron Framework                  0x000000010d659f24 _ZN4node19async_context_frame8exchangeEPN2v87IsolateENS1_5LocalINS1_5ValueEEE + 22100
14  Electron Framework                  0x000000010f482d78 _ZNK2v88internal8compiler23CompilationDependencies31FieldTypeDependencyOffTheRecordENS1_6MapRefES3_NS0_13InternalIndexENS1_9ObjectRefE + 783760
15  Electron Framework                  0x000000010f3eefbc _ZNK2v88internal8compiler23CompilationDependencies31FieldTypeDependencyOffTheRecordENS1_6MapRefES3_NS0_13InternalIndexENS1_9ObjectRefE + 178132
16  Electron Framework                  0x000000010dbdeac8 _ZNK4node14PrincipalRealm25async_hooks_init_functionEv + 81964
17  Electron Framework                  0x000000010d0ffa34 _ZN2v815MicrotasksScopeC1ENS_5LocalINS_7ContextEEENS0_4TypeE + 6788
18  Electron Framework                  0x000000010f433c84 _ZNK2v88internal8compiler23CompilationDependencies31FieldTypeDependencyOffTheRecordENS1_6MapRefES3_NS0_13InternalIndexENS1_9ObjectRefE + 459932
19  Electron Framework                  0x000000010d05db00 _ZN2v86Number3NewEPNS_7IsolateEd + 19272
#### MTL_TEX MIP-NATIVE result attempt=11 tex=0x6017dcd00 class=AGXG13GFamilyTexture
#### MTL_TEX MIP-NATIVE attempt=12 w=256 h=128 pf=70 mips=9 storage=0 usage=0x7
0   libmachook_arm64.dylib              0x00000001003ad1d8 -[MTLFakeDevice hooked_newTextureWithDescriptor:] + 1640
1   libGLESv2.dylib                     0x00000001096d3714 glStartTilingQCOM + 2731796
2   libGLESv2.dylib                     0x00000001096e6b48 glStartTilingQCOM + 2810696
3   libGLESv2.dylib                     0x00000001096e5e40 glStartTilingQCOM + 2807360
4   libGLESv2.dylib                     0x00000001096e5ccc glStartTilingQCOM + 2806988
5   libGLESv2.dylib                     0x00000001096bcb70 glStartTilingQCOM + 2638704
6   libGLESv2.dylib                     0x00000001096bc654 glStartTilingQCOM + 2637396
7   libGLESv2.dylib                     0x00000001096c026c glStartTilingQCOM + 2652780
8   libGLESv2.dylib                     0x00000001095aaa9c glStartTilingQCOM + 1516188
9   Electron Framework                  0x00000001133724e8 rust_bmp$cxxbridge1$194$Reader$image_data_loaded + 320072
10  Electron Framework                  0x000000011338aa60 rust_bmp$cxxbridge1$194$Reader$image_data_loaded + 419776
11  Electron Framework                  0x000000010d65b194 _ZN4node19async_context_frame8exchangeEPN2v87IsolateENS1_5LocalINS1_5ValueEEE + 26820
12  Electron Framework                  0x000000010d65a240 _ZN4node19async_context_frame8exchangeEPN2v87IsolateENS1_5LocalINS1_5ValueEEE + 22896
13  Electron Framework                  0x000000010d659f24 _ZN4node19async_context_frame8exchangeEPN2v87IsolateENS1_5LocalINS1_5ValueEEE + 22100
14  Electron Framework                  0x000000010f482d78 _ZNK2v88internal8compiler23CompilationDependencies31FieldTypeDependencyOffTheRecordENS1_6MapRefES3_NS0_13InternalIndexENS1_9ObjectRefE + 783760
15  Electron Framework                  0x000000010f3eefbc _ZNK2v88internal8compiler23CompilationDependencies31FieldTypeDependencyOffTheRecordENS1_6MapRefES3_NS0_13InternalIndexENS1_9ObjectRefE + 178132
16  Electron Framework                  0x000000010dbdeac8 _ZNK4node14PrincipalRealm25async_hooks_init_functionEv + 81964
17  Electron Framework                  0x000000010d0ffa34 _ZN2v815MicrotasksScopeC1ENS_5LocalINS_7ContextEEENS0_4TypeE + 6788
18  Electron Framework                  0x000000010f433c84 _ZNK2v88internal8compiler23CompilationDependencies31FieldTypeDependencyOffTheRecordENS1_6MapRefES3_NS0_13InternalIndexENS1_9ObjectRefE + 459932
19  Electron Framework                  0x000000010d05db00 _ZN2v86Number3NewEPNS_7IsolateEd + 19272
#### MTL_TEX MIP-NATIVE result attempt=12 tex=0x6017dd700 class=AGXG13GFamilyTexture
#### MTL_TEX MIP-NATIVE result attempt=13 tex=0x6017de100 class=AGXG13GFamilyTexture
#### MTL_TEX MIP-NATIVE result attempt=14 tex=0x6017deb00 class=AGXG13GFamilyTexture
#### MTL_TEX MIP-NATIVE result attempt=15 tex=0x6017df500 class=AGXG13GFamilyTexture
#### MTL_TEX MIP-NATIVE result attempt=16 tex=0x601830000 class=AGXG13GFamilyTexture
#### MTL_TEX MIP-NATIVE result attempt=17 tex=0x601830a00 class=AGXG13GFamilyTexture
#### IOGPU-CALLBACK-BUFFER-CLEAN commandBuffer=0x60172cb00 class=AGXG13GFamilyCommandBuffer submitSerial=52 fixed=31 target=0x0 start=0x80dbdf9739e end=0x80dbdfaa121
#### MTL_TEX MIP-NATIVE result attempt=18 tex=0x601831400 class=AGXG13GFamilyTexture
#### MTL_TEX LEASE-HIT #11 key=128x32-pf70-bpe4-fcc1380401729 entry=0x6015df2d0 surf=0x600a7bdc0 tex=0x6017d5c80 retain=1 baseline=1 shapeEntries=5 pool=15MB
#### MTL_TEX MIP-NATIVE result attempt=19 tex=0x601831900 class=AGXG13GFamilyTexture
#### MTL_TEX LEASE-HIT #12 key=512x512-pf70-bpe4-fcc1380401729 entry=0x6015dffc0 surf=0x600a7bf40 tex=0x6017da780 retain=1 baseline=1 shapeEntries=6 pool=15MB
#### MTL_TEX LEASE-HIT #13 key=512x512-pf70-bpe4-fcc1380401729 entry=0x6015dedf0 surf=0x600a7bec0 tex=0x6017dac80 retain=1 baseline=1 shapeEntries=6 pool=15MB
#### MTL_TEX LEASE-HIT #14 key=512x512-pf70-bpe4-fcc1380401729 entry=0x601820300 surf=0x600a7bcc0 tex=0x6017db180 retain=1 baseline=1 shapeEntries=6 pool=15MB
#### MTL_TEX LEASE-HIT #15 key=512x512-pf70-bpe4-fcc1380401729 entry=0x6018201e0 surf=0x600a7bf00 tex=0x6017db680 retain=1 baseline=1 shapeEntries=6 pool=15MB
#### MTL_TEX LEASE-HIT #16 key=512x512-pf70-bpe4-fcc1380401729 entry=0x6011663f0 surf=0x600a7b160 tex=0x6017dbb80 retain=1 baseline=1 shapeEntries=6 pool=15MB
#### MTL_TEX LEASE-HIT #17 key=512x512-pf70-bpe4-fcc1380401729 entry=0x6018205a0 surf=0x600a7c060 tex=0x6017dc080 retain=1 baseline=1 shapeEntries=6 pool=15MB
#### MTL_TEX MIP-NATIVE result attempt=20 tex=0x601831e00 class=AGXG13GFamilyTexture
#### MTL_TEX LEASE-HIT #18 key=256x128-pf70-bpe4-fcc1380401729 entry=0x60116a5f0 surf=0x600a7a600 tex=0x6017dca80 retain=1 baseline=1 shapeEntries=5 pool=15MB
#### MTL_TEX MIP-NATIVE result attempt=21 tex=0x601832300 class=AGXG13GFamilyTexture
#### MTL_TEX LEASE-HIT #19 key=256x128-pf70-bpe4-fcc1380401729 entry=0x601820120 surf=0x600a78c60 tex=0x6017dd480 retain=1 baseline=1 shapeEntries=5 pool=15MB
#### MTL_TEX MIP-NATIVE result attempt=22 tex=0x601832800 class=AGXG13GFamilyTexture
#### MTL_TEX LEASE-HIT #20 key=256x128-pf70-bpe4-fcc1380401729 entry=0x601169300 surf=0x600a7bee0 tex=0x6017dde80 retain=1 baseline=1 shapeEntries=5 pool=15MB
#### MTL_TEX MIP-NATIVE result attempt=23 tex=0x601832d00 class=AGXG13GFamilyTexture
#### MTL_TEX LEASE-HIT #21 key=256x128-pf70-bpe4-fcc1380401729 entry=0x6015db790 surf=0x600a7be00 tex=0x6017de880 retain=1 baseline=1 shapeEntries=5 pool=15MB
#### MTL_TEX MIP-NATIVE result attempt=24 tex=0x601833200 class=AGXG13GFamilyTexture
#### MTL_TEX LEASE-HIT #22 key=256x128-pf70-bpe4-fcc1380401729 entry=0x601820900 surf=0x600a7a900 tex=0x6017df280 retain=1 baseline=1 shapeEntries=5 pool=15MB
#### MTL_TEX MIP-NATIVE result attempt=25 tex=0x601833700 class=AGXG13GFamilyTexture
#### MTL_TEX LEASE-HIT #23 key=512x256-pf70-bpe4-fcc1380401729 entry=0x601820840 surf=0x600a7bea0 tex=0x6017dfc80 retain=1 baseline=1 shapeEntries=2 pool=15MB
#### MTL_TEX MIP-NATIVE result attempt=26 tex=0x601833c00 class=AGXG13GFamilyTexture
#### MTL_TEX MIP-NATIVE result attempt=27 tex=0x601834600 class=AGXG13GFamilyTexture
#### IOGPU-CALLBACK-BUFFER-CLEAN commandBuffer=0x600ea4980 class=AGXG13GFamilyCommandBuffer submitSerial=53 fixed=31 target=0x0 start=0x80dbdfe6e3c end=0x80dbdff5890
#### MTL_TEX MIP-NATIVE result attempt=28 tex=0x601835000 class=AGXG13GFamilyTexture
#### AGX_LIFE DESTROY id=0x33c type=0 surf=0 bytes=0x20000 kr=0 okC=1084 failC=0 okD=250 failD=0 unmatchedD=2 full=0 live=831/93MB [t0=588/51MB t80=4/0MB t82=239/41MB]
#### MTL_TEX MIP-NATIVE result attempt=29 tex=0x601835a00 class=AGXG13GFamilyTexture
#### MTL_TEX MIP-NATIVE result attempt=30 tex=0x601836400 class=AGXG13GFamilyTexture
#### MTL_TEX MIP-NATIVE result attempt=31 tex=0x601836e00 class=AGXG13GFamilyTexture
#### MTL_TEX MIP-NATIVE result attempt=32 tex=0x601837800 class=AGXG13GFamilyTexture
#### MTL_TEX MIP-NATIVE result attempt=33 tex=0x601838200 class=AGXG13GFamilyTexture
#### MTL_TEX MIP-NATIVE result attempt=34 tex=0x601838c00 class=AGXG13GFamilyTexture
#### MTL_TEX MIP-NATIVE result attempt=35 tex=0x601839600 class=AGXG13GFamilyTexture
#### MTL_TEX MIP-NATIVE result attempt=36 tex=0x60183a000 class=AGXG13GFamilyTexture
#### MTL_TEX MIP-NATIVE result attempt=37 tex=0x60183aa00 class=AGXG13GFamilyTexture
#### MTL_TEX MIP-NATIVE result attempt=38 tex=0x60183b400 class=AGXG13GFamilyTexture
#### MTL_TEX MIP-NATIVE result attempt=39 tex=0x60183be00 class=AGXG13GFamilyTexture
#### AGXIOC Scalar sel=0x10->0xe inCnt=1 -> 0x0
#### AGXIOC Scalar sel=0x10->0xe inCnt=1 -> 0x0
#### AGXIOC Scalar sel=0x10->0xe inCnt=1 -> 0x0
#### AGXIOC Scalar sel=0x10->0xe inCnt=1 -> 0x0
#### AGXIOC Scalar sel=0x10->0xe inCnt=1 -> 0x0
#### MTL_TEX MIP-NATIVE result attempt=40 tex=0x60183c300 class=AGXG13GFamilyTexture
#### MTL_TEX LEASE-HIT #24 key=512x256-pf70-bpe4-fcc1380401729 entry=0x601820840 surf=0x600a7bea0 tex=0x6017dfc80 retain=1 baseline=1 shapeEntries=5 pool=19MB
#### IOGPU-CALLBACK-BUFFER-CLEAN commandBuffer=0x60172bd00 class=AGXG13GFamilyCommandBuffer submitSerial=54 fixed=39 target=0x0 start=0x80dbe0377fc end=0x80dbe043e48
#### MTL_TEX MIP-NATIVE result attempt=41 tex=0x60183c800 class=AGXG13GFamilyTexture
#### MTL_TEX LEASE-HIT #25 key=512x256-pf70-bpe4-fcc1380401729 entry=0x601820750 surf=0x600a7bf20 tex=0x601830780 retain=1 baseline=1 shapeEntries=5 pool=19MB
#### MTL_TEX MIP-NATIVE result attempt=42 tex=0x60183cd00 class=AGXG13GFamilyTexture
#### MTL_TEX LEASE-HIT #26 key=256x256-pf70-bpe4-fcc1380401729 entry=0x6015ded90 surf=0x600a7c160 tex=0x601836180 retain=1 baseline=1 shapeEntries=8 pool=19MB
#### MTL_TEX MIP-NATIVE result attempt=43 tex=0x60183d200 class=AGXG13GFamilyTexture
#### MTL_TEX LEASE-HIT #27 key=256x256-pf70-bpe4-fcc1380401729 entry=0x601820a50 surf=0x600a7c180 tex=0x601836b80 retain=1 baseline=1 shapeEntries=8 pool=19MB
#### MTL_TEX MIP-NATIVE result attempt=44 tex=0x60183d700 class=AGXG13GFamilyTexture
#### MTL_TEX LEASE-HIT #28 key=128x128-pf70-bpe4-fcc1380401729 entry=0x601820960 surf=0x600a7c1c0 tex=0x601837580 retain=1 baseline=1 shapeEntries=2 pool=19MB
#### MTL_TEX MIP-NATIVE result attempt=45 tex=0x60183dc00 class=AGXG13GFamilyTexture
#### MTL_TEX LEASE-HIT #29 key=128x128-pf70-bpe4-fcc1380401729 entry=0x601820e70 surf=0x600a7c220 tex=0x601837f80 retain=1 baseline=1 shapeEntries=2 pool=19MB
#### MTL_TEX MIP-NATIVE result attempt=46 tex=0x60183e100 class=AGXG13GFamilyTexture
#### MTL_TEX LEASE-HIT #30 key=256x256-pf70-bpe4-fcc1380401729 entry=0x601820d80 surf=0x600a7c200 tex=0x601838980 retain=1 baseline=1 shapeEntries=8 pool=19MB
#### MTL_TEX MIP-NATIVE result attempt=47 tex=0x60183e600 class=AGXG13GFamilyTexture
#### MTL_TEX LEASE-HIT #31 key=256x256-pf70-bpe4-fcc1380401729 entry=0x601820c90 surf=0x600a7c240 tex=0x601839380 retain=1 baseline=1 shapeEntries=8 pool=19MB
#### MTL_TEX MIP-NATIVE result attempt=48 tex=0x60183eb00 class=AGXG13GFamilyTexture
#### MTL_TEX LEASE-HIT #32 key=256x256-pf70-bpe4-fcc1380401729 entry=0x601821140 surf=0x600a7c140 tex=0x601839d80 retain=1 baseline=1 shapeEntries=8 pool=19MB
#### MTL_TEX MIP-NATIVE result attempt=49 tex=0x60183f000 class=AGXG13GFamilyTexture
#### MTL_TEX LEASE-HIT #33 key=256x256-pf70-bpe4-fcc1380401729 entry=0x601821080 surf=0x600a7c260 tex=0x60183a780 retain=1 baseline=1 shapeEntries=8 pool=19MB
#### MTL_TEX MIP-NATIVE result attempt=50 tex=0x60183f500 class=AGXG13GFamilyTexture
#### MTL_TEX LEASE-HIT #34 key=512x512-pf70-bpe4-fcc1380401729 entry=0x6015dffc0 surf=0x600a7bf40 tex=0x6017da780 retain=1 baseline=1 shapeEntries=6 pool=19MB
#### MTL_TEX MIP-NATIVE result attempt=51 tex=0x60183fa00 class=AGXG13GFamilyTexture
#### MTL_TEX LEASE-HIT #35 key=512x512-pf70-bpe4-fcc1380401729 entry=0x6015dedf0 surf=0x600a7bec0 tex=0x6017dac80 retain=1 baseline=1 shapeEntries=6 pool=19MB
#### MTL_TEX MIP-NATIVE result attempt=52 tex=0x601850000 class=AGXG13GFamilyTexture
#### MTL_TEX LEASE-HIT #36 key=512x512-pf70-bpe4-fcc1380401729 entry=0x601820300 surf=0x600a7bcc0 tex=0x6017db180 retain=1 baseline=1 shapeEntries=6 pool=19MB
#### IOGPU-CALLBACK-BUFFER-CLEAN commandBuffer=0x60172cb00 class=AGXG13GFamilyCommandBuffer submitSerial=55 fixed=39 target=0x0 start=0x80dbe0f8dc6 end=0x80dbe1052e4
#### MTL_TEX MIP-NATIVE result attempt=53 tex=0x601850500 class=AGXG13GFamilyTexture
#### MTL_TEX LEASE-HIT #37 key=512x512-pf70-bpe4-fcc1380401729 entry=0x6015dffc0 surf=0x600a7bf40 tex=0x6017da780 retain=1 baseline=1 shapeEntries=6 pool=19MB
#### MTL_TEX MIP-NATIVE result attempt=54 tex=0x601850a00 class=AGXG13GFamilyTexture
#### MTL_TEX LEASE-HIT #38 key=512x512-pf70-bpe4-fcc1380401729 entry=0x6015dedf0 surf=0x600a7bec0 tex=0x6017dac80 retain=1 baseline=1 shapeEntries=6 pool=19MB
#### MTL_TEX MIP-NATIVE result attempt=55 tex=0x601850f00 class=AGXG13GFamilyTexture
#### MTL_TEX LEASE-HIT #39 key=512x512-pf70-bpe4-fcc1380401729 entry=0x6018201e0 surf=0x600a7bf00 tex=0x6017db680 retain=1 baseline=1 shapeEntries=6 pool=19MB
#### MTL_TEX MIP-NATIVE result attempt=56 tex=0x601851400 class=AGXG13GFamilyTexture
#### MTL_TEX LEASE-HIT #40 key=512x512-pf70-bpe4-fcc1380401729 entry=0x6011663f0 surf=0x600a7b160 tex=0x6017dbb80 retain=1 baseline=1 shapeEntries=6 pool=19MB
#### MTL_TEX MIP-NATIVE result attempt=57 tex=0x601851900 class=AGXG13GFamilyTexture
#### MTL_TEX LEASE-HIT #41 key=512x512-pf70-bpe4-fcc1380401729 entry=0x6018205a0 surf=0x600a7c060 tex=0x6017dc080 retain=1 baseline=1 shapeEntries=6 pool=19MB
#### MTL_TEX MIP-NATIVE result attempt=58 tex=0x601851e00 class=AGXG13GFamilyTexture
#### MTL_TEX MIP-NATIVE result attempt=59 tex=0x601852800 class=AGXG13GFamilyTexture
#### MTL_TEX MIP-NATIVE result attempt=60 tex=0x601853200 class=AGXG13GFamilyTexture
#### MTL_TEX MIP-NATIVE result attempt=61 tex=0x601853c00 class=AGXG13GFamilyTexture
#### MTL_TEX MIP-NATIVE result attempt=62 tex=0x601854600 class=AGXG13GFamilyTexture
#### MTL_TEX MIP-NATIVE result attempt=63 tex=0x601855000 class=AGXG13GFamilyTexture
#### MTL_TEX MIP-NATIVE result attempt=64 tex=0x601855a00 class=AGXG13GFamilyTexture
#### IOGPU-CALLBACK-BUFFER-CLEAN commandBuffer=0x600ea4980 class=AGXG13GFamilyCommandBuffer submitSerial=56 fixed=37 target=0x0 start=0x80dbe1737b0 end=0x80dbe1856b1
#### MTL_TEX MIP-NATIVE result attempt=65 tex=0x601856900 class=AGXG13GFamilyTexture
#### MTL_TEX LEASE-HIT #42 key=512x512-pf70-bpe4-fcc1380401729 entry=0x6015dffc0 surf=0x600a7bf40 tex=0x6017da780 retain=1 baseline=1 shapeEntries=14 pool=27MB
#### MTL_TEX MIP-NATIVE result attempt=66 tex=0x601856e00 class=AGXG13GFamilyTexture
#### MTL_TEX LEASE-HIT #43 key=512x512-pf70-bpe4-fcc1380401729 entry=0x6015dedf0 surf=0x600a7bec0 tex=0x6017dac80 retain=1 baseline=1 shapeEntries=14 pool=27MB
#### MTL_TEX MIP-NATIVE result attempt=67 tex=0x601857300 class=AGXG13GFamilyTexture
#### MTL_TEX LEASE-HIT #44 key=512x512-pf70-bpe4-fcc1380401729 entry=0x601820300 surf=0x600a7bcc0 tex=0x6017db180 retain=1 baseline=1 shapeEntries=14 pool=27MB
#### MTL_TEX MIP-NATIVE result attempt=68 tex=0x601857800 class=AGXG13GFamilyTexture
#### MTL_TEX LEASE-HIT #45 key=512x512-pf70-bpe4-fcc1380401729 entry=0x6018201e0 surf=0x600a7bf00 tex=0x6017db680 retain=1 baseline=1 shapeEntries=14 pool=27MB
#### MTL_TEX MIP-NATIVE result attempt=69 tex=0x601857d00 class=AGXG13GFamilyTexture
#### MTL_TEX LEASE-HIT #46 key=512x512-pf70-bpe4-fcc1380401729 entry=0x6011663f0 surf=0x600a7b160 tex=0x6017dbb80 retain=1 baseline=1 shapeEntries=14 pool=27MB
#### MTL_TEX MIP-NATIVE result attempt=70 tex=0x601858200 class=AGXG13GFamilyTexture
#### MTL_TEX LEASE-HIT #47 key=512x512-pf70-bpe4-fcc1380401729 entry=0x6018205a0 surf=0x600a7c060 tex=0x6017dc080 retain=1 baseline=1 shapeEntries=14 pool=27MB
#### MTL_TEX MIP-NATIVE result attempt=71 tex=0x601858700 class=AGXG13GFamilyTexture
#### MTL_TEX LEASE-HIT #48 key=512x512-pf70-bpe4-fcc1380401729 entry=0x6015ded30 surf=0x600a7c040 tex=0x601852580 retain=1 baseline=1 shapeEntries=14 pool=27MB
#### MTL_TEX MIP-NATIVE result attempt=72 tex=0x601858c00 class=AGXG13GFamilyTexture
#### MTL_TEX MIP-NATIVE result attempt=73 tex=0x601859100 class=AGXG13GFamilyTexture
#### MTL_TEX MIP-NATIVE result attempt=74 tex=0x601859600 class=AGXG13GFamilyTexture
#### MTL_TEX MIP-NATIVE result attempt=75 tex=0x601859b00 class=AGXG13GFamilyTexture
#### MTL_TEX MIP-NATIVE result attempt=76 tex=0x60185a000 class=AGXG13GFamilyTexture
#### IOGPU-CALLBACK-BUFFER-CLEAN commandBuffer=0x60172bd00 class=AGXG13GFamilyCommandBuffer submitSerial=57 fixed=37 target=0x0 start=0x80dbe2600f3 end=0x80dbe272624
#### MTL_TEX MIP-NATIVE result attempt=77 tex=0x60185a500 class=AGXG13GFamilyTexture
#### MTL_TEX MIP-NATIVE result attempt=78 tex=0x60185aa00 class=AGXG13GFamilyTexture
#### MTL_TEX MIP-NATIVE result attempt=79 tex=0x60185af00 class=AGXG13GFamilyTexture
#### MTL_TEX MIP-NATIVE result attempt=80 tex=0x60185b400 class=AGXG13GFamilyTexture
#### MTL_TEX MIP-NATIVE result attempt=81 tex=0x60185b900 class=AGXG13GFamilyTexture
#### MTL_TEX MIP-NATIVE result attempt=82 tex=0x60185be00 class=AGXG13GFamilyTexture
#### MTL_TEX MIP-NATIVE result attempt=83 tex=0x60185c300 class=AGXG13GFamilyTexture
#### MTL_TEX MIP-NATIVE result attempt=84 tex=0x60185cd00 class=AGXG13GFamilyTexture
#### MTL_TEX MIP-NATIVE result attempt=85 tex=0x60185d200 class=AGXG13GFamilyTexture
#### MTL_TEX MIP-NATIVE result attempt=86 tex=0x60185d700 class=AGXG13GFamilyTexture
#### MTL_TEX MIP-NATIVE result attempt=87 tex=0x60185dc00 class=AGXG13GFamilyTexture
#### MTL_TEX MIP-NATIVE result attempt=88 tex=0x60185e100 class=AGXG13GFamilyTexture
#### MTL_TEX MIP-NATIVE result attempt=89 tex=0x60185e600 class=AGXG13GFamilyTexture
#### MTL_TEX MIP-NATIVE result attempt=90 tex=0x60185eb00 class=AGXG13GFamilyTexture
#### IOGPU-CALLBACK-BUFFER-CLEAN commandBuffer=0x60172cb00 class=AGXG13GFamilyCommandBuffer submitSerial=58 fixed=39 target=0x0 start=0x80dbe3590ff end=0x80dbe369ce9
#### MTL_TEX MIP-NATIVE result attempt=91 tex=0x60185f000 class=AGXG13GFamilyTexture
#### MTL_TEX MIP-NATIVE result attempt=92 tex=0x60185f500 class=AGXG13GFamilyTexture
#### MTL_TEX MIP-NATIVE result attempt=93 tex=0x60185fa00 class=AGXG13GFamilyTexture
#### MTL_TEX MIP-NATIVE result attempt=94 tex=0x601870000 class=AGXG13GFamilyTexture
#### MTL_TEX MIP-NATIVE result attempt=95 tex=0x601870500 class=AGXG13GFamilyTexture
#### MTL_TEX MIP-NATIVE result attempt=96 tex=0x601870a00 class=AGXG13GFamilyTexture
#### MTL_TEX MIP-NATIVE result attempt=97 tex=0x601871400 class=AGXG13GFamilyTexture
#### IOGPU-CALLBACK-BUFFER-CLEAN commandBuffer=0x600ea4980 class=AGXG13GFamilyCommandBuffer submitSerial=59 fixed=24 target=0x0 start=0x80dbe403f8b end=0x80dbe415dc9
#### MTL_TEX MIP-NATIVE result attempt=98 tex=0x601871e00 class=AGXG13GFamilyTexture
#### MTL_TEX MIP-NATIVE result attempt=99 tex=0x601872800 class=AGXG13GFamilyTexture
#### AGX_LIFE CREATE id=0x39e type=0 surf=0 bytes=0x20000 kr=0 okC=1250 failC=0 okD=324 failD=0 unmatchedD=2 full=0 live=923/187MB [t0=656/126MB t80=4/0MB t82=263/60MB]
#### MTL_TEX MIP-NATIVE result attempt=100 tex=0x601873200 class=AGXG13GFamilyTexture
#### MTL_TEX MIP-NATIVE result attempt=101 tex=0x601873700 class=AGXG13GFamilyTexture
#### MTL_TEX MIP-NATIVE result attempt=102 tex=0x601873c00 class=AGXG13GFamilyTexture
#### MTL_TEX MIP-NATIVE result attempt=103 tex=0x601874600 class=AGXG13GFamilyTexture
#### IOGPU-CALLBACK-BUFFER-CLEAN commandBuffer=0x60172bd00 class=AGXG13GFamilyCommandBuffer submitSerial=60 fixed=18 target=0x0 start=0x80dbe4c0c6d end=0x80dbe4d2d43
#### MTL_TEX MIP-NATIVE result attempt=104 tex=0x601875000 class=AGXG13GFamilyTexture
#### MTL_TEX MIP-NATIVE result attempt=105 tex=0x601875500 class=AGXG13GFamilyTexture
#### MTL_TEX MIP-NATIVE result attempt=106 tex=0x601875a00 class=AGXG13GFamilyTexture
#### IOGPU-CALLBACK-BUFFER-CLEAN commandBuffer=0x60172cb00 class=AGXG13GFamilyCommandBuffer submitSerial=61 fixed=9 target=0x0 start=0x80dbe56fee3 end=0x80dbe57ca11
#### MTL_TEX MIP-NATIVE result attempt=107 tex=0x601875f00 class=AGXG13GFamilyTexture
#### MTL_TEX MIP-NATIVE result attempt=108 tex=0x601876400 class=AGXG13GFamilyTexture
#### AGXIOC heap map #1000 clientID 0x400000 -> resourceID 0x3a9 size 0x400000
#### MTL_TEX MIP-NATIVE result attempt=109 tex=0x601876900 class=AGXG13GFamilyTexture
#### IOGPU-CALLBACK-BUFFER-CLEAN commandBuffer=0x600ea4980 class=AGXG13GFamilyCommandBuffer submitSerial=62 fixed=9 target=0x0 start=0x80dbeb0b02b end=0x80dbeb18e9d
#### MTL_TEX MIP-NATIVE result attempt=110 tex=0x601876e00 class=AGXG13GFamilyTexture
#### MTL_TEX MIP-NATIVE result attempt=111 tex=0x601877300 class=AGXG13GFamilyTexture
#### MTL_TEX MIP-NATIVE result attempt=112 tex=0x601877800 class=AGXG13GFamilyTexture
#### MTL_TEX MIP-NATIVE result attempt=113 tex=0x601877d00 class=AGXG13GFamilyTexture
#### MTL_TEX MIP-NATIVE result attempt=114 tex=0x601878200 class=AGXG13GFamilyTexture
#### IOGPU-CALLBACK-BUFFER-CLEAN commandBuffer=0x60172cb00 class=AGXG13GFamilyCommandBuffer submitSerial=64 fixed=10 target=0x0 start=0x80dbeb65c6b end=0x80dbeb748f5
#### MTL_TEX MIP-NATIVE result attempt=115 tex=0x601878700 class=AGXG13GFamilyTexture
#### MTL_TEX MIP-NATIVE result attempt=116 tex=0x601878c00 class=AGXG13GFamilyTexture
#### MTL_TEX MIP-NATIVE result attempt=117 tex=0x601879100 class=AGXG13GFamilyTexture
#### MTL_TEX MIP-NATIVE result attempt=118 tex=0x601879600 class=AGXG13GFamilyTexture
#### MTL_TEX MIP-NATIVE result attempt=119 tex=0x601879b00 class=AGXG13GFamilyTexture
#### MTL_TEX MIP-NATIVE result attempt=120 tex=0x60187a000 class=AGXG13GFamilyTexture
#### MTL_TEX MIP-NATIVE result attempt=121 tex=0x60187a500 class=AGXG13GFamilyTexture
#### MTL_TEX MIP-NATIVE result attempt=122 tex=0x60187aa00 class=AGXG13GFamilyTexture
#### MTL_TEX MIP-NATIVE result attempt=123 tex=0x60187af00 class=AGXG13GFamilyTexture
#### MTL_TEX MIP-NATIVE result attempt=124 tex=0x60187b400 class=AGXG13GFamilyTexture
#### MTL_TEX MIP-NATIVE result attempt=125 tex=0x60187be00 class=AGXG13GFamilyTexture
#### MTL_TEX MIP-NATIVE result attempt=126 tex=0x60187c800 class=AGXG13GFamilyTexture
#### MTL_TEX MIP-NATIVE result attempt=127 tex=0x60187d200 class=AGXG13GFamilyTexture
#### MTL_TEX MIP-NATIVE result attempt=128 tex=0x60187dc00 class=AGXG13GFamilyTexture
#### MTL_TEX MIP-NATIVE result attempt=129 tex=0x60187e600 class=AGXG13GFamilyTexture
#### MTL_TEX MIP-NATIVE result attempt=130 tex=0x60187f000 class=AGXG13GFamilyTexture
#### MTL_TEX MIP-NATIVE result attempt=131 tex=0x60187fa00 class=AGXG13GFamilyTexture
#### MTL_TEX MIP-NATIVE result attempt=132 tex=0x601890500 class=AGXG13GFamilyTexture
#### MTL_TEX MIP-NATIVE result attempt=133 tex=0x601890f00 class=AGXG13GFamilyTexture
#### MTL_TEX MIP-NATIVE result attempt=134 tex=0x601891400 class=AGXG13GFamilyTexture
#### MTL_TEX MIP-NATIVE result attempt=135 tex=0x6017d4380 class=AGXG13GFamilyTexture
#### MTL_TEX MIP-NATIVE result attempt=136 tex=0x601891b80 class=AGXG13GFamilyTexture
#### IOGPU-CALLBACK-BUFFER-CLEAN commandBuffer=0x60172bd00 class=AGXG13GFamilyCommandBuffer submitSerial=66 fixed=57 target=0x0 start=0x80dbebe6112 end=0x80dbebf5c92
#### MTL_TEX MIP-NATIVE result attempt=137 tex=0x601892080 class=AGXG13GFamilyTexture
#### MTL_TEX MIP-NATIVE result attempt=138 tex=0x601892580 class=AGXG13GFamilyTexture
#### MTL_TEX MIP-NATIVE result attempt=139 tex=0x601892a80 class=AGXG13GFamilyTexture
#### MTL_TEX MIP-NATIVE result attempt=140 tex=0x601892f80 class=AGXG13GFamilyTexture
#### MTL_TEX MIP-NATIVE result attempt=141 tex=0x601893480 class=AGXG13GFamilyTexture
#### MTL_TEX MIP-NATIVE result attempt=142 tex=0x601893980 class=AGXG13GFamilyTexture
#### MTL_TEX MIP-NATIVE result attempt=143 tex=0x601893e80 class=AGXG13GFamilyTexture
#### MTL_TEX MIP-NATIVE result attempt=144 tex=0x601894380 class=AGXG13GFamilyTexture
#### MTL_TEX MIP-NATIVE result attempt=145 tex=0x601894880 class=AGXG13GFamilyTexture
#### MTL_TEX MIP-NATIVE result attempt=146 tex=0x601894d80 class=AGXG13GFamilyTexture
#### MTL_TEX MIP-NATIVE result attempt=147 tex=0x601895280 class=AGXG13GFamilyTexture
#### MTL_TEX MIP-NATIVE result attempt=148 tex=0x601895780 class=AGXG13GFamilyTexture
#### MTL_TEX MIP-NATIVE result attempt=149 tex=0x601895c80 class=AGXG13GFamilyTexture
#### MTL_TEX MIP-NATIVE result attempt=150 tex=0x601896180 class=AGXG13GFamilyTexture
#### MTL_TEX MIP-NATIVE result attempt=151 tex=0x601896680 class=AGXG13GFamilyTexture
#### MTL_TEX MIP-NATIVE result attempt=152 tex=0x601896b80 class=AGXG13GFamilyTexture
#### MTL_TEX MIP-NATIVE result attempt=153 tex=0x601897080 class=AGXG13GFamilyTexture
#### MTL_TEX MIP-NATIVE result attempt=154 tex=0x601897580 class=AGXG13GFamilyTexture
#### MTL_TEX MIP-NATIVE result attempt=155 tex=0x601897a80 class=AGXG13GFamilyTexture
#### MTL_TEX MIP-NATIVE result attempt=156 tex=0x601477f80 class=AGXG13GFamilyTexture
#### MTL_TEX MIP-NATIVE result attempt=157 tex=0x601898200 class=AGXG13GFamilyTexture
#### MTL_TEX MIP-NATIVE result attempt=158 tex=0x601898c00 class=AGXG13GFamilyTexture
#### MTL_TEX MIP-NATIVE result attempt=159 tex=0x601899600 class=AGXG13GFamilyTexture
#### MTL_TEX MIP-NATIVE result attempt=160 tex=0x60189a000 class=AGXG13GFamilyTexture
#### AGXIOC Scalar sel=0x10->0xe inCnt=1 -> 0x0
#### AGXIOC Method sel=0xd->0xc inCnt=2 inSC=0 outSC=0 -> 0x0
#### AGXIOC Method sel=0xd->0xc inCnt=2 inSC=0 outSC=0 -> 0x0
#### AGXIOC Method sel=0xd->0xc inCnt=2 inSC=0 outSC=0 -> 0x0
#### AGXIOC Method sel=0xd->0xc inCnt=2 inSC=0 outSC=0 -> 0x0
#### AGXIOC Method sel=0xd->0xc inCnt=2 inSC=0 outSC=0 -> 0x0
#### AGXIOC Method sel=0xd->0xc inCnt=2 inSC=0 outSC=0 -> 0x0
#### AGXIOC Method sel=0xd->0xc inCnt=2 inSC=0 outSC=0 -> 0x0
#### AGXIOC Method sel=0xd->0xc inCnt=2 inSC=0 outSC=0 -> 0x0
#### IOGPU-CALLBACK-BUFFER-CLEAN commandBuffer=0x60172cb00 class=AGXG13GFamilyCommandBuffer submitSerial=67 fixed=66 target=0x0 start=0x80dc01e6ced end=0x80dc020a136
