[launchdchrootexec] target=/Applications/Visual Studio Code.app/Contents/MacOS/Electron arch=arm64 insert=/usr/local/lib/libmachook_arm64.dylib
getppid = 1
#### MACWS_HID_BYPASS installed SetMatchingMultiple → no-op (1) at 0x18cf3de8c — skips iOS-format CFBinaryPlist parse inside
####   IOHIDEventSystemClientCacheMatchingServices → IOHIDUnserializeAndVMDealloc → CFPropertyListCreateFromStream
####   that BUS_ADRALNs in the IOMFBServer thread.
#### MACWS_AGX_RENAMER_PATCH: off (set MACWS_AGX_RENAMER_PATCH=1 to enable)
#### MACWS_ASSERT_BYPASS DISABLED (set MACWS_KEEP_ASSERT_BYPASS=1 to restore lazy bypass) — real __assert_rtn now reaches abort
#### MACWS_AGX_NATIVE [ctor] pre-loaded IOGPU via /System/Library/PrivateFrameworks/IOGPU.framework/IOGPU -> 0x3a66bcc10
#### XPC_BOOTSTRAP: fn=0x189af5140 dict=0x13cf08410 (registering Metal/ViewBridge/HIServices)
#### XPC_BOOTSTRAP: called OK
#### COEXIST API SwapEnd hook installed target=0x1949d31cc trampoline=0x100df4000
#### SkyLight PrepareForUse tolerate-nil hook installed at 0x18edb4fc4
#### SkyLight StartCompositeForDisplayStream nil-skip hook installed at 0x18ebddd74
#### SkyLight StartComposite(WSCD) tolerate-nil + pop-on-bail hook installed at 0x18ebdd358
#### SkyLight StartComposite(MTLTex) pop-on-bail hook installed at 0x18ebddfb8
#### SkyLight EndCurrentComposite(bool) completion hook installed at 0x18ebdc53c
#### SkyLight EndUpdate(bool) submission hook installed at 0x18ebdc0b0
#### SkyLight _state_stack pop_back resolved at 0x18ebdafa0
#### SkyLight WSCompositeDestinationCreateWithMetalTexture nil-tolerate hook installed at 0x18ebe053c
#### SkyLight MetalContext::StopCapture invalid-this guard installed at 0x18ebdc1bc
#### MACWS_AGX_NATIVE class_addMethod(MTLTextureDescriptor, validateWithDevice:) = 1
#### MACWS_AGX_NATIVE class_addMethod(IOGPUMetalTexture, isMemoryless) = 1
#### MACWS_AGX_NATIVE class_addMethod(IOGPUMetalTexture, getCPUSizeBytes) = 1
#### MACWS_AGX_NATIVE class_addMethod(IOGPUMetalTexture, getAlignment) = 1
#### MACWS_AGX_NATIVE class_addMethod(IOGPUMetalTexture, descriptorPrivate) = 1
#### MACWS_AGX_NATIVE class_addMethod(IOGPUMetalTexture, getBytesPerRow) = 1
#### MACWS_AGX_NATIVE class_addMethod(IOGPUMetalTexture, updateBindDataWithAddresses:gpuVirtualAddress:) = 1
#### MACWS_AGX_NATIVE class_addMethod(IOGPUMetalTexture, updateBindDataWithAddresses:gpuVirtualAddress:shouldInitMetadata:) = 1
#### MACWS_AGX_NATIVE class_addMethod(IOGPUMetalTexture, allocBufferSubDataWithLength:options:alignment:heapIndex:bufferIndex:bufferOffset:) = 1
#### MACWS_AGX_NATIVE class_addMethod(IOGPUMetalTexture, initNewTextureData:) = 1
#### MACWS_AGX_NATIVE class_addMethod(MTLTextureDescriptor, isMemoryless) = 1
#### MACWS_AGX_NATIVE class_addMethod(MTLTextureDescriptor, protectionOptions) = 1
#### MACWS_AGX_NATIVE class_addMethod(MTLTextureDescriptor, getCPUSizeBytes) = 1
#### MACWS_AGX_NATIVE class_addMethod(MTLTextureDescriptor, getAlignment) = 1
#### MACWS_AGX_NATIVE class_addMethod(MTLTextureDescriptor, descriptorPrivate) = 1
#### MACWS_AGX_NATIVE class_addMethod(MTLTextureDescriptor, getBytesPerRow) = 1
#### MACWS_AGX_NATIVE class_addMethod(MTLTextureDescriptor, updateBindDataWithAddresses:gpuVirtualAddress:) = 1
#### MACWS_AGX_NATIVE class_addMethod(MTLTextureDescriptor, updateBindDataWithAddresses:gpuVirtualAddress:shouldInitMetadata:) = 1
#### MACWS_AGX_NATIVE class_addMethod(MTLTextureDescriptor, allocBufferSubDataWithLength:options:alignment:heapIndex:bufferIndex:bufferOffset:) = 1
#### MACWS_AGX_NATIVE class_addMethod(MTLTextureDescriptor, initNewTextureData:) = 1
#### AMFI-POLICY-COMPAT policy=AMFI op=0x60 status=0x4 (iOS task ports are hard-immovable)
#### CSR-POLICY-COMPAT active_config=0x0 (conservative iOS compatibility value)
[69585:0728/060135.597658:VERBOSE1:components/device_event_log/device_event_log_impl.cc:204] [06:01:35.591] Display: EVENT: screen_mac.mm:465 Displays updated, count: 1
[69585:0728/060135.597884:VERBOSE1:components/device_event_log/device_event_log_impl.cc:204] [06:01:35.597] Display: EVENT: screen_mac.mm:467 Display[1] bounds=[0,0 1194x834], workarea=[0,25 1194x809], scale=2, rotation=0, panel_rotation=0 internal detected
#### JIT-MPROTECT range[0]=[0x280000000,0x290000000) source=MAP_JIT-EINVAL
#### JIT-MPROTECT execution barrier installed (W^X fetch-wait compatibility)
#### JIT-MPROTECT range[0]=[0x280000000,0x290000000) source=MAP_JIT-EINVAL
#### JIT-MPROTECT range[0]=[0x280000000,0x290000000) source=MAP_JIT-EINVAL
#### JIT-MPROTECT range[0]=[0x280000000,0x290000000) source=MAP_JIT-EINVAL
#### JIT-MPROTECT range[0]=[0x280000000,0x290000000) source=MAP_JIT-EINVAL
#### JIT-MPROTECT range[0]=[0x280000000,0x290000000) source=MAP_JIT-EINVAL
#### JIT-MPROTECT range[0]=[0x280000000,0x290000000) source=MAP_JIT-EINVAL
#### JIT-MPROTECT range[0]=[0x280000000,0x290000000) source=MAP_JIT-EINVAL
#### JIT-MPROTECT range[0]=[0x170000000,0x180000000) source=MAP_JIT-EINVAL
#### JIT-MPROTECT call #1 addr=0x170000000 size=0x10000000 requested=0x7 effective=0x3 result=0 errno=0 caller=0x112d72334 image=/Applications/Visual Studio Code.app/Contents/Frameworks/Electron Framework.framework/Versions/A/Electron Framework offset=0x63b2334
#### JIT-MPROTECT remap decline #1 dst=0x177dc0000 size=0x208000 src=0x10f068000 requested=0x5 -> V8 copy fallback
#### JIT-MPROTECT flip #1 ranges=1 prot=RW writers=1 exec_waits=0 late_retries=0
#### JIT-MPROTECT flip #2 ranges=1 prot=RX writers=1 exec_waits=0 late_retries=0
#### JIT-MPROTECT flip #3 ranges=1 prot=RW writers=1 exec_waits=0 late_retries=0
#### JIT-MPROTECT flip #4 ranges=1 prot=RX writers=1 exec_waits=0 late_retries=0
#### JIT-MPROTECT flip #5 ranges=1 prot=RW writers=1 exec_waits=0 late_retries=0
#### JIT-MPROTECT flip #6 ranges=1 prot=RX writers=1 exec_waits=0 late_retries=0
#### JIT-MPROTECT flip #7 ranges=1 prot=RW writers=1 exec_waits=0 late_retries=0
#### JIT-MPROTECT flip #8 ranges=1 prot=RX writers=1 exec_waits=0 late_retries=0
#### JIT-MPROTECT flip #9 ranges=1 prot=RW writers=1 exec_waits=0 late_retries=0
#### JIT-MPROTECT flip #10 ranges=1 prot=RX writers=1 exec_waits=0 late_retries=0
#### JIT-MPROTECT flip #11 ranges=1 prot=RW writers=1 exec_waits=0 late_retries=0
#### JIT-MPROTECT flip #12 ranges=1 prot=RX writers=1 exec_waits=0 late_retries=0
#### JIT-MPROTECT flip #13 ranges=1 prot=RW writers=1 exec_waits=0 late_retries=0
#### JIT-MPROTECT flip #14 ranges=1 prot=RX writers=1 exec_waits=0 late_retries=0
#### JIT-MPROTECT flip #15 ranges=1 prot=RW writers=1 exec_waits=0 late_retries=0
#### JIT-MPROTECT flip #16 ranges=1 prot=RX writers=1 exec_waits=0 late_retries=0
#### JIT-MPROTECT flip #17 ranges=1 prot=RW writers=1 exec_waits=0 late_retries=0
#### JIT-MPROTECT flip #18 ranges=1 prot=RX writers=1 exec_waits=0 late_retries=0
#### JIT-MPROTECT flip #19 ranges=1 prot=RW writers=1 exec_waits=0 late_retries=0
#### JIT-MPROTECT flip #20 ranges=1 prot=RX writers=1 exec_waits=0 late_retries=0
#### JIT-MPROTECT flip #21 ranges=1 prot=RW writers=1 exec_waits=0 late_retries=0
#### JIT-MPROTECT flip #22 ranges=1 prot=RX writers=1 exec_waits=0 late_retries=0
#### JIT-MPROTECT flip #23 ranges=1 prot=RW writers=1 exec_waits=0 late_retries=0
#### JIT-MPROTECT flip #24 ranges=1 prot=RX writers=1 exec_waits=0 late_retries=0
#### JIT-MPROTECT flip #25 ranges=1 prot=RW writers=1 exec_waits=0 late_retries=0
#### JIT-MPROTECT flip #26 ranges=1 prot=RX writers=1 exec_waits=0 late_retries=0
#### JIT-MPROTECT flip #27 ranges=1 prot=RW writers=1 exec_waits=0 late_retries=0
#### JIT-MPROTECT flip #28 ranges=1 prot=RX writers=1 exec_waits=0 late_retries=0
#### JIT-MPROTECT flip #29 ranges=1 prot=RW writers=1 exec_waits=0 late_retries=0
#### JIT-MPROTECT flip #30 ranges=1 prot=RX writers=1 exec_waits=0 late_retries=0
#### JIT-MPROTECT flip #31 ranges=1 prot=RW writers=1 exec_waits=0 late_retries=0
#### JIT-MPROTECT flip #32 ranges=1 prot=RX writers=1 exec_waits=0 late_retries=0
#### JIT-MPROTECT flip #1024 ranges=1 prot=RX writers=1 exec_waits=0 late_retries=0
#### MACWS_HID_BYPASS installed SetMatchingMultiple → no-op (1) at 0x18cf3de8c — skips iOS-format CFBinaryPlist parse inside
####   IOHIDEventSystemClientCacheMatchingServices → IOHIDUnserializeAndVMDealloc → CFPropertyListCreateFromStream
####   that BUS_ADRALNs in the IOMFBServer thread.
#### MACWS_AGX_RENAMER_PATCH: off (set MACWS_AGX_RENAMER_PATCH=1 to enable)
#### MACWS_ASSERT_BYPASS DISABLED (set MACWS_KEEP_ASSERT_BYPASS=1 to restore lazy bypass) — real __assert_rtn now reaches abort
#### MACWS_AGX_NATIVE [ctor] pre-loaded IOGPU via /System/Library/PrivateFrameworks/IOGPU.framework/IOGPU -> 0x3a66bcc10
#### XPC_BOOTSTRAP: fn=0x189af5140 dict=0x150005750 (registering Metal/ViewBridge/HIServices)
#### XPC_BOOTSTRAP: called OK
#### COEXIST API SwapEnd hook installed target=0x1949d31cc trampoline=0x10459c000
#### SkyLight PrepareForUse tolerate-nil hook installed at 0x18edb4fc4
#### SkyLight StartCompositeForDisplayStream nil-skip hook installed at 0x18ebddd74
#### SkyLight StartComposite(WSCD) tolerate-nil + pop-on-bail hook installed at 0x18ebdd358
#### SkyLight StartComposite(MTLTex) pop-on-bail hook installed at 0x18ebddfb8
#### SkyLight EndCurrentComposite(bool) completion hook installed at 0x18ebdc53c
#### SkyLight EndUpdate(bool) submission hook installed at 0x18ebdc0b0
#### SkyLight _state_stack pop_back resolved at 0x18ebdafa0
#### SkyLight WSCompositeDestinationCreateWithMetalTexture nil-tolerate hook installed at 0x18ebe053c
#### SkyLight MetalContext::StopCapture invalid-this guard installed at 0x18ebdc1bc
#### MACWS_AGX_NATIVE class_addMethod(MTLTextureDescriptor, validateWithDevice:) = 1
#### MACWS_AGX_NATIVE class_addMethod(IOGPUMetalTexture, isMemoryless) = 1
#### MACWS_AGX_NATIVE class_addMethod(IOGPUMetalTexture, getCPUSizeBytes) = 1
#### MACWS_AGX_NATIVE class_addMethod(IOGPUMetalTexture, getAlignment) = 1
#### MACWS_AGX_NATIVE class_addMethod(IOGPUMetalTexture, descriptorPrivate) = 1
#### MACWS_AGX_NATIVE class_addMethod(IOGPUMetalTexture, getBytesPerRow) = 1
#### MACWS_AGX_NATIVE class_addMethod(IOGPUMetalTexture, updateBindDataWithAddresses:gpuVirtualAddress:) = 1
#### MACWS_AGX_NATIVE class_addMethod(IOGPUMetalTexture, updateBindDataWithAddresses:gpuVirtualAddress:shouldInitMetadata:) = 1
#### MACWS_AGX_NATIVE class_addMethod(IOGPUMetalTexture, allocBufferSubDataWithLength:options:alignment:heapIndex:bufferIndex:bufferOffset:) = 1
#### MACWS_AGX_NATIVE class_addMethod(IOGPUMetalTexture, initNewTextureData:) = 1
#### MACWS_AGX_NATIVE class_addMethod(MTLTextureDescriptor, isMemoryless) = 1
#### MACWS_AGX_NATIVE class_addMethod(MTLTextureDescriptor, protectionOptions) = 1
#### MACWS_AGX_NATIVE class_addMethod(MTLTextureDescriptor, getCPUSizeBytes) = 1
#### MACWS_AGX_NATIVE class_addMethod(MTLTextureDescriptor, getAlignment) = 1
#### MACWS_AGX_NATIVE class_addMethod(MTLTextureDescriptor, descriptorPrivate) = 1
#### MACWS_AGX_NATIVE class_addMethod(MTLTextureDescriptor, getBytesPerRow) = 1
#### MACWS_AGX_NATIVE class_addMethod(MTLTextureDescriptor, updateBindDataWithAddresses:gpuVirtualAddress:) = 1
#### MACWS_AGX_NATIVE class_addMethod(MTLTextureDescriptor, updateBindDataWithAddresses:gpuVirtualAddress:shouldInitMetadata:) = 1
#### MACWS_AGX_NATIVE class_addMethod(MTLTextureDescriptor, allocBufferSubDataWithLength:options:alignment:heapIndex:bufferIndex:bufferOffset:) = 1
#### MACWS_AGX_NATIVE class_addMethod(MTLTextureDescriptor, initNewTextureData:) = 1
[69585:0728/060136.993135:ERROR:third_party/crashpad/crashpad/util/file/file_io.cc:103] ReadExactly: expected 8, observed 0
[69585:0728/060137.033989:VERBOSE1:components/proxy_config/pref_proxy_config_tracker_impl.cc:462] 0x6004c2a40: set chrome proxy config service to 0x6004b1a40

DevTools listening on ws://127.0.0.1:9222/devtools/browser/73dca3e5-6655-4a99-a530-c61dfba52602
[69585:0728/060137.046619:VERBOSE1:content/browser/first_party_sets/first_party_sets_handler_impl_instance.cc:270] Empty path. Failed initializing First-Party Sets database.
2026-07-28 06:01:37.172 Electron[69585:8247969] id createVolumeObserverSubsystem(NSWorkspaceNotificationCenter *): Failed to create volume observer.
2026-07-28 06:01:37.172 Electron[69585:8247969] id createVolumeObserverSubsystem(NSWorkspaceNotificationCenter *): Failed to create volume observer.
2026-07-28 06:01:37.173 Electron[69585:8247969] id createVolumeObserverSubsystem(NSWorkspaceNotificationCenter *): Failed to create volume observer.
2026-07-28 06:01:37.176 Electron[69585:8247969] XType: Using static font registry.
#### tile-encoder forwards: class MTLSimRenderCommandEncoder NOT found
#### IOGPU-CALLBACK-DIAG installed queueClass=0x1e4f988d0 method=0x0 orig=0x0 bufferClass=0x1e4f98830 method=0x1a6b0f9a5 orig=0x1a6af2be8 errorMethod=0x19334be01 errorOrig=0x19321ddcc (file-gated)
#### NSXPCSharedListener class=0x1e5313bd8
#### NSXPCSharedListener endpointForReply swizzle installed
#### NSXPCSharedListener connectToService swizzle installed
#### NSXPCSharedListener connectToService intercepted (graceful fail)
[69585:0728/060137.237821:WARNING:content/browser/child_process_task_port_provider_mac.cc:53] AppleMobileFileIntegrity is disabled. The browser will not collect child process task ports.
[69585:0728/060137.251870:ERROR:net/cert/internal/trust_store_mac.cc:489] SecKeychainAddCallback failed: Error Domain=NSOSStatusErrorDomain Code=-50 "paramErr: error in user parameter list" (-50)
[69585:0728/060137.252022:ERROR:net/cert/internal/trust_store_mac.cc:489] SecKeychainAddCallback failed: Error Domain=NSOSStatusErrorDomain Code=-50 "paramErr: error in user parameter list" (-50)
#### MACWS_HID_BYPASS installed SetMatchingMultiple → no-op (1) at 0x18cf3de8c — skips iOS-format CFBinaryPlist parse inside
####   IOHIDEventSystemClientCacheMatchingServices → IOHIDUnserializeAndVMDealloc → CFPropertyListCreateFromStream
####   that BUS_ADRALNs in the IOMFBServer thread.
#### MACWS_AGX_RENAMER_PATCH: off (set MACWS_AGX_RENAMER_PATCH=1 to enable)
#### MACWS_ASSERT_BYPASS DISABLED (set MACWS_KEEP_ASSERT_BYPASS=1 to restore lazy bypass) — real __assert_rtn now reaches abort
#### MACWS_AGX_NATIVE [ctor] pre-loaded IOGPU via /System/Library/PrivateFrameworks/IOGPU.framework/IOGPU -> 0x3a66bcc10
#### XPC_BOOTSTRAP: fn=0x189af5140 dict=0x11e61e060 (registering Metal/ViewBridge/HIServices)
#### XPC_BOOTSTRAP: called OK
Warning: 'remote-debugging-port' is not in the list of known options, but still passed to Electron/Chromium.
Warning: 'remote-allow-origins' is not in the list of known options, but still passed to Electron/Chromium.
Warning: 'use-angle' is not in the list of known options, but still passed to Electron/Chromium.
Warning: 'ignore-gpu-blocklist' is not in the list of known options, but still passed to Electron/Chromium.
Warning: 'disable-features' is not in the list of known options, but still passed to Electron/Chromium.
Warning: 'enable-logging' is not in the list of known options, but still passed to Electron/Chromium.
#### COEXIST API SwapEnd hook installed target=0x1949d31cc trampoline=0x1045f0000
#### SkyLight PrepareForUse tolerate-nil hook installed at 0x18edb4fc4
#### SkyLight StartCompositeForDisplayStream nil-skip hook installed at 0x18ebddd74
#### SkyLight StartComposite(WSCD) tolerate-nil + pop-on-bail hook installed at 0x18ebdd358
[69585:0728/060137.515698:VERBOSE1:components/proxy_config/pref_proxy_config_tracker_impl.cc:462] 0x601e24ac0: set chrome proxy config service to 0x6004b4280
#### SkyLight StartComposite(MTLTex) pop-on-bail hook installed at 0x18ebddfb8
#### SkyLight EndCurrentComposite(bool) completion hook installed at 0x18ebdc53c
#### SkyLight EndUpdate(bool) submission hook installed at 0x18ebdc0b0
#### SkyLight _state_stack pop_back resolved at 0x18ebdafa0
#### SkyLight WSCompositeDestinationCreateWithMetalTexture nil-tolerate hook installed at 0x18ebe053c
#### SkyLight MetalContext::StopCapture invalid-this guard installed at 0x18ebdc1bc
[69585:0728/060137.537806:VERBOSE1:components/device_event_log/device_event_log_impl.cc:204] [06:01:37.537] Bluetooth: EVENT: bluetooth_api.cc:82 BluetoothAPI: 0x6000f7220
[69585:0728/060137.539048:VERBOSE1:base/files/file_util_posix.cc:309] Cannot stat "/tmp/macws-vscode-profile-agx-native-targetfix11/databases": No such file or directory (2)
#### MACWS_AGX_NATIVE class_addMethod(MTLTextureDescriptor, validateWithDevice:) = 1
#### MACWS_AGX_NATIVE class_addMethod(IOGPUMetalTexture, isMemoryless) = 1
#### MACWS_AGX_NATIVE class_addMethod(IOGPUMetalTexture, getCPUSizeBytes) = 1
#### MACWS_AGX_NATIVE class_addMethod(IOGPUMetalTexture, getAlignment) = 1
#### MACWS_AGX_NATIVE class_addMethod(IOGPUMetalTexture, descriptorPrivate) = 1
#### MACWS_AGX_NATIVE class_addMethod(IOGPUMetalTexture, getBytesPerRow) = 1
#### MACWS_AGX_NATIVE class_addMethod(IOGPUMetalTexture, updateBindDataWithAddresses:gpuVirtualAddress:) = 1
#### MACWS_AGX_NATIVE class_addMethod(IOGPUMetalTexture, updateBindDataWithAddresses:gpuVirtualAddress:shouldInitMetadata:) = 1
#### MACWS_AGX_NATIVE class_addMethod(IOGPUMetalTexture, allocBufferSubDataWithLength:options:alignment:heapIndex:bufferIndex:bufferOffset:) = 1
#### MACWS_AGX_NATIVE class_addMethod(IOGPUMetalTexture, initNewTextureData:) = 1
#### MACWS_AGX_NATIVE class_addMethod(MTLTextureDescriptor, isMemoryless) = 1
#### MACWS_AGX_NATIVE class_addMethod(MTLTextureDescriptor, protectionOptions) = 1
#### MACWS_AGX_NATIVE class_addMethod(MTLTextureDescriptor, getCPUSizeBytes) = 1
#### MACWS_AGX_NATIVE class_addMethod(MTLTextureDescriptor, getAlignment) = 1
#### MACWS_AGX_NATIVE class_addMethod(MTLTextureDescriptor, descriptorPrivate) = 1
#### MACWS_AGX_NATIVE class_addMethod(MTLTextureDescriptor, getBytesPerRow) = 1
#### MACWS_AGX_NATIVE class_addMethod(MTLTextureDescriptor, updateBindDataWithAddresses:gpuVirtualAddress:) = 1
#### MACWS_AGX_NATIVE class_addMethod(MTLTextureDescriptor, updateBindDataWithAddresses:gpuVirtualAddress:shouldInitMetadata:) = 1
#### MACWS_AGX_NATIVE class_addMethod(MTLTextureDescriptor, allocBufferSubDataWithLength:options:alignment:heapIndex:bufferIndex:bufferOffset:) = 1
#### MACWS_AGX_NATIVE class_addMethod(MTLTextureDescriptor, initNewTextureData:) = 1
[69585:0728/060137.539568:VERBOSE1:base/files/file_util_posix.cc:309] Cannot stat "/tmp/macws-vscode-profile-agx-native-targetfix11/Code Cache/pc": No such file or directory (2)
#### MACWS_HID_BYPASS installed SetMatchingMultiple → no-op (1) at 0x18cf3de8c — skips iOS-format CFBinaryPlist parse inside
####   IOHIDEventSystemClientCacheMatchingServices → IOHIDUnserializeAndVMDealloc → CFPropertyListCreateFromStream
####   that BUS_ADRALNs in the IOMFBServer thread.
#### MACWS_AGX_RENAMER_PATCH: off (set MACWS_AGX_RENAMER_PATCH=1 to enable)
#### MACWS_ASSERT_BYPASS DISABLED (set MACWS_KEEP_ASSERT_BYPASS=1 to restore lazy bypass) — real __assert_rtn now reaches abort
#### MACWS_AGX_NATIVE [ctor] pre-loaded IOGPU via /System/Library/PrivateFrameworks/IOGPU.framework/IOGPU -> 0x3a66bcc10
#### XPC_BOOTSTRAP: fn=0x189af5140 dict=0x15810ad90 (registering Metal/ViewBridge/HIServices)
#### XPC_BOOTSTRAP: called OK
#### COEXIST API SwapEnd hook installed target=0x1949d31cc trampoline=0x1029f8000
#### SkyLight PrepareForUse tolerate-nil hook installed at 0x18edb4fc4
#### SkyLight StartCompositeForDisplayStream nil-skip hook installed at 0x18ebddd74
#### SkyLight StartComposite(WSCD) tolerate-nil + pop-on-bail hook installed at 0x18ebdd358
#### SkyLight StartComposite(MTLTex) pop-on-bail hook installed at 0x18ebddfb8
#### SkyLight EndCurrentComposite(bool) completion hook installed at 0x18ebdc53c
#### SkyLight EndUpdate(bool) submission hook installed at 0x18ebdc0b0
#### SkyLight _state_stack pop_back resolved at 0x18ebdafa0
#### SkyLight WSCompositeDestinationCreateWithMetalTexture nil-tolerate hook installed at 0x18ebe053c
#### SkyLight MetalContext::StopCapture invalid-this guard installed at 0x18ebdc1bc
#### MACWS_AGX_NATIVE class_addMethod(MTLTextureDescriptor, validateWithDevice:) = 1
#### MACWS_AGX_NATIVE class_addMethod(IOGPUMetalTexture, isMemoryless) = 1
#### MACWS_AGX_NATIVE class_addMethod(IOGPUMetalTexture, getCPUSizeBytes) = 1
#### MACWS_AGX_NATIVE class_addMethod(IOGPUMetalTexture, getAlignment) = 1
#### MACWS_AGX_NATIVE class_addMethod(IOGPUMetalTexture, descriptorPrivate) = 1
#### MACWS_AGX_NATIVE class_addMethod(IOGPUMetalTexture, getBytesPerRow) = 1
#### MACWS_AGX_NATIVE class_addMethod(IOGPUMetalTexture, updateBindDataWithAddresses:gpuVirtualAddress:) = 1
#### MACWS_AGX_NATIVE class_addMethod(IOGPUMetalTexture, updateBindDataWithAddresses:gpuVirtualAddress:shouldInitMetadata:) = 1
#### MACWS_AGX_NATIVE class_addMethod(IOGPUMetalTexture, allocBufferSubDataWithLength:options:alignment:heapIndex:bufferIndex:bufferOffset:) = 1
#### MACWS_AGX_NATIVE class_addMethod(IOGPUMetalTexture, initNewTextureData:) = 1
#### MACWS_AGX_NATIVE class_addMethod(MTLTextureDescriptor, isMemoryless) = 1
#### MACWS_AGX_NATIVE class_addMethod(MTLTextureDescriptor, protectionOptions) = 1
#### MACWS_AGX_NATIVE class_addMethod(MTLTextureDescriptor, getCPUSizeBytes) = 1
#### MACWS_AGX_NATIVE class_addMethod(MTLTextureDescriptor, getAlignment) = 1
#### MACWS_AGX_NATIVE class_addMethod(MTLTextureDescriptor, descriptorPrivate) = 1
#### MACWS_AGX_NATIVE class_addMethod(MTLTextureDescriptor, getBytesPerRow) = 1
#### MACWS_AGX_NATIVE class_addMethod(MTLTextureDescriptor, updateBindDataWithAddresses:gpuVirtualAddress:) = 1
#### MACWS_AGX_NATIVE class_addMethod(MTLTextureDescriptor, updateBindDataWithAddresses:gpuVirtualAddress:shouldInitMetadata:) = 1
#### MACWS_AGX_NATIVE class_addMethod(MTLTextureDescriptor, allocBufferSubDataWithLength:options:alignment:heapIndex:bufferIndex:bufferOffset:) = 1
#### MACWS_AGX_NATIVE class_addMethod(MTLTextureDescriptor, initNewTextureData:) = 1
#### JIT-MPROTECT flip #2048 ranges=1 prot=RX writers=1 exec_waits=1 late_retries=1
2026-07-28 06:01:37.688 Electron[69585:8248115] Connection Invalid error for service com.apple.hiservices-xpcservice.
2026-07-28 06:01:37.688 Electron[69585:8247969] Error received in message reply handler: Connection invalid
#### AMFI-POLICY-COMPAT policy=AMFI op=0x60 status=0x4 (iOS task ports are hard-immovable)
#### CSR-POLICY-COMPAT active_config=0x0 (conservative iOS compatibility value)
[69585:0728/060138.007443:VERBOSE1:base/files/file_util_posix.cc:309] Cannot stat "/tmp/macws-vscode-profile-agx-native-targetfix11/CachedData/1b6a188127eeaf9194f945eb6eb89a657e93c54c/chrome/pc": No such file or directory (2)
[69625:0728/060138.007103:ERROR:base/process/process_mac.cc:53] task_policy_set TASK_CATEGORY_POLICY: (os/kern) invalid argument (4)
#### AMFI-POLICY-COMPAT policy=AMFI op=0x60 status=0x4 (iOS task ports are hard-immovable)
#### CSR-POLICY-COMPAT active_config=0x0 (conservative iOS compatibility value)
[69624:0728/060138.063453:ERROR:base/process/process_mac.cc:53] task_policy_set TASK_CATEGORY_POLICY: (os/kern) invalid argument (4)
[90m[main 2026-07-28T13:01:38.094Z][0m StorageMainService: creating application shared storage
#### JIT-MPROTECT flip #3072 ranges=1 prot=RX writers=1 exec_waits=36 late_retries=3
#### MACWS_AGX_NATIVE pre-loaded IOGPU via /System/Library/PrivateFrameworks/IOGPU.framework/IOGPU -> 0x3a66bcc10
#### MACWS_AGX_NATIVE dlsym(IOGPUResourceCreate) = 0x1a6b060a0
#### MACWS_AGX_NATIVE dlsym(IOGPUMetalCommonResourceCreate) = 0x0
#### MACWS_AGX_NATIVE dlsym(IOGPUDeviceCreateWithAPIProperty) = 0x1a6b040fc
#### MACWS_AGX_NATIVE dlsym(_IOGPUMetalAllocateResource) = 0x0
#### MACWS_AGX_NATIVE dlsym(IOGPUMetalAllocateResource) = 0x0
#### AGX_CLASSREF_DIAG newTexture iosurface alloc class @0x224259298 = 0x2268025f0 name=AGXG13GFamilyTexture
#### AGX_CLASSREF_DIAG initImpl method m=0x1ef4113ad imp=0x1ef3fa284 expected stub=0x1ef40a880 real=0x1ef3fa284 WHICH=AGXG13GFamilyTexture-real
#### MACWS_AGX_OBJC_AUTDA_PATCH msgSendSuper2=0x189a15e00 code=0x189a15e00 autda@0x189a15e10 insn=0xdac11a30
####   PATCHED autda x16,x17 → xpacd x16 (0xdac11a30 → 0xdac147f0)
#### MACWS_AGX_SEL_DIAG super-init SEL static=0x1cffc6f26 slid=0x1d9976f26 readable=1
####   bytes="initWithDevice:descriptor:iosurface:plane:field:args:argsSize:"
####   sel_registerName(...) = 0x1d9976f26 name="initWithDevice:descriptor:iosurface:plane:field:args:argsSize:"
####   objc_getClass(IOGPUMetalTexture) = 0x1e4f98fb0
####   IOGPUMetalTexture method count = 71
####     - initNewTextureData:
####     - updateBindDataWithAddresses:gpuVirtualAddress:shouldInitMetadata:
####     - initWithBuffer:descriptor:offset:bytesPerRow:
####     - initWithBuffer:descriptor:sysMemOffset:sysMemRowBytes:vidMemSize:vidMemRowBytes:args:argsSize:
####     - initWithBuffer:descriptor:sysMemOffset:sysMemRowBytes:vidMemSize:vidMemRowBytes:args:argsSize:isStrideTexture:
####     - initWithDevice:descriptor:iosurface:plane:field:args:argsSize:
####     - initWithDevice:descriptor:sysMemSize:sysMemRowBytes:vidMemSize:vidMemRowBytes:args:argsSize:
####     - initWithDevice:remoteStorageTexture:args:argsSize:
####     - initWithHeap:resource:offset:length:device:descriptor:
####     - initWithTexture:pixelFormat:
####     - initWithTexture:pixelFormat:textureType:levels:slices:
####     - initWithTexture:pixelFormat:textureType:levels:slices:swizzle:
####     - initWithTextureInternal:pixelFormat:textureType:levels:slices:swizzle:compressedView:
####     - initWithPrimaryBuffer:heapIndex:bufferIndex:bufferOffset:length:descriptor:sysMemRowBytes:vidMemSize:vidMemRowBytes:args:argsSize:
####   AGXTexture super class = 0x0 ((nil))
####   super responds to "initWithDevice:desc:iosurface:plane:" = 0 (Method=0x0)
####   super responds to "initWithDevice:descriptor:iosurface:plane:" = 0 (Method=0x0)
####   super responds to "initWithDevice:descriptor:iosurface:plane:field:args:argsSize:" = 0 (Method=0x0)
####   super responds to "initImplWithDevice:Descriptor:iosurface:plane:buffer:bytesPerRow:allowNPOT:sparsePageSize:isCompressedIOSurface:isHeapBacked:" = 0 (Method=0x0)
#### MACWS_AGX_STUB_FIX objc_msgSendSuper2
####   stub@0x1ef40dfc0 insns=[d01cf7f1 9132a231 f9400230 d71f0a11]
####   slot@0x22930bca8 value=0x189a15e00 sym=objc_msgSendSuper2 base=0x189a0c000 path=/usr/lib/libobjc.A.dylib
####   PATCHED → br 0x189a15e00 (movz/movk/movk/br)
####   new=[d28bc010 f2b13430 f2c00030 d61f0200]
#### MACWS_AGX_NATIVE objc_getClass(AGXBuffer) = 0x0
#### MACWS_AGX_NATIVE __objc_classlist: 52 entries
####   classlist[0] = 0x2268026b8 name=AGXBuffer registered=0x0
####   classlist[1] = 0x2268022f8 name=AGXG13GFamilyBinaryArchive registered=0x0
####   classlist[2] = 0x226802168 name=AGXG13GFamilyBlitContext registered=0x0
####   classlist[3] = 0x2268017e0 name=AGXG13GFamilyResourceStateContext registered=0x0
####   classlist[4] = 0x226801fd8 name=AGXG13GFamilyBuffer registered=0x0
####   classlist[5] = 0x226801830 name=AGXG13GFamilyCommandBuffer registered=0x0
#### MACWS_AGX_NATIVE objc_duplicateClass=0x189a3bcb8
#### MACWS_AGX_NATIVE imageinfo=0x220f6ca58 sz=8
#### PREREGISTER image[627] AGXMetal13_3: 52/52 realized
#### PREREGISTER image[628] GPURawCounter: 6/6 realized
#### MACWS_AGX_NATIVE register pass 0: 0 new (total 58)
#### MACWS_AGX_NATIVE realized 58/52 classes
#### MACWS_AGX_NATIVE AGXBuffer after register: 0x2268026b8
#### MACWS_AGX_NATIVE [AGXBuffer alloc] = 0x600251680
#### MACWS_AGX_NATIVE swizzled initUntrackedInternalBufferWithDevice:length:options:
#### MACWS_AGX_NATIVE swizzled initWithDevice:length:alignment:options:isSuballocDisabled:resourceInArgs:pinnedGPULocation:
#### MACWS_AGX_NATIVE tracing -[AGXBuffer initWithDevice:options:args:argsSize:] (nil preserved)
#### MACWS_HID_BYPASS installed SetMatchingMultiple → no-op (1) at 0x18cf3de8c — skips iOS-format CFBinaryPlist parse inside
####   IOHIDEventSystemClientCacheMatchingServices → IOHIDUnserializeAndVMDealloc → CFPropertyListCreateFromStream
####   that BUS_ADRALNs in the IOMFBServer thread.
#### MACWS_AGX_RENAMER_PATCH: off (set MACWS_AGX_RENAMER_PATCH=1 to enable)
#### MACWS_ASSERT_BYPASS DISABLED (set MACWS_KEEP_ASSERT_BYPASS=1 to restore lazy bypass) — real __assert_rtn now reaches abort
#### MACWS_AGX_NATIVE [ctor] pre-loaded IOGPU via /System/Library/PrivateFrameworks/IOGPU.framework/IOGPU -> 0x3a66bcc10
#### LIBOBJC dlsym(objc_constructInstance) = 0x189a22c08
#### LIBOBJC dlsym(_dyld_objc_notify_register) = 0x189db7480
#### LIBOBJC dlsym(_dyld_objc_register_callbacks) = 0x189db9abc
#### XPC_BOOTSTRAP: fn=0x189af5140 dict=0x13a11a400 (registering Metal/ViewBridge/HIServices)
#### LIBOBJC dlsym(objc_readClassPair) = 0x189a28bdc
#### LIBOBJC dlsym(objc_registerClassPair) = 0x189a19a3c
#### LIBOBJC dlsym(_objc_realizeClassFromSwift) = 0x189a28d34
#### XPC_BOOTSTRAP: called OK
#### LIBOBJC dlsym(objc_addLoadImageFunc) = 0x189a287c8
#### COEXIST API SwapEnd hook installed target=0x1949d31cc trampoline=0x101194000
#### LIBOBJC dlsym(_objc_init) = 0x189a0e004
#### CLASS_DETAIL [0] 0x2268026b8 name=AGXBuffer super=0x1e4f987e0 (IOGPUMetalBuffer) meta=0
#### CLASS_DETAIL [1] 0x2268022f8 name=AGXG13GFamilyBinaryArchive super=0x1e532f3b8 (_MTLBinaryArchive) meta=0
#### CLASS_DETAIL [2] 0x226802168 name=AGXG13GFamilyBlitContext super=0x1e4f987b8 (IOGPUMetalBlitCommandEncoder) meta=0
#### CLASS_DETAIL [3] 0x2268017e0 name=AGXG13GFamilyResourceStateContext super=0x1e4f98f88 (IOGPUMetalResourceStateCommandEncoder) meta=0
#### CLASS_DETAIL [4] 0x226801fd8 name=AGXG13GFamilyBuffer super=0x2268026b8 (AGXBuffer) meta=0
#### CLASS_DETAIL [5] 0x226801830 name=AGXG13GFamilyCommandBuffer super=0x1e4f98830 (IOGPUMetalCommandBuffer) meta=0
#### CLASS_DETAIL [6] 0x226802208 name=AGXG13GFamilyCommandQueue super=0x1e4f988d0 (IOGPUMetalCommandQueue) meta=0
#### CLASS_DETAIL [7] 0x226802118 name=AGXG13GFamilyComputePipeline super=0x1e532dd88 (_MTLComputePipelineState) meta=0
#### CLASS_DETAIL [8] 0x2268020c8 name=AGXG13GFamilyDeadlineProfile super=0x1e4daae70 (NSObject) meta=0
#### CLASS_DETAIL [9] 0x2268018d0 name=AGXG13GFamilyDebugContext super=0x1e4f98970 (IOGPUMetalDebugCommandEncoder) meta=0
#### CLASS_DETAIL [10] 0x226802000 name=AGXG13GFamilyDepthStencilState super=0x1e532ddb0 (_MTLDepthStencilState) meta=0
#### CLASS_DETAIL [11] 0x2268022d0 name=AGXG13GFamilyDynamicLibrary super=0x1e532fdb8 (_MTLDynamicLibrary) meta=0
#### CLASS_DETAIL [12] 0x2268021b8 name=AGXG13GFamilyComputeContext super=0x1e4f98948 (IOGPUMetalComputeCommandEncoder) meta=0
#### CLASS_DETAIL [13] 0x226801e70 name=AGXG13GFamilyFunctionHandle super=0x1e532f9a8 (_MTLFunctionHandle) meta=0
#### CLASS_DETAIL [14] 0x2268022a8 name=AGXG13GFamilyHeap super=0x1e4f98bf0 (IOGPUMetalHeap) meta=0
#### CLASS_DETAIL [15] 0x226802280 name=AGXG13GFamilySparseHeap super=0x1e5330e48 (_MTLHeap) meta=0
#### MACWS_AGX_NATIVE __objc_classrefs: 105 entries, 0 null
####   class AGXBuffer = 0x2268026b8
####   class AGXCommandQueue = 0x0
####   class AGXCommandBuffer = 0x0
####   class AGXMetalCommandQueue = 0x0
####   class AGXMetalCommandBuffer = 0x0
####   class AGXMetalBuffer = 0x0
####   class AGXMetalTexture = 0x0
####   class AGXMetalHeap = 0x0
####   class AGXMetalResource = 0x0
####   class AGXMetalDevice = 0x0
####   class AGXMetalFence = 0x0
####   class AGXTexture = 0x226802708
####   class IOGPUMetalBuffer = 0x1e4f987e0
####   class IOGPUMetalCommandBuffer = 0x1e4f98830
####   class IOGPUMetalCommandQueue = 0x1e4f988d0
####   class IOGPUMetalDevice = 0x1e4f989c0
####   class IOGPUMetalHeap = 0x1e4f98bf0
####   class IOGPUMetalResource = 0x1e4f98ec0
####   class IOGPUMetalTexture = 0x1e4f98fb0
####   class IOGPUMetalFence = 0x1e4f98b50
####   class IOGPUMTLLateEvalEvent = 0x1e544bc70
#### CLASSREF [0] @0x224259250 -> 0x1e532d428 name=MTLCompiler
#### CLASSREF [1] @0x224259258 -> 0x1e4dc96e0 name=NSDictionary
#### CLASSREF [2] @0x224259260 -> 0x1e4dd0348 name=NSError
#### CLASSREF [3] @0x224259268 -> 0x2268024b0 name=AGXG13GFamilyComputeOrFragmentOrTileProgram
#### CLASSREF [4] @0x224259270 -> 0x2268024d8 name=AGXG13GFamilyFragmentProgram
#### CLASSREF [5] @0x224259278 -> 0x226802550 name=AGXG13GFamilyVertexProgram
#### CLASSREF [6] @0x224259280 -> 0x1e4dc9848 name=NSMutableDictionary
#### CLASSREF [7] @0x224259288 -> 0x2268025a0 name=AGXG13GFamilyTileProgram
#### CLASSREF [8] @0x224259290 -> 0x226802578 name=AGXG13GFamilyComputeProgram
#### CLASSREF [9] @0x224259298 -> 0x2268025f0 name=AGXG13GFamilyTexture
#### CLASSREF [10] @0x2242592a0 -> 0x1e532dbd0 name=MTLTextureDescriptor
#### CLASSREF [11] @0x2242592a8 -> 0x226802168 name=AGXG13GFamilyBlitContext
#### CLASSREF [12] @0x2242592b0 -> 0x2268017e0 name=AGXG13GFamilyResourceStateContext
#### CLASSREF [13] @0x2242592b8 -> 0x226801d58 name=AGXG13GFamilyRayTracingGPUBuilder
#### CLASSREF [14] @0x2242592c0 -> 0x226802190 name=AGXG13GFamilyRenderContext
#### CLASSREF [15] @0x2242592c8 -> 0x2268021b8 name=AGXG13GFamilyComputeContext
#### CLASSREF [16] @0x2242592d0 -> 0x2268021e0 name=AGXG13GFamilyThreadedRenderPass
#### CLASSREF [17] @0x2242592d8 -> 0x226801dd0 name=AGXG13GFamilySampledRenderContext
#### CLASSREF [18] @0x2242592e0 -> 0x226801e98 name=AGXG13GFamilySampledComputeContext
#### CLASSREF [19] @0x2242592e8 -> 0x1e4dc9668 name=NSData
#### CLASSREF [20] @0x2242592f0 -> 0x226801830 name=AGXG13GFamilyCommandBuffer
#### CLASSREF [21] @0x2242592f8 -> 0x1e53301c8 name=_MTLProgramAddressTableMappedBinary
#### CLASSREF [22] @0x224259300 -> 0x1e5330178 name=_MTLPipelineStateBinary
#### CLASSREF [23] @0x224259308 -> 0x1e4dc95a0 name=NSArray
#### MACWS_GOT AGXMetal13_3: symtab=8331 syms, strtab=461166853 bytes, indirect=555 entries
####   sect[0] __DATA_CONST,__got type=0 entries=97 indirect_start=228 auth=0
####   bind[1] _MTLCommonCounterSetTimestamp -> 0x1dda8d290 (slot=0x220f6b9e0 auth=0)
####   bind[2] _MTLCommonCounterTimestamp -> 0x1dda8d1a0 (slot=0x220f6b9e8 auth=0)
####   bind[3] _MTLCompileTimeStatisticsKeyBackend -> 0x1e2640f60 (slot=0x220f6b9f0 auth=0)
####   bind[4] _MTLCompileTimeStatisticsKeyCachedFunction -> 0x1e2640f10 (slot=0x220f6b9f8 auth=0)
####   bind[5] _MTLCompileTimeStatisticsKeyCompilerTotal -> 0x1e2640f48 (slot=0x220f6ba00 auth=0)
####   bind[6] _MTLCompileTimeStatisticsKeyDriverTotal -> 0x1e2640f40 (slot=0x220f6ba08 auth=0)
####   bind[7] _MTLCompileTimeStatisticsKeyFunctionName -> 0x1e2640f08 (slot=0x220f6ba10 auth=0)
####   bind[8] _MTLCompileTimeStatisticsKeyMTLCompilerService -> 0x1e2640f20 (slot=0x220f6ba18 auth=0)
####   bind[9] _MTLCompileTimeStatisticsKeyOptimization -> 0x1e2640f58 (slot=0x220f6ba20 auth=0)
####   bind[10] _MTLCompileTimeStatisticsKeyPipelineTotal -> 0x1e2640f18 (slot=0x220f6ba28 auth=0)
####   bind[11] _MTLCompileTimeStatisticsKeyPipelinesCompute -> 0x1e263fe30 (slot=0x220f6ba30 auth=0)
####   IOGPU-CRITICAL _OBJC_IVAR_$_IOGPUMTLLateEvalEvent._eventName = 0x1e2b229d0 (slot=0x220f6bb28 auth=0)
####   IOGPU-CRITICAL _OBJC_IVAR_$_IOGPUMetalBuffer._primaryBuffer = 0x1e2b2291c (slot=0x220f6bb30 auth=0)
####   IOGPU-CRITICAL _OBJC_IVAR_$_IOGPUMetalCommandQueue._commandQueue = 0x1e2b22960 (slot=0x220f6bb38 auth=0)
####   IOGPU-CRITICAL _OBJC_IVAR_$_IOGPUMetalDevice._segmentByteThreshold = 0x1e2b22a2c (slot=0x220f6bb40 auth=0)
####   IOGPU-CRITICAL _OBJC_IVAR_$_IOGPUMetalFence._fenceIndex = 0x1e2b22aa8 (slot=0x220f6bb48 auth=0)
####   IOGPU-CRITICAL _OBJC_IVAR_$_IOGPUMetalHeap._resource = 0x1e2b22ac4 (slot=0x220f6bb50 auth=0)
####   IOGPU-CRITICAL _OBJC_IVAR_$_IOGPUMetalResource._res = 0x1e2b22af4 (slot=0x220f6bb58 auth=0)
####   IOGPU-CRITICAL _OBJC_IVAR_$_IOGPUMetalTexture._arrayLength = 0x1e2b22b38 (slot=0x220f6bb60 auth=0)
####   IOGPU-CRITICAL _OBJC_IVAR_$_IOGPUMetalTexture._depth = 0x1e2b22b34 (slot=0x220f6bb68 auth=0)
####   IOGPU-CRITICAL _OBJC_IVAR_$_IOGPUMetalTexture._height = 0x1e2b22b30 (slot=0x220f6bb70 auth=0)
####   IOGPU-CRITICAL _OBJC_IVAR_$_IOGPUMetalTexture._isCompressed = 0x1e2b22b54 (slot=0x220f6bb78 auth=0)
####   IOGPU-CRITICAL _OBJC_IVAR_$_IOGPUMetalTexture._mipmapLevelCount = 0x1e2b22b3c (slot=0x220f6bb80 auth=0)
####   IOGPU-CRITICAL _OBJC_IVAR_$_IOGPUMetalTexture._numFaces = 0x1e2b22b8c (slot=0x220f6bb88 auth=0)
####   IOGPU-CRITICAL _OBJC_IVAR_$_IOGPUMetalTexture._parentTexture = 0x1e2b22b58 (slot=0x220f6bb90 auth=0)
####   IOGPU-CRITICAL _OBJC_IVAR_$_IOGPUMetalTexture._pixelFormat = 0x1e2b22b28 (slot=0x220f6bb98 auth=0)
####   IOGPU-CRITICAL _OBJC_IVAR_$_IOGPUMetalTexture._sampleCount = 0x1e2b22b40 (slot=0x220f6bba0 auth=0)
#### SkyLight PrepareForUse tolerate-nil hook installed at 0x18edb4fc4
####   IOGPU-CRITICAL _OBJC_IVAR_$_IOGPUMetalTexture._textureType = 0x1e2b22b24 (slot=0x220f6bba8 auth=0)
####   IOGPU-CRITICAL _OBJC_IVAR_$_IOGPUMetalTexture._width = 0x1e2b22b2c (slot=0x220f6bbb0 auth=0)
#### SkyLight StartCompositeForDisplayStream nil-skip hook installed at 0x18ebddd74
####   sect[7] __AUTH_CONST,__auth_got type=0 entries=230 indirect_start=325 auth=1
#### SkyLight StartComposite(WSCD) tolerate-nil + pop-on-bail hook installed at 0x18ebdd358
####   IOGPU-CRITICAL _IOGPUCommandQueueGetConnect = 0x1a6b05b88 (slot=0x2281b7448 auth=1)
####   IOGPU-CRITICAL _IOGPUCommandQueueGetID = 0x1a6b05bd0 (slot=0x2281b7450 auth=1)
#### SkyLight StartComposite(MTLTex) pop-on-bail hook installed at 0x18ebddfb8
####   IOGPU-CRITICAL _IOGPUDeviceGetConnect = 0x1a6b04654 (slot=0x2281b7458 auth=1)
####   IOGPU-CRITICAL _IOGPUDeviceGetNextGlobalTraceID = 0x1a6b047f0 (slot=0x2281b7460 auth=1)
####   IOGPU-CRITICAL _IOGPUDeviceTraceEvent = 0x1a6b048bc (slot=0x2281b7468 auth=1)
####   IOGPU-CRITICAL _IOGPUMetalCommandBufferStorageBeginKernelCommands = 0x1a6af4ad8 (slot=0x2281b7470 auth=1)
####   IOGPU-CRITICAL _IOGPUMetalCommandBufferStorageEndKernelCommands = 0x1a6af4c2c (slot=0x2281b7478 auth=1)
####   IOGPU-CRITICAL _IOGPUResourceListAddResource = 0x1a6b071c8 (slot=0x2281b7480 auth=1)
#### SkyLight EndCurrentComposite(bool) completion hook installed at 0x18ebdc53c
####   IOGPU-CRITICAL _IOGPUResourceListMerge = 0x1a6b07278 (slot=0x2281b7488 auth=1)
####   IOGPU-CRITICAL _IOGPUResourceListMergeLists = 0x1a6b07354 (slot=0x2281b7490 auth=1)
####   bind[131] _IOSurfaceGetAddressFormatOfPlane -> 0x102bdf444 (slot=0x2281b74c8 auth=1 FORCE)
####   bind[133] _IOSurfaceGetBaseAddressOfPlane -> 0x102bdf220 (slot=0x2281b74d8 auth=1 FORCE)
####   bind[135] _IOSurfaceGetBytesPerRowOfPlane -> 0x102bde850 (slot=0x2281b74e8 auth=1 FORCE)
####   bind[136] _IOSurfaceGetBytesPerTileDataOfPlane -> 0x102bdea14 (slot=0x2281b74f0 auth=1 FORCE)
####   bind[141] _IOSurfaceGetCompressionTypeOfPlane -> 0x102bde2bc (slot=0x2281b7518 auth=1 FORCE)
####   bind[142] _IOSurfaceGetHeightInCompressedTilesOfPlane -> 0x102bde4cc (slot=0x2281b7520 auth=1 FORCE)
####   bind[145] _IOSurfaceGetWidthInCompressedTilesOfPlane -> 0x102bde68c (slot=0x2281b7538 auth=1 FORCE)
#### SkyLight EndUpdate(bool) submission hook installed at 0x18ebdc0b0
#### SkyLight _state_stack pop_back resolved at 0x18ebdafa0
#### SkyLight WSCompositeDestinationCreateWithMetalTexture nil-tolerate hook installed at 0x18ebe053c
#### SkyLight MetalContext::StopCapture invalid-this guard installed at 0x18ebdc1bc
#### MACWS_AGX_NATIVE class_addMethod(MTLTextureDescriptor, validateWithDevice:) = 1
#### MACWS_AGX_NATIVE class_addMethod(IOGPUMetalTexture, isMemoryless) = 1
#### MACWS_AGX_NATIVE class_addMethod(IOGPUMetalTexture, getCPUSizeBytes) = 1
#### MACWS_AGX_NATIVE class_addMethod(IOGPUMetalTexture, getAlignment) = 1
#### MACWS_AGX_NATIVE class_addMethod(IOGPUMetalTexture, descriptorPrivate) = 1
#### MACWS_AGX_NATIVE class_addMethod(IOGPUMetalTexture, getBytesPerRow) = 1
#### MACWS_AGX_NATIVE class_addMethod(IOGPUMetalTexture, updateBindDataWithAddresses:gpuVirtualAddress:) = 1
#### MACWS_AGX_NATIVE class_addMethod(IOGPUMetalTexture, updateBindDataWithAddresses:gpuVirtualAddress:shouldInitMetadata:) = 1
#### MACWS_AGX_NATIVE class_addMethod(IOGPUMetalTexture, allocBufferSubDataWithLength:options:alignment:heapIndex:bufferIndex:bufferOffset:) = 1
#### MACWS_AGX_NATIVE class_addMethod(IOGPUMetalTexture, initNewTextureData:) = 1
####   bind[286] _objc_alloc -> 0x102bde0bc (slot=0x2281b79c0 auth=1 FORCE)
#### MACWS_AGX_NATIVE class_addMethod(MTLTextureDescriptor, isMemoryless) = 1
#### MACWS_AGX_NATIVE class_addMethod(MTLTextureDescriptor, protectionOptions) = 1
#### MACWS_AGX_NATIVE class_addMethod(MTLTextureDescriptor, getCPUSizeBytes) = 1
####   IOGPU-CRITICAL _objc_autoreleasePoolPop = 0x189a18a7c (slot=0x2281b79d8 auth=1)
####   IOGPU-CRITICAL _objc_autoreleasePoolPush = 0x189a18934 (slot=0x2281b79e0 auth=1)
#### MACWS_AGX_NATIVE class_addMethod(MTLTextureDescriptor, getAlignment) = 1
#### MACWS_AGX_NATIVE class_addMethod(MTLTextureDescriptor, descriptorPrivate) = 1
#### MACWS_AGX_NATIVE class_addMethod(MTLTextureDescriptor, getBytesPerRow) = 1
#### MACWS_AGX_NATIVE class_addMethod(MTLTextureDescriptor, updateBindDataWithAddresses:gpuVirtualAddress:) = 1
#### MACWS_AGX_NATIVE class_addMethod(MTLTextureDescriptor, updateBindDataWithAddresses:gpuVirtualAddress:shouldInitMetadata:) = 1
#### MACWS_AGX_NATIVE class_addMethod(MTLTextureDescriptor, allocBufferSubDataWithLength:options:alignment:heapIndex:bufferIndex:bufferOffset:) = 1
#### MACWS_AGX_NATIVE class_addMethod(MTLTextureDescriptor, initNewTextureData:) = 1
#### MACWS_GOT AGXMetal13_3: indirect_slots=327 patched=323 failed=0
#### MACWS_AGX_NATIVE __auth_got section NOT FOUND
#### MACWS_AGX_NATIVE __got: 97 entries, 0 null, 97 non-null
#### MACWS_AGX_NATIVE dlopen AGXMetal13_3 OK h=0x3a671b950
#### MACWS_AGX_NATIVE +[NSBundle bundleWithPath:AGXMetal13_3.bundle] = 0x600173ae0 id=com.apple.AGXMetal13-3
#### MACWS_AGX_NATIVE bundle loadAndReturnError: 1 (err=nil) loaded=1
#### MACWS_AGX_NATIVE bundle pathForResource:ds.g13g = /System/Library/Extensions/AGXMetal13_3.bundle/Contents/Resources/ds.g13g
#### MACWS_AGX_NATIVE getMetalPluginClassForService: returning class AGXG13GFamilyDevice = 0x2268020f0
#### CBRI_HOOK: installed (orig=0x1a6af2d84)
#### MACWS-NEW-EVENT adapter installed deviceClass=AGXG13GFamilyDevice owner=IOGPUMetalDevice orig=0x1a6af9ef4 added=1
#### MACWS_AGX_NATIVE class_addMethod(AGXG13GFamilyDevice, initWithAcceleratorPort:) = 1
#### MACWS_AGX_NATIVE supportsMemorylessRenderTargets: overrode on AGXG13GFamilyDevice
#### MACWS_AGX_NATIVE supportsMemorylessRenderTargets: overrode on AGXG13GDevice
#### MACWS_AGX_NATIVE supportsMemorylessRenderTargets: total class overrides=2
#### MACWS_AGX_NATIVE tile-pipeline probe wrapped AGXG13GFamilyDevice (orig=0x1ef0e55e4)
#### MACWS_AGX_NATIVE tile-pipeline probe: 1 class(es) wrapped
#### MACWS_AGX_NATIVE nil-guard wrapped setFragmentTexture:atIndex: on AGXG13GFamilyRenderContext (orig=0x1ef0989e0)
#### MACWS_AGX_NATIVE nil-guard: class AGXG13GRenderContext NOT registered
#### MACWS_AGX_NATIVE nil-guard: class AGXRenderContext NOT registered
#### MACWS_AGX_NATIVE nil-guard: class AGXG13GComputeContext NOT registered
#### MACWS_AGX_NATIVE nil-guard setFragmentTexture:atIndex:: 1 class(es) wrapped
#### MACWS_AGX_NATIVE nil-guard wrapped setVertexTexture:atIndex: on AGXG13GFamilyRenderContext (orig=0x1ef09f5e8)
#### MACWS_AGX_NATIVE nil-guard: class AGXG13GRenderContext NOT registered
#### MACWS_AGX_NATIVE nil-guard: class AGXRenderContext NOT registered
#### MACWS_AGX_NATIVE nil-guard: class AGXG13GComputeContext NOT registered
#### MACWS_AGX_NATIVE nil-guard setVertexTexture:atIndex:: 1 class(es) wrapped
#### MACWS_AGX_NATIVE swizzled AGXG13GFamilyDevice newTextureWithDescriptor:iosurface:plane:
#### MACWS_AGX_NATIVE swizzled AGXG13GFamilyDevice newTextureWithDescriptor:
#### MACWS_AGX_NATIVE swizzled -[AGXBuffer initWithDevice:bytes:length:options:deallocator:pinnedGPUAddress:]
#### MACWS_AGX_NATIVE noop'd alertCommandBufferActivityStart
#### MACWS_AGX_NATIVE noop'd alertCommandBufferActivityComplete
#### objc_alloc(AGXG13GFamilyDevice) -> 0x600232000
#### MACWS_AGX_NATIVE redirecting AGXG13GFamilyDevice init(port=11535) → 2-arg variant
#### debugbydcmmc IOServiceOpen agx connect=13827 type=0x100001 (requested=0x100005)
#### AGXIOC Struct sel=0x7->0x6 inSC=16 outSC=0 -> 0x1
#### AGXIOC Struct sel=0x5->0x4 inSC=0 outSC=32 -> 0x0
#### AGXIOC AsyncScalar sel=0x107->0x107 inCnt=0 -> 0x0
#### AGX_LIFE CREATE id=0x1 type=0 surf=0 bytes=0x10000 kr=0 okC=1 failC=0 okD=0 failD=0 unmatchedD=0 full=0 live=1/0MB [t0=1/0MB t80=0/0MB t82=0/0MB]
#### AGXIOC heap map #1 clientID 0x10000 -> resourceID 0x1 size 0x10000
####   ResCreate OK type=0 clientID=0 +0x30=0 +0x38=0 +0x40=0x10000 +0x58=0 OUT[+0]=0 OUT[+0x08]=0x103614000 OUT[+0x10]=0x1030200c0 OUT[+0x48]=0x10000
####   inStruct[0..104]:
####     00: 00 00 00 00 00 00 00 00 01 00 01 00 01 00 00 00
####     10: 01 01 00 01 30 84 00 00 00 00 00 00 00 00 00 00
####     20: 00 00 00 00 00 00 00 00 00 00 00 00 00 00 00 00
####     30: 00 00 00 00 00 00 00 00 00 00 00 00 00 00 00 00
####     40: 00 00 01 00 00 00 00 00 00 00 00 00 00 00 00 00
####     50: 00 00 00 38 00 00 00 00 00 00 00 00 00 00 00 00
####     60: 00 00 00 00 00 00 00 00
#### MACWS_AGX_NATIVE setupCompiler:0x30010 fired (Device=0x600232000)
#### MACWS_AGX_NATIVE supportsMemorylessRenderTargets CALLED on instance=0x600232000 class=AGXG13GFamilyDevice -> YES
#### objc_alloc(AGXG13GFamilyCommandQueue) -> 0x600090f00
#### AGXIOC Method sel=0x8->0x7 inCnt=0 inSC=1032 outSC=16 -> 0x0
#### AGXIOC Method sel=0x11->0xf inCnt=2 inSC=0 outSC=16 -> 0x0
#### AGXIOC Method sel=0x1d->0x19 inCnt=2 inSC=0 outSC=0 -> 0x0
#### AGXIOC Method sel=0x1f->0x1b inCnt=1 inSC=12 outSC=0 -> 0x0
#### objc_alloc(AGXBuffer) -> 0x600251f80
#### AGXIOC type0 exact initFull length: +0x58=0xc00000000 low32=0 -> +0x40=0x180
#### AGX_LIFE CREATE id=0x2 type=0 surf=0 bytes=0x4000 kr=0 okC=2 failC=0 okD=0 failD=0 unmatchedD=0 full=0 live=2/0MB [t0=2/0MB t80=0/0MB t82=0/0MB]
#### AGXIOC heap map #2 clientID 0x4000 -> resourceID 0x2 size 0x180
####   ResCreate OK type=0 clientID=0 +0x30=0x40 +0x38=0 +0x40=0x180 +0x58=0 OUT[+0]=0x1500000000 OUT[+0x08]=0x103634000 OUT[+0x10]=0x103020180 OUT[+0x48]=0x4000
####   inStruct[0..104]:
####     00: 00 00 00 00 00 00 00 00 01 00 01 00 01 00 00 00
####     10: 01 01 00 01 70 04 00 00 00 00 00 00 00 00 00 00
####     20: 00 00 00 00 00 00 00 00 00 00 00 00 00 00 00 00
####     30: 40 00 00 00 00 00 00 00 00 00 00 00 00 00 00 00
####     40: 80 01 00 00 00 00 00 00 00 00 00 00 00 00 00 00
####     50: 00 00 00 00 00 00 00 00 00 00 00 00 00 00 00 00
####     60: 00 00 00 00 00 00 f0 3f
#### TRACE -[AGXBuffer initFull] self=0x600251f80 dev=0x600232000 len=384 align=1→64 opt=0 subDis=0→1 resIn=0x16d52d6f8 pin=0x0 -> 0x600251f80
#### TRACE -[AGXBuffer initUntracked] self=0x600251f80 dev=0x600232000 len=384 opt=0 -> 0x600251f80
#### objc_alloc(AGXBuffer) -> 0x600255d00
#### AGXIOC type0 exact initFull length: +0x58=0xc00000000 low32=0 -> +0x40=0x180
#### AGX_LIFE CREATE id=0x3 type=0 surf=0 bytes=0x4000 kr=0 okC=3 failC=0 okD=0 failD=0 unmatchedD=0 full=0 live=3/0MB [t0=3/0MB t80=0/0MB t82=0/0MB]
#### AGXIOC heap map #3 clientID 0x4000 -> resourceID 0x3 size 0x180
####   ResCreate OK type=0 clientID=0 +0x30=0x40 +0x38=0 +0x40=0x180 +0x58=0 OUT[+0]=0x1500008000 OUT[+0x08]=0x103638000 OUT[+0x10]=0x103020240 OUT[+0x48]=0x4000
####   inStruct[0..104]:
####     00: 00 00 00 00 00 00 00 00 01 00 01 00 01 00 00 00
####     10: 01 01 00 01 70 04 00 00 00 00 00 00 00 00 00 00
####     20: 00 00 00 00 00 00 00 00 00 00 00 00 00 00 00 00
####     30: 40 00 00 00 00 00 00 00 00 00 00 00 00 00 00 00
####     40: 80 01 00 00 00 00 00 00 00 00 00 00 00 00 00 00
####     50: 00 00 00 00 00 00 00 00 00 00 00 00 00 00 00 00
####     60: 00 00 00 00 00 00 f0 3f
#### TRACE -[AGXBuffer initFull] self=0x600255d00 dev=0x600232000 len=384 align=1→64 opt=0 subDis=0→1 resIn=0x16d52d6f8 pin=0x0 -> 0x600255d00
#### TRACE -[AGXBuffer initUntracked] self=0x600255d00 dev=0x600232000 len=384 opt=0 -> 0x600255d00
#### objc_alloc(AGXBuffer) -> 0x600255b80
#### AGXIOC type0 exact initFull length: +0x58=0xc00000000 low32=0 -> +0x40=0x40
#### AGX_LIFE CREATE id=0x4 type=0 surf=0 bytes=0x4000 kr=0 okC=4 failC=0 okD=0 failD=0 unmatchedD=0 full=0 live=4/0MB [t0=4/0MB t80=0/0MB t82=0/0MB]
#### AGXIOC heap map #4 clientID 0x4000 -> resourceID 0x4 size 0x40
####   ResCreate OK type=0 clientID=0 +0x30=0x40 +0x38=0 +0x40=0x40 +0x58=0 OUT[+0]=0x1500010000 OUT[+0x08]=0x10363c000 OUT[+0x10]=0x103020300 OUT[+0x48]=0x4000
####   inStruct[0..104]:
####     00: 00 00 00 00 00 00 00 00 01 00 01 00 01 00 00 00
####     10: 01 01 00 01 70 04 00 00 00 00 00 00 00 00 00 00
####     20: 00 00 00 00 00 00 00 00 00 00 00 00 00 00 00 00
####     30: 40 00 00 00 00 00 00 00 00 00 00 00 00 00 00 00
####     40: 40 00 00 00 00 00 00 00 00 00 00 00 00 00 00 00
####     50: 00 00 00 00 00 00 00 00 00 00 00 00 00 00 00 00
####     60: 70 0d 28 00 06 00 00 00
#### TRACE -[AGXBuffer initFull] self=0x600255b80 dev=0x600232000 len=64 align=1→64 opt=0 subDis=0→1 resIn=0x16d52d6f8 pin=0x0 -> 0x600255b80
#### TRACE -[AGXBuffer initUntracked] self=0x600255b80 dev=0x600232000 len=64 opt=0 -> 0x600255b80
#### objc_alloc(AGXBuffer) -> 0x600253c00
#### AGXIOC type0 exact initFull length: +0x58=0xc00000000 low32=0 -> +0x40=0x2000
#### AGX_LIFE CREATE id=0x5 type=0 surf=0 bytes=0x4000 kr=0 okC=5 failC=0 okD=0 failD=0 unmatchedD=0 full=0 live=5/0MB [t0=5/0MB t80=0/0MB t82=0/0MB]
#### AGXIOC heap map #5 clientID 0x4000 -> resourceID 0x5 size 0x2000
####   ResCreate OK type=0 clientID=0 +0x30=0x40 +0x38=0 +0x40=0x2000 +0x58=0 OUT[+0]=0x1500018000 OUT[+0x08]=0x103740000 OUT[+0x10]=0x1030203c0 OUT[+0x48]=0x4000
####   inStruct[0..104]:
####     00: 00 00 00 00 00 00 00 00 01 00 01 00 01 00 00 00
####     10: 01 01 00 01 70 04 00 00 00 00 00 00 00 00 00 00
####     20: 00 00 00 00 00 00 00 00 00 00 00 00 00 00 00 00
####     30: 40 00 00 00 00 00 00 00 00 00 00 00 00 00 00 00
####     40: 00 20 00 00 00 00 00 00 00 00 00 00 00 00 00 00
####     50: 00 00 00 00 00 00 00 00 00 00 00 00 00 00 00 00
####     60: c4 b7 0a 00 06 00 00 00
#### TRACE -[AGXBuffer initFull] self=0x600253c00 dev=0x600232000 len=8192 align=1→64 opt=0 subDis=0→1 resIn=0x16d52d748 pin=0x0 -> 0x600253c00
#### TRACE -[AGXBuffer initUntracked] self=0x600253c00 dev=0x600232000 len=8192 opt=0 -> 0x600253c00
#### AGXIOC type0 exact initFull length: +0x58=0xc00000000 low32=0 -> +0x40=0x80
#### AGX_LIFE CREATE id=0x6 type=0 surf=0 bytes=0x4000 kr=0 okC=6 failC=0 okD=0 failD=0 unmatchedD=0 full=0 live=6/0MB [t0=6/0MB t80=0/0MB t82=0/0MB]
#### AGXIOC heap map #6 clientID 0x4000 -> resourceID 0x6 size 0x80
####   ResCreate OK type=0 clientID=0 +0x30=0x40 +0x38=0 +0x40=0x80 +0x58=0 OUT[+0]=0x1500020000 OUT[+0x08]=0x103744000 OUT[+0x10]=0x103020480 OUT[+0x48]=0x4000
####   inStruct[0..104]:
####     00: 00 00 00 00 00 00 00 00 01 00 01 00 01 00 00 00
####     10: 01 01 00 01 70 04 00 00 00 00 00 00 00 00 00 00
####     20: 00 00 00 00 00 00 00 00 00 00 00 00 00 00 00 00
####     30: 40 00 00 00 00 00 00 00 00 00 00 00 00 00 00 00
####     40: 80 00 00 00 00 00 00 00 00 00 00 00 00 00 00 00
####     50: 00 00 00 00 00 00 00 00 00 00 00 00 00 00 00 00
####     60: b8 26 80 26 02 00 00 00
#### TRACE -[AGXBuffer initFull] self=0x600253a80 dev=0x600232000 len=128 align=1→64 opt=0 subDis=0→1 resIn=0x16d52d738 pin=0x0 -> 0x600253a80
#### TRACE -[AGXBuffer initUntracked] self=0x600253a80 dev=0x600232000 len=128 opt=0 -> 0x600253a80
#### AGXIOC type0 exact initFull length: +0x58=0xc00000000 low32=0 -> +0x40=0x100
#### AGX_LIFE CREATE id=0x7 type=0 surf=0 bytes=0x4000 kr=0 okC=7 failC=0 okD=0 failD=0 unmatchedD=0 full=0 live=7/0MB [t0=7/0MB t80=0/0MB t82=0/0MB]
#### AGXIOC heap map #7 clientID 0x4000 -> resourceID 0x7 size 0x100
####   ResCreate OK type=0 clientID=0 +0x30=0x40 +0x38=0 +0x40=0x100 +0x58=0 OUT[+0]=0x1500028000 OUT[+0x08]=0x103748000 OUT[+0x10]=0x103020540 OUT[+0x48]=0x4000
####   inStruct[0..104]:
####     00: 00 00 00 00 00 00 00 00 01 00 01 00 01 00 00 00
####     10: 01 01 00 01 70 04 00 00 00 00 00 00 00 00 00 00
####     20: 00 00 00 00 00 00 00 00 00 00 00 00 00 00 00 00
####     30: 40 00 00 00 00 00 00 00 00 00 00 00 00 00 00 00
####     40: 00 01 00 00 00 00 00 00 00 00 00 00 00 00 00 00
####     50: 00 00 00 00 00 00 00 00 00 00 00 00 00 00 00 00
####     60: b8 26 80 26 02 00 00 00
#### TRACE -[AGXBuffer initFull] self=0x600253900 dev=0x600232000 len=256 align=1→64 opt=0 subDis=0→1 resIn=0x16d52d738 pin=0x0 -> 0x600253900
#### TRACE -[AGXBuffer initUntracked] self=0x600253900 dev=0x600232000 len=256 opt=0 -> 0x600253900
#### AGXIOC type0 exact initFull length: +0x58=0xc00000000 low32=0 -> +0x40=0x100
#### AGX_LIFE CREATE id=0x8 type=0 surf=0 bytes=0x4000 kr=0 okC=8 failC=0 okD=0 failD=0 unmatchedD=0 full=0 live=8/0MB [t0=8/0MB t80=0/0MB t82=0/0MB]
#### AGXIOC heap map #8 clientID 0x4000 -> resourceID 0x8 size 0x100
####   ResCreate OK type=0 clientID=0 +0x30=0x40 +0x38=0 +0x40=0x100 +0x58=0 OUT[+0]=0x1500030000 OUT[+0x08]=0x10374c000 OUT[+0x10]=0x103020600 OUT[+0x48]=0x4000
####   inStruct[0..104]:
####     00: 00 00 00 00 00 00 00 00 01 00 01 00 01 00 00 00
####     10: 01 01 00 01 70 04 00 00 00 00 00 00 00 00 00 00
####     20: 00 00 00 00 00 00 00 00 00 00 00 00 00 00 00 00
####     30: 40 00 00 00 00 00 00 00 00 00 00 00 00 00 00 00
####     40: 00 01 00 00 00 00 00 00 00 00 00 00 00 00 00 00
####     50: 00 00 00 00 00 00 00 00 00 00 00 00 00 00 00 00
####     60: b8 26 80 26 02 00 00 00
#### TRACE -[AGXBuffer initFull] self=0x600253780 dev=0x600232000 len=256 align=1→64 opt=0 subDis=0→1 resIn=0x16d52d738 pin=0x0 -> 0x600253780
#### TRACE -[AGXBuffer initUntracked] self=0x600253780 dev=0x600232000 len=256 opt=0 -> 0x600253780
#### AGXIOC type0 exact initFull length: +0x58=0xc00000000 low32=0 -> +0x40=0x100
#### AGX_LIFE CREATE id=0x9 type=0 surf=0 bytes=0x4000 kr=0 okC=9 failC=0 okD=0 failD=0 unmatchedD=0 full=0 live=9/0MB [t0=9/0MB t80=0/0MB t82=0/0MB]
#### AGXIOC heap map #9 clientID 0x4000 -> resourceID 0x9 size 0x100
####   ResCreate OK type=0 clientID=0 +0x30=0x40 +0x38=0 +0x40=0x100 +0x58=0 OUT[+0]=0x1500038000 OUT[+0x08]=0x103750000 OUT[+0x10]=0x1030206c0 OUT[+0x48]=0x4000
####   inStruct[0..104]:
####     00: 00 00 00 00 00 00 00 00 01 00 01 00 01 00 00 00
####     10: 01 01 00 01 70 04 00 00 00 00 00 00 00 00 00 00
####     20: 00 00 00 00 00 00 00 00 00 00 00 00 00 00 00 00
####     30: 40 00 00 00 00 00 00 00 00 00 00 00 00 00 00 00
####     40: 00 01 00 00 00 00 00 00 00 00 00 00 00 00 00 00
####     50: 00 00 00 00 00 00 00 00 00 00 00 00 00 00 00 00
####     60: b8 26 80 26 02 00 00 00
#### TRACE -[AGXBuffer initFull] self=0x600254200 dev=0x600232000 len=256 align=1→64 opt=0 subDis=0→1 resIn=0x16d52d738 pin=0x0 -> 0x600254200
#### TRACE -[AGXBuffer initUntracked] self=0x600254200 dev=0x600232000 len=256 opt=0 -> 0x600254200
#### AGX_LIFE CREATE id=0xa type=0 surf=0 bytes=0x10000 kr=0 okC=10 failC=0 okD=0 failD=0 unmatchedD=0 full=0 live=10/0MB [t0=10/0MB t80=0/0MB t82=0/0MB]
#### AGXIOC heap map #10 clientID 0x10000 -> resourceID 0xa size 0x10000
####   ResCreate OK type=0 clientID=0 +0x30=0 +0x38=0 +0x40=0x10000 +0x58=0 OUT[+0]=0x1500040000 OUT[+0x08]=0x103754000 OUT[+0x10]=0x103020780 OUT[+0x48]=0x10000
####   inStruct[0..104]:
####     00: 00 00 00 00 00 00 00 00 01 00 01 00 01 00 00 00
####     10: 01 01 00 01 30 04 00 00 00 00 00 00 00 00 00 00
####     20: 00 00 00 00 00 00 00 00 00 00 00 00 00 00 00 00
####     30: 00 00 00 00 00 00 00 00 00 00 00 00 00 00 00 00
####     40: 00 00 01 00 00 00 00 00 00 00 00 00 00 00 00 00
####     50: 00 00 00 08 00 00 00 00 00 00 00 00 00 00 00 00
####     60: 00 00 00 00 00 00 00 00
#### AGXIOC type0 exact initFull length: +0x58=0xc00000000 low32=0 -> +0x40=0x2000
#### AGX_LIFE CREATE id=0xb type=0 surf=0 bytes=0x4000 kr=0 okC=11 failC=0 okD=0 failD=0 unmatchedD=0 full=0 live=11/0MB [t0=11/0MB t80=0/0MB t82=0/0MB]
#### AGXIOC heap map #11 clientID 0x4000 -> resourceID 0xb size 0x2000
####   ResCreate OK type=0 clientID=0 +0x30=0x40 +0x38=0 +0x40=0x2000 +0x58=0 OUT[+0]=0x1500058000 OUT[+0x08]=0x103764000 OUT[+0x10]=0x103020840 OUT[+0x48]=0x4000
####   inStruct[0..104]:
####     00: 00 00 00 00 00 00 00 00 01 00 01 00 01 00 00 00
####     10: 01 01 00 01 70 04 00 00 00 00 00 00 00 00 00 00
####     20: 00 00 00 00 00 00 00 00 00 00 00 00 00 00 00 00
####     30: 40 00 00 00 00 00 00 00 00 00 00 00 00 00 00 00
####     40: 00 20 00 00 00 00 00 00 00 00 00 00 00 00 00 00
####     50: 00 00 00 00 00 00 00 00 00 00 00 00 00 00 00 00
####     60: cc 2e 3a dc 65 17 f8 ac
#### TRACE -[AGXBuffer initFull] self=0x600254080 dev=0x600232000 len=8192 align=1→64 opt=0 subDis=0→1 resIn=0x16d52d498 pin=0x0 -> 0x600254080
#### TRACE -[AGXBuffer initUntracked] self=0x600254080 dev=0x600232000 len=8192 opt=0 -> 0x600254080
#### AGXIOC type0 exact initFull length: +0x58=0xc00000000 low32=0 -> +0x40=0x80
#### AGXIOC sel=0x9 type=0 args+0x14=0x2470 → 0x470 (stripped macOS-only bits 0x2800)
#### AGX_LIFE CREATE id=0xc type=0 surf=0 bytes=0x4000 kr=0 okC=12 failC=0 okD=0 failD=0 unmatchedD=0 full=0 live=12/0MB [t0=12/0MB t80=0/0MB t82=0/0MB]
#### AGXIOC heap map #12 clientID 0x4000 -> resourceID 0xc size 0x80
####   ResCreate OK type=0 clientID=0 +0x30=0x40 +0x38=0 +0x40=0x80 +0x58=0 OUT[+0]=0x1500060000 OUT[+0x08]=0x103768000 OUT[+0x10]=0x103020900 OUT[+0x48]=0x4000
####   inStruct[0..104]:
####     00: 00 00 00 00 00 00 00 00 01 00 01 00 01 00 00 00
####     10: 01 01 00 01 70 04 00 00 00 00 00 00 00 00 00 00
####     20: 00 00 00 00 00 00 00 00 00 00 00 00 00 00 00 00
####     30: 40 00 00 00 00 00 00 00 00 00 00 00 00 00 00 00
####     40: 80 00 00 00 00 00 00 00 00 00 00 00 00 00 00 00
####     50: 00 00 00 00 00 00 00 00 00 00 00 00 00 00 00 00
####     60: 00 00 00 00 00 00 00 00
#### TRACE -[AGXBuffer initFull] self=0x600255100 dev=0x600232000 len=128 align=1→64 opt=32 subDis=0→1 resIn=0x16d52d778 pin=0x0 -> 0x600255100
#### TRACE -[AGXBuffer initUntracked] self=0x600255100 dev=0x600232000 len=128 opt=32 -> 0x600255100
[69624:0728/060138.800141:VERBOSE1:components/viz/service/main/viz_main_impl.cc:87] VizNullHypothesis is disabled (not a warning)
#### tile-encoder forwards: class MTLSimRenderCommandEncoder NOT found
#### IOGPU-CALLBACK-DIAG installed queueClass=0x1e4f988d0 method=0x0 orig=0x0 bufferClass=0x1e4f98830 method=0x1a6b0f9a5 orig=0x1a6af2be8 errorMethod=0x19334be01 errorOrig=0x19321ddcc (file-gated)
#### NSXPCSharedListener class=0x1e5313bd8
#### NSXPCSharedListener endpointForReply swizzle installed
#### NSXPCSharedListener connectToService swizzle installed
#### MTL_TEX POOL-NEW: key=16x16-pf125-bpe16-fcc1380410945 → IOSurface=0x600039b20 (bpr=256 alloc=16 KB, map=EXPLICIT)
#### MACWS_AGX_NATIVE supportsMemorylessRenderTargets CALLED on instance=0x600232000 class=AGXG13GFamilyDevice -> YES
#### AGXIOC RAW DUMP sel=0x9 type=0x82 inStructCnt=104 (PRE-patch):
    +0000: 82 00 00 00 00 00 00 00 10 00 10 00 01 00 00 00
    +0x10: 01 01 00 10 30 04 00 00 00 00 00 00 00 00 00 00
    +0x20: 00 00 00 00 00 00 00 00 00 00 00 00 00 00 00 00
    +0x30: 00 00 00 00 00 00 00 00 16 00 00 00 00 00 00 00
    +0x40: 00 00 00 00 00 00 00 00 00 00 00 00 00 00 00 00
    +0x50: 00 00 00 00 00 00 00 00 00 8f 88 80 01 00 00 00
    +0x60: 00 00 00 00 00 00 00 00
####   key fields: +0x14=0x430 +0x15(byte)=0x4 +0x30=0 +0x34=0 +0x38=0x16 +0x40=0 +0x48=0 +0x58=0x180888f00
#### AGXIOC type=0x82 patch #1: f14=0x430 +0x30 0→0x16 +0x38 0x16→0 +0x40 0→0 +0x50 0→0x180888f00 +0x58 0x180888f00→0
#### AGX_LIFE CREATE id=0xd type=0x82 surf=0x16 bytes=0x4000 kr=0 okC=13 failC=0 okD=0 failD=0 unmatchedD=0 full=0 live=13/0MB [t0=12/0MB t80=0/0MB t82=1/0MB]
#### AGX_LIFE type82 CREATE stack #1 resourceID=0xd surf=0x16 (16 frames):
0   libmachook_arm64.dylib              0x0000000102be37c4 IOConnectCallMethod_new + 6708
1   IOGPU                               0x00000001a6b0618c IOGPUResourceCreate + 236
2   IOGPU                               0x00000001a6b00138 -[IOGPUMetalResource initWithDevice:remoteStorageResource:options:args:argsSize:] + 460
3   libmachook_arm64.dylib              0x0000000102bd92b8 __loadImageCallback_block_invoke_20 + 112
4   IOGPU                               0x00000001a6b025ec -[IOGPUMetalTexture initWithDevice:descriptor:iosurface:plane:field:args:argsSize:] + 824
5   AGXMetal13_3                        0x00000001ef40af38 -[AGXTexture initWithDevice:desc:iosurface:plane:] + 288
6   libmachook_arm64.dylib              0x0000000102c0c344 -[MTLFakeDevice hooked_newTextureWithDescriptor:] + 5780
7   libGLESv2.dylib                     0x000000010aed3714 glStartTilingQCOM + 2731796
8   libGLESv2.dylib                     0x000000010aee6b48 glStartTilingQCOM + 2810696
9   libGLESv2.dylib                     0x000000010aee5e40 glStartTilingQCOM + 2807360
10  libGLESv2.dylib                     0x000000010aee5ccc glStartTilingQCOM + 2806988
11  libGLESv2.dylib                     0x000000010aebd648 glStartTilingQCOM + 2641480
12  libGLESv2.dylib                     0x000000010aebdff4 glStartTilingQCOM + 2643956
13  libGLESv2.dylib                     0x000000010ada8f58 glStartTilingQCOM + 1509208
14  libGLESv2.dylib                     0x000000010ad3f480 glStartTilingQCOM + 1076352
15  libGLESv2.dylib                     0x000000010ac13a88 GL_TexImage2D + 144
####   ResCreate OK type=0x82 clientID=0 +0x30=0x16 +0x38=0 +0x40=0 +0x58=0 OUT[+0]=0x1500068000 OUT[+0x08]=0 OUT[+0x10]=0x1030209c0 OUT[+0x48]=0x4000
####   inStruct[0..104]:
####     00: 82 00 00 00 00 00 00 00 10 00 10 00 01 00 00 00
####     10: 01 01 00 10 30 04 00 00 00 00 00 00 00 00 00 00
####     20: 00 00 00 00 00 00 00 00 00 00 00 00 00 00 00 00
####     30: 16 00 00 00 00 00 00 00 00 00 00 00 00 00 00 00
####     40: 00 00 00 00 00 00 00 00 00 00 00 00 00 00 00 00
####     50: 00 8f 88 80 01 00 00 00 00 00 00 00 00 00 00 00
####     60: 00 00 00 00 00 00 00 00
#### MTL_TEX TEX-CACHE-NEW: surf=0x600039b20 → tex=0x600229d80
#### AGX_MAP_AUDIT: _impl ivar offset = 0x208
#### AGX_MAP_AUDIT #0 tex=0x600229d80 impl=0x600229b00 iosurface(arg=0x600039b20 bound=0x600039b20) plane=0 cpu130=0x1037a4000 gpu40=0x1500068000 descriptorOff=0x190 descriptorLayout=0 compressed=0 extended=0 match=1
#### MTL_TEX plain ROUTE-IOSURF result: 0x600229d80
#### MTL_TEX POOL-HIT: key=16x16-pf125-bpe16-fcc1380410945 → IOSurface=0x600039b20
#### MTL_TEX TEX-CACHE-HIT: surf=0x600039b20 → tex=0x600229d80 (no sel=0xa, +1 retain)
#### AGX_MAP_AUDIT #1 tex=0x600229d80 impl=0x600229b00 iosurface(arg=0x600039b20 bound=0x600039b20) plane=0 cpu130=0x1037a4000 gpu40=0x1500068000 descriptorOff=0x190 descriptorLayout=0 compressed=0 extended=0 match=1
#### MTL_TEX plain ROUTE-IOSURF result: 0x600229d80
#### AGXIOC Method sel=0xf->0xd inCnt=2 inSC=0 outSC=16 -> 0x0
#### AGXIOC Method sel=0xf->0xd inCnt=2 inSC=0 outSC=16 -> 0x0
#### AGXIOC Struct sel=0x6->0x5 inSC=0 outSC=16 -> 0x0
[90m[main 2026-07-28T13:01:38.907Z][0m [shared storage] Creating shared storage database at '/Users/root/.vscode-shared/sharedStorage/state.vscdb' (wasCreated: false)
[90m[main 2026-07-28T13:01:38.913Z][0m [shared storage] Initializing fallback application storage (path: /tmp/macws-vscode-profile-agx-native-targetfix11/User/globalStorage/state.vscdb)
[69585:0728/060138.938911:VERBOSE1:content/browser/loader/file_url_loader_factory.cc:474] FileURLLoader::Start: file:///Applications/Visual%20Studio%20Code.app/Contents/Resources/app/out/vs/code/electron-browser/workbench/workbench.html
[90m[main 2026-07-28T13:01:38.946Z][0m [shared storage] Fallback application storage initialized with 74 items
#### JIT-MPROTECT flip #4096 ranges=1 prot=RX writers=1 exec_waits=62 late_retries=4
[90m[main 2026-07-28T13:01:39.008Z][0m update#setState disabled
[90m[main 2026-07-28T13:01:39.008Z][0m update#ctor - updates are disabled by the environment
#### AMFI-POLICY-COMPAT policy=AMFI op=0x60 status=0x4 (iOS task ports are hard-immovable)
#### CSR-POLICY-COMPAT active_config=0x0 (conservative iOS compatibility value)
[69629:0728/060139.098035:ERROR:base/process/process_mac.cc:53] task_policy_set TASK_CATEGORY_POLICY: (os/kern) invalid argument (4)
[69629:0728/060139.100979:INFO:third_party/webrtc/rtc_base/cpu_info.cc:77] Available number of cores: 8
2026-07-28 06:01:39.102 Code Helper (Renderer)[69629:8248219] XType: Using static font registry.
#### JIT-MPROTECT range[0]=[0x280000000,0x290000000) source=MAP_JIT-EINVAL
#### JIT-MPROTECT execution barrier installed (W^X fetch-wait compatibility)
#### JIT-MPROTECT range[0]=[0x280000000,0x290000000) source=MAP_JIT-EINVAL
#### JIT-MPROTECT range[0]=[0x280000000,0x290000000) source=MAP_JIT-EINVAL
#### JIT-MPROTECT range[0]=[0x280000000,0x290000000) source=MAP_JIT-EINVAL
#### JIT-MPROTECT range[0]=[0x280000000,0x290000000) source=MAP_JIT-EINVAL
#### JIT-MPROTECT range[0]=[0x280000000,0x290000000) source=MAP_JIT-EINVAL
#### JIT-MPROTECT range[0]=[0x280000000,0x290000000) source=MAP_JIT-EINVAL
#### JIT-MPROTECT range[0]=[0x280000000,0x290000000) source=MAP_JIT-EINVAL
#### JIT-MPROTECT range[0]=[0x170000000,0x180000000) source=MAP_JIT-EINVAL
#### JIT-MPROTECT call #1 addr=0x170000000 size=0x10000000 requested=0x7 effective=0x3 result=0 errno=0 caller=0x112b8a334 image=/Applications/Visual Studio Code.app/Contents/Frameworks/Electron Framework.framework/Versions/A/Electron Framework offset=0x63b2334
#### JIT-MPROTECT remap decline #1 dst=0x177dc0000 size=0x208000 src=0x10ee80000 requested=0x5 -> V8 copy fallback
#### JIT-MPROTECT flip #1 ranges=1 prot=RW writers=1 exec_waits=0 late_retries=0
#### JIT-MPROTECT flip #2 ranges=1 prot=RX writers=1 exec_waits=0 late_retries=0
[69629:0728/060139.189637:VERBOSE1:extensions/renderer/script_context.cc:150] Created context:
  extension id:           (none)
  frame:                  0xe02030500
  URL:                    
  context_type:           WEB_PAGE
  effective extension id: (none)
  effective context type: WEB_PAGE
[69629:0728/060139.190134:VERBOSE1:extensions/renderer/script_context.cc:150] Created context:
  extension id:           (none)
  frame:                  (nil)
  URL:                    
  context_type:           UNSPECIFIED
  effective extension id: (none)
  effective context type: UNSPECIFIED
[69629:0728/060139.190346:VERBOSE1:extensions/renderer/dispatcher.cc:493] Num tracked contexts: 1
[69629:0728/060139.191886:VERBOSE1:extensions/renderer/script_context.cc:150] Created context:
  extension id:           (none)
  frame:                  0xe02030500
  URL:                    
  context_type:           WEB_PAGE
  effective extension id: (none)
  effective context type: WEB_PAGE
[69629:0728/060139.191938:VERBOSE1:extensions/renderer/script_context.cc:150] Created context:
  extension id:           (none)
  frame:                  (nil)
  URL:                    
  context_type:           UNSPECIFIED
  effective extension id: (none)
  effective context type: UNSPECIFIED
[69629:0728/060139.191985:VERBOSE1:extensions/renderer/dispatcher.cc:493] Num tracked contexts: 2
#### JIT-MPROTECT flip #3 ranges=1 prot=RW writers=1 exec_waits=0 late_retries=0
#### JIT-MPROTECT flip #4 ranges=1 prot=RX writers=1 exec_waits=0 late_retries=0
#### JIT-MPROTECT flip #5 ranges=1 prot=RW writers=1 exec_waits=0 late_retries=0
#### JIT-MPROTECT flip #6 ranges=1 prot=RX writers=1 exec_waits=0 late_retries=0
#### JIT-MPROTECT flip #7 ranges=1 prot=RW writers=1 exec_waits=0 late_retries=0
#### JIT-MPROTECT flip #8 ranges=1 prot=RX writers=1 exec_waits=0 late_retries=0
#### JIT-MPROTECT flip #9 ranges=1 prot=RW writers=1 exec_waits=0 late_retries=0
#### JIT-MPROTECT flip #10 ranges=1 prot=RX writers=1 exec_waits=0 late_retries=0
#### JIT-MPROTECT flip #11 ranges=1 prot=RW writers=1 exec_waits=0 late_retries=0
#### JIT-MPROTECT flip #12 ranges=1 prot=RX writers=1 exec_waits=0 late_retries=0
#### JIT-MPROTECT flip #13 ranges=1 prot=RW writers=1 exec_waits=0 late_retries=0
#### JIT-MPROTECT flip #14 ranges=1 prot=RX writers=1 exec_waits=0 late_retries=0
#### JIT-MPROTECT flip #15 ranges=1 prot=RW writers=1 exec_waits=0 late_retries=0
#### JIT-MPROTECT flip #16 ranges=1 prot=RX writers=1 exec_waits=0 late_retries=0
#### JIT-MPROTECT flip #17 ranges=1 prot=RW writers=1 exec_waits=0 late_retries=0
#### JIT-MPROTECT flip #18 ranges=1 prot=RX writers=1 exec_waits=0 late_retries=0
#### JIT-MPROTECT flip #19 ranges=1 prot=RW writers=1 exec_waits=0 late_retries=0
#### JIT-MPROTECT flip #20 ranges=1 prot=RX writers=1 exec_waits=0 late_retries=0
#### JIT-MPROTECT flip #21 ranges=1 prot=RW writers=1 exec_waits=0 late_retries=0
#### JIT-MPROTECT flip #22 ranges=1 prot=RX writers=1 exec_waits=0 late_retries=0
#### JIT-MPROTECT flip #23 ranges=1 prot=RW writers=1 exec_waits=0 late_retries=0
#### JIT-MPROTECT flip #24 ranges=1 prot=RX writers=1 exec_waits=0 late_retries=0
#### JIT-MPROTECT flip #25 ranges=1 prot=RW writers=1 exec_waits=0 late_retries=0
#### JIT-MPROTECT flip #26 ranges=1 prot=RX writers=1 exec_waits=0 late_retries=0
#### JIT-MPROTECT flip #27 ranges=1 prot=RW writers=1 exec_waits=0 late_retries=0
#### JIT-MPROTECT flip #28 ranges=1 prot=RX writers=1 exec_waits=0 late_retries=0
#### JIT-MPROTECT flip #29 ranges=1 prot=RW writers=1 exec_waits=0 late_retries=0
#### JIT-MPROTECT flip #30 ranges=1 prot=RX writers=1 exec_waits=0 late_retries=0
[69585:0728/060139.212477:VERBOSE1:content/browser/loader/file_url_loader_factory.cc:474] FileURLLoader::Start: file:///Applications/Visual%20Studio%20Code.app/Contents/Resources/app/out/vs/workbench/workbench.desktop.main.css
[69585:0728/060139.213012:VERBOSE1:content/browser/loader/file_url_loader_factory.cc:474] FileURLLoader::Start: file:///Applications/Visual%20Studio%20Code.app/Contents/Resources/app/out/vs/code/electron-browser/workbench/workbench.js
#### JIT-MPROTECT flip #31 ranges=1 prot=RW writers=1 exec_waits=0 late_retries=0
#### JIT-MPROTECT flip #32 ranges=1 prot=RX writers=1 exec_waits=0 late_retries=0
[69629:0728/060139.300098:VERBOSE1:third_party/blink/renderer/core/script/modulator_impl_base.cc:141] "Import Map: \"vscode-file://vscode-app/Applications/Visual%20Studio%20Code.app/Contents/Resources/app/out/vs/workbench/workbench.desktop.main.js\" skips prefix match because of non-special URL scheme"
[69585:0728/060139.301581:VERBOSE1:content/browser/loader/file_url_loader_factory.cc:474] FileURLLoader::Start: file:///Applications/Visual%20Studio%20Code.app/Contents/Resources/app/out/vs/workbench/workbench.desktop.main.js
#### MTL_TEX entry self class=AGXG13GFamilyDevice
#### MTL_TEX TLS set iosurface=0x600038da0 id=0x94 plane=0 compressionHeaderSpan=0 (thread=0x1e4dade00 addr=0x0)
#### MACWS_AGX_NATIVE supportsMemorylessRenderTargets CALLED on instance=0x600232000 class=AGXG13GFamilyDevice -> YES
#### AGXIOC type=0x82 patch #2: f14=0x430 +0x30 0→0x94 +0x38 0x94→0 +0x40 0→0 +0x50 0→0x180888f00 +0x58 0x180888f00→0
#### AGX_LIFE CREATE id=0xe type=0x82 surf=0x94 bytes=0x3d0000 kr=0 okC=14 failC=0 okD=0 failD=0 unmatchedD=0 full=0 live=14/4MB [t0=12/0MB t80=0/0MB t82=2/3MB]
#### AGX_LIFE type82 CREATE stack #2 resourceID=0xe surf=0x94 (16 frames):
0   libmachook_arm64.dylib              0x0000000102be37c4 IOConnectCallMethod_new + 6708
1   IOGPU                               0x00000001a6b0618c IOGPUResourceCreate + 236
2   IOGPU                               0x00000001a6b00138 -[IOGPUMetalResource initWithDevice:remoteStorageResource:options:args:argsSize:] + 460
3   libmachook_arm64.dylib              0x0000000102bd92b8 __loadImageCallback_block_invoke_20 + 112
4   IOGPU                               0x00000001a6b025ec -[IOGPUMetalTexture initWithDevice:descriptor:iosurface:plane:field:args:argsSize:] + 824
5   AGXMetal13_3                        0x00000001ef40af38 -[AGXTexture initWithDevice:desc:iosurface:plane:] + 288
6   libmachook_arm64.dylib              0x0000000102c07134 -[MTLFakeDevice hooked_newTextureWithDescriptor:iosurface:plane:] + 1932
7   libGLESv2.dylib                     0x000000010aed3754 glStartTilingQCOM + 2731860
8   libGLESv2.dylib                     0x000000010aea79b8 glStartTilingQCOM + 2552248
9   libGLESv2.dylib                     0x000000010aea7824 glStartTilingQCOM + 2551844
10  libGLESv2.dylib                     0x000000010ada5fd4 glStartTilingQCOM + 1497044
11  libGLESv2.dylib                     0x000000010ac015fc libGLESv2.dylib + 38396
12  libGLESv2.dylib                     0x000000010ac04d60 EGL_BindTexImage + 144
13  Electron Framework                  0x00000001149d6528 rust_bmp$cxxbridge1$194$Reader$image_data_loaded + 582280
14  Electron Framework                  0x00000001149d99cc rust_bmp$cxxbridge1$194$Reader$image_data_loaded + 595756
15  Electron Framework                  0x00000001149d7830 rust_bmp$cxxbridge1$194$Reader$image_data_loaded + 587152
####   ResCreate OK type=0x82 clientID=0 +0x30=0x94 +0x38=0 +0x40=0 +0x58=0 OUT[+0]=0x1500070000 OUT[+0x08]=0 OUT[+0x10]=0x103020a80 OUT[+0x48]=0x3d0000
####   inStruct[0..104]:
####     00: 82 00 00 00 00 00 00 00 60 09 a0 01 01 00 00 00
####     10: 01 01 00 04 30 04 00 00 00 00 00 00 00 00 00 00
####     20: 00 00 00 00 00 00 00 00 00 00 00 00 00 00 00 00
####     30: 94 00 00 00 00 00 00 00 00 00 00 00 00 00 00 00
####     40: 00 00 00 00 00 00 00 00 00 00 00 00 00 00 00 00
####     50: 00 8f 88 80 01 00 00 00 00 00 00 00 00 00 00 00
####     60: 00 00 00 00 00 00 00 00
#### AGX_MAP_AUDIT #2 tex=0x6009c3200 impl=0x6009c2f80 iosurface(arg=0x600038da0 bound=0x600038da0) plane=0 cpu130=0x10ddf0000 gpu40=0x1500070000 descriptorOff=0x190 descriptorLayout=0 compressed=0 extended=0 match=1
#### AGX_LIFE CREATE id=0xf type=0 surf=0 bytes=0x50000 kr=0 okC=15 failC=0 okD=0 failD=0 unmatchedD=0 full=0 live=15/4MB [t0=13/0MB t80=0/0MB t82=2/3MB]
#### AGXIOC heap map #13 clientID 0x50000 -> resourceID 0xf size 0x50000
####   ResCreate OK type=0 clientID=0 +0x30=0 +0x38=0 +0x40=0x50000 +0x58=0 OUT[+0]=0x18000 OUT[+0x08]=0x10a964000 OUT[+0x10]=0x103020b40 OUT[+0x48]=0x50000
####   inStruct[0..104]:
####     00: 00 00 00 00 00 00 00 00 01 00 01 00 01 00 00 00
####     10: 01 01 00 01 30 84 00 00 00 00 00 00 00 00 00 00
####     20: 00 00 00 00 00 00 00 00 00 00 00 00 00 00 00 00
####     30: 00 00 00 00 00 00 00 00 00 00 00 00 00 00 00 00
####     40: 00 00 05 00 00 00 00 00 00 00 00 00 00 00 00 00
####     50: 00 00 00 38 00 00 00 00 00 00 00 00 00 00 00 00
####     60: 00 00 00 00 00 00 00 00
#### CBRI_HOOK self=0x600112300 cls=AGXG13GFamilyCommandBuffer → resourceInfo=0x600289600
#### AGX_LIFE CREATE id=0x10 type=0 surf=0 bytes=0x8000 kr=0 okC=16 failC=0 okD=0 failD=0 unmatchedD=0 full=0 live=16/4MB [t0=14/0MB t80=0/0MB t82=2/3MB]
#### AGXIOC heap map #14 clientID 0x8000 -> resourceID 0x10 size 0x8000
####   ResCreate OK type=0 clientID=0 +0x30=0 +0x38=0 +0x40=0x8000 +0x58=0 OUT[+0]=0x1500448000 OUT[+0x08]=0x10a9b4000 OUT[+0x10]=0x103020c00 OUT[+0x48]=0x8000
####   inStruct[0..104]:
####     00: 00 00 00 00 00 00 00 00 00 80 01 00 01 00 00 00
####     10: 01 01 00 01 30 04 00 00 00 00 00 00 00 00 00 00
####     20: 00 00 00 00 00 00 00 00 00 00 00 00 00 00 00 00
####     30: 00 00 00 00 00 00 00 00 00 00 00 00 00 00 00 00
####     40: 00 80 00 00 00 00 00 00 00 00 00 00 00 00 00 00
####     50: 00 00 00 08 00 00 00 00 00 00 00 00 00 00 00 00
####     60: 00 00 00 00 00 00 00 00
#### AGXIOC heap map #15 clientID 0x8000 -> resourceID 0x11 size 0x8000
####   ResCreate OK type=0 clientID=0 +0x30=0 +0x38=0 +0x40=0x8000 +0x58=0 OUT[+0]=0x1500458000 OUT[+0x08]=0x10a9bc000 OUT[+0x10]=0x103020cc0 OUT[+0x48]=0x8000
####   inStruct[0..104]:
####     00: 00 00 00 00 00 00 00 00 00 80 01 00 01 00 00 00
####     10: 01 01 00 01 30 04 00 00 00 00 00 00 00 00 00 00
####     20: 00 00 00 00 00 00 00 00 00 00 00 00 00 00 00 00
####     30: 00 00 00 00 00 00 00 00 00 00 00 00 00 00 00 00
####     40: 00 80 00 00 00 00 00 00 00 00 00 00 00 00 00 00
####     50: 00 00 00 08 00 00 00 00 00 00 00 00 00 00 00 00
####     60: 00 00 00 00 00 00 00 00
#### AGXIOC heap map #16 clientID 0x8000 -> resourceID 0x12 size 0x8000
####   ResCreate OK type=0 clientID=0 +0x30=0 +0x38=0 +0x40=0x8000 +0x58=0 OUT[+0]=0x1500468000 OUT[+0x08]=0x10a9c4000 OUT[+0x10]=0x103020d80 OUT[+0x48]=0x8000
####   inStruct[0..104]:
####     00: 00 00 00 00 00 00 00 00 00 80 01 00 01 00 00 00
####     10: 01 01 00 01 30 04 00 00 00 00 00 00 00 00 00 00
####     20: 00 00 00 00 00 00 00 00 00 00 00 00 00 00 00 00
####     30: 00 00 00 00 00 00 00 00 00 00 00 00 00 00 00 00
####     40: 00 80 00 00 00 00 00 00 00 00 00 00 00 00 00 00
####     50: 00 00 00 08 00 00 00 00 00 00 00 00 00 00 00 00
####     60: 00 00 00 00 00 00 00 00
####   ResCreate OK type=0 clientID=0 +0x30=0 +0x38=0 +0x40=0x8000 +0x58=0 OUT[+0]=0x1500478000 OUT[+0x08]=0x10a9cc000 OUT[+0x10]=0x103020e40 OUT[+0x48]=0x8000
####   inStruct[0..104]:
####     00: 00 00 00 00 00 00 00 00 00 80 01 00 01 00 00 00
####     10: 01 01 00 01 30 04 00 00 00 00 00 00 00 00 00 00
####     20: 00 00 00 00 00 00 00 00 00 00 00 00 00 00 00 00
####     30: 00 00 00 00 00 00 00 00 00 00 00 00 00 00 00 00
####     40: 00 80 00 00 00 00 00 00 00 00 00 00 00 00 00 00
####     50: 00 00 00 08 00 00 00 00 00 00 00 00 00 00 00 00
####     60: 00 00 00 00 00 00 00 00
####   ResCreate OK type=0 clientID=0 +0x30=0 +0x38=0 +0x40=0x8000 +0x58=0 OUT[+0]=0x1500488000 OUT[+0x08]=0x10a9d4000 OUT[+0x10]=0x103020f00 OUT[+0x48]=0x8000
####   inStruct[0..104]:
####     00: 00 00 00 00 00 00 00 00 00 80 01 00 01 00 00 00
####     10: 01 01 00 01 30 04 00 00 00 00 00 00 00 00 00 00
####     20: 00 00 00 00 00 00 00 00 00 00 00 00 00 00 00 00
####     30: 00 00 00 00 00 00 00 00 00 00 00 00 00 00 00 00
####     40: 00 80 00 00 00 00 00 00 00 00 00 00 00 00 00 00
####     50: 00 00 00 08 00 00 00 00 00 00 00 00 00 00 00 00
####     60: 00 00 00 00 00 00 00 00
####   ResCreate OK type=0 clientID=0 +0x30=0 +0x38=0 +0x40=0x8000 +0x58=0 OUT[+0]=0x70000 OUT[+0x08]=0x10a9dc000 OUT[+0x10]=0x103020fc0 OUT[+0x48]=0x8000
####   inStruct[0..104]:
####     00: 00 00 00 00 00 00 00 00 00 80 01 00 01 00 00 00
####     10: 01 01 00 01 30 84 00 00 00 00 00 00 00 00 00 00
####     20: 00 00 00 00 00 00 00 00 00 00 00 00 00 00 00 00
####     30: 00 00 00 00 00 00 00 00 00 00 00 00 00 00 00 00
####     40: 00 80 00 00 00 00 00 00 00 00 00 00 00 00 00 00
####     50: 00 00 00 48 00 00 00 00 00 00 00 00 00 00 00 00
####     60: 00 00 00 00 00 00 00 00
####   ResCreate OK type=0 clientID=0 +0x30=0 +0x38=0 +0x40=0x8000 +0x58=0 OUT[+0]=0x80000 OUT[+0x08]=0x10a9e4000 OUT[+0x10]=0x103021080 OUT[+0x48]=0x8000
####   inStruct[0..104]:
####     00: 00 00 00 00 00 00 00 00 00 80 01 00 01 00 00 00
####     10: 01 01 00 01 30 84 00 00 00 00 00 00 00 00 00 00
####     20: 00 00 00 00 00 00 00 00 00 00 00 00 00 00 00 00
####     30: 00 00 00 00 00 00 00 00 00 00 00 00 00 00 00 00
####     40: 00 80 00 00 00 00 00 00 00 00 00 00 00 00 00 00
####     50: 00 00 00 48 00 00 00 00 00 00 00 00 00 00 00 00
####     60: 00 00 00 00 00 00 00 00
####   ResCreate OK type=0 clientID=0 +0x30=0 +0x38=0 +0x40=0x100000 +0x58=0 OUT[+0]=0x1500498000 OUT[+0x08]=0x10a9ec000 OUT[+0x10]=0x103021140 OUT[+0x48]=0x100000
####   inStruct[0..104]:
####     00: 00 00 00 00 00 00 00 00 00 00 01 00 01 00 00 00
####     10: 01 01 00 01 30 04 00 00 00 00 00 00 00 00 00 00
####     20: 00 00 00 00 00 00 00 00 00 00 00 00 00 00 00 00
####     30: 00 00 00 00 00 00 00 00 00 00 00 00 00 00 00 00
####     40: 00 00 10 00 00 00 00 00 00 00 00 00 00 00 00 00
####     50: 00 00 00 18 00 00 00 00 00 00 00 00 00 00 00 00
####     60: 00 00 00 00 00 00 00 00
####   ResCreate OK type=0 clientID=0 +0x30=0 +0x38=0 +0x40=0x8000 +0x58=0 OUT[+0]=0x15005a0000 OUT[+0x08]=0x10aaec000 OUT[+0x10]=0x103021200 OUT[+0x48]=0x8000
####   inStruct[0..104]:
####     00: 00 00 00 00 00 00 00 00 00 80 01 00 01 00 00 00
####     10: 01 01 00 01 30 04 00 00 00 00 00 00 00 00 00 00
####     20: 00 00 00 00 00 00 00 00 00 00 00 00 00 00 00 00
####     30: 00 00 00 00 00 00 00 00 00 00 00 00 00 00 00 00
####     40: 00 80 00 00 00 00 00 00 00 00 00 00 00 00 00 00
####     50: 00 00 00 08 00 00 00 00 00 00 00 00 00 00 00 00
####     60: 00 00 00 00 00 00 00 00
####   ResCreate OK type=0 clientID=0 +0x30=0 +0x38=0 +0x40=0x8000 +0x58=0 OUT[+0]=0x15005b0000 OUT[+0x08]=0x10aaf4000 OUT[+0x10]=0x1030212c0 OUT[+0x48]=0x8000
####   inStruct[0..104]:
####     00: 00 00 00 00 00 00 00 00 00 80 01 00 01 00 00 00
####     10: 01 01 00 01 30 04 00 00 00 00 00 00 00 00 00 00
####     20: 00 00 00 00 00 00 00 00 00 00 00 00 00 00 00 00
####     30: 00 00 00 00 00 00 00 00 00 00 00 00 00 00 00 00
####     40: 00 80 00 00 00 00 00 00 00 00 00 00 00 00 00 00
####     50: 00 00 00 18 00 00 00 00 00 00 00 00 00 00 00 00
####     60: 00 00 00 00 00 00 00 00
####   ResCreate OK type=0 clientID=0 +0x30=0 +0x38=0 +0x40=0x8000 +0x58=0 OUT[+0]=0x15005c0000 OUT[+0x08]=0x10aafc000 OUT[+0x10]=0x103021380 OUT[+0x48]=0x8000
####   inStruct[0..104]:
####     00: 00 00 00 00 00 00 00 00 00 80 01 00 01 00 00 00
####     10: 01 01 00 01 30 04 00 00 00 00 00 00 00 00 00 00
####     20: 00 00 00 00 00 00 00 00 00 00 00 00 00 00 00 00
####     30: 00 00 00 00 00 00 00 00 00 00 00 00 00 00 00 00
####     40: 00 80 00 00 00 00 00 00 00 00 00 00 00 00 00 00
####     50: 00 00 00 08 00 00 00 00 00 00 00 00 00 00 00 00
####     60: 00 00 00 00 00 00 00 00
####   ResCreate OK type=0 clientID=0 +0x30=0 +0x38=0 +0x40=0x8000 +0x58=0 OUT[+0]=0x15005d0000 OUT[+0x08]=0x10ab04000 OUT[+0x10]=0x103021440 OUT[+0x48]=0x8000
####   inStruct[0..104]:
####     00: 00 00 00 00 00 00 00 00 00 80 01 00 01 00 00 00
####     10: 01 01 00 01 30 04 00 00 00 00 00 00 00 00 00 00
####     20: 00 00 00 00 00 00 00 00 00 00 00 00 00 00 00 00
####     30: 00 00 00 00 00 00 00 00 00 00 00 00 00 00 00 00
####     40: 00 80 00 00 00 00 00 00 00 00 00 00 00 00 00 00
####     50: 00 00 00 08 00 00 00 00 00 00 00 00 00 00 00 00
####     60: 00 00 00 00 00 00 00 00
####   ResCreate OK type=0 clientID=0 +0x30=0 +0x38=0 +0x40=0x8000 +0x58=0 OUT[+0]=0x15005e0000 OUT[+0x08]=0x10ab0c000 OUT[+0x10]=0x103021500 OUT[+0x48]=0x8000
####   inStruct[0..104]:
####     00: 00 00 00 00 00 00 00 00 00 80 01 00 01 00 00 00
####     10: 01 01 00 01 30 04 00 00 00 00 00 00 00 00 00 00
####     20: 00 00 00 00 00 00 00 00 00 00 00 00 00 00 00 00
####     30: 00 00 00 00 00 00 00 00 00 00 00 00 00 00 00 00
####     40: 00 80 00 00 00 00 00 00 00 00 00 00 00 00 00 00
####     50: 00 00 00 08 00 00 00 00 00 00 00 00 00 00 00 00
####     60: 00 00 00 00 00 00 00 00
####   ResCreate OK type=0 clientID=0 +0x30=0 +0x38=0 +0x40=0x8000 +0x58=0 OUT[+0]=0x15005f0000 OUT[+0x08]=0x10ab14000 OUT[+0x10]=0x1030215c0 OUT[+0x48]=0x8000
####   inStruct[0..104]:
####     00: 00 00 00 00 00 00 00 00 00 80 01 00 01 00 00 00
####     10: 01 01 00 01 30 04 00 00 00 00 00 00 00 00 00 00
####     20: 00 00 00 00 00 00 00 00 00 00 00 00 00 00 00 00
####     30: 00 00 00 00 00 00 00 00 00 00 00 00 00 00 00 00
####     40: 00 80 00 00 00 00 00 00 00 00 00 00 00 00 00 00
####     50: 00 00 00 08 00 00 00 00 00 00 00 00 00 00 00 00
####     60: 00 00 00 00 00 00 00 00
####   ResCreate OK type=0 clientID=0 +0x30=0 +0x38=0 +0x40=0x8000 +0x58=0 OUT[+0]=0x1500600000 OUT[+0x08]=0x10ab1c000 OUT[+0x10]=0x103021680 OUT[+0x48]=0x8000
####   inStruct[0..104]:
####     00: 00 00 00 00 00 00 00 00 00 80 01 00 01 00 00 00
####     10: 01 01 00 01 30 04 00 00 00 00 00 00 00 00 00 00
####     20: 00 00 00 00 00 00 00 00 00 00 00 00 00 00 00 00
####     30: 00 00 00 00 00 00 00 00 00 00 00 00 00 00 00 00
####     40: 00 80 00 00 00 00 00 00 00 00 00 00 00 00 00 00
####     50: 00 00 00 08 00 00 00 00 00 00 00 00 00 00 00 00
####     60: 00 00 00 00 00 00 00 00
####   ResCreate OK type=0 clientID=0 +0x30=0 +0x38=0 +0x40=0xff80 +0x58=0 OUT[+0]=0x1500610000 OUT[+0x08]=0x10ab24000 OUT[+0x10]=0x103021740 OUT[+0x48]=0x10000
####   inStruct[0..104]:
####     00: 00 00 00 00 00 00 00 00 80 ff 01 00 01 00 00 00
####     10: 01 01 00 01 30 04 00 00 00 00 00 00 00 00 00 00
####     20: 00 00 00 00 00 00 00 00 00 00 00 00 00 00 00 00
####     30: 00 00 00 00 00 00 00 00 00 00 00 00 00 00 00 00
####     40: 80 ff 00 00 00 00 00 00 00 00 00 00 00 00 00 00
####     50: 00 00 00 18 00 00 00 00 00 00 00 00 00 00 00 00
####     60: 00 00 00 00 00 00 00 00
####   ResCreate OK type=0 clientID=0 +0x30=0 +0x38=0 +0x40=0xc0000 +0x58=0 OUT[+0]=0x1500628000 OUT[+0x08]=0x10ab34000 OUT[+0x10]=0x103021800 OUT[+0x48]=0xc0000
####   inStruct[0..104]:
####     00: 00 00 00 00 00 00 00 00 00 00 01 00 01 00 00 00
####     10: 01 01 00 01 30 04 00 00 00 00 00 00 00 00 00 00
####     20: 00 00 00 00 00 00 00 00 00 00 00 00 00 00 00 00
####     30: 00 00 00 00 00 00 00 00 00 00 00 00 00 00 00 00
####     40: 00 00 0c 00 00 00 00 00 00 00 00 00 00 00 00 00
####     50: 00 00 00 08 00 00 00 00 00 00 00 00 00 00 00 00
####     60: 00 00 00 00 00 00 00 00
#### AGXIOC type0 exact initFull length: +0x58=0 low32=0 -> +0x40=0x8000
####   ResCreate OK type=0 clientID=0 +0x30=0x40 +0x38=0 +0x40=0x8000 +0x58=0 OUT[+0]=0x15006f0000 OUT[+0x08]=0x10e1c0000 OUT[+0x10]=0x1030218c0 OUT[+0x48]=0x8000
####   inStruct[0..104]:
####     00: 00 00 00 00 00 00 00 00 01 00 01 00 01 00 00 00
####     10: 01 01 00 01 70 04 00 00 00 00 00 00 00 00 00 00
####     20: 00 00 00 00 00 00 00 00 00 00 00 00 00 00 00 00
####     30: 40 00 00 00 00 00 00 00 00 00 00 00 00 00 00 00
####     40: 00 80 00 00 00 00 00 00 00 00 00 00 00 00 00 00
####     50: 00 00 00 00 00 00 00 00 00 00 00 00 00 00 00 00
####     60: d8 1f 80 26 02 00 00 00
#### TRACE -[AGXBuffer initFull] self=0x60025d680 dev=0x600232000 len=32768 align=1→64 opt=0 subDis=0→1 resIn=0x16d52a708 pin=0x0 -> 0x60025d680
#### AGXIOC type0 exact initFull length: +0x58=0 low32=0 -> +0x40=0xc000
####   ResCreate OK type=0 clientID=0 +0x30=0x40 +0x38=0 +0x40=0xc000 +0x58=0 OUT[+0]=0x1500700000 OUT[+0x08]=0x10e1c8000 OUT[+0x10]=0x103021980 OUT[+0x48]=0xc000
####   inStruct[0..104]:
####     00: 00 00 00 00 00 00 00 00 01 00 01 00 01 00 00 00
####     10: 01 01 00 01 70 04 00 00 00 00 00 00 00 00 00 00
####     20: 00 00 00 00 00 00 00 00 00 00 00 00 00 00 00 00
####     30: 40 00 00 00 00 00 00 00 00 00 00 00 00 00 00 00
####     40: 00 c0 00 00 00 00 00 00 00 00 00 00 00 00 00 00
####     50: 00 00 00 00 00 00 00 00 00 00 00 00 00 00 00 00
####     60: a8 a8 52 6d 01 00 00 00
#### TRACE -[AGXBuffer initFull] self=0x60025df80 dev=0x600232000 len=49152 align=1→64 opt=0 subDis=0→1 resIn=0x16d52a808 pin=0x0 -> 0x60025df80
#### AGXIOC Method sel=0xf->0xd inCnt=2 inSC=0 outSC=16 -> 0x0
#### AGXIOC Method sel=0xf->0xd inCnt=2 inSC=0 outSC=16 -> 0x0
#### AGX_SUBMIT_DIAG #1 subtype1-predicate scalar0=0x1 legacy-scalar-gate=1 total=0x840/1 seglen=0x130/1 seghdr=1 cmdtotal=1 d8=1 pad1=1 f1=1 sent1=1 pad2=1 f2=1 sent2=1
#### AGX_SUBMIT_DIAG #1 descriptor[0] KCMD-type1-observed save /tmp/macws_submit_kcmd_1_0_type1-observed.bin failed errno=17
#### AGX_SUBMIT_DIAG #1 descriptor[0] segment save /tmp/macws_submit_segment_1_0.bin failed errno=17
#### AGX_SUBMIT_DIAG #1 TEMP-KCMD-ABI-FIX subtype1-clear pads=0x1c0,0x4c0 total=0x840->0x820 size=0x7e8->0x7c8 end=0x818->0x7f8 segment-span=0x820
#### AGXIOC Method sel=0x1e->0x1a inCnt=4 inSC=56 outSC=0 -> 0x0
#### CBRI_HOOK self=0x600114980 cls=AGXG13GFamilyCommandBuffer → resourceInfo=0x600292200
####   ResCreate OK type=0 clientID=0 +0x30=0 +0x38=0 +0x40=0x8000 +0x58=0 OUT[+0]=0x15008b0000 OUT[+0x08]=0x10e404000 OUT[+0x10]=0x103021e00 OUT[+0x48]=0x8000
####   inStruct[0..104]:
####     00: 00 00 00 00 00 00 00 00 00 80 01 00 01 00 00 00
####     10: 01 01 00 01 30 04 00 00 00 00 00 00 00 00 00 00
####     20: 00 00 00 00 00 00 00 00 00 00 00 00 00 00 00 00
####     30: 00 00 00 00 00 00 00 00 00 00 00 00 00 00 00 00
####     40: 00 80 00 00 00 00 00 00 00 00 00 00 00 00 00 00
####     50: 00 00 00 08 00 00 00 00 00 00 00 00 00 00 00 00
####     60: 00 00 00 00 00 00 00 00
####   ResCreate OK type=0 clientID=0 +0x30=0 +0x38=0 +0x40=0x8000 +0x58=0 OUT[+0]=0x15008c0000 OUT[+0x08]=0x10e40c000 OUT[+0x10]=0x103021ec0 OUT[+0x48]=0x8000
####   inStruct[0..104]:
####     00: 00 00 00 00 00 00 00 00 00 80 01 00 01 00 00 00
####     10: 01 01 00 01 30 04 00 00 00 00 00 00 00 00 00 00
####     20: 00 00 00 00 00 00 00 00 00 00 00 00 00 00 00 00
####     30: 00 00 00 00 00 00 00 00 00 00 00 00 00 00 00 00
####     40: 00 80 00 00 00 00 00 00 00 00 00 00 00 00 00 00
####     50: 00 00 00 08 00 00 00 00 00 00 00 00 00 00 00 00
####     60: 00 00 00 00 00 00 00 00
####   ResCreate OK type=0 clientID=0 +0x30=0 +0x38=0 +0x40=0x8000 +0x58=0 OUT[+0]=0x15008d0000 OUT[+0x08]=0x10e414000 OUT[+0x10]=0x103021f80 OUT[+0x48]=0x8000
####   inStruct[0..104]:
####     00: 00 00 00 00 00 00 00 00 00 80 01 00 01 00 00 00
####     10: 01 01 00 01 30 04 00 00 00 00 00 00 00 00 00 00
####     20: 00 00 00 00 00 00 00 00 00 00 00 00 00 00 00 00
####     30: 00 00 00 00 00 00 00 00 00 00 00 00 00 00 00 00
####     40: 00 80 00 00 00 00 00 00 00 00 00 00 00 00 00 00
####     50: 00 00 00 08 00 00 00 00 00 00 00 00 00 00 00 00
####     60: 00 00 00 00 00 00 00 00
####   ResCreate OK type=0 clientID=0 +0x30=0 +0x38=0 +0x40=0x8000 +0x58=0 OUT[+0]=0x15008e0000 OUT[+0x08]=0x10e41c000 OUT[+0x10]=0x103022040 OUT[+0x48]=0x8000
####   inStruct[0..104]:
####     00: 00 00 00 00 00 00 00 00 00 80 01 00 01 00 00 00
####     10: 01 01 00 01 30 04 00 00 00 00 00 00 00 00 00 00
####     20: 00 00 00 00 00 00 00 00 00 00 00 00 00 00 00 00
####     30: 00 00 00 00 00 00 00 00 00 00 00 00 00 00 00 00
####     40: 00 80 00 00 00 00 00 00 00 00 00 00 00 00 00 00
####     50: 00 00 00 08 00 00 00 00 00 00 00 00 00 00 00 00
####     60: 00 00 00 00 00 00 00 00
####   ResCreate OK type=0 clientID=0 +0x30=0 +0x38=0 +0x40=0x8000 +0x58=0 OUT[+0]=0x15008f0000 OUT[+0x08]=0x10e424000 OUT[+0x10]=0x103022100 OUT[+0x48]=0x8000
####   inStruct[0..104]:
####     00: 00 00 00 00 00 00 00 00 00 80 01 00 01 00 00 00
####     10: 01 01 00 01 30 04 00 00 00 00 00 00 00 00 00 00
####     20: 00 00 00 00 00 00 00 00 00 00 00 00 00 00 00 00
####     30: 00 00 00 00 00 00 00 00 00 00 00 00 00 00 00 00
####     40: 00 80 00 00 00 00 00 00 00 00 00 00 00 00 00 00
####     50: 00 00 00 08 00 00 00 00 00 00 00 00 00 00 00 00
####     60: 00 00 00 00 00 00 00 00
####   ResCreate OK type=0 clientID=0 +0x30=0 +0x38=0 +0x40=0x8000 +0x58=0 OUT[+0]=0x90000 OUT[+0x08]=0x10e42c000 OUT[+0x10]=0x1030221c0 OUT[+0x48]=0x8000
####   inStruct[0..104]:
####     00: 00 00 00 00 00 00 00 00 00 80 01 00 01 00 00 00
####     10: 01 01 00 01 30 84 00 00 00 00 00 00 00 00 00 00
####     20: 00 00 00 00 00 00 00 00 00 00 00 00 00 00 00 00
####     30: 00 00 00 00 00 00 00 00 00 00 00 00 00 00 00 00
####     40: 00 80 00 00 00 00 00 00 00 00 00 00 00 00 00 00
####     50: 00 00 00 48 00 00 00 00 00 00 00 00 00 00 00 00
####     60: 00 00 00 00 00 00 00 00
####   ResCreate OK type=0 clientID=0 +0x30=0 +0x38=0 +0x40=0x8000 +0x58=0 OUT[+0]=0xa0000 OUT[+0x08]=0x10e434000 OUT[+0x10]=0x103022280 OUT[+0x48]=0x8000
####   inStruct[0..104]:
####     00: 00 00 00 00 00 00 00 00 00 80 01 00 01 00 00 00
####     10: 01 01 00 01 30 84 00 00 00 00 00 00 00 00 00 00
####     20: 00 00 00 00 00 00 00 00 00 00 00 00 00 00 00 00
####     30: 00 00 00 00 00 00 00 00 00 00 00 00 00 00 00 00
####     40: 00 80 00 00 00 00 00 00 00 00 00 00 00 00 00 00
####     50: 00 00 00 48 00 00 00 00 00 00 00 00 00 00 00 00
####     60: 00 00 00 00 00 00 00 00
####   ResCreate OK type=0 clientID=0 +0x30=0 +0x38=0 +0x40=0x100000 +0x58=0 OUT[+0]=0x1500900000 OUT[+0x08]=0x119d18000 OUT[+0x10]=0x103022340 OUT[+0x48]=0x100000
####   inStruct[0..104]:
####     00: 00 00 00 00 00 00 00 00 00 00 01 00 01 00 00 00
####     10: 01 01 00 01 30 04 00 00 00 00 00 00 00 00 00 00
####     20: 00 00 00 00 00 00 00 00 00 00 00 00 00 00 00 00
####     30: 00 00 00 00 00 00 00 00 00 00 00 00 00 00 00 00
####     40: 00 00 10 00 00 00 00 00 00 00 00 00 00 00 00 00
####     50: 00 00 00 18 00 00 00 00 00 00 00 00 00 00 00 00
####     60: 00 00 00 00 00 00 00 00
####   ResCreate OK type=0 clientID=0 +0x30=0 +0x38=0 +0x40=0x8000 +0x58=0 OUT[+0]=0x1500a08000 OUT[+0x08]=0x10e43c000 OUT[+0x10]=0x103022400 OUT[+0x48]=0x8000
####   inStruct[0..104]:
####     00: 00 00 00 00 00 00 00 00 00 80 01 00 01 00 00 00
####     10: 01 01 00 01 30 04 00 00 00 00 00 00 00 00 00 00
####     20: 00 00 00 00 00 00 00 00 00 00 00 00 00 00 00 00
####     30: 00 00 00 00 00 00 00 00 00 00 00 00 00 00 00 00
####     40: 00 80 00 00 00 00 00 00 00 00 00 00 00 00 00 00
####     50: 00 00 00 08 00 00 00 00 00 00 00 00 00 00 00 00
####     60: 00 00 00 00 00 00 00 00
####   ResCreate OK type=0 clientID=0 +0x30=0 +0x38=0 +0x40=0x8000 +0x58=0 OUT[+0]=0x1500a18000 OUT[+0x08]=0x10e444000 OUT[+0x10]=0x1030224c0 OUT[+0x48]=0x8000
####   inStruct[0..104]:
####     00: 00 00 00 00 00 00 00 00 00 80 01 00 01 00 00 00
####     10: 01 01 00 01 30 04 00 00 00 00 00 00 00 00 00 00
####     20: 00 00 00 00 00 00 00 00 00 00 00 00 00 00 00 00
####     30: 00 00 00 00 00 00 00 00 00 00 00 00 00 00 00 00
####     40: 00 80 00 00 00 00 00 00 00 00 00 00 00 00 00 00
####     50: 00 00 00 18 00 00 00 00 00 00 00 00 00 00 00 00
####     60: 00 00 00 00 00 00 00 00
####   ResCreate OK type=0 clientID=0 +0x30=0 +0x38=0 +0x40=0x8000 +0x58=0 OUT[+0]=0x1500a28000 OUT[+0x08]=0x10e44c000 OUT[+0x10]=0x103022580 OUT[+0x48]=0x8000
####   inStruct[0..104]:
####     00: 00 00 00 00 00 00 00 00 00 80 01 00 01 00 00 00
####     10: 01 01 00 01 30 04 00 00 00 00 00 00 00 00 00 00
####     20: 00 00 00 00 00 00 00 00 00 00 00 00 00 00 00 00
####     30: 00 00 00 00 00 00 00 00 00 00 00 00 00 00 00 00
####     40: 00 80 00 00 00 00 00 00 00 00 00 00 00 00 00 00
####     50: 00 00 00 08 00 00 00 00 00 00 00 00 00 00 00 00
####     60: 00 00 00 00 00 00 00 00
####   ResCreate OK type=0 clientID=0 +0x30=0 +0x38=0 +0x40=0x8000 +0x58=0 OUT[+0]=0x1500a38000 OUT[+0x08]=0x10e454000 OUT[+0x10]=0x103022640 OUT[+0x48]=0x8000
####   inStruct[0..104]:
####     00: 00 00 00 00 00 00 00 00 00 80 01 00 01 00 00 00
####     10: 01 01 00 01 30 04 00 00 00 00 00 00 00 00 00 00
####     20: 00 00 00 00 00 00 00 00 00 00 00 00 00 00 00 00
####     30: 00 00 00 00 00 00 00 00 00 00 00 00 00 00 00 00
####     40: 00 80 00 00 00 00 00 00 00 00 00 00 00 00 00 00
####     50: 00 00 00 08 00 00 00 00 00 00 00 00 00 00 00 00
####     60: 00 00 00 00 00 00 00 00
####   ResCreate OK type=0 clientID=0 +0x30=0 +0x38=0 +0x40=0x8000 +0x58=0 OUT[+0]=0x1500a48000 OUT[+0x08]=0x10e45c000 OUT[+0x10]=0x103022700 OUT[+0x48]=0x8000
####   inStruct[0..104]:
####     00: 00 00 00 00 00 00 00 00 00 80 01 00 01 00 00 00
####     10: 01 01 00 01 30 04 00 00 00 00 00 00 00 00 00 00
####     20: 00 00 00 00 00 00 00 00 00 00 00 00 00 00 00 00
####     30: 00 00 00 00 00 00 00 00 00 00 00 00 00 00 00 00
####     40: 00 80 00 00 00 00 00 00 00 00 00 00 00 00 00 00
####     50: 00 00 00 08 00 00 00 00 00 00 00 00 00 00 00 00
####     60: 00 00 00 00 00 00 00 00
####   ResCreate OK type=0 clientID=0 +0x30=0 +0x38=0 +0x40=0x8000 +0x58=0 OUT[+0]=0x1500a58000 OUT[+0x08]=0x10e464000 OUT[+0x10]=0x1030227c0 OUT[+0x48]=0x8000
####   inStruct[0..104]:
####     00: 00 00 00 00 00 00 00 00 00 80 01 00 01 00 00 00
####     10: 01 01 00 01 30 04 00 00 00 00 00 00 00 00 00 00
####     20: 00 00 00 00 00 00 00 00 00 00 00 00 00 00 00 00
####     30: 00 00 00 00 00 00 00 00 00 00 00 00 00 00 00 00
####     40: 00 80 00 00 00 00 00 00 00 00 00 00 00 00 00 00
####     50: 00 00 00 08 00 00 00 00 00 00 00 00 00 00 00 00
####     60: 00 00 00 00 00 00 00 00
#### AGX_SUBMIT_DIAG #2 TEMP-KCMD-TRAILING-WRAPPER-FIX match=1 subtype1=0..0x840->0..0x820 wrappers=2 range=0x840..0x870->0x820..0x850
#### AGXIOC Method sel=0x1e->0x1a inCnt=4 inSC=56 outSC=0 -> 0x0
#### MTL_TEX entry self class=AGXG13GFamilyDevice
#### MTL_TEX TLS set iosurface=0x60003dfa0 id=0xa2 plane=0 compressionHeaderSpan=0 (thread=0x1e4dade00 addr=0x0)
#### MACWS_AGX_NATIVE supportsMemorylessRenderTargets CALLED on instance=0x600232000 class=AGXG13GFamilyDevice -> YES
#### AGXIOC type=0x82 patch #3: f14=0x430 +0x30 0→0xa2 +0x38 0xa2→0 +0x40 0→0 +0x50 0→0x180888f00 +0x58 0x180888f00→0
#### AGX_LIFE type82 CREATE stack #3 resourceID=0x34 surf=0xa2 (16 frames):
0   libmachook_arm64.dylib              0x0000000102be37c4 IOConnectCallMethod_new + 6708
1   IOGPU                               0x00000001a6b0618c IOGPUResourceCreate + 236
2   IOGPU                               0x00000001a6b00138 -[IOGPUMetalResource initWithDevice:remoteStorageResource:options:args:argsSize:] + 460
3   libmachook_arm64.dylib              0x0000000102bd92b8 __loadImageCallback_block_invoke_20 + 112
4   IOGPU                               0x00000001a6b025ec -[IOGPUMetalTexture initWithDevice:descriptor:iosurface:plane:field:args:argsSize:] + 824
5   AGXMetal13_3                        0x00000001ef40af38 -[AGXTexture initWithDevice:desc:iosurface:plane:] + 288
6   libmachook_arm64.dylib              0x0000000102c07134 -[MTLFakeDevice hooked_newTextureWithDescriptor:iosurface:plane:] + 1932
7   libGLESv2.dylib                     0x000000010aed3754 glStartTilingQCOM + 2731860
8   libGLESv2.dylib                     0x000000010aea79b8 glStartTilingQCOM + 2552248
9   libGLESv2.dylib                     0x000000010aea7824 glStartTilingQCOM + 2551844
10  libGLESv2.dylib                     0x000000010ada5fd4 glStartTilingQCOM + 1497044
11  libGLESv2.dylib                     0x000000010ac015fc libGLESv2.dylib + 38396
12  libGLESv2.dylib                     0x000000010ac04d60 EGL_BindTexImage + 144
13  Electron Framework                  0x00000001149d6528 rust_bmp$cxxbridge1$194$Reader$image_data_loaded + 582280
14  Electron Framework                  0x00000001149d99cc rust_bmp$cxxbridge1$194$Reader$image_data_loaded + 595756
15  Electron Framework                  0x00000001149d7830 rust_bmp$cxxbridge1$194$Reader$image_data_loaded + 587152
#### AGX_MAP_AUDIT #3 tex=0x6009c6e00 impl=0x6009c6b80 iosurface(arg=0x60003dfa0 bound=0x60003dfa0) plane=0 cpu130=0x119ed8000 gpu40=0x1500ba0000 descriptorOff=0x190 descriptorLayout=0 compressed=0 extended=0 match=1
#### AGXIOC type0 exact initFull length: +0x58=0 low32=0 -> +0x40=0x8000
#### AGXIOC Method sel=0xf->0xd inCnt=2 inSC=0 outSC=16 -> 0x0
#### AGXIOC Method sel=0xf->0xd inCnt=2 inSC=0 outSC=16 -> 0x0
#### AGXIOC Method sel=0x1e->0x1a inCnt=4 inSC=56 outSC=0 -> 0x0
#### CBRI_HOOK self=0x600115b00 cls=AGXG13GFamilyCommandBuffer → resourceInfo=0x60029b800
#### AGX_SUBMIT_DIAG #4 TEMP-KCMD-TRAILING-WRAPPER-FIX match=2 subtype1=0..0x840->0..0x820 wrappers=1 range=0x840..0x858->0x820..0x838
#### AGXIOC Method sel=0x1e->0x1a inCnt=4 inSC=56 outSC=0 -> 0x0
#### MTL_TEX entry self class=AGXG13GFamilyDevice
#### MTL_TEX TLS set iosurface=0x60003dd20 id=0xa3 plane=0 compressionHeaderSpan=0 (thread=0x1e4dade00 addr=0x0)
#### MACWS_AGX_NATIVE supportsMemorylessRenderTargets CALLED on instance=0x600232000 class=AGXG13GFamilyDevice -> YES
#### AGXIOC type=0x82 patch #4: f14=0x430 +0x30 0→0xa3 +0x38 0xa3→0 +0x40 0→0 +0x50 0→0x180888f00 +0x58 0x180888f00→0
#### AGX_LIFE type82 CREATE stack #4 resourceID=0x36 surf=0xa3 (16 frames):
0   libmachook_arm64.dylib              0x0000000102be37c4 IOConnectCallMethod_new + 6708
1   IOGPU                               0x00000001a6b0618c IOGPUResourceCreate + 236
2   IOGPU                               0x00000001a6b00138 -[IOGPUMetalResource initWithDevice:remoteStorageResource:options:args:argsSize:] + 460
3   libmachook_arm64.dylib              0x0000000102bd92b8 __loadImageCallback_block_invoke_20 + 112
4   IOGPU                               0x00000001a6b025ec -[IOGPUMetalTexture initWithDevice:descriptor:iosurface:plane:field:args:argsSize:] + 824
5   AGXMetal13_3                        0x00000001ef40af38 -[AGXTexture initWithDevice:desc:iosurface:plane:] + 288
6   libmachook_arm64.dylib              0x0000000102c07134 -[MTLFakeDevice hooked_newTextureWithDescriptor:iosurface:plane:] + 1932
7   libGLESv2.dylib                     0x000000010aed3754 glStartTilingQCOM + 2731860
8   libGLESv2.dylib                     0x000000010aea79b8 glStartTilingQCOM + 2552248
9   libGLESv2.dylib                     0x000000010aea7824 glStartTilingQCOM + 2551844
10  libGLESv2.dylib                     0x000000010ada5fd4 glStartTilingQCOM + 1497044
11  libGLESv2.dylib                     0x000000010ac015fc libGLESv2.dylib + 38396
12  libGLESv2.dylib                     0x000000010ac04d60 EGL_BindTexImage + 144
13  Electron Framework                  0x00000001149d6528 rust_bmp$cxxbridge1$194$Reader$image_data_loaded + 582280
14  Electron Framework                  0x00000001149d99cc rust_bmp$cxxbridge1$194$Reader$image_data_loaded + 595756
15  Electron Framework                  0x00000001149d7830 rust_bmp$cxxbridge1$194$Reader$image_data_loaded + 587152
#### AGX_MAP_AUDIT #4 tex=0x6009c7d00 impl=0x6009c7a80 iosurface(arg=0x60003dd20 bound=0x60003dd20) plane=0 cpu130=0x11a2a8000 gpu40=0x1500f78000 descriptorOff=0x190 descriptorLayout=0 compressed=0 extended=0 match=1
#### CBRI_HOOK self=0x600115e80 cls=AGXG13GFamilyCommandBuffer → resourceInfo=0x600292200
#### AGXIOC Method sel=0x1e->0x1a inCnt=4 inSC=56 outSC=0 -> 0x0
#### MTL_TEX TLS set iosurface=0x60003e220 id=0xa4 plane=0 compressionHeaderSpan=0 (thread=0x1e4dade00 addr=0x0)
#### MACWS_AGX_NATIVE supportsMemorylessRenderTargets CALLED on instance=0x600232000 class=AGXG13GFamilyDevice -> YES
#### AGX_SUBMIT_DIAG #6 TEMP-KCMD-TRAILING-WRAPPER-FIX match=3 subtype1=0..0x840->0..0x820 wrappers=1 range=0x840..0x858->0x820..0x838
#### AGXIOC type=0x82 patch #5: f14=0x430 +0x30 0→0xa4 +0x38 0xa4→0 +0x40 0→0 +0x50 0→0x180888f00 +0x58 0x180888f00→0
#### AGX_MAP_AUDIT #5 tex=0x6009c8700 impl=0x6009c8480 iosurface(arg=0x60003e220 bound=0x60003e220) plane=0 cpu130=0x11a678000 gpu40=0x1501350000 descriptorOff=0x190 descriptorLayout=0 compressed=0 extended=0 match=1
#### AGXIOC Method sel=0xf->0xd inCnt=2 inSC=0 outSC=16 -> 0x0
#### AGXIOC Method sel=0x1e->0x1a inCnt=4 inSC=56 outSC=0 -> 0x0
#### AGXIOC Method sel=0xf->0xd inCnt=2 inSC=0 outSC=16 -> 0x0
#### AGXIOC Method sel=0x1e->0x1a inCnt=4 inSC=56 outSC=0 -> 0x0
#### CBRI_HOOK self=0x600116c80 cls=AGXG13GFamilyCommandBuffer → resourceInfo=0x60029f400
#### AGX_SUBMIT_DIAG #8 TEMP-KCMD-TRAILING-WRAPPER-FIX match=4 subtype1=0..0x840->0..0x820 wrappers=1 range=0x840..0x858->0x820..0x838
#### AGXIOC Method sel=0x1e->0x1a inCnt=4 inSC=56 outSC=0 -> 0x0
#### IOSURFACE-RELEASE-ABI pair #1: conn=11783 surfaceID=147 sel=1 -> 0
#### JIT-MPROTECT flip #1024 ranges=1 prot=RX writers=1 exec_waits=0 late_retries=0
#### JIT-MPROTECT flip #2048 ranges=1 prot=RX writers=1 exec_waits=0 late_retries=0
[91m[main 2026-07-28T13:01:39.952Z][0m Unable to resolve your shell environment: Unexpected exit code from spawned shell (code null, signal SIGABRT)
#### JIT-MPROTECT flip #3072 ranges=1 prot=RX writers=1 exec_waits=0 late_retries=0
#### JIT-MPROTECT flip #4096 ranges=1 prot=RX writers=1 exec_waits=0 late_retries=0
[69625:0728/060140.432031:VERBOSE1:net/base/network_delegate.cc:38] NetworkDelegate::NotifyBeforeURLRequest: https://main.vscode-cdn.net/extensions/chat.json
#### JIT-MPROTECT flip #5120 ranges=1 prot=RX writers=1 exec_waits=0 late_retries=0
[69585:0728/060140.532936:INFO:CONSOLE:442] "%c WARN color: #993 Creation of workbench contribution 'workbench.contrib.chatSetup' took 26ms.", source: vscode-file://vscode-app/Applications/Visual%20Studio%20Code.app/Contents/Resources/app/out/vs/workbench/workbench.desktop.main.js (442)
#### JIT-MPROTECT flip #6144 ranges=1 prot=RX writers=1 exec_waits=0 late_retries=0
#### JIT-MPROTECT flip #7168 ranges=1 prot=RX writers=1 exec_waits=0 late_retries=0
#### JIT-MPROTECT flip #5120 ranges=1 prot=RX writers=1 exec_waits=67 late_retries=4
#### JIT-MPROTECT flip #8192 ranges=1 prot=RX writers=1 exec_waits=0 late_retries=0
[69585:0728/060140.950007:VERBOSE1:content/browser/loader/file_url_loader_factory.cc:474] FileURLLoader::Start: file:///Applications/Visual%20Studio%20Code.app/Contents/Resources/app/out/media/sessions-icon.svg
[69585:0728/060140.950918:VERBOSE1:content/browser/loader/file_url_loader_factory.cc:474] FileURLLoader::Start: file:///Applications/Visual%20Studio%20Code.app/Contents/Resources/app/out/media/code-icon.svg
[69585:0728/060140.951510:VERBOSE1:content/browser/loader/file_url_loader_factory.cc:474] FileURLLoader::Start: file:///Applications/Visual%20Studio%20Code.app/Contents/Resources/app/extensions/theme-seti/icons/seti.woff
#### MTL_TEX TLS set iosurface=0x600a925c0 id=0x93 plane=0 compressionHeaderSpan=0 (thread=0x1e4dade00 addr=0x0)
#### AGXIOC type=0x82 patch #6: f14=0x430 +0x30 0→0x93 +0x38 0x93→0 +0x40 0→0 +0x50 0→0x180888f00 +0x58 0x180888f00→0
#### AGX_MAP_AUDIT #6 tex=0x6009c9600 impl=0x6009c9380 iosurface(arg=0x600a925c0 bound=0x600a925c0) plane=0 cpu130=0x10a5fc000 gpu40=0x1501728000 descriptorOff=0x190 descriptorLayout=0 compressed=0 extended=0 match=1
#### CBRI_HOOK self=0x600114980 cls=AGXG13GFamilyCommandBuffer → resourceInfo=0x60029e000
#### CBRI_HOOK self=0x600117380 cls=AGXG13GFamilyCommandBuffer → resourceInfo=0x6002a0800
#### AGX_SUBMIT_DIAG #9 TEMP-KCMD-TRAILING-WRAPPER-FIX match=5 subtype1=0..0x840->0..0x820 wrappers=1 range=0x840..0x858->0x820..0x838
#### AGX_SUBMIT_DIAG #9 TEMP-KCMD-TRAILING-WRAPPER-FIX match=6 subtype1=0..0x840->0..0x820 wrappers=1 range=0x840..0x858->0x820..0x838
#### JIT-MPROTECT flip #9216 ranges=1 prot=RX writers=1 exec_waits=0 late_retries=0
#### MTL_TEX TLS set iosurface=0x600a92560 id=0xa5 plane=0 compressionHeaderSpan=0 (thread=0x1e4dade00 addr=0x0)
#### AGXIOC type=0x82 patch #7: f14=0x430 +0x30 0→0xa5 +0x38 0xa5→0 +0x40 0→0 +0x50 0→0x180888f00 +0x58 0x180888f00→0
#### AGX_MAP_AUDIT #7 tex=0x6009ca500 impl=0x6009ca280 iosurface(arg=0x600a92560 bound=0x600a92560) plane=0 cpu130=0x11af08000 gpu40=0x15019f0000 descriptorOff=0x190 descriptorLayout=0 compressed=0 extended=0 match=1
#### CBRI_HOOK self=0x600115e80 cls=AGXG13GFamilyCommandBuffer → resourceInfo=0x60028d200
#### MTL_TEX TLS set iosurface=0x600a924c0 id=0xa6 plane=0 compressionHeaderSpan=0 (thread=0x1e4dade00 addr=0x0)
#### AGXIOC type=0x82 patch #8: f14=0x430 +0x30 0→0xa6 +0x38 0xa6→0 +0x40 0→0 +0x50 0→0x180888f00 +0x58 0x180888f00→0
#### AGX_MAP_AUDIT #8 tex=0x6009caf00 impl=0x6009cac80 iosurface(arg=0x600a924c0 bound=0x600a924c0) plane=0 cpu130=0x11afa0000 gpu40=0x1501a90000 descriptorOff=0x190 descriptorLayout=0 compressed=0 extended=0 match=1
#### CBRI_HOOK self=0x600118180 cls=AGXG13GFamilyCommandBuffer → resourceInfo=0x6002a3000
#### AGX_SUBMIT_DIAG #10 TEMP-KCMD-TRAILING-WRAPPER-FIX match=7 subtype1=0..0x840->0..0x820 wrappers=1 range=0x840..0x858->0x820..0x838
#### AGX_SUBMIT_DIAG #10 TEMP-KCMD-TRAILING-WRAPPER-FIX match=8 subtype1=0..0x840->0..0x820 wrappers=1 range=0x840..0x858->0x820..0x838
#### MTL_TEX TLS set iosurface=0x600a92400 id=0xa7 plane=0 compressionHeaderSpan=0 (thread=0x1e4dade00 addr=0x0)
#### AGXIOC type=0x82 patch #9: f14=0x430 +0x30 0→0xa7 +0x38 0xa7→0 +0x40 0→0 +0x50 0→0x180888f00 +0x58 0x180888f00→0
#### AGX_MAP_AUDIT #9 tex=0x6009cb900 impl=0x6009c9b00 iosurface(arg=0x600a92400 bound=0x600a92400) plane=0 cpu130=0x11b030000 gpu40=0x1501b28000 descriptorOff=0x190 descriptorLayout=0 compressed=0 extended=0 match=1
#### MTL_TEX POOL-NEW: key=128x1-pf10-bpe1-fcc1278226488 → IOSurface=0x600a92d80 (bpr=128 alloc=16 KB, map=EXPLICIT)
#### AGXIOC type=0x82 patch #10: f14=0x430 +0x30 0→0xa8 +0x38 0xa8→0 +0x40 0→0 +0x50 0→0x180888c00 +0x58 0x180888c00→0
#### MTL_TEX TEX-CACHE-NEW: surf=0x600a92d80 → tex=0x6009cbe00
#### AGX_MAP_AUDIT #10 tex=0x6009cbe00 impl=0x6009caa00 iosurface(arg=0x600a92d80 bound=0x600a92d80) plane=0 cpu130=0x10a690000 gpu40=0x1501f00000 descriptorOff=0x190 descriptorLayout=0 compressed=0 extended=0 match=1
#### MTL_TEX plain ROUTE-IOSURF result: 0x6009cbe00
#### AGXIOC type0 exact initFull length: +0x58=0 low32=0 -> +0x40=0x80
#### CBRI_HOOK self=0x600117a80 cls=AGXG13GFamilyCommandBuffer → resourceInfo=0x6002a0800
#### MTL_TEX POOL-NEW: key=8x8-pf10-bpe1-fcc1278226488 → IOSurface=0x600a94280 (bpr=128 alloc=16 KB, map=EXPLICIT)
#### AGXIOC type=0x82 patch #11: f14=0x430 +0x30 0→0xa9 +0x38 0xa9→0 +0x40 0→0 +0x50 0→0x180888c00 +0x58 0x180888c00→0
#### MTL_TEX TEX-CACHE-NEW: surf=0x600a94280 → tex=0x6009ce880
#### AGX_MAP_AUDIT #11 tex=0x6009ce880 impl=0x6009ce600 iosurface(arg=0x600a94280 bound=0x600a94280) plane=0 cpu130=0x10a6a8000 gpu40=0x1501f20000 descriptorOff=0x190 descriptorLayout=0 compressed=0 extended=0 match=1
#### MTL_TEX plain ROUTE-IOSURF result: 0x6009ce880
#### AGXIOC type0 exact initFull length: +0x58=0 low32=0 -> +0x40=0x40
#### AGXIOC type0 exact initFull length: +0x58=0xc00000000 low32=0 -> +0x40=0x300
#### TRACE -[AGXBuffer initUntracked] self=0x600b5a980 dev=0x600232000 len=768 opt=0 -> 0x600b5a980
#### AGX_LIFE DESTROY id=0x2 type=0 surf=0 bytes=0x4000 kr=0 okC=83 failC=0 okD=1 failD=0 unmatchedD=0 full=0 live=82/28MB [t0=71/7MB t80=0/0MB t82=11/20MB]
#### TRACE -[AGXBuffer initUntracked] self=0x600251f80 dev=0x600232000 len=768 opt=0 -> 0x600251f80
#### AGX_LIFE DESTROY id=0x3 type=0 surf=0 bytes=0x4000 kr=0 okC=84 failC=0 okD=2 failD=0 unmatchedD=0 full=0 live=82/28MB [t0=71/7MB t80=0/0MB t82=11/20MB]
#### TRACE -[AGXBuffer initUntracked] self=0x600255d00 dev=0x600232000 len=128 opt=0 -> 0x600255d00
#### AGX_LIFE DESTROY id=0x4 type=0 surf=0 bytes=0x4000 kr=0 okC=85 failC=0 okD=3 failD=0 unmatchedD=0 full=0 live=82/28MB [t0=71/7MB t80=0/0MB t82=11/20MB]
#### MTL_TEX POOL-NEW: key=128x128-pf10-bpe1-fcc1278226488 → IOSurface=0x600a94480 (bpr=128 alloc=16 KB, map=EXPLICIT)
#### AGXIOC type=0x82 patch #12: f14=0x430 +0x30 0→0xaa +0x38 0xaa→0 +0x40 0→0 +0x50 0→0x180888c00 +0x58 0x180888c00→0
#### MTL_TEX TEX-CACHE-NEW: surf=0x600a94480 → tex=0x600cc0280
#### AGX_MAP_AUDIT #12 tex=0x600cc0280 impl=0x600cc0000 iosurface(arg=0x600a94480 bound=0x600a94480) plane=0 cpu130=0x10a6b4000 gpu40=0x1500010000 descriptorOff=0x190 descriptorLayout=0 compressed=0 extended=0 match=1
#### MTL_TEX plain ROUTE-IOSURF result: 0x600cc0280
#### MTL_TEX POOL-NEW: key=512x256-pf10-bpe1-fcc1278226488 → IOSurface=0x600a94980 (bpr=512 alloc=128 KB, map=EXPLICIT)
#### AGXIOC type=0x82 patch #13: f14=0x430 +0x30 0→0xab +0x38 0xab→0 +0x40 0→0 +0x50 0→0x180888c00 +0x58 0x180888c00→0
#### MTL_TEX TEX-CACHE-NEW: surf=0x600a94980 → tex=0x600cc0a00
#### AGX_MAP_AUDIT #13 tex=0x600cc0a00 impl=0x600cc0780 iosurface(arg=0x600a94980 bound=0x600a94980) plane=0 cpu130=0x10a6b8000 gpu40=0x1501f38000 descriptorOff=0x190 descriptorLayout=0 compressed=0 extended=0 match=1
#### MTL_TEX plain ROUTE-IOSURF result: 0x600cc0a00
#### MTL_TEX POOL-NEW: key=256x128-pf10-bpe1-fcc1278226488 → IOSurface=0x600a94920 (bpr=256 alloc=32 KB, map=EXPLICIT)
#### AGXIOC type=0x82 patch #14: f14=0x430 +0x30 0→0xac +0x38 0xac→0 +0x40 0→0 +0x50 0→0x180888c00 +0x58 0x180888c00→0
#### MTL_TEX TEX-CACHE-NEW: surf=0x600a94920 → tex=0x600cc1180
#### AGX_MAP_AUDIT #14 tex=0x600cc1180 impl=0x600cc0f00 iosurface(arg=0x600a94920 bound=0x600a94920) plane=0 cpu130=0x10a6d8000 gpu40=0x1501f60000 descriptorOff=0x190 descriptorLayout=0 compressed=0 extended=0 match=1
#### MTL_TEX plain ROUTE-IOSURF result: 0x600cc1180
#### MTL_TEX POOL-NEW: key=128x64-pf10-bpe1-fcc1278226488 → IOSurface=0x600a94960 (bpr=128 alloc=16 KB, map=EXPLICIT)
#### AGXIOC type=0x82 patch #15: f14=0x430 +0x30 0→0xad +0x38 0xad→0 +0x40 0→0 +0x50 0→0x180888c00 +0x58 0x180888c00→0
#### MTL_TEX TEX-CACHE-NEW: surf=0x600a94960 → tex=0x600cc1900
#### AGX_MAP_AUDIT #15 tex=0x600cc1900 impl=0x600cc1680 iosurface(arg=0x600a94960 bound=0x600a94960) plane=0 cpu130=0x10a6e0000 gpu40=0x1501f70000 descriptorOff=0x190 descriptorLayout=0 compressed=0 extended=0 match=1
#### MTL_TEX plain ROUTE-IOSURF result: 0x600cc1900
#### MTL_TEX POOL-HIT: key=128x64-pf10-bpe1-fcc1278226488 → IOSurface=0x600a94960
#### AGX_MAP_AUDIT #16 tex=0x600cc1900 impl=0x600cc1680 iosurface(arg=0x600a94960 bound=0x600a94960) plane=0 cpu130=0x10a6e0000 gpu40=0x1501f70000 descriptorOff=0x190 descriptorLayout=0 compressed=0 extended=0 match=1
#### MTL_TEX plain ROUTE-IOSURF result: 0x600cc1900
#### MTL_TEX POOL-NEW: key=32x32-pf80-bpe4-fcc1111970369 → IOSurface=0x600a94940 (bpr=128 alloc=16 KB, map=EXPLICIT)
#### AGXIOC type=0x82 patch #16: f14=0x430 +0x30 0→0xae +0x38 0xae→0 +0x40 0→0 +0x50 0→0x180888f00 +0x58 0x180888f00→0
#### AGX_MAP_AUDIT #17 tex=0x600cc2300 impl=0x600cc2080 iosurface(arg=0x600a94940 bound=0x600a94940) plane=0 cpu130=0x10a6e4000 gpu40=0x1501f78000 descriptorOff=0x190 descriptorLayout=0 compressed=0 extended=0 match=1
#### MTL_TEX plain ROUTE-IOSURF result: 0x600cc2300
#### MTL_TEX POOL-NEW: key=64x32-pf80-bpe4-fcc1111970369 → IOSurface=0x600a94900 (bpr=256 alloc=16 KB, map=EXPLICIT)
#### AGX_MAP_AUDIT #18 tex=0x600cc2a80 impl=0x600cc2800 iosurface(arg=0x600a94900 bound=0x600a94900) plane=0 cpu130=0x10a6e8000 gpu40=0x1501f80000 descriptorOff=0x190 descriptorLayout=0 compressed=0 extended=0 match=1
#### MTL_TEX plain ROUTE-IOSURF result: 0x600cc2a80
#### MTL_TEX POOL-HIT: key=64x32-pf80-bpe4-fcc1111970369 → IOSurface=0x600a94900
#### AGX_MAP_AUDIT #19 tex=0x600cc2a80 impl=0x600cc2800 iosurface(arg=0x600a94900 bound=0x600a94900) plane=0 cpu130=0x10a6e8000 gpu40=0x1501f80000 descriptorOff=0x190 descriptorLayout=0 compressed=0 extended=0 match=1
#### MTL_TEX plain ROUTE-IOSURF result: 0x600cc2a80
#### MTL_TEX POOL-HIT: key=64x32-pf80-bpe4-fcc1111970369 → IOSurface=0x600a94900
#### AGX_MAP_AUDIT #20 tex=0x600cc2a80 impl=0x600cc2800 iosurface(arg=0x600a94900 bound=0x600a94900) plane=0 cpu130=0x10a6e8000 gpu40=0x1501f80000 descriptorOff=0x190 descriptorLayout=0 compressed=0 extended=0 match=1
#### MTL_TEX plain ROUTE-IOSURF result: 0x600cc2a80
#### MTL_TEX POOL-NEW: key=32x64-pf80-bpe4-fcc1111970369 → IOSurface=0x600a948e0 (bpr=128 alloc=16 KB, map=EXPLICIT)
#### AGX_MAP_AUDIT #21 tex=0x600cc3700 impl=0x600cc3480 iosurface(arg=0x600a948e0 bound=0x600a948e0) plane=0 cpu130=0x10a6ec000 gpu40=0x1501f88000 descriptorOff=0x190 descriptorLayout=0 compressed=0 extended=0 match=1
#### MTL_TEX plain ROUTE-IOSURF result: 0x600cc3700
#### MTL_TEX POOL-HIT: key=32x64-pf80-bpe4-fcc1111970369 → IOSurface=0x600a948e0
#### AGX_MAP_AUDIT #22 tex=0x600cc3700 impl=0x600cc3480 iosurface(arg=0x600a948e0 bound=0x600a948e0) plane=0 cpu130=0x10a6ec000 gpu40=0x1501f88000 descriptorOff=0x190 descriptorLayout=0 compressed=0 extended=0 match=1
#### MTL_TEX plain ROUTE-IOSURF result: 0x600cc3700
#### MTL_TEX POOL-NEW: key=16x64-pf80-bpe4-fcc1111970369 → IOSurface=0x600a948c0 (bpr=128 alloc=16 KB, map=EXPLICIT)
#### AGX_MAP_AUDIT #23 tex=0x600cc4100 impl=0x600cc3e80 iosurface(arg=0x600a948c0 bound=0x600a948c0) plane=0 cpu130=0x10a6f0000 gpu40=0x1501f90000 descriptorOff=0x190 descriptorLayout=0 compressed=0 extended=0 match=1
#### AGX_MAP_AUDIT #24 tex=0x600cc4100 impl=0x600cc3e80 iosurface(arg=0x600a948c0 bound=0x600a948c0) plane=0 cpu130=0x10a6f0000 gpu40=0x1501f90000 descriptorOff=0x190 descriptorLayout=0 compressed=0 extended=0 match=1
#### AGX_MAP_AUDIT #25 tex=0x600cc2300 impl=0x600cc2080 iosurface(arg=0x600a94940 bound=0x600a94940) plane=0 cpu130=0x10a6e4000 gpu40=0x1501f78000 descriptorOff=0x190 descriptorLayout=0 compressed=0 extended=0 match=1
#### AGX_MAP_AUDIT #26 tex=0x600cc2300 impl=0x600cc2080 iosurface(arg=0x600a94940 bound=0x600a94940) plane=0 cpu130=0x10a6e4000 gpu40=0x1501f78000 descriptorOff=0x190 descriptorLayout=0 compressed=0 extended=0 match=1
#### AGX_MAP_AUDIT #27 tex=0x600cc5000 impl=0x600cc4d80 iosurface(arg=0x600a948a0 bound=0x600a948a0) plane=0 cpu130=0x10a6f4000 gpu40=0x1501f98000 descriptorOff=0x190 descriptorLayout=0 compressed=0 extended=0 match=1
#### AGX_MAP_AUDIT #28 tex=0x600cc5a00 impl=0x600cc5780 iosurface(arg=0x600a94880 bound=0x600a94880) plane=0 cpu130=0x11b400000 gpu40=0x1501fa0000 descriptorOff=0x190 descriptorLayout=0 compressed=0 extended=0 match=1
[69585:0728/060141.158538:VERBOSE1:content/browser/loader/file_url_loader_factory.cc:474] FileURLLoader::Start: file:///Applications/Visual%20Studio%20Code.app/Contents/Resources/app/out/media/codicon.ttf
#### AGX_MAP_AUDIT #29 tex=0x600f00780 impl=0x600f00000 iosurface(arg=0x600a963c0 bound=0x600a963c0) plane=0 cpu130=0x10e510000 gpu40=0x1502470000 descriptorOff=0x190 descriptorLayout=0 compressed=0 extended=0 match=1
#### MTL_TEX plain DEPTH-STENCIL: pf=253 routing to native AGX path (IOSurface backing is invalid)
#### TRACE -[AGXBuffer initUntracked] self=0x600e13180 dev=0x600232000 len=1536 opt=0 -> 0x600e13180
#### TRACE -[AGXBuffer initUntracked] self=0x600e13c00 dev=0x600232000 len=1536 opt=0 -> 0x600e13c00
#### TRACE -[AGXBuffer initUntracked] self=0x600e13a80 dev=0x600232000 len=256 opt=0 -> 0x600e13a80
#### AGXIOC sel=0x9 type=0 VA-shape +0x38=0x11b85c000 → 0
#### AGXIOC sel=0x9 type=0 args+0x14=0x2c30 → 0x430 (stripped macOS-only bits 0x2800)
#### AGXIOC sel=0x9 type=0 VA-shape detected: args+0x40=0x11b85c000 (>1GB) → using args+0x48=0x20000 as size, +0x58 0x380888c50 → 0
#### MTL_TEX plain DEPTH-STENCIL native result: 0x600f00500 class=AGXG13GFamilyTexture
#### AGXIOC Scalar sel=0x10->0xe inCnt=1 -> 0x0
#### AGXIOC Scalar sel=0x10->0xe inCnt=1 -> 0x0
#### MTL_TEX plain DEPTH-STENCIL: pf=253 routing to native AGX path (IOSurface backing is invalid)
#### AGXIOC sel=0x9 type=0 args+0x14=0x2430 → 0x430 (stripped macOS-only bits 0x2800)
#### MTL_TEX plain DEPTH-STENCIL native result: 0x600ccfa00 class=AGXG13GFamilyTexture
#### MTL_TEX storageMode=Memoryless preserved for AGX-native descriptor=0x60002a560
#### MTL_TEX plain MEMORYLESS: routing to native AGX path (no IOSurface — tile-memory-only) w=128 h=128 pf=253
#### MTL_TEX storageMode=Memoryless preserved for AGX-native descriptor=0x60002a560
#### MTL_TEX storageMode=Memoryless preserved for AGX-native descriptor=0x60002a560
#### MTL_TEX storageMode=Memoryless preserved for AGX-native descriptor=0x60002a560
#### MTL_TEX plain MEMORYLESS native result: 0x600f01180 (class=AGXG13GFamilyTexture storageMode=3 length=999)
#### MTL_TEX plain MEMORYLESS: routing to native AGX path (no IOSurface — tile-memory-only) w=128 h=128 pf=10
#### MTL_TEX plain MEMORYLESS native result: 0x600f01e00 (class=AGXG13GFamilyTexture storageMode=3 length=999)
#### AGXIOC Scalar sel=0x10->0xe inCnt=1 -> 0x0
#### AGX_SUBMIT_DIAG #12 TEMP-KCMD-MULTISEG-FIX segment=16/17 subtype=1 range=0x7e30..0x8670->0x8650 shrink=0x20 storage=0x8650
#### AGX_SUBMIT_DIAG #12 TEMP-KCMD-MULTISEG-FIX segment=15/17 subtype=1 range=0x75f0..0x7e30->0x7e10 shrink=0x20 storage=0x8630
#### AGX_SUBMIT_DIAG #12 TEMP-KCMD-MULTISEG-FIX segment=14/17 subtype=1 range=0x6db0..0x75f0->0x75d0 shrink=0x20 storage=0x8610
#### AGX_SUBMIT_DIAG #12 TEMP-KCMD-MULTISEG-FIX segment=13/17 subtype=1 range=0x6570..0x6db0->0x6d90 shrink=0x20 storage=0x85f0
#### AGX_SUBMIT_DIAG #12 TEMP-KCMD-MULTISEG-FIX segment=12/17 subtype=1 range=0x5d30..0x6570->0x6550 shrink=0x20 storage=0x85d0
#### AGX_SUBMIT_DIAG #12 TEMP-KCMD-MULTISEG-FIX segment=11/17 subtype=1 range=0x54c0..0x5d30->0x5d10 shrink=0x20 storage=0x85b0
#### AGX_SUBMIT_DIAG #12 TEMP-KCMD-MULTISEG-FIX segment=10/17 subtype=1 range=0x4c80..0x54c0->0x54a0 shrink=0x20 storage=0x8590
#### AGX_SUBMIT_DIAG #12 TEMP-KCMD-MULTISEG-FIX segment=9/17 subtype=1 range=0x4440..0x4c80->0x4c60 shrink=0x20 storage=0x8570
#### AGX_SUBMIT_DIAG #12 TEMP-KCMD-MULTISEG-FIX segment=8/17 subtype=1 range=0x3c00..0x4440->0x4420 shrink=0x20 storage=0x8550
#### AGX_SUBMIT_DIAG #12 TEMP-KCMD-MULTISEG-FIX segment=7/17 subtype=1 range=0x33c0..0x3c00->0x3be0 shrink=0x20 storage=0x8530
#### AGX_SUBMIT_DIAG #12 TEMP-KCMD-MULTISEG-FIX segment=6/17 subtype=1 range=0x2b80..0x33c0->0x33a0 shrink=0x20 storage=0x8510
#### AGX_SUBMIT_DIAG #12 TEMP-KCMD-MULTISEG-FIX segment=5/17 subtype=1 range=0x2340..0x2b80->0x2b60 shrink=0x20 storage=0x84f0
#### AGX_SUBMIT_DIAG #12 TEMP-KCMD-MULTISEG-FIX segment=4/17 subtype=1 range=0x1b00..0x2340->0x2320 shrink=0x20 storage=0x84d0
#### AGX_SUBMIT_DIAG #12 TEMP-KCMD-MULTISEG-FIX segment=3/17 subtype=1 range=0x12c0..0x1b00->0x1ae0 shrink=0x20 storage=0x84b0
#### AGX_SUBMIT_DIAG #12 TEMP-KCMD-MULTISEG-FIX segment=2/17 subtype=1 range=0xa80..0x12c0->0x12a0 shrink=0x20 storage=0x8490
#### AGX_SUBMIT_DIAG #12 TEMP-KCMD-MULTISEG-FIX segment=1/17 subtype=1 range=0x240..0xa80->0xa60 shrink=0x20 storage=0x8470
#### AGX_SUBMIT_DIAG #12 TEMP-KCMD-MULTISEG-FIX segment=0/17 subtype=3 range=0..0x240->0x230 shrink=0x10 storage=0x8460
#### AGX_LIFE DESTROY id=0x4e type=0 surf=0 bytes=0x4000 kr=0 okC=123 failC=0 okD=4 failD=0 unmatchedD=0 full=0 live=119/33MB [t0=97/9MB t80=0/0MB t82=22/24MB]
#### AGX_LIFE DESTROY id=0x52 type=0 surf=0 bytes=0x4000 kr=0 okC=123 failC=0 okD=5 failD=0 unmatchedD=0 full=0 live=118/33MB [t0=96/9MB t80=0/0MB t82=22/24MB]
#### AGX_LIFE DESTROY id=0x60 type=0 surf=0 bytes=0xc000 kr=0 okC=123 failC=0 okD=6 failD=0 unmatchedD=0 full=0 live=117/33MB [t0=95/9MB t80=0/0MB t82=22/24MB]
#### AGX_LIFE DESTROY id=0x6c type=0 surf=0 bytes=0x20000 kr=0 okC=123 failC=0 okD=7 failD=0 unmatchedD=0 full=0 live=116/33MB [t0=94/8MB t80=0/0MB t82=22/24MB]
#### AGX_LIFE DESTROY id=0x6d type=0 surf=0 bytes=0x20000 kr=0 okC=123 failC=0 okD=8 failD=0 unmatchedD=0 full=0 live=115/33MB [t0=93/8MB t80=0/0MB t82=22/24MB]
#### AGX_LIFE DESTROY id=0x53 type=0 surf=0 bytes=0x4000 kr=0 okC=123 failC=0 okD=9 failD=0 unmatchedD=0 full=0 live=114/33MB [t0=92/8MB t80=0/0MB t82=22/24MB]
#### AGX_LIFE DESTROY id=0x2 type=0 surf=0 bytes=0x4000 kr=0 okC=123 failC=0 okD=10 failD=0 unmatchedD=0 full=0 live=113/33MB [t0=91/8MB t80=0/0MB t82=22/24MB]
#### AGX_LIFE DESTROY id=0x3 type=0 surf=0 bytes=0x4000 kr=0 okC=123 failC=0 okD=11 failD=0 unmatchedD=0 full=0 live=112/33MB [t0=90/8MB t80=0/0MB t82=22/24MB]
#### AGXIOC Scalar sel=0x10->0xe inCnt=1 -> 0x0
#### AGX_SUBMIT_DIAG #13 TEMP-KCMD-MULTISEG-FIX segment=15/16 subtype=1 range=0x7bc0..0x8400->0x83e0 shrink=0x20 storage=0x83e0
#### AGX_SUBMIT_DIAG #13 TEMP-KCMD-MULTISEG-FIX segment=14/16 subtype=1 range=0x7380..0x7bc0->0x7ba0 shrink=0x20 storage=0x83c0
#### AGX_SUBMIT_DIAG #13 TEMP-KCMD-MULTISEG-FIX segment=13/16 subtype=1 range=0x6b40..0x7380->0x7360 shrink=0x20 storage=0x83a0
#### AGX_SUBMIT_DIAG #13 TEMP-KCMD-MULTISEG-FIX segment=12/16 subtype=1 range=0x6300..0x6b40->0x6b20 shrink=0x20 storage=0x8380
#### AGX_SUBMIT_DIAG #13 TEMP-KCMD-MULTISEG-FIX segment=11/16 subtype=1 range=0x5ac0..0x6300->0x62e0 shrink=0x20 storage=0x8360
#### AGX_SUBMIT_DIAG #13 TEMP-KCMD-MULTISEG-FIX segment=10/16 subtype=1 range=0x5280..0x5ac0->0x5aa0 shrink=0x20 storage=0x8340
#### AGX_SUBMIT_DIAG #13 TEMP-KCMD-MULTISEG-FIX segment=9/16 subtype=1 range=0x4a40..0x5280->0x5260 shrink=0x20 storage=0x8320
#### AGX_SUBMIT_DIAG #13 TEMP-KCMD-MULTISEG-FIX segment=8/16 subtype=1 range=0x4200..0x4a40->0x4a20 shrink=0x20 storage=0x8300
#### AGX_SUBMIT_DIAG #13 TEMP-KCMD-MULTISEG-FIX segment=7/16 subtype=1 range=0x39c0..0x4200->0x41e0 shrink=0x20 storage=0x82e0
#### AGX_SUBMIT_DIAG #13 TEMP-KCMD-MULTISEG-FIX segment=6/16 subtype=1 range=0x3180..0x39c0->0x39a0 shrink=0x20 storage=0x82c0
#### AGX_SUBMIT_DIAG #13 TEMP-KCMD-MULTISEG-FIX segment=5/16 subtype=1 range=0x2940..0x3180->0x3160 shrink=0x20 storage=0x82a0
#### AGX_SUBMIT_DIAG #13 TEMP-KCMD-MULTISEG-FIX segment=4/16 subtype=1 range=0x2100..0x2940->0x2920 shrink=0x20 storage=0x8280
#### AGX_SUBMIT_DIAG #13 TEMP-KCMD-MULTISEG-FIX segment=3/16 subtype=1 range=0x18c0..0x2100->0x20e0 shrink=0x20 storage=0x8260
#### AGX_SUBMIT_DIAG #13 TEMP-KCMD-MULTISEG-FIX segment=2/16 subtype=1 range=0x1080..0x18c0->0x18a0 shrink=0x20 storage=0x8240
#### AGX_SUBMIT_DIAG #13 TEMP-KCMD-MULTISEG-FIX segment=1/16 subtype=1 range=0x840..0x1080->0x1060 shrink=0x20 storage=0x8220
#### AGX_SUBMIT_DIAG #13 TEMP-KCMD-MULTISEG-FIX segment=0/16 subtype=1 range=0..0x840->0x820 shrink=0x20 storage=0x8200
#### AGX_SUBMIT_DIAG #14 subtype1-predicate scalar0=0x1 legacy-scalar-gate=1 total=0x1098/0 seglen=0x2a8/1 seghdr=0 cmdtotal=0 d8=1 pad1=1 f1=1 sent1=1 pad2=1 f2=1 sent2=1
#### AGX_SUBMIT_DIAG #14 descriptor[0] KCMD-type1-observed save /tmp/macws_submit_kcmd_14_0_type1-observed.bin failed errno=17
#### AGX_SUBMIT_DIAG #14 descriptor[0] segment save /tmp/macws_submit_segment_14_0.bin failed errno=17
#### IOGPU-ERROR-GETTER observation=1 commandBuffer=0x600e9a100 class=AGXG13GFamilyCommandBuffer submitSerial=12 fixed=0 domain=MTLCommandBufferErrorDomain code=1 description=Internal Error (00000102:Internal Error)
#### AGX_MAP_AUDIT #30 tex=0x6009cd200 impl=0x6009cd700 iosurface(arg=0x600a92740 bound=0x600a92740) plane=0 cpu130=0x11b978000 gpu40=0x15025c8000 descriptorOff=0x190 descriptorLayout=0 compressed=0 extended=0 match=1
[69585:0728/060141.594857:INFO:CONSOLE:5300] "Unable to resolve your shell environment: Unexpected exit code from spawned shell (code null, signal SIGABRT)", source: vscode-file://vscode-app/Applications/Visual%20Studio%20Code.app/Contents/Resources/app/out/vs/workbench/workbench.desktop.main.js (5300)
#### AGX_SUBMIT_RING dumped reason=iogpu-error-getter-102 commandBuffer=0x600e9a100 entries=12 range=1..12 path=/tmp/macws_submit_error_69624_1
[69624:0728/060141.628636:ERROR:ui/gl/angle_platform_impl.cc:47] mtl_command_buffer.mm:693 (onCommandBufferCompleted): Completed MTLCommandBuffer failed, and error is Internal Error (00000102:Internal Error)
#### AGXIOC Scalar sel=0x10->0xe inCnt=1 -> 0x0
#### AGX_SUBMIT_DIAG #16 TEMP-KCMD-ABI-FIX off=0 size=0x1b8->0x1a8 end=0x1e8->0x1d8 moved=0x88c new-total=0xa58
#### AGX_MAP_AUDIT #31 tex=0x6012a4d80 impl=0x6012a4b00 iosurface(arg=0x600a92680 bound=0x600a92680) plane=0 cpu130=0x11bd48000 gpu40=0x15029a0000 descriptorOff=0x190 descriptorLayout=0 compressed=0 extended=0 match=1
#### IOGPU-ERROR-GETTER observation=2 commandBuffer=0x600e9e700 class=AGXG13GFamilyCommandBuffer submitSerial=13 fixed=1 domain=MTLCommandBufferErrorDomain code=1 description=Internal Error (0000000a:Internal Error)
[69625:0728/060141.678287:VERBOSE1:net/base/network_delegate.cc:38] NetworkDelegate::NotifyBeforeURLRequest: https://default.exp-tas.com/vscode/ab
#### AGX_SUBMIT_RING dumped reason=iogpu-error-getter-other commandBuffer=0x600e9e700 entries=13 range=1..13 path=/tmp/macws_submit_error_69624_2
[69624:0728/060141.803811:ERROR:ui/gl/angle_platform_impl.cc:47] mtl_command_buffer.mm:693 (onCommandBufferCompleted): Completed MTLCommandBuffer failed, and error is Internal Error (0000000a:Internal Error)
#### AGX_LIFE DESTROY id=0x52 type=0 surf=0 bytes=0x10000 kr=0 okC=132 failC=0 okD=12 failD=0 unmatchedD=0 full=0 live=120/41MB [t0=96/8MB t80=0/0MB t82=24/32MB]
#### AGX_SUBMIT_DIAG #18 TEMP-KCMD-ABI-FIX off=0 size=0x1b8->0x1a8 end=0x1e8->0x1d8 moved=0x88c new-total=0xa58
#### IOGPU-ERROR-GETTER observation=3 commandBuffer=0x600e9d900 class=AGXG13GFamilyCommandBuffer submitSerial=14 fixed=1 domain=MTLCommandBufferErrorDomain code=1 description=Internal Error (0000000a:Internal Error)
[69624:0728/060141.804882:ERROR:ui/gl/angle_platform_impl.cc:47] mtl_command_buffer.mm:693 (onCommandBufferCompleted): Completed MTLCommandBuffer failed, and error is Internal Error (0000000a:Internal Error)
#### AGX_LIFE DESTROY id=0x6c type=0 surf=0 bytes=0x4000 kr=0 okC=132 failC=0 okD=13 failD=0 unmatchedD=0 full=0 live=119/41MB [t0=95/8MB t80=0/0MB t82=24/32MB]
#### AGX_SUBMIT_DIAG #20 TEMP-KCMD-ABI-FIX off=0 size=0x1b8->0x1a8 end=0x1e8->0x1d8 moved=0x88c new-total=0xa58
#### IOGPU-ERROR-GETTER observation=4 commandBuffer=0x600e9ee00 class=AGXG13GFamilyCommandBuffer submitSerial=15 fixed=1 domain=MTLCommandBufferErrorDomain code=1 description=Internal Error (0000000a:Internal Error)
[69624:0728/060141.813294:ERROR:ui/gl/angle_platform_impl.cc:47] mtl_command_buffer.mm:693 (onCommandBufferCompleted): Completed MTLCommandBuffer failed, and error is Internal Error (0000000a:Internal Error)
#### AGX_LIFE DESTROY id=0x6c type=0 surf=0 bytes=0x4000 kr=0 okC=134 failC=0 okD=14 failD=0 unmatchedD=0 full=0 live=120/45MB [t0=95/8MB t80=0/0MB t82=25/36MB]
#### AGX_SUBMIT_DIAG #21 TEMP-KCMD-ABI-FIX off=0 size=0x1b8->0x1a8 end=0x1e8->0x1d8 moved=0x88c new-total=0xa58
#### IOGPU-ERROR-GETTER observation=5 commandBuffer=0x601360380 class=AGXG13GFamilyCommandBuffer submitSerial=0 fixed=0 domain=MTLCommandBufferErrorDomain code=1 description=Internal Error (0000000a:Internal Error)
[69624:0728/060141.820471:ERROR:ui/gl/angle_platform_impl.cc:47] mtl_command_buffer.mm:693 (onCommandBufferCompleted): Completed MTLCommandBuffer failed, and error is Internal Error (0000000a:Internal Error)
#### IOGPU-ERROR-GETTER observation=6 commandBuffer=0x601360700 class=AGXG13GFamilyCommandBuffer submitSerial=16 fixed=1 domain=MTLCommandBufferErrorDomain code=1 description=Internal Error (0000000a:Internal Error)
[69624:0728/060141.820602:ERROR:ui/gl/angle_platform_impl.cc:47] mtl_command_buffer.mm:693 (onCommandBufferCompleted): Completed MTLCommandBuffer failed, and error is Internal Error (0000000a:Internal Error)
#### AGX_LIFE DESTROY id=0x7a type=0 surf=0 bytes=0x8000 kr=0 okC=137 failC=0 okD=15 failD=0 unmatchedD=0 full=0 live=122/52MB [t0=95/8MB t80=0/0MB t82=27/43MB]
#### AGX_SUBMIT_DIAG #22 TEMP-KCMD-ABI-FIX off=0 size=0x1b8->0x1a8 end=0x1e8->0x1d8 moved=0x88c new-total=0xa58
#### IOGPU-ERROR-GETTER observation=7 commandBuffer=0x601360700 class=AGXG13GFamilyCommandBuffer submitSerial=17 fixed=1 domain=MTLCommandBufferErrorDomain code=1 description=Internal Error (0000000a:Internal Error)
[69624:0728/060141.824971:ERROR:ui/gl/angle_platform_impl.cc:47] mtl_command_buffer.mm:693 (onCommandBufferCompleted): Completed MTLCommandBuffer failed, and error is Internal Error (0000000a:Internal Error)
#### AGX_LIFE DESTROY id=0x7a type=0 surf=0 bytes=0x8000 kr=0 okC=139 failC=0 okD=16 failD=0 unmatchedD=0 full=0 live=123/56MB [t0=95/8MB t80=0/0MB t82=28/47MB]
#### AGX_SUBMIT_DIAG #23 subtype1-predicate scalar0=0x1 legacy-scalar-gate=1 total=0x858/1 seglen=0x188/1 seghdr=0 cmdtotal=0 d8=1 pad1=1 f1=1 sent1=1 pad2=1 f2=1 sent2=1
#### AGX_SUBMIT_DIAG #23 descriptor[2] KCMD-type1-observed saved=0x858/0x858 path=/tmp/macws_submit_kcmd_23_2_type1-observed.bin errno=0
#### AGX_SUBMIT_DIAG #23 descriptor[2] segment saved=0x188/0x188 path=/tmp/macws_submit_segment_23_2.bin errno=0
#### IOGPU-ERROR-GETTER observation=8 commandBuffer=0x601361880 class=AGXG13GFamilyCommandBuffer submitSerial=18 fixed=0 domain=MTLCommandBufferErrorDomain code=1 description=Internal Error (00000102:Internal Error)
[69624:0728/060141.826543:ERROR:ui/gl/angle_platform_impl.cc:47] mtl_command_buffer.mm:693 (onCommandBufferCompleted): Completed MTLCommandBuffer failed, and error is Internal Error (00000102:Internal Error)
#### AGX_SUBMIT_DIAG #25 TEMP-KCMD-ABI-FIX off=0 size=0x1b8->0x1a8 end=0x1e8->0x1d8 moved=0x88c new-total=0xa58
#### IOGPU-ERROR-GETTER observation=9 commandBuffer=0x601361880 class=AGXG13GFamilyCommandBuffer submitSerial=19 fixed=1 domain=MTLCommandBufferErrorDomain code=1 description=Internal Error (0000000a:Internal Error)
[69624:0728/060141.828879:ERROR:ui/gl/angle_platform_impl.cc:47] mtl_command_buffer.mm:693 (onCommandBufferCompleted): Completed MTLCommandBuffer failed, and error is Internal Error (0000000a:Internal Error)
#### AGX_SUBMIT_DIAG #27 subtype1-predicate scalar0=0x1 legacy-scalar-gate=1 total=0x4218/0 seglen=0x9a8/1 seghdr=0 cmdtotal=0 d8=1 pad1=1 f1=1 sent1=1 pad2=1 f2=1 sent2=1
#### AGX_SUBMIT_DIAG #27 descriptor[0] KCMD-type1-observed save /tmp/macws_submit_kcmd_27_0_type1-observed.bin failed errno=17
#### AGX_SUBMIT_DIAG #27 descriptor[0] segment save /tmp/macws_submit_segment_27_0.bin failed errno=17
#### IOGPU-ERROR-GETTER observation=10 commandBuffer=0x601363800 class=AGXG13GFamilyCommandBuffer submitSerial=20 fixed=0 domain=MTLCommandBufferErrorDomain code=1 description=Internal Error (00000102:Internal Error)
[69624:0728/060141.861438:ERROR:ui/gl/angle_platform_impl.cc:47] mtl_command_buffer.mm:693 (onCommandBufferCompleted): Completed MTLCommandBuffer failed, and error is Internal Error (00000102:Internal Error)
#### TRACE -[AGXBuffer initUntracked] self=0x600e1d380 dev=0x600232000 len=3072 opt=0 -> 0x600e1d380
#### TRACE -[AGXBuffer initUntracked] self=0x600e13180 dev=0x600232000 len=3072 opt=0 -> 0x600e13180
#### TRACE -[AGXBuffer initUntracked] self=0x600e13c00 dev=0x600232000 len=512 opt=0 -> 0x600e13c00
#### AGX_SUBMIT_DIAG #29 TEMP-KCMD-ABI-FIX off=0 size=0x1b8->0x1a8 end=0x1e8->0x1d8 moved=0x88c new-total=0xa58
#### IOGPU-ERROR-GETTER observation=11 commandBuffer=0x601363800 class=AGXG13GFamilyCommandBuffer submitSerial=21 fixed=1 domain=MTLCommandBufferErrorDomain code=1 description=Internal Error (0000000a:Internal Error)
[69624:0728/060141.863610:ERROR:ui/gl/angle_platform_impl.cc:47] mtl_command_buffer.mm:693 (onCommandBufferCompleted): Completed MTLCommandBuffer failed, and error is Internal Error (0000000a:Internal Error)
#### AGX_SUBMIT_DIAG #31 TEMP-KCMD-MULTISEG-FIX segment=16/17 subtype=1 range=0x7e00..0x8640->0x8620 shrink=0x20 storage=0x8620
#### AGX_SUBMIT_DIAG #31 TEMP-KCMD-MULTISEG-FIX segment=15/17 subtype=1 range=0x75c0..0x7e00->0x7de0 shrink=0x20 storage=0x8600
#### AGX_SUBMIT_DIAG #31 TEMP-KCMD-MULTISEG-FIX segment=14/17 subtype=1 range=0x6d80..0x75c0->0x75a0 shrink=0x20 storage=0x85e0
#### AGX_SUBMIT_DIAG #31 TEMP-KCMD-MULTISEG-FIX segment=13/17 subtype=1 range=0x6540..0x6d80->0x6d60 shrink=0x20 storage=0x85c0
#### AGX_SUBMIT_DIAG #31 TEMP-KCMD-MULTISEG-FIX segment=12/17 subtype=1 range=0x5d00..0x6540->0x6520 shrink=0x20 storage=0x85a0
#### AGX_SUBMIT_DIAG #31 TEMP-KCMD-MULTISEG-FIX segment=11/17 subtype=1 range=0x54c0..0x5d00->0x5ce0 shrink=0x20 storage=0x8580
#### AGX_SUBMIT_DIAG #31 TEMP-KCMD-MULTISEG-FIX segment=10/17 subtype=1 range=0x4c80..0x54c0->0x54a0 shrink=0x20 storage=0x8560
#### AGX_SUBMIT_DIAG #31 TEMP-KCMD-MULTISEG-FIX segment=9/17 subtype=1 range=0x4410..0x4c80->0x4c60 shrink=0x20 storage=0x8540
#### AGX_SUBMIT_DIAG #31 TEMP-KCMD-MULTISEG-FIX segment=8/17 subtype=1 range=0x3bd0..0x4410->0x43f0 shrink=0x20 storage=0x8520
#### AGX_SUBMIT_DIAG #31 TEMP-KCMD-MULTISEG-FIX segment=7/17 subtype=1 range=0x3390..0x3bd0->0x3bb0 shrink=0x20 storage=0x8500
#### AGX_SUBMIT_DIAG #31 TEMP-KCMD-MULTISEG-FIX segment=6/17 subtype=1 range=0x2b50..0x3390->0x3370 shrink=0x20 storage=0x84e0
#### AGX_SUBMIT_DIAG #31 TEMP-KCMD-MULTISEG-FIX segment=5/17 subtype=1 range=0x2310..0x2b50->0x2b30 shrink=0x20 storage=0x84c0
#### AGX_SUBMIT_DIAG #31 TEMP-KCMD-MULTISEG-FIX segment=4/17 subtype=1 range=0x1ad0..0x2310->0x22f0 shrink=0x20 storage=0x84a0
#### AGX_SUBMIT_DIAG #31 TEMP-KCMD-MULTISEG-FIX segment=3/17 subtype=1 range=0x1290..0x1ad0->0x1ab0 shrink=0x20 storage=0x8480
#### AGX_SUBMIT_DIAG #31 TEMP-KCMD-MULTISEG-FIX segment=2/17 subtype=1 range=0xa50..0x1290->0x1270 shrink=0x20 storage=0x8460
#### AGX_SUBMIT_DIAG #31 TEMP-KCMD-MULTISEG-FIX segment=1/17 subtype=1 range=0x210..0xa50->0xa30 shrink=0x20 storage=0x8440
#### AGX_SUBMIT_DIAG #31 TEMP-KCMD-MULTISEG-FIX segment=0/17 subtype=3 range=0..0x210->0x200 shrink=0x10 storage=0x8430
#### AGX_SUBMIT_DIAG #32 subtype1-predicate scalar0=0x1 legacy-scalar-gate=1 total=0x8418/0 seglen=0x12a8/1 seghdr=0 cmdtotal=0 d8=1 pad1=1 f1=1 sent1=1 pad2=1 f2=1 sent2=1
#### AGX_SUBMIT_DIAG #32 descriptor[0] KCMD-type1-observed saved=0x8418/0x8418 path=/tmp/macws_submit_kcmd_32_0_type1-observed.bin errno=0
#### AGX_SUBMIT_DIAG #32 descriptor[0] segment saved=0x12a8/0x12a8 path=/tmp/macws_submit_segment_32_0.bin errno=0
#### IOGPU-ERROR-GETTER observation=12 commandBuffer=0x601366200 class=AGXG13GFamilyCommandBuffer submitSerial=23 fixed=0 domain=MTLCommandBufferErrorDomain code=1 description=Internal Error (00000102:Internal Error)
[69624:0728/060141.876082:ERROR:ui/gl/angle_platform_impl.cc:47] mtl_command_buffer.mm:693 (onCommandBufferCompleted): Completed MTLCommandBuffer failed, and error is Internal Error (00000102:Internal Error)
#### AGX_SUBMIT_DIAG #33 TEMP-KCMD-ABI-FIX off=0 size=0x1b8->0x1a8 end=0x1e8->0x1d8 moved=0x88c new-total=0xa58
#### IOGPU-ERROR-GETTER observation=13 commandBuffer=0x601367380 class=AGXG13GFamilyCommandBuffer submitSerial=0 fixed=0 domain=MTLCommandBufferErrorDomain code=1 description=Internal Error (0000000a:Internal Error)
[69624:0728/060141.878872:ERROR:ui/gl/angle_platform_impl.cc:47] mtl_command_buffer.mm:693 (onCommandBufferCompleted): Completed MTLCommandBuffer failed, and error is Internal Error (0000000a:Internal Error)
#### IOGPU-ERROR-GETTER observation=14 commandBuffer=0x601366900 class=AGXG13GFamilyCommandBuffer submitSerial=24 fixed=1 domain=MTLCommandBufferErrorDomain code=1 description=Internal Error (0000000a:Internal Error)
[69624:0728/060141.879022:ERROR:ui/gl/angle_platform_impl.cc:47] mtl_command_buffer.mm:693 (onCommandBufferCompleted): Completed MTLCommandBuffer failed, and error is Internal Error (0000000a:Internal Error)
#### IOGPU-ERROR-GETTER observation=15 commandBuffer=0x601368180 class=AGXG13GFamilyCommandBuffer submitSerial=25 fixed=1 domain=MTLCommandBufferErrorDomain code=1 description=Internal Error (0000000a:Internal Error)
[69624:0728/060141.881085:ERROR:ui/gl/angle_platform_impl.cc:47] mtl_command_buffer.mm:693 (onCommandBufferCompleted): Completed MTLCommandBuffer failed, and error is Internal Error (0000000a:Internal Error)
#### AGX_SUBMIT_DIAG #35 subtype1-predicate scalar0=0x1 legacy-scalar-gate=1 total=0x858/1 seglen=0x188/1 seghdr=0 cmdtotal=0 d8=1 pad1=1 f1=1 sent1=1 pad2=1 f2=1 sent2=1
#### AGX_SUBMIT_DIAG #35 descriptor[2] KCMD-type1-observed saved=0x858/0x858 path=/tmp/macws_submit_kcmd_35_2_type1-observed.bin errno=0
#### AGX_SUBMIT_DIAG #35 descriptor[2] segment saved=0x188/0x188 path=/tmp/macws_submit_segment_35_2.bin errno=0
#### IOGPU-ERROR-GETTER observation=16 commandBuffer=0x601367e00 class=AGXG13GFamilyCommandBuffer submitSerial=26 fixed=0 domain=MTLCommandBufferErrorDomain code=1 description=Internal Error (00000102:Internal Error)
[69624:0728/060141.882769:ERROR:ui/gl/angle_platform_impl.cc:47] mtl_command_buffer.mm:693 (onCommandBufferCompleted): Completed MTLCommandBuffer failed, and error is Internal Error (00000102:Internal Error)
#### IOGPU-ERROR-GETTER observation=17 commandBuffer=0x601368880 class=AGXG13GFamilyCommandBuffer submitSerial=27 fixed=1 domain=MTLCommandBufferErrorDomain code=1 description=Internal Error (0000000a:Internal Error)
[69624:0728/060141.908840:ERROR:ui/gl/angle_platform_impl.cc:47] mtl_command_buffer.mm:693 (onCommandBufferCompleted): Completed MTLCommandBuffer failed, and error is Internal Error (0000000a:Internal Error)
#### AGX_SUBMIT_DIAG #39 subtype1-predicate scalar0=0x1 legacy-scalar-gate=1 total=0x840/1 seglen=0x170/1 seghdr=1 cmdtotal=1 d8=1 pad1=1 f1=1 sent1=1 pad2=1 f2=1 sent2=1
#### AGX_SUBMIT_DIAG #39 descriptor[0] KCMD-type1-observed saved=0x840/0x840 path=/tmp/macws_submit_kcmd_39_0_type1-observed.bin errno=0
#### AGX_SUBMIT_DIAG #39 descriptor[0] segment saved=0x170/0x170 path=/tmp/macws_submit_segment_39_0.bin errno=0
#### AGX_SUBMIT_DIAG #39 TEMP-KCMD-ABI-FIX subtype1-clear pads=0x1c0,0x4c0 total=0x840->0x820 size=0x7e8->0x7c8 end=0x818->0x7f8 segment-span=0x820
#### JIT-MPROTECT flip #10240 ranges=1 prot=RX writers=1 exec_waits=0 late_retries=0
#### AGX_SUBMIT_DIAG #42 subtype1-predicate scalar0=0x1 legacy-scalar-gate=1 total=0x840/1 seglen=0x170/1 seghdr=1 cmdtotal=1 d8=1 pad1=1 f1=1 sent1=1 pad2=1 f2=1 sent2=1
#### AGX_SUBMIT_DIAG #42 descriptor[0] KCMD-type1-observed save /tmp/macws_submit_kcmd_42_0_type1-observed.bin failed errno=17
#### AGX_SUBMIT_DIAG #42 descriptor[0] segment save /tmp/macws_submit_segment_42_0.bin failed errno=17
#### AGX_SUBMIT_DIAG #42 TEMP-KCMD-ABI-FIX subtype1-clear pads=0x1c0,0x4c0 total=0x840->0x820 size=0x7e8->0x7c8 end=0x818->0x7f8 segment-span=0x820
#### AGX_SUBMIT_DIAG #44 TEMP-KCMD-MULTISEG-FIX segment=15/16 subtype=1 range=0x7bf0..0x8430->0x8410 shrink=0x20 storage=0x8410
#### AGX_SUBMIT_DIAG #44 TEMP-KCMD-MULTISEG-FIX segment=14/16 subtype=1 range=0x73b0..0x7bf0->0x7bd0 shrink=0x20 storage=0x83f0
#### AGX_SUBMIT_DIAG #44 TEMP-KCMD-MULTISEG-FIX segment=13/16 subtype=1 range=0x6b70..0x73b0->0x7390 shrink=0x20 storage=0x83d0
#### AGX_SUBMIT_DIAG #44 TEMP-KCMD-MULTISEG-FIX segment=12/16 subtype=1 range=0x6330..0x6b70->0x6b50 shrink=0x20 storage=0x83b0
#### AGX_SUBMIT_DIAG #44 TEMP-KCMD-MULTISEG-FIX segment=11/16 subtype=1 range=0x5af0..0x6330->0x6310 shrink=0x20 storage=0x8390
#### AGX_SUBMIT_DIAG #44 TEMP-KCMD-MULTISEG-FIX segment=10/16 subtype=1 range=0x52b0..0x5af0->0x5ad0 shrink=0x20 storage=0x8370
#### AGX_SUBMIT_DIAG #44 TEMP-KCMD-MULTISEG-FIX segment=9/16 subtype=1 range=0x4a70..0x52b0->0x5290 shrink=0x20 storage=0x8350
#### AGX_SUBMIT_DIAG #44 TEMP-KCMD-MULTISEG-FIX segment=8/16 subtype=1 range=0x4200..0x4a70->0x4a50 shrink=0x20 storage=0x8330
#### AGX_SUBMIT_DIAG #44 TEMP-KCMD-MULTISEG-FIX segment=7/16 subtype=1 range=0x39c0..0x4200->0x41e0 shrink=0x20 storage=0x8310
#### AGX_SUBMIT_DIAG #44 TEMP-KCMD-MULTISEG-FIX segment=6/16 subtype=1 range=0x3180..0x39c0->0x39a0 shrink=0x20 storage=0x82f0
#### AGX_SUBMIT_DIAG #44 TEMP-KCMD-MULTISEG-FIX segment=5/16 subtype=1 range=0x2940..0x3180->0x3160 shrink=0x20 storage=0x82d0
#### AGX_SUBMIT_DIAG #44 TEMP-KCMD-MULTISEG-FIX segment=4/16 subtype=1 range=0x2100..0x2940->0x2920 shrink=0x20 storage=0x82b0
#### AGX_SUBMIT_DIAG #44 TEMP-KCMD-MULTISEG-FIX segment=3/16 subtype=1 range=0x18c0..0x2100->0x20e0 shrink=0x20 storage=0x8290
#### AGX_SUBMIT_DIAG #44 TEMP-KCMD-MULTISEG-FIX segment=2/16 subtype=1 range=0x1080..0x18c0->0x18a0 shrink=0x20 storage=0x8270
#### AGX_SUBMIT_DIAG #44 TEMP-KCMD-MULTISEG-FIX segment=1/16 subtype=1 range=0x840..0x1080->0x1060 shrink=0x20 storage=0x8250
#### AGX_SUBMIT_DIAG #44 TEMP-KCMD-MULTISEG-FIX segment=0/16 subtype=1 range=0..0x840->0x820 shrink=0x20 storage=0x8230
#### IOGPU-ERROR-GETTER observation=18 commandBuffer=0x601369a00 class=AGXG13GFamilyCommandBuffer submitSerial=34 fixed=0 domain=MTLCommandBufferErrorDomain code=1 description=Internal Error (00000102:Internal Error)
[69624:0728/060142.058866:ERROR:ui/gl/angle_platform_impl.cc:47] mtl_command_buffer.mm:693 (onCommandBufferCompleted): Completed MTLCommandBuffer failed, and error is Internal Error (00000102:Internal Error)
#### AGX_SUBMIT_DIAG #46 TEMP-KCMD-ABI-FIX subtype1-clear pads=0x1c0,0x4c0 total=0x840->0x820 size=0x7e8->0x7c8 end=0x818->0x7f8 segment-span=0x820
#### AGX_SUBMIT_DIAG #47 TEMP-KCMD-ABI-FIX subtype1-clear pads=0x1c0,0x4c0 total=0x840->0x820 size=0x7e8->0x7c8 end=0x818->0x7f8 segment-span=0x820
#### IOGPU-ERROR-GETTER observation=19 commandBuffer=0x6015b0a80 class=AGXG13GFamilyCommandBuffer submitSerial=39 fixed=0 domain=MTLCommandBufferErrorDomain code=1 description=Internal Error (00000102:Internal Error)
[69624:0728/060142.173156:ERROR:ui/gl/angle_platform_impl.cc:47] mtl_command_buffer.mm:693 (onCommandBufferCompleted): Completed MTLCommandBuffer failed, and error is Internal Error (00000102:Internal Error)
#### IOGPU-ERROR-GETTER observation=20 commandBuffer=0x6015b1880 class=AGXG13GFamilyCommandBuffer submitSerial=40 fixed=0 domain=MTLCommandBufferErrorDomain code=1 description=Internal Error (00000102:Internal Error)
[69624:0728/060142.176224:ERROR:ui/gl/angle_platform_impl.cc:47] mtl_command_buffer.mm:693 (onCommandBufferCompleted): Completed MTLCommandBuffer failed, and error is Internal Error (00000102:Internal Error)
#### IOGPU-ERROR-GETTER observation=21 commandBuffer=0x6015b1180 class=AGXG13GFamilyCommandBuffer submitSerial=0 fixed=0 domain=MTLCommandBufferErrorDomain code=1 description=Internal Error (00000102:Internal Error)
[69624:0728/060142.176547:ERROR:ui/gl/angle_platform_impl.cc:47] mtl_command_buffer.mm:693 (onCommandBufferCompleted): Completed MTLCommandBuffer failed, and error is Internal Error (00000102:Internal Error)
#### IOSURFACE-RELEASE-ABI pair #2: conn=11783 surfaceID=292 sel=1 -> 0
#### IOGPU-ERROR-GETTER observation=22 commandBuffer=0x6015b0700 class=AGXG13GFamilyCommandBuffer submitSerial=42 fixed=0 domain=MTLCommandBufferErrorDomain code=1 description=Internal Error (00000102:Internal Error)
[69624:0728/060142.182903:ERROR:ui/gl/angle_platform_impl.cc:47] mtl_command_buffer.mm:693 (onCommandBufferCompleted): Completed MTLCommandBuffer failed, and error is Internal Error (00000102:Internal Error)
#### IOSURFACE-RELEASE-ABI pair #3: conn=11783 surfaceID=294 sel=1 -> 0
#### IOGPU-ERROR-GETTER observation=23 commandBuffer=0x60136dc80 class=AGXG13GFamilyCommandBuffer submitSerial=45 fixed=0 domain=MTLCommandBufferErrorDomain code=1 description=Internal Error (00000102:Internal Error)
[69624:0728/060142.255182:ERROR:ui/gl/angle_platform_impl.cc:47] mtl_command_buffer.mm:693 (onCommandBufferCompleted): Completed MTLCommandBuffer failed, and error is Internal Error (00000102:Internal Error)
#### IOGPU-ERROR-GETTER observation=24 commandBuffer=0x600e9f500 class=AGXG13GFamilyCommandBuffer submitSerial=46 fixed=0 domain=MTLCommandBufferErrorDomain code=1 description=Internal Error (00000102:Internal Error)
[69624:0728/060142.259129:ERROR:ui/gl/angle_platform_impl.cc:47] mtl_command_buffer.mm:693 (onCommandBufferCompleted): Completed MTLCommandBuffer failed, and error is Internal Error (00000102:Internal Error)
#### IOSURFACE-RELEASE-ABI pair #4: conn=11783 surfaceID=296 sel=1 -> 0
#### IOGPU-ERROR-GETTER observation=25 commandBuffer=0x60136d200 class=AGXG13GFamilyCommandBuffer submitSerial=49 fixed=0 domain=MTLCommandBufferErrorDomain code=1 description=Internal Error (00000102:Internal Error)
[69624:0728/060142.507265:ERROR:ui/gl/angle_platform_impl.cc:47] mtl_command_buffer.mm:693 (onCommandBufferCompleted): Completed MTLCommandBuffer failed, and error is Internal Error (00000102:Internal Error)
#### AGXIOC Method sel=0xd->0xc inCnt=2 inSC=0 outSC=0 -> 0x0
#### AGXIOC Method sel=0xd->0xc inCnt=2 inSC=0 outSC=0 -> 0x0
#### AGXIOC Method sel=0xd->0xc inCnt=2 inSC=0 outSC=0 -> 0x0
#### AGXIOC Method sel=0xd->0xc inCnt=2 inSC=0 outSC=0 -> 0x0
#### AGXIOC Method sel=0xd->0xc inCnt=2 inSC=0 outSC=0 -> 0x0
#### AGXIOC Method sel=0xd->0xc inCnt=2 inSC=0 outSC=0 -> 0x0
#### AGXIOC Method sel=0xd->0xc inCnt=2 inSC=0 outSC=0 -> 0x0
#### AGXIOC Method sel=0xd->0xc inCnt=2 inSC=0 outSC=0 -> 0x0
[91m[main 2026-07-28T13:01:43.623Z][0m ptyHost was unable to resolve shell environment Error: Unable to resolve your shell environment: Unexpected exit code from spawned shell (code null, signal SIGABRT)
    at file:///Applications/Visual%20Studio%20Code.app/Contents/Resources/app/out/main.js:474:34475
    at async file:///Applications/Visual%20Studio%20Code.app/Contents/Resources/app/out/main.js:434:92057
[69585:0728/060143.625788:INFO:CONSOLE:442] "%c INFO color: #33f [AgentHost:renderer] Acquiring MessagePort to agent host...", source: vscode-file://vscode-app/Applications/Visual%20Studio%20Code.app/Contents/Resources/app/out/vs/workbench/workbench.desktop.main.js (442)
[91m[main 2026-07-28T13:01:43.626Z][0m AgentHostStarter was unable to resolve shell environment Error: Unable to resolve your shell environment: Unexpected exit code from spawned shell (code null, signal SIGABRT)
    at file:///Applications/Visual%20Studio%20Code.app/Contents/Resources/app/out/main.js:474:34475
    at async file:///Applications/Visual%20Studio%20Code.app/Contents/Resources/app/out/main.js:434:92057
[90m[main 2026-07-28T13:01:43.629Z][0m AgentHostProcessManager: agent host started
[69585:0728/060143.650289:INFO:CONSOLE:442] "%c INFO color: #33f [AccountPolicyGate] apply: state=inactive, reason=undefined, isRestricted=false", source: vscode-file://vscode-app/Applications/Visual%20Studio%20Code.app/Contents/Resources/app/out/vs/workbench/workbench.desktop.main.js (442)
#### IOSURFACE-RELEASE-ABI pair #5: conn=11783 surfaceID=295 sel=1 -> 0
#### JIT-MPROTECT flip #6144 ranges=1 prot=RX writers=1 exec_waits=67 late_retries=5
[69585:0728/060143.882229:ERROR:net/cert/internal/trust_store_mac.cc:773] SecItemCopyMatching error: Error Domain=NSOSStatusErrorDomain Code=-50 "paramErr: error in user parameter list" (-50)
[69625:0728/060144.054656:VERBOSE1:net/base/network_delegate.cc:38] NetworkDelegate::NotifyBeforeURLRequest: https://default.exp-tas.com/vscode/ab
[91m[main 2026-07-28T13:01:44.118Z][0m [AgentHost:stderr] #### MACWS_HID_BYPASS installed SetMatchingMultiple → no-op (1) at 0x18cf3de8c — skips iOS-format CFBinaryPlist parse inside
####   IOHIDEventSystemClientCacheMatchingServices → IOHIDUnserializeAndVMDealloc → CFPropertyListCreateFromStream
####   that BUS_ADRALNs in the IOMFBServer thread.
#### MACWS_AGX_RENAMER_PATCH: off (set MACWS_AGX_RENAMER_PATCH=1 to enable)
#### MACWS_ASSERT_BYPASS DISABLED (set MACWS_KEEP_ASSERT_BYPASS=1 to restore lazy bypass) — real __assert_rtn now reaches abort

[91m[main 2026-07-28T13:01:44.121Z][0m [AgentHost:stderr] #### MACWS_AGX_NATIVE [ctor] pre-loaded IOGPU via /System/Library/PrivateFrameworks/IOGPU.framework/IOGPU -> 0x3a66bcc10

[91m[main 2026-07-28T13:01:44.121Z][0m [AgentHost:stderr] #### XPC_BOOTSTRAP: fn=0x189af5140 dict=0x158e12ce0 (registering Metal/ViewBridge/HIServices)
#### XPC_BOOTSTRAP: called OK
#### COEXIST API SwapEnd hook installed target=0x1949d31cc trampoline=0x104eec000

[91m[main 2026-07-28T13:01:44.132Z][0m [AgentHost:stderr] #### SkyLight PrepareForUse tolerate-nil hook installed at 0x18edb4fc4

[91m[main 2026-07-28T13:01:44.149Z][0m [AgentHost:stderr] #### SkyLight StartCompositeForDisplayStream nil-skip hook installed at 0x18ebddd74

[91m[main 2026-07-28T13:01:44.150Z][0m [AgentHost:stderr] #### SkyLight StartComposite(WSCD) tolerate-nil + pop-on-bail hook installed at 0x18ebdd358

[91m[main 2026-07-28T13:01:44.151Z][0m [AgentHost:stderr] #### SkyLight StartComposite(MTLTex) pop-on-bail hook installed at 0x18ebddfb8

[91m[main 2026-07-28T13:01:44.153Z][0m [AgentHost:stderr] #### SkyLight EndCurrentComposite(bool) completion hook installed at 0x18ebdc53c

[91m[main 2026-07-28T13:01:44.155Z][0m [AgentHost:stderr] #### SkyLight EndUpdate(bool) submission hook installed at 0x18ebdc0b0

[91m[main 2026-07-28T13:01:44.157Z][0m [AgentHost:stderr] #### SkyLight _state_stack pop_back resolved at 0x18ebdafa0

[91m[main 2026-07-28T13:01:44.158Z][0m [AgentHost:stderr] #### SkyLight WSCompositeDestinationCreateWithMetalTexture nil-tolerate hook installed at 0x18ebe053c

[91m[main 2026-07-28T13:01:44.159Z][0m [AgentHost:stderr] #### SkyLight MetalContext::StopCapture invalid-this guard installed at 0x18ebdc1bc

[91m[main 2026-07-28T13:01:44.160Z][0m [AgentHost:stderr] #### MACWS_AGX_NATIVE class_addMethod(MTLTextureDescriptor, validateWithDevice:) = 1

[91m[main 2026-07-28T13:01:44.161Z][0m [AgentHost:stderr] #### MACWS_AGX_NATIVE class_addMethod(IOGPUMetalTexture, isMemoryless) = 1
#### MACWS_AGX_NATIVE class_addMethod(IOGPUMetalTexture, getCPUSizeBytes) = 1
#### MACWS_AGX_NATIVE class_addMethod(IOGPUMetalTexture, getAlignment) = 1
#### MACWS_AGX_NATIVE class_addMethod(IOGPUMetalTexture, descriptorPrivate) = 1
#### MACWS_AGX_NATIVE class_addMethod(IOGPUMetalTexture, getBytesPerRow) = 1
#### MACWS_AGX_NATIVE class_addMethod(IOGPUMetalTexture, updateBindDataWithAddresses:gpuVirtualAddress:) = 1
#### MACWS_AGX_NATIVE class_addMethod(IOGPUMetalTexture, updateBindDataWithAddresses:gpuVirtualAddress:shouldInitMetadata:) = 1
#### MACWS_AGX_NATIVE class_addMethod(IOGPUMetalTexture, allocBufferSubDataWithLength:options:alignment:heapIndex:bufferIndex:bufferOffset:) = 1
#### MACWS_AGX_NATIVE class_addMethod(IOGPUMetalTexture, initNewTextureData:) = 1
#### MACWS_AGX_NATIVE class_addMethod(MTLTextureDescriptor, isMemoryless) = 1
#### MACWS_AGX_NATIVE class_addMethod(MTLTextureDescriptor, protectionOptions) = 1
#### MACWS_AGX_NATIVE class_addMethod(MTLTextureDescriptor, getCPUSizeBytes) = 1
#### MACWS_AGX_NATIVE class_addMethod(MTLTextureDescriptor, getAlignment) = 1
#### MACWS_AGX_NATIVE class_addMethod(MTLTextureDescriptor, descriptorPrivate) = 1
#### MACWS_AGX_NATIVE class_addMethod(MTLTextureDescriptor, getBytesPerRow) = 1
#### MACWS_AGX_NATIVE class_addMethod(MTLTextureDescriptor, updateBindDataWithAddresses:gpuVirtualAddress:) = 1
#### MACWS_AGX_NATIVE class_addMethod(MTLTextureDescriptor, updateBindDataWithAddresses:gpuVirtualAddress:shouldInitMetadata:) = 1
#### MACWS_AGX_NATIVE class_addMethod(MTLTextureDescriptor, allocBufferSubDataWithLength:options:alignment:heapIndex:bufferIndex:bufferOffset:) = 1
#### MACWS_AGX_NATIVE class_addMethod(MTLTextureDescriptor, initNewTextureData:) = 1

[91m[main 2026-07-28T13:01:44.761Z][0m [AgentHost:stderr] #### AMFI-POLICY-COMPAT policy=AMFI op=0x60 status=0x4 (iOS task ports are hard-immovable)
#### CSR-POLICY-COMPAT active_config=0x0 (conservative iOS compatibility value)

[91m[main 2026-07-28T13:01:44.775Z][0m [AgentHost:stderr] [69659:0728/060144.774519:ERROR:base/process/process_mac.cc:53] task_policy_set TASK_CATEGORY_POLICY: (os/kern) invalid argument (4)

[91m[main 2026-07-28T13:01:44.803Z][0m [AgentHost:stderr] #### JIT-MPROTECT range[0]=[0x280000000,0x290000000) source=MAP_JIT-EINVAL
#### JIT-MPROTECT execution barrier installed (W^X fetch-wait compatibility)
#### JIT-MPROTECT range[0]=[0x280000000,0x290000000) source=MAP_JIT-EINVAL
#### JIT-MPROTECT range[0]=[0x280000000,0x290000000) source=MAP_JIT-EINVAL
#### JIT-MPROTECT range[0]=[0x280000000,0x290000000) source=MAP_JIT-EINVAL
#### JIT-MPROTECT range[0]=[0x280000000,0x290000000) source=MAP_JIT-EINVAL
#### JIT-MPROTECT range[0]=[0x280000000,0x290000000) source=MAP_JIT-EINVAL

[91m[main 2026-07-28T13:01:44.804Z][0m [AgentHost:stderr] #### JIT-MPROTECT range[0]=[0x280000000,0x290000000) source=MAP_JIT-EINVAL
#### JIT-MPROTECT range[0]=[0x280000000,0x290000000) source=MAP_JIT-EINVAL
#### JIT-MPROTECT range[0]=[0x170000000,0x180000000) source=MAP_JIT-EINVAL
#### JIT-MPROTECT call #1 addr=0x170000000 size=0x10000000 requested=0x7 effective=0x3 result=0 errno=0 caller=0x116d16334 image=/Applications/Visual Studio Code.app/Contents/Frameworks/Electron Framework.framework/Versions/A/Electron Framework offset=0x63b2334
#### JIT-MPROTECT remap decline #1 dst=0x177dc0000 size=0x208000 src=0x11300c000 requested=0x5 -> V8 copy fallback
#### JIT-MPROTECT flip #1 ranges=1 prot=RW writers=1 exec_waits=0 late_retries=0

[91m[main 2026-07-28T13:01:44.809Z][0m [AgentHost:stderr] #### JIT-MPROTECT flip #2 ranges=1 prot=RX writers=1 exec_waits=0 late_retries=0

[91m[main 2026-07-28T13:01:44.831Z][0m [AgentHost:stderr] #### JIT-MPROTECT flip #3 ranges=1 prot=RW writers=1 exec_waits=0 late_retries=0
#### JIT-MPROTECT flip #4 ranges=1 prot=RX writers=1 exec_waits=0 late_retries=0
#### JIT-MPROTECT flip #5 ranges=1 prot=RW writers=1 exec_waits=0 late_retries=0
#### JIT-MPROTECT flip #6 ranges=1 prot=RX writers=1 exec_waits=0 late_retries=0
#### JIT-MPROTECT flip #7 ranges=1 prot=RW writers=1 exec_waits=0 late_retries=0
#### JIT-MPROTECT flip #8 ranges=1 prot=RX writers=1 exec_waits=0 late_retries=0

[91m[main 2026-07-28T13:01:44.832Z][0m [AgentHost:stderr] #### JIT-MPROTECT flip #9 ranges=1 prot=RW writers=1 exec_waits=0 late_retries=0
#### JIT-MPROTECT flip #10 ranges=1 prot=RX writers=1 exec_waits=0 late_retries=0
#### JIT-MPROTECT flip #11 ranges=1 prot=RW writers=1 exec_waits=0 late_retries=0
#### JIT-MPROTECT flip #12 ranges=1 prot=RX writers=1 exec_waits=0 late_retries=0
#### JIT-MPROTECT flip #13 ranges=1 prot=RW writers=1 exec_waits=0 late_retries=0
#### JIT-MPROTECT flip #14 ranges=1 prot=RX writers=1 exec_waits=0 late_retries=0
#### JIT-MPROTECT flip #15 ranges=1 prot=RW writers=1 exec_waits=0 late_retries=0

[91m[main 2026-07-28T13:01:44.832Z][0m [AgentHost:stderr] #### JIT-MPROTECT flip #16 ranges=1 prot=RX writers=1 exec_waits=0 late_retries=0
#### JIT-MPROTECT flip #17 ranges=1 prot=RW writers=1 exec_waits=0 late_retries=0
#### JIT-MPROTECT flip #18 ranges=1 prot=RX writers=1 exec_waits=0 late_retries=0

[91m[main 2026-07-28T13:01:44.857Z][0m [AgentHost:stderr] #### JIT-MPROTECT flip #19 ranges=1 prot=RW writers=1 exec_waits=0 late_retries=0
#### JIT-MPROTECT flip #20 ranges=1 prot=RX writers=1 exec_waits=0 late_retries=0
#### JIT-MPROTECT flip #21 ranges=1 prot=RW writers=1 exec_waits=0 late_retries=0
#### JIT-MPROTECT flip #22 ranges=1 prot=RX writers=1 exec_waits=0 late_retries=0

[91m[main 2026-07-28T13:01:44.857Z][0m [AgentHost:stderr] #### JIT-MPROTECT flip #23 ranges=1 prot=RW writers=1 exec_waits=0 late_retries=0
#### JIT-MPROTECT flip #24 ranges=1 prot=RX writers=1 exec_waits=0 late_retries=0
#### JIT-MPROTECT flip #25 ranges=1 prot=RW writers=1 exec_waits=0 late_retries=0
#### JIT-MPROTECT flip #26 ranges=1 prot=RX writers=1 exec_waits=0 late_retries=0
#### JIT-MPROTECT flip #27 ranges=1 prot=RW writers=1 exec_waits=0 late_retries=0
#### JIT-MPROTECT flip #28 ranges=1 prot=RX writers=1 exec_waits=0 late_retries=0
#### JIT-MPROTECT flip #29 ranges=1 prot=RW writers=1 exec_waits=0 late_retries=0
#### JIT-MPROTECT flip #30 ranges=1 prot=RX writers=1 exec_waits=0 late_retries=0
#### JIT-MPROTECT flip #31 ranges=1 prot=RW writers=1 exec_waits=0 late_retries=0
#### JIT-MPROTECT flip #32 ranges=1 prot=RX writers=1 exec_waits=0 late_retries=0

[91m[main 2026-07-28T13:01:45.318Z][0m [AgentHost:stderr] #### JIT-MPROTECT flip #1024 ranges=1 prot=RX writers=1 exec_waits=0 late_retries=0

[91m[main 2026-07-28T13:01:45.766Z][0m [AgentHost:stderr] #### JIT-MPROTECT flip #2048 ranges=1 prot=RX writers=1 exec_waits=25 late_retries=0

[91m[main 2026-07-28T13:01:46.382Z][0m [AgentHost:stderr] #### JIT-MPROTECT flip #3072 ranges=1 prot=RX writers=1 exec_waits=50 late_retries=4

[91m[main 2026-07-28T13:01:46.814Z][0m [AgentHost:stderr] #### JIT-MPROTECT flip #4096 ranges=1 prot=RX writers=1 exec_waits=51 late_retries=4

Unknown channel: agentHostClientByokLm
[69625:0728/060148.406800:VERBOSE1:net/base/network_delegate.cc:38] NetworkDelegate::NotifyBeforeURLRequest: https://mobile.events.data.microsoft.com/OneCollector/1.0?cors=true&content-type=application/x-json-stream
#### IOSURFACE-RELEASE-ABI pair #1: conn=21091 surfaceID=160 sel=1 -> 0
[69585:0728/060157.586961:VERBOSE1:content/browser/renderer_host/media/media_stream_manager.cc:1515] MSPL::OnSuspend([this=0x6001233a8])
[69585:0728/060158.128705:VERBOSE1:content/browser/renderer_host/media/media_stream_manager.cc:1515] MSPL::OnResume([this=0x6001233a8])
[69585:0728/060159.763781:VERBOSE1:electron/shell/browser/electron_browser_main_parts_posix.cc:145] Handling shutdown for signal 15.
[69625:0728/060159.888721:VERBOSE1:net/base/network_delegate.cc:38] NetworkDelegate::NotifyBeforeURLRequest: https://mobile.events.data.microsoft.com/OneCollector/1.0?cors=true&content-type=application/x-json-stream
[69585:0728/060202.258892:VERBOSE1:content/browser/renderer_host/media/media_stream_manager.cc:1515] MSPL::OnSuspend([this=0x6001233a8])
[69585:0728/060202.592290:VERBOSE1:content/browser/renderer_host/media/media_stream_manager.cc:1515] MSPL::OnResume([this=0x6001233a8])
