[launchdchrootexec] target=/Applications/Visual Studio Code.app/Contents/MacOS/Electron arch=arm64 insert=/usr/local/lib/libmachook_arm64.dylib
getppid = 1
#### MACWS_HID_BYPASS installed SetMatchingMultiple → no-op (1) at 0x1a5cf9e8c — skips iOS-format CFBinaryPlist parse inside
####   IOHIDEventSystemClientCacheMatchingServices → IOHIDUnserializeAndVMDealloc → CFPropertyListCreateFromStream
####   that BUS_ADRALNs in the IOMFBServer thread.
#### MACWS_AGX_RENAMER_PATCH: off (set MACWS_AGX_RENAMER_PATCH=1 to enable)
#### MACWS_ASSERT_BYPASS DISABLED (set MACWS_KEEP_ASSERT_BYPASS=1 to restore lazy bypass) — real __assert_rtn now reaches abort
#### MACWS_AGX_NATIVE [ctor] pre-loaded IOGPU via /System/Library/PrivateFrameworks/IOGPU.framework/IOGPU -> 0x3ea2a4c10
#### XPC_BOOTSTRAP: fn=0x1a28b1140 dict=0x137e13280 (registering Metal/ViewBridge/HIServices)
#### XPC_BOOTSTRAP: called OK
#### COEXIST API SwapEnd hook installed target=0x1ad78f1cc trampoline=0x104e0c000
#### SkyLight PrepareForUse tolerate-nil hook installed at 0x1a7b70fc4
#### SkyLight StartCompositeForDisplayStream nil-skip hook installed at 0x1a7999d74
#### SkyLight StartComposite(WSCD) tolerate-nil + pop-on-bail hook installed at 0x1a7999358
#### SkyLight StartComposite(MTLTex) pop-on-bail hook installed at 0x1a7999fb8
#### SkyLight EndCurrentComposite(bool) completion hook installed at 0x1a799853c
#### SkyLight EndUpdate(bool) submission hook installed at 0x1a79980b0
#### SkyLight _state_stack pop_back resolved at 0x1a7996fa0
#### SkyLight WSCompositeDestinationCreateWithMetalTexture nil-tolerate hook installed at 0x1a799c53c
#### SkyLight MetalContext::StopCapture invalid-this guard installed at 0x1a79981bc
#### MACWS_AGX_NATIVE class_addMethod(MTLTextureDescriptor, validateWithDevice:) = 1
#### MACWS_AGX_NATIVE class_addMethod(IOGPUMetalTexture, isMemoryless) = 1
#### MACWS_AGX_NATIVE class_addMethod(IOGPUMetalTexture, getCPUSizeBytes) = 1
#### MACWS_AGX_NATIVE class_addMethod(IOGPUMetalTexture, getAlignment) = 1
#### MACWS_AGX_NATIVE class_addMethod(IOGPUMetalTexture, descriptorPrivate) = 1
#### MACWS_AGX_NATIVE class_addMethod(IOGPUMetalTexture, getBytesPerRow) = 1
#### MACWS_AGX_NATIVE class_addMethod(IOGPUMetalTexture, updateBindDataWithAddresses:gpuVirtualAddress:) = 1
#### MACWS_AGX_NATIVE class_addMethod(IOGPUMetalTexture, updateBindDataWithAddresses:gpuVirtualAddress:shouldInitMetadata:) = 1
#### MACWS_AGX_NATIVE class_addMethod(IOGPUMetalTexture, allocBufferSubDataWithLength:options:alignment:heapIndex:bufferIndex:bufferOffset:) = 1
#### MACWS_AGX_NATIVE class_addMethod(IOGPUMetalTexture, initNewTextureData:) = 1
#### MACWS_AGX_NATIVE class_addMethod(MTLTextureDescriptor, isMemoryless) = 1
#### MACWS_AGX_NATIVE class_addMethod(MTLTextureDescriptor, protectionOptions) = 1
#### MACWS_AGX_NATIVE class_addMethod(MTLTextureDescriptor, getCPUSizeBytes) = 1
#### MACWS_AGX_NATIVE class_addMethod(MTLTextureDescriptor, getAlignment) = 1
#### MACWS_AGX_NATIVE class_addMethod(MTLTextureDescriptor, descriptorPrivate) = 1
#### MACWS_AGX_NATIVE class_addMethod(MTLTextureDescriptor, getBytesPerRow) = 1
#### MACWS_AGX_NATIVE class_addMethod(MTLTextureDescriptor, updateBindDataWithAddresses:gpuVirtualAddress:) = 1
#### MACWS_AGX_NATIVE class_addMethod(MTLTextureDescriptor, updateBindDataWithAddresses:gpuVirtualAddress:shouldInitMetadata:) = 1
#### MACWS_AGX_NATIVE class_addMethod(MTLTextureDescriptor, allocBufferSubDataWithLength:options:alignment:heapIndex:bufferIndex:bufferOffset:) = 1
#### MACWS_AGX_NATIVE class_addMethod(MTLTextureDescriptor, initNewTextureData:) = 1
#### AMFI-POLICY-COMPAT policy=AMFI op=0x60 status=0x4 (iOS task ports are hard-immovable)
#### CSR-POLICY-COMPAT active_config=0x0 (conservative iOS compatibility value)
[70627:0728/060547.569186:VERBOSE1:components/device_event_log/device_event_log_impl.cc:204] [06:05:47.562] Display: EVENT: screen_mac.mm:465 Displays updated, count: 1
[70627:0728/060547.569443:VERBOSE1:components/device_event_log/device_event_log_impl.cc:204] [06:05:47.569] Display: EVENT: screen_mac.mm:467 Display[1] bounds=[0,0 1194x834], workarea=[0,25 1194x809], scale=2, rotation=0, panel_rotation=0 internal detected
#### JIT-MPROTECT range[0]=[0x280000000,0x290000000) source=MAP_JIT-EINVAL
#### JIT-MPROTECT execution barrier installed (W^X fetch-wait compatibility)
#### JIT-MPROTECT range[0]=[0x280000000,0x290000000) source=MAP_JIT-EINVAL
#### JIT-MPROTECT range[0]=[0x280000000,0x290000000) source=MAP_JIT-EINVAL
#### JIT-MPROTECT range[0]=[0x280000000,0x290000000) source=MAP_JIT-EINVAL
#### JIT-MPROTECT range[0]=[0x280000000,0x290000000) source=MAP_JIT-EINVAL
#### JIT-MPROTECT range[0]=[0x280000000,0x290000000) source=MAP_JIT-EINVAL
#### JIT-MPROTECT range[0]=[0x280000000,0x290000000) source=MAP_JIT-EINVAL
#### JIT-MPROTECT range[0]=[0x280000000,0x290000000) source=MAP_JIT-EINVAL
#### JIT-MPROTECT range[0]=[0x170000000,0x180000000) source=MAP_JIT-EINVAL
#### JIT-MPROTECT call #1 addr=0x170000000 size=0x10000000 requested=0x7 effective=0x3 result=0 errno=0 caller=0x116dc6334 image=/Applications/Visual Studio Code.app/Contents/Frameworks/Electron Framework.framework/Versions/A/Electron Framework offset=0x63b2334
#### JIT-MPROTECT remap decline #1 dst=0x177dc0000 size=0x208000 src=0x1130bc000 requested=0x5 -> V8 copy fallback
#### JIT-MPROTECT flip #1 ranges=1 prot=RW writers=1 exec_waits=0 late_retries=0
#### JIT-MPROTECT flip #2 ranges=1 prot=RX writers=1 exec_waits=0 late_retries=0
#### JIT-MPROTECT flip #3 ranges=1 prot=RW writers=1 exec_waits=0 late_retries=0
#### JIT-MPROTECT flip #4 ranges=1 prot=RX writers=1 exec_waits=0 late_retries=0
#### JIT-MPROTECT flip #5 ranges=1 prot=RW writers=1 exec_waits=0 late_retries=0
#### JIT-MPROTECT flip #6 ranges=1 prot=RX writers=1 exec_waits=0 late_retries=0
#### JIT-MPROTECT flip #7 ranges=1 prot=RW writers=1 exec_waits=0 late_retries=0
#### JIT-MPROTECT flip #8 ranges=1 prot=RX writers=1 exec_waits=0 late_retries=0
#### JIT-MPROTECT flip #9 ranges=1 prot=RW writers=1 exec_waits=0 late_retries=0
#### JIT-MPROTECT flip #10 ranges=1 prot=RX writers=1 exec_waits=0 late_retries=0
#### JIT-MPROTECT flip #11 ranges=1 prot=RW writers=1 exec_waits=0 late_retries=0
#### JIT-MPROTECT flip #12 ranges=1 prot=RX writers=1 exec_waits=0 late_retries=0
#### JIT-MPROTECT flip #13 ranges=1 prot=RW writers=1 exec_waits=0 late_retries=0
#### JIT-MPROTECT flip #14 ranges=1 prot=RX writers=1 exec_waits=0 late_retries=0
#### JIT-MPROTECT flip #15 ranges=1 prot=RW writers=1 exec_waits=0 late_retries=0
#### JIT-MPROTECT flip #16 ranges=1 prot=RX writers=1 exec_waits=0 late_retries=0
#### JIT-MPROTECT flip #17 ranges=1 prot=RW writers=1 exec_waits=0 late_retries=0
#### JIT-MPROTECT flip #18 ranges=1 prot=RX writers=1 exec_waits=0 late_retries=0
#### JIT-MPROTECT flip #19 ranges=1 prot=RW writers=1 exec_waits=0 late_retries=0
#### JIT-MPROTECT flip #20 ranges=1 prot=RX writers=1 exec_waits=0 late_retries=0
#### JIT-MPROTECT flip #21 ranges=1 prot=RW writers=1 exec_waits=0 late_retries=0
#### JIT-MPROTECT flip #22 ranges=1 prot=RX writers=1 exec_waits=0 late_retries=0
#### JIT-MPROTECT flip #23 ranges=1 prot=RW writers=1 exec_waits=0 late_retries=0
#### JIT-MPROTECT flip #24 ranges=1 prot=RX writers=1 exec_waits=0 late_retries=0
#### JIT-MPROTECT flip #25 ranges=1 prot=RW writers=1 exec_waits=0 late_retries=0
#### JIT-MPROTECT flip #26 ranges=1 prot=RX writers=1 exec_waits=0 late_retries=0
#### JIT-MPROTECT flip #27 ranges=1 prot=RW writers=1 exec_waits=0 late_retries=0
#### JIT-MPROTECT flip #28 ranges=1 prot=RX writers=1 exec_waits=0 late_retries=0
#### JIT-MPROTECT flip #29 ranges=1 prot=RW writers=1 exec_waits=0 late_retries=0
#### JIT-MPROTECT flip #30 ranges=1 prot=RX writers=1 exec_waits=0 late_retries=0
#### JIT-MPROTECT flip #31 ranges=1 prot=RW writers=1 exec_waits=0 late_retries=0
#### JIT-MPROTECT flip #32 ranges=1 prot=RX writers=1 exec_waits=0 late_retries=0
#### JIT-MPROTECT flip #1024 ranges=1 prot=RX writers=1 exec_waits=0 late_retries=0
#### MACWS_HID_BYPASS installed SetMatchingMultiple → no-op (1) at 0x1a5cf9e8c — skips iOS-format CFBinaryPlist parse inside
####   IOHIDEventSystemClientCacheMatchingServices → IOHIDUnserializeAndVMDealloc → CFPropertyListCreateFromStream
####   that BUS_ADRALNs in the IOMFBServer thread.
#### MACWS_AGX_RENAMER_PATCH: off (set MACWS_AGX_RENAMER_PATCH=1 to enable)
#### MACWS_ASSERT_BYPASS DISABLED (set MACWS_KEEP_ASSERT_BYPASS=1 to restore lazy bypass) — real __assert_rtn now reaches abort
#### MACWS_AGX_NATIVE [ctor] pre-loaded IOGPU via /System/Library/PrivateFrameworks/IOGPU.framework/IOGPU -> 0x3ea2a4c10
#### XPC_BOOTSTRAP: fn=0x1a28b1140 dict=0x143904f20 (registering Metal/ViewBridge/HIServices)
#### XPC_BOOTSTRAP: called OK
#### COEXIST API SwapEnd hook installed target=0x1ad78f1cc trampoline=0x102550000
#### SkyLight PrepareForUse tolerate-nil hook installed at 0x1a7b70fc4
#### SkyLight StartCompositeForDisplayStream nil-skip hook installed at 0x1a7999d74
#### SkyLight StartComposite(WSCD) tolerate-nil + pop-on-bail hook installed at 0x1a7999358
#### SkyLight StartComposite(MTLTex) pop-on-bail hook installed at 0x1a7999fb8
#### SkyLight EndCurrentComposite(bool) completion hook installed at 0x1a799853c
#### SkyLight EndUpdate(bool) submission hook installed at 0x1a79980b0
#### SkyLight _state_stack pop_back resolved at 0x1a7996fa0
#### SkyLight WSCompositeDestinationCreateWithMetalTexture nil-tolerate hook installed at 0x1a799c53c
#### SkyLight MetalContext::StopCapture invalid-this guard installed at 0x1a79981bc
#### MACWS_AGX_NATIVE class_addMethod(MTLTextureDescriptor, validateWithDevice:) = 1
#### MACWS_AGX_NATIVE class_addMethod(IOGPUMetalTexture, isMemoryless) = 1
#### MACWS_AGX_NATIVE class_addMethod(IOGPUMetalTexture, getCPUSizeBytes) = 1
#### MACWS_AGX_NATIVE class_addMethod(IOGPUMetalTexture, getAlignment) = 1
#### MACWS_AGX_NATIVE class_addMethod(IOGPUMetalTexture, descriptorPrivate) = 1
#### MACWS_AGX_NATIVE class_addMethod(IOGPUMetalTexture, getBytesPerRow) = 1
#### MACWS_AGX_NATIVE class_addMethod(IOGPUMetalTexture, updateBindDataWithAddresses:gpuVirtualAddress:) = 1
#### MACWS_AGX_NATIVE class_addMethod(IOGPUMetalTexture, updateBindDataWithAddresses:gpuVirtualAddress:shouldInitMetadata:) = 1
#### MACWS_AGX_NATIVE class_addMethod(IOGPUMetalTexture, allocBufferSubDataWithLength:options:alignment:heapIndex:bufferIndex:bufferOffset:) = 1
#### MACWS_AGX_NATIVE class_addMethod(IOGPUMetalTexture, initNewTextureData:) = 1
#### MACWS_AGX_NATIVE class_addMethod(MTLTextureDescriptor, isMemoryless) = 1
#### MACWS_AGX_NATIVE class_addMethod(MTLTextureDescriptor, protectionOptions) = 1
#### MACWS_AGX_NATIVE class_addMethod(MTLTextureDescriptor, getCPUSizeBytes) = 1
#### MACWS_AGX_NATIVE class_addMethod(MTLTextureDescriptor, getAlignment) = 1
#### MACWS_AGX_NATIVE class_addMethod(MTLTextureDescriptor, descriptorPrivate) = 1
#### MACWS_AGX_NATIVE class_addMethod(MTLTextureDescriptor, getBytesPerRow) = 1
#### MACWS_AGX_NATIVE class_addMethod(MTLTextureDescriptor, updateBindDataWithAddresses:gpuVirtualAddress:) = 1
#### MACWS_AGX_NATIVE class_addMethod(MTLTextureDescriptor, updateBindDataWithAddresses:gpuVirtualAddress:shouldInitMetadata:) = 1
#### MACWS_AGX_NATIVE class_addMethod(MTLTextureDescriptor, allocBufferSubDataWithLength:options:alignment:heapIndex:bufferIndex:bufferOffset:) = 1
#### MACWS_AGX_NATIVE class_addMethod(MTLTextureDescriptor, initNewTextureData:) = 1
[70627:0728/060548.513780:ERROR:third_party/crashpad/crashpad/util/file/file_io.cc:103] ReadExactly: expected 8, observed 0
[70627:0728/060548.559122:VERBOSE1:components/proxy_config/pref_proxy_config_tracker_impl.cc:462] 0x6004e2a40: set chrome proxy config service to 0x6004d1a40

DevTools listening on ws://127.0.0.1:9222/devtools/browser/a0ec4071-fc8b-45eb-9cfc-4a4c115188d8
[70627:0728/060548.571408:VERBOSE1:content/browser/first_party_sets/first_party_sets_handler_impl_instance.cc:270] Empty path. Failed initializing First-Party Sets database.
#### MACWS_HID_BYPASS installed SetMatchingMultiple → no-op (1) at 0x1a5cf9e8c — skips iOS-format CFBinaryPlist parse inside
####   IOHIDEventSystemClientCacheMatchingServices → IOHIDUnserializeAndVMDealloc → CFPropertyListCreateFromStream
####   that BUS_ADRALNs in the IOMFBServer thread.
#### MACWS_AGX_RENAMER_PATCH: off (set MACWS_AGX_RENAMER_PATCH=1 to enable)
#### MACWS_ASSERT_BYPASS DISABLED (set MACWS_KEEP_ASSERT_BYPASS=1 to restore lazy bypass) — real __assert_rtn now reaches abort
#### MACWS_AGX_NATIVE [ctor] pre-loaded IOGPU via /System/Library/PrivateFrameworks/IOGPU.framework/IOGPU -> 0x3ea2a4c10
#### XPC_BOOTSTRAP: fn=0x1a28b1140 dict=0x159618c60 (registering Metal/ViewBridge/HIServices)
#### XPC_BOOTSTRAP: called OK
#### COEXIST API SwapEnd hook installed target=0x1ad78f1cc trampoline=0x100fec000
#### SkyLight PrepareForUse tolerate-nil hook installed at 0x1a7b70fc4
#### MACWS_HID_BYPASS installed SetMatchingMultiple → no-op (1) at 0x1a5cf9e8c — skips iOS-format CFBinaryPlist parse inside
####   IOHIDEventSystemClientCacheMatchingServices → IOHIDUnserializeAndVMDealloc → CFPropertyListCreateFromStream
####   that BUS_ADRALNs in the IOMFBServer thread.
#### MACWS_AGX_RENAMER_PATCH: off (set MACWS_AGX_RENAMER_PATCH=1 to enable)
#### MACWS_ASSERT_BYPASS DISABLED (set MACWS_KEEP_ASSERT_BYPASS=1 to restore lazy bypass) — real __assert_rtn now reaches abort
#### MACWS_AGX_NATIVE [ctor] pre-loaded IOGPU via /System/Library/PrivateFrameworks/IOGPU.framework/IOGPU -> 0x3ea2a4c10
#### XPC_BOOTSTRAP: fn=0x1a28b1140 dict=0x15600ed80 (registering Metal/ViewBridge/HIServices)
#### SkyLight StartCompositeForDisplayStream nil-skip hook installed at 0x1a7999d74
#### XPC_BOOTSTRAP: called OK
#### COEXIST API SwapEnd hook installed target=0x1ad78f1cc trampoline=0x100f00000
#### SkyLight StartComposite(WSCD) tolerate-nil + pop-on-bail hook installed at 0x1a7999358
#### SkyLight StartComposite(MTLTex) pop-on-bail hook installed at 0x1a7999fb8
#### SkyLight EndCurrentComposite(bool) completion hook installed at 0x1a799853c
#### SkyLight EndUpdate(bool) submission hook installed at 0x1a79980b0
#### SkyLight _state_stack pop_back resolved at 0x1a7996fa0
#### SkyLight WSCompositeDestinationCreateWithMetalTexture nil-tolerate hook installed at 0x1a799c53c
#### SkyLight MetalContext::StopCapture invalid-this guard installed at 0x1a79981bc
#### SkyLight PrepareForUse tolerate-nil hook installed at 0x1a7b70fc4
#### MACWS_AGX_NATIVE class_addMethod(MTLTextureDescriptor, validateWithDevice:) = 1
#### MACWS_AGX_NATIVE class_addMethod(IOGPUMetalTexture, isMemoryless) = 1
#### MACWS_AGX_NATIVE class_addMethod(IOGPUMetalTexture, getCPUSizeBytes) = 1
#### MACWS_AGX_NATIVE class_addMethod(IOGPUMetalTexture, getAlignment) = 1
#### MACWS_AGX_NATIVE class_addMethod(IOGPUMetalTexture, descriptorPrivate) = 1
#### MACWS_AGX_NATIVE class_addMethod(IOGPUMetalTexture, getBytesPerRow) = 1
#### MACWS_AGX_NATIVE class_addMethod(IOGPUMetalTexture, updateBindDataWithAddresses:gpuVirtualAddress:) = 1
#### MACWS_AGX_NATIVE class_addMethod(IOGPUMetalTexture, updateBindDataWithAddresses:gpuVirtualAddress:shouldInitMetadata:) = 1
#### MACWS_AGX_NATIVE class_addMethod(IOGPUMetalTexture, allocBufferSubDataWithLength:options:alignment:heapIndex:bufferIndex:bufferOffset:) = 1
#### MACWS_AGX_NATIVE class_addMethod(IOGPUMetalTexture, initNewTextureData:) = 1
#### MACWS_AGX_NATIVE class_addMethod(MTLTextureDescriptor, isMemoryless) = 1
#### MACWS_AGX_NATIVE class_addMethod(MTLTextureDescriptor, protectionOptions) = 1
#### MACWS_AGX_NATIVE class_addMethod(MTLTextureDescriptor, getCPUSizeBytes) = 1
#### MACWS_AGX_NATIVE class_addMethod(MTLTextureDescriptor, getAlignment) = 1
#### MACWS_AGX_NATIVE class_addMethod(MTLTextureDescriptor, descriptorPrivate) = 1
#### MACWS_AGX_NATIVE class_addMethod(MTLTextureDescriptor, getBytesPerRow) = 1
#### MACWS_AGX_NATIVE class_addMethod(MTLTextureDescriptor, updateBindDataWithAddresses:gpuVirtualAddress:) = 1
#### MACWS_AGX_NATIVE class_addMethod(MTLTextureDescriptor, updateBindDataWithAddresses:gpuVirtualAddress:shouldInitMetadata:) = 1
#### MACWS_AGX_NATIVE class_addMethod(MTLTextureDescriptor, allocBufferSubDataWithLength:options:alignment:heapIndex:bufferIndex:bufferOffset:) = 1
#### MACWS_AGX_NATIVE class_addMethod(MTLTextureDescriptor, initNewTextureData:) = 1
#### SkyLight StartCompositeForDisplayStream nil-skip hook installed at 0x1a7999d74
#### SkyLight StartComposite(WSCD) tolerate-nil + pop-on-bail hook installed at 0x1a7999358
#### SkyLight StartComposite(MTLTex) pop-on-bail hook installed at 0x1a7999fb8
#### SkyLight EndCurrentComposite(bool) completion hook installed at 0x1a799853c
#### SkyLight EndUpdate(bool) submission hook installed at 0x1a79980b0
#### SkyLight _state_stack pop_back resolved at 0x1a7996fa0
#### SkyLight WSCompositeDestinationCreateWithMetalTexture nil-tolerate hook installed at 0x1a799c53c
#### SkyLight MetalContext::StopCapture invalid-this guard installed at 0x1a79981bc
#### MACWS_AGX_NATIVE class_addMethod(MTLTextureDescriptor, validateWithDevice:) = 1
#### MACWS_AGX_NATIVE class_addMethod(IOGPUMetalTexture, isMemoryless) = 1
#### MACWS_AGX_NATIVE class_addMethod(IOGPUMetalTexture, getCPUSizeBytes) = 1
#### MACWS_AGX_NATIVE class_addMethod(IOGPUMetalTexture, getAlignment) = 1
#### MACWS_AGX_NATIVE class_addMethod(IOGPUMetalTexture, descriptorPrivate) = 1
#### MACWS_AGX_NATIVE class_addMethod(IOGPUMetalTexture, getBytesPerRow) = 1
#### MACWS_AGX_NATIVE class_addMethod(IOGPUMetalTexture, updateBindDataWithAddresses:gpuVirtualAddress:) = 1
#### MACWS_AGX_NATIVE class_addMethod(IOGPUMetalTexture, updateBindDataWithAddresses:gpuVirtualAddress:shouldInitMetadata:) = 1
#### MACWS_AGX_NATIVE class_addMethod(IOGPUMetalTexture, allocBufferSubDataWithLength:options:alignment:heapIndex:bufferIndex:bufferOffset:) = 1
#### MACWS_AGX_NATIVE class_addMethod(IOGPUMetalTexture, initNewTextureData:) = 1
#### MACWS_AGX_NATIVE class_addMethod(MTLTextureDescriptor, isMemoryless) = 1
#### MACWS_AGX_NATIVE class_addMethod(MTLTextureDescriptor, protectionOptions) = 1
#### MACWS_AGX_NATIVE class_addMethod(MTLTextureDescriptor, getCPUSizeBytes) = 1
#### MACWS_AGX_NATIVE class_addMethod(MTLTextureDescriptor, getAlignment) = 1
#### MACWS_AGX_NATIVE class_addMethod(MTLTextureDescriptor, descriptorPrivate) = 1
#### MACWS_AGX_NATIVE class_addMethod(MTLTextureDescriptor, getBytesPerRow) = 1
#### MACWS_AGX_NATIVE class_addMethod(MTLTextureDescriptor, updateBindDataWithAddresses:gpuVirtualAddress:) = 1
#### MACWS_AGX_NATIVE class_addMethod(MTLTextureDescriptor, updateBindDataWithAddresses:gpuVirtualAddress:shouldInitMetadata:) = 1
#### MACWS_AGX_NATIVE class_addMethod(MTLTextureDescriptor, allocBufferSubDataWithLength:options:alignment:heapIndex:bufferIndex:bufferOffset:) = 1
#### MACWS_AGX_NATIVE class_addMethod(MTLTextureDescriptor, initNewTextureData:) = 1
2026-07-28 06:05:49.178 Electron[70627:8255551] id createVolumeObserverSubsystem(NSWorkspaceNotificationCenter *): Failed to create volume observer.
2026-07-28 06:05:49.178 Electron[70627:8255551] id createVolumeObserverSubsystem(NSWorkspaceNotificationCenter *): Failed to create volume observer.
2026-07-28 06:05:49.179 Electron[70627:8255551] id createVolumeObserverSubsystem(NSWorkspaceNotificationCenter *): Failed to create volume observer.
2026-07-28 06:05:49.353 Electron[70627:8255551] XType: Using static font registry.
#### AMFI-POLICY-COMPAT policy=AMFI op=0x60 status=0x4 (iOS task ports are hard-immovable)
#### CSR-POLICY-COMPAT active_config=0x0 (conservative iOS compatibility value)
#### AMFI-POLICY-COMPAT policy=AMFI op=0x60 status=0x4 (iOS task ports are hard-immovable)
#### CSR-POLICY-COMPAT active_config=0x0 (conservative iOS compatibility value)
[70663:0728/060549.493480:ERROR:base/process/process_mac.cc:53] task_policy_set TASK_CATEGORY_POLICY: (os/kern) invalid argument (4)
[70664:0728/060549.498038:ERROR:base/process/process_mac.cc:53] task_policy_set TASK_CATEGORY_POLICY: (os/kern) invalid argument (4)
#### tile-encoder forwards: class MTLSimRenderCommandEncoder NOT found
#### IOGPU-CALLBACK-DIAG installed queueClass=0x1fdd548d0 method=0x0 orig=0x0 bufferClass=0x1fdd54830 method=0x1bf8cb9a5 orig=0x1bf8aebe8 errorMethod=0x1ac107e01 errorOrig=0x1abfd9dcc (file-gated)
#### NSXPCSharedListener class=0x1fe0cfbd8
#### NSXPCSharedListener endpointForReply swizzle installed
#### NSXPCSharedListener connectToService swizzle installed
#### NSXPCSharedListener connectToService intercepted (graceful fail)
[70627:0728/060549.690570:WARNING:content/browser/child_process_task_port_provider_mac.cc:53] AppleMobileFileIntegrity is disabled. The browser will not collect child process task ports.
[70627:0728/060549.695323:ERROR:net/cert/internal/trust_store_mac.cc:489] SecKeychainAddCallback failed: Error Domain=NSOSStatusErrorDomain Code=-50 "paramErr: error in user parameter list" (-50)
[70627:0728/060549.695466:ERROR:net/cert/internal/trust_store_mac.cc:489] SecKeychainAddCallback failed: Error Domain=NSOSStatusErrorDomain Code=-50 "paramErr: error in user parameter list" (-50)
Warning: 'remote-debugging-port' is not in the list of known options, but still passed to Electron/Chromium.
Warning: 'remote-allow-origins' is not in the list of known options, but still passed to Electron/Chromium.
Warning: 'use-angle' is not in the list of known options, but still passed to Electron/Chromium.
Warning: 'ignore-gpu-blocklist' is not in the list of known options, but still passed to Electron/Chromium.
Warning: 'disable-features' is not in the list of known options, but still passed to Electron/Chromium.
Warning: 'enable-logging' is not in the list of known options, but still passed to Electron/Chromium.
[70627:0728/060549.856564:VERBOSE1:components/proxy_config/pref_proxy_config_tracker_impl.cc:462] 0x601e44ac0: set chrome proxy config service to 0x6004d40c0
[70627:0728/060549.858476:VERBOSE1:components/device_event_log/device_event_log_impl.cc:204] [06:05:49.858] Bluetooth: EVENT: bluetooth_api.cc:82 BluetoothAPI: 0x6000777a0
[70627:0728/060549.859632:VERBOSE1:base/files/file_util_posix.cc:309] Cannot stat "/tmp/macws-vscode-profile-agx-native-targetfix11/databases": No such file or directory (2)
[70627:0728/060549.860565:VERBOSE1:base/files/file_util_posix.cc:309] Cannot stat "/tmp/macws-vscode-profile-agx-native-targetfix11/Code Cache/pc": No such file or directory (2)
#### MACWS_AGX_NATIVE pre-loaded IOGPU via /System/Library/PrivateFrameworks/IOGPU.framework/IOGPU -> 0x3ea2a4c10
#### MACWS_AGX_NATIVE dlsym(IOGPUResourceCreate) = 0x1bf8c20a0
#### MACWS_AGX_NATIVE dlsym(IOGPUMetalCommonResourceCreate) = 0x0
#### MACWS_AGX_NATIVE dlsym(IOGPUDeviceCreateWithAPIProperty) = 0x1bf8c00fc
#### MACWS_AGX_NATIVE dlsym(_IOGPUMetalAllocateResource) = 0x0
#### MACWS_AGX_NATIVE dlsym(IOGPUMetalAllocateResource) = 0x0
#### JIT-MPROTECT flip #2048 ranges=1 prot=RX writers=1 exec_waits=5 late_retries=1
#### AGX_CLASSREF_DIAG newTexture iosurface alloc class @0x23d015298 = 0x23f5be5f0 name=AGXG13GFamilyTexture
#### AGX_CLASSREF_DIAG initImpl method m=0x2081cd3ad imp=0x2081b6284 expected stub=0x2081c6880 real=0x2081b6284 WHICH=AGXG13GFamilyTexture-real
#### MACWS_AGX_OBJC_AUTDA_PATCH msgSendSuper2=0x1a27d1e00 code=0x1a27d1e00 autda@0x1a27d1e10 insn=0xdac11a30
####   PATCHED autda x16,x17 → xpacd x16 (0xdac11a30 → 0xdac147f0)
#### MACWS_AGX_SEL_DIAG super-init SEL static=0x1cffc6f26 slid=0x1f2732f26 readable=1
####   bytes="initWithDevice:descriptor:iosurface:plane:field:args:argsSize:"
####   sel_registerName(...) = 0x1f2732f26 name="initWithDevice:descriptor:iosurface:plane:field:args:argsSize:"
####   objc_getClass(IOGPUMetalTexture) = 0x1fdd54fb0
####   IOGPUMetalTexture method count = 71
####     - initNewTextureData:
####     - updateBindDataWithAddresses:gpuVirtualAddress:shouldInitMetadata:
####     - initWithBuffer:descriptor:offset:bytesPerRow:
####     - initWithBuffer:descriptor:sysMemOffset:sysMemRowBytes:vidMemSize:vidMemRowBytes:args:argsSize:
####     - initWithBuffer:descriptor:sysMemOffset:sysMemRowBytes:vidMemSize:vidMemRowBytes:args:argsSize:isStrideTexture:
####     - initWithDevice:descriptor:iosurface:plane:field:args:argsSize:
####     - initWithDevice:descriptor:sysMemSize:sysMemRowBytes:vidMemSize:vidMemRowBytes:args:argsSize:
####     - initWithDevice:remoteStorageTexture:args:argsSize:
####     - initWithHeap:resource:offset:length:device:descriptor:
####     - initWithTexture:pixelFormat:
####     - initWithTexture:pixelFormat:textureType:levels:slices:
####     - initWithTexture:pixelFormat:textureType:levels:slices:swizzle:
####     - initWithTextureInternal:pixelFormat:textureType:levels:slices:swizzle:compressedView:
####     - initWithPrimaryBuffer:heapIndex:bufferIndex:bufferOffset:length:descriptor:sysMemRowBytes:vidMemSize:vidMemRowBytes:args:argsSize:
####   AGXTexture super class = 0x0 ((nil))
####   super responds to "initWithDevice:desc:iosurface:plane:" = 0 (Method=0x0)
####   super responds to "initWithDevice:descriptor:iosurface:plane:" = 0 (Method=0x0)
####   super responds to "initWithDevice:descriptor:iosurface:plane:field:args:argsSize:" = 0 (Method=0x0)
####   super responds to "initImplWithDevice:Descriptor:iosurface:plane:buffer:bytesPerRow:allowNPOT:sparsePageSize:isCompressedIOSurface:isHeapBacked:" = 0 (Method=0x0)
#### MACWS_AGX_STUB_FIX objc_msgSendSuper2
####   stub@0x2081c9fc0 insns=[d01cf7f1 9132a231 f9400230 d71f0a11]
####   slot@0x2420c7ca8 value=0x1a27d1e00 sym=objc_msgSendSuper2 base=0x1a27c8000 path=/usr/lib/libobjc.A.dylib
####   PATCHED → br 0x1a27d1e00 (movz/movk/movk/br)
####   new=[d283c010 f2b44fb0 f2c00030 d61f0200]
#### MACWS_AGX_NATIVE objc_getClass(AGXBuffer) = 0x0
#### MACWS_AGX_NATIVE __objc_classlist: 52 entries
####   classlist[0] = 0x23f5be6b8 name=AGXBuffer registered=0x0
####   classlist[1] = 0x23f5be2f8 name=AGXG13GFamilyBinaryArchive registered=0x0
####   classlist[2] = 0x23f5be168 name=AGXG13GFamilyBlitContext registered=0x0
####   classlist[3] = 0x23f5bd7e0 name=AGXG13GFamilyResourceStateContext registered=0x0
####   classlist[4] = 0x23f5bdfd8 name=AGXG13GFamilyBuffer registered=0x0
####   classlist[5] = 0x23f5bd830 name=AGXG13GFamilyCommandBuffer registered=0x0
#### MACWS_AGX_NATIVE objc_duplicateClass=0x1a27f7cb8
#### MACWS_AGX_NATIVE imageinfo=0x239d28a58 sz=8
2026-07-28 06:05:49.967 Electron[70627:8255641] Connection Invalid error for service com.apple.hiservices-xpcservice.
2026-07-28 06:05:49.967 Electron[70627:8255551] Error received in message reply handler: Connection invalid
#### PREREGISTER image[627] AGXMetal13_3: 52/52 realized
#### PREREGISTER image[628] GPURawCounter: 6/6 realized
#### MACWS_AGX_NATIVE register pass 0: 0 new (total 58)
#### MACWS_AGX_NATIVE realized 58/52 classes
#### MACWS_AGX_NATIVE AGXBuffer after register: 0x23f5be6b8
#### MACWS_AGX_NATIVE [AGXBuffer alloc] = 0x600211680
#### MACWS_AGX_NATIVE swizzled initUntrackedInternalBufferWithDevice:length:options:
#### MACWS_AGX_NATIVE swizzled initWithDevice:length:alignment:options:isSuballocDisabled:resourceInArgs:pinnedGPULocation:
#### MACWS_AGX_NATIVE tracing -[AGXBuffer initWithDevice:options:args:argsSize:] (nil preserved)
#### LIBOBJC dlsym(objc_constructInstance) = 0x1a27dec08
#### LIBOBJC dlsym(_dyld_objc_notify_register) = 0x1a2b73480
#### LIBOBJC dlsym(_dyld_objc_register_callbacks) = 0x1a2b75abc
#### LIBOBJC dlsym(objc_readClassPair) = 0x1a27e4bdc
#### LIBOBJC dlsym(objc_registerClassPair) = 0x1a27d5a3c
#### LIBOBJC dlsym(_objc_realizeClassFromSwift) = 0x1a27e4d34
#### LIBOBJC dlsym(objc_addLoadImageFunc) = 0x1a27e47c8
#### LIBOBJC dlsym(_objc_init) = 0x1a27ca004
#### CLASS_DETAIL [0] 0x23f5be6b8 name=AGXBuffer super=0x1fdd547e0 (IOGPUMetalBuffer) meta=0
#### CLASS_DETAIL [1] 0x23f5be2f8 name=AGXG13GFamilyBinaryArchive super=0x1fe0eb3b8 (_MTLBinaryArchive) meta=0
#### CLASS_DETAIL [2] 0x23f5be168 name=AGXG13GFamilyBlitContext super=0x1fdd547b8 (IOGPUMetalBlitCommandEncoder) meta=0
#### CLASS_DETAIL [3] 0x23f5bd7e0 name=AGXG13GFamilyResourceStateContext super=0x1fdd54f88 (IOGPUMetalResourceStateCommandEncoder) meta=0
#### CLASS_DETAIL [4] 0x23f5bdfd8 name=AGXG13GFamilyBuffer super=0x23f5be6b8 (AGXBuffer) meta=0
#### CLASS_DETAIL [5] 0x23f5bd830 name=AGXG13GFamilyCommandBuffer super=0x1fdd54830 (IOGPUMetalCommandBuffer) meta=0
#### CLASS_DETAIL [6] 0x23f5be208 name=AGXG13GFamilyCommandQueue super=0x1fdd548d0 (IOGPUMetalCommandQueue) meta=0
#### CLASS_DETAIL [7] 0x23f5be118 name=AGXG13GFamilyComputePipeline super=0x1fe0e9d88 (_MTLComputePipelineState) meta=0
#### CLASS_DETAIL [8] 0x23f5be0c8 name=AGXG13GFamilyDeadlineProfile super=0x1fdb66e70 (NSObject) meta=0
#### CLASS_DETAIL [9] 0x23f5bd8d0 name=AGXG13GFamilyDebugContext super=0x1fdd54970 (IOGPUMetalDebugCommandEncoder) meta=0
#### CLASS_DETAIL [10] 0x23f5be000 name=AGXG13GFamilyDepthStencilState super=0x1fe0e9db0 (_MTLDepthStencilState) meta=0
#### CLASS_DETAIL [11] 0x23f5be2d0 name=AGXG13GFamilyDynamicLibrary super=0x1fe0ebdb8 (_MTLDynamicLibrary) meta=0
#### CLASS_DETAIL [12] 0x23f5be1b8 name=AGXG13GFamilyComputeContext super=0x1fdd54948 (IOGPUMetalComputeCommandEncoder) meta=0
#### CLASS_DETAIL [13] 0x23f5bde70 name=AGXG13GFamilyFunctionHandle super=0x1fe0eb9a8 (_MTLFunctionHandle) meta=0
#### CLASS_DETAIL [14] 0x23f5be2a8 name=AGXG13GFamilyHeap super=0x1fdd54bf0 (IOGPUMetalHeap) meta=0
#### CLASS_DETAIL [15] 0x23f5be280 name=AGXG13GFamilySparseHeap super=0x1fe0ece48 (_MTLHeap) meta=0
#### MACWS_AGX_NATIVE __objc_classrefs: 105 entries, 0 null
####   class AGXBuffer = 0x23f5be6b8
####   class AGXCommandQueue = 0x0
####   class AGXCommandBuffer = 0x0
####   class AGXMetalCommandQueue = 0x0
####   class AGXMetalCommandBuffer = 0x0
####   class AGXMetalBuffer = 0x0
####   class AGXMetalTexture = 0x0
####   class AGXMetalHeap = 0x0
####   class AGXMetalResource = 0x0
####   class AGXMetalDevice = 0x0
####   class AGXMetalFence = 0x0
####   class AGXTexture = 0x23f5be708
####   class IOGPUMetalBuffer = 0x1fdd547e0
####   class IOGPUMetalCommandBuffer = 0x1fdd54830
####   class IOGPUMetalCommandQueue = 0x1fdd548d0
####   class IOGPUMetalDevice = 0x1fdd549c0
####   class IOGPUMetalHeap = 0x1fdd54bf0
####   class IOGPUMetalResource = 0x1fdd54ec0
####   class IOGPUMetalTexture = 0x1fdd54fb0
####   class IOGPUMetalFence = 0x1fdd54b50
####   class IOGPUMTLLateEvalEvent = 0x1fe207c70
#### CLASSREF [0] @0x23d015250 -> 0x1fe0e9428 name=MTLCompiler
#### CLASSREF [1] @0x23d015258 -> 0x1fdb856e0 name=NSDictionary
#### CLASSREF [2] @0x23d015260 -> 0x1fdb8c348 name=NSError
#### CLASSREF [3] @0x23d015268 -> 0x23f5be4b0 name=AGXG13GFamilyComputeOrFragmentOrTileProgram
#### CLASSREF [4] @0x23d015270 -> 0x23f5be4d8 name=AGXG13GFamilyFragmentProgram
#### CLASSREF [5] @0x23d015278 -> 0x23f5be550 name=AGXG13GFamilyVertexProgram
#### CLASSREF [6] @0x23d015280 -> 0x1fdb85848 name=NSMutableDictionary
#### CLASSREF [7] @0x23d015288 -> 0x23f5be5a0 name=AGXG13GFamilyTileProgram
#### CLASSREF [8] @0x23d015290 -> 0x23f5be578 name=AGXG13GFamilyComputeProgram
#### CLASSREF [9] @0x23d015298 -> 0x23f5be5f0 name=AGXG13GFamilyTexture
#### CLASSREF [10] @0x23d0152a0 -> 0x1fe0e9bd0 name=MTLTextureDescriptor
#### CLASSREF [11] @0x23d0152a8 -> 0x23f5be168 name=AGXG13GFamilyBlitContext
#### CLASSREF [12] @0x23d0152b0 -> 0x23f5bd7e0 name=AGXG13GFamilyResourceStateContext
#### CLASSREF [13] @0x23d0152b8 -> 0x23f5bdd58 name=AGXG13GFamilyRayTracingGPUBuilder
#### CLASSREF [14] @0x23d0152c0 -> 0x23f5be190 name=AGXG13GFamilyRenderContext
#### CLASSREF [15] @0x23d0152c8 -> 0x23f5be1b8 name=AGXG13GFamilyComputeContext
#### CLASSREF [16] @0x23d0152d0 -> 0x23f5be1e0 name=AGXG13GFamilyThreadedRenderPass
#### CLASSREF [17] @0x23d0152d8 -> 0x23f5bddd0 name=AGXG13GFamilySampledRenderContext
#### CLASSREF [18] @0x23d0152e0 -> 0x23f5bde98 name=AGXG13GFamilySampledComputeContext
#### CLASSREF [19] @0x23d0152e8 -> 0x1fdb85668 name=NSData
#### CLASSREF [20] @0x23d0152f0 -> 0x23f5bd830 name=AGXG13GFamilyCommandBuffer
#### CLASSREF [21] @0x23d0152f8 -> 0x1fe0ec1c8 name=_MTLProgramAddressTableMappedBinary
#### CLASSREF [22] @0x23d015300 -> 0x1fe0ec178 name=_MTLPipelineStateBinary
#### CLASSREF [23] @0x23d015308 -> 0x1fdb855a0 name=NSArray
#### MACWS_GOT AGXMetal13_3: symtab=8331 syms, strtab=461166853 bytes, indirect=555 entries
####   sect[0] __DATA_CONST,__got type=0 entries=97 indirect_start=228 auth=0
####   bind[1] _MTLCommonCounterSetTimestamp -> 0x1f6849290 (slot=0x239d279e0 auth=0)
####   bind[2] _MTLCommonCounterTimestamp -> 0x1f68491a0 (slot=0x239d279e8 auth=0)
####   bind[3] _MTLCompileTimeStatisticsKeyBackend -> 0x1fb3fcf60 (slot=0x239d279f0 auth=0)
####   bind[4] _MTLCompileTimeStatisticsKeyCachedFunction -> 0x1fb3fcf10 (slot=0x239d279f8 auth=0)
####   bind[5] _MTLCompileTimeStatisticsKeyCompilerTotal -> 0x1fb3fcf48 (slot=0x239d27a00 auth=0)
####   bind[6] _MTLCompileTimeStatisticsKeyDriverTotal -> 0x1fb3fcf40 (slot=0x239d27a08 auth=0)
####   bind[7] _MTLCompileTimeStatisticsKeyFunctionName -> 0x1fb3fcf08 (slot=0x239d27a10 auth=0)
####   bind[8] _MTLCompileTimeStatisticsKeyMTLCompilerService -> 0x1fb3fcf20 (slot=0x239d27a18 auth=0)
####   bind[9] _MTLCompileTimeStatisticsKeyOptimization -> 0x1fb3fcf58 (slot=0x239d27a20 auth=0)
####   bind[10] _MTLCompileTimeStatisticsKeyPipelineTotal -> 0x1fb3fcf18 (slot=0x239d27a28 auth=0)
####   bind[11] _MTLCompileTimeStatisticsKeyPipelinesCompute -> 0x1fb3fbe30 (slot=0x239d27a30 auth=0)
####   IOGPU-CRITICAL _OBJC_IVAR_$_IOGPUMTLLateEvalEvent._eventName = 0x1fb8de9d0 (slot=0x239d27b28 auth=0)
####   IOGPU-CRITICAL _OBJC_IVAR_$_IOGPUMetalBuffer._primaryBuffer = 0x1fb8de91c (slot=0x239d27b30 auth=0)
####   IOGPU-CRITICAL _OBJC_IVAR_$_IOGPUMetalCommandQueue._commandQueue = 0x1fb8de960 (slot=0x239d27b38 auth=0)
####   IOGPU-CRITICAL _OBJC_IVAR_$_IOGPUMetalDevice._segmentByteThreshold = 0x1fb8dea2c (slot=0x239d27b40 auth=0)
####   IOGPU-CRITICAL _OBJC_IVAR_$_IOGPUMetalFence._fenceIndex = 0x1fb8deaa8 (slot=0x239d27b48 auth=0)
####   IOGPU-CRITICAL _OBJC_IVAR_$_IOGPUMetalHeap._resource = 0x1fb8deac4 (slot=0x239d27b50 auth=0)
####   IOGPU-CRITICAL _OBJC_IVAR_$_IOGPUMetalResource._res = 0x1fb8deaf4 (slot=0x239d27b58 auth=0)
####   IOGPU-CRITICAL _OBJC_IVAR_$_IOGPUMetalTexture._arrayLength = 0x1fb8deb38 (slot=0x239d27b60 auth=0)
####   IOGPU-CRITICAL _OBJC_IVAR_$_IOGPUMetalTexture._depth = 0x1fb8deb34 (slot=0x239d27b68 auth=0)
####   IOGPU-CRITICAL _OBJC_IVAR_$_IOGPUMetalTexture._height = 0x1fb8deb30 (slot=0x239d27b70 auth=0)
####   IOGPU-CRITICAL _OBJC_IVAR_$_IOGPUMetalTexture._isCompressed = 0x1fb8deb54 (slot=0x239d27b78 auth=0)
####   IOGPU-CRITICAL _OBJC_IVAR_$_IOGPUMetalTexture._mipmapLevelCount = 0x1fb8deb3c (slot=0x239d27b80 auth=0)
####   IOGPU-CRITICAL _OBJC_IVAR_$_IOGPUMetalTexture._numFaces = 0x1fb8deb8c (slot=0x239d27b88 auth=0)
####   IOGPU-CRITICAL _OBJC_IVAR_$_IOGPUMetalTexture._parentTexture = 0x1fb8deb58 (slot=0x239d27b90 auth=0)
####   IOGPU-CRITICAL _OBJC_IVAR_$_IOGPUMetalTexture._pixelFormat = 0x1fb8deb28 (slot=0x239d27b98 auth=0)
####   IOGPU-CRITICAL _OBJC_IVAR_$_IOGPUMetalTexture._sampleCount = 0x1fb8deb40 (slot=0x239d27ba0 auth=0)
####   IOGPU-CRITICAL _OBJC_IVAR_$_IOGPUMetalTexture._textureType = 0x1fb8deb24 (slot=0x239d27ba8 auth=0)
####   IOGPU-CRITICAL _OBJC_IVAR_$_IOGPUMetalTexture._width = 0x1fb8deb2c (slot=0x239d27bb0 auth=0)
####   sect[7] __AUTH_CONST,__auth_got type=0 entries=230 indirect_start=325 auth=1
####   IOGPU-CRITICAL _IOGPUCommandQueueGetConnect = 0x1bf8c1b88 (slot=0x240f73448 auth=1)
####   IOGPU-CRITICAL _IOGPUCommandQueueGetID = 0x1bf8c1bd0 (slot=0x240f73450 auth=1)
####   IOGPU-CRITICAL _IOGPUDeviceGetConnect = 0x1bf8c0654 (slot=0x240f73458 auth=1)
####   IOGPU-CRITICAL _IOGPUDeviceGetNextGlobalTraceID = 0x1bf8c07f0 (slot=0x240f73460 auth=1)
####   IOGPU-CRITICAL _IOGPUDeviceTraceEvent = 0x1bf8c08bc (slot=0x240f73468 auth=1)
####   IOGPU-CRITICAL _IOGPUMetalCommandBufferStorageBeginKernelCommands = 0x1bf8b0ad8 (slot=0x240f73470 auth=1)
####   IOGPU-CRITICAL _IOGPUMetalCommandBufferStorageEndKernelCommands = 0x1bf8b0c2c (slot=0x240f73478 auth=1)
####   IOGPU-CRITICAL _IOGPUResourceListAddResource = 0x1bf8c31c8 (slot=0x240f73480 auth=1)
####   IOGPU-CRITICAL _IOGPUResourceListMerge = 0x1bf8c3278 (slot=0x240f73488 auth=1)
####   IOGPU-CRITICAL _IOGPUResourceListMergeLists = 0x1bf8c3354 (slot=0x240f73490 auth=1)
####   bind[131] _IOSurfaceGetAddressFormatOfPlane -> 0x1012eb070 (slot=0x240f734c8 auth=1 FORCE)
####   bind[133] _IOSurfaceGetBaseAddressOfPlane -> 0x1012eae4c (slot=0x240f734d8 auth=1 FORCE)
####   bind[135] _IOSurfaceGetBytesPerRowOfPlane -> 0x1012ea47c (slot=0x240f734e8 auth=1 FORCE)
####   bind[136] _IOSurfaceGetBytesPerTileDataOfPlane -> 0x1012ea640 (slot=0x240f734f0 auth=1 FORCE)
####   bind[141] _IOSurfaceGetCompressionTypeOfPlane -> 0x1012e9ee8 (slot=0x240f73518 auth=1 FORCE)
####   bind[142] _IOSurfaceGetHeightInCompressedTilesOfPlane -> 0x1012ea0f8 (slot=0x240f73520 auth=1 FORCE)
####   bind[145] _IOSurfaceGetWidthInCompressedTilesOfPlane -> 0x1012ea2b8 (slot=0x240f73538 auth=1 FORCE)
####   bind[286] _objc_alloc -> 0x1012e9ce8 (slot=0x240f739c0 auth=1 FORCE)
####   IOGPU-CRITICAL _objc_autoreleasePoolPop = 0x1a27d4a7c (slot=0x240f739d8 auth=1)
####   IOGPU-CRITICAL _objc_autoreleasePoolPush = 0x1a27d4934 (slot=0x240f739e0 auth=1)
#### MACWS_GOT AGXMetal13_3: indirect_slots=327 patched=323 failed=0
#### MACWS_AGX_NATIVE __auth_got section NOT FOUND
#### MACWS_AGX_NATIVE __got: 97 entries, 0 null, 97 non-null
#### MACWS_AGX_NATIVE dlopen AGXMetal13_3 OK h=0x3ea30b950
#### MACWS_AGX_NATIVE +[NSBundle bundleWithPath:AGXMetal13_3.bundle] = 0x600123ae0 id=com.apple.AGXMetal13-3
#### MACWS_AGX_NATIVE bundle loadAndReturnError: 1 (err=nil) loaded=1
#### MACWS_AGX_NATIVE bundle pathForResource:ds.g13g = /System/Library/Extensions/AGXMetal13_3.bundle/Contents/Resources/ds.g13g
#### MACWS_AGX_NATIVE getMetalPluginClassForService: returning class AGXG13GFamilyDevice = 0x23f5be0f0
#### CBRI_HOOK: installed (orig=0x1bf8aed84)
#### MACWS-NEW-EVENT adapter installed deviceClass=AGXG13GFamilyDevice owner=IOGPUMetalDevice orig=0x1bf8b5ef4 added=1
#### MACWS_AGX_NATIVE class_addMethod(AGXG13GFamilyDevice, initWithAcceleratorPort:) = 1
#### MACWS_AGX_NATIVE supportsMemorylessRenderTargets: overrode on AGXG13GFamilyDevice
#### MACWS_AGX_NATIVE supportsMemorylessRenderTargets: overrode on AGXG13GDevice
#### MACWS_AGX_NATIVE supportsMemorylessRenderTargets: total class overrides=2
#### MACWS_AGX_NATIVE tile-pipeline probe wrapped AGXG13GFamilyDevice (orig=0x207ea15e4)
#### MACWS_AGX_NATIVE tile-pipeline probe: 1 class(es) wrapped
#### MACWS_AGX_NATIVE nil-guard wrapped setFragmentTexture:atIndex: on AGXG13GFamilyRenderContext (orig=0x207e549e0)
#### MACWS_AGX_NATIVE nil-guard: class AGXG13GRenderContext NOT registered
#### MACWS_AGX_NATIVE nil-guard: class AGXRenderContext NOT registered
#### MACWS_AGX_NATIVE nil-guard: class AGXG13GComputeContext NOT registered
#### MACWS_AGX_NATIVE nil-guard setFragmentTexture:atIndex:: 1 class(es) wrapped
#### MACWS_AGX_NATIVE nil-guard wrapped setVertexTexture:atIndex: on AGXG13GFamilyRenderContext (orig=0x207e5b5e8)
#### MACWS_AGX_NATIVE nil-guard: class AGXG13GRenderContext NOT registered
#### MACWS_AGX_NATIVE nil-guard: class AGXRenderContext NOT registered
#### MACWS_AGX_NATIVE nil-guard: class AGXG13GComputeContext NOT registered
#### MACWS_AGX_NATIVE nil-guard setVertexTexture:atIndex:: 1 class(es) wrapped
#### MACWS_AGX_NATIVE swizzled AGXG13GFamilyDevice newTextureWithDescriptor:iosurface:plane:
#### MACWS_AGX_NATIVE swizzled AGXG13GFamilyDevice newTextureWithDescriptor:
#### MACWS_AGX_NATIVE swizzled -[AGXBuffer initWithDevice:bytes:length:options:deallocator:pinnedGPUAddress:]
#### MACWS_AGX_NATIVE noop'd alertCommandBufferActivityStart
#### MACWS_AGX_NATIVE noop'd alertCommandBufferActivityComplete
#### objc_alloc(AGXG13GFamilyDevice) -> 0x6001d2000
#### MACWS_AGX_NATIVE redirecting AGXG13GFamilyDevice init(port=11535) → 2-arg variant
#### debugbydcmmc IOServiceOpen agx connect=13315 type=0x100001 (requested=0x100005)
#### AGXIOC Struct sel=0x7->0x6 inSC=16 outSC=0 -> 0x1
#### AGXIOC Struct sel=0x5->0x4 inSC=0 outSC=32 -> 0x0
#### AGXIOC AsyncScalar sel=0x107->0x107 inCnt=0 -> 0x0
#### AGX_LIFE CREATE id=0x1 type=0 surf=0 bytes=0x10000 kr=0 okC=1 failC=0 okD=0 failD=0 unmatchedD=0 full=0 live=1/0MB [t0=1/0MB t80=0/0MB t82=0/0MB]
#### AGXIOC heap map #1 clientID 0x10000 -> resourceID 0x1 size 0x10000
####   ResCreate OK type=0 clientID=0 +0x30=0 +0x38=0 +0x40=0x10000 +0x58=0 OUT[+0]=0 OUT[+0x08]=0x101ff0000 OUT[+0x10]=0x1012380c0 OUT[+0x48]=0x10000
####   inStruct[0..104]:
####     00: 00 00 00 00 00 00 00 00 01 00 01 00 01 00 00 00
####     10: 01 01 00 01 30 84 00 00 00 00 00 00 00 00 00 00
####     20: 00 00 00 00 00 00 00 00 00 00 00 00 00 00 00 00
####     30: 00 00 00 00 00 00 00 00 00 00 00 00 00 00 00 00
####     40: 00 00 01 00 00 00 00 00 00 00 00 00 00 00 00 00
####     50: 00 00 00 38 00 00 00 00 00 00 00 00 00 00 00 00
####     60: 00 00 00 00 00 00 00 00
#### MACWS_AGX_NATIVE setupCompiler:0x30010 fired (Device=0x6001d2000)
#### MACWS_AGX_NATIVE supportsMemorylessRenderTargets CALLED on instance=0x6001d2000 class=AGXG13GFamilyDevice -> YES
#### objc_alloc(AGXG13GFamilyCommandQueue) -> 0x600090f00
#### AGXIOC Method sel=0x8->0x7 inCnt=0 inSC=1032 outSC=16 -> 0x0
#### AGXIOC Method sel=0x11->0xf inCnt=2 inSC=0 outSC=16 -> 0x0
#### AGXIOC Method sel=0x1d->0x19 inCnt=2 inSC=0 outSC=0 -> 0x0
#### AGXIOC Method sel=0x1f->0x1b inCnt=1 inSC=12 outSC=0 -> 0x0
#### objc_alloc(AGXBuffer) -> 0x600211f80
#### AGXIOC type0 exact initFull length: +0x58=0xc00000000 low32=0 -> +0x40=0x180
#### AGX_LIFE CREATE id=0x2 type=0 surf=0 bytes=0x4000 kr=0 okC=2 failC=0 okD=0 failD=0 unmatchedD=0 full=0 live=2/0MB [t0=2/0MB t80=0/0MB t82=0/0MB]
#### AGXIOC heap map #2 clientID 0x4000 -> resourceID 0x2 size 0x180
####   ResCreate OK type=0 clientID=0 +0x30=0x40 +0x38=0 +0x40=0x180 +0x58=0 OUT[+0]=0x1500000000 OUT[+0x08]=0x108a24000 OUT[+0x10]=0x101238180 OUT[+0x48]=0x4000
####   inStruct[0..104]:
####     00: 00 00 00 00 00 00 00 00 01 00 01 00 01 00 00 00
####     10: 01 01 00 01 70 04 00 00 00 00 00 00 00 00 00 00
####     20: 00 00 00 00 00 00 00 00 00 00 00 00 00 00 00 00
####     30: 40 00 00 00 00 00 00 00 00 00 00 00 00 00 00 00
####     40: 80 01 00 00 00 00 00 00 00 00 00 00 00 00 00 00
####     50: 00 00 00 00 00 00 00 00 00 00 00 00 00 00 00 00
####     60: 00 00 00 00 00 00 f0 3f
#### TRACE -[AGXBuffer initFull] self=0x600211f80 dev=0x6001d2000 len=384 align=1→64 opt=0 subDis=0→1 resIn=0x16ef396f8 pin=0x0 -> 0x600211f80
#### TRACE -[AGXBuffer initUntracked] self=0x600211f80 dev=0x6001d2000 len=384 opt=0 -> 0x600211f80
#### objc_alloc(AGXBuffer) -> 0x600215d00
#### AGXIOC type0 exact initFull length: +0x58=0xc00000000 low32=0 -> +0x40=0x180
#### AGX_LIFE CREATE id=0x3 type=0 surf=0 bytes=0x4000 kr=0 okC=3 failC=0 okD=0 failD=0 unmatchedD=0 full=0 live=3/0MB [t0=3/0MB t80=0/0MB t82=0/0MB]
#### AGXIOC heap map #3 clientID 0x4000 -> resourceID 0x3 size 0x180
####   ResCreate OK type=0 clientID=0 +0x30=0x40 +0x38=0 +0x40=0x180 +0x58=0 OUT[+0]=0x1500008000 OUT[+0x08]=0x108a28000 OUT[+0x10]=0x101238240 OUT[+0x48]=0x4000
####   inStruct[0..104]:
####     00: 00 00 00 00 00 00 00 00 01 00 01 00 01 00 00 00
####     10: 01 01 00 01 70 04 00 00 00 00 00 00 00 00 00 00
####     20: 00 00 00 00 00 00 00 00 00 00 00 00 00 00 00 00
####     30: 40 00 00 00 00 00 00 00 00 00 00 00 00 00 00 00
####     40: 80 01 00 00 00 00 00 00 00 00 00 00 00 00 00 00
####     50: 00 00 00 00 00 00 00 00 00 00 00 00 00 00 00 00
####     60: 00 00 00 00 00 00 f0 3f
#### TRACE -[AGXBuffer initFull] self=0x600215d00 dev=0x6001d2000 len=384 align=1→64 opt=0 subDis=0→1 resIn=0x16ef396f8 pin=0x0 -> 0x600215d00
#### TRACE -[AGXBuffer initUntracked] self=0x600215d00 dev=0x6001d2000 len=384 opt=0 -> 0x600215d00
#### objc_alloc(AGXBuffer) -> 0x600215b80
#### AGXIOC type0 exact initFull length: +0x58=0xc00000000 low32=0 -> +0x40=0x40
#### AGX_LIFE CREATE id=0x4 type=0 surf=0 bytes=0x4000 kr=0 okC=4 failC=0 okD=0 failD=0 unmatchedD=0 full=0 live=4/0MB [t0=4/0MB t80=0/0MB t82=0/0MB]
#### AGXIOC heap map #4 clientID 0x4000 -> resourceID 0x4 size 0x40
####   ResCreate OK type=0 clientID=0 +0x30=0x40 +0x38=0 +0x40=0x40 +0x58=0 OUT[+0]=0x1500010000 OUT[+0x08]=0x108a2c000 OUT[+0x10]=0x101238300 OUT[+0x48]=0x4000
####   inStruct[0..104]:
####     00: 00 00 00 00 00 00 00 00 01 00 01 00 01 00 00 00
####     10: 01 01 00 01 70 04 00 00 00 00 00 00 00 00 00 00
####     20: 00 00 00 00 00 00 00 00 00 00 00 00 00 00 00 00
####     30: 40 00 00 00 00 00 00 00 00 00 00 00 00 00 00 00
####     40: 40 00 00 00 00 00 00 00 00 00 00 00 00 00 00 00
####     50: 00 00 00 00 00 00 00 00 00 00 00 00 00 00 00 00
####     60: 70 0d 25 00 06 00 00 00
#### TRACE -[AGXBuffer initFull] self=0x600215b80 dev=0x6001d2000 len=64 align=1→64 opt=0 subDis=0→1 resIn=0x16ef396f8 pin=0x0 -> 0x600215b80
#### TRACE -[AGXBuffer initUntracked] self=0x600215b80 dev=0x6001d2000 len=64 opt=0 -> 0x600215b80
#### objc_alloc(AGXBuffer) -> 0x600213c00
#### AGXIOC type0 exact initFull length: +0x58=0xc00000000 low32=0 -> +0x40=0x2000
#### AGX_LIFE CREATE id=0x5 type=0 surf=0 bytes=0x4000 kr=0 okC=5 failC=0 okD=0 failD=0 unmatchedD=0 full=0 live=5/0MB [t0=5/0MB t80=0/0MB t82=0/0MB]
#### AGXIOC heap map #5 clientID 0x4000 -> resourceID 0x5 size 0x2000
####   ResCreate OK type=0 clientID=0 +0x30=0x40 +0x38=0 +0x40=0x2000 +0x58=0 OUT[+0]=0x1500018000 OUT[+0x08]=0x108a30000 OUT[+0x10]=0x1012383c0 OUT[+0x48]=0x4000
####   inStruct[0..104]:
####     00: 00 00 00 00 00 00 00 00 01 00 01 00 01 00 00 00
####     10: 01 01 00 01 70 04 00 00 00 00 00 00 00 00 00 00
####     20: 00 00 00 00 00 00 00 00 00 00 00 00 00 00 00 00
####     30: 40 00 00 00 00 00 00 00 00 00 00 00 00 00 00 00
####     40: 00 20 00 00 00 00 00 00 00 00 00 00 00 00 00 00
####     50: 00 00 00 00 00 00 00 00 00 00 00 00 00 00 00 00
####     60: c4 b7 0a 00 06 00 00 00
#### TRACE -[AGXBuffer initFull] self=0x600213c00 dev=0x6001d2000 len=8192 align=1→64 opt=0 subDis=0→1 resIn=0x16ef39748 pin=0x0 -> 0x600213c00
#### TRACE -[AGXBuffer initUntracked] self=0x600213c00 dev=0x6001d2000 len=8192 opt=0 -> 0x600213c00
#### AGXIOC type0 exact initFull length: +0x58=0xc00000000 low32=0 -> +0x40=0x80
#### AGX_LIFE CREATE id=0x6 type=0 surf=0 bytes=0x4000 kr=0 okC=6 failC=0 okD=0 failD=0 unmatchedD=0 full=0 live=6/0MB [t0=6/0MB t80=0/0MB t82=0/0MB]
#### AGXIOC heap map #6 clientID 0x4000 -> resourceID 0x6 size 0x80
####   ResCreate OK type=0 clientID=0 +0x30=0x40 +0x38=0 +0x40=0x80 +0x58=0 OUT[+0]=0x1500020000 OUT[+0x08]=0x108a34000 OUT[+0x10]=0x101238480 OUT[+0x48]=0x4000
####   inStruct[0..104]:
####     00: 00 00 00 00 00 00 00 00 01 00 01 00 01 00 00 00
####     10: 01 01 00 01 70 04 00 00 00 00 00 00 00 00 00 00
####     20: 00 00 00 00 00 00 00 00 00 00 00 00 00 00 00 00
####     30: 40 00 00 00 00 00 00 00 00 00 00 00 00 00 00 00
####     40: 80 00 00 00 00 00 00 00 00 00 00 00 00 00 00 00
####     50: 00 00 00 00 00 00 00 00 00 00 00 00 00 00 00 00
####     60: b8 e6 5b 3f 02 00 00 00
#### TRACE -[AGXBuffer initFull] self=0x600213a80 dev=0x6001d2000 len=128 align=1→64 opt=0 subDis=0→1 resIn=0x16ef39738 pin=0x0 -> 0x600213a80
#### TRACE -[AGXBuffer initUntracked] self=0x600213a80 dev=0x6001d2000 len=128 opt=0 -> 0x600213a80
#### AGXIOC type0 exact initFull length: +0x58=0xc00000000 low32=0 -> +0x40=0x100
#### AGX_LIFE CREATE id=0x7 type=0 surf=0 bytes=0x4000 kr=0 okC=7 failC=0 okD=0 failD=0 unmatchedD=0 full=0 live=7/0MB [t0=7/0MB t80=0/0MB t82=0/0MB]
#### AGXIOC heap map #7 clientID 0x4000 -> resourceID 0x7 size 0x100
####   ResCreate OK type=0 clientID=0 +0x30=0x40 +0x38=0 +0x40=0x100 +0x58=0 OUT[+0]=0x1500028000 OUT[+0x08]=0x108b38000 OUT[+0x10]=0x101238540 OUT[+0x48]=0x4000
####   inStruct[0..104]:
####     00: 00 00 00 00 00 00 00 00 01 00 01 00 01 00 00 00
####     10: 01 01 00 01 70 04 00 00 00 00 00 00 00 00 00 00
####     20: 00 00 00 00 00 00 00 00 00 00 00 00 00 00 00 00
####     30: 40 00 00 00 00 00 00 00 00 00 00 00 00 00 00 00
####     40: 00 01 00 00 00 00 00 00 00 00 00 00 00 00 00 00
####     50: 00 00 00 00 00 00 00 00 00 00 00 00 00 00 00 00
####     60: b8 e6 5b 3f 02 00 00 00
#### TRACE -[AGXBuffer initFull] self=0x600213900 dev=0x6001d2000 len=256 align=1→64 opt=0 subDis=0→1 resIn=0x16ef39738 pin=0x0 -> 0x600213900
#### TRACE -[AGXBuffer initUntracked] self=0x600213900 dev=0x6001d2000 len=256 opt=0 -> 0x600213900
#### AGXIOC type0 exact initFull length: +0x58=0xc00000000 low32=0 -> +0x40=0x100
#### AGX_LIFE CREATE id=0x8 type=0 surf=0 bytes=0x4000 kr=0 okC=8 failC=0 okD=0 failD=0 unmatchedD=0 full=0 live=8/0MB [t0=8/0MB t80=0/0MB t82=0/0MB]
#### AGXIOC heap map #8 clientID 0x4000 -> resourceID 0x8 size 0x100
####   ResCreate OK type=0 clientID=0 +0x30=0x40 +0x38=0 +0x40=0x100 +0x58=0 OUT[+0]=0x1500030000 OUT[+0x08]=0x108b3c000 OUT[+0x10]=0x101238600 OUT[+0x48]=0x4000
####   inStruct[0..104]:
####     00: 00 00 00 00 00 00 00 00 01 00 01 00 01 00 00 00
####     10: 01 01 00 01 70 04 00 00 00 00 00 00 00 00 00 00
####     20: 00 00 00 00 00 00 00 00 00 00 00 00 00 00 00 00
####     30: 40 00 00 00 00 00 00 00 00 00 00 00 00 00 00 00
####     40: 00 01 00 00 00 00 00 00 00 00 00 00 00 00 00 00
####     50: 00 00 00 00 00 00 00 00 00 00 00 00 00 00 00 00
####     60: b8 e6 5b 3f 02 00 00 00
#### TRACE -[AGXBuffer initFull] self=0x600213780 dev=0x6001d2000 len=256 align=1→64 opt=0 subDis=0→1 resIn=0x16ef39738 pin=0x0 -> 0x600213780
#### TRACE -[AGXBuffer initUntracked] self=0x600213780 dev=0x6001d2000 len=256 opt=0 -> 0x600213780
#### AGXIOC type0 exact initFull length: +0x58=0xc00000000 low32=0 -> +0x40=0x100
#### AGX_LIFE CREATE id=0x9 type=0 surf=0 bytes=0x4000 kr=0 okC=9 failC=0 okD=0 failD=0 unmatchedD=0 full=0 live=9/0MB [t0=9/0MB t80=0/0MB t82=0/0MB]
#### AGXIOC heap map #9 clientID 0x4000 -> resourceID 0x9 size 0x100
####   ResCreate OK type=0 clientID=0 +0x30=0x40 +0x38=0 +0x40=0x100 +0x58=0 OUT[+0]=0x1500038000 OUT[+0x08]=0x108b40000 OUT[+0x10]=0x1012386c0 OUT[+0x48]=0x4000
####   inStruct[0..104]:
####     00: 00 00 00 00 00 00 00 00 01 00 01 00 01 00 00 00
####     10: 01 01 00 01 70 04 00 00 00 00 00 00 00 00 00 00
####     20: 00 00 00 00 00 00 00 00 00 00 00 00 00 00 00 00
####     30: 40 00 00 00 00 00 00 00 00 00 00 00 00 00 00 00
####     40: 00 01 00 00 00 00 00 00 00 00 00 00 00 00 00 00
####     50: 00 00 00 00 00 00 00 00 00 00 00 00 00 00 00 00
####     60: b8 e6 5b 3f 02 00 00 00
#### TRACE -[AGXBuffer initFull] self=0x600214200 dev=0x6001d2000 len=256 align=1→64 opt=0 subDis=0→1 resIn=0x16ef39738 pin=0x0 -> 0x600214200
#### TRACE -[AGXBuffer initUntracked] self=0x600214200 dev=0x6001d2000 len=256 opt=0 -> 0x600214200
#### AGX_LIFE CREATE id=0xa type=0 surf=0 bytes=0x10000 kr=0 okC=10 failC=0 okD=0 failD=0 unmatchedD=0 full=0 live=10/0MB [t0=10/0MB t80=0/0MB t82=0/0MB]
#### AGXIOC heap map #10 clientID 0x10000 -> resourceID 0xa size 0x10000
####   ResCreate OK type=0 clientID=0 +0x30=0 +0x38=0 +0x40=0x10000 +0x58=0 OUT[+0]=0x1500040000 OUT[+0x08]=0x108b44000 OUT[+0x10]=0x101238780 OUT[+0x48]=0x10000
####   inStruct[0..104]:
####     00: 00 00 00 00 00 00 00 00 01 00 01 00 01 00 00 00
####     10: 01 01 00 01 30 04 00 00 00 00 00 00 00 00 00 00
####     20: 00 00 00 00 00 00 00 00 00 00 00 00 00 00 00 00
####     30: 00 00 00 00 00 00 00 00 00 00 00 00 00 00 00 00
####     40: 00 00 01 00 00 00 00 00 00 00 00 00 00 00 00 00
####     50: 00 00 00 08 00 00 00 00 00 00 00 00 00 00 00 00
####     60: 00 00 00 00 00 00 00 00
#### AGXIOC type0 exact initFull length: +0x58=0xc00000000 low32=0 -> +0x40=0x2000
#### AGX_LIFE CREATE id=0xb type=0 surf=0 bytes=0x4000 kr=0 okC=11 failC=0 okD=0 failD=0 unmatchedD=0 full=0 live=11/0MB [t0=11/0MB t80=0/0MB t82=0/0MB]
#### AGXIOC heap map #11 clientID 0x4000 -> resourceID 0xb size 0x2000
####   ResCreate OK type=0 clientID=0 +0x30=0x40 +0x38=0 +0x40=0x2000 +0x58=0 OUT[+0]=0x1500058000 OUT[+0x08]=0x108b54000 OUT[+0x10]=0x101238840 OUT[+0x48]=0x4000
####   inStruct[0..104]:
####     00: 00 00 00 00 00 00 00 00 01 00 01 00 01 00 00 00
####     10: 01 01 00 01 70 04 00 00 00 00 00 00 00 00 00 00
####     20: 00 00 00 00 00 00 00 00 00 00 00 00 00 00 00 00
####     30: 40 00 00 00 00 00 00 00 00 00 00 00 00 00 00 00
####     40: 00 20 00 00 00 00 00 00 00 00 00 00 00 00 00 00
####     50: 00 00 00 00 00 00 00 00 00 00 00 00 00 00 00 00
####     60: cc 2e 3a dc 65 17 f8 ac
#### TRACE -[AGXBuffer initFull] self=0x600214080 dev=0x6001d2000 len=8192 align=1→64 opt=0 subDis=0→1 resIn=0x16ef39498 pin=0x0 -> 0x600214080
#### TRACE -[AGXBuffer initUntracked] self=0x600214080 dev=0x6001d2000 len=8192 opt=0 -> 0x600214080
#### AGXIOC type0 exact initFull length: +0x58=0xc00000000 low32=0 -> +0x40=0x80
#### AGXIOC sel=0x9 type=0 args+0x14=0x2470 → 0x470 (stripped macOS-only bits 0x2800)
#### AGX_LIFE CREATE id=0xc type=0 surf=0 bytes=0x4000 kr=0 okC=12 failC=0 okD=0 failD=0 unmatchedD=0 full=0 live=12/0MB [t0=12/0MB t80=0/0MB t82=0/0MB]
#### AGXIOC heap map #12 clientID 0x4000 -> resourceID 0xc size 0x80
####   ResCreate OK type=0 clientID=0 +0x30=0x40 +0x38=0 +0x40=0x80 +0x58=0 OUT[+0]=0x1500060000 OUT[+0x08]=0x108b58000 OUT[+0x10]=0x101238900 OUT[+0x48]=0x4000
####   inStruct[0..104]:
####     00: 00 00 00 00 00 00 00 00 01 00 01 00 01 00 00 00
####     10: 01 01 00 01 70 04 00 00 00 00 00 00 00 00 00 00
####     20: 00 00 00 00 00 00 00 00 00 00 00 00 00 00 00 00
####     30: 40 00 00 00 00 00 00 00 00 00 00 00 00 00 00 00
####     40: 80 00 00 00 00 00 00 00 00 00 00 00 00 00 00 00
####     50: 00 00 00 00 00 00 00 00 00 00 00 00 00 00 00 00
####     60: 00 00 00 00 00 00 00 00
#### TRACE -[AGXBuffer initFull] self=0x600215100 dev=0x6001d2000 len=128 align=1→64 opt=32 subDis=0→1 resIn=0x16ef39778 pin=0x0 -> 0x600215100
#### TRACE -[AGXBuffer initUntracked] self=0x600215100 dev=0x6001d2000 len=128 opt=32 -> 0x600215100
[70663:0728/060550.307008:VERBOSE1:components/viz/service/main/viz_main_impl.cc:87] VizNullHypothesis is disabled (not a warning)
#### tile-encoder forwards: class MTLSimRenderCommandEncoder NOT found
[70627:0728/060550.315799:VERBOSE1:base/files/file_util_posix.cc:309] Cannot stat "/tmp/macws-vscode-profile-agx-native-targetfix11/CachedData/1b6a188127eeaf9194f945eb6eb89a657e93c54c/chrome/pc": No such file or directory (2)
#### IOGPU-CALLBACK-DIAG installed queueClass=0x1fdd548d0 method=0x0 orig=0x0 bufferClass=0x1fdd54830 method=0x1bf8cb9a5 orig=0x1bf8aebe8 errorMethod=0x1ac107e01 errorOrig=0x1abfd9dcc (file-gated)
#### NSXPCSharedListener class=0x1fe0cfbd8
#### NSXPCSharedListener endpointForReply swizzle installed
#### NSXPCSharedListener connectToService swizzle installed
#### MTL_TEX POOL-NEW: key=16x16-pf125-bpe16-fcc1380410945 → IOSurface=0x600039760 (bpr=256 alloc=16 KB, map=EXPLICIT)
#### MACWS_AGX_NATIVE supportsMemorylessRenderTargets CALLED on instance=0x6001d2000 class=AGXG13GFamilyDevice -> YES
#### AGXIOC RAW DUMP sel=0x9 type=0x82 inStructCnt=104 (PRE-patch):
    +0000: 82 00 00 00 00 00 00 00 10 00 10 00 01 00 00 00
    +0x10: 01 01 00 10 30 04 00 00 00 00 00 00 00 00 00 00
    +0x20: 00 00 00 00 00 00 00 00 00 00 00 00 00 00 00 00
    +0x30: 00 00 00 00 00 00 00 00 11 01 00 00 00 00 00 00
    +0x40: 00 00 00 00 00 00 00 00 00 00 00 00 00 00 00 00
    +0x50: 00 00 00 00 00 00 00 00 00 8f 88 80 01 00 00 00
    +0x60: 00 00 00 00 00 00 00 00
####   key fields: +0x14=0x430 +0x15(byte)=0x4 +0x30=0 +0x34=0 +0x38=0x111 +0x40=0 +0x48=0 +0x58=0x180888f00
#### AGXIOC type=0x82 patch #1: f14=0x430 +0x30 0→0x111 +0x38 0x111→0 +0x40 0→0 +0x50 0→0x180888f00 +0x58 0x180888f00→0
#### AGX_LIFE CREATE id=0xd type=0x82 surf=0x111 bytes=0x4000 kr=0 okC=13 failC=0 okD=0 failD=0 unmatchedD=0 full=0 live=13/0MB [t0=12/0MB t80=0/0MB t82=1/0MB]
#### AGX_LIFE type82 CREATE stack #1 resourceID=0xd surf=0x111 (16 frames):
0   libmachook_arm64.dylib              0x00000001012ef3f0 IOConnectCallMethod_new + 6708
1   IOGPU                               0x00000001bf8c218c IOGPUResourceCreate + 236
2   IOGPU                               0x00000001bf8bc138 -[IOGPUMetalResource initWithDevice:remoteStorageResource:options:args:argsSize:] + 460
3   libmachook_arm64.dylib              0x00000001012e4ee4 __loadImageCallback_block_invoke_20 + 112
4   IOGPU                               0x00000001bf8be5ec -[IOGPUMetalTexture initWithDevice:descriptor:iosurface:plane:field:args:argsSize:] + 824
5   AGXMetal13_3                        0x00000002081c6f38 -[AGXTexture initWithDevice:desc:iosurface:plane:] + 288
6   libmachook_arm64.dylib              0x0000000101318334 -[MTLFakeDevice hooked_newTextureWithDescriptor:] + 5780
7   libGLESv2.dylib                     0x0000000109083714 glStartTilingQCOM + 2731796
8   libGLESv2.dylib                     0x0000000109096b48 glStartTilingQCOM + 2810696
9   libGLESv2.dylib                     0x0000000109095e40 glStartTilingQCOM + 2807360
10  libGLESv2.dylib                     0x0000000109095ccc glStartTilingQCOM + 2806988
11  libGLESv2.dylib                     0x000000010906d648 glStartTilingQCOM + 2641480
12  libGLESv2.dylib                     0x000000010906dff4 glStartTilingQCOM + 2643956
13  libGLESv2.dylib                     0x0000000108f58f58 glStartTilingQCOM + 1509208
14  libGLESv2.dylib                     0x0000000108eef480 glStartTilingQCOM + 1076352
15  libGLESv2.dylib                     0x0000000108dc3a88 GL_TexImage2D + 144
####   ResCreate OK type=0x82 clientID=0 +0x30=0x111 +0x38=0 +0x40=0 +0x58=0 OUT[+0]=0x1500068000 OUT[+0x08]=0 OUT[+0x10]=0x1012389c0 OUT[+0x48]=0x4000
####   inStruct[0..104]:
####     00: 82 00 00 00 00 00 00 00 10 00 10 00 01 00 00 00
####     10: 01 01 00 10 30 04 00 00 00 00 00 00 00 00 00 00
####     20: 00 00 00 00 00 00 00 00 00 00 00 00 00 00 00 00
####     30: 11 01 00 00 00 00 00 00 00 00 00 00 00 00 00 00
####     40: 00 00 00 00 00 00 00 00 00 00 00 00 00 00 00 00
####     50: 00 8f 88 80 01 00 00 00 00 00 00 00 00 00 00 00
####     60: 00 00 00 00 00 00 00 00
#### MTL_TEX TEX-CACHE-NEW: surf=0x600039760 → tex=0x6001b9d80
#### AGX_MAP_AUDIT: _impl ivar offset = 0x208
#### AGX_MAP_AUDIT #0 tex=0x6001b9d80 impl=0x6001b9b00 iosurface(arg=0x600039760 bound=0x600039760) plane=0 cpu130=0x108ba4000 gpu40=0x1500068000 descriptorOff=0x190 descriptorLayout=0 compressed=0 extended=0 match=1
#### MTL_TEX plain ROUTE-IOSURF result: 0x6001b9d80
#### MTL_TEX POOL-HIT: key=16x16-pf125-bpe16-fcc1380410945 → IOSurface=0x600039760
#### MTL_TEX TEX-CACHE-HIT: surf=0x600039760 → tex=0x6001b9d80 (no sel=0xa, +1 retain)
#### AGX_MAP_AUDIT #1 tex=0x6001b9d80 impl=0x6001b9b00 iosurface(arg=0x600039760 bound=0x600039760) plane=0 cpu130=0x108ba4000 gpu40=0x1500068000 descriptorOff=0x190 descriptorLayout=0 compressed=0 extended=0 match=1
#### MTL_TEX plain ROUTE-IOSURF result: 0x6001b9d80
#### AGXIOC Method sel=0xf->0xd inCnt=2 inSC=0 outSC=16 -> 0x0
#### AGXIOC Method sel=0xf->0xd inCnt=2 inSC=0 outSC=16 -> 0x0
#### AGXIOC Struct sel=0x6->0x5 inSC=0 outSC=16 -> 0x0
[90m[main 2026-07-28T13:05:50.390Z][0m StorageMainService: creating application shared storage
#### JIT-MPROTECT flip #3072 ranges=1 prot=RX writers=1 exec_waits=11 late_retries=1
#### MACWS_HID_BYPASS installed SetMatchingMultiple → no-op (1) at 0x1a5cf9e8c — skips iOS-format CFBinaryPlist parse inside
####   IOHIDEventSystemClientCacheMatchingServices → IOHIDUnserializeAndVMDealloc → CFPropertyListCreateFromStream
####   that BUS_ADRALNs in the IOMFBServer thread.
#### MACWS_AGX_RENAMER_PATCH: off (set MACWS_AGX_RENAMER_PATCH=1 to enable)
#### MACWS_ASSERT_BYPASS DISABLED (set MACWS_KEEP_ASSERT_BYPASS=1 to restore lazy bypass) — real __assert_rtn now reaches abort
#### MACWS_AGX_NATIVE [ctor] pre-loaded IOGPU via /System/Library/PrivateFrameworks/IOGPU.framework/IOGPU -> 0x3ea2a4c10
#### XPC_BOOTSTRAP: fn=0x1a28b1140 dict=0x13d809480 (registering Metal/ViewBridge/HIServices)
#### XPC_BOOTSTRAP: called OK
#### COEXIST API SwapEnd hook installed target=0x1ad78f1cc trampoline=0x100ce8000
#### SkyLight PrepareForUse tolerate-nil hook installed at 0x1a7b70fc4
#### SkyLight StartCompositeForDisplayStream nil-skip hook installed at 0x1a7999d74
#### SkyLight StartComposite(WSCD) tolerate-nil + pop-on-bail hook installed at 0x1a7999358
#### SkyLight StartComposite(MTLTex) pop-on-bail hook installed at 0x1a7999fb8
#### SkyLight EndCurrentComposite(bool) completion hook installed at 0x1a799853c
#### SkyLight EndUpdate(bool) submission hook installed at 0x1a79980b0
#### SkyLight _state_stack pop_back resolved at 0x1a7996fa0
#### SkyLight WSCompositeDestinationCreateWithMetalTexture nil-tolerate hook installed at 0x1a799c53c
#### SkyLight MetalContext::StopCapture invalid-this guard installed at 0x1a79981bc
#### MACWS_AGX_NATIVE class_addMethod(MTLTextureDescriptor, validateWithDevice:) = 1
#### MACWS_AGX_NATIVE class_addMethod(IOGPUMetalTexture, isMemoryless) = 1
#### MACWS_AGX_NATIVE class_addMethod(IOGPUMetalTexture, getCPUSizeBytes) = 1
#### MACWS_AGX_NATIVE class_addMethod(IOGPUMetalTexture, getAlignment) = 1
#### MACWS_AGX_NATIVE class_addMethod(IOGPUMetalTexture, descriptorPrivate) = 1
#### MACWS_AGX_NATIVE class_addMethod(IOGPUMetalTexture, getBytesPerRow) = 1
#### MACWS_AGX_NATIVE class_addMethod(IOGPUMetalTexture, updateBindDataWithAddresses:gpuVirtualAddress:) = 1
#### MACWS_AGX_NATIVE class_addMethod(IOGPUMetalTexture, updateBindDataWithAddresses:gpuVirtualAddress:shouldInitMetadata:) = 1
#### MACWS_AGX_NATIVE class_addMethod(IOGPUMetalTexture, allocBufferSubDataWithLength:options:alignment:heapIndex:bufferIndex:bufferOffset:) = 1
#### MACWS_AGX_NATIVE class_addMethod(IOGPUMetalTexture, initNewTextureData:) = 1
#### MACWS_AGX_NATIVE class_addMethod(MTLTextureDescriptor, isMemoryless) = 1
#### MACWS_AGX_NATIVE class_addMethod(MTLTextureDescriptor, protectionOptions) = 1
#### MACWS_AGX_NATIVE class_addMethod(MTLTextureDescriptor, getCPUSizeBytes) = 1
#### MACWS_AGX_NATIVE class_addMethod(MTLTextureDescriptor, getAlignment) = 1
#### MACWS_AGX_NATIVE class_addMethod(MTLTextureDescriptor, descriptorPrivate) = 1
#### MACWS_AGX_NATIVE class_addMethod(MTLTextureDescriptor, getBytesPerRow) = 1
#### MACWS_AGX_NATIVE class_addMethod(MTLTextureDescriptor, updateBindDataWithAddresses:gpuVirtualAddress:) = 1
#### MACWS_AGX_NATIVE class_addMethod(MTLTextureDescriptor, updateBindDataWithAddresses:gpuVirtualAddress:shouldInitMetadata:) = 1
#### MACWS_AGX_NATIVE class_addMethod(MTLTextureDescriptor, allocBufferSubDataWithLength:options:alignment:heapIndex:bufferIndex:bufferOffset:) = 1
#### MACWS_AGX_NATIVE class_addMethod(MTLTextureDescriptor, initNewTextureData:) = 1
#### AMFI-POLICY-COMPAT policy=AMFI op=0x60 status=0x4 (iOS task ports are hard-immovable)
#### CSR-POLICY-COMPAT active_config=0x0 (conservative iOS compatibility value)
[70667:0728/060551.512850:ERROR:base/process/process_mac.cc:53] task_policy_set TASK_CATEGORY_POLICY: (os/kern) invalid argument (4)
[70667:0728/060551.516271:INFO:third_party/webrtc/rtc_base/cpu_info.cc:77] Available number of cores: 8
2026-07-28 06:05:51.517 Code Helper (Renderer)[70667:8255707] XType: Using static font registry.
#### JIT-MPROTECT range[0]=[0x280000000,0x290000000) source=MAP_JIT-EINVAL
#### JIT-MPROTECT execution barrier installed (W^X fetch-wait compatibility)
#### JIT-MPROTECT range[0]=[0x280000000,0x290000000) source=MAP_JIT-EINVAL
#### JIT-MPROTECT range[0]=[0x280000000,0x290000000) source=MAP_JIT-EINVAL
#### JIT-MPROTECT range[0]=[0x280000000,0x290000000) source=MAP_JIT-EINVAL
#### JIT-MPROTECT range[0]=[0x280000000,0x290000000) source=MAP_JIT-EINVAL
#### JIT-MPROTECT range[0]=[0x280000000,0x290000000) source=MAP_JIT-EINVAL
#### JIT-MPROTECT range[0]=[0x280000000,0x290000000) source=MAP_JIT-EINVAL
#### JIT-MPROTECT range[0]=[0x280000000,0x290000000) source=MAP_JIT-EINVAL
#### JIT-MPROTECT range[0]=[0x170000000,0x180000000) source=MAP_JIT-EINVAL
#### JIT-MPROTECT call #1 addr=0x170000000 size=0x10000000 requested=0x7 effective=0x3 result=0 errno=0 caller=0x1129e6334 image=/Applications/Visual Studio Code.app/Contents/Frameworks/Electron Framework.framework/Versions/A/Electron Framework offset=0x63b2334
#### JIT-MPROTECT remap decline #1 dst=0x177dc0000 size=0x208000 src=0x10ecdc000 requested=0x5 -> V8 copy fallback
#### JIT-MPROTECT flip #1 ranges=1 prot=RW writers=1 exec_waits=0 late_retries=0
#### JIT-MPROTECT flip #2 ranges=1 prot=RX writers=1 exec_waits=0 late_retries=0
[90m[main 2026-07-28T13:05:51.921Z][0m [shared storage] Creating shared storage database at '/Users/root/.vscode-shared/sharedStorage/state.vscdb' (wasCreated: false)
[90m[main 2026-07-28T13:05:51.949Z][0m [shared storage] Initializing fallback application storage (path: /tmp/macws-vscode-profile-agx-native-targetfix11/User/globalStorage/state.vscdb)
[70627:0728/060551.988108:VERBOSE1:content/browser/loader/file_url_loader_factory.cc:474] FileURLLoader::Start: file:///Applications/Visual%20Studio%20Code.app/Contents/Resources/app/out/vs/code/electron-browser/workbench/workbench.html
#### JIT-MPROTECT flip #4096 ranges=1 prot=RX writers=1 exec_waits=32 late_retries=1
[90m[main 2026-07-28T13:05:52.421Z][0m [shared storage] Fallback application storage initialized with 74 items
[70667:0728/060552.460185:VERBOSE1:extensions/renderer/script_context.cc:150] Created context:
  extension id:           (none)
  frame:                  0xe02030500
  URL:                    
  context_type:           WEB_PAGE
  effective extension id: (none)
  effective context type: WEB_PAGE
[70667:0728/060552.460870:VERBOSE1:extensions/renderer/script_context.cc:150] Created context:
  extension id:           (none)
  frame:                  (nil)
  URL:                    
  context_type:           UNSPECIFIED
  effective extension id: (none)
  effective context type: UNSPECIFIED
[70667:0728/060552.461247:VERBOSE1:extensions/renderer/dispatcher.cc:493] Num tracked contexts: 1
[70667:0728/060552.463104:VERBOSE1:extensions/renderer/script_context.cc:150] Created context:
  extension id:           (none)
  frame:                  0xe02030500
  URL:                    
  context_type:           WEB_PAGE
  effective extension id: (none)
  effective context type: WEB_PAGE
[70667:0728/060552.463165:VERBOSE1:extensions/renderer/script_context.cc:150] Created context:
  extension id:           (none)
  frame:                  (nil)
  URL:                    
  context_type:           UNSPECIFIED
  effective extension id: (none)
  effective context type: UNSPECIFIED
[70667:0728/060552.463777:VERBOSE1:extensions/renderer/dispatcher.cc:493] Num tracked contexts: 2
[90m[main 2026-07-28T13:05:52.487Z][0m update#setState disabled
[90m[main 2026-07-28T13:05:52.487Z][0m update#ctor - updates are disabled by the environment
#### JIT-MPROTECT flip #3 ranges=1 prot=RW writers=1 exec_waits=0 late_retries=0
#### JIT-MPROTECT flip #4 ranges=1 prot=RX writers=1 exec_waits=0 late_retries=0
#### JIT-MPROTECT flip #5 ranges=1 prot=RW writers=1 exec_waits=0 late_retries=0
#### JIT-MPROTECT flip #6 ranges=1 prot=RX writers=1 exec_waits=0 late_retries=0
#### JIT-MPROTECT flip #7 ranges=1 prot=RW writers=1 exec_waits=0 late_retries=0
#### JIT-MPROTECT flip #8 ranges=1 prot=RX writers=1 exec_waits=0 late_retries=0
#### JIT-MPROTECT flip #9 ranges=1 prot=RW writers=1 exec_waits=0 late_retries=0
#### JIT-MPROTECT flip #10 ranges=1 prot=RX writers=1 exec_waits=0 late_retries=0
#### JIT-MPROTECT flip #11 ranges=1 prot=RW writers=1 exec_waits=0 late_retries=0
#### JIT-MPROTECT flip #12 ranges=1 prot=RX writers=1 exec_waits=0 late_retries=0
#### JIT-MPROTECT flip #13 ranges=1 prot=RW writers=1 exec_waits=0 late_retries=0
#### JIT-MPROTECT flip #14 ranges=1 prot=RX writers=1 exec_waits=0 late_retries=0
#### JIT-MPROTECT flip #15 ranges=1 prot=RW writers=1 exec_waits=0 late_retries=0
#### JIT-MPROTECT flip #16 ranges=1 prot=RX writers=1 exec_waits=0 late_retries=0
#### JIT-MPROTECT flip #17 ranges=1 prot=RW writers=1 exec_waits=0 late_retries=0
#### JIT-MPROTECT flip #18 ranges=1 prot=RX writers=1 exec_waits=0 late_retries=0
#### JIT-MPROTECT flip #19 ranges=1 prot=RW writers=1 exec_waits=0 late_retries=0
#### JIT-MPROTECT flip #20 ranges=1 prot=RX writers=1 exec_waits=0 late_retries=0
#### JIT-MPROTECT flip #21 ranges=1 prot=RW writers=1 exec_waits=0 late_retries=0
#### JIT-MPROTECT flip #22 ranges=1 prot=RX writers=1 exec_waits=0 late_retries=0
#### JIT-MPROTECT flip #23 ranges=1 prot=RW writers=1 exec_waits=0 late_retries=0
#### JIT-MPROTECT flip #24 ranges=1 prot=RX writers=1 exec_waits=0 late_retries=0
#### JIT-MPROTECT flip #25 ranges=1 prot=RW writers=1 exec_waits=0 late_retries=0
#### JIT-MPROTECT flip #26 ranges=1 prot=RX writers=1 exec_waits=0 late_retries=0
#### JIT-MPROTECT flip #27 ranges=1 prot=RW writers=1 exec_waits=0 late_retries=0
#### JIT-MPROTECT flip #28 ranges=1 prot=RX writers=1 exec_waits=0 late_retries=0
#### JIT-MPROTECT flip #29 ranges=1 prot=RW writers=1 exec_waits=0 late_retries=0
#### JIT-MPROTECT flip #30 ranges=1 prot=RX writers=1 exec_waits=0 late_retries=0
#### JIT-MPROTECT flip #31 ranges=1 prot=RW writers=1 exec_waits=0 late_retries=0
#### JIT-MPROTECT flip #32 ranges=1 prot=RX writers=1 exec_waits=0 late_retries=0
[70627:0728/060553.168275:VERBOSE1:content/browser/loader/file_url_loader_factory.cc:474] FileURLLoader::Start: file:///Applications/Visual%20Studio%20Code.app/Contents/Resources/app/out/vs/workbench/workbench.desktop.main.css
[91m[main 2026-07-28T13:05:53.169Z][0m Unable to resolve your shell environment: Unexpected exit code from spawned shell (code null, signal SIGABRT)
[70627:0728/060553.187243:VERBOSE1:content/browser/loader/file_url_loader_factory.cc:474] FileURLLoader::Start: file:///Applications/Visual%20Studio%20Code.app/Contents/Resources/app/out/vs/code/electron-browser/workbench/workbench.js
[70667:0728/060553.258473:VERBOSE1:third_party/blink/renderer/core/script/modulator_impl_base.cc:141] "Import Map: \"vscode-file://vscode-app/Applications/Visual%20Studio%20Code.app/Contents/Resources/app/out/vs/workbench/workbench.desktop.main.js\" skips prefix match because of non-special URL scheme"
[70627:0728/060553.264086:VERBOSE1:content/browser/loader/file_url_loader_factory.cc:474] FileURLLoader::Start: file:///Applications/Visual%20Studio%20Code.app/Contents/Resources/app/out/vs/workbench/workbench.desktop.main.js
#### MTL_TEX entry self class=AGXG13GFamilyDevice
#### MTL_TEX TLS set iosurface=0x60003af20 id=0x10b plane=0 compressionHeaderSpan=0 (thread=0x1fdb69e00 addr=0x0)
#### MACWS_AGX_NATIVE supportsMemorylessRenderTargets CALLED on instance=0x6001d2000 class=AGXG13GFamilyDevice -> YES
#### AGXIOC type=0x82 patch #2: f14=0x430 +0x30 0→0x10b +0x38 0x10b→0 +0x40 0→0 +0x50 0→0x180888f00 +0x58 0x180888f00→0
#### AGX_LIFE CREATE id=0xe type=0x82 surf=0x10b bytes=0x3d0000 kr=0 okC=14 failC=0 okD=0 failD=0 unmatchedD=0 full=0 live=14/4MB [t0=12/0MB t80=0/0MB t82=2/3MB]
#### AGX_LIFE type82 CREATE stack #2 resourceID=0xe surf=0x10b (16 frames):
0   libmachook_arm64.dylib              0x00000001012ef3f0 IOConnectCallMethod_new + 6708
1   IOGPU                               0x00000001bf8c218c IOGPUResourceCreate + 236
2   IOGPU                               0x00000001bf8bc138 -[IOGPUMetalResource initWithDevice:remoteStorageResource:options:args:argsSize:] + 460
3   libmachook_arm64.dylib              0x00000001012e4ee4 __loadImageCallback_block_invoke_20 + 112
4   IOGPU                               0x00000001bf8be5ec -[IOGPUMetalTexture initWithDevice:descriptor:iosurface:plane:field:args:argsSize:] + 824
5   AGXMetal13_3                        0x00000002081c6f38 -[AGXTexture initWithDevice:desc:iosurface:plane:] + 288
6   libmachook_arm64.dylib              0x0000000101313124 -[MTLFakeDevice hooked_newTextureWithDescriptor:iosurface:plane:] + 1932
7   libGLESv2.dylib                     0x0000000109083754 glStartTilingQCOM + 2731860
8   libGLESv2.dylib                     0x00000001090579b8 glStartTilingQCOM + 2552248
9   libGLESv2.dylib                     0x0000000109057824 glStartTilingQCOM + 2551844
10  libGLESv2.dylib                     0x0000000108f55fd4 glStartTilingQCOM + 1497044
11  libGLESv2.dylib                     0x0000000108db15fc libGLESv2.dylib + 38396
12  libGLESv2.dylib                     0x0000000108db4d60 EGL_BindTexImage + 144
13  Electron Framework                  0x00000001130e2528 rust_bmp$cxxbridge1$194$Reader$image_data_loaded + 582280
14  Electron Framework                  0x00000001130e59cc rust_bmp$cxxbridge1$194$Reader$image_data_loaded + 595756
15  Electron Framework                  0x00000001130e3830 rust_bmp$cxxbridge1$194$Reader$image_data_loaded + 587152
####   ResCreate OK type=0x82 clientID=0 +0x30=0x10b +0x38=0 +0x40=0 +0x58=0 OUT[+0]=0x1500070000 OUT[+0x08]=0 OUT[+0x10]=0x101238a80 OUT[+0x48]=0x3d0000
####   inStruct[0..104]:
####     00: 82 00 00 00 00 00 00 00 60 09 a0 01 01 00 00 00
####     10: 01 01 00 04 30 04 00 00 00 00 00 00 00 00 00 00
####     20: 00 00 00 00 00 00 00 00 00 00 00 00 00 00 00 00
####     30: 0b 01 00 00 00 00 00 00 00 00 00 00 00 00 00 00
####     40: 00 00 00 00 00 00 00 00 00 00 00 00 00 00 00 00
####     50: 00 8f 88 80 01 00 00 00 00 00 00 00 00 00 00 00
####     60: 00 00 00 00 00 00 00 00
#### AGX_MAP_AUDIT #2 tex=0x6009b3200 impl=0x6009b2f80 iosurface(arg=0x60003af20 bound=0x60003af20) plane=0 cpu130=0x10c1a0000 gpu40=0x1500070000 descriptorOff=0x190 descriptorLayout=0 compressed=0 extended=0 match=1
#### AGX_LIFE CREATE id=0xf type=0 surf=0 bytes=0x50000 kr=0 okC=15 failC=0 okD=0 failD=0 unmatchedD=0 full=0 live=15/4MB [t0=13/0MB t80=0/0MB t82=2/3MB]
#### AGXIOC heap map #13 clientID 0x50000 -> resourceID 0xf size 0x50000
####   ResCreate OK type=0 clientID=0 +0x30=0 +0x38=0 +0x40=0x50000 +0x58=0 OUT[+0]=0x18000 OUT[+0x08]=0x108c60000 OUT[+0x10]=0x101238b40 OUT[+0x48]=0x50000
####   inStruct[0..104]:
####     00: 00 00 00 00 00 00 00 00 01 00 01 00 01 00 00 00
####     10: 01 01 00 01 30 84 00 00 00 00 00 00 00 00 00 00
####     20: 00 00 00 00 00 00 00 00 00 00 00 00 00 00 00 00
####     30: 00 00 00 00 00 00 00 00 00 00 00 00 00 00 00 00
####     40: 00 00 05 00 00 00 00 00 00 00 00 00 00 00 00 00
####     50: 00 00 00 38 00 00 00 00 00 00 00 00 00 00 00 00
####     60: 00 00 00 00 00 00 00 00
#### CBRI_HOOK self=0x600222300 cls=AGXG13GFamilyCommandBuffer → resourceInfo=0x600259600
#### AGX_LIFE CREATE id=0x10 type=0 surf=0 bytes=0x8000 kr=0 okC=16 failC=0 okD=0 failD=0 unmatchedD=0 full=0 live=16/4MB [t0=14/0MB t80=0/0MB t82=2/3MB]
#### AGXIOC heap map #14 clientID 0x8000 -> resourceID 0x10 size 0x8000
####   ResCreate OK type=0 clientID=0 +0x30=0 +0x38=0 +0x40=0x8000 +0x58=0 OUT[+0]=0x1500448000 OUT[+0x08]=0x108cb0000 OUT[+0x10]=0x101238c00 OUT[+0x48]=0x8000
####   inStruct[0..104]:
####     00: 00 00 00 00 00 00 00 00 00 80 01 00 01 00 00 00
####     10: 01 01 00 01 30 04 00 00 00 00 00 00 00 00 00 00
####     20: 00 00 00 00 00 00 00 00 00 00 00 00 00 00 00 00
####     30: 00 00 00 00 00 00 00 00 00 00 00 00 00 00 00 00
####     40: 00 80 00 00 00 00 00 00 00 00 00 00 00 00 00 00
####     50: 00 00 00 08 00 00 00 00 00 00 00 00 00 00 00 00
####     60: 00 00 00 00 00 00 00 00
#### AGXIOC heap map #15 clientID 0x8000 -> resourceID 0x11 size 0x8000
####   ResCreate OK type=0 clientID=0 +0x30=0 +0x38=0 +0x40=0x8000 +0x58=0 OUT[+0]=0x1500458000 OUT[+0x08]=0x108cbc000 OUT[+0x10]=0x101238cc0 OUT[+0x48]=0x8000
####   inStruct[0..104]:
####     00: 00 00 00 00 00 00 00 00 00 80 01 00 01 00 00 00
####     10: 01 01 00 01 30 04 00 00 00 00 00 00 00 00 00 00
####     20: 00 00 00 00 00 00 00 00 00 00 00 00 00 00 00 00
####     30: 00 00 00 00 00 00 00 00 00 00 00 00 00 00 00 00
####     40: 00 80 00 00 00 00 00 00 00 00 00 00 00 00 00 00
####     50: 00 00 00 08 00 00 00 00 00 00 00 00 00 00 00 00
####     60: 00 00 00 00 00 00 00 00
#### AGXIOC heap map #16 clientID 0x8000 -> resourceID 0x12 size 0x8000
####   ResCreate OK type=0 clientID=0 +0x30=0 +0x38=0 +0x40=0x8000 +0x58=0 OUT[+0]=0x1500468000 OUT[+0x08]=0x108cc4000 OUT[+0x10]=0x101238d80 OUT[+0x48]=0x8000
####   inStruct[0..104]:
####     00: 00 00 00 00 00 00 00 00 00 80 01 00 01 00 00 00
####     10: 01 01 00 01 30 04 00 00 00 00 00 00 00 00 00 00
####     20: 00 00 00 00 00 00 00 00 00 00 00 00 00 00 00 00
####     30: 00 00 00 00 00 00 00 00 00 00 00 00 00 00 00 00
####     40: 00 80 00 00 00 00 00 00 00 00 00 00 00 00 00 00
####     50: 00 00 00 08 00 00 00 00 00 00 00 00 00 00 00 00
####     60: 00 00 00 00 00 00 00 00
####   ResCreate OK type=0 clientID=0 +0x30=0 +0x38=0 +0x40=0x8000 +0x58=0 OUT[+0]=0x1500478000 OUT[+0x08]=0x108d4c000 OUT[+0x10]=0x101238e40 OUT[+0x48]=0x8000
####   inStruct[0..104]:
####     00: 00 00 00 00 00 00 00 00 00 80 01 00 01 00 00 00
####     10: 01 01 00 01 30 04 00 00 00 00 00 00 00 00 00 00
####     20: 00 00 00 00 00 00 00 00 00 00 00 00 00 00 00 00
####     30: 00 00 00 00 00 00 00 00 00 00 00 00 00 00 00 00
####     40: 00 80 00 00 00 00 00 00 00 00 00 00 00 00 00 00
####     50: 00 00 00 08 00 00 00 00 00 00 00 00 00 00 00 00
####     60: 00 00 00 00 00 00 00 00
####   ResCreate OK type=0 clientID=0 +0x30=0 +0x38=0 +0x40=0x8000 +0x58=0 OUT[+0]=0x1500488000 OUT[+0x08]=0x108d54000 OUT[+0x10]=0x101238f00 OUT[+0x48]=0x8000
####   inStruct[0..104]:
####     00: 00 00 00 00 00 00 00 00 00 80 01 00 01 00 00 00
####     10: 01 01 00 01 30 04 00 00 00 00 00 00 00 00 00 00
####     20: 00 00 00 00 00 00 00 00 00 00 00 00 00 00 00 00
####     30: 00 00 00 00 00 00 00 00 00 00 00 00 00 00 00 00
####     40: 00 80 00 00 00 00 00 00 00 00 00 00 00 00 00 00
####     50: 00 00 00 08 00 00 00 00 00 00 00 00 00 00 00 00
####     60: 00 00 00 00 00 00 00 00
####   ResCreate OK type=0 clientID=0 +0x30=0 +0x38=0 +0x40=0x8000 +0x58=0 OUT[+0]=0x70000 OUT[+0x08]=0x108d5c000 OUT[+0x10]=0x101238fc0 OUT[+0x48]=0x8000
####   inStruct[0..104]:
####     00: 00 00 00 00 00 00 00 00 00 80 01 00 01 00 00 00
####     10: 01 01 00 01 30 84 00 00 00 00 00 00 00 00 00 00
####     20: 00 00 00 00 00 00 00 00 00 00 00 00 00 00 00 00
####     30: 00 00 00 00 00 00 00 00 00 00 00 00 00 00 00 00
####     40: 00 80 00 00 00 00 00 00 00 00 00 00 00 00 00 00
####     50: 00 00 00 48 00 00 00 00 00 00 00 00 00 00 00 00
####     60: 00 00 00 00 00 00 00 00
####   ResCreate OK type=0 clientID=0 +0x30=0 +0x38=0 +0x40=0x8000 +0x58=0 OUT[+0]=0x80000 OUT[+0x08]=0x108d64000 OUT[+0x10]=0x101239080 OUT[+0x48]=0x8000
####   inStruct[0..104]:
####     00: 00 00 00 00 00 00 00 00 00 80 01 00 01 00 00 00
####     10: 01 01 00 01 30 84 00 00 00 00 00 00 00 00 00 00
####     20: 00 00 00 00 00 00 00 00 00 00 00 00 00 00 00 00
####     30: 00 00 00 00 00 00 00 00 00 00 00 00 00 00 00 00
####     40: 00 80 00 00 00 00 00 00 00 00 00 00 00 00 00 00
####     50: 00 00 00 48 00 00 00 00 00 00 00 00 00 00 00 00
####     60: 00 00 00 00 00 00 00 00
####   ResCreate OK type=0 clientID=0 +0x30=0 +0x38=0 +0x40=0x100000 +0x58=0 OUT[+0]=0x1500498000 OUT[+0x08]=0x10c5e4000 OUT[+0x10]=0x101239140 OUT[+0x48]=0x100000
####   inStruct[0..104]:
####     00: 00 00 00 00 00 00 00 00 00 00 01 00 01 00 00 00
####     10: 01 01 00 01 30 04 00 00 00 00 00 00 00 00 00 00
####     20: 00 00 00 00 00 00 00 00 00 00 00 00 00 00 00 00
####     30: 00 00 00 00 00 00 00 00 00 00 00 00 00 00 00 00
####     40: 00 00 10 00 00 00 00 00 00 00 00 00 00 00 00 00
####     50: 00 00 00 18 00 00 00 00 00 00 00 00 00 00 00 00
####     60: 00 00 00 00 00 00 00 00
####   ResCreate OK type=0 clientID=0 +0x30=0 +0x38=0 +0x40=0x8000 +0x58=0 OUT[+0]=0x15005a0000 OUT[+0x08]=0x108d6c000 OUT[+0x10]=0x101239200 OUT[+0x48]=0x8000
####   inStruct[0..104]:
####     00: 00 00 00 00 00 00 00 00 00 80 01 00 01 00 00 00
####     10: 01 01 00 01 30 04 00 00 00 00 00 00 00 00 00 00
####     20: 00 00 00 00 00 00 00 00 00 00 00 00 00 00 00 00
####     30: 00 00 00 00 00 00 00 00 00 00 00 00 00 00 00 00
####     40: 00 80 00 00 00 00 00 00 00 00 00 00 00 00 00 00
####     50: 00 00 00 08 00 00 00 00 00 00 00 00 00 00 00 00
####     60: 00 00 00 00 00 00 00 00
####   ResCreate OK type=0 clientID=0 +0x30=0 +0x38=0 +0x40=0x8000 +0x58=0 OUT[+0]=0x15005b0000 OUT[+0x08]=0x108d74000 OUT[+0x10]=0x1012392c0 OUT[+0x48]=0x8000
####   inStruct[0..104]:
####     00: 00 00 00 00 00 00 00 00 00 80 01 00 01 00 00 00
####     10: 01 01 00 01 30 04 00 00 00 00 00 00 00 00 00 00
####     20: 00 00 00 00 00 00 00 00 00 00 00 00 00 00 00 00
####     30: 00 00 00 00 00 00 00 00 00 00 00 00 00 00 00 00
####     40: 00 80 00 00 00 00 00 00 00 00 00 00 00 00 00 00
####     50: 00 00 00 18 00 00 00 00 00 00 00 00 00 00 00 00
####     60: 00 00 00 00 00 00 00 00
####   ResCreate OK type=0 clientID=0 +0x30=0 +0x38=0 +0x40=0x8000 +0x58=0 OUT[+0]=0x15005c0000 OUT[+0x08]=0x108d7c000 OUT[+0x10]=0x101239380 OUT[+0x48]=0x8000
####   inStruct[0..104]:
####     00: 00 00 00 00 00 00 00 00 00 80 01 00 01 00 00 00
####     10: 01 01 00 01 30 04 00 00 00 00 00 00 00 00 00 00
####     20: 00 00 00 00 00 00 00 00 00 00 00 00 00 00 00 00
####     30: 00 00 00 00 00 00 00 00 00 00 00 00 00 00 00 00
####     40: 00 80 00 00 00 00 00 00 00 00 00 00 00 00 00 00
####     50: 00 00 00 08 00 00 00 00 00 00 00 00 00 00 00 00
####     60: 00 00 00 00 00 00 00 00
####   ResCreate OK type=0 clientID=0 +0x30=0 +0x38=0 +0x40=0x8000 +0x58=0 OUT[+0]=0x15005d0000 OUT[+0x08]=0x108d84000 OUT[+0x10]=0x101239440 OUT[+0x48]=0x8000
####   inStruct[0..104]:
####     00: 00 00 00 00 00 00 00 00 00 80 01 00 01 00 00 00
####     10: 01 01 00 01 30 04 00 00 00 00 00 00 00 00 00 00
####     20: 00 00 00 00 00 00 00 00 00 00 00 00 00 00 00 00
####     30: 00 00 00 00 00 00 00 00 00 00 00 00 00 00 00 00
####     40: 00 80 00 00 00 00 00 00 00 00 00 00 00 00 00 00
####     50: 00 00 00 08 00 00 00 00 00 00 00 00 00 00 00 00
####     60: 00 00 00 00 00 00 00 00
####   ResCreate OK type=0 clientID=0 +0x30=0 +0x38=0 +0x40=0x8000 +0x58=0 OUT[+0]=0x15005e0000 OUT[+0x08]=0x108d8c000 OUT[+0x10]=0x101239500 OUT[+0x48]=0x8000
####   inStruct[0..104]:
####     00: 00 00 00 00 00 00 00 00 00 80 01 00 01 00 00 00
####     10: 01 01 00 01 30 04 00 00 00 00 00 00 00 00 00 00
####     20: 00 00 00 00 00 00 00 00 00 00 00 00 00 00 00 00
####     30: 00 00 00 00 00 00 00 00 00 00 00 00 00 00 00 00
####     40: 00 80 00 00 00 00 00 00 00 00 00 00 00 00 00 00
####     50: 00 00 00 08 00 00 00 00 00 00 00 00 00 00 00 00
####     60: 00 00 00 00 00 00 00 00
####   ResCreate OK type=0 clientID=0 +0x30=0 +0x38=0 +0x40=0x8000 +0x58=0 OUT[+0]=0x15005f0000 OUT[+0x08]=0x108d94000 OUT[+0x10]=0x1012395c0 OUT[+0x48]=0x8000
####   inStruct[0..104]:
####     00: 00 00 00 00 00 00 00 00 00 80 01 00 01 00 00 00
####     10: 01 01 00 01 30 04 00 00 00 00 00 00 00 00 00 00
####     20: 00 00 00 00 00 00 00 00 00 00 00 00 00 00 00 00
####     30: 00 00 00 00 00 00 00 00 00 00 00 00 00 00 00 00
####     40: 00 80 00 00 00 00 00 00 00 00 00 00 00 00 00 00
####     50: 00 00 00 08 00 00 00 00 00 00 00 00 00 00 00 00
####     60: 00 00 00 00 00 00 00 00
####   ResCreate OK type=0 clientID=0 +0x30=0 +0x38=0 +0x40=0x8000 +0x58=0 OUT[+0]=0x1500600000 OUT[+0x08]=0x108d9c000 OUT[+0x10]=0x101239680 OUT[+0x48]=0x8000
####   inStruct[0..104]:
####     00: 00 00 00 00 00 00 00 00 00 80 01 00 01 00 00 00
####     10: 01 01 00 01 30 04 00 00 00 00 00 00 00 00 00 00
####     20: 00 00 00 00 00 00 00 00 00 00 00 00 00 00 00 00
####     30: 00 00 00 00 00 00 00 00 00 00 00 00 00 00 00 00
####     40: 00 80 00 00 00 00 00 00 00 00 00 00 00 00 00 00
####     50: 00 00 00 08 00 00 00 00 00 00 00 00 00 00 00 00
####     60: 00 00 00 00 00 00 00 00
####   ResCreate OK type=0 clientID=0 +0x30=0 +0x38=0 +0x40=0xff80 +0x58=0 OUT[+0]=0x1500610000 OUT[+0x08]=0x10c6e4000 OUT[+0x10]=0x101239740 OUT[+0x48]=0x10000
####   inStruct[0..104]:
####     00: 00 00 00 00 00 00 00 00 80 ff 01 00 01 00 00 00
####     10: 01 01 00 01 30 04 00 00 00 00 00 00 00 00 00 00
####     20: 00 00 00 00 00 00 00 00 00 00 00 00 00 00 00 00
####     30: 00 00 00 00 00 00 00 00 00 00 00 00 00 00 00 00
####     40: 80 ff 00 00 00 00 00 00 00 00 00 00 00 00 00 00
####     50: 00 00 00 18 00 00 00 00 00 00 00 00 00 00 00 00
####     60: 00 00 00 00 00 00 00 00
####   ResCreate OK type=0 clientID=0 +0x30=0 +0x38=0 +0x40=0xc0000 +0x58=0 OUT[+0]=0x1500628000 OUT[+0x08]=0x10c6f4000 OUT[+0x10]=0x101239800 OUT[+0x48]=0xc0000
####   inStruct[0..104]:
####     00: 00 00 00 00 00 00 00 00 00 00 01 00 01 00 00 00
####     10: 01 01 00 01 30 04 00 00 00 00 00 00 00 00 00 00
####     20: 00 00 00 00 00 00 00 00 00 00 00 00 00 00 00 00
####     30: 00 00 00 00 00 00 00 00 00 00 00 00 00 00 00 00
####     40: 00 00 0c 00 00 00 00 00 00 00 00 00 00 00 00 00
####     50: 00 00 00 08 00 00 00 00 00 00 00 00 00 00 00 00
####     60: 00 00 00 00 00 00 00 00
#### AGX_SUBMIT_DIAG #1 subtype1-predicate scalar0=0x1 legacy-scalar-gate=1 total=0x840/1 seglen=0x130/1 seghdr=1 cmdtotal=1 d8=1 pad1=1 f1=1 sent1=1 pad2=1 f2=1 sent2=1
#### AGXIOC type0 exact initFull length: +0x58=0 low32=0 -> +0x40=0x8000
####   ResCreate OK type=0 clientID=0 +0x30=0x40 +0x38=0 +0x40=0x8000 +0x58=0 OUT[+0]=0x15006f0000 OUT[+0x08]=0x10c7b4000 OUT[+0x10]=0x1012398c0 OUT[+0x48]=0x8000
####   inStruct[0..104]:
####     00: 00 00 00 00 00 00 00 00 01 00 01 00 01 00 00 00
####     10: 01 01 00 01 70 04 00 00 00 00 00 00 00 00 00 00
####     20: 00 00 00 00 00 00 00 00 00 00 00 00 00 00 00 00
####     30: 40 00 00 00 00 00 00 00 00 00 00 00 00 00 00 00
####     40: 00 80 00 00 00 00 00 00 00 00 00 00 00 00 00 00
####     50: 00 00 00 00 00 00 00 00 00 00 00 00 00 00 00 00
####     60: d8 df 5b 3f 02 00 00 00
#### TRACE -[AGXBuffer initFull] self=0x60021de00 dev=0x6001d2000 len=32768 align=1→64 opt=0 subDis=0→1 resIn=0x16ef36708 pin=0x0 -> 0x60021de00
#### AGXIOC type0 exact initFull length: +0x58=0 low32=0 -> +0x40=0xc000
####   ResCreate OK type=0 clientID=0 +0x30=0x40 +0x38=0 +0x40=0xc000 +0x58=0 OUT[+0]=0x1500700000 OUT[+0x08]=0x10c7bc000 OUT[+0x10]=0x101239980 OUT[+0x48]=0xc000
####   inStruct[0..104]:
####     00: 00 00 00 00 00 00 00 00 01 00 01 00 01 00 00 00
####     10: 01 01 00 01 70 04 00 00 00 00 00 00 00 00 00 00
####     20: 00 00 00 00 00 00 00 00 00 00 00 00 00 00 00 00
####     30: 40 00 00 00 00 00 00 00 00 00 00 00 00 00 00 00
####     40: 00 c0 00 00 00 00 00 00 00 00 00 00 00 00 00 00
####     50: 00 00 00 00 00 00 00 00 00 00 00 00 00 00 00 00
####     60: a8 68 f3 6e 01 00 00 00
#### TRACE -[AGXBuffer initFull] self=0x60021e700 dev=0x6001d2000 len=49152 align=1→64 opt=0 subDis=0→1 resIn=0x16ef36808 pin=0x0 -> 0x60021e700
#### AGX_SUBMIT_DIAG #1 descriptor[0] KCMD-type1-observed save /tmp/macws_submit_kcmd_1_0_type1-observed.bin failed errno=17
#### AGXIOC Method sel=0xf->0xd inCnt=2 inSC=0 outSC=16 -> 0x0
#### AGXIOC Method sel=0xf->0xd inCnt=2 inSC=0 outSC=16 -> 0x0
#### AGX_SUBMIT_DIAG #1 descriptor[0] segment save /tmp/macws_submit_segment_1_0.bin failed errno=17
#### AGX_SUBMIT_DIAG #1 TEMP-KCMD-ABI-FIX subtype1-clear pads=0x1c0,0x4c0 total=0x840->0x820 size=0x7e8->0x7c8 end=0x818->0x7f8 segment-span=0x820
#### AGXIOC Method sel=0x1e->0x1a inCnt=4 inSC=56 outSC=0 -> 0x0
#### CBRI_HOOK self=0x600224980 cls=AGXG13GFamilyCommandBuffer → resourceInfo=0x600261800
####   ResCreate OK type=0 clientID=0 +0x30=0 +0x38=0 +0x40=0x8000 +0x58=0 OUT[+0]=0x15008b0000 OUT[+0x08]=0x10c9f8000 OUT[+0x10]=0x101239e00 OUT[+0x48]=0x8000
####   inStruct[0..104]:
####     00: 00 00 00 00 00 00 00 00 00 80 01 00 01 00 00 00
####     10: 01 01 00 01 30 04 00 00 00 00 00 00 00 00 00 00
####     20: 00 00 00 00 00 00 00 00 00 00 00 00 00 00 00 00
####     30: 00 00 00 00 00 00 00 00 00 00 00 00 00 00 00 00
####     40: 00 80 00 00 00 00 00 00 00 00 00 00 00 00 00 00
####     50: 00 00 00 08 00 00 00 00 00 00 00 00 00 00 00 00
####     60: 00 00 00 00 00 00 00 00
####   ResCreate OK type=0 clientID=0 +0x30=0 +0x38=0 +0x40=0x8000 +0x58=0 OUT[+0]=0x15008c0000 OUT[+0x08]=0x10ca00000 OUT[+0x10]=0x101239ec0 OUT[+0x48]=0x8000
####   inStruct[0..104]:
####     00: 00 00 00 00 00 00 00 00 00 80 01 00 01 00 00 00
####     10: 01 01 00 01 30 04 00 00 00 00 00 00 00 00 00 00
####     20: 00 00 00 00 00 00 00 00 00 00 00 00 00 00 00 00
####     30: 00 00 00 00 00 00 00 00 00 00 00 00 00 00 00 00
####     40: 00 80 00 00 00 00 00 00 00 00 00 00 00 00 00 00
####     50: 00 00 00 08 00 00 00 00 00 00 00 00 00 00 00 00
####     60: 00 00 00 00 00 00 00 00
####   ResCreate OK type=0 clientID=0 +0x30=0 +0x38=0 +0x40=0x8000 +0x58=0 OUT[+0]=0x15008d0000 OUT[+0x08]=0x10ca08000 OUT[+0x10]=0x101239f80 OUT[+0x48]=0x8000
####   inStruct[0..104]:
####     00: 00 00 00 00 00 00 00 00 00 80 01 00 01 00 00 00
####     10: 01 01 00 01 30 04 00 00 00 00 00 00 00 00 00 00
####     20: 00 00 00 00 00 00 00 00 00 00 00 00 00 00 00 00
####     30: 00 00 00 00 00 00 00 00 00 00 00 00 00 00 00 00
####     40: 00 80 00 00 00 00 00 00 00 00 00 00 00 00 00 00
####     50: 00 00 00 08 00 00 00 00 00 00 00 00 00 00 00 00
####     60: 00 00 00 00 00 00 00 00
####   ResCreate OK type=0 clientID=0 +0x30=0 +0x38=0 +0x40=0x8000 +0x58=0 OUT[+0]=0x15008e0000 OUT[+0x08]=0x10ca10000 OUT[+0x10]=0x10123a040 OUT[+0x48]=0x8000
####   inStruct[0..104]:
####     00: 00 00 00 00 00 00 00 00 00 80 01 00 01 00 00 00
####     10: 01 01 00 01 30 04 00 00 00 00 00 00 00 00 00 00
####     20: 00 00 00 00 00 00 00 00 00 00 00 00 00 00 00 00
####     30: 00 00 00 00 00 00 00 00 00 00 00 00 00 00 00 00
####     40: 00 80 00 00 00 00 00 00 00 00 00 00 00 00 00 00
####     50: 00 00 00 08 00 00 00 00 00 00 00 00 00 00 00 00
####     60: 00 00 00 00 00 00 00 00
####   ResCreate OK type=0 clientID=0 +0x30=0 +0x38=0 +0x40=0x8000 +0x58=0 OUT[+0]=0x15008f0000 OUT[+0x08]=0x10ca18000 OUT[+0x10]=0x10123a100 OUT[+0x48]=0x8000
####   inStruct[0..104]:
####     00: 00 00 00 00 00 00 00 00 00 80 01 00 01 00 00 00
####     10: 01 01 00 01 30 04 00 00 00 00 00 00 00 00 00 00
####     20: 00 00 00 00 00 00 00 00 00 00 00 00 00 00 00 00
####     30: 00 00 00 00 00 00 00 00 00 00 00 00 00 00 00 00
####     40: 00 80 00 00 00 00 00 00 00 00 00 00 00 00 00 00
####     50: 00 00 00 08 00 00 00 00 00 00 00 00 00 00 00 00
####     60: 00 00 00 00 00 00 00 00
####   ResCreate OK type=0 clientID=0 +0x30=0 +0x38=0 +0x40=0x8000 +0x58=0 OUT[+0]=0x90000 OUT[+0x08]=0x10ca20000 OUT[+0x10]=0x10123a1c0 OUT[+0x48]=0x8000
####   inStruct[0..104]:
####     00: 00 00 00 00 00 00 00 00 00 80 01 00 01 00 00 00
####     10: 01 01 00 01 30 84 00 00 00 00 00 00 00 00 00 00
####     20: 00 00 00 00 00 00 00 00 00 00 00 00 00 00 00 00
####     30: 00 00 00 00 00 00 00 00 00 00 00 00 00 00 00 00
####     40: 00 80 00 00 00 00 00 00 00 00 00 00 00 00 00 00
####     50: 00 00 00 48 00 00 00 00 00 00 00 00 00 00 00 00
####     60: 00 00 00 00 00 00 00 00
####   ResCreate OK type=0 clientID=0 +0x30=0 +0x38=0 +0x40=0x8000 +0x58=0 OUT[+0]=0xa0000 OUT[+0x08]=0x10ca28000 OUT[+0x10]=0x10123a280 OUT[+0x48]=0x8000
####   inStruct[0..104]:
####     00: 00 00 00 00 00 00 00 00 00 80 01 00 01 00 00 00
####     10: 01 01 00 01 30 84 00 00 00 00 00 00 00 00 00 00
####     20: 00 00 00 00 00 00 00 00 00 00 00 00 00 00 00 00
####     30: 00 00 00 00 00 00 00 00 00 00 00 00 00 00 00 00
####     40: 00 80 00 00 00 00 00 00 00 00 00 00 00 00 00 00
####     50: 00 00 00 48 00 00 00 00 00 00 00 00 00 00 00 00
####     60: 00 00 00 00 00 00 00 00
####   ResCreate OK type=0 clientID=0 +0x30=0 +0x38=0 +0x40=0x100000 +0x58=0 OUT[+0]=0x1500900000 OUT[+0x08]=0x10ca30000 OUT[+0x10]=0x10123a340 OUT[+0x48]=0x100000
####   inStruct[0..104]:
####     00: 00 00 00 00 00 00 00 00 00 00 01 00 01 00 00 00
####     10: 01 01 00 01 30 04 00 00 00 00 00 00 00 00 00 00
####     20: 00 00 00 00 00 00 00 00 00 00 00 00 00 00 00 00
####     30: 00 00 00 00 00 00 00 00 00 00 00 00 00 00 00 00
####     40: 00 00 10 00 00 00 00 00 00 00 00 00 00 00 00 00
####     50: 00 00 00 18 00 00 00 00 00 00 00 00 00 00 00 00
####     60: 00 00 00 00 00 00 00 00
####   ResCreate OK type=0 clientID=0 +0x30=0 +0x38=0 +0x40=0x8000 +0x58=0 OUT[+0]=0x1500a08000 OUT[+0x08]=0x10cb30000 OUT[+0x10]=0x10123a400 OUT[+0x48]=0x8000
####   inStruct[0..104]:
####     00: 00 00 00 00 00 00 00 00 00 80 01 00 01 00 00 00
####     10: 01 01 00 01 30 04 00 00 00 00 00 00 00 00 00 00
####     20: 00 00 00 00 00 00 00 00 00 00 00 00 00 00 00 00
####     30: 00 00 00 00 00 00 00 00 00 00 00 00 00 00 00 00
####     40: 00 80 00 00 00 00 00 00 00 00 00 00 00 00 00 00
####     50: 00 00 00 08 00 00 00 00 00 00 00 00 00 00 00 00
####     60: 00 00 00 00 00 00 00 00
####   ResCreate OK type=0 clientID=0 +0x30=0 +0x38=0 +0x40=0x8000 +0x58=0 OUT[+0]=0x1500a18000 OUT[+0x08]=0x10cb38000 OUT[+0x10]=0x10123a4c0 OUT[+0x48]=0x8000
####   inStruct[0..104]:
####     00: 00 00 00 00 00 00 00 00 00 80 01 00 01 00 00 00
####     10: 01 01 00 01 30 04 00 00 00 00 00 00 00 00 00 00
####     20: 00 00 00 00 00 00 00 00 00 00 00 00 00 00 00 00
####     30: 00 00 00 00 00 00 00 00 00 00 00 00 00 00 00 00
####     40: 00 80 00 00 00 00 00 00 00 00 00 00 00 00 00 00
####     50: 00 00 00 18 00 00 00 00 00 00 00 00 00 00 00 00
####     60: 00 00 00 00 00 00 00 00
####   ResCreate OK type=0 clientID=0 +0x30=0 +0x38=0 +0x40=0x8000 +0x58=0 OUT[+0]=0x1500a28000 OUT[+0x08]=0x10cb40000 OUT[+0x10]=0x10123a580 OUT[+0x48]=0x8000
####   inStruct[0..104]:
####     00: 00 00 00 00 00 00 00 00 00 80 01 00 01 00 00 00
####     10: 01 01 00 01 30 04 00 00 00 00 00 00 00 00 00 00
####     20: 00 00 00 00 00 00 00 00 00 00 00 00 00 00 00 00
####     30: 00 00 00 00 00 00 00 00 00 00 00 00 00 00 00 00
####     40: 00 80 00 00 00 00 00 00 00 00 00 00 00 00 00 00
####     50: 00 00 00 08 00 00 00 00 00 00 00 00 00 00 00 00
####     60: 00 00 00 00 00 00 00 00
####   ResCreate OK type=0 clientID=0 +0x30=0 +0x38=0 +0x40=0x8000 +0x58=0 OUT[+0]=0x1500a38000 OUT[+0x08]=0x10cb48000 OUT[+0x10]=0x10123a640 OUT[+0x48]=0x8000
####   inStruct[0..104]:
####     00: 00 00 00 00 00 00 00 00 00 80 01 00 01 00 00 00
####     10: 01 01 00 01 30 04 00 00 00 00 00 00 00 00 00 00
####     20: 00 00 00 00 00 00 00 00 00 00 00 00 00 00 00 00
####     30: 00 00 00 00 00 00 00 00 00 00 00 00 00 00 00 00
####     40: 00 80 00 00 00 00 00 00 00 00 00 00 00 00 00 00
####     50: 00 00 00 08 00 00 00 00 00 00 00 00 00 00 00 00
####     60: 00 00 00 00 00 00 00 00
####   ResCreate OK type=0 clientID=0 +0x30=0 +0x38=0 +0x40=0x8000 +0x58=0 OUT[+0]=0x1500a48000 OUT[+0x08]=0x10cb50000 OUT[+0x10]=0x10123a700 OUT[+0x48]=0x8000
####   inStruct[0..104]:
####     00: 00 00 00 00 00 00 00 00 00 80 01 00 01 00 00 00
####     10: 01 01 00 01 30 04 00 00 00 00 00 00 00 00 00 00
####     20: 00 00 00 00 00 00 00 00 00 00 00 00 00 00 00 00
####     30: 00 00 00 00 00 00 00 00 00 00 00 00 00 00 00 00
####     40: 00 80 00 00 00 00 00 00 00 00 00 00 00 00 00 00
####     50: 00 00 00 08 00 00 00 00 00 00 00 00 00 00 00 00
####     60: 00 00 00 00 00 00 00 00
####   ResCreate OK type=0 clientID=0 +0x30=0 +0x38=0 +0x40=0x8000 +0x58=0 OUT[+0]=0x1500a58000 OUT[+0x08]=0x10cb58000 OUT[+0x10]=0x10123a7c0 OUT[+0x48]=0x8000
####   inStruct[0..104]:
####     00: 00 00 00 00 00 00 00 00 00 80 01 00 01 00 00 00
####     10: 01 01 00 01 30 04 00 00 00 00 00 00 00 00 00 00
####     20: 00 00 00 00 00 00 00 00 00 00 00 00 00 00 00 00
####     30: 00 00 00 00 00 00 00 00 00 00 00 00 00 00 00 00
####     40: 00 80 00 00 00 00 00 00 00 00 00 00 00 00 00 00
####     50: 00 00 00 08 00 00 00 00 00 00 00 00 00 00 00 00
####     60: 00 00 00 00 00 00 00 00
#### MTL_TEX entry self class=AGXG13GFamilyDevice
#### MTL_TEX TLS set iosurface=0x60003d960 id=0x126 plane=0 compressionHeaderSpan=0 (thread=0x1fdb69e00 addr=0x0)
#### MACWS_AGX_NATIVE supportsMemorylessRenderTargets CALLED on instance=0x6001d2000 class=AGXG13GFamilyDevice -> YES
#### AGXIOC type=0x82 patch #3: f14=0x430 +0x30 0→0x126 +0x38 0x126→0 +0x40 0→0 +0x50 0→0x180888f00 +0x58 0x180888f00→0
#### AGX_LIFE type82 CREATE stack #3 resourceID=0x34 surf=0x126 (16 frames):
0   libmachook_arm64.dylib              0x00000001012ef3f0 IOConnectCallMethod_new + 6708
1   IOGPU                               0x00000001bf8c218c IOGPUResourceCreate + 236
2   IOGPU                               0x00000001bf8bc138 -[IOGPUMetalResource initWithDevice:remoteStorageResource:options:args:argsSize:] + 460
3   libmachook_arm64.dylib              0x00000001012e4ee4 __loadImageCallback_block_invoke_20 + 112
4   IOGPU                               0x00000001bf8be5ec -[IOGPUMetalTexture initWithDevice:descriptor:iosurface:plane:field:args:argsSize:] + 824
5   AGXMetal13_3                        0x00000002081c6f38 -[AGXTexture initWithDevice:desc:iosurface:plane:] + 288
6   libmachook_arm64.dylib              0x0000000101313124 -[MTLFakeDevice hooked_newTextureWithDescriptor:iosurface:plane:] + 1932
7   libGLESv2.dylib                     0x0000000109083754 glStartTilingQCOM + 2731860
8   libGLESv2.dylib                     0x00000001090579b8 glStartTilingQCOM + 2552248
9   libGLESv2.dylib                     0x0000000109057824 glStartTilingQCOM + 2551844
10  libGLESv2.dylib                     0x0000000108f55fd4 glStartTilingQCOM + 1497044
11  libGLESv2.dylib                     0x0000000108db15fc libGLESv2.dylib + 38396
12  libGLESv2.dylib                     0x0000000108db4d60 EGL_BindTexImage + 144
13  Electron Framework                  0x00000001130e2528 rust_bmp$cxxbridge1$194$Reader$image_data_loaded + 582280
14  Electron Framework                  0x00000001130e59cc rust_bmp$cxxbridge1$194$Reader$image_data_loaded + 595756
15  Electron Framework                  0x00000001130e3830 rust_bmp$cxxbridge1$194$Reader$image_data_loaded + 587152
#### AGX_MAP_AUDIT #3 tex=0x6009b6b80 impl=0x6009b6900 iosurface(arg=0x60003d960 bound=0x60003d960) plane=0 cpu130=0x1184e4000 gpu40=0x1500b58000 descriptorOff=0x190 descriptorLayout=0 compressed=0 extended=0 match=1
#### AGX_SUBMIT_DIAG #2 TEMP-KCMD-TRAILING-WRAPPER-FIX match=1 subtype1=0..0x840->0..0x820 wrappers=2 range=0x840..0x870->0x820..0x850
#### AGXIOC type0 exact initFull length: +0x58=0 low32=0 -> +0x40=0x8000
#### AGXIOC Method sel=0x1e->0x1a inCnt=4 inSC=56 outSC=0 -> 0x0
#### AGXIOC Method sel=0xf->0xd inCnt=2 inSC=0 outSC=16 -> 0x0
#### AGXIOC Method sel=0xf->0xd inCnt=2 inSC=0 outSC=16 -> 0x0
#### AGXIOC Method sel=0x1e->0x1a inCnt=4 inSC=56 outSC=0 -> 0x0
#### CBRI_HOOK self=0x600225b00 cls=AGXG13GFamilyCommandBuffer → resourceInfo=0x60026ae00
#### AGX_SUBMIT_DIAG #4 TEMP-KCMD-TRAILING-WRAPPER-FIX match=2 subtype1=0..0x840->0..0x820 wrappers=1 range=0x840..0x858->0x820..0x838
#### MTL_TEX entry self class=AGXG13GFamilyDevice
#### MTL_TEX TLS set iosurface=0x60003e680 id=0x127 plane=0 compressionHeaderSpan=0 (thread=0x1fdb69e00 addr=0x0)
#### MACWS_AGX_NATIVE supportsMemorylessRenderTargets CALLED on instance=0x6001d2000 class=AGXG13GFamilyDevice -> YES
#### AGXIOC type=0x82 patch #4: f14=0x430 +0x30 0→0x127 +0x38 0x127→0 +0x40 0→0 +0x50 0→0x180888f00 +0x58 0x180888f00→0
#### AGX_LIFE type82 CREATE stack #4 resourceID=0x47 surf=0x127 (16 frames):
0   libmachook_arm64.dylib              0x00000001012ef3f0 IOConnectCallMethod_new + 6708
1   IOGPU                               0x00000001bf8c218c IOGPUResourceCreate + 236
2   IOGPU                               0x00000001bf8bc138 -[IOGPUMetalResource initWithDevice:remoteStorageResource:options:args:argsSize:] + 460
#### AGXIOC Method sel=0x1e->0x1a inCnt=4 inSC=56 outSC=0 -> 0x0
3   libmachook_arm64.dylib              0x00000001012e4ee4 __loadImageCallback_block_invoke_20 + 112
4   IOGPU                               0x00000001bf8be5ec -[IOGPUMetalTexture initWithDevice:descriptor:iosurface:plane:field:args:argsSize:] + 824
5   AGXMetal13_3                        0x00000002081c6f38 -[AGXTexture initWithDevice:desc:iosurface:plane:] + 288
6   libmachook_arm64.dylib              0x0000000101313124 -[MTLFakeDevice hooked_newTextureWithDescriptor:iosurface:plane:] + 1932
7   libGLESv2.dylib                     0x0000000109083754 glStartTilingQCOM + 2731860
8   libGLESv2.dylib                     0x00000001090579b8 glStartTilingQCOM + 2552248
9   libGLESv2.dylib                     0x0000000109057824 glStartTilingQCOM + 2551844
10  libGLESv2.dylib                     0x0000000108f55fd4 glStartTilingQCOM + 1497044
11  libGLESv2.dylib                     0x0000000108db15fc libGLESv2.dylib + 38396
12  libGLESv2.dylib                     0x0000000108db4d60 EGL_BindTexImage + 144
13  Electron Framework                  0x00000001130e2528 rust_bmp$cxxbridge1$194$Reader$image_data_loaded + 582280
14  Electron Framework                  0x00000001130e59cc rust_bmp$cxxbridge1$194$Reader$image_data_loaded + 595756
15  Electron Framework                  0x00000001130e3830 rust_bmp$cxxbridge1$194$Reader$image_data_loaded + 587152
#### AGX_MAP_AUDIT #4 tex=0x6009b7a80 impl=0x6009b7800 iosurface(arg=0x60003e680 bound=0x60003e680) plane=0 cpu130=0x118a84000 gpu40=0x1501210000 descriptorOff=0x190 descriptorLayout=0 compressed=0 extended=0 match=1
#### CBRI_HOOK self=0x600225e80 cls=AGXG13GFamilyCommandBuffer → resourceInfo=0x600261800
#### MTL_TEX TLS set iosurface=0x60003dbe0 id=0x128 plane=0 compressionHeaderSpan=0 (thread=0x1fdb69e00 addr=0x0)
#### MACWS_AGX_NATIVE supportsMemorylessRenderTargets CALLED on instance=0x6001d2000 class=AGXG13GFamilyDevice -> YES
#### AGXIOC type=0x82 patch #5: f14=0x430 +0x30 0→0x128 +0x38 0x128→0 +0x40 0→0 +0x50 0→0x180888f00 +0x58 0x180888f00→0
#### AGX_MAP_AUDIT #5 tex=0x6009b8480 impl=0x6009b8200 iosurface(arg=0x60003dbe0 bound=0x60003dbe0) plane=0 cpu130=0x118e54000 gpu40=0x15015e8000 descriptorOff=0x190 descriptorLayout=0 compressed=0 extended=0 match=1
#### AGXIOC Method sel=0xf->0xd inCnt=2 inSC=0 outSC=16 -> 0x0
#### AGXIOC Method sel=0xf->0xd inCnt=2 inSC=0 outSC=16 -> 0x0
#### CBRI_HOOK self=0x600226c80 cls=AGXG13GFamilyCommandBuffer → resourceInfo=0x60026d600
#### AGX_SUBMIT_DIAG #5 TEMP-KCMD-TRAILING-WRAPPER-FIX match=3 subtype1=0..0x840->0..0x820 wrappers=1 range=0x840..0x858->0x820..0x838
#### AGX_SUBMIT_DIAG #5 TEMP-KCMD-TRAILING-WRAPPER-FIX match=4 subtype1=0..0x840->0..0x820 wrappers=1 range=0x840..0x858->0x820..0x838
#### AGXIOC Method sel=0x1e->0x1a inCnt=4 inSC=224 outSC=0 -> 0x0
#### MTL_TEX TLS set iosurface=0x60003e6a0 id=0x129 plane=0 compressionHeaderSpan=0 (thread=0x1fdb69e00 addr=0x0)
#### AGXIOC type=0x82 patch #6: f14=0x430 +0x30 0→0x129 +0x38 0x129→0 +0x40 0→0 +0x50 0→0x180888f00 +0x58 0x180888f00→0
#### AGX_MAP_AUDIT #6 tex=0x6009b9600 impl=0x6009b9380 iosurface(arg=0x60003e6a0 bound=0x60003e6a0) plane=0 cpu130=0x119238000 gpu40=0x15019d8000 descriptorOff=0x190 descriptorLayout=0 compressed=0 extended=0 match=1
#### CBRI_HOOK self=0x600224980 cls=AGXG13GFamilyCommandBuffer → resourceInfo=0x60026c200
#### CBRI_HOOK self=0x600227380 cls=AGXG13GFamilyCommandBuffer → resourceInfo=0x600270800
#### AGX_SUBMIT_DIAG #6 TEMP-KCMD-TRAILING-WRAPPER-FIX match=5 subtype1=0..0x840->0..0x820 wrappers=1 range=0x840..0x858->0x820..0x838
#### AGX_SUBMIT_DIAG #6 TEMP-KCMD-TRAILING-WRAPPER-FIX match=6 subtype1=0..0x840->0..0x820 wrappers=1 range=0x840..0x858->0x820..0x838
#### AGXIOC Method sel=0x1e->0x1a inCnt=4 inSC=224 outSC=0 -> 0x0
#### JIT-MPROTECT flip #1024 ranges=1 prot=RX writers=1 exec_waits=0 late_retries=0
#### JIT-MPROTECT flip #2048 ranges=1 prot=RX writers=1 exec_waits=0 late_retries=0
#### JIT-MPROTECT flip #5120 ranges=1 prot=RX writers=1 exec_waits=45 late_retries=2
#### JIT-MPROTECT flip #3072 ranges=1 prot=RX writers=1 exec_waits=0 late_retries=0
#### JIT-MPROTECT flip #4096 ranges=1 prot=RX writers=1 exec_waits=0 late_retries=0
[70664:0728/060554.938788:VERBOSE1:net/base/network_delegate.cc:38] NetworkDelegate::NotifyBeforeURLRequest: https://main.vscode-cdn.net/extensions/chat.json
#### JIT-MPROTECT flip #5120 ranges=1 prot=RX writers=1 exec_waits=0 late_retries=0
#### JIT-MPROTECT flip #6144 ranges=1 prot=RX writers=1 exec_waits=0 late_retries=0
#### AGXIOC Method sel=0xd->0xc inCnt=2 inSC=0 outSC=0 -> 0x0
#### AGXIOC Method sel=0xd->0xc inCnt=2 inSC=0 outSC=0 -> 0x0
#### AGXIOC Method sel=0xd->0xc inCnt=2 inSC=0 outSC=0 -> 0x0
#### AGXIOC Method sel=0xd->0xc inCnt=2 inSC=0 outSC=0 -> 0x0
#### AGXIOC Method sel=0xd->0xc inCnt=2 inSC=0 outSC=0 -> 0x0
#### AGXIOC Method sel=0xd->0xc inCnt=2 inSC=0 outSC=0 -> 0x0
#### AGXIOC Method sel=0xd->0xc inCnt=2 inSC=0 outSC=0 -> 0x0
#### AGXIOC Method sel=0xd->0xc inCnt=2 inSC=0 outSC=0 -> 0x0
#### JIT-MPROTECT flip #7168 ranges=1 prot=RX writers=1 exec_waits=0 late_retries=0
[70627:0728/060555.802187:VERBOSE1:content/browser/loader/file_url_loader_factory.cc:474] FileURLLoader::Start: file:///Applications/Visual%20Studio%20Code.app/Contents/Resources/app/out/media/sessions-icon.svg
[70627:0728/060555.807514:VERBOSE1:content/browser/loader/file_url_loader_factory.cc:474] FileURLLoader::Start: file:///Applications/Visual%20Studio%20Code.app/Contents/Resources/app/out/media/code-icon.svg
[70627:0728/060555.870168:VERBOSE1:content/browser/loader/file_url_loader_factory.cc:474] FileURLLoader::Start: file:///Applications/Visual%20Studio%20Code.app/Contents/Resources/app/extensions/theme-seti/icons/seti.woff
#### JIT-MPROTECT flip #8192 ranges=1 prot=RX writers=1 exec_waits=0 late_retries=0
#### MTL_TEX TLS set iosurface=0x60003d680 id=0x19 plane=0 compressionHeaderSpan=0 (thread=0x1fdb69e00 addr=0x0)
#### AGXIOC type=0x82 patch #7: f14=0x430 +0x30 0→0x19 +0x38 0x19→0 +0x40 0→0 +0x50 0→0x180888f00 +0x58 0x180888f00→0
#### AGX_MAP_AUDIT #7 tex=0x6009ba500 impl=0x6009ba280 iosurface(arg=0x60003d680 bound=0x60003d680) plane=0 cpu130=0x11946c000 gpu40=0x1501a10000 descriptorOff=0x190 descriptorLayout=0 compressed=0 extended=0 match=1
#### CBRI_HOOK self=0x600225e80 cls=AGXG13GFamilyCommandBuffer → resourceInfo=0x600261800
#### MTL_TEX TLS set iosurface=0x60003da20 id=0x1a plane=0 compressionHeaderSpan=0 (thread=0x1fdb69e00 addr=0x0)
#### AGX_SUBMIT_DIAG #7 TEMP-KCMD-TRAILING-WRAPPER-FIX match=7 subtype1=0..0x840->0..0x820 wrappers=1 range=0x840..0x858->0x820..0x838
#### JIT-MPROTECT flip #9216 ranges=1 prot=RX writers=1 exec_waits=0 late_retries=0
#### AGXIOC Method sel=0x1e->0x1a inCnt=4 inSC=112 outSC=0 -> 0x0
#### AGXIOC type=0x82 patch #8: f14=0x430 +0x30 0→0x1a +0x38 0x1a→0 +0x40 0→0 +0x50 0→0x180888f00 +0x58 0x180888f00→0
#### AGX_MAP_AUDIT #8 tex=0x6009baf00 impl=0x6009bac80 iosurface(arg=0x60003da20 bound=0x60003da20) plane=0 cpu130=0x119504000 gpu40=0x1501ab0000 descriptorOff=0x190 descriptorLayout=0 compressed=0 extended=0 match=1
#### CBRI_HOOK self=0x600227a80 cls=AGXG13GFamilyCommandBuffer → resourceInfo=0x60026d600
#### AGX_SUBMIT_DIAG #8 TEMP-KCMD-TRAILING-WRAPPER-FIX match=8 subtype1=0..0x840->0..0x820 wrappers=1 range=0x840..0x858->0x820..0x838
#### AGXIOC Method sel=0x1e->0x1a inCnt=4 inSC=112 outSC=0 -> 0x0
#### MTL_TEX TLS set iosurface=0x600aa2b80 id=0x91 plane=0 compressionHeaderSpan=0 (thread=0x1fdb69e00 addr=0x0)
#### AGXIOC type=0x82 patch #9: f14=0x430 +0x30 0→0x91 +0x38 0x91→0 +0x40 0→0 +0x50 0→0x180888f00 +0x58 0x180888f00→0
#### AGX_MAP_AUDIT #9 tex=0x6009baa00 impl=0x6009b9b00 iosurface(arg=0x600aa2b80 bound=0x600aa2b80) plane=0 cpu130=0x119594000 gpu40=0x1501b48000 descriptorOff=0x190 descriptorLayout=0 compressed=0 extended=0 match=1
#### MTL_TEX POOL-NEW: key=128x1-pf10-bpe1-fcc1278226488 → IOSurface=0x600aa3140 (bpr=128 alloc=16 KB, map=EXPLICIT)
#### AGXIOC type=0x82 patch #10: f14=0x430 +0x30 0→0x92 +0x38 0x92→0 +0x40 0→0 +0x50 0→0x180888c00 +0x58 0x180888c00→0
#### MTL_TEX TEX-CACHE-NEW: surf=0x600aa3140 → tex=0x6009bbe00
#### AGX_MAP_AUDIT #10 tex=0x6009bbe00 impl=0x6009bbb80 iosurface(arg=0x600aa3140 bound=0x600aa3140) plane=0 cpu130=0x119964000 gpu40=0x1500880000 descriptorOff=0x190 descriptorLayout=0 compressed=0 extended=0 match=1
#### MTL_TEX plain ROUTE-IOSURF result: 0x6009bbe00
#### AGXIOC type0 exact initFull length: +0x58=0 low32=0 -> +0x40=0x80
#### CBRI_HOOK self=0x600228880 cls=AGXG13GFamilyCommandBuffer → resourceInfo=0x600261800
#### MTL_TEX POOL-NEW: key=8x8-pf10-bpe1-fcc1278226488 → IOSurface=0x600aa4440 (bpr=128 alloc=16 KB, map=EXPLICIT)
#### AGXIOC type=0x82 patch #11: f14=0x430 +0x30 0→0x94 +0x38 0x94→0 +0x40 0→0 +0x50 0→0x180888c00 +0x58 0x180888c00→0
#### MTL_TEX TEX-CACHE-NEW: surf=0x600aa4440 → tex=0x6009be880
#### AGX_MAP_AUDIT #11 tex=0x6009be880 impl=0x6009be600 iosurface(arg=0x600aa4440 bound=0x600aa4440) plane=0 cpu130=0x11997c000 gpu40=0x1501f38000 descriptorOff=0x190 descriptorLayout=0 compressed=0 extended=0 match=1
#### MTL_TEX plain ROUTE-IOSURF result: 0x6009be880
#### AGXIOC type0 exact initFull length: +0x58=0 low32=0 -> +0x40=0x40
#### AGXIOC type0 exact initFull length: +0x58=0xc00000000 low32=0 -> +0x40=0x300
#### TRACE -[AGXBuffer initUntracked] self=0x600b3b280 dev=0x6001d2000 len=768 opt=0 -> 0x600b3b280
#### AGX_LIFE DESTROY id=0x2 type=0 surf=0 bytes=0x4000 kr=0 okC=84 failC=0 okD=1 failD=0 unmatchedD=0 full=0 live=83/28MB [t0=72/7MB t80=0/0MB t82=11/20MB]
#### TRACE -[AGXBuffer initUntracked] self=0x600211f80 dev=0x6001d2000 len=768 opt=0 -> 0x600211f80
#### AGX_LIFE DESTROY id=0x3 type=0 surf=0 bytes=0x4000 kr=0 okC=85 failC=0 okD=2 failD=0 unmatchedD=0 full=0 live=83/28MB [t0=72/7MB t80=0/0MB t82=11/20MB]
#### TRACE -[AGXBuffer initUntracked] self=0x600215d00 dev=0x6001d2000 len=128 opt=0 -> 0x600215d00
#### AGX_LIFE DESTROY id=0x4 type=0 surf=0 bytes=0x4000 kr=0 okC=86 failC=0 okD=3 failD=0 unmatchedD=0 full=0 live=83/28MB [t0=72/7MB t80=0/0MB t82=11/20MB]
#### MTL_TEX POOL-NEW: key=128x128-pf10-bpe1-fcc1278226488 → IOSurface=0x600aa4640 (bpr=128 alloc=16 KB, map=EXPLICIT)
#### AGXIOC type=0x82 patch #12: f14=0x430 +0x30 0→0x95 +0x38 0x95→0 +0x40 0→0 +0x50 0→0x180888c00 +0x58 0x180888c00→0
#### MTL_TEX TEX-CACHE-NEW: surf=0x600aa4640 → tex=0x600cb0280
#### AGX_MAP_AUDIT #12 tex=0x600cb0280 impl=0x600cb0000 iosurface(arg=0x600aa4640 bound=0x600aa4640) plane=0 cpu130=0x108a2c000 gpu40=0x1500010000 descriptorOff=0x190 descriptorLayout=0 compressed=0 extended=0 match=1
#### MTL_TEX plain ROUTE-IOSURF result: 0x600cb0280
#### MTL_TEX POOL-NEW: key=512x256-pf10-bpe1-fcc1278226488 → IOSurface=0x600aa4b40 (bpr=512 alloc=128 KB, map=EXPLICIT)
#### AGXIOC type=0x82 patch #13: f14=0x430 +0x30 0→0x96 +0x38 0x96→0 +0x40 0→0 +0x50 0→0x180888c00 +0x58 0x180888c00→0
#### MTL_TEX TEX-CACHE-NEW: surf=0x600aa4b40 → tex=0x600cb0a00
#### AGX_MAP_AUDIT #13 tex=0x600cb0a00 impl=0x600cb0780 iosurface(arg=0x600aa4b40 bound=0x600aa4b40) plane=0 cpu130=0x119988000 gpu40=0x1501f50000 descriptorOff=0x190 descriptorLayout=0 compressed=0 extended=0 match=1
#### MTL_TEX plain ROUTE-IOSURF result: 0x600cb0a00
#### MTL_TEX POOL-NEW: key=256x128-pf10-bpe1-fcc1278226488 → IOSurface=0x600aa4ae0 (bpr=256 alloc=32 KB, map=EXPLICIT)
#### AGXIOC type=0x82 patch #14: f14=0x430 +0x30 0→0x97 +0x38 0x97→0 +0x40 0→0 +0x50 0→0x180888c00 +0x58 0x180888c00→0
#### MTL_TEX TEX-CACHE-NEW: surf=0x600aa4ae0 → tex=0x600cb1180
#### AGX_MAP_AUDIT #14 tex=0x600cb1180 impl=0x600cb0f00 iosurface(arg=0x600aa4ae0 bound=0x600aa4ae0) plane=0 cpu130=0x1199a8000 gpu40=0x1501f78000 descriptorOff=0x190 descriptorLayout=0 compressed=0 extended=0 match=1
#### MTL_TEX plain ROUTE-IOSURF result: 0x600cb1180
#### MTL_TEX POOL-NEW: key=128x64-pf10-bpe1-fcc1278226488 → IOSurface=0x600aa4b20 (bpr=128 alloc=16 KB, map=EXPLICIT)
#### AGXIOC type=0x82 patch #15: f14=0x430 +0x30 0→0x98 +0x38 0x98→0 +0x40 0→0 +0x50 0→0x180888c00 +0x58 0x180888c00→0
#### MTL_TEX TEX-CACHE-NEW: surf=0x600aa4b20 → tex=0x600cb1900
#### AGX_MAP_AUDIT #15 tex=0x600cb1900 impl=0x600cb1680 iosurface(arg=0x600aa4b20 bound=0x600aa4b20) plane=0 cpu130=0x1199b0000 gpu40=0x1501f88000 descriptorOff=0x190 descriptorLayout=0 compressed=0 extended=0 match=1
#### MTL_TEX plain ROUTE-IOSURF result: 0x600cb1900
#### MTL_TEX POOL-HIT: key=128x64-pf10-bpe1-fcc1278226488 → IOSurface=0x600aa4b20
#### AGX_MAP_AUDIT #16 tex=0x600cb1900 impl=0x600cb1680 iosurface(arg=0x600aa4b20 bound=0x600aa4b20) plane=0 cpu130=0x1199b0000 gpu40=0x1501f88000 descriptorOff=0x190 descriptorLayout=0 compressed=0 extended=0 match=1
#### MTL_TEX plain ROUTE-IOSURF result: 0x600cb1900
#### MTL_TEX POOL-NEW: key=32x32-pf80-bpe4-fcc1111970369 → IOSurface=0x600aa4b00 (bpr=128 alloc=16 KB, map=EXPLICIT)
#### AGXIOC type=0x82 patch #16: f14=0x430 +0x30 0→0x9f +0x38 0x9f→0 +0x40 0→0 +0x50 0→0x180888f00 +0x58 0x180888f00→0
#### AGX_MAP_AUDIT #17 tex=0x600cb2300 impl=0x600cb2080 iosurface(arg=0x600aa4b00 bound=0x600aa4b00) plane=0 cpu130=0x1199b4000 gpu40=0x1501f90000 descriptorOff=0x190 descriptorLayout=0 compressed=0 extended=0 match=1
#### MTL_TEX plain ROUTE-IOSURF result: 0x600cb2300
#### MTL_TEX POOL-NEW: key=64x32-pf80-bpe4-fcc1111970369 → IOSurface=0x600aa4ac0 (bpr=256 alloc=16 KB, map=EXPLICIT)
#### AGX_MAP_AUDIT #18 tex=0x600cb2a80 impl=0x600cb2800 iosurface(arg=0x600aa4ac0 bound=0x600aa4ac0) plane=0 cpu130=0x1199b8000 gpu40=0x1501f98000 descriptorOff=0x190 descriptorLayout=0 compressed=0 extended=0 match=1
#### MTL_TEX plain ROUTE-IOSURF result: 0x600cb2a80
#### MTL_TEX POOL-HIT: key=64x32-pf80-bpe4-fcc1111970369 → IOSurface=0x600aa4ac0
#### AGX_MAP_AUDIT #19 tex=0x600cb2a80 impl=0x600cb2800 iosurface(arg=0x600aa4ac0 bound=0x600aa4ac0) plane=0 cpu130=0x1199b8000 gpu40=0x1501f98000 descriptorOff=0x190 descriptorLayout=0 compressed=0 extended=0 match=1
#### MTL_TEX plain ROUTE-IOSURF result: 0x600cb2a80
#### MTL_TEX POOL-HIT: key=64x32-pf80-bpe4-fcc1111970369 → IOSurface=0x600aa4ac0
#### AGX_MAP_AUDIT #20 tex=0x600cb2a80 impl=0x600cb2800 iosurface(arg=0x600aa4ac0 bound=0x600aa4ac0) plane=0 cpu130=0x1199b8000 gpu40=0x1501f98000 descriptorOff=0x190 descriptorLayout=0 compressed=0 extended=0 match=1
#### MTL_TEX plain ROUTE-IOSURF result: 0x600cb2a80
#### MTL_TEX POOL-NEW: key=32x64-pf80-bpe4-fcc1111970369 → IOSurface=0x600aa4aa0 (bpr=128 alloc=16 KB, map=EXPLICIT)
#### AGX_MAP_AUDIT #21 tex=0x600cb3700 impl=0x600cb3480 iosurface(arg=0x600aa4aa0 bound=0x600aa4aa0) plane=0 cpu130=0x1199bc000 gpu40=0x1501fa0000 descriptorOff=0x190 descriptorLayout=0 compressed=0 extended=0 match=1
#### MTL_TEX plain ROUTE-IOSURF result: 0x600cb3700
#### MTL_TEX POOL-HIT: key=32x64-pf80-bpe4-fcc1111970369 → IOSurface=0x600aa4aa0
#### AGX_MAP_AUDIT #22 tex=0x600cb3700 impl=0x600cb3480 iosurface(arg=0x600aa4aa0 bound=0x600aa4aa0) plane=0 cpu130=0x1199bc000 gpu40=0x1501fa0000 descriptorOff=0x190 descriptorLayout=0 compressed=0 extended=0 match=1
#### MTL_TEX plain ROUTE-IOSURF result: 0x600cb3700
#### MTL_TEX POOL-NEW: key=16x64-pf80-bpe4-fcc1111970369 → IOSurface=0x600aa4a80 (bpr=128 alloc=16 KB, map=EXPLICIT)
#### AGX_MAP_AUDIT #23 tex=0x600cb4100 impl=0x600cb3e80 iosurface(arg=0x600aa4a80 bound=0x600aa4a80) plane=0 cpu130=0x1199c0000 gpu40=0x1501fa8000 descriptorOff=0x190 descriptorLayout=0 compressed=0 extended=0 match=1
#### AGX_MAP_AUDIT #24 tex=0x600cb4100 impl=0x600cb3e80 iosurface(arg=0x600aa4a80 bound=0x600aa4a80) plane=0 cpu130=0x1199c0000 gpu40=0x1501fa8000 descriptorOff=0x190 descriptorLayout=0 compressed=0 extended=0 match=1
#### AGX_MAP_AUDIT #25 tex=0x600cb2300 impl=0x600cb2080 iosurface(arg=0x600aa4b00 bound=0x600aa4b00) plane=0 cpu130=0x1199b4000 gpu40=0x1501f90000 descriptorOff=0x190 descriptorLayout=0 compressed=0 extended=0 match=1
#### AGX_MAP_AUDIT #26 tex=0x600cb2300 impl=0x600cb2080 iosurface(arg=0x600aa4b00 bound=0x600aa4b00) plane=0 cpu130=0x1199b4000 gpu40=0x1501f90000 descriptorOff=0x190 descriptorLayout=0 compressed=0 extended=0 match=1
#### AGX_MAP_AUDIT #27 tex=0x600cb5000 impl=0x600cb4d80 iosurface(arg=0x600aa4a60 bound=0x600aa4a60) plane=0 cpu130=0x1199c4000 gpu40=0x1501fb0000 descriptorOff=0x190 descriptorLayout=0 compressed=0 extended=0 match=1
#### AGX_MAP_AUDIT #28 tex=0x600cb5a00 impl=0x600cb5780 iosurface(arg=0x600aa4a40 bound=0x600aa4a40) plane=0 cpu130=0x1199c8000 gpu40=0x1501fb8000 descriptorOff=0x190 descriptorLayout=0 compressed=0 extended=0 match=1
[70627:0728/060556.239470:VERBOSE1:content/browser/loader/file_url_loader_factory.cc:474] FileURLLoader::Start: file:///Applications/Visual%20Studio%20Code.app/Contents/Resources/app/out/media/codicon.ttf
#### AGX_MAP_AUDIT #29 tex=0x600f40c80 impl=0x600f40000 iosurface(arg=0x600aa6fa0 bound=0x600aa6fa0) plane=0 cpu130=0x119e2c000 gpu40=0x1502458000 descriptorOff=0x190 descriptorLayout=0 compressed=0 extended=0 match=1
#### MTL_TEX plain DEPTH-STENCIL: pf=253 routing to native AGX path (IOSurface backing is invalid)
#### TRACE -[AGXBuffer initUntracked] self=0x600dd3780 dev=0x6001d2000 len=1536 opt=0 -> 0x600dd3780
#### TRACE -[AGXBuffer initUntracked] self=0x600dd4200 dev=0x6001d2000 len=1536 opt=0 -> 0x600dd4200
#### TRACE -[AGXBuffer initUntracked] self=0x600dd4080 dev=0x6001d2000 len=256 opt=0 -> 0x600dd4080
#### AGXIOC sel=0x9 type=0 VA-shape +0x38=0x119e3c000 → 0
#### AGXIOC sel=0x9 type=0 args+0x14=0x2c30 → 0x430 (stripped macOS-only bits 0x2800)
#### AGXIOC sel=0x9 type=0 VA-shape detected: args+0x40=0x119e3c000 (>1GB) → using args+0x48=0x20000 as size, +0x58 0x380888c50 → 0
#### MTL_TEX plain DEPTH-STENCIL native result: 0x600f40a00 class=AGXG13GFamilyTexture
#### AGXIOC Scalar sel=0x10->0xe inCnt=1 -> 0x0
#### AGXIOC Scalar sel=0x10->0xe inCnt=1 -> 0x0
#### AGXIOC Scalar sel=0x10->0xe inCnt=1 -> 0x0
#### AGXIOC Scalar sel=0x10->0xe inCnt=1 -> 0x0
#### MTL_TEX plain DEPTH-STENCIL: pf=253 routing to native AGX path (IOSurface backing is invalid)
#### AGXIOC sel=0x9 type=0 args+0x14=0x2430 → 0x430 (stripped macOS-only bits 0x2800)
#### MTL_TEX plain DEPTH-STENCIL native result: 0x600f40500 class=AGXG13GFamilyTexture
#### MTL_TEX storageMode=Memoryless preserved for AGX-native descriptor=0x600029e60
#### MTL_TEX plain MEMORYLESS: routing to native AGX path (no IOSurface — tile-memory-only) w=128 h=128 pf=253
#### MTL_TEX storageMode=Memoryless preserved for AGX-native descriptor=0x600029e60
#### MTL_TEX storageMode=Memoryless preserved for AGX-native descriptor=0x600029e60
#### MTL_TEX storageMode=Memoryless preserved for AGX-native descriptor=0x600029e60
#### MTL_TEX plain MEMORYLESS native result: 0x600f41680 (class=AGXG13GFamilyTexture storageMode=3 length=999)
#### MTL_TEX plain MEMORYLESS: routing to native AGX path (no IOSurface — tile-memory-only) w=128 h=128 pf=10
#### MTL_TEX plain MEMORYLESS native result: 0x600f42300 (class=AGXG13GFamilyTexture storageMode=3 length=999)
#### AGXIOC Scalar sel=0x10->0xe inCnt=1 -> 0x0
#### AGX_SUBMIT_DIAG #10 TEMP-KCMD-MULTISEG-FIX segment=16/17 subtype=1 range=0x7e30..0x8670->0x8650 shrink=0x20 storage=0x8650 wrappedTail=NO
#### AGX_SUBMIT_DIAG #10 TEMP-KCMD-MULTISEG-FIX segment=15/17 subtype=1 range=0x75f0..0x7e30->0x7e10 shrink=0x20 storage=0x8630 wrappedTail=NO
#### AGX_SUBMIT_DIAG #10 TEMP-KCMD-MULTISEG-FIX segment=14/17 subtype=1 range=0x6db0..0x75f0->0x75d0 shrink=0x20 storage=0x8610 wrappedTail=NO
#### AGX_SUBMIT_DIAG #10 TEMP-KCMD-MULTISEG-FIX segment=13/17 subtype=1 range=0x6570..0x6db0->0x6d90 shrink=0x20 storage=0x85f0 wrappedTail=NO
#### AGX_SUBMIT_DIAG #10 TEMP-KCMD-MULTISEG-FIX segment=12/17 subtype=1 range=0x5d30..0x6570->0x6550 shrink=0x20 storage=0x85d0 wrappedTail=NO
#### AGX_SUBMIT_DIAG #10 TEMP-KCMD-MULTISEG-FIX segment=11/17 subtype=1 range=0x54c0..0x5d30->0x5d10 shrink=0x20 storage=0x85b0 wrappedTail=NO
#### AGX_SUBMIT_DIAG #10 TEMP-KCMD-MULTISEG-FIX segment=10/17 subtype=1 range=0x4c80..0x54c0->0x54a0 shrink=0x20 storage=0x8590 wrappedTail=NO
#### AGX_SUBMIT_DIAG #10 TEMP-KCMD-MULTISEG-FIX segment=9/17 subtype=1 range=0x4440..0x4c80->0x4c60 shrink=0x20 storage=0x8570 wrappedTail=NO
#### AGX_SUBMIT_DIAG #10 TEMP-KCMD-MULTISEG-FIX segment=8/17 subtype=1 range=0x3c00..0x4440->0x4420 shrink=0x20 storage=0x8550 wrappedTail=NO
#### AGX_SUBMIT_DIAG #10 TEMP-KCMD-MULTISEG-FIX segment=7/17 subtype=1 range=0x33c0..0x3c00->0x3be0 shrink=0x20 storage=0x8530 wrappedTail=NO
#### AGX_SUBMIT_DIAG #10 TEMP-KCMD-MULTISEG-FIX segment=6/17 subtype=1 range=0x2b80..0x33c0->0x33a0 shrink=0x20 storage=0x8510 wrappedTail=NO
#### AGX_SUBMIT_DIAG #10 TEMP-KCMD-MULTISEG-FIX segment=5/17 subtype=1 range=0x2340..0x2b80->0x2b60 shrink=0x20 storage=0x84f0 wrappedTail=NO
#### AGX_SUBMIT_DIAG #10 TEMP-KCMD-MULTISEG-FIX segment=4/17 subtype=1 range=0x1b00..0x2340->0x2320 shrink=0x20 storage=0x84d0 wrappedTail=NO
#### AGX_SUBMIT_DIAG #10 TEMP-KCMD-MULTISEG-FIX segment=3/17 subtype=1 range=0x12c0..0x1b00->0x1ae0 shrink=0x20 storage=0x84b0 wrappedTail=NO
#### AGX_SUBMIT_DIAG #10 TEMP-KCMD-MULTISEG-FIX segment=2/17 subtype=1 range=0xa80..0x12c0->0x12a0 shrink=0x20 storage=0x8490 wrappedTail=NO
#### AGX_SUBMIT_DIAG #10 TEMP-KCMD-MULTISEG-FIX segment=1/17 subtype=1 range=0x240..0xa80->0xa60 shrink=0x20 storage=0x8470 wrappedTail=NO
#### AGX_SUBMIT_DIAG #10 TEMP-KCMD-MULTISEG-FIX segment=0/17 subtype=3 range=0..0x240->0x230 shrink=0x10 storage=0x8460 wrappedTail=NO
#### AGX_LIFE DESTROY id=0x4f type=0 surf=0 bytes=0x4000 kr=0 okC=122 failC=0 okD=4 failD=0 unmatchedD=0 full=0 live=118/33MB [t0=96/9MB t80=0/0MB t82=22/24MB]
#### AGX_LIFE DESTROY id=0x53 type=0 surf=0 bytes=0x4000 kr=0 okC=122 failC=0 okD=5 failD=0 unmatchedD=0 full=0 live=117/33MB [t0=95/9MB t80=0/0MB t82=22/24MB]
#### AGX_LIFE DESTROY id=0x61 type=0 surf=0 bytes=0xc000 kr=0 okC=122 failC=0 okD=6 failD=0 unmatchedD=0 full=0 live=116/33MB [t0=94/8MB t80=0/0MB t82=22/24MB]
#### AGX_LIFE DESTROY id=0x6b type=0 surf=0 bytes=0x20000 kr=0 okC=122 failC=0 okD=7 failD=0 unmatchedD=0 full=0 live=115/33MB [t0=93/8MB t80=0/0MB t82=22/24MB]
#### AGX_LIFE DESTROY id=0x6c type=0 surf=0 bytes=0x20000 kr=0 okC=122 failC=0 okD=8 failD=0 unmatchedD=0 full=0 live=114/33MB [t0=92/8MB t80=0/0MB t82=22/24MB]
#### AGX_LIFE DESTROY id=0x54 type=0 surf=0 bytes=0x4000 kr=0 okC=122 failC=0 okD=9 failD=0 unmatchedD=0 full=0 live=113/33MB [t0=91/8MB t80=0/0MB t82=22/24MB]
#### AGX_LIFE DESTROY id=0x2 type=0 surf=0 bytes=0x4000 kr=0 okC=122 failC=0 okD=10 failD=0 unmatchedD=0 full=0 live=112/33MB [t0=90/8MB t80=0/0MB t82=22/24MB]
#### AGX_LIFE DESTROY id=0x3 type=0 surf=0 bytes=0x4000 kr=0 okC=122 failC=0 okD=11 failD=0 unmatchedD=0 full=0 live=111/33MB [t0=89/8MB t80=0/0MB t82=22/24MB]
#### AGX_SUBMIT_DIAG #11 TEMP-KCMD-MULTISEG-FIX segment=15/16 subtype=1 range=0x7bc0..0x8400->0x83e0 shrink=0x20 storage=0x83e0 wrappedTail=NO
#### AGX_SUBMIT_DIAG #11 TEMP-KCMD-MULTISEG-FIX segment=14/16 subtype=1 range=0x7380..0x7bc0->0x7ba0 shrink=0x20 storage=0x83c0 wrappedTail=NO
#### AGX_SUBMIT_DIAG #11 TEMP-KCMD-MULTISEG-FIX segment=13/16 subtype=1 range=0x6b40..0x7380->0x7360 shrink=0x20 storage=0x83a0 wrappedTail=NO
#### AGX_SUBMIT_DIAG #11 TEMP-KCMD-MULTISEG-FIX segment=12/16 subtype=1 range=0x6300..0x6b40->0x6b20 shrink=0x20 storage=0x8380 wrappedTail=NO
#### AGX_SUBMIT_DIAG #11 TEMP-KCMD-MULTISEG-FIX segment=11/16 subtype=1 range=0x5ac0..0x6300->0x62e0 shrink=0x20 storage=0x8360 wrappedTail=NO
#### AGX_SUBMIT_DIAG #11 TEMP-KCMD-MULTISEG-FIX segment=10/16 subtype=1 range=0x5280..0x5ac0->0x5aa0 shrink=0x20 storage=0x8340 wrappedTail=NO
#### AGX_SUBMIT_DIAG #11 TEMP-KCMD-MULTISEG-FIX segment=9/16 subtype=1 range=0x4a40..0x5280->0x5260 shrink=0x20 storage=0x8320 wrappedTail=NO
#### AGX_SUBMIT_DIAG #11 TEMP-KCMD-MULTISEG-FIX segment=8/16 subtype=1 range=0x4200..0x4a40->0x4a20 shrink=0x20 storage=0x8300 wrappedTail=NO
#### AGX_SUBMIT_DIAG #11 TEMP-KCMD-MULTISEG-FIX segment=7/16 subtype=1 range=0x39c0..0x4200->0x41e0 shrink=0x20 storage=0x82e0 wrappedTail=NO
#### AGX_SUBMIT_DIAG #11 TEMP-KCMD-MULTISEG-FIX segment=6/16 subtype=1 range=0x3180..0x39c0->0x39a0 shrink=0x20 storage=0x82c0 wrappedTail=NO
#### AGX_SUBMIT_DIAG #11 TEMP-KCMD-MULTISEG-FIX segment=5/16 subtype=1 range=0x2940..0x3180->0x3160 shrink=0x20 storage=0x82a0 wrappedTail=NO
#### AGX_SUBMIT_DIAG #11 TEMP-KCMD-MULTISEG-FIX segment=4/16 subtype=1 range=0x2100..0x2940->0x2920 shrink=0x20 storage=0x8280 wrappedTail=NO
#### AGX_SUBMIT_DIAG #11 TEMP-KCMD-MULTISEG-FIX segment=3/16 subtype=1 range=0x18c0..0x2100->0x20e0 shrink=0x20 storage=0x8260 wrappedTail=NO
#### AGX_SUBMIT_DIAG #11 TEMP-KCMD-MULTISEG-FIX segment=2/16 subtype=1 range=0x1080..0x18c0->0x18a0 shrink=0x20 storage=0x8240 wrappedTail=NO
#### AGX_SUBMIT_DIAG #11 TEMP-KCMD-MULTISEG-FIX segment=1/16 subtype=1 range=0x840..0x1080->0x1060 shrink=0x20 storage=0x8220 wrappedTail=NO
#### AGX_SUBMIT_DIAG #11 TEMP-KCMD-MULTISEG-FIX segment=0/16 subtype=1 range=0..0x840->0x820 shrink=0x20 storage=0x8200 wrappedTail=NO
#### AGX_MAP_AUDIT #30 tex=0x6009bd200 impl=0x6009bd700 iosurface(arg=0x600aa2ac0 bound=0x600aa2ac0) plane=0 cpu130=0x119f68000 gpu40=0x15025b0000 descriptorOff=0x190 descriptorLayout=0 compressed=0 extended=0 match=1
#### AGX_SUBMIT_DIAG #12 TEMP-KCMD-MULTISEG-FIX segment=1/2 subtype=1 range=0x840..0x1080->0x1060 shrink=0x20 storage=0x1078 wrappedTail=YES
#### AGX_SUBMIT_DIAG #12 TEMP-KCMD-MULTISEG-FIX segment=0/2 subtype=1 range=0..0x840->0x820 shrink=0x20 storage=0x1058 wrappedTail=YES
#### AGX_SUBMIT_DIAG #13 TEMP-KCMD-MULTISEG-FIX segment=1/2 subtype=1 range=0x210..0xa50->0xa30 shrink=0x20 storage=0xa48 wrappedTail=YES
#### AGX_SUBMIT_DIAG #13 TEMP-KCMD-MULTISEG-FIX segment=0/2 subtype=3 range=0..0x210->0x200 shrink=0x10 storage=0xa38 wrappedTail=YES
#### AGX_LIFE DESTROY id=0x61 type=0 surf=0 bytes=0x10000 kr=0 okC=128 failC=0 okD=12 failD=0 unmatchedD=0 full=0 live=116/37MB [t0=93/8MB t80=0/0MB t82=23/28MB]
#### AGX_MAP_AUDIT #31 tex=0x6012e5000 impl=0x6012e4d80 iosurface(arg=0x600aa2a00 bound=0x600aa2a00) plane=0 cpu130=0x11a338000 gpu40=0x1502988000 descriptorOff=0x190 descriptorLayout=0 compressed=0 extended=0 match=1
#### AGX_LIFE DESTROY id=0x6b type=0 surf=0 bytes=0x4000 kr=0 okC=134 failC=0 okD=13 failD=0 unmatchedD=0 full=0 live=121/45MB [t0=96/8MB t80=0/0MB t82=25/36MB]
#### AGX_LIFE DESTROY id=0x7a type=0 surf=0 bytes=0x4000 kr=0 okC=136 failC=0 okD=14 failD=0 unmatchedD=0 full=0 live=122/48MB [t0=96/8MB t80=0/0MB t82=26/39MB]
#### AGX_LIFE DESTROY id=0x7b type=0 surf=0 bytes=0x8000 kr=0 okC=136 failC=0 okD=15 failD=0 unmatchedD=0 full=0 live=121/48MB [t0=95/8MB t80=0/0MB t82=26/39MB]
#### AGX_LIFE DESTROY id=0x7b type=0 surf=0 bytes=0x8000 kr=0 okC=139 failC=0 okD=16 failD=0 unmatchedD=0 full=0 live=123/56MB [t0=95/8MB t80=0/0MB t82=28/47MB]
#### AGX_SUBMIT_DIAG #20 subtype1-predicate scalar0=0x1 legacy-scalar-gate=1 total=0x858/1 seglen=0x188/1 seghdr=0 cmdtotal=0 d8=1 pad1=1 f1=1 sent1=1 pad2=1 f2=1 sent2=1
#### AGX_SUBMIT_DIAG #20 descriptor[2] KCMD-type1-observed saved=0x858/0x858 path=/tmp/macws_submit_kcmd_20_2_type1-observed.bin errno=0
#### AGX_SUBMIT_DIAG #20 descriptor[2] segment saved=0x188/0x188 path=/tmp/macws_submit_segment_20_2.bin errno=0
#### IOGPU-ERROR-GETTER observation=1 commandBuffer=0x6013a1500 class=AGXG13GFamilyCommandBuffer submitSerial=18 fixed=0 domain=MTLCommandBufferErrorDomain code=1 description=Internal Error (00000102:Internal Error)
#### JIT-MPROTECT flip #10240 ranges=1 prot=RX writers=1 exec_waits=0 late_retries=0
#### AGX_SUBMIT_RING dumped reason=iogpu-error-getter-102 commandBuffer=0x6013a1500 entries=18 range=1..18 path=/tmp/macws_submit_error_70663_1
[70663:0728/060556.745682:ERROR:ui/gl/angle_platform_impl.cc:47] mtl_command_buffer.mm:693 (onCommandBufferCompleted): Completed MTLCommandBuffer failed, and error is Internal Error (00000102:Internal Error)
#### TRACE -[AGXBuffer initUntracked] self=0x600dde880 dev=0x6001d2000 len=3072 opt=0 -> 0x600dde880
#### TRACE -[AGXBuffer initUntracked] self=0x600dd3780 dev=0x6001d2000 len=3072 opt=0 -> 0x600dd3780
#### TRACE -[AGXBuffer initUntracked] self=0x600dd4200 dev=0x6001d2000 len=512 opt=0 -> 0x600dd4200
#### AGX_SUBMIT_DIAG #25 subtype1-predicate scalar0=0x1 legacy-scalar-gate=1 total=0x858/1 seglen=0x188/1 seghdr=0 cmdtotal=0 d8=1 pad1=1 f1=1 sent1=1 pad2=1 f2=1 sent2=1
#### AGX_SUBMIT_DIAG #25 descriptor[2] KCMD-type1-observed saved=0x858/0x858 path=/tmp/macws_submit_kcmd_25_2_type1-observed.bin errno=0
#### AGX_SUBMIT_DIAG #25 descriptor[2] segment saved=0x188/0x188 path=/tmp/macws_submit_segment_25_2.bin errno=0
#### IOGPU-ERROR-GETTER observation=2 commandBuffer=0x6013a6200 class=AGXG13GFamilyCommandBuffer submitSerial=21 fixed=0 domain=MTLCommandBufferErrorDomain code=1 description=Internal Error (00000102:Internal Error)
[70663:0728/060556.768919:ERROR:ui/gl/angle_platform_impl.cc:47] mtl_command_buffer.mm:693 (onCommandBufferCompleted): Completed MTLCommandBuffer failed, and error is Internal Error (00000102:Internal Error)
#### AGX_SUBMIT_DIAG #28 subtype1-predicate scalar0=0x1 legacy-scalar-gate=1 total=0x840/1 seglen=0x170/1 seghdr=1 cmdtotal=1 d8=1 pad1=1 f1=1 sent1=1 pad2=1 f2=1 sent2=1
#### AGX_SUBMIT_DIAG #28 descriptor[0] KCMD-type1-observed save /tmp/macws_submit_kcmd_28_0_type1-observed.bin failed errno=17
#### AGX_SUBMIT_DIAG #28 descriptor[0] segment save /tmp/macws_submit_segment_28_0.bin failed errno=17
#### AGX_SUBMIT_DIAG #28 TEMP-KCMD-ABI-FIX subtype1-clear pads=0x1c0,0x4c0 total=0x840->0x820 size=0x7e8->0x7c8 end=0x818->0x7f8 segment-span=0x820
#### AGX_SUBMIT_DIAG #32 subtype1-predicate scalar0=0x1 legacy-scalar-gate=1 total=0x840/1 seglen=0x170/1 seghdr=1 cmdtotal=1 d8=1 pad1=1 f1=1 sent1=1 pad2=1 f2=1 sent2=1
#### AGX_SUBMIT_DIAG #32 descriptor[0] KCMD-type1-observed save /tmp/macws_submit_kcmd_32_0_type1-observed.bin failed errno=17
#### AGX_SUBMIT_DIAG #32 descriptor[0] segment save /tmp/macws_submit_segment_32_0.bin failed errno=17
#### AGX_SUBMIT_DIAG #32 TEMP-KCMD-ABI-FIX subtype1-clear pads=0x1c0,0x4c0 total=0x840->0x820 size=0x7e8->0x7c8 end=0x818->0x7f8 segment-span=0x820
#### AGX_SUBMIT_DIAG #33 subtype1-predicate scalar0=0x1 legacy-scalar-gate=1 total=0x840/1 seglen=0x170/1 seghdr=1 cmdtotal=1 d8=1 pad1=1 f1=1 sent1=1 pad2=1 f2=1 sent2=1
#### AGX_SUBMIT_DIAG #33 descriptor[0] KCMD-type1-observed save /tmp/macws_submit_kcmd_33_0_type1-observed.bin failed errno=17
#### AGX_SUBMIT_DIAG #33 descriptor[0] segment save /tmp/macws_submit_segment_33_0.bin failed errno=17
#### AGX_SUBMIT_DIAG #33 TEMP-KCMD-ABI-FIX subtype1-clear pads=0x1c0,0x4c0 total=0x840->0x820 size=0x7e8->0x7c8 end=0x818->0x7f8 segment-span=0x820
#### AGX_SUBMIT_DIAG #35 subtype1-predicate scalar0=0x1 legacy-scalar-gate=1 total=0x858/1 seglen=0x188/1 seghdr=0 cmdtotal=0 d8=1 pad1=1 f1=1 sent1=1 pad2=1 f2=1 sent2=1
#### AGX_SUBMIT_DIAG #35 descriptor[0] KCMD-type1-observed saved=0x858/0x858 path=/tmp/macws_submit_kcmd_35_0_type1-observed.bin errno=0
#### AGX_SUBMIT_DIAG #35 descriptor[0] segment saved=0x188/0x188 path=/tmp/macws_submit_segment_35_0.bin errno=0
#### AGX_SUBMIT_DIAG #36 subtype1-predicate scalar0=0x1 legacy-scalar-gate=1 total=0x858/1 seglen=0x188/1 seghdr=0 cmdtotal=0 d8=1 pad1=1 f1=1 sent1=1 pad2=1 f2=1 sent2=1
#### IOGPU-ERROR-GETTER observation=3 commandBuffer=0x6013ab980 class=AGXG13GFamilyCommandBuffer submitSerial=30 fixed=0 domain=MTLCommandBufferErrorDomain code=1 description=Internal Error (00000102:Internal Error)
[70663:0728/060556.963022:ERROR:ui/gl/angle_platform_impl.cc:47] mtl_command_buffer.mm:693 (onCommandBufferCompleted): Completed MTLCommandBuffer failed, and error is Internal Error (00000102:Internal Error)
#### AGX_SUBMIT_DIAG #36 descriptor[2] KCMD-type1-observed saved=0x858/0x858 path=/tmp/macws_submit_kcmd_36_2_type1-observed.bin errno=0
#### AGX_SUBMIT_DIAG #36 descriptor[2] segment saved=0x188/0x188 path=/tmp/macws_submit_segment_36_2.bin errno=0
#### IOGPU-ERROR-GETTER observation=4 commandBuffer=0x6013abd00 class=AGXG13GFamilyCommandBuffer submitSerial=31 fixed=0 domain=MTLCommandBufferErrorDomain code=1 description=Internal Error (00000102:Internal Error)
[70663:0728/060556.963923:ERROR:ui/gl/angle_platform_impl.cc:47] mtl_command_buffer.mm:693 (onCommandBufferCompleted): Completed MTLCommandBuffer failed, and error is Internal Error (00000102:Internal Error)
#### IOSURFACE-RELEASE-ABI pair #1: conn=15879 surfaceID=184 sel=1 -> 0
#### IOSURFACE-RELEASE-ABI pair #2: conn=15879 surfaceID=186 sel=1 -> 0
#### IOSURFACE-RELEASE-ABI pair #3: conn=15879 surfaceID=297 sel=1 -> 0
#### IOSURFACE-RELEASE-ABI pair #4: conn=15879 surfaceID=188 sel=1 -> 0
#### JIT-MPROTECT flip #11264 ranges=1 prot=RX writers=1 exec_waits=4 late_retries=0
#### IOGPU-ERROR-GETTER observation=5 commandBuffer=0x6013a2d80 class=AGXG13GFamilyCommandBuffer submitSerial=42 fixed=0 domain=MTLCommandBufferErrorDomain code=1 description=Internal Error (00000102:Internal Error)
[70663:0728/060557.893365:ERROR:ui/gl/angle_platform_impl.cc:47] mtl_command_buffer.mm:693 (onCommandBufferCompleted): Completed MTLCommandBuffer failed, and error is Internal Error (00000102:Internal Error)
[70627:0728/060558.106039:INFO:CONSOLE:5300] "Unable to resolve your shell environment: Unexpected exit code from spawned shell (code null, signal SIGABRT)", source: vscode-file://vscode-app/Applications/Visual%20Studio%20Code.app/Contents/Resources/app/out/vs/workbench/workbench.desktop.main.js (5300)
[91m[main 2026-07-28T13:05:58.158Z][0m ptyHost was unable to resolve shell environment Error: Unable to resolve your shell environment: Unexpected exit code from spawned shell (code null, signal SIGABRT)
    at file:///Applications/Visual%20Studio%20Code.app/Contents/Resources/app/out/main.js:474:34475
    at async file:///Applications/Visual%20Studio%20Code.app/Contents/Resources/app/out/main.js:434:92057
[70627:0728/060558.167076:INFO:CONSOLE:442] "%c INFO color: #33f [AgentHost:renderer] Acquiring MessagePort to agent host...", source: vscode-file://vscode-app/Applications/Visual%20Studio%20Code.app/Contents/Resources/app/out/vs/workbench/workbench.desktop.main.js (442)
[91m[main 2026-07-28T13:05:58.167Z][0m AgentHostStarter was unable to resolve shell environment Error: Unable to resolve your shell environment: Unexpected exit code from spawned shell (code null, signal SIGABRT)
    at file:///Applications/Visual%20Studio%20Code.app/Contents/Resources/app/out/main.js:474:34475
    at async file:///Applications/Visual%20Studio%20Code.app/Contents/Resources/app/out/main.js:434:92057
[90m[main 2026-07-28T13:05:58.186Z][0m AgentHostProcessManager: agent host started
[70627:0728/060558.190253:INFO:CONSOLE:442] "%c INFO color: #33f [AccountPolicyGate] apply: state=inactive, reason=undefined, isRestricted=false", source: vscode-file://vscode-app/Applications/Visual%20Studio%20Code.app/Contents/Resources/app/out/vs/workbench/workbench.desktop.main.js (442)
#### JIT-MPROTECT flip #12288 ranges=1 prot=RX writers=1 exec_waits=4 late_retries=0
[70664:0728/060558.255855:VERBOSE1:net/base/network_delegate.cc:38] NetworkDelegate::NotifyBeforeURLRequest: https://default.exp-tas.com/vscode/ab
[70627:0728/060558.260696:INFO:CONSOLE:442] "%c INFO color: #33f [AgentHost:renderer] MessagePort acquired, creating client...", source: vscode-file://vscode-app/Applications/Visual%20Studio%20Code.app/Contents/Resources/app/out/vs/workbench/workbench.desktop.main.js (442)
[70627:0728/060558.261075:INFO:CONSOLE:442] "%c INFO color: #33f [AgentHost:renderer] Direct MessagePort connection established", source: vscode-file://vscode-app/Applications/Visual%20Studio%20Code.app/Contents/Resources/app/out/vs/workbench/workbench.desktop.main.js (442)
#### AGX_SUBMIT_DIAG #51 TEMP-KCMD-ABI-FIX off=0 size=0x1b8->0x1a8 end=0x1e8->0x1d8 moved=0x88c new-total=0xa58
#### IOGPU-ERROR-GETTER observation=6 commandBuffer=0x6013abd00 class=AGXG13GFamilyCommandBuffer submitSerial=46 fixed=1 domain=MTLCommandBufferErrorDomain code=1 description=Internal Error (0000000a:Internal Error)
#### AGX_SUBMIT_RING dumped reason=iogpu-error-getter-other commandBuffer=0x6013abd00 entries=46 range=1..46 path=/tmp/macws_submit_error_70663_2
[70663:0728/060558.669003:ERROR:ui/gl/angle_platform_impl.cc:47] mtl_command_buffer.mm:693 (onCommandBufferCompleted): Completed MTLCommandBuffer failed, and error is Internal Error (0000000a:Internal Error)
#### AGX_SUBMIT_DIAG #55 TEMP-KCMD-ABI-FIX off=0 size=0x1b8->0x1a8 end=0x1e8->0x1d8 moved=0x88c new-total=0xa58
#### IOGPU-ERROR-GETTER observation=7 commandBuffer=0x6013abd00 class=AGXG13GFamilyCommandBuffer submitSerial=46 fixed=1 domain=MTLCommandBufferErrorDomain code=1 description=Internal Error (0000000a:Internal Error)
[70663:0728/060558.673825:ERROR:ui/gl/angle_platform_impl.cc:47] mtl_command_buffer.mm:693 (onCommandBufferCompleted): Completed MTLCommandBuffer failed, and error is Internal Error (0000000a:Internal Error)
#### IOGPU-ERROR-GETTER observation=8 commandBuffer=0x6013ac080 class=AGXG13GFamilyCommandBuffer submitSerial=50 fixed=0 domain=MTLCommandBufferErrorDomain code=1 description=Internal Error (0000000a:Internal Error)
[70663:0728/060558.673951:ERROR:ui/gl/angle_platform_impl.cc:47] mtl_command_buffer.mm:693 (onCommandBufferCompleted): Completed MTLCommandBuffer failed, and error is Internal Error (0000000a:Internal Error)
#### IOGPU-ERROR-GETTER observation=9 commandBuffer=0x6013aab80 class=AGXG13GFamilyCommandBuffer submitSerial=29 fixed=1 domain=MTLCommandBufferErrorDomain code=1 description=Internal Error (0000000a:Internal Error)
[70663:0728/060558.674055:ERROR:ui/gl/angle_platform_impl.cc:47] mtl_command_buffer.mm:693 (onCommandBufferCompleted): Completed MTLCommandBuffer failed, and error is Internal Error (0000000a:Internal Error)
#### IOGPU-ERROR-GETTER observation=10 commandBuffer=0x6013ac400 class=AGXG13GFamilyCommandBuffer submitSerial=49 fixed=1 domain=MTLCommandBufferErrorDomain code=1 description=Internal Error (0000000a:Internal Error)
[70663:0728/060558.674144:ERROR:ui/gl/angle_platform_impl.cc:47] mtl_command_buffer.mm:693 (onCommandBufferCompleted): Completed MTLCommandBuffer failed, and error is Internal Error (0000000a:Internal Error)
#### JIT-MPROTECT flip #6144 ranges=1 prot=RX writers=1 exec_waits=45 late_retries=3
[91m[main 2026-07-28T13:05:59.927Z][0m [AgentHost:stderr] #### MACWS_HID_BYPASS installed SetMatchingMultiple → no-op (1) at 0x1a5cf9e8c — skips iOS-format CFBinaryPlist parse inside
####   IOHIDEventSystemClientCacheMatchingServices → IOHIDUnserializeAndVMDealloc → CFPropertyListCreateFromStream
####   that BUS_ADRALNs in the IOMFBServer thread.
#### MACWS_AGX_RENAMER_PATCH: off (set MACWS_AGX_RENAMER_PATCH=1 to enable)
#### MACWS_ASSERT_BYPASS DISABLED (set MACWS_KEEP_ASSERT_BYPASS=1 to restore lazy bypass) — real __assert_rtn now reaches abort
#### MACWS_AGX_NATIVE [ctor] pre-loaded IOGPU via /System/Library/PrivateFrameworks/IOGPU.framework/IOGPU -> 0x3ea2a4c10
#### XPC_BOOTSTRAP: fn=0x1a28b1140 dict=0x14c00fdc0 (registering Metal/ViewBridge/HIServices)
#### XPC_BOOTSTRAP: called OK
#### COEXIST API SwapEnd hook installed target=0x1ad78f1cc trampoline=0x103008000
#### SkyLight PrepareForUse tolerate-nil hook installed at 0x1a7b70fc4
#### SkyLight StartCompositeForDisplayStream nil-skip hook installed at 0x1a7999d74
#### SkyLight StartComposite(WSCD) tolerate-nil + pop-on-bail hook installed at 0x1a7999358
#### SkyLight StartComposite(MTLTex) pop-on-bail hook installed at 0x1a7999fb8
#### SkyLight EndCurrentComposite(bool) completion hook installed at 0x1a799853c
#### SkyLight EndUpdate(bool) submission hook installed at 0x1a79980b0
#### SkyLight _state_stack pop_back resolved at 0x1a7996fa0
#### SkyLight WSCompositeDestinationCreateWithMetalTexture nil-tolerate hook installed at 0x1a799c53c
#### SkyLight MetalContext::StopCapture invalid-this guard installed at 0x1a79981bc
#### MACWS_AGX_NATIVE class_addMethod(MTLTextureDescriptor, validateWithDevice:) = 1
#### MACWS_AGX_NATIVE class_addMethod(IOGPUMetalTexture, isMemoryless) = 1
#### MACWS_AGX_NATIVE class_addMethod(IOGPUMetalTexture, getCPUSizeBytes) = 1
#### MACWS_AGX_NATIVE class_addMethod(IOGPUMetalTexture, getAlignment) = 1
#### MACWS_AGX_NATIVE class_addMethod(IOGPUMetalTexture, descriptorPrivate) = 1
#### MACWS_AGX_NATIVE class_addMethod(IOGPUMetalTexture, getBytesPerRow) = 1
#### MACWS_AGX_NATIVE class_addMethod(IOGPUMetalTexture, updateBindDataWithAddresses:gpuVirtualAddress:) = 1
#### MACWS_AGX_NATIVE class_addMethod(IOGPUMetalTexture, updateBindDataWithAddresses:gpuVirtualAddress:shouldInitMetadata:) = 1
#### MACWS_AGX_NATIVE class_addMethod(IOGPUMetalTexture, allocBufferSubDataWithLength:options:alignment:heapIndex:bufferIndex:bufferOffset:) = 1
#### MACWS_AGX_NATIVE class_addMethod(IOGPUMetalTexture, initNewTextureData:) = 1
#### MACWS_AGX_NATIVE class_addMethod(MTLTextureDescriptor, isMemoryless) = 1
#### MACWS_AGX_NATIVE class_addMethod(MTLTextureDescriptor, protectionOptions) = 1
#### MACWS_AGX_NATIVE class_addMethod(MTLTextureDescriptor, getCPUSizeBytes) = 1
#### MACWS_AGX_NATIVE class_addMethod(MTLTextureDescriptor, getAlignment) = 1
#### MACWS_AGX_NATIVE class_addMethod(MTLTextureDescriptor, descriptorPrivate) = 1
#### MACWS_AGX_NATIVE class_addMethod(MTLTextureDescriptor, getBytesPerRow) = 1
#### MACWS_AGX_NATIVE class_addMethod(MTLTextureDescriptor, updateBindDataWithAddresses:gpuVirtualAddress:) = 1
#### MACWS_AGX_NATIVE class_addMethod(MTLTextureDescriptor, updateBindDataWithAddresses:gpuVirtualAddress:shouldInitMetadata:) = 1
#### MACWS_AGX_NATIVE class_addMethod(MTLTextureDescriptor, allocBufferSubDataWithLength:options:alignment:heapIndex:bufferIndex:bufferOffset:) = 1
#### MACWS_AGX_NATIVE class_addMethod(MTLTextureDescriptor, initNewTextureData:) = 1
#### AMFI-POLICY-COMPAT policy=AMFI op=0x60 status=0x4 (iOS task ports are hard-immovable)
#### CSR-POLICY-COMPAT active_config=0x0 (conservative iOS compatibility value)
[70696:0728/060559.029267:ERROR:base/process/process_mac.cc:53] task_policy_set TASK_CATEGORY_POLICY: (os/kern) invalid argument (4)
#### JIT-MPROTECT range[0]=[0x280000000,0x290000000) source=MAP_JIT-EINVAL
#### JIT-MPROTECT execution barrier installed (W^X fetch-wait compatibility)
#### JIT-MPROTECT range[0]=[0x280000000,0x290000000) source=MAP_JIT-EINVAL
#### JIT-MPROTECT range[0]=[0x280000000,0x290000000) source=MAP_JIT-EINVAL
#### JIT-MPROTECT range[0]=[0x280000000,0x290000000) source=MAP_JIT-EINVAL
#### JIT-MPROTECT range[0]=[0x280000000,0x290000000) source=MAP_JIT-EINVAL
#### JIT-MPROTECT range[0]=[0x280000000,0x290000000) source=MAP_JIT-EINVAL
#### JIT-MPROTECT range[0]=[0x280000000,0x290000000) source=MAP_JIT-EINVAL
#### JIT-MPROTECT range[0]=[0x280000000,0x290000000) source=MAP_JIT-EINVAL
#### JIT-MPROTECT range[0]=[0x170000000,0x180000000) source=MAP_JIT-EINVAL
#### JIT-MPROTECT call #1 addr=0x170000000 size=0x10000000 requested=0x7 effective=0x3 result=0 errno=0 caller=0x114b1e334 image=/Applications/Visual Studio Code.app/Contents/Frameworks/Electron Framework.framework/Versions/A/Electron Framework offset=0x63b2334
#### JIT-MPROTECT remap decline #1 dst=0x177dc0000 size=0x208000 src=0x110e14000 requested=0x5 -> V8 copy fallback
#### JIT-MPROTECT flip #1 ranges=1 prot=RW writers=1 exec_waits=0 late_retries=0
#### JIT-MPROTECT flip #2 ranges=1 prot=RX writers=1 exec_waits=0 late_retries=0
#### JIT-MPROTECT flip #3 ranges=1 prot=RW writers=1 exec_waits=0 late_retries=0
#### JIT-MPROTECT flip #4 ranges=1 prot=RX writers=1 exec_waits=0 late_retries=0
#### JIT-MPROTECT flip #5 ranges=1 prot=RW writers=1 exec_waits=0 late_retries=0
#### JIT-MPROTECT flip #6 ranges=1 prot=RX writers=1 exec_waits=0 late_retries=0
#### JIT-MPROTECT flip #7 ranges=1 prot=RW writers=1 exec_waits=0 late_retries=0
#### JIT-MPROTECT flip #8 ranges=1 prot=RX writers=1 exec_waits=0 late_retries=0
#### JIT-MPROTECT flip #9 ranges=1 prot=RW writers=1 exec_waits=0 late_retries=0
#### JIT-MPROTECT flip #10 ranges=1 prot=RX writers=1 exec_waits=0 late_retries=0
#### JIT-MPROTECT flip #11 ranges=1 prot=RW writers=1 exec_waits=0 late_retries=0
#### JIT-MPROTECT flip #12 ranges=1 prot=RX writers=1 exec_waits=0 late_retries=0
#### JIT-MPROTECT flip #13 ranges=1 prot=RW writers=1 exec_waits=0 late_retries=0
#### JIT-MPROTECT flip #14 ranges=1 prot=RX writers=1 exec_waits=0 late_retries=0
#### JIT-MPROTECT flip #15 ranges=1 prot=RW writers=1 exec_waits=0 late_retries=0
#### JIT-MPROTECT flip #16 ranges=1 prot=RX writers=1 exec_waits=0 late_retries=0
#### JIT-MPROTECT flip #17 ranges=1 prot=RW writers=1 exec_waits=0 late_retries=0
#### JIT-MPROTECT flip #18 ranges=1 prot=RX writers=1 exec_waits=0 late_retries=0
#### JIT-MPROTECT flip #19 ranges=1 prot=RW writers=1 exec_waits=0 late_retries=0
#### JIT-MPROTECT flip #20 ranges=1 prot=RX writers=1 exec_waits=0 late_retries=0
#### JIT-MPROTECT flip #21 ranges=1 prot=RW writers=1 exec_waits=0 late_retries=0
#### JIT-MPROTECT flip #22 ranges=1 prot=RX writers=1 exec_waits=0 late_retries=0
#### JIT-MPROTECT flip #23 ranges=1 prot=RW writers=1 exec_waits=0 late_retries=0
#### JIT-MPROTECT flip #24 ranges=1 prot=RX writers=1 exec_waits=0 late_retries=0
#### JIT-MPROTECT flip #25 ranges=1 prot=RW writers=1 exec_waits=0 late_retries=0
#### JIT-MPROTECT flip #26 ranges=1 prot=RX writers=1 exec_waits=0 late_retries=0
#### JIT-MPROTECT flip #27 ranges=1 prot=RW writers=1 exec_waits=0 late_retries=0
#### JIT-MPROTECT flip #28 ranges=1 prot=RX writers=1 exec_waits=0 late_retries=0
#### JIT-MPROTECT flip #29 ranges=1 prot=RW writers=1 exec_waits=0 late_retries=0
#### JIT-MPROTECT flip #30 ranges=1 prot=RX writers=1 exec_waits=0 late_retries=0
#### JIT-MPROTECT flip #31 ranges=1 prot=RW writers=1 exec_waits=0 late_retries=0
#### JIT-MPROTECT flip #32 ranges=1 prot=RX writers=1 exec_waits=0 late_retries=0
#### JIT-MPROTECT flip #1024 ranges=1 prot=RX writers=1 exec_waits=0 late_retries=0
#### JIT-MPROTECT flip #2048 ranges=1 prot=RX writers=1 exec_waits=45 late_retries=4

[91m[main 2026-07-28T13:05:59.937Z][0m ptyHost was unable to resolve shell environment Error: Unable to resolve your shell environment: Unexpected exit code from spawned shell (code null, signal SIGABRT)
    at file:///Applications/Visual%20Studio%20Code.app/Contents/Resources/app/out/main.js:474:34475
    at async file:///Applications/Visual%20Studio%20Code.app/Contents/Resources/app/out/main.js:434:92057
[70627:0728/060559.941680:INFO:CONSOLE:442] "%c INFO color: #33f Started local extension host with pid 70697.", source: vscode-file://vscode-app/Applications/Visual%20Studio%20Code.app/Contents/Resources/app/out/vs/workbench/workbench.desktop.main.js (442)
[70664:0728/060559.963157:VERBOSE1:net/base/network_delegate.cc:38] NetworkDelegate::NotifyBeforeURLRequest: https://main.vscode-cdn.net/core/stable.json
[91m[main 2026-07-28T13:06:01.388Z][0m [AgentHost:stderr] #### JIT-MPROTECT flip #3072 ranges=1 prot=RX writers=1 exec_waits=45 late_retries=5
#### JIT-MPROTECT flip #4096 ranges=1 prot=RX writers=1 exec_waits=45 late_retries=5

#### JIT-MPROTECT flip #13312 ranges=1 prot=RX writers=1 exec_waits=4 late_retries=0
[70627:0728/060601.395127:INFO:CONSOLE:5359] "Extension Host", source: vscode-file://vscode-app/Applications/Visual%20Studio%20Code.app/Contents/Resources/app/out/vs/workbench/workbench.desktop.main.js (5359)
[70627:0728/060601.395239:INFO:CONSOLE:5359] "%c#### MACWS_HID_BYPASS installed SetMatchingMultiple → no-op (1) at 0x1a5cf9e8c — skips iOS-format CFBinaryPlist parse inside
%c####   IOHIDEventSystemClientCacheMatchingServices → IOHIDUnserializeAndVMDealloc → CFPropertyListCreateFromStream
%c####   that BUS_ADRALNs in the IOMFBServer thread.
%c#### MACWS_AGX_RENAMER_PATCH: off (set MACWS_AGX_RENAMER_PATCH=1 to enable)
%c#### MACWS_ASSERT_BYPASS DISABLED (set MACWS_KEEP_ASSERT_BYPASS=1 to restore lazy bypass) — real __assert_rtn now reaches abort
%c#### MACWS_AGX_NATIVE [ctor] pre-loaded IOGPU via /System/Library/PrivateFrameworks/IOGPU.framework/IOGPU -> 0x3ea2a4c10
%c#### XPC_BOOTSTRAP: fn=0x1a28b1140 dict=0x1260046f0 (registering Metal/ViewBridge/HIServices)
%c#### XPC_BOOTSTRAP: called OK
%c#### COEXIST API SwapEnd hook installed target=0x1ad78f1cc trampoline=0x104cb8000
%c#### SkyLight PrepareForUse tolerate-nil hook installed at 0x1a7b70fc4
%c#### SkyLight StartCompositeForDisplayStream nil-skip hook installed at 0x1a7999d74
%c#### SkyLight StartComposite(WSCD) tolerate-nil + pop-on-bail hook installed at 0x1a7999358
%c#### SkyLight StartComposite(MTLTex) pop-on-bail hook installed at 0x1a7999fb8
%c#### SkyLight EndCurrentComposite(bool) completion hook installed at 0x1a799853c
%c#### SkyLight EndUpdate(bool) submission hook installed at 0x1a79980b0
%c#### SkyLight _state_stack pop_back resolved at 0x1a7996fa0
%c#### SkyLight WSCompositeDestinationCreateWithMetalTexture nil-tolerate hook installed at 0x1a799c53c
%c#### SkyLight MetalContext::StopCapture invalid-this guard installed at 0x1a79981bc
%c#### MACWS_AGX_NATIVE class_addMethod(MTLTextureDescriptor, validateWithDevice:) = 1
%c#### MACWS_AGX_NATIVE class_addMethod(IOGPUMetalTexture, isMemoryless) = 1
%c#### MACWS_AGX_NATIVE class_addMethod(IOGPUMetalTexture, getCPUSizeBytes) = 1
%c#### MACWS_AGX_NATIVE class_addMethod(IOGPUMetalTexture, getAlignment) = 1
%c#### MACWS_AGX_NATIVE class_addMethod(IOGPUMetalTexture, descriptorPrivate) = 1
%c#### MACWS_AGX_NATIVE class_addMethod(IOGPUMetalTexture, getBytesPerRow) = 1
%c#### MACWS_AGX_NATIVE class_addMethod(IOGPUMetalTexture, updateBindDataWithAddresses:gpuVirtualAddress:) = 1
%c#### MACWS_AGX_NATIVE class_addMethod(IOGPUMetalTexture, updateBindDataWithAddresses:gpuVirtualAddress:shouldInitMetadata:) = 1
%c#### MACWS_AGX_NATIVE class_addMethod(IOGPUMetalTexture, allocBufferSubDataWithLength:options:alignment:heapIndex:bufferIndex:bufferOffset:) = 1
%c#### MACWS_AGX_NATIVE class_addMethod(IOGPUMetalTexture, initNewTextureData:) = 1
%c#### MACWS_AGX_NATIVE class_addMethod(MTLTextureDescriptor, isMemoryless) = 1
%c#### MACWS_AGX_NATIVE class_addMethod(MTLTextureDescriptor, protectionOptions) = 1
%c#### MACWS_AGX_NATIVE class_addMethod(MTLTextureDescriptor, getCPUSizeBytes) = 1
%c#### MACWS_AGX_NATIVE class_addMethod(MTLTextureDescriptor, getAlignment) = 1
%c#### MACWS_AGX_NATIVE class_addMethod(MTLTextureDescriptor, descriptorPrivate) = 1
%c#### MACWS_AGX_NATIVE class_addMethod(MTLTextureDescriptor, getBytesPerRow) = 1
%c#### MACWS_AGX_NATIVE class_addMethod(MTLTextureDescriptor, updateBindDataWithAddresses:gpuVirtualAddress:) = 1
%c#### MACWS_AGX_NATIVE class_addMethod(MTLTextureDescriptor, updateBindDataWithAddresses:gpuVirtualAddress:shouldInitMetadata:) = 1
%c#### MACWS_AGX_NATIVE class_addMethod(MTLTextureDescriptor, allocBufferSubDataWithLength:options:alignment:heapIndex:bufferIndex:bufferOffset:) = 1
%c#### MACWS_AGX_NATIVE class_addMethod(MTLTextureDescriptor, initNewTextureData:) = 1
%c#### AMFI-POLICY-COMPAT policy=AMFI op=0x60 status=0x4 (iOS task ports are hard-immovable)
%c#### CSR-POLICY-COMPAT active_config=0x0 (conservative iOS compatibility value)
%c[70697:0728/060559.139138:ERROR:base/process/process_mac.cc:53] task_policy_set TASK_CATEGORY_POLICY: (os/kern) invalid argument (4)
%c#### JIT-MPROTECT range[0]=[0x280000000,0x290000000) source=MAP_JIT-EINVAL
%c#### JIT-MPROTECT execution barrier installed (W^X fetch-wait compatibility)
%c#### JIT-MPROTECT range[0]=[0x280000000,0x290000000) source=MAP_JIT-EINVAL
%c#### JIT-MPROTECT range[0]=[0x280000000,0x290000000) source=MAP_JIT-EINVAL
%c#### JIT-MPROTECT range[0]=[0x280000000,0x290000000) source=MAP_JIT-EINVAL
%c#### JIT-MPROTECT range[0]=[0x280000000,0x290000000) source=MAP_JIT-EINVAL
%c#### JIT-MPROTECT range[0]=[0x280000000,0x290000000) source=MAP_JIT-EINVAL
%c#### JIT-MPROTECT range[0]=[0x280000000,0x290000000) source=MAP_JIT-EINVAL
%c#### JIT-MPROTECT range[0]=[0x280000000,0x290000000) source=MAP_JIT-EINVAL
%c#### JIT-MPROTECT range[0]=[0x170000000,0x180000000) source=MAP_JIT-EINVAL
%c#### JIT-MPROTECT call #1 addr=0x170000000 size=0x10000000 requested=0x7 effective=0x3 result=0 errno=0 caller=0x1167ee334 image=/Applications/Visual Studio Code.app/Contents/Frameworks/Electron Framework.framework/Versions/A/Electron Framework offset=0x63b2334
%c#### JIT-MPROTECT remap decline #1 dst=0x177dc0000 size=0x208000 src=0x112ae4000 requested=0x5 -> V8 copy fallback
%c#### JIT-MPROTECT flip #1 ranges=1 prot=RW writers=1 exec_waits=0 late_retries=0
%c#### JIT-MPROTECT flip #2 ranges=1 prot=RX writers=1 exec_waits=0 late_retries=0
%c#### JIT-MPROTECT flip #3 ranges=1 prot=RW writers=1 exec_waits=0 late_retries=0
%c#### JIT-MPROTECT flip #4 ranges=1 prot=RX writers=1 exec_waits=0 late_retries=0
%c#### JIT-MPROTECT flip #5 ranges=1 prot=RW writers=1 exec_waits=0 late_retries=0
%c#### JIT-MPROTECT flip #6 ranges=1 prot=RX writers=1 exec_waits=0 late_retries=0
%c#### JIT-MPROTECT flip #7 ranges=1 prot=RW writers=1 exec_waits=0 late_retries=0
%c#### JIT-MPROTECT flip #8 ranges=1 prot=RX writers=1 exec_waits=0 late_retries=0
%c#### JIT-MPROTECT flip #9 ranges=1 prot=RW writers=1 exec_waits=0 late_retries=0
%c#### JIT-MPROTECT flip #10 ranges=1 prot=RX writers=1 exec_waits=0 late_retries=0
%c#### JIT-MPROTECT flip #11 ranges=1 prot=RW writers=1 exec_waits=0 late_retries=0
%c#### JIT-MPROTECT flip #12 ranges=1 prot=RX writers=1 exec_waits=0 late_retries=0
%c#### JIT-MPROTECT flip #13 ranges=1 prot=RW writers=1 exec_waits=0 late_retries=0
%c#### JIT-MPROTECT flip #14 ranges=1 prot=RX writers=1 exec_waits=0 late_retries=0
%c#### JIT-MPROTECT flip #15 ranges=1 prot=RW writers=1 exec_waits=0 late_retries=0
%c#### JIT-MPROTECT flip #16 ranges=1 prot=RX writers=1 exec_waits=0 late_retries=0
%c#### JIT-MPROTECT flip #17 ranges=1 prot=RW writers=1 exec_waits=0 late_retries=0
%c#### JIT-MPROTECT flip #18 ranges=1 prot=RX writers=1 exec_waits=0 late_retries=0
%c#### JIT-MPROTECT flip #19 ranges=1 prot=RW writers=1 exec_waits=0 late_retries=0
%c#### JIT-MPROTECT flip #20 ranges=1 prot=RX writers=1 exec_waits=0 late_retries=0
%c#### JIT-MPROTECT flip #21 ranges=1 prot=RW writers=1 exec_waits=0 late_retries=0
%c#### JIT-MPROTECT flip #22 ranges=1 prot=RX writers=1 exec_waits=0 late_retries=0
%c#### JIT-MPROTECT flip #23 ranges=1 prot=RW writers=1 exec_waits=0 late_retries=0
%c#### JIT-MPROTECT flip #24 ranges=1 prot=RX writers=1 exec_waits=0 late_retries=0
%c#### JIT-MPROTECT flip #25 ranges=1 prot=RW writers=1 exec_waits=0 late_retries=0
%c#### JIT-MPROTECT flip #26 ranges=1 prot=RX writers=1 exec_waits=0 late_retries=0
%c#### JIT-MPROTECT flip #27 ranges=1 prot=RW writers=1 exec_waits=0 late_retries=0
%c#### JIT-MPROTECT flip #28 ranges=1 prot=RX writers=1 exec_waits=0 late_retries=0
%c#### JIT-MPROTECT flip #29 ranges=1 prot=RW writers=1 exec_waits=0 late_retries=0
%c#### JIT-MPROTECT flip #30 ranges=1 prot=RX writers=1 exec_waits=0 late_retries=0
%c#### JIT-MPROTECT flip #31 ranges=1 prot=RW writers=1 exec_waits=0 late_retries=0
%c#### JIT-MPROTECT flip #32 ranges=1 prot=RX writers=1 exec_waits=0 late_retries=0
%c#### JIT-MPROTECT flip #1024 ranges=1 prot=RX writers=1 exec_waits=0 late_retries=0
%c#### JIT-MPROTECT flip #2048 ranges=1 prot=RX writers=1 exec_waits=32 late_retries=2
 color: red color: red color: red color: red color: red color: red color: red color: red color: red color: red color: red color: red color: red color: red color: red color: red color: red color: red color: red color: red color: red color: red color: red color: red color: red color: red color: red color: red color: red color: red color: red color: red color: red color: red color: red color: red color: red color: red color: red color: red color: red color: red color: red color: red color: red color: red color: red color: red color: red color: red color: red color: red color: red color: red color: red color: red color: red color: red color: red color: red color: red color: red color: red color: red color: red color: red color: red color: red color: red color: red color: red color: red color: red color: red color: red color: red color: red color: red color: red color: red color: red color: red color: red color: red color: red color: red color: red", source: vscode-file://vscode-app/Applications/Visual%20Studio%20Code.app/Contents/Resources/app/out/vs/workbench/workbench.desktop.main.js (5359)
[70627:0728/060601.395335:INFO:CONSOLE:5359] "console.groupEnd", source: vscode-file://vscode-app/Applications/Visual%20Studio%20Code.app/Contents/Resources/app/out/vs/workbench/workbench.desktop.main.js (5359)
[70627:0728/060601.426827:VERBOSE1:content/browser/renderer_host/media/media_stream_manager.cc:1515] MSPL::OnSuspend([this=0x6002233a8])
[70627:0728/060601.426893:VERBOSE1:content/browser/renderer_host/media/media_stream_manager.cc:1515] MSPL::OnResume([this=0x6002233a8])
[70627:0728/060601.527887:ERROR:net/cert/internal/trust_store_mac.cc:773] SecItemCopyMatching error: Error Domain=NSOSStatusErrorDomain Code=-50 "paramErr: error in user parameter list" (-50)
[70627:0728/060601.792921:INFO:CONSOLE:442] "%c  ERR color: #f33 [vscode.mermaid-markdown-features]: Extension 'vscode.mermaid-markdown-features' CANNOT use 'legacyToolReferenceFullNames' without the 'chatParticipantPrivate' API proposal enabled", source: vscode-file://vscode-app/Applications/Visual%20Studio%20Code.app/Contents/Resources/app/out/vs/workbench/workbench.desktop.main.js (442)
#### JIT-MPROTECT flip #14336 ranges=1 prot=RX writers=1 exec_waits=4 late_retries=0
#### JIT-MPROTECT flip #15360 ranges=1 prot=RX writers=1 exec_waits=4 late_retries=0
#### IOSURFACE-RELEASE-ABI pair #5: conn=15879 surfaceID=267 sel=1 -> 0
#### IOSURFACE-RELEASE-ABI pair #6: conn=15879 surfaceID=294 sel=1 -> 0
#### IOSURFACE-RELEASE-ABI pair #7: conn=15879 surfaceID=295 sel=1 -> 0
#### AGX_LIFE CREATE id=0x47 type=0 surf=0 bytes=0x8000 kr=0 okC=250 failC=0 okD=36 failD=0 unmatchedD=0 full=0 live=214/67MB [t0=174/17MB t80=0/0MB t82=40/50MB]
#### IOSURFACE-RELEASE-ABI pair #8: conn=15879 surfaceID=176 sel=1 -> 0
#### JIT-MPROTECT flip #16384 ranges=1 prot=RX writers=1 exec_waits=4 late_retries=0
Unknown channel: agentHostClientByokLm
#### MTL_TEX plain DEPTH-STENCIL: pf=253 routing to native AGX path (IOSurface backing is invalid)
#### AGXIOC sel=0x9 type=0 args+0x14=0x2430 → 0x430 (stripped macOS-only bits 0x2800)
#### MTL_TEX plain DEPTH-STENCIL native result: 0x600cb0500 class=AGXG13GFamilyTexture
#### MTL_TEX plain MEMORYLESS: routing to native AGX path (no IOSurface — tile-memory-only) w=128 h=128 pf=253
#### MTL_TEX plain MEMORYLESS native result: 0x600cb9600 (class=AGXG13GFamilyTexture storageMode=3 length=999)
#### MTL_TEX plain MEMORYLESS: routing to native AGX path (no IOSurface — tile-memory-only) w=128 h=128 pf=10
#### MTL_TEX plain MEMORYLESS native result: 0x600cb1b80 (class=AGXG13GFamilyTexture storageMode=3 length=999)
#### AGX_SUBMIT_DIAG #75 TEMP-KCMD-ABI-FIX off=0 size=0x1b8->0x1a8 end=0x1e8->0x1d8 moved=0x88c new-total=0xa58
#### IOGPU-ERROR-GETTER observation=11 commandBuffer=0x600229300 class=AGXG13GFamilyCommandBuffer submitSerial=70 fixed=1 domain=MTLCommandBufferErrorDomain code=1 description=Internal Error (0000000a:Internal Error)
[70663:0728/060602.796308:ERROR:ui/gl/angle_platform_impl.cc:47] mtl_command_buffer.mm:693 (onCommandBufferCompleted): Completed MTLCommandBuffer failed, and error is Internal Error (0000000a:Internal Error)
#### JIT-MPROTECT flip #17408 ranges=1 prot=RX writers=1 exec_waits=4 late_retries=0
[70627:0728/060602.932274:INFO:CONSOLE:442] "%c INFO color: #33f [AccountPolicyGate] apply: state=inactive, reason=undefined, isRestricted=false", source: vscode-file://vscode-app/Applications/Visual%20Studio%20Code.app/Contents/Resources/app/out/vs/workbench/workbench.desktop.main.js (442)
[91m[main 2026-07-28T13:06:02.991Z][0m [AgentHost:stderr] (node:70696) [DEP0169] DeprecationWarning: `url.parse()` behavior is not standardized and prone to errors that have security implications. Use the WHATWG URL API instead. CVEs are not issued for `url.parse()` vulnerabilities.
(Use `Code Helper --trace-deprecation ...` to show where the warning was created)

[70627:0728/060603.206332:INFO:CONSOLE:442] "%c INFO color: #33f Settings Sync: Account status changed from uninitialized to unavailable", source: vscode-file://vscode-app/Applications/Visual%20Studio%20Code.app/Contents/Resources/app/out/vs/workbench/workbench.desktop.main.js (442)
#### AGX_SUBMIT_DIAG #82 TEMP-KCMD-ABI-FIX off=0 size=0x1b8->0x1a8 end=0x1e8->0x1d8 moved=0x88c new-total=0xa58
#### IOGPU-ERROR-GETTER observation=12 commandBuffer=0x6013a0a80 class=AGXG13GFamilyCommandBuffer submitSerial=79 fixed=1 domain=MTLCommandBufferErrorDomain code=1 description=Internal Error (0000000a:Internal Error)
[70663:0728/060603.396075:ERROR:ui/gl/angle_platform_impl.cc:47] mtl_command_buffer.mm:693 (onCommandBufferCompleted): Completed MTLCommandBuffer failed, and error is Internal Error (0000000a:Internal Error)
#### JIT-MPROTECT flip #18432 ranges=1 prot=RX writers=1 exec_waits=4 late_retries=0
#### IOSURFACE-RELEASE-ABI pair #9: conn=15879 surfaceID=181 sel=1 -> 0
[70627:0728/060603.895819:INFO:CONSOLE:5359] "Extension Host", source: vscode-file://vscode-app/Applications/Visual%20Studio%20Code.app/Contents/Resources/app/out/vs/workbench/workbench.desktop.main.js (5359)
[70627:0728/060603.896026:INFO:CONSOLE:5359] "%c#### JIT-MPROTECT flip #3072 ranges=1 prot=RX writers=1 exec_waits=32 late_retries=2
%c#### JIT-MPROTECT flip #4096 ranges=1 prot=RX writers=1 exec_waits=33 late_retries=2
 color: red color: red", source: vscode-file://vscode-app/Applications/Visual%20Studio%20Code.app/Contents/Resources/app/out/vs/workbench/workbench.desktop.main.js (5359)
[70627:0728/060603.896155:INFO:CONSOLE:5359] "console.groupEnd", source: vscode-file://vscode-app/Applications/Visual%20Studio%20Code.app/Contents/Resources/app/out/vs/workbench/workbench.desktop.main.js (5359)
#### IOSURFACE-RELEASE-ABI pair #10: conn=15879 surfaceID=173 sel=1 -> 0
#### IOSURFACE-RELEASE-ABI pair #11: conn=15879 surfaceID=248 sel=1 -> 0
#### IOSURFACE-RELEASE-ABI pair #12: conn=15879 surfaceID=183 sel=1 -> 0
Unknown channel: agentHostClientProxy
#### JIT-MPROTECT flip #7168 ranges=1 prot=RX writers=1 exec_waits=79 late_retries=3
[70627:0728/060604.179996:ERROR:components/os_crypt/common/keychain_password_mac.mm:148] Keychain lookup failed: Error Domain=NSOSStatusErrorDomain Code=-50 "paramErr: error in user parameter list" (-50)
#### IOGPU-ERROR-GETTER observation=13 commandBuffer=0x6013a1c00 class=AGXG13GFamilyCommandBuffer submitSerial=92 fixed=0 domain=MTLCommandBufferErrorDomain code=1 description=Internal Error (00000102:Internal Error)
[70663:0728/060604.350742:ERROR:ui/gl/angle_platform_impl.cc:47] mtl_command_buffer.mm:693 (onCommandBufferCompleted): Completed MTLCommandBuffer failed, and error is Internal Error (00000102:Internal Error)
#### IOGPU-ERROR-GETTER observation=14 commandBuffer=0x6013a2680 class=AGXG13GFamilyCommandBuffer submitSerial=93 fixed=0 domain=MTLCommandBufferErrorDomain code=1 description=Internal Error (00000102:Internal Error)
[70663:0728/060604.555239:ERROR:ui/gl/angle_platform_impl.cc:47] mtl_command_buffer.mm:693 (onCommandBufferCompleted): Completed MTLCommandBuffer failed, and error is Internal Error (00000102:Internal Error)
#### IOGPU-ERROR-GETTER observation=15 commandBuffer=0x6013ab280 class=AGXG13GFamilyCommandBuffer submitSerial=90 fixed=8 domain=MTLCommandBufferErrorDomain code=1 description=Internal Error (00000102:Internal Error)
[70663:0728/060604.555389:ERROR:ui/gl/angle_platform_impl.cc:47] mtl_command_buffer.mm:693 (onCommandBufferCompleted): Completed MTLCommandBuffer failed, and error is Internal Error (00000102:Internal Error)
#### AGX_SUBMIT_DIAG #97 TEMP-KCMD-ABI-FIX off=0 size=0x1b8->0x1a8 end=0x1e8->0x1d8 moved=0x88c new-total=0xa58
#### IOGPU-ERROR-GETTER observation=16 commandBuffer=0x6013a2680 class=AGXG13GFamilyCommandBuffer submitSerial=93 fixed=0 domain=MTLCommandBufferErrorDomain code=1 description=Internal Error (0000000a:Internal Error)
[70663:0728/060604.573537:ERROR:ui/gl/angle_platform_impl.cc:47] mtl_command_buffer.mm:693 (onCommandBufferCompleted): Completed MTLCommandBuffer failed, and error is Internal Error (0000000a:Internal Error)
#### IOGPU-ERROR-GETTER observation=17 commandBuffer=0x6013a3800 class=AGXG13GFamilyCommandBuffer submitSerial=95 fixed=0 domain=MTLCommandBufferErrorDomain code=1 description=Internal Error (0000000a:Internal Error)
[70663:0728/060604.573683:ERROR:ui/gl/angle_platform_impl.cc:47] mtl_command_buffer.mm:693 (onCommandBufferCompleted): Completed MTLCommandBuffer failed, and error is Internal Error (0000000a:Internal Error)
#### IOGPU-ERROR-GETTER observation=18 commandBuffer=0x6013a9300 class=AGXG13GFamilyCommandBuffer submitSerial=37 fixed=16 domain=MTLCommandBufferErrorDomain code=1 description=Internal Error (0000000a:Internal Error)
[70663:0728/060604.573837:ERROR:ui/gl/angle_platform_impl.cc:47] mtl_command_buffer.mm:693 (onCommandBufferCompleted): Completed MTLCommandBuffer failed, and error is Internal Error (0000000a:Internal Error)
#### IOGPU-ERROR-GETTER observation=19 commandBuffer=0x6013a3b80 class=AGXG13GFamilyCommandBuffer submitSerial=94 fixed=1 domain=MTLCommandBufferErrorDomain code=1 description=Internal Error (0000000a:Internal Error)
[70663:0728/060604.574068:ERROR:ui/gl/angle_platform_impl.cc:47] mtl_command_buffer.mm:693 (onCommandBufferCompleted): Completed MTLCommandBuffer failed, and error is Internal Error (0000000a:Internal Error)
#### AGX_SUBMIT_DIAG #102 TEMP-KCMD-ABI-FIX subtype1-clear pads=0x1c0,0x4c0 total=0x840->0x820 size=0x7e8->0x7c8 end=0x818->0x7f8 segment-span=0x820
#### AGX_SUBMIT_DIAG #103 TEMP-KCMD-ABI-FIX subtype1-clear pads=0x1c0,0x4c0 total=0x840->0x820 size=0x7e8->0x7c8 end=0x818->0x7f8 segment-span=0x820
#### AGX_SUBMIT_DIAG #103 TEMP-KCMD-TRAILING-WRAPPER-FIX match=16 subtype1=0..0x840->0..0x820 wrappers=1 range=0x840..0x858->0x820..0x838
#### JIT-MPROTECT flip #19456 ranges=1 prot=RX writers=1 exec_waits=4 late_retries=0
#### AGX_SUBMIT_DIAG #104 TEMP-KCMD-ABI-FIX subtype1-clear pads=0x1c0,0x4c0 total=0x840->0x820 size=0x7e8->0x7c8 end=0x818->0x7f8 segment-span=0x820
#### AGX_SUBMIT_DIAG #106 TEMP-KCMD-ABI-FIX subtype1-clear pads=0x1c0,0x4c0 total=0x840->0x820 size=0x7e8->0x7c8 end=0x818->0x7f8 segment-span=0x820
#### IOSURFACE-RELEASE-ABI pair #13: conn=15879 surfaceID=284 sel=1 -> 0
[70664:0728/060605.502711:VERBOSE1:net/base/network_delegate.cc:38] NetworkDelegate::NotifyBeforeURLRequest: https://main.vscode-cdn.net/extensions/marketplace.json
[70664:0728/060605.528867:VERBOSE1:net/base/network_delegate.cc:38] NetworkDelegate::NotifyBeforeURLRequest: https://mobile.events.data.microsoft.com/OneCollector/1.0?cors=true&content-type=application/x-json-stream
[70627:0728/060606.531769:INFO:CONSOLE:5359] "Extension Host", source: vscode-file://vscode-app/Applications/Visual%20Studio%20Code.app/Contents/Resources/app/out/vs/workbench/workbench.desktop.main.js (5359)
[70627:0728/060606.531961:INFO:CONSOLE:5359] "%c#### JIT-MPROTECT flip #5120 ranges=1 prot=RX writers=1 exec_waits=33 late_retries=2
 color: red", source: vscode-file://vscode-app/Applications/Visual%20Studio%20Code.app/Contents/Resources/app/out/vs/workbench/workbench.desktop.main.js (5359)
[70627:0728/060606.532076:INFO:CONSOLE:5359] "console.groupEnd", source: vscode-file://vscode-app/Applications/Visual%20Studio%20Code.app/Contents/Resources/app/out/vs/workbench/workbench.desktop.main.js (5359)
[91m[main 2026-07-28T13:06:06.535Z][0m [AgentHost:stderr] [CLI subprocess] #### MACWS_HID_BYPASS installed SetMatchingMultiple → no-op (1) at 0x1a5cf9e8c — skips iOS-format CFBinaryPlist parse inside
[CLI subprocess] ####   IOHIDEventSystemClientCacheMatchingServices → IOHIDUnserializeAndVMDealloc → CFPropertyListCreateFromStream
[CLI subprocess] ####   that BUS_ADRALNs in the IOMFBServer thread.
[CLI subprocess] #### MACWS_AGX_RENAMER_PATCH: off (set MACWS_AGX_RENAMER_PATCH=1 to enable)
[CLI subprocess] #### MACWS_ASSERT_BYPASS DISABLED (set MACWS_KEEP_ASSERT_BYPASS=1 to restore lazy bypass) — real __assert_rtn now reaches abort
[CLI subprocess] #### MACWS_AGX_NATIVE [ctor] pre-loaded IOGPU via /System/Library/PrivateFrameworks/IOGPU.framework/IOGPU -> 0x3ea2a4c10
#### JIT-MPROTECT flip #5120 ranges=1 prot=RX writers=1 exec_waits=46 late_retries=5
[CLI subprocess] #### XPC_BOOTSTRAP: fn=0x1a28b1140 dict=0x159005f30 (registering Metal/ViewBridge/HIServices)
[CLI subprocess] #### XPC_BOOTSTRAP: called OK
[CLI subprocess] #### COEXIST API SwapEnd hook installed target=0x1ad78f1cc trampoline=0x102904000
[CLI subprocess] #### SkyLight PrepareForUse tolerate-nil hook installed at 0x1a7b70fc4
[CLI subprocess] #### SkyLight StartCompositeForDisplayStream nil-skip hook installed at 0x1a7999d74
[CLI subprocess] #### SkyLight StartComposite(WSCD) tolerate-nil + pop-on-bail hook installed at 0x1a7999358
[CLI subprocess] #### SkyLight StartComposite(MTLTex) pop-on-bail hook installed at 0x1a7999fb8
[CLI subprocess] #### SkyLight EndCurrentComposite(bool) completion hook installed at 0x1a799853c
[CLI subprocess] #### SkyLight EndUpdate(bool) submission hook installed at 0x1a79980b0
[CLI subprocess] #### SkyLight _state_stack pop_back resolved at 0x1a7996fa0
[CLI subprocess] #### SkyLight WSCompositeDestinationCreateWithMetalTexture nil-tolerate hook installed at 0x1a799c53c
[CLI subprocess] #### SkyLight MetalContext::StopCapture invalid-this guard installed at 0x1a79981bc
[CLI subprocess] #### MACWS_AGX_NATIVE class_addMethod(MTLTextureDescriptor, validateWithDevice:) = 1
[CLI subprocess] #### MACWS_AGX_NATIVE class_addMethod(IOGPUMetalTexture, isMemoryless) = 1
[CLI subprocess] #### MACWS_AGX_NATIVE class_addMethod(IOGPUMetalTexture, getCPUSizeBytes) = 1
[CLI subprocess] #### MACWS_AGX_NATIVE class_addMethod(IOGPUMetalTexture, getAlignment) = 1
[CLI subprocess] #### MACWS_AGX_NATIVE class_addMethod(IOGPUMetalTexture, descriptorPrivate) = 1
[CLI subprocess] #### MACWS_AGX_NATIVE class_addMethod(IOGPUMetalTexture, getBytesPerRow) = 1
[CLI subprocess] #### MACWS_AGX_NATIVE class_addMethod(IOGPUMetalTexture, updateBindDataWithAddresses:gpuVirtualAddress:) = 1
[CLI subprocess] #### MACWS_AGX_NATIVE class_addMethod(IOGPUMetalTexture, updateBindDataWithAddresses:gpuVirtualAddress:shouldInitMetadata:) = 1
[CLI subprocess] #### MACWS_AGX_NATIVE class_addMethod(IOGPUMetalTexture, allocBufferSubDataWithLength:options:alignment:heapIndex:bufferIndex:bufferOffset:) = 1
[CLI subprocess] #### MACWS_AGX_NATIVE class_addMethod(IOGPUMetalTexture, initNewTextureData:) = 1
[CLI subprocess] #### MACWS_AGX_NATIVE class_addMethod(MTLTextureDescriptor, isMemoryless) = 1
[CLI subprocess] #### MACWS_AGX_NATIVE class_addMethod(MTLTextureDescriptor, protectionOptions) = 1
[CLI subprocess] #### MACWS_AGX_NATIVE class_addMethod(MTLTextureDescriptor, getCPUSizeBytes) = 1
[CLI subprocess] #### MACWS_AGX_NATIVE class_addMethod(MTLTextureDescriptor, getAlignment) = 1
[CLI subprocess] #### MACWS_AGX_NATIVE class_addMethod(MTLTextureDescriptor, descriptorPrivate) = 1
[CLI subprocess] #### MACWS_AGX_NATIVE class_addMethod(MTLTextureDescriptor, getBytesPerRow) = 1
[CLI subprocess] #### MACWS_AGX_NATIVE class_addMethod(MTLTextureDescriptor, updateBindDataWithAddresses:gpuVirtualAddress:) = 1
[CLI subprocess] #### MACWS_AGX_NATIVE class_addMethod(MTLTextureDescriptor, updateBindDataWithAddresses:gpuVirtualAddress:shouldInitMetadata:) = 1
[CLI subprocess] #### MACWS_AGX_NATIVE class_addMethod(MTLTextureDescriptor, allocBufferSubDataWithLength:options:alignment:heapIndex:bufferIndex:bufferOffset:) = 1
[CLI subprocess] #### MACWS_AGX_NATIVE class_addMethod(MTLTextureDescriptor, initNewTextureData:) = 1
[CLI subprocess] #
[CLI subprocess] # Fatal error
[CLI subprocess] # Oilpan: Out of memory (Oilpan: CagedHeap reservation.)
[CLI subprocess] #
[CLI subprocess] #
[CLI subprocess] #
[CLI subprocess] #FailureMessage Object: 0x16d656d28

[70627:0728/060606.541415:INFO:CONSOLE:442] "%c INFO color: #33f [AgentHost] No token resolved for resource: https://api.github.com", source: vscode-file://vscode-app/Applications/Visual%20Studio%20Code.app/Contents/Resources/app/out/vs/workbench/workbench.desktop.main.js (442)
[70627:0728/060606.541845:INFO:CONSOLE:442] "%c INFO color: #33f [AgentHost] No token resolved for resource: https://api.github.com", source: vscode-file://vscode-app/Applications/Visual%20Studio%20Code.app/Contents/Resources/app/out/vs/workbench/workbench.desktop.main.js (442)
[70627:0728/060606.542252:INFO:CONSOLE:442] "%c INFO color: #33f [AgentHost] No token resolved for resource: https://api.github.com", source: vscode-file://vscode-app/Applications/Visual%20Studio%20Code.app/Contents/Resources/app/out/vs/workbench/workbench.desktop.main.js (442)
[70627:0728/060606.545585:INFO:CONSOLE:442] "%c INFO color: #33f [AgentHost] No token resolved for resource: https://api.github.com", source: vscode-file://vscode-app/Applications/Visual%20Studio%20Code.app/Contents/Resources/app/out/vs/workbench/workbench.desktop.main.js (442)
[70627:0728/060606.546084:INFO:CONSOLE:442] "%c INFO color: #33f [AgentHost] No token resolved for resource: https://api.github.com", source: vscode-file://vscode-app/Applications/Visual%20Studio%20Code.app/Contents/Resources/app/out/vs/workbench/workbench.desktop.main.js (442)
[70627:0728/060606.546398:INFO:CONSOLE:442] "%c INFO color: #33f [AgentHost] No token resolved for resource: https://api.github.com", source: vscode-file://vscode-app/Applications/Visual%20Studio%20Code.app/Contents/Resources/app/out/vs/workbench/workbench.desktop.main.js (442)
[70627:0728/060606.549596:INFO:CONSOLE:442] "%c INFO color: #33f [AgentHost] No token resolved for resource: https://api.github.com", source: vscode-file://vscode-app/Applications/Visual%20Studio%20Code.app/Contents/Resources/app/out/vs/workbench/workbench.desktop.main.js (442)
[70627:0728/060606.549936:INFO:CONSOLE:442] "%c INFO color: #33f [AgentHost] No token resolved for resource: https://api.github.com", source: vscode-file://vscode-app/Applications/Visual%20Studio%20Code.app/Contents/Resources/app/out/vs/workbench/workbench.desktop.main.js (442)
[70627:0728/060606.550146:INFO:CONSOLE:442] "%c INFO color: #33f [AgentHost] No token resolved for resource: https://api.github.com", source: vscode-file://vscode-app/Applications/Visual%20Studio%20Code.app/Contents/Resources/app/out/vs/workbench/workbench.desktop.main.js (442)
[70627:0728/060606.601246:INFO:CONSOLE:442] "%c INFO color: #33f [AgentHost] No token resolved for resource: https://api.github.com/repos", source: vscode-file://vscode-app/Applications/Visual%20Studio%20Code.app/Contents/Resources/app/out/vs/workbench/workbench.desktop.main.js (442)
[70627:0728/060606.601529:INFO:CONSOLE:442] "%c INFO color: #33f [AgentHost] No token resolved for resource: https://api.github.com/repos", source: vscode-file://vscode-app/Applications/Visual%20Studio%20Code.app/Contents/Resources/app/out/vs/workbench/workbench.desktop.main.js (442)
[70627:0728/060606.601745:INFO:CONSOLE:442] "%c INFO color: #33f [AgentHost] No token resolved for resource: https://api.github.com/repos", source: vscode-file://vscode-app/Applications/Visual%20Studio%20Code.app/Contents/Resources/app/out/vs/workbench/workbench.desktop.main.js (442)
[70627:0728/060606.601960:INFO:CONSOLE:442] "%c INFO color: #33f [AgentHost] No token resolved for resource: https://api.github.com/repos", source: vscode-file://vscode-app/Applications/Visual%20Studio%20Code.app/Contents/Resources/app/out/vs/workbench/workbench.desktop.main.js (442)
[70627:0728/060606.602206:INFO:CONSOLE:442] "%c INFO color: #33f [AgentHost] No token resolved for resource: https://api.github.com/repos", source: vscode-file://vscode-app/Applications/Visual%20Studio%20Code.app/Contents/Resources/app/out/vs/workbench/workbench.desktop.main.js (442)
[70627:0728/060606.602421:INFO:CONSOLE:442] "%c INFO color: #33f [AgentHost] No token resolved for resource: https://api.github.com/repos", source: vscode-file://vscode-app/Applications/Visual%20Studio%20Code.app/Contents/Resources/app/out/vs/workbench/workbench.desktop.main.js (442)
[70627:0728/060606.602622:INFO:CONSOLE:442] "%c INFO color: #33f [AgentHost] No token resolved for resource: https://api.github.com/repos", source: vscode-file://vscode-app/Applications/Visual%20Studio%20Code.app/Contents/Resources/app/out/vs/workbench/workbench.desktop.main.js (442)
[70627:0728/060606.602815:INFO:CONSOLE:442] "%c INFO color: #33f [AgentHost] No token resolved for resource: https://api.github.com/repos", source: vscode-file://vscode-app/Applications/Visual%20Studio%20Code.app/Contents/Resources/app/out/vs/workbench/workbench.desktop.main.js (442)
[70627:0728/060606.603009:INFO:CONSOLE:442] "%c INFO color: #33f [AgentHost] No token resolved for resource: https://api.github.com/repos", source: vscode-file://vscode-app/Applications/Visual%20Studio%20Code.app/Contents/Resources/app/out/vs/workbench/workbench.desktop.main.js (442)
[70627:0728/060606.603209:INFO:CONSOLE:442] "%c INFO color: #33f [AgentHost] No token resolved for resource: https://api.github.com", source: vscode-file://vscode-app/Applications/Visual%20Studio%20Code.app/Contents/Resources/app/out/vs/workbench/workbench.desktop.main.js (442)
[70627:0728/060606.603391:INFO:CONSOLE:442] "%c INFO color: #33f [AgentHost] No token resolved for resource: https://api.github.com", source: vscode-file://vscode-app/Applications/Visual%20Studio%20Code.app/Contents/Resources/app/out/vs/workbench/workbench.desktop.main.js (442)
[70627:0728/060606.603583:INFO:CONSOLE:442] "%c INFO color: #33f [AgentHost] No token resolved for resource: https://api.github.com", source: vscode-file://vscode-app/Applications/Visual%20Studio%20Code.app/Contents/Resources/app/out/vs/workbench/workbench.desktop.main.js (442)
[70627:0728/060606.603772:INFO:CONSOLE:442] "%c INFO color: #33f [AgentHost] No token resolved for resource: https://api.github.com", source: vscode-file://vscode-app/Applications/Visual%20Studio%20Code.app/Contents/Resources/app/out/vs/workbench/workbench.desktop.main.js (442)
[70627:0728/060606.603957:INFO:CONSOLE:442] "%c INFO color: #33f [AgentHost] No token resolved for resource: https://api.github.com", source: vscode-file://vscode-app/Applications/Visual%20Studio%20Code.app/Contents/Resources/app/out/vs/workbench/workbench.desktop.main.js (442)
[70627:0728/060606.604138:INFO:CONSOLE:442] "%c INFO color: #33f [AgentHost] No token resolved for resource: https://api.github.com", source: vscode-file://vscode-app/Applications/Visual%20Studio%20Code.app/Contents/Resources/app/out/vs/workbench/workbench.desktop.main.js (442)
[70627:0728/060606.604323:INFO:CONSOLE:442] "%c INFO color: #33f [AgentHost] No token resolved for resource: https://api.github.com", source: vscode-file://vscode-app/Applications/Visual%20Studio%20Code.app/Contents/Resources/app/out/vs/workbench/workbench.desktop.main.js (442)
[70627:0728/060606.604954:INFO:CONSOLE:442] "%c INFO color: #33f [AgentHost] No token resolved for resource: https://api.github.com", source: vscode-file://vscode-app/Applications/Visual%20Studio%20Code.app/Contents/Resources/app/out/vs/workbench/workbench.desktop.main.js (442)
[70627:0728/060606.606070:INFO:CONSOLE:442] "%c INFO color: #33f [AgentHost] No token resolved for resource: https://api.github.com", source: vscode-file://vscode-app/Applications/Visual%20Studio%20Code.app/Contents/Resources/app/out/vs/workbench/workbench.desktop.main.js (442)
[70627:0728/060606.606371:INFO:CONSOLE:442] "%c INFO color: #33f [AgentHost] No token resolved for resource: https://api.github.com/repos", source: vscode-file://vscode-app/Applications/Visual%20Studio%20Code.app/Contents/Resources/app/out/vs/workbench/workbench.desktop.main.js (442)
[70627:0728/060606.606959:INFO:CONSOLE:442] "%c INFO color: #33f [AgentHost] No token resolved for resource: https://api.github.com/repos", source: vscode-file://vscode-app/Applications/Visual%20Studio%20Code.app/Contents/Resources/app/out/vs/workbench/workbench.desktop.main.js (442)
[70627:0728/060606.607453:INFO:CONSOLE:442] "%c INFO color: #33f [AgentHost] No token resolved for resource: https://api.github.com/repos", source: vscode-file://vscode-app/Applications/Visual%20Studio%20Code.app/Contents/Resources/app/out/vs/workbench/workbench.desktop.main.js (442)
[70627:0728/060606.607829:INFO:CONSOLE:442] "%c INFO color: #33f [AgentHost] No token resolved for resource: https://api.github.com/repos", source: vscode-file://vscode-app/Applications/Visual%20Studio%20Code.app/Contents/Resources/app/out/vs/workbench/workbench.desktop.main.js (442)
[70627:0728/060606.608095:INFO:CONSOLE:442] "%c INFO color: #33f [AgentHost] No token resolved for resource: https://api.github.com/repos", source: vscode-file://vscode-app/Applications/Visual%20Studio%20Code.app/Contents/Resources/app/out/vs/workbench/workbench.desktop.main.js (442)
[70627:0728/060606.608738:INFO:CONSOLE:442] "%c INFO color: #33f [AgentHost] No token resolved for resource: https://api.github.com/repos", source: vscode-file://vscode-app/Applications/Visual%20Studio%20Code.app/Contents/Resources/app/out/vs/workbench/workbench.desktop.main.js (442)
[70627:0728/060606.608965:INFO:CONSOLE:442] "%c INFO color: #33f [AgentHost] No token resolved for resource: https://api.github.com/repos", source: vscode-file://vscode-app/Applications/Visual%20Studio%20Code.app/Contents/Resources/app/out/vs/workbench/workbench.desktop.main.js (442)
[70627:0728/060606.609270:INFO:CONSOLE:442] "%c INFO color: #33f [AgentHost] No token resolved for resource: https://api.github.com/repos", source: vscode-file://vscode-app/Applications/Visual%20Studio%20Code.app/Contents/Resources/app/out/vs/workbench/workbench.desktop.main.js (442)
[70627:0728/060606.609513:INFO:CONSOLE:442] "%c INFO color: #33f [AgentHost] No token resolved for resource: https://api.github.com/repos", source: vscode-file://vscode-app/Applications/Visual%20Studio%20Code.app/Contents/Resources/app/out/vs/workbench/workbench.desktop.main.js (442)
[70664:0728/060606.612491:ERROR:net/socket/ssl_client_socket_impl.cc:924] handshake failed; returned -1, SSL error code 1, net_error -331
[70664:0728/060606.613062:ERROR:net/socket/ssl_client_socket_impl.cc:924] handshake failed; returned -1, SSL error code 1, net_error -331
[70627:0728/060606.630869:VERBOSE1:content/browser/renderer_host/media/media_stream_manager.cc:1515] MSPL::OnSuspend([this=0x6002233a8])
[70627:0728/060606.633399:VERBOSE1:content/browser/renderer_host/media/media_stream_manager.cc:1515] MSPL::OnResume([this=0x6002233a8])
[70664:0728/060606.639361:VERBOSE1:net/base/network_delegate.cc:38] NetworkDelegate::NotifyBeforeURLRequest: https://mobile.events.data.microsoft.com/OneCollector/1.0?cors=true&content-type=application/x-json-stream
[70627:0728/060606.750652:INFO:CONSOLE:5359] "Extension Host", source: vscode-file://vscode-app/Applications/Visual%20Studio%20Code.app/Contents/Resources/app/out/vs/workbench/workbench.desktop.main.js (5359)
[70627:0728/060606.751350:INFO:CONSOLE:5359] "%c#### JIT-MPROTECT flip #6144 ranges=1 prot=RX writers=1 exec_waits=33 late_retries=2
 color: red", source: vscode-file://vscode-app/Applications/Visual%20Studio%20Code.app/Contents/Resources/app/out/vs/workbench/workbench.desktop.main.js (5359)
[70627:0728/060606.751807:INFO:CONSOLE:5359] "console.groupEnd", source: vscode-file://vscode-app/Applications/Visual%20Studio%20Code.app/Contents/Resources/app/out/vs/workbench/workbench.desktop.main.js (5359)
[70627:0728/060606.890195:INFO:CONSOLE:442] "%c INFO color: #33f [perf] Render performance baseline is 127ms", source: vscode-file://vscode-app/Applications/Visual%20Studio%20Code.app/Contents/Resources/app/out/vs/workbench/workbench.desktop.main.js (442)
[70664:0728/060607.190328:VERBOSE1:net/base/network_delegate.cc:38] NetworkDelegate::NotifyBeforeURLRequest: https://marketplace.visualstudio.com/_apis/public/gallery/vscode/github/copilot-chat/latest
[70664:0728/060607.783099:VERBOSE1:net/base/network_delegate.cc:38] NetworkDelegate::NotifyBeforeURLRequest: https://marketplace.visualstudio.com/_apis/public/gallery/vscode/github/copilot-chat/latest
#### JIT-MPROTECT flip #20480 ranges=1 prot=RX writers=1 exec_waits=9 late_retries=1
[70627:0728/060608.092566:INFO:CONSOLE:1092] "%c[Extension Host] %cGit installation not found. color: blue color: ", source: vscode-file://vscode-app/Applications/Visual%20Studio%20Code.app/Contents/Resources/app/out/vs/workbench/workbench.desktop.main.js (1092)
#### IOSURFACE-RELEASE-ABI pair #14: conn=15879 surfaceID=172 sel=1 -> 0
#### IOSURFACE-RELEASE-ABI pair #15: conn=15879 surfaceID=252 sel=1 -> 0
#### MTL_TEX plain DEPTH-STENCIL: pf=253 routing to native AGX path (IOSurface backing is invalid)
#### MTL_TEX plain DEPTH-STENCIL native result: 0x6012eaf00 class=AGXG13GFamilyTexture
#### MTL_TEX plain MEMORYLESS native result: 0x6012e2300 (class=AGXG13GFamilyTexture storageMode=3 length=999)
#### IOSURFACE-RELEASE-ABI pair #16: conn=15879 surfaceID=285 sel=1 -> 0
[70627:0728/060608.380559:INFO:CONSOLE:5359] "Extension Host", source: vscode-file://vscode-app/Applications/Visual%20Studio%20Code.app/Contents/Resources/app/out/vs/workbench/workbench.desktop.main.js (5359)
[70627:0728/060608.380716:INFO:CONSOLE:5359] "%c#### JIT-MPROTECT flip #7168 ranges=1 prot=RX writers=1 exec_waits=34 late_retries=2
 color: red", source: vscode-file://vscode-app/Applications/Visual%20Studio%20Code.app/Contents/Resources/app/out/vs/workbench/workbench.desktop.main.js (5359)
[70627:0728/060608.380801:INFO:CONSOLE:5359] "console.groupEnd", source: vscode-file://vscode-app/Applications/Visual%20Studio%20Code.app/Contents/Resources/app/out/vs/workbench/workbench.desktop.main.js (5359)
[70664:0728/060609.880696:VERBOSE1:net/base/network_delegate.cc:38] NetworkDelegate::NotifyBeforeURLRequest: https://mobile.events.data.microsoft.com/OneCollector/1.0?cors=true&content-type=application/x-json-stream
[70664:0728/060610.432066:VERBOSE1:net/base/network_delegate.cc:38] NetworkDelegate::NotifyBeforeURLRequest: https://mobile.events.data.microsoft.com/OneCollector/1.0?cors=true&content-type=application/x-json-stream
[70627:0728/060610.610194:VERBOSE1:content/browser/renderer_host/media/media_stream_manager.cc:1515] MSPL::OnSuspend([this=0x6002233a8])
[70627:0728/060610.950783:VERBOSE1:content/browser/renderer_host/media/media_stream_manager.cc:1515] MSPL::OnResume([this=0x6002233a8])
[91m[main 2026-07-28T13:06:11.351Z][0m ProxyResolver#loadSystemCertificates error 206
[70627:0728/060611.365401:INFO:CONSOLE:442] "%c  ERR color: #f33 [Extension Host] (node:70697) [DEP0169] DeprecationWarning: `url.parse()` behavior is not standardized and prone to errors that have security implications. Use the WHATWG URL API instead. CVEs are not issued for `url.parse()` vulnerabilities.
(Use `Code Helper (Plugin) --trace-deprecation ...` to show where the warning was created)", source: vscode-file://vscode-app/Applications/Visual%20Studio%20Code.app/Contents/Resources/app/out/vs/workbench/workbench.desktop.main.js (442)
[70627:0728/060611.365473:INFO:CONSOLE:1092] "%c[Extension Host] %c(node:70697) [DEP0169] DeprecationWarning: `url.parse()` behavior is not standardized and prone to errors that have security implications. Use the WHATWG URL API instead. CVEs are not issued for `url.parse()` vulnerabilities.
(Use `Code Helper (Plugin) --trace-deprecation ...` to show where the warning was created) color: blue color: ", source: vscode-file://vscode-app/Applications/Visual%20Studio%20Code.app/Contents/Resources/app/out/vs/workbench/workbench.desktop.main.js (1092)
[70664:0728/060613.742914:VERBOSE1:net/base/network_delegate.cc:38] NetworkDelegate::NotifyBeforeURLRequest: https://mobile.events.data.microsoft.com/OneCollector/1.0?cors=true&content-type=application/x-json-stream
[70664:0728/060615.120434:ERROR:net/socket/ssl_client_socket_impl.cc:924] handshake failed; returned -1, SSL error code 1, net_error -331
[70627:0728/060615.120783:VERBOSE1:content/browser/renderer_host/media/media_stream_manager.cc:1515] MSPL::OnSuspend([this=0x6002233a8])
[70664:0728/060615.120810:ERROR:net/socket/ssl_client_socket_impl.cc:924] handshake failed; returned -1, SSL error code 1, net_error -331
[70627:0728/060615.867725:VERBOSE1:content/browser/renderer_host/media/media_stream_manager.cc:1515] MSPL::OnResume([this=0x6002233a8])
[70627:0728/060617.447840:VERBOSE1:electron/shell/browser/electron_browser_main_parts_posix.cc:145] Handling shutdown for signal 15.
[90m[main 2026-07-28T13:06:17.635Z][0m Extension host with pid 70697 exited with code: 0, signal: unknown.
#### JIT-MPROTECT flip #8192 ranges=1 prot=RX writers=1 exec_waits=79 late_retries=3
