[launchdchrootexec] target=/Applications/Visual Studio Code.app/Contents/MacOS/Electron arch=arm64 insert=/usr/local/lib/libmachook_arm64.dylib
getppid = 1
#### MACWS_HID_BYPASS installed SetMatchingMultiple → no-op (1) at 0x1ad8d5e8c — skips iOS-format CFBinaryPlist parse inside
####   IOHIDEventSystemClientCacheMatchingServices → IOHIDUnserializeAndVMDealloc → CFPropertyListCreateFromStream
####   that BUS_ADRALNs in the IOMFBServer thread.
#### MACWS_AGX_RENAMER_PATCH: off (set MACWS_AGX_RENAMER_PATCH=1 to enable)
#### MACWS_ASSERT_BYPASS DISABLED (set MACWS_KEEP_ASSERT_BYPASS=1 to restore lazy bypass) — real __assert_rtn now reaches abort
#### MACWS_AGX_NATIVE [ctor] pre-loaded IOGPU via /System/Library/PrivateFrameworks/IOGPU.framework/IOGPU -> 0x3fa56cc10
#### XPC_BOOTSTRAP: fn=0x1aa48d140 dict=0x1326130c0 (registering Metal/ViewBridge/HIServices)
#### XPC_BOOTSTRAP: called OK
#### COEXIST API SwapEnd hook installed target=0x1b536b1cc trampoline=0x100638000
#### SkyLight PrepareForUse tolerate-nil hook installed at 0x1af74cfc4
#### SkyLight StartCompositeForDisplayStream nil-skip hook installed at 0x1af575d74
#### SkyLight StartComposite(WSCD) tolerate-nil + pop-on-bail hook installed at 0x1af575358
#### SkyLight StartComposite(MTLTex) pop-on-bail hook installed at 0x1af575fb8
#### SkyLight EndCurrentComposite(bool) completion hook installed at 0x1af57453c
#### SkyLight EndUpdate(bool) submission hook installed at 0x1af5740b0
#### SkyLight _state_stack pop_back resolved at 0x1af572fa0
#### SkyLight WSCompositeDestinationCreateWithMetalTexture nil-tolerate hook installed at 0x1af57853c
#### SkyLight MetalContext::StopCapture invalid-this guard installed at 0x1af5741bc
#### MACWS_AGX_NATIVE class_addMethod(MTLTextureDescriptor, validateWithDevice:) = 1
#### MACWS_AGX_NATIVE class_addMethod(IOGPUMetalTexture, isMemoryless) = 1
#### MACWS_AGX_NATIVE class_addMethod(IOGPUMetalTexture, getCPUSizeBytes) = 1
#### MACWS_AGX_NATIVE class_addMethod(IOGPUMetalTexture, getAlignment) = 1
#### MACWS_AGX_NATIVE class_addMethod(IOGPUMetalTexture, descriptorPrivate) = 1
#### MACWS_AGX_NATIVE class_addMethod(IOGPUMetalTexture, getBytesPerRow) = 1
#### MACWS_AGX_NATIVE class_addMethod(IOGPUMetalTexture, updateBindDataWithAddresses:gpuVirtualAddress:) = 1
#### MACWS_AGX_NATIVE class_addMethod(IOGPUMetalTexture, updateBindDataWithAddresses:gpuVirtualAddress:shouldInitMetadata:) = 1
#### MACWS_AGX_NATIVE class_addMethod(IOGPUMetalTexture, allocBufferSubDataWithLength:options:alignment:heapIndex:bufferIndex:bufferOffset:) = 1
#### MACWS_AGX_NATIVE class_addMethod(IOGPUMetalTexture, initNewTextureData:) = 1
#### MACWS_AGX_NATIVE class_addMethod(MTLTextureDescriptor, isMemoryless) = 1
#### MACWS_AGX_NATIVE class_addMethod(MTLTextureDescriptor, protectionOptions) = 1
#### MACWS_AGX_NATIVE class_addMethod(MTLTextureDescriptor, getCPUSizeBytes) = 1
#### MACWS_AGX_NATIVE class_addMethod(MTLTextureDescriptor, getAlignment) = 1
#### MACWS_AGX_NATIVE class_addMethod(MTLTextureDescriptor, descriptorPrivate) = 1
#### MACWS_AGX_NATIVE class_addMethod(MTLTextureDescriptor, getBytesPerRow) = 1
#### MACWS_AGX_NATIVE class_addMethod(MTLTextureDescriptor, updateBindDataWithAddresses:gpuVirtualAddress:) = 1
#### MACWS_AGX_NATIVE class_addMethod(MTLTextureDescriptor, updateBindDataWithAddresses:gpuVirtualAddress:shouldInitMetadata:) = 1
#### MACWS_AGX_NATIVE class_addMethod(MTLTextureDescriptor, allocBufferSubDataWithLength:options:alignment:heapIndex:bufferIndex:bufferOffset:) = 1
#### MACWS_AGX_NATIVE class_addMethod(MTLTextureDescriptor, initNewTextureData:) = 1
#### APP-INPUT READY pid=34466 socket=/private/tmp/macws_app_input.34466.sock abi=3 record=52
#### APP-INPUT THREAD pid=34466 socket=3
#### AMFI-POLICY-COMPAT policy=AMFI op=0x60 status=0x4 (iOS task ports are hard-immovable)
#### CSR-POLICY-COMPAT active_config=0x0 (conservative iOS compatibility value)
[34466:0728/135947.934839:VERBOSE1:components/device_event_log/device_event_log_impl.cc:204] [13:59:47.914] Display: EVENT: screen_mac.mm:465 Displays updated, count: 1
[34466:0728/135947.935287:VERBOSE1:components/device_event_log/device_event_log_impl.cc:204] [13:59:47.935] Display: EVENT: screen_mac.mm:467 Display[1] bounds=[0,0 1194x834], workarea=[0,25 1194x809], scale=2, rotation=0, panel_rotation=0 internal detected
#### JIT-MPROTECT range[0]=[0x280000000,0x290000000) source=MAP_JIT-EINVAL
#### JIT-MPROTECT execution barrier installed (W^X fetch-wait compatibility)
#### JIT-MPROTECT range[0]=[0x280000000,0x290000000) source=MAP_JIT-EINVAL
#### JIT-MPROTECT range[0]=[0x280000000,0x290000000) source=MAP_JIT-EINVAL
#### JIT-MPROTECT range[0]=[0x280000000,0x290000000) source=MAP_JIT-EINVAL
#### JIT-MPROTECT range[0]=[0x280000000,0x290000000) source=MAP_JIT-EINVAL
#### JIT-MPROTECT range[0]=[0x280000000,0x290000000) source=MAP_JIT-EINVAL
#### JIT-MPROTECT range[0]=[0x280000000,0x290000000) source=MAP_JIT-EINVAL
#### JIT-MPROTECT range[0]=[0x280000000,0x290000000) source=MAP_JIT-EINVAL
#### JIT-MPROTECT range[0]=[0x280000000,0x290000000) source=MAP_JIT-EINVAL
#### JIT-MPROTECT range[0]=[0x280000000,0x290000000) source=MAP_JIT-EINVAL
#### JIT-MPROTECT range[0]=[0x150000000,0x160000000) source=MAP_JIT-EINVAL
#### JIT-MPROTECT call #1 addr=0x150000000 size=0x10000000 requested=0x7 effective=0x3 result=0 errno=0 caller=0x1134fa334 image=/Applications/Visual Studio Code.app/Contents/Frameworks/Electron Framework.framework/Versions/A/Electron Framework offset=0x63b2334
#### JIT-MPROTECT remap decline #1 dst=0x157dc0000 size=0x208000 src=0x10f7f0000 requested=0x5 -> V8 copy fallback
#### JIT-MPROTECT flip #1 ranges=1 prot=RW writers=1 exec_waits=0 late_retries=0
#### JIT-MPROTECT flip #2 ranges=1 prot=RX writers=1 exec_waits=0 late_retries=0
#### JIT-MPROTECT flip #3 ranges=1 prot=RW writers=1 exec_waits=0 late_retries=0
#### JIT-MPROTECT flip #4 ranges=1 prot=RX writers=1 exec_waits=1 late_retries=0
#### JIT-MPROTECT flip #5 ranges=1 prot=RW writers=1 exec_waits=1 late_retries=0
#### JIT-MPROTECT flip #6 ranges=1 prot=RX writers=1 exec_waits=2 late_retries=0
#### JIT-MPROTECT flip #7 ranges=1 prot=RW writers=1 exec_waits=2 late_retries=0
#### JIT-MPROTECT flip #8 ranges=1 prot=RX writers=1 exec_waits=3 late_retries=0
#### JIT-MPROTECT flip #9 ranges=1 prot=RW writers=1 exec_waits=3 late_retries=0
#### JIT-MPROTECT flip #10 ranges=1 prot=RX writers=1 exec_waits=4 late_retries=0
#### JIT-MPROTECT flip #11 ranges=1 prot=RW writers=1 exec_waits=4 late_retries=0
#### JIT-MPROTECT flip #12 ranges=1 prot=RX writers=1 exec_waits=5 late_retries=0
#### JIT-MPROTECT flip #13 ranges=1 prot=RW writers=1 exec_waits=5 late_retries=0
#### JIT-MPROTECT flip #14 ranges=1 prot=RX writers=1 exec_waits=5 late_retries=0
#### JIT-MPROTECT flip #15 ranges=1 prot=RW writers=1 exec_waits=5 late_retries=0
#### JIT-MPROTECT flip #16 ranges=1 prot=RX writers=1 exec_waits=5 late_retries=0
#### JIT-MPROTECT flip #17 ranges=1 prot=RW writers=1 exec_waits=5 late_retries=0
#### JIT-MPROTECT flip #18 ranges=1 prot=RX writers=1 exec_waits=5 late_retries=0
#### JIT-MPROTECT flip #19 ranges=1 prot=RW writers=1 exec_waits=5 late_retries=0
#### JIT-MPROTECT flip #20 ranges=1 prot=RX writers=1 exec_waits=6 late_retries=0
#### JIT-MPROTECT flip #21 ranges=1 prot=RW writers=1 exec_waits=6 late_retries=0
#### JIT-MPROTECT flip #22 ranges=1 prot=RX writers=1 exec_waits=6 late_retries=0
#### JIT-MPROTECT flip #23 ranges=1 prot=RW writers=1 exec_waits=6 late_retries=0
#### JIT-MPROTECT flip #24 ranges=1 prot=RX writers=1 exec_waits=7 late_retries=0
#### JIT-MPROTECT flip #25 ranges=1 prot=RW writers=1 exec_waits=7 late_retries=0
#### JIT-MPROTECT flip #26 ranges=1 prot=RX writers=1 exec_waits=8 late_retries=0
#### JIT-MPROTECT flip #27 ranges=1 prot=RW writers=1 exec_waits=8 late_retries=0
#### JIT-MPROTECT flip #28 ranges=1 prot=RX writers=1 exec_waits=9 late_retries=0
#### JIT-MPROTECT flip #29 ranges=1 prot=RW writers=1 exec_waits=9 late_retries=0
#### JIT-MPROTECT flip #30 ranges=1 prot=RX writers=1 exec_waits=10 late_retries=0
#### JIT-MPROTECT flip #31 ranges=1 prot=RW writers=1 exec_waits=10 late_retries=0
#### JIT-MPROTECT flip #32 ranges=1 prot=RX writers=1 exec_waits=11 late_retries=0
#### JIT-MPROTECT flip #1024 ranges=1 prot=RX writers=1 exec_waits=393 late_retries=8
#### MACWS_HID_BYPASS installed SetMatchingMultiple → no-op (1) at 0x1ad8d5e8c — skips iOS-format CFBinaryPlist parse inside
####   IOHIDEventSystemClientCacheMatchingServices → IOHIDUnserializeAndVMDealloc → CFPropertyListCreateFromStream
####   that BUS_ADRALNs in the IOMFBServer thread.
#### MACWS_AGX_RENAMER_PATCH: off (set MACWS_AGX_RENAMER_PATCH=1 to enable)
#### MACWS_ASSERT_BYPASS DISABLED (set MACWS_KEEP_ASSERT_BYPASS=1 to restore lazy bypass) — real __assert_rtn now reaches abort
#### MACWS_AGX_NATIVE [ctor] pre-loaded IOGPU via /System/Library/PrivateFrameworks/IOGPU.framework/IOGPU -> 0x3fa56cc10
#### XPC_BOOTSTRAP: fn=0x1aa48d140 dict=0x1370069b0 (registering Metal/ViewBridge/HIServices)
#### XPC_BOOTSTRAP: called OK
#### COEXIST API SwapEnd hook installed target=0x1b536b1cc trampoline=0x100ab4000
#### SkyLight PrepareForUse tolerate-nil hook installed at 0x1af74cfc4
#### SkyLight StartCompositeForDisplayStream nil-skip hook installed at 0x1af575d74
#### SkyLight StartComposite(WSCD) tolerate-nil + pop-on-bail hook installed at 0x1af575358
#### SkyLight StartComposite(MTLTex) pop-on-bail hook installed at 0x1af575fb8
#### SkyLight EndCurrentComposite(bool) completion hook installed at 0x1af57453c
#### SkyLight EndUpdate(bool) submission hook installed at 0x1af5740b0
#### SkyLight _state_stack pop_back resolved at 0x1af572fa0
#### SkyLight WSCompositeDestinationCreateWithMetalTexture nil-tolerate hook installed at 0x1af57853c
#### SkyLight MetalContext::StopCapture invalid-this guard installed at 0x1af5741bc
#### MACWS_AGX_NATIVE class_addMethod(MTLTextureDescriptor, validateWithDevice:) = 1
#### MACWS_AGX_NATIVE class_addMethod(IOGPUMetalTexture, isMemoryless) = 1
#### MACWS_AGX_NATIVE class_addMethod(IOGPUMetalTexture, getCPUSizeBytes) = 1
#### MACWS_AGX_NATIVE class_addMethod(IOGPUMetalTexture, getAlignment) = 1
#### MACWS_AGX_NATIVE class_addMethod(IOGPUMetalTexture, descriptorPrivate) = 1
#### MACWS_AGX_NATIVE class_addMethod(IOGPUMetalTexture, getBytesPerRow) = 1
#### MACWS_AGX_NATIVE class_addMethod(IOGPUMetalTexture, updateBindDataWithAddresses:gpuVirtualAddress:) = 1
#### MACWS_AGX_NATIVE class_addMethod(IOGPUMetalTexture, updateBindDataWithAddresses:gpuVirtualAddress:shouldInitMetadata:) = 1
#### MACWS_AGX_NATIVE class_addMethod(IOGPUMetalTexture, allocBufferSubDataWithLength:options:alignment:heapIndex:bufferIndex:bufferOffset:) = 1
#### MACWS_AGX_NATIVE class_addMethod(IOGPUMetalTexture, initNewTextureData:) = 1
#### MACWS_AGX_NATIVE class_addMethod(MTLTextureDescriptor, isMemoryless) = 1
#### MACWS_AGX_NATIVE class_addMethod(MTLTextureDescriptor, protectionOptions) = 1
#### MACWS_AGX_NATIVE class_addMethod(MTLTextureDescriptor, getCPUSizeBytes) = 1
#### MACWS_AGX_NATIVE class_addMethod(MTLTextureDescriptor, getAlignment) = 1
#### MACWS_AGX_NATIVE class_addMethod(MTLTextureDescriptor, descriptorPrivate) = 1
#### MACWS_AGX_NATIVE class_addMethod(MTLTextureDescriptor, getBytesPerRow) = 1
#### MACWS_AGX_NATIVE class_addMethod(MTLTextureDescriptor, updateBindDataWithAddresses:gpuVirtualAddress:) = 1
#### MACWS_AGX_NATIVE class_addMethod(MTLTextureDescriptor, updateBindDataWithAddresses:gpuVirtualAddress:shouldInitMetadata:) = 1
#### MACWS_AGX_NATIVE class_addMethod(MTLTextureDescriptor, allocBufferSubDataWithLength:options:alignment:heapIndex:bufferIndex:bufferOffset:) = 1
#### MACWS_AGX_NATIVE class_addMethod(MTLTextureDescriptor, initNewTextureData:) = 1
[34466:0728/135948.315119:ERROR:third_party/crashpad/crashpad/util/file/file_io.cc:103] ReadExactly: expected 8, observed 0
[34466:0728/135948.335889:VERBOSE1:components/proxy_config/pref_proxy_config_tracker_impl.cc:462] 0x6004e2700: set chrome proxy config service to 0x6004d1a40

DevTools listening on ws://127.0.0.1:9222/devtools/browser/9c208aaf-3701-4acf-a457-23e91c551a2b
[34466:0728/135948.351342:VERBOSE1:content/browser/first_party_sets/first_party_sets_handler_impl_instance.cc:270] Empty path. Failed initializing First-Party Sets database.
#### MACWS_HID_BYPASS installed SetMatchingMultiple → no-op (1) at 0x1ad8d5e8c — skips iOS-format CFBinaryPlist parse inside
####   IOHIDEventSystemClientCacheMatchingServices → IOHIDUnserializeAndVMDealloc → CFPropertyListCreateFromStream
####   that BUS_ADRALNs in the IOMFBServer thread.
#### MACWS_AGX_RENAMER_PATCH: off (set MACWS_AGX_RENAMER_PATCH=1 to enable)
#### MACWS_ASSERT_BYPASS DISABLED (set MACWS_KEEP_ASSERT_BYPASS=1 to restore lazy bypass) — real __assert_rtn now reaches abort
#### MACWS_AGX_NATIVE [ctor] pre-loaded IOGPU via /System/Library/PrivateFrameworks/IOGPU.framework/IOGPU -> 0x3fa56cc10
#### XPC_BOOTSTRAP: fn=0x1aa48d140 dict=0x144612f10 (registering Metal/ViewBridge/HIServices)
#### XPC_BOOTSTRAP: called OK
#### COEXIST API SwapEnd hook installed target=0x1b536b1cc trampoline=0x1042ec000
#### MACWS_HID_BYPASS installed SetMatchingMultiple → no-op (1) at 0x1ad8d5e8c — skips iOS-format CFBinaryPlist parse inside
####   IOHIDEventSystemClientCacheMatchingServices → IOHIDUnserializeAndVMDealloc → CFPropertyListCreateFromStream
####   that BUS_ADRALNs in the IOMFBServer thread.
#### MACWS_AGX_RENAMER_PATCH: off (set MACWS_AGX_RENAMER_PATCH=1 to enable)
#### MACWS_ASSERT_BYPASS DISABLED (set MACWS_KEEP_ASSERT_BYPASS=1 to restore lazy bypass) — real __assert_rtn now reaches abort
#### MACWS_AGX_NATIVE [ctor] pre-loaded IOGPU via /System/Library/PrivateFrameworks/IOGPU.framework/IOGPU -> 0x3fa56cc10
#### SkyLight PrepareForUse tolerate-nil hook installed at 0x1af74cfc4
#### XPC_BOOTSTRAP: fn=0x1aa48d140 dict=0x13891c0d0 (registering Metal/ViewBridge/HIServices)
#### XPC_BOOTSTRAP: called OK
#### SkyLight StartCompositeForDisplayStream nil-skip hook installed at 0x1af575d74
#### COEXIST API SwapEnd hook installed target=0x1b536b1cc trampoline=0x1030d4000
#### SkyLight StartComposite(WSCD) tolerate-nil + pop-on-bail hook installed at 0x1af575358
#### SkyLight StartComposite(MTLTex) pop-on-bail hook installed at 0x1af575fb8
#### SkyLight EndCurrentComposite(bool) completion hook installed at 0x1af57453c
#### SkyLight EndUpdate(bool) submission hook installed at 0x1af5740b0
#### SkyLight _state_stack pop_back resolved at 0x1af572fa0
#### SkyLight WSCompositeDestinationCreateWithMetalTexture nil-tolerate hook installed at 0x1af57853c
#### SkyLight PrepareForUse tolerate-nil hook installed at 0x1af74cfc4
#### SkyLight MetalContext::StopCapture invalid-this guard installed at 0x1af5741bc
#### SkyLight StartCompositeForDisplayStream nil-skip hook installed at 0x1af575d74
#### MACWS_AGX_NATIVE class_addMethod(MTLTextureDescriptor, validateWithDevice:) = 1
#### MACWS_AGX_NATIVE class_addMethod(IOGPUMetalTexture, isMemoryless) = 1
#### MACWS_AGX_NATIVE class_addMethod(IOGPUMetalTexture, getCPUSizeBytes) = 1
#### MACWS_AGX_NATIVE class_addMethod(IOGPUMetalTexture, getAlignment) = 1
#### MACWS_AGX_NATIVE class_addMethod(IOGPUMetalTexture, descriptorPrivate) = 1
#### MACWS_AGX_NATIVE class_addMethod(IOGPUMetalTexture, getBytesPerRow) = 1
#### MACWS_AGX_NATIVE class_addMethod(IOGPUMetalTexture, updateBindDataWithAddresses:gpuVirtualAddress:) = 1
#### MACWS_AGX_NATIVE class_addMethod(IOGPUMetalTexture, updateBindDataWithAddresses:gpuVirtualAddress:shouldInitMetadata:) = 1
#### MACWS_AGX_NATIVE class_addMethod(IOGPUMetalTexture, allocBufferSubDataWithLength:options:alignment:heapIndex:bufferIndex:bufferOffset:) = 1
#### MACWS_AGX_NATIVE class_addMethod(IOGPUMetalTexture, initNewTextureData:) = 1
#### MACWS_AGX_NATIVE class_addMethod(MTLTextureDescriptor, isMemoryless) = 1
#### MACWS_AGX_NATIVE class_addMethod(MTLTextureDescriptor, protectionOptions) = 1
#### MACWS_AGX_NATIVE class_addMethod(MTLTextureDescriptor, getCPUSizeBytes) = 1
#### MACWS_AGX_NATIVE class_addMethod(MTLTextureDescriptor, getAlignment) = 1
#### MACWS_AGX_NATIVE class_addMethod(MTLTextureDescriptor, descriptorPrivate) = 1
#### MACWS_AGX_NATIVE class_addMethod(MTLTextureDescriptor, getBytesPerRow) = 1
#### MACWS_AGX_NATIVE class_addMethod(MTLTextureDescriptor, updateBindDataWithAddresses:gpuVirtualAddress:) = 1
#### MACWS_AGX_NATIVE class_addMethod(MTLTextureDescriptor, updateBindDataWithAddresses:gpuVirtualAddress:shouldInitMetadata:) = 1
#### MACWS_AGX_NATIVE class_addMethod(MTLTextureDescriptor, allocBufferSubDataWithLength:options:alignment:heapIndex:bufferIndex:bufferOffset:) = 1
#### MACWS_AGX_NATIVE class_addMethod(MTLTextureDescriptor, initNewTextureData:) = 1
#### SkyLight StartComposite(WSCD) tolerate-nil + pop-on-bail hook installed at 0x1af575358
#### SkyLight StartComposite(MTLTex) pop-on-bail hook installed at 0x1af575fb8
#### SkyLight EndCurrentComposite(bool) completion hook installed at 0x1af57453c
#### SkyLight EndUpdate(bool) submission hook installed at 0x1af5740b0
#### SkyLight _state_stack pop_back resolved at 0x1af572fa0
#### SkyLight WSCompositeDestinationCreateWithMetalTexture nil-tolerate hook installed at 0x1af57853c
#### SkyLight MetalContext::StopCapture invalid-this guard installed at 0x1af5741bc
#### MACWS_AGX_NATIVE class_addMethod(MTLTextureDescriptor, validateWithDevice:) = 1
#### MACWS_AGX_NATIVE class_addMethod(IOGPUMetalTexture, isMemoryless) = 1
#### MACWS_AGX_NATIVE class_addMethod(IOGPUMetalTexture, getCPUSizeBytes) = 1
#### MACWS_AGX_NATIVE class_addMethod(IOGPUMetalTexture, getAlignment) = 1
#### MACWS_AGX_NATIVE class_addMethod(IOGPUMetalTexture, descriptorPrivate) = 1
#### MACWS_AGX_NATIVE class_addMethod(IOGPUMetalTexture, getBytesPerRow) = 1
#### MACWS_AGX_NATIVE class_addMethod(IOGPUMetalTexture, updateBindDataWithAddresses:gpuVirtualAddress:) = 1
#### MACWS_AGX_NATIVE class_addMethod(IOGPUMetalTexture, updateBindDataWithAddresses:gpuVirtualAddress:shouldInitMetadata:) = 1
#### MACWS_AGX_NATIVE class_addMethod(IOGPUMetalTexture, allocBufferSubDataWithLength:options:alignment:heapIndex:bufferIndex:bufferOffset:) = 1
#### MACWS_AGX_NATIVE class_addMethod(IOGPUMetalTexture, initNewTextureData:) = 1
#### MACWS_AGX_NATIVE class_addMethod(MTLTextureDescriptor, isMemoryless) = 1
#### MACWS_AGX_NATIVE class_addMethod(MTLTextureDescriptor, protectionOptions) = 1
#### MACWS_AGX_NATIVE class_addMethod(MTLTextureDescriptor, getCPUSizeBytes) = 1
#### MACWS_AGX_NATIVE class_addMethod(MTLTextureDescriptor, getAlignment) = 1
#### MACWS_AGX_NATIVE class_addMethod(MTLTextureDescriptor, descriptorPrivate) = 1
#### MACWS_AGX_NATIVE class_addMethod(MTLTextureDescriptor, getBytesPerRow) = 1
#### MACWS_AGX_NATIVE class_addMethod(MTLTextureDescriptor, updateBindDataWithAddresses:gpuVirtualAddress:) = 1
#### MACWS_AGX_NATIVE class_addMethod(MTLTextureDescriptor, updateBindDataWithAddresses:gpuVirtualAddress:shouldInitMetadata:) = 1
#### MACWS_AGX_NATIVE class_addMethod(MTLTextureDescriptor, allocBufferSubDataWithLength:options:alignment:heapIndex:bufferIndex:bufferOffset:) = 1
#### MACWS_AGX_NATIVE class_addMethod(MTLTextureDescriptor, initNewTextureData:) = 1
2026-07-28 13:59:48.620 Electron[34466:9113792] id createVolumeObserverSubsystem(NSWorkspaceNotificationCenter *): Failed to create volume observer.
2026-07-28 13:59:48.620 Electron[34466:9113792] id createVolumeObserverSubsystem(NSWorkspaceNotificationCenter *): Failed to create volume observer.
2026-07-28 13:59:48.621 Electron[34466:9113792] id createVolumeObserverSubsystem(NSWorkspaceNotificationCenter *): Failed to create volume observer.
2026-07-28 13:59:48.720 Electron[34466:9113792] XType: Using static font registry.
#### AMFI-POLICY-COMPAT policy=AMFI op=0x60 status=0x4 (iOS task ports are hard-immovable)
#### CSR-POLICY-COMPAT active_config=0x0 (conservative iOS compatibility value)
#### AMFI-POLICY-COMPAT policy=AMFI op=0x60 status=0x4 (iOS task ports are hard-immovable)
#### CSR-POLICY-COMPAT active_config=0x0 (conservative iOS compatibility value)
[34487:0728/135948.825143:ERROR:base/process/process_mac.cc:53] task_policy_set TASK_CATEGORY_POLICY: (os/kern) invalid argument (4)
[34488:0728/135948.824860:ERROR:base/process/process_mac.cc:53] task_policy_set TASK_CATEGORY_POLICY: (os/kern) invalid argument (4)
#### tile-encoder forwards: class MTLSimRenderCommandEncoder NOT found
#### IOGPU-CALLBACK-DIAG installed queueClass=0x2059308d0 method=0x0 orig=0x0 bufferClass=0x205930830 method=0x1c74a79a5 orig=0x1c748abe8 errorMethod=0x1b3ce3e01 errorOrig=0x1b3bb5dcc (file-gated)
#### NSXPCSharedListener class=0x205cabbd8
#### NSXPCSharedListener endpointForReply swizzle installed
#### NSXPCSharedListener connectToService swizzle installed
#### NSXPCSharedListener connectToService intercepted (graceful fail)
[34466:0728/135948.926767:WARNING:content/browser/child_process_task_port_provider_mac.cc:53] AppleMobileFileIntegrity is disabled. The browser will not collect child process task ports.
[34466:0728/135948.930568:ERROR:net/cert/internal/trust_store_mac.cc:489] SecKeychainAddCallback failed: Error Domain=NSOSStatusErrorDomain Code=-50 "paramErr: error in user parameter list" (-50)
[34466:0728/135948.930707:ERROR:net/cert/internal/trust_store_mac.cc:489] SecKeychainAddCallback failed: Error Domain=NSOSStatusErrorDomain Code=-50 "paramErr: error in user parameter list" (-50)
Warning: 'remote-debugging-port' is not in the list of known options, but still passed to Electron/Chromium.
Warning: 'remote-allow-origins' is not in the list of known options, but still passed to Electron/Chromium.
Warning: 'use-angle' is not in the list of known options, but still passed to Electron/Chromium.
Warning: 'ignore-gpu-blocklist' is not in the list of known options, but still passed to Electron/Chromium.
Warning: 'disable-features' is not in the list of known options, but still passed to Electron/Chromium.
Warning: 'enable-logging' is not in the list of known options, but still passed to Electron/Chromium.
[34466:0728/135949.029873:VERBOSE1:components/proxy_config/pref_proxy_config_tracker_impl.cc:462] 0x601e14780: set chrome proxy config service to 0x6004d4600
[34466:0728/135949.032667:VERBOSE1:components/device_event_log/device_event_log_impl.cc:204] [13:59:49.032] Bluetooth: EVENT: bluetooth_api.cc:82 BluetoothAPI: 0x6001869e0
[34466:0728/135949.035729:VERBOSE1:base/files/file_util_posix.cc:309] Cannot stat "/tmp/macws-vscode-profile-agx-native-targetfix12/Code Cache/pc": No such file or directory (2)
[34466:0728/135949.038526:VERBOSE1:base/files/file_util_posix.cc:309] Cannot stat "/tmp/macws-vscode-profile-agx-native-targetfix12/databases": No such file or directory (2)
#### JIT-MPROTECT flip #2048 ranges=1 prot=RX writers=1 exec_waits=719 late_retries=13
#### MACWS_AGX_NATIVE pre-loaded IOGPU via /System/Library/PrivateFrameworks/IOGPU.framework/IOGPU -> 0x3fa56cc10
#### MACWS_AGX_NATIVE dlsym(IOGPUResourceCreate) = 0x1c749e0a0
#### MACWS_AGX_NATIVE dlsym(IOGPUMetalCommonResourceCreate) = 0x0
#### MACWS_AGX_NATIVE dlsym(IOGPUDeviceCreateWithAPIProperty) = 0x1c749c0fc
#### MACWS_AGX_NATIVE dlsym(_IOGPUMetalAllocateResource) = 0x0
#### MACWS_AGX_NATIVE dlsym(IOGPUMetalAllocateResource) = 0x0
#### AGX_CLASSREF_DIAG newTexture iosurface alloc class @0x244bf1298 = 0x24719a5f0 name=AGXG13GFamilyTexture
#### AGX_CLASSREF_DIAG initImpl method m=0x20fda93ad imp=0x20fd92284 expected stub=0x20fda2880 real=0x20fd92284 WHICH=AGXG13GFamilyTexture-real
#### MACWS_AGX_OBJC_AUTDA_PATCH msgSendSuper2=0x1aa3ade00 code=0x1aa3ade00 autda@0x1aa3ade10 insn=0xdac11a30
####   PATCHED autda x16,x17 → xpacd x16 (0xdac11a30 → 0xdac147f0)
#### MACWS_AGX_SEL_DIAG super-init SEL static=0x1cffc6f26 slid=0x1fa30ef26 readable=1
####   bytes="initWithDevice:descriptor:iosurface:plane:field:args:argsSize:"
####   sel_registerName(...) = 0x1fa30ef26 name="initWithDevice:descriptor:iosurface:plane:field:args:argsSize:"
####   objc_getClass(IOGPUMetalTexture) = 0x205930fb0
####   IOGPUMetalTexture method count = 71
####     - initNewTextureData:
####     - updateBindDataWithAddresses:gpuVirtualAddress:shouldInitMetadata:
####     - initWithBuffer:descriptor:offset:bytesPerRow:
####     - initWithBuffer:descriptor:sysMemOffset:sysMemRowBytes:vidMemSize:vidMemRowBytes:args:argsSize:
####     - initWithBuffer:descriptor:sysMemOffset:sysMemRowBytes:vidMemSize:vidMemRowBytes:args:argsSize:isStrideTexture:
####     - initWithDevice:descriptor:iosurface:plane:field:args:argsSize:
####     - initWithDevice:descriptor:sysMemSize:sysMemRowBytes:vidMemSize:vidMemRowBytes:args:argsSize:
####     - initWithDevice:remoteStorageTexture:args:argsSize:
####     - initWithHeap:resource:offset:length:device:descriptor:
####     - initWithTexture:pixelFormat:
####     - initWithTexture:pixelFormat:textureType:levels:slices:
####     - initWithTexture:pixelFormat:textureType:levels:slices:swizzle:
####     - initWithTextureInternal:pixelFormat:textureType:levels:slices:swizzle:compressedView:
####     - initWithPrimaryBuffer:heapIndex:bufferIndex:bufferOffset:length:descriptor:sysMemRowBytes:vidMemSize:vidMemRowBytes:args:argsSize:
####   AGXTexture super class = 0x0 ((nil))
####   super responds to "initWithDevice:desc:iosurface:plane:" = 0 (Method=0x0)
####   super responds to "initWithDevice:descriptor:iosurface:plane:" = 0 (Method=0x0)
####   super responds to "initWithDevice:descriptor:iosurface:plane:field:args:argsSize:" = 0 (Method=0x0)
####   super responds to "initImplWithDevice:Descriptor:iosurface:plane:buffer:bytesPerRow:allowNPOT:sparsePageSize:isCompressedIOSurface:isHeapBacked:" = 0 (Method=0x0)
#### MACWS_AGX_STUB_FIX objc_msgSendSuper2
####   stub@0x20fda5fc0 insns=[d01cf7f1 9132a231 f9400230 d71f0a11]
####   slot@0x249ca3ca8 value=0x1aa3ade00 sym=objc_msgSendSuper2 base=0x1aa3a4000 path=/usr/lib/libobjc.A.dylib
####   PATCHED → br 0x1aa3ade00 (movz/movk/movk/br)
####   new=[d29bc010 f2b54750 f2c00030 d61f0200]
#### MACWS_AGX_NATIVE objc_getClass(AGXBuffer) = 0x0
#### MACWS_AGX_NATIVE __objc_classlist: 52 entries
####   classlist[0] = 0x24719a6b8 name=AGXBuffer registered=0x0
####   classlist[1] = 0x24719a2f8 name=AGXG13GFamilyBinaryArchive registered=0x0
####   classlist[2] = 0x24719a168 name=AGXG13GFamilyBlitContext registered=0x0
####   classlist[3] = 0x2471997e0 name=AGXG13GFamilyResourceStateContext registered=0x0
####   classlist[4] = 0x247199fd8 name=AGXG13GFamilyBuffer registered=0x0
####   classlist[5] = 0x247199830 name=AGXG13GFamilyCommandBuffer registered=0x0
#### MACWS_AGX_NATIVE objc_duplicateClass=0x1aa3d3cb8
#### MACWS_AGX_NATIVE imageinfo=0x241904a58 sz=8
2026-07-28 13:59:49.096 Electron[34466:9113792] Error received in message reply handler: Connection invalid
2026-07-28 13:59:49.096 Electron[34466:9113844] Connection Invalid error for service com.apple.hiservices-xpcservice.
#### PREREGISTER image[627] AGXMetal13_3: 52/52 realized
#### PREREGISTER image[628] GPURawCounter: 6/6 realized
#### MACWS_AGX_NATIVE register pass 0: 0 new (total 58)
#### MACWS_AGX_NATIVE realized 58/52 classes
#### MACWS_AGX_NATIVE AGXBuffer after register: 0x24719a6b8
#### MACWS_AGX_NATIVE [AGXBuffer alloc] = 0x600211680
#### MACWS_AGX_NATIVE swizzled initUntrackedInternalBufferWithDevice:length:options:
#### MACWS_AGX_NATIVE swizzled initWithDevice:length:alignment:options:isSuballocDisabled:resourceInArgs:pinnedGPULocation:
#### MACWS_AGX_NATIVE tracing -[AGXBuffer initWithDevice:options:args:argsSize:] (nil preserved)
#### LIBOBJC dlsym(objc_constructInstance) = 0x1aa3bac08
#### LIBOBJC dlsym(_dyld_objc_notify_register) = 0x1aa74f480
#### LIBOBJC dlsym(_dyld_objc_register_callbacks) = 0x1aa751abc
#### LIBOBJC dlsym(objc_readClassPair) = 0x1aa3c0bdc
#### LIBOBJC dlsym(objc_registerClassPair) = 0x1aa3b1a3c
#### LIBOBJC dlsym(_objc_realizeClassFromSwift) = 0x1aa3c0d34
#### LIBOBJC dlsym(objc_addLoadImageFunc) = 0x1aa3c07c8
#### LIBOBJC dlsym(_objc_init) = 0x1aa3a6004
#### CLASS_DETAIL [0] 0x24719a6b8 name=AGXBuffer super=0x2059307e0 (IOGPUMetalBuffer) meta=0
#### CLASS_DETAIL [1] 0x24719a2f8 name=AGXG13GFamilyBinaryArchive super=0x205cc73b8 (_MTLBinaryArchive) meta=0
#### CLASS_DETAIL [2] 0x24719a168 name=AGXG13GFamilyBlitContext super=0x2059307b8 (IOGPUMetalBlitCommandEncoder) meta=0
#### CLASS_DETAIL [3] 0x2471997e0 name=AGXG13GFamilyResourceStateContext super=0x205930f88 (IOGPUMetalResourceStateCommandEncoder) meta=0
#### CLASS_DETAIL [4] 0x247199fd8 name=AGXG13GFamilyBuffer super=0x24719a6b8 (AGXBuffer) meta=0
#### CLASS_DETAIL [5] 0x247199830 name=AGXG13GFamilyCommandBuffer super=0x205930830 (IOGPUMetalCommandBuffer) meta=0
#### CLASS_DETAIL [6] 0x24719a208 name=AGXG13GFamilyCommandQueue super=0x2059308d0 (IOGPUMetalCommandQueue) meta=0
#### CLASS_DETAIL [7] 0x24719a118 name=AGXG13GFamilyComputePipeline super=0x205cc5d88 (_MTLComputePipelineState) meta=0
#### CLASS_DETAIL [8] 0x24719a0c8 name=AGXG13GFamilyDeadlineProfile super=0x205742e70 (NSObject) meta=0
#### CLASS_DETAIL [9] 0x2471998d0 name=AGXG13GFamilyDebugContext super=0x205930970 (IOGPUMetalDebugCommandEncoder) meta=0
#### CLASS_DETAIL [10] 0x24719a000 name=AGXG13GFamilyDepthStencilState super=0x205cc5db0 (_MTLDepthStencilState) meta=0
#### CLASS_DETAIL [11] 0x24719a2d0 name=AGXG13GFamilyDynamicLibrary super=0x205cc7db8 (_MTLDynamicLibrary) meta=0
#### CLASS_DETAIL [12] 0x24719a1b8 name=AGXG13GFamilyComputeContext super=0x205930948 (IOGPUMetalComputeCommandEncoder) meta=0
#### CLASS_DETAIL [13] 0x247199e70 name=AGXG13GFamilyFunctionHandle super=0x205cc79a8 (_MTLFunctionHandle) meta=0
#### CLASS_DETAIL [14] 0x24719a2a8 name=AGXG13GFamilyHeap super=0x205930bf0 (IOGPUMetalHeap) meta=0
#### CLASS_DETAIL [15] 0x24719a280 name=AGXG13GFamilySparseHeap super=0x205cc8e48 (_MTLHeap) meta=0
#### MACWS_AGX_NATIVE __objc_classrefs: 105 entries, 0 null
####   class AGXBuffer = 0x24719a6b8
####   class AGXCommandQueue = 0x0
####   class AGXCommandBuffer = 0x0
####   class AGXMetalCommandQueue = 0x0
####   class AGXMetalCommandBuffer = 0x0
####   class AGXMetalBuffer = 0x0
####   class AGXMetalTexture = 0x0
####   class AGXMetalHeap = 0x0
####   class AGXMetalResource = 0x0
####   class AGXMetalDevice = 0x0
####   class AGXMetalFence = 0x0
####   class AGXTexture = 0x24719a708
####   class IOGPUMetalBuffer = 0x2059307e0
####   class IOGPUMetalCommandBuffer = 0x205930830
####   class IOGPUMetalCommandQueue = 0x2059308d0
####   class IOGPUMetalDevice = 0x2059309c0
####   class IOGPUMetalHeap = 0x205930bf0
####   class IOGPUMetalResource = 0x205930ec0
####   class IOGPUMetalTexture = 0x205930fb0
####   class IOGPUMetalFence = 0x205930b50
####   class IOGPUMTLLateEvalEvent = 0x205de3c70
#### CLASSREF [0] @0x244bf1250 -> 0x205cc5428 name=MTLCompiler
#### CLASSREF [1] @0x244bf1258 -> 0x2057616e0 name=NSDictionary
#### CLASSREF [2] @0x244bf1260 -> 0x205768348 name=NSError
#### CLASSREF [3] @0x244bf1268 -> 0x24719a4b0 name=AGXG13GFamilyComputeOrFragmentOrTileProgram
#### CLASSREF [4] @0x244bf1270 -> 0x24719a4d8 name=AGXG13GFamilyFragmentProgram
#### CLASSREF [5] @0x244bf1278 -> 0x24719a550 name=AGXG13GFamilyVertexProgram
#### CLASSREF [6] @0x244bf1280 -> 0x205761848 name=NSMutableDictionary
#### CLASSREF [7] @0x244bf1288 -> 0x24719a5a0 name=AGXG13GFamilyTileProgram
#### CLASSREF [8] @0x244bf1290 -> 0x24719a578 name=AGXG13GFamilyComputeProgram
#### CLASSREF [9] @0x244bf1298 -> 0x24719a5f0 name=AGXG13GFamilyTexture
#### CLASSREF [10] @0x244bf12a0 -> 0x205cc5bd0 name=MTLTextureDescriptor
#### CLASSREF [11] @0x244bf12a8 -> 0x24719a168 name=AGXG13GFamilyBlitContext
#### CLASSREF [12] @0x244bf12b0 -> 0x2471997e0 name=AGXG13GFamilyResourceStateContext
#### CLASSREF [13] @0x244bf12b8 -> 0x247199d58 name=AGXG13GFamilyRayTracingGPUBuilder
#### CLASSREF [14] @0x244bf12c0 -> 0x24719a190 name=AGXG13GFamilyRenderContext
#### CLASSREF [15] @0x244bf12c8 -> 0x24719a1b8 name=AGXG13GFamilyComputeContext
#### CLASSREF [16] @0x244bf12d0 -> 0x24719a1e0 name=AGXG13GFamilyThreadedRenderPass
#### CLASSREF [17] @0x244bf12d8 -> 0x247199dd0 name=AGXG13GFamilySampledRenderContext
#### CLASSREF [18] @0x244bf12e0 -> 0x247199e98 name=AGXG13GFamilySampledComputeContext
#### CLASSREF [19] @0x244bf12e8 -> 0x205761668 name=NSData
#### CLASSREF [20] @0x244bf12f0 -> 0x247199830 name=AGXG13GFamilyCommandBuffer
#### CLASSREF [21] @0x244bf12f8 -> 0x205cc81c8 name=_MTLProgramAddressTableMappedBinary
#### CLASSREF [22] @0x244bf1300 -> 0x205cc8178 name=_MTLPipelineStateBinary
#### CLASSREF [23] @0x244bf1308 -> 0x2057615a0 name=NSArray
#### MACWS_GOT AGXMetal13_3: symtab=8331 syms, strtab=461166853 bytes, indirect=555 entries
####   sect[0] __DATA_CONST,__got type=0 entries=97 indirect_start=228 auth=0
####   bind[1] _MTLCommonCounterSetTimestamp -> 0x1fe425290 (slot=0x2419039e0 auth=0)
####   bind[2] _MTLCommonCounterTimestamp -> 0x1fe4251a0 (slot=0x2419039e8 auth=0)
####   bind[3] _MTLCompileTimeStatisticsKeyBackend -> 0x202fd8f60 (slot=0x2419039f0 auth=0)
####   bind[4] _MTLCompileTimeStatisticsKeyCachedFunction -> 0x202fd8f10 (slot=0x2419039f8 auth=0)
####   bind[5] _MTLCompileTimeStatisticsKeyCompilerTotal -> 0x202fd8f48 (slot=0x241903a00 auth=0)
####   bind[6] _MTLCompileTimeStatisticsKeyDriverTotal -> 0x202fd8f40 (slot=0x241903a08 auth=0)
####   bind[7] _MTLCompileTimeStatisticsKeyFunctionName -> 0x202fd8f08 (slot=0x241903a10 auth=0)
####   bind[8] _MTLCompileTimeStatisticsKeyMTLCompilerService -> 0x202fd8f20 (slot=0x241903a18 auth=0)
####   bind[9] _MTLCompileTimeStatisticsKeyOptimization -> 0x202fd8f58 (slot=0x241903a20 auth=0)
####   bind[10] _MTLCompileTimeStatisticsKeyPipelineTotal -> 0x202fd8f18 (slot=0x241903a28 auth=0)
####   bind[11] _MTLCompileTimeStatisticsKeyPipelinesCompute -> 0x202fd7e30 (slot=0x241903a30 auth=0)
####   IOGPU-CRITICAL _OBJC_IVAR_$_IOGPUMTLLateEvalEvent._eventName = 0x2034ba9d0 (slot=0x241903b28 auth=0)
####   IOGPU-CRITICAL _OBJC_IVAR_$_IOGPUMetalBuffer._primaryBuffer = 0x2034ba91c (slot=0x241903b30 auth=0)
####   IOGPU-CRITICAL _OBJC_IVAR_$_IOGPUMetalCommandQueue._commandQueue = 0x2034ba960 (slot=0x241903b38 auth=0)
####   IOGPU-CRITICAL _OBJC_IVAR_$_IOGPUMetalDevice._segmentByteThreshold = 0x2034baa2c (slot=0x241903b40 auth=0)
####   IOGPU-CRITICAL _OBJC_IVAR_$_IOGPUMetalFence._fenceIndex = 0x2034baaa8 (slot=0x241903b48 auth=0)
####   IOGPU-CRITICAL _OBJC_IVAR_$_IOGPUMetalHeap._resource = 0x2034baac4 (slot=0x241903b50 auth=0)
####   IOGPU-CRITICAL _OBJC_IVAR_$_IOGPUMetalResource._res = 0x2034baaf4 (slot=0x241903b58 auth=0)
####   IOGPU-CRITICAL _OBJC_IVAR_$_IOGPUMetalTexture._arrayLength = 0x2034bab38 (slot=0x241903b60 auth=0)
####   IOGPU-CRITICAL _OBJC_IVAR_$_IOGPUMetalTexture._depth = 0x2034bab34 (slot=0x241903b68 auth=0)
####   IOGPU-CRITICAL _OBJC_IVAR_$_IOGPUMetalTexture._height = 0x2034bab30 (slot=0x241903b70 auth=0)
####   IOGPU-CRITICAL _OBJC_IVAR_$_IOGPUMetalTexture._isCompressed = 0x2034bab54 (slot=0x241903b78 auth=0)
####   IOGPU-CRITICAL _OBJC_IVAR_$_IOGPUMetalTexture._mipmapLevelCount = 0x2034bab3c (slot=0x241903b80 auth=0)
####   IOGPU-CRITICAL _OBJC_IVAR_$_IOGPUMetalTexture._numFaces = 0x2034bab8c (slot=0x241903b88 auth=0)
####   IOGPU-CRITICAL _OBJC_IVAR_$_IOGPUMetalTexture._parentTexture = 0x2034bab58 (slot=0x241903b90 auth=0)
####   IOGPU-CRITICAL _OBJC_IVAR_$_IOGPUMetalTexture._pixelFormat = 0x2034bab28 (slot=0x241903b98 auth=0)
####   IOGPU-CRITICAL _OBJC_IVAR_$_IOGPUMetalTexture._sampleCount = 0x2034bab40 (slot=0x241903ba0 auth=0)
####   IOGPU-CRITICAL _OBJC_IVAR_$_IOGPUMetalTexture._textureType = 0x2034bab24 (slot=0x241903ba8 auth=0)
####   IOGPU-CRITICAL _OBJC_IVAR_$_IOGPUMetalTexture._width = 0x2034bab2c (slot=0x241903bb0 auth=0)
####   sect[7] __AUTH_CONST,__auth_got type=0 entries=230 indirect_start=325 auth=1
####   IOGPU-CRITICAL _IOGPUCommandQueueGetConnect = 0x1c749db88 (slot=0x248b4f448 auth=1)
####   IOGPU-CRITICAL _IOGPUCommandQueueGetID = 0x1c749dbd0 (slot=0x248b4f450 auth=1)
####   IOGPU-CRITICAL _IOGPUDeviceGetConnect = 0x1c749c654 (slot=0x248b4f458 auth=1)
####   IOGPU-CRITICAL _IOGPUDeviceGetNextGlobalTraceID = 0x1c749c7f0 (slot=0x248b4f460 auth=1)
####   IOGPU-CRITICAL _IOGPUDeviceTraceEvent = 0x1c749c8bc (slot=0x248b4f468 auth=1)
####   IOGPU-CRITICAL _IOGPUMetalCommandBufferStorageBeginKernelCommands = 0x1c748cad8 (slot=0x248b4f470 auth=1)
####   IOGPU-CRITICAL _IOGPUMetalCommandBufferStorageEndKernelCommands = 0x1c748cc2c (slot=0x248b4f478 auth=1)
####   IOGPU-CRITICAL _IOGPUResourceListAddResource = 0x1c749f1c8 (slot=0x248b4f480 auth=1)
####   IOGPU-CRITICAL _IOGPUResourceListMerge = 0x1c749f278 (slot=0x248b4f488 auth=1)
####   IOGPU-CRITICAL _IOGPUResourceListMergeLists = 0x1c749f354 (slot=0x248b4f490 auth=1)
####   bind[131] _IOSurfaceGetAddressFormatOfPlane -> 0x1043f6f30 (slot=0x248b4f4c8 auth=1 FORCE)
####   bind[133] _IOSurfaceGetBaseAddressOfPlane -> 0x1043f6d0c (slot=0x248b4f4d8 auth=1 FORCE)
####   bind[135] _IOSurfaceGetBytesPerRowOfPlane -> 0x1043f633c (slot=0x248b4f4e8 auth=1 FORCE)
####   bind[136] _IOSurfaceGetBytesPerTileDataOfPlane -> 0x1043f6500 (slot=0x248b4f4f0 auth=1 FORCE)
####   bind[141] _IOSurfaceGetCompressionTypeOfPlane -> 0x1043f5df0 (slot=0x248b4f518 auth=1 FORCE)
####   bind[142] _IOSurfaceGetHeightInCompressedTilesOfPlane -> 0x1043f5fb8 (slot=0x248b4f520 auth=1 FORCE)
####   bind[145] _IOSurfaceGetWidthInCompressedTilesOfPlane -> 0x1043f6178 (slot=0x248b4f538 auth=1 FORCE)
####   bind[286] _objc_alloc -> 0x1043f57b8 (slot=0x248b4f9c0 auth=1 FORCE)
####   IOGPU-CRITICAL _objc_autoreleasePoolPop = 0x1aa3b0a7c (slot=0x248b4f9d8 auth=1)
####   IOGPU-CRITICAL _objc_autoreleasePoolPush = 0x1aa3b0934 (slot=0x248b4f9e0 auth=1)
#### MACWS_GOT AGXMetal13_3: indirect_slots=327 patched=323 failed=0
#### MACWS_AGX_NATIVE __auth_got section NOT FOUND
#### MACWS_AGX_NATIVE __got: 97 entries, 0 null, 97 non-null
#### MACWS_AGX_NATIVE dlopen AGXMetal13_3 OK h=0x3fa50b950
#### MACWS_AGX_NATIVE +[NSBundle bundleWithPath:AGXMetal13_3.bundle] = 0x600123ae0 id=com.apple.AGXMetal13-3
#### MACWS_AGX_NATIVE bundle loadAndReturnError: 1 (err=nil) loaded=1
#### MACWS_AGX_NATIVE bundle pathForResource:ds.g13g = /System/Library/Extensions/AGXMetal13_3.bundle/Contents/Resources/ds.g13g
#### MACWS_AGX_NATIVE getMetalPluginClassForService: returning class AGXG13GFamilyDevice = 0x24719a0f0
#### CBRI_HOOK: installed (orig=0x1c748ad84)
#### MACWS-NEW-EVENT adapter installed deviceClass=AGXG13GFamilyDevice owner=IOGPUMetalDevice orig=0x1c7491ef4 added=1
#### MACWS_AGX_NATIVE class_addMethod(AGXG13GFamilyDevice, initWithAcceleratorPort:) = 1
#### MACWS_AGX_NATIVE supportsMemorylessRenderTargets: overrode on AGXG13GFamilyDevice
#### MACWS_AGX_NATIVE supportsMemorylessRenderTargets: overrode on AGXG13GDevice
#### MACWS_AGX_NATIVE supportsMemorylessRenderTargets: total class overrides=2
[34466:0728/135949.253005:VERBOSE1:base/files/file_util_posix.cc:309] Cannot stat "/tmp/macws-vscode-profile-agx-native-targetfix12/CachedData/1b6a188127eeaf9194f945eb6eb89a657e93c54c/chrome/pc": No such file or directory (2)
#### MACWS_AGX_NATIVE tile-pipeline probe wrapped AGXG13GFamilyDevice (orig=0x20fa7d5e4)
#### MACWS_AGX_NATIVE tile-pipeline probe: 1 class(es) wrapped
#### MACWS_AGX_NATIVE nil-guard wrapped setFragmentTexture:atIndex: on AGXG13GFamilyRenderContext (orig=0x20fa309e0)
#### MACWS_AGX_NATIVE nil-guard: class AGXG13GRenderContext NOT registered
#### MACWS_AGX_NATIVE nil-guard: class AGXRenderContext NOT registered
#### MACWS_AGX_NATIVE nil-guard: class AGXG13GComputeContext NOT registered
#### MACWS_AGX_NATIVE nil-guard setFragmentTexture:atIndex:: 1 class(es) wrapped
#### MACWS_AGX_NATIVE nil-guard wrapped setVertexTexture:atIndex: on AGXG13GFamilyRenderContext (orig=0x20fa375e8)
#### MACWS_AGX_NATIVE nil-guard: class AGXG13GRenderContext NOT registered
#### MACWS_AGX_NATIVE nil-guard: class AGXRenderContext NOT registered
#### MACWS_AGX_NATIVE nil-guard: class AGXG13GComputeContext NOT registered
#### MACWS_AGX_NATIVE nil-guard setVertexTexture:atIndex:: 1 class(es) wrapped
#### MACWS_AGX_NATIVE swizzled AGXG13GFamilyDevice newTextureWithDescriptor:iosurface:plane:
#### MACWS_AGX_NATIVE swizzled AGXG13GFamilyDevice newTextureWithDescriptor:
#### JIT-MPROTECT flip #3072 ranges=1 prot=RX writers=1 exec_waits=1078 late_retries=22
#### MACWS_AGX_NATIVE swizzled -[AGXBuffer initWithDevice:bytes:length:options:deallocator:pinnedGPUAddress:]
#### MACWS_AGX_NATIVE noop'd alertCommandBufferActivityStart
[90m[main 2026-07-28T20:59:49.284Z][0m StorageMainService: creating application shared storage
#### MACWS_AGX_NATIVE noop'd alertCommandBufferActivityComplete
#### objc_alloc(AGXG13GFamilyDevice) -> 0x6001d2000
#### MACWS_AGX_NATIVE redirecting AGXG13GFamilyDevice init(port=11279) → 2-arg variant
#### debugbydcmmc IOServiceOpen agx connect=14083 type=0x100001 (requested=0x100005)
#### AGXIOC Struct sel=0x7->0x6 inSC=16 outSC=0 -> 0x1
#### AGXIOC Struct sel=0x5->0x4 inSC=0 outSC=32 -> 0x0
#### AGXIOC AsyncScalar sel=0x107->0x107 inCnt=0 -> 0x0
#### AGX_LIFE CREATE id=0x1 type=0 surf=0 bytes=0x10000 kr=0 okC=1 failC=0 okD=0 failD=0 unmatchedD=0 full=0 live=1/0MB [t0=1/0MB t80=0/0MB t82=0/0MB]
#### AGXIOC heap map #1 clientID 0x10000 -> resourceID 0x1 size 0x10000
####   ResCreate OK type=0 clientID=0 +0x30=0 +0x38=0 +0x40=0x10000 +0x58=0 OUT[+0]=0 OUT[+0x08]=0x105f24000 OUT[+0x10]=0x105c900c0 OUT[+0x48]=0x10000
####   inStruct[0..104]:
####     00: 00 00 00 00 00 00 00 00 01 00 01 00 01 00 00 00
####     10: 01 01 00 01 30 84 00 00 00 00 00 00 00 00 00 00
####     20: 00 00 00 00 00 00 00 00 00 00 00 00 00 00 00 00
####     30: 00 00 00 00 00 00 00 00 00 00 00 00 00 00 00 00
####     40: 00 00 01 00 00 00 00 00 00 00 00 00 00 00 00 00
####     50: 00 00 00 38 00 00 00 00 00 00 00 00 00 00 00 00
####     60: 00 00 00 00 00 00 00 00
#### MACWS_AGX_NATIVE setupCompiler:0x30010 fired (Device=0x6001d2000)
#### MACWS_AGX_NATIVE supportsMemorylessRenderTargets CALLED on instance=0x6001d2000 class=AGXG13GFamilyDevice -> YES
#### objc_alloc(AGXG13GFamilyCommandQueue) -> 0x600090f00
#### AGXIOC Method sel=0x8->0x7 inCnt=0 inSC=1032 outSC=16 -> 0x0
#### AGXIOC Method sel=0x11->0xf inCnt=2 inSC=0 outSC=16 -> 0x0
#### AGXIOC Method sel=0x1d->0x19 inCnt=2 inSC=0 outSC=0 -> 0x0
#### AGXIOC Method sel=0x1f->0x1b inCnt=1 inSC=12 outSC=0 -> 0x0
#### objc_alloc(AGXBuffer) -> 0x600211f80
#### AGXIOC type0 exact initFull length: +0x58=0xc00000000 low32=0 -> +0x40=0x180
#### AGX_LIFE CREATE id=0x2 type=0 surf=0 bytes=0x4000 kr=0 okC=2 failC=0 okD=0 failD=0 unmatchedD=0 full=0 live=2/0MB [t0=2/0MB t80=0/0MB t82=0/0MB]
#### AGXIOC heap map #2 clientID 0x4000 -> resourceID 0x2 size 0x180
####   ResCreate OK type=0 clientID=0 +0x30=0x40 +0x38=0 +0x40=0x180 +0x58=0 OUT[+0]=0x1500000000 OUT[+0x08]=0x105f44000 OUT[+0x10]=0x105c90180 OUT[+0x48]=0x4000
####   inStruct[0..104]:
####     00: 00 00 00 00 00 00 00 00 01 00 01 00 01 00 00 00
####     10: 01 01 00 01 70 04 00 00 00 00 00 00 00 00 00 00
####     20: 00 00 00 00 00 00 00 00 00 00 00 00 00 00 00 00
####     30: 40 00 00 00 00 00 00 00 00 00 00 00 00 00 00 00
####     40: 80 01 00 00 00 00 00 00 00 00 00 00 00 00 00 00
####     50: 00 00 00 00 00 00 00 00 00 00 00 00 00 00 00 00
####     60: 00 00 00 00 00 00 f0 3f
#### TRACE -[AGXBuffer initFull] self=0x600211f80 dev=0x6001d2000 len=384 align=1→64 opt=0 subDis=0→1 resIn=0x16bc396d8 pin=0x0 -> 0x600211f80
#### TRACE -[AGXBuffer initUntracked] self=0x600211f80 dev=0x6001d2000 len=384 opt=0 -> 0x600211f80
#### objc_alloc(AGXBuffer) -> 0x600215d00
#### AGXIOC type0 exact initFull length: +0x58=0xc00000000 low32=0 -> +0x40=0x180
#### AGX_LIFE CREATE id=0x3 type=0 surf=0 bytes=0x4000 kr=0 okC=3 failC=0 okD=0 failD=0 unmatchedD=0 full=0 live=3/0MB [t0=3/0MB t80=0/0MB t82=0/0MB]
#### AGXIOC heap map #3 clientID 0x4000 -> resourceID 0x3 size 0x180
####   ResCreate OK type=0 clientID=0 +0x30=0x40 +0x38=0 +0x40=0x180 +0x58=0 OUT[+0]=0x1500008000 OUT[+0x08]=0x105f48000 OUT[+0x10]=0x105c90240 OUT[+0x48]=0x4000
####   inStruct[0..104]:
####     00: 00 00 00 00 00 00 00 00 01 00 01 00 01 00 00 00
####     10: 01 01 00 01 70 04 00 00 00 00 00 00 00 00 00 00
####     20: 00 00 00 00 00 00 00 00 00 00 00 00 00 00 00 00
####     30: 40 00 00 00 00 00 00 00 00 00 00 00 00 00 00 00
####     40: 80 01 00 00 00 00 00 00 00 00 00 00 00 00 00 00
####     50: 00 00 00 00 00 00 00 00 00 00 00 00 00 00 00 00
####     60: 00 00 00 00 00 00 f0 3f
#### TRACE -[AGXBuffer initFull] self=0x600215d00 dev=0x6001d2000 len=384 align=1→64 opt=0 subDis=0→1 resIn=0x16bc396d8 pin=0x0 -> 0x600215d00
#### TRACE -[AGXBuffer initUntracked] self=0x600215d00 dev=0x6001d2000 len=384 opt=0 -> 0x600215d00
#### objc_alloc(AGXBuffer) -> 0x600215b80
#### AGXIOC type0 exact initFull length: +0x58=0xc00000000 low32=0 -> +0x40=0x40
#### AGX_LIFE CREATE id=0x4 type=0 surf=0 bytes=0x4000 kr=0 okC=4 failC=0 okD=0 failD=0 unmatchedD=0 full=0 live=4/0MB [t0=4/0MB t80=0/0MB t82=0/0MB]
#### AGXIOC heap map #4 clientID 0x4000 -> resourceID 0x4 size 0x40
####   ResCreate OK type=0 clientID=0 +0x30=0x40 +0x38=0 +0x40=0x40 +0x58=0 OUT[+0]=0x1500010000 OUT[+0x08]=0x105f4c000 OUT[+0x10]=0x105c90300 OUT[+0x48]=0x4000
####   inStruct[0..104]:
####     00: 00 00 00 00 00 00 00 00 01 00 01 00 01 00 00 00
####     10: 01 01 00 01 70 04 00 00 00 00 00 00 00 00 00 00
####     20: 00 00 00 00 00 00 00 00 00 00 00 00 00 00 00 00
####     30: 40 00 00 00 00 00 00 00 00 00 00 00 00 00 00 00
####     40: 40 00 00 00 00 00 00 00 00 00 00 00 00 00 00 00
####     50: 00 00 00 00 00 00 00 00 00 00 00 00 00 00 00 00
####     60: 70 0d 25 00 06 00 00 00
#### TRACE -[AGXBuffer initFull] self=0x600215b80 dev=0x6001d2000 len=64 align=1→64 opt=0 subDis=0→1 resIn=0x16bc396d8 pin=0x0 -> 0x600215b80
#### TRACE -[AGXBuffer initUntracked] self=0x600215b80 dev=0x6001d2000 len=64 opt=0 -> 0x600215b80
#### objc_alloc(AGXBuffer) -> 0x600213c00
#### AGXIOC type0 exact initFull length: +0x58=0xc00000000 low32=0 -> +0x40=0x2000
#### AGX_LIFE CREATE id=0x5 type=0 surf=0 bytes=0x4000 kr=0 okC=5 failC=0 okD=0 failD=0 unmatchedD=0 full=0 live=5/0MB [t0=5/0MB t80=0/0MB t82=0/0MB]
#### AGXIOC heap map #5 clientID 0x4000 -> resourceID 0x5 size 0x2000
####   ResCreate OK type=0 clientID=0 +0x30=0x40 +0x38=0 +0x40=0x2000 +0x58=0 OUT[+0]=0x1500018000 OUT[+0x08]=0x105f50000 OUT[+0x10]=0x105c903c0 OUT[+0x48]=0x4000
####   inStruct[0..104]:
####     00: 00 00 00 00 00 00 00 00 01 00 01 00 01 00 00 00
####     10: 01 01 00 01 70 04 00 00 00 00 00 00 00 00 00 00
####     20: 00 00 00 00 00 00 00 00 00 00 00 00 00 00 00 00
####     30: 40 00 00 00 00 00 00 00 00 00 00 00 00 00 00 00
####     40: 00 20 00 00 00 00 00 00 00 00 00 00 00 00 00 00
####     50: 00 00 00 00 00 00 00 00 00 00 00 00 00 00 00 00
####     60: c4 b7 0a 00 06 00 00 00
#### TRACE -[AGXBuffer initFull] self=0x600213c00 dev=0x6001d2000 len=8192 align=1→64 opt=0 subDis=0→1 resIn=0x16bc39728 pin=0x0 -> 0x600213c00
#### TRACE -[AGXBuffer initUntracked] self=0x600213c00 dev=0x6001d2000 len=8192 opt=0 -> 0x600213c00
#### AGXIOC type0 exact initFull length: +0x58=0xc00000000 low32=0 -> +0x40=0x80
#### AGX_LIFE CREATE id=0x6 type=0 surf=0 bytes=0x4000 kr=0 okC=6 failC=0 okD=0 failD=0 unmatchedD=0 full=0 live=6/0MB [t0=6/0MB t80=0/0MB t82=0/0MB]
#### AGXIOC heap map #6 clientID 0x4000 -> resourceID 0x6 size 0x80
####   ResCreate OK type=0 clientID=0 +0x30=0x40 +0x38=0 +0x40=0x80 +0x58=0 OUT[+0]=0x1500020000 OUT[+0x08]=0x105f54000 OUT[+0x10]=0x105c90480 OUT[+0x48]=0x4000
####   inStruct[0..104]:
####     00: 00 00 00 00 00 00 00 00 01 00 01 00 01 00 00 00
####     10: 01 01 00 01 70 04 00 00 00 00 00 00 00 00 00 00
####     20: 00 00 00 00 00 00 00 00 00 00 00 00 00 00 00 00
####     30: 40 00 00 00 00 00 00 00 00 00 00 00 00 00 00 00
####     40: 80 00 00 00 00 00 00 00 00 00 00 00 00 00 00 00
####     50: 00 00 00 00 00 00 00 00 00 00 00 00 00 00 00 00
####     60: b8 a6 19 47 02 00 00 00
#### TRACE -[AGXBuffer initFull] self=0x600213a80 dev=0x6001d2000 len=128 align=1→64 opt=0 subDis=0→1 resIn=0x16bc39718 pin=0x0 -> 0x600213a80
#### TRACE -[AGXBuffer initUntracked] self=0x600213a80 dev=0x6001d2000 len=128 opt=0 -> 0x600213a80
#### AGXIOC type0 exact initFull length: +0x58=0xc00000000 low32=0 -> +0x40=0x100
#### AGX_LIFE CREATE id=0x7 type=0 surf=0 bytes=0x4000 kr=0 okC=7 failC=0 okD=0 failD=0 unmatchedD=0 full=0 live=7/0MB [t0=7/0MB t80=0/0MB t82=0/0MB]
#### AGXIOC heap map #7 clientID 0x4000 -> resourceID 0x7 size 0x100
####   ResCreate OK type=0 clientID=0 +0x30=0x40 +0x38=0 +0x40=0x100 +0x58=0 OUT[+0]=0x1500028000 OUT[+0x08]=0x105f58000 OUT[+0x10]=0x105c90540 OUT[+0x48]=0x4000
####   inStruct[0..104]:
####     00: 00 00 00 00 00 00 00 00 01 00 01 00 01 00 00 00
####     10: 01 01 00 01 70 04 00 00 00 00 00 00 00 00 00 00
####     20: 00 00 00 00 00 00 00 00 00 00 00 00 00 00 00 00
####     30: 40 00 00 00 00 00 00 00 00 00 00 00 00 00 00 00
####     40: 00 01 00 00 00 00 00 00 00 00 00 00 00 00 00 00
####     50: 00 00 00 00 00 00 00 00 00 00 00 00 00 00 00 00
####     60: b8 a6 19 47 02 00 00 00
#### TRACE -[AGXBuffer initFull] self=0x600213900 dev=0x6001d2000 len=256 align=1→64 opt=0 subDis=0→1 resIn=0x16bc39718 pin=0x0 -> 0x600213900
#### TRACE -[AGXBuffer initUntracked] self=0x600213900 dev=0x6001d2000 len=256 opt=0 -> 0x600213900
#### AGXIOC type0 exact initFull length: +0x58=0xc00000000 low32=0 -> +0x40=0x100
#### AGX_LIFE CREATE id=0x8 type=0 surf=0 bytes=0x4000 kr=0 okC=8 failC=0 okD=0 failD=0 unmatchedD=0 full=0 live=8/0MB [t0=8/0MB t80=0/0MB t82=0/0MB]
#### AGXIOC heap map #8 clientID 0x4000 -> resourceID 0x8 size 0x100
####   ResCreate OK type=0 clientID=0 +0x30=0x40 +0x38=0 +0x40=0x100 +0x58=0 OUT[+0]=0x1500030000 OUT[+0x08]=0x105f5c000 OUT[+0x10]=0x105c90600 OUT[+0x48]=0x4000
####   inStruct[0..104]:
####     00: 00 00 00 00 00 00 00 00 01 00 01 00 01 00 00 00
####     10: 01 01 00 01 70 04 00 00 00 00 00 00 00 00 00 00
####     20: 00 00 00 00 00 00 00 00 00 00 00 00 00 00 00 00
####     30: 40 00 00 00 00 00 00 00 00 00 00 00 00 00 00 00
####     40: 00 01 00 00 00 00 00 00 00 00 00 00 00 00 00 00
####     50: 00 00 00 00 00 00 00 00 00 00 00 00 00 00 00 00
####     60: b8 a6 19 47 02 00 00 00
#### TRACE -[AGXBuffer initFull] self=0x600213780 dev=0x6001d2000 len=256 align=1→64 opt=0 subDis=0→1 resIn=0x16bc39718 pin=0x0 -> 0x600213780
#### TRACE -[AGXBuffer initUntracked] self=0x600213780 dev=0x6001d2000 len=256 opt=0 -> 0x600213780
#### AGXIOC type0 exact initFull length: +0x58=0xc00000000 low32=0 -> +0x40=0x100
#### AGX_LIFE CREATE id=0x9 type=0 surf=0 bytes=0x4000 kr=0 okC=9 failC=0 okD=0 failD=0 unmatchedD=0 full=0 live=9/0MB [t0=9/0MB t80=0/0MB t82=0/0MB]
#### AGXIOC heap map #9 clientID 0x4000 -> resourceID 0x9 size 0x100
####   ResCreate OK type=0 clientID=0 +0x30=0x40 +0x38=0 +0x40=0x100 +0x58=0 OUT[+0]=0x1500038000 OUT[+0x08]=0x105f60000 OUT[+0x10]=0x105c906c0 OUT[+0x48]=0x4000
####   inStruct[0..104]:
####     00: 00 00 00 00 00 00 00 00 01 00 01 00 01 00 00 00
####     10: 01 01 00 01 70 04 00 00 00 00 00 00 00 00 00 00
####     20: 00 00 00 00 00 00 00 00 00 00 00 00 00 00 00 00
####     30: 40 00 00 00 00 00 00 00 00 00 00 00 00 00 00 00
####     40: 00 01 00 00 00 00 00 00 00 00 00 00 00 00 00 00
####     50: 00 00 00 00 00 00 00 00 00 00 00 00 00 00 00 00
####     60: b8 a6 19 47 02 00 00 00
#### TRACE -[AGXBuffer initFull] self=0x600214200 dev=0x6001d2000 len=256 align=1→64 opt=0 subDis=0→1 resIn=0x16bc39718 pin=0x0 -> 0x600214200
#### TRACE -[AGXBuffer initUntracked] self=0x600214200 dev=0x6001d2000 len=256 opt=0 -> 0x600214200
#### AGX_LIFE CREATE id=0xa type=0 surf=0 bytes=0x10000 kr=0 okC=10 failC=0 okD=0 failD=0 unmatchedD=0 full=0 live=10/0MB [t0=10/0MB t80=0/0MB t82=0/0MB]
#### AGXIOC heap map #10 clientID 0x10000 -> resourceID 0xa size 0x10000
####   ResCreate OK type=0 clientID=0 +0x30=0 +0x38=0 +0x40=0x10000 +0x58=0 OUT[+0]=0x1500040000 OUT[+0x08]=0x105f64000 OUT[+0x10]=0x105c90780 OUT[+0x48]=0x10000
####   inStruct[0..104]:
####     00: 00 00 00 00 00 00 00 00 01 00 01 00 01 00 00 00
####     10: 01 01 00 01 30 04 00 00 00 00 00 00 00 00 00 00
####     20: 00 00 00 00 00 00 00 00 00 00 00 00 00 00 00 00
####     30: 00 00 00 00 00 00 00 00 00 00 00 00 00 00 00 00
####     40: 00 00 01 00 00 00 00 00 00 00 00 00 00 00 00 00
####     50: 00 00 00 08 00 00 00 00 00 00 00 00 00 00 00 00
####     60: 00 00 00 00 00 00 00 00
#### AGXIOC type0 exact initFull length: +0x58=0xc00000000 low32=0 -> +0x40=0x2000
#### AGX_LIFE CREATE id=0xb type=0 surf=0 bytes=0x4000 kr=0 okC=11 failC=0 okD=0 failD=0 unmatchedD=0 full=0 live=11/0MB [t0=11/0MB t80=0/0MB t82=0/0MB]
#### AGXIOC heap map #11 clientID 0x4000 -> resourceID 0xb size 0x2000
####   ResCreate OK type=0 clientID=0 +0x30=0x40 +0x38=0 +0x40=0x2000 +0x58=0 OUT[+0]=0x1500058000 OUT[+0x08]=0x105f74000 OUT[+0x10]=0x105c90840 OUT[+0x48]=0x4000
####   inStruct[0..104]:
####     00: 00 00 00 00 00 00 00 00 01 00 01 00 01 00 00 00
####     10: 01 01 00 01 70 04 00 00 00 00 00 00 00 00 00 00
####     20: 00 00 00 00 00 00 00 00 00 00 00 00 00 00 00 00
####     30: 40 00 00 00 00 00 00 00 00 00 00 00 00 00 00 00
####     40: 00 20 00 00 00 00 00 00 00 00 00 00 00 00 00 00
####     50: 00 00 00 00 00 00 00 00 00 00 00 00 00 00 00 00
####     60: cc 2e 3a dc 65 17 f8 ac
#### TRACE -[AGXBuffer initFull] self=0x600214080 dev=0x6001d2000 len=8192 align=1→64 opt=0 subDis=0→1 resIn=0x16bc39478 pin=0x0 -> 0x600214080
#### TRACE -[AGXBuffer initUntracked] self=0x600214080 dev=0x6001d2000 len=8192 opt=0 -> 0x600214080
#### AGXIOC type0 exact initFull length: +0x58=0xc00000000 low32=0 -> +0x40=0x80
#### AGXIOC sel=0x9 type=0 args+0x14=0x2470 → 0x470 (stripped macOS-only bits 0x2800)
#### AGX_LIFE CREATE id=0xc type=0 surf=0 bytes=0x4000 kr=0 okC=12 failC=0 okD=0 failD=0 unmatchedD=0 full=0 live=12/0MB [t0=12/0MB t80=0/0MB t82=0/0MB]
#### AGXIOC heap map #12 clientID 0x4000 -> resourceID 0xc size 0x80
####   ResCreate OK type=0 clientID=0 +0x30=0x40 +0x38=0 +0x40=0x80 +0x58=0 OUT[+0]=0x1500060000 OUT[+0x08]=0x105f78000 OUT[+0x10]=0x105c90900 OUT[+0x48]=0x4000
####   inStruct[0..104]:
####     00: 00 00 00 00 00 00 00 00 01 00 01 00 01 00 00 00
####     10: 01 01 00 01 70 04 00 00 00 00 00 00 00 00 00 00
####     20: 00 00 00 00 00 00 00 00 00 00 00 00 00 00 00 00
####     30: 40 00 00 00 00 00 00 00 00 00 00 00 00 00 00 00
####     40: 80 00 00 00 00 00 00 00 00 00 00 00 00 00 00 00
####     50: 00 00 00 00 00 00 00 00 00 00 00 00 00 00 00 00
####     60: 00 00 00 00 00 00 00 00
#### TRACE -[AGXBuffer initFull] self=0x600215100 dev=0x6001d2000 len=128 align=1→64 opt=32 subDis=0→1 resIn=0x16bc39758 pin=0x0 -> 0x600215100
#### TRACE -[AGXBuffer initUntracked] self=0x600215100 dev=0x6001d2000 len=128 opt=32 -> 0x600215100
[34487:0728/135949.344713:VERBOSE1:components/viz/service/main/viz_main_impl.cc:87] VizNullHypothesis is disabled (not a warning)
#### tile-encoder forwards: class MTLSimRenderCommandEncoder NOT found
#### IOGPU-CALLBACK-DIAG installed queueClass=0x2059308d0 method=0x0 orig=0x0 bufferClass=0x205930830 method=0x1c74a79a5 orig=0x1c748abe8 errorMethod=0x1b3ce3e01 errorOrig=0x1b3bb5dcc (file-gated)
#### NSXPCSharedListener class=0x205cabbd8
#### NSXPCSharedListener endpointForReply swizzle installed
#### NSXPCSharedListener connectToService swizzle installed
#### MTL_TEX POOL-NEW: key=16x16-pf125-bpe16-fcc1380410945 → IOSurface=0x600039720 (bpr=256 alloc=16 KB, map=EXPLICIT)
#### MACWS_AGX_NATIVE supportsMemorylessRenderTargets CALLED on instance=0x6001d2000 class=AGXG13GFamilyDevice -> YES
#### AGXIOC RAW DUMP sel=0x9 type=0x82 inStructCnt=104 (PRE-patch):
    +0000: 82 00 00 00 00 00 00 00 10 00 10 00 01 00 00 00
    +0x10: 01 01 00 10 30 04 00 00 00 00 00 00 00 00 00 00
    +0x20: 00 00 00 00 00 00 00 00 00 00 00 00 00 00 00 00
    +0x30: 00 00 00 00 00 00 00 00 14 01 00 00 00 00 00 00
    +0x40: 00 00 00 00 00 00 00 00 00 00 00 00 00 00 00 00
    +0x50: 00 00 00 00 00 00 00 00 00 8f 88 80 01 00 00 00
    +0x60: 00 00 00 00 00 00 00 00
####   key fields: +0x14=0x430 +0x15(byte)=0x4 +0x30=0 +0x34=0 +0x38=0x114 +0x40=0 +0x48=0 +0x58=0x180888f00
#### AGXIOC type=0x82 patch #1: f14=0x430 +0x30 0→0x114 +0x38 0x114→0 +0x40 0→0 +0x50 0→0x180888f00 +0x58 0x180888f00→0
#### AGX_LIFE CREATE id=0xd type=0x82 surf=0x114 bytes=0x4000 kr=0 okC=13 failC=0 okD=0 failD=0 unmatchedD=0 full=0 live=13/0MB [t0=12/0MB t80=0/0MB t82=1/0MB]
#### AGX_LIFE type82 CREATE stack #1 resourceID=0xd surf=0x114 (16 frames):
0   libmachook_arm64.dylib              0x00000001043fe1d4 IOConnectCallMethod_new + 8728
1   IOGPU                               0x00000001c749e18c IOGPUResourceCreate + 236
2   IOGPU                               0x00000001c7498138 -[IOGPUMetalResource initWithDevice:remoteStorageResource:options:args:argsSize:] + 460
3   libmachook_arm64.dylib              0x00000001043f07a0 __loadImageCallback_block_invoke_20 + 112
4   IOGPU                               0x00000001c749a5ec -[IOGPUMetalTexture initWithDevice:descriptor:iosurface:plane:field:args:argsSize:] + 824
5   AGXMetal13_3                        0x000000020fda2f38 -[AGXTexture initWithDevice:desc:iosurface:plane:] + 288
6   libmachook_arm64.dylib              0x000000010442771c -[MTLFakeDevice hooked_newTextureWithDescriptor:] + 6164
7   libGLESv2.dylib                     0x000000010d6d3714 glStartTilingQCOM + 2731796
8   libGLESv2.dylib                     0x000000010d6e6b48 glStartTilingQCOM + 2810696
9   libGLESv2.dylib                     0x000000010d6e5e40 glStartTilingQCOM + 2807360
10  libGLESv2.dylib                     0x000000010d6e5ccc glStartTilingQCOM + 2806988
11  libGLESv2.dylib                     0x000000010d6bd648 glStartTilingQCOM + 2641480
12  libGLESv2.dylib                     0x000000010d6bdff4 glStartTilingQCOM + 2643956
13  libGLESv2.dylib                     0x000000010d5a8f58 glStartTilingQCOM + 1509208
14  libGLESv2.dylib                     0x000000010d53f480 glStartTilingQCOM + 1076352
15  libGLESv2.dylib                     0x000000010d413a88 GL_TexImage2D + 144
####   ResCreate OK type=0x82 clientID=0 +0x30=0x114 +0x38=0 +0x40=0 +0x58=0 OUT[+0]=0x1500068000 OUT[+0x08]=0 OUT[+0x10]=0x105c909c0 OUT[+0x48]=0x4000
####   inStruct[0..104]:
####     00: 82 00 00 00 00 00 00 00 10 00 10 00 01 00 00 00
####     10: 01 01 00 10 30 04 00 00 00 00 00 00 00 00 00 00
####     20: 00 00 00 00 00 00 00 00 00 00 00 00 00 00 00 00
####     30: 14 01 00 00 00 00 00 00 00 00 00 00 00 00 00 00
####     40: 00 00 00 00 00 00 00 00 00 00 00 00 00 00 00 00
####     50: 00 8f 88 80 01 00 00 00 00 00 00 00 00 00 00 00
####     60: 00 00 00 00 00 00 00 00
#### MTL_TEX TEX-CACHE-NEW: surf=0x600039720 → tex=0x6001b9d80
#### AGX_MAP_AUDIT: _impl ivar offset = 0x208
#### AGX_MAP_AUDIT #0 tex=0x6001b9d80 impl=0x6001b9b00 iosurface(arg=0x600039720 bound=0x600039720) plane=0 cpu130=0x105fc4000 gpu40=0x1500068000 descriptorOff=0x190 descriptorLayout=0 compressed=0 extended=0 match=1
#### MTL_TEX plain ROUTE-IOSURF result: 0x6001b9d80
#### MTL_TEX POOL-HIT: key=16x16-pf125-bpe16-fcc1380410945 → IOSurface=0x600039720
#### MTL_TEX TEX-CACHE-HIT: surf=0x600039720 → tex=0x6001b9d80 (no sel=0xa, +1 retain)
#### AGX_MAP_AUDIT #1 tex=0x6001b9d80 impl=0x6001b9b00 iosurface(arg=0x600039720 bound=0x600039720) plane=0 cpu130=0x105fc4000 gpu40=0x1500068000 descriptorOff=0x190 descriptorLayout=0 compressed=0 extended=0 match=1
#### MTL_TEX plain ROUTE-IOSURF result: 0x6001b9d80
#### AGXIOC Method sel=0xf->0xd inCnt=2 inSC=0 outSC=16 -> 0x0
#### AGXIOC Method sel=0xf->0xd inCnt=2 inSC=0 outSC=16 -> 0x0
#### AGXIOC Struct sel=0x6->0x5 inSC=0 outSC=16 -> 0x0
#### JIT-MPROTECT flip #4096 ranges=1 prot=RX writers=1 exec_waits=1433 late_retries=29
#### MACWS_HID_BYPASS installed SetMatchingMultiple → no-op (1) at 0x1ad8d5e8c — skips iOS-format CFBinaryPlist parse inside
####   IOHIDEventSystemClientCacheMatchingServices → IOHIDUnserializeAndVMDealloc → CFPropertyListCreateFromStream
####   that BUS_ADRALNs in the IOMFBServer thread.
#### MACWS_AGX_RENAMER_PATCH: off (set MACWS_AGX_RENAMER_PATCH=1 to enable)
#### MACWS_ASSERT_BYPASS DISABLED (set MACWS_KEEP_ASSERT_BYPASS=1 to restore lazy bypass) — real __assert_rtn now reaches abort
#### MACWS_AGX_NATIVE [ctor] pre-loaded IOGPU via /System/Library/PrivateFrameworks/IOGPU.framework/IOGPU -> 0x3fa56cc10
#### XPC_BOOTSTRAP: fn=0x1aa48d140 dict=0x128f15900 (registering Metal/ViewBridge/HIServices)
#### XPC_BOOTSTRAP: called OK
#### COEXIST API SwapEnd hook installed target=0x1b536b1cc trampoline=0x1022f4000
#### SkyLight PrepareForUse tolerate-nil hook installed at 0x1af74cfc4
#### SkyLight StartCompositeForDisplayStream nil-skip hook installed at 0x1af575d74
#### SkyLight StartComposite(WSCD) tolerate-nil + pop-on-bail hook installed at 0x1af575358
#### SkyLight StartComposite(MTLTex) pop-on-bail hook installed at 0x1af575fb8
#### SkyLight EndCurrentComposite(bool) completion hook installed at 0x1af57453c
#### SkyLight EndUpdate(bool) submission hook installed at 0x1af5740b0
#### SkyLight _state_stack pop_back resolved at 0x1af572fa0
#### SkyLight WSCompositeDestinationCreateWithMetalTexture nil-tolerate hook installed at 0x1af57853c
#### SkyLight MetalContext::StopCapture invalid-this guard installed at 0x1af5741bc
#### MACWS_AGX_NATIVE class_addMethod(MTLTextureDescriptor, validateWithDevice:) = 1
#### MACWS_AGX_NATIVE class_addMethod(IOGPUMetalTexture, isMemoryless) = 1
#### MACWS_AGX_NATIVE class_addMethod(IOGPUMetalTexture, getCPUSizeBytes) = 1
#### MACWS_AGX_NATIVE class_addMethod(IOGPUMetalTexture, getAlignment) = 1
#### MACWS_AGX_NATIVE class_addMethod(IOGPUMetalTexture, descriptorPrivate) = 1
#### MACWS_AGX_NATIVE class_addMethod(IOGPUMetalTexture, getBytesPerRow) = 1
#### MACWS_AGX_NATIVE class_addMethod(IOGPUMetalTexture, updateBindDataWithAddresses:gpuVirtualAddress:) = 1
#### MACWS_AGX_NATIVE class_addMethod(IOGPUMetalTexture, updateBindDataWithAddresses:gpuVirtualAddress:shouldInitMetadata:) = 1
#### MACWS_AGX_NATIVE class_addMethod(IOGPUMetalTexture, allocBufferSubDataWithLength:options:alignment:heapIndex:bufferIndex:bufferOffset:) = 1
#### MACWS_AGX_NATIVE class_addMethod(IOGPUMetalTexture, initNewTextureData:) = 1
#### MACWS_AGX_NATIVE class_addMethod(MTLTextureDescriptor, isMemoryless) = 1
#### MACWS_AGX_NATIVE class_addMethod(MTLTextureDescriptor, protectionOptions) = 1
#### MACWS_AGX_NATIVE class_addMethod(MTLTextureDescriptor, getCPUSizeBytes) = 1
#### MACWS_AGX_NATIVE class_addMethod(MTLTextureDescriptor, getAlignment) = 1
#### MACWS_AGX_NATIVE class_addMethod(MTLTextureDescriptor, descriptorPrivate) = 1
#### MACWS_AGX_NATIVE class_addMethod(MTLTextureDescriptor, getBytesPerRow) = 1
#### MACWS_AGX_NATIVE class_addMethod(MTLTextureDescriptor, updateBindDataWithAddresses:gpuVirtualAddress:) = 1
#### MACWS_AGX_NATIVE class_addMethod(MTLTextureDescriptor, updateBindDataWithAddresses:gpuVirtualAddress:shouldInitMetadata:) = 1
#### MACWS_AGX_NATIVE class_addMethod(MTLTextureDescriptor, allocBufferSubDataWithLength:options:alignment:heapIndex:bufferIndex:bufferOffset:) = 1
#### MACWS_AGX_NATIVE class_addMethod(MTLTextureDescriptor, initNewTextureData:) = 1
#### AMFI-POLICY-COMPAT policy=AMFI op=0x60 status=0x4 (iOS task ports are hard-immovable)
#### CSR-POLICY-COMPAT active_config=0x0 (conservative iOS compatibility value)
[34500:0728/135950.030173:ERROR:base/process/process_mac.cc:53] task_policy_set TASK_CATEGORY_POLICY: (os/kern) invalid argument (4)
[34500:0728/135950.034142:INFO:third_party/webrtc/rtc_base/cpu_info.cc:77] Available number of cores: 8
[90m[main 2026-07-28T20:59:50.034Z][0m [shared storage] Creating shared storage database at '/Users/root/.vscode-shared/sharedStorage/state.vscdb' (wasCreated: false)
2026-07-28 13:59:50.038 Code Helper (Renderer)[34500:9114028] XType: Using static font registry.
[90m[main 2026-07-28T20:59:50.043Z][0m [shared storage] Initializing fallback application storage (path: /tmp/macws-vscode-profile-agx-native-targetfix12/User/globalStorage/state.vscdb)
[34466:0728/135950.060142:VERBOSE1:content/browser/loader/file_url_loader_factory.cc:474] FileURLLoader::Start: file:///Applications/Visual%20Studio%20Code.app/Contents/Resources/app/out/vs/code/electron-browser/workbench/workbench.html
#### JIT-MPROTECT range[0]=[0x280000000,0x290000000) source=MAP_JIT-EINVAL
#### JIT-MPROTECT execution barrier installed (W^X fetch-wait compatibility)
#### JIT-MPROTECT range[0]=[0x280000000,0x290000000) source=MAP_JIT-EINVAL
#### JIT-MPROTECT range[0]=[0x280000000,0x290000000) source=MAP_JIT-EINVAL
#### JIT-MPROTECT range[0]=[0x280000000,0x290000000) source=MAP_JIT-EINVAL
#### JIT-MPROTECT range[0]=[0x280000000,0x290000000) source=MAP_JIT-EINVAL
#### JIT-MPROTECT range[0]=[0x280000000,0x290000000) source=MAP_JIT-EINVAL
#### JIT-MPROTECT range[0]=[0x280000000,0x290000000) source=MAP_JIT-EINVAL
#### JIT-MPROTECT range[0]=[0x280000000,0x290000000) source=MAP_JIT-EINVAL
#### JIT-MPROTECT range[0]=[0x170000000,0x180000000) source=MAP_JIT-EINVAL
#### JIT-MPROTECT call #1 addr=0x170000000 size=0x10000000 requested=0x7 effective=0x3 result=0 errno=0 caller=0x1151ca334 image=/Applications/Visual Studio Code.app/Contents/Frameworks/Electron Framework.framework/Versions/A/Electron Framework offset=0x63b2334
#### JIT-MPROTECT remap decline #1 dst=0x177dc0000 size=0x208000 src=0x1114c0000 requested=0x5 -> V8 copy fallback
#### JIT-MPROTECT flip #1 ranges=1 prot=RW writers=1 exec_waits=0 late_retries=0
#### JIT-MPROTECT flip #2 ranges=1 prot=RX writers=1 exec_waits=0 late_retries=0
[34500:0728/135950.096682:VERBOSE1:extensions/renderer/script_context.cc:150] Created context:
  extension id:           (none)
  frame:                  0xe02030500
  URL:                    
  context_type:           WEB_PAGE
  effective extension id: (none)
  effective context type: WEB_PAGE
[34500:0728/135950.097205:VERBOSE1:extensions/renderer/script_context.cc:150] Created context:
  extension id:           (none)
  frame:                  (nil)
  URL:                    
  context_type:           UNSPECIFIED
  effective extension id: (none)
  effective context type: UNSPECIFIED
[34500:0728/135950.097438:VERBOSE1:extensions/renderer/dispatcher.cc:493] Num tracked contexts: 1
[34500:0728/135950.099504:VERBOSE1:extensions/renderer/script_context.cc:150] Created context:
  extension id:           (none)
  frame:                  0xe02030500
  URL:                    
  context_type:           WEB_PAGE
  effective extension id: (none)
  effective context type: WEB_PAGE
[34500:0728/135950.099568:VERBOSE1:extensions/renderer/script_context.cc:150] Created context:
  extension id:           (none)
  frame:                  (nil)
  URL:                    
  context_type:           UNSPECIFIED
  effective extension id: (none)
  effective context type: UNSPECIFIED
[34500:0728/135950.099621:VERBOSE1:extensions/renderer/dispatcher.cc:493] Num tracked contexts: 2
#### JIT-MPROTECT flip #3 ranges=1 prot=RW writers=1 exec_waits=0 late_retries=0
#### JIT-MPROTECT flip #4 ranges=1 prot=RX writers=1 exec_waits=1 late_retries=0
#### JIT-MPROTECT flip #5 ranges=1 prot=RW writers=1 exec_waits=1 late_retries=0
#### JIT-MPROTECT flip #6 ranges=1 prot=RX writers=1 exec_waits=2 late_retries=0
#### JIT-MPROTECT flip #7 ranges=1 prot=RW writers=1 exec_waits=2 late_retries=0
#### JIT-MPROTECT flip #8 ranges=1 prot=RX writers=1 exec_waits=3 late_retries=0
#### JIT-MPROTECT flip #9 ranges=1 prot=RW writers=1 exec_waits=3 late_retries=0
#### JIT-MPROTECT flip #10 ranges=1 prot=RX writers=1 exec_waits=4 late_retries=0
#### JIT-MPROTECT flip #11 ranges=1 prot=RW writers=1 exec_waits=4 late_retries=0
#### JIT-MPROTECT flip #12 ranges=1 prot=RX writers=1 exec_waits=5 late_retries=0
#### JIT-MPROTECT flip #13 ranges=1 prot=RW writers=1 exec_waits=5 late_retries=0
#### JIT-MPROTECT flip #14 ranges=1 prot=RX writers=1 exec_waits=6 late_retries=0
#### JIT-MPROTECT flip #15 ranges=1 prot=RW writers=1 exec_waits=6 late_retries=0
#### JIT-MPROTECT flip #16 ranges=1 prot=RX writers=1 exec_waits=6 late_retries=0
#### JIT-MPROTECT flip #17 ranges=1 prot=RW writers=1 exec_waits=6 late_retries=0
#### JIT-MPROTECT flip #18 ranges=1 prot=RX writers=1 exec_waits=7 late_retries=0
#### JIT-MPROTECT flip #19 ranges=1 prot=RW writers=1 exec_waits=7 late_retries=0
#### JIT-MPROTECT flip #20 ranges=1 prot=RX writers=1 exec_waits=8 late_retries=0
#### JIT-MPROTECT flip #21 ranges=1 prot=RW writers=1 exec_waits=8 late_retries=0
#### JIT-MPROTECT flip #22 ranges=1 prot=RX writers=1 exec_waits=9 late_retries=0
#### JIT-MPROTECT flip #23 ranges=1 prot=RW writers=1 exec_waits=9 late_retries=0
#### JIT-MPROTECT flip #24 ranges=1 prot=RX writers=1 exec_waits=9 late_retries=0
#### JIT-MPROTECT flip #25 ranges=1 prot=RW writers=1 exec_waits=9 late_retries=0
#### JIT-MPROTECT flip #26 ranges=1 prot=RX writers=1 exec_waits=10 late_retries=0
#### JIT-MPROTECT flip #27 ranges=1 prot=RW writers=1 exec_waits=10 late_retries=0
#### JIT-MPROTECT flip #28 ranges=1 prot=RX writers=1 exec_waits=10 late_retries=0
#### JIT-MPROTECT flip #29 ranges=1 prot=RW writers=1 exec_waits=10 late_retries=0
#### JIT-MPROTECT flip #30 ranges=1 prot=RX writers=1 exec_waits=10 late_retries=0
#### JIT-MPROTECT flip #31 ranges=1 prot=RW writers=1 exec_waits=10 late_retries=0
#### JIT-MPROTECT flip #32 ranges=1 prot=RX writers=1 exec_waits=11 late_retries=0
[34466:0728/135950.246083:VERBOSE1:content/browser/loader/file_url_loader_factory.cc:474] FileURLLoader::Start: file:///Applications/Visual%20Studio%20Code.app/Contents/Resources/app/out/vs/workbench/workbench.desktop.main.css
[34466:0728/135950.246356:VERBOSE1:content/browser/loader/file_url_loader_factory.cc:474] FileURLLoader::Start: file:///Applications/Visual%20Studio%20Code.app/Contents/Resources/app/out/vs/code/electron-browser/workbench/workbench.js
[90m[main 2026-07-28T20:59:50.263Z][0m [shared storage] Fallback application storage initialized with 78 items
[90m[main 2026-07-28T20:59:50.265Z][0m update#setState disabled
[90m[main 2026-07-28T20:59:50.265Z][0m update#ctor - updates are disabled by the environment
[34500:0728/135950.290285:VERBOSE1:third_party/blink/renderer/core/script/modulator_impl_base.cc:141] "Import Map: \"vscode-file://vscode-app/Applications/Visual%20Studio%20Code.app/Contents/Resources/app/out/vs/workbench/workbench.desktop.main.js\" skips prefix match because of non-special URL scheme"
#### MTL_TEX entry self class=AGXG13GFamilyDevice
#### MTL_TEX TLS set iosurface=0x60003aea0 id=0x118 plane=0 compressionHeaderSpan=0 (thread=0x205745e00 addr=0x0)
#### MACWS_AGX_NATIVE supportsMemorylessRenderTargets CALLED on instance=0x6001d2000 class=AGXG13GFamilyDevice -> YES
#### AGXIOC type=0x82 patch #2: f14=0x430 +0x30 0→0x118 +0x38 0x118→0 +0x40 0→0 +0x50 0→0x180888f00 +0x58 0x180888f00→0
#### AGX_LIFE CREATE id=0xe type=0x82 surf=0x118 bytes=0x3d0000 kr=0 okC=14 failC=0 okD=0 failD=0 unmatchedD=0 full=0 live=14/4MB [t0=12/0MB t80=0/0MB t82=2/3MB]
#### AGX_LIFE type82 CREATE stack #2 resourceID=0xe surf=0x118 (16 frames):
0   libmachook_arm64.dylib              0x00000001043fe1d4 IOConnectCallMethod_new + 8728
1   IOGPU                               0x00000001c749e18c IOGPUResourceCreate + 236
2   IOGPU                               0x00000001c7498138 -[IOGPUMetalResource initWithDevice:remoteStorageResource:options:args:argsSize:] + 460
3   libmachook_arm64.dylib              0x00000001043f07a0 __loadImageCallback_block_invoke_20 + 112
4   IOGPU                               0x00000001c749a5ec -[IOGPUMetalTexture initWithDevice:descriptor:iosurface:plane:field:args:argsSize:] + 824
5   AGXMetal13_3                        0x000000020fda2f38 -[AGXTexture initWithDevice:desc:iosurface:plane:] + 288
6   libmachook_arm64.dylib              0x000000010442238c -[MTLFakeDevice hooked_newTextureWithDescriptor:iosurface:plane:] + 1932
7   libGLESv2.dylib                     0x000000010d6d3754 glStartTilingQCOM + 2731860
8   libGLESv2.dylib                     0x000000010d6a79b8 glStartTilingQCOM + 2552248
9   libGLESv2.dylib                     0x000000010d6a7824 glStartTilingQCOM + 2551844
10  libGLESv2.dylib                     0x000000010d5a5fd4 glStartTilingQCOM + 1497044
11  libGLESv2.dylib                     0x000000010d4015fc libGLESv2.dylib + 38396
12  libGLESv2.dylib                     0x000000010d404d60 EGL_BindTexImage + 144
13  Electron Framework                  0x000000011720a528 rust_bmp$cxxbridge1$194$Reader$image_data_loaded + 582280
14  Electron Framework                  0x000000011720d9cc rust_bmp$cxxbridge1$194$Reader$image_data_loaded + 595756
15  Electron Framework                  0x000000011720b830 rust_bmp$cxxbridge1$194$Reader$image_data_loaded + 587152
####   ResCreate OK type=0x82 clientID=0 +0x30=0x118 +0x38=0 +0x40=0 +0x58=0 OUT[+0]=0x1500070000 OUT[+0x08]=0 OUT[+0x10]=0x105c90a80 OUT[+0x48]=0x3d0000
####   inStruct[0..104]:
####     00: 82 00 00 00 00 00 00 00 60 09 a0 01 01 00 00 00
####     10: 01 01 00 04 30 04 00 00 00 00 00 00 00 00 00 00
####     20: 00 00 00 00 00 00 00 00 00 00 00 00 00 00 00 00
####     30: 18 01 00 00 00 00 00 00 00 00 00 00 00 00 00 00
####     40: 00 00 00 00 00 00 00 00 00 00 00 00 00 00 00 00
####     50: 00 8f 88 80 01 00 00 00 00 00 00 00 00 00 00 00
####     60: 00 00 00 00 00 00 00 00
#### AGX_MAP_AUDIT #2 tex=0x6009b2d00 impl=0x6009b2a80 iosurface(arg=0x60003aea0 bound=0x60003aea0) plane=0 cpu130=0x1105f0000 gpu40=0x1500070000 descriptorOff=0x190 descriptorLayout=0 compressed=0 extended=0 match=1
#### AGX_LIFE CREATE id=0xf type=0 surf=0 bytes=0x50000 kr=0 okC=15 failC=0 okD=0 failD=0 unmatchedD=0 full=0 live=15/4MB [t0=13/0MB t80=0/0MB t82=2/3MB]
#### AGXIOC heap map #13 clientID 0x50000 -> resourceID 0xf size 0x50000
####   ResCreate OK type=0 clientID=0 +0x30=0 +0x38=0 +0x40=0x50000 +0x58=0 OUT[+0]=0x18000 OUT[+0x08]=0x10d2b8000 OUT[+0x10]=0x105c90b40 OUT[+0x48]=0x50000
####   inStruct[0..104]:
####     00: 00 00 00 00 00 00 00 00 01 00 01 00 01 00 00 00
####     10: 01 01 00 01 30 84 00 00 00 00 00 00 00 00 00 00
####     20: 00 00 00 00 00 00 00 00 00 00 00 00 00 00 00 00
####     30: 00 00 00 00 00 00 00 00 00 00 00 00 00 00 00 00
####     40: 00 00 05 00 00 00 00 00 00 00 00 00 00 00 00 00
####     50: 00 00 00 38 00 00 00 00 00 00 00 00 00 00 00 00
####     60: 00 00 00 00 00 00 00 00
#### CBRI_HOOK self=0x600222300 cls=AGXG13GFamilyCommandBuffer → resourceInfo=0x600259600
#### AGX_LIFE CREATE id=0x10 type=0 surf=0 bytes=0x8000 kr=0 okC=16 failC=0 okD=0 failD=0 unmatchedD=0 full=0 live=16/4MB [t0=14/0MB t80=0/0MB t82=2/3MB]
#### AGXIOC heap map #14 clientID 0x8000 -> resourceID 0x10 size 0x8000
####   ResCreate OK type=0 clientID=0 +0x30=0 +0x38=0 +0x40=0x8000 +0x58=0 OUT[+0]=0x1500448000 OUT[+0x08]=0x10d308000 OUT[+0x10]=0x105c90c00 OUT[+0x48]=0x8000
####   inStruct[0..104]:
####     00: 00 00 00 00 00 00 00 00 00 80 01 00 01 00 00 00
####     10: 01 01 00 01 30 04 00 00 00 00 00 00 00 00 00 00
####     20: 00 00 00 00 00 00 00 00 00 00 00 00 00 00 00 00
####     30: 00 00 00 00 00 00 00 00 00 00 00 00 00 00 00 00
####     40: 00 80 00 00 00 00 00 00 00 00 00 00 00 00 00 00
####     50: 00 00 00 08 00 00 00 00 00 00 00 00 00 00 00 00
####     60: 00 00 00 00 00 00 00 00
#### AGXIOC heap map #15 clientID 0x8000 -> resourceID 0x11 size 0x8000
####   ResCreate OK type=0 clientID=0 +0x30=0 +0x38=0 +0x40=0x8000 +0x58=0 OUT[+0]=0x1500458000 OUT[+0x08]=0x10d310000 OUT[+0x10]=0x105c90cc0 OUT[+0x48]=0x8000
####   inStruct[0..104]:
####     00: 00 00 00 00 00 00 00 00 00 80 01 00 01 00 00 00
####     10: 01 01 00 01 30 04 00 00 00 00 00 00 00 00 00 00
####     20: 00 00 00 00 00 00 00 00 00 00 00 00 00 00 00 00
####     30: 00 00 00 00 00 00 00 00 00 00 00 00 00 00 00 00
####     40: 00 80 00 00 00 00 00 00 00 00 00 00 00 00 00 00
####     50: 00 00 00 08 00 00 00 00 00 00 00 00 00 00 00 00
####     60: 00 00 00 00 00 00 00 00
#### AGXIOC heap map #16 clientID 0x8000 -> resourceID 0x12 size 0x8000
####   ResCreate OK type=0 clientID=0 +0x30=0 +0x38=0 +0x40=0x8000 +0x58=0 OUT[+0]=0x1500468000 OUT[+0x08]=0x10d318000 OUT[+0x10]=0x105c90d80 OUT[+0x48]=0x8000
####   inStruct[0..104]:
####     00: 00 00 00 00 00 00 00 00 00 80 01 00 01 00 00 00
####     10: 01 01 00 01 30 04 00 00 00 00 00 00 00 00 00 00
####     20: 00 00 00 00 00 00 00 00 00 00 00 00 00 00 00 00
####     30: 00 00 00 00 00 00 00 00 00 00 00 00 00 00 00 00
####     40: 00 80 00 00 00 00 00 00 00 00 00 00 00 00 00 00
####     50: 00 00 00 08 00 00 00 00 00 00 00 00 00 00 00 00
####     60: 00 00 00 00 00 00 00 00
####   ResCreate OK type=0 clientID=0 +0x30=0 +0x38=0 +0x40=0x8000 +0x58=0 OUT[+0]=0x1500478000 OUT[+0x08]=0x10d320000 OUT[+0x10]=0x105c90e40 OUT[+0x48]=0x8000
####   inStruct[0..104]:
####     00: 00 00 00 00 00 00 00 00 00 80 01 00 01 00 00 00
####     10: 01 01 00 01 30 04 00 00 00 00 00 00 00 00 00 00
####     20: 00 00 00 00 00 00 00 00 00 00 00 00 00 00 00 00
####     30: 00 00 00 00 00 00 00 00 00 00 00 00 00 00 00 00
####     40: 00 80 00 00 00 00 00 00 00 00 00 00 00 00 00 00
####     50: 00 00 00 08 00 00 00 00 00 00 00 00 00 00 00 00
####     60: 00 00 00 00 00 00 00 00
####   ResCreate OK type=0 clientID=0 +0x30=0 +0x38=0 +0x40=0x8000 +0x58=0 OUT[+0]=0x1500488000 OUT[+0x08]=0x10d328000 OUT[+0x10]=0x105c90f00 OUT[+0x48]=0x8000
####   inStruct[0..104]:
####     00: 00 00 00 00 00 00 00 00 00 80 01 00 01 00 00 00
####     10: 01 01 00 01 30 04 00 00 00 00 00 00 00 00 00 00
####     20: 00 00 00 00 00 00 00 00 00 00 00 00 00 00 00 00
####     30: 00 00 00 00 00 00 00 00 00 00 00 00 00 00 00 00
####     40: 00 80 00 00 00 00 00 00 00 00 00 00 00 00 00 00
####     50: 00 00 00 08 00 00 00 00 00 00 00 00 00 00 00 00
####     60: 00 00 00 00 00 00 00 00
####   ResCreate OK type=0 clientID=0 +0x30=0 +0x38=0 +0x40=0x8000 +0x58=0 OUT[+0]=0x70000 OUT[+0x08]=0x10d330000 OUT[+0x10]=0x105c90fc0 OUT[+0x48]=0x8000
####   inStruct[0..104]:
####     00: 00 00 00 00 00 00 00 00 00 80 01 00 01 00 00 00
####     10: 01 01 00 01 30 84 00 00 00 00 00 00 00 00 00 00
####     20: 00 00 00 00 00 00 00 00 00 00 00 00 00 00 00 00
####     30: 00 00 00 00 00 00 00 00 00 00 00 00 00 00 00 00
####     40: 00 80 00 00 00 00 00 00 00 00 00 00 00 00 00 00
####     50: 00 00 00 48 00 00 00 00 00 00 00 00 00 00 00 00
####     60: 00 00 00 00 00 00 00 00
####   ResCreate OK type=0 clientID=0 +0x30=0 +0x38=0 +0x40=0x8000 +0x58=0 OUT[+0]=0x80000 OUT[+0x08]=0x10d338000 OUT[+0x10]=0x105c91080 OUT[+0x48]=0x8000
####   inStruct[0..104]:
####     00: 00 00 00 00 00 00 00 00 00 80 01 00 01 00 00 00
####     10: 01 01 00 01 30 84 00 00 00 00 00 00 00 00 00 00
####     20: 00 00 00 00 00 00 00 00 00 00 00 00 00 00 00 00
####     30: 00 00 00 00 00 00 00 00 00 00 00 00 00 00 00 00
####     40: 00 80 00 00 00 00 00 00 00 00 00 00 00 00 00 00
####     50: 00 00 00 48 00 00 00 00 00 00 00 00 00 00 00 00
####     60: 00 00 00 00 00 00 00 00
####   ResCreate OK type=0 clientID=0 +0x30=0 +0x38=0 +0x40=0x100000 +0x58=0 OUT[+0]=0x1500498000 OUT[+0x08]=0x1109c0000 OUT[+0x10]=0x105c91140 OUT[+0x48]=0x100000
####   inStruct[0..104]:
####     00: 00 00 00 00 00 00 00 00 00 00 01 00 01 00 00 00
####     10: 01 01 00 01 30 04 00 00 00 00 00 00 00 00 00 00
####     20: 00 00 00 00 00 00 00 00 00 00 00 00 00 00 00 00
####     30: 00 00 00 00 00 00 00 00 00 00 00 00 00 00 00 00
####     40: 00 00 10 00 00 00 00 00 00 00 00 00 00 00 00 00
####     50: 00 00 00 18 00 00 00 00 00 00 00 00 00 00 00 00
####     60: 00 00 00 00 00 00 00 00
####   ResCreate OK type=0 clientID=0 +0x30=0 +0x38=0 +0x40=0x8000 +0x58=0 OUT[+0]=0x15005a0000 OUT[+0x08]=0x10d340000 OUT[+0x10]=0x105c91200 OUT[+0x48]=0x8000
####   inStruct[0..104]:
####     00: 00 00 00 00 00 00 00 00 00 80 01 00 01 00 00 00
####     10: 01 01 00 01 30 04 00 00 00 00 00 00 00 00 00 00
####     20: 00 00 00 00 00 00 00 00 00 00 00 00 00 00 00 00
####     30: 00 00 00 00 00 00 00 00 00 00 00 00 00 00 00 00
####     40: 00 80 00 00 00 00 00 00 00 00 00 00 00 00 00 00
####     50: 00 00 00 08 00 00 00 00 00 00 00 00 00 00 00 00
####     60: 00 00 00 00 00 00 00 00
####   ResCreate OK type=0 clientID=0 +0x30=0 +0x38=0 +0x40=0x8000 +0x58=0 OUT[+0]=0x15005b0000 OUT[+0x08]=0x10d348000 OUT[+0x10]=0x105c912c0 OUT[+0x48]=0x8000
####   inStruct[0..104]:
####     00: 00 00 00 00 00 00 00 00 00 80 01 00 01 00 00 00
####     10: 01 01 00 01 30 04 00 00 00 00 00 00 00 00 00 00
####     20: 00 00 00 00 00 00 00 00 00 00 00 00 00 00 00 00
####     30: 00 00 00 00 00 00 00 00 00 00 00 00 00 00 00 00
####     40: 00 80 00 00 00 00 00 00 00 00 00 00 00 00 00 00
####     50: 00 00 00 18 00 00 00 00 00 00 00 00 00 00 00 00
####     60: 00 00 00 00 00 00 00 00
####   ResCreate OK type=0 clientID=0 +0x30=0 +0x38=0 +0x40=0x8000 +0x58=0 OUT[+0]=0x15005c0000 OUT[+0x08]=0x10d350000 OUT[+0x10]=0x105c91380 OUT[+0x48]=0x8000
####   inStruct[0..104]:
####     00: 00 00 00 00 00 00 00 00 00 80 01 00 01 00 00 00
####     10: 01 01 00 01 30 04 00 00 00 00 00 00 00 00 00 00
####     20: 00 00 00 00 00 00 00 00 00 00 00 00 00 00 00 00
####     30: 00 00 00 00 00 00 00 00 00 00 00 00 00 00 00 00
####     40: 00 80 00 00 00 00 00 00 00 00 00 00 00 00 00 00
####     50: 00 00 00 08 00 00 00 00 00 00 00 00 00 00 00 00
####     60: 00 00 00 00 00 00 00 00
####   ResCreate OK type=0 clientID=0 +0x30=0 +0x38=0 +0x40=0x8000 +0x58=0 OUT[+0]=0x15005d0000 OUT[+0x08]=0x10d358000 OUT[+0x10]=0x105c91440 OUT[+0x48]=0x8000
####   inStruct[0..104]:
####     00: 00 00 00 00 00 00 00 00 00 80 01 00 01 00 00 00
####     10: 01 01 00 01 30 04 00 00 00 00 00 00 00 00 00 00
####     20: 00 00 00 00 00 00 00 00 00 00 00 00 00 00 00 00
####     30: 00 00 00 00 00 00 00 00 00 00 00 00 00 00 00 00
####     40: 00 80 00 00 00 00 00 00 00 00 00 00 00 00 00 00
####     50: 00 00 00 08 00 00 00 00 00 00 00 00 00 00 00 00
####     60: 00 00 00 00 00 00 00 00
####   ResCreate OK type=0 clientID=0 +0x30=0 +0x38=0 +0x40=0x8000 +0x58=0 OUT[+0]=0x15005e0000 OUT[+0x08]=0x10d360000 OUT[+0x10]=0x105c91500 OUT[+0x48]=0x8000
####   inStruct[0..104]:
####     00: 00 00 00 00 00 00 00 00 00 80 01 00 01 00 00 00
####     10: 01 01 00 01 30 04 00 00 00 00 00 00 00 00 00 00
####     20: 00 00 00 00 00 00 00 00 00 00 00 00 00 00 00 00
####     30: 00 00 00 00 00 00 00 00 00 00 00 00 00 00 00 00
####     40: 00 80 00 00 00 00 00 00 00 00 00 00 00 00 00 00
####     50: 00 00 00 08 00 00 00 00 00 00 00 00 00 00 00 00
####     60: 00 00 00 00 00 00 00 00
####   ResCreate OK type=0 clientID=0 +0x30=0 +0x38=0 +0x40=0x8000 +0x58=0 OUT[+0]=0x15005f0000 OUT[+0x08]=0x10d368000 OUT[+0x10]=0x105c915c0 OUT[+0x48]=0x8000
####   inStruct[0..104]:
####     00: 00 00 00 00 00 00 00 00 00 80 01 00 01 00 00 00
####     10: 01 01 00 01 30 04 00 00 00 00 00 00 00 00 00 00
####     20: 00 00 00 00 00 00 00 00 00 00 00 00 00 00 00 00
####     30: 00 00 00 00 00 00 00 00 00 00 00 00 00 00 00 00
####     40: 00 80 00 00 00 00 00 00 00 00 00 00 00 00 00 00
####     50: 00 00 00 08 00 00 00 00 00 00 00 00 00 00 00 00
####     60: 00 00 00 00 00 00 00 00
####   ResCreate OK type=0 clientID=0 +0x30=0 +0x38=0 +0x40=0x8000 +0x58=0 OUT[+0]=0x1500600000 OUT[+0x08]=0x10d370000 OUT[+0x10]=0x105c91680 OUT[+0x48]=0x8000
####   inStruct[0..104]:
####     00: 00 00 00 00 00 00 00 00 00 80 01 00 01 00 00 00
####     10: 01 01 00 01 30 04 00 00 00 00 00 00 00 00 00 00
####     20: 00 00 00 00 00 00 00 00 00 00 00 00 00 00 00 00
####     30: 00 00 00 00 00 00 00 00 00 00 00 00 00 00 00 00
####     40: 00 80 00 00 00 00 00 00 00 00 00 00 00 00 00 00
####     50: 00 00 00 08 00 00 00 00 00 00 00 00 00 00 00 00
####     60: 00 00 00 00 00 00 00 00
####   ResCreate OK type=0 clientID=0 +0x30=0 +0x38=0 +0x40=0xff80 +0x58=0 OUT[+0]=0x1500610000 OUT[+0x08]=0x10d378000 OUT[+0x10]=0x105c91740 OUT[+0x48]=0x10000
####   inStruct[0..104]:
####     00: 00 00 00 00 00 00 00 00 80 ff 01 00 01 00 00 00
####     10: 01 01 00 01 30 04 00 00 00 00 00 00 00 00 00 00
####     20: 00 00 00 00 00 00 00 00 00 00 00 00 00 00 00 00
####     30: 00 00 00 00 00 00 00 00 00 00 00 00 00 00 00 00
####     40: 80 ff 00 00 00 00 00 00 00 00 00 00 00 00 00 00
####     50: 00 00 00 18 00 00 00 00 00 00 00 00 00 00 00 00
####     60: 00 00 00 00 00 00 00 00
####   ResCreate OK type=0 clientID=0 +0x30=0 +0x38=0 +0x40=0xc0000 +0x58=0 OUT[+0]=0x1500628000 OUT[+0x08]=0x110ac0000 OUT[+0x10]=0x105c91800 OUT[+0x48]=0xc0000
####   inStruct[0..104]:
####     00: 00 00 00 00 00 00 00 00 00 00 01 00 01 00 00 00
####     10: 01 01 00 01 30 04 00 00 00 00 00 00 00 00 00 00
####     20: 00 00 00 00 00 00 00 00 00 00 00 00 00 00 00 00
####     30: 00 00 00 00 00 00 00 00 00 00 00 00 00 00 00 00
####     40: 00 00 0c 00 00 00 00 00 00 00 00 00 00 00 00 00
####     50: 00 00 00 08 00 00 00 00 00 00 00 00 00 00 00 00
####     60: 00 00 00 00 00 00 00 00
#### AGX_SUBMIT_DIAG #1 subtype1-predicate scalar0=0x1 legacy-scalar-gate=1 total=0x840/1 seglen=0x130/1 seghdr=1 cmdtotal=1 d8=1 pad1=1 f1=1 sent1=1 pad2=1 f2=1 sent2=1
#### AGX_SUBMIT_DIAG #1 descriptor[0] KCMD-type1-observed save /tmp/macws_submit_kcmd_1_0_type1-observed.bin failed errno=17
#### AGX_SUBMIT_DIAG #1 descriptor[0] segment save /tmp/macws_submit_segment_1_0.bin failed errno=17
#### AGX_SUBMIT_DIAG #1 TEMP-KCMD-ABI-FIX subtype1-clear pads=0x1c0,0x4c0 total=0x840->0x820 size=0x7e8->0x7c8 end=0x818->0x7f8 segment-span=0x820
#### AGXIOC type0 exact initFull length: +0x58=0 low32=0 -> +0x40=0x8000
####   ResCreate OK type=0 clientID=0 +0x30=0x40 +0x38=0 +0x40=0x8000 +0x58=0 OUT[+0]=0x1500868000 OUT[+0x08]=0x10d3cc000 OUT[+0x10]=0x105c91c80 OUT[+0x48]=0x8000
####   inStruct[0..104]:
####     00: 00 00 00 00 00 00 00 00 01 00 01 00 01 00 00 00
####     10: 01 01 00 01 70 04 00 00 00 00 00 00 00 00 00 00
####     20: 00 00 00 00 00 00 00 00 00 00 00 00 00 00 00 00
####     30: 40 00 00 00 00 00 00 00 00 00 00 00 00 00 00 00
####     40: 00 80 00 00 00 00 00 00 00 00 00 00 00 00 00 00
####     50: 00 00 00 00 00 00 00 00 00 00 00 00 00 00 00 00
####     60: d8 9f 19 47 02 00 00 00
#### TRACE -[AGXBuffer initFull] self=0x60021d800 dev=0x6001d2000 len=32768 align=1→64 opt=0 subDis=0→1 resIn=0x16bc366e8 pin=0x0 -> 0x60021d800
#### AGXIOC Method sel=0x1e->0x1a inCnt=4 inSC=56 outSC=0 -> 0x0
#### AGXIOC type0 exact initFull length: +0x58=0 low32=0 -> +0x40=0xc000
####   ResCreate OK type=0 clientID=0 +0x30=0x40 +0x38=0 +0x40=0xc000 +0x58=0 OUT[+0]=0x15008a0000 OUT[+0x08]=0x10d3d4000 OUT[+0x10]=0x105c91d40 OUT[+0x48]=0xc000
####   inStruct[0..104]:
####     00: 00 00 00 00 00 00 00 00 01 00 01 00 01 00 00 00
####     10: 01 01 00 01 70 04 00 00 00 00 00 00 00 00 00 00
####     20: 00 00 00 00 00 00 00 00 00 00 00 00 00 00 00 00
####     30: 40 00 00 00 00 00 00 00 00 00 00 00 00 00 00 00
####     40: 00 c0 00 00 00 00 00 00 00 00 00 00 00 00 00 00
####     50: 00 00 00 00 00 00 00 00 00 00 00 00 00 00 00 00
####     60: 88 68 c3 6b 01 00 00 00
#### TRACE -[AGXBuffer initFull] self=0x60021e100 dev=0x6001d2000 len=49152 align=1→64 opt=0 subDis=0→1 resIn=0x16bc367e8 pin=0x0 -> 0x60021e100
#### CBRI_HOOK self=0x600224980 cls=AGXG13GFamilyCommandBuffer → resourceInfo=0x600259600
####   ResCreate OK type=0 clientID=0 +0x30=0 +0x38=0 +0x40=0xff80 +0x58=0 OUT[+0]=0x15008b0000 OUT[+0x08]=0x10d3e4000 OUT[+0x10]=0x105c91e00 OUT[+0x48]=0x10000
####   inStruct[0..104]:
####     00: 00 00 00 00 00 00 00 00 80 ff 01 00 01 00 00 00
####     10: 01 01 00 01 30 04 00 00 00 00 00 00 00 00 00 00
####     20: 00 00 00 00 00 00 00 00 00 00 00 00 00 00 00 00
####     30: 00 00 00 00 00 00 00 00 00 00 00 00 00 00 00 00
####     40: 80 ff 00 00 00 00 00 00 00 00 00 00 00 00 00 00
####     50: 00 00 00 18 00 00 00 00 00 00 00 00 00 00 00 00
####     60: 00 00 00 00 00 00 00 00
#### AGX_SUBMIT_DIAG #2 TEMP-KCMD-TRAILING-WRAPPER-FIX match=1 subtype1=0..0x840->0..0x820 wrappers=2 range=0x840..0x870->0x820..0x850
#### AGXIOC Method sel=0x1e->0x1a inCnt=4 inSC=56 outSC=0 -> 0x0
#### MTL_TEX entry self class=AGXG13GFamilyDevice
#### MTL_TEX TLS set iosurface=0x60003ba80 id=0x12c plane=0 compressionHeaderSpan=0 (thread=0x205745e00 addr=0x0)
#### MACWS_AGX_NATIVE supportsMemorylessRenderTargets CALLED on instance=0x6001d2000 class=AGXG13GFamilyDevice -> YES
#### AGXIOC type=0x82 patch #3: f14=0x430 +0x30 0→0x12c +0x38 0x12c→0 +0x40 0→0 +0x50 0→0x180888f00 +0x58 0x180888f00→0
#### AGX_LIFE type82 CREATE stack #3 resourceID=0x24 surf=0x12c (16 frames):
0   libmachook_arm64.dylib              0x00000001043fe1d4 IOConnectCallMethod_new + 8728
1   IOGPU                               0x00000001c749e18c IOGPUResourceCreate + 236
2   IOGPU                               0x00000001c7498138 -[IOGPUMetalResource initWithDevice:remoteStorageResource:options:args:argsSize:] + 460
3   libmachook_arm64.dylib              0x00000001043f07a0 __loadImageCallback_block_invoke_20 + 112
4   IOGPU                               0x00000001c749a5ec -[IOGPUMetalTexture initWithDevice:descriptor:iosurface:plane:field:args:argsSize:] + 824
5   AGXMetal13_3                        0x000000020fda2f38 -[AGXTexture initWithDevice:desc:iosurface:plane:] + 288
6   libmachook_arm64.dylib              0x000000010442238c -[MTLFakeDevice hooked_newTextureWithDescriptor:iosurface:plane:] + 1932
7   libGLESv2.dylib                     0x000000010d6d3754 glStartTilingQCOM + 2731860
8   libGLESv2.dylib                     0x000000010d6a79b8 glStartTilingQCOM + 2552248
9   libGLESv2.dylib                     0x000000010d6a7824 glStartTilingQCOM + 2551844
10  libGLESv2.dylib                     0x000000010d5a5fd4 glStartTilingQCOM + 1497044
11  libGLESv2.dylib                     0x000000010d4015fc libGLESv2.dylib + 38396
12  libGLESv2.dylib                     0x000000010d404d60 EGL_BindTexImage + 144
13  Electron Framework                  0x000000011720a528 rust_bmp$cxxbridge1$194$Reader$image_data_loaded + 582280
14  Electron Framework                  0x000000011720d9cc rust_bmp$cxxbridge1$194$Reader$image_data_loaded + 595756
15  Electron Framework                  0x000000011720b830 rust_bmp$cxxbridge1$194$Reader$image_data_loaded + 587152
####   ResCreate OK type=0x82 clientID=0 +0x30=0x12c +0x38=0 +0x40=0 +0x58=0 OUT[+0]=0x1500910000 OUT[+0x08]=0 OUT[+0x10]=0x105c91ec0 OUT[+0x48]=0x3d0000
####   inStruct[0..104]:
####     00: 82 00 00 00 00 00 00 00 60 09 a0 01 01 00 00 00
####     10: 01 01 00 04 30 04 00 00 00 00 00 00 00 00 00 00
####     20: 00 00 00 00 00 00 00 00 00 00 00 00 00 00 00 00
####     30: 2c 01 00 00 00 00 00 00 00 00 00 00 00 00 00 00
####     40: 00 00 00 00 00 00 00 00 00 00 00 00 00 00 00 00
####     50: 00 8f 88 80 01 00 00 00 00 00 00 00 00 00 00 00
####     60: 00 00 00 00 00 00 00 00
#### AGX_MAP_AUDIT #3 tex=0x6009b7300 impl=0x6009b7080 iosurface(arg=0x60003ba80 bound=0x60003ba80) plane=0 cpu130=0x11c858000 gpu40=0x1500910000 descriptorOff=0x190 descriptorLayout=0 compressed=0 extended=0 match=1
#### AGXIOC Method sel=0x1e->0x1a inCnt=4 inSC=56 outSC=0 -> 0x0
#### AGXIOC Method sel=0xf->0xd inCnt=2 inSC=0 outSC=16 -> 0x0
#### AGXIOC Method sel=0xf->0xd inCnt=2 inSC=0 outSC=16 -> 0x0
#### CBRI_HOOK self=0x600225780 cls=AGXG13GFamilyCommandBuffer → resourceInfo=0x600267c00
#### AGX_SUBMIT_DIAG #4 TEMP-KCMD-TRAILING-WRAPPER-FIX match=2 subtype1=0..0x840->0..0x820 wrappers=1 range=0x840..0x858->0x820..0x838
#### AGXIOC Method sel=0x1e->0x1a inCnt=4 inSC=56 outSC=0 -> 0x0
#### MTL_TEX entry self class=AGXG13GFamilyDevice
#### MTL_TEX TLS set iosurface=0x60003e560 id=0x130 plane=0 compressionHeaderSpan=0 (thread=0x205745e00 addr=0x0)
#### MACWS_AGX_NATIVE supportsMemorylessRenderTargets CALLED on instance=0x6001d2000 class=AGXG13GFamilyDevice -> YES
#### AGXIOC type=0x82 patch #4: f14=0x430 +0x30 0→0x130 +0x38 0x130→0 +0x40 0→0 +0x50 0→0x180888f00 +0x58 0x180888f00→0
#### AGX_LIFE type82 CREATE stack #4 resourceID=0x25 surf=0x130 (16 frames):
0   libmachook_arm64.dylib              0x00000001043fe1d4 IOConnectCallMethod_new + 8728
1   IOGPU                               0x00000001c749e18c IOGPUResourceCreate + 236
2   IOGPU                               0x00000001c7498138 -[IOGPUMetalResource initWithDevice:remoteStorageResource:options:args:argsSize:] + 460
3   libmachook_arm64.dylib              0x00000001043f07a0 __loadImageCallback_block_invoke_20 + 112
4   IOGPU                               0x00000001c749a5ec -[IOGPUMetalTexture initWithDevice:descriptor:iosurface:plane:field:args:argsSize:] + 824
5   AGXMetal13_3                        0x000000020fda2f38 -[AGXTexture initWithDevice:desc:iosurface:plane:] + 288
6   libmachook_arm64.dylib              0x000000010442238c -[MTLFakeDevice hooked_newTextureWithDescriptor:iosurface:plane:] + 1932
7   libGLESv2.dylib                     0x000000010d6d3754 glStartTilingQCOM + 2731860
8   libGLESv2.dylib                     0x000000010d6a79b8 glStartTilingQCOM + 2552248
9   libGLESv2.dylib                     0x000000010d6a7824 glStartTilingQCOM + 2551844
10  libGLESv2.dylib                     0x000000010d5a5fd4 glStartTilingQCOM + 1497044
11  libGLESv2.dylib                     0x000000010d4015fc libGLESv2.dylib + 38396
12  libGLESv2.dylib                     0x000000010d404d60 EGL_BindTexImage + 144
13  Electron Framework                  0x000000011720a528 rust_bmp$cxxbridge1$194$Reader$image_data_loaded + 582280
14  Electron Framework                  0x000000011720d9cc rust_bmp$cxxbridge1$194$Reader$image_data_loaded + 595756
15  Electron Framework                  0x000000011720b830 rust_bmp$cxxbridge1$194$Reader$image_data_loaded + 587152
####   ResCreate OK type=0x82 clientID=0 +0x30=0x130 +0x38=0 +0x40=0 +0x58=0 OUT[+0]=0x1500ce8000 OUT[+0x08]=0 OUT[+0x10]=0x105c91f80 OUT[+0x48]=0x3d0000
####   inStruct[0..104]:
####     00: 82 00 00 00 00 00 00 00 60 09 a0 01 01 00 00 00
####     10: 01 01 00 04 30 04 00 00 00 00 00 00 00 00 00 00
####     20: 00 00 00 00 00 00 00 00 00 00 00 00 00 00 00 00
####     30: 30 01 00 00 00 00 00 00 00 00 00 00 00 00 00 00
####     40: 00 00 00 00 00 00 00 00 00 00 00 00 00 00 00 00
####     50: 00 8f 88 80 01 00 00 00 00 00 00 00 00 00 00 00
####     60: 00 00 00 00 00 00 00 00
#### AGX_MAP_AUDIT #4 tex=0x6009b7a80 impl=0x6009b7800 iosurface(arg=0x60003e560 bound=0x60003e560) plane=0 cpu130=0x11cc28000 gpu40=0x1500ce8000 descriptorOff=0x190 descriptorLayout=0 compressed=0 extended=0 match=1
#### AGXIOC Method sel=0x1e->0x1a inCnt=4 inSC=56 outSC=0 -> 0x0
#### CBRI_HOOK self=0x600225e80 cls=AGXG13GFamilyCommandBuffer → resourceInfo=0x600259600
#### AGX_SUBMIT_DIAG #6 TEMP-KCMD-TRAILING-WRAPPER-FIX match=3 subtype1=0..0x840->0..0x820 wrappers=1 range=0x840..0x858->0x820..0x838
#### AGXIOC Method sel=0x1e->0x1a inCnt=4 inSC=56 outSC=0 -> 0x0
#### MTL_TEX TLS set iosurface=0x60003d6a0 id=0x134 plane=0 compressionHeaderSpan=0 (thread=0x205745e00 addr=0x0)
#### MACWS_AGX_NATIVE supportsMemorylessRenderTargets CALLED on instance=0x6001d2000 class=AGXG13GFamilyDevice -> YES
#### AGXIOC type=0x82 patch #5: f14=0x430 +0x30 0→0x134 +0x38 0x134→0 +0x40 0→0 +0x50 0→0x180888f00 +0x58 0x180888f00→0
####   ResCreate OK type=0x82 clientID=0 +0x30=0x134 +0x38=0 +0x40=0 +0x58=0 OUT[+0]=0x15010c0000 OUT[+0x08]=0 OUT[+0x10]=0x105c92040 OUT[+0x48]=0x3d0000
####   inStruct[0..104]:
####     00: 82 00 00 00 00 00 00 00 60 09 a0 01 01 00 00 00
####     10: 01 01 00 04 30 04 00 00 00 00 00 00 00 00 00 00
####     20: 00 00 00 00 00 00 00 00 00 00 00 00 00 00 00 00
####     30: 34 01 00 00 00 00 00 00 00 00 00 00 00 00 00 00
####     40: 00 00 00 00 00 00 00 00 00 00 00 00 00 00 00 00
####     50: 00 8f 88 80 01 00 00 00 00 00 00 00 00 00 00 00
####     60: 00 00 00 00 00 00 00 00
#### AGX_MAP_AUDIT #5 tex=0x6009b8480 impl=0x6009b8200 iosurface(arg=0x60003d6a0 bound=0x60003d6a0) plane=0 cpu130=0x11cff8000 gpu40=0x15010c0000 descriptorOff=0x190 descriptorLayout=0 compressed=0 extended=0 match=1
#### AGXIOC Method sel=0x1e->0x1a inCnt=4 inSC=56 outSC=0 -> 0x0
#### CBRI_HOOK self=0x600226580 cls=AGXG13GFamilyCommandBuffer → resourceInfo=0x600267c00
#### AGX_SUBMIT_DIAG #8 TEMP-KCMD-TRAILING-WRAPPER-FIX match=4 subtype1=0..0x840->0..0x820 wrappers=1 range=0x840..0x858->0x820..0x838
#### AGXIOC Method sel=0x1e->0x1a inCnt=4 inSC=56 outSC=0 -> 0x0
#### IOSURFACE-RELEASE-ABI pair #1: conn=15623 surfaceID=278 sel=1 -> 0
[34466:0728/135950.439532:VERBOSE1:content/browser/loader/file_url_loader_factory.cc:474] FileURLLoader::Start: file:///Applications/Visual%20Studio%20Code.app/Contents/Resources/app/out/vs/workbench/workbench.desktop.main.js
[91m[main 2026-07-28T20:59:50.603Z][0m Unable to resolve your shell environment: Unexpected exit code from spawned shell (code null, signal SIGABRT)
#### JIT-MPROTECT flip #1024 ranges=1 prot=RX writers=1 exec_waits=292 late_retries=1
#### JIT-MPROTECT flip #2048 ranges=1 prot=RX writers=1 exec_waits=762 late_retries=3
#### JIT-MPROTECT flip #3072 ranges=1 prot=RX writers=1 exec_waits=1082 late_retries=31
#### JIT-MPROTECT flip #5120 ranges=1 prot=RX writers=1 exec_waits=1772 late_retries=31
#### JIT-MPROTECT flip #4096 ranges=1 prot=RX writers=1 exec_waits=1475 late_retries=42
#### JIT-MPROTECT flip #5120 ranges=1 prot=RX writers=1 exec_waits=1906 late_retries=49
[34488:0728/135951.098823:VERBOSE1:net/base/network_delegate.cc:38] NetworkDelegate::NotifyBeforeURLRequest: https://main.vscode-cdn.net/extensions/chat.json
#### JIT-MPROTECT flip #6144 ranges=1 prot=RX writers=1 exec_waits=2306 late_retries=64
#### JIT-MPROTECT flip #7168 ranges=1 prot=RX writers=1 exec_waits=2703 late_retries=69
#### JIT-MPROTECT flip #8192 ranges=1 prot=RX writers=1 exec_waits=3043 late_retries=77
[34466:0728/135951.369560:VERBOSE1:content/browser/loader/file_url_loader_factory.cc:474] FileURLLoader::Start: file:///Applications/Visual%20Studio%20Code.app/Contents/Resources/app/out/media/sessions-icon.svg
#### AGXIOC Method sel=0xd->0xc inCnt=2 inSC=0 outSC=0 -> 0x0
#### JIT-MPROTECT flip #9216 ranges=1 prot=RX writers=1 exec_waits=3447 late_retries=85
[34466:0728/135951.471064:ERROR:net/cert/internal/trust_store_mac.cc:773] SecItemCopyMatching error: Error Domain=NSOSStatusErrorDomain Code=-50 "paramErr: error in user parameter list" (-50)
[34466:0728/135951.490217:VERBOSE1:components/proxy_config/pref_proxy_config_tracker_impl.cc:462] 0x601e20740: set chrome proxy config service to 0x6004da100
[34466:0728/135951.491480:VERBOSE1:components/device_event_log/device_event_log_impl.cc:204] [13:59:51.491] Bluetooth: EVENT: bluetooth_api.cc:82 BluetoothAPI: 0x603740000
[34466:0728/135951.492271:VERBOSE1:base/files/file_util_posix.cc:309] Cannot stat "/tmp/macws-vscode-profile-agx-native-targetfix12/Partitions/vscode-browser/Code Cache/pc": No such file or directory (2)
[34466:0728/135951.495031:VERBOSE1:base/files/file_util_posix.cc:309] Cannot stat "/tmp/macws-vscode-profile-agx-native-targetfix12/Partitions/vscode-browser/databases": No such file or directory (2)
#### JIT-MPROTECT flip #10240 ranges=1 prot=RX writers=1 exec_waits=3875 late_retries=87
#### MTL_TEX TLS set iosurface=0x60003e460 id=0x12d plane=0 compressionHeaderSpan=0 (thread=0x205745e00 addr=0x0)
#### AGXIOC type=0x82 patch #6: f14=0x430 +0x30 0→0x12d +0x38 0x12d→0 +0x40 0→0 +0x50 0→0x180888f00 +0x58 0x180888f00→0
####   ResCreate OK type=0x82 clientID=0 +0x30=0x12d +0x38=0 +0x40=0 +0x58=0 OUT[+0]=0x1501498000 OUT[+0x08]=0 OUT[+0x10]=0x105c92100 OUT[+0x48]=0x30000
####   inStruct[0..104]:
####     00: 82 00 00 00 00 00 00 00 2c 01 96 00 01 00 00 00
####     10: 01 01 00 04 30 04 00 00 00 00 00 00 00 00 00 00[34488:0728/135951.510175:VERBOSE1:net/base/network_delegate.cc:38] NetworkDelegate::NotifyBeforeURLRequest: https://www.apple.com/ipad-pro/

####     20: 00 00 00 00 00 00 00 00 00 00 00 00 00 00 00 00
####     30: 2d 01 00 00 00 00 00 00 00 00 00 00 00 00 00 00
####     40: 00 00 00 00 00 00 00 00 00 00 00 00 00 00 00 00
####     50: 00 8f 88 80 01 00 00 00 00 00 00 00 00 00 00 00
####     60: 00 00 00 00 00 00 00 00
#### AGX_MAP_AUDIT #6 tex=0x6009b9600 impl=0x6009b9380 iosurface(arg=0x60003e460 bound=0x60003e460) plane=0 cpu130=0x10cefc000 gpu40=0x1501498000 descriptorOff=0x190 descriptorLayout=0 compressed=0 extended=0 match=1
#### CBRI_HOOK self=0x600226c80 cls=AGXG13GFamilyCommandBuffer → resourceInfo=0x600259600
####   ResCreate OK type=0 clientID=0 +0x30=0 +0x38=0 +0x40=0x8000 +0x58=0 OUT[+0]=0x1500840000 OUT[+0x08]=0x105fdc000 OUT[+0x10]=0x105c921c0 OUT[+0x48]=0x8000
####   inStruct[0..104]:
####     00: 00 00 00 00 00 00 00 00 00 80 01 00 01 00 00 00
####     10: 01 01 00 01 30 04 00 00 00 00 00 00 00 00 00 00
####     20: 00 00 00 00 00 00 00 00 00 00 00 00 00 00 00 00
####     30: 00 00 00 00 00 00 00 00 00 00 00 00 00 00 00 00
####     40: 00 80 00 00 00 00 00 00 00 00 00 00 00 00 00 00
####     50: 00 00 00 08 00 00 00 00 00 00 00 00 00 00 00 00
####     60: 00 00 00 00 00 00 00 00
####   ResCreate OK type=0 clientID=0 +0x30=0 +0x38=0 +0x40=0x8000 +0x58=0 OUT[+0]=0x1500850000 OUT[+0x08]=0x10cf2c000 OUT[+0x10]=0x105c92280 OUT[+0x48]=0x8000
####   inStruct[0..104]:
####     00: 00 00 00 00 00 00 00 00 00 80 01 00 01 00 00 00
####     10: 01 01 00 01 30 04 00 00 00 00 00 00 00 00 00 00
####     20: 00 00 00 00 00 00 00 00 00 00 00 00 00 00 00 00
####     30: 00 00 00 00 00 00 00 00 00 00 00 00 00 00 00 00
####     40: 00 80 00 00 00 00 00 00 00 00 00 00 00 00 00 00
####     50: 00 00 00 08 00 00 00 00 00 00 00 00 00 00 00 00
####     60: 00 00 00 00 00 00 00 00
####   ResCreate OK type=0 clientID=0 +0x30=0 +0x38=0 +0x40=0x8000 +0x58=0 OUT[+0]=0x15014d0000 OUT[+0x08]=0x10cf34000 OUT[+0x10]=0x105c92340 OUT[+0x48]=0x8000
####   inStruct[0..104]:
####     00: 00 00 00 00 00 00 00 00 00 80 01 00 01 00 00 00
####     10: 01 01 00 01 30 04 00 00 00 00 00 00 00 00 00 00
####     20: 00 00 00 00 00 00 00 00 00 00 00 00 00 00 00 00
####     30: 00 00 00 00 00 00 00 00 00 00 00 00 00 00 00 00
####     40: 00 80 00 00 00 00 00 00 00 00 00 00 00 00 00 00
####     50: 00 00 00 08 00 00 00 00 00 00 00 00 00 00 00 00
####     60: 00 00 00 00 00 00 00 00
####   ResCreate OK type=0 clientID=0 +0x30=0 +0x38=0 +0x40=0x8000 +0x58=0 OUT[+0]=0x15014e0000 OUT[+0x08]=0x10cf3c000 OUT[+0x10]=0x105c92400 OUT[+0x48]=0x8000
####   inStruct[0..104]:
####     00: 00 00 00 00 00 00 00 00 00 80 01 00 01 00 00 00
####     10: 01 01 00 01 30 04 00 00 00 00 00 00 00 00 00 00
####     20: 00 00 00 00 00 00 00 00 00 00 00 00 00 00 00 00
####     30: 00 00 00 00 00 00 00 00 00 00 00 00 00 00 00 00
####     40: 00 80 00 00 00 00 00 00 00 00 00 00 00 00 00 00
####     50: 00 00 00 08 00 00 00 00 00 00 00 00 00 00 00 00
####     60: 00 00 00 00 00 00 00 00
####   ResCreate OK type=0 clientID=0 +0x30=0 +0x38=0 +0x40=0x8000 +0x58=0 OUT[+0]=0x15014f0000 OUT[+0x08]=0x10cf44000 OUT[+0x10]=0x105c924c0 OUT[+0x48]=0x8000
####   inStruct[0..104]:
####     00: 00 00 00 00 00 00 00 00 00 80 01 00 01 00 00 00
####     10: 01 01 00 01 30 04 00 00 00 00 00 00 00 00 00 00
####     20: 00 00 00 00 00 00 00 00 00 00 00 00 00 00 00 00
####     30: 00 00 00 00 00 00 00 00 00 00 00 00 00 00 00 00
####     40: 00 80 00 00 00 00 00 00 00 00 00 00 00 00 00 00
####     50: 00 00 00 08 00 00 00 00 00 00 00 00 00 00 00 00
####     60: 00 00 00 00 00 00 00 00
####   ResCreate OK type=0 clientID=0 +0x30=0 +0x38=0 +0x40=0x8000 +0x58=0 OUT[+0]=0x90000 OUT[+0x08]=0x10cf4c000 OUT[+0x10]=0x105c92580 OUT[+0x48]=0x8000
####   inStruct[0..104]:
####     00: 00 00 00 00 00 00 00 00 00 80 01 00 01 00 00 00
####     10: 01 01 00 01 30 84 00 00 00 00 00 00 00 00 00 00
####     20: 00 00 00 00 00 00 00 00 00 00 00 00 00 00 00 00
####     30: 00 00 00 00 00 00 00 00 00 00 00 00 00 00 00 00
####     40: 00 80 00 00 00 00 00 00 00 00 00 00 00 00 00 00
####     50: 00 00 00 48 00 00 00 00 00 00 00 00 00 00 00 00
####     60: 00 00 00 00 00 00 00 00
####   ResCreate OK type=0 clientID=0 +0x30=0 +0x38=0 +0x40=0x8000 +0x58=0 OUT[+0]=0xa0000 OUT[+0x08]=0x10cf54000 OUT[+0x10]=0x105c92640 OUT[+0x48]=0x8000
####   inStruct[0..104]:
####     00: 00 00 00 00 00 00 00 00 00 80 01 00 01 00 00 00
####     10: 01 01 00 01 30 84 00 00 00 00 00 00 00 00 00 00
####     20: 00 00 00 00 00 00 00 00 00 00 00 00 00 00 00 00
####     30: 00 00 00 00 00 00 00 00 00 00 00 00 00 00 00 00
####     40: 00 80 00 00 00 00 00 00 00 00 00 00 00 00 00 00
####     50: 00 00 00 48 00 00 00 00 00 00 00 00 00 00 00 00
####     60: 00 00 00 00 00 00 00 00
####   ResCreate OK type=0 clientID=0 +0x30=0 +0x38=0 +0x40=0x100000 +0x58=0 OUT[+0]=0x1501500000 OUT[+0x08]=0x11d3c8000 OUT[+0x10]=0x105c92700 OUT[+0x48]=0x100000
####   inStruct[0..104]:
####     00: 00 00 00 00 00 00 00 00 00 00 01 00 01 00 00 00
####     10: 01 01 00 01 30 04 00 00 00 00 00 00 00 00 00 00
####     20: 00 00 00 00 00 00 00 00 00 00 00 00 00 00 00 00
####     30: 00 00 00 00 00 00 00 00 00 00 00 00 00 00 00 00
####     40: 00 00 10 00 00 00 00 00 00 00 00 00 00 00 00 00
####     50: 00 00 00 18 00 00 00 00 00 00 00 00 00 00 00 00
####     60: 00 00 00 00 00 00 00 00
####   ResCreate OK type=0 clientID=0 +0x30=0 +0x38=0 +0x40=0x8000 +0x58=0 OUT[+0]=0x1501608000 OUT[+0x08]=0x10cf5c000 OUT[+0x10]=0x105c927c0 OUT[+0x48]=0x8000
####   inStruct[0..104]:
####     00: 00 00 00 00 00 00 00 00 00 80 01 00 01 00 00 00
####     10: 01 01 00 01 30 04 00 00 00 00 00 00 00 00 00 00
####     20: 00 00 00 00 00 00 00 00 00 00 00 00 00 00 00 00
####     30: 00 00 00 00 00 00 00 00 00 00 00 00 00 00 00 00
####     40: 00 80 00 00 00 00 00 00 00 00 00 00 00 00 00 00
####     50: 00 00 00 08 00 00 00 00 00 00 00 00 00 00 00 00
####     60: 00 00 00 00 00 00 00 00
#### AGX_SUBMIT_DIAG #10 TEMP-KCMD-TRAILING-WRAPPER-FIX match=5 subtype1=0..0x840->0..0x820 wrappers=1 range=0x840..0x858->0x820..0x838
#### AGXIOC Method sel=0xf->0xd inCnt=2 inSC=0 outSC=16 -> 0x0
#### AGXIOC Method sel=0xf->0xd inCnt=2 inSC=0 outSC=16 -> 0x0
#### CBRI_HOOK self=0x600227000 cls=AGXG13GFamilyCommandBuffer → resourceInfo=0x60025d200
#### AGXIOC Method sel=0xd->0xc inCnt=2 inSC=0 outSC=0 -> 0x0
#### AGX_SUBMIT_DIAG #12 TEMP-KCMD-TRAILING-WRAPPER-FIX match=6 subtype1=0..0x840->0..0x820 wrappers=1 range=0x840..0x858->0x820..0x838
#### MTL_TEX TLS set iosurface=0x600a50f80 id=0x12e plane=0 compressionHeaderSpan=0 (thread=0x205745e00 addr=0x0)
#### AGXIOC type=0x82 patch #7: f14=0x430 +0x30 0→0x12e +0x38 0x12e→0 +0x40 0→0 +0x50 0→0x180888f00 +0x58 0x180888f00→0
#### AGX_MAP_AUDIT #7 tex=0x6009ba500 impl=0x6009ba280 iosurface(arg=0x600a50f80 bound=0x600a50f80) plane=0 cpu130=0x110cc8000 gpu40=0x1501740000 descriptorOff=0x190 descriptorLayout=0 compressed=0 extended=0 match=1
#### CBRI_HOOK self=0x600226c80 cls=AGXG13GFamilyCommandBuffer → resourceInfo=0x600267c00
#### AGX_SUBMIT_DIAG #14 TEMP-KCMD-TRAILING-WRAPPER-FIX match=7 subtype1=0..0x840->0..0x820 wrappers=1 range=0x840..0x858->0x820..0x838
#### MTL_TEX TLS set iosurface=0x600a52940 id=0x137 plane=0 compressionHeaderSpan=0 (thread=0x205745e00 addr=0x0)
#### AGXIOC type=0x82 patch #8: f14=0x430 +0x30 0→0x137 +0x38 0x137→0 +0x40 0→0 +0x50 0→0x180888f00 +0x58 0x180888f00→0
#### AGX_MAP_AUDIT #8 tex=0x6009baf00 impl=0x6009bac80 iosurface(arg=0x600a52940 bound=0x600a52940) plane=0 cpu130=0x11d788000 gpu40=0x15017b0000 descriptorOff=0x190 descriptorLayout=0 compressed=0 extended=0 match=1
#### MTL_TEX POOL-NEW: key=2048x2048-pf10-bpe1-fcc1278226488 → IOSurface=0x600a52f40 (bpr=2048 alloc=4096 KB, map=EXPLICIT)
#### AGXIOC type=0x82 patch #9: f14=0x430 +0x30 0→0x139 +0x38 0x139→0 +0x40 0→0 +0x50 0→0x180888c00 +0x58 0x180888c00→0
#### MTL_TEX TEX-CACHE-NEW: surf=0x600a52f40 → tex=0x6009bc580
#### AGX_MAP_AUDIT #9 tex=0x6009bc580 impl=0x6009bc300 iosurface(arg=0x600a52f40 bound=0x600a52f40) plane=0 cpu130=0x11db58000 gpu40=0x1501b88000 descriptorOff=0x190 descriptorLayout=0 compressed=0 extended=0 match=1
#### VNC-FINAL candidate #0 tex=0x6009bc580 class=AGXG13GFamilyTexture tex=2048x2048 pf=10 usage=0x7 storage=0 hazard=2 surface=0x600a52f40 2048x2048 bpr=2048
#### MTL_TEX plain ROUTE-IOSURF result: 0x6009bc580
#### AGXIOC type0 exact initFull length: +0x58=0 low32=0 -> +0x40=0x2b20
#### CBRI_HOOK self=0x600228180 cls=AGXG13GFamilyCommandBuffer → resourceInfo=0x600267c00
#### CBRI_HOOK self=0x600228180 cls=AGXG13GFamilyCommandBuffer → resourceInfo=0x600267c00
#### AGX_SUBMIT_DIAG #16 TEMP-KCMD-MULTISEG-FIX segment=1/2 subtype=1 range=0x210..0xa50->0xa30 shrink=0x20 storage=0xa48 wrappedTail=YES
#### AGX_SUBMIT_DIAG #16 TEMP-KCMD-MULTISEG-FIX segment=0/2 subtype=3 range=0..0x210->0x200 shrink=0x10 storage=0xa38 wrappedTail=YES
#### MTL_TEX TLS set iosurface=0x600a52880 id=0x13c plane=0 compressionHeaderSpan=0 (thread=0x205745e00 addr=0x0)
#### AGX_LIFE DESTROY id=0x3b type=0 surf=0 bytes=0x4000 kr=0 okC=61 failC=0 okD=1 failD=0 unmatchedD=0 full=0 live=60/28MB [t0=51/5MB t80=0/0MB t82=9/23MB]
#### AGXIOC type=0x82 patch #10: f14=0x430 +0x30 0→0x13c +0x38 0x13c→0 +0x40 0→0 +0x50 0→0x180888f00 +0x58 0x180888f00→0
#### AGX_MAP_AUDIT #10 tex=0x6009bb680 impl=0x6009ba000 iosurface(arg=0x600a52880 bound=0x600a52880) plane=0 cpu130=0x11df58000 gpu40=0x1501fa0000 descriptorOff=0x190 descriptorLayout=0 compressed=0 extended=0 match=1
#### AGX_SUBMIT_DIAG #18 TEMP-KCMD-TRAILING-WRAPPER-FIX match=8 subtype1=0..0x840->0..0x820 wrappers=1 range=0x840..0x858->0x820..0x838
#### AGXIOC type=0x82 patch #11: f14=0x430 +0x30 0→0x141 +0x38 0x141→0 +0x40 0→0 +0x50 0→0x180888f00 +0x58 0x180888f00→0
#### AGX_MAP_AUDIT #11 tex=0x6009be600 impl=0x6009bd480 iosurface(arg=0x600a52820 bound=0x600a52820) plane=0 cpu130=0x11e328000 gpu40=0x1502378000 descriptorOff=0x190 descriptorLayout=0 compressed=0 extended=0 match=1
#### AGXIOC type0 exact initFull length: +0x58=0 low32=0 -> +0x40=0x4600
#### AGX_SUBMIT_DIAG #20 TEMP-KCMD-MULTISEG-FIX segment=1/2 subtype=1 range=0x210..0xa50->0xa30 shrink=0x20 storage=0xa48 wrappedTail=YES
#### AGX_SUBMIT_DIAG #20 TEMP-KCMD-MULTISEG-FIX segment=0/2 subtype=3 range=0..0x210->0x200 shrink=0x10 storage=0xa38 wrappedTail=YES
#### AGX_LIFE DESTROY id=0x3f type=0 surf=0 bytes=0x8000 kr=0 okC=64 failC=0 okD=2 failD=0 unmatchedD=0 full=0 live=62/36MB [t0=51/5MB t80=0/0MB t82=11/31MB]
#### MTL_TEX POOL-NEW: key=32x32-pf80-bpe4-fcc1111970369 → IOSurface=0x600a52cc0 (bpr=128 alloc=16 KB, map=EXPLICIT)
#### AGXIOC type=0x82 patch #12: f14=0x430 +0x30 0→0x144 +0x38 0x144→0 +0x40 0→0 +0x50 0→0x180888f00 +0x58 0x180888f00→0
#### MTL_TEX TEX-CACHE-NEW: surf=0x600a52cc0 → tex=0x6009bd980
#### AGX_MAP_AUDIT #12 tex=0x6009bd980 impl=0x6009bf000 iosurface(arg=0x600a52cc0 bound=0x600a52cc0) plane=0 cpu130=0x10cfa0000 gpu40=0x1500860000 descriptorOff=0x190 descriptorLayout=0 compressed=0 extended=0 match=1
#### MTL_TEX plain ROUTE-IOSURF result: 0x6009bd980
#### AGXIOC type0 exact initFull length: +0x58=0 low32=0 -> +0x40=0x1000
#### AGXIOC type0 exact initFull length: +0x58=0xc00000000 low32=0 -> +0x40=0x300
#### TRACE -[AGXBuffer initUntracked] self=0x600b45700 dev=0x6001d2000 len=768 opt=0 -> 0x600b45700
#### AGX_LIFE DESTROY id=0x2 type=0 surf=0 bytes=0x4000 kr=0 okC=67 failC=0 okD=3 failD=0 unmatchedD=0 full=0 live=64/36MB [t0=52/5MB t80=0/0MB t82=12/31MB]
#### TRACE -[AGXBuffer initUntracked] self=0x600211f80 dev=0x6001d2000 len=768 opt=0 -> 0x600211f80
#### AGX_LIFE DESTROY id=0x3 type=0 surf=0 bytes=0x4000 kr=0 okC=68 failC=0 okD=4 failD=0 unmatchedD=0 full=0 live=64/36MB [t0=52/5MB t80=0/0MB t82=12/31MB]
#### TRACE -[AGXBuffer initUntracked] self=0x600215d00 dev=0x6001d2000 len=128 opt=0 -> 0x600215d00
#### AGX_LIFE DESTROY id=0x4 type=0 surf=0 bytes=0x4000 kr=0 okC=69 failC=0 okD=5 failD=0 unmatchedD=0 full=0 live=64/36MB [t0=52/5MB t80=0/0MB t82=12/31MB]
#### AGXIOC type=0x82 patch #13: f14=0x430 +0x30 0→0x143 +0x38 0x143→0 +0x40 0→0 +0x50 0→0x180888f00 +0x58 0x180888f00→0
#### AGX_MAP_AUDIT #13 tex=0x600be0500 impl=0x600be0280 iosurface(arg=0x600a52d00 bound=0x600a52d00) plane=0 cpu130=0x11e6f8000 gpu40=0x1502760000 descriptorOff=0x190 descriptorLayout=0 compressed=0 extended=0 match=1
#### AGX_SUBMIT_DIAG #21 TEMP-KCMD-ABI-FIX off=0 size=0x1b8->0x1a8 end=0x1e8->0x1d8 moved=0x34 new-total=0x200
#### AGX_LIFE DESTROY id=0x40 type=0 surf=0 bytes=0x4000 kr=0 okC=70 failC=0 okD=6 failD=0 unmatchedD=0 full=0 live=64/40MB [t0=51/5MB t80=0/0MB t82=13/35MB]
#### MTL_TEX POOL-NEW: key=128x1-pf10-bpe1-fcc1278226488 → IOSurface=0x600a53940 (bpr=128 alloc=16 KB, map=EXPLICIT)
#### AGXIOC type=0x82 patch #14: f14=0x430 +0x30 0→0x145 +0x38 0x145→0 +0x40 0→0 +0x50 0→0x180888c00 +0x58 0x180888c00→0
#### MTL_TEX TEX-CACHE-NEW: surf=0x600a53940 → tex=0x600be0f00
#### AGX_MAP_AUDIT #14 tex=0x600be0f00 impl=0x600be0c80 iosurface(arg=0x600a53940 bound=0x600a53940) plane=0 cpu130=0x105f4c000 gpu40=0x1500010000 descriptorOff=0x190 descriptorLayout=0 compressed=0 extended=0 match=1
#### MTL_TEX plain ROUTE-IOSURF result: 0x600be0f00
#### MTL_TEX POOL-NEW: key=8x8-pf10-bpe1-fcc1278226488 → IOSurface=0x600a54d00 (bpr=128 alloc=16 KB, map=EXPLICIT)
#### AGXIOC type=0x82 patch #15: f14=0x430 +0x30 0→0x116 +0x38 0x116→0 +0x40 0→0 +0x50 0→0x180888c00 +0x58 0x180888c00→0
#### MTL_TEX TEX-CACHE-NEW: surf=0x600a54d00 → tex=0x600be3700
#### AGX_MAP_AUDIT #15 tex=0x600be3700 impl=0x600be3480 iosurface(arg=0x600a54d00 bound=0x600a54d00) plane=0 cpu130=0x10cfb8000 gpu40=0x1502b38000 descriptorOff=0x190 descriptorLayout=0 compressed=0 extended=0 match=1
#### MTL_TEX plain ROUTE-IOSURF result: 0x600be3700
#### MTL_TEX POOL-NEW: key=128x16-pf10-bpe1-fcc1278226488 → IOSurface=0x600a55060 (bpr=128 alloc=16 KB, map=EXPLICIT)
#### AGXIOC type=0x82 patch #16: f14=0x430 +0x30 0→0x146 +0x38 0x146→0 +0x40 0→0 +0x50 0→0x180888c00 +0x58 0x180888c00→0
#### MTL_TEX TEX-CACHE-NEW: surf=0x600a55060 → tex=0x600be5000
#### AGX_MAP_AUDIT #16 tex=0x600be5000 impl=0x600be4d80 iosurface(arg=0x600a55060 bound=0x600a55060) plane=0 cpu130=0x10cfc8000 gpu40=0x1502b48000 descriptorOff=0x190 descriptorLayout=0 compressed=0 extended=0 match=1
#### MTL_TEX plain ROUTE-IOSURF result: 0x600be5000
#### MTL_TEX POOL-NEW: key=512x256-pf10-bpe1-fcc1278226488 → IOSurface=0x600a553a0 (bpr=512 alloc=128 KB, map=EXPLICIT)
#### MTL_TEX TEX-CACHE-NEW: surf=0x600a553a0 → tex=0x600be5780
#### AGX_MAP_AUDIT #17 tex=0x600be5780 impl=0x600be5500 iosurface(arg=0x600a553a0 bound=0x600a553a0) plane=0 cpu130=0x10cfcc000 gpu40=0x1502b50000 descriptorOff=0x190 descriptorLayout=0 compressed=0 extended=0 match=1
#### MTL_TEX plain ROUTE-IOSURF result: 0x600be5780
#### MTL_TEX POOL-NEW: key=256x128-pf10-bpe1-fcc1278226488 → IOSurface=0x600a55340 (bpr=256 alloc=32 KB, map=EXPLICIT)
#### AGX_MAP_AUDIT #18 tex=0x600be5f00 impl=0x600be5c80 iosurface(arg=0x600a55340 bound=0x600a55340) plane=0 cpu130=0x10cfec000 gpu40=0x1502b78000 descriptorOff=0x190 descriptorLayout=0 compressed=0 extended=0 match=1
#### MTL_TEX plain ROUTE-IOSURF result: 0x600be5f00
#### MTL_TEX POOL-NEW: key=256x64-pf10-bpe1-fcc1278226488 → IOSurface=0x600a55380 (bpr=256 alloc=16 KB, map=EXPLICIT)
#### AGX_MAP_AUDIT #19 tex=0x600be6680 impl=0x600be6400 iosurface(arg=0x600a55380 bound=0x600a55380) plane=0 cpu130=0x10cff4000 gpu40=0x1502b88000 descriptorOff=0x190 descriptorLayout=0 compressed=0 extended=0 match=1
#### MTL_TEX plain ROUTE-IOSURF result: 0x600be6680
#### MTL_TEX POOL-HIT: key=256x64-pf10-bpe1-fcc1278226488 → IOSurface=0x600a55380
#### AGX_MAP_AUDIT #20 tex=0x600be6680 impl=0x600be6400 iosurface(arg=0x600a55380 bound=0x600a55380) plane=0 cpu130=0x10cff4000 gpu40=0x1502b88000 descriptorOff=0x190 descriptorLayout=0 compressed=0 extended=0 match=1
#### MTL_TEX plain ROUTE-IOSURF result: 0x600be6680
#### MTL_TEX POOL-NEW: key=64x64-pf80-bpe4-fcc1111970369 → IOSurface=0x600a55360 (bpr=256 alloc=16 KB, map=EXPLICIT)
#### AGX_MAP_AUDIT #21 tex=0x600be7080 impl=0x600be6e00 iosurface(arg=0x600a55360 bound=0x600a55360) plane=0 cpu130=0x10cff8000 gpu40=0x1502b90000 descriptorOff=0x190 descriptorLayout=0 compressed=0 extended=0 match=1
#### MTL_TEX plain ROUTE-IOSURF result: 0x600be7080
[34466:0728/135951.544952:INFO:CONSOLE:5300] "Unable to resolve your shell environment: Unexpected exit code from spawned shell (code null, signal SIGABRT)", source: vscode-file://vscode-app/Applications/Visual%20Studio%20Code.app/Contents/Resources/app/out/vs/workbench/workbench.desktop.main.js (5300)
#### MTL_TEX POOL-NEW: key=16x16-pf10-bpe1-fcc1278226488 → IOSurface=0x600a55ba0 (bpr=128 alloc=16 KB, map=EXPLICIT)
#### AGX_MAP_AUDIT #22 tex=0x600f62300 impl=0x600f62580 iosurface(arg=0x600a55ba0 bound=0x600a55ba0) plane=0 cpu130=0x110d40000 gpu40=0x1502c70000 descriptorOff=0x190 descriptorLayout=0 compressed=0 extended=0 match=1
#### MTL_TEX plain ROUTE-IOSURF result: 0x600f62300
#### MTL_TEX plain DEPTH-STENCIL: pf=253 routing to native AGX path (IOSurface backing is invalid)
#### TRACE -[AGXBuffer initUntracked] self=0x600fe1380 dev=0x6001d2000 len=1536 opt=0 -> 0x600fe1380
#### TRACE -[AGXBuffer initUntracked] self=0x600fe0c00 dev=0x6001d2000 len=1536 opt=0 -> 0x600fe0c00
#### TRACE -[AGXBuffer initUntracked] self=0x600fe0480 dev=0x6001d2000 len=256 opt=0 -> 0x600fe0480
#### AGXIOC sel=0x9 type=0 VA-shape +0x38=0x11eb3c000 → 0
#### AGXIOC sel=0x9 type=0 args+0x14=0x2c30 → 0x430 (stripped macOS-only bits 0x2800)
#### AGXIOC sel=0x9 type=0 VA-shape detected: args+0x40=0x11eb3c000 (>1GB) → using args+0x48=0x20000 as size, +0x58 0x380888c50 → 0
#### MTL_TEX plain DEPTH-STENCIL native result: 0x600f62800 class=AGXG13GFamilyTexture
#### AGXIOC Scalar sel=0x10->0xe inCnt=1 -> 0x0
#### AGXIOC Scalar sel=0x10->0xe inCnt=1 -> 0x0
#### AGXIOC Method sel=0xf->0xd inCnt=2 inSC=0 outSC=16 -> 0x0
#### AGXIOC Scalar sel=0x10->0xe inCnt=1 -> 0x0
#### MTL_TEX plain DEPTH-STENCIL: pf=253 routing to native AGX path (IOSurface backing is invalid)
#### AGXIOC sel=0x9 type=0 VA-shape +0x38=0x11eb3c200 → 0
#### AGXIOC sel=0x9 type=0 args+0x14=0x2c30 → 0x430 (stripped macOS-only bits 0x2800)
#### AGXIOC sel=0x9 type=0 VA-shape detected: args+0x40=0x11eb3c000 (>1GB) → using args+0x48=0x20000 as size, +0x58 0x380888c50 → 0
#### MTL_TEX plain DEPTH-STENCIL native result: 0x600f61900 class=AGXG13GFamilyTexture
#### MTL_TEX storageMode=Memoryless preserved for AGX-native descriptor=0x60002a720
#### MTL_TEX plain MEMORYLESS: routing to native AGX path (no IOSurface — tile-memory-only) w=128 h=16 pf=253
#### MTL_TEX storageMode=Memoryless preserved for AGX-native descriptor=0x60002a720
#### MTL_TEX storageMode=Memoryless preserved for AGX-native descriptor=0x60002a720
#### MTL_TEX storageMode=Memoryless preserved for AGX-native descriptor=0x60002a720
#### MTL_TEX plain MEMORYLESS native result: 0x600f63200 (class=AGXG13GFamilyTexture storageMode=3 length=999)
#### MTL_TEX plain MEMORYLESS: routing to native AGX path (no IOSurface — tile-memory-only) w=128 h=16 pf=10
#### MTL_TEX plain MEMORYLESS native result: 0x600f63e80 (class=AGXG13GFamilyTexture storageMode=3 length=999)
#### AGX_SUBMIT_DIAG #22 TEMP-KCMD-MULTISEG-FIX segment=13/14 subtype=1 range=0x6570..0x6db0->0x6d90 shrink=0x20 storage=0x6da8 wrappedTail=YES
#### AGX_SUBMIT_DIAG #22 TEMP-KCMD-MULTISEG-FIX segment=12/14 subtype=1 range=0x5d30..0x6570->0x6550 shrink=0x20 storage=0x6d88 wrappedTail=YES
#### AGX_SUBMIT_DIAG #22 TEMP-KCMD-MULTISEG-FIX segment=11/14 subtype=1 range=0x54c0..0x5d30->0x5d10 shrink=0x20 storage=0x6d68 wrappedTail=YES
#### AGX_SUBMIT_DIAG #22 TEMP-KCMD-MULTISEG-FIX segment=10/14 subtype=1 range=0x4c80..0x54c0->0x54a0 shrink=0x20 storage=0x6d48 wrappedTail=YES
#### AGX_SUBMIT_DIAG #22 TEMP-KCMD-MULTISEG-FIX segment=9/14 subtype=1 range=0x4440..0x4c80->0x4c60 shrink=0x20 storage=0x6d28 wrappedTail=YES
#### AGX_SUBMIT_DIAG #22 TEMP-KCMD-MULTISEG-FIX segment=8/14 subtype=1 range=0x3c00..0x4440->0x4420 shrink=0x20 storage=0x6d08 wrappedTail=YES
#### AGX_SUBMIT_DIAG #22 TEMP-KCMD-MULTISEG-FIX segment=7/14 subtype=1 range=0x33c0..0x3c00->0x3be0 shrink=0x20 storage=0x6ce8 wrappedTail=YES
#### AGX_SUBMIT_DIAG #22 TEMP-KCMD-MULTISEG-FIX segment=6/14 subtype=1 range=0x2b80..0x33c0->0x33a0 shrink=0x20 storage=0x6cc8 wrappedTail=YES
#### AGX_SUBMIT_DIAG #22 TEMP-KCMD-MULTISEG-FIX segment=5/14 subtype=1 range=0x2340..0x2b80->0x2b60 shrink=0x20 storage=0x6ca8 wrappedTail=YES
#### AGX_SUBMIT_DIAG #22 TEMP-KCMD-MULTISEG-FIX segment=4/14 subtype=1 range=0x1b00..0x2340->0x2320 shrink=0x20 storage=0x6c88 wrappedTail=YES
#### AGX_SUBMIT_DIAG #22 TEMP-KCMD-MULTISEG-FIX segment=3/14 subtype=1 range=0x12c0..0x1b00->0x1ae0 shrink=0x20 storage=0x6c68 wrappedTail=YES
#### AGX_SUBMIT_DIAG #22 TEMP-KCMD-MULTISEG-FIX segment=2/14 subtype=1 range=0xa80..0x12c0->0x12a0 shrink=0x20 storage=0x6c48 wrappedTail=YES
#### AGX_SUBMIT_DIAG #22 TEMP-KCMD-MULTISEG-FIX segment=1/14 subtype=1 range=0x240..0xa80->0xa60 shrink=0x20 storage=0x6c28 wrappedTail=YES
#### AGX_SUBMIT_DIAG #22 TEMP-KCMD-MULTISEG-FIX segment=0/14 subtype=3 range=0..0x240->0x230 shrink=0x10 storage=0x6c18 wrappedTail=YES
#### AGX_LIFE DESTROY id=0x42 type=0 surf=0 bytes=0x4000 kr=0 okC=105 failC=0 okD=7 failD=0 unmatchedD=0 full=0 live=98/42MB [t0=77/6MB t80=0/0MB t82=21/35MB]
#### AGX_LIFE DESTROY id=0x44 type=0 surf=0 bytes=0x4000 kr=0 okC=105 failC=0 okD=8 failD=0 unmatchedD=0 full=0 live=97/42MB [t0=76/6MB t80=0/0MB t82=21/35MB]
#### AGX_LIFE DESTROY id=0x4e type=0 surf=0 bytes=0xc000 kr=0 okC=105 failC=0 okD=9 failD=0 unmatchedD=0 full=0 live=96/42MB [t0=75/6MB t80=0/0MB t82=21/35MB]
#### AGX_LIFE DESTROY id=0x5b type=0 surf=0 bytes=0x20000 kr=0 okC=105 failC=0 okD=10 failD=0 unmatchedD=0 full=0 live=95/41MB [t0=74/6MB t80=0/0MB t82=21/35MB]
#### AGX_LIFE DESTROY id=0x41 type=0 surf=0 bytes=0x4000 kr=0 okC=105 failC=0 okD=11 failD=0 unmatchedD=0 full=0 live=94/41MB [t0=73/6MB t80=0/0MB t82=21/35MB]
#### AGX_LIFE DESTROY id=0x2 type=0 surf=0 bytes=0x4000 kr=0 okC=105 failC=0 okD=12 failD=0 unmatchedD=0 full=0 live=93/41MB [t0=72/6MB t80=0/0MB t82=21/35MB]
#### AGX_LIFE DESTROY id=0x3 type=0 surf=0 bytes=0x4000 kr=0 okC=105 failC=0 okD=13 failD=0 unmatchedD=0 full=0 live=92/41MB [t0=71/6MB t80=0/0MB t82=21/35MB]
#### AGX_MAP_AUDIT #23 tex=0x600be2580 impl=0x600be2800 iosurface(arg=0x60003bcc0 bound=0x60003bcc0) plane=0 cpu130=0x11ec30000 gpu40=0x1502d98000 descriptorOff=0x190 descriptorLayout=0 compressed=0 extended=0 match=1
#### AGX_SUBMIT_DIAG #24 TEMP-KCMD-MULTISEG-FIX segment=11/12 subtype=1 range=0x54c0..0x5d00->0x5ce0 shrink=0x20 storage=0x5cf8 wrappedTail=YES
#### AGX_SUBMIT_DIAG #24 TEMP-KCMD-MULTISEG-FIX segment=10/12 subtype=1 range=0x4c80..0x54c0->0x54a0 shrink=0x20 storage=0x5cd8 wrappedTail=YES
#### AGX_SUBMIT_DIAG #24 TEMP-KCMD-MULTISEG-FIX segment=9/12 subtype=1 range=0x4410..0x4c80->0x4c60 shrink=0x20 storage=0x5cb8 wrappedTail=YES
#### AGX_SUBMIT_DIAG #24 TEMP-KCMD-MULTISEG-FIX segment=8/12 subtype=1 range=0x3bd0..0x4410->0x43f0 shrink=0x20 storage=0x5c98 wrappedTail=YES
#### AGX_SUBMIT_DIAG #24 TEMP-KCMD-MULTISEG-FIX segment=7/12 subtype=1 range=0x3390..0x3bd0->0x3bb0 shrink=0x20 storage=0x5c78 wrappedTail=YES
#### AGX_SUBMIT_DIAG #24 TEMP-KCMD-MULTISEG-FIX segment=6/12 subtype=1 range=0x2b50..0x3390->0x3370 shrink=0x20 storage=0x5c58 wrappedTail=YES
#### AGX_SUBMIT_DIAG #24 TEMP-KCMD-MULTISEG-FIX segment=5/12 subtype=1 range=0x2310..0x2b50->0x2b30 shrink=0x20 storage=0x5c38 wrappedTail=YES
#### AGX_SUBMIT_DIAG #24 TEMP-KCMD-MULTISEG-FIX segment=4/12 subtype=1 range=0x1ad0..0x2310->0x22f0 shrink=0x20 storage=0x5c18 wrappedTail=YES
#### AGX_SUBMIT_DIAG #24 TEMP-KCMD-MULTISEG-FIX segment=3/12 subtype=1 range=0x1290..0x1ad0->0x1ab0 shrink=0x20 storage=0x5bf8 wrappedTail=YES
#### AGX_SUBMIT_DIAG #24 TEMP-KCMD-MULTISEG-FIX segment=2/12 subtype=1 range=0xa50..0x1290->0x1270 shrink=0x20 storage=0x5bd8 wrappedTail=YES
#### AGX_SUBMIT_DIAG #24 TEMP-KCMD-MULTISEG-FIX segment=1/12 subtype=1 range=0x210..0xa50->0xa30 shrink=0x20 storage=0x5bb8 wrappedTail=YES
#### AGX_SUBMIT_DIAG #24 TEMP-KCMD-MULTISEG-FIX segment=0/12 subtype=3 range=0..0x210->0x200 shrink=0x10 storage=0x5ba8 wrappedTail=YES
#### AGX_MAP_AUDIT #24 tex=0x600f67a80 impl=0x600f68480 iosurface(arg=0x600a52be0 bound=0x600a52be0) plane=0 cpu130=0x11f000000 gpu40=0x1503170000 descriptorOff=0x190 descriptorLayout=0 compressed=0 extended=0 match=1
#### AGXIOC Method sel=0xf->0xd inCnt=2 inSC=0 outSC=16 -> 0x0
#### AGX_LIFE DESTROY id=0x3 type=0 surf=0 bytes=0x4000 kr=0 okC=112 failC=0 okD=14 failD=0 unmatchedD=0 full=0 live=98/49MB [t0=75/6MB t80=0/0MB t82=23/43MB]
#### AGX_LIFE DESTROY id=0x44 type=0 surf=0 bytes=0x4000 kr=0 okC=112 failC=0 okD=15 failD=0 unmatchedD=0 full=0 live=97/49MB [t0=74/6MB t80=0/0MB t82=23/43MB]
#### AGX_MAP_AUDIT #25 tex=0x600f62a80 impl=0x600f68700 iosurface(arg=0x600a57140 bound=0x600a57140) plane=0 cpu130=0x11f3d0000 gpu40=0x1503548000 descriptorOff=0x190 descriptorLayout=0 compressed=0 extended=0 match=1
#### AGX_MAP_AUDIT #26 tex=0x600f69380 impl=0x600f69600 iosurface(arg=0x600a57020 bound=0x600a57020) plane=0 cpu130=0x11f7a0000 gpu40=0x1503920000 descriptorOff=0x190 descriptorLayout=0 compressed=0 extended=0 match=1
#### MTL_TEX POOL-NEW: key=161x161-pf10-bpe1-fcc1278226488 → IOSurface=0x600a590c0 (bpr=256 alloc=48 KB, map=EXPLICIT)
#### AGX_MAP_AUDIT #27 tex=0x600f62800 impl=0x600f68980 iosurface(arg=0x600a590c0 bound=0x600a590c0) plane=0 cpu130=0x11f8e0000 gpu40=0x1500000000 descriptorOff=0x190 descriptorLayout=0 compressed=0 extended=0 match=1
#### MTL_TEX plain ROUTE-IOSURF result: 0x600f62800
#### MTL_TEX POOL-NEW: key=128x128-pf10-bpe1-fcc1278226488 → IOSurface=0x600a59060 (bpr=128 alloc=16 KB, map=EXPLICIT)
#### AGX_MAP_AUDIT #28 tex=0x600f6a780 impl=0x600f6ac80 iosurface(arg=0x600a59060 bound=0x600a59060) plane=0 cpu130=0x105f48000 gpu40=0x1502b40000 descriptorOff=0x190 descriptorLayout=0 compressed=0 extended=0 match=1
#### MTL_TEX plain ROUTE-IOSURF result: 0x600f6a780
#### MTL_TEX POOL-NEW: key=64x64-pf10-bpe1-fcc1278226488 → IOSurface=0x600a590a0 (bpr=128 alloc=16 KB, map=EXPLICIT)
#### AGX_MAP_AUDIT #29 tex=0x600f6b400 impl=0x600f6af00 iosurface(arg=0x600a590a0 bound=0x600a590a0) plane=0 cpu130=0x10cf94000 gpu40=0x1502cb8000 descriptorOff=0x190 descriptorLayout=0 compressed=0 extended=0 match=1
#### AGX_MAP_AUDIT #30 tex=0x600f6b400 impl=0x600f6af00 iosurface(arg=0x600a590a0 bound=0x600a590a0) plane=0 cpu130=0x10cf94000 gpu40=0x1502cb8000 descriptorOff=0x190 descriptorLayout=0 compressed=0 extended=0 match=1
#### AGX_MAP_AUDIT #31 tex=0x600f6c300 impl=0x600f6c080 iosurface(arg=0x600a59080 bound=0x600a59080) plane=0 cpu130=0x10cfb4000 gpu40=0x1502cc0000 descriptorOff=0x190 descriptorLayout=0 compressed=0 extended=0 match=1
#### AGX_LIFE DESTROY id=0x6a type=0 surf=0 bytes=0x8000 kr=0 okC=121 failC=0 okD=16 failD=0 unmatchedD=0 full=0 live=105/55MB [t0=75/6MB t80=0/0MB t82=30/49MB]
#### JIT-MPROTECT flip #11264 ranges=1 prot=RX writers=1 exec_waits=4229 late_retries=101
#### AGX_SUBMIT_DIAG #44 subtype1-predicate scalar0=0x1 legacy-scalar-gate=1 total=0x840/1 seglen=0x170/1 seghdr=1 cmdtotal=1 d8=1 pad1=1 f1=1 sent1=1 pad2=1 f2=1 sent2=1
#### AGX_SUBMIT_DIAG #44 descriptor[0] KCMD-type1-observed save /tmp/macws_submit_kcmd_44_0_type1-observed.bin failed errno=17
#### AGX_SUBMIT_DIAG #44 descriptor[0] segment save /tmp/macws_submit_segment_44_0.bin failed errno=17
#### AGX_SUBMIT_DIAG #44 TEMP-KCMD-ABI-FIX subtype1-clear pads=0x1c0,0x4c0 total=0x840->0x820 size=0x7e8->0x7c8 end=0x818->0x7f8 segment-span=0x820
#### AGX_SUBMIT_DIAG #50 subtype1-predicate scalar0=0x1 legacy-scalar-gate=1 total=0x840/1 seglen=0x170/1 seghdr=1 cmdtotal=1 d8=1 pad1=1 f1=1 sent1=1 pad2=1 f2=1 sent2=1
#### AGX_SUBMIT_DIAG #50 descriptor[0] KCMD-type1-observed save /tmp/macws_submit_kcmd_50_0_type1-observed.bin failed errno=17
#### AGX_SUBMIT_DIAG #50 descriptor[0] segment save /tmp/macws_submit_segment_50_0.bin failed errno=17
#### AGX_SUBMIT_DIAG #50 TEMP-KCMD-ABI-FIX subtype1-clear pads=0x1c0,0x4c0 total=0x840->0x820 size=0x7e8->0x7c8 end=0x818->0x7f8 segment-span=0x820
#### AGX_SUBMIT_DIAG #51 TEMP-KCMD-TRAILING-WRAPPER-FIX match=16 subtype1=0..0x840->0..0x820 wrappers=1 range=0x840..0x858->0x820..0x838
#### AGX_SUBMIT_DIAG #52 subtype1-predicate scalar0=0x1 legacy-scalar-gate=1 total=0x840/1 seglen=0x170/1 seghdr=1 cmdtotal=1 d8=1 pad1=1 f1=1 sent1=1 pad2=1 f2=1 sent2=1
#### AGX_SUBMIT_DIAG #52 descriptor[0] KCMD-type1-observed save /tmp/macws_submit_kcmd_52_0_type1-observed.bin failed errno=17
#### AGX_SUBMIT_DIAG #52 descriptor[0] segment save /tmp/macws_submit_segment_52_0.bin failed errno=17
#### AGX_SUBMIT_DIAG #52 TEMP-KCMD-ABI-FIX subtype1-clear pads=0x1c0,0x4c0 total=0x840->0x820 size=0x7e8->0x7c8 end=0x818->0x7f8 segment-span=0x820
#### TRACE -[AGXBuffer initUntracked] self=0x601380480 dev=0x6001d2000 len=3072 opt=0 -> 0x601380480
#### TRACE -[AGXBuffer initUntracked] self=0x600fefd80 dev=0x6001d2000 len=3072 opt=0 -> 0x600fefd80
#### TRACE -[AGXBuffer initUntracked] self=0x600fef780 dev=0x6001d2000 len=512 opt=0 -> 0x600fef780
#### AGX_SUBMIT_DIAG #56 subtype1-predicate scalar0=0x1 legacy-scalar-gate=1 total=0x840/1 seglen=0x170/1 seghdr=1 cmdtotal=1 d8=1 pad1=1 f1=1 sent1=1 pad2=1 f2=1 sent2=1
#### AGX_SUBMIT_DIAG #56 descriptor[0] KCMD-type1-observed save /tmp/macws_submit_kcmd_56_0_type1-observed.bin failed errno=17
#### AGX_SUBMIT_DIAG #56 descriptor[0] segment save /tmp/macws_submit_segment_56_0.bin failed errno=17
#### AGX_SUBMIT_DIAG #56 TEMP-KCMD-ABI-FIX subtype1-clear pads=0x1c0,0x4c0 total=0x840->0x820 size=0x7e8->0x7c8 end=0x818->0x7f8 segment-span=0x820
#### AGX_SUBMIT_DIAG #58 subtype1-predicate scalar0=0x1 legacy-scalar-gate=1 total=0x840/1 seglen=0x170/1 seghdr=1 cmdtotal=1 d8=1 pad1=1 f1=1 sent1=1 pad2=1 f2=1 sent2=1
#### AGX_SUBMIT_DIAG #58 descriptor[0] KCMD-type1-observed save /tmp/macws_submit_kcmd_58_0_type1-observed.bin failed errno=17
#### AGX_SUBMIT_DIAG #58 descriptor[0] segment save /tmp/macws_submit_segment_58_0.bin failed errno=17
#### AGX_SUBMIT_DIAG #58 TEMP-KCMD-ABI-FIX subtype1-clear pads=0x1c0,0x4c0 total=0x840->0x820 size=0x7e8->0x7c8 end=0x818->0x7f8 segment-span=0x820
#### IOSURFACE-RELEASE-ABI pair #2: conn=15623 surfaceID=353 sel=1 -> 0
#### IOSURFACE-RELEASE-ABI pair #3: conn=15623 surfaceID=354 sel=1 -> 0
#### AGX_SUBMIT_DIAG #60 subtype1-predicate scalar0=0x1 legacy-scalar-gate=1 total=0x840/1 seglen=0x170/1 seghdr=1 cmdtotal=1 d8=1 pad1=1 f1=1 sent1=1 pad2=1 f2=1 sent2=1
#### AGX_SUBMIT_DIAG #60 descriptor[0] KCMD-type1-observed save /tmp/macws_submit_kcmd_60_0_type1-observed.bin failed errno=17
#### AGX_SUBMIT_DIAG #60 descriptor[0] segment save /tmp/macws_submit_segment_60_0.bin failed errno=17
#### AGX_SUBMIT_DIAG #60 TEMP-KCMD-ABI-FIX subtype1-clear pads=0x1c0,0x4c0 total=0x840->0x820 size=0x7e8->0x7c8 end=0x818->0x7f8 segment-span=0x820
#### AGX_SUBMIT_DIAG #62 subtype1-predicate scalar0=0x1 legacy-scalar-gate=1 total=0x840/1 seglen=0x170/1 seghdr=1 cmdtotal=1 d8=1 pad1=1 f1=1 sent1=1 pad2=1 f2=1 sent2=1
#### AGX_SUBMIT_DIAG #62 descriptor[0] KCMD-type1-observed save /tmp/macws_submit_kcmd_62_0_type1-observed.bin failed errno=17
#### AGX_SUBMIT_DIAG #62 descriptor[0] segment save /tmp/macws_submit_segment_62_0.bin failed errno=17
#### AGX_SUBMIT_DIAG #62 TEMP-KCMD-ABI-FIX subtype1-clear pads=0x1c0,0x4c0 total=0x840->0x820 size=0x7e8->0x7c8 end=0x818->0x7f8 segment-span=0x820
#### IOSURFACE-RELEASE-ABI pair #4: conn=15623 surfaceID=358 sel=1 -> 0
#### IOSURFACE-RELEASE-ABI pair #5: conn=15623 surfaceID=359 sel=1 -> 0
#### MACWS_HID_BYPASS installed SetMatchingMultiple → no-op (1) at 0x1ad8d5e8c — skips iOS-format CFBinaryPlist parse inside
####   IOHIDEventSystemClientCacheMatchingServices → IOHIDUnserializeAndVMDealloc → CFPropertyListCreateFromStream
####   that BUS_ADRALNs in the IOMFBServer thread.
#### MACWS_AGX_RENAMER_PATCH: off (set MACWS_AGX_RENAMER_PATCH=1 to enable)
#### MACWS_ASSERT_BYPASS DISABLED (set MACWS_KEEP_ASSERT_BYPASS=1 to restore lazy bypass) — real __assert_rtn now reaches abort
#### MACWS_AGX_NATIVE [ctor] pre-loaded IOGPU via /System/Library/PrivateFrameworks/IOGPU.framework/IOGPU -> 0x3fa56cc10
#### XPC_BOOTSTRAP: fn=0x1aa48d140 dict=0x140f09690 (registering Metal/ViewBridge/HIServices)
#### XPC_BOOTSTRAP: called OK
#### COEXIST API SwapEnd hook installed target=0x1b536b1cc trampoline=0x104134000
#### SkyLight PrepareForUse tolerate-nil hook installed at 0x1af74cfc4
#### SkyLight StartCompositeForDisplayStream nil-skip hook installed at 0x1af575d74
#### SkyLight StartComposite(WSCD) tolerate-nil + pop-on-bail hook installed at 0x1af575358
#### SkyLight StartComposite(MTLTex) pop-on-bail hook installed at 0x1af575fb8
#### SkyLight EndCurrentComposite(bool) completion hook installed at 0x1af57453c
#### SkyLight EndUpdate(bool) submission hook installed at 0x1af5740b0
#### SkyLight _state_stack pop_back resolved at 0x1af572fa0
#### SkyLight WSCompositeDestinationCreateWithMetalTexture nil-tolerate hook installed at 0x1af57853c
#### SkyLight MetalContext::StopCapture invalid-this guard installed at 0x1af5741bc
#### MACWS_AGX_NATIVE class_addMethod(MTLTextureDescriptor, validateWithDevice:) = 1
#### MACWS_AGX_NATIVE class_addMethod(IOGPUMetalTexture, isMemoryless) = 1
#### MACWS_AGX_NATIVE class_addMethod(IOGPUMetalTexture, getCPUSizeBytes) = 1
#### MACWS_AGX_NATIVE class_addMethod(IOGPUMetalTexture, getAlignment) = 1
#### MACWS_AGX_NATIVE class_addMethod(IOGPUMetalTexture, descriptorPrivate) = 1
#### MACWS_AGX_NATIVE class_addMethod(IOGPUMetalTexture, getBytesPerRow) = 1
#### MACWS_AGX_NATIVE class_addMethod(IOGPUMetalTexture, updateBindDataWithAddresses:gpuVirtualAddress:) = 1
#### MACWS_AGX_NATIVE class_addMethod(IOGPUMetalTexture, updateBindDataWithAddresses:gpuVirtualAddress:shouldInitMetadata:) = 1
#### MACWS_AGX_NATIVE class_addMethod(IOGPUMetalTexture, allocBufferSubDataWithLength:options:alignment:heapIndex:bufferIndex:bufferOffset:) = 1
#### MACWS_AGX_NATIVE class_addMethod(IOGPUMetalTexture, initNewTextureData:) = 1
#### MACWS_AGX_NATIVE class_addMethod(MTLTextureDescriptor, isMemoryless) = 1
#### MACWS_AGX_NATIVE class_addMethod(MTLTextureDescriptor, protectionOptions) = 1
#### MACWS_AGX_NATIVE class_addMethod(MTLTextureDescriptor, getCPUSizeBytes) = 1
#### MACWS_AGX_NATIVE class_addMethod(MTLTextureDescriptor, getAlignment) = 1
#### MACWS_AGX_NATIVE class_addMethod(MTLTextureDescriptor, descriptorPrivate) = 1
#### MACWS_AGX_NATIVE class_addMethod(MTLTextureDescriptor, getBytesPerRow) = 1
#### MACWS_AGX_NATIVE class_addMethod(MTLTextureDescriptor, updateBindDataWithAddresses:gpuVirtualAddress:) = 1
#### MACWS_AGX_NATIVE class_addMethod(MTLTextureDescriptor, updateBindDataWithAddresses:gpuVirtualAddress:shouldInitMetadata:) = 1
#### MACWS_AGX_NATIVE class_addMethod(MTLTextureDescriptor, allocBufferSubDataWithLength:options:alignment:heapIndex:bufferIndex:bufferOffset:) = 1
#### MACWS_AGX_NATIVE class_addMethod(MTLTextureDescriptor, initNewTextureData:) = 1
#### IOSURFACE-RELEASE-ABI pair #6: conn=15623 surfaceID=362 sel=1 -> 0
#### AGX_SUBMIT_DIAG #84 TEMP-KCMD-TRAILING-WRAPPER-FIX match=32 subtype1=0..0x840->0..0x820 wrappers=1 range=0x840..0x858->0x820..0x838
#### JIT-MPROTECT flip #12288 ranges=1 prot=RX writers=1 exec_waits=4540 late_retries=109
#### IOSURFACE-RELEASE-ABI pair #7: conn=15623 surfaceID=171 sel=1 -> 0
#### IOSURFACE-RELEASE-ABI pair #8: conn=15623 surfaceID=357 sel=1 -> 0
#### IOSURFACE-RELEASE-ABI pair #9: conn=15623 surfaceID=301 sel=1 -> 0
#### IOSURFACE-RELEASE-ABI pair #10: conn=15623 surfaceID=362 sel=1 -> 0
#### JIT-MPROTECT flip #13312 ranges=1 prot=RX writers=1 exec_waits=4710 late_retries=112
#### IOSURFACE-RELEASE-ABI pair #11: conn=15623 surfaceID=364 sel=1 -> 0
#### IOSURFACE-RELEASE-ABI pair #12: conn=15623 surfaceID=260 sel=1 -> 0
#### IOSURFACE-RELEASE-ABI pair #13: conn=15623 surfaceID=358 sel=1 -> 0
#### JIT-MPROTECT flip #14336 ranges=1 prot=RX writers=1 exec_waits=5109 late_retries=121
[91m[main 2026-07-28T20:59:52.166Z][0m ptyHost was unable to resolve shell environment Error: Unable to resolve your shell environment: Unexpected exit code from spawned shell (code null, signal SIGABRT)
    at file:///Applications/Visual%20Studio%20Code.app/Contents/Resources/app/out/main.js:474:34475
    at async file:///Applications/Visual%20Studio%20Code.app/Contents/Resources/app/out/main.js:434:92057
#### AMFI-POLICY-COMPAT policy=AMFI op=0x60 status=0x4 (iOS task ports are hard-immovable)
#### CSR-POLICY-COMPAT active_config=0x0 (conservative iOS compatibility value)
[34466:0728/135952.173332:INFO:CONSOLE:442] "%c INFO color: #33f [AgentHost:renderer] Acquiring MessagePort to agent host...", source: vscode-file://vscode-app/Applications/Visual%20Studio%20Code.app/Contents/Resources/app/out/vs/workbench/workbench.desktop.main.js (442)
[91m[main 2026-07-28T20:59:52.175Z][0m AgentHostStarter was unable to resolve shell environment Error: Unable to resolve your shell environment: Unexpected exit code from spawned shell (code null, signal SIGABRT)
    at file:///Applications/Visual%20Studio%20Code.app/Contents/Resources/app/out/main.js:474:34475
    at async file:///Applications/Visual%20Studio%20Code.app/Contents/Resources/app/out/main.js:434:92057
[90m[main 2026-07-28T20:59:52.178Z][0m AgentHostProcessManager: agent host started
[34466:0728/135952.186626:INFO:CONSOLE:442] "%c INFO color: #33f [AccountPolicyGate] apply: state=inactive, reason=undefined, isRestricted=false", source: vscode-file://vscode-app/Applications/Visual%20Studio%20Code.app/Contents/Resources/app/out/vs/workbench/workbench.desktop.main.js (442)
[34511:0728/135952.187398:ERROR:base/process/process_mac.cc:53] task_policy_set TASK_CATEGORY_POLICY: (os/kern) invalid argument (4)
[34511:0728/135952.195159:INFO:third_party/webrtc/rtc_base/cpu_info.cc:77] Available number of cores: 8
2026-07-28 13:59:52.196 Code Helper (Renderer)[34511:9114105] XType: Using static font registry.
#### JIT-MPROTECT range[0]=[0x280000000,0x290000000) source=MAP_JIT-EINVAL
#### JIT-MPROTECT execution barrier installed (W^X fetch-wait compatibility)
#### JIT-MPROTECT range[0]=[0x280000000,0x290000000) source=MAP_JIT-EINVAL
#### JIT-MPROTECT range[0]=[0x280000000,0x290000000) source=MAP_JIT-EINVAL
#### JIT-MPROTECT range[0]=[0x280000000,0x290000000) source=MAP_JIT-EINVAL
#### JIT-MPROTECT range[0]=[0x280000000,0x290000000) source=MAP_JIT-EINVAL
#### JIT-MPROTECT range[0]=[0x280000000,0x290000000) source=MAP_JIT-EINVAL
#### JIT-MPROTECT range[0]=[0x280000000,0x290000000) source=MAP_JIT-EINVAL
#### JIT-MPROTECT range[0]=[0x280000000,0x290000000) source=MAP_JIT-EINVAL
#### JIT-MPROTECT range[0]=[0x170000000,0x180000000) source=MAP_JIT-EINVAL
#### JIT-MPROTECT call #1 addr=0x170000000 size=0x10000000 requested=0x7 effective=0x3 result=0 errno=0 caller=0x115b46334 image=/Applications/Visual Studio Code.app/Contents/Frameworks/Electron Framework.framework/Versions/A/Electron Framework offset=0x63b2334
#### JIT-MPROTECT remap decline #1 dst=0x177dc0000 size=0x208000 src=0x111e3c000 requested=0x5 -> V8 copy fallback
#### JIT-MPROTECT flip #1 ranges=1 prot=RW writers=1 exec_waits=0 late_retries=0
#### JIT-MPROTECT flip #2 ranges=1 prot=RX writers=1 exec_waits=0 late_retries=0
[34488:0728/135952.244887:VERBOSE1:net/base/network_delegate.cc:38] NetworkDelegate::NotifyBeforeURLRequest: https://default.exp-tas.com/vscode/ab
[34511:0728/135952.308808:VERBOSE1:extensions/renderer/script_context.cc:150] Created context:
  extension id:           (none)
  frame:                  0xe02030500
  URL:                    
  context_type:           WEB_PAGE
  effective extension id: (none)
  effective context type: WEB_PAGE
[34511:0728/135952.309497:VERBOSE1:extensions/renderer/script_context.cc:150] Created context:
  extension id:           (none)
  frame:                  (nil)
  URL:                    
  context_type:           UNSPECIFIED
  effective extension id: (none)
  effective context type: UNSPECIFIED
[34511:0728/135952.309844:VERBOSE1:extensions/renderer/dispatcher.cc:493] Num tracked contexts: 1
[34511:0728/135952.313907:VERBOSE1:extensions/renderer/script_context.cc:150] Created context:
  extension id:           (none)
  frame:                  0xe02030500
  URL:                    
  context_type:           WEB_PAGE
  effective extension id: (none)
  effective context type: WEB_PAGE
[34511:0728/135952.313998:VERBOSE1:extensions/renderer/script_context.cc:150] Created context:
  extension id:           (none)
  frame:                  (nil)
  URL:                    
  context_type:           UNSPECIFIED
  effective extension id: (none)
  effective context type: UNSPECIFIED
[34511:0728/135952.314085:VERBOSE1:extensions/renderer/dispatcher.cc:493] Num tracked contexts: 2
[34466:0728/135952.319799:INFO:CONSOLE:442] "%c INFO color: #33f [AgentHost:renderer] MessagePort acquired, creating client...", source: vscode-file://vscode-app/Applications/Visual%20Studio%20Code.app/Contents/Resources/app/out/vs/workbench/workbench.desktop.main.js (442)
[34466:0728/135952.320551:INFO:CONSOLE:442] "%c INFO color: #33f [AgentHost:renderer] Direct MessagePort connection established", source: vscode-file://vscode-app/Applications/Visual%20Studio%20Code.app/Contents/Resources/app/out/vs/workbench/workbench.desktop.main.js (442)
[34466:0728/135952.322549:VERBOSE1:content/browser/loader/file_url_loader_factory.cc:474] FileURLLoader::Start: file:///Applications/Visual%20Studio%20Code.app/Contents/Resources/app/out/media/codicon.ttf
#### JIT-MPROTECT flip #6144 ranges=1 prot=RX writers=1 exec_waits=2000 late_retries=46
[34466:0728/135952.435432:INFO:CONSOLE:442] "%c INFO color: #33f Started local extension host with pid 34516.", source: vscode-file://vscode-app/Applications/Visual%20Studio%20Code.app/Contents/Resources/app/out/vs/workbench/workbench.desktop.main.js (442)
[34488:0728/135952.466673:VERBOSE1:net/base/network_delegate.cc:38] NetworkDelegate::NotifyBeforeURLRequest: https://www.apple.com/api-www/global-elements/global-header/v1/assets/globalheader.css
[34488:0728/135952.476866:VERBOSE1:net/base/network_delegate.cc:38] NetworkDelegate::NotifyBeforeURLRequest: https://www.apple.com/ac/globalfooter/8/en_US/styles/ac-globalfooter.built.css
[34488:0728/135952.477097:VERBOSE1:net/base/network_delegate.cc:38] NetworkDelegate::NotifyBeforeURLRequest: https://www.apple.com/ac/localnav/9/styles/ac-localnav.built.css
[34488:0728/135952.477250:VERBOSE1:net/base/network_delegate.cc:38] NetworkDelegate::NotifyBeforeURLRequest: https://www.apple.com/wss/fonts?families=SF+Pro,v3|SF+Pro+Icons,v3
[34488:0728/135952.477436:VERBOSE1:net/base/network_delegate.cc:38] NetworkDelegate::NotifyBeforeURLRequest: https://www.apple.com/v/ac/includes/campaigns-seasonal/upgrade-2026/a/built/styles/overview.built.css
[34488:0728/135952.477616:VERBOSE1:net/base/network_delegate.cc:38] NetworkDelegate::NotifyBeforeURLRequest: https://www.apple.com/v/ac/includes/campaigns-seasonal/bts-fy26/a/built/styles/overview.built.css
[34488:0728/135952.477810:VERBOSE1:net/base/network_delegate.cc:38] NetworkDelegate::NotifyBeforeURLRequest: https://www.apple.com/v/ipad-pro/aw/built/styles/main.built.css
[34488:0728/135952.477999:VERBOSE1:net/base/network_delegate.cc:38] NetworkDelegate::NotifyBeforeURLRequest: https://www.apple.com/v/ipad-pro/aw/built/styles/overview.built.css
[34488:0728/135952.478165:VERBOSE1:net/base/network_delegate.cc:38] NetworkDelegate::NotifyBeforeURLRequest: https://www.apple.com/v/ipad-pro/aw/built/scripts/head.built.js
[34488:0728/135952.478324:VERBOSE1:net/base/network_delegate.cc:38] NetworkDelegate::NotifyBeforeURLRequest: https://www.apple.com/api-www/global-elements/global-header/v1/assets/globalheader.umd.js
[34488:0728/135952.478495:VERBOSE1:net/base/network_delegate.cc:38] NetworkDelegate::NotifyBeforeURLRequest: https://www.apple.com/ac/includes/acmi-handler/scripts/acmi-head.built.js
[34488:0728/135952.478815:VERBOSE1:net/base/network_delegate.cc:38] NetworkDelegate::NotifyBeforeURLRequest: https://www.apple.com/metrics/ac-analytics/2.30.0/scripts/ac-analytics.js
[34488:0728/135952.478986:VERBOSE1:net/base/network_delegate.cc:38] NetworkDelegate::NotifyBeforeURLRequest: https://www.apple.com/metrics/ac-analytics/2.30.0/scripts/auto-init.js
[34488:0728/135952.479227:VERBOSE1:net/base/network_delegate.cc:38] NetworkDelegate::NotifyBeforeURLRequest: https://www.apple.com/ac/localnav/9/scripts/ac-localnav.built.js
[34488:0728/135952.479397:VERBOSE1:net/base/network_delegate.cc:38] NetworkDelegate::NotifyBeforeURLRequest: https://www.apple.com/v/ipad-pro/aw/images/overview/hero/hero_endframe__du5kcy4qnxkm_medium_2x.jpg
[34488:0728/135952.479563:VERBOSE1:net/base/network_delegate.cc:38] NetworkDelegate::NotifyBeforeURLRequest: https://www.apple.com/v/ipad/shared/index/b/built/styles/shared-index.built.css
[34488:0728/135952.486301:VERBOSE1:net/base/network_delegate.cc:38] NetworkDelegate::NotifyBeforeURLRequest: https://www.apple.com/ipad-pro/
[34488:0728/135952.489621:VERBOSE1:net/base/network_delegate.cc:38] NetworkDelegate::NotifyBeforeURLRequest: https://www.apple.com/ac/globalfooter/8/en_US/scripts/ac-globalfooter.built.js
[34466:0728/135952.514825:VERBOSE1:base/files/file_util_posix.cc:309] Cannot stat "/tmp/macws-vscode-profile-agx-native-targetfix12/Partitions/vscode-browser/Code Cache/js/a09c909ffeef68bf_1": No such file or directory (2)
[34466:0728/135952.514878:VERBOSE1:base/files/file_util_posix.cc:309] Cannot stat "/tmp/macws-vscode-profile-agx-native-targetfix12/Partitions/vscode-browser/Code Cache/js/a09c909ffeef68bf_s": No such file or directory (2)
[34488:0728/135952.631276:VERBOSE1:net/base/network_delegate.cc:38] NetworkDelegate::NotifyBeforeURLRequest: https://www.apple.com/ac/localeswitcher/4/en_US/scripts/localeswitcher.built.js
[91m[main 2026-07-28T20:59:52.633Z][0m [AgentHost:stderr] #### MACWS_HID_BYPASS installed SetMatchingMultiple → no-op (1) at 0x1ad8d5e8c — skips iOS-format CFBinaryPlist parse inside
####   IOHIDEventSystemClientCacheMatchingServices → IOHIDUnserializeAndVMDealloc → CFPropertyListCreateFromStream
####   that BUS_ADRALNs in the IOMFBServer thread.
#### MACWS_AGX_RENAMER_PATCH: off (set MACWS_AGX_RENAMER_PATCH=1 to enable)
#### MACWS_ASSERT_BYPASS DISABLED (set MACWS_KEEP_ASSERT_BYPASS=1 to restore lazy bypass) — real __assert_rtn now reaches abort
#### MACWS_AGX_NATIVE [ctor] pre-loaded IOGPU via /System/Library/PrivateFrameworks/IOGPU.framework/IOGPU -> 0x3fa56cc10
#### XPC_BOOTSTRAP: fn=0x1aa48d140 dict=0x15ae13060 (registering Metal/ViewBridge/HIServices)
#### XPC_BOOTSTRAP: called OK
#### COEXIST API SwapEnd hook installed target=0x1b536b1cc trampoline=0x1010e8000
#### SkyLight PrepareForUse tolerate-nil hook installed at 0x1af74cfc4
#### SkyLight StartCompositeForDisplayStream nil-skip hook installed at 0x1af575d74
#### SkyLight StartComposite(WSCD) tolerate-nil + pop-on-bail hook installed at 0x1af575358
#### SkyLight StartComposite(MTLTex) pop-on-bail hook installed at 0x1af575fb8
#### SkyLight EndCurrentComposite(bool) completion hook installed at 0x1af57453c

[91m[main 2026-07-28T20:59:52.640Z][0m [AgentHost:stderr] #### SkyLight EndUpdate(bool) submission hook installed at 0x1af5740b0

[91m[main 2026-07-28T20:59:52.643Z][0m [AgentHost:stderr] #### SkyLight _state_stack pop_back resolved at 0x1af572fa0

[91m[main 2026-07-28T20:59:52.644Z][0m [AgentHost:stderr] #### SkyLight WSCompositeDestinationCreateWithMetalTexture nil-tolerate hook installed at 0x1af57853c

[91m[main 2026-07-28T20:59:52.646Z][0m [AgentHost:stderr] #### SkyLight MetalContext::StopCapture invalid-this guard installed at 0x1af5741bc

[91m[main 2026-07-28T20:59:52.650Z][0m [AgentHost:stderr] #### MACWS_AGX_NATIVE class_addMethod(MTLTextureDescriptor, validateWithDevice:) = 1
#### MACWS_AGX_NATIVE class_addMethod(IOGPUMetalTexture, isMemoryless) = 1
#### MACWS_AGX_NATIVE class_addMethod(IOGPUMetalTexture, getCPUSizeBytes) = 1
#### MACWS_AGX_NATIVE class_addMethod(IOGPUMetalTexture, getAlignment) = 1
#### MACWS_AGX_NATIVE class_addMethod(IOGPUMetalTexture, descriptorPrivate) = 1
#### MACWS_AGX_NATIVE class_addMethod(IOGPUMetalTexture, getBytesPerRow) = 1
#### MACWS_AGX_NATIVE class_addMethod(IOGPUMetalTexture, updateBindDataWithAddresses:gpuVirtualAddress:) = 1
#### MACWS_AGX_NATIVE class_addMethod(IOGPUMetalTexture, updateBindDataWithAddresses:gpuVirtualAddress:shouldInitMetadata:) = 1
#### MACWS_AGX_NATIVE class_addMethod(IOGPUMetalTexture, allocBufferSubDataWithLength:options:alignment:heapIndex:bufferIndex:bufferOffset:) = 1
#### MACWS_AGX_NATIVE class_addMethod(IOGPUMetalTexture, initNewTextureData:) = 1
#### MACWS_AGX_NATIVE class_addMethod(MTLTextureDescriptor, isMemoryless) = 1
#### MACWS_AGX_NATIVE class_addMethod(MTLTextureDescriptor, protectionOptions) = 1
#### MACWS_AGX_NATIVE class_addMethod(MTLTextureDescriptor, getCPUSizeBytes) = 1
#### MACWS_AGX_NATIVE class_addMethod(MTLTextureDescriptor, getAlignment) = 1
#### MACWS_AGX_NATIVE class_addMethod(MTLTextureDescriptor, descriptorPrivate) = 1
#### MACWS_AGX_NATIVE class_addMethod(MTLTextureDescriptor, getBytesPerRow) = 1
#### MACWS_AGX_NATIVE class_addMethod(MTLTextureDescriptor, updateBindDataWithAddresses:gpuVirtualAddress:) = 1
#### MACWS_AGX_NATIVE class_addMethod(MTLTextureDescriptor, updateBindDataWithAddresses:gpuVirtualAddress:shouldInitMetadata:) = 1
#### MACWS_AGX_NATIVE class_addMethod(MTLTextureDescriptor, allocBufferSubDataWithLength:options:alignment:heapIndex:bufferIndex:bufferOffset:) = 1
#### MACWS_AGX_NATIVE class_addMethod(MTLTextureDescriptor, initNewTextureData:) = 1

[34488:0728/135952.671130:VERBOSE1:net/base/network_delegate.cc:38] NetworkDelegate::NotifyBeforeURLRequest: https://www.apple.com/v/ipad-pro/aw/built/scripts/main.built.js
#### JIT-MPROTECT flip #15360 ranges=1 prot=RX writers=1 exec_waits=5398 late_retries=134
[34488:0728/135952.673640:VERBOSE1:net/base/network_delegate.cc:38] NetworkDelegate::NotifyBeforeURLRequest: https://www.apple.com/ac/ac-films/7.5.1/styles/modal.css
[34466:0728/135952.697185:INFO:CONSOLE:442] "%c  ERR color: #f33 [vscode.mermaid-markdown-features]: Extension 'vscode.mermaid-markdown-features' CANNOT use 'legacyToolReferenceFullNames' without the 'chatParticipantPrivate' API proposal enabled", source: vscode-file://vscode-app/Applications/Visual%20Studio%20Code.app/Contents/Resources/app/out/vs/workbench/workbench.desktop.main.js (442)
[34488:0728/135952.706289:VERBOSE1:net/base/network_delegate.cc:38] NetworkDelegate::NotifyBeforeURLRequest: https://www.apple.com/ac/ac-films/7.5.1/scripts/autofilms.built.js
[34488:0728/135952.749750:VERBOSE1:net/base/network_delegate.cc:38] NetworkDelegate::NotifyBeforeURLRequest: https://www.apple.com/ac/includes/acmi-handler/scripts/autopricing-toggle.built.js
[34488:0728/135952.764312:VERBOSE1:net/base/network_delegate.cc:38] NetworkDelegate::NotifyBeforeURLRequest: https://default.exp-tas.com/vscode/ab
[34488:0728/135952.780407:VERBOSE1:net/base/network_delegate.cc:38] NetworkDelegate::NotifyBeforeURLRequest: https://www.apple.com/ac/pricing/latest-1/scripts/autopricing.built.js
#### JIT-MPROTECT flip #16384 ranges=1 prot=RX writers=1 exec_waits=5688 late_retries=151
[34488:0728/135952.821229:VERBOSE1:net/base/network_delegate.cc:38] NetworkDelegate::NotifyBeforeURLRequest: https://www.apple.com/metrics/data-relay/1.2.0/scripts/data-relay.js
[34488:0728/135952.849387:VERBOSE1:net/base/network_delegate.cc:38] NetworkDelegate::NotifyBeforeURLRequest: https://www.apple.com/metrics/data-relay/1.2.0/scripts/auto-relay.js
#### JIT-MPROTECT flip #17408 ranges=1 prot=RX writers=1 exec_waits=6076 late_retries=164
#### JIT-MPROTECT flip #3 ranges=1 prot=RW writers=1 exec_waits=0 late_retries=0
#### JIT-MPROTECT flip #4 ranges=1 prot=RX writers=1 exec_waits=0 late_retries=0
#### JIT-MPROTECT flip #5 ranges=1 prot=RW writers=1 exec_waits=0 late_retries=0
#### JIT-MPROTECT flip #6 ranges=1 prot=RX writers=1 exec_waits=0 late_retries=0
#### JIT-MPROTECT flip #7 ranges=1 prot=RW writers=1 exec_waits=1 late_retries=0
#### JIT-MPROTECT flip #8 ranges=1 prot=RX writers=1 exec_waits=1 late_retries=0
#### JIT-MPROTECT flip #9 ranges=1 prot=RW writers=1 exec_waits=1 late_retries=0
#### JIT-MPROTECT flip #10 ranges=1 prot=RX writers=1 exec_waits=2 late_retries=0
#### JIT-MPROTECT flip #11 ranges=1 prot=RW writers=1 exec_waits=2 late_retries=0
#### JIT-MPROTECT flip #12 ranges=1 prot=RX writers=1 exec_waits=3 late_retries=0
#### JIT-MPROTECT flip #13 ranges=1 prot=RW writers=1 exec_waits=3 late_retries=0
#### JIT-MPROTECT flip #14 ranges=1 prot=RX writers=1 exec_waits=4 late_retries=0
#### JIT-MPROTECT flip #15 ranges=1 prot=RW writers=1 exec_waits=4 late_retries=0
#### JIT-MPROTECT flip #16 ranges=1 prot=RX writers=1 exec_waits=5 late_retries=0
#### JIT-MPROTECT flip #17 ranges=1 prot=RW writers=1 exec_waits=5 late_retries=0
#### JIT-MPROTECT flip #18 ranges=1 prot=RX writers=1 exec_waits=6 late_retries=0
#### JIT-MPROTECT flip #19 ranges=1 prot=RW writers=1 exec_waits=6 late_retries=0
#### JIT-MPROTECT flip #20 ranges=1 prot=RX writers=1 exec_waits=7 late_retries=0
#### JIT-MPROTECT flip #21 ranges=1 prot=RW writers=1 exec_waits=7 late_retries=0
#### JIT-MPROTECT flip #22 ranges=1 prot=RX writers=1 exec_waits=8 late_retries=0
#### JIT-MPROTECT flip #23 ranges=1 prot=RW writers=1 exec_waits=8 late_retries=0
#### JIT-MPROTECT flip #24 ranges=1 prot=RX writers=1 exec_waits=9 late_retries=0
#### JIT-MPROTECT flip #25 ranges=1 prot=RW writers=1 exec_waits=9 late_retries=0
#### JIT-MPROTECT flip #26 ranges=1 prot=RX writers=1 exec_waits=10 late_retries=0
#### JIT-MPROTECT flip #27 ranges=1 prot=RW writers=1 exec_waits=10 late_retries=0
#### JIT-MPROTECT flip #28 ranges=1 prot=RX writers=1 exec_waits=11 late_retries=0
#### JIT-MPROTECT flip #29 ranges=1 prot=RW writers=1 exec_waits=11 late_retries=0
#### JIT-MPROTECT flip #30 ranges=1 prot=RX writers=1 exec_waits=12 late_retries=0
#### JIT-MPROTECT flip #31 ranges=1 prot=RW writers=1 exec_waits=12 late_retries=0
#### JIT-MPROTECT flip #32 ranges=1 prot=RX writers=1 exec_waits=13 late_retries=0
[34488:0728/135953.087440:VERBOSE1:net/base/network_delegate.cc:38] NetworkDelegate::NotifyBeforeURLRequest: https://www.apple.com/wss/fonts/SF-Pro-Text/v3/sf-pro-text_semibold.woff2
[34488:0728/135953.087767:VERBOSE1:net/base/network_delegate.cc:38] NetworkDelegate::NotifyBeforeURLRequest: https://www.apple.com/wss/fonts/SF-Pro-Text/v3/sf-pro-text_regular.woff2
[34488:0728/135953.087984:VERBOSE1:net/base/network_delegate.cc:38] NetworkDelegate::NotifyBeforeURLRequest: https://www.apple.com/wss/fonts/SF-Pro-Display/v3/sf-pro-display_semibold.woff2
#### MTL_TEX plain DEPTH-STENCIL: pf=253 routing to native AGX path (IOSurface backing is invalid)
#### AGXIOC sel=0x9 type=0 VA-shape +0x38=0x11eb3cb00 → 0
#### AGXIOC sel=0x9 type=0 args+0x14=0x2c30 → 0x430 (stripped macOS-only bits 0x2800)
#### AGXIOC sel=0x9 type=0 VA-shape detected: args+0x40=0x11eb3c000 (>1GB) → using args+0x48=0x20000 as size, +0x58 0x380888c50 → 0
#### MTL_TEX plain DEPTH-STENCIL native result: 0x6013b5c80 class=AGXG13GFamilyTexture
#### MTL_TEX plain MEMORYLESS: routing to native AGX path (no IOSurface — tile-memory-only) w=128 h=32 pf=253
#### MTL_TEX plain MEMORYLESS native result: 0x6013b6180 (class=AGXG13GFamilyTexture storageMode=3 length=999)
#### MTL_TEX plain MEMORYLESS: routing to native AGX path (no IOSurface — tile-memory-only) w=128 h=32 pf=10
#### MTL_TEX plain MEMORYLESS native result: 0x6013b6680 (class=AGXG13GFamilyTexture storageMode=3 length=999)
#### MTL_TEX plain DEPTH-STENCIL: pf=253 routing to native AGX path (IOSurface backing is invalid)
#### AGXIOC sel=0x9 type=0 VA-shape +0x38=0x11eb3dc00 → 0
#### AGXIOC sel=0x9 type=0 VA-shape detected: args+0x40=0x11eb3c000 (>1GB) → using args+0x48=0x20000 as size, +0x58 0x380888c50 → 0
#### MTL_TEX plain DEPTH-STENCIL native result: 0x6013b9100 class=AGXG13GFamilyTexture
#### MTL_TEX plain MEMORYLESS native result: 0x6013b9600 (class=AGXG13GFamilyTexture storageMode=3 length=999)
#### MTL_TEX plain DEPTH-STENCIL: pf=253 routing to native AGX path (IOSurface backing is invalid)
#### AGXIOC sel=0x9 type=0 VA-shape detected: args+0x40=0x11eb3c000 (>1GB) → using args+0x48=0x20000 as size, +0x58 0x380888c50 → 0
#### MTL_TEX plain DEPTH-STENCIL native result: 0x6013bb680 class=AGXG13GFamilyTexture
#### MTL_TEX plain DEPTH-STENCIL: pf=253 routing to native AGX path (IOSurface backing is invalid)
#### AGXIOC sel=0x9 type=0 VA-shape detected: args+0x40=0x11eb3c000 (>1GB) → using args+0x48=0x20000 as size, +0x58 0x380888c50 → 0
#### MTL_TEX plain DEPTH-STENCIL native result: 0x6013bf000 class=AGXG13GFamilyTexture
#### VNC-FINAL candidate #1 tex=0x6014c5c80 class=AGXG13GFamilyTexture tex=1728x1344 pf=80 usage=0x7 storage=0 hazard=2 surface=0x600a59e20 1728x1344 bpr=6912
#### AGXIOC Method sel=0x18->0x14 inCnt=0 inSC=0 outSC=0 -> 0x0
#### AGXIOC Method sel=0x18->0x14 inCnt=0 inSC=0 outSC=0 -> 0x0
#### IOGPU-ERROR-GETTER observation=1 commandBuffer=0x6014d2680 class=AGXG13GFamilyCommandBuffer submitSerial=130 fixed=0 domain=MTLCommandBufferErrorDomain code=1 description=Internal Error (00000103:Internal Error)
#### AGXIOC Method sel=0x18->0x14 inCnt=0 inSC=0 outSC=0 -> 0x0
#### IOGPU-CALLBACK-OBJECT role=getter-error object=0x60111d680 dynamicClass=NSError instanceSize=0x28
#### IOGPU-CALLBACK-CLASS role=getter-error depth=0 class=NSError ivars=4
#### IOGPU-CALLBACK-IVAR role=getter-error class=NSError offset=0x8 name=_reserved type=^v raw64=0
#### IOGPU-CALLBACK-IVAR role=getter-error class=NSError offset=0x10 name=_code type=q raw64=0x1
#### IOGPU-CALLBACK-IVAR role=getter-error class=NSError offset=0x18 name=_domain type=@"NSString" raw64=0x2079c0a90
#### IOGPU-CALLBACK-IVAR role=getter-error class=NSError offset=0x20 name=_userInfo type=@"NSDictionary" raw64=0x600a7f7e0
#### IOGPU-CALLBACK-CLASS role=getter-error depth=1 class=NSObject ivars=1
#### IOGPU-CALLBACK-IVAR role=getter-error class=NSObject offset=0 name=isa type=# raw64=0x200000205768349
#### IOGPU-CALLBACK-BYTES role=getter-error base=0x60111d680 offset=0 bytes=498376050200000200000000000000000100000000000000900a9c0702000000
#### IOGPU-CALLBACK-BYTES role=getter-error base=0x60111d680 offset=0x20 bytes=e0f7a70006000000
#### IOGPU-CALLBACK-ERROR domain=MTLCommandBufferErrorDomain code=1 userInfo=0x600a7f7e0 userInfoClass=__NSSingleEntryDictionaryI
#### IOGPU-CALLBACK-OBJECT role=buffer-error-user-info object=0x600a7f7e0 dynamicClass=__NSSingleEntryDictionaryI instanceSize=0x18
#### IOGPU-CALLBACK-CLASS role=buffer-error-user-info depth=0 class=__NSSingleEntryDictionaryI ivars=2
#### IOGPU-CALLBACK-IVAR role=buffer-error-user-info class=__NSSingleEntryDictionaryI offset=0x8 name=_obj type=@ raw64=0x600c2c6c0
#### IOGPU-CALLBACK-IVAR role=buffer-error-user-info class=__NSSingleEntryDictionaryI offset=0x10 name=_key type=@ raw64=0x206734200
#### IOGPU-CALLBACK-CLASS role=buffer-error-user-info depth=1 class=NSDictionary ivars=0
#### IOGPU-CALLBACK-CLASS role=buffer-error-user-info depth=2 class=NSObject ivars=1
#### IOGPU-CALLBACK-IVAR role=buffer-error-user-info class=NSObject offset=0 name=isa type=# raw64=0x600000205760471
#### IOGPU-CALLBACK-BYTES role=buffer-error-user-info base=0x600a7f7e0 offset=0 bytes=7104760502000006c0c6c200060000000042730602000000
#### IOGPU-CALLBACK-USERINFO count=1 limit=1
#### IOGPU-CALLBACK-USERINFO-ENTRY index=0 key=NSLocalizedDescription value=0x600c2c6c0 class=__NSCFString string=Internal Error (00000103:Internal Error)
#### IOGPU-CALLBACK-STORAGE role=getter-error commandBuffer=0x6014d2680 class=AGXG13GFamilyCommandBuffer ivarOffset=0x250 storage=0x6001af800
#### IOGPU-CALLBACK-BYTES role=command-storage base=0x6001af800 offset=0 bytes=00201d000600000060788a000600000000000000000000000000000000000000
#### IOGPU-CALLBACK-BYTES role=command-storage base=0x6001af800 offset=0x20 bytes=401e19000600000000c0b71e0100000028c2b71e010000000040b81e01000000
#### IOGPU-CALLBACK-BYTES role=command-storage base=0x6001af800 offset=0x40 bytes=0000000000000000000000000000000000000000000000000000000000000000
#### IOGPU-CALLBACK-BYTES role=command-storage base=0x6001af800 offset=0x60 bytes=e07f19000600000000403a0d0100000000803a0d010000000000000000000000
#### IOGPU-CALLBACK-BYTES role=command-storage base=0x6001af800 offset=0x80 bytes=0000000000000000000000000000000000000000000000000000000000000000
#### IOGPU-CALLBACK-BYTES role=command-storage base=0x6001af800 offset=0xa0 bytes=0000000000000000000000000000000000000000000000000000000000000000
#### IOGPU-CALLBACK-BYTES role=command-storage base=0x6001af800 offset=0xc0 bytes=0000000000000000000000000000000000000000000000000000000000000000
#### IOGPU-CALLBACK-BYTES role=command-storage base=0x6001af800 offset=0xe0 bytes=0000000000000000000000000000000000000000000000000000000000000000
#### IOGPU-CALLBACK-BYTES role=command-storage base=0x6001af800 offset=0x100 bytes=0000000000000000000000000000000000000000000000000000000000000000
#### IOGPU-CALLBACK-BYTES role=command-storage base=0x6001af800 offset=0x120 bytes=0000000000000000000000000000000000000000000000000000000000000000
#### IOGPU-CALLBACK-BYTES role=command-storage base=0x6001af800 offset=0x140 bytes=0000000000000000000000000000000000000000000000000000000000000000
#### IOGPU-CALLBACK-BYTES role=command-storage base=0x6001af800 offset=0x160 bytes=0000000000000000000000000000000000000000000000000000000000000000
#### IOGPU-CALLBACK-BYTES role=command-storage base=0x6001af800 offset=0x180 bytes=0000000000000000000000000000000000000000000000000000000000000000
#### IOGPU-CALLBACK-BYTES role=command-storage base=0x6001af800 offset=0x1a0 bytes=0000000000000000000000000000000000000000000000000000000000000000
#### IOGPU-CALLBACK-BYTES role=command-storage base=0x6001af800 offset=0x1c0 bytes=0000000000000000000000000000000000000000000000000000000000000000
#### IOGPU-CALLBACK-BYTES role=command-storage base=0x6001af800 offset=0x1e0 bytes=0000000000000000000000000000000000000000000000000000000000000000
#### IOGPU-CALLBACK-BYTES role=command-storage base=0x6001af800 offset=0x200 bytes=0000000000000000000000000000000000000000000000000000000000000000
#### IOGPU-CALLBACK-BYTES role=command-storage base=0x6001af800 offset=0x220 bytes=0000000000000000000000000000000000000000000000000000000000000000
#### IOGPU-CALLBACK-BYTES role=command-storage base=0x6001af800 offset=0x240 bytes=0000000000000000000000000000000000000000000000000090ad0006000000
#### IOGPU-CALLBACK-BYTES role=command-storage base=0x6001af800 offset=0x260 bytes=c0442b000600000000e0fb000600000000080000000000000b00000000080000
#### IOGPU-CALLBACK-BYTES role=command-storage base=0x6001af800 offset=0x280 bytes=1f00000004000000020000000000000030403a0d0100000000c090d501000000
#### IOGPU-CALLBACK-BYTES role=command-storage base=0x6001af800 offset=0x2a0 bytes=00c0b4d601000000ff0000001000000003000000100000000000000000000000
#### IOGPU-CALLBACK-BYTES role=command-storage base=0x6001af800 offset=0x2c0 bytes=020000000000000050c248c70100000000f81a000600000000c0410106000000
#### IOGPU-CALLBACK-BYTES role=command-storage base=0x6001af800 offset=0x2e0 bytes=00800b0006000000000000000000000000000000000000000000000000000000
#### JIT-MPROTECT flip #18432 ranges=1 prot=RX writers=1 exec_waits=6319 late_retries=180
#### AGX_FAST_RING dumped reason=iogpu-error-getter-103 commandBuffer=0x6014d2680 requested=130 matched=130 entries=131 byteEntries=16 range=1..131 path=/tmp/macws_fast_submit_error_34487_1
[34487:0728/135953.186636:ERROR:ui/gl/angle_platform_impl.cc:47] mtl_command_buffer.mm:693 (onCommandBufferCompleted): Completed MTLCommandBuffer failed, and error is Internal Error (00000103:Internal Error)
#### IOGPU-ERROR-GETTER observation=2 commandBuffer=0x6014d1f80 class=AGXG13GFamilyCommandBuffer submitSerial=129 fixed=0 domain=MTLCommandBufferErrorDomain code=1 description=Internal Error (00000103:Internal Error)
[34487:0728/135953.187010:ERROR:ui/gl/angle_platform_impl.cc:47] mtl_command_buffer.mm:693 (onCommandBufferCompleted): Completed MTLCommandBuffer failed, and error is Internal Error (00000103:Internal Error)
#### IOGPU-ERROR-GETTER observation=3 commandBuffer=0x6014d2300 class=AGXG13GFamilyCommandBuffer submitSerial=131 fixed=0 domain=MTLCommandBufferErrorDomain code=1 description=Internal Error (00000103:Internal Error)
[34487:0728/135953.187115:ERROR:ui/gl/angle_platform_impl.cc:47] mtl_command_buffer.mm:693 (onCommandBufferCompleted): Completed MTLCommandBuffer failed, and error is Internal Error (00000103:Internal Error)
#### AGXIOC Method sel=0x19->0x15 inCnt=1 inSC=0 outSC=0 -> 0x0
#### AGXIOC Method sel=0x19->0x15 inCnt=1 inSC=0 outSC=0 -> 0x0
#### AGXIOC Method sel=0x19->0x15 inCnt=1 inSC=0 outSC=0 -> 0x0
[34488:0728/135953.257423:VERBOSE1:net/base/network_delegate.cc:38] NetworkDelegate::NotifyBeforeURLRequest: https://www.apple.com/api-www/global-elements/global-header/v1/flyouts?locale=en_US
[34488:0728/135953.257906:VERBOSE1:net/base/network_delegate.cc:38] NetworkDelegate::NotifyBeforeURLRequest: https://www.apple.com/search-services/suggestions/defaultlinks/?src=globalnav&locale=en_US
#### JIT-MPROTECT flip #7168 ranges=1 prot=RX writers=1 exec_waits=2327 late_retries=64
[34488:0728/135953.282042:VERBOSE1:net/base/network_delegate.cc:38] NetworkDelegate::NotifyBeforeURLRequest: https://www.apple.com/us/shop/bag/status?apikey=SFX9YPYY9PPXCU9KH
[34466:0728/135953.302614:INFO:CONSOLE:5359] "Extension Host", source: vscode-file://vscode-app/Applications/Visual%20Studio%20Code.app/Contents/Resources/app/out/vs/workbench/workbench.desktop.main.js (5359)
[34466:0728/135953.302766:INFO:CONSOLE:5359] "%c#### MACWS_HID_BYPASS installed SetMatchingMultiple → no-op (1) at 0x1ad8d5e8c — skips iOS-format CFBinaryPlist parse inside
%c####   IOHIDEventSystemClientCacheMatchingServices → IOHIDUnserializeAndVMDealloc → CFPropertyListCreateFromStream
%c####   that BUS_ADRALNs in the IOMFBServer thread.
%c#### MACWS_AGX_RENAMER_PATCH: off (set MACWS_AGX_RENAMER_PATCH=1 to enable)
%c#### MACWS_ASSERT_BYPASS DISABLED (set MACWS_KEEP_ASSERT_BYPASS=1 to restore lazy bypass) — real __assert_rtn now reaches abort
%c#### MACWS_AGX_NATIVE [ctor] pre-loaded IOGPU via /System/Library/PrivateFrameworks/IOGPU.framework/IOGPU -> 0x3fa56cc10
%c#### XPC_BOOTSTRAP: fn=0x1aa48d140 dict=0x13b715d10 (registering Metal/ViewBridge/HIServices)
%c#### XPC_BOOTSTRAP: called OK
%c#### COEXIST API SwapEnd hook installed target=0x1b536b1cc trampoline=0x1020bc000
%c#### SkyLight PrepareForUse tolerate-nil hook installed at 0x1af74cfc4
%c#### SkyLight StartCompositeForDisplayStream nil-skip hook installed at 0x1af575d74
%c#### SkyLight StartComposite(WSCD) tolerate-nil + pop-on-bail hook installed at 0x1af575358
%c#### SkyLight StartComposite(MTLTex) pop-on-bail hook installed at 0x1af575fb8
%c#### SkyLight EndCurrentComposite(bool) completion hook installed at 0x1af57453c
%c#### SkyLight EndUpdate(bool) submission hook installed at 0x1af5740b0
%c#### SkyLight _state_stack pop_back resolved at 0x1af572fa0
%c#### SkyLight WSCompositeDestinationCreateWithMetalTexture nil-tolerate hook installed at 0x1af57853c
%c#### SkyLight MetalContext::StopCapture invalid-this guard installed at 0x1af5741bc
%c#### MACWS_AGX_NATIVE class_addMethod(MTLTextureDescriptor, validateWithDevice:) = 1
%c#### MACWS_AGX_NATIVE class_addMethod(IOGPUMetalTexture, isMemoryless) = 1
%c#### MACWS_AGX_NATIVE class_addMethod(IOGPUMetalTexture, getCPUSizeBytes) = 1
%c#### MACWS_AGX_NATIVE class_addMethod(IOGPUMetalTexture, getAlignment) = 1
%c#### MACWS_AGX_NATIVE class_addMethod(IOGPUMetalTexture, descriptorPrivate) = 1
%c#### MACWS_AGX_NATIVE class_addMethod(IOGPUMetalTexture, getBytesPerRow) = 1
%c#### MACWS_AGX_NATIVE class_addMethod(IOGPUMetalTexture, updateBindDataWithAddresses:gpuVirtualAddress:) = 1
%c#### MACWS_AGX_NATIVE class_addMethod(IOGPUMetalTexture, updateBindDataWithAddresses:gpuVirtualAddress:shouldInitMetadata:) = 1
%c#### MACWS_AGX_NATIVE class_addMethod(IOGPUMetalTexture, allocBufferSubDataWithLength:options:alignment:heapIndex:bufferIndex:bufferOffset:) = 1
%c#### MACWS_AGX_NATIVE class_addMethod(IOGPUMetalTexture, initNewTextureData:) = 1
%c#### MACWS_AGX_NATIVE class_addMethod(MTLTextureDescriptor, isMemoryless) = 1
%c#### MACWS_AGX_NATIVE class_addMethod(MTLTextureDescriptor, protectionOptions) = 1
%c#### MACWS_AGX_NATIVE class_addMethod(MTLTextureDescriptor, getCPUSizeBytes) = 1
%c#### MACWS_AGX_NATIVE class_addMethod(MTLTextureDescriptor, getAlignment) = 1
%c#### MACWS_AGX_NATIVE class_addMethod(MTLTextureDescriptor, descriptorPrivate) = 1
%c#### MACWS_AGX_NATIVE class_addMethod(MTLTextureDescriptor, getBytesPerRow) = 1
%c#### MACWS_AGX_NATIVE class_addMethod(MTLTextureDescriptor, updateBindDataWithAddresses:gpuVirtualAddress:) = 1
%c#### MACWS_AGX_NATIVE class_addMethod(MTLTextureDescriptor, updateBindDataWithAddresses:gpuVirtualAddress:shouldInitMetadata:) = 1
%c#### MACWS_AGX_NATIVE class_addMethod(MTLTextureDescriptor, allocBufferSubDataWithLength:options:alignment:heapIndex:bufferIndex:bufferOffset:) = 1
%c#### MACWS_AGX_NATIVE class_addMethod(MTLTextureDescriptor, initNewTextureData:) = 1
 color: red color: red color: red color: red color: red color: red color: red color: red color: red color: red color: red color: red color: red color: red color: red color: red color: red color: red color: red color: red color: red color: red color: red color: red color: red color: red color: red color: red color: red color: red color: red color: red color: red color: red color: red color: red color: red color: red", source: vscode-file://vscode-app/Applications/Visual%20Studio%20Code.app/Contents/Resources/app/out/vs/workbench/workbench.desktop.main.js (5359)
[34466:0728/135953.302890:INFO:CONSOLE:5359] "console.groupEnd", source: vscode-file://vscode-app/Applications/Visual%20Studio%20Code.app/Contents/Resources/app/out/vs/workbench/workbench.desktop.main.js (5359)
#### JIT-MPROTECT flip #1024 ranges=1 prot=RX writers=1 exec_waits=201 late_retries=16
[34488:0728/135953.317212:VERBOSE1:net/base/network_delegate.cc:38] NetworkDelegate::NotifyBeforeURLRequest: https://securemetrics.apple.com/b/ss/applestoreww/1/JS-2.23.0/s29210662886097?AQB=1&ndh=1&pf=1&t=28%2F6%2F2026%2013%3A59%3A53%202%20420&fid=59B4DE75AF2186B6-0E8BB328FE480F6B&ce=UTF-8&cdp=2&cl=1800&pageName=ipad%20pro%20-%20overview%20%28us%29&g=https%3A%2F%2Fwww.apple.com%2Fipad-pro%2F&cc=USD&ch=www.us.ipadpro&server=ac-2.30.0&h1=www.us.ipadpro&v3=aos%3A%20us&l3=D%3Das_tex&c4=D%3Dg&v4=D%3DpageName&v14=en-us&c20=aos%3A%20us&v54=D%3Dg&c57=www.us.ipadpro&v97=s.t-p&s=1194x834&c=30&j=1.6&v=N&k=Y&bw=842&bh=667&AQE=1
#### JIT-MPROTECT flip #19456 ranges=1 prot=RX writers=1 exec_waits=6639 late_retries=189
[91m[main 2026-07-28T20:59:53.382Z][0m [AgentHost:stderr] #### AMFI-POLICY-COMPAT policy=AMFI op=0x60 status=0x4 (iOS task ports are hard-immovable)
#### CSR-POLICY-COMPAT active_config=0x0 (conservative iOS compatibility value)

[91m[main 2026-07-28T20:59:53.396Z][0m [AgentHost:stderr] [34515:0728/135953.395113:ERROR:base/process/process_mac.cc:53] task_policy_set TASK_CATEGORY_POLICY: (os/kern) invalid argument (4)

[91m[main 2026-07-28T20:59:53.408Z][0m [AgentHost:stderr] #### JIT-MPROTECT range[0]=[0x280000000,0x290000000) source=MAP_JIT-EINVAL
#### JIT-MPROTECT execution barrier installed (W^X fetch-wait compatibility)
#### JIT-MPROTECT range[0]=[0x280000000,0x290000000) source=MAP_JIT-EINVAL
#### JIT-MPROTECT range[0]=[0x280000000,0x290000000) source=MAP_JIT-EINVAL
#### JIT-MPROTECT range[0]=[0x280000000,0x290000000) source=MAP_JIT-EINVAL
#### JIT-MPROTECT range[0]=[0x280000000,0x290000000) source=MAP_JIT-EINVAL
#### JIT-MPROTECT range[0]=[0x280000000,0x290000000) source=MAP_JIT-EINVAL
#### JIT-MPROTECT range[0]=[0x280000000,0x290000000) source=MAP_JIT-EINVAL
#### JIT-MPROTECT range[0]=[0x280000000,0x290000000) source=MAP_JIT-EINVAL

[91m[main 2026-07-28T20:59:53.409Z][0m [AgentHost:stderr] #### JIT-MPROTECT range[0]=[0x170000000,0x180000000) source=MAP_JIT-EINVAL
#### JIT-MPROTECT call #1 addr=0x170000000 size=0x10000000 requested=0x7 effective=0x3 result=0 errno=0 caller=0x113e2a334 image=/Applications/Visual Studio Code.app/Contents/Frameworks/Electron Framework.framework/Versions/A/Electron Framework offset=0x63b2334
#### JIT-MPROTECT remap decline #1 dst=0x177dc0000 size=0x208000 src=0x110120000 requested=0x5 -> V8 copy fallback
#### JIT-MPROTECT flip #1 ranges=1 prot=RW writers=1 exec_waits=0 late_retries=0

[91m[main 2026-07-28T20:59:53.411Z][0m [AgentHost:stderr] #### JIT-MPROTECT flip #2 ranges=1 prot=RX writers=1 exec_waits=0 late_retries=0

#### IOSURFACE-RELEASE-ABI pair #14: conn=15623 surfaceID=372 sel=1 -> 0
#### IOSURFACE-RELEASE-ABI pair #15: conn=15623 surfaceID=370 sel=1 -> 0
#### IOSURFACE-RELEASE-ABI pair #16: conn=15623 surfaceID=380 sel=1 -> 0
[91m[main 2026-07-28T20:59:53.428Z][0m [AgentHost:stderr] #### JIT-MPROTECT flip #3 ranges=1 prot=RW writers=1 exec_waits=0 late_retries=0
#### JIT-MPROTECT flip #4 ranges=1 prot=RX writers=1 exec_waits=0 late_retries=0
#### JIT-MPROTECT flip #5 ranges=1 prot=RW writers=1 exec_waits=0 late_retries=0
#### JIT-MPROTECT flip #6 ranges=1 prot=RX writers=1 exec_waits=0 late_retries=0
#### JIT-MPROTECT flip #7 ranges=1 prot=RW writers=1 exec_waits=0 late_retries=0
#### JIT-MPROTECT flip #8 ranges=1 prot=RX writers=1 exec_waits=0 late_retries=0

[91m[main 2026-07-28T20:59:53.429Z][0m [AgentHost:stderr] #### JIT-MPROTECT flip #9 ranges=1 prot=RW writers=1 exec_waits=0 late_retries=0
#### JIT-MPROTECT flip #10 ranges=1 prot=RX writers=1 exec_waits=0 late_retries=0
#### JIT-MPROTECT flip #11 ranges=1 prot=RW writers=1 exec_waits=0 late_retries=0
#### JIT-MPROTECT flip #12 ranges=1 prot=RX writers=1 exec_waits=0 late_retries=0
#### JIT-MPROTECT flip #13 ranges=1 prot=RW writers=1 exec_waits=0 late_retries=0
#### JIT-MPROTECT flip #14 ranges=1 prot=RX writers=1 exec_waits=0 late_retries=0
#### JIT-MPROTECT flip #15 ranges=1 prot=RW writers=1 exec_waits=0 late_retries=0

[91m[main 2026-07-28T20:59:53.429Z][0m [AgentHost:stderr] #### JIT-MPROTECT flip #16 ranges=1 prot=RX writers=1 exec_waits=0 late_retries=0
#### JIT-MPROTECT flip #17 ranges=1 prot=RW writers=1 exec_waits=0 late_retries=0
#### JIT-MPROTECT flip #18 ranges=1 prot=RX writers=1 exec_waits=0 late_retries=0
#### JIT-MPROTECT flip #19 ranges=1 prot=RW writers=1 exec_waits=0 late_retries=0
#### JIT-MPROTECT flip #20 ranges=1 prot=RX writers=1 exec_waits=0 late_retries=0

[91m[main 2026-07-28T20:59:53.432Z][0m [AgentHost:stderr] #### JIT-MPROTECT flip #21 ranges=1 prot=RW writers=1 exec_waits=0 late_retries=0
#### JIT-MPROTECT flip #22 ranges=1 prot=RX writers=1 exec_waits=0 late_retries=0
#### JIT-MPROTECT flip #23 ranges=1 prot=RW writers=1 exec_waits=0 late_retries=0
#### JIT-MPROTECT flip #24 ranges=1 prot=RX writers=1 exec_waits=0 late_retries=0

[91m[main 2026-07-28T20:59:53.433Z][0m [AgentHost:stderr] #### JIT-MPROTECT flip #25 ranges=1 prot=RW writers=1 exec_waits=0 late_retries=0
#### JIT-MPROTECT flip #26 ranges=1 prot=RX writers=1 exec_waits=1 late_retries=0
#### JIT-MPROTECT flip #27 ranges=1 prot=RW writers=1 exec_waits=1 late_retries=0
#### JIT-MPROTECT flip #28 ranges=1 prot=RX writers=1 exec_waits=1 late_retries=0
#### JIT-MPROTECT flip #29 ranges=1 prot=RW writers=1 exec_waits=1 late_retries=0

[91m[main 2026-07-28T20:59:53.433Z][0m [AgentHost:stderr] #### JIT-MPROTECT flip #30 ranges=1 prot=RX writers=1 exec_waits=1 late_retries=0
#### JIT-MPROTECT flip #31 ranges=1 prot=RW writers=1 exec_waits=1 late_retries=0
#### JIT-MPROTECT flip #32 ranges=1 prot=RX writers=1 exec_waits=1 late_retries=0

#### AGXIOC Method sel=0xd->0xc inCnt=2 inSC=0 outSC=0 -> 0x0
#### VNC-FINAL candidate #2 tex=0x6013ba780 class=AGXG13GFamilyTexture tex=1684x1334 pf=10 usage=0x7 storage=0 hazard=2 surface=0x600a58100 1684x1334 bpr=1792
#### AGX_LIFE CREATE id=0xca type=0 surf=0 bytes=0x8c000 kr=0 okC=250 failC=0 okD=48 failD=0 unmatchedD=0 full=0 live=202/134MB [t0=129/40MB t80=0/0MB t82=73/94MB]
#### AGX_SUBMIT_DIAG #220 TEMP-KCMD-ABI-FIX off=0 size=0x1b8->0x1a8 end=0x1e8->0x1d8 moved=0x4c new-total=0x218
#### AGX_SUBMIT_DIAG #228 TEMP-KCMD-TRAILING-WRAPPER-FIX match=64 subtype1=0..0x840->0..0x820 wrappers=1 range=0x840..0x858->0x820..0x838
[34488:0728/135953.782775:VERBOSE1:net/base/network_delegate.cc:38] NetworkDelegate::NotifyBeforeURLRequest: https://www.apple.com/v/ipad-pro/aw/images/overview/hero/hero_gradient__d9p3c9dvbdoy_medium_2x.jpg
[34488:0728/135953.803462:VERBOSE1:net/base/network_delegate.cc:38] NetworkDelegate::NotifyBeforeURLRequest: https://www.apple.com/v/ipad-pro/aw/images/overview/intelligence/privacy_gradient__cappr4pbxq02_medium_2x.jpg
[91m[main 2026-07-28T20:59:53.869Z][0m ptyHost was unable to resolve shell environment Error: Unable to resolve your shell environment: Unexpected exit code from spawned shell (code null, signal SIGABRT)
    at file:///Applications/Visual%20Studio%20Code.app/Contents/Resources/app/out/main.js:474:34475
    at async file:///Applications/Visual%20Studio%20Code.app/Contents/Resources/app/out/main.js:434:92057
[34466:0728/135953.886962:INFO:CONSOLE:5359] "Extension Host", source: vscode-file://vscode-app/Applications/Visual%20Studio%20Code.app/Contents/Resources/app/out/vs/workbench/workbench.desktop.main.js (5359)
[34466:0728/135953.888188:INFO:CONSOLE:5359] "%c#### AMFI-POLICY-COMPAT policy=AMFI op=0x60 status=0x4 (iOS task ports are hard-immovable)
%c#### CSR-POLICY-COMPAT active_config=0x0 (conservative iOS compatibility value)
%c[34516:0728/135953.346212:ERROR:base/process/process_mac.cc:53] task_policy_set TASK_CATEGORY_POLICY: (os/kern) invalid argument (4)
%c#### JIT-MPROTECT range[0]=[0x280000000,0x290000000) source=MAP_JIT-EINVAL
%c#### JIT-MPROTECT execution barrier installed (W^X fetch-wait compatibility)
%c#### JIT-MPROTECT range[0]=[0x280000000,0x290000000) source=MAP_JIT-EINVAL
%c#### JIT-MPROTECT range[0]=[0x280000000,0x290000000) source=MAP_JIT-EINVAL
%c#### JIT-MPROTECT range[0]=[0x280000000,0x290000000) source=MAP_JIT-EINVAL
%c#### JIT-MPROTECT range[0]=[0x280000000,0x290000000) source=MAP_JIT-EINVAL
%c#### JIT-MPROTECT range[0]=[0x280000000,0x290000000) source=MAP_JIT-EINVAL
%c#### JIT-MPROTECT range[0]=[0x280000000,0x290000000) source=MAP_JIT-EINVAL
%c#### JIT-MPROTECT range[0]=[0x280000000,0x290000000) source=MAP_JIT-EINVAL
%c#### JIT-MPROTECT range[0]=[0x170000000,0x180000000) source=MAP_JIT-EINVAL
%c#### JIT-MPROTECT call #1 addr=0x170000000 size=0x10000000 requested=0x7 effective=0x3 result=0 errno=0 caller=0x113aca334 image=/Applications/Visual Studio Code.app/Contents/Frameworks/Electron Framework.framework/Versions/A/Electron Framework offset=0x63b2334
%c#### JIT-MPROTECT remap decline #1 dst=0x177dc0000 size=0x208000 src=0x10fdc0000 requested=0x5 -> V8 copy fallback
%c#### JIT-MPROTECT flip #1 ranges=1 prot=RW writers=1 exec_waits=0 late_retries=0
%c#### JIT-MPROTECT flip #2 ranges=1 prot=RX writers=1 exec_waits=0 late_retries=0
%c#### JIT-MPROTECT flip #3 ranges=1 prot=RW writers=1 exec_waits=0 late_retries=0
%c#### JIT-MPROTECT flip #4 ranges=1 prot=RX writers=1 exec_waits=0 late_retries=0
%c#### JIT-MPROTECT flip #5 ranges=1 prot=RW writers=1 exec_waits=0 late_retries=0
%c#### JIT-MPROTECT flip #6 ranges=1 prot=RX writers=1 exec_waits=0 late_retries=0
%c#### JIT-MPROTECT flip #7 ranges=1 prot=RW writers=1 exec_waits=0 late_retries=0
%c#### JIT-MPROTECT flip #8 ranges=1 prot=RX writers=1 exec_waits=0 late_retries=0
%c#### JIT-MPROTECT flip #9 ranges=1 prot=RW writers=1 exec_waits=0 late_retries=0
%c#### JIT-MPROTECT flip #10 ranges=1 prot=RX writers=1 exec_waits=0 late_retries=0
%c#### JIT-MPROTECT flip #11 ranges=1 prot=RW writers=1 exec_waits=0 late_retries=0
%c#### JIT-MPROTECT flip #12 ranges=1 prot=RX writers=1 exec_waits=0 late_retries=0
%c#### JIT-MPROTECT flip #13 ranges=1 prot=RW writers=1 exec_waits=0 late_retries=0
%c#### JIT-MPROTECT flip #14 ranges=1 prot=RX writers=1 exec_waits=0 late_retries=0
%c#### JIT-MPROTECT flip #15 ranges=1 prot=RW writers=1 exec_waits=0 late_retries=0
%c#### JIT-MPROTECT flip #16 ranges=1 prot=RX writers=1 exec_waits=0 late_retries=0
%c#### JIT-MPROTECT flip #17 ranges=1 prot=RW writers=1 exec_waits=0 late_retries=0
%c#### JIT-MPROTECT flip #18 ranges=1 prot=RX writers=1 exec_waits=0 late_retries=0
%c#### JIT-MPROTECT flip #19 ranges=1 prot=RW writers=1 exec_waits=0 late_retries=0
%c#### JIT-MPROTECT flip #20 ranges=1 prot=RX writers=1 exec_waits=0 late_retries=0
%c#### JIT-MPROTECT flip #21 ranges=1 prot=RW writers=1 exec_waits=0 late_retries=0
%c#### JIT-MPROTECT flip #22 ranges=1 prot=RX writers=1 exec_waits=0 late_retries=0
%c#### JIT-MPROTECT flip #23 ranges=1 prot=RW writers=1 exec_waits=0 late_retries=0
%c#### JIT-MPROTECT flip #24 ranges=1 prot=RX writers=1 exec_waits=0 late_retries=0
%c#### JIT-MPROTECT flip #25 ranges=1 prot=RW writers=1 exec_waits=0 late_retries=0
%c#### JIT-MPROTECT flip #26 ranges=1 prot=RX writers=1 exec_waits=0 late_retries=0
%c#### JIT-MPROTECT flip #27 ranges=1 prot=RW writers=1 exec_waits=0 late_retries=0
%c#### JIT-MPROTECT flip #28 ranges=1 prot=RX writers=1 exec_waits=0 late_retries=0
%c#### JIT-MPROTECT flip #29 ranges=1 prot=RW writers=1 exec_waits=0 late_retries=0
%c#### JIT-MPROTECT flip #30 ranges=1 prot=RX writers=1 exec_waits=0 late_retries=0
%c#### JIT-MPROTECT flip #31 ranges=1 prot=RW writers=1 exec_waits=0 late_retries=0
%c#### JIT-MPROTECT flip #32 ranges=1 prot=RX writers=1 exec_waits=0 late_retries=0
 color: red color: red color: red color: red color: red color: red color: red color: red color: red color: red color: red color: red color: red color: red color: red color: red color: red color: red color: red color: red color: red color: red color: red color: red color: red color: red color: red color: red color: red color: red color: red color: red color: red color: red color: red color: red color: red color: red color: red color: red color: red color: red color: red color: red color: red color: red color: red", source: vscode-file://vscode-app/Applications/Visual%20Studio%20Code.app/Contents/Resources/app/out/vs/workbench/workbench.desktop.main.js (5359)
[34466:0728/135953.888562:INFO:CONSOLE:5359] "console.groupEnd", source: vscode-file://vscode-app/Applications/Visual%20Studio%20Code.app/Contents/Resources/app/out/vs/workbench/workbench.desktop.main.js (5359)
#### JIT-MPROTECT flip #20480 ranges=1 prot=RX writers=1 exec_waits=6849 late_retries=201
[91m[main 2026-07-28T20:59:54.065Z][0m [AgentHost:stderr] #### JIT-MPROTECT flip #1024 ranges=1 prot=RX writers=1 exec_waits=266 late_retries=17

[34488:0728/135954.171303:VERBOSE1:net/base/network_delegate.cc:38] NetworkDelegate::NotifyBeforeURLRequest: https://www.apple.com/wss/fonts/SF-Pro-Icons/v3/sf-pro-icons_regular.woff2
[34488:0728/135954.174075:VERBOSE1:net/base/network_delegate.cc:38] NetworkDelegate::NotifyBeforeURLRequest: https://www.apple.com/wss/fonts/SF-Pro-Text/v3/sf-pro-text_medium.woff2
[34488:0728/135954.174864:VERBOSE1:net/base/network_delegate.cc:38] NetworkDelegate::NotifyBeforeURLRequest: https://www.apple.com/wss/fonts/SF-Pro-Display/v3/sf-pro-display_regular.woff2
[34466:0728/135954.187484:INFO:CONSOLE:5359] "Extension Host", source: vscode-file://vscode-app/Applications/Visual%20Studio%20Code.app/Contents/Resources/app/out/vs/workbench/workbench.desktop.main.js (5359)
[34466:0728/135954.187590:INFO:CONSOLE:5359] "%c#### JIT-MPROTECT flip #1024 ranges=1 prot=RX writers=1 exec_waits=179 late_retries=17
 color: red", source: vscode-file://vscode-app/Applications/Visual%20Studio%20Code.app/Contents/Resources/app/out/vs/workbench/workbench.desktop.main.js (5359)
[34466:0728/135954.187644:INFO:CONSOLE:5359] "console.groupEnd", source: vscode-file://vscode-app/Applications/Visual%20Studio%20Code.app/Contents/Resources/app/out/vs/workbench/workbench.desktop.main.js (5359)
#### JIT-MPROTECT flip #2048 ranges=1 prot=RX writers=1 exec_waits=281 late_retries=21
[34488:0728/135954.332029:VERBOSE1:net/base/network_delegate.cc:38] NetworkDelegate::NotifyBeforeURLRequest: https://www.apple.com/wss/fonts/SF-Pro-Icons/v3/sf-pro-icons_semibold.woff2
[34488:0728/135954.334384:VERBOSE1:net/base/network_delegate.cc:38] NetworkDelegate::NotifyBeforeURLRequest: https://www.apple.com/wss/fonts/SF-Pro-Text/v3/sf-pro-text_regular-italic.woff2
[34488:0728/135954.334729:VERBOSE1:net/base/network_delegate.cc:38] NetworkDelegate::NotifyBeforeURLRequest: https://www.apple.com/v/ipad-pro/aw/images/overview/display/text_gradient__gncm1lep86my_medium_2x.png
[34488:0728/135954.336224:VERBOSE1:net/base/network_delegate.cc:38] NetworkDelegate::NotifyBeforeURLRequest: https://www.apple.com/ac/globalfooter/8/en_US/assets/ac-footer/breadcrumbs/apple/icon_large.svg
[34488:0728/135954.341767:VERBOSE1:net/base/network_delegate.cc:38] NetworkDelegate::NotifyBeforeURLRequest: https://www.apple.com/ac/globalfooter/8/en_US/assets/ac-footer/breadcrumbs/separator/icon_large.svg
[91m[main 2026-07-28T20:59:54.374Z][0m [AgentHost:stderr] #### JIT-MPROTECT flip #2048 ranges=1 prot=RX writers=1 exec_waits=567 late_retries=34

[34488:0728/135954.459172:VERBOSE1:net/base/network_delegate.cc:38] NetworkDelegate::NotifyBeforeURLRequest: https://www.apple.com/favicon.ico
#### AGXIOC Method sel=0xd->0xc inCnt=2 inSC=0 outSC=0 -> 0x0
#### AGXIOC Method sel=0xd->0xc inCnt=2 inSC=0 outSC=0 -> 0x0
#### AGXIOC Method sel=0xd->0xc inCnt=2 inSC=0 outSC=0 -> 0x0
#### AGXIOC Method sel=0xd->0xc inCnt=2 inSC=0 outSC=0 -> 0x0
#### AGXIOC Method sel=0xd->0xc inCnt=2 inSC=0 outSC=0 -> 0x0
[91m[main 2026-07-28T20:59:54.874Z][0m [AgentHost:stderr] #### JIT-MPROTECT flip #3072 ranges=1 prot=RX writers=1 exec_waits=789 late_retries=56

[34466:0728/135954.875517:INFO:CONSOLE:5359] "Extension Host", source: vscode-file://vscode-app/Applications/Visual%20Studio%20Code.app/Contents/Resources/app/out/vs/workbench/workbench.desktop.main.js (5359)
[34466:0728/135954.875650:INFO:CONSOLE:5359] "%c#### JIT-MPROTECT flip #2048 ranges=1 prot=RX writers=1 exec_waits=351 late_retries=33
 color: red", source: vscode-file://vscode-app/Applications/Visual%20Studio%20Code.app/Contents/Resources/app/out/vs/workbench/workbench.desktop.main.js (5359)
[34466:0728/135954.875709:INFO:CONSOLE:5359] "console.groupEnd", source: vscode-file://vscode-app/Applications/Visual%20Studio%20Code.app/Contents/Resources/app/out/vs/workbench/workbench.desktop.main.js (5359)
[34488:0728/135954.886605:VERBOSE1:net/base/network_delegate.cc:38] NetworkDelegate::NotifyBeforeURLRequest: https://main.vscode-cdn.net/core/stable.json
[34466:0728/135954.898392:INFO:CONSOLE:442] "%c INFO color: #33f Settings Sync: Account status changed from uninitialized to unavailable", source: vscode-file://vscode-app/Applications/Visual%20Studio%20Code.app/Contents/Resources/app/out/vs/workbench/workbench.desktop.main.js (442)
#### JIT-MPROTECT flip #21504 ranges=1 prot=RX writers=1 exec_waits=7183 late_retries=219
[34466:0728/135955.035060:INFO:CONSOLE:442] "%c INFO color: #33f [perf] Render performance baseline is 40ms", source: vscode-file://vscode-app/Applications/Visual%20Studio%20Code.app/Contents/Resources/app/out/vs/workbench/workbench.desktop.main.js (442)
[34466:0728/135955.035632:INFO:CONSOLE:5359] "Extension Host", source: vscode-file://vscode-app/Applications/Visual%20Studio%20Code.app/Contents/Resources/app/out/vs/workbench/workbench.desktop.main.js (5359)
[34466:0728/135955.035728:INFO:CONSOLE:5359] "%c#### JIT-MPROTECT flip #3072 ranges=1 prot=RX writers=1 exec_waits=520 late_retries=57
 color: red", source: vscode-file://vscode-app/Applications/Visual%20Studio%20Code.app/Contents/Resources/app/out/vs/workbench/workbench.desktop.main.js (5359)
[34466:0728/135955.035788:INFO:CONSOLE:5359] "console.groupEnd", source: vscode-file://vscode-app/Applications/Visual%20Studio%20Code.app/Contents/Resources/app/out/vs/workbench/workbench.desktop.main.js (5359)
[91m[main 2026-07-28T20:59:55.114Z][0m [AgentHost:stderr] #### JIT-MPROTECT flip #4096 ranges=1 prot=RX writers=1 exec_waits=947 late_retries=67

[34466:0728/135955.196523:INFO:CONSOLE:5359] "Extension Host", source: vscode-file://vscode-app/Applications/Visual%20Studio%20Code.app/Contents/Resources/app/out/vs/workbench/workbench.desktop.main.js (5359)
[34466:0728/135955.196633:INFO:CONSOLE:5359] "%c#### JIT-MPROTECT flip #4096 ranges=1 prot=RX writers=1 exec_waits=614 late_retries=64
 color: red", source: vscode-file://vscode-app/Applications/Visual%20Studio%20Code.app/Contents/Resources/app/out/vs/workbench/workbench.desktop.main.js (5359)
[34466:0728/135955.196689:INFO:CONSOLE:5359] "console.groupEnd", source: vscode-file://vscode-app/Applications/Visual%20Studio%20Code.app/Contents/Resources/app/out/vs/workbench/workbench.desktop.main.js (5359)
[91m[main 2026-07-28T20:59:55.308Z][0m [AgentHost:stderr] #### JIT-MPROTECT flip #5120 ranges=1 prot=RX writers=1 exec_waits=1009 late_retries=76

[91m[main 2026-07-28T20:59:55.341Z][0m [AgentHost:stderr] #### JIT-MPROTECT flip #6144 ranges=1 prot=RX writers=1 exec_waits=1011 late_retries=76

[34466:0728/135955.488134:INFO:CONSOLE:5359] "Extension Host", source: vscode-file://vscode-app/Applications/Visual%20Studio%20Code.app/Contents/Resources/app/out/vs/workbench/workbench.desktop.main.js (5359)
[34466:0728/135955.488250:INFO:CONSOLE:5359] "%c#### JIT-MPROTECT flip #5120 ranges=1 prot=RX writers=1 exec_waits=756 late_retries=83
 color: red", source: vscode-file://vscode-app/Applications/Visual%20Studio%20Code.app/Contents/Resources/app/out/vs/workbench/workbench.desktop.main.js (5359)
[34466:0728/135955.488320:INFO:CONSOLE:5359] "console.groupEnd", source: vscode-file://vscode-app/Applications/Visual%20Studio%20Code.app/Contents/Resources/app/out/vs/workbench/workbench.desktop.main.js (5359)
[91m[main 2026-07-28T20:59:55.488Z][0m [AgentHost:stderr] (node:34515) [DEP0169] DeprecationWarning: `url.parse()` behavior is not standardized and prone to errors that have security implications. Use the WHATWG URL API instead. CVEs are not issued for `url.parse()` vulnerabilities.
(Use `Code Helper --trace-deprecation ...` to show where the warning was created)

[34466:0728/135955.502729:ERROR:components/os_crypt/common/keychain_password_mac.mm:148] Keychain lookup failed: Error Domain=NSOSStatusErrorDomain Code=-50 "paramErr: error in user parameter list" (-50)
#### JIT-MPROTECT flip #22528 ranges=1 prot=RX writers=1 exec_waits=7547 late_retries=231
#### JIT-MPROTECT flip #8192 ranges=1 prot=RX writers=1 exec_waits=2610 late_retries=75
[34466:0728/135956.095502:INFO:CONSOLE:442] "%c INFO color: #33f [AgentHost] No token resolved for resource: https://api.github.com", source: vscode-file://vscode-app/Applications/Visual%20Studio%20Code.app/Contents/Resources/app/out/vs/workbench/workbench.desktop.main.js (442)
[34466:0728/135956.096081:INFO:CONSOLE:442] "%c INFO color: #33f [AgentHost] No token resolved for resource: https://api.github.com", source: vscode-file://vscode-app/Applications/Visual%20Studio%20Code.app/Contents/Resources/app/out/vs/workbench/workbench.desktop.main.js (442)
[34466:0728/135956.096835:INFO:CONSOLE:442] "%c INFO color: #33f [AgentHost] No token resolved for resource: https://api.github.com", source: vscode-file://vscode-app/Applications/Visual%20Studio%20Code.app/Contents/Resources/app/out/vs/workbench/workbench.desktop.main.js (442)
[34466:0728/135956.097137:INFO:CONSOLE:442] "%c INFO color: #33f [AgentHost] No token resolved for resource: https://api.github.com", source: vscode-file://vscode-app/Applications/Visual%20Studio%20Code.app/Contents/Resources/app/out/vs/workbench/workbench.desktop.main.js (442)
[34466:0728/135956.097441:INFO:CONSOLE:442] "%c INFO color: #33f [AgentHost] No token resolved for resource: https://api.github.com", source: vscode-file://vscode-app/Applications/Visual%20Studio%20Code.app/Contents/Resources/app/out/vs/workbench/workbench.desktop.main.js (442)
[34466:0728/135956.097788:INFO:CONSOLE:442] "%c INFO color: #33f [AgentHost] No token resolved for resource: https://api.github.com", source: vscode-file://vscode-app/Applications/Visual%20Studio%20Code.app/Contents/Resources/app/out/vs/workbench/workbench.desktop.main.js (442)
[34466:0728/135956.098055:INFO:CONSOLE:442] "%c INFO color: #33f [AgentHost] No token resolved for resource: https://api.github.com", source: vscode-file://vscode-app/Applications/Visual%20Studio%20Code.app/Contents/Resources/app/out/vs/workbench/workbench.desktop.main.js (442)
[34466:0728/135956.098300:INFO:CONSOLE:442] "%c INFO color: #33f [AgentHost] No token resolved for resource: https://api.github.com", source: vscode-file://vscode-app/Applications/Visual%20Studio%20Code.app/Contents/Resources/app/out/vs/workbench/workbench.desktop.main.js (442)
[34466:0728/135956.098569:INFO:CONSOLE:442] "%c INFO color: #33f [AgentHost] No token resolved for resource: https://api.github.com", source: vscode-file://vscode-app/Applications/Visual%20Studio%20Code.app/Contents/Resources/app/out/vs/workbench/workbench.desktop.main.js (442)
[34466:0728/135956.101841:INFO:CONSOLE:5359] "Extension Host", source: vscode-file://vscode-app/Applications/Visual%20Studio%20Code.app/Contents/Resources/app/out/vs/workbench/workbench.desktop.main.js (5359)
[34466:0728/135956.101990:INFO:CONSOLE:5359] "%c#### JIT-MPROTECT flip #6144 ranges=1 prot=RX writers=1 exec_waits=899 late_retries=95
 color: red", source: vscode-file://vscode-app/Applications/Visual%20Studio%20Code.app/Contents/Resources/app/out/vs/workbench/workbench.desktop.main.js (5359)
[34466:0728/135956.102047:INFO:CONSOLE:5359] "console.groupEnd", source: vscode-file://vscode-app/Applications/Visual%20Studio%20Code.app/Contents/Resources/app/out/vs/workbench/workbench.desktop.main.js (5359)
[34466:0728/135956.102804:INFO:CONSOLE:442] "%c INFO color: #33f [AgentHost] No token resolved for resource: https://api.github.com/repos", source: vscode-file://vscode-app/Applications/Visual%20Studio%20Code.app/Contents/Resources/app/out/vs/workbench/workbench.desktop.main.js (442)
[34466:0728/135956.103037:INFO:CONSOLE:442] "%c INFO color: #33f [AgentHost] No token resolved for resource: https://api.github.com/repos", source: vscode-file://vscode-app/Applications/Visual%20Studio%20Code.app/Contents/Resources/app/out/vs/workbench/workbench.desktop.main.js (442)
[34466:0728/135956.103246:INFO:CONSOLE:442] "%c INFO color: #33f [AgentHost] No token resolved for resource: https://api.github.com/repos", source: vscode-file://vscode-app/Applications/Visual%20Studio%20Code.app/Contents/Resources/app/out/vs/workbench/workbench.desktop.main.js (442)
[34466:0728/135956.103461:INFO:CONSOLE:442] "%c INFO color: #33f [AgentHost] No token resolved for resource: https://api.github.com/repos", source: vscode-file://vscode-app/Applications/Visual%20Studio%20Code.app/Contents/Resources/app/out/vs/workbench/workbench.desktop.main.js (442)
[34466:0728/135956.103688:INFO:CONSOLE:442] "%c INFO color: #33f [AgentHost] No token resolved for resource: https://api.github.com/repos", source: vscode-file://vscode-app/Applications/Visual%20Studio%20Code.app/Contents/Resources/app/out/vs/workbench/workbench.desktop.main.js (442)
[34466:0728/135956.103900:INFO:CONSOLE:442] "%c INFO color: #33f [AgentHost] No token resolved for resource: https://api.github.com/repos", source: vscode-file://vscode-app/Applications/Visual%20Studio%20Code.app/Contents/Resources/app/out/vs/workbench/workbench.desktop.main.js (442)
[34466:0728/135956.104110:INFO:CONSOLE:442] "%c INFO color: #33f [AgentHost] No token resolved for resource: https://api.github.com/repos", source: vscode-file://vscode-app/Applications/Visual%20Studio%20Code.app/Contents/Resources/app/out/vs/workbench/workbench.desktop.main.js (442)
[34466:0728/135956.104327:INFO:CONSOLE:442] "%c INFO color: #33f [AgentHost] No token resolved for resource: https://api.github.com/repos", source: vscode-file://vscode-app/Applications/Visual%20Studio%20Code.app/Contents/Resources/app/out/vs/workbench/workbench.desktop.main.js (442)
[34466:0728/135956.104555:INFO:CONSOLE:442] "%c INFO color: #33f [AgentHost] No token resolved for resource: https://api.github.com/repos", source: vscode-file://vscode-app/Applications/Visual%20Studio%20Code.app/Contents/Resources/app/out/vs/workbench/workbench.desktop.main.js (442)
[34466:0728/135956.109209:INFO:CONSOLE:442] "%c INFO color: #33f [AgentHost] No token resolved for resource: https://api.github.com", source: vscode-file://vscode-app/Applications/Visual%20Studio%20Code.app/Contents/Resources/app/out/vs/workbench/workbench.desktop.main.js (442)
[34466:0728/135956.109460:INFO:CONSOLE:442] "%c INFO color: #33f [AgentHost] No token resolved for resource: https://api.github.com", source: vscode-file://vscode-app/Applications/Visual%20Studio%20Code.app/Contents/Resources/app/out/vs/workbench/workbench.desktop.main.js (442)
[34466:0728/135956.109676:INFO:CONSOLE:442] "%c INFO color: #33f [AgentHost] No token resolved for resource: https://api.github.com", source: vscode-file://vscode-app/Applications/Visual%20Studio%20Code.app/Contents/Resources/app/out/vs/workbench/workbench.desktop.main.js (442)
[34466:0728/135956.109924:INFO:CONSOLE:442] "%c INFO color: #33f [AgentHost] No token resolved for resource: https://api.github.com", source: vscode-file://vscode-app/Applications/Visual%20Studio%20Code.app/Contents/Resources/app/out/vs/workbench/workbench.desktop.main.js (442)
[34466:0728/135956.110148:INFO:CONSOLE:442] "%c INFO color: #33f [AgentHost] No token resolved for resource: https://api.github.com", source: vscode-file://vscode-app/Applications/Visual%20Studio%20Code.app/Contents/Resources/app/out/vs/workbench/workbench.desktop.main.js (442)
[34466:0728/135956.110801:INFO:CONSOLE:442] "%c INFO color: #33f [AgentHost] No token resolved for resource: https://api.github.com", source: vscode-file://vscode-app/Applications/Visual%20Studio%20Code.app/Contents/Resources/app/out/vs/workbench/workbench.desktop.main.js (442)
[34466:0728/135956.111054:INFO:CONSOLE:442] "%c INFO color: #33f [AgentHost] No token resolved for resource: https://api.github.com", source: vscode-file://vscode-app/Applications/Visual%20Studio%20Code.app/Contents/Resources/app/out/vs/workbench/workbench.desktop.main.js (442)
[34466:0728/135956.112742:INFO:CONSOLE:442] "%c INFO color: #33f [AgentHost] No token resolved for resource: https://api.github.com", source: vscode-file://vscode-app/Applications/Visual%20Studio%20Code.app/Contents/Resources/app/out/vs/workbench/workbench.desktop.main.js (442)
[34466:0728/135956.112983:INFO:CONSOLE:442] "%c INFO color: #33f [AgentHost] No token resolved for resource: https://api.github.com", source: vscode-file://vscode-app/Applications/Visual%20Studio%20Code.app/Contents/Resources/app/out/vs/workbench/workbench.desktop.main.js (442)
[34466:0728/135956.133467:INFO:CONSOLE:442] "%c INFO color: #33f [AgentHost] No token resolved for resource: https://api.github.com/repos", source: vscode-file://vscode-app/Applications/Visual%20Studio%20Code.app/Contents/Resources/app/out/vs/workbench/workbench.desktop.main.js (442)
[34466:0728/135956.135010:INFO:CONSOLE:442] "%c INFO color: #33f [AgentHost] No token resolved for resource: https://api.github.com/repos", source: vscode-file://vscode-app/Applications/Visual%20Studio%20Code.app/Contents/Resources/app/out/vs/workbench/workbench.desktop.main.js (442)
[34466:0728/135956.135241:INFO:CONSOLE:442] "%c INFO color: #33f [AgentHost] No token resolved for resource: https://api.github.com/repos", source: vscode-file://vscode-app/Applications/Visual%20Studio%20Code.app/Contents/Resources/app/out/vs/workbench/workbench.desktop.main.js (442)
[34466:0728/135956.135455:INFO:CONSOLE:442] "%c INFO color: #33f [AgentHost] No token resolved for resource: https://api.github.com/repos", source: vscode-file://vscode-app/Applications/Visual%20Studio%20Code.app/Contents/Resources/app/out/vs/workbench/workbench.desktop.main.js (442)
[34466:0728/135956.136220:INFO:CONSOLE:442] "%c INFO color: #33f [AgentHost] No token resolved for resource: https://api.github.com/repos", source: vscode-file://vscode-app/Applications/Visual%20Studio%20Code.app/Contents/Resources/app/out/vs/workbench/workbench.desktop.main.js (442)
[34466:0728/135956.137241:INFO:CONSOLE:442] "%c INFO color: #33f [AgentHost] No token resolved for resource: https://api.github.com/repos", source: vscode-file://vscode-app/Applications/Visual%20Studio%20Code.app/Contents/Resources/app/out/vs/workbench/workbench.desktop.main.js (442)
[34466:0728/135956.137633:INFO:CONSOLE:442] "%c INFO color: #33f [AgentHost] No token resolved for resource: https://api.github.com/repos", source: vscode-file://vscode-app/Applications/Visual%20Studio%20Code.app/Contents/Resources/app/out/vs/workbench/workbench.desktop.main.js (442)
[34466:0728/135956.150287:INFO:CONSOLE:442] "%c INFO color: #33f [AgentHost] No token resolved for resource: https://api.github.com/repos", source: vscode-file://vscode-app/Applications/Visual%20Studio%20Code.app/Contents/Resources/app/out/vs/workbench/workbench.desktop.main.js (442)
[34466:0728/135956.150637:INFO:CONSOLE:442] "%c INFO color: #33f [AgentHost] No token resolved for resource: https://api.github.com/repos", source: vscode-file://vscode-app/Applications/Visual%20Studio%20Code.app/Contents/Resources/app/out/vs/workbench/workbench.desktop.main.js (442)
#### JIT-MPROTECT flip #23552 ranges=1 prot=RX writers=1 exec_waits=7707 late_retries=244
Unknown channel: agentHostClientByokLm
[34466:0728/135956.286010:INFO:CONSOLE:5359] "Extension Host", source: vscode-file://vscode-app/Applications/Visual%20Studio%20Code.app/Contents/Resources/app/out/vs/workbench/workbench.desktop.main.js (5359)
[34466:0728/135956.286168:INFO:CONSOLE:5359] "%c#### JIT-MPROTECT flip #7168 ranges=1 prot=RX writers=1 exec_waits=1146 late_retries=108
 color: red", source: vscode-file://vscode-app/Applications/Visual%20Studio%20Code.app/Contents/Resources/app/out/vs/workbench/workbench.desktop.main.js (5359)
[34466:0728/135956.286477:INFO:CONSOLE:5359] "console.groupEnd", source: vscode-file://vscode-app/Applications/Visual%20Studio%20Code.app/Contents/Resources/app/out/vs/workbench/workbench.desktop.main.js (5359)
[34488:0728/135956.326530:VERBOSE1:net/base/network_delegate.cc:38] NetworkDelegate::NotifyBeforeURLRequest: https://main.vscode-cdn.net/extensions/marketplace.json
#### TRACE -[AGXBuffer initUntracked] self=0x601591800 dev=0x6001d2000 len=6144 opt=0 -> 0x601591800
#### TRACE -[AGXBuffer initUntracked] self=0x601591c80 dev=0x6001d2000 len=6144 opt=0 -> 0x601591c80
#### TRACE -[AGXBuffer initUntracked] self=0x601592e80 dev=0x6001d2000 len=1024 opt=0 -> 0x601592e80
Unknown channel: agentHostClientProxy
[34488:0728/135956.657528:VERBOSE1:net/base/network_delegate.cc:38] NetworkDelegate::NotifyBeforeURLRequest: https://mobile.events.data.microsoft.com/OneCollector/1.0?cors=true&content-type=application/x-json-stream
[91m[main 2026-07-28T20:59:56.727Z][0m [AgentHost:stderr] [CLI subprocess] #### MACWS_HID_BYPASS installed SetMatchingMultiple → no-op (1) at 0x1ad8d5e8c — skips iOS-format CFBinaryPlist parse inside
[CLI subprocess] ####   IOHIDEventSystemClientCacheMatchingServices → IOHIDUnserializeAndVMDealloc → CFPropertyListCreateFromStream
[CLI subprocess] ####   that BUS_ADRALNs in the IOMFBServer thread.
[CLI subprocess] #### MACWS_AGX_RENAMER_PATCH: off (set MACWS_AGX_RENAMER_PATCH=1 to enable)
[CLI subprocess] #### MACWS_ASSERT_BYPASS DISABLED (set MACWS_KEEP_ASSERT_BYPASS=1 to restore lazy bypass) — real __assert_rtn now reaches abort

[91m[main 2026-07-28T20:59:56.728Z][0m [AgentHost:stderr] [CLI subprocess] #### MACWS_AGX_NATIVE [ctor] pre-loaded IOGPU via /System/Library/PrivateFrameworks/IOGPU.framework/IOGPU -> 0x3fa56cc10
[CLI subprocess] #### XPC_BOOTSTRAP: fn=0x1aa48d140 dict=0x1258184c0 (registering Metal/ViewBridge/HIServices)

[91m[main 2026-07-28T20:59:56.729Z][0m [AgentHost:stderr] [CLI subprocess] #### XPC_BOOTSTRAP: called OK
[CLI subprocess] #### COEXIST API SwapEnd hook installed target=0x1b536b1cc trampoline=0x100304000

[91m[main 2026-07-28T20:59:56.734Z][0m [AgentHost:stderr] [CLI subprocess] #### SkyLight PrepareForUse tolerate-nil hook installed at 0x1af74cfc4

[91m[main 2026-07-28T20:59:56.735Z][0m [AgentHost:stderr] [CLI subprocess] #### SkyLight StartCompositeForDisplayStream nil-skip hook installed at 0x1af575d74

[91m[main 2026-07-28T20:59:56.736Z][0m [AgentHost:stderr] [CLI subprocess] #### SkyLight StartComposite(WSCD) tolerate-nil + pop-on-bail hook installed at 0x1af575358

[91m[main 2026-07-28T20:59:56.736Z][0m [AgentHost:stderr] [CLI subprocess] #### SkyLight StartComposite(MTLTex) pop-on-bail hook installed at 0x1af575fb8

[91m[main 2026-07-28T20:59:56.738Z][0m [AgentHost:stderr] [CLI subprocess] #### SkyLight EndCurrentComposite(bool) completion hook installed at 0x1af57453c

[91m[main 2026-07-28T20:59:56.739Z][0m [AgentHost:stderr] [CLI subprocess] #### SkyLight EndUpdate(bool) submission hook installed at 0x1af5740b0

[91m[main 2026-07-28T20:59:56.740Z][0m [AgentHost:stderr] [CLI subprocess] #### SkyLight _state_stack pop_back resolved at 0x1af572fa0

[91m[main 2026-07-28T20:59:56.740Z][0m [AgentHost:stderr] [CLI subprocess] #### SkyLight WSCompositeDestinationCreateWithMetalTexture nil-tolerate hook installed at 0x1af57853c

[91m[main 2026-07-28T20:59:56.741Z][0m [AgentHost:stderr] [CLI subprocess] #### SkyLight MetalContext::StopCapture invalid-this guard installed at 0x1af5741bc

[91m[main 2026-07-28T20:59:56.742Z][0m [AgentHost:stderr] [CLI subprocess] #### MACWS_AGX_NATIVE class_addMethod(MTLTextureDescriptor, validateWithDevice:) = 1
[CLI subprocess] #### MACWS_AGX_NATIVE class_addMethod(IOGPUMetalTexture, isMemoryless) = 1

[91m[main 2026-07-28T20:59:56.742Z][0m [AgentHost:stderr] [CLI subprocess] #### MACWS_AGX_NATIVE class_addMethod(IOGPUMetalTexture, getCPUSizeBytes) = 1
[CLI subprocess] #### MACWS_AGX_NATIVE class_addMethod(IOGPUMetalTexture, getAlignment) = 1
[CLI subprocess] #### MACWS_AGX_NATIVE class_addMethod(IOGPUMetalTexture, descriptorPrivate) = 1
[CLI subprocess] #### MACWS_AGX_NATIVE class_addMethod(IOGPUMetalTexture, getBytesPerRow) = 1
[CLI subprocess] #### MACWS_AGX_NATIVE class_addMethod(IOGPUMetalTexture, updateBindDataWithAddresses:gpuVirtualAddress:) = 1
[CLI subprocess] #### MACWS_AGX_NATIVE class_addMethod(IOGPUMetalTexture, updateBindDataWithAddresses:gpuVirtualAddress:shouldInitMetadata:) = 1
[CLI subprocess] #### MACWS_AGX_NATIVE class_addMethod(IOGPUMetalTexture, allocBufferSubDataWithLength:options:alignment:heapIndex:bufferIndex:bufferOffset:) = 1
[CLI subprocess] #### MACWS_AGX_NATIVE class_addMethod(IOGPUMetalTexture, initNewTextureData:) = 1
[CLI subprocess] #### MACWS_AGX_NATIVE class_addMethod(MTLTextureDescriptor, isMemoryless) = 1
[CLI subprocess] #### MACWS_AGX_NATIVE class_addMethod(MTLTextureDescriptor, protectionOptions) = 1
[CLI subprocess] #### MACWS_AGX_NATIVE class_addMethod(MTLTextureDescriptor, getCPUSizeBytes) = 1
[CLI subprocess] #### MACWS_AGX_NATIVE class_addMethod(MTLTextureDescriptor, getAlignment) = 1

[91m[main 2026-07-28T20:59:56.742Z][0m [AgentHost:stderr] [CLI subprocess] #### MACWS_AGX_NATIVE class_addMethod(MTLTextureDescriptor, descriptorPrivate) = 1
[CLI subprocess] #### MACWS_AGX_NATIVE class_addMethod(MTLTextureDescriptor, getBytesPerRow) = 1
[CLI subprocess] #### MACWS_AGX_NATIVE class_addMethod(MTLTextureDescriptor, updateBindDataWithAddresses:gpuVirtualAddress:) = 1
[CLI subprocess] #### MACWS_AGX_NATIVE class_addMethod(MTLTextureDescriptor, updateBindDataWithAddresses:gpuVirtualAddress:shouldInitMetadata:) = 1
[CLI subprocess] #### MACWS_AGX_NATIVE class_addMethod(MTLTextureDescriptor, allocBufferSubDataWithLength:options:alignment:heapIndex:bufferIndex:bufferOffset:) = 1
[CLI subprocess] #### MACWS_AGX_NATIVE class_addMethod(MTLTextureDescriptor, initNewTextureData:) = 1

[34466:0728/135956.789415:INFO:CONSOLE:442] "%c INFO color: #33f [AccountPolicyGate] apply: state=inactive, reason=undefined, isRestricted=false", source: vscode-file://vscode-app/Applications/Visual%20Studio%20Code.app/Contents/Resources/app/out/vs/workbench/workbench.desktop.main.js (442)
[91m[main 2026-07-28T20:59:56.984Z][0m [AgentHost:stderr] [CLI subprocess] #
[CLI subprocess] # Fatal error
[CLI subprocess] # Oilpan: Out of memory (Oilpan: CagedHeap reservation.)
[CLI subprocess] #
[CLI subprocess] #
[CLI subprocess] #
[CLI subprocess] #FailureMessage Object: 0x16fcb2cf8

[34466:0728/135957.048924:INFO:CONSOLE:1092] "%c[Extension Host] %cGit installation not found. color: blue color: ", source: vscode-file://vscode-app/Applications/Visual%20Studio%20Code.app/Contents/Resources/app/out/vs/workbench/workbench.desktop.main.js (1092)
[34488:0728/135957.227502:VERBOSE1:net/base/network_delegate.cc:38] NetworkDelegate::NotifyBeforeURLRequest: https://marketplace.visualstudio.com/_apis/public/gallery/vscode/github/copilot-chat/latest
[34466:0728/135957.295626:INFO:CONSOLE:5359] "Extension Host", source: vscode-file://vscode-app/Applications/Visual%20Studio%20Code.app/Contents/Resources/app/out/vs/workbench/workbench.desktop.main.js (5359)
[34466:0728/135957.295724:INFO:CONSOLE:5359] "%c#### JIT-MPROTECT flip #8192 ranges=1 prot=RX writers=1 exec_waits=1402 late_retries=116
 color: red", source: vscode-file://vscode-app/Applications/Visual%20Studio%20Code.app/Contents/Resources/app/out/vs/workbench/workbench.desktop.main.js (5359)
[34466:0728/135957.295775:INFO:CONSOLE:5359] "console.groupEnd", source: vscode-file://vscode-app/Applications/Visual%20Studio%20Code.app/Contents/Resources/app/out/vs/workbench/workbench.desktop.main.js (5359)
[34488:0728/135957.768116:VERBOSE1:net/base/network_delegate.cc:38] NetworkDelegate::NotifyBeforeURLRequest: https://marketplace.visualstudio.com/_apis/public/gallery/vscode/github/copilot-chat/latest
#### JIT-MPROTECT flip #24576 ranges=1 prot=RX writers=1 exec_waits=8029 late_retries=252
#### JIT-MPROTECT flip #9216 ranges=1 prot=RX writers=1 exec_waits=2916 late_retries=86
[91m[main 2026-07-28T20:59:59.382Z][0m ProxyResolver#loadSystemCertificates error 206
[34466:0728/135959.390264:INFO:CONSOLE:442] "%c  ERR color: #f33 [Extension Host] (node:34516) [DEP0169] DeprecationWarning: `url.parse()` behavior is not standardized and prone to errors that have security implications. Use the WHATWG URL API instead. CVEs are not issued for `url.parse()` vulnerabilities.
(Use `Code Helper (Plugin) --trace-deprecation ...` to show where the warning was created)", source: vscode-file://vscode-app/Applications/Visual%20Studio%20Code.app/Contents/Resources/app/out/vs/workbench/workbench.desktop.main.js (442)
[34466:0728/135959.390462:INFO:CONSOLE:1092] "%c[Extension Host] %c(node:34516) [DEP0169] DeprecationWarning: `url.parse()` behavior is not standardized and prone to errors that have security implications. Use the WHATWG URL API instead. CVEs are not issued for `url.parse()` vulnerabilities.
(Use `Code Helper (Plugin) --trace-deprecation ...` to show where the warning was created) color: blue color: ", source: vscode-file://vscode-app/Applications/Visual%20Studio%20Code.app/Contents/Resources/app/out/vs/workbench/workbench.desktop.main.js (1092)
[34488:0728/140000.249566:VERBOSE1:net/base/network_delegate.cc:38] NetworkDelegate::NotifyBeforeURLRequest: https://mobile.events.data.microsoft.com/OneCollector/1.0?cors=true&content-type=application/x-json-stream
#### VNC-FINAL candidate #3 tex=0x6009bc580 class=AGXG13GFamilyTexture tex=2048x2048 pf=10 usage=0x7 storage=0 hazard=2 surface=0x600a52f40 2048x2048 bpr=2048
#### MTL_TEX plain DEPTH-STENCIL: pf=253 routing to native AGX path (IOSurface backing is invalid)
#### AGXIOC sel=0x9 type=0 VA-shape detected: args+0x40=0x110904000 (>1GB) → using args+0x48=0x20000 as size, +0x58 0x380888c50 → 0
#### MTL_TEX plain DEPTH-STENCIL native result: 0x6013ba280 class=AGXG13GFamilyTexture
#### APP-INPUT TARGET-REPLY pid=34466 nonce=1 window=16 flags=0x7 frame=(0.0,9.0 1194.0x800.0) sent=28 errno=0
#### APP-INPUT RX pid=34466 bytes=52 kind=6 target=34466
#### APP-INPUT MAIN pid=34466 kind=6 target=34466 thread-main=YES
#### APP-INPUT STATE-BRIDGE installed +[NSEvent pressedMouseButtons]
#### APP-INPUT FOCUS pid=34466 gesture=1 active=YES->YES key=16->16 selected=16
#### APP-INPUT HIT pid=34466 gesture=1 kind=6 window=16 screen=(31.00,691.50) local=(31.00,682.50) content=(31.00,682.50) view=RenderWidgetHostViewCocoa
#### APP-INPUT TAP-COMPLETE pid=34466 gesture=1 window=16 screen=(31.00,691.50) local=(31.00,682.50)
#### APP-INPUT CONTROL-RESULT pid=34466 gesture=1 phase=tap view=RenderWidgetHostViewCocoa enabled=YES has-value=NO before=0.000000 after=0.000000
#### APP-INPUT TARGET-REPLY pid=34466 nonce=2 window=16 flags=0x7 frame=(0.0,9.0 1194.0x800.0) sent=28 errno=0
#### APP-INPUT RX pid=34466 bytes=52 kind=6 target=34466
#### APP-INPUT MAIN pid=34466 kind=6 target=34466 thread-main=YES
#### APP-INPUT FOCUS pid=34466 gesture=2 active=YES->YES key=16->16 selected=16
#### APP-INPUT HIT pid=34466 gesture=2 kind=6 window=16 screen=(31.00,691.50) local=(31.00,682.50) content=(31.00,682.50) view=RenderWidgetHostViewCocoa
#### APP-INPUT TAP-COMPLETE pid=34466 gesture=2 window=16 screen=(31.00,691.50) local=(31.00,682.50)
#### APP-INPUT CONTROL-RESULT pid=34466 gesture=2 phase=tap view=RenderWidgetHostViewCocoa enabled=YES has-value=NO before=0.000000 after=0.000000
#### JIT-MPROTECT flip #25600 ranges=1 prot=RX writers=1 exec_waits=8343 late_retries=256
#### JIT-MPROTECT flip #26624 ranges=1 prot=RX writers=1 exec_waits=8380 late_retries=259
[34466:0728/140007.939265:VERBOSE1:content/browser/renderer_host/render_process_host_impl.cc:4728] Blocked invalid URL
2026-07-28 14:00:07.960 Electron[34466:9113792] *** Terminating app due to uncaught exception 'NSGenericException', reason: 'There are 0 items on the pasteboard, but 1 drag images. There must be 1 draggingItem per pasteboardItem.'
*** First throw call stack:
(
	0   CoreFoundation                      0x00000001aa89f154 __exceptionPreprocess + 176
	1   libobjc.A.dylib                     0x00000001aa3be4d4 objc_exception_throw + 60
	2   CoreFoundation                      0x00000001aa89eff8 +[NSException exceptionWithName:reason:userInfo:] + 0
	3   AppKit                              0x00000001ae4245cc -[NSDraggingSession(NSInternal) _initWithPasteboard:draggingItems:clippingRect:source:] + 208
	4   AppKit                              0x00000001adef2510 -[NSCoreDragManager beginDraggingSessionWithItems:fromWindow:withClipRect:event:source:] + 960
	5   AppKit                              0x00000001ae260f38 -[NSView(NSDrag) beginDraggingSessionWithItems:event:source:] + 180
	6   Electron Framework                  0x0000000111949a78 _Z23_v8_internal_Node_PrintPv + 9835212
	7   Electron Framework                  0x00000001119483d8 _Z23_v8_internal_Node_PrintPv + 9829420
	8   Electron Framework                  0x000000011195e6fc _Z23_v8_internal_Node_PrintPv + 9920336
	9   Electron Framework                  0x00000001117be3c8 _Z23_v8_internal_Node_PrintPv + 8215580
	10  Electron Framework                  0x0000000111791844 _Z23_v8_internal_Node_PrintPv + 8032408
	11  Electron Framework                  0x000000010e4d8c90 _ZN4node11StringBytes11StorageSizeEPN2v87IsolateENS1_5LocalINS1_5ValueEEENS_8encodingE + 44184
	12  Electron Framework                  0x000000010dfa7264 _ZN2v812api_internal19MoveGlobalReferenceEPPmS2_ + 17944
	13  Electron Framework                  0x000000010ddac568 _ZN2v88internal15ThreadIsolation19LookupJitPageLockedEmm + 83020
	14  Electron Framework                  0x000000010f6b2694 _ZNK2v88internal8compiler23CompilationDependencies31FieldTypeDependencyOffTheRecordENS1_6MapRefES3_NS0_13InternalIndexENS1_9ObjectRefE + 618156
	15  Electron Framework                  0x000000010f6b28e0 _ZNK2v88internal8compiler23CompilationDependencies31FieldTypeDependencyOffTheRecordENS1_6MapRefES3_NS0_13InternalIndexENS1_9ObjectRefE + 618744
	16  Electron Framework                  0x000000010d357a34 _ZN2v815MicrotasksScopeC1ENS_5LocalINS_7ContextEEENS0_4TypeE + 6788
	17  Electron Framework                  0x000000010f68bc84 _ZNK2v88internal8compiler23CompilationDependencies31FieldTypeDependencyOffTheRecordENS1_6MapRefES3_NS0_13InternalIndexENS1_9ObjectRefE + 459932
	18  Electron Framework                  0x000000010d2b5b00 _ZN2v86Number3NewEPNS_7IsolateEd + 19272
	19  Electron Framework                  0x000000010f68b8c4 _ZNK2v88internal8compiler23CompilationDependencies31FieldTypeDependencyOffTheRecordENS1_6MapRefES3_NS0_13InternalIndexENS1_9ObjectRefE + 458972
	20  CoreFoundation                      0x00000001aa82663c __CFRUNLOOP_IS_CALLING_OUT_TO_A_SOURCE0_PERFORM_FUNCTION__ + 28
	21  CoreFoundation                      0x00000001aa8265d0 __CFRunLoopDoSource0 + 176
	22  CoreFoundation                      0x00000001aa826340 __CFRunLoopDoSources0 + 244
	23  CoreFoundation                      0x00000001aa824f48 __CFRunLoopRun + 828
	24  CoreFoundation                      0x00000001aa8244b8 CFRunLoopRunSpecific + 612
	25  HIToolbox                           0x00000001b406ec40 RunCurrentEventLoopInMode + 292
	26  HIToolbox                           0x00000001b406ea7c ReceiveNextEventCommon + 648
	27  HIToolbox                           0x00000001b406e7d4 _BlockUntilNextEventMatchingListInModeWithFilter + 76
	28  AppKit                              0x00000001ada45d44 _DPSNextEvent + 636
	29  AppKit                              0x00000001ada44ee0 -[NSApplication(NSEvent) _nextEventMatchingEventMask:untilDate:inMode:dequeue:] + 716
	30  AppKit                              0x00000001ada39344 -[NSApplication run] + 464
	31  Electron Framework                  0x00000001125678bc ares_dns_rr_get_ttl + 3147248
	32  Electron Framework                  0x000000010f68b7a8 _ZNK2v88internal8compiler23CompilationDependencies31FieldTypeDependencyOffTheRecordENS1_6MapRefES3_NS0_13InternalIndexENS1_9ObjectRefE + 458688
	33  Electron Framework                  0x000000010e620170 _ZN5cppgc6subtle30DisallowGarbageCollectionScope26IsGarbageCollectionAllowedERNS_10HeapHandleE + 153544
	34  Electron Framework                  0x000000010e61fb7c _ZN5cppgc6subtle30DisallowGarbageCollectionScope26IsGarbageCollectionAllowedERNS_10HeapHandleE + 152020
	35  Electron Framework                  0x000000010ef50c7c _ZN4node23WorkerThreadsTaskRunner8ShutdownEv + 87772
	36  Electron Framework                  0x000000010ef50650 _ZN4node23WorkerThreadsTaskRunner8ShutdownEv + 86192
	37  Electron Framework                  0x000000010ed5732c logging$internal$cxxbridge1$194$init_rust_logging + 10380
	38  Electron Framework                  0x000000010ee26df0 _ZN2v86Object14HasOwnPropertyENS_5LocalINS_7ContextEEENS1_INS_4NameEEE + 7720
	39  Electron Framework                  0x000000010ecb08e8 ElectronMain + 388
	40  dyld                                0x00000001aa3eff28 start + 2236
)
[launchdchrootexec] target=/Applications/Visual Studio Code.app/Contents/MacOS/Electron arch=arm64 insert=/usr/local/lib/libmachook_arm64.dylib
getppid = 1
#### MACWS_HID_BYPASS installed SetMatchingMultiple → no-op (1) at 0x1ad8d5e8c — skips iOS-format CFBinaryPlist parse inside
####   IOHIDEventSystemClientCacheMatchingServices → IOHIDUnserializeAndVMDealloc → CFPropertyListCreateFromStream
####   that BUS_ADRALNs in the IOMFBServer thread.
#### MACWS_AGX_RENAMER_PATCH: off (set MACWS_AGX_RENAMER_PATCH=1 to enable)
#### MACWS_ASSERT_BYPASS DISABLED (set MACWS_KEEP_ASSERT_BYPASS=1 to restore lazy bypass) — real __assert_rtn now reaches abort
#### MACWS_AGX_NATIVE [ctor] pre-loaded IOGPU via /System/Library/PrivateFrameworks/IOGPU.framework/IOGPU -> 0x3fa56cc10
#### XPC_BOOTSTRAP: fn=0x1aa48d140 dict=0x158106a80 (registering Metal/ViewBridge/HIServices)
#### XPC_BOOTSTRAP: called OK
#### COEXIST API SwapEnd hook installed target=0x1b536b1cc trampoline=0x100f0c000
#### SkyLight PrepareForUse tolerate-nil hook installed at 0x1af74cfc4
#### SkyLight StartCompositeForDisplayStream nil-skip hook installed at 0x1af575d74
#### SkyLight StartComposite(WSCD) tolerate-nil + pop-on-bail hook installed at 0x1af575358
#### SkyLight StartComposite(MTLTex) pop-on-bail hook installed at 0x1af575fb8
#### SkyLight EndCurrentComposite(bool) completion hook installed at 0x1af57453c
#### SkyLight EndUpdate(bool) submission hook installed at 0x1af5740b0
#### SkyLight _state_stack pop_back resolved at 0x1af572fa0
#### SkyLight WSCompositeDestinationCreateWithMetalTexture nil-tolerate hook installed at 0x1af57853c
#### SkyLight MetalContext::StopCapture invalid-this guard installed at 0x1af5741bc
#### MACWS_AGX_NATIVE class_addMethod(MTLTextureDescriptor, validateWithDevice:) = 1
#### MACWS_AGX_NATIVE class_addMethod(IOGPUMetalTexture, isMemoryless) = 1
#### MACWS_AGX_NATIVE class_addMethod(IOGPUMetalTexture, getCPUSizeBytes) = 1
#### MACWS_AGX_NATIVE class_addMethod(IOGPUMetalTexture, getAlignment) = 1
#### MACWS_AGX_NATIVE class_addMethod(IOGPUMetalTexture, descriptorPrivate) = 1
#### MACWS_AGX_NATIVE class_addMethod(IOGPUMetalTexture, getBytesPerRow) = 1
#### MACWS_AGX_NATIVE class_addMethod(IOGPUMetalTexture, updateBindDataWithAddresses:gpuVirtualAddress:) = 1
#### MACWS_AGX_NATIVE class_addMethod(IOGPUMetalTexture, updateBindDataWithAddresses:gpuVirtualAddress:shouldInitMetadata:) = 1
#### MACWS_AGX_NATIVE class_addMethod(IOGPUMetalTexture, allocBufferSubDataWithLength:options:alignment:heapIndex:bufferIndex:bufferOffset:) = 1
#### MACWS_AGX_NATIVE class_addMethod(IOGPUMetalTexture, initNewTextureData:) = 1
#### MACWS_AGX_NATIVE class_addMethod(MTLTextureDescriptor, isMemoryless) = 1
#### MACWS_AGX_NATIVE class_addMethod(MTLTextureDescriptor, protectionOptions) = 1
#### MACWS_AGX_NATIVE class_addMethod(MTLTextureDescriptor, getCPUSizeBytes) = 1
#### MACWS_AGX_NATIVE class_addMethod(MTLTextureDescriptor, getAlignment) = 1
#### MACWS_AGX_NATIVE class_addMethod(MTLTextureDescriptor, descriptorPrivate) = 1
#### MACWS_AGX_NATIVE class_addMethod(MTLTextureDescriptor, getBytesPerRow) = 1
#### MACWS_AGX_NATIVE class_addMethod(MTLTextureDescriptor, updateBindDataWithAddresses:gpuVirtualAddress:) = 1
#### MACWS_AGX_NATIVE class_addMethod(MTLTextureDescriptor, updateBindDataWithAddresses:gpuVirtualAddress:shouldInitMetadata:) = 1
#### MACWS_AGX_NATIVE class_addMethod(MTLTextureDescriptor, allocBufferSubDataWithLength:options:alignment:heapIndex:bufferIndex:bufferOffset:) = 1
#### MACWS_AGX_NATIVE class_addMethod(MTLTextureDescriptor, initNewTextureData:) = 1
#### APP-INPUT KEY-WITNESS installed -[NSApplication sendEvent:] display-settle=0ms (diagnostic scaffold)
#### APP-INPUT READY pid=54340 socket=/private/tmp/macws_app_input.54340.sock abi=3 record=52
#### APP-INPUT THREAD pid=54340 socket=3
#### AMFI-POLICY-COMPAT policy=AMFI op=0x60 status=0x4 (iOS task ports are hard-immovable)
#### CSR-POLICY-COMPAT active_config=0x0 (conservative iOS compatibility value)
[54340:0728/150456.513533:VERBOSE1:components/device_event_log/device_event_log_impl.cc:204] [15:04:56.479] Display: EVENT: screen_mac.mm:465 Displays updated, count: 1
[54340:0728/150456.515460:VERBOSE1:components/device_event_log/device_event_log_impl.cc:204] [15:04:56.515] Display: EVENT: screen_mac.mm:467 Display[1] bounds=[0,0 1194x834], workarea=[0,25 1194x809], scale=2, rotation=0, panel_rotation=0 internal detected
#### JIT-MPROTECT range[0]=[0x280000000,0x290000000) source=MAP_JIT-EINVAL
#### JIT-MPROTECT execution barrier installed (W^X fetch-wait compatibility)
#### JIT-MPROTECT range[0]=[0x280000000,0x290000000) source=MAP_JIT-EINVAL
#### JIT-MPROTECT range[0]=[0x280000000,0x290000000) source=MAP_JIT-EINVAL
#### JIT-MPROTECT range[0]=[0x280000000,0x290000000) source=MAP_JIT-EINVAL
#### JIT-MPROTECT range[0]=[0x280000000,0x290000000) source=MAP_JIT-EINVAL
#### JIT-MPROTECT range[0]=[0x280000000,0x290000000) source=MAP_JIT-EINVAL
#### JIT-MPROTECT range[0]=[0x280000000,0x290000000) source=MAP_JIT-EINVAL
#### JIT-MPROTECT range[0]=[0x280000000,0x290000000) source=MAP_JIT-EINVAL
#### JIT-MPROTECT range[0]=[0x170000000,0x180000000) source=MAP_JIT-EINVAL
#### JIT-MPROTECT call #1 addr=0x170000000 size=0x10000000 requested=0x7 effective=0x3 result=0 errno=0 caller=0x113d3e334 image=/Applications/Visual Studio Code.app/Contents/Frameworks/Electron Framework.framework/Versions/A/Electron Framework offset=0x63b2334
#### JIT-MPROTECT remap decline #1 dst=0x177dc0000 size=0x208000 src=0x110034000 requested=0x5 -> V8 copy fallback
#### JIT-MPROTECT flip #1 ranges=1 prot=RW writers=1 exec_waits=0 late_retries=0
#### JIT-MPROTECT flip #2 ranges=1 prot=RX writers=1 exec_waits=0 late_retries=0
#### JIT-MPROTECT flip #3 ranges=1 prot=RW writers=1 exec_waits=0 late_retries=0
#### JIT-MPROTECT flip #4 ranges=1 prot=RX writers=1 exec_waits=0 late_retries=0
#### JIT-MPROTECT flip #5 ranges=1 prot=RW writers=1 exec_waits=0 late_retries=0
#### JIT-MPROTECT flip #6 ranges=1 prot=RX writers=1 exec_waits=0 late_retries=0
#### JIT-MPROTECT flip #7 ranges=1 prot=RW writers=1 exec_waits=1 late_retries=0
#### JIT-MPROTECT flip #8 ranges=1 prot=RX writers=1 exec_waits=1 late_retries=0
#### JIT-MPROTECT flip #9 ranges=1 prot=RW writers=1 exec_waits=1 late_retries=0
#### JIT-MPROTECT flip #10 ranges=1 prot=RX writers=1 exec_waits=1 late_retries=0
#### JIT-MPROTECT flip #11 ranges=1 prot=RW writers=1 exec_waits=1 late_retries=0
#### JIT-MPROTECT flip #12 ranges=1 prot=RX writers=1 exec_waits=2 late_retries=0
#### JIT-MPROTECT flip #13 ranges=1 prot=RW writers=1 exec_waits=2 late_retries=0
#### JIT-MPROTECT flip #14 ranges=1 prot=RX writers=1 exec_waits=2 late_retries=0
#### JIT-MPROTECT flip #15 ranges=1 prot=RW writers=1 exec_waits=2 late_retries=0
#### JIT-MPROTECT flip #16 ranges=1 prot=RX writers=1 exec_waits=2 late_retries=0
#### JIT-MPROTECT flip #17 ranges=1 prot=RW writers=1 exec_waits=2 late_retries=0
#### JIT-MPROTECT flip #18 ranges=1 prot=RX writers=1 exec_waits=2 late_retries=0
#### JIT-MPROTECT flip #19 ranges=1 prot=RW writers=1 exec_waits=2 late_retries=0
#### JIT-MPROTECT flip #20 ranges=1 prot=RX writers=1 exec_waits=2 late_retries=0
#### JIT-MPROTECT flip #21 ranges=1 prot=RW writers=1 exec_waits=2 late_retries=0
#### JIT-MPROTECT flip #22 ranges=1 prot=RX writers=1 exec_waits=2 late_retries=0
#### JIT-MPROTECT flip #23 ranges=1 prot=RW writers=1 exec_waits=2 late_retries=0
#### JIT-MPROTECT flip #24 ranges=1 prot=RX writers=1 exec_waits=2 late_retries=0
#### JIT-MPROTECT flip #25 ranges=1 prot=RW writers=1 exec_waits=2 late_retries=0
#### JIT-MPROTECT flip #26 ranges=1 prot=RX writers=1 exec_waits=2 late_retries=0
#### JIT-MPROTECT flip #27 ranges=1 prot=RW writers=1 exec_waits=2 late_retries=0
#### JIT-MPROTECT flip #28 ranges=1 prot=RX writers=1 exec_waits=3 late_retries=0
#### JIT-MPROTECT flip #29 ranges=1 prot=RW writers=1 exec_waits=3 late_retries=0
#### JIT-MPROTECT flip #30 ranges=1 prot=RX writers=1 exec_waits=3 late_retries=0
#### JIT-MPROTECT flip #31 ranges=1 prot=RW writers=1 exec_waits=3 late_retries=0
#### JIT-MPROTECT flip #32 ranges=1 prot=RX writers=1 exec_waits=4 late_retries=0
#### JIT-MPROTECT flip #1024 ranges=1 prot=RX writers=1 exec_waits=308 late_retries=6
#### MACWS_HID_BYPASS installed SetMatchingMultiple → no-op (1) at 0x1ad8d5e8c — skips iOS-format CFBinaryPlist parse inside
####   IOHIDEventSystemClientCacheMatchingServices → IOHIDUnserializeAndVMDealloc → CFPropertyListCreateFromStream
####   that BUS_ADRALNs in the IOMFBServer thread.
#### MACWS_AGX_RENAMER_PATCH: off (set MACWS_AGX_RENAMER_PATCH=1 to enable)
#### MACWS_ASSERT_BYPASS DISABLED (set MACWS_KEEP_ASSERT_BYPASS=1 to restore lazy bypass) — real __assert_rtn now reaches abort
#### MACWS_AGX_NATIVE [ctor] pre-loaded IOGPU via /System/Library/PrivateFrameworks/IOGPU.framework/IOGPU -> 0x3fa56cc10
#### XPC_BOOTSTRAP: fn=0x1aa48d140 dict=0x1310113c0 (registering Metal/ViewBridge/HIServices)
#### XPC_BOOTSTRAP: called OK
#### COEXIST API SwapEnd hook installed target=0x1b536b1cc trampoline=0x104c98000
#### SkyLight PrepareForUse tolerate-nil hook installed at 0x1af74cfc4
#### SkyLight StartCompositeForDisplayStream nil-skip hook installed at 0x1af575d74
#### SkyLight StartComposite(WSCD) tolerate-nil + pop-on-bail hook installed at 0x1af575358
#### SkyLight StartComposite(MTLTex) pop-on-bail hook installed at 0x1af575fb8
#### SkyLight EndCurrentComposite(bool) completion hook installed at 0x1af57453c
#### SkyLight EndUpdate(bool) submission hook installed at 0x1af5740b0
#### SkyLight _state_stack pop_back resolved at 0x1af572fa0
#### SkyLight WSCompositeDestinationCreateWithMetalTexture nil-tolerate hook installed at 0x1af57853c
#### SkyLight MetalContext::StopCapture invalid-this guard installed at 0x1af5741bc
#### MACWS_AGX_NATIVE class_addMethod(MTLTextureDescriptor, validateWithDevice:) = 1
#### MACWS_AGX_NATIVE class_addMethod(IOGPUMetalTexture, isMemoryless) = 1
#### MACWS_AGX_NATIVE class_addMethod(IOGPUMetalTexture, getCPUSizeBytes) = 1
#### MACWS_AGX_NATIVE class_addMethod(IOGPUMetalTexture, getAlignment) = 1
#### MACWS_AGX_NATIVE class_addMethod(IOGPUMetalTexture, descriptorPrivate) = 1
#### MACWS_AGX_NATIVE class_addMethod(IOGPUMetalTexture, getBytesPerRow) = 1
#### MACWS_AGX_NATIVE class_addMethod(IOGPUMetalTexture, updateBindDataWithAddresses:gpuVirtualAddress:) = 1
#### MACWS_AGX_NATIVE class_addMethod(IOGPUMetalTexture, updateBindDataWithAddresses:gpuVirtualAddress:shouldInitMetadata:) = 1
#### MACWS_AGX_NATIVE class_addMethod(IOGPUMetalTexture, allocBufferSubDataWithLength:options:alignment:heapIndex:bufferIndex:bufferOffset:) = 1
#### MACWS_AGX_NATIVE class_addMethod(IOGPUMetalTexture, initNewTextureData:) = 1
#### MACWS_AGX_NATIVE class_addMethod(MTLTextureDescriptor, isMemoryless) = 1
#### MACWS_AGX_NATIVE class_addMethod(MTLTextureDescriptor, protectionOptions) = 1
#### MACWS_AGX_NATIVE class_addMethod(MTLTextureDescriptor, getCPUSizeBytes) = 1
#### MACWS_AGX_NATIVE class_addMethod(MTLTextureDescriptor, getAlignment) = 1
#### MACWS_AGX_NATIVE class_addMethod(MTLTextureDescriptor, descriptorPrivate) = 1
#### MACWS_AGX_NATIVE class_addMethod(MTLTextureDescriptor, getBytesPerRow) = 1
#### MACWS_AGX_NATIVE class_addMethod(MTLTextureDescriptor, updateBindDataWithAddresses:gpuVirtualAddress:) = 1
#### MACWS_AGX_NATIVE class_addMethod(MTLTextureDescriptor, updateBindDataWithAddresses:gpuVirtualAddress:shouldInitMetadata:) = 1
#### MACWS_AGX_NATIVE class_addMethod(MTLTextureDescriptor, allocBufferSubDataWithLength:options:alignment:heapIndex:bufferIndex:bufferOffset:) = 1
#### MACWS_AGX_NATIVE class_addMethod(MTLTextureDescriptor, initNewTextureData:) = 1
#### APP-INPUT KEY-WITNESS installed -[NSApplication sendEvent:] display-settle=0ms (diagnostic scaffold)
#### APP-INPUT READY pid=54377 socket=/private/tmp/macws_app_input.54377.sock abi=3 record=52
#### APP-INPUT THREAD pid=54377 socket=3
[54340:0728/150457.059580:ERROR:third_party/crashpad/crashpad/util/file/file_io.cc:103] ReadExactly: expected 8, observed 0
[54340:0728/150457.089726:VERBOSE1:components/proxy_config/pref_proxy_config_tracker_impl.cc:462] 0x6004c2700: set chrome proxy config service to 0x6004b1a40

DevTools listening on ws://127.0.0.1:9222/devtools/browser/639214e9-3b23-4bed-8bf4-b101e47fcec2
[54340:0728/150457.115758:VERBOSE1:content/browser/first_party_sets/first_party_sets_handler_impl_instance.cc:270] Empty path. Failed initializing First-Party Sets database.
#### MACWS_HID_BYPASS installed SetMatchingMultiple → no-op (1) at 0x1ad8d5e8c — skips iOS-format CFBinaryPlist parse inside
####   IOHIDEventSystemClientCacheMatchingServices → IOHIDUnserializeAndVMDealloc → CFPropertyListCreateFromStream
####   that BUS_ADRALNs in the IOMFBServer thread.
#### MACWS_AGX_RENAMER_PATCH: off (set MACWS_AGX_RENAMER_PATCH=1 to enable)
#### MACWS_ASSERT_BYPASS DISABLED (set MACWS_KEEP_ASSERT_BYPASS=1 to restore lazy bypass) — real __assert_rtn now reaches abort
#### MACWS_AGX_NATIVE [ctor] pre-loaded IOGPU via /System/Library/PrivateFrameworks/IOGPU.framework/IOGPU -> 0x3fa56cc10
#### XPC_BOOTSTRAP: fn=0x1aa48d140 dict=0x14ae15d50 (registering Metal/ViewBridge/HIServices)
#### XPC_BOOTSTRAP: called OK
#### COEXIST API SwapEnd hook installed target=0x1b536b1cc trampoline=0x100490000
#### SkyLight PrepareForUse tolerate-nil hook installed at 0x1af74cfc4
#### SkyLight StartCompositeForDisplayStream nil-skip hook installed at 0x1af575d74
#### SkyLight StartComposite(WSCD) tolerate-nil + pop-on-bail hook installed at 0x1af575358
#### SkyLight StartComposite(MTLTex) pop-on-bail hook installed at 0x1af575fb8
#### SkyLight EndCurrentComposite(bool) completion hook installed at 0x1af57453c
#### SkyLight EndUpdate(bool) submission hook installed at 0x1af5740b0
#### SkyLight _state_stack pop_back resolved at 0x1af572fa0
#### MACWS_HID_BYPASS installed SetMatchingMultiple → no-op (1) at 0x1ad8d5e8c — skips iOS-format CFBinaryPlist parse inside
####   IOHIDEventSystemClientCacheMatchingServices → IOHIDUnserializeAndVMDealloc → CFPropertyListCreateFromStream
####   that BUS_ADRALNs in the IOMFBServer thread.
#### MACWS_AGX_RENAMER_PATCH: off (set MACWS_AGX_RENAMER_PATCH=1 to enable)
#### MACWS_ASSERT_BYPASS DISABLED (set MACWS_KEEP_ASSERT_BYPASS=1 to restore lazy bypass) — real __assert_rtn now reaches abort
#### SkyLight WSCompositeDestinationCreateWithMetalTexture nil-tolerate hook installed at 0x1af57853c
#### MACWS_AGX_NATIVE [ctor] pre-loaded IOGPU via /System/Library/PrivateFrameworks/IOGPU.framework/IOGPU -> 0x3fa56cc10
#### XPC_BOOTSTRAP: fn=0x1aa48d140 dict=0x147809b50 (registering Metal/ViewBridge/HIServices)
#### XPC_BOOTSTRAP: called OK
#### SkyLight MetalContext::StopCapture invalid-this guard installed at 0x1af5741bc
#### COEXIST API SwapEnd hook installed target=0x1b536b1cc trampoline=0x100474000
#### MACWS_AGX_NATIVE class_addMethod(MTLTextureDescriptor, validateWithDevice:) = 1
#### MACWS_AGX_NATIVE class_addMethod(IOGPUMetalTexture, isMemoryless) = 1
#### MACWS_AGX_NATIVE class_addMethod(IOGPUMetalTexture, getCPUSizeBytes) = 1
#### MACWS_AGX_NATIVE class_addMethod(IOGPUMetalTexture, getAlignment) = 1
#### MACWS_AGX_NATIVE class_addMethod(IOGPUMetalTexture, descriptorPrivate) = 1
#### MACWS_AGX_NATIVE class_addMethod(IOGPUMetalTexture, getBytesPerRow) = 1
#### MACWS_AGX_NATIVE class_addMethod(IOGPUMetalTexture, updateBindDataWithAddresses:gpuVirtualAddress:) = 1
#### MACWS_AGX_NATIVE class_addMethod(IOGPUMetalTexture, updateBindDataWithAddresses:gpuVirtualAddress:shouldInitMetadata:) = 1
#### MACWS_AGX_NATIVE class_addMethod(IOGPUMetalTexture, allocBufferSubDataWithLength:options:alignment:heapIndex:bufferIndex:bufferOffset:) = 1
#### MACWS_AGX_NATIVE class_addMethod(IOGPUMetalTexture, initNewTextureData:) = 1
#### MACWS_AGX_NATIVE class_addMethod(MTLTextureDescriptor, isMemoryless) = 1
#### MACWS_AGX_NATIVE class_addMethod(MTLTextureDescriptor, protectionOptions) = 1
#### MACWS_AGX_NATIVE class_addMethod(MTLTextureDescriptor, getCPUSizeBytes) = 1
#### MACWS_AGX_NATIVE class_addMethod(MTLTextureDescriptor, getAlignment) = 1
#### MACWS_AGX_NATIVE class_addMethod(MTLTextureDescriptor, descriptorPrivate) = 1
#### MACWS_AGX_NATIVE class_addMethod(MTLTextureDescriptor, getBytesPerRow) = 1
#### MACWS_AGX_NATIVE class_addMethod(MTLTextureDescriptor, updateBindDataWithAddresses:gpuVirtualAddress:) = 1
#### MACWS_AGX_NATIVE class_addMethod(MTLTextureDescriptor, updateBindDataWithAddresses:gpuVirtualAddress:shouldInitMetadata:) = 1
#### MACWS_AGX_NATIVE class_addMethod(MTLTextureDescriptor, allocBufferSubDataWithLength:options:alignment:heapIndex:bufferIndex:bufferOffset:) = 1
#### MACWS_AGX_NATIVE class_addMethod(MTLTextureDescriptor, initNewTextureData:) = 1
#### SkyLight PrepareForUse tolerate-nil hook installed at 0x1af74cfc4
#### SkyLight StartCompositeForDisplayStream nil-skip hook installed at 0x1af575d74
#### SkyLight StartComposite(WSCD) tolerate-nil + pop-on-bail hook installed at 0x1af575358
#### SkyLight StartComposite(MTLTex) pop-on-bail hook installed at 0x1af575fb8
#### SkyLight EndCurrentComposite(bool) completion hook installed at 0x1af57453c
#### SkyLight EndUpdate(bool) submission hook installed at 0x1af5740b0
#### SkyLight _state_stack pop_back resolved at 0x1af572fa0
#### SkyLight WSCompositeDestinationCreateWithMetalTexture nil-tolerate hook installed at 0x1af57853c
#### SkyLight MetalContext::StopCapture invalid-this guard installed at 0x1af5741bc
#### MACWS_AGX_NATIVE class_addMethod(MTLTextureDescriptor, validateWithDevice:) = 1
#### MACWS_AGX_NATIVE class_addMethod(IOGPUMetalTexture, isMemoryless) = 1
#### MACWS_AGX_NATIVE class_addMethod(IOGPUMetalTexture, getCPUSizeBytes) = 1
#### MACWS_AGX_NATIVE class_addMethod(IOGPUMetalTexture, getAlignment) = 1
#### MACWS_AGX_NATIVE class_addMethod(IOGPUMetalTexture, descriptorPrivate) = 1
#### MACWS_AGX_NATIVE class_addMethod(IOGPUMetalTexture, getBytesPerRow) = 1
#### MACWS_AGX_NATIVE class_addMethod(IOGPUMetalTexture, updateBindDataWithAddresses:gpuVirtualAddress:) = 1
#### MACWS_AGX_NATIVE class_addMethod(IOGPUMetalTexture, updateBindDataWithAddresses:gpuVirtualAddress:shouldInitMetadata:) = 1
#### MACWS_AGX_NATIVE class_addMethod(IOGPUMetalTexture, allocBufferSubDataWithLength:options:alignment:heapIndex:bufferIndex:bufferOffset:) = 1
#### MACWS_AGX_NATIVE class_addMethod(IOGPUMetalTexture, initNewTextureData:) = 1
#### MACWS_AGX_NATIVE class_addMethod(MTLTextureDescriptor, isMemoryless) = 1
#### MACWS_AGX_NATIVE class_addMethod(MTLTextureDescriptor, protectionOptions) = 1
#### MACWS_AGX_NATIVE class_addMethod(MTLTextureDescriptor, getCPUSizeBytes) = 1
#### MACWS_AGX_NATIVE class_addMethod(MTLTextureDescriptor, getAlignment) = 1
#### MACWS_AGX_NATIVE class_addMethod(MTLTextureDescriptor, descriptorPrivate) = 1
#### MACWS_AGX_NATIVE class_addMethod(MTLTextureDescriptor, getBytesPerRow) = 1
#### MACWS_AGX_NATIVE class_addMethod(MTLTextureDescriptor, updateBindDataWithAddresses:gpuVirtualAddress:) = 1
#### MACWS_AGX_NATIVE class_addMethod(MTLTextureDescriptor, updateBindDataWithAddresses:gpuVirtualAddress:shouldInitMetadata:) = 1
#### MACWS_AGX_NATIVE class_addMethod(MTLTextureDescriptor, allocBufferSubDataWithLength:options:alignment:heapIndex:bufferIndex:bufferOffset:) = 1
#### MACWS_AGX_NATIVE class_addMethod(MTLTextureDescriptor, initNewTextureData:) = 1
2026-07-28 15:04:57.485 Electron[54340:9239132] id createVolumeObserverSubsystem(NSWorkspaceNotificationCenter *): Failed to create volume observer.
2026-07-28 15:04:57.485 Electron[54340:9239132] id createVolumeObserverSubsystem(NSWorkspaceNotificationCenter *): Failed to create volume observer.
2026-07-28 15:04:57.486 Electron[54340:9239132] id createVolumeObserverSubsystem(NSWorkspaceNotificationCenter *): Failed to create volume observer.
#### AMFI-POLICY-COMPAT policy=AMFI op=0x60 status=0x4 (iOS task ports are hard-immovable)
#### CSR-POLICY-COMPAT active_config=0x0 (conservative iOS compatibility value)
#### AMFI-POLICY-COMPAT policy=AMFI op=0x60 status=0x4 (iOS task ports are hard-immovable)
#### CSR-POLICY-COMPAT active_config=0x0 (conservative iOS compatibility value)
2026-07-28 15:04:57.583 Electron[54340:9239132] XType: Using static font registry.
[54380:0728/150457.582363:ERROR:base/process/process_mac.cc:53] task_policy_set TASK_CATEGORY_POLICY: (os/kern) invalid argument (4)
[54379:0728/150457.582582:ERROR:base/process/process_mac.cc:53] task_policy_set TASK_CATEGORY_POLICY: (os/kern) invalid argument (4)
#### tile-encoder forwards: class MTLSimRenderCommandEncoder NOT found
#### IOGPU-CALLBACK-DIAG installed queueClass=0x2059308d0 method=0x0 orig=0x0 bufferClass=0x205930830 method=0x1c74a79a5 orig=0x1c748abe8 errorMethod=0x1b3ce3e01 errorOrig=0x1b3bb5dcc (file-gated)
#### NSXPCSharedListener class=0x205cabbd8
#### NSXPCSharedListener endpointForReply swizzle installed
#### NSXPCSharedListener connectToService swizzle installed
#### NSXPCSharedListener connectToService intercepted (graceful fail)
[54340:0728/150457.794824:WARNING:content/browser/child_process_task_port_provider_mac.cc:53] AppleMobileFileIntegrity is disabled. The browser will not collect child process task ports.
[54340:0728/150457.800694:ERROR:net/cert/internal/trust_store_mac.cc:489] SecKeychainAddCallback failed: Error Domain=NSOSStatusErrorDomain Code=-50 "paramErr: error in user parameter list" (-50)
[54340:0728/150457.800892:ERROR:net/cert/internal/trust_store_mac.cc:489] SecKeychainAddCallback failed: Error Domain=NSOSStatusErrorDomain Code=-50 "paramErr: error in user parameter list" (-50)
#### MACWS_AGX_NATIVE pre-loaded IOGPU via /System/Library/PrivateFrameworks/IOGPU.framework/IOGPU -> 0x3fa56cc10
#### MACWS_AGX_NATIVE dlsym(IOGPUResourceCreate) = 0x1c749e0a0
#### MACWS_AGX_NATIVE dlsym(IOGPUMetalCommonResourceCreate) = 0x0
#### MACWS_AGX_NATIVE dlsym(IOGPUDeviceCreateWithAPIProperty) = 0x1c749c0fc
#### MACWS_AGX_NATIVE dlsym(_IOGPUMetalAllocateResource) = 0x0
#### MACWS_AGX_NATIVE dlsym(IOGPUMetalAllocateResource) = 0x0
#### AGX_CLASSREF_DIAG newTexture iosurface alloc class @0x244bf1298 = 0x24719a5f0 name=AGXG13GFamilyTexture
#### AGX_CLASSREF_DIAG initImpl method m=0x20fda93ad imp=0x20fd92284 expected stub=0x20fda2880 real=0x20fd92284 WHICH=AGXG13GFamilyTexture-real
#### MACWS_AGX_OBJC_AUTDA_PATCH msgSendSuper2=0x1aa3ade00 code=0x1aa3ade00 autda@0x1aa3ade10 insn=0xdac11a30
####   PATCHED autda x16,x17 → xpacd x16 (0xdac11a30 → 0xdac147f0)
#### MACWS_AGX_SEL_DIAG super-init SEL static=0x1cffc6f26 slid=0x1fa30ef26 readable=1
####   bytes="initWithDevice:descriptor:iosurface:plane:field:args:argsSize:"
####   sel_registerName(...) = 0x1fa30ef26 name="initWithDevice:descriptor:iosurface:plane:field:args:argsSize:"
####   objc_getClass(IOGPUMetalTexture) = 0x205930fb0
####   IOGPUMetalTexture method count = 71
####     - initNewTextureData:
####     - updateBindDataWithAddresses:gpuVirtualAddress:shouldInitMetadata:
####     - initWithBuffer:descriptor:offset:bytesPerRow:
####     - initWithBuffer:descriptor:sysMemOffset:sysMemRowBytes:vidMemSize:vidMemRowBytes:args:argsSize:
####     - initWithBuffer:descriptor:sysMemOffset:sysMemRowBytes:vidMemSize:vidMemRowBytes:args:argsSize:isStrideTexture:
####     - initWithDevice:descriptor:iosurface:plane:field:args:argsSize:
####     - initWithDevice:descriptor:sysMemSize:sysMemRowBytes:vidMemSize:vidMemRowBytes:args:argsSize:
####     - initWithDevice:remoteStorageTexture:args:argsSize:
####     - initWithHeap:resource:offset:length:device:descriptor:
####     - initWithTexture:pixelFormat:
####     - initWithTexture:pixelFormat:textureType:levels:slices:
####     - initWithTexture:pixelFormat:textureType:levels:slices:swizzle:
####     - initWithTextureInternal:pixelFormat:textureType:levels:slices:swizzle:compressedView:
####     - initWithPrimaryBuffer:heapIndex:bufferIndex:bufferOffset:length:descriptor:sysMemRowBytes:vidMemSize:vidMemRowBytes:args:argsSize:
####   AGXTexture super class = 0x0 ((nil))
####   super responds to "initWithDevice:desc:iosurface:plane:" = 0 (Method=0x0)
####   super responds to "initWithDevice:descriptor:iosurface:plane:" = 0 (Method=0x0)
####   super responds to "initWithDevice:descriptor:iosurface:plane:field:args:argsSize:" = 0 (Method=0x0)
####   super responds to "initImplWithDevice:Descriptor:iosurface:plane:buffer:bytesPerRow:allowNPOT:sparsePageSize:isCompressedIOSurface:isHeapBacked:" = 0 (Method=0x0)
#### MACWS_AGX_STUB_FIX objc_msgSendSuper2
####   stub@0x20fda5fc0 insns=[d01cf7f1 9132a231 f9400230 d71f0a11]
####   slot@0x249ca3ca8 value=0x1aa3ade00 sym=objc_msgSendSuper2 base=0x1aa3a4000 path=/usr/lib/libobjc.A.dylib
####   PATCHED → br 0x1aa3ade00 (movz/movk/movk/br)
####   new=[d29bc010 f2b54750 f2c00030 d61f0200]
#### MACWS_AGX_NATIVE objc_getClass(AGXBuffer) = 0x0
#### MACWS_AGX_NATIVE __objc_classlist: 52 entries
####   classlist[0] = 0x24719a6b8 name=AGXBuffer registered=0x0
####   classlist[1] = 0x24719a2f8 name=AGXG13GFamilyBinaryArchive registered=0x0
####   classlist[2] = 0x24719a168 name=AGXG13GFamilyBlitContext registered=0x0
####   classlist[3] = 0x2471997e0 name=AGXG13GFamilyResourceStateContext registered=0x0
####   classlist[4] = 0x247199fd8 name=AGXG13GFamilyBuffer registered=0x0
####   classlist[5] = 0x247199830 name=AGXG13GFamilyCommandBuffer registered=0x0
#### MACWS_AGX_NATIVE objc_duplicateClass=0x1aa3d3cb8
#### MACWS_AGX_NATIVE imageinfo=0x241904a58 sz=8
Warning: 'remote-debugging-port' is not in the list of known options, but still passed to Electron/Chromium.
Warning: 'remote-allow-origins' is not in the list of known options, but still passed to Electron/Chromium.
Warning: 'use-angle' is not in the list of known options, but still passed to Electron/Chromium.
Warning: 'ignore-gpu-blocklist' is not in the list of known options, but still passed to Electron/Chromium.
Warning: 'disable-features' is not in the list of known options, but still passed to Electron/Chromium.
Warning: 'enable-logging' is not in the list of known options, but still passed to Electron/Chromium.
[54340:0728/150457.899862:VERBOSE1:components/proxy_config/pref_proxy_config_tracker_impl.cc:462] 0x601e34780: set chrome proxy config service to 0x6004b40c0
[54340:0728/150457.901818:VERBOSE1:components/device_event_log/device_event_log_impl.cc:204] [15:04:57.901] Bluetooth: EVENT: bluetooth_api.cc:82 BluetoothAPI: 0x6000b7220
#### PREREGISTER image[627] AGXMetal13_3: 52/52 realized
#### PREREGISTER image[628] GPURawCounter: 6/6 realized
#### MACWS_AGX_NATIVE register pass 0: 0 new (total 58)
#### MACWS_AGX_NATIVE realized 58/52 classes
#### MACWS_AGX_NATIVE AGXBuffer after register: 0x24719a6b8
#### MACWS_AGX_NATIVE [AGXBuffer alloc] = 0x600211680
[54340:0728/150457.904776:VERBOSE1:base/files/file_util_posix.cc:309] Cannot stat "/tmp/macws-vscode-profile-agx-native-targetfix12/Code Cache/pc": No such file or directory (2)
[54340:0728/150457.904825:VERBOSE1:base/files/file_util_posix.cc:309] Cannot stat "/tmp/macws-vscode-profile-agx-native-targetfix12/databases": No such file or directory (2)
#### MACWS_AGX_NATIVE swizzled initUntrackedInternalBufferWithDevice:length:options:
#### MACWS_AGX_NATIVE swizzled initWithDevice:length:alignment:options:isSuballocDisabled:resourceInArgs:pinnedGPULocation:
#### MACWS_AGX_NATIVE tracing -[AGXBuffer initWithDevice:options:args:argsSize:] (nil preserved)
#### LIBOBJC dlsym(objc_constructInstance) = 0x1aa3bac08
#### LIBOBJC dlsym(_dyld_objc_notify_register) = 0x1aa74f480
#### LIBOBJC dlsym(_dyld_objc_register_callbacks) = 0x1aa751abc
#### LIBOBJC dlsym(objc_readClassPair) = 0x1aa3c0bdc
#### LIBOBJC dlsym(objc_registerClassPair) = 0x1aa3b1a3c
#### LIBOBJC dlsym(_objc_realizeClassFromSwift) = 0x1aa3c0d34
#### LIBOBJC dlsym(objc_addLoadImageFunc) = 0x1aa3c07c8
#### LIBOBJC dlsym(_objc_init) = 0x1aa3a6004
#### CLASS_DETAIL [0] 0x24719a6b8 name=AGXBuffer super=0x2059307e0 (IOGPUMetalBuffer) meta=0
#### CLASS_DETAIL [1] 0x24719a2f8 name=AGXG13GFamilyBinaryArchive super=0x205cc73b8 (_MTLBinaryArchive) meta=0
#### CLASS_DETAIL [2] 0x24719a168 name=AGXG13GFamilyBlitContext super=0x2059307b8 (IOGPUMetalBlitCommandEncoder) meta=0
#### CLASS_DETAIL [3] 0x2471997e0 name=AGXG13GFamilyResourceStateContext super=0x205930f88 (IOGPUMetalResourceStateCommandEncoder) meta=0
#### CLASS_DETAIL [4] 0x247199fd8 name=AGXG13GFamilyBuffer super=0x24719a6b8 (AGXBuffer) meta=0
#### CLASS_DETAIL [5] 0x247199830 name=AGXG13GFamilyCommandBuffer super=0x205930830 (IOGPUMetalCommandBuffer) meta=0
#### CLASS_DETAIL [6] 0x24719a208 name=AGXG13GFamilyCommandQueue super=0x2059308d0 (IOGPUMetalCommandQueue) meta=0
#### CLASS_DETAIL [7] 0x24719a118 name=AGXG13GFamilyComputePipeline super=0x205cc5d88 (_MTLComputePipelineState) meta=0
#### CLASS_DETAIL [8] 0x24719a0c8 name=AGXG13GFamilyDeadlineProfile super=0x205742e70 (NSObject) meta=0
#### CLASS_DETAIL [9] 0x2471998d0 name=AGXG13GFamilyDebugContext super=0x205930970 (IOGPUMetalDebugCommandEncoder) meta=0
#### CLASS_DETAIL [10] 0x24719a000 name=AGXG13GFamilyDepthStencilState super=0x205cc5db0 (_MTLDepthStencilState) meta=0
#### CLASS_DETAIL [11] 0x24719a2d0 name=AGXG13GFamilyDynamicLibrary super=0x205cc7db8 (_MTLDynamicLibrary) meta=0
#### CLASS_DETAIL [12] 0x24719a1b8 name=AGXG13GFamilyComputeContext super=0x205930948 (IOGPUMetalComputeCommandEncoder) meta=0
#### CLASS_DETAIL [13] 0x247199e70 name=AGXG13GFamilyFunctionHandle super=0x205cc79a8 (_MTLFunctionHandle) meta=0
#### CLASS_DETAIL [14] 0x24719a2a8 name=AGXG13GFamilyHeap super=0x205930bf0 (IOGPUMetalHeap) meta=0
#### CLASS_DETAIL [15] 0x24719a280 name=AGXG13GFamilySparseHeap super=0x205cc8e48 (_MTLHeap) meta=0
#### MACWS_AGX_NATIVE __objc_classrefs: 105 entries, 0 null
####   class AGXBuffer = 0x24719a6b8
####   class AGXCommandQueue = 0x0
####   class AGXCommandBuffer = 0x0
####   class AGXMetalCommandQueue = 0x0
####   class AGXMetalCommandBuffer = 0x0
####   class AGXMetalBuffer = 0x0
####   class AGXMetalTexture = 0x0
####   class AGXMetalHeap = 0x0
####   class AGXMetalResource = 0x0
####   class AGXMetalDevice = 0x0
####   class AGXMetalFence = 0x0
####   class AGXTexture = 0x24719a708
####   class IOGPUMetalBuffer = 0x2059307e0
####   class IOGPUMetalCommandBuffer = 0x205930830
####   class IOGPUMetalCommandQueue = 0x2059308d0
####   class IOGPUMetalDevice = 0x2059309c0
####   class IOGPUMetalHeap = 0x205930bf0
####   class IOGPUMetalResource = 0x205930ec0
####   class IOGPUMetalTexture = 0x205930fb0
####   class IOGPUMetalFence = 0x205930b50
####   class IOGPUMTLLateEvalEvent = 0x205de3c70
#### CLASSREF [0] @0x244bf1250 -> 0x205cc5428 name=MTLCompiler
#### CLASSREF [1] @0x244bf1258 -> 0x2057616e0 name=NSDictionary
#### CLASSREF [2] @0x244bf1260 -> 0x205768348 name=NSError
#### CLASSREF [3] @0x244bf1268 -> 0x24719a4b0 name=AGXG13GFamilyComputeOrFragmentOrTileProgram
#### CLASSREF [4] @0x244bf1270 -> 0x24719a4d8 name=AGXG13GFamilyFragmentProgram
#### CLASSREF [5] @0x244bf1278 -> 0x24719a550 name=AGXG13GFamilyVertexProgram
#### CLASSREF [6] @0x244bf1280 -> 0x205761848 name=NSMutableDictionary
#### CLASSREF [7] @0x244bf1288 -> 0x24719a5a0 name=AGXG13GFamilyTileProgram
#### CLASSREF [8] @0x244bf1290 -> 0x24719a578 name=AGXG13GFamilyComputeProgram
#### CLASSREF [9] @0x244bf1298 -> 0x24719a5f0 name=AGXG13GFamilyTexture
#### CLASSREF [10] @0x244bf12a0 -> 0x205cc5bd0 name=MTLTextureDescriptor
#### CLASSREF [11] @0x244bf12a8 -> 0x24719a168 name=AGXG13GFamilyBlitContext
#### CLASSREF [12] @0x244bf12b0 -> 0x2471997e0 name=AGXG13GFamilyResourceStateContext
#### CLASSREF [13] @0x244bf12b8 -> 0x247199d58 name=AGXG13GFamilyRayTracingGPUBuilder
#### CLASSREF [14] @0x244bf12c0 -> 0x24719a190 name=AGXG13GFamilyRenderContext
#### CLASSREF [15] @0x244bf12c8 -> 0x24719a1b8 name=AGXG13GFamilyComputeContext
#### CLASSREF [16] @0x244bf12d0 -> 0x24719a1e0 name=AGXG13GFamilyThreadedRenderPass
#### CLASSREF [17] @0x244bf12d8 -> 0x247199dd0 name=AGXG13GFamilySampledRenderContext
#### CLASSREF [18] @0x244bf12e0 -> 0x247199e98 name=AGXG13GFamilySampledComputeContext
#### CLASSREF [19] @0x244bf12e8 -> 0x205761668 name=NSData
#### CLASSREF [20] @0x244bf12f0 -> 0x247199830 name=AGXG13GFamilyCommandBuffer
#### CLASSREF [21] @0x244bf12f8 -> 0x205cc81c8 name=_MTLProgramAddressTableMappedBinary
#### CLASSREF [22] @0x244bf1300 -> 0x205cc8178 name=_MTLPipelineStateBinary
#### CLASSREF [23] @0x244bf1308 -> 0x2057615a0 name=NSArray
#### MACWS_GOT AGXMetal13_3: symtab=8331 syms, strtab=461166853 bytes, indirect=555 entries
####   sect[0] __DATA_CONST,__got type=0 entries=97 indirect_start=228 auth=0
####   bind[1] _MTLCommonCounterSetTimestamp -> 0x1fe425290 (slot=0x2419039e0 auth=0)
####   bind[2] _MTLCommonCounterTimestamp -> 0x1fe4251a0 (slot=0x2419039e8 auth=0)
####   bind[3] _MTLCompileTimeStatisticsKeyBackend -> 0x202fd8f60 (slot=0x2419039f0 auth=0)
####   bind[4] _MTLCompileTimeStatisticsKeyCachedFunction -> 0x202fd8f10 (slot=0x2419039f8 auth=0)
####   bind[5] _MTLCompileTimeStatisticsKeyCompilerTotal -> 0x202fd8f48 (slot=0x241903a00 auth=0)
####   bind[6] _MTLCompileTimeStatisticsKeyDriverTotal -> 0x202fd8f40 (slot=0x241903a08 auth=0)
####   bind[7] _MTLCompileTimeStatisticsKeyFunctionName -> 0x202fd8f08 (slot=0x241903a10 auth=0)
####   bind[8] _MTLCompileTimeStatisticsKeyMTLCompilerService -> 0x202fd8f20 (slot=0x241903a18 auth=0)
####   bind[9] _MTLCompileTimeStatisticsKeyOptimization -> 0x202fd8f58 (slot=0x241903a20 auth=0)
####   bind[10] _MTLCompileTimeStatisticsKeyPipelineTotal -> 0x202fd8f18 (slot=0x241903a28 auth=0)
####   bind[11] _MTLCompileTimeStatisticsKeyPipelinesCompute -> 0x202fd7e30 (slot=0x241903a30 auth=0)
####   IOGPU-CRITICAL _OBJC_IVAR_$_IOGPUMTLLateEvalEvent._eventName = 0x2034ba9d0 (slot=0x241903b28 auth=0)
####   IOGPU-CRITICAL _OBJC_IVAR_$_IOGPUMetalBuffer._primaryBuffer = 0x2034ba91c (slot=0x241903b30 auth=0)
####   IOGPU-CRITICAL _OBJC_IVAR_$_IOGPUMetalCommandQueue._commandQueue = 0x2034ba960 (slot=0x241903b38 auth=0)
####   IOGPU-CRITICAL _OBJC_IVAR_$_IOGPUMetalDevice._segmentByteThreshold = 0x2034baa2c (slot=0x241903b40 auth=0)
####   IOGPU-CRITICAL _OBJC_IVAR_$_IOGPUMetalFence._fenceIndex = 0x2034baaa8 (slot=0x241903b48 auth=0)
####   IOGPU-CRITICAL _OBJC_IVAR_$_IOGPUMetalHeap._resource = 0x2034baac4 (slot=0x241903b50 auth=0)
####   IOGPU-CRITICAL _OBJC_IVAR_$_IOGPUMetalResource._res = 0x2034baaf4 (slot=0x241903b58 auth=0)
####   IOGPU-CRITICAL _OBJC_IVAR_$_IOGPUMetalTexture._arrayLength = 0x2034bab38 (slot=0x241903b60 auth=0)
####   IOGPU-CRITICAL _OBJC_IVAR_$_IOGPUMetalTexture._depth = 0x2034bab34 (slot=0x241903b68 auth=0)
####   IOGPU-CRITICAL _OBJC_IVAR_$_IOGPUMetalTexture._height = 0x2034bab30 (slot=0x241903b70 auth=0)
####   IOGPU-CRITICAL _OBJC_IVAR_$_IOGPUMetalTexture._isCompressed = 0x2034bab54 (slot=0x241903b78 auth=0)
####   IOGPU-CRITICAL _OBJC_IVAR_$_IOGPUMetalTexture._mipmapLevelCount = 0x2034bab3c (slot=0x241903b80 auth=0)
####   IOGPU-CRITICAL _OBJC_IVAR_$_IOGPUMetalTexture._numFaces = 0x2034bab8c (slot=0x241903b88 auth=0)
####   IOGPU-CRITICAL _OBJC_IVAR_$_IOGPUMetalTexture._parentTexture = 0x2034bab58 (slot=0x241903b90 auth=0)
####   IOGPU-CRITICAL _OBJC_IVAR_$_IOGPUMetalTexture._pixelFormat = 0x2034bab28 (slot=0x241903b98 auth=0)
####   IOGPU-CRITICAL _OBJC_IVAR_$_IOGPUMetalTexture._sampleCount = 0x2034bab40 (slot=0x241903ba0 auth=0)
####   IOGPU-CRITICAL _OBJC_IVAR_$_IOGPUMetalTexture._textureType = 0x2034bab24 (slot=0x241903ba8 auth=0)
####   IOGPU-CRITICAL _OBJC_IVAR_$_IOGPUMetalTexture._width = 0x2034bab2c (slot=0x241903bb0 auth=0)
####   sect[7] __AUTH_CONST,__auth_got type=0 entries=230 indirect_start=325 auth=1
####   IOGPU-CRITICAL _IOGPUCommandQueueGetConnect = 0x1c749db88 (slot=0x248b4f448 auth=1)
####   IOGPU-CRITICAL _IOGPUCommandQueueGetID = 0x1c749dbd0 (slot=0x248b4f450 auth=1)
####   IOGPU-CRITICAL _IOGPUDeviceGetConnect = 0x1c749c654 (slot=0x248b4f458 auth=1)
####   IOGPU-CRITICAL _IOGPUDeviceGetNextGlobalTraceID = 0x1c749c7f0 (slot=0x248b4f460 auth=1)
####   IOGPU-CRITICAL _IOGPUDeviceTraceEvent = 0x1c749c8bc (slot=0x248b4f468 auth=1)
####   IOGPU-CRITICAL _IOGPUMetalCommandBufferStorageBeginKernelCommands = 0x1c748cad8 (slot=0x248b4f470 auth=1)
####   IOGPU-CRITICAL _IOGPUMetalCommandBufferStorageEndKernelCommands = 0x1c748cc2c (slot=0x248b4f478 auth=1)
####   IOGPU-CRITICAL _IOGPUResourceListAddResource = 0x1c749f1c8 (slot=0x248b4f480 auth=1)
####   IOGPU-CRITICAL _IOGPUResourceListMerge = 0x1c749f278 (slot=0x248b4f488 auth=1)
####   IOGPU-CRITICAL _IOGPUResourceListMergeLists = 0x1c749f354 (slot=0x248b4f490 auth=1)
####   bind[131] _IOSurfaceGetAddressFormatOfPlane -> 0x100699d8c (slot=0x248b4f4c8 auth=1 FORCE)
####   bind[133] _IOSurfaceGetBaseAddressOfPlane -> 0x100699b68 (slot=0x248b4f4d8 auth=1 FORCE)
####   bind[135] _IOSurfaceGetBytesPerRowOfPlane -> 0x100699198 (slot=0x248b4f4e8 auth=1 FORCE)
####   bind[136] _IOSurfaceGetBytesPerTileDataOfPlane -> 0x10069935c (slot=0x248b4f4f0 auth=1 FORCE)
####   bind[141] _IOSurfaceGetCompressionTypeOfPlane -> 0x100698c4c (slot=0x248b4f518 auth=1 FORCE)
####   bind[142] _IOSurfaceGetHeightInCompressedTilesOfPlane -> 0x100698e14 (slot=0x248b4f520 auth=1 FORCE)
####   bind[145] _IOSurfaceGetWidthInCompressedTilesOfPlane -> 0x100698fd4 (slot=0x248b4f538 auth=1 FORCE)
####   bind[286] _objc_alloc -> 0x100698614 (slot=0x248b4f9c0 auth=1 FORCE)
####   IOGPU-CRITICAL _objc_autoreleasePoolPop = 0x1aa3b0a7c (slot=0x248b4f9d8 auth=1)
####   IOGPU-CRITICAL _objc_autoreleasePoolPush = 0x1aa3b0934 (slot=0x248b4f9e0 auth=1)
#### MACWS_GOT AGXMetal13_3: indirect_slots=327 patched=323 failed=0
#### MACWS_AGX_NATIVE __auth_got section NOT FOUND
#### MACWS_AGX_NATIVE __got: 97 entries, 0 null, 97 non-null
#### MACWS_AGX_NATIVE dlopen AGXMetal13_3 OK h=0x3fa50b950
#### MACWS_AGX_NATIVE +[NSBundle bundleWithPath:AGXMetal13_3.bundle] = 0x600123ae0 id=com.apple.AGXMetal13-3
#### MACWS_AGX_NATIVE bundle loadAndReturnError: 1 (err=nil) loaded=1
#### MACWS_AGX_NATIVE bundle pathForResource:ds.g13g = /System/Library/Extensions/AGXMetal13_3.bundle/Contents/Resources/ds.g13g
#### MACWS_AGX_NATIVE getMetalPluginClassForService: returning class AGXG13GFamilyDevice = 0x24719a0f0
#### CBRI_HOOK: installed (orig=0x1c748ad84)
#### MACWS-NEW-EVENT adapter installed deviceClass=AGXG13GFamilyDevice owner=IOGPUMetalDevice orig=0x1c7491ef4 added=1
#### MACWS_AGX_NATIVE class_addMethod(AGXG13GFamilyDevice, initWithAcceleratorPort:) = 1
#### JIT-MPROTECT flip #2048 ranges=1 prot=RX writers=1 exec_waits=632 late_retries=14
#### MACWS_AGX_NATIVE memoryless witness installed class=AGXG13GFamilyDevice original=0x20fa9e8a8
#### MACWS_AGX_NATIVE memoryless witness total=1 (original results preserved)
#### MACWS_AGX_NATIVE tile-pipeline probe wrapped AGXG13GFamilyDevice (orig=0x20fa7d5e4)
#### MACWS_AGX_NATIVE tile-pipeline probe: 1 class(es) wrapped
#### MACWS_AGX_NATIVE nil-guard wrapped setFragmentTexture:atIndex: on AGXG13GFamilyRenderContext (orig=0x20fa309e0)
#### MACWS_AGX_NATIVE nil-guard: class AGXG13GRenderContext NOT registered
#### MACWS_AGX_NATIVE nil-guard: class AGXRenderContext NOT registered
#### MACWS_AGX_NATIVE nil-guard: class AGXG13GComputeContext NOT registered
#### MACWS_AGX_NATIVE nil-guard setFragmentTexture:atIndex:: 1 class(es) wrapped
#### MACWS_AGX_NATIVE nil-guard wrapped setVertexTexture:atIndex: on AGXG13GFamilyRenderContext (orig=0x20fa375e8)
#### MACWS_AGX_NATIVE nil-guard: class AGXG13GRenderContext NOT registered
#### MACWS_AGX_NATIVE nil-guard: class AGXRenderContext NOT registered
#### MACWS_AGX_NATIVE nil-guard: class AGXG13GComputeContext NOT registered
#### MACWS_AGX_NATIVE nil-guard setVertexTexture:atIndex:: 1 class(es) wrapped
#### MACWS_AGX_NATIVE swizzled AGXG13GFamilyDevice newTextureWithDescriptor:iosurface:plane:
2026-07-28 15:04:57.968 Electron[54340:9239143] Connection Invalid error for service com.apple.hiservices-xpcservice.
2026-07-28 15:04:57.968 Electron[54340:9239132] Error received in message reply handler: Connection invalid
#### MACWS_AGX_NATIVE swizzled AGXG13GFamilyDevice newTextureWithDescriptor:
#### MACWS_AGX_NATIVE swizzled -[AGXBuffer initWithDevice:bytes:length:options:deallocator:pinnedGPUAddress:]
#### MACWS_AGX_NATIVE noop'd alertCommandBufferActivityStart
#### MACWS_AGX_NATIVE noop'd alertCommandBufferActivityComplete
#### objc_alloc(AGXG13GFamilyDevice) -> 0x6001d2000
#### MACWS_AGX_NATIVE redirecting AGXG13GFamilyDevice init(port=11279) → 2-arg variant
#### debugbydcmmc IOServiceOpen agx connect=13059 type=0x100001 (requested=0x100005)
#### AGXIOC Struct sel=0x7->0x6 inSC=16 outSC=0 -> 0x1
#### AGXIOC Struct sel=0x5->0x4 inSC=0 outSC=32 -> 0x0
#### AGXIOC AsyncScalar sel=0x107->0x107 inCnt=0 -> 0x0
#### AGX_LIFE CREATE id=0x1 type=0 surf=0 bytes=0x10000 kr=0 okC=1 failC=0 okD=0 failD=0 unmatchedD=0 full=0 live=1/0MB [t0=1/0MB t80=0/0MB t82=0/0MB]
#### AGXIOC heap map #1 clientID 0x10000 -> resourceID 0x1 size 0x10000
####   ResCreate OK type=0 clientID=0 +0x30=0 +0x38=0 +0x40=0x10000 +0x58=0 OUT[+0]=0 OUT[+0x08]=0x101f74000 OUT[+0x10]=0x101e340c0 OUT[+0x48]=0x10000
####   inStruct[0..104]:
####     00: 00 00 00 00 00 00 00 00 01 00 01 00 01 00 00 00
####     10: 01 01 00 01 30 84 00 00 00 00 00 00 00 00 00 00
####     20: 00 00 00 00 00 00 00 00 00 00 00 00 00 00 00 00
####     30: 00 00 00 00 00 00 00 00 00 00 00 00 00 00 00 00
####     40: 00 00 01 00 00 00 00 00 00 00 00 00 00 00 00 00
####     50: 00 00 00 38 00 00 00 00 00 00 00 00 00 00 00 00
####     60: 00 00 00 00 00 00 00 00
#### MACWS_AGX_NATIVE setupCompiler:0x30010 fired (Device=0x6001d2000)
#### MACWS_AGX_NATIVE memoryless witness #1 instance=0x6001d2000 class=AGXG13GFamilyDevice original=0x20fa9e8a8 -> YES
[54340:0728/150458.017642:VERBOSE1:base/files/file_util_posix.cc:309] Cannot stat "/tmp/macws-vscode-profile-agx-native-targetfix12/CachedData/1b6a188127eeaf9194f945eb6eb89a657e93c54c/chrome/pc": No such file or directory (2)
#### JIT-MPROTECT flip #3072 ranges=1 prot=RX writers=1 exec_waits=1009 late_retries=20
[90m[main 2026-07-28T22:04:58.050Z][0m StorageMainService: creating application shared storage
#### objc_alloc(AGXG13GFamilyCommandQueue) -> 0x600090f00
#### AGXIOC Method sel=0x8->0x7 inCnt=0 inSC=1032 outSC=16 -> 0x0
#### AGXIOC Method sel=0x11->0xf inCnt=2 inSC=0 outSC=16 -> 0x0
#### AGXIOC Method sel=0x1d->0x19 inCnt=2 inSC=0 outSC=0 -> 0x0
#### AGXIOC Method sel=0x1f->0x1b inCnt=1 inSC=12 outSC=0 -> 0x0
#### objc_alloc(AGXBuffer) -> 0x600211f80
#### AGXIOC type0 exact initFull length: +0x58=0xc00000000 low32=0 -> +0x40=0x180
#### AGX_LIFE CREATE id=0x2 type=0 surf=0 bytes=0x4000 kr=0 okC=2 failC=0 okD=0 failD=0 unmatchedD=0 full=0 live=2/0MB [t0=2/0MB t80=0/0MB t82=0/0MB]
#### AGXIOC heap map #2 clientID 0x4000 -> resourceID 0x2 size 0x180
####   ResCreate OK type=0 clientID=0 +0x30=0x40 +0x38=0 +0x40=0x180 +0x58=0 OUT[+0]=0x1500000000 OUT[+0x08]=0x101f94000 OUT[+0x10]=0x101e34180 OUT[+0x48]=0x4000
####   inStruct[0..104]:
####     00: 00 00 00 00 00 00 00 00 01 00 01 00 01 00 00 00
####     10: 01 01 00 01 70 04 00 00 00 00 00 00 00 00 00 00
####     20: 00 00 00 00 00 00 00 00 00 00 00 00 00 00 00 00
####     30: 40 00 00 00 00 00 00 00 00 00 00 00 00 00 00 00
####     40: 80 01 00 00 00 00 00 00 00 00 00 00 00 00 00 00
####     50: 00 00 00 00 00 00 00 00 00 00 00 00 00 00 00 00
####     60: 00 00 00 00 00 00 f0 3f
#### TRACE -[AGXBuffer initFull] self=0x600211f80 dev=0x6001d2000 len=384 align=1→64 opt=0 subDis=0→1 resIn=0x16fa956c8 pin=0x0 -> 0x600211f80
#### TRACE -[AGXBuffer initUntracked] self=0x600211f80 dev=0x6001d2000 len=384 opt=0 -> 0x600211f80
#### objc_alloc(AGXBuffer) -> 0x600215d00
#### AGXIOC type0 exact initFull length: +0x58=0xc00000000 low32=0 -> +0x40=0x180
#### AGX_LIFE CREATE id=0x3 type=0 surf=0 bytes=0x4000 kr=0 okC=3 failC=0 okD=0 failD=0 unmatchedD=0 full=0 live=3/0MB [t0=3/0MB t80=0/0MB t82=0/0MB]
#### AGXIOC heap map #3 clientID 0x4000 -> resourceID 0x3 size 0x180
####   ResCreate OK type=0 clientID=0 +0x30=0x40 +0x38=0 +0x40=0x180 +0x58=0 OUT[+0]=0x1500008000 OUT[+0x08]=0x101f98000 OUT[+0x10]=0x101e34240 OUT[+0x48]=0x4000
####   inStruct[0..104]:
####     00: 00 00 00 00 00 00 00 00 01 00 01 00 01 00 00 00
####     10: 01 01 00 01 70 04 00 00 00 00 00 00 00 00 00 00
####     20: 00 00 00 00 00 00 00 00 00 00 00 00 00 00 00 00
####     30: 40 00 00 00 00 00 00 00 00 00 00 00 00 00 00 00
####     40: 80 01 00 00 00 00 00 00 00 00 00 00 00 00 00 00
####     50: 00 00 00 00 00 00 00 00 00 00 00 00 00 00 00 00
####     60: 00 00 00 00 00 00 f0 3f
#### TRACE -[AGXBuffer initFull] self=0x600215d00 dev=0x6001d2000 len=384 align=1→64 opt=0 subDis=0→1 resIn=0x16fa956c8 pin=0x0 -> 0x600215d00
#### TRACE -[AGXBuffer initUntracked] self=0x600215d00 dev=0x6001d2000 len=384 opt=0 -> 0x600215d00
#### objc_alloc(AGXBuffer) -> 0x600215b80
#### AGXIOC type0 exact initFull length: +0x58=0xc00000000 low32=0 -> +0x40=0x40
#### AGX_LIFE CREATE id=0x4 type=0 surf=0 bytes=0x4000 kr=0 okC=4 failC=0 okD=0 failD=0 unmatchedD=0 full=0 live=4/0MB [t0=4/0MB t80=0/0MB t82=0/0MB]
#### AGXIOC heap map #4 clientID 0x4000 -> resourceID 0x4 size 0x40
####   ResCreate OK type=0 clientID=0 +0x30=0x40 +0x38=0 +0x40=0x40 +0x58=0 OUT[+0]=0x1500010000 OUT[+0x08]=0x101f9c000 OUT[+0x10]=0x101e34300 OUT[+0x48]=0x4000
####   inStruct[0..104]:
####     00: 00 00 00 00 00 00 00 00 01 00 01 00 01 00 00 00
####     10: 01 01 00 01 70 04 00 00 00 00 00 00 00 00 00 00
####     20: 00 00 00 00 00 00 00 00 00 00 00 00 00 00 00 00
####     30: 40 00 00 00 00 00 00 00 00 00 00 00 00 00 00 00
####     40: 40 00 00 00 00 00 00 00 00 00 00 00 00 00 00 00
####     50: 00 00 00 00 00 00 00 00 00 00 00 00 00 00 00 00
####     60: 70 0d 25 00 06 00 00 00
#### TRACE -[AGXBuffer initFull] self=0x600215b80 dev=0x6001d2000 len=64 align=1→64 opt=0 subDis=0→1 resIn=0x16fa956c8 pin=0x0 -> 0x600215b80
#### TRACE -[AGXBuffer initUntracked] self=0x600215b80 dev=0x6001d2000 len=64 opt=0 -> 0x600215b80
#### objc_alloc(AGXBuffer) -> 0x600213c00
#### AGXIOC type0 exact initFull length: +0x58=0xc00000000 low32=0 -> +0x40=0x2000
#### AGX_LIFE CREATE id=0x5 type=0 surf=0 bytes=0x4000 kr=0 okC=5 failC=0 okD=0 failD=0 unmatchedD=0 full=0 live=5/0MB [t0=5/0MB t80=0/0MB t82=0/0MB]
#### AGXIOC heap map #5 clientID 0x4000 -> resourceID 0x5 size 0x2000
####   ResCreate OK type=0 clientID=0 +0x30=0x40 +0x38=0 +0x40=0x2000 +0x58=0 OUT[+0]=0x1500018000 OUT[+0x08]=0x101fa0000 OUT[+0x10]=0x101e343c0 OUT[+0x48]=0x4000
####   inStruct[0..104]:
####     00: 00 00 00 00 00 00 00 00 01 00 01 00 01 00 00 00
####     10: 01 01 00 01 70 04 00 00 00 00 00 00 00 00 00 00
####     20: 00 00 00 00 00 00 00 00 00 00 00 00 00 00 00 00
####     30: 40 00 00 00 00 00 00 00 00 00 00 00 00 00 00 00
####     40: 00 20 00 00 00 00 00 00 00 00 00 00 00 00 00 00
####     50: 00 00 00 00 00 00 00 00 00 00 00 00 00 00 00 00
####     60: c4 b7 0a 00 06 00 00 00
#### TRACE -[AGXBuffer initFull] self=0x600213c00 dev=0x6001d2000 len=8192 align=1→64 opt=0 subDis=0→1 resIn=0x16fa95718 pin=0x0 -> 0x600213c00
#### TRACE -[AGXBuffer initUntracked] self=0x600213c00 dev=0x6001d2000 len=8192 opt=0 -> 0x600213c00
#### AGXIOC type0 exact initFull length: +0x58=0xc00000000 low32=0 -> +0x40=0x80
#### AGX_LIFE CREATE id=0x6 type=0 surf=0 bytes=0x4000 kr=0 okC=6 failC=0 okD=0 failD=0 unmatchedD=0 full=0 live=6/0MB [t0=6/0MB t80=0/0MB t82=0/0MB]
#### AGXIOC heap map #6 clientID 0x4000 -> resourceID 0x6 size 0x80
####   ResCreate OK type=0 clientID=0 +0x30=0x40 +0x38=0 +0x40=0x80 +0x58=0 OUT[+0]=0x1500020000 OUT[+0x08]=0x101fa4000 OUT[+0x10]=0x101e34480 OUT[+0x48]=0x4000
####   inStruct[0..104]:
####     00: 00 00 00 00 00 00 00 00 01 00 01 00 01 00 00 00
####     10: 01 01 00 01 70 04 00 00 00 00 00 00 00 00 00 00
####     20: 00 00 00 00 00 00 00 00 00 00 00 00 00 00 00 00
####     30: 40 00 00 00 00 00 00 00 00 00 00 00 00 00 00 00
####     40: 80 00 00 00 00 00 00 00 00 00 00 00 00 00 00 00
####     50: 00 00 00 00 00 00 00 00 00 00 00 00 00 00 00 00
####     60: b8 a6 19 47 02 00 00 00
#### TRACE -[AGXBuffer initFull] self=0x600213a80 dev=0x6001d2000 len=128 align=1→64 opt=0 subDis=0→1 resIn=0x16fa95708 pin=0x0 -> 0x600213a80
#### TRACE -[AGXBuffer initUntracked] self=0x600213a80 dev=0x6001d2000 len=128 opt=0 -> 0x600213a80
#### AGXIOC type0 exact initFull length: +0x58=0xc00000000 low32=0 -> +0x40=0x100
#### AGX_LIFE CREATE id=0x7 type=0 surf=0 bytes=0x4000 kr=0 okC=7 failC=0 okD=0 failD=0 unmatchedD=0 full=0 live=7/0MB [t0=7/0MB t80=0/0MB t82=0/0MB]
#### AGXIOC heap map #7 clientID 0x4000 -> resourceID 0x7 size 0x100
####   ResCreate OK type=0 clientID=0 +0x30=0x40 +0x38=0 +0x40=0x100 +0x58=0 OUT[+0]=0x1500028000 OUT[+0x08]=0x101fa8000 OUT[+0x10]=0x101e34540 OUT[+0x48]=0x4000
####   inStruct[0..104]:
####     00: 00 00 00 00 00 00 00 00 01 00 01 00 01 00 00 00
####     10: 01 01 00 01 70 04 00 00 00 00 00 00 00 00 00 00
####     20: 00 00 00 00 00 00 00 00 00 00 00 00 00 00 00 00
####     30: 40 00 00 00 00 00 00 00 00 00 00 00 00 00 00 00
####     40: 00 01 00 00 00 00 00 00 00 00 00 00 00 00 00 00
####     50: 00 00 00 00 00 00 00 00 00 00 00 00 00 00 00 00
####     60: b8 a6 19 47 02 00 00 00
#### TRACE -[AGXBuffer initFull] self=0x600213900 dev=0x6001d2000 len=256 align=1→64 opt=0 subDis=0→1 resIn=0x16fa95708 pin=0x0 -> 0x600213900
#### TRACE -[AGXBuffer initUntracked] self=0x600213900 dev=0x6001d2000 len=256 opt=0 -> 0x600213900
#### AGXIOC type0 exact initFull length: +0x58=0xc00000000 low32=0 -> +0x40=0x100
#### AGX_LIFE CREATE id=0x8 type=0 surf=0 bytes=0x4000 kr=0 okC=8 failC=0 okD=0 failD=0 unmatchedD=0 full=0 live=8/0MB [t0=8/0MB t80=0/0MB t82=0/0MB]
#### AGXIOC heap map #8 clientID 0x4000 -> resourceID 0x8 size 0x100
####   ResCreate OK type=0 clientID=0 +0x30=0x40 +0x38=0 +0x40=0x100 +0x58=0 OUT[+0]=0x1500030000 OUT[+0x08]=0x101fac000 OUT[+0x10]=0x101e34600 OUT[+0x48]=0x4000
####   inStruct[0..104]:
####     00: 00 00 00 00 00 00 00 00 01 00 01 00 01 00 00 00
####     10: 01 01 00 01 70 04 00 00 00 00 00 00 00 00 00 00
####     20: 00 00 00 00 00 00 00 00 00 00 00 00 00 00 00 00
####     30: 40 00 00 00 00 00 00 00 00 00 00 00 00 00 00 00
####     40: 00 01 00 00 00 00 00 00 00 00 00 00 00 00 00 00
####     50: 00 00 00 00 00 00 00 00 00 00 00 00 00 00 00 00
####     60: b8 a6 19 47 02 00 00 00
#### TRACE -[AGXBuffer initFull] self=0x600213780 dev=0x6001d2000 len=256 align=1→64 opt=0 subDis=0→1 resIn=0x16fa95708 pin=0x0 -> 0x600213780
#### TRACE -[AGXBuffer initUntracked] self=0x600213780 dev=0x6001d2000 len=256 opt=0 -> 0x600213780
#### AGXIOC type0 exact initFull length: +0x58=0xc00000000 low32=0 -> +0x40=0x100
#### AGX_LIFE CREATE id=0x9 type=0 surf=0 bytes=0x4000 kr=0 okC=9 failC=0 okD=0 failD=0 unmatchedD=0 full=0 live=9/0MB [t0=9/0MB t80=0/0MB t82=0/0MB]
#### AGXIOC heap map #9 clientID 0x4000 -> resourceID 0x9 size 0x100
####   ResCreate OK type=0 clientID=0 +0x30=0x40 +0x38=0 +0x40=0x100 +0x58=0 OUT[+0]=0x1500038000 OUT[+0x08]=0x101fb0000 OUT[+0x10]=0x101e346c0 OUT[+0x48]=0x4000
####   inStruct[0..104]:
####     00: 00 00 00 00 00 00 00 00 01 00 01 00 01 00 00 00
####     10: 01 01 00 01 70 04 00 00 00 00 00 00 00 00 00 00
####     20: 00 00 00 00 00 00 00 00 00 00 00 00 00 00 00 00
####     30: 40 00 00 00 00 00 00 00 00 00 00 00 00 00 00 00
####     40: 00 01 00 00 00 00 00 00 00 00 00 00 00 00 00 00
####     50: 00 00 00 00 00 00 00 00 00 00 00 00 00 00 00 00
####     60: b8 a6 19 47 02 00 00 00
#### TRACE -[AGXBuffer initFull] self=0x600214200 dev=0x6001d2000 len=256 align=1→64 opt=0 subDis=0→1 resIn=0x16fa95708 pin=0x0 -> 0x600214200
#### TRACE -[AGXBuffer initUntracked] self=0x600214200 dev=0x6001d2000 len=256 opt=0 -> 0x600214200
#### AGX_LIFE CREATE id=0xa type=0 surf=0 bytes=0x10000 kr=0 okC=10 failC=0 okD=0 failD=0 unmatchedD=0 full=0 live=10/0MB [t0=10/0MB t80=0/0MB t82=0/0MB]
#### AGXIOC heap map #10 clientID 0x10000 -> resourceID 0xa size 0x10000
####   ResCreate OK type=0 clientID=0 +0x30=0 +0x38=0 +0x40=0x10000 +0x58=0 OUT[+0]=0x1500040000 OUT[+0x08]=0x101fb4000 OUT[+0x10]=0x101e34780 OUT[+0x48]=0x10000
####   inStruct[0..104]:
####     00: 00 00 00 00 00 00 00 00 01 00 01 00 01 00 00 00
####     10: 01 01 00 01 30 04 00 00 00 00 00 00 00 00 00 00
####     20: 00 00 00 00 00 00 00 00 00 00 00 00 00 00 00 00
####     30: 00 00 00 00 00 00 00 00 00 00 00 00 00 00 00 00
####     40: 00 00 01 00 00 00 00 00 00 00 00 00 00 00 00 00
####     50: 00 00 00 08 00 00 00 00 00 00 00 00 00 00 00 00
####     60: 00 00 00 00 00 00 00 00
#### AGXIOC type0 exact initFull length: +0x58=0xc00000000 low32=0 -> +0x40=0x2000
#### AGX_LIFE CREATE id=0xb type=0 surf=0 bytes=0x4000 kr=0 okC=11 failC=0 okD=0 failD=0 unmatchedD=0 full=0 live=11/0MB [t0=11/0MB t80=0/0MB t82=0/0MB]
#### AGXIOC heap map #11 clientID 0x4000 -> resourceID 0xb size 0x2000
####   ResCreate OK type=0 clientID=0 +0x30=0x40 +0x38=0 +0x40=0x2000 +0x58=0 OUT[+0]=0x1500058000 OUT[+0x08]=0x101fc4000 OUT[+0x10]=0x101e34840 OUT[+0x48]=0x4000
####   inStruct[0..104]:
####     00: 00 00 00 00 00 00 00 00 01 00 01 00 01 00 00 00
####     10: 01 01 00 01 70 04 00 00 00 00 00 00 00 00 00 00
####     20: 00 00 00 00 00 00 00 00 00 00 00 00 00 00 00 00
####     30: 40 00 00 00 00 00 00 00 00 00 00 00 00 00 00 00
####     40: 00 20 00 00 00 00 00 00 00 00 00 00 00 00 00 00
####     50: 00 00 00 00 00 00 00 00 00 00 00 00 00 00 00 00
####     60: cc 2e 3a dc 65 17 f8 ac
#### TRACE -[AGXBuffer initFull] self=0x600214080 dev=0x6001d2000 len=8192 align=1→64 opt=0 subDis=0→1 resIn=0x16fa95468 pin=0x0 -> 0x600214080
#### TRACE -[AGXBuffer initUntracked] self=0x600214080 dev=0x6001d2000 len=8192 opt=0 -> 0x600214080
#### AGXIOC type0 exact initFull length: +0x58=0xc00000000 low32=0 -> +0x40=0x80
#### AGXIOC sel=0x9 type=0 args+0x14=0x2470 → 0x470 (stripped macOS-only bits 0x2800)
#### AGX_LIFE CREATE id=0xc type=0 surf=0 bytes=0x4000 kr=0 okC=12 failC=0 okD=0 failD=0 unmatchedD=0 full=0 live=12/0MB [t0=12/0MB t80=0/0MB t82=0/0MB]
#### AGXIOC heap map #12 clientID 0x4000 -> resourceID 0xc size 0x80
####   ResCreate OK type=0 clientID=0 +0x30=0x40 +0x38=0 +0x40=0x80 +0x58=0 OUT[+0]=0x1500060000 OUT[+0x08]=0x101fc8000 OUT[+0x10]=0x101e34900 OUT[+0x48]=0x4000
####   inStruct[0..104]:
####     00: 00 00 00 00 00 00 00 00 01 00 01 00 01 00 00 00
####     10: 01 01 00 01 70 04 00 00 00 00 00 00 00 00 00 00
####     20: 00 00 00 00 00 00 00 00 00 00 00 00 00 00 00 00
####     30: 40 00 00 00 00 00 00 00 00 00 00 00 00 00 00 00
####     40: 80 00 00 00 00 00 00 00 00 00 00 00 00 00 00 00
####     50: 00 00 00 00 00 00 00 00 00 00 00 00 00 00 00 00
####     60: 00 00 00 00 00 00 00 00
#### TRACE -[AGXBuffer initFull] self=0x600215100 dev=0x6001d2000 len=128 align=1→64 opt=32 subDis=0→1 resIn=0x16fa95748 pin=0x0 -> 0x600215100
#### TRACE -[AGXBuffer initUntracked] self=0x600215100 dev=0x6001d2000 len=128 opt=32 -> 0x600215100
[54379:0728/150458.110628:VERBOSE1:components/viz/service/main/viz_main_impl.cc:87] VizNullHypothesis is disabled (not a warning)
#### tile-encoder forwards: class MTLSimRenderCommandEncoder NOT found
#### IOGPU-CALLBACK-DIAG installed queueClass=0x2059308d0 method=0x0 orig=0x0 bufferClass=0x205930830 method=0x1c74a79a5 orig=0x1c748abe8 errorMethod=0x1b3ce3e01 errorOrig=0x1b3bb5dcc (file-gated)
#### NSXPCSharedListener class=0x205cabbd8
#### NSXPCSharedListener endpointForReply swizzle installed
#### NSXPCSharedListener connectToService swizzle installed
#### MACWS_AGX_NATIVE memoryless witness #2 instance=0x6001d2000 class=AGXG13GFamilyDevice original=0x20fa9e8a8 -> YES
#### AGXIOC type0 exact initFull length: +0x58=0 low32=0 -> +0x40=0x20000
#### AGX_LIFE CREATE id=0xd type=0 surf=0 bytes=0x20000 kr=0 okC=13 failC=0 okD=0 failD=0 unmatchedD=0 full=0 live=13/0MB [t0=13/0MB t80=0/0MB t82=0/0MB]
#### AGXIOC heap map #13 clientID 0x20000 -> resourceID 0xd size 0x20000
####   ResCreate OK type=0 clientID=0 +0x30=0x100 +0x38=0 +0x40=0x20000 +0x58=0 OUT[+0]=0x1500068000 OUT[+0x08]=0x108f50000 OUT[+0x10]=0x101e349c0 OUT[+0x48]=0x20000
####   inStruct[0..104]:
####     00: 00 00 00 00 00 00 00 00 01 00 01 00 01 00 00 00
####     10: 01 01 00 01 70 04 00 00 00 00 00 00 00 00 00 00
####     20: 00 00 00 00 00 00 00 00 00 00 00 00 00 00 00 00
####     30: 00 01 00 00 00 00 00 00 00 00 00 00 00 00 00 00
####     40: 00 00 02 00 00 00 00 00 00 00 00 00 00 00 00 00
####     50: 00 00 00 00 00 00 00 00 00 00 00 00 00 00 00 00
####     60: d8 9f 19 47 02 00 00 00
#### TRACE -[AGXBuffer initFull] self=0x600214c80 dev=0x6001d2000 len=131072 align=256→256 opt=0 subDis=0→0 resIn=0x16fa93878 pin=0x0 -> 0x600214c80
#### AGXIOC sel=0x9 type=0x80 VA-shape +0x38=0x108f50000 → 0
#### AGXIOC sel=0x9 type=0x80 args+0x14=0xc30 → 0x430 (stripped macOS-only bits 0x2800)
#### AGXIOC subres parent 0x20000 -> resourceID 0xd, +0x30=0x108f70000 (sz 0x20000)
#### AGXIOC POST-PATCH sel=0x9 type=0x80 inStructCnt=104 (bytes that hit kernel):
    +0000: 80 00 00 00 00 00 00 00 10 00 10 00 01 00 00 00
    +0x10: 01 01 00 10 30 04 00 00 00 00 00 00 00 00 00 00
    +0x20: 00 00 00 00 00 00 00 00 00 00 00 00 00 00 00 00
    +0x30: 00 00 f7 08 01 00 00 00 00 00 00 00 00 00 00 00
    +0x40: 00 00 f5 08 01 00 00 00 0d 00 00 00 00 00 00 00
    +0x50: 0d 00 00 00 00 00 00 00 00 8f 88 80 01 00 00 00
    +0x60: 00 00 00 00 00 00 00 00
#### AGX_LIFE CREATE-FAIL id=0 type=0x80 surf=0 bytes=0x108f50000 kr=0xe00002c2 okC=13 failC=1 okD=0 failD=0 unmatchedD=0 full=0 live=13/0MB [t0=13/0MB t80=0/0MB t82=0/0MB]
#### AGXIOC POST-CALL sel=0x9 type=0x80 -> kr=0xe00002c2
#### AGXIOC Method sel=0xa->0x9 inCnt=0 inSC=104 outSC=80 -> 0xe00002c2
####   ResCreate FAIL type=0x80 clientID=0xd +0x30=0x108f70000 +0x38=0 +0x40=0x108f50000 +0x58=0x180888f00 OUT[+0]=0 OUT[+0x08]=0 OUT[+0x10]=0 OUT[+0x48]=0
####   inStruct[0..104]:
####     00: 80 00 00 00 00 00 00 00 10 00 10 00 01 00 00 00
####     10: 01 01 00 10 30 04 00 00 00 00 00 00 00 00 00 00
####     20: 00 00 00 00 00 00 00 00 00 00 00 00 00 00 00 00
####     30: 00 00 f7 08 01 00 00 00 00 00 00 00 00 00 00 00
####     40: 00 00 f5 08 01 00 00 00 0d 00 00 00 00 00 00 00
####     50: 0d 00 00 00 00 00 00 00 00 8f 88 80 01 00 00 00
####     60: 00 00 00 00 00 00 00 00
####   caller chain (12 frames):
####     [0] 0x1006a2130 IOConnectCallMethod_new+0x3318 (libmachook_arm64.dylib)
####     [1] 0x1c749e18c IOGPUResourceCreate+0xec (IOGPU)
####     [2] 0x1c7498138 -[IOGPUMetalResource initWithDevice:remoteStorageResource:options:args:argsSize:]+0x1cc (IOGPU)
####     [3] 0x100693450 __loadImageCallback_block_invoke_20+0x70 (libmachook_arm64.dylib)
####     [4] 0x1c749b070 -[IOGPUMetalTexture initWithBuffer:descriptor:sysMemOffset:sysMemRowBytes:vidMemSize:vidMemRowBytes:args:argsSize:isStrideTexture:]+0x248 (IOGPU)
####     [5] 0x1c749b7c0 -[IOGPUMetalTexture initWithPrimaryBuffer:heapIndex:bufferIndex:bufferOffset:length:descriptor:sysMemRowBytes:vidMemSize:vidMemRowBytes:args:argsSize:]+0x58 (IOGPU)
####     [6] 0x20fda3934 -[AGXTexture initWithDevice:desc:isSuballocDisabled:]+0x194 (AGXMetal13_3)
####     [7] 0x1006caf70 -[MTLFakeDevice hooked_newTextureWithDescriptor:]+0x19e0 (libmachook_arm64.dylib)
####     [8] 0x1096d3714 glStartTilingQCOM+0x29af14 (libGLESv2.dylib)
####     [9] 0x1096e6b48 glStartTilingQCOM+0x2ae348 (libGLESv2.dylib)
####     [10] 0x1096e5e40 glStartTilingQCOM+0x2ad640 (libGLESv2.dylib)
####     [11] 0x1096e5ccc glStartTilingQCOM+0x2ad4cc (libGLESv2.dylib)
#### AGX_INITARGS FAIL #1/14 cls=AGXG13GFamilyTexture dev=0x6001d2000 opt=0 args=0x16fa93b20 argsSize=104 — preserving nil
####   initargs+0000: 80 00 00 00 00 00 00 00 10 00 10 00 01 00 00 00
####   initargs+0x10: 01 01 00 10 30 0c 00 00 00 00 00 00 00 00 00 00
####   initargs+0x20: 00 00 00 00 00 00 00 00 00 00 00 00 00 00 00 00
####   initargs+0x30: 00 00 00 00 00 00 00 00 00 00 f5 08 01 00 00 00
####   initargs+0x40: 00 00 f5 08 01 00 00 00 00 00 02 00 00 00 00 00
####   initargs+0x50: 0d 00 00 00 00 00 00 00 00 8f 88 80 01 00 00 00
####   initargs+0x60: 00 00 00 00 00 00 00 00
#### MTL_TEX/plain.NIL pfmt=125 type=2 w=16 h=16 d=1 mips=1 arr=1 samp=1 storage=0 cpu=0 usage=0x7 swiz=0 cs=0x0 plane=0 ios=0x0
[54379:0728/150458.133700:WARNING:ui/gl/angle_platform_impl.cc:52] Debug.cpp:184 (insertMessage): GL error: HIGH: Error: 0x00000505, in ../../third_party/angle/src/libANGLE/renderer/metal/mtl_resources.mm, MakeTexture:330. Failed to allocate host memory.
#### MACWS_AGX_NATIVE memoryless witness #3 instance=0x6001d2000 class=AGXG13GFamilyDevice original=0x20fa9e8a8 -> YES
#### AGXIOC sel=0x9 type=0x80 VA-shape +0x38=0x108f51000 → 0
#### AGXIOC sel=0x9 type=0x80 args+0x14=0xc30 → 0x430 (stripped macOS-only bits 0x2800)
#### AGXIOC subres parent 0x20000 -> resourceID 0xd, +0x30=0x108f71000 (sz 0x20000)
#### AGX_LIFE CREATE-FAIL id=0 type=0x80 surf=0 bytes=0x108f50000 kr=0xe00002c2 okC=13 failC=2 okD=0 failD=0 unmatchedD=0 full=0 live=13/0MB [t0=13/0MB t80=0/0MB t82=0/0MB]
#### AGXIOC Method sel=0xa->0x9 inCnt=0 inSC=104 outSC=80 -> 0xe00002c2
####   ResCreate FAIL type=0x80 clientID=0xd +0x30=0x108f71000 +0x38=0 +0x40=0x108f50000 +0x58=0x180888f00 OUT[+0]=0 OUT[+0x08]=0 OUT[+0x10]=0 OUT[+0x48]=0
####   inStruct[0..104]:
####     00: 80 00 00 00 00 00 00 00 10 00 10 00 01 00 00 00
####     10: 01 01 00 10 30 04 00 00 00 00 00 00 00 00 00 00
####     20: 00 00 00 00 00 00 00 00 00 00 00 00 00 00 00 00
####     30: 00 10 f7 08 01 00 00 00 00 00 00 00 00 00 00 00
####     40: 00 00 f5 08 01 00 00 00 0d 00 00 00 00 00 00 00
####     50: 0d 00 00 00 00 00 00 00 00 8f 88 80 01 00 00 00
####     60: 00 00 00 00 00 00 00 00
####   caller chain (12 frames):
####     [0] 0x1006a2130 IOConnectCallMethod_new+0x3318 (libmachook_arm64.dylib)
####     [1] 0x1c749e18c IOGPUResourceCreate+0xec (IOGPU)
####     [2] 0x1c7498138 -[IOGPUMetalResource initWithDevice:remoteStorageResource:options:args:argsSize:]+0x1cc (IOGPU)
####     [3] 0x100693450 __loadImageCallback_block_invoke_20+0x70 (libmachook_arm64.dylib)
####     [4] 0x1c749b070 -[IOGPUMetalTexture initWithBuffer:descriptor:sysMemOffset:sysMemRowBytes:vidMemSize:vidMemRowBytes:args:argsSize:isStrideTexture:]+0x248 (IOGPU)
####     [5] 0x1c749b7c0 -[IOGPUMetalTexture initWithPrimaryBuffer:heapIndex:bufferIndex:bufferOffset:length:descriptor:sysMemRowBytes:vidMemSize:vidMemRowBytes:args:argsSize:]+0x58 (IOGPU)
####     [6] 0x20fda3934 -[AGXTexture initWithDevice:desc:isSuballocDisabled:]+0x194 (AGXMetal13_3)
####     [7] 0x1006caf70 -[MTLFakeDevice hooked_newTextureWithDescriptor:]+0x19e0 (libmachook_arm64.dylib)
####     [8] 0x1096d3714 glStartTilingQCOM+0x29af14 (libGLESv2.dylib)
####     [9] 0x1096e6b48 glStartTilingQCOM+0x2ae348 (libGLESv2.dylib)
####     [10] 0x1096e5e40 glStartTilingQCOM+0x2ad640 (libGLESv2.dylib)
####     [11] 0x1096e5ccc glStartTilingQCOM+0x2ad4cc (libGLESv2.dylib)
#### AGX_INITARGS FAIL #2/15 cls=AGXG13GFamilyTexture dev=0x6001d2000 opt=0 args=0x16fa93b20 argsSize=104 — preserving nil
####   initargs+0000: 80 00 00 00 00 00 00 00 10 00 10 00 01 00 00 00
####   initargs+0x10: 01 01 00 10 30 0c 00 00 00 00 00 00 00 00 00 00
####   initargs+0x20: 00 00 00 00 00 00 00 00 00 00 00 00 00 00 00 00
####   initargs+0x30: 00 00 00 00 00 00 00 00 00 10 f5 08 01 00 00 00
####   initargs+0x40: 00 00 f5 08 01 00 00 00 00 00 02 00 00 00 00 00
####   initargs+0x50: 0d 00 00 00 00 00 00 00 00 8f 88 80 01 00 00 00
####   initargs+0x60: 00 00 00 00 00 00 00 00
#### MTL_TEX/plain.NIL pfmt=125 type=2 w=16 h=16 d=1 mips=1 arr=1 samp=1 storage=0 cpu=0 usage=0x7 swiz=0 cs=0x0 plane=0 ios=0x0
[54379:0728/150458.135626:WARNING:ui/gl/angle_platform_impl.cc:52] Debug.cpp:184 (insertMessage): GL error: HIGH: Error: 0x00000505, in ../../third_party/angle/src/libANGLE/renderer/metal/mtl_resources.mm, MakeTexture:330. Failed to allocate host memory.
#### JIT-MPROTECT flip #4096 ranges=1 prot=RX writers=1 exec_waits=1369 late_retries=24
#### MACWS_HID_BYPASS installed SetMatchingMultiple → no-op (1) at 0x1ad8d5e8c — skips iOS-format CFBinaryPlist parse inside
####   IOHIDEventSystemClientCacheMatchingServices → IOHIDUnserializeAndVMDealloc → CFPropertyListCreateFromStream
####   that BUS_ADRALNs in the IOMFBServer thread.
#### MACWS_AGX_RENAMER_PATCH: off (set MACWS_AGX_RENAMER_PATCH=1 to enable)
#### MACWS_ASSERT_BYPASS DISABLED (set MACWS_KEEP_ASSERT_BYPASS=1 to restore lazy bypass) — real __assert_rtn now reaches abort
#### MACWS_AGX_NATIVE [ctor] pre-loaded IOGPU via /System/Library/PrivateFrameworks/IOGPU.framework/IOGPU -> 0x3fa56cc10
#### XPC_BOOTSTRAP: fn=0x1aa48d140 dict=0x12a116000 (registering Metal/ViewBridge/HIServices)
#### XPC_BOOTSTRAP: called OK
#### COEXIST API SwapEnd hook installed target=0x1b536b1cc trampoline=0x102e88000
#### SkyLight PrepareForUse tolerate-nil hook installed at 0x1af74cfc4
#### SkyLight StartCompositeForDisplayStream nil-skip hook installed at 0x1af575d74
#### SkyLight StartComposite(WSCD) tolerate-nil + pop-on-bail hook installed at 0x1af575358
#### SkyLight StartComposite(MTLTex) pop-on-bail hook installed at 0x1af575fb8
#### SkyLight EndCurrentComposite(bool) completion hook installed at 0x1af57453c
#### SkyLight EndUpdate(bool) submission hook installed at 0x1af5740b0
#### SkyLight _state_stack pop_back resolved at 0x1af572fa0
#### SkyLight WSCompositeDestinationCreateWithMetalTexture nil-tolerate hook installed at 0x1af57853c
#### SkyLight MetalContext::StopCapture invalid-this guard installed at 0x1af5741bc
#### MACWS_AGX_NATIVE class_addMethod(MTLTextureDescriptor, validateWithDevice:) = 1
#### MACWS_AGX_NATIVE class_addMethod(IOGPUMetalTexture, isMemoryless) = 1
#### MACWS_AGX_NATIVE class_addMethod(IOGPUMetalTexture, getCPUSizeBytes) = 1
#### MACWS_AGX_NATIVE class_addMethod(IOGPUMetalTexture, getAlignment) = 1
#### MACWS_AGX_NATIVE class_addMethod(IOGPUMetalTexture, descriptorPrivate) = 1
#### MACWS_AGX_NATIVE class_addMethod(IOGPUMetalTexture, getBytesPerRow) = 1
#### MACWS_AGX_NATIVE class_addMethod(IOGPUMetalTexture, updateBindDataWithAddresses:gpuVirtualAddress:) = 1
#### MACWS_AGX_NATIVE class_addMethod(IOGPUMetalTexture, updateBindDataWithAddresses:gpuVirtualAddress:shouldInitMetadata:) = 1
#### MACWS_AGX_NATIVE class_addMethod(IOGPUMetalTexture, allocBufferSubDataWithLength:options:alignment:heapIndex:bufferIndex:bufferOffset:) = 1
#### MACWS_AGX_NATIVE class_addMethod(IOGPUMetalTexture, initNewTextureData:) = 1
#### MACWS_AGX_NATIVE class_addMethod(MTLTextureDescriptor, isMemoryless) = 1
#### MACWS_AGX_NATIVE class_addMethod(MTLTextureDescriptor, protectionOptions) = 1
#### MACWS_AGX_NATIVE class_addMethod(MTLTextureDescriptor, getCPUSizeBytes) = 1
#### MACWS_AGX_NATIVE class_addMethod(MTLTextureDescriptor, getAlignment) = 1
#### MACWS_AGX_NATIVE class_addMethod(MTLTextureDescriptor, descriptorPrivate) = 1
#### MACWS_AGX_NATIVE class_addMethod(MTLTextureDescriptor, getBytesPerRow) = 1
#### MACWS_AGX_NATIVE class_addMethod(MTLTextureDescriptor, updateBindDataWithAddresses:gpuVirtualAddress:) = 1
#### MACWS_AGX_NATIVE class_addMethod(MTLTextureDescriptor, updateBindDataWithAddresses:gpuVirtualAddress:shouldInitMetadata:) = 1
#### MACWS_AGX_NATIVE class_addMethod(MTLTextureDescriptor, allocBufferSubDataWithLength:options:alignment:heapIndex:bufferIndex:bufferOffset:) = 1
#### MACWS_AGX_NATIVE class_addMethod(MTLTextureDescriptor, initNewTextureData:) = 1
#### AMFI-POLICY-COMPAT policy=AMFI op=0x60 status=0x4 (iOS task ports are hard-immovable)
#### CSR-POLICY-COMPAT active_config=0x0 (conservative iOS compatibility value)
[54383:0728/150459.092803:ERROR:base/process/process_mac.cc:53] task_policy_set TASK_CATEGORY_POLICY: (os/kern) invalid argument (4)
[54383:0728/150459.097840:INFO:third_party/webrtc/rtc_base/cpu_info.cc:77] Available number of cores: 8
2026-07-28 15:04:59.100 Code Helper (Renderer)[54383:9239360] XType: Using static font registry.
#### JIT-MPROTECT range[0]=[0x280000000,0x290000000) source=MAP_JIT-EINVAL
#### JIT-MPROTECT execution barrier installed (W^X fetch-wait compatibility)
#### JIT-MPROTECT range[0]=[0x280000000,0x290000000) source=MAP_JIT-EINVAL
#### JIT-MPROTECT range[0]=[0x280000000,0x290000000) source=MAP_JIT-EINVAL
#### JIT-MPROTECT range[0]=[0x280000000,0x290000000) source=MAP_JIT-EINVAL
#### JIT-MPROTECT range[0]=[0x280000000,0x290000000) source=MAP_JIT-EINVAL
#### JIT-MPROTECT range[0]=[0x280000000,0x290000000) source=MAP_JIT-EINVAL
#### JIT-MPROTECT range[0]=[0x280000000,0x290000000) source=MAP_JIT-EINVAL
#### JIT-MPROTECT range[0]=[0x280000000,0x290000000) source=MAP_JIT-EINVAL
#### JIT-MPROTECT range[0]=[0x170000000,0x180000000) source=MAP_JIT-EINVAL
#### JIT-MPROTECT call #1 addr=0x170000000 size=0x10000000 requested=0x7 effective=0x3 result=0 errno=0 caller=0x115e82334 image=/Applications/Visual Studio Code.app/Contents/Frameworks/Electron Framework.framework/Versions/A/Electron Framework offset=0x63b2334
#### JIT-MPROTECT remap decline #1 dst=0x177dc0000 size=0x208000 src=0x112178000 requested=0x5 -> V8 copy fallback
#### JIT-MPROTECT flip #1 ranges=1 prot=RW writers=1 exec_waits=0 late_retries=0
#### JIT-MPROTECT flip #2 ranges=1 prot=RX writers=1 exec_waits=0 late_retries=0
[90m[main 2026-07-28T22:04:59.199Z][0m [shared storage] Creating shared storage database at '/Users/root/.vscode-shared/sharedStorage/state.vscdb' (wasCreated: false)
[90m[main 2026-07-28T22:04:59.202Z][0m [shared storage] Initializing fallback application storage (path: /tmp/macws-vscode-profile-agx-native-targetfix12/User/globalStorage/state.vscdb)
[54340:0728/150459.221398:VERBOSE1:content/browser/renderer_host/media/media_stream_manager.cc:1515] MSPL::OnSuspend([this=0x600152ea8])
[54340:0728/150459.227445:VERBOSE1:content/browser/loader/file_url_loader_factory.cc:474] FileURLLoader::Start: file:///Applications/Visual%20Studio%20Code.app/Contents/Resources/app/out/vs/code/electron-browser/workbench/workbench.html
[90m[main 2026-07-28T22:05:00.859Z][0m [shared storage] Fallback application storage initialized with 78 items
[54340:0728/150500.861942:VERBOSE1:content/browser/renderer_host/media/media_stream_manager.cc:1515] MSPL::OnResume([this=0x600152ea8])
[54383:0728/150500.887806:VERBOSE1:extensions/renderer/script_context.cc:150] Created context:
  extension id:           (none)
  frame:                  0xe02030500
  URL:                    
  context_type:           WEB_PAGE
  effective extension id: (none)
  effective context type: WEB_PAGE
[54383:0728/150500.888386:VERBOSE1:extensions/renderer/script_context.cc:150] Created context:
  extension id:           (none)
  frame:                  (nil)
  URL:                    
  context_type:           UNSPECIFIED
  effective extension id: (none)
  effective context type: UNSPECIFIED
[54383:0728/150500.888599:VERBOSE1:extensions/renderer/dispatcher.cc:493] Num tracked contexts: 1
[54383:0728/150500.893038:VERBOSE1:extensions/renderer/script_context.cc:150] Created context:
  extension id:           (none)
  frame:                  0xe02030500
  URL:                    
  context_type:           WEB_PAGE
  effective extension id: (none)
  effective context type: WEB_PAGE
[54383:0728/150500.893107:VERBOSE1:extensions/renderer/script_context.cc:150] Created context:
  extension id:           (none)
  frame:                  (nil)
  URL:                    
  context_type:           UNSPECIFIED
  effective extension id: (none)
  effective context type: UNSPECIFIED
[54383:0728/150500.893167:VERBOSE1:extensions/renderer/dispatcher.cc:493] Num tracked contexts: 2
#### JIT-MPROTECT flip #3 ranges=1 prot=RW writers=1 exec_waits=0 late_retries=0
#### JIT-MPROTECT flip #4 ranges=1 prot=RX writers=1 exec_waits=1 late_retries=0
#### JIT-MPROTECT flip #5 ranges=1 prot=RW writers=1 exec_waits=1 late_retries=0
#### JIT-MPROTECT flip #6 ranges=1 prot=RX writers=1 exec_waits=1 late_retries=0
#### JIT-MPROTECT flip #7 ranges=1 prot=RW writers=1 exec_waits=1 late_retries=0
#### JIT-MPROTECT flip #8 ranges=1 prot=RX writers=1 exec_waits=2 late_retries=0
#### JIT-MPROTECT flip #9 ranges=1 prot=RW writers=1 exec_waits=2 late_retries=0
#### JIT-MPROTECT flip #10 ranges=1 prot=RX writers=1 exec_waits=3 late_retries=0
#### JIT-MPROTECT flip #11 ranges=1 prot=RW writers=1 exec_waits=3 late_retries=0
#### JIT-MPROTECT flip #12 ranges=1 prot=RX writers=1 exec_waits=4 late_retries=0
#### JIT-MPROTECT flip #13 ranges=1 prot=RW writers=1 exec_waits=4 late_retries=0
#### JIT-MPROTECT flip #14 ranges=1 prot=RX writers=1 exec_waits=5 late_retries=0
#### JIT-MPROTECT flip #15 ranges=1 prot=RW writers=1 exec_waits=5 late_retries=0
#### JIT-MPROTECT flip #16 ranges=1 prot=RX writers=1 exec_waits=5 late_retries=0
#### JIT-MPROTECT flip #17 ranges=1 prot=RW writers=1 exec_waits=5 late_retries=0
#### JIT-MPROTECT flip #18 ranges=1 prot=RX writers=1 exec_waits=6 late_retries=0
#### JIT-MPROTECT flip #19 ranges=1 prot=RW writers=1 exec_waits=6 late_retries=0
#### JIT-MPROTECT flip #20 ranges=1 prot=RX writers=1 exec_waits=7 late_retries=0
#### JIT-MPROTECT flip #21 ranges=1 prot=RW writers=1 exec_waits=7 late_retries=0
#### JIT-MPROTECT flip #22 ranges=1 prot=RX writers=1 exec_waits=8 late_retries=0
#### JIT-MPROTECT flip #23 ranges=1 prot=RW writers=1 exec_waits=8 late_retries=0
#### JIT-MPROTECT flip #24 ranges=1 prot=RX writers=1 exec_waits=9 late_retries=0
#### JIT-MPROTECT flip #25 ranges=1 prot=RW writers=1 exec_waits=9 late_retries=0
#### JIT-MPROTECT flip #26 ranges=1 prot=RX writers=1 exec_waits=9 late_retries=0
#### JIT-MPROTECT flip #27 ranges=1 prot=RW writers=1 exec_waits=9 late_retries=1
#### JIT-MPROTECT flip #28 ranges=1 prot=RX writers=1 exec_waits=10 late_retries=1
#### JIT-MPROTECT flip #29 ranges=1 prot=RW writers=1 exec_waits=10 late_retries=1
#### JIT-MPROTECT flip #30 ranges=1 prot=RX writers=1 exec_waits=11 late_retries=1
#### JIT-MPROTECT flip #31 ranges=1 prot=RW writers=1 exec_waits=11 late_retries=1
#### JIT-MPROTECT flip #32 ranges=1 prot=RX writers=1 exec_waits=12 late_retries=1
[90m[main 2026-07-28T22:05:00.952Z][0m update#setState disabled
[90m[main 2026-07-28T22:05:00.952Z][0m update#ctor - updates are disabled by the environment
[91m[main 2026-07-28T22:05:00.962Z][0m Unable to resolve your shell environment: Unexpected exit code from spawned shell (code null, signal SIGABRT)
[54340:0728/150500.966020:VERBOSE1:content/browser/loader/file_url_loader_factory.cc:474] FileURLLoader::Start: file:///Applications/Visual%20Studio%20Code.app/Contents/Resources/app/out/vs/workbench/workbench.desktop.main.css
[54340:0728/150500.966369:VERBOSE1:content/browser/loader/file_url_loader_factory.cc:474] FileURLLoader::Start: file:///Applications/Visual%20Studio%20Code.app/Contents/Resources/app/out/vs/code/electron-browser/workbench/workbench.js
[54383:0728/150501.205778:VERBOSE1:third_party/blink/renderer/core/script/modulator_impl_base.cc:141] "Import Map: \"vscode-file://vscode-app/Applications/Visual%20Studio%20Code.app/Contents/Resources/app/out/vs/workbench/workbench.desktop.main.js\" skips prefix match because of non-special URL scheme"
#### JIT-MPROTECT flip #5120 ranges=1 prot=RX writers=1 exec_waits=1679 late_retries=35
[54340:0728/150501.256146:VERBOSE1:content/browser/loader/file_url_loader_factory.cc:474] FileURLLoader::Start: file:///Applications/Visual%20Studio%20Code.app/Contents/Resources/app/out/vs/workbench/workbench.desktop.main.js
#### MTL_TEX entry self class=AGXG13GFamilyDevice
#### MTL_TEX TLS set iosurface=0x60003d120 id=0xa8 plane=0 compressionHeaderSpan=0 (thread=0x205745e00 addr=0x0)
#### MACWS_AGX_NATIVE memoryless witness #4 instance=0x6001d2000 class=AGXG13GFamilyDevice original=0x20fa9e8a8 -> YES
#### AGXIOC RAW DUMP sel=0x9 type=0x82 inStructCnt=104 (PRE-patch):
    +0000: 82 00 00 00 00 00 00 00 60 09 a0 01 01 00 00 00
    +0x10: 01 01 00 04 30 04 00 00 00 00 00 00 00 00 00 00
    +0x20: 00 00 00 00 00 00 00 00 00 00 00 00 00 00 00 00
    +0x30: 00 00 00 00 00 00 00 00 a8 00 00 00 00 00 00 00
    +0x40: 00 00 00 00 00 00 00 00 00 00 00 00 00 00 00 00
    +0x50: 00 00 00 00 00 00 00 00 00 8f 88 80 01 00 00 00
    +0x60: 00 00 00 00 00 00 00 00
####   key fields: +0x14=0x430 +0x15(byte)=0x4 +0x30=0 +0x34=0 +0x38=0xa8 +0x40=0 +0x48=0 +0x58=0x180888f00
#### AGXIOC type=0x82 patch #1: f14=0x430 +0x30 0→0xa8 +0x38 0xa8→0 +0x40 0→0 +0x50 0→0x180888f00 +0x58 0x180888f00→0
#### AGX_LIFE CREATE id=0xe type=0x82 surf=0xa8 bytes=0x3d0000 kr=0 okC=14 failC=2 okD=0 failD=0 unmatchedD=0 full=0 live=14/4MB [t0=13/0MB t80=0/0MB t82=1/3MB]
#### AGX_LIFE type82 CREATE stack #1 resourceID=0xe surf=0xa8 (16 frames):
0   libmachook_arm64.dylib              0x00000001006a1030 IOConnectCallMethod_new + 8728
1   IOGPU                               0x00000001c749e18c IOGPUResourceCreate + 236
2   IOGPU                               0x00000001c7498138 -[IOGPUMetalResource initWithDevice:remoteStorageResource:options:args:argsSize:] + 460
3   libmachook_arm64.dylib              0x0000000100693450 __loadImageCallback_block_invoke_20 + 112
4   IOGPU                               0x00000001c749a5ec -[IOGPUMetalTexture initWithDevice:descriptor:iosurface:plane:field:args:argsSize:] + 824
5   AGXMetal13_3                        0x000000020fda2f38 -[AGXTexture initWithDevice:desc:iosurface:plane:] + 288
6   libmachook_arm64.dylib              0x00000001006c56c8 -[MTLFakeDevice hooked_newTextureWithDescriptor:iosurface:plane:] + 2052
7   libGLESv2.dylib                     0x00000001096d3754 glStartTilingQCOM + 2731860
8   libGLESv2.dylib                     0x00000001096a79b8 glStartTilingQCOM + 2552248
9   libGLESv2.dylib                     0x00000001096a7824 glStartTilingQCOM + 2551844
10  libGLESv2.dylib                     0x00000001095a5fd4 glStartTilingQCOM + 1497044
11  libGLESv2.dylib                     0x00000001094015fc libGLESv2.dylib + 38396
12  libGLESv2.dylib                     0x0000000109404d60 EGL_BindTexImage + 144
13  Electron Framework                  0x00000001134ae528 rust_bmp$cxxbridge1$194$Reader$image_data_loaded + 582280
14  Electron Framework                  0x00000001134b19cc rust_bmp$cxxbridge1$194$Reader$image_data_loaded + 595756
15  Electron Framework                  0x00000001134af830 rust_bmp$cxxbridge1$194$Reader$image_data_loaded + 587152
####   ResCreate OK type=0x82 clientID=0 +0x30=0xa8 +0x38=0 +0x40=0 +0x58=0 OUT[+0]=0x1500090000 OUT[+0x08]=0 OUT[+0x10]=0x101e34a80 OUT[+0x48]=0x3d0000
####   inStruct[0..104]:
####     00: 82 00 00 00 00 00 00 00 60 09 a0 01 01 00 00 00
####     10: 01 01 00 04 30 04 00 00 00 00 00 00 00 00 00 00
####     20: 00 00 00 00 00 00 00 00 00 00 00 00 00 00 00 00
####     30: a8 00 00 00 00 00 00 00 00 00 00 00 00 00 00 00
####     40: 00 00 00 00 00 00 00 00 00 00 00 00 00 00 00 00
####     50: 00 8f 88 80 01 00 00 00 00 00 00 00 00 00 00 00
####     60: 00 00 00 00 00 00 00 00
#### AGX_MAP_AUDIT: _impl ivar offset = 0x208
#### AGX_MAP_AUDIT #0 tex=0x6001bc300 impl=0x6009a2300 iosurface(arg=0x60003d120 bound=0x60003d120) plane=0 cpu130=0x10c5f0000 gpu40=0x1500090000 descriptorOff=0x190 descriptorLayout=0 compressed=0 extended=0 match=1
#### AGXIOC Method sel=0xf->0xd inCnt=2 inSC=0 outSC=16 -> 0x0
#### AGXIOC Method sel=0xf->0xd inCnt=2 inSC=0 outSC=16 -> 0x0
#### AGXIOC Struct sel=0x6->0x5 inSC=0 outSC=16 -> 0x0
#### AGXIOC Method sel=0x1e->0x1a inCnt=4 inSC=56 outSC=0 -> 0x0
#### AGXIOC type0 exact initFull length: +0x58=0 low32=0 -> +0x40=0x8000
#### AGX_LIFE CREATE id=0xf type=0 surf=0 bytes=0x8000 kr=0 okC=15 failC=2 okD=0 failD=0 unmatchedD=0 full=0 live=15/4MB [t0=14/0MB t80=0/0MB t82=1/3MB]
#### AGXIOC heap map #14 clientID 0x8000 -> resourceID 0xf size 0x8000
####   ResCreate OK type=0 clientID=0 +0x30=0x40 +0x38=0 +0x40=0x8000 +0x58=0 OUT[+0]=0x1500468000 OUT[+0x08]=0x109114000 OUT[+0x10]=0x101e34b40 OUT[+0x48]=0x8000
####   inStruct[0..104]:
####     00: 00 00 00 00 00 00 00 00 01 00 01 00 01 00 00 00
####     10: 01 01 00 01 70 04 00 00 00 00 00 00 00 00 00 00
####     20: 00 00 00 00 00 00 00 00 00 00 00 00 00 00 00 00
####     30: 40 00 00 00 00 00 00 00 00 00 00 00 00 00 00 00
####     40: 00 80 00 00 00 00 00 00 00 00 00 00 00 00 00 00
####     50: 00 00 00 00 00 00 00 00 00 00 00 00 00 00 00 00
####     60: 78 27 a9 6f 01 00 00 00
#### TRACE -[AGXBuffer initFull] self=0x60021bb80 dev=0x6001d2000 len=32768 align=1→64 opt=0 subDis=0→1 resIn=0x16fa926d8 pin=0x0 -> 0x60021bb80
#### AGXIOC type0 exact initFull length: +0x58=0 low32=0 -> +0x40=0xc000
#### AGX_LIFE CREATE id=0x10 type=0 surf=0 bytes=0xc000 kr=0 okC=16 failC=2 okD=0 failD=0 unmatchedD=0 full=0 live=16/4MB [t0=15/0MB t80=0/0MB t82=1/3MB]
#### AGXIOC heap map #15 clientID 0xc000 -> resourceID 0x10 size 0xc000
####   ResCreate OK type=0 clientID=0 +0x30=0x40 +0x38=0 +0x40=0xc000 +0x58=0 OUT[+0]=0x1500478000 OUT[+0x08]=0x10911c000 OUT[+0x10]=0x101e34c00 OUT[+0x48]=0xc000
####   inStruct[0..104]:
####     00: 00 00 00 00 00 00 00 00 01 00 01 00 01 00 00 00
####     10: 01 01 00 01 70 04 00 00 00 00 00 00 00 00 00 00
####     20: 00 00 00 00 00 00 00 00 00 00 00 00 00 00 00 00
####     30: 40 00 00 00 00 00 00 00 00 00 00 00 00 00 00 00
####     40: 00 c0 00 00 00 00 00 00 00 00 00 00 00 00 00 00
####     50: 00 00 00 00 00 00 00 00 00 00 00 00 00 00 00 00
####     60: 78 28 a9 6f 01 00 00 00
#### AGXIOC heap map #16 clientID 0x50000 -> resourceID 0x11 size 0x50000
####   ResCreate OK type=0 clientID=0 +0x30=0 +0x38=0 +0x40=0x50000 +0x58=0 OUT[+0]=0x18000 OUT[+0x08]=0x10938c000 OUT[+0x10]=0x101e34cc0 OUT[+0x48]=0x50000
####   inStruct[0..104]:
####     00: 00 00 00 00 00 00 00 00 01 00 01 00 01 00 00 00
####     10: 01 01 00 01 30 84 00 00 00 00 00 00 00 00 00 00
####     20: 00 00 00 00 00 00 00 00 00 00 00 00 00 00 00 00
####     30: 00 00 00 00 00 00 00 00 00 00 00 00 00 00 00 00
####     40: 00 00 05 00 00 00 00 00 00 00 00 00 00 00 00 00
####     50: 00 00 00 38 00 00 00 00 00 00 00 00 00 00 00 00
####     60: 00 00 00 00 00 00 00 00
#### CBRI_HOOK self=0x600224600 cls=AGXG13GFamilyCommandBuffer → resourceInfo=0x60025c800
####   ResCreate OK type=0 clientID=0 +0x30=0 +0x38=0 +0x40=0x8000 +0x58=0 OUT[+0]=0x1500488000 OUT[+0x08]=0x1091dc000 OUT[+0x10]=0x101e34d80 OUT[+0x48]=0x8000
####   inStruct[0..104]:
####     00: 00 00 00 00 00 00 00 00 00 80 01 00 01 00 00 00
####     10: 01 01 00 01 30 04 00 00 00 00 00 00 00 00 00 00
####     20: 00 00 00 00 00 00 00 00 00 00 00 00 00 00 00 00
####     30: 00 00 00 00 00 00 00 00 00 00 00 00 00 00 00 00
####     40: 00 80 00 00 00 00 00 00 00 00 00 00 00 00 00 00
####     50: 00 00 00 08 00 00 00 00 00 00 00 00 00 00 00 00
####     60: 00 00 00 00 00 00 00 00
####   ResCreate OK type=0 clientID=0 +0x30=0 +0x38=0 +0x40=0x8000 +0x58=0 OUT[+0]=0x1500498000 OUT[+0x08]=0x1091e4000 OUT[+0x10]=0x101e34e40 OUT[+0x48]=0x8000
####   inStruct[0..104]:
####     00: 00 00 00 00 00 00 00 00 00 80 01 00 01 00 00 00
####     10: 01 01 00 01 30 04 00 00 00 00 00 00 00 00 00 00
####     20: 00 00 00 00 00 00 00 00 00 00 00 00 00 00 00 00
####     30: 00 00 00 00 00 00 00 00 00 00 00 00 00 00 00 00
####     40: 00 80 00 00 00 00 00 00 00 00 00 00 00 00 00 00
####     50: 00 00 00 08 00 00 00 00 00 00 00 00 00 00 00 00
####     60: 00 00 00 00 00 00 00 00
####   ResCreate OK type=0 clientID=0 +0x30=0 +0x38=0 +0x40=0x8000 +0x58=0 OUT[+0]=0x15004a8000 OUT[+0x08]=0x1091ec000 OUT[+0x10]=0x101e34f00 OUT[+0x48]=0x8000
####   inStruct[0..104]:
####     00: 00 00 00 00 00 00 00 00 00 80 01 00 01 00 00 00
####     10: 01 01 00 01 30 04 00 00 00 00 00 00 00 00 00 00
####     20: 00 00 00 00 00 00 00 00 00 00 00 00 00 00 00 00
####     30: 00 00 00 00 00 00 00 00 00 00 00 00 00 00 00 00
####     40: 00 80 00 00 00 00 00 00 00 00 00 00 00 00 00 00
####     50: 00 00 00 08 00 00 00 00 00 00 00 00 00 00 00 00
####     60: 00 00 00 00 00 00 00 00
####   ResCreate OK type=0 clientID=0 +0x30=0 +0x38=0 +0x40=0x8000 +0x58=0 OUT[+0]=0x15004b8000 OUT[+0x08]=0x1091f4000 OUT[+0x10]=0x101e34fc0 OUT[+0x48]=0x8000
####   inStruct[0..104]:
####     00: 00 00 00 00 00 00 00 00 00 80 01 00 01 00 00 00
####     10: 01 01 00 01 30 04 00 00 00 00 00 00 00 00 00 00
####     20: 00 00 00 00 00 00 00 00 00 00 00 00 00 00 00 00
####     30: 00 00 00 00 00 00 00 00 00 00 00 00 00 00 00 00
####     40: 00 80 00 00 00 00 00 00 00 00 00 00 00 00 00 00
####     50: 00 00 00 08 00 00 00 00 00 00 00 00 00 00 00 00
####     60: 00 00 00 00 00 00 00 00
####   ResCreate OK type=0 clientID=0 +0x30=0 +0x38=0 +0x40=0x8000 +0x58=0 OUT[+0]=0x15004c8000 OUT[+0x08]=0x1093dc000 OUT[+0x10]=0x101e35080 OUT[+0x48]=0x8000
####   inStruct[0..104]:
####     00: 00 00 00 00 00 00 00 00 00 80 01 00 01 00 00 00
####     10: 01 01 00 01 30 04 00 00 00 00 00 00 00 00 00 00
####     20: 00 00 00 00 00 00 00 00 00 00 00 00 00 00 00 00
####     30: 00 00 00 00 00 00 00 00 00 00 00 00 00 00 00 00
####     40: 00 80 00 00 00 00 00 00 00 00 00 00 00 00 00 00
####     50: 00 00 00 08 00 00 00 00 00 00 00 00 00 00 00 00
####     60: 00 00 00 00 00 00 00 00
####   ResCreate OK type=0 clientID=0 +0x30=0 +0x38=0 +0x40=0x8000 +0x58=0 OUT[+0]=0x70000 OUT[+0x08]=0x1093e4000 OUT[+0x10]=0x101e35140 OUT[+0x48]=0x8000
####   inStruct[0..104]:
####     00: 00 00 00 00 00 00 00 00 00 80 01 00 01 00 00 00
####     10: 01 01 00 01 30 84 00 00 00 00 00 00 00 00 00 00
####     20: 00 00 00 00 00 00 00 00 00 00 00 00 00 00 00 00
####     30: 00 00 00 00 00 00 00 00 00 00 00 00 00 00 00 00
####     40: 00 80 00 00 00 00 00 00 00 00 00 00 00 00 00 00
####     50: 00 00 00 48 00 00 00 00 00 00 00 00 00 00 00 00
####     60: 00 00 00 00 00 00 00 00
####   ResCreate OK type=0 clientID=0 +0x30=0 +0x38=0 +0x40=0x8000 +0x58=0 OUT[+0]=0x80000 OUT[+0x08]=0x1093ec000 OUT[+0x10]=0x101e35200 OUT[+0x48]=0x8000
####   inStruct[0..104]:
####     00: 00 00 00 00 00 00 00 00 00 80 01 00 01 00 00 00
####     10: 01 01 00 01 30 84 00 00 00 00 00 00 00 00 00 00
####     20: 00 00 00 00 00 00 00 00 00 00 00 00 00 00 00 00
####     30: 00 00 00 00 00 00 00 00 00 00 00 00 00 00 00 00
####     40: 00 80 00 00 00 00 00 00 00 00 00 00 00 00 00 00
####     50: 00 00 00 48 00 00 00 00 00 00 00 00 00 00 00 00
####     60: 00 00 00 00 00 00 00 00
####   ResCreate OK type=0 clientID=0 +0x30=0 +0x38=0 +0x40=0x100000 +0x58=0 OUT[+0]=0x15004d8000 OUT[+0x08]=0x10cccc000 OUT[+0x10]=0x101e352c0 OUT[+0x48]=0x100000
####   inStruct[0..104]:
####     00: 00 00 00 00 00 00 00 00 00 00 01 00 01 00 00 00
####     10: 01 01 00 01 30 04 00 00 00 00 00 00 00 00 00 00
####     20: 00 00 00 00 00 00 00 00 00 00 00 00 00 00 00 00
####     30: 00 00 00 00 00 00 00 00 00 00 00 00 00 00 00 00
####     40: 00 00 10 00 00 00 00 00 00 00 00 00 00 00 00 00
####     50: 00 00 00 18 00 00 00 00 00 00 00 00 00 00 00 00
####     60: 00 00 00 00 00 00 00 00
####   ResCreate OK type=0 clientID=0 +0x30=0 +0x38=0 +0x40=0x8000 +0x58=0 OUT[+0]=0x15005e0000 OUT[+0x08]=0x10cdcc000 OUT[+0x10]=0x101e35380 OUT[+0x48]=0x8000
####   inStruct[0..104]:
####     00: 00 00 00 00 00 00 00 00 00 80 01 00 01 00 00 00
####     10: 01 01 00 01 30 04 00 00 00 00 00 00 00 00 00 00
####     20: 00 00 00 00 00 00 00 00 00 00 00 00 00 00 00 00
####     30: 00 00 00 00 00 00 00 00 00 00 00 00 00 00 00 00
####     40: 00 80 00 00 00 00 00 00 00 00 00 00 00 00 00 00
####     50: 00 00 00 08 00 00 00 00 00 00 00 00 00 00 00 00
####     60: 00 00 00 00 00 00 00 00
####   ResCreate OK type=0 clientID=0 +0x30=0 +0x38=0 +0x40=0x8000 +0x58=0 OUT[+0]=0x15005f0000 OUT[+0x08]=0x10cdd4000 OUT[+0x10]=0x101e35440 OUT[+0x48]=0x8000
####   inStruct[0..104]:
####     00: 00 00 00 00 00 00 00 00 00 80 01 00 01 00 00 00
####     10: 01 01 00 01 30 04 00 00 00 00 00 00 00 00 00 00
####     20: 00 00 00 00 00 00 00 00 00 00 00 00 00 00 00 00
####     30: 00 00 00 00 00 00 00 00 00 00 00 00 00 00 00 00
####     40: 00 80 00 00 00 00 00 00 00 00 00 00 00 00 00 00
####     50: 00 00 00 18 00 00 00 00 00 00 00 00 00 00 00 00
####     60: 00 00 00 00 00 00 00 00
####   ResCreate OK type=0 clientID=0 +0x30=0 +0x38=0 +0x40=0x8000 +0x58=0 OUT[+0]=0x1500600000 OUT[+0x08]=0x10cddc000 OUT[+0x10]=0x101e35500 OUT[+0x48]=0x8000
####   inStruct[0..104]:
####     00: 00 00 00 00 00 00 00 00 00 80 01 00 01 00 00 00
####     10: 01 01 00 01 30 04 00 00 00 00 00 00 00 00 00 00
####     20: 00 00 00 00 00 00 00 00 00 00 00 00 00 00 00 00
####     30: 00 00 00 00 00 00 00 00 00 00 00 00 00 00 00 00
####     40: 00 80 00 00 00 00 00 00 00 00 00 00 00 00 00 00
####     50: 00 00 00 08 00 00 00 00 00 00 00 00 00 00 00 00
####     60: 00 00 00 00 00 00 00 00
####   ResCreate OK type=0 clientID=0 +0x30=0 +0x38=0 +0x40=0x8000 +0x58=0 OUT[+0]=0x1500610000 OUT[+0x08]=0x10cde4000 OUT[+0x10]=0x101e355c0 OUT[+0x48]=0x8000
####   inStruct[0..104]:
####     00: 00 00 00 00 00 00 00 00 00 80 01 00 01 00 00 00
####     10: 01 01 00 01 30 04 00 00 00 00 00 00 00 00 00 00
####     20: 00 00 00 00 00 00 00 00 00 00 00 00 00 00 00 00
####     30: 00 00 00 00 00 00 00 00 00 00 00 00 00 00 00 00
####     40: 00 80 00 00 00 00 00 00 00 00 00 00 00 00 00 00
####     50: 00 00 00 08 00 00 00 00 00 00 00 00 00 00 00 00
####     60: 00 00 00 00 00 00 00 00
####   ResCreate OK type=0 clientID=0 +0x30=0 +0x38=0 +0x40=0x8000 +0x58=0 OUT[+0]=0x1500620000 OUT[+0x08]=0x10cdec000 OUT[+0x10]=0x101e35680 OUT[+0x48]=0x8000
####   inStruct[0..104]:
####     00: 00 00 00 00 00 00 00 00 00 80 01 00 01 00 00 00
####     10: 01 01 00 01 30 04 00 00 00 00 00 00 00 00 00 00
####     20: 00 00 00 00 00 00 00 00 00 00 00 00 00 00 00 00
####     30: 00 00 00 00 00 00 00 00 00 00 00 00 00 00 00 00
####     40: 00 80 00 00 00 00 00 00 00 00 00 00 00 00 00 00
####     50: 00 00 00 08 00 00 00 00 00 00 00 00 00 00 00 00
####     60: 00 00 00 00 00 00 00 00
####   ResCreate OK type=0 clientID=0 +0x30=0 +0x38=0 +0x40=0x8000 +0x58=0 OUT[+0]=0x1500630000 OUT[+0x08]=0x10cdf4000 OUT[+0x10]=0x101e35740 OUT[+0x48]=0x8000
####   inStruct[0..104]:
####     00: 00 00 00 00 00 00 00 00 00 80 01 00 01 00 00 00
####     10: 01 01 00 01 30 04 00 00 00 00 00 00 00 00 00 00
####     20: 00 00 00 00 00 00 00 00 00 00 00 00 00 00 00 00
####     30: 00 00 00 00 00 00 00 00 00 00 00 00 00 00 00 00
####     40: 00 80 00 00 00 00 00 00 00 00 00 00 00 00 00 00
####     50: 00 00 00 08 00 00 00 00 00 00 00 00 00 00 00 00
####     60: 00 00 00 00 00 00 00 00
####   ResCreate OK type=0 clientID=0 +0x30=0 +0x38=0 +0x40=0x8000 +0x58=0 OUT[+0]=0x1500640000 OUT[+0x08]=0x10cdfc000 OUT[+0x10]=0x101e35800 OUT[+0x48]=0x8000
####   inStruct[0..104]:
####     00: 00 00 00 00 00 00 00 00 00 80 01 00 01 00 00 00
####     10: 01 01 00 01 30 04 00 00 00 00 00 00 00 00 00 00
####     20: 00 00 00 00 00 00 00 00 00 00 00 00 00 00 00 00
####     30: 00 00 00 00 00 00 00 00 00 00 00 00 00 00 00 00
####     40: 00 80 00 00 00 00 00 00 00 00 00 00 00 00 00 00
####     50: 00 00 00 08 00 00 00 00 00 00 00 00 00 00 00 00
####     60: 00 00 00 00 00 00 00 00
####   ResCreate OK type=0 clientID=0 +0x30=0 +0x38=0 +0x40=0xff80 +0x58=0 OUT[+0]=0x1500650000 OUT[+0x08]=0x10ce04000 OUT[+0x10]=0x101e358c0 OUT[+0x48]=0x10000
####   inStruct[0..104]:
####     00: 00 00 00 00 00 00 00 00 80 ff 01 00 01 00 00 00
####     10: 01 01 00 01 30 04 00 00 00 00 00 00 00 00 00 00
####     20: 00 00 00 00 00 00 00 00 00 00 00 00 00 00 00 00
####     30: 00 00 00 00 00 00 00 00 00 00 00 00 00 00 00 00
####     40: 80 ff 00 00 00 00 00 00 00 00 00 00 00 00 00 00
####     50: 00 00 00 18 00 00 00 00 00 00 00 00 00 00 00 00
####     60: 00 00 00 00 00 00 00 00
####   ResCreate OK type=0 clientID=0 +0x30=0 +0x38=0 +0x40=0xc0000 +0x58=0 OUT[+0]=0x1500668000 OUT[+0x08]=0x10ce14000 OUT[+0x10]=0x101e35980 OUT[+0x48]=0xc0000
####   inStruct[0..104]:
####     00: 00 00 00 00 00 00 00 00 00 00 01 00 01 00 00 00
####     10: 01 01 00 01 30 04 00 00 00 00 00 00 00 00 00 00
####     20: 00 00 00 00 00 00 00 00 00 00 00 00 00 00 00 00
####     30: 00 00 00 00 00 00 00 00 00 00 00 00 00 00 00 00
####     40: 00 00 0c 00 00 00 00 00 00 00 00 00 00 00 00 00
####     50: 00 00 00 08 00 00 00 00 00 00 00 00 00 00 00 00
####     60: 00 00 00 00 00 00 00 00
#### AGX_SUBMIT_DIAG #2 TEMP-KCMD-TRAILING-WRAPPER-FIX match=1 subtype1=0..0x840->0..0x820 wrappers=2 range=0x840..0x870->0x820..0x850
#### MTL_TEX entry self class=AGXG13GFamilyDevice
#### MTL_TEX TLS set iosurface=0x60003d3e0 id=0x98 plane=0 compressionHeaderSpan=0 (thread=0x205745e00 addr=0x0)
#### AGXIOC Method sel=0x1e->0x1a inCnt=4 inSC=56 outSC=0 -> 0x0
#### MACWS_AGX_NATIVE memoryless witness #5 instance=0x6001d2000 class=AGXG13GFamilyDevice original=0x20fa9e8a8 -> YES
#### AGXIOC type=0x82 patch #2: f14=0x430 +0x30 0→0x98 +0x38 0x98→0 +0x40 0→0 +0x50 0→0x180888f00 +0x58 0x180888f00→0
#### AGX_LIFE type82 CREATE stack #2 resourceID=0x23 surf=0x98 (16 frames):
0   libmachook_arm64.dylib              0x00000001006a1030 IOConnectCallMethod_new + 8728
1   IOGPU                               0x00000001c749e18c IOGPUResourceCreate + 236
2   IOGPU                               0x00000001c7498138 -[IOGPUMetalResource initWithDevice:remoteStorageResource:options:args:argsSize:] + 460
3   libmachook_arm64.dylib              0x0000000100693450 __loadImageCallback_block_invoke_20 + 112
4   IOGPU                               0x00000001c749a5ec -[IOGPUMetalTexture initWithDevice:descriptor:iosurface:plane:field:args:argsSize:] + 824
5   AGXMetal13_3                        0x000000020fda2f38 -[AGXTexture initWithDevice:desc:iosurface:plane:] + 288
6   libmachook_arm64.dylib              0x00000001006c56c8 -[MTLFakeDevice hooked_newTextureWithDescriptor:iosurface:plane:] + 2052
7   libGLESv2.dylib                     0x00000001096d3754 glStartTilingQCOM + 2731860
8   libGLESv2.dylib                     0x00000001096a79b8 glStartTilingQCOM + 2552248
9   libGLESv2.dylib                     0x00000001096a7824 glStartTilingQCOM + 2551844
10  libGLESv2.dylib                     0x00000001095a5fd4 glStartTilingQCOM + 1497044
11  libGLESv2.dylib                     0x00000001094015fc libGLESv2.dylib + 38396
12  libGLESv2.dylib                     0x0000000109404d60 EGL_BindTexImage + 144
13  Electron Framework                  0x00000001134ae528 rust_bmp$cxxbridge1$194$Reader$image_data_loaded + 582280
14  Electron Framework                  0x00000001134b19cc rust_bmp$cxxbridge1$194$Reader$image_data_loaded + 595756
15  Electron Framework                  0x00000001134af830 rust_bmp$cxxbridge1$194$Reader$image_data_loaded + 587152
####   ResCreate OK type=0x82 clientID=0 +0x30=0x98 +0x38=0 +0x40=0 +0x58=0 OUT[+0]=0x15008f0000 OUT[+0x08]=0 OUT[+0x10]=0x101e35e00 OUT[+0x48]=0x3d0000
####   inStruct[0..104]:
####     00: 82 00 00 00 00 00 00 00 60 09 a0 01 01 00 00 00
####     10: 01 01 00 04 30 04 00 00 00 00 00 00 00 00 00 00
####     20: 00 00 00 00 00 00 00 00 00 00 00 00 00 00 00 00
####     30: 98 00 00 00 00 00 00 00 00 00 00 00 00 00 00 00
####     40: 00 00 00 00 00 00 00 00 00 00 00 00 00 00 00 00
####     50: 00 8f 88 80 01 00 00 00 00 00 00 00 00 00 00 00
####     60: 00 00 00 00 00 00 00 00
#### AGX_MAP_AUDIT #1 tex=0x6009a6180 impl=0x6009a5f00 iosurface(arg=0x60003d3e0 bound=0x60003d3e0) plane=0 cpu130=0x1187f0000 gpu40=0x15008f0000 descriptorOff=0x190 descriptorLayout=0 compressed=0 extended=0 match=1
#### AGXIOC Method sel=0x1e->0x1a inCnt=4 inSC=56 outSC=0 -> 0x0
#### CBRI_HOOK self=0x600225400 cls=AGXG13GFamilyCommandBuffer → resourceInfo=0x60025c800
#### AGX_SUBMIT_DIAG #4 TEMP-KCMD-TRAILING-WRAPPER-FIX match=2 subtype1=0..0x840->0..0x820 wrappers=1 range=0x840..0x858->0x820..0x838
#### AGXIOC Method sel=0x1e->0x1a inCnt=4 inSC=56 outSC=0 -> 0x0
#### MTL_TEX entry self class=AGXG13GFamilyDevice
#### MTL_TEX TLS set iosurface=0x60003dd40 id=0x102 plane=0 compressionHeaderSpan=0 (thread=0x205745e00 addr=0x0)
#### MACWS_AGX_NATIVE memoryless witness #6 instance=0x6001d2000 class=AGXG13GFamilyDevice original=0x20fa9e8a8 -> YES
#### AGXIOC type=0x82 patch #3: f14=0x430 +0x30 0→0x102 +0x38 0x102→0 +0x40 0→0 +0x50 0→0x180888f00 +0x58 0x180888f00→0
#### AGX_LIFE type82 CREATE stack #3 resourceID=0x24 surf=0x102 (16 frames):
0   libmachook_arm64.dylib              0x00000001006a1030 IOConnectCallMethod_new + 8728
1   IOGPU                               0x00000001c749e18c IOGPUResourceCreate + 236
2   IOGPU                               0x00000001c7498138 -[IOGPUMetalResource initWithDevice:remoteStorageResource:options:args:argsSize:] + 460
3   libmachook_arm64.dylib              0x0000000100693450 __loadImageCallback_block_invoke_20 + 112
4   IOGPU                               0x00000001c749a5ec -[IOGPUMetalTexture initWithDevice:descriptor:iosurface:plane:field:args:argsSize:] + 824
5   AGXMetal13_3                        0x000000020fda2f38 -[AGXTexture initWithDevice:desc:iosurface:plane:] + 288
6   libmachook_arm64.dylib              0x00000001006c56c8 -[MTLFakeDevice hooked_newTextureWithDescriptor:iosurface:plane:] + 2052
7   libGLESv2.dylib                     0x00000001096d3754 glStartTilingQCOM + 2731860
8   libGLESv2.dylib                     0x00000001096a79b8 glStartTilingQCOM + 2552248
9   libGLESv2.dylib                     0x00000001096a7824 glStartTilingQCOM + 2551844
10  libGLESv2.dylib                     0x00000001095a5fd4 glStartTilingQCOM + 1497044
11  libGLESv2.dylib                     0x00000001094015fc libGLESv2.dylib + 38396
12  libGLESv2.dylib                     0x0000000109404d60 EGL_BindTexImage + 144
13  Electron Framework                  0x00000001134ae528 rust_bmp$cxxbridge1$194$Reader$image_data_loaded + 582280
14  Electron Framework                  0x00000001134b19cc rust_bmp$cxxbridge1$194$Reader$image_data_loaded + 595756
15  Electron Framework                  0x00000001134af830 rust_bmp$cxxbridge1$194$Reader$image_data_loaded + 587152
####   ResCreate OK type=0x82 clientID=0 +0x30=0x102 +0x38=0 +0x40=0 +0x58=0 OUT[+0]=0x1500cc8000 OUT[+0x08]=0 OUT[+0x10]=0x101e35ec0 OUT[+0x48]=0x3d0000
####   inStruct[0..104]:
####     00: 82 00 00 00 00 00 00 00 60 09 a0 01 01 00 00 00
####     10: 01 01 00 04 30 04 00 00 00 00 00 00 00 00 00 00
####     20: 00 00 00 00 00 00 00 00 00 00 00 00 00 00 00 00
####     30: 02 01 00 00 00 00 00 00 00 00 00 00 00 00 00 00
####     40: 00 00 00 00 00 00 00 00 00 00 00 00 00 00 00 00
####     50: 00 8f 88 80 01 00 00 00 00 00 00 00 00 00 00 00
####     60: 00 00 00 00 00 00 00 00
#### AGX_MAP_AUDIT #2 tex=0x6009a7080 impl=0x6009a6e00 iosurface(arg=0x60003dd40 bound=0x60003dd40) plane=0 cpu130=0x118bc0000 gpu40=0x1500cc8000 descriptorOff=0x190 descriptorLayout=0 compressed=0 extended=0 match=1
#### AGXIOC Method sel=0x1e->0x1a inCnt=4 inSC=56 outSC=0 -> 0x0
#### AGXIOC Method sel=0xf->0xd inCnt=2 inSC=0 outSC=16 -> 0x0
#### AGXIOC Method sel=0xf->0xd inCnt=2 inSC=0 outSC=16 -> 0x0
#### CBRI_HOOK self=0x600225b00 cls=AGXG13GFamilyCommandBuffer → resourceInfo=0x600266800
#### AGX_SUBMIT_DIAG #6 TEMP-KCMD-TRAILING-WRAPPER-FIX match=3 subtype1=0..0x840->0..0x820 wrappers=1 range=0x840..0x858->0x820..0x838
#### AGXIOC Method sel=0x1e->0x1a inCnt=4 inSC=56 outSC=0 -> 0x0
#### MTL_TEX TLS set iosurface=0x60003ce80 id=0x103 plane=0 compressionHeaderSpan=0 (thread=0x205745e00 addr=0x0)
#### MACWS_AGX_NATIVE memoryless witness #7 instance=0x6001d2000 class=AGXG13GFamilyDevice original=0x20fa9e8a8 -> YES
#### AGXIOC type=0x82 patch #4: f14=0x430 +0x30 0→0x103 +0x38 0x103→0 +0x40 0→0 +0x50 0→0x180888f00 +0x58 0x180888f00→0
#### AGX_LIFE type82 CREATE stack #4 resourceID=0x25 surf=0x103 (16 frames):
0   libmachook_arm64.dylib              0x00000001006a1030 IOConnectCallMethod_new + 8728
1   IOGPU                               0x00000001c749e18c IOGPUResourceCreate + 236
2   IOGPU                               0x00000001c7498138 -[IOGPUMetalResource initWithDevice:remoteStorageResource:options:args:argsSize:] + 460
3   libmachook_arm64.dylib              0x0000000100693450 __loadImageCallback_block_invoke_20 + 112
4   IOGPU                               0x00000001c749a5ec -[IOGPUMetalTexture initWithDevice:descriptor:iosurface:plane:field:args:argsSize:] + 824
5   AGXMetal13_3                        0x000000020fda2f38 -[AGXTexture initWithDevice:desc:iosurface:plane:] + 288
6   libmachook_arm64.dylib              0x00000001006c56c8 -[MTLFakeDevice hooked_newTextureWithDescriptor:iosurface:plane:] + 2052
7   libGLESv2.dylib                     0x00000001096d3754 glStartTilingQCOM + 2731860
8   libGLESv2.dylib                     0x00000001096a79b8 glStartTilingQCOM + 2552248
9   libGLESv2.dylib                     0x00000001096a7824 glStartTilingQCOM + 2551844
10  libGLESv2.dylib                     0x00000001095a5fd4 glStartTilingQCOM + 1497044
11  libGLESv2.dylib                     0x00000001094015fc libGLESv2.dylib + 38396
12  libGLESv2.dylib                     0x0000000109404d60 EGL_BindTexImage + 144
13  Electron Framework                  0x00000001134ae528 rust_bmp$cxxbridge1$194$Reader$image_data_loaded + 582280
14  Electron Framework                  0x00000001134b19cc rust_bmp$cxxbridge1$194$Reader$image_data_loaded + 595756
15  Electron Framework                  0x00000001134af830 rust_bmp$cxxbridge1$194$Reader$image_data_loaded + 587152
####   ResCreate OK type=0x82 clientID=0 +0x30=0x103 +0x38=0 +0x40=0 +0x58=0 OUT[+0]=0x15010a0000 OUT[+0x08]=0 OUT[+0x10]=0x101e35f80 OUT[+0x48]=0x3d0000
####   inStruct[0..104]:
####     00: 82 00 00 00 00 00 00 00 60 09 a0 01 01 00 00 00
####     10: 01 01 00 04 30 04 00 00 00 00 00 00 00 00 00 00
####     20: 00 00 00 00 00 00 00 00 00 00 00 00 00 00 00 00
####     30: 03 01 00 00 00 00 00 00 00 00 00 00 00 00 00 00
####     40: 00 00 00 00 00 00 00 00 00 00 00 00 00 00 00 00
####     50: 00 8f 88 80 01 00 00 00 00 00 00 00 00 00 00 00
####     60: 00 00 00 00 00 00 00 00
#### AGX_MAP_AUDIT #3 tex=0x6009a7a80 impl=0x6009a7800 iosurface(arg=0x60003ce80 bound=0x60003ce80) plane=0 cpu130=0x118f90000 gpu40=0x15010a0000 descriptorOff=0x190 descriptorLayout=0 compressed=0 extended=0 match=1
#### AGXIOC Method sel=0x1e->0x1a inCnt=4 inSC=56 outSC=0 -> 0x0
#### CBRI_HOOK self=0x600226200 cls=AGXG13GFamilyCommandBuffer → resourceInfo=0x60025c800
#### AGX_SUBMIT_DIAG #8 TEMP-KCMD-TRAILING-WRAPPER-FIX match=4 subtype1=0..0x840->0..0x820 wrappers=1 range=0x840..0x858->0x820..0x838
#### AGXIOC Method sel=0x1e->0x1a inCnt=4 inSC=56 outSC=0 -> 0x0
#### JIT-MPROTECT flip #1024 ranges=1 prot=RX writers=1 exec_waits=189 late_retries=1
#### JIT-MPROTECT flip #2048 ranges=1 prot=RX writers=1 exec_waits=663 late_retries=1
#### JIT-MPROTECT flip #3072 ranges=1 prot=RX writers=1 exec_waits=998 late_retries=11
#### JIT-MPROTECT flip #4096 ranges=1 prot=RX writers=1 exec_waits=1390 late_retries=17
#### JIT-MPROTECT flip #5120 ranges=1 prot=RX writers=1 exec_waits=1823 late_retries=21
[54380:0728/150501.963911:VERBOSE1:net/base/network_delegate.cc:38] NetworkDelegate::NotifyBeforeURLRequest: https://main.vscode-cdn.net/extensions/chat.json
#### JIT-MPROTECT flip #6144 ranges=1 prot=RX writers=1 exec_waits=2229 late_retries=29
#### JIT-MPROTECT flip #7168 ranges=1 prot=RX writers=1 exec_waits=2650 late_retries=34
#### JIT-MPROTECT flip #8192 ranges=1 prot=RX writers=1 exec_waits=3027 late_retries=39
[54340:0728/150502.226852:VERBOSE1:content/browser/loader/file_url_loader_factory.cc:474] FileURLLoader::Start: file:///Applications/Visual%20Studio%20Code.app/Contents/Resources/app/out/media/sessions-icon.svg
#### JIT-MPROTECT flip #9216 ranges=1 prot=RX writers=1 exec_waits=3458 late_retries=40
[54340:0728/150502.324009:ERROR:net/cert/internal/trust_store_mac.cc:773] SecItemCopyMatching error: Error Domain=NSOSStatusErrorDomain Code=-50 "paramErr: error in user parameter list" (-50)
[54340:0728/150502.349692:VERBOSE1:components/proxy_config/pref_proxy_config_tracker_impl.cc:462] 0x601e40a80: set chrome proxy config service to 0x6004ba100
[54340:0728/150502.351047:VERBOSE1:components/device_event_log/device_event_log_impl.cc:204] [15:05:02.350] Bluetooth: EVENT: bluetooth_api.cc:82 BluetoothAPI: 0x6000b4360
[54340:0728/150502.351408:VERBOSE1:base/files/file_util_posix.cc:309] Cannot stat "/tmp/macws-vscode-profile-agx-native-targetfix12/Partitions/vscode-browser/Code Cache/pc": No such file or directory (2)
[54340:0728/150502.352639:VERBOSE1:net/disk_cache/simple/simple_index_file.cc:609] Simple Cache Index is being restored from disk.
[54340:0728/150502.356046:VERBOSE1:base/files/file_util_posix.cc:309] Cannot stat "/tmp/macws-vscode-profile-agx-native-targetfix12/Partitions/vscode-browser/databases": No such file or directory (2)
#### JIT-MPROTECT flip #10240 ranges=1 prot=RX writers=1 exec_waits=3886 late_retries=47
#### AGXIOC Method sel=0xd->0xc inCnt=2 inSC=0 outSC=0 -> 0x0
#### AGXIOC Method sel=0xd->0xc inCnt=2 inSC=0 outSC=0 -> 0x0
#### AGXIOC Method sel=0xd->0xc inCnt=2 inSC=0 outSC=0 -> 0x0
#### AGXIOC Method sel=0xd->0xc inCnt=2 inSC=0 outSC=0 -> 0x0
#### AGXIOC Method sel=0xd->0xc inCnt=2 inSC=0 outSC=0 -> 0x0
#### AGXIOC Method sel=0xd->0xc inCnt=2 inSC=0 outSC=0 -> 0x0
#### AGXIOC Method sel=0xd->0xc inCnt=2 inSC=0 outSC=0 -> 0x0
#### AGXIOC Method sel=0xd->0xc inCnt=2 inSC=0 outSC=0 -> 0x0
#### MTL_TEX TLS set iosurface=0x60003dd60 id=0x96 plane=0 compressionHeaderSpan=0 (thread=0x205745e00 addr=0x0)
#### MACWS_AGX_NATIVE memoryless witness #8 instance=0x6001d2000 class=AGXG13GFamilyDevice original=0x20fa9e8a8 -> YES
#### AGXIOC type=0x82 patch #5: f14=0x430 +0x30 0→0x96 +0x38 0x96→0 +0x40 0→0 +0x50 0→0x180888f00 +0x58 0x180888f00→0
####   ResCreate OK type=0x82 clientID=0 +0x30=0x96 +0x38=0 +0x40=0 +0x58=0 OUT[+0]=0x1501478000 OUT[+0x08]=0 OUT[+0x10]=0x101e36040 OUT[+0x48]=0x30000
####   inStruct[0..104]:
####     00: 82 00 00 00 00 00 00 00 2c 01 96 00 01 00 00 00
####     10: 01 01 00 04 30 04 00 00 00 00 00 00 00 00 00 00
####     20: 00 00 00 00 00 00 00 00 00 00 00 00 00 00 00 00
####     30: 96 00 00 00 00 00 00 00 00 00 00 00 00 00 00 00
####     40: 00 00 00 00 00 00 00 00 00 00 00 00 00 00 00 00
####     50: 00 8f 88 80 01 00 00 00 00 00 00 00 00 00 00 00
####     60: 00 00 00 00 00 00 00 00
#### AGX_MAP_AUDIT #4 tex=0x6009a8c00 impl=0x6009a8980 iosurface(arg=0x60003dd60 bound=0x60003dd60) plane=0 cpu130=0x10cf5c000 gpu40=0x1501478000 descriptorOff=0x190 descriptorLayout=0 compressed=0 extended=0 match=1
#### CBRI_HOOK self=0x600226900 cls=AGXG13GFamilyCommandBuffer → resourceInfo=0x600266800
#### AGXIOC Method sel=0xf->0xd inCnt=2 inSC=0 outSC=16 -> 0x0
#### AGXIOC Method sel=0xf->0xd inCnt=2 inSC=0 outSC=16 -> 0x0
#### CBRI_HOOK self=0x600226c80 cls=AGXG13GFamilyCommandBuffer → resourceInfo=0x600265e00
####   ResCreate OK type=0 clientID=0 +0x30=0 +0x38=0 +0x40=0x8000 +0x58=0 OUT[+0]=0x15014b0000 OUT[+0x08]=0x10cf94000 OUT[+0x10]=0x101e36100 OUT[+0x48]=0x8000
####   inStruct[0..104]:
####     00: 00 00 00 00 00 00 00 00 00 80 01 00 01 00 00 00
####     10: 01 01 00 01 30 04 00 00 00 00 00 00 00 00 00 00
####     20: 00 00 00 00 00 00 00 00 00 00 00 00 00 00 00 00
####     30: 00 00 00 00 00 00 00 00 00 00 00 00 00 00 00 00
####     40: 00 80 00 00 00 00 00 00 00 00 00 00 00 00 00 00
####     50: 00 00 00 08 00 00 00 00 00 00 00 00 00 00 00 00
####     60: 00 00 00 00 00 00 00 00
####   ResCreate OK type=0 clientID=0 +0x30=0 +0x38=0 +0x40=0x8000 +0x58=0 OUT[+0]=0x15014c0000 OUT[+0x08]=0x10cf9c000 OUT[+0x10]=0x101e361c0 OUT[+0x48]=0x8000
####   inStruct[0..104]:
####     00: 00 00 00 00 00 00 00 00 00 80 01 00 01 00 00 00
####     10: 01 01 00 01 30 04 00 00 00 00 00 00 00 00 00 00
####     20: 00 00 00 00 00 00 00 00 00 00 00 00 00 00 00 00
####     30: 00 00 00 00 00 00 00 00 00 00 00 00 00 00 00 00
####     40: 00 80 00 00 00 00 00 00 00 00 00 00 00 00 00 00
####     50: 00 00 00 08 00 00 00 00 00 00 00 00 00 00 00 00
####     60: 00 00 00 00 00 00 00 00
####   ResCreate OK type=0 clientID=0 +0x30=0 +0x38=0 +0x40=0x8000 +0x58=0 OUT[+0]=0x15014d0000 OUT[+0x08]=0x10cfa4000 OUT[+0x10]=0x101e36280 OUT[+0x48]=0x8000
####   inStruct[0..104]:
####     00: 00 00 00 00 00 00 00 00 00 80 01 00 01 00 00 00
####     10: 01 01 00 01 30 04 00 00 00 00 00 00 00 00 00 00
####     20: 00 00 00 00 00 00 00 00 00 00 00 00 00 00 00 00
####     30: 00 00 00 00 00 00 00 00 00 00 00 00 00 00 00 00
####     40: 00 80 00 00 00 00 00 00 00 00 00 00 00 00 00 00
####     50: 00 00 00 08 00 00 00 00 00 00 00 00 00 00 00 00
####     60: 00 00 00 00 00 00 00 00
####   ResCreate OK type=0 clientID=0 +0x30=0 +0x38=0 +0x40=0x8000 +0x58=0 OUT[+0]=0x15014e0000 OUT[+0x08]=0x10cfac000 OUT[+0x10]=0x101e36340 OUT[+0x48]=0x8000
####   inStruct[0..104]:
####     00: 00 00 00 00 00 00 00 00 00 80 01 00 01 00 00 00
####     10: 01 01 00 01 30 04 00 00 00 00 00 00 00 00 00 00
####     20: 00 00 00 00 00 00 00 00 00 00 00 00 00 00 00 00
####     30: 00 00 00 00 00 00 00 00 00 00 00 00 00 00 00 00
####     40: 00 80 00 00 00 00 00 00 00 00 00 00 00 00 00 00
####     50: 00 00 00 08 00 00 00 00 00 00 00 00 00 00 00 00
####     60: 00 00 00 00 00 00 00 00
#### AGX_SUBMIT_DIAG #10 TEMP-KCMD-TRAILING-WRAPPER-FIX match=5 subtype1=0..0x840->0..0x820 wrappers=1 range=0x840..0x858->0x820..0x838
####   ResCreate OK type=0 clientID=0 +0x30=0 +0x38=0 +0x40=0x8000 +0x58=0 OUT[+0]=0x15014f0000 OUT[+0x08]=0x10cfb4000 OUT[+0x10]=0x101e36400 OUT[+0x48]=0x8000
####   inStruct[0..104]:
####     00: 00 00 00 00 00 00 00 00 00 80 01 00 01 00 00 00
####     10: 01 01 00 01 30 04 00 00 00 00 00 00 00 00 00 00
####     20: 00 00 00 00 00 00 00 00 00 00 00 00 00 00 00 00
####     30: 00 00 00 00 00 00 00 00 00 00 00 00 00 00 00 00
####     40: 00 80 00 00 00 00 00 00 00 00 00 00 00 00 00 00
####     50: 00 00 00 08 00 00 00 00 00 00 00 00 00 00 00 00
####     60: 00 00 00 00 00 00 00 00
####   ResCreate OK type=0 clientID=0 +0x30=0 +0x38=0 +0x40=0x8000 +0x58=0 OUT[+0]=0x90000 OUT[+0x08]=0x10cfbc000 OUT[+0x10]=0x101e364c0 OUT[+0x48]=0x8000
####   inStruct[0..104]:
####     00: 00 00 00 00 00 00 00 00 00 80 01 00 01 00 00 00
####     10: 01 01 00 01 30 84 00 00 00 00 00 00 00 00 00 00
####     20: 00 00 00 00 00 00 00 00 00 00 00 00 00 00 00 00
####     30: 00 00 00 00 00 00 00 00 00 00 00 00 00 00 00 00
####     40: 00 80 00 00 00 00 00 00 00 00 00 00 00 00 00 00
####     50: 00 00 00 48 00 00 00 00 00 00 00 00 00 00 00 00
####     60: 00 00 00 00 00 00 00 00
####   ResCreate OK type=0 clientID=0 +0x30=0 +0x38=0 +0x40=0x8000 +0x58=0 OUT[+0]=0xa0000 OUT[+0x08]=0x10cfc4000 OUT[+0x10]=0x101e36580 OUT[+0x48]=0x8000
####   inStruct[0..104]:
####     00: 00 00 00 00 00 00 00 00 00 80 01 00 01 00 00 00
####     10: 01 01 00 01 30 84 00 00 00 00 00 00 00 00 00 00
####     20: 00 00 00 00 00 00 00 00 00 00 00 00 00 00 00 00
####     30: 00 00 00 00 00 00 00 00 00 00 00 00 00 00 00 00
####     40: 00 80 00 00 00 00 00 00 00 00 00 00 00 00 00 00
####     50: 00 00 00 48 00 00 00 00 00 00 00 00 00 00 00 00
####     60: 00 00 00 00 00 00 00 00
####   ResCreate OK type=0 clientID=0 +0x30=0 +0x38=0 +0x40=0x100000 +0x58=0 OUT[+0]=0x1501500000 OUT[+0x08]=0x119460000 OUT[+0x10]=0x101e36640 OUT[+0x48]=0x100000
####   inStruct[0..104]:
####     00: 00 00 00 00 00 00 00 00 00 00 01 00 01 00 00 00
####     10: 01 01 00 01 30 04 00 00 00 00 00 00 00 00 00 00
####     20: 00 00 00 00 00 00 00 00 00 00 00 00 00 00 00 00
####     30: 00 00 00 00 00 00 00 00 00 00 00 00 00 00 00 00
####     40: 00 00 10 00 00 00 00 00 00 00 00 00 00 00 00 00
####     50: 00 00 00 18 00 00 00 00 00 00 00 00 00 00 00 00
####     60: 00 00 00 00 00 00 00 00
#### AGX_SUBMIT_DIAG #11 TEMP-KCMD-TRAILING-WRAPPER-FIX match=6 subtype1=0..0x840->0..0x820 wrappers=1 range=0x840..0x858->0x820..0x838
#### MTL_TEX TLS set iosurface=0x600a63160 id=0xfe plane=0 compressionHeaderSpan=0 (thread=0x205745e00 addr=0x0)
#### MACWS_AGX_NATIVE memoryless witness #9 instance=0x6001d2000 class=AGXG13GFamilyDevice original=0x20fa9e8a8 -> YES
#### AGXIOC type=0x82 patch #6: f14=0x430 +0x30 0→0xfe +0x38 0xfe→0 +0x40 0→0 +0x50 0→0x180888f00 +0x58 0x180888f00→0
#### AGX_MAP_AUDIT #5 tex=0x6009aa000 impl=0x6009a9d80 iosurface(arg=0x600a63160 bound=0x600a63160) plane=0 cpu130=0x119854000 gpu40=0x1501758000 descriptorOff=0x190 descriptorLayout=0 compressed=0 extended=0 match=1
#### CBRI_HOOK self=0x600226900 cls=AGXG13GFamilyCommandBuffer → resourceInfo=0x600266800
#### AGX_SUBMIT_DIAG #13 TEMP-KCMD-TRAILING-WRAPPER-FIX match=7 subtype1=0..0x840->0..0x820 wrappers=1 range=0x840..0x858->0x820..0x838
#### MTL_TEX TLS set iosurface=0x60003e040 id=0x10f plane=0 compressionHeaderSpan=0 (thread=0x205745e00 addr=0x0)
#### MACWS_AGX_NATIVE memoryless witness #10 instance=0x6001d2000 class=AGXG13GFamilyDevice original=0x20fa9e8a8 -> YES
#### AGXIOC type=0x82 patch #7: f14=0x430 +0x30 0→0x10f +0x38 0x10f→0 +0x40 0→0 +0x50 0→0x180888f00 +0x58 0x180888f00→0
#### AGX_MAP_AUDIT #6 tex=0x6009aaa00 impl=0x6009aa780 iosurface(arg=0x60003e040 bound=0x60003e040) plane=0 cpu130=0x1198c0000 gpu40=0x15017c8000 descriptorOff=0x190 descriptorLayout=0 compressed=0 extended=0 match=1
#### MACWS_AGX_NATIVE memoryless witness #11 instance=0x6001d2000 class=AGXG13GFamilyDevice original=0x20fa9e8a8 -> YES
#### AGXIOC type0 exact initFull length: +0x58=0 low32=0 -> +0x40=0x2b20
#### CBRI_HOOK self=0x600227e00 cls=AGXG13GFamilyCommandBuffer → resourceInfo=0x600266800
#### CBRI_HOOK self=0x600227e00 cls=AGXG13GFamilyCommandBuffer → resourceInfo=0x600266800
#### AGX_SUBMIT_DIAG #15 TEMP-KCMD-MULTISEG-FIX segment=1/2 subtype=1 range=0x210..0xa50->0xa30 shrink=0x20 storage=0xa48 wrappedTail=YES
#### AGX_SUBMIT_DIAG #15 TEMP-KCMD-MULTISEG-FIX segment=0/2 subtype=3 range=0..0x210->0x200 shrink=0x10 storage=0xa38 wrappedTail=YES
#### MTL_TEX TLS set iosurface=0x600a62ba0 id=0x110 plane=0 compressionHeaderSpan=0 (thread=0x205745e00 addr=0x0)
#### MACWS_AGX_NATIVE memoryless witness #12 instance=0x6001d2000 class=AGXG13GFamilyDevice original=0x20fa9e8a8 -> YES
#### AGXIOC type=0x82 patch #8: f14=0x430 +0x30 0→0x110 +0x38 0x110→0 +0x40 0→0 +0x50 0→0x180888f00 +0x58 0x180888f00→0
#### AGX_MAP_AUDIT #7 tex=0x6009ab180 impl=0x6009a9b00 iosurface(arg=0x600a62ba0 bound=0x600a62ba0) plane=0 cpu130=0x11a0a4000 gpu40=0x1501fc0000 descriptorOff=0x190 descriptorLayout=0 compressed=0 extended=0 match=1
#### AGX_LIFE DESTROY id=0x3b type=0 surf=0 bytes=0x4000 kr=0 okC=62 failC=2 okD=1 failD=0 unmatchedD=0 full=0 live=61/32MB [t0=53/9MB t80=0/0MB t82=8/23MB]
#### CBRI_HOOK self=0x600229a00 cls=AGXG13GFamilyCommandBuffer → resourceInfo=0x600266800
#### AGX_SUBMIT_DIAG #17 TEMP-KCMD-TRAILING-WRAPPER-FIX match=8 subtype1=0..0x840->0..0x820 wrappers=1 range=0x840..0x858->0x820..0x838
#### MACWS_AGX_NATIVE memoryless witness #13 instance=0x6001d2000 class=AGXG13GFamilyDevice original=0x20fa9e8a8 -> YES
#### AGXIOC type=0x82 patch #9: f14=0x430 +0x30 0→0x112 +0x38 0x112→0 +0x40 0→0 +0x50 0→0x180888f00 +0x58 0x180888f00→0
#### AGX_MAP_AUDIT #8 tex=0x6009ae380 impl=0x6009ad200 iosurface(arg=0x600a62b40 bound=0x600a62b40) plane=0 cpu130=0x11a474000 gpu40=0x1502398000 descriptorOff=0x190 descriptorLayout=0 compressed=0 extended=0 match=1
#### AGXIOC type0 exact initFull length: +0x58=0 low32=0 -> +0x40=0x4600
#### AGX_SUBMIT_DIAG #19 TEMP-KCMD-MULTISEG-FIX segment=1/2 subtype=1 range=0x210..0xa50->0xa30 shrink=0x20 storage=0xa48 wrappedTail=YES
#### AGX_SUBMIT_DIAG #19 TEMP-KCMD-MULTISEG-FIX segment=0/2 subtype=3 range=0..0x210->0x200 shrink=0x10 storage=0xa38 wrappedTail=YES
#### MACWS_AGX_NATIVE memoryless witness #14 instance=0x6001d2000 class=AGXG13GFamilyDevice original=0x20fa9e8a8 -> YES
#### AGX_LIFE DESTROY id=0x3f type=0 surf=0 bytes=0x8000 kr=0 okC=64 failC=2 okD=2 failD=0 unmatchedD=0 full=0 live=62/36MB [t0=53/9MB t80=0/0MB t82=9/27MB]
#### AGXIOC sel=0x9 type=0x80 VA-shape +0x38=0x108f52000 → 0
#### AGXIOC sel=0x9 type=0x80 args+0x14=0xc30 → 0x430 (stripped macOS-only bits 0x2800)
#### AGXIOC subres parent 0x20000 -> resourceID 0xd, +0x30=0x108f72000 (sz 0x20000)
#### AGX_LIFE CREATE-FAIL id=0 type=0x80 surf=0 bytes=0x108f50000 kr=0xe00002c2 okC=64 failC=3 okD=2 failD=0 unmatchedD=0 full=0 live=62/36MB [t0=53/9MB t80=0/0MB t82=9/27MB]
#### AGXIOC Method sel=0xa->0x9 inCnt=0 inSC=104 outSC=80 -> 0xe00002c2
####   ResCreate FAIL type=0x80 clientID=0xd +0x30=0x108f72000 +0x38=0 +0x40=0x108f50000 +0x58=0x180888f00 OUT[+0]=0 OUT[+0x08]=0 OUT[+0x10]=0 OUT[+0x48]=0
####   inStruct[0..104]:
####     00: 80 00 00 00 00 00 00 00 20 00 20 00 01 00 00 00
####     10: 01 01 00 04 30 04 00 00 00 00 00 00 00 00 00 00
####     20: 00 00 00 00 00 00 00 00 00 00 00 00 00 00 00 00
####     30: 00 20 f7 08 01 00 00 00 00 00 00 00 00 00 00 00
####     40: 00 00 f5 08 01 00 00 00 0d 00 00 00 00 00 00 00
####     50: 0d 00 00 00 00 00 00 00 00 8f 88 80 01 00 00 00
####     60: 00 00 00 00 00 00 00 00
####   caller chain (12 frames):
####     [0] 0x1006a2130 IOConnectCallMethod_new+0x3318 (libmachook_arm64.dylib)
####     [1] 0x1c749e18c IOGPUResourceCreate+0xec (IOGPU)
####     [2] 0x1c7498138 -[IOGPUMetalResource initWithDevice:remoteStorageResource:options:args:argsSize:]+0x1cc (IOGPU)
####     [3] 0x100693450 __loadImageCallback_block_invoke_20+0x70 (libmachook_arm64.dylib)
####     [4] 0x1c749b070 -[IOGPUMetalTexture initWithBuffer:descriptor:sysMemOffset:sysMemRowBytes:vidMemSize:vidMemRowBytes:args:argsSize:isStrideTexture:]+0x248 (IOGPU)
####     [5] 0x1c749b7c0 -[IOGPUMetalTexture initWithPrimaryBuffer:heapIndex:bufferIndex:bufferOffset:length:descriptor:sysMemRowBytes:vidMemSize:vidMemRowBytes:args:argsSize:]+0x58 (IOGPU)
####     [6] 0x20fda3934 -[AGXTexture initWithDevice:desc:isSuballocDisabled:]+0x194 (AGXMetal13_3)
####     [7] 0x1006caf70 -[MTLFakeDevice hooked_newTextureWithDescriptor:]+0x19e0 (libmachook_arm64.dylib)
####     [8] 0x1096d3714 glStartTilingQCOM+0x29af14 (libGLESv2.dylib)
####     [9] 0x1096e6b48 glStartTilingQCOM+0x2ae348 (libGLESv2.dylib)
####     [10] 0x1096e5e40 glStartTilingQCOM+0x2ad640 (libGLESv2.dylib)
####     [11] 0x1096e5ccc glStartTilingQCOM+0x2ad4cc (libGLESv2.dylib)
#### AGX_INITARGS FAIL #3/67 cls=AGXG13GFamilyTexture dev=0x6001d2000 opt=0 args=0x16fa933f0 argsSize=104 — preserving nil
####   initargs+0000: 80 00 00 00 00 00 00 00 20 00 20 00 01 00 00 00
####   initargs+0x10: 01 01 00 04 30 0c 00 00 00 00 00 00 00 00 00 00
####   initargs+0x20: 00 00 00 00 00 00 00 00 00 00 00 00 00 00 00 00
####   initargs+0x30: 00 00 00 00 00 00 00 00 00 20 f5 08 01 00 00 00
####   initargs+0x40: 00 00 f5 08 01 00 00 00 00 00 02 00 00 00 00 00
####   initargs+0x50: 0d 00 00 00 00 00 00 00 00 8f 88 80 01 00 00 00
####   initargs+0x60: 00 00 00 00 00 00 00 00
#### MTL_TEX/plain.NIL pfmt=80 type=2 w=32 h=32 d=1 mips=1 arr=1 samp=1 storage=0 cpu=0 usage=0x7 swiz=0 cs=0x0 plane=0 ios=0x0
[54379:0728/150502.399291:WARNING:ui/gl/angle_platform_impl.cc:52] Debug.cpp:184 (insertMessage): GL error: HIGH: Error: 0x00000505, in ../../third_party/angle/src/libANGLE/renderer/metal/mtl_resources.mm, MakeTexture:330. Failed to allocate host memory.
[54379:0728/150502.399832:ERROR:gpu/command_buffer/service/raster_decoder.cc:3234] [.RendererRasterWorker-0x6004c1e00]GL ERROR :GL_INVALID_VALUE : glCreateTransferCacheEntryINTERNAL: Failure to deserialize transfer cache entry.
#### MACWS_AGX_NATIVE memoryless witness #15 instance=0x6001d2000 class=AGXG13GFamilyDevice original=0x20fa9e8a8 -> YES
#### AGXIOC type=0x82 patch #10: f14=0x430 +0x30 0→0x113 +0x38 0x113→0 +0x40 0→0 +0x50 0→0x180888f00 +0x58 0x180888f00→0
#### AGX_MAP_AUDIT #9 tex=0x6009aed80 impl=0x6009ae880 iosurface(arg=0x600a62a20 bound=0x600a62a20) plane=0 cpu130=0x11a84c000 gpu40=0x1502770000 descriptorOff=0x190 descriptorLayout=0 compressed=0 extended=0 match=1
#### MACWS_AGX_NATIVE memoryless witness #16 instance=0x6001d2000 class=AGXG13GFamilyDevice original=0x20fa9e8a8 -> YES
#### AGXIOC sel=0x9 type=0x80 VA-shape +0x38=0x108f53000 → 0
#### AGXIOC subres parent 0x20000 -> resourceID 0xd, +0x30=0x108f73000 (sz 0x20000)
#### AGX_LIFE CREATE-FAIL id=0 type=0x80 surf=0 bytes=0x108f50000 kr=0xe00002c2 okC=65 failC=4 okD=2 failD=0 unmatchedD=0 full=0 live=63/40MB [t0=53/9MB t80=0/0MB t82=10/31MB]
#### AGXIOC Method sel=0xa->0x9 inCnt=0 inSC=104 outSC=80 -> 0xe00002c2
####   ResCreate FAIL type=0x80 clientID=0xd +0x30=0x108f73000 +0x38=0 +0x40=0x108f50000 +0x58=0x180888c00 OUT[+0]=0 OUT[+0x08]=0 OUT[+0x10]=0 OUT[+0x48]=0
####   inStruct[0..104]:
####     00: 80 00 00 00 00 00 00 00 80 00 01 00 01 00 00 00
####     10: 01 01 00 01 30 04 00 00 00 00 00 00 00 00 00 00
####     20: 00 00 00 00 00 00 00 00 00 00 00 00 00 00 00 00
####     30: 00 30 f7 08 01 00 00 00 00 00 00 00 00 00 00 00
####     40: 00 00 f5 08 01 00 00 00 0d 00 00 00 00 00 00 00
####     50: 0d 00 00 00 00 00 00 00 00 8c 88 80 01 00 00 00
####     60: 00 00 00 00 00 00 00 00
####   caller chain (12 frames):
####     [0] 0x1006a2130 IOConnectCallMethod_new+0x3318 (libmachook_arm64.dylib)
####     [1] 0x1c749e18c IOGPUResourceCreate+0xec (IOGPU)
####     [2] 0x1c7498138 -[IOGPUMetalResource initWithDevice:remoteStorageResource:options:args:argsSize:]+0x1cc (IOGPU)
####     [3] 0x100693450 __loadImageCallback_block_invoke_20+0x70 (libmachook_arm64.dylib)
####     [4] 0x1c749b070 -[IOGPUMetalTexture initWithBuffer:descriptor:sysMemOffset:sysMemRowBytes:vidMemSize:vidMemRowBytes:args:argsSize:isStrideTexture:]+0x248 (IOGPU)
####     [5] 0x1c749b7c0 -[IOGPUMetalTexture initWithPrimaryBuffer:heapIndex:bufferIndex:bufferOffset:length:descriptor:sysMemRowBytes:vidMemSize:vidMemRowBytes:args:argsSize:]+0x58 (IOGPU)
####     [6] 0x20fda3934 -[AGXTexture initWithDevice:desc:isSuballocDisabled:]+0x194 (AGXMetal13_3)
####     [7] 0x1006caf70 -[MTLFakeDevice hooked_newTextureWithDescriptor:]+0x19e0 (libmachook_arm64.dylib)
####     [8] 0x1096d3714 glStartTilingQCOM+0x29af14 (libGLESv2.dylib)
####     [9] 0x1096e6b48 glStartTilingQCOM+0x2ae348 (libGLESv2.dylib)
####     [10] 0x1096e5e40 glStartTilingQCOM+0x2ad640 (libGLESv2.dylib)
####     [11] 0x1096e5ccc glStartTilingQCOM+0x2ad4cc (libGLESv2.dylib)
#### AGX_INITARGS FAIL #4/69 cls=AGXG13GFamilyTexture dev=0x6001d2000 opt=0 args=0x16fa928e0 argsSize=104 — preserving nil
####   initargs+0000: 80 00 00 00 00 00 00 00 80 00 01 00 01 00 00 00
####   initargs+0x10: 01 01 00 01 30 0c 00 00 00 00 00 00 00 00 00 00
####   initargs+0x20: 00 00 00 00 00 00 00 00 00 00 00 00 00 00 00 00
####   initargs+0x30: 00 00 00 00 00 00 00 00 00 30 f5 08 01 00 00 00
####   initargs+0x40: 00 00 f5 08 01 00 00 00 00 00 02 00 00 00 00 00
####   initargs+0x50: 0d 00 00 00 00 00 00 00 00 8c 88 80 01 00 00 00
####   initargs+0x60: 00 00 00 00 00 00 00 00
#### MTL_TEX/plain.NIL pfmt=10 type=2 w=128 h=1 d=1 mips=1 arr=1 samp=1 storage=0 cpu=0 usage=0x7 swiz=0 cs=0x0 plane=0 ios=0x0
[54379:0728/150502.403702:WARNING:ui/gl/angle_platform_impl.cc:52] Debug.cpp:184 (insertMessage): GL error: HIGH: Error: 0x00000505, in ../../third_party/angle/src/libANGLE/renderer/metal/mtl_resources.mm, MakeTexture:330. Failed to allocate host memory.
#### AGXIOC subres parent 0x20000 -> resourceID 0xd, +0x30=0x108f73100 (sz 0x20000)
#### AGX_LIFE CREATE-FAIL id=0 type=0x80 surf=0 bytes=0x108f50000 kr=0xe00002c2 okC=65 failC=5 okD=2 failD=0 unmatchedD=0 full=0 live=63/40MB [t0=53/9MB t80=0/0MB t82=10/31MB]
#### AGXIOC Method sel=0xa->0x9 inCnt=0 inSC=104 outSC=80 -> 0xe00002c2
####   ResCreate FAIL type=0x80 clientID=0xd +0x30=0x108f73100 +0x38=0 +0x40=0x108f50000 +0x58=0x180888c00 OUT[+0]=0 OUT[+0x08]=0 OUT[+0x10]=0 OUT[+0x48]=0
####   inStruct[0..104]:
####     00: 80 00 00 00 00 00 00 00 08 00 08 00 01 00 00 00
####     10: 01 01 00 01 30 04 00 00 00 00 00 00 00 00 00 00
####     20: 00 00 00 00 00 00 00 00 00 00 00 00 00 00 00 00
####     30: 00 31 f7 08 01 00 00 00 00 00 00 00 00 00 00 00
####     40: 00 00 f5 08 01 00 00 00 0d 00 00 00 00 00 00 00
####     50: 0d 00 00 00 00 00 00 00 00 8c 88 80 01 00 00 00
####     60: 00 00 00 00 00 00 00 00
####   caller chain (12 frames):
####     [0] 0x1006a2130 IOConnectCallMethod_new+0x3318 (libmachook_arm64.dylib)
####     [1] 0x1c749e18c IOGPUResourceCreate+0xec (IOGPU)
####     [2] 0x1c7498138 -[IOGPUMetalResource initWithDevice:remoteStorageResource:options:args:argsSize:]+0x1cc (IOGPU)
####     [3] 0x100693450 __loadImageCallback_block_invoke_20+0x70 (libmachook_arm64.dylib)
####     [4] 0x1c749b070 -[IOGPUMetalTexture initWithBuffer:descriptor:sysMemOffset:sysMemRowBytes:vidMemSize:vidMemRowBytes:args:argsSize:isStrideTexture:]+0x248 (IOGPU)
####     [5] 0x1c749b7c0 -[IOGPUMetalTexture initWithPrimaryBuffer:heapIndex:bufferIndex:bufferOffset:length:descriptor:sysMemRowBytes:vidMemSize:vidMemRowBytes:args:argsSize:]+0x58 (IOGPU)
####     [6] 0x20fda3934 -[AGXTexture initWithDevice:desc:isSuballocDisabled:]+0x194 (AGXMetal13_3)
####     [7] 0x1006caf70 -[MTLFakeDevice hooked_newTextureWithDescriptor:]+0x19e0 (libmachook_arm64.dylib)
####     [8] 0x1096d3714 glStartTilingQCOM+0x29af14 (libGLESv2.dylib)
####     [9] 0x1096e6b48 glStartTilingQCOM+0x2ae348 (libGLESv2.dylib)
####     [10] 0x1096e5e40 glStartTilingQCOM+0x2ad640 (libGLESv2.dylib)
####     [11] 0x1096e5ccc glStartTilingQCOM+0x2ad4cc (libGLESv2.dylib)
#### AGX_INITARGS FAIL #5/70 cls=AGXG13GFamilyTexture dev=0x6001d2000 opt=0 args=0x16fa92ed0 argsSize=104 — preserving nil
####   initargs+0000: 80 00 00 00 00 00 00 00 08 00 08 00 01 00 00 00
####   initargs+0x10: 01 01 00 01 30 0c 00 00 00 00 00 00 00 00 00 00
####   initargs+0x20: 00 00 00 00 00 00 00 00 00 00 00 00 00 00 00 00
####   initargs+0x30: 00 00 00 00 00 00 00 00 00 31 f5 08 01 00 00 00
####   initargs+0x40: 00 00 f5 08 01 00 00 00 00 00 02 00 00 00 00 00
####   initargs+0x50: 0d 00 00 00 00 00 00 00 00 8c 88 80 01 00 00 00
####   initargs+0x60: 00 00 00 00 00 00 00 00
#### MTL_TEX/plain.NIL pfmt=10 type=2 w=8 h=8 d=1 mips=1 arr=1 samp=1 storage=0 cpu=0 usage=0x7 swiz=0 cs=0x0 plane=0 ios=0x0
[54379:0728/150502.408282:WARNING:ui/gl/angle_platform_impl.cc:52] Debug.cpp:184 (insertMessage): GL error: HIGH: Error: 0x00000505, in ../../third_party/angle/src/libANGLE/renderer/metal/mtl_resources.mm, MakeTexture:330. Failed to allocate host memory.
#### AGXIOC subres parent 0x20000 -> resourceID 0xd, +0x30=0x108f73200 (sz 0x20000)
#### AGX_LIFE CREATE-FAIL id=0 type=0x80 surf=0 bytes=0x108f50000 kr=0xe00002c2 okC=65 failC=6 okD=2 failD=0 unmatchedD=0 full=0 live=63/40MB [t0=53/9MB t80=0/0MB t82=10/31MB]
#### AGXIOC Method sel=0xa->0x9 inCnt=0 inSC=104 outSC=80 -> 0xe00002c2
####   ResCreate FAIL type=0x80 clientID=0xd +0x30=0x108f73200 +0x38=0 +0x40=0x108f50000 +0x58=0x180888c00 OUT[+0]=0 OUT[+0x08]=0 OUT[+0x10]=0 OUT[+0x48]=0
####   inStruct[0..104]:
####     00: 80 00 00 00 00 00 00 00 08 00 08 00 01 00 00 00
####     10: 01 01 00 01 30 04 00 00 00 00 00 00 00 00 00 00
####     20: 00 00 00 00 00 00 00 00 00 00 00 00 00 00 00 00
####     30: 00 32 f7 08 01 00 00 00 00 00 00 00 00 00 00 00
####     40: 00 00 f5 08 01 00 00 00 0d 00 00 00 00 00 00 00
####     50: 0d 00 00 00 00 00 00 00 00 8c 88 80 01 00 00 00
####     60: 00 00 00 00 00 00 00 00
####   caller chain (12 frames):
####     [0] 0x1006a2130 IOConnectCallMethod_new+0x3318 (libmachook_arm64.dylib)
####     [1] 0x1c749e18c IOGPUResourceCreate+0xec (IOGPU)
####     [2] 0x1c7498138 -[IOGPUMetalResource initWithDevice:remoteStorageResource:options:args:argsSize:]+0x1cc (IOGPU)
####     [3] 0x100693450 __loadImageCallback_block_invoke_20+0x70 (libmachook_arm64.dylib)
####     [4] 0x1c749b070 -[IOGPUMetalTexture initWithBuffer:descriptor:sysMemOffset:sysMemRowBytes:vidMemSize:vidMemRowBytes:args:argsSize:isStrideTexture:]+0x248 (IOGPU)
####     [5] 0x1c749b7c0 -[IOGPUMetalTexture initWithPrimaryBuffer:heapIndex:bufferIndex:bufferOffset:length:descriptor:sysMemRowBytes:vidMemSize:vidMemRowBytes:args:argsSize:]+0x58 (IOGPU)
####     [6] 0x20fda3934 -[AGXTexture initWithDevice:desc:isSuballocDisabled:]+0x194 (AGXMetal13_3)
####     [7] 0x1006caf70 -[MTLFakeDevice hooked_newTextureWithDescriptor:]+0x19e0 (libmachook_arm64.dylib)
####     [8] 0x1096d3714 glStartTilingQCOM+0x29af14 (libGLESv2.dylib)
####     [9] 0x1096e6b48 glStartTilingQCOM+0x2ae348 (libGLESv2.dylib)
####     [10] 0x1096e5e40 glStartTilingQCOM+0x2ad640 (libGLESv2.dylib)
####     [11] 0x1096e5ccc glStartTilingQCOM+0x2ad4cc (libGLESv2.dylib)
#### AGX_INITARGS FAIL #6/71 cls=AGXG13GFamilyTexture dev=0x6001d2000 opt=0 args=0x16fa92f40 argsSize=104 — preserving nil
####   initargs+0000: 80 00 00 00 00 00 00 00 08 00 08 00 01 00 00 00
####   initargs+0x10: 01 01 00 01 30 0c 00 00 00 00 00 00 00 00 00 00
####   initargs+0x20: 00 00 00 00 00 00 00 00 00 00 00 00 00 00 00 00
####   initargs+0x30: 00 00 00 00 00 00 00 00 00 32 f5 08 01 00 00 00
####   initargs+0x40: 00 00 f5 08 01 00 00 00 00 00 02 00 00 00 00 00
####   initargs+0x50: 0d 00 00 00 00 00 00 00 00 8c 88 80 01 00 00 00
####   initargs+0x60: 00 00 00 00 00 00 00 00
#### MTL_TEX/plain.NIL pfmt=10 type=2 w=8 h=8 d=1 mips=1 arr=1 samp=1 storage=0 cpu=0 usage=0x7 swiz=0 cs=0x0 plane=0 ios=0x0
[54379:0728/150502.410555:WARNING:ui/gl/angle_platform_impl.cc:52] Debug.cpp:184 (insertMessage): GL error: HIGH: Error: 0x00000505, in ../../third_party/angle/src/libANGLE/renderer/metal/mtl_resources.mm, MakeTexture:330. Failed to allocate host memory.
#### AGXIOC subres parent 0x20000 -> resourceID 0xd, +0x30=0x108f73300 (sz 0x20000)
#### AGX_LIFE CREATE-FAIL id=0 type=0x80 surf=0 bytes=0x108f50000 kr=0xe00002c2 okC=65 failC=7 okD=2 failD=0 unmatchedD=0 full=0 live=63/40MB [t0=53/9MB t80=0/0MB t82=10/31MB]
#### AGXIOC Method sel=0xa->0x9 inCnt=0 inSC=104 outSC=80 -> 0xe00002c2
####   ResCreate FAIL type=0x80 clientID=0xd +0x30=0x108f73300 +0x38=0 +0x40=0x108f50000 +0x58=0x180888c00 OUT[+0]=0 OUT[+0x08]=0 OUT[+0x10]=0 OUT[+0x48]=0
####   inStruct[0..104]:
####     00: 80 00 00 00 00 00 00 00 08 00 08 00 01 00 00 00
####     10: 01 01 00 01 30 04 00 00 00 00 00 00 00 00 00 00
####     20: 00 00 00 00 00 00 00 00 00 00 00 00 00 00 00 00
####     30: 00 33 f7 08 01 00 00 00 00 00 00 00 00 00 00 00
####     40: 00 00 f5 08 01 00 00 00 0d 00 00 00 00 00 00 00
####     50: 0d 00 00 00 00 00 00 00 00 8c 88 80 01 00 00 00
####     60: 00 00 00 00 00 00 00 00
####   caller chain (12 frames):
####     [0] 0x1006a2130 IOConnectCallMethod_new+0x3318 (libmachook_arm64.dylib)
####     [1] 0x1c749e18c IOGPUResourceCreate+0xec (IOGPU)
####     [2] 0x1c7498138 -[IOGPUMetalResource initWithDevice:remoteStorageResource:options:args:argsSize:]+0x1cc (IOGPU)
####     [3] 0x100693450 __loadImageCallback_block_invoke_20+0x70 (libmachook_arm64.dylib)
####     [4] 0x1c749b070 -[IOGPUMetalTexture initWithBuffer:descriptor:sysMemOffset:sysMemRowBytes:vidMemSize:vidMemRowBytes:args:argsSize:isStrideTexture:]+0x248 (IOGPU)
####     [5] 0x1c749b7c0 -[IOGPUMetalTexture initWithPrimaryBuffer:heapIndex:bufferIndex:bufferOffset:length:descriptor:sysMemRowBytes:vidMemSize:vidMemRowBytes:args:argsSize:]+0x58 (IOGPU)
####     [6] 0x20fda3934 -[AGXTexture initWithDevice:desc:isSuballocDisabled:]+0x194 (AGXMetal13_3)
####     [7] 0x1006caf70 -[MTLFakeDevice hooked_newTextureWithDescriptor:]+0x19e0 (libmachook_arm64.dylib)
####     [8] 0x1096d3714 glStartTilingQCOM+0x29af14 (libGLESv2.dylib)
####     [9] 0x1096e6b48 glStartTilingQCOM+0x2ae348 (libGLESv2.dylib)
####     [10] 0x1096e5e40 glStartTilingQCOM+0x2ad640 (libGLESv2.dylib)
####     [11] 0x1096e5ccc glStartTilingQCOM+0x2ad4cc (libGLESv2.dylib)
#### AGX_INITARGS FAIL #7/72 cls=AGXG13GFamilyTexture dev=0x6001d2000 opt=0 args=0x16fa92f40 argsSize=104 — preserving nil
####   initargs+0000: 80 00 00 00 00 00 00 00 08 00 08 00 01 00 00 00
####   initargs+0x10: 01 01 00 01 30 0c 00 00 00 00 00 00 00 00 00 00
####   initargs+0x20: 00 00 00 00 00 00 00 00 00 00 00 00 00 00 00 00
####   initargs+0x30: 00 00 00 00 00 00 00 00 00 33 f5 08 01 00 00 00
####   initargs+0x40: 00 00 f5 08 01 00 00 00 00 00 02 00 00 00 00 00
####   initargs+0x50: 0d 00 00 00 00 00 00 00 00 8c 88 80 01 00 00 00
####   initargs+0x60: 00 00 00 00 00 00 00 00
#### MTL_TEX/plain.NIL pfmt=10 type=2 w=8 h=8 d=1 mips=1 arr=1 samp=1 storage=0 cpu=0 usage=0x7 swiz=0 cs=0x0 plane=0 ios=0x0
[54379:0728/150502.412534:WARNING:ui/gl/angle_platform_impl.cc:52] Debug.cpp:184 (insertMessage): GL error: HIGH: Error: 0x00000505, in ../../third_party/angle/src/libANGLE/renderer/metal/mtl_resources.mm, MakeTexture:330. Failed to allocate host memory.
#### AGXIOC subres parent 0x20000 -> resourceID 0xd, +0x30=0x108f73400 (sz 0x20000)
#### AGX_LIFE CREATE-FAIL id=0 type=0x80 surf=0 bytes=0x108f50000 kr=0xe00002c2 okC=65 failC=8 okD=2 failD=0 unmatchedD=0 full=0 live=63/40MB [t0=53/9MB t80=0/0MB t82=10/31MB]
#### AGXIOC Method sel=0xa->0x9 inCnt=0 inSC=104 outSC=80 -> 0xe00002c2
####   ResCreate FAIL type=0x80 clientID=0xd +0x30=0x108f73400 +0x38=0 +0x40=0x108f50000 +0x58=0x180888c00 OUT[+0]=0 OUT[+0x08]=0 OUT[+0x10]=0 OUT[+0x48]=0
####   inStruct[0..104]:
####     00: 80 00 00 00 00 00 00 00 08 00 08 00 01 00 00 00
####     10: 01 01 00 01 30 04 00 00 00 00 00 00 00 00 00 00
####     20: 00 00 00 00 00 00 00 00 00 00 00 00 00 00 00 00
####     30: 00 34 f7 08 01 00 00 00 00 00 00 00 00 00 00 00
####     40: 00 00 f5 08 01 00 00 00 0d 00 00 00 00 00 00 00
####     50: 0d 00 00 00 00 00 00 00 00 8c 88 80 01 00 00 00
####     60: 00 00 00 00 00 00 00 00
####   caller chain (12 frames):
####     [0] 0x1006a2130 IOConnectCallMethod_new+0x3318 (libmachook_arm64.dylib)
####     [1] 0x1c749e18c IOGPUResourceCreate+0xec (IOGPU)
####     [2] 0x1c7498138 -[IOGPUMetalResource initWithDevice:remoteStorageResource:options:args:argsSize:]+0x1cc (IOGPU)
####     [3] 0x100693450 __loadImageCallback_block_invoke_20+0x70 (libmachook_arm64.dylib)
####     [4] 0x1c749b070 -[IOGPUMetalTexture initWithBuffer:descriptor:sysMemOffset:sysMemRowBytes:vidMemSize:vidMemRowBytes:args:argsSize:isStrideTexture:]+0x248 (IOGPU)
####     [5] 0x1c749b7c0 -[IOGPUMetalTexture initWithPrimaryBuffer:heapIndex:bufferIndex:bufferOffset:length:descriptor:sysMemRowBytes:vidMemSize:vidMemRowBytes:args:argsSize:]+0x58 (IOGPU)
####     [6] 0x20fda3934 -[AGXTexture initWithDevice:desc:isSuballocDisabled:]+0x194 (AGXMetal13_3)
####     [7] 0x1006caf70 -[MTLFakeDevice hooked_newTextureWithDescriptor:]+0x19e0 (libmachook_arm64.dylib)
####     [8] 0x1096d3714 glStartTilingQCOM+0x29af14 (libGLESv2.dylib)
####     [9] 0x1096e6b48 glStartTilingQCOM+0x2ae348 (libGLESv2.dylib)
####     [10] 0x1096e5e40 glStartTilingQCOM+0x2ad640 (libGLESv2.dylib)
####     [11] 0x1096e5ccc glStartTilingQCOM+0x2ad4cc (libGLESv2.dylib)
#### AGX_INITARGS FAIL #8/73 cls=AGXG13GFamilyTexture dev=0x6001d2000 opt=0 args=0x16fa92f40 argsSize=104 — preserving nil
####   initargs+0000: 80 00 00 00 00 00 00 00 08 00 08 00 01 00 00 00
####   initargs+0x10: 01 01 00 01 30 0c 00 00 00 00 00 00 00 00 00 00
####   initargs+0x20: 00 00 00 00 00 00 00 00 00 00 00 00 00 00 00 00
####   initargs+0x30: 00 00 00 00 00 00 00 00 00 34 f5 08 01 00 00 00
####   initargs+0x40: 00 00 f5 08 01 00 00 00 00 00 02 00 00 00 00 00
####   initargs+0x50: 0d 00 00 00 00 00 00 00 00 8c 88 80 01 00 00 00
####   initargs+0x60: 00 00 00 00 00 00 00 00
#### MTL_TEX/plain.NIL pfmt=10 type=2 w=8 h=8 d=1 mips=1 arr=1 samp=1 storage=0 cpu=0 usage=0x7 swiz=0 cs=0x0 plane=0 ios=0x0
[54379:0728/150502.414165:WARNING:ui/gl/angle_platform_impl.cc:52] Debug.cpp:184 (insertMessage): GL error: HIGH: Error: 0x00000505, in ../../third_party/angle/src/libANGLE/renderer/metal/mtl_resources.mm, MakeTexture:330. Failed to allocate host memory.
#### AGXIOC subres parent 0x20000 -> resourceID 0xd, +0x30=0x108f73500 (sz 0x20000)
#### AGX_LIFE CREATE-FAIL id=0 type=0x80 surf=0 bytes=0x108f50000 kr=0xe00002c2 okC=65 failC=9 okD=2 failD=0 unmatchedD=0 full=0 live=63/40MB [t0=53/9MB t80=0/0MB t82=10/31MB]
#### AGXIOC Method sel=0xa->0x9 inCnt=0 inSC=104 outSC=80 -> 0xe00002c2
####   ResCreate FAIL type=0x80 clientID=0xd +0x30=0x108f73500 +0x38=0 +0x40=0x108f50000 +0x58=0x180888c00 OUT[+0]=0 OUT[+0x08]=0 OUT[+0x10]=0 OUT[+0x48]=0
####   inStruct[0..104]:
####     00: 80 00 00 00 00 00 00 00 08 00 08 00 01 00 00 00
####     10: 01 01 00 01 30 04 00 00 00 00 00 00 00 00 00 00
####     20: 00 00 00 00 00 00 00 00 00 00 00 00 00 00 00 00
####     30: 00 35 f7 08 01 00 00 00 00 00 00 00 00 00 00 00
####     40: 00 00 f5 08 01 00 00 00 0d 00 00 00 00 00 00 00
####     50: 0d 00 00 00 00 00 00 00 00 8c 88 80 01 00 00 00
####     60: 00 00 00 00 00 00 00 00
####   caller chain (12 frames):
####     [0] 0x1006a2130 IOConnectCallMethod_new+0x3318 (libmachook_arm64.dylib)
####     [1] 0x1c749e18c IOGPUResourceCreate+0xec (IOGPU)
####     [2] 0x1c7498138 -[IOGPUMetalResource initWithDevice:remoteStorageResource:options:args:argsSize:]+0x1cc (IOGPU)
####     [3] 0x100693450 __loadImageCallback_block_invoke_20+0x70 (libmachook_arm64.dylib)
####     [4] 0x1c749b070 -[IOGPUMetalTexture initWithBuffer:descriptor:sysMemOffset:sysMemRowBytes:vidMemSize:vidMemRowBytes:args:argsSize:isStrideTexture:]+0x248 (IOGPU)
####     [5] 0x1c749b7c0 -[IOGPUMetalTexture initWithPrimaryBuffer:heapIndex:bufferIndex:bufferOffset:length:descriptor:sysMemRowBytes:vidMemSize:vidMemRowBytes:args:argsSize:]+0x58 (IOGPU)
####     [6] 0x20fda3934 -[AGXTexture initWithDevice:desc:isSuballocDisabled:]+0x194 (AGXMetal13_3)
####     [7] 0x1006caf70 -[MTLFakeDevice hooked_newTextureWithDescriptor:]+0x19e0 (libmachook_arm64.dylib)
####     [8] 0x1096d3714 glStartTilingQCOM+0x29af14 (libGLESv2.dylib)
####     [9] 0x1096e6b48 glStartTilingQCOM+0x2ae348 (libGLESv2.dylib)
####     [10] 0x1096e5e40 glStartTilingQCOM+0x2ad640 (libGLESv2.dylib)
####     [11] 0x1096e5ccc glStartTilingQCOM+0x2ad4cc (libGLESv2.dylib)
#### AGX_INITARGS FAIL #9/74 cls=AGXG13GFamilyTexture dev=0x6001d2000 opt=0 args=0x16fa92f40 argsSize=104 — preserving nil
#### MTL_TEX/plain.NIL pfmt=10 type=2 w=8 h=8 d=1 mips=1 arr=1 samp=1 storage=0 cpu=0 usage=0x7 swiz=0 cs=0x0 plane=0 ios=0x0
[54379:0728/150502.414963:WARNING:ui/gl/angle_platform_impl.cc:52] Debug.cpp:184 (insertMessage): GL error: HIGH: Error: 0x00000505, in ../../third_party/angle/src/libANGLE/renderer/metal/mtl_resources.mm, MakeTexture:330. Failed to allocate host memory.
#### AGXIOC subres parent 0x20000 -> resourceID 0xd, +0x30=0x108f73600 (sz 0x20000)
#### AGX_LIFE CREATE-FAIL id=0 type=0x80 surf=0 bytes=0x108f50000 kr=0xe00002c2 okC=65 failC=10 okD=2 failD=0 unmatchedD=0 full=0 live=63/40MB [t0=53/9MB t80=0/0MB t82=10/31MB]
#### AGXIOC Method sel=0xa->0x9 inCnt=0 inSC=104 outSC=80 -> 0xe00002c2
####   ResCreate FAIL type=0x80 clientID=0xd +0x30=0x108f73600 +0x38=0 +0x40=0x108f50000 +0x58=0x180888c00 OUT[+0]=0 OUT[+0x08]=0 OUT[+0x10]=0 OUT[+0x48]=0
####   inStruct[0..104]:
####     00: 80 00 00 00 00 00 00 00 80 00 10 00 01 00 00 00
####     10: 01 01 00 01 30 04 00 00 00 00 00 00 00 00 00 00
####     20: 00 00 00 00 00 00 00 00 00 00 00 00 00 00 00 00
####     30: 00 36 f7 08 01 00 00 00 00 00 00 00 00 00 00 00
####     40: 00 00 f5 08 01 00 00 00 0d 00 00 00 00 00 00 00
####     50: 0d 00 00 00 00 00 00 00 00 8c 88 80 01 00 00 00
####     60: 00 00 00 00 00 00 00 00
####   caller chain (12 frames):
####     [0] 0x1006a2130 IOConnectCallMethod_new+0x3318 (libmachook_arm64.dylib)
####     [1] 0x1c749e18c IOGPUResourceCreate+0xec (IOGPU)
####     [2] 0x1c7498138 -[IOGPUMetalResource initWithDevice:remoteStorageResource:options:args:argsSize:]+0x1cc (IOGPU)
####     [3] 0x100693450 __loadImageCallback_block_invoke_20+0x70 (libmachook_arm64.dylib)
####     [4] 0x1c749b070 -[IOGPUMetalTexture initWithBuffer:descriptor:sysMemOffset:sysMemRowBytes:vidMemSize:vidMemRowBytes:args:argsSize:isStrideTexture:]+0x248 (IOGPU)
####     [5] 0x1c749b7c0 -[IOGPUMetalTexture initWithPrimaryBuffer:heapIndex:bufferIndex:bufferOffset:length:descriptor:sysMemRowBytes:vidMemSize:vidMemRowBytes:args:argsSize:]+0x58 (IOGPU)
####     [6] 0x20fda3934 -[AGXTexture initWithDevice:desc:isSuballocDisabled:]+0x194 (AGXMetal13_3)
####     [7] 0x1006caf70 -[MTLFakeDevice hooked_newTextureWithDescriptor:]+0x19e0 (libmachook_arm64.dylib)
####     [8] 0x1096d3714 glStartTilingQCOM+0x29af14 (libGLESv2.dylib)
####     [9] 0x1096e6b48 glStartTilingQCOM+0x2ae348 (libGLESv2.dylib)
####     [10] 0x1096e5e40 glStartTilingQCOM+0x2ad640 (libGLESv2.dylib)
####     [11] 0x1096e5ccc glStartTilingQCOM+0x2ad4cc (libGLESv2.dylib)
#### AGX_INITARGS FAIL #10/75 cls=AGXG13GFamilyTexture dev=0x6001d2000 opt=0 args=0x16fa922e0 argsSize=104 — preserving nil
#### MTL_TEX/plain.NIL pfmt=10 type=2 w=128 h=16 d=1 mips=1 arr=1 samp=1 storage=0 cpu=0 usage=0x7 swiz=0 cs=0x0 plane=0 ios=0x0
[54379:0728/150502.415922:WARNING:ui/gl/angle_platform_impl.cc:52] Debug.cpp:184 (insertMessage): GL error: HIGH: Error: 0x00000505, in ../../third_party/angle/src/libANGLE/renderer/metal/mtl_resources.mm, MakeTexture:330. Failed to allocate host memory.
[54379:0728/150502.416738:ERROR:gpu/command_buffer/service/shared_context_state.cc:1274] SharedContextState context lost via Skia OOM.
[54379:0728/150502.416844:ERROR:components/viz/service/gl/exit_code.cc:13] Restarting GPU process due to unrecoverable error. Context was lost.
[54340:0728/150502.478849:INFO:CONSOLE:5300] "Unable to resolve your shell environment: Unexpected exit code from spawned shell (code null, signal SIGABRT)", source: vscode-file://vscode-app/Applications/Visual%20Studio%20Code.app/Contents/Resources/app/out/vs/workbench/workbench.desktop.main.js (5300)
[54340:0728/150502.479532:ERROR:content/browser/gpu/gpu_process_host.cc:998] GPU process exited unexpectedly: exit_code=8704
[54340:0728/150502.479563:WARNING:content/browser/gpu/gpu_process_host.cc:1440] The GPU process has crashed 1 time(s)
[54380:0728/150502.488330:VERBOSE1:net/base/network_delegate.cc:38] NetworkDelegate::NotifyBeforeURLRequest: https://www.apple.com/ipad-pro/
[54380:0728/150502.494667:VERBOSE1:net/disk_cache/simple/simple_index_file.cc:609] Simple Cache Index is being restored from disk.
[54380:0728/150502.581350:VERBOSE1:net/base/network_delegate.cc:38] NetworkDelegate::NotifyBeforeURLRequest: https://default.exp-tas.com/vscode/ab
#### MACWS_HID_BYPASS installed SetMatchingMultiple → no-op (1) at 0x1ad8d5e8c — skips iOS-format CFBinaryPlist parse inside
####   IOHIDEventSystemClientCacheMatchingServices → IOHIDUnserializeAndVMDealloc → CFPropertyListCreateFromStream
####   that BUS_ADRALNs in the IOMFBServer thread.
#### MACWS_AGX_RENAMER_PATCH: off (set MACWS_AGX_RENAMER_PATCH=1 to enable)
#### MACWS_ASSERT_BYPASS DISABLED (set MACWS_KEEP_ASSERT_BYPASS=1 to restore lazy bypass) — real __assert_rtn now reaches abort
#### MACWS_AGX_NATIVE [ctor] pre-loaded IOGPU via /System/Library/PrivateFrameworks/IOGPU.framework/IOGPU -> 0x3fa56cc10
#### XPC_BOOTSTRAP: fn=0x1aa48d140 dict=0x135018d70 (registering Metal/ViewBridge/HIServices)
#### XPC_BOOTSTRAP: called OK
#### COEXIST API SwapEnd hook installed target=0x1b536b1cc trampoline=0x102b78000
#### SkyLight PrepareForUse tolerate-nil hook installed at 0x1af74cfc4
#### SkyLight StartCompositeForDisplayStream nil-skip hook installed at 0x1af575d74
#### SkyLight StartComposite(WSCD) tolerate-nil + pop-on-bail hook installed at 0x1af575358
#### SkyLight StartComposite(MTLTex) pop-on-bail hook installed at 0x1af575fb8
#### SkyLight EndCurrentComposite(bool) completion hook installed at 0x1af57453c
#### SkyLight EndUpdate(bool) submission hook installed at 0x1af5740b0
#### SkyLight _state_stack pop_back resolved at 0x1af572fa0
#### SkyLight WSCompositeDestinationCreateWithMetalTexture nil-tolerate hook installed at 0x1af57853c
#### SkyLight MetalContext::StopCapture invalid-this guard installed at 0x1af5741bc
#### MACWS_AGX_NATIVE class_addMethod(MTLTextureDescriptor, validateWithDevice:) = 1
#### MACWS_AGX_NATIVE class_addMethod(IOGPUMetalTexture, isMemoryless) = 1
#### MACWS_AGX_NATIVE class_addMethod(IOGPUMetalTexture, getCPUSizeBytes) = 1
#### MACWS_AGX_NATIVE class_addMethod(IOGPUMetalTexture, getAlignment) = 1
#### MACWS_AGX_NATIVE class_addMethod(IOGPUMetalTexture, descriptorPrivate) = 1
#### MACWS_AGX_NATIVE class_addMethod(IOGPUMetalTexture, getBytesPerRow) = 1
#### MACWS_AGX_NATIVE class_addMethod(IOGPUMetalTexture, updateBindDataWithAddresses:gpuVirtualAddress:) = 1
#### MACWS_AGX_NATIVE class_addMethod(IOGPUMetalTexture, updateBindDataWithAddresses:gpuVirtualAddress:shouldInitMetadata:) = 1
#### MACWS_AGX_NATIVE class_addMethod(IOGPUMetalTexture, allocBufferSubDataWithLength:options:alignment:heapIndex:bufferIndex:bufferOffset:) = 1
#### MACWS_AGX_NATIVE class_addMethod(IOGPUMetalTexture, initNewTextureData:) = 1
#### MACWS_AGX_NATIVE class_addMethod(MTLTextureDescriptor, isMemoryless) = 1
#### MACWS_AGX_NATIVE class_addMethod(MTLTextureDescriptor, protectionOptions) = 1
#### MACWS_AGX_NATIVE class_addMethod(MTLTextureDescriptor, getCPUSizeBytes) = 1
#### MACWS_AGX_NATIVE class_addMethod(MTLTextureDescriptor, getAlignment) = 1
#### MACWS_AGX_NATIVE class_addMethod(MTLTextureDescriptor, descriptorPrivate) = 1
#### MACWS_AGX_NATIVE class_addMethod(MTLTextureDescriptor, getBytesPerRow) = 1
#### MACWS_AGX_NATIVE class_addMethod(MTLTextureDescriptor, updateBindDataWithAddresses:gpuVirtualAddress:) = 1
#### MACWS_AGX_NATIVE class_addMethod(MTLTextureDescriptor, updateBindDataWithAddresses:gpuVirtualAddress:shouldInitMetadata:) = 1
#### MACWS_AGX_NATIVE class_addMethod(MTLTextureDescriptor, allocBufferSubDataWithLength:options:alignment:heapIndex:bufferIndex:bufferOffset:) = 1
#### MACWS_AGX_NATIVE class_addMethod(MTLTextureDescriptor, initNewTextureData:) = 1
[54340:0728/150502.673234:VERBOSE1:content/browser/loader/file_url_loader_factory.cc:474] FileURLLoader::Start: file:///Applications/Visual%20Studio%20Code.app/Contents/Resources/app/out/media/codicon.ttf
#### JIT-MPROTECT flip #6144 ranges=1 prot=RX writers=1 exec_waits=1966 late_retries=43
#### MACWS_HID_BYPASS installed SetMatchingMultiple → no-op (1) at 0x1ad8d5e8c — skips iOS-format CFBinaryPlist parse inside
####   IOHIDEventSystemClientCacheMatchingServices → IOHIDUnserializeAndVMDealloc → CFPropertyListCreateFromStream
####   that BUS_ADRALNs in the IOMFBServer thread.
#### MACWS_AGX_RENAMER_PATCH: off (set MACWS_AGX_RENAMER_PATCH=1 to enable)
#### MACWS_ASSERT_BYPASS DISABLED (set MACWS_KEEP_ASSERT_BYPASS=1 to restore lazy bypass) — real __assert_rtn now reaches abort
#### MACWS_AGX_NATIVE [ctor] pre-loaded IOGPU via /System/Library/PrivateFrameworks/IOGPU.framework/IOGPU -> 0x3fa56cc10
#### XPC_BOOTSTRAP: fn=0x1aa48d140 dict=0x12de22fb0 (registering Metal/ViewBridge/HIServices)
#### XPC_BOOTSTRAP: called OK
#### COEXIST API SwapEnd hook installed target=0x1b536b1cc trampoline=0x104c64000
#### SkyLight PrepareForUse tolerate-nil hook installed at 0x1af74cfc4
#### SkyLight StartCompositeForDisplayStream nil-skip hook installed at 0x1af575d74
#### SkyLight StartComposite(WSCD) tolerate-nil + pop-on-bail hook installed at 0x1af575358
#### SkyLight StartComposite(MTLTex) pop-on-bail hook installed at 0x1af575fb8
#### SkyLight EndCurrentComposite(bool) completion hook installed at 0x1af57453c
#### SkyLight EndUpdate(bool) submission hook installed at 0x1af5740b0
#### SkyLight _state_stack pop_back resolved at 0x1af572fa0
#### SkyLight WSCompositeDestinationCreateWithMetalTexture nil-tolerate hook installed at 0x1af57853c
#### SkyLight MetalContext::StopCapture invalid-this guard installed at 0x1af5741bc
#### MACWS_AGX_NATIVE class_addMethod(MTLTextureDescriptor, validateWithDevice:) = 1
#### MACWS_AGX_NATIVE class_addMethod(IOGPUMetalTexture, isMemoryless) = 1
#### MACWS_AGX_NATIVE class_addMethod(IOGPUMetalTexture, getCPUSizeBytes) = 1
#### MACWS_AGX_NATIVE class_addMethod(IOGPUMetalTexture, getAlignment) = 1
#### MACWS_AGX_NATIVE class_addMethod(IOGPUMetalTexture, descriptorPrivate) = 1
#### MACWS_AGX_NATIVE class_addMethod(IOGPUMetalTexture, getBytesPerRow) = 1
#### MACWS_AGX_NATIVE class_addMethod(IOGPUMetalTexture, updateBindDataWithAddresses:gpuVirtualAddress:) = 1
#### MACWS_AGX_NATIVE class_addMethod(IOGPUMetalTexture, updateBindDataWithAddresses:gpuVirtualAddress:shouldInitMetadata:) = 1
#### MACWS_AGX_NATIVE class_addMethod(IOGPUMetalTexture, allocBufferSubDataWithLength:options:alignment:heapIndex:bufferIndex:bufferOffset:) = 1
#### MACWS_AGX_NATIVE class_addMethod(IOGPUMetalTexture, initNewTextureData:) = 1
#### MACWS_AGX_NATIVE class_addMethod(MTLTextureDescriptor, isMemoryless) = 1
#### MACWS_AGX_NATIVE class_addMethod(MTLTextureDescriptor, protectionOptions) = 1
#### MACWS_AGX_NATIVE class_addMethod(MTLTextureDescriptor, getCPUSizeBytes) = 1
#### MACWS_AGX_NATIVE class_addMethod(MTLTextureDescriptor, getAlignment) = 1
#### MACWS_AGX_NATIVE class_addMethod(MTLTextureDescriptor, descriptorPrivate) = 1
#### MACWS_AGX_NATIVE class_addMethod(MTLTextureDescriptor, getBytesPerRow) = 1
#### MACWS_AGX_NATIVE class_addMethod(MTLTextureDescriptor, updateBindDataWithAddresses:gpuVirtualAddress:) = 1
#### MACWS_AGX_NATIVE class_addMethod(MTLTextureDescriptor, updateBindDataWithAddresses:gpuVirtualAddress:shouldInitMetadata:) = 1
#### MACWS_AGX_NATIVE class_addMethod(MTLTextureDescriptor, allocBufferSubDataWithLength:options:alignment:heapIndex:bufferIndex:bufferOffset:) = 1
#### MACWS_AGX_NATIVE class_addMethod(MTLTextureDescriptor, initNewTextureData:) = 1
#### JIT-MPROTECT flip #11264 ranges=1 prot=RX writers=1 exec_waits=4209 late_retries=61
[54340:0728/150502.909735:INFO:CONSOLE:442] "%c INFO color: #33f Started local extension host with pid 54411.", source: vscode-file://vscode-app/Applications/Visual%20Studio%20Code.app/Contents/Resources/app/out/vs/workbench/workbench.desktop.main.js (442)
#### AMFI-POLICY-COMPAT policy=AMFI op=0x60 status=0x4 (iOS task ports are hard-immovable)
#### CSR-POLICY-COMPAT active_config=0x0 (conservative iOS compatibility value)
[54406:0728/150503.176257:ERROR:base/process/process_mac.cc:53] task_policy_set TASK_CATEGORY_POLICY: (os/kern) invalid argument (4)
#### AMFI-POLICY-COMPAT policy=AMFI op=0x60 status=0x4 (iOS task ports are hard-immovable)
#### CSR-POLICY-COMPAT active_config=0x0 (conservative iOS compatibility value)
[54406:0728/150503.191217:INFO:third_party/webrtc/rtc_base/cpu_info.cc:77] Available number of cores: 8
2026-07-28 15:05:03.194 Code Helper (Renderer)[54406:9239623] XType: Using static font registry.
#### JIT-MPROTECT range[0]=[0x280000000,0x290000000) source=MAP_JIT-EINVAL
#### JIT-MPROTECT execution barrier installed (W^X fetch-wait compatibility)
#### JIT-MPROTECT range[0]=[0x280000000,0x290000000) source=MAP_JIT-EINVAL
#### JIT-MPROTECT range[0]=[0x280000000,0x290000000) source=MAP_JIT-EINVAL
#### JIT-MPROTECT range[0]=[0x280000000,0x290000000) source=MAP_JIT-EINVAL
#### JIT-MPROTECT range[0]=[0x280000000,0x290000000) source=MAP_JIT-EINVAL
#### JIT-MPROTECT range[0]=[0x280000000,0x290000000) source=MAP_JIT-EINVAL
#### JIT-MPROTECT range[0]=[0x280000000,0x290000000) source=MAP_JIT-EINVAL
#### JIT-MPROTECT range[0]=[0x280000000,0x290000000) source=MAP_JIT-EINVAL
#### JIT-MPROTECT range[0]=[0x170000000,0x180000000) source=MAP_JIT-EINVAL
#### JIT-MPROTECT call #1 addr=0x170000000 size=0x10000000 requested=0x7 effective=0x3 result=0 errno=0 caller=0x1159fa334 image=/Applications/Visual Studio Code.app/Contents/Frameworks/Electron Framework.framework/Versions/A/Electron Framework offset=0x63b2334
#### JIT-MPROTECT remap decline #1 dst=0x177dc0000 size=0x208000 src=0x111cf0000 requested=0x5 -> V8 copy fallback
#### JIT-MPROTECT flip #1 ranges=1 prot=RW writers=1 exec_waits=0 late_retries=0
#### JIT-MPROTECT flip #2 ranges=1 prot=RX writers=1 exec_waits=0 late_retries=0
[54407:0728/150503.218642:ERROR:base/process/process_mac.cc:53] task_policy_set TASK_CATEGORY_POLICY: (os/kern) invalid argument (4)
[54380:0728/150503.227515:VERBOSE1:net/base/network_delegate.cc:38] NetworkDelegate::NotifyBeforeURLRequest: https://default.exp-tas.com/vscode/ab
[54380:0728/150503.256203:VERBOSE1:net/base/network_delegate.cc:38] NetworkDelegate::NotifyBeforeURLRequest: https://www.apple.com/api-www/global-elements/global-header/v1/assets/globalheader.css
[54380:0728/150503.256445:VERBOSE1:net/base/network_delegate.cc:38] NetworkDelegate::NotifyBeforeURLRequest: https://www.apple.com/ac/globalfooter/8/en_US/styles/ac-globalfooter.built.css
[54380:0728/150503.256599:VERBOSE1:net/base/network_delegate.cc:38] NetworkDelegate::NotifyBeforeURLRequest: https://www.apple.com/ac/localnav/9/styles/ac-localnav.built.css
[54380:0728/150503.256740:VERBOSE1:net/base/network_delegate.cc:38] NetworkDelegate::NotifyBeforeURLRequest: https://www.apple.com/wss/fonts?families=SF+Pro,v3|SF+Pro+Icons,v3
[54380:0728/150503.256885:VERBOSE1:net/base/network_delegate.cc:38] NetworkDelegate::NotifyBeforeURLRequest: https://www.apple.com/v/ac/includes/campaigns-seasonal/upgrade-2026/a/built/styles/overview.built.css
[54380:0728/150503.257031:VERBOSE1:net/base/network_delegate.cc:38] NetworkDelegate::NotifyBeforeURLRequest: https://www.apple.com/v/ac/includes/campaigns-seasonal/bts-fy26/a/built/styles/overview.built.css
[54380:0728/150503.257172:VERBOSE1:net/base/network_delegate.cc:38] NetworkDelegate::NotifyBeforeURLRequest: https://www.apple.com/v/ipad-pro/aw/built/styles/main.built.css
[54380:0728/150503.257532:VERBOSE1:net/base/network_delegate.cc:38] NetworkDelegate::NotifyBeforeURLRequest: https://www.apple.com/v/ipad-pro/aw/built/styles/overview.built.css
[54380:0728/150503.257709:VERBOSE1:net/base/network_delegate.cc:38] NetworkDelegate::NotifyBeforeURLRequest: https://www.apple.com/v/ipad-pro/aw/built/scripts/head.built.js
[54380:0728/150503.258074:VERBOSE1:net/base/network_delegate.cc:38] NetworkDelegate::NotifyBeforeURLRequest: https://www.apple.com/api-www/global-elements/global-header/v1/assets/globalheader.umd.js
[54380:0728/150503.258258:VERBOSE1:net/base/network_delegate.cc:38] NetworkDelegate::NotifyBeforeURLRequest: https://www.apple.com/ac/includes/acmi-handler/scripts/acmi-head.built.js
[54380:0728/150503.258404:VERBOSE1:net/base/network_delegate.cc:38] NetworkDelegate::NotifyBeforeURLRequest: https://www.apple.com/metrics/ac-analytics/2.30.0/scripts/ac-analytics.js
[54380:0728/150503.258540:VERBOSE1:net/base/network_delegate.cc:38] NetworkDelegate::NotifyBeforeURLRequest: https://www.apple.com/metrics/ac-analytics/2.30.0/scripts/auto-init.js
[54380:0728/150503.259013:VERBOSE1:net/base/network_delegate.cc:38] NetworkDelegate::NotifyBeforeURLRequest: https://www.apple.com/ac/localnav/9/scripts/ac-localnav.built.js
[54380:0728/150503.259280:VERBOSE1:net/base/network_delegate.cc:38] NetworkDelegate::NotifyBeforeURLRequest: https://www.apple.com/v/ipad-pro/aw/images/overview/hero/hero_endframe__du5kcy4qnxkm_medium_2x.jpg
[54406:0728/150503.263208:VERBOSE1:extensions/renderer/script_context.cc:150] Created context:
  extension id:           (none)
  frame:                  0xe02030500
  URL:                    
  context_type:           WEB_PAGE
  effective extension id: (none)
  effective context type: WEB_PAGE
[54406:0728/150503.263742:VERBOSE1:extensions/renderer/script_context.cc:150] Created context:
  extension id:           (none)
  frame:                  (nil)
  URL:                    
  context_type:           UNSPECIFIED
  effective extension id: (none)
  effective context type: UNSPECIFIED
[54406:0728/150503.263959:VERBOSE1:extensions/renderer/dispatcher.cc:493] Num tracked contexts: 1
[54406:0728/150503.265757:VERBOSE1:extensions/renderer/script_context.cc:150] Created context:
  extension id:           (none)
  frame:                  0xe02030500
  URL:                    
  context_type:           WEB_PAGE
  effective extension id: (none)
  effective context type: WEB_PAGE
[54406:0728/150503.265823:VERBOSE1:extensions/renderer/script_context.cc:150] Created context:
  extension id:           (none)
  frame:                  (nil)
  URL:                    
  context_type:           UNSPECIFIED
  effective extension id: (none)
  effective context type: UNSPECIFIED
[54406:0728/150503.265879:VERBOSE1:extensions/renderer/dispatcher.cc:493] Num tracked contexts: 2
[54380:0728/150503.295297:VERBOSE1:net/base/network_delegate.cc:38] NetworkDelegate::NotifyBeforeURLRequest: https://www.apple.com/ipad-pro/
[54340:0728/150503.298898:VERBOSE1:base/files/file_util_posix.cc:309] Cannot stat "/tmp/macws-vscode-profile-agx-native-targetfix12/Partitions/vscode-browser/Code Cache/js/a09c909ffeef68bf_1": No such file or directory (2)
[54340:0728/150503.298944:VERBOSE1:base/files/file_util_posix.cc:309] Cannot stat "/tmp/macws-vscode-profile-agx-native-targetfix12/Partitions/vscode-browser/Code Cache/js/a09c909ffeef68bf_s": No such file or directory (2)
[54380:0728/150503.408072:VERBOSE1:net/base/network_delegate.cc:38] NetworkDelegate::NotifyBeforeURLRequest: https://www.apple.com/v/ipad/shared/index/b/built/styles/shared-index.built.css
[54380:0728/150503.463627:VERBOSE1:net/base/network_delegate.cc:38] NetworkDelegate::NotifyBeforeURLRequest: https://www.apple.com/ac/globalfooter/8/en_US/scripts/ac-globalfooter.built.js
#### JIT-MPROTECT flip #3 ranges=1 prot=RW writers=1 exec_waits=0 late_retries=0
#### JIT-MPROTECT flip #4 ranges=1 prot=RX writers=1 exec_waits=0 late_retries=0
#### JIT-MPROTECT flip #5 ranges=1 prot=RW writers=1 exec_waits=0 late_retries=0
#### JIT-MPROTECT flip #6 ranges=1 prot=RX writers=1 exec_waits=0 late_retries=0
#### JIT-MPROTECT flip #7 ranges=1 prot=RW writers=1 exec_waits=0 late_retries=0
#### JIT-MPROTECT flip #8 ranges=1 prot=RX writers=1 exec_waits=0 late_retries=0
#### JIT-MPROTECT flip #9 ranges=1 prot=RW writers=1 exec_waits=0 late_retries=0
#### JIT-MPROTECT flip #10 ranges=1 prot=RX writers=1 exec_waits=0 late_retries=0
#### JIT-MPROTECT flip #11 ranges=1 prot=RW writers=1 exec_waits=0 late_retries=0
#### JIT-MPROTECT flip #12 ranges=1 prot=RX writers=1 exec_waits=0 late_retries=0
#### JIT-MPROTECT flip #13 ranges=1 prot=RW writers=1 exec_waits=0 late_retries=0
#### JIT-MPROTECT flip #14 ranges=1 prot=RX writers=1 exec_waits=0 late_retries=0
#### JIT-MPROTECT flip #15 ranges=1 prot=RW writers=1 exec_waits=0 late_retries=0
#### JIT-MPROTECT flip #16 ranges=1 prot=RX writers=1 exec_waits=0 late_retries=0
#### JIT-MPROTECT flip #17 ranges=1 prot=RW writers=1 exec_waits=0 late_retries=0
#### JIT-MPROTECT flip #18 ranges=1 prot=RX writers=1 exec_waits=0 late_retries=0
#### JIT-MPROTECT flip #19 ranges=1 prot=RW writers=1 exec_waits=0 late_retries=0
#### JIT-MPROTECT flip #20 ranges=1 prot=RX writers=1 exec_waits=0 late_retries=0
#### JIT-MPROTECT flip #21 ranges=1 prot=RW writers=1 exec_waits=0 late_retries=0
#### JIT-MPROTECT flip #22 ranges=1 prot=RX writers=1 exec_waits=0 late_retries=0
#### JIT-MPROTECT flip #23 ranges=1 prot=RW writers=1 exec_waits=0 late_retries=0
#### JIT-MPROTECT flip #24 ranges=1 prot=RX writers=1 exec_waits=0 late_retries=0
#### JIT-MPROTECT flip #25 ranges=1 prot=RW writers=1 exec_waits=0 late_retries=0
#### JIT-MPROTECT flip #26 ranges=1 prot=RX writers=1 exec_waits=0 late_retries=0
#### JIT-MPROTECT flip #27 ranges=1 prot=RW writers=1 exec_waits=0 late_retries=0
#### JIT-MPROTECT flip #28 ranges=1 prot=RX writers=1 exec_waits=0 late_retries=0
#### JIT-MPROTECT flip #29 ranges=1 prot=RW writers=1 exec_waits=0 late_retries=0
#### JIT-MPROTECT flip #30 ranges=1 prot=RX writers=1 exec_waits=0 late_retries=0
#### JIT-MPROTECT flip #31 ranges=1 prot=RW writers=1 exec_waits=0 late_retries=0
#### JIT-MPROTECT flip #32 ranges=1 prot=RX writers=1 exec_waits=0 late_retries=0
[54380:0728/150503.587682:VERBOSE1:net/base/network_delegate.cc:38] NetworkDelegate::NotifyBeforeURLRequest: https://www.apple.com/ac/localeswitcher/4/en_US/scripts/localeswitcher.built.js
[54380:0728/150503.589781:VERBOSE1:net/base/network_delegate.cc:38] NetworkDelegate::NotifyBeforeURLRequest: https://www.apple.com/v/ipad-pro/aw/built/scripts/main.built.js
[54380:0728/150503.590551:VERBOSE1:net/base/network_delegate.cc:38] NetworkDelegate::NotifyBeforeURLRequest: https://www.apple.com/ac/ac-films/7.5.1/styles/modal.css
[54380:0728/150503.590999:VERBOSE1:net/base/network_delegate.cc:38] NetworkDelegate::NotifyBeforeURLRequest: https://www.apple.com/ac/ac-films/7.5.1/scripts/autofilms.built.js
[54380:0728/150503.591360:VERBOSE1:net/base/network_delegate.cc:38] NetworkDelegate::NotifyBeforeURLRequest: https://www.apple.com/ac/includes/acmi-handler/scripts/autopricing-toggle.built.js
[54380:0728/150503.591640:VERBOSE1:net/base/network_delegate.cc:38] NetworkDelegate::NotifyBeforeURLRequest: https://www.apple.com/ac/pricing/latest-1/scripts/autopricing.built.js
[54380:0728/150503.591910:VERBOSE1:net/base/network_delegate.cc:38] NetworkDelegate::NotifyBeforeURLRequest: https://www.apple.com/metrics/data-relay/1.2.0/scripts/data-relay.js
[54380:0728/150503.592258:VERBOSE1:net/base/network_delegate.cc:38] NetworkDelegate::NotifyBeforeURLRequest: https://www.apple.com/metrics/data-relay/1.2.0/scripts/auto-relay.js
#### MACWS_AGX_NATIVE pre-loaded IOGPU via /System/Library/PrivateFrameworks/IOGPU.framework/IOGPU -> 0x3fa56cc10
#### MACWS_AGX_NATIVE dlsym(IOGPUResourceCreate) = 0x1c749e0a0
#### MACWS_AGX_NATIVE dlsym(IOGPUMetalCommonResourceCreate) = 0x0
#### MACWS_AGX_NATIVE dlsym(IOGPUDeviceCreateWithAPIProperty) = 0x1c749c0fc
#### MACWS_AGX_NATIVE dlsym(_IOGPUMetalAllocateResource) = 0x0
#### MACWS_AGX_NATIVE dlsym(IOGPUMetalAllocateResource) = 0x0
#### AGX_CLASSREF_DIAG newTexture iosurface alloc class @0x244bf1298 = 0x24719a5f0 name=AGXG13GFamilyTexture
#### AGX_CLASSREF_DIAG initImpl method m=0x20fda93ad imp=0x20fd92284 expected stub=0x20fda2880 real=0x20fd92284 WHICH=AGXG13GFamilyTexture-real
#### MACWS_AGX_OBJC_AUTDA_PATCH msgSendSuper2=0x1aa3ade00 code=0x1aa3ade00 autda@0x1aa3ade10 insn=0xdac11a30
####   PATCHED autda x16,x17 → xpacd x16 (0xdac11a30 → 0xdac147f0)
#### MACWS_AGX_SEL_DIAG super-init SEL static=0x1cffc6f26 slid=0x1fa30ef26 readable=1
####   bytes="initWithDevice:descriptor:iosurface:plane:field:args:argsSize:"
####   sel_registerName(...) = 0x1fa30ef26 name="initWithDevice:descriptor:iosurface:plane:field:args:argsSize:"
####   objc_getClass(IOGPUMetalTexture) = 0x205930fb0
####   IOGPUMetalTexture method count = 71
####     - initNewTextureData:
####     - updateBindDataWithAddresses:gpuVirtualAddress:shouldInitMetadata:
####     - initWithBuffer:descriptor:offset:bytesPerRow:
####     - initWithBuffer:descriptor:sysMemOffset:sysMemRowBytes:vidMemSize:vidMemRowBytes:args:argsSize:
####     - initWithBuffer:descriptor:sysMemOffset:sysMemRowBytes:vidMemSize:vidMemRowBytes:args:argsSize:isStrideTexture:
####     - initWithDevice:descriptor:iosurface:plane:field:args:argsSize:
####     - initWithDevice:descriptor:sysMemSize:sysMemRowBytes:vidMemSize:vidMemRowBytes:args:argsSize:
####     - initWithDevice:remoteStorageTexture:args:argsSize:
####     - initWithHeap:resource:offset:length:device:descriptor:
####     - initWithTexture:pixelFormat:
####     - initWithTexture:pixelFormat:textureType:levels:slices:
####     - initWithTexture:pixelFormat:textureType:levels:slices:swizzle:
####     - initWithTextureInternal:pixelFormat:textureType:levels:slices:swizzle:compressedView:
####     - initWithPrimaryBuffer:heapIndex:bufferIndex:bufferOffset:length:descriptor:sysMemRowBytes:vidMemSize:vidMemRowBytes:args:argsSize:
####   AGXTexture super class = 0x0 ((nil))
####   super responds to "initWithDevice:desc:iosurface:plane:" = 0 (Method=0x0)
####   super responds to "initWithDevice:descriptor:iosurface:plane:" = 0 (Method=0x0)
####   super responds to "initWithDevice:descriptor:iosurface:plane:field:args:argsSize:" = 0 (Method=0x0)
####   super responds to "initImplWithDevice:Descriptor:iosurface:plane:buffer:bytesPerRow:allowNPOT:sparsePageSize:isCompressedIOSurface:isHeapBacked:" = 0 (Method=0x0)
#### MACWS_AGX_STUB_FIX objc_msgSendSuper2
####   stub@0x20fda5fc0 insns=[d01cf7f1 9132a231 f9400230 d71f0a11]
####   slot@0x249ca3ca8 value=0x1aa3ade00 sym=objc_msgSendSuper2 base=0x1aa3a4000 path=/usr/lib/libobjc.A.dylib
####   PATCHED → br 0x1aa3ade00 (movz/movk/movk/br)
####   new=[d29bc010 f2b54750 f2c00030 d61f0200]
#### MACWS_AGX_NATIVE objc_getClass(AGXBuffer) = 0x0
#### MACWS_AGX_NATIVE __objc_classlist: 52 entries
####   classlist[0] = 0x24719a6b8 name=AGXBuffer registered=0x0
####   classlist[1] = 0x24719a2f8 name=AGXG13GFamilyBinaryArchive registered=0x0
####   classlist[2] = 0x24719a168 name=AGXG13GFamilyBlitContext registered=0x0
####   classlist[3] = 0x2471997e0 name=AGXG13GFamilyResourceStateContext registered=0x0
####   classlist[4] = 0x247199fd8 name=AGXG13GFamilyBuffer registered=0x0
####   classlist[5] = 0x247199830 name=AGXG13GFamilyCommandBuffer registered=0x0
#### MACWS_AGX_NATIVE objc_duplicateClass=0x1aa3d3cb8
#### MACWS_AGX_NATIVE imageinfo=0x241904a58 sz=8
[54380:0728/150503.693122:VERBOSE1:net/base/network_delegate.cc:38] NetworkDelegate::NotifyBeforeURLRequest: https://www.apple.com/wss/fonts/SF-Pro-Text/v3/sf-pro-text_semibold.woff2
[54380:0728/150503.693536:VERBOSE1:net/base/network_delegate.cc:38] NetworkDelegate::NotifyBeforeURLRequest: https://www.apple.com/wss/fonts/SF-Pro-Text/v3/sf-pro-text_regular.woff2
[54380:0728/150503.693778:VERBOSE1:net/base/network_delegate.cc:38] NetworkDelegate::NotifyBeforeURLRequest: https://www.apple.com/wss/fonts/SF-Pro-Display/v3/sf-pro-display_semibold.woff2
#### PREREGISTER image[627] AGXMetal13_3: 52/52 realized
#### PREREGISTER image[628] GPURawCounter: 6/6 realized
#### MACWS_AGX_NATIVE register pass 0: 0 new (total 58)
#### MACWS_AGX_NATIVE realized 58/52 classes
#### MACWS_AGX_NATIVE AGXBuffer after register: 0x24719a6b8
#### MACWS_AGX_NATIVE [AGXBuffer alloc] = 0x600211680
#### MACWS_AGX_NATIVE swizzled initUntrackedInternalBufferWithDevice:length:options:
[54380:0728/150503.774846:VERBOSE1:net/base/network_delegate.cc:38] NetworkDelegate::NotifyBeforeURLRequest: https://securemetrics.apple.com/b/ss/applestoreww/1/JS-2.23.0/s38173851501646?AQB=1&ndh=1&pf=1&t=28%2F6%2F2026%2015%3A5%3A3%202%20420&fid=14B39B08CF2FC3C6-1065F185EE9CAB46&ce=UTF-8&cdp=2&cl=1800&pageName=ipad%20pro%20-%20overview%20%28us%29&g=https%3A%2F%2Fwww.apple.com%2Fipad-pro%2F&cc=USD&ch=www.us.ipadpro&server=ac-2.30.0&h1=www.us.ipadpro&v3=aos%3A%20us&l3=D%3Das_tex&c4=D%3Dg&v4=D%3DpageName&v14=en-us&c20=aos%3A%20us&v54=D%3Dg&c57=www.us.ipadpro&v97=s.t-p&s=1194x834&c=30&j=1.6&v=N&k=Y&bw=842&bh=667&AQE=1
#### MACWS_AGX_NATIVE swizzled initWithDevice:length:alignment:options:isSuballocDisabled:resourceInArgs:pinnedGPULocation:
#### MACWS_AGX_NATIVE tracing -[AGXBuffer initWithDevice:options:args:argsSize:] (nil preserved)
#### LIBOBJC dlsym(objc_constructInstance) = 0x1aa3bac08
#### LIBOBJC dlsym(_dyld_objc_notify_register) = 0x1aa74f480
#### LIBOBJC dlsym(_dyld_objc_register_callbacks) = 0x1aa751abc
#### LIBOBJC dlsym(objc_readClassPair) = 0x1aa3c0bdc
#### LIBOBJC dlsym(objc_registerClassPair) = 0x1aa3b1a3c
#### LIBOBJC dlsym(_objc_realizeClassFromSwift) = 0x1aa3c0d34
#### LIBOBJC dlsym(objc_addLoadImageFunc) = 0x1aa3c07c8
#### LIBOBJC dlsym(_objc_init) = 0x1aa3a6004
#### CLASS_DETAIL [0] 0x24719a6b8 name=AGXBuffer super=0x2059307e0 (IOGPUMetalBuffer) meta=0
#### CLASS_DETAIL [1] 0x24719a2f8 name=AGXG13GFamilyBinaryArchive super=0x205cc73b8 (_MTLBinaryArchive) meta=0
#### CLASS_DETAIL [2] 0x24719a168 name=AGXG13GFamilyBlitContext super=0x2059307b8 (IOGPUMetalBlitCommandEncoder) meta=0
#### CLASS_DETAIL [3] 0x2471997e0 name=AGXG13GFamilyResourceStateContext super=0x205930f88 (IOGPUMetalResourceStateCommandEncoder) meta=0
#### CLASS_DETAIL [4] 0x247199fd8 name=AGXG13GFamilyBuffer super=0x24719a6b8 (AGXBuffer) meta=0
#### CLASS_DETAIL [5] 0x247199830 name=AGXG13GFamilyCommandBuffer super=0x205930830 (IOGPUMetalCommandBuffer) meta=0
#### CLASS_DETAIL [6] 0x24719a208 name=AGXG13GFamilyCommandQueue super=0x2059308d0 (IOGPUMetalCommandQueue) meta=0
#### CLASS_DETAIL [7] 0x24719a118 name=AGXG13GFamilyComputePipeline super=0x205cc5d88 (_MTLComputePipelineState) meta=0
#### CLASS_DETAIL [8] 0x24719a0c8 name=AGXG13GFamilyDeadlineProfile super=0x205742e70 (NSObject) meta=0
#### CLASS_DETAIL [9] 0x2471998d0 name=AGXG13GFamilyDebugContext super=0x205930970 (IOGPUMetalDebugCommandEncoder) meta=0
#### CLASS_DETAIL [10] 0x24719a000 name=AGXG13GFamilyDepthStencilState super=0x205cc5db0 (_MTLDepthStencilState) meta=0
#### CLASS_DETAIL [11] 0x24719a2d0 name=AGXG13GFamilyDynamicLibrary super=0x205cc7db8 (_MTLDynamicLibrary) meta=0
#### CLASS_DETAIL [12] 0x24719a1b8 name=AGXG13GFamilyComputeContext super=0x205930948 (IOGPUMetalComputeCommandEncoder) meta=0
#### CLASS_DETAIL [13] 0x247199e70 name=AGXG13GFamilyFunctionHandle super=0x205cc79a8 (_MTLFunctionHandle) meta=0
#### CLASS_DETAIL [14] 0x24719a2a8 name=AGXG13GFamilyHeap super=0x205930bf0 (IOGPUMetalHeap) meta=0
#### CLASS_DETAIL [15] 0x24719a280 name=AGXG13GFamilySparseHeap super=0x205cc8e48 (_MTLHeap) meta=0
#### MACWS_AGX_NATIVE __objc_classrefs: 105 entries, 0 null
####   class AGXBuffer = 0x24719a6b8
####   class AGXCommandQueue = 0x0
####   class AGXCommandBuffer = 0x0
####   class AGXMetalCommandQueue = 0x0
####   class AGXMetalCommandBuffer = 0x0
####   class AGXMetalBuffer = 0x0
####   class AGXMetalTexture = 0x0
####   class AGXMetalHeap = 0x0
####   class AGXMetalResource = 0x0
####   class AGXMetalDevice = 0x0
####   class AGXMetalFence = 0x0
####   class AGXTexture = 0x24719a708
####   class IOGPUMetalBuffer = 0x2059307e0
####   class IOGPUMetalCommandBuffer = 0x205930830
####   class IOGPUMetalCommandQueue = 0x2059308d0
####   class IOGPUMetalDevice = 0x2059309c0
####   class IOGPUMetalHeap = 0x205930bf0
####   class IOGPUMetalResource = 0x205930ec0
####   class IOGPUMetalTexture = 0x205930fb0
####   class IOGPUMetalFence = 0x205930b50
####   class IOGPUMTLLateEvalEvent = 0x205de3c70
#### CLASSREF [0] @0x244bf1250 -> 0x205cc5428 name=MTLCompiler
#### CLASSREF [1] @0x244bf1258 -> 0x2057616e0 name=NSDictionary
#### CLASSREF [2] @0x244bf1260 -> 0x205768348 name=NSError
#### CLASSREF [3] @0x244bf1268 -> 0x24719a4b0 name=AGXG13GFamilyComputeOrFragmentOrTileProgram
#### CLASSREF [4] @0x244bf1270 -> 0x24719a4d8 name=AGXG13GFamilyFragmentProgram
#### CLASSREF [5] @0x244bf1278 -> 0x24719a550 name=AGXG13GFamilyVertexProgram
#### CLASSREF [6] @0x244bf1280 -> 0x205761848 name=NSMutableDictionary
#### CLASSREF [7] @0x244bf1288 -> 0x24719a5a0 name=AGXG13GFamilyTileProgram
#### CLASSREF [8] @0x244bf1290 -> 0x24719a578 name=AGXG13GFamilyComputeProgram
#### CLASSREF [9] @0x244bf1298 -> 0x24719a5f0 name=AGXG13GFamilyTexture
#### CLASSREF [10] @0x244bf12a0 -> 0x205cc5bd0 name=MTLTextureDescriptor
#### CLASSREF [11] @0x244bf12a8 -> 0x24719a168 name=AGXG13GFamilyBlitContext
#### CLASSREF [12] @0x244bf12b0 -> 0x2471997e0 name=AGXG13GFamilyResourceStateContext
#### CLASSREF [13] @0x244bf12b8 -> 0x247199d58 name=AGXG13GFamilyRayTracingGPUBuilder
#### CLASSREF [14] @0x244bf12c0 -> 0x24719a190 name=AGXG13GFamilyRenderContext
#### CLASSREF [15] @0x244bf12c8 -> 0x24719a1b8 name=AGXG13GFamilyComputeContext
#### CLASSREF [16] @0x244bf12d0 -> 0x24719a1e0 name=AGXG13GFamilyThreadedRenderPass
#### CLASSREF [17] @0x244bf12d8 -> 0x247199dd0 name=AGXG13GFamilySampledRenderContext
#### CLASSREF [18] @0x244bf12e0 -> 0x247199e98 name=AGXG13GFamilySampledComputeContext
#### CLASSREF [19] @0x244bf12e8 -> 0x205761668 name=NSData
#### CLASSREF [20] @0x244bf12f0 -> 0x247199830 name=AGXG13GFamilyCommandBuffer
#### CLASSREF [21] @0x244bf12f8 -> 0x205cc81c8 name=_MTLProgramAddressTableMappedBinary
#### CLASSREF [22] @0x244bf1300 -> 0x205cc8178 name=_MTLPipelineStateBinary
#### CLASSREF [23] @0x244bf1308 -> 0x2057615a0 name=NSArray
#### MACWS_GOT AGXMetal13_3: symtab=8331 syms, strtab=461166853 bytes, indirect=555 entries
####   sect[0] __DATA_CONST,__got type=0 entries=97 indirect_start=228 auth=0
####   bind[1] _MTLCommonCounterSetTimestamp -> 0x1fe425290 (slot=0x2419039e0 auth=0)
####   bind[2] _MTLCommonCounterTimestamp -> 0x1fe4251a0 (slot=0x2419039e8 auth=0)
####   bind[3] _MTLCompileTimeStatisticsKeyBackend -> 0x202fd8f60 (slot=0x2419039f0 auth=0)
####   bind[4] _MTLCompileTimeStatisticsKeyCachedFunction -> 0x202fd8f10 (slot=0x2419039f8 auth=0)
####   bind[5] _MTLCompileTimeStatisticsKeyCompilerTotal -> 0x202fd8f48 (slot=0x241903a00 auth=0)
####   bind[6] _MTLCompileTimeStatisticsKeyDriverTotal -> 0x202fd8f40 (slot=0x241903a08 auth=0)
####   bind[7] _MTLCompileTimeStatisticsKeyFunctionName -> 0x202fd8f08 (slot=0x241903a10 auth=0)
####   bind[8] _MTLCompileTimeStatisticsKeyMTLCompilerService -> 0x202fd8f20 (slot=0x241903a18 auth=0)
####   bind[9] _MTLCompileTimeStatisticsKeyOptimization -> 0x202fd8f58 (slot=0x241903a20 auth=0)
####   bind[10] _MTLCompileTimeStatisticsKeyPipelineTotal -> 0x202fd8f18 (slot=0x241903a28 auth=0)
####   bind[11] _MTLCompileTimeStatisticsKeyPipelinesCompute -> 0x202fd7e30 (slot=0x241903a30 auth=0)
[54380:0728/150503.819740:VERBOSE1:net/base/network_delegate.cc:38] NetworkDelegate::NotifyBeforeURLRequest: https://www.apple.com/api-www/global-elements/global-header/v1/flyouts?locale=en_US
####   IOGPU-CRITICAL _OBJC_IVAR_$_IOGPUMTLLateEvalEvent._eventName = 0x2034ba9d0 (slot=0x241903b28 auth=0)
####   IOGPU-CRITICAL _OBJC_IVAR_$_IOGPUMetalBuffer._primaryBuffer = 0x2034ba91c (slot=0x241903b30 auth=0)
####   IOGPU-CRITICAL _OBJC_IVAR_$_IOGPUMetalCommandQueue._commandQueue = 0x2034ba960 (slot=0x241903b38 auth=0)
####   IOGPU-CRITICAL _OBJC_IVAR_$_IOGPUMetalDevice._segmentByteThreshold = 0x2034baa2c (slot=0x241903b40 auth=0)
####   IOGPU-CRITICAL _OBJC_IVAR_$_IOGPUMetalFence._fenceIndex = 0x2034baaa8 (slot=0x241903b48 auth=0)
####   IOGPU-CRITICAL _OBJC_IVAR_$_IOGPUMetalHeap._resource = 0x2034baac4 (slot=0x241903b50 auth=0)
####   IOGPU-CRITICAL _OBJC_IVAR_$_IOGPUMetalResource._res = 0x2034baaf4 (slot=0x241903b58 auth=0)
####   IOGPU-CRITICAL _OBJC_IVAR_$_IOGPUMetalTexture._arrayLength = 0x2034bab38 (slot=0x241903b60 auth=0)
####   IOGPU-CRITICAL _OBJC_IVAR_$_IOGPUMetalTexture._depth = 0x2034bab34 (slot=0x241903b68 auth=0)
####   IOGPU-CRITICAL _OBJC_IVAR_$_IOGPUMetalTexture._height = 0x2034bab30 (slot=0x241903b70 auth=0)
####   IOGPU-CRITICAL _OBJC_IVAR_$_IOGPUMetalTexture._isCompressed = 0x2034bab54 (slot=0x241903b78 auth=0)
####   IOGPU-CRITICAL _OBJC_IVAR_$_IOGPUMetalTexture._mipmapLevelCount = 0x2034bab3c (slot=0x241903b80 auth=0)
####   IOGPU-CRITICAL _OBJC_IVAR_$_IOGPUMetalTexture._numFaces = 0x2034bab8c (slot=0x241903b88 auth=0)
####   IOGPU-CRITICAL _OBJC_IVAR_$_IOGPUMetalTexture._parentTexture = 0x2034bab58 (slot=0x241903b90 auth=0)
####   IOGPU-CRITICAL _OBJC_IVAR_$_IOGPUMetalTexture._pixelFormat = 0x2034bab28 (slot=0x241903b98 auth=0)
####   IOGPU-CRITICAL _OBJC_IVAR_$_IOGPUMetalTexture._sampleCount = 0x2034bab40 (slot=0x241903ba0 auth=0)
####   IOGPU-CRITICAL _OBJC_IVAR_$_IOGPUMetalTexture._textureType = 0x2034bab24 (slot=0x241903ba8 auth=0)
####   IOGPU-CRITICAL _OBJC_IVAR_$_IOGPUMetalTexture._width = 0x2034bab2c (slot=0x241903bb0 auth=0)
####   sect[7] __AUTH_CONST,__auth_got type=0 entries=230 indirect_start=325 auth=1
####   IOGPU-CRITICAL _IOGPUCommandQueueGetConnect = 0x1c749db88 (slot=0x248b4f448 auth=1)
####   IOGPU-CRITICAL _IOGPUCommandQueueGetID = 0x1c749dbd0 (slot=0x248b4f450 auth=1)
####   IOGPU-CRITICAL _IOGPUDeviceGetConnect = 0x1c749c654 (slot=0x248b4f458 auth=1)
####   IOGPU-CRITICAL _IOGPUDeviceGetNextGlobalTraceID = 0x1c749c7f0 (slot=0x248b4f460 auth=1)
####   IOGPU-CRITICAL _IOGPUDeviceTraceEvent = 0x1c749c8bc (slot=0x248b4f468 auth=1)
####   IOGPU-CRITICAL _IOGPUMetalCommandBufferStorageBeginKernelCommands = 0x1c748cad8 (slot=0x248b4f470 auth=1)
####   IOGPU-CRITICAL _IOGPUMetalCommandBufferStorageEndKernelCommands = 0x1c748cc2c (slot=0x248b4f478 auth=1)
####   IOGPU-CRITICAL _IOGPUResourceListAddResource = 0x1c749f1c8 (slot=0x248b4f480 auth=1)
####   IOGPU-CRITICAL _IOGPUResourceListMerge = 0x1c749f278 (slot=0x248b4f488 auth=1)
####   IOGPU-CRITICAL _IOGPUResourceListMergeLists = 0x1c749f354 (slot=0x248b4f490 auth=1)
####   bind[131] _IOSurfaceGetAddressFormatOfPlane -> 0x104ca1d8c (slot=0x248b4f4c8 auth=1 FORCE)
####   bind[133] _IOSurfaceGetBaseAddressOfPlane -> 0x104ca1b68 (slot=0x248b4f4d8 auth=1 FORCE)
####   bind[135] _IOSurfaceGetBytesPerRowOfPlane -> 0x104ca1198 (slot=0x248b4f4e8 auth=1 FORCE)
####   bind[136] _IOSurfaceGetBytesPerTileDataOfPlane -> 0x104ca135c (slot=0x248b4f4f0 auth=1 FORCE)
####   bind[141] _IOSurfaceGetCompressionTypeOfPlane -> 0x104ca0c4c (slot=0x248b4f518 auth=1 FORCE)
####   bind[142] _IOSurfaceGetHeightInCompressedTilesOfPlane -> 0x104ca0e14 (slot=0x248b4f520 auth=1 FORCE)
####   bind[145] _IOSurfaceGetWidthInCompressedTilesOfPlane -> 0x104ca0fd4 (slot=0x248b4f538 auth=1 FORCE)
#### JIT-MPROTECT flip #1024 ranges=1 prot=RX writers=1 exec_waits=237 late_retries=14
####   bind[286] _objc_alloc -> 0x104ca0614 (slot=0x248b4f9c0 auth=1 FORCE)
####   IOGPU-CRITICAL _objc_autoreleasePoolPop = 0x1aa3b0a7c (slot=0x248b4f9d8 auth=1)
####   IOGPU-CRITICAL _objc_autoreleasePoolPush = 0x1aa3b0934 (slot=0x248b4f9e0 auth=1)
#### MACWS_GOT AGXMetal13_3: indirect_slots=327 patched=323 failed=0
#### MACWS_AGX_NATIVE __auth_got section NOT FOUND
#### MACWS_AGX_NATIVE __got: 97 entries, 0 null, 97 non-null
#### MACWS_AGX_NATIVE dlopen AGXMetal13_3 OK h=0x3fa50b950
#### MACWS_AGX_NATIVE +[NSBundle bundleWithPath:AGXMetal13_3.bundle] = 0x600123ae0 id=com.apple.AGXMetal13-3
#### MACWS_AGX_NATIVE bundle loadAndReturnError: 1 (err=nil) loaded=1
[54380:0728/150503.836183:VERBOSE1:net/base/network_delegate.cc:38] NetworkDelegate::NotifyBeforeURLRequest: https://www.apple.com/search-services/suggestions/defaultlinks/?src=globalnav&locale=en_US
#### MACWS_AGX_NATIVE bundle pathForResource:ds.g13g = /System/Library/Extensions/AGXMetal13_3.bundle/Contents/Resources/ds.g13g
#### MACWS_AGX_NATIVE getMetalPluginClassForService: returning class AGXG13GFamilyDevice = 0x24719a0f0
[54380:0728/150503.844490:VERBOSE1:net/base/network_delegate.cc:38] NetworkDelegate::NotifyBeforeURLRequest: https://www.apple.com/v/ipad-pro/aw/images/overview/hero/hero_gradient__d9p3c9dvbdoy_medium_2x.jpg
[54380:0728/150503.851816:VERBOSE1:net/base/network_delegate.cc:38] NetworkDelegate::NotifyBeforeURLRequest: https://www.apple.com/wss/fonts/SF-Pro-Icons/v3/sf-pro-icons_regular.woff2
#### CBRI_HOOK: installed (orig=0x1c748ad84)
#### MACWS-NEW-EVENT adapter installed deviceClass=AGXG13GFamilyDevice owner=IOGPUMetalDevice orig=0x1c7491ef4 added=1
#### MACWS_AGX_NATIVE class_addMethod(AGXG13GFamilyDevice, initWithAcceleratorPort:) = 1
[54380:0728/150503.893846:VERBOSE1:net/base/network_delegate.cc:38] NetworkDelegate::NotifyBeforeURLRequest: https://www.apple.com/us/shop/bag/status?apikey=SFX9YPYY9PPXCU9KH
#### MACWS_AGX_NATIVE memoryless witness installed class=AGXG13GFamilyDevice original=0x20fa9e8a8
#### MACWS_AGX_NATIVE memoryless witness total=1 (original results preserved)
#### MACWS_AGX_NATIVE tile-pipeline probe wrapped AGXG13GFamilyDevice (orig=0x20fa7d5e4)
#### MACWS_AGX_NATIVE tile-pipeline probe: 1 class(es) wrapped
[54380:0728/150504.047579:VERBOSE1:net/base/network_delegate.cc:38] NetworkDelegate::NotifyBeforeURLRequest: https://www.apple.com/v/ipad-pro/aw/images/overview/intelligence/privacy_gradient__cappr4pbxq02_medium_2x.jpg
[54380:0728/150504.054233:VERBOSE1:net/base/network_delegate.cc:38] NetworkDelegate::NotifyBeforeURLRequest: https://www.apple.com/v/ipad-pro/aw/images/overview/display/text_gradient__gncm1lep86my_medium_2x.png
[54380:0728/150504.062666:VERBOSE1:net/base/network_delegate.cc:38] NetworkDelegate::NotifyBeforeURLRequest: https://www.apple.com/wss/fonts/SF-Pro-Icons/v3/sf-pro-icons_semibold.woff2
[54380:0728/150504.063174:VERBOSE1:net/base/network_delegate.cc:38] NetworkDelegate::NotifyBeforeURLRequest: https://www.apple.com/wss/fonts/SF-Pro-Text/v3/sf-pro-text_regular-italic.woff2
[54380:0728/150504.063918:VERBOSE1:net/base/network_delegate.cc:38] NetworkDelegate::NotifyBeforeURLRequest: https://www.apple.com/wss/fonts/SF-Pro-Display/v3/sf-pro-display_regular.woff2
[54380:0728/150504.064261:VERBOSE1:net/base/network_delegate.cc:38] NetworkDelegate::NotifyBeforeURLRequest: https://www.apple.com/wss/fonts/SF-Pro-Text/v3/sf-pro-text_medium.woff2
#### MACWS_AGX_NATIVE nil-guard wrapped setFragmentTexture:atIndex: on AGXG13GFamilyRenderContext (orig=0x20fa309e0)
#### MACWS_AGX_NATIVE nil-guard: class AGXG13GRenderContext NOT registered
#### MACWS_AGX_NATIVE nil-guard: class AGXRenderContext NOT registered
#### MACWS_AGX_NATIVE nil-guard: class AGXG13GComputeContext NOT registered
#### MACWS_AGX_NATIVE nil-guard setFragmentTexture:atIndex:: 1 class(es) wrapped
#### MACWS_AGX_NATIVE nil-guard wrapped setVertexTexture:atIndex: on AGXG13GFamilyRenderContext (orig=0x20fa375e8)
#### MACWS_AGX_NATIVE nil-guard: class AGXG13GRenderContext NOT registered
#### MACWS_AGX_NATIVE nil-guard: class AGXRenderContext NOT registered
#### MACWS_AGX_NATIVE nil-guard: class AGXG13GComputeContext NOT registered
#### MACWS_AGX_NATIVE nil-guard setVertexTexture:atIndex:: 1 class(es) wrapped
#### MACWS_AGX_NATIVE swizzled AGXG13GFamilyDevice newTextureWithDescriptor:iosurface:plane:
#### MACWS_AGX_NATIVE swizzled AGXG13GFamilyDevice newTextureWithDescriptor:
#### MACWS_AGX_NATIVE swizzled -[AGXBuffer initWithDevice:bytes:length:options:deallocator:pinnedGPUAddress:]
#### MACWS_AGX_NATIVE noop'd alertCommandBufferActivityStart
#### MACWS_AGX_NATIVE noop'd alertCommandBufferActivityComplete
#### objc_alloc(AGXG13GFamilyDevice) -> 0x6001d2000
#### MACWS_AGX_NATIVE redirecting AGXG13GFamilyDevice init(port=11279) → 2-arg variant
#### debugbydcmmc IOServiceOpen agx connect=13319 type=0x100001 (requested=0x100005)
#### AGXIOC Struct sel=0x7->0x6 inSC=16 outSC=0 -> 0x1
#### AGXIOC Struct sel=0x5->0x4 inSC=0 outSC=32 -> 0x0
#### AGXIOC AsyncScalar sel=0x107->0x107 inCnt=0 -> 0x0
#### AGX_LIFE CREATE id=0x1 type=0 surf=0 bytes=0x10000 kr=0 okC=1 failC=0 okD=0 failD=0 unmatchedD=0 full=0 live=1/0MB [t0=1/0MB t80=0/0MB t82=0/0MB]
#### AGXIOC heap map #1 clientID 0x10000 -> resourceID 0x1 size 0x10000
####   ResCreate OK type=0 clientID=0 +0x30=0 +0x38=0 +0x40=0x10000 +0x58=0 OUT[+0]=0 OUT[+0x08]=0x1067a0000 OUT[+0x10]=0x1061680c0 OUT[+0x48]=0x10000
####   inStruct[0..104]:
####     00: 00 00 00 00 00 00 00 00 01 00 01 00 01 00 00 00
####     10: 01 01 00 01 30 84 00 00 00 00 00 00 00 00 00 00
####     20: 00 00 00 00 00 00 00 00 00 00 00 00 00 00 00 00
####     30: 00 00 00 00 00 00 00 00 00 00 00 00 00 00 00 00
####     40: 00 00 01 00 00 00 00 00 00 00 00 00 00 00 00 00
####     50: 00 00 00 38 00 00 00 00 00 00 00 00 00 00 00 00
####     60: 00 00 00 00 00 00 00 00
#### MACWS_AGX_NATIVE setupCompiler:0x30010 fired (Device=0x6001d2000)
#### MACWS_AGX_NATIVE memoryless witness #1 instance=0x6001d2000 class=AGXG13GFamilyDevice original=0x20fa9e8a8 -> YES
[54380:0728/150504.151659:VERBOSE1:net/base/network_delegate.cc:38] NetworkDelegate::NotifyBeforeURLRequest: https://www.apple.com/ac/globalfooter/8/en_US/assets/ac-footer/breadcrumbs/apple/icon_large.svg
[54380:0728/150504.152164:VERBOSE1:net/base/network_delegate.cc:38] NetworkDelegate::NotifyBeforeURLRequest: https://www.apple.com/ac/globalfooter/8/en_US/assets/ac-footer/breadcrumbs/separator/icon_large.svg
[54380:0728/150504.185102:VERBOSE1:net/base/network_delegate.cc:38] NetworkDelegate::NotifyBeforeURLRequest: https://securemetrics.apple.com/b/ss/applestoreww/1/JS-2.23.0/s38173851501646?AQB=1&pccr=true&vidn=353493C8183D6789-400015B2917AD566&ndh=1&pf=1&t=28%2F6%2F2026%2015%3A5%3A3%202%20420&fid=14B39B08CF2FC3C6-1065F185EE9CAB46&ce=UTF-8&cdp=2&cl=1800&pageName=ipad%20pro%20-%20overview%20%28us%29&g=https%3A%2F%2Fwww.apple.com%2Fipad-pro%2F&cc=USD&ch=www.us.ipadpro&server=ac-2.30.0&h1=www.us.ipadpro&v3=aos%3A%20us&l3=D%3Das_tex&c4=D%3Dg&v4=D%3DpageName&v14=en-us&c20=aos%3A%20us&v54=D%3Dg&c57=www.us.ipadpro&v97=s.t-p&s=1194x834&c=30&j=1.6&v=N&k=Y&bw=842&bh=667&AQE=1
#### objc_alloc(AGXG13GFamilyCommandQueue) -> 0x600090f00
#### AGXIOC Method sel=0x8->0x7 inCnt=0 inSC=1032 outSC=16 -> 0x0
#### AGXIOC Method sel=0x11->0xf inCnt=2 inSC=0 outSC=16 -> 0x0
#### AGXIOC Method sel=0x1d->0x19 inCnt=2 inSC=0 outSC=0 -> 0x0
#### AGXIOC Method sel=0x1f->0x1b inCnt=1 inSC=12 outSC=0 -> 0x0
#### objc_alloc(AGXBuffer) -> 0x600213300
#### AGXIOC type0 exact initFull length: +0x58=0xc00000000 low32=0 -> +0x40=0x180
#### AGX_LIFE CREATE id=0x2 type=0 surf=0 bytes=0x4000 kr=0 okC=2 failC=0 okD=0 failD=0 unmatchedD=0 full=0 live=2/0MB [t0=2/0MB t80=0/0MB t82=0/0MB]
#### AGXIOC heap map #2 clientID 0x4000 -> resourceID 0x2 size 0x180
####   ResCreate OK type=0 clientID=0 +0x30=0x40 +0x38=0 +0x40=0x180 +0x58=0 OUT[+0]=0x1500000000 OUT[+0x08]=0x1067c8000 OUT[+0x10]=0x106168180 OUT[+0x48]=0x4000
####   inStruct[0..104]:
####     00: 00 00 00 00 00 00 00 00 01 00 01 00 01 00 00 00
####     10: 01 01 00 01 70 04 00 00 00 00 00 00 00 00 00 00
####     20: 00 00 00 00 00 00 00 00 00 00 00 00 00 00 00 00
####     30: 40 00 00 00 00 00 00 00 00 00 00 00 00 00 00 00
####     40: 80 01 00 00 00 00 00 00 00 00 00 00 00 00 00 00
####     50: 00 00 00 00 00 00 00 00 00 00 00 00 00 00 00 00
####     60: 00 00 00 00 00 00 f0 3f
#### TRACE -[AGXBuffer initFull] self=0x600213300 dev=0x6001d2000 len=384 align=1→64 opt=0 subDis=0→1 resIn=0x16b3b54e8 pin=0x0 -> 0x600213300
#### TRACE -[AGXBuffer initUntracked] self=0x600213300 dev=0x6001d2000 len=384 opt=0 -> 0x600213300
#### objc_alloc(AGXBuffer) -> 0x600215e80
#### AGXIOC type0 exact initFull length: +0x58=0xc00000000 low32=0 -> +0x40=0x180
#### AGX_LIFE CREATE id=0x3 type=0 surf=0 bytes=0x4000 kr=0 okC=3 failC=0 okD=0 failD=0 unmatchedD=0 full=0 live=3/0MB [t0=3/0MB t80=0/0MB t82=0/0MB]
#### AGXIOC heap map #3 clientID 0x4000 -> resourceID 0x3 size 0x180
####   ResCreate OK type=0 clientID=0 +0x30=0x40 +0x38=0 +0x40=0x180 +0x58=0 OUT[+0]=0x1500008000 OUT[+0x08]=0x1067cc000 OUT[+0x10]=0x106168240 OUT[+0x48]=0x4000
####   inStruct[0..104]:
####     00: 00 00 00 00 00 00 00 00 01 00 01 00 01 00 00 00
####     10: 01 01 00 01 70 04 00 00 00 00 00 00 00 00 00 00
####     20: 00 00 00 00 00 00 00 00 00 00 00 00 00 00 00 00
####     30: 40 00 00 00 00 00 00 00 00 00 00 00 00 00 00 00
####     40: 80 01 00 00 00 00 00 00 00 00 00 00 00 00 00 00
####     50: 00 00 00 00 00 00 00 00 00 00 00 00 00 00 00 00
####     60: 00 00 00 00 00 00 f0 3f
#### TRACE -[AGXBuffer initFull] self=0x600215e80 dev=0x6001d2000 len=384 align=1→64 opt=0 subDis=0→1 resIn=0x16b3b54e8 pin=0x0 -> 0x600215e80
#### TRACE -[AGXBuffer initUntracked] self=0x600215e80 dev=0x6001d2000 len=384 opt=0 -> 0x600215e80
#### objc_alloc(AGXBuffer) -> 0x600215d00
#### AGXIOC type0 exact initFull length: +0x58=0xc00000000 low32=0 -> +0x40=0x40
#### AGX_LIFE CREATE id=0x4 type=0 surf=0 bytes=0x4000 kr=0 okC=4 failC=0 okD=0 failD=0 unmatchedD=0 full=0 live=4/0MB [t0=4/0MB t80=0/0MB t82=0/0MB]
#### AGXIOC heap map #4 clientID 0x4000 -> resourceID 0x4 size 0x40
####   ResCreate OK type=0 clientID=0 +0x30=0x40 +0x38=0 +0x40=0x40 +0x58=0 OUT[+0]=0x1500010000 OUT[+0x08]=0x1067d0000 OUT[+0x10]=0x106168300 OUT[+0x48]=0x4000
####   inStruct[0..104]:
####     00: 00 00 00 00 00 00 00 00 01 00 01 00 01 00 00 00
####     10: 01 01 00 01 70 04 00 00 00 00 00 00 00 00 00 00
####     20: 00 00 00 00 00 00 00 00 00 00 00 00 00 00 00 00
####     30: 40 00 00 00 00 00 00 00 00 00 00 00 00 00 00 00
####     40: 40 00 00 00 00 00 00 00 00 00 00 00 00 00 00 00
####     50: 00 00 00 00 00 00 00 00 00 00 00 00 00 00 00 00
####     60: 70 0d 25 00 06 00 00 00
#### TRACE -[AGXBuffer initFull] self=0x600215d00 dev=0x6001d2000 len=64 align=1→64 opt=0 subDis=0→1 resIn=0x16b3b54e8 pin=0x0 -> 0x600215d00
#### TRACE -[AGXBuffer initUntracked] self=0x600215d00 dev=0x6001d2000 len=64 opt=0 -> 0x600215d00
#### objc_alloc(AGXBuffer) -> 0x600213180
#### AGXIOC type0 exact initFull length: +0x58=0xc00000000 low32=0 -> +0x40=0x2000
#### AGX_LIFE CREATE id=0x5 type=0 surf=0 bytes=0x4000 kr=0 okC=5 failC=0 okD=0 failD=0 unmatchedD=0 full=0 live=5/0MB [t0=5/0MB t80=0/0MB t82=0/0MB]
#### AGXIOC heap map #5 clientID 0x4000 -> resourceID 0x5 size 0x2000
####   ResCreate OK type=0 clientID=0 +0x30=0x40 +0x38=0 +0x40=0x2000 +0x58=0 OUT[+0]=0x1500018000 OUT[+0x08]=0x1067d4000 OUT[+0x10]=0x1061683c0 OUT[+0x48]=0x4000
####   inStruct[0..104]:
####     00: 00 00 00 00 00 00 00 00 01 00 01 00 01 00 00 00
####     10: 01 01 00 01 70 04 00 00 00 00 00 00 00 00 00 00
####     20: 00 00 00 00 00 00 00 00 00 00 00 00 00 00 00 00
####     30: 40 00 00 00 00 00 00 00 00 00 00 00 00 00 00 00
####     40: 00 20 00 00 00 00 00 00 00 00 00 00 00 00 00 00
####     50: 00 00 00 00 00 00 00 00 00 00 00 00 00 00 00 00
####     60: c4 b7 0a 00 06 00 00 00
#### TRACE -[AGXBuffer initFull] self=0x600213180 dev=0x6001d2000 len=8192 align=1→64 opt=0 subDis=0→1 resIn=0x16b3b5538 pin=0x0 -> 0x600213180
#### TRACE -[AGXBuffer initUntracked] self=0x600213180 dev=0x6001d2000 len=8192 opt=0 -> 0x600213180
#### AGXIOC type0 exact initFull length: +0x58=0xc00000000 low32=0 -> +0x40=0x80
#### AGX_LIFE CREATE id=0x6 type=0 surf=0 bytes=0x4000 kr=0 okC=6 failC=0 okD=0 failD=0 unmatchedD=0 full=0 live=6/0MB [t0=6/0MB t80=0/0MB t82=0/0MB]
#### AGXIOC heap map #6 clientID 0x4000 -> resourceID 0x6 size 0x80
####   ResCreate OK type=0 clientID=0 +0x30=0x40 +0x38=0 +0x40=0x80 +0x58=0 OUT[+0]=0x1500020000 OUT[+0x08]=0x1067d8000 OUT[+0x10]=0x106168480 OUT[+0x48]=0x4000
####   inStruct[0..104]:
####     00: 00 00 00 00 00 00 00 00 01 00 01 00 01 00 00 00
####     10: 01 01 00 01 70 04 00 00 00 00 00 00 00 00 00 00
####     20: 00 00 00 00 00 00 00 00 00 00 00 00 00 00 00 00
####     30: 40 00 00 00 00 00 00 00 00 00 00 00 00 00 00 00
####     40: 80 00 00 00 00 00 00 00 00 00 00 00 00 00 00 00
####     50: 00 00 00 00 00 00 00 00 00 00 00 00 00 00 00 00
####     60: b8 a6 19 47 02 00 00 00
#### TRACE -[AGXBuffer initFull] self=0x600213c00 dev=0x6001d2000 len=128 align=1→64 opt=0 subDis=0→1 resIn=0x16b3b5528 pin=0x0 -> 0x600213c00
#### TRACE -[AGXBuffer initUntracked] self=0x600213c00 dev=0x6001d2000 len=128 opt=0 -> 0x600213c00
#### AGXIOC type0 exact initFull length: +0x58=0xc00000000 low32=0 -> +0x40=0x100
#### AGX_LIFE CREATE id=0x7 type=0 surf=0 bytes=0x4000 kr=0 okC=7 failC=0 okD=0 failD=0 unmatchedD=0 full=0 live=7/0MB [t0=7/0MB t80=0/0MB t82=0/0MB]
#### AGXIOC heap map #7 clientID 0x4000 -> resourceID 0x7 size 0x100
####   ResCreate OK type=0 clientID=0 +0x30=0x40 +0x38=0 +0x40=0x100 +0x58=0 OUT[+0]=0x1500028000 OUT[+0x08]=0x1067dc000 OUT[+0x10]=0x106168540 OUT[+0x48]=0x4000
####   inStruct[0..104]:
####     00: 00 00 00 00 00 00 00 00 01 00 01 00 01 00 00 00
####     10: 01 01 00 01 70 04 00 00 00 00 00 00 00 00 00 00
####     20: 00 00 00 00 00 00 00 00 00 00 00 00 00 00 00 00
####     30: 40 00 00 00 00 00 00 00 00 00 00 00 00 00 00 00
####     40: 00 01 00 00 00 00 00 00 00 00 00 00 00 00 00 00
####     50: 00 00 00 00 00 00 00 00 00 00 00 00 00 00 00 00
####     60: b8 a6 19 47 02 00 00 00
#### TRACE -[AGXBuffer initFull] self=0x600213a80 dev=0x6001d2000 len=256 align=1→64 opt=0 subDis=0→1 resIn=0x16b3b5528 pin=0x0 -> 0x600213a80
#### TRACE -[AGXBuffer initUntracked] self=0x600213a80 dev=0x6001d2000 len=256 opt=0 -> 0x600213a80
#### AGXIOC type0 exact initFull length: +0x58=0xc00000000 low32=0 -> +0x40=0x100
#### AGX_LIFE CREATE id=0x8 type=0 surf=0 bytes=0x4000 kr=0 okC=8 failC=0 okD=0 failD=0 unmatchedD=0 full=0 live=8/0MB [t0=8/0MB t80=0/0MB t82=0/0MB]
#### AGXIOC heap map #8 clientID 0x4000 -> resourceID 0x8 size 0x100
####   ResCreate OK type=0 clientID=0 +0x30=0x40 +0x38=0 +0x40=0x100 +0x58=0 OUT[+0]=0x1500030000 OUT[+0x08]=0x1067e0000 OUT[+0x10]=0x106168600 OUT[+0x48]=0x4000
####   inStruct[0..104]:
####     00: 00 00 00 00 00 00 00 00 01 00 01 00 01 00 00 00
####     10: 01 01 00 01 70 04 00 00 00 00 00 00 00 00 00 00
####     20: 00 00 00 00 00 00 00 00 00 00 00 00 00 00 00 00
####     30: 40 00 00 00 00 00 00 00 00 00 00 00 00 00 00 00
####     40: 00 01 00 00 00 00 00 00 00 00 00 00 00 00 00 00
####     50: 00 00 00 00 00 00 00 00 00 00 00 00 00 00 00 00
####     60: b8 a6 19 47 02 00 00 00
#### TRACE -[AGXBuffer initFull] self=0x600213900 dev=0x6001d2000 len=256 align=1→64 opt=0 subDis=0→1 resIn=0x16b3b5528 pin=0x0 -> 0x600213900
#### TRACE -[AGXBuffer initUntracked] self=0x600213900 dev=0x6001d2000 len=256 opt=0 -> 0x600213900
#### AGXIOC type0 exact initFull length: +0x58=0xc00000000 low32=0 -> +0x40=0x100
#### AGX_LIFE CREATE id=0x9 type=0 surf=0 bytes=0x4000 kr=0 okC=9 failC=0 okD=0 failD=0 unmatchedD=0 full=0 live=9/0MB [t0=9/0MB t80=0/0MB t82=0/0MB]
#### AGXIOC heap map #9 clientID 0x4000 -> resourceID 0x9 size 0x100
####   ResCreate OK type=0 clientID=0 +0x30=0x40 +0x38=0 +0x40=0x100 +0x58=0 OUT[+0]=0x1500038000 OUT[+0x08]=0x1067e4000 OUT[+0x10]=0x1061686c0 OUT[+0x48]=0x4000
####   inStruct[0..104]:
####     00: 00 00 00 00 00 00 00 00 01 00 01 00 01 00 00 00
####     10: 01 01 00 01 70 04 00 00 00 00 00 00 00 00 00 00
####     20: 00 00 00 00 00 00 00 00 00 00 00 00 00 00 00 00
####     30: 40 00 00 00 00 00 00 00 00 00 00 00 00 00 00 00
####     40: 00 01 00 00 00 00 00 00 00 00 00 00 00 00 00 00
####     50: 00 00 00 00 00 00 00 00 00 00 00 00 00 00 00 00
####     60: b8 a6 19 47 02 00 00 00
#### TRACE -[AGXBuffer initFull] self=0x600213780 dev=0x6001d2000 len=256 align=1→64 opt=0 subDis=0→1 resIn=0x16b3b5528 pin=0x0 -> 0x600213780
#### TRACE -[AGXBuffer initUntracked] self=0x600213780 dev=0x6001d2000 len=256 opt=0 -> 0x600213780
#### AGX_LIFE CREATE id=0xa type=0 surf=0 bytes=0x10000 kr=0 okC=10 failC=0 okD=0 failD=0 unmatchedD=0 full=0 live=10/0MB [t0=10/0MB t80=0/0MB t82=0/0MB]
#### AGXIOC heap map #10 clientID 0x10000 -> resourceID 0xa size 0x10000
####   ResCreate OK type=0 clientID=0 +0x30=0 +0x38=0 +0x40=0x10000 +0x58=0 OUT[+0]=0x1500040000 OUT[+0x08]=0x1067e8000 OUT[+0x10]=0x106168780 OUT[+0x48]=0x10000
####   inStruct[0..104]:
####     00: 00 00 00 00 00 00 00 00 01 00 01 00 01 00 00 00
####     10: 01 01 00 01 30 04 00 00 00 00 00 00 00 00 00 00
####     20: 00 00 00 00 00 00 00 00 00 00 00 00 00 00 00 00
####     30: 00 00 00 00 00 00 00 00 00 00 00 00 00 00 00 00
####     40: 00 00 01 00 00 00 00 00 00 00 00 00 00 00 00 00
####     50: 00 00 00 08 00 00 00 00 00 00 00 00 00 00 00 00
####     60: 00 00 00 00 00 00 00 00
#### AGXIOC type0 exact initFull length: +0x58=0xc00000000 low32=0 -> +0x40=0x2000
#### AGX_LIFE CREATE id=0xb type=0 surf=0 bytes=0x4000 kr=0 okC=11 failC=0 okD=0 failD=0 unmatchedD=0 full=0 live=11/0MB [t0=11/0MB t80=0/0MB t82=0/0MB]
#### AGXIOC heap map #11 clientID 0x4000 -> resourceID 0xb size 0x2000
####   ResCreate OK type=0 clientID=0 +0x30=0x40 +0x38=0 +0x40=0x2000 +0x58=0 OUT[+0]=0x1500058000 OUT[+0x08]=0x1067f8000 OUT[+0x10]=0x106168840 OUT[+0x48]=0x4000
####   inStruct[0..104]:
####     00: 00 00 00 00 00 00 00 00 01 00 01 00 01 00 00 00
####     10: 01 01 00 01 70 04 00 00 00 00 00 00 00 00 00 00
####     20: 00 00 00 00 00 00 00 00 00 00 00 00 00 00 00 00
####     30: 40 00 00 00 00 00 00 00 00 00 00 00 00 00 00 00
####     40: 00 20 00 00 00 00 00 00 00 00 00 00 00 00 00 00
####     50: 00 00 00 00 00 00 00 00 00 00 00 00 00 00 00 00
####     60: cc 2e 3a dc 65 17 f8 ac
#### TRACE -[AGXBuffer initFull] self=0x600214200 dev=0x6001d2000 len=8192 align=1→64 opt=0 subDis=0→1 resIn=0x16b3b5288 pin=0x0 -> 0x600214200
#### TRACE -[AGXBuffer initUntracked] self=0x600214200 dev=0x6001d2000 len=8192 opt=0 -> 0x600214200
#### AGXIOC type0 exact initFull length: +0x58=0xc00000000 low32=0 -> +0x40=0x80
#### AGXIOC sel=0x9 type=0 args+0x14=0x2470 → 0x470 (stripped macOS-only bits 0x2800)
#### AGX_LIFE CREATE id=0xc type=0 surf=0 bytes=0x4000 kr=0 okC=12 failC=0 okD=0 failD=0 unmatchedD=0 full=0 live=12/0MB [t0=12/0MB t80=0/0MB t82=0/0MB]
#### AGXIOC heap map #12 clientID 0x4000 -> resourceID 0xc size 0x80
####   ResCreate OK type=0 clientID=0 +0x30=0x40 +0x38=0 +0x40=0x80 +0x58=0 OUT[+0]=0x1500060000 OUT[+0x08]=0x1067fc000 OUT[+0x10]=0x106168900 OUT[+0x48]=0x4000
####   inStruct[0..104]:
####     00: 00 00 00 00 00 00 00 00 01 00 01 00 01 00 00 00
####     10: 01 01 00 01 70 04 00 00 00 00 00 00 00 00 00 00
####     20: 00 00 00 00 00 00 00 00 00 00 00 00 00 00 00 00
####     30: 40 00 00 00 00 00 00 00 00 00 00 00 00 00 00 00
####     40: 80 00 00 00 00 00 00 00 00 00 00 00 00 00 00 00
####     50: 00 00 00 00 00 00 00 00 00 00 00 00 00 00 00 00
####     60: 00 00 00 00 00 00 00 00
#### TRACE -[AGXBuffer initFull] self=0x600213d80 dev=0x6001d2000 len=128 align=1→64 opt=32 subDis=0→1 resIn=0x16b3b5568 pin=0x0 -> 0x600213d80
#### TRACE -[AGXBuffer initUntracked] self=0x600213d80 dev=0x6001d2000 len=128 opt=32 -> 0x600213d80
[54407:0728/150504.211786:VERBOSE1:components/viz/service/main/viz_main_impl.cc:87] VizNullHypothesis is disabled (not a warning)
#### tile-encoder forwards: class MTLSimRenderCommandEncoder NOT found
#### IOGPU-CALLBACK-DIAG installed queueClass=0x2059308d0 method=0x0 orig=0x0 bufferClass=0x205930830 method=0x1c74a79a5 orig=0x1c748abe8 errorMethod=0x1b3ce3e01 errorOrig=0x1b3bb5dcc (file-gated)
#### NSXPCSharedListener class=0x205cabbd8
#### NSXPCSharedListener endpointForReply swizzle installed
#### NSXPCSharedListener connectToService swizzle installed
[54340:0728/150504.260871:WARNING:content/browser/gpu/gpu_process_host.cc:1020] Reinitialized the GPU process after a crash. The reported initialization time was 1039 ms
#### MACWS_AGX_NATIVE memoryless witness #2 instance=0x6001d2000 class=AGXG13GFamilyDevice original=0x20fa9e8a8 -> YES
#### AGXIOC type0 exact initFull length: +0x58=0 low32=0 -> +0x40=0x20000
#### AGX_LIFE CREATE id=0xd type=0 surf=0 bytes=0x20000 kr=0 okC=13 failC=0 okD=0 failD=0 unmatchedD=0 full=0 live=13/0MB [t0=13/0MB t80=0/0MB t82=0/0MB]
#### AGXIOC heap map #13 clientID 0x20000 -> resourceID 0xd size 0x20000
####   ResCreate OK type=0 clientID=0 +0x30=0x100 +0x38=0 +0x40=0x20000 +0x58=0 OUT[+0]=0x1500068000 OUT[+0x08]=0x10d754000 OUT[+0x10]=0x1061689c0 OUT[+0x48]=0x20000
####   inStruct[0..104]:
####     00: 00 00 00 00 00 00 00 00 01 00 01 00 01 00 00 00
####     10: 01 01 00 01 70 04 00 00 00 00 00 00 00 00 00 00
####     20: 00 00 00 00 00 00 00 00 00 00 00 00 00 00 00 00
####     30: 00 01 00 00 00 00 00 00 00 00 00 00 00 00 00 00
####     40: 00 00 02 00 00 00 00 00 00 00 00 00 00 00 00 00
####     50: 00 00 00 00 00 00 00 00 00 00 00 00 00 00 00 00
####     60: d8 9f 19 47 02 00 00 00
#### TRACE -[AGXBuffer initFull] self=0x600216600 dev=0x6001d2000 len=131072 align=256→256 opt=0 subDis=0→0 resIn=0x16b3b3698 pin=0x0 -> 0x600216600
#### AGXIOC sel=0x9 type=0x80 VA-shape +0x38=0x10d754000 → 0
#### AGXIOC sel=0x9 type=0x80 args+0x14=0xc30 → 0x430 (stripped macOS-only bits 0x2800)
#### AGXIOC subres parent 0x20000 -> resourceID 0xd, +0x30=0x10d774000 (sz 0x20000)
#### AGXIOC POST-PATCH sel=0x9 type=0x80 inStructCnt=104 (bytes that hit kernel):
    +0000: 80 00 00 00 00 00 00 00 10 00 10 00 01 00 00 00
    +0x10: 01 01 00 10 30 04 00 00 00 00 00 00 00 00 00 00
    +0x20: 00 00 00 00 00 00 00 00 00 00 00 00 00 00 00 00
    +0x30: 00 40 77 0d 01 00 00 00 00 00 00 00 00 00 00 00
    +0x40: 00 40 75 0d 01 00 00 00 0d 00 00 00 00 00 00 00
    +0x50: 0d 00 00 00 00 00 00 00 00 8f 88 80 01 00 00 00
    +0x60: 00 00 00 00 00 00 00 00
#### AGX_LIFE CREATE-FAIL id=0 type=0x80 surf=0 bytes=0x10d754000 kr=0xe00002c2 okC=13 failC=1 okD=0 failD=0 unmatchedD=0 full=0 live=13/0MB [t0=13/0MB t80=0/0MB t82=0/0MB]
#### AGXIOC POST-CALL sel=0x9 type=0x80 -> kr=0xe00002c2
#### AGXIOC Method sel=0xa->0x9 inCnt=0 inSC=104 outSC=80 -> 0xe00002c2
####   ResCreate FAIL type=0x80 clientID=0xd +0x30=0x10d774000 +0x38=0 +0x40=0x10d754000 +0x58=0x180888f00 OUT[+0]=0 OUT[+0x08]=0 OUT[+0x10]=0 OUT[+0x48]=0
####   inStruct[0..104]:
####     00: 80 00 00 00 00 00 00 00 10 00 10 00 01 00 00 00
####     10: 01 01 00 10 30 04 00 00 00 00 00 00 00 00 00 00
####     20: 00 00 00 00 00 00 00 00 00 00 00 00 00 00 00 00
####     30: 00 40 77 0d 01 00 00 00 00 00 00 00 00 00 00 00
####     40: 00 40 75 0d 01 00 00 00 0d 00 00 00 00 00 00 00
####     50: 0d 00 00 00 00 00 00 00 00 8f 88 80 01 00 00 00
####     60: 00 00 00 00 00 00 00 00
####   caller chain (12 frames):
####     [0] 0x104caa130 IOConnectCallMethod_new+0x3318 (libmachook_arm64.dylib)
####     [1] 0x1c749e18c IOGPUResourceCreate+0xec (IOGPU)
####     [2] 0x1c7498138 -[IOGPUMetalResource initWithDevice:remoteStorageResource:options:args:argsSize:]+0x1cc (IOGPU)
####     [3] 0x104c9b450 __loadImageCallback_block_invoke_20+0x70 (libmachook_arm64.dylib)
####     [4] 0x1c749b070 -[IOGPUMetalTexture initWithBuffer:descriptor:sysMemOffset:sysMemRowBytes:vidMemSize:vidMemRowBytes:args:argsSize:isStrideTexture:]+0x248 (IOGPU)
####     [5] 0x1c749b7c0 -[IOGPUMetalTexture initWithPrimaryBuffer:heapIndex:bufferIndex:bufferOffset:length:descriptor:sysMemRowBytes:vidMemSize:vidMemRowBytes:args:argsSize:]+0x58 (IOGPU)
####     [6] 0x20fda3934 -[AGXTexture initWithDevice:desc:isSuballocDisabled:]+0x194 (AGXMetal13_3)
####     [7] 0x104cd2f70 -[MTLFakeDevice hooked_newTextureWithDescriptor:]+0x19e0 (libmachook_arm64.dylib)
####     [8] 0x10ded3714 glStartTilingQCOM+0x29af14 (libGLESv2.dylib)
####     [9] 0x10dee6b48 glStartTilingQCOM+0x2ae348 (libGLESv2.dylib)
####     [10] 0x10dee5e40 glStartTilingQCOM+0x2ad640 (libGLESv2.dylib)
####     [11] 0x10dee5ccc glStartTilingQCOM+0x2ad4cc (libGLESv2.dylib)
#### AGX_INITARGS FAIL #1/14 cls=AGXG13GFamilyTexture dev=0x6001d2000 opt=0 args=0x16b3b3940 argsSize=104 — preserving nil
####   initargs+0000: 80 00 00 00 00 00 00 00 10 00 10 00 01 00 00 00
####   initargs+0x10: 01 01 00 10 30 0c 00 00 00 00 00 00 00 00 00 00
####   initargs+0x20: 00 00 00 00 00 00 00 00 00 00 00 00 00 00 00 00
####   initargs+0x30: 00 00 00 00 00 00 00 00 00 40 75 0d 01 00 00 00
####   initargs+0x40: 00 40 75 0d 01 00 00 00 00 00 02 00 00 00 00 00
####   initargs+0x50: 0d 00 00 00 00 00 00 00 00 8f 88 80 01 00 00 00
####   initargs+0x60: 00 00 00 00 00 00 00 00
#### MTL_TEX/plain.NIL pfmt=125 type=2 w=16 h=16 d=1 mips=1 arr=1 samp=1 storage=0 cpu=0 usage=0x7 swiz=0 cs=0x0 plane=0 ios=0x0
[54407:0728/150504.270557:WARNING:ui/gl/angle_platform_impl.cc:52] Debug.cpp:184 (insertMessage): GL error: HIGH: Error: 0x00000505, in ../../third_party/angle/src/libANGLE/renderer/metal/mtl_resources.mm, MakeTexture:330. Failed to allocate host memory.
#### MACWS_AGX_NATIVE memoryless witness #3 instance=0x6001d2000 class=AGXG13GFamilyDevice original=0x20fa9e8a8 -> YES
#### AGXIOC sel=0x9 type=0x80 VA-shape +0x38=0x10d755000 → 0
#### AGXIOC sel=0x9 type=0x80 args+0x14=0xc30 → 0x430 (stripped macOS-only bits 0x2800)
#### AGXIOC subres parent 0x20000 -> resourceID 0xd, +0x30=0x10d775000 (sz 0x20000)
#### AGX_LIFE CREATE-FAIL id=0 type=0x80 surf=0 bytes=0x10d754000 kr=0xe00002c2 okC=13 failC=2 okD=0 failD=0 unmatchedD=0 full=0 live=13/0MB [t0=13/0MB t80=0/0MB t82=0/0MB]
#### AGXIOC Method sel=0xa->0x9 inCnt=0 inSC=104 outSC=80 -> 0xe00002c2
####   ResCreate FAIL type=0x80 clientID=0xd +0x30=0x10d775000 +0x38=0 +0x40=0x10d754000 +0x58=0x180888f00 OUT[+0]=0 OUT[+0x08]=0 OUT[+0x10]=0 OUT[+0x48]=0
####   inStruct[0..104]:
####     00: 80 00 00 00 00 00 00 00 10 00 10 00 01 00 00 00
####     10: 01 01 00 10 30 04 00 00 00 00 00 00 00 00 00 00
####     20: 00 00 00 00 00 00 00 00 00 00 00 00 00 00 00 00
####     30: 00 50 77 0d 01 00 00 00 00 00 00 00 00 00 00 00
####     40: 00 40 75 0d 01 00 00 00 0d 00 00 00 00 00 00 00
####     50: 0d 00 00 00 00 00 00 00 00 8f 88 80 01 00 00 00
####     60: 00 00 00 00 00 00 00 00
####   caller chain (12 frames):
####     [0] 0x104caa130 IOConnectCallMethod_new+0x3318 (libmachook_arm64.dylib)
####     [1] 0x1c749e18c IOGPUResourceCreate+0xec (IOGPU)
####     [2] 0x1c7498138 -[IOGPUMetalResource initWithDevice:remoteStorageResource:options:args:argsSize:]+0x1cc (IOGPU)
####     [3] 0x104c9b450 __loadImageCallback_block_invoke_20+0x70 (libmachook_arm64.dylib)
####     [4] 0x1c749b070 -[IOGPUMetalTexture initWithBuffer:descriptor:sysMemOffset:sysMemRowBytes:vidMemSize:vidMemRowBytes:args:argsSize:isStrideTexture:]+0x248 (IOGPU)
####     [5] 0x1c749b7c0 -[IOGPUMetalTexture initWithPrimaryBuffer:heapIndex:bufferIndex:bufferOffset:length:descriptor:sysMemRowBytes:vidMemSize:vidMemRowBytes:args:argsSize:]+0x58 (IOGPU)
####     [6] 0x20fda3934 -[AGXTexture initWithDevice:desc:isSuballocDisabled:]+0x194 (AGXMetal13_3)
####     [7] 0x104cd2f70 -[MTLFakeDevice hooked_newTextureWithDescriptor:]+0x19e0 (libmachook_arm64.dylib)
####     [8] 0x10ded3714 glStartTilingQCOM+0x29af14 (libGLESv2.dylib)
####     [9] 0x10dee6b48 glStartTilingQCOM+0x2ae348 (libGLESv2.dylib)
####     [10] 0x10dee5e40 glStartTilingQCOM+0x2ad640 (libGLESv2.dylib)
####     [11] 0x10dee5ccc glStartTilingQCOM+0x2ad4cc (libGLESv2.dylib)
#### AGX_INITARGS FAIL #2/15 cls=AGXG13GFamilyTexture dev=0x6001d2000 opt=0 args=0x16b3b3940 argsSize=104 — preserving nil
####   initargs+0000: 80 00 00 00 00 00 00 00 10 00 10 00 01 00 00 00
####   initargs+0x10: 01 01 00 10 30 0c 00 00 00 00 00 00 00 00 00 00
####   initargs+0x20: 00 00 00 00 00 00 00 00 00 00 00 00 00 00 00 00
####   initargs+0x30: 00 00 00 00 00 00 00 00 00 50 75 0d 01 00 00 00
####   initargs+0x40: 00 40 75 0d 01 00 00 00 00 00 02 00 00 00 00 00
####   initargs+0x50: 0d 00 00 00 00 00 00 00 00 8f 88 80 01 00 00 00
####   initargs+0x60: 00 00 00 00 00 00 00 00
#### MTL_TEX/plain.NIL pfmt=125 type=2 w=16 h=16 d=1 mips=1 arr=1 samp=1 storage=0 cpu=0 usage=0x7 swiz=0 cs=0x0 plane=0 ios=0x0
[54407:0728/150504.272154:WARNING:ui/gl/angle_platform_impl.cc:52] Debug.cpp:184 (insertMessage): GL error: HIGH: Error: 0x00000505, in ../../third_party/angle/src/libANGLE/renderer/metal/mtl_resources.mm, MakeTexture:330. Failed to allocate host memory.
#### JIT-MPROTECT flip #7168 ranges=1 prot=RX writers=1 exec_waits=2312 late_retries=58
#### JIT-MPROTECT flip #2048 ranges=1 prot=RX writers=1 exec_waits=440 late_retries=26
#### JIT-MPROTECT flip #12288 ranges=1 prot=RX writers=1 exec_waits=4456 late_retries=90
#### MTL_TEX entry self class=AGXG13GFamilyDevice
#### MTL_TEX TLS set iosurface=0x60003c0a0 id=0x96 plane=0 compressionHeaderSpan=0 (thread=0x205745e00 addr=0x0)
#### MACWS_AGX_NATIVE memoryless witness #4 instance=0x6001d2000 class=AGXG13GFamilyDevice original=0x20fa9e8a8 -> YES
#### AGXIOC RAW DUMP sel=0x9 type=0x82 inStructCnt=104 (PRE-patch):
    +0000: 82 00 00 00 00 00 00 00 60 09 a0 01 01 00 00 00
    +0x10: 01 01 00 04 30 04 00 00 00 00 00 00 00 00 00 00
    +0x20: 00 00 00 00 00 00 00 00 00 00 00 00 00 00 00 00
    +0x30: 00 00 00 00 00 00 00 00 96 00 00 00 00 00 00 00
    +0x40: 00 00 00 00 00 00 00 00 00 00 00 00 00 00 00 00
    +0x50: 00 00 00 00 00 00 00 00 00 8f 88 80 01 00 00 00
    +0x60: 00 00 00 00 00 00 00 00
####   key fields: +0x14=0x430 +0x15(byte)=0x4 +0x30=0 +0x34=0 +0x38=0x96 +0x40=0 +0x48=0 +0x58=0x180888f00
#### AGXIOC type=0x82 patch #1: f14=0x430 +0x30 0→0x96 +0x38 0x96→0 +0x40 0→0 +0x50 0→0x180888f00 +0x58 0x180888f00→0
#### AGX_LIFE CREATE id=0xe type=0x82 surf=0x96 bytes=0x3d0000 kr=0 okC=14 failC=2 okD=0 failD=0 unmatchedD=0 full=0 live=14/4MB [t0=13/0MB t80=0/0MB t82=1/3MB]
#### AGX_LIFE type82 CREATE stack #1 resourceID=0xe surf=0x96 (16 frames):
0   libmachook_arm64.dylib              0x0000000104ca9030 IOConnectCallMethod_new + 8728
1   IOGPU                               0x00000001c749e18c IOGPUResourceCreate + 236
2   IOGPU                               0x00000001c7498138 -[IOGPUMetalResource initWithDevice:remoteStorageResource:options:args:argsSize:] + 460
3   libmachook_arm64.dylib              0x0000000104c9b450 __loadImageCallback_block_invoke_20 + 112
4   IOGPU                               0x00000001c749a5ec -[IOGPUMetalTexture initWithDevice:descriptor:iosurface:plane:field:args:argsSize:] + 824
5   AGXMetal13_3                        0x000000020fda2f38 -[AGXTexture initWithDevice:desc:iosurface:plane:] + 288
6   libmachook_arm64.dylib              0x0000000104ccd6c8 -[MTLFakeDevice hooked_newTextureWithDescriptor:iosurface:plane:] + 2052
7   libGLESv2.dylib                     0x000000010ded3754 glStartTilingQCOM + 2731860
8   libGLESv2.dylib                     0x000000010dea79b8 glStartTilingQCOM + 2552248
9   libGLESv2.dylib                     0x000000010dea7824 glStartTilingQCOM + 2551844
10  libGLESv2.dylib                     0x000000010dda5fd4 glStartTilingQCOM + 1497044
11  libGLESv2.dylib                     0x000000010dc015fc libGLESv2.dylib + 38396
12  libGLESv2.dylib                     0x000000010dc04d60 EGL_BindTexImage + 144
13  Electron Framework                  0x0000000117ab6528 rust_bmp$cxxbridge1$194$Reader$image_data_loaded + 582280
14  Electron Framework                  0x0000000117ab99cc rust_bmp$cxxbridge1$194$Reader$image_data_loaded + 595756
15  Electron Framework                  0x0000000117ab7830 rust_bmp$cxxbridge1$194$Reader$image_data_loaded + 587152
####   ResCreate OK type=0x82 clientID=0 +0x30=0x96 +0x38=0 +0x40=0 +0x58=0 OUT[+0]=0x1500090000 OUT[+0x08]=0 OUT[+0x10]=0x106168a80 OUT[+0x48]=0x3d0000
####   inStruct[0..104]:
####     00: 82 00 00 00 00 00 00 00 60 09 a0 01 01 00 00 00
####     10: 01 01 00 04 30 04 00 00 00 00 00 00 00 00 00 00
####     20: 00 00 00 00 00 00 00 00 00 00 00 00 00 00 00 00
####     30: 96 00 00 00 00 00 00 00 00 00 00 00 00 00 00 00
####     40: 00 00 00 00 00 00 00 00 00 00 00 00 00 00 00 00
####     50: 00 8f 88 80 01 00 00 00 00 00 00 00 00 00 00 00
####     60: 00 00 00 00 00 00 00 00
#### AGX_MAP_AUDIT: _impl ivar offset = 0x208
#### AGX_MAP_AUDIT #0 tex=0x6009c3480 impl=0x6009c3200 iosurface(arg=0x60003c0a0 bound=0x60003c0a0) plane=0 cpu130=0x10e21c000 gpu40=0x1500090000 descriptorOff=0x190 descriptorLayout=0 compressed=0 extended=0 match=1
#### AGXIOC Method sel=0xf->0xd inCnt=2 inSC=0 outSC=16 -> 0x0
#### AGXIOC Method sel=0xf->0xd inCnt=2 inSC=0 outSC=16 -> 0x0
#### AGXIOC Struct sel=0x6->0x5 inSC=0 outSC=16 -> 0x0
#### AGXIOC Method sel=0x1e->0x1a inCnt=4 inSC=56 outSC=0 -> 0x0
[54340:0728/150504.609577:INFO:CONSOLE:5359] "Extension Host", source: vscode-file://vscode-app/Applications/Visual%20Studio%20Code.app/Contents/Resources/app/out/vs/workbench/workbench.desktop.main.js (5359)
[54340:0728/150504.609689:INFO:CONSOLE:5359] "%c#### MACWS_HID_BYPASS installed SetMatchingMultiple → no-op (1) at 0x1ad8d5e8c — skips iOS-format CFBinaryPlist parse inside
%c####   IOHIDEventSystemClientCacheMatchingServices → IOHIDUnserializeAndVMDealloc → CFPropertyListCreateFromStream
%c####   that BUS_ADRALNs in the IOMFBServer thread.
%c#### MACWS_AGX_RENAMER_PATCH: off (set MACWS_AGX_RENAMER_PATCH=1 to enable)
%c#### MACWS_ASSERT_BYPASS DISABLED (set MACWS_KEEP_ASSERT_BYPASS=1 to restore lazy bypass) — real __assert_rtn now reaches abort
%c#### MACWS_AGX_NATIVE [ctor] pre-loaded IOGPU via /System/Library/PrivateFrameworks/IOGPU.framework/IOGPU -> 0x3fa56cc10
%c#### XPC_BOOTSTRAP: fn=0x1aa48d140 dict=0x1566096d0 (registering Metal/ViewBridge/HIServices)
%c#### XPC_BOOTSTRAP: called OK
%c#### COEXIST API SwapEnd hook installed target=0x1b536b1cc trampoline=0x104cac000
%c#### SkyLight PrepareForUse tolerate-nil hook installed at 0x1af74cfc4
%c#### SkyLight StartCompositeForDisplayStream nil-skip hook installed at 0x1af575d74
%c#### SkyLight StartComposite(WSCD) tolerate-nil + pop-on-bail hook installed at 0x1af575358
%c#### SkyLight StartComposite(MTLTex) pop-on-bail hook installed at 0x1af575fb8
%c#### SkyLight EndCurrentComposite(bool) completion hook installed at 0x1af57453c
%c#### SkyLight EndUpdate(bool) submission hook installed at 0x1af5740b0
%c#### SkyLight _state_stack pop_back resolved at 0x1af572fa0
%c#### SkyLight WSCompositeDestinationCreateWithMetalTexture nil-tolerate hook installed at 0x1af57853c
%c#### SkyLight MetalContext::StopCapture invalid-this guard installed at 0x1af5741bc
%c#### MACWS_AGX_NATIVE class_addMethod(MTLTextureDescriptor, validateWithDevice:) = 1
%c#### MACWS_AGX_NATIVE class_addMethod(IOGPUMetalTexture, isMemoryless) = 1
%c#### MACWS_AGX_NATIVE class_addMethod(IOGPUMetalTexture, getCPUSizeBytes) = 1
%c#### MACWS_AGX_NATIVE class_addMethod(IOGPUMetalTexture, getAlignment) = 1
%c#### MACWS_AGX_NATIVE class_addMethod(IOGPUMetalTexture, descriptorPrivate) = 1
%c#### MACWS_AGX_NATIVE class_addMethod(IOGPUMetalTexture, getBytesPerRow) = 1
%c#### MACWS_AGX_NATIVE class_addMethod(IOGPUMetalTexture, updateBindDataWithAddresses:gpuVirtualAddress:) = 1
%c#### MACWS_AGX_NATIVE class_addMethod(IOGPUMetalTexture, updateBindDataWithAddresses:gpuVirtualAddress:shouldInitMetadata:) = 1
%c#### MACWS_AGX_NATIVE class_addMethod(IOGPUMetalTexture, allocBufferSubDataWithLength:options:alignment:heapIndex:bufferIndex:bufferOffset:) = 1
%c#### MACWS_AGX_NATIVE class_addMethod(IOGPUMetalTexture, initNewTextureData:) = 1
%c#### MACWS_AGX_NATIVE class_addMethod(MTLTextureDescriptor, isMemoryless) = 1
%c#### MACWS_AGX_NATIVE class_addMethod(MTLTextureDescriptor, protectionOptions) = 1
%c#### MACWS_AGX_NATIVE class_addMethod(MTLTextureDescriptor, getCPUSizeBytes) = 1
%c#### MACWS_AGX_NATIVE class_addMethod(MTLTextureDescriptor, getAlignment) = 1
%c#### MACWS_AGX_NATIVE class_addMethod(MTLTextureDescriptor, descriptorPrivate) = 1
%c#### MACWS_AGX_NATIVE class_addMethod(MTLTextureDescriptor, getBytesPerRow) = 1
%c#### MACWS_AGX_NATIVE class_addMethod(MTLTextureDescriptor, updateBindDataWithAddresses:gpuVirtualAddress:) = 1
%c#### MACWS_AGX_NATIVE class_addMethod(MTLTextureDescriptor, updateBindDataWithAddresses:gpuVirtualAddress:shouldInitMetadata:) = 1
%c#### MACWS_AGX_NATIVE class_addMethod(MTLTextureDescriptor, allocBufferSubDataWithLength:options:alignment:heapIndex:bufferIndex:bufferOffset:) = 1
%c#### MACWS_AGX_NATIVE class_addMethod(MTLTextureDescriptor, initNewTextureData:) = 1
%c#### AMFI-POLICY-COMPAT policy=AMFI op=0x60 status=0x4 (iOS task ports are hard-immovable)
%c#### CSR-POLICY-COMPAT active_config=0x0 (conservative iOS compatibility value)
%c[54411:0728/150503.503247:ERROR:base/process/process_mac.cc:53] task_policy_set TASK_CATEGORY_POLICY: (os/kern) invalid argument (4)
%c#### JIT-MPROTECT range[0]=[0x280000000,0x290000000) source=MAP_JIT-EINVAL
%c#### JIT-MPROTECT execution barrier installed (W^X fetch-wait compatibility)
%c#### JIT-MPROTECT range[0]=[0x280000000,0x290000000) source=MAP_JIT-EINVAL
%c#### JIT-MPROTECT range[0]=[0x280000000,0x290000000) source=MAP_JIT-EINVAL
%c#### JIT-MPROTECT range[0]=[0x280000000,0x290000000) source=MAP_JIT-EINVAL
%c#### JIT-MPROTECT range[0]=[0x280000000,0x290000000) source=MAP_JIT-EINVAL
%c#### JIT-MPROTECT range[0]=[0x280000000,0x290000000) source=MAP_JIT-EINVAL
%c#### JIT-MPROTECT range[0]=[0x280000000,0x290000000) source=MAP_JIT-EINVAL
%c#### JIT-MPROTECT range[0]=[0x280000000,0x290000000) source=MAP_JIT-EINVAL
%c#### JIT-MPROTECT range[0]=[0x170000000,0x180000000) source=MAP_JIT-EINVAL
%c#### JIT-MPROTECT call #1 addr=0x170000000 size=0x10000000 requested=0x7 effective=0x3 result=0 errno=0 caller=0x117c92334 image=/Applications/Visual Studio Code.app/Contents/Frameworks/Electron Framework.framework/Versions/A/Electron Framework offset=0x63b2334
%c#### JIT-MPROTECT remap decline #1 dst=0x177dc0000 size=0x208000 src=0x113f88000 requested=0x5 -> V8 copy fallback
%c#### JIT-MPROTECT flip #1 ranges=1 prot=RW writers=1 exec_waits=0 late_retries=0
%c#### JIT-MPROTECT flip #2 ranges=1 prot=RX writers=1 exec_waits=0 late_retries=0
%c#### JIT-MPROTECT flip #3 ranges=1 prot=RW writers=1 exec_waits=0 late_retries=0
%c#### JIT-MPROTECT flip #4 ranges=1 prot=RX writers=1 exec_waits=0 late_retries=0
%c#### JIT-MPROTECT flip #5 ranges=1 prot=RW writers=1 exec_waits=0 late_retries=0
%c#### JIT-MPROTECT flip #6 ranges=1 prot=RX writers=1 exec_waits=0 late_retries=0
%c#### JIT-MPROTECT flip #7 ranges=1 prot=RW writers=1 exec_waits=1 late_retries=0
%c#### JIT-MPROTECT flip #8 ranges=1 prot=RX writers=1 exec_waits=1 late_retries=0
%c#### JIT-MPROTECT flip #9 ranges=1 prot=RW writers=1 exec_waits=1 late_retries=0
%c#### JIT-MPROTECT flip #10 ranges=1 prot=RX writers=1 exec_waits=2 late_retries=0
%c#### JIT-MPROTECT flip #11 ranges=1 prot=RW writers=1 exec_waits=2 late_retries=0
%c#### JIT-MPROTECT flip #12 ranges=1 prot=RX writers=1 exec_waits=3 late_retries=0
%c#### JIT-MPROTECT flip #13 ranges=1 prot=RW writers=1 exec_waits=3 late_retries=0
%c#### JIT-MPROTECT flip #14 ranges=1 prot=RX writers=1 exec_waits=4 late_retries=0
%c#### JIT-MPROTECT flip #15 ranges=1 prot=RW writers=1 exec_waits=4 late_retries=0
%c#### JIT-MPROTECT flip #16 ranges=1 prot=RX writers=1 exec_waits=5 late_retries=0
%c#### JIT-MPROTECT flip #17 ranges=1 prot=RW writers=1 exec_waits=5 late_retries=0
%c#### JIT-MPROTECT flip #18 ranges=1 prot=RX writers=1 exec_waits=6 late_retries=0
%c#### JIT-MPROTECT flip #19 ranges=1 prot=RW writers=1 exec_waits=6 late_retries=0
%c#### JIT-MPROTECT flip #20 ranges=1 prot=RX writers=1 exec_waits=7 late_retries=0
%c#### JIT-MPROTECT flip #21 ranges=1 prot=RW writers=1 exec_waits=7 late_retries=0
%c#### JIT-MPROTECT flip #22 ranges=1 prot=RX writers=1 exec_waits=7 late_retries=0
%c#### JIT-MPROTECT flip #23 ranges=1 prot=RW writers=1 exec_waits=7 late_retries=0
%c#### JIT-MPROTECT flip #24 ranges=1 prot=RX writers=1 exec_waits=7 late_retries=0
%c#### JIT-MPROTECT flip #25 ranges=1 prot=RW writers=1 exec_waits=7 late_retries=0
%c#### JIT-MPROTECT flip #26 ranges=1 prot=RX writers=1 exec_waits=7 late_retries=0
%c#### JIT-MPROTECT flip #27 ranges=1 prot=RW writers=1 exec_waits=7 late_retries=0
%c#### JIT-MPROTECT flip #28 ranges=1 prot=RX writers=1 exec_waits=7 late_retries=0
%c#### JIT-MPROTECT flip #29 ranges=1 prot=RW writers=1 exec_waits=7 late_retries=0
%c#### JIT-MPROTECT flip #30 ranges=1 prot=RX writers=1 exec_waits=7 late_retries=0
%c#### JIT-MPROTECT flip #31 ranges=1 prot=RW writers=1 exec_waits=7 late_retries=0
%c#### JIT-MPROTECT flip #32 ranges=1 prot=RX writers=1 exec_waits=7 late_retries=0
%c#### JIT-MPROTECT flip #1024 ranges=1 prot=RX writers=1 exec_waits=213 late_retries=8
%c#### JIT-MPROTECT flip #2048 ranges=1 prot=RX writers=1 exec_waits=482 late_retries=28
 color: red color: red color: red color: red color: red color: red color: red color: red color: red color: red color: red color: red color: red color: red color: red color: red color: red color: red color: red color: red color: red color: red color: red color: red color: red color: red color: red color: red color: red color: red color: red color: red color: red color: red color: red color: red color: red color: red color: red color: red color: red color: red color: red color: red color: red color: red color: red color: red color: red color: red color: red color: red color: red color: red color: red color: red color: red color: red color: red color: red color: red color: red color: red color: red color: red color: red color: red color: red color: red color: red color: red color: red color: red color: red color: red color: red color: red color: red color: red color: red color: red color: red color: red color: red color: red color: red color: red", source: vscode-file://vscode-app/Applications/Visual%20Studio%20Code.app/Contents/Resources/app/out/vs/workbench/workbench.desktop.main.js (5359)
[54340:0728/150504.609783:INFO:CONSOLE:5359] "console.groupEnd", source: vscode-file://vscode-app/Applications/Visual%20Studio%20Code.app/Contents/Resources/app/out/vs/workbench/workbench.desktop.main.js (5359)
#### MACWS_AGX_NATIVE memoryless witness #5 instance=0x6001d2000 class=AGXG13GFamilyDevice original=0x20fa9e8a8 -> YES
#### AGX_LIFE CREATE id=0xf type=0 surf=0 bytes=0x80000 kr=0 okC=15 failC=2 okD=0 failD=0 unmatchedD=0 full=0 live=15/4MB [t0=14/0MB t80=0/0MB t82=1/3MB]
#### AGXIOC heap map #14 clientID 0x80000 -> resourceID 0xf size 0x80000
####   ResCreate OK type=0 clientID=0 +0x30=0 +0x38=0 +0x40=0x80000 +0x58=0 OUT[+0]=0x1500468000 OUT[+0x08]=0x10e5ec000 OUT[+0x10]=0x106168b40 OUT[+0x48]=0x80000
####   inStruct[0..104]:
####     00: 00 00 00 00 00 00 00 00 00 08 00 01 01 00 00 00
####     10: 01 01 00 01 30 04 00 00 00 00 00 00 00 00 00 00
####     20: 00 00 00 00 00 00 00 00 00 00 00 00 00 00 00 00
####     30: 00 00 00 00 00 00 00 00 00 00 00 00 00 00 00 00
####     40: 00 00 08 00 00 00 00 00 00 00 00 00 00 00 00 00
####     50: 00 8c 88 80 00 00 00 00 00 00 00 00 00 00 00 00
####     60: 00 00 00 00 00 00 00 00
#### AGXIOC type0 exact initFull length: +0x58=0 low32=0 -> +0x40=0x523a0
#### AGX_LIFE CREATE id=0x10 type=0 surf=0 bytes=0x54000 kr=0 okC=16 failC=2 okD=0 failD=0 unmatchedD=0 full=0 live=16/5MB [t0=15/1MB t80=0/0MB t82=1/3MB]
#### AGXIOC heap map #15 clientID 0x54000 -> resourceID 0x10 size 0x523a0
####   ResCreate OK type=0 clientID=0 +0x30=0x40 +0x38=0 +0x40=0x523a0 +0x58=0 OUT[+0]=0x15004f0000 OUT[+0x08]=0x10e66c000 OUT[+0x10]=0x106168c00 OUT[+0x48]=0x54000
####   inStruct[0..104]:
####     00: 00 00 00 00 00 00 00 00 01 00 01 00 01 00 00 00
####     10: 01 01 00 01 70 04 00 00 00 00 00 00 00 00 00 00
####     20: 00 00 00 00 00 00 00 00 00 00 00 00 00 00 00 00
####     30: 40 00 00 00 00 00 00 00 00 00 00 00 00 00 00 00
####     40: a0 23 05 00 00 00 00 00 00 00 00 00 00 00 00 00
####     50: 00 00 00 00 00 00 00 00 00 00 00 00 00 00 00 00
####     60: 28 2b 3b 6b 01 00 00 00
#### TRACE -[AGXBuffer initFull] self=0x60021d980 dev=0x6001d2000 len=336800 align=1→64 opt=0 subDis=0→0 resIn=0x16b3b2a88 pin=0x0 -> 0x60021d980
#### CBRI_HOOK self=0x600223b80 cls=AGXG13GFamilyCommandBuffer → resourceInfo=0x60025d200
#### AGXIOC heap map #16 clientID 0x8000 -> resourceID 0x11 size 0x8000
####   ResCreate OK type=0 clientID=0 +0x30=0 +0x38=0 +0x40=0x8000 +0x58=0 OUT[+0]=0x1500548000 OUT[+0x08]=0x10dbe4000 OUT[+0x10]=0x106168cc0 OUT[+0x48]=0x8000
####   inStruct[0..104]:
####     00: 00 00 00 00 00 00 00 00 00 80 01 00 01 00 00 00
####     10: 01 01 00 01 30 04 00 00 00 00 00 00 00 00 00 00
####     20: 00 00 00 00 00 00 00 00 00 00 00 00 00 00 00 00
####     30: 00 00 00 00 00 00 00 00 00 00 00 00 00 00 00 00
####     40: 00 80 00 00 00 00 00 00 00 00 00 00 00 00 00 00
####     50: 00 00 00 08 00 00 00 00 00 00 00 00 00 00 00 00
####     60: 00 00 00 00 00 00 00 00
####   ResCreate OK type=0 clientID=0 +0x30=0 +0x38=0 +0x40=0x8000 +0x58=0 OUT[+0]=0x1500558000 OUT[+0x08]=0x10dbec000 OUT[+0x10]=0x106168d80 OUT[+0x48]=0x8000
####   inStruct[0..104]:
####     00: 00 00 00 00 00 00 00 00 00 80 01 00 01 00 00 00
####     10: 01 01 00 01 30 04 00 00 00 00 00 00 00 00 00 00
####     20: 00 00 00 00 00 00 00 00 00 00 00 00 00 00 00 00
####     30: 00 00 00 00 00 00 00 00 00 00 00 00 00 00 00 00
####     40: 00 80 00 00 00 00 00 00 00 00 00 00 00 00 00 00
####     50: 00 00 00 08 00 00 00 00 00 00 00 00 00 00 00 00
####     60: 00 00 00 00 00 00 00 00
####   ResCreate OK type=0 clientID=0 +0x30=0 +0x38=0 +0x40=0x8000 +0x58=0 OUT[+0]=0x1500568000 OUT[+0x08]=0x10e6c0000 OUT[+0x10]=0x106168e40 OUT[+0x48]=0x8000
####   inStruct[0..104]:
####     00: 00 00 00 00 00 00 00 00 00 80 01 00 01 00 00 00
####     10: 01 01 00 01 30 04 00 00 00 00 00 00 00 00 00 00
####     20: 00 00 00 00 00 00 00 00 00 00 00 00 00 00 00 00
####     30: 00 00 00 00 00 00 00 00 00 00 00 00 00 00 00 00
####     40: 00 80 00 00 00 00 00 00 00 00 00 00 00 00 00 00
####     50: 00 00 00 08 00 00 00 00 00 00 00 00 00 00 00 00
####     60: 00 00 00 00 00 00 00 00
####   ResCreate OK type=0 clientID=0 +0x30=0 +0x38=0 +0x40=0x8000 +0x58=0 OUT[+0]=0x18000 OUT[+0x08]=0x10e6c8000 OUT[+0x10]=0x106168f00 OUT[+0x48]=0x8000
####   inStruct[0..104]:
####     00: 00 00 00 00 00 00 00 00 00 80 01 00 01 00 00 00
####     10: 01 01 00 01 30 84 00 00 00 00 00 00 00 00 00 00
####     20: 00 00 00 00 00 00 00 00 00 00 00 00 00 00 00 00
####     30: 00 00 00 00 00 00 00 00 00 00 00 00 00 00 00 00
####     40: 00 80 00 00 00 00 00 00 00 00 00 00 00 00 00 00
####     50: 00 00 00 48 00 00 00 00 00 00 00 00 00 00 00 00
####     60: 00 00 00 00 00 00 00 00
####   ResCreate OK type=0 clientID=0 +0x30=0 +0x38=0 +0x40=0x8000 +0x58=0 OUT[+0]=0x28000 OUT[+0x08]=0x10e6d0000 OUT[+0x10]=0x106168fc0 OUT[+0x48]=0x8000
####   inStruct[0..104]:
####     00: 00 00 00 00 00 00 00 00 00 80 01 00 01 00 00 00
####     10: 01 01 00 01 30 84 00 00 00 00 00 00 00 00 00 00
####     20: 00 00 00 00 00 00 00 00 00 00 00 00 00 00 00 00
####     30: 00 00 00 00 00 00 00 00 00 00 00 00 00 00 00 00
####     40: 00 80 00 00 00 00 00 00 00 00 00 00 00 00 00 00
####     50: 00 00 00 48 00 00 00 00 00 00 00 00 00 00 00 00
####     60: 00 00 00 00 00 00 00 00
####   ResCreate OK type=0 clientID=0 +0x30=0 +0x38=0 +0x40=0xff80 +0x58=0 OUT[+0]=0x1500578000 OUT[+0x08]=0x10e6d8000 OUT[+0x10]=0x106169080 OUT[+0x48]=0x10000
####   inStruct[0..104]:
####     00: 00 00 00 00 00 00 00 00 80 ff 01 00 01 00 00 00
####     10: 01 01 00 01 30 04 00 00 00 00 00 00 00 00 00 00
####     20: 00 00 00 00 00 00 00 00 00 00 00 00 00 00 00 00
####     30: 00 00 00 00 00 00 00 00 00 00 00 00 00 00 00 00
####     40: 80 ff 00 00 00 00 00 00 00 00 00 00 00 00 00 00
####     50: 00 00 00 18 00 00 00 00 00 00 00 00 00 00 00 00
####     60: 00 00 00 00 00 00 00 00
####   ResCreate OK type=0 clientID=0 +0x30=0 +0x38=0 +0x40=0x8000 +0x58=0 OUT[+0]=0x1500590000 OUT[+0x08]=0x10e6e8000 OUT[+0x10]=0x106169140 OUT[+0x48]=0x8000
####   inStruct[0..104]:
####     00: 00 00 00 00 00 00 00 00 00 80 01 00 01 00 00 00
####     10: 01 01 00 01 30 04 00 00 00 00 00 00 00 00 00 00
####     20: 00 00 00 00 00 00 00 00 00 00 00 00 00 00 00 00
####     30: 00 00 00 00 00 00 00 00 00 00 00 00 00 00 00 00
####     40: 00 80 00 00 00 00 00 00 00 00 00 00 00 00 00 00
####     50: 00 00 00 18 00 00 00 00 00 00 00 00 00 00 00 00
####     60: 00 00 00 00 00 00 00 00
####   ResCreate OK type=0 clientID=0 +0x30=0 +0x38=0 +0x40=0x8000 +0x58=0 OUT[+0]=0x15005a0000 OUT[+0x08]=0x10e6f0000 OUT[+0x10]=0x106169200 OUT[+0x48]=0x8000
####   inStruct[0..104]:
####     00: 00 00 00 00 00 00 00 00 00 80 01 00 01 00 00 00
####     10: 01 01 00 01 30 04 00 00 00 00 00 00 00 00 00 00
####     20: 00 00 00 00 00 00 00 00 00 00 00 00 00 00 00 00
####     30: 00 00 00 00 00 00 00 00 00 00 00 00 00 00 00 00
####     40: 00 80 00 00 00 00 00 00 00 00 00 00 00 00 00 00
####     50: 00 00 00 08 00 00 00 00 00 00 00 00 00 00 00 00
####     60: 00 00 00 00 00 00 00 00
####   ResCreate OK type=0 clientID=0 +0x30=0 +0x38=0 +0x40=0x8000 +0x58=0 OUT[+0]=0x1100038000 OUT[+0x08]=0x10e6f8000 OUT[+0x10]=0x1061692c0 OUT[+0x48]=0x8000
####   inStruct[0..104]:
####     00: 00 00 00 00 00 00 00 00 00 80 01 00 01 00 00 00
####     10: 01 01 00 01 30 84 00 00 00 00 00 00 00 00 00 00
####     20: 00 00 00 00 00 00 00 00 00 00 00 00 00 00 00 00
####     30: 00 00 00 00 00 00 00 00 00 00 00 00 00 00 00 00
####     40: 00 80 00 00 00 00 00 00 00 00 00 00 00 00 00 00
####     50: 00 00 00 28 00 00 00 00 00 00 00 00 00 00 00 00
####     60: 00 00 00 00 00 00 00 00
####   ResCreate OK type=0 clientID=0 +0x30=0 +0x38=0 +0x40=0x8000 +0x58=0 OUT[+0]=0x15005b0000 OUT[+0x08]=0x10e700000 OUT[+0x10]=0x106169380 OUT[+0x48]=0x8000
####   inStruct[0..104]:
####     00: 00 00 00 00 00 00 00 00 00 80 01 00 01 00 00 00
####     10: 01 01 00 01 30 04 00 00 00 00 00 00 00 00 00 00
####     20: 00 00 00 00 00 00 00 00 00 00 00 00 00 00 00 00
####     30: 00 00 00 00 00 00 00 00 00 00 00 00 00 00 00 00
####     40: 00 80 00 00 00 00 00 00 00 00 00 00 00 00 00 00
####     50: 00 00 00 08 00 00 00 00 00 00 00 00 00 00 00 00
####     60: 00 00 00 00 00 00 00 00
####   ResCreate OK type=0 clientID=0 +0x30=0 +0x38=0 +0x40=0x8000 +0x58=0 OUT[+0]=0x15005c0000 OUT[+0x08]=0x10e708000 OUT[+0x10]=0x106169440 OUT[+0x48]=0x8000
####   inStruct[0..104]:
####     00: 00 00 00 00 00 00 00 00 00 80 01 00 01 00 00 00
####     10: 01 01 00 01 30 04 00 00 00 00 00 00 00 00 00 00
####     20: 00 00 00 00 00 00 00 00 00 00 00 00 00 00 00 00
####     30: 00 00 00 00 00 00 00 00 00 00 00 00 00 00 00 00
####     40: 00 80 00 00 00 00 00 00 00 00 00 00 00 00 00 00
####     50: 00 00 00 08 00 00 00 00 00 00 00 00 00 00 00 00
####     60: 00 00 00 00 00 00 00 00
#### AGXIOC type0 exact initFull length: +0x58=0 low32=0 -> +0x40=0x8000
####   ResCreate OK type=0 clientID=0 +0x30=0x40 +0x38=0 +0x40=0x8000 +0x58=0 OUT[+0]=0x15005d0000 OUT[+0x08]=0x10e7c0000 OUT[+0x10]=0x106169500 OUT[+0x48]=0x8000
####   inStruct[0..104]:
####     00: 00 00 00 00 00 00 00 00 01 00 01 00 01 00 00 00
####     10: 01 01 00 01 70 04 00 00 00 00 00 00 00 00 00 00
####     20: 00 00 00 00 00 00 00 00 00 00 00 00 00 00 00 00
####     30: 40 00 00 00 00 00 00 00 00 00 00 00 00 00 00 00
####     40: 00 80 00 00 00 00 00 00 00 00 00 00 00 00 00 00
####     50: 00 00 00 00 00 00 00 00 00 00 00 00 00 00 00 00
####     60: d8 9f 19 47 02 00 00 00
####   ResCreate OK type=0 clientID=0 +0x30=0 +0x38=0 +0x40=0x50000 +0x58=0 OUT[+0]=0x48000 OUT[+0x08]=0x10ead4000 OUT[+0x10]=0x1061695c0 OUT[+0x48]=0x50000
####   inStruct[0..104]:
####     00: 00 00 00 00 00 00 00 00 01 00 01 00 01 00 00 00
####     10: 01 01 00 01 30 84 00 00 00 00 00 00 00 00 00 00
####     20: 00 00 00 00 00 00 00 00 00 00 00 00 00 00 00 00
####     30: 00 00 00 00 00 00 00 00 00 00 00 00 00 00 00 00
####     40: 00 00 05 00 00 00 00 00 00 00 00 00 00 00 00 00
####     50: 00 00 00 38 00 00 00 00 00 00 00 00 00 00 00 00
####     60: 00 00 00 00 00 00 00 00
#### CBRI_HOOK self=0x600223b80 cls=AGXG13GFamilyCommandBuffer → resourceInfo=0x60025d200
####   ResCreate OK type=0 clientID=0 +0x30=0 +0x38=0 +0x40=0x8000 +0x58=0 OUT[+0]=0x15005e0000 OUT[+0x08]=0x10eb24000 OUT[+0x10]=0x106169680 OUT[+0x48]=0x8000
####   inStruct[0..104]:
####     00: 00 00 00 00 00 00 00 00 00 80 01 00 01 00 00 00
####     10: 01 01 00 01 30 04 00 00 00 00 00 00 00 00 00 00
####     20: 00 00 00 00 00 00 00 00 00 00 00 00 00 00 00 00
####     30: 00 00 00 00 00 00 00 00 00 00 00 00 00 00 00 00
####     40: 00 80 00 00 00 00 00 00 00 00 00 00 00 00 00 00
####     50: 00 00 00 08 00 00 00 00 00 00 00 00 00 00 00 00
####     60: 00 00 00 00 00 00 00 00
####   ResCreate OK type=0 clientID=0 +0x30=0 +0x38=0 +0x40=0x8000 +0x58=0 OUT[+0]=0x15005f0000 OUT[+0x08]=0x10eb2c000 OUT[+0x10]=0x106169740 OUT[+0x48]=0x8000
####   inStruct[0..104]:
####     00: 00 00 00 00 00 00 00 00 00 80 01 00 01 00 00 00
####     10: 01 01 00 01 30 04 00 00 00 00 00 00 00 00 00 00
####     20: 00 00 00 00 00 00 00 00 00 00 00 00 00 00 00 00
####     30: 00 00 00 00 00 00 00 00 00 00 00 00 00 00 00 00
####     40: 00 80 00 00 00 00 00 00 00 00 00 00 00 00 00 00
####     50: 00 00 00 08 00 00 00 00 00 00 00 00 00 00 00 00
####     60: 00 00 00 00 00 00 00 00
####   ResCreate OK type=0 clientID=0 +0x30=0 +0x38=0 +0x40=0x100000 +0x58=0 OUT[+0]=0x1500600000 OUT[+0x08]=0x10eb34000 OUT[+0x10]=0x106169800 OUT[+0x48]=0x100000
####   inStruct[0..104]:
####     00: 00 00 00 00 00 00 00 00 00 00 01 00 01 00 00 00
####     10: 01 01 00 01 30 04 00 00 00 00 00 00 00 00 00 00
####     20: 00 00 00 00 00 00 00 00 00 00 00 00 00 00 00 00
####     30: 00 00 00 00 00 00 00 00 00 00 00 00 00 00 00 00
####     40: 00 00 10 00 00 00 00 00 00 00 00 00 00 00 00 00
####     50: 00 00 00 18 00 00 00 00 00 00 00 00 00 00 00 00
####     60: 00 00 00 00 00 00 00 00
####   ResCreate OK type=0 clientID=0 +0x30=0 +0x38=0 +0x40=0x8000 +0x58=0 OUT[+0]=0x1500708000 OUT[+0x08]=0x10ec34000 OUT[+0x10]=0x1061698c0 OUT[+0x48]=0x8000
####   inStruct[0..104]:
####     00: 00 00 00 00 00 00 00 00 00 80 01 00 01 00 00 00
####     10: 01 01 00 01 30 04 00 00 00 00 00 00 00 00 00 00
####     20: 00 00 00 00 00 00 00 00 00 00 00 00 00 00 00 00
####     30: 00 00 00 00 00 00 00 00 00 00 00 00 00 00 00 00
####     40: 00 80 00 00 00 00 00 00 00 00 00 00 00 00 00 00
####     50: 00 00 00 08 00 00 00 00 00 00 00 00 00 00 00 00
####     60: 00 00 00 00 00 00 00 00
####   ResCreate OK type=0 clientID=0 +0x30=0 +0x38=0 +0x40=0x8000 +0x58=0 OUT[+0]=0x1500718000 OUT[+0x08]=0x10ec3c000 OUT[+0x10]=0x106169980 OUT[+0x48]=0x8000
####   inStruct[0..104]:
####     00: 00 00 00 00 00 00 00 00 00 80 01 00 01 00 00 00
####     10: 01 01 00 01 30 04 00 00 00 00 00 00 00 00 00 00
####     20: 00 00 00 00 00 00 00 00 00 00 00 00 00 00 00 00
####     30: 00 00 00 00 00 00 00 00 00 00 00 00 00 00 00 00
####     40: 00 80 00 00 00 00 00 00 00 00 00 00 00 00 00 00
####     50: 00 00 00 08 00 00 00 00 00 00 00 00 00 00 00 00
####     60: 00 00 00 00 00 00 00 00
####   ResCreate OK type=0 clientID=0 +0x30=0 +0x38=0 +0x40=0x8000 +0x58=0 OUT[+0]=0x1500728000 OUT[+0x08]=0x10ec44000 OUT[+0x10]=0x106169a40 OUT[+0x48]=0x8000
####   inStruct[0..104]:
####     00: 00 00 00 00 00 00 00 00 00 80 01 00 01 00 00 00
####     10: 01 01 00 01 30 04 00 00 00 00 00 00 00 00 00 00
####     20: 00 00 00 00 00 00 00 00 00 00 00 00 00 00 00 00
####     30: 00 00 00 00 00 00 00 00 00 00 00 00 00 00 00 00
####     40: 00 80 00 00 00 00 00 00 00 00 00 00 00 00 00 00
####     50: 00 00 00 08 00 00 00 00 00 00 00 00 00 00 00 00
####     60: 00 00 00 00 00 00 00 00
####   ResCreate OK type=0 clientID=0 +0x30=0 +0x38=0 +0x40=0x8000 +0x58=0 OUT[+0]=0x1500738000 OUT[+0x08]=0x10ec4c000 OUT[+0x10]=0x106169b00 OUT[+0x48]=0x8000
####   inStruct[0..104]:
####     00: 00 00 00 00 00 00 00 00 00 80 01 00 01 00 00 00
####     10: 01 01 00 01 30 04 00 00 00 00 00 00 00 00 00 00
####     20: 00 00 00 00 00 00 00 00 00 00 00 00 00 00 00 00
####     30: 00 00 00 00 00 00 00 00 00 00 00 00 00 00 00 00
####     40: 00 80 00 00 00 00 00 00 00 00 00 00 00 00 00 00
####     50: 00 00 00 08 00 00 00 00 00 00 00 00 00 00 00 00
####     60: 00 00 00 00 00 00 00 00
####   ResCreate OK type=0 clientID=0 +0x30=0 +0x38=0 +0x40=0xff80 +0x58=0 OUT[+0]=0x1500748000 OUT[+0x08]=0x10ec54000 OUT[+0x10]=0x106169bc0 OUT[+0x48]=0x10000
####   inStruct[0..104]:
####     00: 00 00 00 00 00 00 00 00 80 ff 01 00 01 00 00 00
####     10: 01 01 00 01 30 04 00 00 00 00 00 00 00 00 00 00
####     20: 00 00 00 00 00 00 00 00 00 00 00 00 00 00 00 00
####     30: 00 00 00 00 00 00 00 00 00 00 00 00 00 00 00 00
####     40: 80 ff 00 00 00 00 00 00 00 00 00 00 00 00 00 00
####     50: 00 00 00 18 00 00 00 00 00 00 00 00 00 00 00 00
####     60: 00 00 00 00 00 00 00 00
####   ResCreate OK type=0 clientID=0 +0x30=0 +0x38=0 +0x40=0xc0000 +0x58=0 OUT[+0]=0x1500760000 OUT[+0x08]=0x10ec64000 OUT[+0x10]=0x106169c80 OUT[+0x48]=0xc0000
####   inStruct[0..104]:
####     00: 00 00 00 00 00 00 00 00 00 00 01 00 01 00 00 00
####     10: 01 01 00 01 30 04 00 00 00 00 00 00 00 00 00 00
####     20: 00 00 00 00 00 00 00 00 00 00 00 00 00 00 00 00
####     30: 00 00 00 00 00 00 00 00 00 00 00 00 00 00 00 00
####     40: 00 00 0c 00 00 00 00 00 00 00 00 00 00 00 00 00
####     50: 00 00 00 08 00 00 00 00 00 00 00 00 00 00 00 00
####     60: 00 00 00 00 00 00 00 00
#### AGX_SUBMIT_DIAG #2 TEMP-KCMD-MULTISEG-FIX segment=1/2 subtype=1 range=0x210..0xa50->0xa30 shrink=0x20 storage=0xa60 wrappedTail=YES
#### AGX_SUBMIT_DIAG #2 TEMP-KCMD-MULTISEG-FIX segment=0/2 subtype=3 range=0..0x210->0x200 shrink=0x10 storage=0xa50 wrappedTail=YES
#### AGXIOC Method sel=0x1e->0x1a inCnt=4 inSC=56 outSC=0 -> 0x0
#### MTL_TEX entry self class=AGXG13GFamilyDevice
#### MTL_TEX TLS set iosurface=0x60003c880 id=0xbb plane=0 compressionHeaderSpan=0 (thread=0x205745e00 addr=0x0)
#### MACWS_AGX_NATIVE memoryless witness #6 instance=0x6001d2000 class=AGXG13GFamilyDevice original=0x20fa9e8a8 -> YES
#### AGXIOC type=0x82 patch #2: f14=0x430 +0x30 0→0xbb +0x38 0xbb→0 +0x40 0→0 +0x50 0→0x180888f00 +0x58 0x180888f00→0
#### AGX_LIFE type82 CREATE stack #2 resourceID=0x27 surf=0xbb (16 frames):
0   libmachook_arm64.dylib              0x0000000104ca9030 IOConnectCallMethod_new + 8728
1   IOGPU                               0x00000001c749e18c IOGPUResourceCreate + 236
2   IOGPU                               0x00000001c7498138 -[IOGPUMetalResource initWithDevice:remoteStorageResource:options:args:argsSize:] + 460
3   libmachook_arm64.dylib              0x0000000104c9b450 __loadImageCallback_block_invoke_20 + 112
4   IOGPU                               0x00000001c749a5ec -[IOGPUMetalTexture initWithDevice:descriptor:iosurface:plane:field:args:argsSize:] + 824
5   AGXMetal13_3                        0x000000020fda2f38 -[AGXTexture initWithDevice:desc:iosurface:plane:] + 288
6   libmachook_arm64.dylib              0x0000000104ccd6c8 -[MTLFakeDevice hooked_newTextureWithDescriptor:iosurface:plane:] + 2052
7   libGLESv2.dylib                     0x000000010ded3754 glStartTilingQCOM + 2731860
8   libGLESv2.dylib                     0x000000010dea79b8 glStartTilingQCOM + 2552248
9   libGLESv2.dylib                     0x000000010dea7824 glStartTilingQCOM + 2551844
10  libGLESv2.dylib                     0x000000010dda5fd4 glStartTilingQCOM + 1497044
11  libGLESv2.dylib                     0x000000010dc015fc libGLESv2.dylib + 38396
12  libGLESv2.dylib                     0x000000010dc04d60 EGL_BindTexImage + 144
#### AGX_LIFE DESTROY id=0x10 type=0 surf=0 bytes=0x54000 kr=0 okC=39 failC=2 okD=1 failD=0 unmatchedD=0 full=0 live=38/11MB [t0=36/3MB t80=0/0MB t82=2/7MB]
13  Electron Framework                  0x0000000117ab6528 rust_bmp$cxxbridge1$194$Reader$image_data_loaded + 582280
14  Electron Framework                  0x0000000117ab99cc rust_bmp$cxxbridge1$194$Reader$image_data_loaded + 595756
15  Electron Framework                  0x0000000117ab7830 rust_bmp$cxxbridge1$194$Reader$image_data_loaded + 587152
####   ResCreate OK type=0x82 clientID=0 +0x30=0xbb +0x38=0 +0x40=0 +0x58=0 OUT[+0]=0x15009e8000 OUT[+0x08]=0 OUT[+0x10]=0x10616a100 OUT[+0x48]=0x3d0000
####   inStruct[0..104]:
####     00: 82 00 00 00 00 00 00 00 60 09 a0 01 01 00 00 00
####     10: 01 01 00 04 30 04 00 00 00 00 00 00 00 00 00 00
####     20: 00 00 00 00 00 00 00 00 00 00 00 00 00 00 00 00
####     30: bb 00 00 00 00 00 00 00 00 00 00 00 00 00 00 00
####     40: 00 00 00 00 00 00 00 00 00 00 00 00 00 00 00 00
####     50: 00 8f 88 80 01 00 00 00 00 00 00 00 00 00 00 00
####     60: 00 00 00 00 00 00 00 00
#### AGX_MAP_AUDIT #1 tex=0x6009c9880 impl=0x6009c9600 iosurface(arg=0x60003c880 bound=0x60003c880) plane=0 cpu130=0x10ed38000 gpu40=0x15009e8000 descriptorOff=0x190 descriptorLayout=0 compressed=0 extended=0 match=1
#### MACWS_AGX_NATIVE memoryless witness #7 instance=0x6001d2000 class=AGXG13GFamilyDevice original=0x20fa9e8a8 -> YES
#### AGXIOC Method sel=0x1e->0x1a inCnt=4 inSC=56 outSC=0 -> 0x0
####   ResCreate OK type=0 clientID=0 +0x30=0 +0x38=0 +0x40=0x100000 +0x58=0 OUT[+0]=0x1500dc0000 OUT[+0x08]=0x10f184000 OUT[+0x10]=0x106168c00 OUT[+0x48]=0x100000
####   inStruct[0..104]:
####     00: 00 00 00 00 00 00 00 00 00 08 00 02 01 00 00 00
####     10: 01 01 00 01 30 04 00 00 00 00 00 00 00 00 00 00
####     20: 00 00 00 00 00 00 00 00 00 00 00 00 00 00 00 00
####     30: 00 00 00 00 00 00 00 00 00 00 00 00 00 00 00 00
####     40: 00 00 10 00 00 00 00 00 00 00 00 00 00 00 00 00
####     50: 00 8c 88 80 00 00 00 00 00 00 00 00 00 00 00 00
####     60: 00 00 00 00 00 00 00 00
#### AGXIOC type0 exact initFull length: +0x58=0 low32=0 -> +0x40=0xab080
####   ResCreate OK type=0 clientID=0 +0x30=0x40 +0x38=0 +0x40=0xab080 +0x58=0 OUT[+0]=0x1500ec8000 OUT[+0x08]=0x10f284000 OUT[+0x10]=0x10616a1c0 OUT[+0x48]=0xac000
####   inStruct[0..104]:
####     00: 00 00 00 00 00 00 00 00 01 00 01 00 01 00 00 00
####     10: 01 01 00 01 70 04 00 00 00 00 00 00 00 00 00 00
####     20: 00 00 00 00 00 00 00 00 00 00 00 00 00 00 00 00
####     30: 40 00 00 00 00 00 00 00 00 00 00 00 00 00 00 00
####     40: 80 b0 0a 00 00 00 00 00 00 00 00 00 00 00 00 00
####     50: 00 00 00 00 00 00 00 00 00 00 00 00[54380:0728/150504.659588:VERBOSE1:net/base/network_delegate.cc:38] NetworkDelegate::NotifyBeforeURLRequest: https://www.apple.com/favicon.ico
 00 00 00 00
####     60: 28 2b 3b 6b 01 00 00 00
#### CBRI_HOOK self=0x600225400 cls=AGXG13GFamilyCommandBuffer → resourceInfo=0x60025d200
#### CBRI_HOOK self=0x600225400 cls=AGXG13GFamilyCommandBuffer → resourceInfo=0x60025d200
#### AGX_SUBMIT_DIAG #4 TEMP-KCMD-MULTISEG-FIX segment=1/2 subtype=1 range=0x210..0xa50->0xa30 shrink=0x20 storage=0xa48 wrappedTail=YES
#### AGX_SUBMIT_DIAG #4 TEMP-KCMD-MULTISEG-FIX segment=0/2 subtype=3 range=0..0x210->0x200 shrink=0x10 storage=0xa38 wrappedTail=YES
#### AGXIOC Method sel=0x1e->0x1a inCnt=4 inSC=56 outSC=0 -> 0x0
#### MTL_TEX entry self class=AGXG13GFamilyDevice
#### MTL_TEX TLS set iosurface=0x60003c8c0 id=0xff plane=0 compressionHeaderSpan=0 (thread=0x205745e00 addr=0x0)
#### MACWS_AGX_NATIVE memoryless witness #8 instance=0x6001d2000 class=AGXG13GFamilyDevice original=0x20fa9e8a8 -> YES
#### AGXIOC type=0x82 patch #3: f14=0x430 +0x30 0→0xff +0x38 0xff→0 +0x40 0→0 +0x50 0→0x180888f00 +0x58 0x180888f00→0
#### AGX_LIFE type82 CREATE stack #3 resourceID=0x29 surf=0xff (16 frames):
0   libmachook_arm64.dylib              0x0000000104ca9030 IOConnectCallMethod_new + 8728
1   IOGPU                               0x00000001c749e18c IOGPUResourceCreate + 236
2   IOGPU                               0x00000001c7498138 -[IOGPUMetalResource initWithDevice:remoteStorageResource:options:args:argsSize:] + 460
3   libmachook_arm64.dylib              0x0000000104c9b450 __loadImageCallback_block_invoke_20 + 112
4   IOGPU                               0x00000001c749a5ec -[IOGPUMetalTexture initWithDevice:descriptor:iosurface:plane:field:args:argsSize:] + 824
5   AGXMetal13_3                        0x000000020fda2f38 -[AGXTexture initWithDevice:desc:iosurface:plane:] + 288
6   libmachook_arm64.dylib              0x0000000104ccd6c8 -[MTLFakeDevice hooked_newTextureWithDescriptor:iosurface:plane:] + 2052
7   libGLESv2.dylib                     0x000000010ded3754 glStartTilingQCOM + 2731860
8   libGLESv2.dylib                     0x000000010dea79b8 glStartTilingQCOM + 2552248
9   libGLESv2.dylib                     0x000000010dea7824 glStartTilingQCOM + 2551844
10  libGLESv2.dylib                     0x000000010dda5fd4 glStartTilingQCOM + 1497044
11  libGLESv2.dylib                     0x000000010dc015fc libGLESv2.dylib + 38396
12  libGLESv2.dylib                     0x000000010dc04d60 EGL_BindTexImage + 144
13  Electron Framework                  0x0000000117ab6528 rust_bmp$cxxbridge1$194$Reader$image_data_loaded + 582280
#### AGX_LIFE DESTROY id=0x28 type=0 surf=0 bytes=0xac000 kr=0 okC=42 failC=2 okD=2 failD=0 unmatchedD=0 full=0 live=40/16MB [t0=37/4MB t80=0/0MB t82=3/11MB]
14  Electron Framework                  0x0000000117ab99cc rust_bmp$cxxbridge1$194$Reader$image_data_loaded + 595756
15  Electron Framework                  0x0000000117ab7830 rust_bmp$cxxbridge1$194$Reader$image_data_loaded + 587152
####   ResCreate OK type=0x82 clientID=0 +0x30=0xff +0x38=0 +0x40=0 +0x58=0 OUT[+0]=0x1500f78000 OUT[+0x08]=0 OUT[+0x10]=0x10616a280 OUT[+0x48]=0x3d0000
####   inStruct[0..104]:
####     00: 82 00 00 00 00 00 00 00 60 09 a0 01 01 00 00 00
####     10: 01 01 00 04 30 04 00 00 00 00 00 00 00 00 00 00
####     20: 00 00 00 00 00 00 00 00 00 00 00 00 00 00 00 00
####     30: ff 00 00 00 00 00 00 00 00 00 00 00 00 00 00 00
####     40: 00 00 00 00 00 00 00 00 00 00 00 00 00 00 00 00
####     50: 00 8f 88 80 01 00 00 00 00 00 00 00 00 00 00 00
####     60: 00 00 00 00 00 00 00 00
#### AGX_MAP_AUDIT #2 tex=0x6009cb400 impl=0x6009cb180 iosurface(arg=0x60003c8c0 bound=0x60003c8c0) plane=0 cpu130=0x10f330000 gpu40=0x1500f78000 descriptorOff=0x190 descriptorLayout=0 compressed=0 extended=0 match=1
#### AGXIOC Method sel=0x1e->0x1a inCnt=4 inSC=56 outSC=0 -> 0x0
#### AGXIOC type0 exact initFull length: +0x58=0 low32=0 -> +0x40=0xab080
####   ResCreate OK type=0 clientID=0 +0x30=0x40 +0x38=0 +0x40=0xab080 +0x58=0 OUT[+0]=0x1500ec8000 OUT[+0x08]=0x10f700000 OUT[+0x10]=0x10616a1c0 OUT[+0x48]=0xac000
####   inStruct[0..104]:
####     00: 00 00 00 00 00 00 00 00 01 00 01 00 01 00 00 00
####     10: 01 01 00 01 70 04 00 00 00 00 00 00 00 00 00 00
####     20: 00 00 00 00 00 00 00 00 00 00 00 00 00 00 00 00
####     30: 40 00 00 00 00 00 00 00 00 00 00 00 00 00 00 00
####     40: 80 b0 0a 00 00 00 00 00 00 00 00 00 00 00 00 00
####     50: 00 00 00 00 00 00 00 00 00 00 00 00 00 00 00 00
####     60: 28 2b 3b 6b 01 00 00 00
#### CBRI_HOOK self=0x600225400 cls=AGXG13GFamilyCommandBuffer → resourceInfo=0x60025d200
#### CBRI_HOOK self=0x600225400 cls=AGXG13GFamilyCommandBuffer → resourceInfo=0x60025d200
#### AGX_SUBMIT_DIAG #6 TEMP-KCMD-MULTISEG-FIX segment=1/2 subtype=1 range=0x210..0xa50->0xa30 shrink=0x20 storage=0xa48 wrappedTail=YES
#### AGX_SUBMIT_DIAG #6 TEMP-KCMD-MULTISEG-FIX segment=0/2 subtype=3 range=0..0x210->0x200 shrink=0x10 storage=0xa38 wrappedTail=YES
#### AGXIOC Method sel=0x1e->0x1a inCnt=4 inSC=56 outSC=0 -> 0x0
#### MTL_TEX TLS set iosurface=0x60003c9c0 id=0x101 plane=0 compressionHeaderSpan=0 (thread=0x205745e00 addr=0x0)
#### MACWS_AGX_NATIVE memoryless witness #9 instance=0x6001d2000 class=AGXG13GFamilyDevice original=0x20fa9e8a8 -> YES
#### AGXIOC type=0x82 patch #4: f14=0x430 +0x30 0→0x101 +0x38 0x101→0 +0x40 0→0 +0x50 0→0x180888f00 +0x58 0x180888f00→0
#### AGX_LIFE type82 CREATE stack #4 resourceID=0x2a surf=0x101 (16 frames):
0   libmachook_arm64.dylib              0x0000000104ca9030 IOConnectCallMethod_new + 8728
1   IOGPU                               0x00000001c749e18c IOGPUResourceCreate + 236
2   IOGPU                               0x00000001c7498138 -[IOGPUMetalResource initWithDevice:remoteStorageResource:options:args:argsSize:] + 460
3   libmachook_arm64.dylib              0x0000000104c9b450 __loadImageCallback_block_invoke_20 + 112
4   IOGPU                               0x00000001c749a5ec -[IOGPUMetalTexture initWithDevice:descriptor:iosurface:plane:field:args:argsSize:] + 824
5   AGXMetal13_3                        0x000000020fda2f38 -[AGXTexture initWithDevice:desc:iosurface:plane:] + 288
6   libmachook_arm64.dylib              0x0000000104ccd6c8 -[MTLFakeDevice hooked_newTextureWithDescriptor:iosurface:plane:] + 2052
7   libGLESv2.dylib                     0x000000010ded3754 glStartTilingQCOM + 2731860
8   libGLESv2.dylib                     0x000000010dea79b8 glStartTilingQCOM + 2552248
9   libGLESv2.dylib                     0x000000010dea7824 glStartTilingQCOM + 2551844
10  libGLESv2.dylib                     0x000000010dda5fd4 glStartTilingQCOM + 1497044
11  libGLESv2.dylib                     0x000000010dc015fc libGLESv2.dylib + 38396
12  libGLESv2.dylib                     0x000000010dc04d60 EGL_BindTexImage + 144
13  Electron Framework                  0x0000000117ab6528 rust_bmp$cxxbridge1$194$Reader$image_data_loaded + 582280
14  Electron Framework                  0x0000000117ab99cc rust_bmp$cxxbridge1$194$Reader$image_data_loaded + 595756
15  Electron Framework                  0x0000000117ab7830 rust_bmp$cxxbridge1$194$Reader$image_data_loaded + 587152
####   ResCreate OK type=0x82 clientID=0 +0x30=0x101 +0x38=0 +0x40=0 +0x58=0 OUT[+0]=0x1501350000 OUT[+0x08]=0 OUT[+0x10]=0x10616a340 OUT[+0x48]=0x3d0000
####   inStruct[0..104]:
####     00: 82 00 00 00 00 00 00 00 60 09 a0 01 01 00 00 00
####     10: 01 01 00 04 30 04 00 00 00 00 00 00 00 00 00 00
####     20: 00 00 00 00 00 00 00 00 00 00 00 00 00 00 00 00
####     30: 01 01 00 00 00 00 00 00 00 00 00 00 00 00 00 00
####     40: 00 00 00 00 00 00 00 00 00 00 00 00 00 00 00 00
####     50: 00 8f 88 80 01 00 00 00 00 00 00 00 00 00 00 00
####     60: 00 00 00 00 00 00 00 00
#### AGX_LIFE DESTROY id=0x28 type=0 surf=0 bytes=0xac000 kr=0 okC=44 failC=2 okD=3 failD=0 unmatchedD=0 full=0 live=41/19MB [t0=37/4MB t80=0/0MB t82=4/15MB]
#### AGX_MAP_AUDIT #3 tex=0x6009cbe00 impl=0x6009cac80 iosurface(arg=0x60003c9c0 bound=0x60003c9c0) plane=0 cpu130=0x10f7ac000 gpu40=0x1501350000 descriptorOff=0x190 descriptorLayout=0 compressed=0 extended=0 match=1
#### AGXIOC Method sel=0x1e->0x1a inCnt=4 inSC=56 outSC=0 -> 0x0
#### AGXIOC type0 exact initFull length: +0x58=0 low32=0 -> +0x40=0x7ea10
####   ResCreate OK type=0 clientID=0 +0x30=0x40 +0x38=0 +0x40=0x7ea10 +0x58=0 OUT[+0]=0x1500ec8000 OUT[+0x08]=0x10f284000 OUT[+0x10]=0x10616a1c0 OUT[+0x48]=0x80000
####   inStruct[0..104]:
####     00: 00 00 00 00 00 00 00 00 01 00 01 00 01 00 00 00
####     10: 01 01 00 01 70 04 00 00 00 00 00 00 00 00 00 00
####     20: 00 00 00 00 00 00 00 00 00 00 00 00 00 00 00 00
####     30: 40 00 00 00 00 00 00 00 00 00 00 00 00 00 00 00
####     40: 10 ea 07 00 00 00 00 00 00 00 00 00 00 00 00 00
####     50: 00 00 00 00 00 00 00 00 00 00 00 00 00 00 00 00
####     60: 28 2b 3b 6b 01 00 00 00
#### CBRI_HOOK self=0x600225400 cls=AGXG13GFamilyCommandBuffer → resourceInfo=0x60025d200
#### CBRI_HOOK self=0x600225400 cls=AGXG13GFamilyCommandBuffer → resourceInfo=0x60025d200
#### AGX_SUBMIT_DIAG #8 TEMP-KCMD-MULTISEG-FIX segment=1/2 subtype=1 range=0x210..0xa50->0xa30 shrink=0x20 storage=0xa48 wrappedTail=YES
#### AGX_SUBMIT_DIAG #8 TEMP-KCMD-MULTISEG-FIX segment=0/2 subtype=3 range=0..0x210->0x200 shrink=0x10 storage=0xa38 wrappedTail=YES
#### AGXIOC Method sel=0x1e->0x1a inCnt=4 inSC=56 outSC=0 -> 0x0
#### AGX_LIFE DESTROY id=0x28 type=0 surf=0 bytes=0x80000 kr=0 okC=45 failC=2 okD=4 failD=0 unmatchedD=0 full=0 live=41/19MB [t0=37/4MB t80=0/0MB t82=4/15MB]
#### MTL_TEX TLS set iosurface=0x600038ac0 id=0xae plane=0 compressionHeaderSpan=0 (thread=0x205745e00 addr=0x0)
#### MACWS_AGX_NATIVE memoryless witness #10 instance=0x6001d2000 class=AGXG13GFamilyDevice original=0x20fa9e8a8 -> YES
#### AGXIOC type=0x82 patch #5: f14=0x430 +0x30 0→0xae +0x38 0xae→0 +0x40 0→0 +0x50 0→0x180888f00 +0x58 0x180888f00→0
####   ResCreate OK type=0x82 clientID=0 +0x30=0xae +0x38=0 +0x40=0 +0x58=0 OUT[+0]=0x15004f0000 OUT[+0x08]=0 OUT[+0x10]=0x10616a1c0 OUT[+0x48]=0x30000
####   inStruct[0..104]:
####     00: 82 00 00 00 00 00 00 00 2c 01 96 00 01 00 00 00
####     10: 01 01 00 04 30 04 00 00 00 00 00 00 00 00 00 00
####     20: 00 00 00 00 00 00 00 00 00 00 00 00 00 00 00 00
####     30: ae 00 00 00 00 00 00 00 00 00 00 00 00 00 00 00
####     40: 00 00 00 00 00 00 00 00 00 00 00 00 00 00 00 00
####     50: 00 8f 88 80 01 00 00 00 00 00 00 00 00 00 00 00
####     60: 00 00 00 00 00 00 00 00
#### AGX_MAP_AUDIT #4 tex=0x6009cd480 impl=0x6009cd200 iosurface(arg=0x600038ac0 bound=0x600038ac0) plane=0 cpu130=0x10dba8000 gpu40=0x15004f0000 descriptorOff=0x190 descriptorLayout=0 compressed=0 extended=0 match=1
#### AGXIOC Method sel=0xf->0xd inCnt=2 inSC=0 outSC=16 -> 0x0
#### AGXIOC Method sel=0xf->0xd inCnt=2 inSC=0 outSC=16 -> 0x0
#### CBRI_HOOK self=0x600227700 cls=AGXG13GFamilyCommandBuffer → resourceInfo=0x600269a00
#### AGX_SUBMIT_DIAG #10 TEMP-KCMD-TRAILING-WRAPPER-FIX match=1 subtype1=0..0x840->0..0x820 wrappers=1 range=0x840..0x858->0x820..0x838
#### MTL_TEX TLS set iosurface=0x60003c860 id=0x105 plane=0 compressionHeaderSpan=0 (thread=0x205745e00 addr=0x0)
#### MACWS_AGX_NATIVE memoryless witness #11 instance=0x6001d2000 class=AGXG13GFamilyDevice original=0x20fa9e8a8 -> YES
#### AGXIOC type=0x82 patch #6: f14=0x430 +0x30 0→0x105 +0x38 0x105→0 +0x40 0→0 +0x50 0→0x180888f00 +0x58 0x180888f00→0
#### AGX_MAP_AUDIT #5 tex=0x6009ce380 impl=0x6009ce100 iosurface(arg=0x60003c860 bound=0x60003c860) plane=0 cpu130=0x10f284000 gpu40=0x1500ec8000 descriptorOff=0x190 descriptorLayout=0 compressed=0 extended=0 match=1
#### AGXIOC Method sel=0xf->0xd inCnt=2 inSC=0 outSC=16 -> 0x0
#### AGXIOC Method sel=0xf->0xd inCnt=2 inSC=0 outSC=16 -> 0x0
#### CBRI_HOOK self=0x600228180 cls=AGXG13GFamilyCommandBuffer → resourceInfo=0x60026ae00
#### AGX_SUBMIT_DIAG #12 TEMP-KCMD-TRAILING-WRAPPER-FIX match=2 subtype1=0..0x840->0..0x820 wrappers=1 range=0x840..0x858->0x820..0x838
#### MTL_TEX TLS set iosurface=0x600a22ec0 id=0x98 plane=0 compressionHeaderSpan=0 (thread=0x205745e00 addr=0x0)
#### MACWS_AGX_NATIVE memoryless witness #12 instance=0x6001d2000 class=AGXG13GFamilyDevice original=0x20fa9e8a8 -> YES
#### AGXIOC type=0x82 patch #7: f14=0x430 +0x30 0→0x98 +0x38 0x98→0 +0x40 0→0 +0x50 0→0x180888f00 +0x58 0x180888f00→0
#### AGX_MAP_AUDIT #6 tex=0x6009cf500 impl=0x6009cf280 iosurface(arg=0x600a22ec0 bound=0x600a22ec0) plane=0 cpu130=0x110de4000 gpu40=0x1501968000 descriptorOff=0x190 descriptorLayout=0 compressed=0 extended=0 match=1
#### MACWS_AGX_NATIVE memoryless witness #13 instance=0x6001d2000 class=AGXG13GFamilyDevice original=0x20fa9e8a8 -> YES
#### MACWS_AGX_NATIVE memoryless witness #14 instance=0x6001d2000 class=AGXG13GFamilyDevice original=0x20fa9e8a8 -> YES
#### MACWS_AGX_NATIVE memoryless witness #15 instance=0x6001d2000 class=AGXG13GFamilyDevice original=0x20fa9e8a8 -> YES
#### AGXIOC sel=0x9 type=0x80 VA-shape +0x38=0x10d756000 → 0
#### AGXIOC sel=0x9 type=0x80 args+0x14=0xc30 → 0x430 (stripped macOS-only bits 0x2800)
#### AGXIOC subres parent 0x20000 -> resourceID 0xd, +0x30=0x10d776000 (sz 0x20000)
#### AGX_LIFE CREATE-FAIL id=0 type=0x80 surf=0 bytes=0x10d754000 kr=0xe00002c2 okC=67 failC=3 okD=4 failD=0 unmatchedD=0 full=0 live=63/24MB [t0=56/6MB t80=0/0MB t82=7/17MB]
#### AGXIOC Method sel=0xa->0x9 inCnt=0 inSC=104 outSC=80 -> 0xe00002c2
####   ResCreate FAIL type=0x80 clientID=0xd +0x30=0x10d776000 +0x38=0 +0x40=0x10d754000 +0x58=0x180888c00 OUT[+0]=0 OUT[+0x08]=0 OUT[+0x10]=0 OUT[+0x48]=0
####   inStruct[0..104]:
####     00: 80 00 00 00 00 00 00 00 40 00 40 00 01 00 00 00
####     10: 01 01 00 01 30 04 00 00 00 00 00 00 00 00 00 00
####     20: 00 00 00 00 00 00 00 00 00 00 00 00 00 00 00 00
####     30: 00 60 77 0d 01 00 00 00 00 00 00 00 00 00 00 00
####     40: 00 40 75 0d 01 00 00 00 0d 00 00 00 00 00 00 00
####     50: 0d 00 00 00 00 00 00 00 00 8c 88 80 01 00 00 00
####     60: 00 00 00 00 00 00 00 00
####   caller chain (12 frames):
####     [0] 0x104caa130 IOConnectCallMethod_new+0x3318 (libmachook_arm64.dylib)
####     [1] 0x1c749e18c IOGPUResourceCreate+0xec (IOGPU)
####     [2] 0x1c7498138 -[IOGPUMetalResource initWithDevice:remoteStorageResource:options:args:argsSize:]+0x1cc (IOGPU)
####     [3] 0x104c9b450 __loadImageCallback_block_invoke_20+0x70 (libmachook_arm64.dylib)
####     [4] 0x1c749b070 -[IOGPUMetalTexture initWithBuffer:descriptor:sysMemOffset:sysMemRowBytes:vidMemSize:vidMemRowBytes:args:argsSize:isStrideTexture:]+0x248 (IOGPU)
####     [5] 0x1c749b7c0 -[IOGPUMetalTexture initWithPrimaryBuffer:heapIndex:bufferIndex:bufferOffset:length:descriptor:sysMemRowBytes:vidMemSize:vidMemRowBytes:args:argsSize:]+0x58 (IOGPU)
####     [6] 0x20fda3934 -[AGXTexture initWithDevice:desc:isSuballocDisabled:]+0x194 (AGXMetal13_3)
####     [7] 0x104cd2f70 -[MTLFakeDevice hooked_newTextureWithDescriptor:]+0x19e0 (libmachook_arm64.dylib)
####     [8] 0x10ded3714 glStartTilingQCOM+0x29af14 (libGLESv2.dylib)
####     [9] 0x10dee6b48 glStartTilingQCOM+0x2ae348 (libGLESv2.dylib)
####     [10] 0x10dee5e40 glStartTilingQCOM+0x2ad640 (libGLESv2.dylib)
####     [11] 0x10dee5ccc glStartTilingQCOM+0x2ad4cc (libGLESv2.dylib)
#### AGX_INITARGS FAIL #3/70 cls=AGXG13GFamilyTexture dev=0x6001d2000 opt=0 args=0x16b3b21b0 argsSize=104 — preserving nil
####   initargs+0000: 80 00 00 00 00 00 00 00 40 00 40 00 01 00 00 00
####   initargs+0x10: 01 01 00 01 30 0c 00 00 00 00 00 00 00 00 00 00
####   initargs+0x20: 00 00 00 00 00 00 00 00 00 00 00 00 00 00 00 00
####   initargs+0x30: 00 00 00 00 00 00 00 00 00 60 75 0d 01 00 00 00
####   initargs+0x40: 00 40 75 0d 01 00 00 00 00 00 02 00 00 00 00 00
####   initargs+0x50: 0d 00 00 00 00 00 00 00 00 8c 88 80 01 00 00 00
####   initargs+0x60: 00 00 00 00 00 00 00 00
#### MTL_TEX/plain.NIL pfmt=10 type=2 w=64 h=64 d=1 mips=1 arr=1 samp=1 storage=0 cpu=0 usage=0x7 swiz=0 cs=0x0 plane=0 ios=0x0
[54407:0728/150504.695849:WARNING:ui/gl/angle_platform_impl.cc:52] Debug.cpp:184 (insertMessage): GL error: HIGH: Error: 0x00000505, in ../../third_party/angle/src/libANGLE/renderer/metal/mtl_resources.mm, MakeTexture:330. Failed to allocate host memory.
[54407:0728/150504.696053:ERROR:gpu/command_buffer/service/shared_context_state.cc:1274] SharedContextState context lost via Skia OOM.
[54407:0728/150504.696430:ERROR:components/viz/service/gl/exit_code.cc:13] Restarting GPU process due to unrecoverable error. Context was lost.
[54340:0728/150504.892127:ERROR:content/browser/gpu/gpu_process_host.cc:998] GPU process exited unexpectedly: exit_code=8704
[54340:0728/150504.892173:WARNING:content/browser/gpu/gpu_process_host.cc:1440] The GPU process has crashed 2 time(s)
[54340:0728/150504.894006:INFO:CONSOLE:442] "%c  ERR color: #f33 Failed to capture browser view screenshot Error: Failed to capture screenshot after 5 attempts", source: vscode-file://vscode-app/Applications/Visual%20Studio%20Code.app/Contents/Resources/app/out/vs/workbench/workbench.desktop.main.js (442)
[54340:0728/150504.894251:INFO:CONSOLE:442] "%c  ERR color: #f33 Failed to capture browser view screenshot Error: Failed to capture screenshot after 5 attempts", source: vscode-file://vscode-app/Applications/Visual%20Studio%20Code.app/Contents/Resources/app/out/vs/workbench/workbench.desktop.main.js (442)
[54340:0728/150504.897495:VERBOSE1:content/browser/renderer_host/media/media_stream_manager.cc:1515] MSPL::OnSuspend([this=0x600152ea8])
#### MACWS_HID_BYPASS installed SetMatchingMultiple → no-op (1) at 0x1ad8d5e8c — skips iOS-format CFBinaryPlist parse inside
####   IOHIDEventSystemClientCacheMatchingServices → IOHIDUnserializeAndVMDealloc → CFPropertyListCreateFromStream
####   that BUS_ADRALNs in the IOMFBServer thread.
#### MACWS_AGX_RENAMER_PATCH: off (set MACWS_AGX_RENAMER_PATCH=1 to enable)
#### MACWS_ASSERT_BYPASS DISABLED (set MACWS_KEEP_ASSERT_BYPASS=1 to restore lazy bypass) — real __assert_rtn now reaches abort
#### MACWS_AGX_NATIVE [ctor] pre-loaded IOGPU via /System/Library/PrivateFrameworks/IOGPU.framework/IOGPU -> 0x3fa56cc10
#### XPC_BOOTSTRAP: fn=0x1aa48d140 dict=0x122f053d0 (registering Metal/ViewBridge/HIServices)
#### XPC_BOOTSTRAP: called OK
#### COEXIST API SwapEnd hook installed target=0x1b536b1cc trampoline=0x100230000
#### SkyLight PrepareForUse tolerate-nil hook installed at 0x1af74cfc4
#### SkyLight StartCompositeForDisplayStream nil-skip hook installed at 0x1af575d74
#### SkyLight StartComposite(WSCD) tolerate-nil + pop-on-bail hook installed at 0x1af575358
#### SkyLight StartComposite(MTLTex) pop-on-bail hook installed at 0x1af575fb8
#### SkyLight EndCurrentComposite(bool) completion hook installed at 0x1af57453c
#### SkyLight EndUpdate(bool) submission hook installed at 0x1af5740b0
#### SkyLight _state_stack pop_back resolved at 0x1af572fa0
#### SkyLight WSCompositeDestinationCreateWithMetalTexture nil-tolerate hook installed at 0x1af57853c
#### SkyLight MetalContext::StopCapture invalid-this guard installed at 0x1af5741bc
#### MACWS_AGX_NATIVE class_addMethod(MTLTextureDescriptor, validateWithDevice:) = 1
#### MACWS_AGX_NATIVE class_addMethod(IOGPUMetalTexture, isMemoryless) = 1
#### MACWS_AGX_NATIVE class_addMethod(IOGPUMetalTexture, getCPUSizeBytes) = 1
#### MACWS_AGX_NATIVE class_addMethod(IOGPUMetalTexture, getAlignment) = 1
#### MACWS_AGX_NATIVE class_addMethod(IOGPUMetalTexture, descriptorPrivate) = 1
#### MACWS_AGX_NATIVE class_addMethod(IOGPUMetalTexture, getBytesPerRow) = 1
#### MACWS_AGX_NATIVE class_addMethod(IOGPUMetalTexture, updateBindDataWithAddresses:gpuVirtualAddress:) = 1
#### MACWS_AGX_NATIVE class_addMethod(IOGPUMetalTexture, updateBindDataWithAddresses:gpuVirtualAddress:shouldInitMetadata:) = 1
#### MACWS_AGX_NATIVE class_addMethod(IOGPUMetalTexture, allocBufferSubDataWithLength:options:alignment:heapIndex:bufferIndex:bufferOffset:) = 1
#### MACWS_AGX_NATIVE class_addMethod(IOGPUMetalTexture, initNewTextureData:) = 1
#### MACWS_AGX_NATIVE class_addMethod(MTLTextureDescriptor, isMemoryless) = 1
#### MACWS_AGX_NATIVE class_addMethod(MTLTextureDescriptor, protectionOptions) = 1
#### MACWS_AGX_NATIVE class_addMethod(MTLTextureDescriptor, getCPUSizeBytes) = 1
#### MACWS_AGX_NATIVE class_addMethod(MTLTextureDescriptor, getAlignment) = 1
#### MACWS_AGX_NATIVE class_addMethod(MTLTextureDescriptor, descriptorPrivate) = 1
#### MACWS_AGX_NATIVE class_addMethod(MTLTextureDescriptor, getBytesPerRow) = 1
#### MACWS_AGX_NATIVE class_addMethod(MTLTextureDescriptor, updateBindDataWithAddresses:gpuVirtualAddress:) = 1
#### MACWS_AGX_NATIVE class_addMethod(MTLTextureDescriptor, updateBindDataWithAddresses:gpuVirtualAddress:shouldInitMetadata:) = 1
#### MACWS_AGX_NATIVE class_addMethod(MTLTextureDescriptor, allocBufferSubDataWithLength:options:alignment:heapIndex:bufferIndex:bufferOffset:) = 1
#### MACWS_AGX_NATIVE class_addMethod(MTLTextureDescriptor, initNewTextureData:) = 1
[54340:0728/150505.940700:INFO:CONSOLE:5359] "Extension Host", source: vscode-file://vscode-app/Applications/Visual%20Studio%20Code.app/Contents/Resources/app/out/vs/workbench/workbench.desktop.main.js (5359)
[54340:0728/150505.940832:INFO:CONSOLE:5359] "%c#### JIT-MPROTECT flip #3072 ranges=1 prot=RX writers=1 exec_waits=665 late_retries=41
 color: red", source: vscode-file://vscode-app/Applications/Visual%20Studio%20Code.app/Contents/Resources/app/out/vs/workbench/workbench.desktop.main.js (5359)
[54340:0728/150505.940892:INFO:CONSOLE:5359] "console.groupEnd", source: vscode-file://vscode-app/Applications/Visual%20Studio%20Code.app/Contents/Resources/app/out/vs/workbench/workbench.desktop.main.js (5359)
[54340:0728/150505.941567:VERBOSE1:content/browser/renderer_host/media/media_stream_manager.cc:1515] MSPL::OnResume([this=0x600152ea8])
#### AMFI-POLICY-COMPAT policy=AMFI op=0x60 status=0x4 (iOS task ports are hard-immovable)
#### CSR-POLICY-COMPAT active_config=0x0 (conservative iOS compatibility value)
[54424:0728/150506.100531:ERROR:base/process/process_mac.cc:53] task_policy_set TASK_CATEGORY_POLICY: (os/kern) invalid argument (4)
#### MACWS_AGX_NATIVE pre-loaded IOGPU via /System/Library/PrivateFrameworks/IOGPU.framework/IOGPU -> 0x3fa56cc10
#### MACWS_AGX_NATIVE dlsym(IOGPUResourceCreate) = 0x1c749e0a0
#### MACWS_AGX_NATIVE dlsym(IOGPUMetalCommonResourceCreate) = 0x0
#### MACWS_AGX_NATIVE dlsym(IOGPUDeviceCreateWithAPIProperty) = 0x1c749c0fc
#### MACWS_AGX_NATIVE dlsym(_IOGPUMetalAllocateResource) = 0x0
#### MACWS_AGX_NATIVE dlsym(IOGPUMetalAllocateResource) = 0x0
#### AGX_CLASSREF_DIAG newTexture iosurface alloc class @0x244bf1298 = 0x24719a5f0 name=AGXG13GFamilyTexture
#### AGX_CLASSREF_DIAG initImpl method m=0x20fda93ad imp=0x20fd92284 expected stub=0x20fda2880 real=0x20fd92284 WHICH=AGXG13GFamilyTexture-real
#### MACWS_AGX_OBJC_AUTDA_PATCH msgSendSuper2=0x1aa3ade00 code=0x1aa3ade00 autda@0x1aa3ade10 insn=0xdac11a30
####   PATCHED autda x16,x17 → xpacd x16 (0xdac11a30 → 0xdac147f0)
#### MACWS_AGX_SEL_DIAG super-init SEL static=0x1cffc6f26 slid=0x1fa30ef26 readable=1
####   bytes="initWithDevice:descriptor:iosurface:plane:field:args:argsSize:"
####   sel_registerName(...) = 0x1fa30ef26 name="initWithDevice:descriptor:iosurface:plane:field:args:argsSize:"
####   objc_getClass(IOGPUMetalTexture) = 0x205930fb0
####   IOGPUMetalTexture method count = 71
####     - initNewTextureData:
####     - updateBindDataWithAddresses:gpuVirtualAddress:shouldInitMetadata:
####     - initWithBuffer:descriptor:offset:bytesPerRow:
####     - initWithBuffer:descriptor:sysMemOffset:sysMemRowBytes:vidMemSize:vidMemRowBytes:args:argsSize:
####     - initWithBuffer:descriptor:sysMemOffset:sysMemRowBytes:vidMemSize:vidMemRowBytes:args:argsSize:isStrideTexture:
####     - initWithDevice:descriptor:iosurface:plane:field:args:argsSize:
####     - initWithDevice:descriptor:sysMemSize:sysMemRowBytes:vidMemSize:vidMemRowBytes:args:argsSize:
####     - initWithDevice:remoteStorageTexture:args:argsSize:
####     - initWithHeap:resource:offset:length:device:descriptor:
####     - initWithTexture:pixelFormat:
####     - initWithTexture:pixelFormat:textureType:levels:slices:
####     - initWithTexture:pixelFormat:textureType:levels:slices:swizzle:
####     - initWithTextureInternal:pixelFormat:textureType:levels:slices:swizzle:compressedView:
####     - initWithPrimaryBuffer:heapIndex:bufferIndex:bufferOffset:length:descriptor:sysMemRowBytes:vidMemSize:vidMemRowBytes:args:argsSize:
####   AGXTexture super class = 0x0 ((nil))
####   super responds to "initWithDevice:desc:iosurface:plane:" = 0 (Method=0x0)
####   super responds to "initWithDevice:descriptor:iosurface:plane:" = 0 (Method=0x0)
####   super responds to "initWithDevice:descriptor:iosurface:plane:field:args:argsSize:" = 0 (Method=0x0)
####   super responds to "initImplWithDevice:Descriptor:iosurface:plane:buffer:bytesPerRow:allowNPOT:sparsePageSize:isCompressedIOSurface:isHeapBacked:" = 0 (Method=0x0)
#### MACWS_AGX_STUB_FIX objc_msgSendSuper2
####   stub@0x20fda5fc0 insns=[d01cf7f1 9132a231 f9400230 d71f0a11]
####   slot@0x249ca3ca8 value=0x1aa3ade00 sym=objc_msgSendSuper2 base=0x1aa3a4000 path=/usr/lib/libobjc.A.dylib
####   PATCHED → br 0x1aa3ade00 (movz/movk/movk/br)
####   new=[d29bc010 f2b54750 f2c00030 d61f0200]
#### MACWS_AGX_NATIVE objc_getClass(AGXBuffer) = 0x0
#### MACWS_AGX_NATIVE __objc_classlist: 52 entries
####   classlist[0] = 0x24719a6b8 name=AGXBuffer registered=0x0
####   classlist[1] = 0x24719a2f8 name=AGXG13GFamilyBinaryArchive registered=0x0
####   classlist[2] = 0x24719a168 name=AGXG13GFamilyBlitContext registered=0x0
####   classlist[3] = 0x2471997e0 name=AGXG13GFamilyResourceStateContext registered=0x0
####   classlist[4] = 0x247199fd8 name=AGXG13GFamilyBuffer registered=0x0
####   classlist[5] = 0x247199830 name=AGXG13GFamilyCommandBuffer registered=0x0
#### MACWS_AGX_NATIVE objc_duplicateClass=0x1aa3d3cb8
#### MACWS_AGX_NATIVE imageinfo=0x241904a58 sz=8
#### PREREGISTER image[627] AGXMetal13_3: 52/52 realized
#### PREREGISTER image[628] GPURawCounter: 6/6 realized
#### MACWS_AGX_NATIVE register pass 0: 0 new (total 58)
#### MACWS_AGX_NATIVE realized 58/52 classes
#### MACWS_AGX_NATIVE AGXBuffer after register: 0x24719a6b8
#### MACWS_AGX_NATIVE [AGXBuffer alloc] = 0x600211680
#### MACWS_AGX_NATIVE swizzled initUntrackedInternalBufferWithDevice:length:options:
#### MACWS_AGX_NATIVE swizzled initWithDevice:length:alignment:options:isSuballocDisabled:resourceInArgs:pinnedGPULocation:
#### MACWS_AGX_NATIVE tracing -[AGXBuffer initWithDevice:options:args:argsSize:] (nil preserved)
#### LIBOBJC dlsym(objc_constructInstance) = 0x1aa3bac08
#### LIBOBJC dlsym(_dyld_objc_notify_register) = 0x1aa74f480
#### LIBOBJC dlsym(_dyld_objc_register_callbacks) = 0x1aa751abc
#### LIBOBJC dlsym(objc_readClassPair) = 0x1aa3c0bdc
#### LIBOBJC dlsym(objc_registerClassPair) = 0x1aa3b1a3c
#### LIBOBJC dlsym(_objc_realizeClassFromSwift) = 0x1aa3c0d34
#### LIBOBJC dlsym(objc_addLoadImageFunc) = 0x1aa3c07c8
#### LIBOBJC dlsym(_objc_init) = 0x1aa3a6004
#### CLASS_DETAIL [0] 0x24719a6b8 name=AGXBuffer super=0x2059307e0 (IOGPUMetalBuffer) meta=0
#### CLASS_DETAIL [1] 0x24719a2f8 name=AGXG13GFamilyBinaryArchive super=0x205cc73b8 (_MTLBinaryArchive) meta=0
#### CLASS_DETAIL [2] 0x24719a168 name=AGXG13GFamilyBlitContext super=0x2059307b8 (IOGPUMetalBlitCommandEncoder) meta=0
#### CLASS_DETAIL [3] 0x2471997e0 name=AGXG13GFamilyResourceStateContext super=0x205930f88 (IOGPUMetalResourceStateCommandEncoder) meta=0
#### CLASS_DETAIL [4] 0x247199fd8 name=AGXG13GFamilyBuffer super=0x24719a6b8 (AGXBuffer) meta=0
#### CLASS_DETAIL [5] 0x247199830 name=AGXG13GFamilyCommandBuffer super=0x205930830 (IOGPUMetalCommandBuffer) meta=0
#### CLASS_DETAIL [6] 0x24719a208 name=AGXG13GFamilyCommandQueue super=0x2059308d0 (IOGPUMetalCommandQueue) meta=0
#### CLASS_DETAIL [7] 0x24719a118 name=AGXG13GFamilyComputePipeline super=0x205cc5d88 (_MTLComputePipelineState) meta=0
#### CLASS_DETAIL [8] 0x24719a0c8 name=AGXG13GFamilyDeadlineProfile super=0x205742e70 (NSObject) meta=0
#### CLASS_DETAIL [9] 0x2471998d0 name=AGXG13GFamilyDebugContext super=0x205930970 (IOGPUMetalDebugCommandEncoder) meta=0
#### CLASS_DETAIL [10] 0x24719a000 name=AGXG13GFamilyDepthStencilState super=0x205cc5db0 (_MTLDepthStencilState) meta=0
#### CLASS_DETAIL [11] 0x24719a2d0 name=AGXG13GFamilyDynamicLibrary super=0x205cc7db8 (_MTLDynamicLibrary) meta=0
#### CLASS_DETAIL [12] 0x24719a1b8 name=AGXG13GFamilyComputeContext super=0x205930948 (IOGPUMetalComputeCommandEncoder) meta=0
#### CLASS_DETAIL [13] 0x247199e70 name=AGXG13GFamilyFunctionHandle super=0x205cc79a8 (_MTLFunctionHandle) meta=0
#### CLASS_DETAIL [14] 0x24719a2a8 name=AGXG13GFamilyHeap super=0x205930bf0 (IOGPUMetalHeap) meta=0
#### CLASS_DETAIL [15] 0x24719a280 name=AGXG13GFamilySparseHeap super=0x205cc8e48 (_MTLHeap) meta=0
#### MACWS_AGX_NATIVE __objc_classrefs: 105 entries, 0 null
####   class AGXBuffer = 0x24719a6b8
####   class AGXCommandQueue = 0x0
####   class AGXCommandBuffer = 0x0
####   class AGXMetalCommandQueue = 0x0
####   class AGXMetalCommandBuffer = 0x0
####   class AGXMetalBuffer = 0x0
####   class AGXMetalTexture = 0x0
####   class AGXMetalHeap = 0x0
####   class AGXMetalResource = 0x0
####   class AGXMetalDevice = 0x0
####   class AGXMetalFence = 0x0
####   class AGXTexture = 0x24719a708
####   class IOGPUMetalBuffer = 0x2059307e0
####   class IOGPUMetalCommandBuffer = 0x205930830
####   class IOGPUMetalCommandQueue = 0x2059308d0
####   class IOGPUMetalDevice = 0x2059309c0
####   class IOGPUMetalHeap = 0x205930bf0
####   class IOGPUMetalResource = 0x205930ec0
####   class IOGPUMetalTexture = 0x205930fb0
####   class IOGPUMetalFence = 0x205930b50
####   class IOGPUMTLLateEvalEvent = 0x205de3c70
#### CLASSREF [0] @0x244bf1250 -> 0x205cc5428 name=MTLCompiler
#### CLASSREF [1] @0x244bf1258 -> 0x2057616e0 name=NSDictionary
#### CLASSREF [2] @0x244bf1260 -> 0x205768348 name=NSError
#### CLASSREF [3] @0x244bf1268 -> 0x24719a4b0 name=AGXG13GFamilyComputeOrFragmentOrTileProgram
#### CLASSREF [4] @0x244bf1270 -> 0x24719a4d8 name=AGXG13GFamilyFragmentProgram
#### CLASSREF [5] @0x244bf1278 -> 0x24719a550 name=AGXG13GFamilyVertexProgram
#### CLASSREF [6] @0x244bf1280 -> 0x205761848 name=NSMutableDictionary
#### CLASSREF [7] @0x244bf1288 -> 0x24719a5a0 name=AGXG13GFamilyTileProgram
#### CLASSREF [8] @0x244bf1290 -> 0x24719a578 name=AGXG13GFamilyComputeProgram
#### CLASSREF [9] @0x244bf1298 -> 0x24719a5f0 name=AGXG13GFamilyTexture
#### CLASSREF [10] @0x244bf12a0 -> 0x205cc5bd0 name=MTLTextureDescriptor
#### CLASSREF [11] @0x244bf12a8 -> 0x24719a168 name=AGXG13GFamilyBlitContext
#### CLASSREF [12] @0x244bf12b0 -> 0x2471997e0 name=AGXG13GFamilyResourceStateContext
#### CLASSREF [13] @0x244bf12b8 -> 0x247199d58 name=AGXG13GFamilyRayTracingGPUBuilder
#### CLASSREF [14] @0x244bf12c0 -> 0x24719a190 name=AGXG13GFamilyRenderContext
#### CLASSREF [15] @0x244bf12c8 -> 0x24719a1b8 name=AGXG13GFamilyComputeContext
#### CLASSREF [16] @0x244bf12d0 -> 0x24719a1e0 name=AGXG13GFamilyThreadedRenderPass
#### CLASSREF [17] @0x244bf12d8 -> 0x247199dd0 name=AGXG13GFamilySampledRenderContext
#### CLASSREF [18] @0x244bf12e0 -> 0x247199e98 name=AGXG13GFamilySampledComputeContext
#### CLASSREF [19] @0x244bf12e8 -> 0x205761668 name=NSData
#### CLASSREF [20] @0x244bf12f0 -> 0x247199830 name=AGXG13GFamilyCommandBuffer
#### CLASSREF [21] @0x244bf12f8 -> 0x205cc81c8 name=_MTLProgramAddressTableMappedBinary
#### CLASSREF [22] @0x244bf1300 -> 0x205cc8178 name=_MTLPipelineStateBinary
#### CLASSREF [23] @0x244bf1308 -> 0x2057615a0 name=NSArray
#### MACWS_GOT AGXMetal13_3: symtab=8331 syms, strtab=461166853 bytes, indirect=555 entries
####   sect[0] __DATA_CONST,__got type=0 entries=97 indirect_start=228 auth=0
####   bind[1] _MTLCommonCounterSetTimestamp -> 0x1fe425290 (slot=0x2419039e0 auth=0)
####   bind[2] _MTLCommonCounterTimestamp -> 0x1fe4251a0 (slot=0x2419039e8 auth=0)
####   bind[3] _MTLCompileTimeStatisticsKeyBackend -> 0x202fd8f60 (slot=0x2419039f0 auth=0)
####   bind[4] _MTLCompileTimeStatisticsKeyCachedFunction -> 0x202fd8f10 (slot=0x2419039f8 auth=0)
####   bind[5] _MTLCompileTimeStatisticsKeyCompilerTotal -> 0x202fd8f48 (slot=0x241903a00 auth=0)
####   bind[6] _MTLCompileTimeStatisticsKeyDriverTotal -> 0x202fd8f40 (slot=0x241903a08 auth=0)
####   bind[7] _MTLCompileTimeStatisticsKeyFunctionName -> 0x202fd8f08 (slot=0x241903a10 auth=0)
####   bind[8] _MTLCompileTimeStatisticsKeyMTLCompilerService -> 0x202fd8f20 (slot=0x241903a18 auth=0)
####   bind[9] _MTLCompileTimeStatisticsKeyOptimization -> 0x202fd8f58 (slot=0x241903a20 auth=0)
####   bind[10] _MTLCompileTimeStatisticsKeyPipelineTotal -> 0x202fd8f18 (slot=0x241903a28 auth=0)
####   bind[11] _MTLCompileTimeStatisticsKeyPipelinesCompute -> 0x202fd7e30 (slot=0x241903a30 auth=0)
####   IOGPU-CRITICAL _OBJC_IVAR_$_IOGPUMTLLateEvalEvent._eventName = 0x2034ba9d0 (slot=0x241903b28 auth=0)
####   IOGPU-CRITICAL _OBJC_IVAR_$_IOGPUMetalBuffer._primaryBuffer = 0x2034ba91c (slot=0x241903b30 auth=0)
####   IOGPU-CRITICAL _OBJC_IVAR_$_IOGPUMetalCommandQueue._commandQueue = 0x2034ba960 (slot=0x241903b38 auth=0)
####   IOGPU-CRITICAL _OBJC_IVAR_$_IOGPUMetalDevice._segmentByteThreshold = 0x2034baa2c (slot=0x241903b40 auth=0)
####   IOGPU-CRITICAL _OBJC_IVAR_$_IOGPUMetalFence._fenceIndex = 0x2034baaa8 (slot=0x241903b48 auth=0)
####   IOGPU-CRITICAL _OBJC_IVAR_$_IOGPUMetalHeap._resource = 0x2034baac4 (slot=0x241903b50 auth=0)
####   IOGPU-CRITICAL _OBJC_IVAR_$_IOGPUMetalResource._res = 0x2034baaf4 (slot=0x241903b58 auth=0)
####   IOGPU-CRITICAL _OBJC_IVAR_$_IOGPUMetalTexture._arrayLength = 0x2034bab38 (slot=0x241903b60 auth=0)
####   IOGPU-CRITICAL _OBJC_IVAR_$_IOGPUMetalTexture._depth = 0x2034bab34 (slot=0x241903b68 auth=0)
####   IOGPU-CRITICAL _OBJC_IVAR_$_IOGPUMetalTexture._height = 0x2034bab30 (slot=0x241903b70 auth=0)
####   IOGPU-CRITICAL _OBJC_IVAR_$_IOGPUMetalTexture._isCompressed = 0x2034bab54 (slot=0x241903b78 auth=0)
####   IOGPU-CRITICAL _OBJC_IVAR_$_IOGPUMetalTexture._mipmapLevelCount = 0x2034bab3c (slot=0x241903b80 auth=0)
####   IOGPU-CRITICAL _OBJC_IVAR_$_IOGPUMetalTexture._numFaces = 0x2034bab8c (slot=0x241903b88 auth=0)
####   IOGPU-CRITICAL _OBJC_IVAR_$_IOGPUMetalTexture._parentTexture = 0x2034bab58 (slot=0x241903b90 auth=0)
####   IOGPU-CRITICAL _OBJC_IVAR_$_IOGPUMetalTexture._pixelFormat = 0x2034bab28 (slot=0x241903b98 auth=0)
####   IOGPU-CRITICAL _OBJC_IVAR_$_IOGPUMetalTexture._sampleCount = 0x2034bab40 (slot=0x241903ba0 auth=0)
####   IOGPU-CRITICAL _OBJC_IVAR_$_IOGPUMetalTexture._textureType = 0x2034bab24 (slot=0x241903ba8 auth=0)
####   IOGPU-CRITICAL _OBJC_IVAR_$_IOGPUMetalTexture._width = 0x2034bab2c (slot=0x241903bb0 auth=0)
####   sect[7] __AUTH_CONST,__auth_got type=0 entries=230 indirect_start=325 auth=1
####   IOGPU-CRITICAL _IOGPUCommandQueueGetConnect = 0x1c749db88 (slot=0x248b4f448 auth=1)
####   IOGPU-CRITICAL _IOGPUCommandQueueGetID = 0x1c749dbd0 (slot=0x248b4f450 auth=1)
####   IOGPU-CRITICAL _IOGPUDeviceGetConnect = 0x1c749c654 (slot=0x248b4f458 auth=1)
####   IOGPU-CRITICAL _IOGPUDeviceGetNextGlobalTraceID = 0x1c749c7f0 (slot=0x248b4f460 auth=1)
####   IOGPU-CRITICAL _IOGPUDeviceTraceEvent = 0x1c749c8bc (slot=0x248b4f468 auth=1)
####   IOGPU-CRITICAL _IOGPUMetalCommandBufferStorageBeginKernelCommands = 0x1c748cad8 (slot=0x248b4f470 auth=1)
####   IOGPU-CRITICAL _IOGPUMetalCommandBufferStorageEndKernelCommands = 0x1c748cc2c (slot=0x248b4f478 auth=1)
####   IOGPU-CRITICAL _IOGPUResourceListAddResource = 0x1c749f1c8 (slot=0x248b4f480 auth=1)
####   IOGPU-CRITICAL _IOGPUResourceListMerge = 0x1c749f278 (slot=0x248b4f488 auth=1)
####   IOGPU-CRITICAL _IOGPUResourceListMergeLists = 0x1c749f354 (slot=0x248b4f490 auth=1)
####   bind[131] _IOSurfaceGetAddressFormatOfPlane -> 0x100499d8c (slot=0x248b4f4c8 auth=1 FORCE)
####   bind[133] _IOSurfaceGetBaseAddressOfPlane -> 0x100499b68 (slot=0x248b4f4d8 auth=1 FORCE)
####   bind[135] _IOSurfaceGetBytesPerRowOfPlane -> 0x100499198 (slot=0x248b4f4e8 auth=1 FORCE)
####   bind[136] _IOSurfaceGetBytesPerTileDataOfPlane -> 0x10049935c (slot=0x248b4f4f0 auth=1 FORCE)
####   bind[141] _IOSurfaceGetCompressionTypeOfPlane -> 0x100498c4c (slot=0x248b4f518 auth=1 FORCE)
####   bind[142] _IOSurfaceGetHeightInCompressedTilesOfPlane -> 0x100498e14 (slot=0x248b4f520 auth=1 FORCE)
####   bind[145] _IOSurfaceGetWidthInCompressedTilesOfPlane -> 0x100498fd4 (slot=0x248b4f538 auth=1 FORCE)
####   bind[286] _objc_alloc -> 0x100498614 (slot=0x248b4f9c0 auth=1 FORCE)
####   IOGPU-CRITICAL _objc_autoreleasePoolPop = 0x1aa3b0a7c (slot=0x248b4f9d8 auth=1)
####   IOGPU-CRITICAL _objc_autoreleasePoolPush = 0x1aa3b0934 (slot=0x248b4f9e0 auth=1)
#### MACWS_GOT AGXMetal13_3: indirect_slots=327 patched=323 failed=0
#### MACWS_AGX_NATIVE __auth_got section NOT FOUND
#### MACWS_AGX_NATIVE __got: 97 entries, 0 null, 97 non-null
#### MACWS_AGX_NATIVE dlopen AGXMetal13_3 OK h=0x3fa50b950
#### MACWS_AGX_NATIVE +[NSBundle bundleWithPath:AGXMetal13_3.bundle] = 0x600123ae0 id=com.apple.AGXMetal13-3
#### MACWS_AGX_NATIVE bundle loadAndReturnError: 1 (err=nil) loaded=1
#### MACWS_AGX_NATIVE bundle pathForResource:ds.g13g = /System/Library/Extensions/AGXMetal13_3.bundle/Contents/Resources/ds.g13g
#### MACWS_AGX_NATIVE getMetalPluginClassForService: returning class AGXG13GFamilyDevice = 0x24719a0f0
#### CBRI_HOOK: installed (orig=0x1c748ad84)
#### MACWS-NEW-EVENT adapter installed deviceClass=AGXG13GFamilyDevice owner=IOGPUMetalDevice orig=0x1c7491ef4 added=1
#### MACWS_AGX_NATIVE class_addMethod(AGXG13GFamilyDevice, initWithAcceleratorPort:) = 1
#### MACWS_AGX_NATIVE memoryless witness installed class=AGXG13GFamilyDevice original=0x20fa9e8a8
#### MACWS_AGX_NATIVE memoryless witness total=1 (original results preserved)
#### MACWS_AGX_NATIVE tile-pipeline probe wrapped AGXG13GFamilyDevice (orig=0x20fa7d5e4)
#### MACWS_AGX_NATIVE tile-pipeline probe: 1 class(es) wrapped
#### MACWS_AGX_NATIVE nil-guard wrapped setFragmentTexture:atIndex: on AGXG13GFamilyRenderContext (orig=0x20fa309e0)
#### MACWS_AGX_NATIVE nil-guard: class AGXG13GRenderContext NOT registered
#### MACWS_AGX_NATIVE nil-guard: class AGXRenderContext NOT registered
#### MACWS_AGX_NATIVE nil-guard: class AGXG13GComputeContext NOT registered
#### MACWS_AGX_NATIVE nil-guard setFragmentTexture:atIndex:: 1 class(es) wrapped
#### MACWS_AGX_NATIVE nil-guard wrapped setVertexTexture:atIndex: on AGXG13GFamilyRenderContext (orig=0x20fa375e8)
#### MACWS_AGX_NATIVE nil-guard: class AGXG13GRenderContext NOT registered
#### MACWS_AGX_NATIVE nil-guard: class AGXRenderContext NOT registered
#### MACWS_AGX_NATIVE nil-guard: class AGXG13GComputeContext NOT registered
#### MACWS_AGX_NATIVE nil-guard setVertexTexture:atIndex:: 1 class(es) wrapped
#### MACWS_AGX_NATIVE swizzled AGXG13GFamilyDevice newTextureWithDescriptor:iosurface:plane:
#### MACWS_AGX_NATIVE swizzled AGXG13GFamilyDevice newTextureWithDescriptor:
#### MACWS_AGX_NATIVE swizzled -[AGXBuffer initWithDevice:bytes:length:options:deallocator:pinnedGPUAddress:]
#### MACWS_AGX_NATIVE noop'd alertCommandBufferActivityStart
#### MACWS_AGX_NATIVE noop'd alertCommandBufferActivityComplete
#### objc_alloc(AGXG13GFamilyDevice) -> 0x6001d2000
#### MACWS_AGX_NATIVE redirecting AGXG13GFamilyDevice init(port=11535) → 2-arg variant
#### debugbydcmmc IOServiceOpen agx connect=13571 type=0x100001 (requested=0x100005)
#### AGXIOC Struct sel=0x7->0x6 inSC=16 outSC=0 -> 0x1
#### AGXIOC Struct sel=0x5->0x4 inSC=0 outSC=32 -> 0x0
#### AGXIOC AsyncScalar sel=0x107->0x107 inCnt=0 -> 0x0
#### AGX_LIFE CREATE id=0x1 type=0 surf=0 bytes=0x10000 kr=0 okC=1 failC=0 okD=0 failD=0 unmatchedD=0 full=0 live=1/0MB [t0=1/0MB t80=0/0MB t82=0/0MB]
#### AGXIOC heap map #1 clientID 0x10000 -> resourceID 0x1 size 0x10000
####   ResCreate OK type=0 clientID=0 +0x30=0 +0x38=0 +0x40=0x10000 +0x58=0 OUT[+0]=0 OUT[+0x08]=0x1018e0000 OUT[+0x10]=0x1018b40c0 OUT[+0x48]=0x10000
####   inStruct[0..104]:
####     00: 00 00 00 00 00 00 00 00 01 00 01 00 01 00 00 00
####     10: 01 01 00 01 30 84 00 00 00 00 00 00 00 00 00 00
####     20: 00 00 00 00 00 00 00 00 00 00 00 00 00 00 00 00
####     30: 00 00 00 00 00 00 00 00 00 00 00 00 00 00 00 00
####     40: 00 00 01 00 00 00 00 00 00 00 00 00 00 00 00 00
####     50: 00 00 00 38 00 00 00 00 00 00 00 00 00 00 00 00
####     60: 00 00 00 00 00 00 00 00
#### MACWS_AGX_NATIVE setupCompiler:0x30010 fired (Device=0x6001d2000)
#### MACWS_AGX_NATIVE memoryless witness #1 instance=0x6001d2000 class=AGXG13GFamilyDevice original=0x20fa9e8a8 -> YES
[54380:0728/150506.468754:VERBOSE1:net/base/network_delegate.cc:38] NetworkDelegate::NotifyBeforeURLRequest: https://main.vscode-cdn.net/extensions/marketplace.json
#### objc_alloc(AGXG13GFamilyCommandQueue) -> 0x600090f00
#### AGXIOC Method sel=0x8->0x7 inCnt=0 inSC=1032 outSC=16 -> 0x0
#### AGXIOC Method sel=0x11->0xf inCnt=2 inSC=0 outSC=16 -> 0x0
#### AGXIOC Method sel=0x1d->0x19 inCnt=2 inSC=0 outSC=0 -> 0x0
#### AGXIOC Method sel=0x1f->0x1b inCnt=1 inSC=12 outSC=0 -> 0x0
#### objc_alloc(AGXBuffer) -> 0x600211f80
#### AGXIOC type0 exact initFull length: +0x58=0xc00000000 low32=0 -> +0x40=0x180
#### AGX_LIFE CREATE id=0x2 type=0 surf=0 bytes=0x4000 kr=0 okC=2 failC=0 okD=0 failD=0 unmatchedD=0 full=0 live=2/0MB [t0=2/0MB t80=0/0MB t82=0/0MB]
#### AGXIOC heap map #2 clientID 0x4000 -> resourceID 0x2 size 0x180
####   ResCreate OK type=0 clientID=0 +0x30=0x40 +0x38=0 +0x40=0x180 +0x58=0 OUT[+0]=0x1500000000 OUT[+0x08]=0x101908000 OUT[+0x10]=0x1018b4180 OUT[+0x48]=0x4000
####   inStruct[0..104]:
####     00: 00 00 00 00 00 00 00 00 01 00 01 00 01 00 00 00
####     10: 01 01 00 01 70 04 00 00 00 00 00 00 00 00 00 00
####     20: 00 00 00 00 00 00 00 00 00 00 00 00 00 00 00 00
####     30: 40 00 00 00 00 00 00 00 00 00 00 00 00 00 00 00
####     40: 80 01 00 00 00 00 00 00 00 00 00 00 00 00 00 00
####     50: 00 00 00 00 00 00 00 00 00 00 00 00 00 00 00 00
####     60: 00 00 00 00 00 00 f0 3f
#### TRACE -[AGXBuffer initFull] self=0x600211f80 dev=0x6001d2000 len=384 align=1→64 opt=0 subDis=0→1 resIn=0x16fcf54e8 pin=0x0 -> 0x600211f80
#### TRACE -[AGXBuffer initUntracked] self=0x600211f80 dev=0x6001d2000 len=384 opt=0 -> 0x600211f80
#### objc_alloc(AGXBuffer) -> 0x600215d00
#### AGXIOC type0 exact initFull length: +0x58=0xc00000000 low32=0 -> +0x40=0x180
#### AGX_LIFE CREATE id=0x3 type=0 surf=0 bytes=0x4000 kr=0 okC=3 failC=0 okD=0 failD=0 unmatchedD=0 full=0 live=3/0MB [t0=3/0MB t80=0/0MB t82=0/0MB]
#### AGXIOC heap map #3 clientID 0x4000 -> resourceID 0x3 size 0x180
####   ResCreate OK type=0 clientID=0 +0x30=0x40 +0x38=0 +0x40=0x180 +0x58=0 OUT[+0]=0x1500008000 OUT[+0x08]=0x10190c000 OUT[+0x10]=0x1018b4240 OUT[+0x48]=0x4000
####   inStruct[0..104]:
####     00: 00 00 00 00 00 00 00 00 01 00 01 00 01 00 00 00
####     10: 01 01 00 01 70 04 00 00 00 00 00 00 00 00 00 00
####     20: 00 00 00 00 00 00 00 00 00 00 00 00 00 00 00 00
####     30: 40 00 00 00 00 00 00 00 00 00 00 00 00 00 00 00
####     40: 80 01 00 00 00 00 00 00 00 00 00 00 00 00 00 00
####     50: 00 00 00 00 00 00 00 00 00 00 00 00 00 00 00 00
####     60: 00 00 00 00 00 00 f0 3f
#### TRACE -[AGXBuffer initFull] self=0x600215d00 dev=0x6001d2000 len=384 align=1→64 opt=0 subDis=0→1 resIn=0x16fcf54e8 pin=0x0 -> 0x600215d00
#### TRACE -[AGXBuffer initUntracked] self=0x600215d00 dev=0x6001d2000 len=384 opt=0 -> 0x600215d00
#### objc_alloc(AGXBuffer) -> 0x600215b80
#### AGXIOC type0 exact initFull length: +0x58=0xc00000000 low32=0 -> +0x40=0x40
#### AGX_LIFE CREATE id=0x4 type=0 surf=0 bytes=0x4000 kr=0 okC=4 failC=0 okD=0 failD=0 unmatchedD=0 full=0 live=4/0MB [t0=4/0MB t80=0/0MB t82=0/0MB]
#### AGXIOC heap map #4 clientID 0x4000 -> resourceID 0x4 size 0x40
####   ResCreate OK type=0 clientID=0 +0x30=0x40 +0x38=0 +0x40=0x40 +0x58=0 OUT[+0]=0x1500010000 OUT[+0x08]=0x101e90000 OUT[+0x10]=0x1018b4300 OUT[+0x48]=0x4000
####   inStruct[0..104]:
####     00: 00 00 00 00 00 00 00 00 01 00 01 00 01 00 00 00
####     10: 01 01 00 01 70 04 00 00 00 00 00 00 00 00 00 00
####     20: 00 00 00 00 00 00 00 00 00 00 00 00 00 00 00 00
####     30: 40 00 00 00 00 00 00 00 00 00 00 00 00 00 00 00
####     40: 40 00 00 00 00 00 00 00 00 00 00 00 00 00 00 00
####     50: 00 00 00 00 00 00 00 00 00 00 00 00 00 00 00 00
####     60: 70 0d 25 00 06 00 00 00
#### TRACE -[AGXBuffer initFull] self=0x600215b80 dev=0x6001d2000 len=64 align=1→64 opt=0 subDis=0→1 resIn=0x16fcf54e8 pin=0x0 -> 0x600215b80
#### TRACE -[AGXBuffer initUntracked] self=0x600215b80 dev=0x6001d2000 len=64 opt=0 -> 0x600215b80
#### objc_alloc(AGXBuffer) -> 0x600213c00
#### AGXIOC type0 exact initFull length: +0x58=0xc00000000 low32=0 -> +0x40=0x2000
#### AGX_LIFE CREATE id=0x5 type=0 surf=0 bytes=0x4000 kr=0 okC=5 failC=0 okD=0 failD=0 unmatchedD=0 full=0 live=5/0MB [t0=5/0MB t80=0/0MB t82=0/0MB]
#### AGXIOC heap map #5 clientID 0x4000 -> resourceID 0x5 size 0x2000
####   ResCreate OK type=0 clientID=0 +0x30=0x40 +0x38=0 +0x40=0x2000 +0x58=0 OUT[+0]=0x1500018000 OUT[+0x08]=0x101e94000 OUT[+0x10]=0x1018b43c0 OUT[+0x48]=0x4000
####   inStruct[0..104]:
####     00: 00 00 00 00 00 00 00 00 01 00 01 00 01 00 00 00
####     10: 01 01 00 01 70 04 00 00 00 00 00 00 00 00 00 00
####     20: 00 00 00 00 00 00 00 00 00 00 00 00 00 00 00 00
####     30: 40 00 00 00 00 00 00 00 00 00 00 00 00 00 00 00
####     40: 00 20 00 00 00 00 00 00 00 00 00 00 00 00 00 00
####     50: 00 00 00 00 00 00 00 00 00 00 00 00 00 00 00 00
####     60: c4 b7 0a 00 06 00 00 00
#### TRACE -[AGXBuffer initFull] self=0x600213c00 dev=0x6001d2000 len=8192 align=1→64 opt=0 subDis=0→1 resIn=0x16fcf5538 pin=0x0 -> 0x600213c00
#### TRACE -[AGXBuffer initUntracked] self=0x600213c00 dev=0x6001d2000 len=8192 opt=0 -> 0x600213c00
#### AGXIOC type0 exact initFull length: +0x58=0xc00000000 low32=0 -> +0x40=0x80
#### AGX_LIFE CREATE id=0x6 type=0 surf=0 bytes=0x4000 kr=0 okC=6 failC=0 okD=0 failD=0 unmatchedD=0 full=0 live=6/0MB [t0=6/0MB t80=0/0MB t82=0/0MB]
#### AGXIOC heap map #6 clientID 0x4000 -> resourceID 0x6 size 0x80
####   ResCreate OK type=0 clientID=0 +0x30=0x40 +0x38=0 +0x40=0x80 +0x58=0 OUT[+0]=0x1500020000 OUT[+0x08]=0x101e98000 OUT[+0x10]=0x1018b4480 OUT[+0x48]=0x4000
####   inStruct[0..104]:
####     00: 00 00 00 00 00 00 00 00 01 00 01 00 01 00 00 00
####     10: 01 01 00 01 70 04 00 00 00 00 00 00 00 00 00 00
####     20: 00 00 00 00 00 00 00 00 00 00 00 00 00 00 00 00
####     30: 40 00 00 00 00 00 00 00 00 00 00 00 00 00 00 00
####     40: 80 00 00 00 00 00 00 00 00 00 00 00 00 00 00 00
####     50: 00 00 00 00 00 00 00 00 00 00 00 00 00 00 00 00
####     60: b8 a6 19 47 02 00 00 00
#### TRACE -[AGXBuffer initFull] self=0x600213a80 dev=0x6001d2000 len=128 align=1→64 opt=0 subDis=0→1 resIn=0x16fcf5528 pin=0x0 -> 0x600213a80
#### TRACE -[AGXBuffer initUntracked] self=0x600213a80 dev=0x6001d2000 len=128 opt=0 -> 0x600213a80
#### AGXIOC type0 exact initFull length: +0x58=0xc00000000 low32=0 -> +0x40=0x100
#### AGX_LIFE CREATE id=0x7 type=0 surf=0 bytes=0x4000 kr=0 okC=7 failC=0 okD=0 failD=0 unmatchedD=0 full=0 live=7/0MB [t0=7/0MB t80=0/0MB t82=0/0MB]
#### AGXIOC heap map #7 clientID 0x4000 -> resourceID 0x7 size 0x100
####   ResCreate OK type=0 clientID=0 +0x30=0x40 +0x38=0 +0x40=0x100 +0x58=0 OUT[+0]=0x1500028000 OUT[+0x08]=0x101e9c000 OUT[+0x10]=0x1018b4540 OUT[+0x48]=0x4000
####   inStruct[0..104]:
####     00: 00 00 00 00 00 00 00 00 01 00 01 00 01 00 00 00
####     10: 01 01 00 01 70 04 00 00 00 00 00 00 00 00 00 00
####     20: 00 00 00 00 00 00 00 00 00 00 00 00 00 00 00 00
####     30: 40 00 00 00 00 00 00 00 00 00 00 00 00 00 00 00
####     40: 00 01 00 00 00 00 00 00 00 00 00 00 00 00 00 00
####     50: 00 00 00 00 00 00 00 00 00 00 00 00 00 00 00 00
####     60: b8 a6 19 47 02 00 00 00
#### TRACE -[AGXBuffer initFull] self=0x600213900 dev=0x6001d2000 len=256 align=1→64 opt=0 subDis=0→1 resIn=0x16fcf5528 pin=0x0 -> 0x600213900
#### TRACE -[AGXBuffer initUntracked] self=0x600213900 dev=0x6001d2000 len=256 opt=0 -> 0x600213900
#### AGXIOC type0 exact initFull length: +0x58=0xc00000000 low32=0 -> +0x40=0x100
#### AGX_LIFE CREATE id=0x8 type=0 surf=0 bytes=0x4000 kr=0 okC=8 failC=0 okD=0 failD=0 unmatchedD=0 full=0 live=8/0MB [t0=8/0MB t80=0/0MB t82=0/0MB]
#### AGXIOC heap map #8 clientID 0x4000 -> resourceID 0x8 size 0x100
####   ResCreate OK type=0 clientID=0 +0x30=0x40 +0x38=0 +0x40=0x100 +0x58=0 OUT[+0]=0x1500030000 OUT[+0x08]=0x101ea0000 OUT[+0x10]=0x1018b4600 OUT[+0x48]=0x4000
####   inStruct[0..104]:
####     00: 00 00 00 00 00 00 00 00 01 00 01 00 01 00 00 00
####     10: 01 01 00 01 70 04 00 00 00 00 00 00 00 00 00 00
####     20: 00 00 00 00 00 00 00 00 00 00 00 00 00 00 00 00
####     30: 40 00 00 00 00 00 00 00 00 00 00 00 00 00 00 00
####     40: 00 01 00 00 00 00 00 00 00 00 00 00 00 00 00 00
####     50: 00 00 00 00 00 00 00 00 00 00 00 00 00 00 00 00
####     60: b8 a6 19 47 02 00 00 00
#### TRACE -[AGXBuffer initFull] self=0x600213780 dev=0x6001d2000 len=256 align=1→64 opt=0 subDis=0→1 resIn=0x16fcf5528 pin=0x0 -> 0x600213780
#### TRACE -[AGXBuffer initUntracked] self=0x600213780 dev=0x6001d2000 len=256 opt=0 -> 0x600213780
#### AGXIOC type0 exact initFull length: +0x58=0xc00000000 low32=0 -> +0x40=0x100
#### AGX_LIFE CREATE id=0x9 type=0 surf=0 bytes=0x4000 kr=0 okC=9 failC=0 okD=0 failD=0 unmatchedD=0 full=0 live=9/0MB [t0=9/0MB t80=0/0MB t82=0/0MB]
#### AGXIOC heap map #9 clientID 0x4000 -> resourceID 0x9 size 0x100
####   ResCreate OK type=0 clientID=0 +0x30=0x40 +0x38=0 +0x40=0x100 +0x58=0 OUT[+0]=0x1500038000 OUT[+0x08]=0x101ea4000 OUT[+0x10]=0x1018b46c0 OUT[+0x48]=0x4000
####   inStruct[0..104]:
####     00: 00 00 00 00 00 00 00 00 01 00 01 00 01 00 00 00
####     10: 01 01 00 01 70 04 00 00 00 00 00 00 00 00 00 00
####     20: 00 00 00 00 00 00 00 00 00 00 00 00 00 00 00 00
####     30: 40 00 00 00 00 00 00 00 00 00 00 00 00 00 00 00
####     40: 00 01 00 00 00 00 00 00 00 00 00 00 00 00 00 00
####     50: 00 00 00 00 00 00 00 00 00 00 00 00 00 00 00 00
####     60: b8 a6 19 47 02 00 00 00
#### TRACE -[AGXBuffer initFull] self=0x600214200 dev=0x6001d2000 len=256 align=1→64 opt=0 subDis=0→1 resIn=0x16fcf5528 pin=0x0 -> 0x600214200
#### TRACE -[AGXBuffer initUntracked] self=0x600214200 dev=0x6001d2000 len=256 opt=0 -> 0x600214200
#### AGX_LIFE CREATE id=0xa type=0 surf=0 bytes=0x10000 kr=0 okC=10 failC=0 okD=0 failD=0 unmatchedD=0 full=0 live=10/0MB [t0=10/0MB t80=0/0MB t82=0/0MB]
#### AGXIOC heap map #10 clientID 0x10000 -> resourceID 0xa size 0x10000
####   ResCreate OK type=0 clientID=0 +0x30=0 +0x38=0 +0x40=0x10000 +0x58=0 OUT[+0]=0x1500040000 OUT[+0x08]=0x101ea8000 OUT[+0x10]=0x1018b4780 OUT[+0x48]=0x10000
####   inStruct[0..104]:
####     00: 00 00 00 00 00 00 00 00 01 00 01 00 01 00 00 00
####     10: 01 01 00 01 30 04 00 00 00 00 00 00 00 00 00 00
####     20: 00 00 00 00 00 00 00 00 00 00 00 00 00 00 00 00
####     30: 00 00 00 00 00 00 00 00 00 00 00 00 00 00 00 00
####     40: 00 00 01 00 00 00 00 00 00 00 00 00 00 00 00 00
####     50: 00 00 00 08 00 00 00 00 00 00 00 00 00 00 00 00
####     60: 00 00 00 00 00 00 00 00
#### AGXIOC type0 exact initFull length: +0x58=0xc00000000 low32=0 -> +0x40=0x2000
#### AGX_LIFE CREATE id=0xb type=0 surf=0 bytes=0x4000 kr=0 okC=11 failC=0 okD=0 failD=0 unmatchedD=0 full=0 live=11/0MB [t0=11/0MB t80=0/0MB t82=0/0MB]
#### AGXIOC heap map #11 clientID 0x4000 -> resourceID 0xb size 0x2000
####   ResCreate OK type=0 clientID=0 +0x30=0x40 +0x38=0 +0x40=0x2000 +0x58=0 OUT[+0]=0x1500058000 OUT[+0x08]=0x101eb8000 OUT[+0x10]=0x1018b4840 OUT[+0x48]=0x4000
####   inStruct[0..104]:
####     00: 00 00 00 00 00 00 00 00 01 00 01 00 01 00 00 00
####     10: 01 01 00 01 70 04 00 00 00 00 00 00 00 00 00 00
####     20: 00 00 00 00 00 00 00 00 00 00 00 00 00 00 00 00
####     30: 40 00 00 00 00 00 00 00 00 00 00 00 00 00 00 00
####     40: 00 20 00 00 00 00 00 00 00 00 00 00 00 00 00 00
####     50: 00 00 00 00 00 00 00 00 00 00 00 00 00 00 00 00
####     60: cc 2e 3a dc 65 17 f8 ac
#### TRACE -[AGXBuffer initFull] self=0x600214080 dev=0x6001d2000 len=8192 align=1→64 opt=0 subDis=0→1 resIn=0x16fcf5288 pin=0x0 -> 0x600214080
#### TRACE -[AGXBuffer initUntracked] self=0x600214080 dev=0x6001d2000 len=8192 opt=0 -> 0x600214080
#### AGXIOC type0 exact initFull length: +0x58=0xc00000000 low32=0 -> +0x40=0x80
#### AGXIOC sel=0x9 type=0 args+0x14=0x2470 → 0x470 (stripped macOS-only bits 0x2800)
#### AGX_LIFE CREATE id=0xc type=0 surf=0 bytes=0x4000 kr=0 okC=12 failC=0 okD=0 failD=0 unmatchedD=0 full=0 live=12/0MB [t0=12/0MB t80=0/0MB t82=0/0MB]
#### AGXIOC heap map #12 clientID 0x4000 -> resourceID 0xc size 0x80
####   ResCreate OK type=0 clientID=0 +0x30=0x40 +0x38=0 +0x40=0x80 +0x58=0 OUT[+0]=0x1500060000 OUT[+0x08]=0x101fbc000 OUT[+0x10]=0x1018b4900 OUT[+0x48]=0x4000
####   inStruct[0..104]:
####     00: 00 00 00 00 00 00 00 00 01 00 01 00 01 00 00 00
####     10: 01 01 00 01 70 04 00 00 00 00 00 00 00 00 00 00
####     20: 00 00 00 00 00 00 00 00 00 00 00 00 00 00 00 00
####     30: 40 00 00 00 00 00 00 00 00 00 00 00 00 00 00 00
####     40: 80 00 00 00 00 00 00 00 00 00 00 00 00 00 00 00
####     50: 00 00 00 00 00 00 00 00 00 00 00 00 00 00 00 00
####     60: 00 00 00 00 00 00 00 00
#### TRACE -[AGXBuffer initFull] self=0x600215100 dev=0x6001d2000 len=128 align=1→64 opt=32 subDis=0→1 resIn=0x16fcf5568 pin=0x0 -> 0x600215100
#### TRACE -[AGXBuffer initUntracked] self=0x600215100 dev=0x6001d2000 len=128 opt=32 -> 0x600215100
[54424:0728/150506.553788:VERBOSE1:components/viz/service/main/viz_main_impl.cc:87] VizNullHypothesis is disabled (not a warning)
#### tile-encoder forwards: class MTLSimRenderCommandEncoder NOT found
#### IOGPU-CALLBACK-DIAG installed queueClass=0x2059308d0 method=0x0 orig=0x0 bufferClass=0x205930830 method=0x1c74a79a5 orig=0x1c748abe8 errorMethod=0x1b3ce3e01 errorOrig=0x1b3bb5dcc (file-gated)
#### NSXPCSharedListener class=0x205cabbd8
#### NSXPCSharedListener endpointForReply swizzle installed
#### NSXPCSharedListener connectToService swizzle installed
[54340:0728/150506.571396:WARNING:content/browser/gpu/gpu_process_host.cc:1020] Reinitialized the GPU process after a crash. The reported initialization time was 469 ms
#### MACWS_AGX_NATIVE memoryless witness #2 instance=0x6001d2000 class=AGXG13GFamilyDevice original=0x20fa9e8a8 -> YES
#### AGXIOC type0 exact initFull length: +0x58=0 low32=0 -> +0x40=0x20000
#### AGX_LIFE CREATE id=0xd type=0 surf=0 bytes=0x20000 kr=0 okC=13 failC=0 okD=0 failD=0 unmatchedD=0 full=0 live=13/0MB [t0=13/0MB t80=0/0MB t82=0/0MB]
#### AGXIOC heap map #13 clientID 0x20000 -> resourceID 0xd size 0x20000
####   ResCreate OK type=0 clientID=0 +0x30=0x100 +0x38=0 +0x40=0x20000 +0x58=0 OUT[+0]=0x1500068000 OUT[+0x08]=0x108dfc000 OUT[+0x10]=0x1018b49c0 OUT[+0x48]=0x20000
####   inStruct[0..104]:
####     00: 00 00 00 00 00 00 00 00 01 00 01 00 01 00 00 00
####     10: 01 01 00 01 70 04 00 00 00 00 00 00 00 00 00 00
####     20: 00 00 00 00 00 00 00 00 00 00 00 00 00 00 00 00
####     30: 00 01 00 00 00 00 00 00 00 00 00 00 00 00 00 00
####     40: 00 00 02 00 00 00 00 00 00 00 00 00 00 00 00 00
####     50: 00 00 00 00 00 00 00 00 00 00 00 00 00 00 00 00
####     60: d8 9f 19 47 02 00 00 00
#### TRACE -[AGXBuffer initFull] self=0x600214c80 dev=0x6001d2000 len=131072 align=256→256 opt=0 subDis=0→0 resIn=0x16fcf3698 pin=0x0 -> 0x600214c80
#### AGXIOC sel=0x9 type=0x80 VA-shape +0x38=0x108dfc000 → 0
#### AGXIOC sel=0x9 type=0x80 args+0x14=0xc30 → 0x430 (stripped macOS-only bits 0x2800)
#### AGXIOC subres parent 0x20000 -> resourceID 0xd, +0x30=0x108e1c000 (sz 0x20000)
#### AGXIOC POST-PATCH sel=0x9 type=0x80 inStructCnt=104 (bytes that hit kernel):
    +0000: 80 00 00 00 00 00 00 00 10 00 10 00 01 00 00 00
    +0x10: 01 01 00 10 30 04 00 00 00 00 00 00 00 00 00 00
    +0x20: 00 00 00 00 00 00 00 00 00 00 00 00 00 00 00 00
    +0x30: 00 c0 e1 08 01 00 00 00 00 00 00 00 00 00 00 00
    +0x40: 00 c0 df 08 01 00 00 00 0d 00 00 00 00 00 00 00
    +0x50: 0d 00 00 00 00 00 00 00 00 8f 88 80 01 00 00 00
    +0x60: 00 00 00 00 00 00 00 00
#### AGX_LIFE CREATE-FAIL id=0 type=0x80 surf=0 bytes=0x108dfc000 kr=0xe00002c2 okC=13 failC=1 okD=0 failD=0 unmatchedD=0 full=0 live=13/0MB [t0=13/0MB t80=0/0MB t82=0/0MB]
#### AGXIOC POST-CALL sel=0x9 type=0x80 -> kr=0xe00002c2
#### AGXIOC Method sel=0xa->0x9 inCnt=0 inSC=104 outSC=80 -> 0xe00002c2
####   ResCreate FAIL type=0x80 clientID=0xd +0x30=0x108e1c000 +0x38=0 +0x40=0x108dfc000 +0x58=0x180888f00 OUT[+0]=0 OUT[+0x08]=0 OUT[+0x10]=0 OUT[+0x48]=0
####   inStruct[0..104]:
####     00: 80 00 00 00 00 00 00 00 10 00 10 00 01 00 00 00
####     10: 01 01 00 10 30 04 00 00 00 00 00 00 00 00 00 00
####     20: 00 00 00 00 00 00 00 00 00 00 00 00 00 00 00 00
####     30: 00 c0 e1 08 01 00 00 00 00 00 00 00 00 00 00 00
####     40: 00 c0 df 08 01 00 00 00 0d 00 00 00 00 00 00 00
####     50: 0d 00 00 00 00 00 00 00 00 8f 88 80 01 00 00 00
####     60: 00 00 00 00 00 00 00 00
####   caller chain (12 frames):
####     [0] 0x1004a2130 IOConnectCallMethod_new+0x3318 (libmachook_arm64.dylib)
####     [1] 0x1c749e18c IOGPUResourceCreate+0xec (IOGPU)
####     [2] 0x1c7498138 -[IOGPUMetalResource initWithDevice:remoteStorageResource:options:args:argsSize:]+0x1cc (IOGPU)
####     [3] 0x100493450 __loadImageCallback_block_invoke_20+0x70 (libmachook_arm64.dylib)
####     [4] 0x1c749b070 -[IOGPUMetalTexture initWithBuffer:descriptor:sysMemOffset:sysMemRowBytes:vidMemSize:vidMemRowBytes:args:argsSize:isStrideTexture:]+0x248 (IOGPU)
####     [5] 0x1c749b7c0 -[IOGPUMetalTexture initWithPrimaryBuffer:heapIndex:bufferIndex:bufferOffset:length:descriptor:sysMemRowBytes:vidMemSize:vidMemRowBytes:args:argsSize:]+0x58 (IOGPU)
####     [6] 0x20fda3934 -[AGXTexture initWithDevice:desc:isSuballocDisabled:]+0x194 (AGXMetal13_3)
####     [7] 0x1004caf70 -[MTLFakeDevice hooked_newTextureWithDescriptor:]+0x19e0 (libmachook_arm64.dylib)
####     [8] 0x1096d3714 glStartTilingQCOM+0x29af14 (libGLESv2.dylib)
####     [9] 0x1096e6b48 glStartTilingQCOM+0x2ae348 (libGLESv2.dylib)
####     [10] 0x1096e5e40 glStartTilingQCOM+0x2ad640 (libGLESv2.dylib)
####     [11] 0x1096e5ccc glStartTilingQCOM+0x2ad4cc (libGLESv2.dylib)
#### AGX_INITARGS FAIL #1/14 cls=AGXG13GFamilyTexture dev=0x6001d2000 opt=0 args=0x16fcf3940 argsSize=104 — preserving nil
####   initargs+0000: 80 00 00 00 00 00 00 00 10 00 10 00 01 00 00 00
####   initargs+0x10: 01 01 00 10 30 0c 00 00 00 00 00 00 00 00 00 00
####   initargs+0x20: 00 00 00 00 00 00 00 00 00 00 00 00 00 00 00 00
####   initargs+0x30: 00 00 00 00 00 00 00 00 00 c0 df 08 01 00 00 00
####   initargs+0x40: 00 c0 df 08 01 00 00 00 00 00 02 00 00 00 00 00
####   initargs+0x50: 0d 00 00 00 00 00 00 00 00 8f 88 80 01 00 00 00
####   initargs+0x60: 00 00 00 00 00 00 00 00
#### MTL_TEX/plain.NIL pfmt=125 type=2 w=16 h=16 d=1 mips=1 arr=1 samp=1 storage=0 cpu=0 usage=0x7 swiz=0 cs=0x0 plane=0 ios=0x0
[54424:0728/150506.576685:WARNING:ui/gl/angle_platform_impl.cc:52] Debug.cpp:184 (insertMessage): GL error: HIGH: Error: 0x00000505, in ../../third_party/angle/src/libANGLE/renderer/metal/mtl_resources.mm, MakeTexture:330. Failed to allocate host memory.
#### MACWS_AGX_NATIVE memoryless witness #3 instance=0x6001d2000 class=AGXG13GFamilyDevice original=0x20fa9e8a8 -> YES
#### AGXIOC sel=0x9 type=0x80 VA-shape +0x38=0x108dfd000 → 0
#### AGXIOC sel=0x9 type=0x80 args+0x14=0xc30 → 0x430 (stripped macOS-only bits 0x2800)
#### AGXIOC subres parent 0x20000 -> resourceID 0xd, +0x30=0x108e1d000 (sz 0x20000)
#### AGX_LIFE CREATE-FAIL id=0 type=0x80 surf=0 bytes=0x108dfc000 kr=0xe00002c2 okC=13 failC=2 okD=0 failD=0 unmatchedD=0 full=0 live=13/0MB [t0=13/0MB t80=0/0MB t82=0/0MB]
#### AGXIOC Method sel=0xa->0x9 inCnt=0 inSC=104 outSC=80 -> 0xe00002c2
####   ResCreate FAIL type=0x80 clientID=0xd +0x30=0x108e1d000 +0x38=0 +0x40=0x108dfc000 +0x58=0x180888f00 OUT[+0]=0 OUT[+0x08]=0 OUT[+0x10]=0 OUT[+0x48]=0
####   inStruct[0..104]:
####     00: 80 00 00 00 00 00 00 00 10 00 10 00 01 00 00 00
####     10: 01 01 00 10 30 04 00 00 00 00 00 00 00 00 00 00
####     20: 00 00 00 00 00 00 00 00 00 00 00 00 00 00 00 00
####     30: 00 d0 e1 08 01 00 00 00 00 00 00 00 00 00 00 00
####     40: 00 c0 df 08 01 00 00 00 0d 00 00 00 00 00 00 00
####     50: 0d 00 00 00 00 00 00 00 00 8f 88 80 01 00 00 00
####     60: 00 00 00 00 00 00 00 00
####   caller chain (12 frames):
####     [0] 0x1004a2130 IOConnectCallMethod_new+0x3318 (libmachook_arm64.dylib)
####     [1] 0x1c749e18c IOGPUResourceCreate+0xec (IOGPU)
####     [2] 0x1c7498138 -[IOGPUMetalResource initWithDevice:remoteStorageResource:options:args:argsSize:]+0x1cc (IOGPU)
####     [3] 0x100493450 __loadImageCallback_block_invoke_20+0x70 (libmachook_arm64.dylib)
####     [4] 0x1c749b070 -[IOGPUMetalTexture initWithBuffer:descriptor:sysMemOffset:sysMemRowBytes:vidMemSize:vidMemRowBytes:args:argsSize:isStrideTexture:]+0x248 (IOGPU)
####     [5] 0x1c749b7c0 -[IOGPUMetalTexture initWithPrimaryBuffer:heapIndex:bufferIndex:bufferOffset:length:descriptor:sysMemRowBytes:vidMemSize:vidMemRowBytes:args:argsSize:]+0x58 (IOGPU)
####     [6] 0x20fda3934 -[AGXTexture initWithDevice:desc:isSuballocDisabled:]+0x194 (AGXMetal13_3)
####     [7] 0x1004caf70 -[MTLFakeDevice hooked_newTextureWithDescriptor:]+0x19e0 (libmachook_arm64.dylib)
####     [8] 0x1096d3714 glStartTilingQCOM+0x29af14 (libGLESv2.dylib)
####     [9] 0x1096e6b48 glStartTilingQCOM+0x2ae348 (libGLESv2.dylib)
####     [10] 0x1096e5e40 glStartTilingQCOM+0x2ad640 (libGLESv2.dylib)
####     [11] 0x1096e5ccc glStartTilingQCOM+0x2ad4cc (libGLESv2.dylib)
#### AGX_INITARGS FAIL #2/15 cls=AGXG13GFamilyTexture dev=0x6001d2000 opt=0 args=0x16fcf3940 argsSize=104 — preserving nil
####   initargs+0000: 80 00 00 00 00 00 00 00 10 00 10 00 01 00 00 00
####   initargs+0x10: 01 01 00 10 30 0c 00 00 00 00 00 00 00 00 00 00
####   initargs+0x20: 00 00 00 00 00 00 00 00 00 00 00 00 00 00 00 00
####   initargs+0x30: 00 00 00 00 00 00 00 00 00 d0 df 08 01 00 00 00
####   initargs+0x40: 00 c0 df 08 01 00 00 00 00 00 02 00 00 00 00 00
####   initargs+0x50: 0d 00 00 00 00 00 00 00 00 8f 88 80 01 00 00 00
####   initargs+0x60: 00 00 00 00 00 00 00 00
#### MTL_TEX/plain.NIL pfmt=125 type=2 w=16 h=16 d=1 mips=1 arr=1 samp=1 storage=0 cpu=0 usage=0x7 swiz=0 cs=0x0 plane=0 ios=0x0
[54424:0728/150506.577982:WARNING:ui/gl/angle_platform_impl.cc:52] Debug.cpp:184 (insertMessage): GL error: HIGH: Error: 0x00000505, in ../../third_party/angle/src/libANGLE/renderer/metal/mtl_resources.mm, MakeTexture:330. Failed to allocate host memory.
#### JIT-MPROTECT flip #13312 ranges=1 prot=RX writers=1 exec_waits=4783 late_retries=101
[54340:0728/150506.616371:INFO:CONSOLE:442] "%c INFO color: #33f [AccountPolicyGate] apply: state=inactive, reason=undefined, isRestricted=false", source: vscode-file://vscode-app/Applications/Visual%20Studio%20Code.app/Contents/Resources/app/out/vs/workbench/workbench.desktop.main.js (442)
[54340:0728/150506.620861:INFO:CONSOLE:442] "%c  ERR color: #f33 Failed to capture browser view screenshot Error: Failed to capture screenshot after 5 attempts", source: vscode-file://vscode-app/Applications/Visual%20Studio%20Code.app/Contents/Resources/app/out/vs/workbench/workbench.desktop.main.js (442)
#### MTL_TEX entry self class=AGXG13GFamilyDevice
#### MTL_TEX TLS set iosurface=0x60003b020 id=0xaa plane=0 compressionHeaderSpan=0 (thread=0x205745e00 addr=0x0)
#### MACWS_AGX_NATIVE memoryless witness #4 instance=0x6001d2000 class=AGXG13GFamilyDevice original=0x20fa9e8a8 -> YES
#### AGXIOC RAW DUMP sel=0x9 type=0x82 inStructCnt=104 (PRE-patch):
    +0000: 82 00 00 00 00 00 00 00 2c 01 96 00 01 00 00 00
    +0x10: 01 01 00 04 30 04 00 00 00 00 00 00 00 00 00 00
    +0x20: 00 00 00 00 00 00 00 00 00 00 00 00 00 00 00 00
    +0x30: 00 00 00 00 00 00 00 00 aa 00 00 00 00 00 00 00
    +0x40: 00 00 00 00 00 00 00 00 00 00 00 00 00 00 00 00
    +0x50: 00 00 00 00 00 00 00 00 00 8f 88 80 01 00 00 00
    +0x60: 00 00 00 00 00 00 00 00
####   key fields: +0x14=0x430 +0x15(byte)=0x4 +0x30=0 +0x34=0 +0x38=0xaa +0x40=0 +0x48=0 +0x58=0x180888f00
#### AGXIOC type=0x82 patch #1: f14=0x430 +0x30 0→0xaa +0x38 0xaa→0 +0x40 0→0 +0x50 0→0x180888f00 +0x58 0x180888f00→0
#### AGX_LIFE CREATE id=0xe type=0x82 surf=0xaa bytes=0x30000 kr=0 okC=14 failC=2 okD=0 failD=0 unmatchedD=0 full=0 live=14/0MB [t0=13/0MB t80=0/0MB t82=1/0MB]
#### AGX_LIFE type82 CREATE stack #1 resourceID=0xe surf=0xaa (16 frames):
0   libmachook_arm64.dylib              0x00000001004a1030 IOConnectCallMethod_new + 8728
1   IOGPU                               0x00000001c749e18c IOGPUResourceCreate + 236
2   IOGPU                               0x00000001c7498138 -[IOGPUMetalResource initWithDevice:remoteStorageResource:options:args:argsSize:] + 460
3   libmachook_arm64.dylib              0x0000000100493450 __loadImageCallback_block_invoke_20 + 112
4   IOGPU                               0x00000001c749a5ec -[IOGPUMetalTexture initWithDevice:descriptor:iosurface:plane:field:args:argsSize:] + 824
5   AGXMetal13_3                        0x000000020fda2f38 -[AGXTexture initWithDevice:desc:iosurface:plane:] + 288
6   libmachook_arm64.dylib              0x00000001004c56c8 -[MTLFakeDevice hooked_newTextureWithDescriptor:iosurface:plane:] + 2052
7   libGLESv2.dylib                     0x00000001096d3754 glStartTilingQCOM + 2731860
8   libGLESv2.dylib                     0x00000001096a79b8 glStartTilingQCOM + 2552248
9   libGLESv2.dylib                     0x00000001096a7824 glStartTilingQCOM + 2551844
10  libGLESv2.dylib                     0x00000001095a5fd4 glStartTilingQCOM + 1497044
11  libGLESv2.dylib                     0x00000001094015fc libGLESv2.dylib + 38396
12  libGLESv2.dylib                     0x0000000109404d60 EGL_BindTexImage + 144
13  Electron Framework                  0x00000001132ae528 rust_bmp$cxxbridge1$194$Reader$image_data_loaded + 582280
14  Electron Framework                  0x00000001132b19cc rust_bmp$cxxbridge1$194$Reader$image_data_loaded + 595756
15  Electron Framework                  0x00000001132af830 rust_bmp$cxxbridge1$194$Reader$image_data_loaded + 587152
####   ResCreate OK type=0x82 clientID=0 +0x30=0xaa +0x38=0 +0x40=0 +0x58=0 OUT[+0]=0x1500090000 OUT[+0x08]=0 OUT[+0x10]=0x1018b4a80 OUT[+0x48]=0x30000
####   inStruct[0..104]:
####     00: 82 00 00 00 00 00 00 00 2c 01 96 00 01 00 00 00
####     10: 01 01 00 04 30 04 00 00 00 00 00 00 00 00 00 00
####     20: 00 00 00 00 00 00 00 00 00 00 00 00 00 00 00 00
####     30: aa 00 00 00 00 00 00 00 00 00 00 00 00 00 00 00
####     40: 00 00 00 00 00 00 00 00 00 00 00 00 00 00 00 00
####     50: 00 8f 88 80 01 00 00 00 00 00 00 00 00 00 00 00
####     60: 00 00 00 00 00 00 00 00
#### AGX_MAP_AUDIT: _impl ivar offset = 0x208
#### AGX_MAP_AUDIT #0 tex=0x6009a1b80 impl=0x6009a1900 iosurface(arg=0x60003b020 bound=0x60003b020) plane=0 cpu130=0x1092d4000 gpu40=0x1500090000 descriptorOff=0x190 descriptorLayout=0 compressed=0 extended=0 match=1
#### AGXIOC Method sel=0xf->0xd inCnt=2 inSC=0 outSC=16 -> 0x0
#### AGXIOC Method sel=0xf->0xd inCnt=2 inSC=0 outSC=16 -> 0x0
#### AGXIOC Struct sel=0x6->0x5 inSC=0 outSC=16 -> 0x0
#### AGXIOC Method sel=0x1e->0x1a inCnt=4 inSC=56 outSC=0 -> 0x0
#### AGX_LIFE CREATE id=0xf type=0 surf=0 bytes=0x50000 kr=0 okC=15 failC=2 okD=0 failD=0 unmatchedD=0 full=0 live=15/0MB [t0=14/0MB t80=0/0MB t82=1/0MB]
#### AGXIOC heap map #14 clientID 0x50000 -> resourceID 0xf size 0x50000
####   ResCreate OK type=0 clientID=0 +0x30=0 +0x38=0 +0x40=0x50000 +0x58=0 OUT[+0]=0x18000 OUT[+0x08]=0x1099f8000 OUT[+0x10]=0x1018b4b40 OUT[+0x48]=0x50000
####   inStruct[0..104]:
####     00: 00 00 00 00 00 00 00 00 01 00 01 00 01 00 00 00
####     10: 01 01 00 01 30 84 00 00 00 00 00 00 00 00 00 00
####     20: 00 00 00 00 00 00 00 00 00 00 00 00 00 00 00 00
####     30: 00 00 00 00 00 00 00 00 00 00 00 00 00 00 00 00
####     40: 00 00 05 00 00 00 00 00 00 00 00 00 00 00 00 00
####     50: 00 00 00 38 00 00 00 00 00 00 00 00 00 00 00 00
####     60: 00 00 00 00 00 00 00 00
#### CBRI_HOOK self=0x600223b80 cls=AGXG13GFamilyCommandBuffer → resourceInfo=0x60025aa00
#### AGX_LIFE CREATE id=0x10 type=0 surf=0 bytes=0x8000 kr=0 okC=16 failC=2 okD=0 failD=0 unmatchedD=0 full=0 live=16/0MB [t0=15/0MB t80=0/0MB t82=1/0MB]
#### AGXIOC heap map #15 clientID 0x8000 -> resourceID 0x10 size 0x8000
####   ResCreate OK type=0 clientID=0 +0x30=0 +0x38=0 +0x40=0x8000 +0x58=0 OUT[+0]=0x15000c8000 OUT[+0x08]=0x1093c0000 OUT[+0x10]=0x1018b4c00 OUT[+0x48]=0x8000
####   inStruct[0..104]:
####     00: 00 00 00 00 00 00 00 00 00 80 01 00 01 00 00 00
####     10: 01 01 00 01 30 04 00 00 00 00 00 00 00 00 00 00
####     20: 00 00 00 00 00 00 00 00 00 00 00 00 00 00 00 00
####     30: 00 00 00 00 00 00 00 00 00 00 00 00 00 00 00 00
####     40: 00 80 00 00 00 00 00 00 00 00 00 00 00 00 00 00
####     50: 00 00 00 08 00 00 00 00 00 00 00 00 00 00 00 00
####     60: 00 00 00 00 00 00 00 00
#### AGXIOC heap map #16 clientID 0x8000 -> resourceID 0x11 size 0x8000
####   ResCreate OK type=0 clientID=0 +0x30=0 +0x38=0 +0x40=0x8000 +0x58=0 OUT[+0]=0x15000d8000 OUT[+0x08]=0x1093ec000 OUT[+0x10]=0x1018b4cc0 OUT[+0x48]=0x8000
####   inStruct[0..104]:
####     00: 00 00 00 00 00 00 00 00 00 80 01 00 01 00 00 00
####     10: 01 01 00 01 30 04 00 00 00 00 00 00 00 00 00 00
####     20: 00 00 00 00 00 00 00 00 00 00 00 00 00 00 00 00
####     30: 00 00 00 00 00 00 00 00 00 00 00 00 00 00 00 00
####     40: 00 80 00 00 00 00 00 00 00 00 00 00 00 00 00 00
####     50: 00 00 00 08 00 00 00 00 00 00 00 00 00 00 00 00
####     60: 00 00 00 00 00 00 00 00
####   ResCreate OK type=0 clientID=0 +0x30=0 +0x38=0 +0x40=0x8000 +0x58=0 OUT[+0]=0x15000e8000 OUT[+0x08]=0x109a48000 OUT[+0x10]=0x1018b4d80 OUT[+0x48]=0x8000
####   inStruct[0..104]:
####     00: 00 00 00 00 00 00 00 00 00 80 01 00 01 00 00 00
####     10: 01 01 00 01 30 04 00 00 00 00 00 00 00 00 00 00
####     20: 00 00 00 00 00 00 00 00 00 00 00 00 00 00 00 00
####     30: 00 00 00 00 00 00 00 00 00 00 00 00 00 00 00 00
####     40: 00 80 00 00 00 00 00 00 00 00 00 00 00 00 00 00
####     50: 00 00 00 08 00 00 00 00 00 00 00 00 00 00 00 00
####     60: 00 00 00 00 00 00 00 00
####   ResCreate OK type=0 clientID=0 +0x30=0 +0x38=0 +0x40=0x8000 +0x58=0 OUT[+0]=0x15000f8000 OUT[+0x08]=0x109a50000 OUT[+0x10]=0x1018b4e40 OUT[+0x48]=0x8000
####   inStruct[0..104]:
####     00: 00 00 00 00 00 00 00 00 00 80 01 00 01 00 00 00
####     10: 01 01 00 01 30 04 00 00 00 00 00 00 00 00 00 00
####     20: 00 00 00 00 00 00 00 00 00 00 00 00 00 00 00 00
####     30: 00 00 00 00 00 00 00 00 00 00 00 00 00 00 00 00
####     40: 00 80 00 00 00 00 00 00 00 00 00 00 00 00 00 00
####     50: 00 00 00 08 00 00 00 00 00 00 00 00 00 00 00 00
####     60: 00 00 00 00 00 00 00 00
####   ResCreate OK type=0 clientID=0 +0x30=0 +0x38=0 +0x40=0x8000 +0x58=0 OUT[+0]=0x1500108000 OUT[+0x08]=0x109a58000 OUT[+0x10]=0x1018b4f00 OUT[+0x48]=0x8000
####   inStruct[0..104]:
####     00: 00 00 00 00 00 00 00 00 00 80 01 00 01 00 00 00
####     10: 01 01 00 01 30 04 00 00 00 00 00 00 00 00 00 00
####     20: 00 00 00 00 00 00 00 00 00 00 00 00 00 00 00 00
####     30: 00 00 00 00 00 00 00 00 00 00 00 00 00 00 00 00
####     40: 00 80 00 00 00 00 00 00 00 00 00 00 00 00 00 00
####     50: 00 00 00 08 00 00 00 00 00 00 00 00 00 00 00 00
####     60: 00 00 00 00 00 00 00 00
####   ResCreate OK type=0 clientID=0 +0x30=0 +0x38=0 +0x40=0x8000 +0x58=0 OUT[+0]=0x70000 OUT[+0x08]=0x109a60000 OUT[+0x10]=0x1018b4fc0 OUT[+0x48]=0x8000
####   inStruct[0..104]:
####     00: 00 00 00 00 00 00 00 00 00 80 01 00 01 00 00 00
####     10: 01 01 00 01 30 84 00 00 00 00 00 00 00 00 00 00
####     20: 00 00 00 00 00 00 00 00 00 00 00 00 00 00 00 00
####     30: 00 00 00 00 00 00 00 00 00 00 00 00 00 00 00 00
####     40: 00 80 00 00 00 00 00 00 00 00 00 00 00 00 00 00
####     50: 00 00 00 48 00 00 00 00 00 00 00 00 00 00 00 00
####     60: 00 00 00 00 00 00 00 00
####   ResCreate OK type=0 clientID=0 +0x30=0 +0x38=0 +0x40=0x8000 +0x58=0 OUT[+0]=0x80000 OUT[+0x08]=0x109a68000 OUT[+0x10]=0x1018b5080 OUT[+0x48]=0x8000
####   inStruct[0..104]:
####     00: 00 00 00 00 00 00 00 00 00 80 01 00 01 00 00 00
####     10: 01 01 00 01 30 84 00 00 00 00 00 00 00 00 00 00
####     20: 00 00 00 00 00 00 00 00 00 00 00 00 00 00 00 00
####     30: 00 00 00 00 00 00 00 00 00[54340:0728/150506.661941:INFO:CONSOLE:442] "%c  ERR color: #f33 [vscode.mermaid-markdown-features]: Extension 'vscode.mermaid-markdown-features' CANNOT use 'legacyToolReferenceFullNames' without the 'chatParticipantPrivate' API proposal enabled", source: vscode-file://vscode-app/Applications/Visual%20Studio%20Code.app/Contents/Resources/app/out/vs/workbench/workbench.desktop.main.js (442)
 00 00 00 00 00 00 00
####     40: 00 80 00 00 00 00 00 00 00 00 00 00 00 00 00 00
####     50: 00 00 00 48 00 00 00 00 00 00 00 00 00 00 00 00
####     60: 00 00 00 00 00 00 00 00
####   ResCreate OK type=0 clientID=0 +0x30=0 +0x38=0 +0x40=0x100000 +0x58=0 OUT[+0]=0x1500118000 OUT[+0x08]=0x109a70000 OUT[+0x10]=0x1018b5140 OUT[+0x48]=0x100000
####   inStruct[0..104]:
####     00: 00 00 00 00 00 00 00 00 00 00 01 00 01 00 00 00
####     10: 01 01 00 01 30 04 00 00 00 00 00 00 00 00 00 00
####     20: 00 00 00 00 00 00 00 00 00 00 00 00 00 00 00 00
####     30: 00 00 00 00 00 00 00 00 00 00 00 00 00 00 00 00
####     40: 00 00 10 00 00 00 00 00 00 00 00 00 00 00 00 00
####     50: 00 00 00 18 00 00 00 00 00 00 00 00 00 00 00 00
####     60: 00 00 00 00 00 00 00 00
####   ResCreate OK type=0 clientID=0 +0x30=0 +0x38=0 +0x40=0x8000 +0x58=0 OUT[+0]=0x1500220000 OUT[+0x08]=0x109b70000 OUT[+0x10]=0x1018b5200 OUT[+0x48]=0x8000
####   inStruct[0..104]:
####     00: 00 00 00 00 00 00 00 00 00 80 01 00 01 00 00 00
####     10: 01 01 00 01 30 04 00 00 00 00 00 00 00 00 00 00
####     20: 00 00 00 00 00 00 00 00 00 00 00 00 00 00 00 00
####     30: 00 00 00 00 00 00 00 00 00 00 00 00 00 00 00 00
####     40: 00 80 00 00 00 00 00 00 00 00 00 00 00 00 00 00
####     50: 00 00 00 08 00 00 00 00 00 00 00 00 00 00 00 00
####     60: 00 00 00 00 00 00 00 00
####   ResCreate OK type=0 clientID=0 +0x30=0 +0x38=0 +0x40=0x8000 +0x58=0 OUT[+0]=0x1500230000 OUT[+0x08]=0x109b78000 OUT[+0x10]=0x1018b52c0 OUT[+0x48]=0x8000
####   inStruct[0..104]:
####     00: 00 00 00 00 00 00 00 00 00 80 01 00 01 00 00 00
####     10: 01 01 00 01 30 04 00 00 00 00 00 00 00 00 00 00
####     20: 00 00 00 00 00 00 00 00 00 00 00 00 00 00 00 00
####     30: 00 00 00 00 00 00 00 00 00 00 00 00 00 00 00 00
####     40: 00 80 00 00 00 00 00 00 00 00 00 00 00 00 00 00
####     50: 00 00 00 18 00 00 00 00 00 00 00 00 00 00 00 00
####     60: 00 00 00 00 00 00 00 00
####   ResCreate OK type=0 clientID=0 +0x30=0 +0x38=0 +0x40=0x8000 +0x58=0 OUT[+0]=0x1500240000 OUT[+0x08]=0x109b80000 OUT[+0x10]=0x1018b5380 OUT[+0x48]=0x8000
####   inStruct[0..104]:
####     00: 00 00 00 00 00 00 00 00 00 80 01 00 01 00 00 00
####     10: 01 01 00 01 30 04 00 00 00 00 00 00 00 00 00 00
####     20: 00 00 00 00 00 00 00 00 00 00 00 00 00 00 00 00
####     30: 00 00 00 00 00 00 00 00 00 00 00 00 00 00 00 00
####     40: 00 80 00 00 00 00 00 00 00 00 00 00 00 00 00 00
####     50: 00 00 00 08 00 00 00 00 00 00 00 00 00 00 00 00
####     60: 00 00 00 00 00 00 00 00
####   ResCreate OK type=0 clientID=0 +0x30=0 +0x38=0 +0x40=0x8000 +0x58=0 OUT[+0]=0x1500250000 OUT[+0x08]=0x109b88000 OUT[+0x10]=0x1018b5440 OUT[+0x48]=0x8000
####   inStruct[0..104]:
####     00: 00 00 00 00 00 00 00 00 00 80 01 00 01 00 00 00
####     10: 01 01 00 01 30 04 00 00 00 00 00 00 00 00 00 00
####     20: 00 00 00 00 00 00 00 00 00 00 00 00 00 00 00 00
####     30: 00 00 00 00 00 00 00 00 00 00 00 00 00 00 00 00
####     40: 00 80 00 00 00 00 00 00 00 00 00 00 00 00 00 00
####     50: 00 00 00 08 00 00 00 00 00 00 00 00 00 00 00 00
####     60: 00 00 00 00 00 00 00 00
####   ResCreate OK type=0 clientID=0 +0x30=0 +0x38=0 +0x40=0x8000 +0x58=0 OUT[+0]=0x1500260000 OUT[+0x08]=0x109b90000 OUT[+0x10]=0x1018b5500 OUT[+0x48]=0x8000
####   inStruct[0..104]:
####     00: 00 00 00 00 00 00 00 00 00 80 01 00 01 00 00 00
####     10: 01 01 00 01 30 04 00 00 00 00 00 00 00 00 00 00
####     20: 00 00 00 00 00 00 00 00 00 00 00 00 00 00 00 00
####     30: 00 00 00 00 00 00 00 00 00 00 00 00 00 00 00 00
####     40: 00 80 00 00 00 00 00 00 00 00 00 00 00 00 00 00
####     50: 00 00 00 08 00 00 00 00 00 00 00 00 00 00 00 00
####     60: 00 00 00 00 00 00 00 00
####   ResCreate OK type=0 clientID=0 +0x30=0 +0x38=0 +0x40=0x8000 +0x58=0 OUT[+0]=0x1500270000 OUT[+0x08]=0x109b98000 OUT[+0x10]=0x1018b55c0 OUT[+0x48]=0x8000
####   inStruct[0..104]:
####     00: 00 00 00 00 00 00 00 00 00 80 01 00 01 00 00 00
####     10: 01 01 00 01 30 04 00 00 00 00 00 00 00 00 00 00
####     20: 00 00 00 00 00 00 00 00 00 00 00 00 00 00 00 00
####     30: 00 00 00 00 00 00 00 00 00 00 00 00 00 00 00 00
####     40: 00 80 00 00 00 00 00 00 00 00 00 00 00 00 00 00
####     50: 00 00 00 08 00 00 00 00 00 00 00 00 00 00 00 00
####     60: 00 00 00 00 00 00 00 00
####   ResCreate OK type=0 clientID=0 +0x30=0 +0x38=0 +0x40=0x8000 +0x58=0 OUT[+0]=0x1500280000 OUT[+0x08]=0x109ba0000 OUT[+0x10]=0x1018b5680 OUT[+0x48]=0x8000
####   inStruct[0..104]:
####     00: 00 00 00 00 00 00 00 00 00 80 01 00 01 00 00 00
####     10: 01 01 00 01 30 04 00 00 00 00 00 00 00 00 00 00
####     20: 00 00 00 00 00 00 00 00 00 00 00 00 00 00 00 00
####     30: 00 00 00 00 00 00 00 00 00 00 00 00 00 00 00 00
####     40: 00 80 00 00 00 00 00 00 00 00 00 00 00 00 00 00
####     50: 00 00 00 08 00 00 00 00 00 00 00 00 00 00 00 00
####     60: 00 00 00 00 00 00 00 00
####   ResCreate OK type=0 clientID=0 +0x30=0 +0x38=0 +0x40=0xff80 +0x58=0 OUT[+0]=0x1500290000 OUT[+0x08]=0x109ba8000 OUT[+0x10]=0x1018b5740 OUT[+0x48]=0x10000
####   inStruct[0..104]:
####     00: 00 00 00 00 00 00 00 00 80 ff 01 00 01 00 00 00
####     10: 01 01 00 01 30 04 00 00 00 00 00 00 00 00 00 00
####     20: 00 00 00 00 00 00 00 00 00 00 00 00 00 00 00 00
####     30: 00 00 00 00 00 00 00 00 00 00 00 00 00 00 00 00
####     40: 80 ff 00 00 00 00 00 00 00 00 00 00 00 00 00 00
####     50: 00 00 00 18 00 00 00 00 00 00 00 00 00 00 00 00
####     60: 00 00 00 00 00 00 00 00
####   ResCreate OK type=0 clientID=0 +0x30=0 +0x38=0 +0x40=0xc0000 +0x58=0 OUT[+0]=0x15002a8000 OUT[+0x08]=0x109bb8000 OUT[+0x10]=0x1018b5800 OUT[+0x48]=0xc0000
####   inStruct[0..104]:
####     00: 00 00 00 00 00 00 00 00 00 00 01 00 01 00 00 00
####     10: 01 01 00 01 30 04 00 00 00 00 00 00 00 00 00 00
####     20: 00 00 00 00 00 00 00 00 00 00 00 00 00 00 00 00
####     30: 00 00 00 00 00 00 00 00 00 00 00 00 00 00 00 00
####     40: 00 00 0c 00 00 00 00 00 00 00 00 00 00 00 00 00
####     50: 00 00 00 08 00 00 00 00 00 00 00 00 00 00 00 00
####     60: 00 00 00 00 00 00 00 00
#### AGX_SUBMIT_DIAG #2 TEMP-KCMD-TRAILING-WRAPPER-FIX match=1 subtype1=0..0x840->0..0x820 wrappers=2 range=0x840..0x870->0x820..0x850
#### AGXIOC Method sel=0x1e->0x1a inCnt=4 inSC=56 outSC=0 -> 0x0
#### JIT-MPROTECT flip #14336 ranges=1 prot=RX writers=1 exec_waits=5168 late_retries=111
[54380:0728/150506.770631:VERBOSE1:net/base/network_delegate.cc:38] NetworkDelegate::NotifyBeforeURLRequest: https://mobile.events.data.microsoft.com/OneCollector/1.0?cors=true&content-type=application/x-json-stream
#### JIT-MPROTECT flip #15360 ranges=1 prot=RX writers=1 exec_waits=5561 late_retries=117
#### MTL_TEX entry self class=AGXG13GFamilyDevice
#### MTL_TEX TLS set iosurface=0x60003b2e0 id=0x102 plane=0 compressionHeaderSpan=0 (thread=0x205745e00 addr=0x0)
#### MACWS_AGX_NATIVE memoryless witness #5 instance=0x6001d2000 class=AGXG13GFamilyDevice original=0x20fa9e8a8 -> YES
#### AGXIOC type=0x82 patch #2: f14=0x430 +0x30 0→0x102 +0x38 0x102→0 +0x40 0→0 +0x50 0→0x180888f00 +0x58 0x180888f00→0
#### AGX_LIFE type82 CREATE stack #2 resourceID=0x21 surf=0x102 (16 frames):
0   libmachook_arm64.dylib              0x00000001004a1030 IOConnectCallMethod_new + 8728
1   IOGPU                               0x00000001c749e18c IOGPUResourceCreate + 236
2   IOGPU                               0x00000001c7498138 -[IOGPUMetalResource initWithDevice:remoteStorageResource:options:args:argsSize:] + 460
3   libmachook_arm64.dylib              0x0000000100493450 __loadImageCallback_block_invoke_20 + 112
4   IOGPU                               0x00000001c749a5ec -[IOGPUMetalTexture initWithDevice:descriptor:iosurface:plane:field:args:argsSize:] + 824
5   AGXMetal13_3                        0x000000020fda2f38 -[AGXTexture initWithDevice:desc:iosurface:plane:] + 288
6   libmachook_arm64.dylib              0x00000001004c56c8 -[MTLFakeDevice hooked_newTextureWithDescriptor:iosurface:plane:] + 2052
7   libGLESv2.dylib                     0x00000001096d3754 glStartTilingQCOM + 2731860
8   libGLESv2.dylib                     0x00000001096a79b8 glStartTilingQCOM + 2552248
9   libGLESv2.dylib                     0x00000001096a7824 glStartTilingQCOM + 2551844
10  libGLESv2.dylib                     0x00000001095a5fd4 glStartTilingQCOM + 1497044
11  libGLESv2.dylib                     0x00000001094015fc libGLESv2.dylib + 38396
12  libGLESv2.dylib                     0x0000000109404d60 EGL_BindTexImage + 144
13  Electron Framework                  0x00000001132ae528 rust_bmp$cxxbridge1$194$Reader$image_data_loaded + 582280
14  Electron Framework                  0x00000001132b19cc rust_bmp$cxxbridge1$194$Reader$image_data_loaded + 595756
15  Electron Framework                  0x00000001132af830 rust_bmp$cxxbridge1$194$Reader$image_data_loaded + 587152
####   ResCreate OK type=0x82 clientID=0 +0x30=0x102 +0x38=0 +0x40=0 +0x58=0 OUT[+0]=0x1500510000 OUT[+0x08]=0 OUT[+0x10]=0x1018b5c80 OUT[+0x48]=0x6c000
####   inStruct[0..104]:
####     00: 82 00 00 00 00 00 00 00 c0 06 40 00 01 00 00 00
####     10: 01 01 00 04 30 04 00 00 00 00 00 00 00 00 00 00
####     20: 00 00 00 00 00 00 00 00 00 00 00 00 00 00 00 00
####     30: 02 01 00 00 00 00 00 00 00 00 00 00 00 00 00 00
####     40: 00 00 00 00 00 00 00 00 00 00 00 00 00 00 00 00
####     50: 00 8f 88 80 01 00 00 00 00 00 00 00 00 00 00 00
####     60: 00 00 00 00 00 00 00 00
#### AGX_MAP_AUDIT #1 tex=0x6009a4d80 impl=0x6009a4b00 iosurface(arg=0x60003b2e0 bound=0x60003b2e0) plane=0 cpu130=0x10ca94000 gpu40=0x1500510000 descriptorOff=0x190 descriptorLayout=0 compressed=0 extended=0 match=1
#### AGXIOC Method sel=0x1e->0x1a inCnt=4 inSC=56 outSC=0 -> 0x0
#### AGXIOC type0 exact initFull length: +0x58=0 low32=0 -> +0x40=0x8000
####   ResCreate OK type=0 clientID=0 +0x30=0x40 +0x38=0 +0x40=0x8000 +0x58=0 OUT[+0]=0x1500580000 OUT[+0x08]=0x10cb00000 OUT[+0x10]=0x1018b5d40 OUT[+0x48]=0x8000
####   inStruct[0..104]:
####     00: 00 00 00 00 00 00 00 00 01 00 01 00 01 00 00 00
####     10: 01 01 00 01 70 04 00 00 00 00 00 00 00 00 00 00
####     20: 00 00 00 00 00 00 00 00 00 00 00 00 00 00 00 00
####     30: 40 00 00 00 00 00 00 00 00 00 00 00 00 00 00 00
####     40: 00 80 00 00 00 00 00 00 00 00 00 00 00 00 00 00
####     50: 00 00 00 00 00 00 00 00 00 00 00 00 00 00 00 00
####     60: 98 25 cf 6f 01 00 00 00
#### TRACE -[AGXBuffer initFull] self=0x60021c600 dev=0x6001d2000 len=32768 align=1→64 opt=0 subDis=0→1 resIn=0x16fcf24f8 pin=0x0 -> 0x60021c600
#### AGXIOC type0 exact initFull length: +0x58=0 low32=0 -> +0x40=0xc000
####   ResCreate OK type=0 clientID=0 +0x30=0x40 +0x38=0 +0x40=0xc000 +0x58=0 OUT[+0]=0x1500590000 OUT[+0x08]=0x10cb08000 OUT[+0x10]=0x1018b5e00 OUT[+0x48]=0xc000
####   inStruct[0..104]:
####     00: 00 00 00 00 00 00 00 00 01 00 01 00 01 00 00 00
####     10: 01 01 00 01 70 04 00 00 00 00 00 00 00 00 00 00
####     20: 00 00 00 00 00 00 00 00 00 00 00 00 00 00 00 00
####     30: 40 00 00 00 00 00 00 00 00 00 00 00 00 00 00 00
####     40: 00 c0 00 00 00 00 00 00 00 00 00 00 00 00 00 00
####     50: 00 00 00 00 00 00 00 00 00 00 00 00 00 00 00 00
####     60: 98 26 cf 6f 01 00 00 00
#### CBRI_HOOK self=0x600225b00 cls=AGXG13GFamilyCommandBuffer → resourceInfo=0x60025fa00
#### AGX_SUBMIT_DIAG #4 TEMP-KCMD-TRAILING-WRAPPER-FIX match=2 subtype1=0..0x840->0..0x820 wrappers=1 range=0x840..0x858->0x820..0x838
#### AGXIOC Method sel=0x1e->0x1a inCnt=4 inSC=56 outSC=0 -> 0x0
#### MTL_TEX entry self class=AGXG13GFamilyDevice
#### MTL_TEX TLS set iosurface=0x60003b080 id=0x103 plane=0 compressionHeaderSpan=0 (thread=0x205745e00 addr=0x0)
#### MACWS_AGX_NATIVE memoryless witness #6 instance=0x6001d2000 class=AGXG13GFamilyDevice original=0x20fa9e8a8 -> YES
#### AGXIOC type=0x82 patch #3: f14=0x430 +0x30 0→0x103 +0x38 0x103→0 +0x40 0→0 +0x50 0→0x180888f00 +0x58 0x180888f00→0
#### AGX_LIFE type82 CREATE stack #3 resourceID=0x24 surf=0x103 (16 frames):
0   libmachook_arm64.dylib              0x00000001004a1030 IOConnectCallMethod_new + 8728
1   IOGPU                               0x00000001c749e18c IOGPUResourceCreate + 236
2   IOGPU                               0x00000001c7498138 -[IOGPUMetalResource initWithDevice:remoteStorageResource:options:args:argsSize:] + 460
3   libmachook_arm64.dylib              0x0000000100493450 __loadImageCallback_block_invoke_20 + 112
4   IOGPU                               0x00000001c749a5ec -[IOGPUMetalTexture initWithDevice:descriptor:iosurface:plane:field:args:argsSize:] + 824
5   AGXMetal13_3                        0x000000020fda2f38 -[AGXTexture initWithDevice:desc:iosurface:plane:] + 288
6   libmachook_arm64.dylib              0x00000001004c56c8 -[MTLFakeDevice hooked_newTextureWithDescriptor:iosurface:plane:] + 2052
7   libGLESv2.dylib                     0x00000001096d3754 glStartTilingQCOM + 2731860
8   libGLESv2.dylib                     0x00000001096a79b8 glStartTilingQCOM + 2552248
9   libGLESv2.dylib                     0x00000001096a7824 glStartTilingQCOM + 2551844
10  libGLESv2.dylib                     0x00000001095a5fd4 glStartTilingQCOM + 1497044
11  libGLESv2.dylib                     0x00000001094015fc libGLESv2.dylib + 38396
12  libGLESv2.dylib                     0x0000000109404d60 EGL_BindTexImage + 144
13  Electron Framework                  0x00000001132ae528 rust_bmp$cxxbridge1$194$Reader$image_data_loaded + 582280
14  Electron Framework                  0x00000001132b19cc rust_bmp$cxxbridge1$194$Reader$image_data_loaded + 595756
15  Electron Framework                  0x00000001132af830 rust_bmp$cxxbridge1$194$Reader$image_data_loaded + 587152
####   ResCreate OK type=0x82 clientID=0 +0x30=0x103 +0x38=0 +0x40=0 +0x58=0 OUT[+0]=0x15005e8000 OUT[+0x08]=0 OUT[+0x10]=0x1018b5ec0 OUT[+0x48]=0x12c000
####   inStruct[0..104]:
####     00: 82 00 00 00 00 00 00 00 c0 03 40 01 01 00 00 00
####     10: 01 01 00 04 30 04 00 00 00 00 00 00 00 00 00 00
####     20: 00 00 00 00 00 00 00 00 00 00 00 00 00 00 00 00
####     30: 03 01 00 00 00 00 00 00 00 00 00 00 00 00 00 00
####     40: 00 00 00 00 00 00 00 00 00 00 00 00 00 00 00 00
####     50: 00 8f 88 80 01 00 00 00 00 00 00 00 00 00 00 00
####     60: 00 00 00 00 00 00 00 00
#### AGX_MAP_AUDIT #2 tex=0x6009a7300 impl=0x6009a7080 iosurface(arg=0x60003b080 bound=0x60003b080) plane=0 cpu130=0x10cb14000 gpu40=0x15005e8000 descriptorOff=0x190 descriptorLayout=0 compressed=0 extended=0 match=1
#### AGXIOC Method sel=0x1e->0x1a inCnt=4 inSC=56 outSC=0 -> 0x0
#### MACWS_AGX_NATIVE memoryless witness #7 instance=0x6001d2000 class=AGXG13GFamilyDevice original=0x20fa9e8a8 -> YES
####   ResCreate OK type=0 clientID=0 +0x30=0 +0x38=0 +0x40=0x10000 +0x58=0 OUT[+0]=0x15004c0000 OUT[+0x08]=0x109c78000 OUT[+0x10]=0x1018b5f80 OUT[+0x48]=0x10000
####   inStruct[0..104]:
####     00: 00 00 00 00 00 00 00 00 a1 00 a1 00 01 00 00 00
####     10: 01 01 00 01 30 04 00 00 00 00 00 00 00 00 00 00
####     20: 00 00 00 00 00 00 00 00 00 00 00 00 00 00 00 00
####     30: 00 00 00 00 00 00 00 00 00 00 00 00 00 00 00 00
####     40: 00 00 01 00 00 00 00 00 00 00 00 00 00 00 00 00
####     50: 00 8c 88 80 00 00 00 00 00 00 00 00 00 00 00 00
####     60: 00 00 00 00 00 00 00 00
#### MACWS_AGX_NATIVE memoryless witness #8 instance=0x6001d2000 class=AGXG13GFamilyDevice original=0x20fa9e8a8 -> YES
####   ResCreate OK type=0 clientID=0 +0x30=0 +0x38=0 +0x40=0x4000 +0x58=0 OUT[+0]=0x15004d8000 OUT[+0x08]=0x108f90000 OUT[+0x10]=0x1018b6040 OUT[+0x48]=0x4000
####   inStruct[0..104]:
####     00: 00 00 00 00 00 00 00 00 80 00 80 00 01 00 00 00
####     10: 01 01 00 01 30 04 00 00 00 00 00 00 00 00 00 00
####     20: 00 00 00 00 00 00 00 00 00 00 00 00 00 00 00 00
####     30: 00 00 00 00 00 00 00 00 00 00 00 00 00 00 00 00
####     40: 00 40 00 00 00 00 00 00 00 00 00 00 00 00 00 00
####     50: 00 8c 88 80 00 00 00 00 00 00 00 00 00 00 00 00
####     60: 00 00 00 00 00 00 00 00
#### MACWS_AGX_NATIVE memoryless witness #9 instance=0x6001d2000 class=AGXG13GFamilyDevice original=0x20fa9e8a8 -> YES
#### AGXIOC sel=0x9 type=0x80 VA-shape +0x38=0x108dfe000 → 0
#### AGXIOC sel=0x9 type=0x80 args+0x14=0xc30 → 0x430 (stripped macOS-only bits 0x2800)
#### AGXIOC subres parent 0x20000 -> resourceID 0xd, +0x30=0x108e1e000 (sz 0x20000)
#### AGX_LIFE CREATE-FAIL id=0 type=0x80 surf=0 bytes=0x108dfc000 kr=0xe00002c2 okC=38 failC=3 okD=0 failD=0 unmatchedD=0 full=0 live=38/4MB [t0=35/3MB t80=0/0MB t82=3/1MB]
#### AGXIOC Method sel=0xa->0x9 inCnt=0 inSC=104 outSC=80 -> 0xe00002c2
####   ResCreate FAIL type=0x80 clientID=0xd +0x30=0x108e1e000 +0x38=0 +0x40=0x108dfc000 +0x58=0x180888c00 OUT[+0]=0 OUT[+0x08]=0 OUT[+0x10]=0 OUT[+0x48]=0
####   inStruct[0..104]:
####     00: 80 00 00 00 00 00 00 00 40 00 40 00 01 00 00 00
####     10: 01 01 00 01 30 04 00 00 00 00 00 00 00 00 00 00
####     20: 00 00 00 00 00 00 00 00 00 00 00 00 00 00 00 00
####     30: 00 e0 e1 08 01 00 00 00 00 00 00 00 00 00 00 00
####     40: 00 c0 df 08 01 00 00 00 0d 00 00 00 00 00 00 00
####     50: 0d 00 00 00 00 00 00 00 00 8c 88 80 01 00 00 00
####     60: 00 00 00 00 00 00 00 00
####   caller chain (12 frames):
####     [0] 0x1004a2130 IOConnectCallMethod_new+0x3318 (libmachook_arm64.dylib)
####     [1] 0x1c749e18c IOGPUResourceCreate+0xec (IOGPU)
####     [2] 0x1c7498138 -[IOGPUMetalResource initWithDevice:remoteStorageResource:options:args:argsSize:]+0x1cc (IOGPU)
####     [3] 0x100493450 __loadImageCallback_block_invoke_20+0x70 (libmachook_arm64.dylib)
####     [4] 0x1c749b070 -[IOGPUMetalTexture initWithBuffer:descriptor:sysMemOffset:sysMemRowBytes:vidMemSize:vidMemRowBytes:args:argsSize:isStrideTexture:]+0x248 (IOGPU)
####     [5] 0x1c749b7c0 -[IOGPUMetalTexture initWithPrimaryBuffer:heapIndex:bufferIndex:bufferOffset:length:descriptor:sysMemRowBytes:vidMemSize:vidMemRowBytes:args:argsSize:]+0x58 (IOGPU)
####     [6] 0x20fda3934 -[AGXTexture initWithDevice:desc:isSuballocDisabled:]+0x194 (AGXMetal13_3)
####     [7] 0x1004caf70 -[MTLFakeDevice hooked_newTextureWithDescriptor:]+0x19e0 (libmachook_arm64.dylib)
####     [8] 0x1096d3714 glStartTilingQCOM+0x29af14 (libGLESv2.dylib)
####     [9] 0x1096e6b48 glStartTilingQCOM+0x2ae348 (libGLESv2.dylib)
####     [10] 0x1096e5e40 glStartTilingQCOM+0x2ad640 (libGLESv2.dylib)
####     [11] 0x1096e5ccc glStartTilingQCOM+0x2ad4cc (libGLESv2.dylib)
#### AGX_INITARGS FAIL #3/41 cls=AGXG13GFamilyTexture dev=0x6001d2000 opt=0 args=0x16fcf21b0 argsSize=104 — preserving nil
####   initargs+0000: 80 00 00 00 00 00 00 00 40 00 40 00 01 00 00 00
####   initargs+0x10: 01 01 00 01 30 0c 00 00 00 00 00 00 00 00 00 00
####   initargs+0x20: 00 00 00 00 00 00 00 00 00 00 00 00 00 00 00 00
####   initargs+0x30: 00 00 00 00 00 00 00 00 00 e0 df 08 01 00 00 00
####   initargs+0x40: 00 c0 df 08 01 00 00 00 00 00 02 00 00 00 00 00
####   initargs+0x50: 0d 00 00 00 00 00 00 00 00 8c 88 80 01 00 00 00
####   initargs+0x60: 00 00 00 00 00 00 00 00
#### MTL_TEX/plain.NIL pfmt=10 type=2 w=64 h=64 d=1 mips=1 arr=1 samp=1 storage=0 cpu=0 usage=0x7 swiz=0 cs=0x0 plane=0 ios=0x0
[54424:0728/150506.922287:WARNING:ui/gl/angle_platform_impl.cc:52] Debug.cpp:184 (insertMessage): GL error: HIGH: Error: 0x00000505, in ../../third_party/angle/src/libANGLE/renderer/metal/mtl_resources.mm, MakeTexture:330. Failed to allocate host memory.
[54424:0728/150506.922497:ERROR:gpu/command_buffer/service/shared_context_state.cc:1274] SharedContextState context lost via Skia OOM.
#### AGXIOC Method sel=0x1e->0x1a inCnt=4 inSC=56 outSC=0 -> 0x0
[54424:0728/150506.923295:ERROR:components/viz/service/gl/exit_code.cc:13] Restarting GPU process due to unrecoverable error. Context was lost.
[54340:0728/150506.940979:ERROR:content/browser/gpu/gpu_process_host.cc:998] GPU process exited unexpectedly: exit_code=8704
[54340:0728/150506.941033:WARNING:content/browser/gpu/gpu_process_host.cc:1440] The GPU process has crashed 3 time(s)
#### JIT-MPROTECT flip #16384 ranges=1 prot=RX writers=1 exec_waits=5962 late_retries=128
[91m[main 2026-07-28T22:05:07.080Z][0m ptyHost was unable to resolve shell environment Error: Unable to resolve your shell environment: Unexpected exit code from spawned shell (code null, signal SIGABRT)
    at file:///Applications/Visual%20Studio%20Code.app/Contents/Resources/app/out/main.js:474:34475
    at async file:///Applications/Visual%20Studio%20Code.app/Contents/Resources/app/out/main.js:434:92057
#### JIT-MPROTECT flip #8192 ranges=1 prot=RX writers=1 exec_waits=2497 late_retries=65
#### JIT-MPROTECT flip #17408 ranges=1 prot=RX writers=1 exec_waits=6282 late_retries=138
[54340:0728/150507.291791:INFO:CONSOLE:5359] "Extension Host", source: vscode-file://vscode-app/Applications/Visual%20Studio%20Code.app/Contents/Resources/app/out/vs/workbench/workbench.desktop.main.js (5359)
[54340:0728/150507.291892:INFO:CONSOLE:5359] "%c#### JIT-MPROTECT flip #4096 ranges=1 prot=RX writers=1 exec_waits=957 late_retries=52
 color: red", source: vscode-file://vscode-app/Applications/Visual%20Studio%20Code.app/Contents/Resources/app/out/vs/workbench/workbench.desktop.main.js (5359)
[54340:0728/150507.291947:INFO:CONSOLE:5359] "console.groupEnd", source: vscode-file://vscode-app/Applications/Visual%20Studio%20Code.app/Contents/Resources/app/out/vs/workbench/workbench.desktop.main.js (5359)
[54340:0728/150507.431250:INFO:CONSOLE:5359] "Extension Host", source: vscode-file://vscode-app/Applications/Visual%20Studio%20Code.app/Contents/Resources/app/out/vs/workbench/workbench.desktop.main.js (5359)
[54340:0728/150507.431363:INFO:CONSOLE:5359] "%c#### JIT-MPROTECT flip #5120 ranges=1 prot=RX writers=1 exec_waits=1099 late_retries=69
 color: red", source: vscode-file://vscode-app/Applications/Visual%20Studio%20Code.app/Contents/Resources/app/out/vs/workbench/workbench.desktop.main.js (5359)
[54340:0728/150507.431417:INFO:CONSOLE:5359] "console.groupEnd", source: vscode-file://vscode-app/Applications/Visual%20Studio%20Code.app/Contents/Resources/app/out/vs/workbench/workbench.desktop.main.js (5359)
[54340:0728/150507.435798:ERROR:components/os_crypt/common/keychain_password_mac.mm:148] Keychain lookup failed: Error Domain=NSOSStatusErrorDomain Code=-50 "paramErr: error in user parameter list" (-50)
#### MACWS_HID_BYPASS installed SetMatchingMultiple → no-op (1) at 0x1ad8d5e8c — skips iOS-format CFBinaryPlist parse inside
####   IOHIDEventSystemClientCacheMatchingServices → IOHIDUnserializeAndVMDealloc → CFPropertyListCreateFromStream
####   that BUS_ADRALNs in the IOMFBServer thread.
#### MACWS_AGX_RENAMER_PATCH: off (set MACWS_AGX_RENAMER_PATCH=1 to enable)
#### MACWS_ASSERT_BYPASS DISABLED (set MACWS_KEEP_ASSERT_BYPASS=1 to restore lazy bypass) — real __assert_rtn now reaches abort
#### MACWS_AGX_NATIVE [ctor] pre-loaded IOGPU via /System/Library/PrivateFrameworks/IOGPU.framework/IOGPU -> 0x3fa56cc10
#### XPC_BOOTSTRAP: fn=0x1aa48d140 dict=0x135105470 (registering Metal/ViewBridge/HIServices)
#### XPC_BOOTSTRAP: called OK
#### COEXIST API SwapEnd hook installed target=0x1b536b1cc trampoline=0x102510000
#### SkyLight PrepareForUse tolerate-nil hook installed at 0x1af74cfc4
#### SkyLight StartCompositeForDisplayStream nil-skip hook installed at 0x1af575d74
#### SkyLight StartComposite(WSCD) tolerate-nil + pop-on-bail hook installed at 0x1af575358
#### SkyLight StartComposite(MTLTex) pop-on-bail hook installed at 0x1af575fb8
#### SkyLight EndCurrentComposite(bool) completion hook installed at 0x1af57453c
#### SkyLight EndUpdate(bool) submission hook installed at 0x1af5740b0
#### SkyLight _state_stack pop_back resolved at 0x1af572fa0
#### JIT-MPROTECT flip #18432 ranges=1 prot=RX writers=1 exec_waits=6357 late_retries=140
#### SkyLight WSCompositeDestinationCreateWithMetalTexture nil-tolerate hook installed at 0x1af57853c
#### SkyLight MetalContext::StopCapture invalid-this guard installed at 0x1af5741bc
#### MACWS_AGX_NATIVE class_addMethod(MTLTextureDescriptor, validateWithDevice:) = 1
#### MACWS_AGX_NATIVE class_addMethod(IOGPUMetalTexture, isMemoryless) = 1
#### MACWS_AGX_NATIVE class_addMethod(IOGPUMetalTexture, getCPUSizeBytes) = 1
#### MACWS_AGX_NATIVE class_addMethod(IOGPUMetalTexture, getAlignment) = 1
#### MACWS_AGX_NATIVE class_addMethod(IOGPUMetalTexture, descriptorPrivate) = 1
#### MACWS_AGX_NATIVE class_addMethod(IOGPUMetalTexture, getBytesPerRow) = 1
#### MACWS_AGX_NATIVE class_addMethod(IOGPUMetalTexture, updateBindDataWithAddresses:gpuVirtualAddress:) = 1
#### MACWS_AGX_NATIVE class_addMethod(IOGPUMetalTexture, updateBindDataWithAddresses:gpuVirtualAddress:shouldInitMetadata:) = 1
#### MACWS_AGX_NATIVE class_addMethod(IOGPUMetalTexture, allocBufferSubDataWithLength:options:alignment:heapIndex:bufferIndex:bufferOffset:) = 1
#### MACWS_AGX_NATIVE class_addMethod(IOGPUMetalTexture, initNewTextureData:) = 1
#### MACWS_AGX_NATIVE class_addMethod(MTLTextureDescriptor, isMemoryless) = 1
#### MACWS_AGX_NATIVE class_addMethod(MTLTextureDescriptor, protectionOptions) = 1
#### MACWS_AGX_NATIVE class_addMethod(MTLTextureDescriptor, getCPUSizeBytes) = 1
#### MACWS_AGX_NATIVE class_addMethod(MTLTextureDescriptor, getAlignment) = 1
#### MACWS_AGX_NATIVE class_addMethod(MTLTextureDescriptor, descriptorPrivate) = 1
#### MACWS_AGX_NATIVE class_addMethod(MTLTextureDescriptor, getBytesPerRow) = 1
#### MACWS_AGX_NATIVE class_addMethod(MTLTextureDescriptor, updateBindDataWithAddresses:gpuVirtualAddress:) = 1
#### MACWS_AGX_NATIVE class_addMethod(MTLTextureDescriptor, updateBindDataWithAddresses:gpuVirtualAddress:shouldInitMetadata:) = 1
#### MACWS_AGX_NATIVE class_addMethod(MTLTextureDescriptor, allocBufferSubDataWithLength:options:alignment:heapIndex:bufferIndex:bufferOffset:) = 1
#### MACWS_AGX_NATIVE class_addMethod(MTLTextureDescriptor, initNewTextureData:) = 1
[54340:0728/150507.765870:INFO:CONSOLE:5359] "Extension Host", source: vscode-file://vscode-app/Applications/Visual%20Studio%20Code.app/Contents/Resources/app/out/vs/workbench/workbench.desktop.main.js (5359)
[54340:0728/150507.766052:INFO:CONSOLE:5359] "%c#### JIT-MPROTECT flip #6144 ranges=1 prot=RX writers=1 exec_waits=1292 late_retries=86
 color: red", source: vscode-file://vscode-app/Applications/Visual%20Studio%20Code.app/Contents/Resources/app/out/vs/workbench/workbench.desktop.main.js (5359)
[54340:0728/150507.766108:INFO:CONSOLE:5359] "console.groupEnd", source: vscode-file://vscode-app/Applications/Visual%20Studio%20Code.app/Contents/Resources/app/out/vs/workbench/workbench.desktop.main.js (5359)
#### AMFI-POLICY-COMPAT policy=AMFI op=0x60 status=0x4 (iOS task ports are hard-immovable)
#### CSR-POLICY-COMPAT active_config=0x0 (conservative iOS compatibility value)
[54431:0728/150507.925927:ERROR:base/process/process_mac.cc:53] task_policy_set TASK_CATEGORY_POLICY: (os/kern) invalid argument (4)
[54431:0728/150507.932659:VERBOSE1:components/viz/service/main/viz_main_impl.cc:87] VizNullHypothesis is disabled (not a warning)
[54340:0728/150507.998252:INFO:CONSOLE:5359] "Extension Host", source: vscode-file://vscode-app/Applications/Visual%20Studio%20Code.app/Contents/Resources/app/out/vs/workbench/workbench.desktop.main.js (5359)
[54340:0728/150507.998457:INFO:CONSOLE:5359] "%c#### JIT-MPROTECT flip #7168 ranges=1 prot=RX writers=1 exec_waits=1449 late_retries=96
 color: red", source: vscode-file://vscode-app/Applications/Visual%20Studio%20Code.app/Contents/Resources/app/out/vs/workbench/workbench.desktop.main.js (5359)
[54340:0728/150507.998515:INFO:CONSOLE:5359] "console.groupEnd", source: vscode-file://vscode-app/Applications/Visual%20Studio%20Code.app/Contents/Resources/app/out/vs/workbench/workbench.desktop.main.js (5359)
[54380:0728/150508.169127:VERBOSE1:net/base/network_delegate.cc:38] NetworkDelegate::NotifyBeforeURLRequest: https://marketplace.visualstudio.com/_apis/public/gallery/vscode/github/copilot-chat/latest
#### MACWS_AGX_NATIVE pre-loaded IOGPU via /System/Library/PrivateFrameworks/IOGPU.framework/IOGPU -> 0x3fa56cc10
#### MACWS_AGX_NATIVE dlsym(IOGPUResourceCreate) = 0x1c749e0a0
#### MACWS_AGX_NATIVE dlsym(IOGPUMetalCommonResourceCreate) = 0x0
#### MACWS_AGX_NATIVE dlsym(IOGPUDeviceCreateWithAPIProperty) = 0x1c749c0fc
#### MACWS_AGX_NATIVE dlsym(_IOGPUMetalAllocateResource) = 0x0
#### MACWS_AGX_NATIVE dlsym(IOGPUMetalAllocateResource) = 0x0
#### AGX_CLASSREF_DIAG newTexture iosurface alloc class @0x244bf1298 = 0x24719a5f0 name=AGXG13GFamilyTexture
#### AGX_CLASSREF_DIAG initImpl method m=0x20fda93ad imp=0x20fd92284 expected stub=0x20fda2880 real=0x20fd92284 WHICH=AGXG13GFamilyTexture-real
#### MACWS_AGX_OBJC_AUTDA_PATCH msgSendSuper2=0x1aa3ade00 code=0x1aa3ade00 autda@0x1aa3ade10 insn=0xdac11a30
####   PATCHED autda x16,x17 → xpacd x16 (0xdac11a30 → 0xdac147f0)
#### MACWS_AGX_SEL_DIAG super-init SEL static=0x1cffc6f26 slid=0x1fa30ef26 readable=1
####   bytes="initWithDevice:descriptor:iosurface:plane:field:args:argsSize:"
####   sel_registerName(...) = 0x1fa30ef26 name="initWithDevice:descriptor:iosurface:plane:field:args:argsSize:"
####   objc_getClass(IOGPUMetalTexture) = 0x205930fb0
####   IOGPUMetalTexture method count = 71
####     - initNewTextureData:
####     - updateBindDataWithAddresses:gpuVirtualAddress:shouldInitMetadata:
####     - initWithBuffer:descriptor:offset:bytesPerRow:
####     - initWithBuffer:descriptor:sysMemOffset:sysMemRowBytes:vidMemSize:vidMemRowBytes:args:argsSize:
####     - initWithBuffer:descriptor:sysMemOffset:sysMemRowBytes:vidMemSize:vidMemRowBytes:args:argsSize:isStrideTexture:
####     - initWithDevice:descriptor:iosurface:plane:field:args:argsSize:
####     - initWithDevice:descriptor:sysMemSize:sysMemRowBytes:vidMemSize:vidMemRowBytes:args:argsSize:
####     - initWithDevice:remoteStorageTexture:args:argsSize:
####     - initWithHeap:resource:offset:length:device:descriptor:
####     - initWithTexture:pixelFormat:
####     - initWithTexture:pixelFormat:textureType:levels:slices:
####     - initWithTexture:pixelFormat:textureType:levels:slices:swizzle:
####     - initWithTextureInternal:pixelFormat:textureType:levels:slices:swizzle:compressedView:
####     - initWithPrimaryBuffer:heapIndex:bufferIndex:bufferOffset:length:descriptor:sysMemRowBytes:vidMemSize:vidMemRowBytes:args:argsSize:
####   AGXTexture super class = 0x0 ((nil))
####   super responds to "initWithDevice:desc:iosurface:plane:" = 0 (Method=0x0)
####   super responds to "initWithDevice:descriptor:iosurface:plane:" = 0 (Method=0x0)
####   super responds to "initWithDevice:descriptor:iosurface:plane:field:args:argsSize:" = 0 (Method=0x0)
####   super responds to "initImplWithDevice:Descriptor:iosurface:plane:buffer:bytesPerRow:allowNPOT:sparsePageSize:isCompressedIOSurface:isHeapBacked:" = 0 (Method=0x0)
#### MACWS_AGX_STUB_FIX objc_msgSendSuper2
####   stub@0x20fda5fc0 insns=[d01cf7f1 9132a231 f9400230 d71f0a11]
####   slot@0x249ca3ca8 value=0x1aa3ade00 sym=objc_msgSendSuper2 base=0x1aa3a4000 path=/usr/lib/libobjc.A.dylib
####   PATCHED → br 0x1aa3ade00 (movz/movk/movk/br)
####   new=[d29bc010 f2b54750 f2c00030 d61f0200]
#### MACWS_AGX_NATIVE objc_getClass(AGXBuffer) = 0x0
#### MACWS_AGX_NATIVE __objc_classlist: 52 entries
####   classlist[0] = 0x24719a6b8 name=AGXBuffer registered=0x0
####   classlist[1] = 0x24719a2f8 name=AGXG13GFamilyBinaryArchive registered=0x0
####   classlist[2] = 0x24719a168 name=AGXG13GFamilyBlitContext registered=0x0
####   classlist[3] = 0x2471997e0 name=AGXG13GFamilyResourceStateContext registered=0x0
####   classlist[4] = 0x247199fd8 name=AGXG13GFamilyBuffer registered=0x0
####   classlist[5] = 0x247199830 name=AGXG13GFamilyCommandBuffer registered=0x0
#### MACWS_AGX_NATIVE objc_duplicateClass=0x1aa3d3cb8
#### MACWS_AGX_NATIVE imageinfo=0x241904a58 sz=8
#### PREREGISTER image[625] AGXMetal13_3: 52/52 realized
#### PREREGISTER image[626] GPURawCounter: 6/6 realized
#### MACWS_AGX_NATIVE register pass 0: 0 new (total 58)
#### MACWS_AGX_NATIVE realized 58/52 classes
#### MACWS_AGX_NATIVE AGXBuffer after register: 0x24719a6b8
#### MACWS_AGX_NATIVE [AGXBuffer alloc] = 0x600272100
#### MACWS_AGX_NATIVE swizzled initUntrackedInternalBufferWithDevice:length:options:
#### MACWS_AGX_NATIVE swizzled initWithDevice:length:alignment:options:isSuballocDisabled:resourceInArgs:pinnedGPULocation:
#### MACWS_AGX_NATIVE tracing -[AGXBuffer initWithDevice:options:args:argsSize:] (nil preserved)
#### LIBOBJC dlsym(objc_constructInstance) = 0x1aa3bac08
#### LIBOBJC dlsym(_dyld_objc_notify_register) = 0x1aa74f480
#### LIBOBJC dlsym(_dyld_objc_register_callbacks) = 0x1aa751abc
#### LIBOBJC dlsym(objc_readClassPair) = 0x1aa3c0bdc
#### LIBOBJC dlsym(objc_registerClassPair) = 0x1aa3b1a3c
#### LIBOBJC dlsym(_objc_realizeClassFromSwift) = 0x1aa3c0d34
#### LIBOBJC dlsym(objc_addLoadImageFunc) = 0x1aa3c07c8
#### LIBOBJC dlsym(_objc_init) = 0x1aa3a6004
#### CLASS_DETAIL [0] 0x24719a6b8 name=AGXBuffer super=0x2059307e0 (IOGPUMetalBuffer) meta=0
#### CLASS_DETAIL [1] 0x24719a2f8 name=AGXG13GFamilyBinaryArchive super=0x205cc73b8 (_MTLBinaryArchive) meta=0
#### CLASS_DETAIL [2] 0x24719a168 name=AGXG13GFamilyBlitContext super=0x2059307b8 (IOGPUMetalBlitCommandEncoder) meta=0
#### CLASS_DETAIL [3] 0x2471997e0 name=AGXG13GFamilyResourceStateContext super=0x205930f88 (IOGPUMetalResourceStateCommandEncoder) meta=0
#### CLASS_DETAIL [4] 0x247199fd8 name=AGXG13GFamilyBuffer super=0x24719a6b8 (AGXBuffer) meta=0
#### CLASS_DETAIL [5] 0x247199830 name=AGXG13GFamilyCommandBuffer super=0x205930830 (IOGPUMetalCommandBuffer) meta=0
#### CLASS_DETAIL [6] 0x24719a208 name=AGXG13GFamilyCommandQueue super=0x2059308d0 (IOGPUMetalCommandQueue) meta=0
#### CLASS_DETAIL [7] 0x24719a118 name=AGXG13GFamilyComputePipeline super=0x205cc5d88 (_MTLComputePipelineState) meta=0
#### CLASS_DETAIL [8] 0x24719a0c8 name=AGXG13GFamilyDeadlineProfile super=0x205742e70 (NSObject) meta=0
#### CLASS_DETAIL [9] 0x2471998d0 name=AGXG13GFamilyDebugContext super=0x205930970 (IOGPUMetalDebugCommandEncoder) meta=0
#### CLASS_DETAIL [10] 0x24719a000 name=AGXG13GFamilyDepthStencilState super=0x205cc5db0 (_MTLDepthStencilState) meta=0
#### CLASS_DETAIL [11] 0x24719a2d0 name=AGXG13GFamilyDynamicLibrary super=0x205cc7db8 (_MTLDynamicLibrary) meta=0
#### CLASS_DETAIL [12] 0x24719a1b8 name=AGXG13GFamilyComputeContext super=0x205930948 (IOGPUMetalComputeCommandEncoder) meta=0
#### CLASS_DETAIL [13] 0x247199e70 name=AGXG13GFamilyFunctionHandle super=0x205cc79a8 (_MTLFunctionHandle) meta=0
#### CLASS_DETAIL [14] 0x24719a2a8 name=AGXG13GFamilyHeap super=0x205930bf0 (IOGPUMetalHeap) meta=0
#### CLASS_DETAIL [15] 0x24719a280 name=AGXG13GFamilySparseHeap super=0x205cc8e48 (_MTLHeap) meta=0
#### MACWS_AGX_NATIVE __objc_classrefs: 105 entries, 0 null
####   class AGXBuffer = 0x24719a6b8
####   class AGXCommandQueue = 0x0
####   class AGXCommandBuffer = 0x0
####   class AGXMetalCommandQueue = 0x0
####   class AGXMetalCommandBuffer = 0x0
####   class AGXMetalBuffer = 0x0
####   class AGXMetalTexture = 0x0
####   class AGXMetalHeap = 0x0
####   class AGXMetalResource = 0x0
####   class AGXMetalDevice = 0x0
####   class AGXMetalFence = 0x0
####   class AGXTexture = 0x24719a708
####   class IOGPUMetalBuffer = 0x2059307e0
####   class IOGPUMetalCommandBuffer = 0x205930830
####   class IOGPUMetalCommandQueue = 0x2059308d0
####   class IOGPUMetalDevice = 0x2059309c0
####   class IOGPUMetalHeap = 0x205930bf0
####   class IOGPUMetalResource = 0x205930ec0
####   class IOGPUMetalTexture = 0x205930fb0
####   class IOGPUMetalFence = 0x205930b50
####   class IOGPUMTLLateEvalEvent = 0x205de3c70
#### CLASSREF [0] @0x244bf1250 -> 0x205cc5428 name=MTLCompiler
#### CLASSREF [1] @0x244bf1258 -> 0x2057616e0 name=NSDictionary
#### CLASSREF [2] @0x244bf1260 -> 0x205768348 name=NSError
#### CLASSREF [3] @0x244bf1268 -> 0x24719a4b0 name=AGXG13GFamilyComputeOrFragmentOrTileProgram
#### CLASSREF [4] @0x244bf1270 -> 0x24719a4d8 name=AGXG13GFamilyFragmentProgram
#### CLASSREF [5] @0x244bf1278 -> 0x24719a550 name=AGXG13GFamilyVertexProgram
#### CLASSREF [6] @0x244bf1280 -> 0x205761848 name=NSMutableDictionary
#### CLASSREF [7] @0x244bf1288 -> 0x24719a5a0 name=AGXG13GFamilyTileProgram
#### CLASSREF [8] @0x244bf1290 -> 0x24719a578 name=AGXG13GFamilyComputeProgram
#### CLASSREF [9] @0x244bf1298 -> 0x24719a5f0 name=AGXG13GFamilyTexture
#### CLASSREF [10] @0x244bf12a0 -> 0x205cc5bd0 name=MTLTextureDescriptor
#### CLASSREF [11] @0x244bf12a8 -> 0x24719a168 name=AGXG13GFamilyBlitContext
#### CLASSREF [12] @0x244bf12b0 -> 0x2471997e0 name=AGXG13GFamilyResourceStateContext
#### CLASSREF [13] @0x244bf12b8 -> 0x247199d58 name=AGXG13GFamilyRayTracingGPUBuilder
#### CLASSREF [14] @0x244bf12c0 -> 0x24719a190 name=AGXG13GFamilyRenderContext
#### CLASSREF [15] @0x244bf12c8 -> 0x24719a1b8 name=AGXG13GFamilyComputeContext
#### CLASSREF [16] @0x244bf12d0 -> 0x24719a1e0 name=AGXG13GFamilyThreadedRenderPass
#### CLASSREF [17] @0x244bf12d8 -> 0x247199dd0 name=AGXG13GFamilySampledRenderContext
#### CLASSREF [18] @0x244bf12e0 -> 0x247199e98 name=AGXG13GFamilySampledComputeContext
#### CLASSREF [19] @0x244bf12e8 -> 0x205761668 name=NSData
#### CLASSREF [20] @0x244bf12f0 -> 0x247199830 name=AGXG13GFamilyCommandBuffer
#### CLASSREF [21] @0x244bf12f8 -> 0x205cc81c8 name=_MTLProgramAddressTableMappedBinary
#### CLASSREF [22] @0x244bf1300 -> 0x205cc8178 name=_MTLPipelineStateBinary
#### CLASSREF [23] @0x244bf1308 -> 0x2057615a0 name=NSArray
#### MACWS_GOT AGXMetal13_3: symtab=8331 syms, strtab=461166853 bytes, indirect=555 entries
####   sect[0] __DATA_CONST,__got type=0 entries=97 indirect_start=228 auth=0
####   bind[1] _MTLCommonCounterSetTimestamp -> 0x1fe425290 (slot=0x2419039e0 auth=0)
####   bind[2] _MTLCommonCounterTimestamp -> 0x1fe4251a0 (slot=0x2419039e8 auth=0)
####   bind[3] _MTLCompileTimeStatisticsKeyBackend -> 0x202fd8f60 (slot=0x2419039f0 auth=0)
####   bind[4] _MTLCompileTimeStatisticsKeyCachedFunction -> 0x202fd8f10 (slot=0x2419039f8 auth=0)
####   bind[5] _MTLCompileTimeStatisticsKeyCompilerTotal -> 0x202fd8f48 (slot=0x241903a00 auth=0)
####   bind[6] _MTLCompileTimeStatisticsKeyDriverTotal -> 0x202fd8f40 (slot=0x241903a08 auth=0)
####   bind[7] _MTLCompileTimeStatisticsKeyFunctionName -> 0x202fd8f08 (slot=0x241903a10 auth=0)
####   bind[8] _MTLCompileTimeStatisticsKeyMTLCompilerService -> 0x202fd8f20 (slot=0x241903a18 auth=0)
####   bind[9] _MTLCompileTimeStatisticsKeyOptimization -> 0x202fd8f58 (slot=0x241903a20 auth=0)
####   bind[10] _MTLCompileTimeStatisticsKeyPipelineTotal -> 0x202fd8f18 (slot=0x241903a28 auth=0)
####   bind[11] _MTLCompileTimeStatisticsKeyPipelinesCompute -> 0x202fd7e30 (slot=0x241903a30 auth=0)
####   IOGPU-CRITICAL _OBJC_IVAR_$_IOGPUMTLLateEvalEvent._eventName = 0x2034ba9d0 (slot=0x241903b28 auth=0)
####   IOGPU-CRITICAL _OBJC_IVAR_$_IOGPUMetalBuffer._primaryBuffer = 0x2034ba91c (slot=0x241903b30 auth=0)
####   IOGPU-CRITICAL _OBJC_IVAR_$_IOGPUMetalCommandQueue._commandQueue = 0x2034ba960 (slot=0x241903b38 auth=0)
####   IOGPU-CRITICAL _OBJC_IVAR_$_IOGPUMetalDevice._segmentByteThreshold = 0x2034baa2c (slot=0x241903b40 auth=0)
####   IOGPU-CRITICAL _OBJC_IVAR_$_IOGPUMetalFence._fenceIndex = 0x2034baaa8 (slot=0x241903b48 auth=0)
####   IOGPU-CRITICAL _OBJC_IVAR_$_IOGPUMetalHeap._resource = 0x2034baac4 (slot=0x241903b50 auth=0)
####   IOGPU-CRITICAL _OBJC_IVAR_$_IOGPUMetalResource._res = 0x2034baaf4 (slot=0x241903b58 auth=0)
####   IOGPU-CRITICAL _OBJC_IVAR_$_IOGPUMetalTexture._arrayLength = 0x2034bab38 (slot=0x241903b60 auth=0)
####   IOGPU-CRITICAL _OBJC_IVAR_$_IOGPUMetalTexture._depth = 0x2034bab34 (slot=0x241903b68 auth=0)
####   IOGPU-CRITICAL _OBJC_IVAR_$_IOGPUMetalTexture._height = 0x2034bab30 (slot=0x241903b70 auth=0)
####   IOGPU-CRITICAL _OBJC_IVAR_$_IOGPUMetalTexture._isCompressed = 0x2034bab54 (slot=0x241903b78 auth=0)
####   IOGPU-CRITICAL _OBJC_IVAR_$_IOGPUMetalTexture._mipmapLevelCount = 0x2034bab3c (slot=0x241903b80 auth=0)
####   IOGPU-CRITICAL _OBJC_IVAR_$_IOGPUMetalTexture._numFaces = 0x2034bab8c (slot=0x241903b88 auth=0)
####   IOGPU-CRITICAL _OBJC_IVAR_$_IOGPUMetalTexture._parentTexture = 0x2034bab58 (slot=0x241903b90 auth=0)
####   IOGPU-CRITICAL _OBJC_IVAR_$_IOGPUMetalTexture._pixelFormat = 0x2034bab28 (slot=0x241903b98 auth=0)
####   IOGPU-CRITICAL _OBJC_IVAR_$_IOGPUMetalTexture._sampleCount = 0x2034bab40 (slot=0x241903ba0 auth=0)
####   IOGPU-CRITICAL _OBJC_IVAR_$_IOGPUMetalTexture._textureType = 0x2034bab24 (slot=0x241903ba8 auth=0)
####   IOGPU-CRITICAL _OBJC_IVAR_$_IOGPUMetalTexture._width = 0x2034bab2c (slot=0x241903bb0 auth=0)
####   sect[7] __AUTH_CONST,__auth_got type=0 entries=230 indirect_start=325 auth=1
####   IOGPU-CRITICAL _IOGPUCommandQueueGetConnect = 0x1c749db88 (slot=0x248b4f448 auth=1)
####   IOGPU-CRITICAL _IOGPUCommandQueueGetID = 0x1c749dbd0 (slot=0x248b4f450 auth=1)
####   IOGPU-CRITICAL _IOGPUDeviceGetConnect = 0x1c749c654 (slot=0x248b4f458 auth=1)
####   IOGPU-CRITICAL _IOGPUDeviceGetNextGlobalTraceID = 0x1c749c7f0 (slot=0x248b4f460 auth=1)
####   IOGPU-CRITICAL _IOGPUDeviceTraceEvent = 0x1c749c8bc (slot=0x248b4f468 auth=1)
####   IOGPU-CRITICAL _IOGPUMetalCommandBufferStorageBeginKernelCommands = 0x1c748cad8 (slot=0x248b4f470 auth=1)
####   IOGPU-CRITICAL _IOGPUMetalCommandBufferStorageEndKernelCommands = 0x1c748cc2c (slot=0x248b4f478 auth=1)
####   IOGPU-CRITICAL _IOGPUResourceListAddResource = 0x1c749f1c8 (slot=0x248b4f480 auth=1)
####   IOGPU-CRITICAL _IOGPUResourceListMerge = 0x1c749f278 (slot=0x248b4f488 auth=1)
####   IOGPU-CRITICAL _IOGPUResourceListMergeLists = 0x1c749f354 (slot=0x248b4f490 auth=1)
####   bind[131] _IOSurfaceGetAddressFormatOfPlane -> 0x102551d8c (slot=0x248b4f4c8 auth=1 FORCE)
####   bind[133] _IOSurfaceGetBaseAddressOfPlane -> 0x102551b68 (slot=0x248b4f4d8 auth=1 FORCE)
####   bind[135] _IOSurfaceGetBytesPerRowOfPlane -> 0x102551198 (slot=0x248b4f4e8 auth=1 FORCE)
####   bind[136] _IOSurfaceGetBytesPerTileDataOfPlane -> 0x10255135c (slot=0x248b4f4f0 auth=1 FORCE)
####   bind[141] _IOSurfaceGetCompressionTypeOfPlane -> 0x102550c4c (slot=0x248b4f518 auth=1 FORCE)
####   bind[142] _IOSurfaceGetHeightInCompressedTilesOfPlane -> 0x102550e14 (slot=0x248b4f520 auth=1 FORCE)
####   bind[145] _IOSurfaceGetWidthInCompressedTilesOfPlane -> 0x102550fd4 (slot=0x248b4f538 auth=1 FORCE)
####   bind[286] _objc_alloc -> 0x102550614 (slot=0x248b4f9c0 auth=1 FORCE)
####   IOGPU-CRITICAL _objc_autoreleasePoolPop = 0x1aa3b0a7c (slot=0x248b4f9d8 auth=1)
####   IOGPU-CRITICAL _objc_autoreleasePoolPush = 0x1aa3b0934 (slot=0x248b4f9e0 auth=1)
#### MACWS_GOT AGXMetal13_3: indirect_slots=327 patched=323 failed=0
#### MACWS_AGX_NATIVE __auth_got section NOT FOUND
#### MACWS_AGX_NATIVE __got: 97 entries, 0 null, 97 non-null
#### MACWS_AGX_NATIVE dlopen AGXMetal13_3 OK h=0x3fa50b950
#### MACWS_AGX_NATIVE +[NSBundle bundleWithPath:AGXMetal13_3.bundle] = 0x6001255e0 id=com.apple.AGXMetal13-3
#### MACWS_AGX_NATIVE bundle loadAndReturnError: 1 (err=nil) loaded=1
#### MACWS_AGX_NATIVE bundle pathForResource:ds.g13g = /System/Library/Extensions/AGXMetal13_3.bundle/Contents/Resources/ds.g13g
#### MACWS_AGX_NATIVE getMetalPluginClassForService: returning class AGXG13GFamilyDevice = 0x24719a0f0
#### CBRI_HOOK: installed (orig=0x1c748ad84)
#### MACWS-NEW-EVENT adapter installed deviceClass=AGXG13GFamilyDevice owner=IOGPUMetalDevice orig=0x1c7491ef4 added=1
#### MACWS_AGX_NATIVE class_addMethod(AGXG13GFamilyDevice, initWithAcceleratorPort:) = 1
#### MACWS_AGX_NATIVE memoryless witness installed class=AGXG13GFamilyDevice original=0x20fa9e8a8
#### MACWS_AGX_NATIVE memoryless witness total=1 (original results preserved)
#### MACWS_AGX_NATIVE tile-pipeline probe wrapped AGXG13GFamilyDevice (orig=0x20fa7d5e4)
#### MACWS_AGX_NATIVE tile-pipeline probe: 1 class(es) wrapped
#### MACWS_AGX_NATIVE nil-guard wrapped setFragmentTexture:atIndex: on AGXG13GFamilyRenderContext (orig=0x20fa309e0)
#### MACWS_AGX_NATIVE nil-guard: class AGXG13GRenderContext NOT registered
#### MACWS_AGX_NATIVE nil-guard: class AGXRenderContext NOT registered
#### MACWS_AGX_NATIVE nil-guard: class AGXG13GComputeContext NOT registered
#### MACWS_AGX_NATIVE nil-guard setFragmentTexture:atIndex:: 1 class(es) wrapped
#### MACWS_AGX_NATIVE nil-guard wrapped setVertexTexture:atIndex: on AGXG13GFamilyRenderContext (orig=0x20fa375e8)
#### MACWS_AGX_NATIVE nil-guard: class AGXG13GRenderContext NOT registered
#### MACWS_AGX_NATIVE nil-guard: class AGXRenderContext NOT registered
#### MACWS_AGX_NATIVE nil-guard: class AGXG13GComputeContext NOT registered
#### MACWS_AGX_NATIVE nil-guard setVertexTexture:atIndex:: 1 class(es) wrapped
#### MACWS_AGX_NATIVE swizzled AGXG13GFamilyDevice newTextureWithDescriptor:iosurface:plane:
#### MACWS_AGX_NATIVE swizzled AGXG13GFamilyDevice newTextureWithDescriptor:
#### MACWS_AGX_NATIVE swizzled -[AGXBuffer initWithDevice:bytes:length:options:deallocator:pinnedGPUAddress:]
#### MACWS_AGX_NATIVE noop'd alertCommandBufferActivityStart
#### MACWS_AGX_NATIVE noop'd alertCommandBufferActivityComplete
#### objc_alloc(AGXG13GFamilyDevice) -> 0x6001d2000
#### MACWS_AGX_NATIVE redirecting AGXG13GFamilyDevice init(port=12299) → 2-arg variant
#### debugbydcmmc IOServiceOpen agx connect=19207 type=0x100001 (requested=0x100005)
#### AGXIOC Struct sel=0x7->0x6 inSC=16 outSC=0 -> 0x1
#### AGXIOC Struct sel=0x5->0x4 inSC=0 outSC=32 -> 0x0
#### AGXIOC AsyncScalar sel=0x107->0x107 inCnt=0 -> 0x0
#### AGX_LIFE CREATE id=0x1 type=0 surf=0 bytes=0x10000 kr=0 okC=1 failC=0 okD=0 failD=0 unmatchedD=0 full=0 live=1/0MB [t0=1/0MB t80=0/0MB t82=0/0MB]
#### AGXIOC heap map #1 clientID 0x10000 -> resourceID 0x1 size 0x10000
####   ResCreate OK type=0 clientID=0 +0x30=0 +0x38=0 +0x40=0x10000 +0x58=0 OUT[+0]=0 OUT[+0x08]=0x103f68000 OUT[+0x10]=0x103f580c0 OUT[+0x48]=0x10000
####   inStruct[0..104]:
####     00: 00 00 00 00 00 00 00 00 01 00 01 00 01 00 00 00
####     10: 01 01 00 01 30 84 00 00 00 00 00 00 00 00 00 00
####     20: 00 00 00 00 00 00 00 00 00 00 00 00 00 00 00 00
####     30: 00 00 00 00 00 00 00 00 00 00 00 00 00 00 00 00
####     40: 00 00 01 00 00 00 00 00 00 00 00 00 00 00 00 00
####     50: 00 00 00 38 00 00 00 00 00 00 00 00 00 00 00 00
####     60: 00 00 00 00 00 00 00 00
#### MACWS_AGX_NATIVE setupCompiler:0x30010 fired (Device=0x6001d2000)
#### MACWS_AGX_NATIVE memoryless witness #1 instance=0x6001d2000 class=AGXG13GFamilyDevice original=0x20fa9e8a8 -> YES
#### tile-encoder forwards: class MTLSimRenderCommandEncoder NOT found
#### IOGPU-CALLBACK-DIAG installed queueClass=0x2059308d0 method=0x0 orig=0x0 bufferClass=0x205930830 method=0x1c74a79a5 orig=0x1c748abe8 errorMethod=0x1b3ce3e01 errorOrig=0x1b3bb5dcc (file-gated)
#### NSXPCSharedListener class=0x205cabbd8
#### NSXPCSharedListener endpointForReply swizzle installed
#### NSXPCSharedListener connectToService swizzle installed
[54340:0728/150508.349967:WARNING:content/browser/gpu/gpu_process_host.cc:1020] Reinitialized the GPU process after a crash. The reported initialization time was 0 ms
#### IOSURFACE-RELEASE-ABI pair #1: conn=44335 surfaceID=168 sel=1 -> 0
#### IOSURFACE-RELEASE-ABI pair #2: conn=44335 surfaceID=249 sel=1 -> 0
#### IOSURFACE-RELEASE-ABI pair #3: conn=44335 surfaceID=168 sel=1 -> 0
#### IOSURFACE-RELEASE-ABI pair #4: conn=44335 surfaceID=249 sel=1 -> 0
#### IOSURFACE-RELEASE-ABI pair #5: conn=44335 surfaceID=168 sel=1 -> 0
#### IOSURFACE-RELEASE-ABI pair #6: conn=44335 surfaceID=249 sel=1 -> 0
#### IOSURFACE-RELEASE-ABI pair #7: conn=44335 surfaceID=168 sel=1 -> 0
#### IOSURFACE-RELEASE-ABI pair #8: conn=44335 surfaceID=251 sel=1 -> 0
#### IOSURFACE-RELEASE-ABI pair #9: conn=44335 surfaceID=168 sel=1 -> 0
#### IOSURFACE-RELEASE-ABI pair #10: conn=44335 surfaceID=251 sel=1 -> 0
#### IOSURFACE-RELEASE-ABI pair #11: conn=44335 surfaceID=168 sel=1 -> 0
#### IOSURFACE-RELEASE-ABI pair #12: conn=44335 surfaceID=251 sel=1 -> 0
#### IOSURFACE-RELEASE-ABI pair #13: conn=44335 surfaceID=168 sel=1 -> 0
#### IOSURFACE-RELEASE-ABI pair #14: conn=44335 surfaceID=251 sel=1 -> 0
#### IOSURFACE-RELEASE-ABI pair #15: conn=44335 surfaceID=168 sel=1 -> 0
#### IOSURFACE-RELEASE-ABI pair #16: conn=44335 surfaceID=251 sel=1 -> 0
[54340:0728/150508.702657:INFO:CONSOLE:442] "%c INFO color: #33f [AgentHost:renderer] Acquiring MessagePort to agent host...", source: vscode-file://vscode-app/Applications/Visual%20Studio%20Code.app/Contents/Resources/app/out/vs/workbench/workbench.desktop.main.js (442)
[91m[main 2026-07-28T22:05:08.704Z][0m AgentHostStarter was unable to resolve shell environment Error: Unable to resolve your shell environment: Unexpected exit code from spawned shell (code null, signal SIGABRT)
    at file:///Applications/Visual%20Studio%20Code.app/Contents/Resources/app/out/main.js:474:34475
    at async file:///Applications/Visual%20Studio%20Code.app/Contents/Resources/app/out/main.js:434:92057
[90m[main 2026-07-28T22:05:08.706Z][0m AgentHostProcessManager: agent host started
[54340:0728/150508.708308:INFO:CONSOLE:442] "%c INFO color: #33f [AgentHost:renderer] MessagePort acquired, creating client...", source: vscode-file://vscode-app/Applications/Visual%20Studio%20Code.app/Contents/Resources/app/out/vs/workbench/workbench.desktop.main.js (442)
[54340:0728/150508.710353:INFO:CONSOLE:442] "%c INFO color: #33f [AgentHost:renderer] Direct MessagePort connection established", source: vscode-file://vscode-app/Applications/Visual%20Studio%20Code.app/Contents/Resources/app/out/vs/workbench/workbench.desktop.main.js (442)
[54380:0728/150508.722723:VERBOSE1:net/base/network_delegate.cc:38] NetworkDelegate::NotifyBeforeURLRequest: https://marketplace.visualstudio.com/_apis/public/gallery/vscode/github/copilot-chat/latest
#### JIT-MPROTECT flip #19456 ranges=1 prot=RX writers=1 exec_waits=6695 late_retries=151
[54340:0728/150508.845149:INFO:CONSOLE:1092] "%c[Extension Host] %cGit installation not found. color: blue color: ", source: vscode-file://vscode-app/Applications/Visual%20Studio%20Code.app/Contents/Resources/app/out/vs/workbench/workbench.desktop.main.js (1092)
[91m[main 2026-07-28T22:05:08.971Z][0m [AgentHost:stderr] #### MACWS_HID_BYPASS installed SetMatchingMultiple → no-op (1) at 0x1ad8d5e8c — skips iOS-format CFBinaryPlist parse inside
####   IOHIDEventSystemClientCacheMatchingServices → IOHIDUnserializeAndVMDealloc → CFPropertyListCreateFromStream
####   that BUS_ADRALNs in the IOMFBServer thread.
#### MACWS_AGX_RENAMER_PATCH: off (set MACWS_AGX_RENAMER_PATCH=1 to enable)
#### MACWS_ASSERT_BYPASS DISABLED (set MACWS_KEEP_ASSERT_BYPASS=1 to restore lazy bypass) — real __assert_rtn now reaches abort

[91m[main 2026-07-28T22:05:08.971Z][0m [AgentHost:stderr] #### MACWS_AGX_NATIVE [ctor] pre-loaded IOGPU via /System/Library/PrivateFrameworks/IOGPU.framework/IOGPU -> 0x3fa56cc10
#### XPC_BOOTSTRAP: fn=0x1aa48d140 dict=0x123805800 (registering Metal/ViewBridge/HIServices)

[91m[main 2026-07-28T22:05:08.972Z][0m [AgentHost:stderr] #### XPC_BOOTSTRAP: called OK

[91m[main 2026-07-28T22:05:08.972Z][0m [AgentHost:stderr] #### COEXIST API SwapEnd hook installed target=0x1b536b1cc trampoline=0x1027d0000

[91m[main 2026-07-28T22:05:08.978Z][0m [AgentHost:stderr] #### SkyLight PrepareForUse tolerate-nil hook installed at 0x1af74cfc4

[91m[main 2026-07-28T22:05:08.983Z][0m [AgentHost:stderr] #### SkyLight StartCompositeForDisplayStream nil-skip hook installed at 0x1af575d74

[91m[main 2026-07-28T22:05:08.984Z][0m [AgentHost:stderr] #### SkyLight StartComposite(WSCD) tolerate-nil + pop-on-bail hook installed at 0x1af575358

[91m[main 2026-07-28T22:05:08.985Z][0m [AgentHost:stderr] #### SkyLight StartComposite(MTLTex) pop-on-bail hook installed at 0x1af575fb8

[91m[main 2026-07-28T22:05:08.986Z][0m [AgentHost:stderr] #### SkyLight EndCurrentComposite(bool) completion hook installed at 0x1af57453c

[91m[main 2026-07-28T22:05:08.986Z][0m [AgentHost:stderr] #### SkyLight EndUpdate(bool) submission hook installed at 0x1af5740b0

[91m[main 2026-07-28T22:05:08.987Z][0m [AgentHost:stderr] #### SkyLight _state_stack pop_back resolved at 0x1af572fa0

[91m[main 2026-07-28T22:05:08.988Z][0m [AgentHost:stderr] #### SkyLight WSCompositeDestinationCreateWithMetalTexture nil-tolerate hook installed at 0x1af57853c

[91m[main 2026-07-28T22:05:08.989Z][0m [AgentHost:stderr] #### SkyLight MetalContext::StopCapture invalid-this guard installed at 0x1af5741bc

[91m[main 2026-07-28T22:05:08.990Z][0m [AgentHost:stderr] #### MACWS_AGX_NATIVE class_addMethod(MTLTextureDescriptor, validateWithDevice:) = 1
#### MACWS_AGX_NATIVE class_addMethod(IOGPUMetalTexture, isMemoryless) = 1

[91m[main 2026-07-28T22:05:08.990Z][0m [AgentHost:stderr] #### MACWS_AGX_NATIVE class_addMethod(IOGPUMetalTexture, getCPUSizeBytes) = 1
#### MACWS_AGX_NATIVE class_addMethod(IOGPUMetalTexture, getAlignment) = 1
#### MACWS_AGX_NATIVE class_addMethod(IOGPUMetalTexture, descriptorPrivate) = 1
#### MACWS_AGX_NATIVE class_addMethod(IOGPUMetalTexture, getBytesPerRow) = 1
#### MACWS_AGX_NATIVE class_addMethod(IOGPUMetalTexture, updateBindDataWithAddresses:gpuVirtualAddress:) = 1
#### MACWS_AGX_NATIVE class_addMethod(IOGPUMetalTexture, updateBindDataWithAddresses:gpuVirtualAddress:shouldInitMetadata:) = 1
#### MACWS_AGX_NATIVE class_addMethod(IOGPUMetalTexture, allocBufferSubDataWithLength:options:alignment:heapIndex:bufferIndex:bufferOffset:) = 1
#### MACWS_AGX_NATIVE class_addMethod(IOGPUMetalTexture, initNewTextureData:) = 1
#### MACWS_AGX_NATIVE class_addMethod(MTLTextureDescriptor, isMemoryless) = 1
#### MACWS_AGX_NATIVE class_addMethod(MTLTextureDescriptor, protectionOptions) = 1
#### MACWS_AGX_NATIVE class_addMethod(MTLTextureDescriptor, getCPUSizeBytes) = 1
#### MACWS_AGX_NATIVE class_addMethod(MTLTextureDescriptor, getAlignment) = 1
#### MACWS_AGX_NATIVE class_addMethod(MTLTextureDescriptor, descriptorPrivate) = 1
#### MACWS_AGX_NATIVE class_addMethod(MTLTextureDescriptor, getBytesPerRow) = 1
#### MACWS_AGX_NATIVE class_addMethod(MTLTextureDescriptor, updateBindDataWithAddresses:gpuVirtualAddress:) = 1
#### MACWS_AGX_NATIVE class_addMethod(MTLTextureDescriptor, updateBindDataWithAddresses:gpuVirtualAddress:shouldInitMetadata:) = 1
#### MACWS_AGX_NATIVE class_addMethod(MTLTextureDescriptor, allocBufferSubDataWithLength:options:alignment:heapIndex:bufferIndex:bufferOffset:) = 1
#### MACWS_AGX_NATIVE class_addMethod(MTLTextureDescriptor, initNewTextureData:) = 1

[91m[main 2026-07-28T22:05:09.270Z][0m [AgentHost:stderr] #### AMFI-POLICY-COMPAT policy=AMFI op=0x60 status=0x4 (iOS task ports are hard-immovable)
#### CSR-POLICY-COMPAT active_config=0x0 (conservative iOS compatibility value)
[54453:0728/150509.235552:ERROR:base/process/process_mac.cc:53] task_policy_set TASK_CATEGORY_POLICY: (os/kern) invalid argument (4)
#### JIT-MPROTECT range[0]=[0x280000000,0x290000000) source=MAP_JIT-EINVAL
#### JIT-MPROTECT execution barrier installed (W^X fetch-wait compatibility)
#### JIT-MPROTECT range[0]=[0x280000000,0x290000000) source=MAP_JIT-EINVAL
#### JIT-MPROTECT range[0]=[0x280000000,0x290000000) source=MAP_JIT-EINVAL
#### JIT-MPROTECT range[0]=[0x280000000,0x290000000) source=MAP_JIT-EINVAL
#### JIT-MPROTECT range[0]=[0x280000000,0x290000000) source=MAP_JIT-EINVAL
#### JIT-MPROTECT range[0]=[0x280000000,0x290000000) source=MAP_JIT-EINVAL
#### JIT-MPROTECT range[0]=[0x280000000,0x290000000) source=MAP_JIT-EINVAL
#### JIT-MPROTECT range[0]=[0x280000000,0x290000000) source=MAP_JIT-EINVAL
#### JIT-MPROTECT range[0]=[0x170000000,0x180000000) source=MAP_JIT-EINVAL
#### JIT-MPROTECT call #1 addr=0x170000000 size=0x10000000 requested=0x7 effective=0x3 result=0 errno=0 caller=0x115636334 image=/Applications/Visual Studio Code.app/Contents/Frameworks/Electron Framework.framework/Versions/A/Electron Framework offset=0x63b2334
#### JIT-MPROTECT remap decline #1 dst=0x177dc0000 size=0x208000 src=0x11192c000 requested=0x5 -> V8 copy fallback
#### JIT-MPROTECT flip #1 ranges=1 prot=RW writers=1 exec_waits=0 late_retries=0
#### JIT-MPROTECT flip #2 ranges=1 prot=RX writers=1 exec_waits=0 late_retries=0
#### JIT-MPROTECT flip #3 ranges=1 prot=RW writers=1 exec_waits=0 late_retries=0
#### JIT-MPROTECT flip #4 ranges=1 prot=RX writers=1 exec_waits=0 late_retries=0
#### JIT-MPROTECT flip #5 ranges=1 prot=RW writers=1 exec_waits=0 late_retries=0
#### JIT-MPROTECT flip #6 ranges=1 prot=RX writers=1 exec_waits=0 late_retries=0
#### JIT-MPROTECT flip #7 ranges=1 prot=RW writers=1 exec_waits=0 late_retries=0
#### JIT-MPROTECT flip #8 ranges=1 prot=RX writers=1 exec_waits=0 late_retries=0
#### JIT-MPROTECT flip #9 ranges=1 prot=RW writers=1 exec_waits=0 late_retries=0
#### JIT-MPROTECT flip #10 ranges=1 prot=RX writers=1 exec_waits=0 late_retries=0
#### JIT-MPROTECT flip #11 ranges=1 prot=RW writers=1 exec_waits=0 late_retries=0
#### JIT-MPROTECT flip #12 ranges=1 prot=RX writers=1 exec_waits=0 late_retries=0
#### JIT-MPROTECT flip #13 ranges=1 prot=RW writers=1 exec_waits=0 late_retries=0
#### JIT-MPROTECT flip #14 ranges=1 prot=RX writers=1 exec_waits=1 late_retries=0
#### JIT-MPROTECT flip #15 ranges=1 prot=RW writers=1 exec_waits=1 late_retries=0
#### JIT-MPROTECT flip #16 ranges=1 prot=RX writers=1 exec_waits=2 late_retries=0
#### JIT-MPROTECT flip #17 ranges=1 prot=RW writers=1 exec_waits=2 late_retries=0
#### JIT-MPROTECT flip #18 ranges=1 prot=RX writers=1 exec_waits=3 late_retries=0
#### JIT-MPROTECT flip #19 ranges=1 prot=RW writers=1 exec_waits=3 late_retries=0
#### JIT-MPROTECT flip #20 ranges=1 prot=RX writers=1 exec_waits=3 late_retries=0
#### JIT-MPROTECT flip #21 ranges=1 prot=RW writers=1 exec_waits=4 late_retries=0
#### JIT-MPROTECT flip #22 ranges=1 prot=RX writers=1 exec_waits=4 late_retries=0
#### JIT-MPROTECT flip #23 ranges=1 prot=RW writers=1 exec_waits=4 late_retries=0
#### JIT-MPROTECT flip #24 ranges=1 prot=RX writers=1 exec_waits=4 late_retries=0
#### JIT-MPROTECT flip #25 ranges=1 prot=RW writers=1 exec_waits=4 late_retries=0
#### JIT-MPROTECT flip #26 ranges=1 prot=RX writers=1 exec_waits=5 late_retries=0
#### JIT-MPROTECT flip #27 ranges=1 prot=RW writers=1 exec_waits=5 late_retries=0
#### JIT-MPROTECT flip #28 ranges=1 prot=RX writers=1 exec_waits=6 late_retries=0
#### JIT-MPROTECT flip #29 ranges=1 prot=RW writers=1 exec_waits=6 late_retries=0
#### JIT-MPROTECT flip #30 ranges=1 prot=RX writers=1 exec_waits=7 late_retries=0
#### JIT-MPROTECT flip #31 ranges=1 prot=RW writers=1 exec_waits=7 late_retries=0
#### JIT-MPROTECT flip #32 ranges=1 prot=RX writers=1 exec_waits=8 late_retries=0

[91m[main 2026-07-28T22:05:09.439Z][0m [AgentHost:stderr] #### JIT-MPROTECT flip #1024 ranges=1 prot=RX writers=1 exec_waits=329 late_retries=13

[91m[main 2026-07-28T22:05:09.603Z][0m [AgentHost:stderr] #### JIT-MPROTECT flip #2048 ranges=1 prot=RX writers=1 exec_waits=755 late_retries=26

[91m[main 2026-07-28T22:05:09.761Z][0m [AgentHost:stderr] #### JIT-MPROTECT flip #3072 ranges=1 prot=RX writers=1 exec_waits=1156 late_retries=36

[54340:0728/150509.932355:VERBOSE1:content/browser/renderer_host/media/media_stream_manager.cc:1515] MSPL::OnSuspend([this=0x600152ea8])
[91m[main 2026-07-28T22:05:09.937Z][0m [AgentHost:stderr] #### JIT-MPROTECT flip #4096 ranges=1 prot=RX writers=1 exec_waits=1488 late_retries=43

[91m[main 2026-07-28T22:05:10.047Z][0m [AgentHost:stderr] #### JIT-MPROTECT flip #5120 ranges=1 prot=RX writers=1 exec_waits=1638 late_retries=50

[54340:0728/150510.317706:VERBOSE1:content/browser/renderer_host/media/media_stream_manager.cc:1515] MSPL::OnResume([this=0x600152ea8])
[54380:0728/150510.331641:VERBOSE1:net/base/network_delegate.cc:38] NetworkDelegate::NotifyBeforeURLRequest: https://mobile.events.data.microsoft.com/OneCollector/1.0?cors=true&content-type=application/x-json-stream
Unknown channel: agentHostClientByokLm
#### JIT-MPROTECT flip #9216 ranges=1 prot=RX writers=1 exec_waits=2749 late_retries=77
[91m[main 2026-07-28T22:05:11.273Z][0m ProxyResolver#loadSystemCertificates error 206
[54340:0728/150511.280775:INFO:CONSOLE:442] "%c  ERR color: #f33 [Extension Host] (node:54411) [DEP0169] DeprecationWarning: `url.parse()` behavior is not standardized and prone to errors that have security implications. Use the WHATWG URL API instead. CVEs are not issued for `url.parse()` vulnerabilities.
(Use `Code Helper (Plugin) --trace-deprecation ...` to show where the warning was created)", source: vscode-file://vscode-app/Applications/Visual%20Studio%20Code.app/Contents/Resources/app/out/vs/workbench/workbench.desktop.main.js (442)
[54340:0728/150511.280849:INFO:CONSOLE:1092] "%c[Extension Host] %c(node:54411) [DEP0169] DeprecationWarning: `url.parse()` behavior is not standardized and prone to errors that have security implications. Use the WHATWG URL API instead. CVEs are not issued for `url.parse()` vulnerabilities.
(Use `Code Helper (Plugin) --trace-deprecation ...` to show where the warning was created) color: blue color: ", source: vscode-file://vscode-app/Applications/Visual%20Studio%20Code.app/Contents/Resources/app/out/vs/workbench/workbench.desktop.main.js (1092)
[54340:0728/150511.391138:INFO:CONSOLE:5359] "Extension Host", source: vscode-file://vscode-app/Applications/Visual%20Studio%20Code.app/Contents/Resources/app/out/vs/workbench/workbench.desktop.main.js (5359)
[54340:0728/150511.391247:INFO:CONSOLE:5359] "%c#### JIT-MPROTECT flip #8192 ranges=1 prot=RX writers=1 exec_waits=1705 late_retries=103
 color: red", source: vscode-file://vscode-app/Applications/Visual%20Studio%20Code.app/Contents/Resources/app/out/vs/workbench/workbench.desktop.main.js (5359)
[54340:0728/150511.391310:INFO:CONSOLE:5359] "console.groupEnd", source: vscode-file://vscode-app/Applications/Visual%20Studio%20Code.app/Contents/Resources/app/out/vs/workbench/workbench.desktop.main.js (5359)
[54340:0728/150511.731356:INFO:CONSOLE:442] "%c INFO color: #33f [AccountPolicyGate] apply: state=inactive, reason=undefined, isRestricted=false", source: vscode-file://vscode-app/Applications/Visual%20Studio%20Code.app/Contents/Resources/app/out/vs/workbench/workbench.desktop.main.js (442)
[54380:0728/150512.869106:VERBOSE1:net/base/network_delegate.cc:38] NetworkDelegate::NotifyBeforeURLRequest: https://mobile.events.data.microsoft.com/OneCollector/1.0?cors=true&content-type=application/x-json-stream
[54380:0728/150513.280778:VERBOSE1:net/base/network_delegate.cc:38] NetworkDelegate::NotifyBeforeURLRequest: https://mobile.events.data.microsoft.com/OneCollector/1.0?cors=true&content-type=application/x-json-stream
[54340:0728/150514.504185:VERBOSE1:content/browser/renderer_host/media/media_stream_manager.cc:1515] MSPL::OnSuspend([this=0x600152ea8])
[54340:0728/150515.199112:VERBOSE1:content/browser/renderer_host/media/media_stream_manager.cc:1515] MSPL::OnResume([this=0x600152ea8])
#### JIT-MPROTECT flip #20480 ranges=1 prot=RX writers=1 exec_waits=6972 late_retries=161
[54380:0728/150516.511629:VERBOSE1:net/base/network_delegate.cc:38] NetworkDelegate::NotifyBeforeURLRequest: https://mobile.events.data.microsoft.com/OneCollector/1.0?cors=true&content-type=application/x-json-stream
[54340:0728/150519.386829:VERBOSE1:content/browser/renderer_host/media/media_stream_manager.cc:1515] MSPL::OnSuspend([this=0x600152ea8])
[54340:0728/150520.459491:VERBOSE1:content/browser/renderer_host/media/media_stream_manager.cc:1515] MSPL::OnResume([this=0x600152ea8])
[54380:0728/150522.222888:VERBOSE1:net/base/network_delegate.cc:38] NetworkDelegate::NotifyBeforeURLRequest: https://mobile.events.data.microsoft.com/OneCollector/1.0?cors=true&content-type=application/x-json-stream
[54380:0728/150522.700458:ERROR:net/socket/ssl_client_socket_impl.cc:924] handshake failed; returned -1, SSL error code 1, net_error -101
[54340:0728/150524.657313:VERBOSE1:content/browser/renderer_host/media/media_stream_manager.cc:1515] MSPL::OnSuspend([this=0x600152ea8])
[54340:0728/150525.724524:VERBOSE1:content/browser/renderer_host/media/media_stream_manager.cc:1515] MSPL::OnResume([this=0x600152ea8])
#### JIT-MPROTECT flip #21504 ranges=1 prot=RX writers=1 exec_waits=7166 late_retries=168
[54380:0728/150527.496943:VERBOSE1:net/base/network_delegate.cc:38] NetworkDelegate::NotifyBeforeURLRequest: https://mobile.events.data.microsoft.com/OneCollector/1.0?cors=true&content-type=application/x-json-stream
[54340:0728/150528.536517:INFO:CONSOLE:442] "%c INFO color: #33f Settings Sync: Account status changed from uninitialized to unavailable", source: vscode-file://vscode-app/Applications/Visual%20Studio%20Code.app/Contents/Resources/app/out/vs/workbench/workbench.desktop.main.js (442)
[54340:0728/150529.894530:VERBOSE1:content/browser/renderer_host/media/media_stream_manager.cc:1515] MSPL::OnSuspend([this=0x600152ea8])
[54340:0728/150530.987270:VERBOSE1:content/browser/renderer_host/media/media_stream_manager.cc:1515] MSPL::OnResume([this=0x600152ea8])
[54380:0728/150532.761677:VERBOSE1:net/base/network_delegate.cc:38] NetworkDelegate::NotifyBeforeURLRequest: https://mobile.events.data.microsoft.com/OneCollector/1.0?cors=true&content-type=application/x-json-stream
#### JIT-MPROTECT flip #22528 ranges=1 prot=RX writers=1 exec_waits=7215 late_retries=170
[54340:0728/150535.181222:VERBOSE1:content/browser/renderer_host/media/media_stream_manager.cc:1515] MSPL::OnSuspend([this=0x600152ea8])
[54340:0728/150535.208697:VERBOSE1:content/browser/renderer_host/media/media_stream_manager.cc:1515] MSPL::OnResume([this=0x600152ea8])
[54380:0728/150537.198399:VERBOSE1:net/base/network_delegate.cc:38] NetworkDelegate::NotifyBeforeURLRequest: https://mobile.events.data.microsoft.com/OneCollector/1.0?cors=true&content-type=application/x-json-stream
#### JIT-MPROTECT flip #3072 ranges=1 prot=RX writers=1 exec_waits=558 late_retries=28
[54340:0728/150539.855391:VERBOSE1:content/browser/renderer_host/media/media_stream_manager.cc:1515] MSPL::OnSuspend([this=0x600152ea8])
[54340:0728/150540.460485:VERBOSE1:content/browser/renderer_host/media/media_stream_manager.cc:1515] MSPL::OnResume([this=0x600152ea8])
[54380:0728/150542.224940:VERBOSE1:net/base/network_delegate.cc:38] NetworkDelegate::NotifyBeforeURLRequest: https://mobile.events.data.microsoft.com/OneCollector/1.0?cors=true&content-type=application/x-json-stream
[54340:0728/150544.632158:VERBOSE1:content/browser/renderer_host/media/media_stream_manager.cc:1515] MSPL::OnSuspend([this=0x600152ea8])
[54340:0728/150545.723822:VERBOSE1:content/browser/renderer_host/media/media_stream_manager.cc:1515] MSPL::OnResume([this=0x600152ea8])
[54380:0728/150545.857749:VERBOSE1:net/base/network_delegate.cc:38] NetworkDelegate::NotifyBeforeURLRequest: https://mobile.events.data.microsoft.com/OneCollector/1.0?cors=true&content-type=application/x-json-stream
#### JIT-MPROTECT flip #23552 ranges=1 prot=RX writers=1 exec_waits=7371 late_retries=174
[54340:0728/150549.928833:VERBOSE1:content/browser/renderer_host/media/media_stream_manager.cc:1515] MSPL::OnSuspend([this=0x600152ea8])
[54380:0728/150550.059261:VERBOSE1:net/base/network_delegate.cc:38] NetworkDelegate::NotifyBeforeURLRequest: https://mobile.events.data.microsoft.com/OneCollector/1.0?cors=true&content-type=application/x-json-stream
[54340:0728/150550.986483:VERBOSE1:content/browser/renderer_host/media/media_stream_manager.cc:1515] MSPL::OnResume([this=0x600152ea8])
[54380:0728/150552.996319:VERBOSE1:net/base/network_delegate.cc:38] NetworkDelegate::NotifyBeforeURLRequest: https://mobile.events.data.microsoft.com/OneCollector/1.0?cors=true&content-type=application/x-json-stream
#### JIT-MPROTECT flip #24576 ranges=1 prot=RX writers=1 exec_waits=7661 late_retries=186
[54340:0728/150555.192363:VERBOSE1:content/browser/renderer_host/media/media_stream_manager.cc:1515] MSPL::OnSuspend([this=0x600152ea8])
[54340:0728/150556.248371:VERBOSE1:content/browser/renderer_host/media/media_stream_manager.cc:1515] MSPL::OnResume([this=0x600152ea8])
[54380:0728/150558.013288:VERBOSE1:net/base/network_delegate.cc:38] NetworkDelegate::NotifyBeforeURLRequest: https://mobile.events.data.microsoft.com/OneCollector/1.0?cors=true&content-type=application/x-json-stream
#### JIT-MPROTECT flip #10240 ranges=1 prot=RX writers=1 exec_waits=2838 late_retries=79
[54340:0728/150600.421814:VERBOSE1:content/browser/renderer_host/media/media_stream_manager.cc:1515] MSPL::OnSuspend([this=0x600152ea8])
[54340:0728/150601.512237:VERBOSE1:content/browser/renderer_host/media/media_stream_manager.cc:1515] MSPL::OnResume([this=0x600152ea8])
#### JIT-MPROTECT flip #25600 ranges=1 prot=RX writers=1 exec_waits=7875 late_retries=189
[54340:0728/150601.912154:INFO:CONSOLE:442] "%c INFO color: #33f [AgentHost] No token resolved for resource: https://api.github.com", source: vscode-file://vscode-app/Applications/Visual%20Studio%20Code.app/Contents/Resources/app/out/vs/workbench/workbench.desktop.main.js (442)
[54340:0728/150601.913941:INFO:CONSOLE:442] "%c INFO color: #33f [AgentHost] No token resolved for resource: https://api.github.com/repos", source: vscode-file://vscode-app/Applications/Visual%20Studio%20Code.app/Contents/Resources/app/out/vs/workbench/workbench.desktop.main.js (442)
[54340:0728/150601.915737:INFO:CONSOLE:442] "%c INFO color: #33f [AgentHost] No token resolved for resource: https://api.github.com", source: vscode-file://vscode-app/Applications/Visual%20Studio%20Code.app/Contents/Resources/app/out/vs/workbench/workbench.desktop.main.js (442)
[54340:0728/150601.916988:INFO:CONSOLE:442] "%c INFO color: #33f [AgentHost] No token resolved for resource: https://api.github.com/repos", source: vscode-file://vscode-app/Applications/Visual%20Studio%20Code.app/Contents/Resources/app/out/vs/workbench/workbench.desktop.main.js (442)
[91m[main 2026-07-28T22:06:02.034Z][0m ptyHost was unable to resolve shell environment Error: Unable to resolve your shell environment: Unexpected exit code from spawned shell (code null, signal SIGABRT)
    at file:///Applications/Visual%20Studio%20Code.app/Contents/Resources/app/out/main.js:474:34475
    at async file:///Applications/Visual%20Studio%20Code.app/Contents/Resources/app/out/main.js:434:92057
[91m[main 2026-07-28T22:06:02.042Z][0m [AgentHost:stderr] (node:54453) [DEP0169] DeprecationWarning: `url.parse()` behavior is not standardized and prone to errors that have security implications. Use the WHATWG URL API instead. CVEs are not issued for `url.parse()` vulnerabilities.
(Use `Code Helper --trace-deprecation ...` to show where the warning was created)

[54380:0728/150602.887655:VERBOSE1:net/base/network_delegate.cc:38] NetworkDelegate::NotifyBeforeURLRequest: https://mobile.events.data.microsoft.com/OneCollector/1.0?cors=true&content-type=application/x-json-stream
Unknown channel: agentHostClientProxy
[91m[main 2026-07-28T22:06:03.271Z][0m [AgentHost:stderr] [CLI subprocess] #### MACWS_HID_BYPASS installed SetMatchingMultiple → no-op (1) at 0x1ad8d5e8c — skips iOS-format CFBinaryPlist parse inside
[CLI subprocess] ####   IOHIDEventSystemClientCacheMatchingServices → IOHIDUnserializeAndVMDealloc → CFPropertyListCreateFromStream
[CLI subprocess] ####   that BUS_ADRALNs in the IOMFBServer thread.
[CLI subprocess] #### MACWS_AGX_RENAMER_PATCH: off (set MACWS_AGX_RENAMER_PATCH=1 to enable)
[CLI subprocess] #### MACWS_ASSERT_BYPASS DISABLED (set MACWS_KEEP_ASSERT_BYPASS=1 to restore lazy bypass) — real __assert_rtn now reaches abort

[91m[main 2026-07-28T22:06:03.272Z][0m [AgentHost:stderr] [CLI subprocess] #### MACWS_AGX_NATIVE [ctor] pre-loaded IOGPU via /System/Library/PrivateFrameworks/IOGPU.framework/IOGPU -> 0x3fa56cc10
[CLI subprocess] #### XPC_BOOTSTRAP: fn=0x1aa48d140 dict=0x11de13060 (registering Metal/ViewBridge/HIServices)

[91m[main 2026-07-28T22:06:03.273Z][0m [AgentHost:stderr] [CLI subprocess] #### XPC_BOOTSTRAP: called OK
[CLI subprocess] #### COEXIST API SwapEnd hook installed target=0x1b536b1cc trampoline=0x1022ec000

[91m[main 2026-07-28T22:06:03.277Z][0m [AgentHost:stderr] [CLI subprocess] #### SkyLight PrepareForUse tolerate-nil hook installed at 0x1af74cfc4

[91m[main 2026-07-28T22:06:03.278Z][0m [AgentHost:stderr] [CLI subprocess] #### SkyLight StartCompositeForDisplayStream nil-skip hook installed at 0x1af575d74

[91m[main 2026-07-28T22:06:03.279Z][0m [AgentHost:stderr] [CLI subprocess] #### SkyLight StartComposite(WSCD) tolerate-nil + pop-on-bail hook installed at 0x1af575358

[91m[main 2026-07-28T22:06:03.280Z][0m [AgentHost:stderr] [CLI subprocess] #### SkyLight StartComposite(MTLTex) pop-on-bail hook installed at 0x1af575fb8

[91m[main 2026-07-28T22:06:03.280Z][0m [AgentHost:stderr] [CLI subprocess] #### SkyLight EndCurrentComposite(bool) completion hook installed at 0x1af57453c

[91m[main 2026-07-28T22:06:03.281Z][0m [AgentHost:stderr] [CLI subprocess] #### SkyLight EndUpdate(bool) submission hook installed at 0x1af5740b0

[91m[main 2026-07-28T22:06:03.282Z][0m [AgentHost:stderr] [CLI subprocess] #### SkyLight _state_stack pop_back resolved at 0x1af572fa0

[91m[main 2026-07-28T22:06:03.283Z][0m [AgentHost:stderr] [CLI subprocess] #### SkyLight WSCompositeDestinationCreateWithMetalTexture nil-tolerate hook installed at 0x1af57853c

[91m[main 2026-07-28T22:06:03.284Z][0m [AgentHost:stderr] [CLI subprocess] #### SkyLight MetalContext::StopCapture invalid-this guard installed at 0x1af5741bc

[91m[main 2026-07-28T22:06:03.284Z][0m [AgentHost:stderr] [CLI subprocess] #### MACWS_AGX_NATIVE class_addMethod(MTLTextureDescriptor, validateWithDevice:) = 1

[91m[main 2026-07-28T22:06:03.285Z][0m [AgentHost:stderr] [CLI subprocess] #### MACWS_AGX_NATIVE class_addMethod(IOGPUMetalTexture, isMemoryless) = 1
[CLI subprocess] #### MACWS_AGX_NATIVE class_addMethod(IOGPUMetalTexture, getCPUSizeBytes) = 1
[CLI subprocess] #### MACWS_AGX_NATIVE class_addMethod(IOGPUMetalTexture, getAlignment) = 1
[CLI subprocess] #### MACWS_AGX_NATIVE class_addMethod(IOGPUMetalTexture, descriptorPrivate) = 1
[CLI subprocess] #### MACWS_AGX_NATIVE class_addMethod(IOGPUMetalTexture, getBytesPerRow) = 1
[CLI subprocess] #### MACWS_AGX_NATIVE class_addMethod(IOGPUMetalTexture, updateBindDataWithAddresses:gpuVirtualAddress:) = 1
[CLI subprocess] #### MACWS_AGX_NATIVE class_addMethod(IOGPUMetalTexture, updateBindDataWithAddresses:gpuVirtualAddress:shouldInitMetadata:) = 1
[CLI subprocess] #### MACWS_AGX_NATIVE class_addMethod(IOGPUMetalTexture, allocBufferSubDataWithLength:options:alignment:heapIndex:bufferIndex:bufferOffset:) = 1
[CLI subprocess] #### MACWS_AGX_NATIVE class_addMethod(IOGPUMetalTexture, initNewTextureData:) = 1
[CLI subprocess] #### MACWS_AGX_NATIVE class_addMethod(MTLTextureDescriptor, isMemoryless) = 1
[CLI subprocess] #### MACWS_AGX_NATIVE class_addMethod(MTLTextureDescriptor, protectionOptions) = 1
[CLI subprocess] #### MACWS_AGX_NATIVE class_addMethod(MTLTextureDescriptor, getCPUSizeBytes) = 1
[CLI subprocess] #### MACWS_AGX_NATIVE class_addMethod(MTLTextureDescriptor, getAlignment) = 1

[91m[main 2026-07-28T22:06:03.285Z][0m [AgentHost:stderr] [CLI subprocess] #### MACWS_AGX_NATIVE class_addMethod(MTLTextureDescriptor, descriptorPrivate) = 1
[CLI subprocess] #### MACWS_AGX_NATIVE class_addMethod(MTLTextureDescriptor, getBytesPerRow) = 1
[CLI subprocess] #### MACWS_AGX_NATIVE class_addMethod(MTLTextureDescriptor, updateBindDataWithAddresses:gpuVirtualAddress:) = 1
[CLI subprocess] #### MACWS_AGX_NATIVE class_addMethod(MTLTextureDescriptor, updateBindDataWithAddresses:gpuVirtualAddress:shouldInitMetadata:) = 1
[CLI subprocess] #### MACWS_AGX_NATIVE class_addMethod(MTLTextureDescriptor, allocBufferSubDataWithLength:options:alignment:heapIndex:bufferIndex:bufferOffset:) = 1
[CLI subprocess] #### MACWS_AGX_NATIVE class_addMethod(MTLTextureDescriptor, initNewTextureData:) = 1

[91m[main 2026-07-28T22:06:03.521Z][0m [AgentHost:stderr] [CLI subprocess] #
[CLI subprocess] # Fatal error
[CLI subprocess] # Oilpan: Out of memory (Oilpan: CagedHeap reservation.)
[CLI subprocess] #
[CLI subprocess] #
[CLI subprocess] #
[CLI subprocess] #FailureMessage Object: 0x16dc3acf8

[54340:0728/150605.695541:VERBOSE1:content/browser/renderer_host/media/media_stream_manager.cc:1515] MSPL::OnSuspend([this=0x600152ea8])
[54340:0728/150606.774159:VERBOSE1:content/browser/renderer_host/media/media_stream_manager.cc:1515] MSPL::OnResume([this=0x600152ea8])
[54380:0728/150608.544507:VERBOSE1:net/base/network_delegate.cc:38] NetworkDelegate::NotifyBeforeURLRequest: https://mobile.events.data.microsoft.com/OneCollector/1.0?cors=true&content-type=application/x-json-stream
#### JIT-MPROTECT flip #26624 ranges=1 prot=RX writers=1 exec_waits=8169 late_retries=197
[54340:0728/150616.954248:VERBOSE1:content/browser/renderer_host/media/media_stream_manager.cc:1515] MSPL::OnSuspend([this=0x600152ea8])
[54340:0728/150617.293589:VERBOSE1:content/browser/renderer_host/media/media_stream_manager.cc:1515] MSPL::OnResume([this=0x600152ea8])
#### JIT-MPROTECT flip #27648 ranges=1 prot=RX writers=1 exec_waits=8211 late_retries=197
[54380:0728/150619.070907:VERBOSE1:net/base/network_delegate.cc:38] NetworkDelegate::NotifyBeforeURLRequest: https://mobile.events.data.microsoft.com/OneCollector/1.0?cors=true&content-type=application/x-json-stream
#### JIT-MPROTECT flip #28672 ranges=1 prot=RX writers=1 exec_waits=8211 late_retries=197
#### JIT-MPROTECT flip #29696 ranges=1 prot=RX writers=1 exec_waits=8211 late_retries=197
[54340:0728/150621.498540:VERBOSE1:content/browser/renderer_host/media/media_stream_manager.cc:1515] MSPL::OnSuspend([this=0x600152ea8])
[54340:0728/150621.853208:VERBOSE1:content/browser/renderer_host/media/media_stream_manager.cc:1515] MSPL::OnResume([this=0x600152ea8])
[54380:0728/150623.616533:VERBOSE1:net/base/network_delegate.cc:38] NetworkDelegate::NotifyBeforeURLRequest: https://mobile.events.data.microsoft.com/OneCollector/1.0?cors=true&content-type=application/x-json-stream
[54340:0728/150626.038957:VERBOSE1:content/browser/renderer_host/media/media_stream_manager.cc:1515] MSPL::OnSuspend([this=0x600152ea8])
[54340:0728/150626.395300:VERBOSE1:content/browser/renderer_host/media/media_stream_manager.cc:1515] MSPL::OnResume([this=0x600152ea8])
[54380:0728/150628.070001:VERBOSE1:net/base/network_delegate.cc:38] NetworkDelegate::NotifyBeforeURLRequest: https://mobile.events.data.microsoft.com/OneCollector/1.0?cors=true&content-type=application/x-json-stream
[54340:0728/150630.567546:VERBOSE1:content/browser/renderer_host/media/media_stream_manager.cc:1515] MSPL::OnSuspend([this=0x600152ea8])
[54340:0728/150630.922010:VERBOSE1:content/browser/renderer_host/media/media_stream_manager.cc:1515] MSPL::OnResume([this=0x600152ea8])
[54380:0728/150632.683494:VERBOSE1:net/base/network_delegate.cc:38] NetworkDelegate::NotifyBeforeURLRequest: https://mobile.events.data.microsoft.com/OneCollector/1.0?cors=true&content-type=application/x-json-stream
[54340:0728/150635.120288:VERBOSE1:content/browser/renderer_host/media/media_stream_manager.cc:1515] MSPL::OnSuspend([this=0x600152ea8])
[54340:0728/150635.471277:VERBOSE1:content/browser/renderer_host/media/media_stream_manager.cc:1515] MSPL::OnResume([this=0x600152ea8])
[54380:0728/150637.235983:VERBOSE1:net/base/network_delegate.cc:38] NetworkDelegate::NotifyBeforeURLRequest: https://mobile.events.data.microsoft.com/OneCollector/1.0?cors=true&content-type=application/x-json-stream
[54340:0728/150639.645033:VERBOSE1:content/browser/renderer_host/media/media_stream_manager.cc:1515] MSPL::OnSuspend([this=0x600152ea8])
[54340:0728/150639.997821:VERBOSE1:content/browser/renderer_host/media/media_stream_manager.cc:1515] MSPL::OnResume([this=0x600152ea8])
[54380:0728/150641.684414:VERBOSE1:net/base/network_delegate.cc:38] NetworkDelegate::NotifyBeforeURLRequest: https://mobile.events.data.microsoft.com/OneCollector/1.0?cors=true&content-type=application/x-json-stream
