[launchdchrootexec] target=/Applications/Visual Studio Code.app/Contents/MacOS/Electron arch=arm64 insert=/usr/local/lib/libmachook_arm64.dylib
getppid = 1
#### MACWS_HID_BYPASS installed SetMatchingMultiple → no-op (1) at 0x187cede8c — skips iOS-format CFBinaryPlist parse inside
####   IOHIDEventSystemClientCacheMatchingServices → IOHIDUnserializeAndVMDealloc → CFPropertyListCreateFromStream
####   that BUS_ADRALNs in the IOMFBServer thread.
#### MACWS_AGX_RENAMER_PATCH: off (set MACWS_AGX_RENAMER_PATCH=1 to enable)
#### MACWS_ASSERT_BYPASS DISABLED (set MACWS_KEEP_ASSERT_BYPASS=1 to restore lazy bypass) — real __assert_rtn now reaches abort
#### MACWS_AGX_NATIVE [ctor] pre-loaded IOGPU via /System/Library/PrivateFrameworks/IOGPU.framework/IOGPU -> 0x3ae29cc10
#### XPC_BOOTSTRAP: fn=0x1848a5140 dict=0x136006950 (registering Metal/ViewBridge/HIServices)
#### XPC_BOOTSTRAP: called OK
#### COEXIST API SwapEnd hook installed target=0x18f7831cc trampoline=0x102be4000
#### SkyLight PrepareForUse tolerate-nil hook installed at 0x189b64fc4
#### SkyLight StartCompositeForDisplayStream nil-skip hook installed at 0x18998dd74
#### SkyLight StartComposite(WSCD) tolerate-nil + pop-on-bail hook installed at 0x18998d358
#### SkyLight StartComposite(MTLTex) pop-on-bail hook installed at 0x18998dfb8
#### SkyLight EndCurrentComposite(bool) completion hook installed at 0x18998c53c
#### SkyLight EndUpdate(bool) submission hook installed at 0x18998c0b0
#### SkyLight _state_stack pop_back resolved at 0x18998afa0
#### SkyLight WSCompositeDestinationCreateWithMetalTexture nil-tolerate hook installed at 0x18999053c
#### SkyLight MetalContext::StopCapture invalid-this guard installed at 0x18998c1bc
#### MACWS_AGX_NATIVE class_addMethod(MTLTextureDescriptor, validateWithDevice:) = 1
#### MACWS_AGX_NATIVE class_addMethod(IOGPUMetalTexture, isMemoryless) = 1
#### MACWS_AGX_NATIVE class_addMethod(IOGPUMetalTexture, getCPUSizeBytes) = 1
#### MACWS_AGX_NATIVE class_addMethod(IOGPUMetalTexture, getAlignment) = 1
#### MACWS_AGX_NATIVE class_addMethod(IOGPUMetalTexture, descriptorPrivate) = 1
#### MACWS_AGX_NATIVE class_addMethod(IOGPUMetalTexture, getBytesPerRow) = 1
#### MACWS_AGX_NATIVE class_addMethod(IOGPUMetalTexture, updateBindDataWithAddresses:gpuVirtualAddress:) = 1
#### MACWS_AGX_NATIVE class_addMethod(IOGPUMetalTexture, updateBindDataWithAddresses:gpuVirtualAddress:shouldInitMetadata:) = 1
#### MACWS_AGX_NATIVE class_addMethod(IOGPUMetalTexture, allocBufferSubDataWithLength:options:alignment:heapIndex:bufferIndex:bufferOffset:) = 1
#### MACWS_AGX_NATIVE class_addMethod(IOGPUMetalTexture, initNewTextureData:) = 1
#### MACWS_AGX_NATIVE class_addMethod(MTLTextureDescriptor, isMemoryless) = 1
#### MACWS_AGX_NATIVE class_addMethod(MTLTextureDescriptor, protectionOptions) = 1
#### MACWS_AGX_NATIVE class_addMethod(MTLTextureDescriptor, getCPUSizeBytes) = 1
#### MACWS_AGX_NATIVE class_addMethod(MTLTextureDescriptor, getAlignment) = 1
#### MACWS_AGX_NATIVE class_addMethod(MTLTextureDescriptor, descriptorPrivate) = 1
#### MACWS_AGX_NATIVE class_addMethod(MTLTextureDescriptor, getBytesPerRow) = 1
#### MACWS_AGX_NATIVE class_addMethod(MTLTextureDescriptor, updateBindDataWithAddresses:gpuVirtualAddress:) = 1
#### MACWS_AGX_NATIVE class_addMethod(MTLTextureDescriptor, updateBindDataWithAddresses:gpuVirtualAddress:shouldInitMetadata:) = 1
#### MACWS_AGX_NATIVE class_addMethod(MTLTextureDescriptor, allocBufferSubDataWithLength:options:alignment:heapIndex:bufferIndex:bufferOffset:) = 1
#### MACWS_AGX_NATIVE class_addMethod(MTLTextureDescriptor, initNewTextureData:) = 1
#### APP-INPUT KEY-WITNESS installed -[NSApplication sendEvent:] display-settle=0ms (diagnostic scaffold)
#### APP-INPUT ACTIVATION-WITNESS installed -[NSApplication _handleActivatedEvent:]
#### APP-INPUT MENU-TRACK-WITNESS hook class=NSMenuPresentationInstance types=v28@0:8B16@20
#### APP-INPUT MENU-TRACK-WITNESS installed hooks=1
#### APP-INPUT READY pid=78023 socket=/private/tmp/macws_app_input.78023.sock abi=3 record=52
#### APP-INPUT THREAD pid=78023 socket=3
#### AMFI-POLICY-COMPAT policy=AMFI op=0x60 status=0x4 (iOS task ports are hard-immovable)
#### CSR-POLICY-COMPAT active_config=0x0 (conservative iOS compatibility value)
#### JIT-MPROTECT range[0]=[0x280000000,0x290000000) source=MAP_JIT-EINVAL
#### JIT-MPROTECT execution barrier installed (W^X fetch-wait compatibility)
#### JIT-MPROTECT range[0]=[0x280000000,0x290000000) source=MAP_JIT-EINVAL
#### JIT-MPROTECT range[0]=[0x280000000,0x290000000) source=MAP_JIT-EINVAL
#### JIT-MPROTECT range[0]=[0x280000000,0x290000000) source=MAP_JIT-EINVAL
#### JIT-MPROTECT range[0]=[0x280000000,0x290000000) source=MAP_JIT-EINVAL
#### JIT-MPROTECT range[0]=[0x280000000,0x290000000) source=MAP_JIT-EINVAL
#### JIT-MPROTECT range[0]=[0x280000000,0x290000000) source=MAP_JIT-EINVAL
#### JIT-MPROTECT range[0]=[0x280000000,0x290000000) source=MAP_JIT-EINVAL
#### JIT-MPROTECT range[0]=[0x170000000,0x180000000) source=MAP_JIT-EINVAL
#### JIT-MPROTECT remap decline #1 dst=0x177dc0000 size=0x208000 src=0x111e24000 requested=0x5 -> V8 copy fallback
#### JIT-MPROTECT flip #1 ranges=1 prot=RW writers=1 exec_waits=0 late_retries=0
#### JIT-MPROTECT flip #2 ranges=1 prot=RX writers=1 exec_waits=0 late_retries=0
#### JIT-MPROTECT flip #3 ranges=1 prot=RW writers=1 exec_waits=0 late_retries=0
#### JIT-MPROTECT flip #4 ranges=1 prot=RX writers=1 exec_waits=0 late_retries=0
#### JIT-MPROTECT flip #5 ranges=1 prot=RW writers=1 exec_waits=1 late_retries=0
#### JIT-MPROTECT flip #6 ranges=1 prot=RX writers=1 exec_waits=2 late_retries=0
#### JIT-MPROTECT flip #7 ranges=1 prot=RW writers=1 exec_waits=2 late_retries=0
#### JIT-MPROTECT flip #8 ranges=1 prot=RX writers=1 exec_waits=3 late_retries=0
#### JIT-MPROTECT flip #9 ranges=1 prot=RW writers=1 exec_waits=3 late_retries=0
#### JIT-MPROTECT flip #10 ranges=1 prot=RX writers=1 exec_waits=4 late_retries=0
#### JIT-MPROTECT flip #11 ranges=1 prot=RW writers=1 exec_waits=4 late_retries=0
#### JIT-MPROTECT flip #12 ranges=1 prot=RX writers=1 exec_waits=5 late_retries=0
#### JIT-MPROTECT flip #13 ranges=1 prot=RW writers=1 exec_waits=5 late_retries=0
#### JIT-MPROTECT flip #14 ranges=1 prot=RX writers=1 exec_waits=6 late_retries=0
#### JIT-MPROTECT flip #15 ranges=1 prot=RW writers=1 exec_waits=6 late_retries=0
#### JIT-MPROTECT flip #16 ranges=1 prot=RX writers=1 exec_waits=7 late_retries=0
#### JIT-MPROTECT flip #17 ranges=1 prot=RW writers=1 exec_waits=7 late_retries=0
#### JIT-MPROTECT flip #18 ranges=1 prot=RX writers=1 exec_waits=8 late_retries=0
#### JIT-MPROTECT flip #19 ranges=1 prot=RW writers=1 exec_waits=8 late_retries=0
#### JIT-MPROTECT flip #20 ranges=1 prot=RX writers=1 exec_waits=9 late_retries=0
#### JIT-MPROTECT flip #21 ranges=1 prot=RW writers=1 exec_waits=9 late_retries=0
#### JIT-MPROTECT flip #22 ranges=1 prot=RX writers=1 exec_waits=10 late_retries=0
#### JIT-MPROTECT flip #23 ranges=1 prot=RW writers=1 exec_waits=10 late_retries=0
#### JIT-MPROTECT flip #24 ranges=1 prot=RX writers=1 exec_waits=11 late_retries=0
#### JIT-MPROTECT flip #25 ranges=1 prot=RW writers=1 exec_waits=11 late_retries=0
#### JIT-MPROTECT flip #26 ranges=1 prot=RX writers=1 exec_waits=12 late_retries=0
#### JIT-MPROTECT flip #27 ranges=1 prot=RW writers=1 exec_waits=12 late_retries=0
#### JIT-MPROTECT flip #28 ranges=1 prot=RX writers=1 exec_waits=13 late_retries=0
#### JIT-MPROTECT flip #29 ranges=1 prot=RW writers=1 exec_waits=13 late_retries=0
#### JIT-MPROTECT flip #30 ranges=1 prot=RX writers=1 exec_waits=14 late_retries=0
#### JIT-MPROTECT flip #31 ranges=1 prot=RW writers=1 exec_waits=14 late_retries=0
#### JIT-MPROTECT flip #32 ranges=1 prot=RX writers=1 exec_waits=15 late_retries=0
#### JIT-MPROTECT flip #1024 ranges=1 prot=RX writers=1 exec_waits=390 late_retries=6
#### MACWS_HID_BYPASS installed SetMatchingMultiple → no-op (1) at 0x187cede8c — skips iOS-format CFBinaryPlist parse inside
####   IOHIDEventSystemClientCacheMatchingServices → IOHIDUnserializeAndVMDealloc → CFPropertyListCreateFromStream
####   that BUS_ADRALNs in the IOMFBServer thread.
#### MACWS_AGX_RENAMER_PATCH: off (set MACWS_AGX_RENAMER_PATCH=1 to enable)
#### MACWS_ASSERT_BYPASS DISABLED (set MACWS_KEEP_ASSERT_BYPASS=1 to restore lazy bypass) — real __assert_rtn now reaches abort
#### MACWS_AGX_NATIVE [ctor] pre-loaded IOGPU via /System/Library/PrivateFrameworks/IOGPU.framework/IOGPU -> 0x3ae29cc10
#### XPC_BOOTSTRAP: fn=0x1848a5140 dict=0x1407067d0 (registering Metal/ViewBridge/HIServices)
#### XPC_BOOTSTRAP: called OK
#### COEXIST API SwapEnd hook installed target=0x18f7831cc trampoline=0x101a40000
#### SkyLight PrepareForUse tolerate-nil hook installed at 0x189b64fc4
#### SkyLight StartCompositeForDisplayStream nil-skip hook installed at 0x18998dd74
#### SkyLight StartComposite(WSCD) tolerate-nil + pop-on-bail hook installed at 0x18998d358
#### SkyLight StartComposite(MTLTex) pop-on-bail hook installed at 0x18998dfb8
#### SkyLight EndCurrentComposite(bool) completion hook installed at 0x18998c53c
#### SkyLight EndUpdate(bool) submission hook installed at 0x18998c0b0
#### SkyLight _state_stack pop_back resolved at 0x18998afa0
#### SkyLight WSCompositeDestinationCreateWithMetalTexture nil-tolerate hook installed at 0x18999053c
#### SkyLight MetalContext::StopCapture invalid-this guard installed at 0x18998c1bc
#### MACWS_AGX_NATIVE class_addMethod(MTLTextureDescriptor, validateWithDevice:) = 1
#### MACWS_AGX_NATIVE class_addMethod(IOGPUMetalTexture, isMemoryless) = 1
#### MACWS_AGX_NATIVE class_addMethod(IOGPUMetalTexture, getCPUSizeBytes) = 1
#### MACWS_AGX_NATIVE class_addMethod(IOGPUMetalTexture, getAlignment) = 1
#### MACWS_AGX_NATIVE class_addMethod(IOGPUMetalTexture, descriptorPrivate) = 1
#### MACWS_AGX_NATIVE class_addMethod(IOGPUMetalTexture, getBytesPerRow) = 1
#### MACWS_AGX_NATIVE class_addMethod(IOGPUMetalTexture, updateBindDataWithAddresses:gpuVirtualAddress:) = 1
#### MACWS_AGX_NATIVE class_addMethod(IOGPUMetalTexture, updateBindDataWithAddresses:gpuVirtualAddress:shouldInitMetadata:) = 1
#### MACWS_AGX_NATIVE class_addMethod(IOGPUMetalTexture, allocBufferSubDataWithLength:options:alignment:heapIndex:bufferIndex:bufferOffset:) = 1
#### MACWS_AGX_NATIVE class_addMethod(IOGPUMetalTexture, initNewTextureData:) = 1
#### MACWS_AGX_NATIVE class_addMethod(MTLTextureDescriptor, isMemoryless) = 1
#### MACWS_AGX_NATIVE class_addMethod(MTLTextureDescriptor, protectionOptions) = 1
#### MACWS_AGX_NATIVE class_addMethod(MTLTextureDescriptor, getCPUSizeBytes) = 1
#### MACWS_AGX_NATIVE class_addMethod(MTLTextureDescriptor, getAlignment) = 1
#### MACWS_AGX_NATIVE class_addMethod(MTLTextureDescriptor, descriptorPrivate) = 1
#### MACWS_AGX_NATIVE class_addMethod(MTLTextureDescriptor, getBytesPerRow) = 1
#### MACWS_AGX_NATIVE class_addMethod(MTLTextureDescriptor, updateBindDataWithAddresses:gpuVirtualAddress:) = 1
#### MACWS_AGX_NATIVE class_addMethod(MTLTextureDescriptor, updateBindDataWithAddresses:gpuVirtualAddress:shouldInitMetadata:) = 1
#### MACWS_AGX_NATIVE class_addMethod(MTLTextureDescriptor, allocBufferSubDataWithLength:options:alignment:heapIndex:bufferIndex:bufferOffset:) = 1
#### MACWS_AGX_NATIVE class_addMethod(MTLTextureDescriptor, initNewTextureData:) = 1
#### APP-INPUT KEY-WITNESS installed -[NSApplication sendEvent:] display-settle=0ms (diagnostic scaffold)
#### APP-INPUT ACTIVATION-WITNESS installed -[NSApplication _handleActivatedEvent:]
#### APP-INPUT MENU-TRACK-WITNESS hook class=NSMenuPresentationInstance types=v28@0:8B16@20
#### APP-INPUT MENU-TRACK-WITNESS installed hooks=1
#### APP-INPUT READY pid=78035 socket=/private/tmp/macws_app_input.78035.sock abi=3 record=52
#### APP-INPUT THREAD pid=78035 socket=3
[78023:0729/150626.633909:ERROR:third_party/crashpad/crashpad/util/file/file_io.cc:103] ReadExactly: expected 8, observed 0

DevTools listening on ws://127.0.0.1:9222/devtools/browser/45ab2340-2f3b-401c-808d-adf083c373db
#### MACWS_HID_BYPASS installed SetMatchingMultiple → no-op (1) at 0x187cede8c — skips iOS-format CFBinaryPlist parse inside
####   IOHIDEventSystemClientCacheMatchingServices → IOHIDUnserializeAndVMDealloc → CFPropertyListCreateFromStream
####   that BUS_ADRALNs in the IOMFBServer thread.
#### MACWS_AGX_RENAMER_PATCH: off (set MACWS_AGX_RENAMER_PATCH=1 to enable)
#### MACWS_ASSERT_BYPASS DISABLED (set MACWS_KEEP_ASSERT_BYPASS=1 to restore lazy bypass) — real __assert_rtn now reaches abort
#### MACWS_AGX_NATIVE [ctor] pre-loaded IOGPU via /System/Library/PrivateFrameworks/IOGPU.framework/IOGPU -> 0x3ae29cc10
#### XPC_BOOTSTRAP: fn=0x1848a5140 dict=0x12100ba60 (registering Metal/ViewBridge/HIServices)
#### MACWS_HID_BYPASS installed SetMatchingMultiple → no-op (1) at 0x187cede8c — skips iOS-format CFBinaryPlist parse inside
####   IOHIDEventSystemClientCacheMatchingServices → IOHIDUnserializeAndVMDealloc → CFPropertyListCreateFromStream
####   that BUS_ADRALNs in the IOMFBServer thread.
#### MACWS_AGX_RENAMER_PATCH: off (set MACWS_AGX_RENAMER_PATCH=1 to enable)
#### MACWS_ASSERT_BYPASS DISABLED (set MACWS_KEEP_ASSERT_BYPASS=1 to restore lazy bypass) — real __assert_rtn now reaches abort
#### XPC_BOOTSTRAP: called OK
#### MACWS_AGX_NATIVE [ctor] pre-loaded IOGPU via /System/Library/PrivateFrameworks/IOGPU.framework/IOGPU -> 0x3ae29cc10
#### COEXIST API SwapEnd hook installed target=0x18f7831cc trampoline=0x100404000
#### XPC_BOOTSTRAP: fn=0x1848a5140 dict=0x11c6105e0 (registering Metal/ViewBridge/HIServices)
#### XPC_BOOTSTRAP: called OK
#### COEXIST API SwapEnd hook installed target=0x18f7831cc trampoline=0x1023b8000
#### SkyLight PrepareForUse tolerate-nil hook installed at 0x189b64fc4
#### SkyLight StartCompositeForDisplayStream nil-skip hook installed at 0x18998dd74
#### SkyLight PrepareForUse tolerate-nil hook installed at 0x189b64fc4
#### SkyLight StartComposite(WSCD) tolerate-nil + pop-on-bail hook installed at 0x18998d358
#### SkyLight StartComposite(MTLTex) pop-on-bail hook installed at 0x18998dfb8
#### SkyLight StartCompositeForDisplayStream nil-skip hook installed at 0x18998dd74
#### SkyLight EndCurrentComposite(bool) completion hook installed at 0x18998c53c
#### SkyLight StartComposite(WSCD) tolerate-nil + pop-on-bail hook installed at 0x18998d358
#### SkyLight EndUpdate(bool) submission hook installed at 0x18998c0b0
#### SkyLight StartComposite(MTLTex) pop-on-bail hook installed at 0x18998dfb8
#### SkyLight _state_stack pop_back resolved at 0x18998afa0
#### SkyLight EndCurrentComposite(bool) completion hook installed at 0x18998c53c
#### SkyLight WSCompositeDestinationCreateWithMetalTexture nil-tolerate hook installed at 0x18999053c
#### SkyLight MetalContext::StopCapture invalid-this guard installed at 0x18998c1bc
#### SkyLight EndUpdate(bool) submission hook installed at 0x18998c0b0
#### SkyLight _state_stack pop_back resolved at 0x18998afa0
#### MACWS_AGX_NATIVE class_addMethod(MTLTextureDescriptor, validateWithDevice:) = 1
#### MACWS_AGX_NATIVE class_addMethod(IOGPUMetalTexture, isMemoryless) = 1
#### MACWS_AGX_NATIVE class_addMethod(IOGPUMetalTexture, getCPUSizeBytes) = 1
#### MACWS_AGX_NATIVE class_addMethod(IOGPUMetalTexture, getAlignment) = 1
#### MACWS_AGX_NATIVE class_addMethod(IOGPUMetalTexture, descriptorPrivate) = 1
#### MACWS_AGX_NATIVE class_addMethod(IOGPUMetalTexture, getBytesPerRow) = 1
#### MACWS_AGX_NATIVE class_addMethod(IOGPUMetalTexture, updateBindDataWithAddresses:gpuVirtualAddress:) = 1
#### MACWS_AGX_NATIVE class_addMethod(IOGPUMetalTexture, updateBindDataWithAddresses:gpuVirtualAddress:shouldInitMetadata:) = 1
#### MACWS_AGX_NATIVE class_addMethod(IOGPUMetalTexture, allocBufferSubDataWithLength:options:alignment:heapIndex:bufferIndex:bufferOffset:) = 1
#### MACWS_AGX_NATIVE class_addMethod(IOGPUMetalTexture, initNewTextureData:) = 1
#### MACWS_AGX_NATIVE class_addMethod(MTLTextureDescriptor, isMemoryless) = 1
#### MACWS_AGX_NATIVE class_addMethod(MTLTextureDescriptor, protectionOptions) = 1
#### MACWS_AGX_NATIVE class_addMethod(MTLTextureDescriptor, getCPUSizeBytes) = 1
#### MACWS_AGX_NATIVE class_addMethod(MTLTextureDescriptor, getAlignment) = 1
#### MACWS_AGX_NATIVE class_addMethod(MTLTextureDescriptor, descriptorPrivate) = 1
#### MACWS_AGX_NATIVE class_addMethod(MTLTextureDescriptor, getBytesPerRow) = 1
#### MACWS_AGX_NATIVE class_addMethod(MTLTextureDescriptor, updateBindDataWithAddresses:gpuVirtualAddress:) = 1
#### MACWS_AGX_NATIVE class_addMethod(MTLTextureDescriptor, updateBindDataWithAddresses:gpuVirtualAddress:shouldInitMetadata:) = 1
#### MACWS_AGX_NATIVE class_addMethod(MTLTextureDescriptor, allocBufferSubDataWithLength:options:alignment:heapIndex:bufferIndex:bufferOffset:) = 1
#### MACWS_AGX_NATIVE class_addMethod(MTLTextureDescriptor, initNewTextureData:) = 1
#### SkyLight WSCompositeDestinationCreateWithMetalTexture nil-tolerate hook installed at 0x18999053c
#### SkyLight MetalContext::StopCapture invalid-this guard installed at 0x18998c1bc
#### MACWS_AGX_NATIVE class_addMethod(MTLTextureDescriptor, validateWithDevice:) = 1
#### MACWS_AGX_NATIVE class_addMethod(IOGPUMetalTexture, isMemoryless) = 1
#### MACWS_AGX_NATIVE class_addMethod(IOGPUMetalTexture, getCPUSizeBytes) = 1
#### MACWS_AGX_NATIVE class_addMethod(IOGPUMetalTexture, getAlignment) = 1
#### MACWS_AGX_NATIVE class_addMethod(IOGPUMetalTexture, descriptorPrivate) = 1
#### MACWS_AGX_NATIVE class_addMethod(IOGPUMetalTexture, getBytesPerRow) = 1
#### MACWS_AGX_NATIVE class_addMethod(IOGPUMetalTexture, updateBindDataWithAddresses:gpuVirtualAddress:) = 1
#### MACWS_AGX_NATIVE class_addMethod(IOGPUMetalTexture, updateBindDataWithAddresses:gpuVirtualAddress:shouldInitMetadata:) = 1
#### MACWS_AGX_NATIVE class_addMethod(IOGPUMetalTexture, allocBufferSubDataWithLength:options:alignment:heapIndex:bufferIndex:bufferOffset:) = 1
#### MACWS_AGX_NATIVE class_addMethod(IOGPUMetalTexture, initNewTextureData:) = 1
#### MACWS_AGX_NATIVE class_addMethod(MTLTextureDescriptor, isMemoryless) = 1
#### MACWS_AGX_NATIVE class_addMethod(MTLTextureDescriptor, protectionOptions) = 1
#### MACWS_AGX_NATIVE class_addMethod(MTLTextureDescriptor, getCPUSizeBytes) = 1
#### MACWS_AGX_NATIVE class_addMethod(MTLTextureDescriptor, getAlignment) = 1
#### MACWS_AGX_NATIVE class_addMethod(MTLTextureDescriptor, descriptorPrivate) = 1
#### MACWS_AGX_NATIVE class_addMethod(MTLTextureDescriptor, getBytesPerRow) = 1
#### MACWS_AGX_NATIVE class_addMethod(MTLTextureDescriptor, updateBindDataWithAddresses:gpuVirtualAddress:) = 1
#### MACWS_AGX_NATIVE class_addMethod(MTLTextureDescriptor, updateBindDataWithAddresses:gpuVirtualAddress:shouldInitMetadata:) = 1
#### MACWS_AGX_NATIVE class_addMethod(MTLTextureDescriptor, allocBufferSubDataWithLength:options:alignment:heapIndex:bufferIndex:bufferOffset:) = 1
#### MACWS_AGX_NATIVE class_addMethod(MTLTextureDescriptor, initNewTextureData:) = 1
2026-07-29 15:06:26.915 Electron[78023:12335075] id createVolumeObserverSubsystem(NSWorkspaceNotificationCenter *): Failed to create volume observer.
2026-07-29 15:06:26.915 Electron[78023:12335075] id createVolumeObserverSubsystem(NSWorkspaceNotificationCenter *): Failed to create volume observer.
2026-07-29 15:06:26.916 Electron[78023:12335075] id createVolumeObserverSubsystem(NSWorkspaceNotificationCenter *): Failed to create volume observer.
2026-07-29 15:06:27.012 Electron[78023:12335075] XType: Using static font registry.
#### AMFI-POLICY-COMPAT policy=AMFI op=0x60 status=0x4 (iOS task ports are hard-immovable)
#### CSR-POLICY-COMPAT active_config=0x0 (conservative iOS compatibility value)
[78038:0729/150627.139122:ERROR:base/process/process_mac.cc:53] task_policy_set TASK_CATEGORY_POLICY: (os/kern) invalid argument (4)
#### APP-INPUT SYSTEM-ACTIVATE-EVENT pid=78023 window=0 data1=1 data2=64 retained=YES
#### AMFI-POLICY-COMPAT policy=AMFI op=0x60 status=0x4 (iOS task ports are hard-immovable)
#### CSR-POLICY-COMPAT active_config=0x0 (conservative iOS compatibility value)
[78037:0729/150627.170205:ERROR:base/process/process_mac.cc:53] task_policy_set TASK_CATEGORY_POLICY: (os/kern) invalid argument (4)
#### tile-encoder forwards: class MTLSimRenderCommandEncoder NOT found
#### IOGPU-CALLBACK-DIAG installed queueClass=0x1dfd488d0 method=0x0 orig=0x0 bufferClass=0x1dfd48830 method=0x1a18bf9a5 orig=0x1a18a2be8 errorMethod=0x18e0fbe01 errorOrig=0x18dfcddcc (file-gated)
#### NSXPCSharedListener class=0x1e00c3bd8
#### NSXPCSharedListener endpointForReply swizzle installed
#### NSXPCSharedListener connectToService swizzle installed
#### NSXPCSharedListener connectToService intercepted (graceful fail)
[78023:0729/150627.242449:ERROR:net/cert/internal/trust_store_mac.cc:489] SecKeychainAddCallback failed: Error Domain=NSOSStatusErrorDomain Code=-50 "paramErr: error in user parameter list" (-50)
[78023:0729/150627.242634:ERROR:net/cert/internal/trust_store_mac.cc:489] SecKeychainAddCallback failed: Error Domain=NSOSStatusErrorDomain Code=-50 "paramErr: error in user parameter list" (-50)
Warning: 'remote-debugging-port' is not in the list of known options, but still passed to Electron/Chromium.
Warning: 'remote-allow-origins' is not in the list of known options, but still passed to Electron/Chromium.
Warning: 'use-angle' is not in the list of known options, but still passed to Electron/Chromium.
Warning: 'ignore-gpu-blocklist' is not in the list of known options, but still passed to Electron/Chromium.
Warning: 'disable-features' is not in the list of known options, but still passed to Electron/Chromium.
#### MACWS_AGX_NATIVE pre-loaded IOGPU via /System/Library/PrivateFrameworks/IOGPU.framework/IOGPU -> 0x3ae29cc10
#### MACWS_AGX_NATIVE dlsym(IOGPUResourceCreate) = 0x1a18b60a0
#### MACWS_AGX_NATIVE dlsym(IOGPUMetalCommonResourceCreate) = 0x0
#### MACWS_AGX_NATIVE dlsym(IOGPUDeviceCreateWithAPIProperty) = 0x1a18b40fc
#### MACWS_AGX_NATIVE dlsym(_IOGPUMetalAllocateResource) = 0x0
#### MACWS_AGX_NATIVE dlsym(IOGPUMetalAllocateResource) = 0x0
#### AGX_CLASSREF_DIAG newTexture iosurface alloc class @0x21f009298 = 0x2215b25f0 name=AGXG13GFamilyTexture
#### AGX_CLASSREF_DIAG initImpl method m=0x1ea1c13ad imp=0x1ea1aa284 expected stub=0x1ea1ba880 real=0x1ea1aa284 WHICH=AGXG13GFamilyTexture-real
#### MACWS_AGX_OBJC_AUTDA_PATCH msgSendSuper2=0x1847c5e00 code=0x1847c5e00 autda@0x1847c5e10 insn=0xdac11a30
####   PATCHED autda x16,x17 → xpacd x16 (0xdac11a30 → 0xdac147f0)
#### MACWS_AGX_SEL_DIAG super-init SEL static=0x1cffc6f26 slid=0x1d4726f26 readable=1
####   bytes="initWithDevice:descriptor:iosurface:plane:field:args:argsSize:"
####   sel_registerName(...) = 0x1d4726f26 name="initWithDevice:descriptor:iosurface:plane:field:args:argsSize:"
####   objc_getClass(IOGPUMetalTexture) = 0x1dfd48fb0
####   IOGPUMetalTexture method count = 71
####     - initNewTextureData:
####     - updateBindDataWithAddresses:gpuVirtualAddress:shouldInitMetadata:
####     - initWithBuffer:descriptor:offset:bytesPerRow:
####     - initWithBuffer:descriptor:sysMemOffset:sysMemRowBytes:vidMemSize:vidMemRowBytes:args:argsSize:
####     - initWithBuffer:descriptor:sysMemOffset:sysMemRowBytes:vidMemSize:vidMemRowBytes:args:argsSize:isStrideTexture:
####     - initWithDevice:descriptor:iosurface:plane:field:args:argsSize:
####     - initWithDevice:descriptor:sysMemSize:sysMemRowBytes:vidMemSize:vidMemRowBytes:args:argsSize:
####     - initWithDevice:remoteStorageTexture:args:argsSize:
####     - initWithHeap:resource:offset:length:device:descriptor:
####     - initWithTexture:pixelFormat:
####     - initWithTexture:pixelFormat:textureType:levels:slices:
####     - initWithTexture:pixelFormat:textureType:levels:slices:swizzle:
####     - initWithTextureInternal:pixelFormat:textureType:levels:slices:swizzle:compressedView:
####     - initWithPrimaryBuffer:heapIndex:bufferIndex:bufferOffset:length:descriptor:sysMemRowBytes:vidMemSize:vidMemRowBytes:args:argsSize:
####   AGXTexture super class = 0x0 ((nil))
####   super responds to "initWithDevice:desc:iosurface:plane:" = 0 (Method=0x0)
####   super responds to "initWithDevice:descriptor:iosurface:plane:" = 0 (Method=0x0)
####   super responds to "initWithDevice:descriptor:iosurface:plane:field:args:argsSize:" = 0 (Method=0x0)
####   super responds to "initImplWithDevice:Descriptor:iosurface:plane:buffer:bytesPerRow:allowNPOT:sparsePageSize:isCompressedIOSurface:isHeapBacked:" = 0 (Method=0x0)
#### MACWS_AGX_STUB_FIX objc_msgSendSuper2
####   stub@0x1ea1bdfc0 insns=[d01cf7f1 9132a231 f9400230 d71f0a11]
####   slot@0x2240bbca8 value=0x1847c5e00 sym=objc_msgSendSuper2 base=0x1847bc000 path=/usr/lib/libobjc.A.dylib
####   PATCHED → br 0x1847c5e00 (movz/movk/movk/br)
####   new=[d28bc010 f2b08f90 f2c00030 d61f0200]
#### MACWS_AGX_NATIVE objc_getClass(AGXBuffer) = 0x0
#### MACWS_AGX_NATIVE __objc_classlist: 52 entries
####   classlist[0] = 0x2215b26b8 name=AGXBuffer registered=0x0
####   classlist[1] = 0x2215b22f8 name=AGXG13GFamilyBinaryArchive registered=0x0
####   classlist[2] = 0x2215b2168 name=AGXG13GFamilyBlitContext registered=0x0
####   classlist[3] = 0x2215b17e0 name=AGXG13GFamilyResourceStateContext registered=0x0
####   classlist[4] = 0x2215b1fd8 name=AGXG13GFamilyBuffer registered=0x0
####   classlist[5] = 0x2215b1830 name=AGXG13GFamilyCommandBuffer registered=0x0
#### MACWS_AGX_NATIVE objc_duplicateClass=0x1847ebcb8
#### MACWS_AGX_NATIVE imageinfo=0x21bd1ca58 sz=8
#### PREREGISTER image[627] AGXMetal13_3: 52/52 realized
#### PREREGISTER image[628] GPURawCounter: 6/6 realized
#### MACWS_AGX_NATIVE register pass 0: 0 new (total 58)
#### MACWS_AGX_NATIVE realized 58/52 classes
#### MACWS_AGX_NATIVE AGXBuffer after register: 0x2215b26b8
#### MACWS_AGX_NATIVE [AGXBuffer alloc] = 0x600211680
#### MACWS_AGX_NATIVE swizzled initUntrackedInternalBufferWithDevice:length:options:
#### MACWS_AGX_NATIVE swizzled initWithDevice:length:alignment:options:isSuballocDisabled:resourceInArgs:pinnedGPULocation:
#### MACWS_AGX_NATIVE tracing -[AGXBuffer initWithDevice:options:args:argsSize:] (nil preserved)
#### LIBOBJC dlsym(objc_constructInstance) = 0x1847d2c08
#### LIBOBJC dlsym(_dyld_objc_notify_register) = 0x184b67480
#### LIBOBJC dlsym(_dyld_objc_register_callbacks) = 0x184b69abc
#### LIBOBJC dlsym(objc_readClassPair) = 0x1847d8bdc
#### LIBOBJC dlsym(objc_registerClassPair) = 0x1847c9a3c
#### LIBOBJC dlsym(_objc_realizeClassFromSwift) = 0x1847d8d34
#### LIBOBJC dlsym(objc_addLoadImageFunc) = 0x1847d87c8
#### LIBOBJC dlsym(_objc_init) = 0x1847be004
#### CLASS_DETAIL [0] 0x2215b26b8 name=AGXBuffer super=0x1dfd487e0 (IOGPUMetalBuffer) meta=0
#### CLASS_DETAIL [1] 0x2215b22f8 name=AGXG13GFamilyBinaryArchive super=0x1e00df3b8 (_MTLBinaryArchive) meta=0
#### CLASS_DETAIL [2] 0x2215b2168 name=AGXG13GFamilyBlitContext super=0x1dfd487b8 (IOGPUMetalBlitCommandEncoder) meta=0
#### CLASS_DETAIL [3] 0x2215b17e0 name=AGXG13GFamilyResourceStateContext super=0x1dfd48f88 (IOGPUMetalResourceStateCommandEncoder) meta=0
#### CLASS_DETAIL [4] 0x2215b1fd8 name=AGXG13GFamilyBuffer super=0x2215b26b8 (AGXBuffer) meta=0
#### CLASS_DETAIL [5] 0x2215b1830 name=AGXG13GFamilyCommandBuffer super=0x1dfd48830 (IOGPUMetalCommandBuffer) meta=0
#### CLASS_DETAIL [6] 0x2215b2208 name=AGXG13GFamilyCommandQueue super=0x1dfd488d0 (IOGPUMetalCommandQueue) meta=0
#### CLASS_DETAIL [7] 0x2215b2118 name=AGXG13GFamilyComputePipeline super=0x1e00ddd88 (_MTLComputePipelineState) meta=0
#### CLASS_DETAIL [8] 0x2215b20c8 name=AGXG13GFamilyDeadlineProfile super=0x1dfb5ae70 (NSObject) meta=0
#### CLASS_DETAIL [9] 0x2215b18d0 name=AGXG13GFamilyDebugContext super=0x1dfd48970 (IOGPUMetalDebugCommandEncoder) meta=0
#### CLASS_DETAIL [10] 0x2215b2000 name=AGXG13GFamilyDepthStencilState super=0x1e00dddb0 (_MTLDepthStencilState) meta=0
#### CLASS_DETAIL [11] 0x2215b22d0 name=AGXG13GFamilyDynamicLibrary super=0x1e00dfdb8 (_MTLDynamicLibrary) meta=0
#### CLASS_DETAIL [12] 0x2215b21b8 name=AGXG13GFamilyComputeContext super=0x1dfd48948 (IOGPUMetalComputeCommandEncoder) meta=0
#### CLASS_DETAIL [13] 0x2215b1e70 name=AGXG13GFamilyFunctionHandle super=0x1e00df9a8 (_MTLFunctionHandle) meta=0
#### CLASS_DETAIL [14] 0x2215b22a8 name=AGXG13GFamilyHeap super=0x1dfd48bf0 (IOGPUMetalHeap) meta=0
#### CLASS_DETAIL [15] 0x2215b2280 name=AGXG13GFamilySparseHeap super=0x1e00e0e48 (_MTLHeap) meta=0
#### MACWS_AGX_NATIVE __objc_classrefs: 105 entries, 0 null
####   class AGXBuffer = 0x2215b26b8
####   class AGXCommandQueue = 0x0
####   class AGXCommandBuffer = 0x0
####   class AGXMetalCommandQueue = 0x0
####   class AGXMetalCommandBuffer = 0x0
####   class AGXMetalBuffer = 0x0
####   class AGXMetalTexture = 0x0
####   class AGXMetalHeap = 0x0
####   class AGXMetalResource = 0x0
####   class AGXMetalDevice = 0x0
####   class AGXMetalFence = 0x0
####   class AGXTexture = 0x2215b2708
####   class IOGPUMetalBuffer = 0x1dfd487e0
####   class IOGPUMetalCommandBuffer = 0x1dfd48830
####   class IOGPUMetalCommandQueue = 0x1dfd488d0
####   class IOGPUMetalDevice = 0x1dfd489c0
####   class IOGPUMetalHeap = 0x1dfd48bf0
####   class IOGPUMetalResource = 0x1dfd48ec0
####   class IOGPUMetalTexture = 0x1dfd48fb0
####   class IOGPUMetalFence = 0x1dfd48b50
####   class IOGPUMTLLateEvalEvent = 0x1e01fbc70
#### CLASSREF [0] @0x21f009250 -> 0x1e00dd428 name=MTLCompiler
#### CLASSREF [1] @0x21f009258 -> 0x1dfb796e0 name=NSDictionary
#### CLASSREF [2] @0x21f009260 -> 0x1dfb80348 name=NSError
#### CLASSREF [3] @0x21f009268 -> 0x2215b24b0 name=AGXG13GFamilyComputeOrFragmentOrTileProgram
#### CLASSREF [4] @0x21f009270 -> 0x2215b24d8 name=AGXG13GFamilyFragmentProgram
#### CLASSREF [5] @0x21f009278 -> 0x2215b2550 name=AGXG13GFamilyVertexProgram
#### CLASSREF [6] @0x21f009280 -> 0x1dfb79848 name=NSMutableDictionary
#### CLASSREF [7] @0x21f009288 -> 0x2215b25a0 name=AGXG13GFamilyTileProgram
#### CLASSREF [8] @0x21f009290 -> 0x2215b2578 name=AGXG13GFamilyComputeProgram
#### CLASSREF [9] @0x21f009298 -> 0x2215b25f0 name=AGXG13GFamilyTexture
#### CLASSREF [10] @0x21f0092a0 -> 0x1e00ddbd0 name=MTLTextureDescriptor
#### CLASSREF [11] @0x21f0092a8 -> 0x2215b2168 name=AGXG13GFamilyBlitContext
#### CLASSREF [12] @0x21f0092b0 -> 0x2215b17e0 name=AGXG13GFamilyResourceStateContext
#### CLASSREF [13] @0x21f0092b8 -> 0x2215b1d58 name=AGXG13GFamilyRayTracingGPUBuilder
#### CLASSREF [14] @0x21f0092c0 -> 0x2215b2190 name=AGXG13GFamilyRenderContext
#### CLASSREF [15] @0x21f0092c8 -> 0x2215b21b8 name=AGXG13GFamilyComputeContext
#### CLASSREF [16] @0x21f0092d0 -> 0x2215b21e0 name=AGXG13GFamilyThreadedRenderPass
#### CLASSREF [17] @0x21f0092d8 -> 0x2215b1dd0 name=AGXG13GFamilySampledRenderContext
#### CLASSREF [18] @0x21f0092e0 -> 0x2215b1e98 name=AGXG13GFamilySampledComputeContext
#### CLASSREF [19] @0x21f0092e8 -> 0x1dfb79668 name=NSData
#### CLASSREF [20] @0x21f0092f0 -> 0x2215b1830 name=AGXG13GFamilyCommandBuffer
#### CLASSREF [21] @0x21f0092f8 -> 0x1e00e01c8 name=_MTLProgramAddressTableMappedBinary
#### CLASSREF [22] @0x21f009300 -> 0x1e00e0178 name=_MTLPipelineStateBinary
#### CLASSREF [23] @0x21f009308 -> 0x1dfb795a0 name=NSArray
#### MACWS_GOT AGXMetal13_3: symtab=8331 syms, strtab=461166853 bytes, indirect=555 entries
####   sect[0] __DATA_CONST,__got type=0 entries=97 indirect_start=228 auth=0
####   bind[1] _MTLCommonCounterSetTimestamp -> 0x1d883d290 (slot=0x21bd1b9e0 auth=0)
####   bind[2] _MTLCommonCounterTimestamp -> 0x1d883d1a0 (slot=0x21bd1b9e8 auth=0)
####   bind[3] _MTLCompileTimeStatisticsKeyBackend -> 0x1dd3f0f60 (slot=0x21bd1b9f0 auth=0)
####   bind[4] _MTLCompileTimeStatisticsKeyCachedFunction -> 0x1dd3f0f10 (slot=0x21bd1b9f8 auth=0)
####   bind[5] _MTLCompileTimeStatisticsKeyCompilerTotal -> 0x1dd3f0f48 (slot=0x21bd1ba00 auth=0)
####   bind[6] _MTLCompileTimeStatisticsKeyDriverTotal -> 0x1dd3f0f40 (slot=0x21bd1ba08 auth=0)
####   bind[7] _MTLCompileTimeStatisticsKeyFunctionName -> 0x1dd3f0f08 (slot=0x21bd1ba10 auth=0)
####   bind[8] _MTLCompileTimeStatisticsKeyMTLCompilerService -> 0x1dd3f0f20 (slot=0x21bd1ba18 auth=0)
####   bind[9] _MTLCompileTimeStatisticsKeyOptimization -> 0x1dd3f0f58 (slot=0x21bd1ba20 auth=0)
####   bind[10] _MTLCompileTimeStatisticsKeyPipelineTotal -> 0x1dd3f0f18 (slot=0x21bd1ba28 auth=0)
####   bind[11] _MTLCompileTimeStatisticsKeyPipelinesCompute -> 0x1dd3efe30 (slot=0x21bd1ba30 auth=0)
####   IOGPU-CRITICAL _OBJC_IVAR_$_IOGPUMTLLateEvalEvent._eventName = 0x1dd8d29d0 (slot=0x21bd1bb28 auth=0)
####   IOGPU-CRITICAL _OBJC_IVAR_$_IOGPUMetalBuffer._primaryBuffer = 0x1dd8d291c (slot=0x21bd1bb30 auth=0)
####   IOGPU-CRITICAL _OBJC_IVAR_$_IOGPUMetalCommandQueue._commandQueue = 0x1dd8d2960 (slot=0x21bd1bb38 auth=0)
####   IOGPU-CRITICAL _OBJC_IVAR_$_IOGPUMetalDevice._segmentByteThreshold = 0x1dd8d2a2c (slot=0x21bd1bb40 auth=0)
####   IOGPU-CRITICAL _OBJC_IVAR_$_IOGPUMetalFence._fenceIndex = 0x1dd8d2aa8 (slot=0x21bd1bb48 auth=0)
####   IOGPU-CRITICAL _OBJC_IVAR_$_IOGPUMetalHeap._resource = 0x1dd8d2ac4 (slot=0x21bd1bb50 auth=0)
####   IOGPU-CRITICAL _OBJC_IVAR_$_IOGPUMetalResource._res = 0x1dd8d2af4 (slot=0x21bd1bb58 auth=0)
####   IOGPU-CRITICAL _OBJC_IVAR_$_IOGPUMetalTexture._arrayLength = 0x1dd8d2b38 (slot=0x21bd1bb60 auth=0)
####   IOGPU-CRITICAL _OBJC_IVAR_$_IOGPUMetalTexture._depth = 0x1dd8d2b34 (slot=0x21bd1bb68 auth=0)
####   IOGPU-CRITICAL _OBJC_IVAR_$_IOGPUMetalTexture._height = 0x1dd8d2b30 (slot=0x21bd1bb70 auth=0)
####   IOGPU-CRITICAL _OBJC_IVAR_$_IOGPUMetalTexture._isCompressed = 0x1dd8d2b54 (slot=0x21bd1bb78 auth=0)
####   IOGPU-CRITICAL _OBJC_IVAR_$_IOGPUMetalTexture._mipmapLevelCount = 0x1dd8d2b3c (slot=0x21bd1bb80 auth=0)
####   IOGPU-CRITICAL _OBJC_IVAR_$_IOGPUMetalTexture._numFaces = 0x1dd8d2b8c (slot=0x21bd1bb88 auth=0)
####   IOGPU-CRITICAL _OBJC_IVAR_$_IOGPUMetalTexture._parentTexture = 0x1dd8d2b58 (slot=0x21bd1bb90 auth=0)
####   IOGPU-CRITICAL _OBJC_IVAR_$_IOGPUMetalTexture._pixelFormat = 0x1dd8d2b28 (slot=0x21bd1bb98 auth=0)
####   IOGPU-CRITICAL _OBJC_IVAR_$_IOGPUMetalTexture._sampleCount = 0x1dd8d2b40 (slot=0x21bd1bba0 auth=0)
####   IOGPU-CRITICAL _OBJC_IVAR_$_IOGPUMetalTexture._textureType = 0x1dd8d2b24 (slot=0x21bd1bba8 auth=0)
####   IOGPU-CRITICAL _OBJC_IVAR_$_IOGPUMetalTexture._width = 0x1dd8d2b2c (slot=0x21bd1bbb0 auth=0)
####   sect[7] __AUTH_CONST,__auth_got type=0 entries=230 indirect_start=325 auth=1
####   IOGPU-CRITICAL _IOGPUCommandQueueGetConnect = 0x1a18b5b88 (slot=0x222f67448 auth=1)
####   IOGPU-CRITICAL _IOGPUCommandQueueGetID = 0x1a18b5bd0 (slot=0x222f67450 auth=1)
####   IOGPU-CRITICAL _IOGPUDeviceGetConnect = 0x1a18b4654 (slot=0x222f67458 auth=1)
####   IOGPU-CRITICAL _IOGPUDeviceGetNextGlobalTraceID = 0x1a18b47f0 (slot=0x222f67460 auth=1)
####   IOGPU-CRITICAL _IOGPUDeviceTraceEvent = 0x1a18b48bc (slot=0x222f67468 auth=1)
####   IOGPU-CRITICAL _IOGPUMetalCommandBufferStorageBeginKernelCommands = 0x1a18a4ad8 (slot=0x222f67470 auth=1)
####   IOGPU-CRITICAL _IOGPUMetalCommandBufferStorageEndKernelCommands = 0x1a18a4c2c (slot=0x222f67478 auth=1)
####   IOGPU-CRITICAL _IOGPUResourceListAddResource = 0x1a18b71c8 (slot=0x222f67480 auth=1)
####   IOGPU-CRITICAL _IOGPUResourceListMerge = 0x1a18b7278 (slot=0x222f67488 auth=1)
####   IOGPU-CRITICAL _IOGPUResourceListMergeLists = 0x1a18b7354 (slot=0x222f67490 auth=1)
####   bind[131] _IOSurfaceGetAddressFormatOfPlane -> 0x102665a78 (slot=0x222f674c8 auth=1 FORCE)
####   bind[133] _IOSurfaceGetBaseAddressOfPlane -> 0x102665958 (slot=0x222f674d8 auth=1 FORCE)
####   bind[135] _IOSurfaceGetBytesPerRowOfPlane -> 0x10266541c (slot=0x222f674e8 auth=1 FORCE)
####   bind[136] _IOSurfaceGetBytesPerTileDataOfPlane -> 0x102665510 (slot=0x222f674f0 auth=1 FORCE)
####   bind[141] _IOSurfaceGetCompressionTypeOfPlane -> 0x102665134 (slot=0x222f67518 auth=1 FORCE)
####   bind[142] _IOSurfaceGetHeightInCompressedTilesOfPlane -> 0x102665234 (slot=0x222f67520 auth=1 FORCE)
####   bind[145] _IOSurfaceGetWidthInCompressedTilesOfPlane -> 0x102665328 (slot=0x222f67538 auth=1 FORCE)
####   bind[286] _objc_alloc -> 0x102664dc8 (slot=0x222f679c0 auth=1 FORCE)
####   IOGPU-CRITICAL _objc_autoreleasePoolPop = 0x1847c8a7c (slot=0x222f679d8 auth=1)
####   IOGPU-CRITICAL _objc_autoreleasePoolPush = 0x1847c8934 (slot=0x222f679e0 auth=1)
#### MACWS_GOT AGXMetal13_3: indirect_slots=327 patched=323 failed=0
#### MACWS_AGX_NATIVE __auth_got section NOT FOUND
#### MACWS_AGX_NATIVE __got: 97 entries, 0 null, 97 non-null
#### MACWS_AGX_NATIVE dlopen AGXMetal13_3 OK h=0x3ae2fb950
#### MACWS_AGX_NATIVE +[NSBundle bundleWithPath:AGXMetal13_3.bundle] = 0x600123ae0 id=com.apple.AGXMetal13-3
#### MACWS_AGX_NATIVE bundle loadAndReturnError: 1 (err=nil) loaded=1
#### MACWS_AGX_NATIVE bundle pathForResource:ds.g13g = /System/Library/Extensions/AGXMetal13_3.bundle/Contents/Resources/ds.g13g
#### MACWS_AGX_NATIVE getMetalPluginClassForService: returning class AGXG13GFamilyDevice = 0x2215b20f0
#### CBRI_HOOK: installed (orig=0x1a18a2d84)
#### MACWS-NEW-EVENT adapter installed deviceClass=AGXG13GFamilyDevice owner=IOGPUMetalDevice orig=0x1a18a9ef4 added=1
#### MACWS_AGX_NATIVE class_addMethod(AGXG13GFamilyDevice, initWithAcceleratorPort:) = 1
#### MACWS_AGX_NATIVE memoryless witness installed class=AGXG13GFamilyDevice original=0x1e9eb68a8
#### MACWS_AGX_NATIVE memoryless witness total=1 (original results preserved)
#### JIT-MPROTECT flip #2048 ranges=1 prot=RX writers=1 exec_waits=714 late_retries=10
#### MACWS_AGX_NATIVE tile-pipeline probe wrapped AGXG13GFamilyDevice (orig=0x1e9e955e4)
#### MACWS_AGX_NATIVE tile-pipeline probe: 1 class(es) wrapped
#### MACWS_AGX_NATIVE nil-guard wrapped setFragmentTexture:atIndex: on AGXG13GFamilyRenderContext (orig=0x1e9e489e0)
#### MACWS_AGX_NATIVE nil-guard: class AGXG13GRenderContext NOT registered
#### MACWS_AGX_NATIVE nil-guard: class AGXRenderContext NOT registered
#### MACWS_AGX_NATIVE nil-guard: class AGXG13GComputeContext NOT registered
#### MACWS_AGX_NATIVE nil-guard setFragmentTexture:atIndex:: 1 class(es) wrapped
2026-07-29 15:06:27.644 Electron[78023:12335075] Error received in message reply handler: Connection invalid
2026-07-29 15:06:27.644 Electron[78023:12335148] Connection Invalid error for service com.apple.hiservices-xpcservice.
#### MACWS_AGX_NATIVE nil-guard wrapped setVertexTexture:atIndex: on AGXG13GFamilyRenderContext (orig=0x1e9e4f5e8)
#### MACWS_AGX_NATIVE nil-guard: class AGXG13GRenderContext NOT registered
#### MACWS_AGX_NATIVE nil-guard: class AGXRenderContext NOT registered
#### MACWS_AGX_NATIVE nil-guard: class AGXG13GComputeContext NOT registered
#### MACWS_AGX_NATIVE nil-guard setVertexTexture:atIndex:: 1 class(es) wrapped
#### MACWS_AGX_NATIVE swizzled AGXG13GFamilyDevice newTextureWithDescriptor:iosurface:plane:
#### MACWS_AGX_NATIVE swizzled AGXG13GFamilyDevice newTextureWithDescriptor:
#### MACWS_AGX_NATIVE swizzled -[AGXBuffer initWithDevice:bytes:length:options:deallocator:pinnedGPUAddress:]
#### MACWS_AGX_NATIVE noop'd alertCommandBufferActivityStart
#### MACWS_AGX_NATIVE noop'd alertCommandBufferActivityComplete
#### objc_alloc(AGXG13GFamilyDevice) -> 0x6001d2000
#### MACWS_AGX_NATIVE redirecting AGXG13GFamilyDevice init(port=11535) → 2-arg variant
#### debugbydcmmc IOServiceOpen agx connect=14339 type=0x100001 (requested=0x100005)
#### AGXIOC Struct sel=0x7->0x6 inSC=16 outSC=0 -> 0x1
#### AGXIOC Struct sel=0x5->0x4 inSC=0 outSC=32 -> 0x0
#### AGXIOC AsyncScalar sel=0x107->0x107 inCnt=0 -> 0x0
#### AGX_LIFE CREATE id=0x1 type=0 surf=0 bytes=0x10000 kr=0 okC=1 failC=0 okD=0 failD=0 unmatchedD=0 full=0 live=1/0MB [t0=1/0MB t80=0/0MB t82=0/0MB]
#### AGXIOC heap map #1 clientID 0x10000 -> resourceID 0x1 size 0x10000
####   ResCreate OK type=0 clientID=0 +0x30=0 +0x38=0 +0x40=0x10000 +0x58=0 OUT[+0]=0 OUT[+0x08]=0x103c5c000 OUT[+0x10]=0x103c500c0 OUT[+0x48]=0x10000
####   inStruct[0..104]:
####     00: 00 00 00 00 00 00 00 00 01 00 01 00 01 00 00 00
####     10: 01 01 00 01 30 84 00 00 00 00 00 00 00 00 00 00
####     20: 00 00 00 00 00 00 00 00 00 00 00 00 00 00 00 00
####     30: 00 00 00 00 00 00 00 00 00 00 00 00 00 00 00 00
####     40: 00 00 01 00 00 00 00 00 00 00 00 00 00 00 00 00
####     50: 00 00 00 38 00 00 00 00 00 00 00 00 00 00 00 00
####     60: 00 00 00 00 00 00 00 00
#### MACWS_AGX_NATIVE setupCompiler:0x30010 fired (Device=0x6001d2000)
#### MACWS_AGX_NATIVE memoryless witness #1 instance=0x6001d2000 class=AGXG13GFamilyDevice original=0x1e9eb68a8 -> YES
#### objc_alloc(AGXG13GFamilyCommandQueue) -> 0x600090f00
#### AGXIOC Method sel=0x8->0x7 inCnt=0 inSC=1032 outSC=16 -> 0x0
#### AGXIOC Method sel=0x11->0xf inCnt=2 inSC=0 outSC=16 -> 0x0
#### AGXIOC Method sel=0x1d->0x19 inCnt=2 inSC=0 outSC=0 -> 0x0
#### AGXIOC Method sel=0x1f->0x1b inCnt=1 inSC=12 outSC=0 -> 0x0
#### objc_alloc(AGXBuffer) -> 0x600211f80
#### AGXIOC type0 exact initFull length: +0x58=0xc00000000 low32=0 -> +0x40=0x180
#### AGX_LIFE CREATE id=0x2 type=0 surf=0 bytes=0x4000 kr=0 okC=2 failC=0 okD=0 failD=0 unmatchedD=0 full=0 live=2/0MB [t0=2/0MB t80=0/0MB t82=0/0MB]
#### AGXIOC heap map #2 clientID 0x4000 -> resourceID 0x2 size 0x180
####   ResCreate OK type=0 clientID=0 +0x30=0x40 +0x38=0 +0x40=0x180 +0x58=0 OUT[+0]=0x1500000000 OUT[+0x08]=0x103ce0000 OUT[+0x10]=0x103c50180 OUT[+0x48]=0x4000
####   inStruct[0..104]:
####     00: 00 00 00 00 00 00 00 00 01 00 01 00 01 00 00 00
####     10: 01 01 00 01 70 04 00 00 00 00 00 00 00 00 00 00
####     20: 00 00 00 00 00 00 00 00 00 00 00 00 00 00 00 00
####     30: 40 00 00 00 00 00 00 00 00 00 00 00 00 00 00 00
####     40: 80 01 00 00 00 00 00 00 00 00 00 00 00 00 00 00
####     50: 00 00 00 00 00 00 00 00 00 00 00 00 00 00 00 00
####     60: 00 00 00 00 00 00 f0 3f
#### TRACE -[AGXBuffer initFull] self=0x600211f80 dev=0x6001d2000 len=384 align=1→64 opt=0 subDis=0→1 resIn=0x16db69778 pin=0x0 -> 0x600211f80
#### TRACE -[AGXBuffer initUntracked] self=0x600211f80 dev=0x6001d2000 len=384 opt=0 -> 0x600211f80
#### objc_alloc(AGXBuffer) -> 0x600215d00
#### AGXIOC type0 exact initFull length: +0x58=0xc00000000 low32=0 -> +0x40=0x180
#### AGX_LIFE CREATE id=0x3 type=0 surf=0 bytes=0x4000 kr=0 okC=3 failC=0 okD=0 failD=0 unmatchedD=0 full=0 live=3/0MB [t0=3/0MB t80=0/0MB t82=0/0MB]
#### AGXIOC heap map #3 clientID 0x4000 -> resourceID 0x3 size 0x180
####   ResCreate OK type=0 clientID=0 +0x30=0x40 +0x38=0 +0x40=0x180 +0x58=0 OUT[+0]=0x1500008000 OUT[+0x08]=0x103ce4000 OUT[+0x10]=0x103c50240 OUT[+0x48]=0x4000
####   inStruct[0..104]:
####     00: 00 00 00 00 00 00 00 00 01 00 01 00 01 00 00 00
####     10: 01 01 00 01 70 04 00 00 00 00 00 00 00 00 00 00
####     20: 00 00 00 00 00 00 00 00 00 00 00 00 00 00 00 00
####     30: 40 00 00 00 00 00 00 00 00 00 00 00 00 00 00 00
####     40: 80 01 00 00 00 00 00 00 00 00 00 00 00 00 00 00
####     50: 00 00 00 00 00 00 00 00 00 00 00 00 00 00 00 00
####     60: 00 00 00 00 00 00 00 00
#### TRACE -[AGXBuffer initFull] self=0x600215d00 dev=0x6001d2000 len=384 align=1→64 opt=0 subDis=0→1 resIn=0x16db69778 pin=0x0 -> 0x600215d00
#### TRACE -[AGXBuffer initUntracked] self=0x600215d00 dev=0x6001d2000 len=384 opt=0 -> 0x600215d00
#### objc_alloc(AGXBuffer) -> 0x600215b80
#### AGXIOC type0 exact initFull length: +0x58=0xc00000000 low32=0 -> +0x40=0x40
#### AGX_LIFE CREATE id=0x4 type=0 surf=0 bytes=0x4000 kr=0 okC=4 failC=0 okD=0 failD=0 unmatchedD=0 full=0 live=4/0MB [t0=4/0MB t80=0/0MB t82=0/0MB]
#### AGXIOC heap map #4 clientID 0x4000 -> resourceID 0x4 size 0x40
####   ResCreate OK type=0 clientID=0 +0x30=0x40 +0x38=0 +0x40=0x40 +0x58=0 OUT[+0]=0x1500010000 OUT[+0x08]=0x103ce8000 OUT[+0x10]=0x103c50300 OUT[+0x48]=0x4000
####   inStruct[0..104]:
####     00: 00 00 00 00 00 00 00 00 01 00 01 00 01 00 00 00
####     10: 01 01 00 01 70 04 00 00 00 00 00 00 00 00 00 00
####     20: 00 00 00 00 00 00 00 00 00 00 00 00 00 00 00 00
####     30: 40 00 00 00 00 00 00 00 00 00 00 00 00 00 00 00
####     40: 40 00 00 00 00 00 00 00 00 00 00 00 00 00 00 00
####     50: 00 00 00 00 00 00 00 00 00 00 00 00 00 00 00 00
####     60: 7c 84 a0 84 01 80 66 80
#### TRACE -[AGXBuffer initFull] self=0x600215b80 dev=0x6001d2000 len=64 align=1→64 opt=0 subDis=0→1 resIn=0x16db69778 pin=0x0 -> 0x600215b80
#### TRACE -[AGXBuffer initUntracked] self=0x600215b80 dev=0x6001d2000 len=64 opt=0 -> 0x600215b80
#### objc_alloc(AGXBuffer) -> 0x600213c00
#### AGXIOC type0 exact initFull length: +0x58=0xc00000000 low32=0 -> +0x40=0x2000
#### AGX_LIFE CREATE id=0x5 type=0 surf=0 bytes=0x4000 kr=0 okC=5 failC=0 okD=0 failD=0 unmatchedD=0 full=0 live=5/0MB [t0=5/0MB t80=0/0MB t82=0/0MB]
#### AGXIOC heap map #5 clientID 0x4000 -> resourceID 0x5 size 0x2000
####   ResCreate OK type=0 clientID=0 +0x30=0x40 +0x38=0 +0x40=0x2000 +0x58=0 OUT[+0]=0x1500018000 OUT[+0x08]=0x103cec000 OUT[+0x10]=0x103c503c0 OUT[+0x48]=0x4000
####   inStruct[0..104]:
####     00: 00 00 00 00 00 00 00 00 01 00 01 00 01 00 00 00
####     10: 01 01 00 01 70 04 00 00 00 00 00 00 00 00 00 00
####     20: 00 00 00 00 00 00 00 00 00 00 00 00 00 00 00 00
####     30: 40 00 00 00 00 00 00 00 00 00 00 00 00 00 00 00
####     40: 00 20 00 00 00 00 00 00 00 00 00 00 00 00 00 00
####     50: 00 00 00 00 00 00 00 00 00 00 00 00 00 00 00 00
####     60: 7c 84 a0 84 01 80 46 77
#### TRACE -[AGXBuffer initFull] self=0x600213c00 dev=0x6001d2000 len=8192 align=1→64 opt=0 subDis=0→1 resIn=0x16db697c8 pin=0x0 -> 0x600213c00
#### TRACE -[AGXBuffer initUntracked] self=0x600213c00 dev=0x6001d2000 len=8192 opt=0 -> 0x600213c00
#### AGXIOC type0 exact initFull length: +0x58=0xc00000000 low32=0 -> +0x40=0x80
#### AGX_LIFE CREATE id=0x6 type=0 surf=0 bytes=0x4000 kr=0 okC=6 failC=0 okD=0 failD=0 unmatchedD=0 full=0 live=6/0MB [t0=6/0MB t80=0/0MB t82=0/0MB]
#### AGXIOC heap map #6 clientID 0x4000 -> resourceID 0x6 size 0x80
####   ResCreate OK type=0 clientID=0 +0x30=0x40 +0x38=0 +0x40=0x80 +0x58=0 OUT[+0]=0x1500020000 OUT[+0x08]=0x1040dc000 OUT[+0x10]=0x103c50480 OUT[+0x48]=0x4000
####   inStruct[0..104]:
####     00: 00 00 00 00 00 00 00 00 01 00 01 00 01 00 00 00
####     10: 01 01 00 01 70 04 00 00 00 00 00 00 00 00 00 00
####     20: 00 00 00 00 00 00 00 00 00 00 00 00 00 00 00 00
####     30: 40 00 00 00 00 00 00 00 00 00 00 00 00 00 00 00
####     40: 80 00 00 00 00 00 00 00 00 00 00 00 00 00 00 00
####     50: 00 00 00 00 00 00 00 00 00 00 00 00 00 00 00 00
####     60: 01 00 00 00 00 00 00 00
#### TRACE -[AGXBuffer initFull] self=0x600213a80 dev=0x6001d2000 len=128 align=1→64 opt=0 subDis=0→1 resIn=0x16db697b8 pin=0x0 -> 0x600213a80
#### TRACE -[AGXBuffer initUntracked] self=0x600213a80 dev=0x6001d2000 len=128 opt=0 -> 0x600213a80
#### AGXIOC type0 exact initFull length: +0x58=0xc00000000 low32=0 -> +0x40=0x100
#### AGX_LIFE CREATE id=0x7 type=0 surf=0 bytes=0x4000 kr=0 okC=7 failC=0 okD=0 failD=0 unmatchedD=0 full=0 live=7/0MB [t0=7/0MB t80=0/0MB t82=0/0MB]
#### AGXIOC heap map #7 clientID 0x4000 -> resourceID 0x7 size 0x100
####   ResCreate OK type=0 clientID=0 +0x30=0x40 +0x38=0 +0x40=0x100 +0x58=0 OUT[+0]=0x1500028000 OUT[+0x08]=0x1040e0000 OUT[+0x10]=0x103c50540 OUT[+0x48]=0x4000
####   inStruct[0..104]:
####     00: 00 00 00 00 00 00 00 00 01 00 01 00 01 00 00 00
####     10: 01 01 00 01 70 04 00 00 00 00 00 00 00 00 00 00
####     20: 00 00 00 00 00 00 00 00 00 00 00 00 00 00 00 00
####     30: 40 00 00 00 00 00 00 00 00 00 00 00 00 00 00 00
####     40: 00 01 00 00 00 00 00 00 00 00 00 00 00 00 00 00
####     50: 00 00 00 00 00 00 00 00 00 00 00 00 00 00 00 00
####     60: 01 00 00 00 00 00 00 00
#### TRACE -[AGXBuffer initFull] self=0x600213900 dev=0x6001d2000 len=256 align=1→64 opt=0 subDis=0→1 resIn=0x16db697b8 pin=0x0 -> 0x600213900
#### TRACE -[AGXBuffer initUntracked] self=0x600213900 dev=0x6001d2000 len=256 opt=0 -> 0x600213900
#### AGXIOC type0 exact initFull length: +0x58=0xc00000000 low32=0 -> +0x40=0x100
#### AGX_LIFE CREATE id=0x8 type=0 surf=0 bytes=0x4000 kr=0 okC=8 failC=0 okD=0 failD=0 unmatchedD=0 full=0 live=8/0MB [t0=8/0MB t80=0/0MB t82=0/0MB]
#### AGXIOC heap map #8 clientID 0x4000 -> resourceID 0x8 size 0x100
####   ResCreate OK type=0 clientID=0 +0x30=0x40 +0x38=0 +0x40=0x100 +0x58=0 OUT[+0]=0x1500030000 OUT[+0x08]=0x1040e4000 OUT[+0x10]=0x103c50600 OUT[+0x48]=0x4000
####   inStruct[0..104]:
####     00: 00 00 00 00 00 00 00 00 01 00 01 00 01 00 00 00
####     10: 01 01 00 01 70 04 00 00 00 00 00 00 00 00 00 00
####     20: 00 00 00 00 00 00 00 00 00 00 00 00 00 00 00 00
####     30: 40 00 00 00 00 00 00 00 00 00 00 00 00 00 00 00
####     40: 00 01 00 00 00 00 00 00 00 00 00 00 00 00 00 00
####     50: 00 00 00 00 00 00 00 00 00 00 00 00 00 00 00 00
####     60: 01 00 00 00 00 00 00 00
#### TRACE -[AGXBuffer initFull] self=0x600213780 dev=0x6001d2000 len=256 align=1→64 opt=0 subDis=0→1 resIn=0x16db697b8 pin=0x0 -> 0x600213780
#### TRACE -[AGXBuffer initUntracked] self=0x600213780 dev=0x6001d2000 len=256 opt=0 -> 0x600213780
#### AGXIOC type0 exact initFull length: +0x58=0xc00000000 low32=0 -> +0x40=0x100
#### AGX_LIFE CREATE id=0x9 type=0 surf=0 bytes=0x4000 kr=0 okC=9 failC=0 okD=0 failD=0 unmatchedD=0 full=0 live=9/0MB [t0=9/0MB t80=0/0MB t82=0/0MB]
#### AGXIOC heap map #9 clientID 0x4000 -> resourceID 0x9 size 0x100
####   ResCreate OK type=0 clientID=0 +0x30=0x40 +0x38=0 +0x40=0x100 +0x58=0 OUT[+0]=0x1500038000 OUT[+0x08]=0x1040e8000 OUT[+0x10]=0x103c506c0 OUT[+0x48]=0x4000
####   inStruct[0..104]:
####     00: 00 00 00 00 00 00 00 00 01 00 01 00 01 00 00 00
####     10: 01 01 00 01 70 04 00 00 00 00 00 00 00 00 00 00
####     20: 00 00 00 00 00 00 00 00 00 00 00 00 00 00 00 00
####     30: 40 00 00 00 00 00 00 00 00 00 00 00 00 00 00 00
####     40: 00 01 00 00 00 00 00 00 00 00 00 00 00 00 00 00
####     50: 00 00 00 00 00 00 00 00 00 00 00 00 00 00 00 00
####     60: 01 00 00 00 00 00 00 00
#### TRACE -[AGXBuffer initFull] self=0x600214200 dev=0x6001d2000 len=256 align=1→64 opt=0 subDis=0→1 resIn=0x16db697b8 pin=0x0 -> 0x600214200
#### TRACE -[AGXBuffer initUntracked] self=0x600214200 dev=0x6001d2000 len=256 opt=0 -> 0x600214200
#### AGX_LIFE CREATE id=0xa type=0 surf=0 bytes=0x10000 kr=0 okC=10 failC=0 okD=0 failD=0 unmatchedD=0 full=0 live=10/0MB [t0=10/0MB t80=0/0MB t82=0/0MB]
#### AGXIOC heap map #10 clientID 0x10000 -> resourceID 0xa size 0x10000
####   ResCreate OK type=0 clientID=0 +0x30=0 +0x38=0 +0x40=0x10000 +0x58=0 OUT[+0]=0x1500040000 OUT[+0x08]=0x1040ec000 OUT[+0x10]=0x103c50780 OUT[+0x48]=0x10000
####   inStruct[0..104]:
####     00: 00 00 00 00 00 00 00 00 01 00 01 00 01 00 00 00
####     10: 01 01 00 01 30 04 00 00 00 00 00 00 00 00 00 00
####     20: 00 00 00 00 00 00 00 00 00 00 00 00 00 00 00 00
####     30: 00 00 00 00 00 00 00 00 00 00 00 00 00 00 00 00
####     40: 00 00 01 00 00 00 00 00 00 00 00 00 00 00 00 00
####     50: 00 00 00 08 00 00 00 00 00 00 00 00 00 00 00 00
####     60: 00 00 00 00 00 00 00 00
#### AGXIOC type0 exact initFull length: +0x58=0xc00000000 low32=0 -> +0x40=0x2000
#### AGX_LIFE CREATE id=0xb type=0 surf=0 bytes=0x4000 kr=0 okC=11 failC=0 okD=0 failD=0 unmatchedD=0 full=0 live=11/0MB [t0=11/0MB t80=0/0MB t82=0/0MB]
#### AGXIOC heap map #11 clientID 0x4000 -> resourceID 0xb size 0x2000
####   ResCreate OK type=0 clientID=0 +0x30=0x40 +0x38=0 +0x40=0x2000 +0x58=0 OUT[+0]=0x1500058000 OUT[+0x08]=0x1040fc000 OUT[+0x10]=0x103c50840 OUT[+0x48]=0x4000
####   inStruct[0..104]:
####     00: 00 00 00 00 00 00 00 00 01 00 01 00 01 00 00 00
####     10: 01 01 00 01 70 04 00 00 00 00 00 00 00 00 00 00
####     20: 00 00 00 00 00 00 00 00 00 00 00 00 00 00 00 00
####     30: 40 00 00 00 00 00 00 00 00 00 00 00 00 00 00 00
####     40: 00 20 00 00 00 00 00 00 00 00 00 00 00 00 00 00
####     50: 00 00 00 00 00 00 00 00 00 00 00 00 00 00 00 00
####     60: cc 2e 3a dc 65 17 f8 ac
#### TRACE -[AGXBuffer initFull] self=0x600214080 dev=0x6001d2000 len=8192 align=1→64 opt=0 subDis=0→1 resIn=0x16db69518 pin=0x0 -> 0x600214080
#### TRACE -[AGXBuffer initUntracked] self=0x600214080 dev=0x6001d2000 len=8192 opt=0 -> 0x600214080
#### AGXIOC type0 exact initFull length: +0x58=0xc00000000 low32=0 -> +0x40=0x80
#### AGXIOC sel=0x9 type=0 args+0x14=0x2470 → 0x470 (stripped macOS-only bits 0x2800)
#### AGX_LIFE CREATE id=0xc type=0 surf=0 bytes=0x4000 kr=0 okC=12 failC=0 okD=0 failD=0 unmatchedD=0 full=0 live=12/0MB [t0=12/0MB t80=0/0MB t82=0/0MB]
#### AGXIOC heap map #12 clientID 0x4000 -> resourceID 0xc size 0x80
####   ResCreate OK type=0 clientID=0 +0x30=0x40 +0x38=0 +0x40=0x80 +0x58=0 OUT[+0]=0x1500060000 OUT[+0x08]=0x104354000 OUT[+0x10]=0x103c50900 OUT[+0x48]=0x4000
####   inStruct[0..104]:
####     00: 00 00 00 00 00 00 00 00 01 00 01 00 01 00 00 00
####     10: 01 01 00 01 70 04 00 00 00 00 00 00 00 00 00 00
####     20: 00 00 00 00 00 00 00 00 00 00 00 00 00 00 00 00
####     30: 40 00 00 00 00 00 00 00 00 00 00 00 00 00 00 00
####     40: 80 00 00 00 00 00 00 00 00 00 00 00 00 00 00 00
####     50: 00 00 00 00 00 00 00 00 00 00 00 00 00 00 00 00
####     60: 00 00 00 00 00 00 00 00
#### TRACE -[AGXBuffer initFull] self=0x600215100 dev=0x6001d2000 len=128 align=1→64 opt=32 subDis=0→1 resIn=0x16db697f8 pin=0x0 -> 0x600215100
#### TRACE -[AGXBuffer initUntracked] self=0x600215100 dev=0x6001d2000 len=128 opt=32 -> 0x600215100
#### tile-encoder forwards: class MTLSimRenderCommandEncoder NOT found
#### IOGPU-CALLBACK-DIAG installed queueClass=0x1dfd488d0 method=0x0 orig=0x0 bufferClass=0x1dfd48830 method=0x1a18bf9a5 orig=0x1a18a2be8 errorMethod=0x18e0fbe01 errorOrig=0x18dfcddcc (file-gated)
#### NSXPCSharedListener class=0x1e00c3bd8
#### NSXPCSharedListener endpointForReply swizzle installed
#### NSXPCSharedListener connectToService swizzle installed
#### MACWS_AGX_NATIVE memoryless witness #2 instance=0x6001d2000 class=AGXG13GFamilyDevice original=0x1e9eb68a8 -> YES
#### AGXIOC RAW DUMP sel=0x9 type=0x82 inStructCnt=104 (PRE-patch):
    +0000: 82 00 00 00 00 00 00 00 10 00 10 00 01 00 00 00
    +0x10: 01 01 00 10 30 04 00 00 00 00 00 00 00 00 00 00
    +0x20: 00 00 00 00 00 00 00 00 00 00 00 00 00 00 00 00
    +0x30: 00 00 00 00 00 00 00 00 96 00 00 00 00 00 00 00
    +0x40: 00 00 00 00 00 00 00 00 00 00 00 00 00 00 00 00
    +0x50: 00 00 00 00 00 00 00 00 00 8f 88 80 01 00 00 00
    +0x60: 00 00 00 00 00 00 00 00
####   key fields: +0x14=0x430 +0x15(byte)=0x4 +0x30=0 +0x34=0 +0x38=0x96 +0x40=0 +0x48=0 +0x58=0x180888f00
#### AGXIOC type=0x82 patch #1: f14=0x430 +0x30 0→0x96 +0x38 0x96→0 +0x40 0→0 +0x50 0→0x180888f00 +0x58 0x180888f00→0
#### AGX_LIFE CREATE id=0xd type=0x82 surf=0x96 bytes=0x4000 kr=0 okC=13 failC=0 okD=0 failD=0 unmatchedD=0 full=0 live=13/0MB [t0=12/0MB t80=0/0MB t82=1/0MB]
#### AGX_LIFE type82 CREATE stack #1 resourceID=0xd surf=0x96 (16 frames):
0   libmachook_arm64.dylib              0x000000010266d810 IOConnectCallMethod_new + 20336
1   IOGPU                               0x00000001a18b618c IOGPUResourceCreate + 236
2   IOGPU                               0x00000001a18b0138 -[IOGPUMetalResource initWithDevice:remoteStorageResource:options:args:argsSize:] + 460
3   libmachook_arm64.dylib              0x000000010266135c __loadImageCallback_block_invoke_20 + 96
4   IOGPU                               0x00000001a18b25ec -[IOGPUMetalTexture initWithDevice:descriptor:iosurface:plane:field:args:argsSize:] + 824
5   AGXMetal13_3                        0x00000001ea1baf38 -[AGXTexture initWithDevice:desc:iosurface:plane:] + 288
6   libmachook_arm64.dylib              0x00000001026898b8 -[MTLFakeDevice hooked_newTextureWithDescriptor:] + 3400
7   libGLESv2.dylib                     0x000000010c8d7714 glStartTilingQCOM + 2731796
8   libGLESv2.dylib                     0x000000010c8eab48 glStartTilingQCOM + 2810696
9   libGLESv2.dylib                     0x000000010c8e9e40 glStartTilingQCOM + 2807360
10  libGLESv2.dylib                     0x000000010c8e9ccc glStartTilingQCOM + 2806988
11  libGLESv2.dylib                     0x000000010c8c1648 glStartTilingQCOM + 2641480
12  libGLESv2.dylib                     0x000000010c8c1ff4 glStartTilingQCOM + 2643956
13  libGLESv2.dylib                     0x000000010c7acf58 glStartTilingQCOM + 1509208
14  libGLESv2.dylib                     0x000000010c743480 glStartTilingQCOM + 1076352
15  libGLESv2.dylib                     0x000000010c617a88 GL_TexImage2D + 144
####   ResCreate OK type=0x82 clientID=0 +0x30=0x96 +0x38=0 +0x40=0 +0x58=0 OUT[+0]=0x1500068000 OUT[+0x08]=0 OUT[+0x10]=0x103c509c0 OUT[+0x48]=0x4000
####   inStruct[0..104]:
####     00: 82 00 00 00 00 00 00 00 10 00 10 00 01 00 00 00
####     10: 01 01 00 10 30 04 00 00 00 00 00 00 00 00 00 00
####     20: 00 00 00 00 00 00 00 00 00 00 00 00 00 00 00 00
####     30: 96 00 00 00 00 00 00 00 00 00 00 00 00 00 00 00
####     40: 00 00 00 00 00 00 00 00 00 00 00 00 00 00 00 00
####     50: 00 8f 88 80 01 00 00 00 00 00 00 00 00 00 00 00
####     60: 00 00 00 00 00 00 00 00
#### MTL_TEX LEASE-NEW #1 key=16x16-pf125-bpe16-fcc1380410945 entry=0x600922a90 surf=0x600039720 tex=0x6001b9d80 retain=2 baseline=1 bpr=256 alloc=16KB shapeEntries=1 pool=0MB map=LINEAR
#### AGX_MAP_AUDIT: _impl ivar offset = 0x208
#### AGX_MAP_AUDIT #0 tex=0x6001b9d80 impl=0x6001ba000 iosurface(arg=0x600039720 bound=0x600039720) plane=0 cpu130=0x104494000 gpu40=0x1500068000 descriptorOff=0x190 descriptorLayout=0 compressed=0 extended=0 match=1
#### MACWS_AGX_NATIVE memoryless witness #3 instance=0x6001d2000 class=AGXG13GFamilyDevice original=0x1e9eb68a8 -> YES
#### AGXIOC type=0x82 patch #2: f14=0x430 +0x30 0→0x97 +0x38 0x97→0 +0x40 0→0 +0x50 0→0x180888f00 +0x58 0x180888f00→0
#### AGX_LIFE CREATE id=0xe type=0x82 surf=0x97 bytes=0x4000 kr=0 okC=14 failC=0 okD=0 failD=0 unmatchedD=0 full=0 live=14/0MB [t0=12/0MB t80=0/0MB t82=2/0MB]
#### AGX_LIFE type82 CREATE stack #2 resourceID=0xe surf=0x97 (16 frames):
0   libmachook_arm64.dylib              0x000000010266d810 IOConnectCallMethod_new + 20336
1   IOGPU                               0x00000001a18b618c IOGPUResourceCreate + 236
2   IOGPU                               0x00000001a18b0138 -[IOGPUMetalResource initWithDevice:remoteStorageResource:options:args:argsSize:] + 460
3   libmachook_arm64.dylib              0x000000010266135c __loadImageCallback_block_invoke_20 + 96
4   IOGPU                               0x00000001a18b25ec -[IOGPUMetalTexture initWithDevice:descriptor:iosurface:plane:field:args:argsSize:] + 824
5   AGXMetal13_3                        0x00000001ea1baf38 -[AGXTexture initWithDevice:desc:iosurface:plane:] + 288
6   libmachook_arm64.dylib              0x00000001026898b8 -[MTLFakeDevice hooked_newTextureWithDescriptor:] + 3400
7   libGLESv2.dylib                     0x000000010c8d7714 glStartTilingQCOM + 2731796
8   libGLESv2.dylib                     0x000000010c8eab48 glStartTilingQCOM + 2810696
9   libGLESv2.dylib                     0x000000010c8e9e40 glStartTilingQCOM + 2807360
10  libGLESv2.dylib                     0x000000010c8e9ccc glStartTilingQCOM + 2806988
11  libGLESv2.dylib                     0x000000010c8c1648 glStartTilingQCOM + 2641480
12  libGLESv2.dylib                     0x000000010c8c1ff4 glStartTilingQCOM + 2643956
13  libGLESv2.dylib                     0x000000010c7acf58 glStartTilingQCOM + 1509208
14  libGLESv2.dylib                     0x000000010c743480 glStartTilingQCOM + 1076352
15  libGLESv2.dylib                     0x000000010c617a88 GL_TexImage2D + 144
####   ResCreate OK type=0x82 clientID=0 +0x30=0x97 +0x38=0 +0x40=0 +0x58=0 OUT[+0]=0x1500070000 OUT[+0x08]=0 OUT[+0x10]=0x103c50a80 OUT[+0x48]=0x4000
####   inStruct[0..104]:
####     00: 82 00 00 00 00 00 00 00 10 00 10 00 01 00 00 00
####     10: 01 01 00 10 30 04 00 00 00 00 00 00 00 00 00 00
####     20: 00 00 00 00 00 00 00 00 00 00 00 00 00 00 00 00
####     30: 97 00 00 00 00 00 00 00 00 00 00 00 00 00 00 00
####     40: 00 00 00 00 00 00 00 00 00 00 00 00 00 00 00 00
####     50: 00 8f 88 80 01 00 00 00 00 00 00 00 00 00 00 00
####     60: 00 00 00 00 00 00 00 00
#### MTL_TEX LEASE-NEW #2 key=16x16-pf125-bpe16-fcc1380410945 entry=0x600922f40 surf=0x6000396a0 tex=0x6001ba500 retain=2 baseline=1 bpr=256 alloc=16KB shapeEntries=2 pool=0MB map=LINEAR
#### AGX_MAP_AUDIT #1 tex=0x6001ba500 impl=0x6001ba280 iosurface(arg=0x6000396a0 bound=0x6000396a0) plane=0 cpu130=0x104498000 gpu40=0x1500070000 descriptorOff=0x190 descriptorLayout=0 compressed=0 extended=0 match=1
#### AGXIOC Method sel=0xf->0xd inCnt=2 inSC=0 outSC=16 -> 0x0
#### AGXIOC Method sel=0xf->0xd inCnt=2 inSC=0 outSC=16 -> 0x0
#### AGXIOC Struct sel=0x6->0x5 inSC=0 outSC=16 -> 0x0
#### JIT-MPROTECT flip #3072 ranges=1 prot=RX writers=1 exec_waits=1093 late_retries=15
[90m[main 2026-07-29T22:06:27.887Z][0m StorageMainService: creating application shared storage
#### JIT-MPROTECT flip #4096 ranges=1 prot=RX writers=1 exec_waits=1416 late_retries=20
#### MACWS_HID_BYPASS installed SetMatchingMultiple → no-op (1) at 0x187cede8c — skips iOS-format CFBinaryPlist parse inside
####   IOHIDEventSystemClientCacheMatchingServices → IOHIDUnserializeAndVMDealloc → CFPropertyListCreateFromStream
####   that BUS_ADRALNs in the IOMFBServer thread.
#### MACWS_AGX_RENAMER_PATCH: off (set MACWS_AGX_RENAMER_PATCH=1 to enable)
#### MACWS_ASSERT_BYPASS DISABLED (set MACWS_KEEP_ASSERT_BYPASS=1 to restore lazy bypass) — real __assert_rtn now reaches abort
#### MACWS_AGX_NATIVE [ctor] pre-loaded IOGPU via /System/Library/PrivateFrameworks/IOGPU.framework/IOGPU -> 0x3ae29cc10
#### XPC_BOOTSTRAP: fn=0x1848a5140 dict=0x131814e30 (registering Metal/ViewBridge/HIServices)
#### XPC_BOOTSTRAP: called OK
#### COEXIST API SwapEnd hook installed target=0x18f7831cc trampoline=0x103c60000
#### SkyLight PrepareForUse tolerate-nil hook installed at 0x189b64fc4
#### SkyLight StartCompositeForDisplayStream nil-skip hook installed at 0x18998dd74
#### SkyLight StartComposite(WSCD) tolerate-nil + pop-on-bail hook installed at 0x18998d358
#### SkyLight StartComposite(MTLTex) pop-on-bail hook installed at 0x18998dfb8
#### SkyLight EndCurrentComposite(bool) completion hook installed at 0x18998c53c
#### SkyLight EndUpdate(bool) submission hook installed at 0x18998c0b0
#### SkyLight _state_stack pop_back resolved at 0x18998afa0
#### SkyLight WSCompositeDestinationCreateWithMetalTexture nil-tolerate hook installed at 0x18999053c
#### SkyLight MetalContext::StopCapture invalid-this guard installed at 0x18998c1bc
#### MACWS_AGX_NATIVE class_addMethod(MTLTextureDescriptor, validateWithDevice:) = 1
#### MACWS_AGX_NATIVE class_addMethod(IOGPUMetalTexture, isMemoryless) = 1
#### MACWS_AGX_NATIVE class_addMethod(IOGPUMetalTexture, getCPUSizeBytes) = 1
#### MACWS_AGX_NATIVE class_addMethod(IOGPUMetalTexture, getAlignment) = 1
#### MACWS_AGX_NATIVE class_addMethod(IOGPUMetalTexture, descriptorPrivate) = 1
#### MACWS_AGX_NATIVE class_addMethod(IOGPUMetalTexture, getBytesPerRow) = 1
#### MACWS_AGX_NATIVE class_addMethod(IOGPUMetalTexture, updateBindDataWithAddresses:gpuVirtualAddress:) = 1
#### MACWS_AGX_NATIVE class_addMethod(IOGPUMetalTexture, updateBindDataWithAddresses:gpuVirtualAddress:shouldInitMetadata:) = 1
#### MACWS_AGX_NATIVE class_addMethod(IOGPUMetalTexture, allocBufferSubDataWithLength:options:alignment:heapIndex:bufferIndex:bufferOffset:) = 1
#### MACWS_AGX_NATIVE class_addMethod(IOGPUMetalTexture, initNewTextureData:) = 1
#### MACWS_AGX_NATIVE class_addMethod(MTLTextureDescriptor, isMemoryless) = 1
#### MACWS_AGX_NATIVE class_addMethod(MTLTextureDescriptor, protectionOptions) = 1
#### MACWS_AGX_NATIVE class_addMethod(MTLTextureDescriptor, getCPUSizeBytes) = 1
#### MACWS_AGX_NATIVE class_addMethod(MTLTextureDescriptor, getAlignment) = 1
#### MACWS_AGX_NATIVE class_addMethod(MTLTextureDescriptor, descriptorPrivate) = 1
#### MACWS_AGX_NATIVE class_addMethod(MTLTextureDescriptor, getBytesPerRow) = 1
#### MACWS_AGX_NATIVE class_addMethod(MTLTextureDescriptor, updateBindDataWithAddresses:gpuVirtualAddress:) = 1
#### MACWS_AGX_NATIVE class_addMethod(MTLTextureDescriptor, updateBindDataWithAddresses:gpuVirtualAddress:shouldInitMetadata:) = 1
#### MACWS_AGX_NATIVE class_addMethod(MTLTextureDescriptor, allocBufferSubDataWithLength:options:alignment:heapIndex:bufferIndex:bufferOffset:) = 1
#### MACWS_AGX_NATIVE class_addMethod(MTLTextureDescriptor, initNewTextureData:) = 1
#### AMFI-POLICY-COMPAT policy=AMFI op=0x60 status=0x4 (iOS task ports are hard-immovable)
#### CSR-POLICY-COMPAT active_config=0x0 (conservative iOS compatibility value)
[78041:0729/150628.841568:ERROR:base/process/process_mac.cc:53] task_policy_set TASK_CATEGORY_POLICY: (os/kern) invalid argument (4)
2026-07-29 15:06:28.846 Code Helper (Renderer)[78041:12335221] XType: Using static font registry.
#### JIT-MPROTECT range[0]=[0x280000000,0x290000000) source=MAP_JIT-EINVAL
#### JIT-MPROTECT execution barrier installed (W^X fetch-wait compatibility)
#### JIT-MPROTECT range[0]=[0x280000000,0x290000000) source=MAP_JIT-EINVAL
#### JIT-MPROTECT range[0]=[0x280000000,0x290000000) source=MAP_JIT-EINVAL
#### JIT-MPROTECT range[0]=[0x280000000,0x290000000) source=MAP_JIT-EINVAL
#### JIT-MPROTECT range[0]=[0x280000000,0x290000000) source=MAP_JIT-EINVAL
#### JIT-MPROTECT range[0]=[0x280000000,0x290000000) source=MAP_JIT-EINVAL
#### JIT-MPROTECT range[0]=[0x280000000,0x290000000) source=MAP_JIT-EINVAL
#### JIT-MPROTECT range[0]=[0x280000000,0x290000000) source=MAP_JIT-EINVAL
#### JIT-MPROTECT range[0]=[0x170000000,0x180000000) source=MAP_JIT-EINVAL
#### JIT-MPROTECT remap decline #1 dst=0x177dc0000 size=0x208000 src=0x111954000 requested=0x5 -> V8 copy fallback
#### JIT-MPROTECT flip #1 ranges=1 prot=RW writers=1 exec_waits=0 late_retries=0
#### JIT-MPROTECT flip #2 ranges=1 prot=RX writers=1 exec_waits=0 late_retries=0
[90m[main 2026-07-29T22:06:28.932Z][0m [shared storage] Creating shared storage database at '/Users/root/.vscode-shared/sharedStorage/state.vscdb' (wasCreated: false)
[90m[main 2026-07-29T22:06:28.936Z][0m [shared storage] Initializing fallback application storage (path: /tmp/macws-vscode-profile-agx-native-targetfix12/User/globalStorage/state.vscdb)
[90m[main 2026-07-29T22:06:29.143Z][0m [shared storage] Fallback application storage initialized with 80 items
[90m[main 2026-07-29T22:06:29.160Z][0m update#setState disabled
[90m[main 2026-07-29T22:06:29.160Z][0m update#ctor - updates are disabled by the environment
#### JIT-MPROTECT flip #3 ranges=1 prot=RW writers=1 exec_waits=0 late_retries=0
#### JIT-MPROTECT flip #4 ranges=1 prot=RX writers=1 exec_waits=0 late_retries=0
#### JIT-MPROTECT flip #5 ranges=1 prot=RW writers=1 exec_waits=0 late_retries=0
#### JIT-MPROTECT flip #6 ranges=1 prot=RX writers=1 exec_waits=0 late_retries=0
#### JIT-MPROTECT flip #7 ranges=1 prot=RW writers=1 exec_waits=1 late_retries=0
#### JIT-MPROTECT flip #8 ranges=1 prot=RX writers=1 exec_waits=1 late_retries=0
#### JIT-MPROTECT flip #9 ranges=1 prot=RW writers=1 exec_waits=1 late_retries=0
#### JIT-MPROTECT flip #10 ranges=1 prot=RX writers=1 exec_waits=2 late_retries=0
#### JIT-MPROTECT flip #11 ranges=1 prot=RW writers=1 exec_waits=2 late_retries=0
#### JIT-MPROTECT flip #12 ranges=1 prot=RX writers=1 exec_waits=3 late_retries=0
#### JIT-MPROTECT flip #13 ranges=1 prot=RW writers=1 exec_waits=3 late_retries=0
#### JIT-MPROTECT flip #14 ranges=1 prot=RX writers=1 exec_waits=4 late_retries=0
#### JIT-MPROTECT flip #15 ranges=1 prot=RW writers=1 exec_waits=4 late_retries=0
#### JIT-MPROTECT flip #16 ranges=1 prot=RX writers=1 exec_waits=4 late_retries=0
#### JIT-MPROTECT flip #17 ranges=1 prot=RW writers=1 exec_waits=4 late_retries=0
#### JIT-MPROTECT flip #18 ranges=1 prot=RX writers=1 exec_waits=5 late_retries=0
#### JIT-MPROTECT flip #19 ranges=1 prot=RW writers=1 exec_waits=5 late_retries=0
#### JIT-MPROTECT flip #20 ranges=1 prot=RX writers=1 exec_waits=5 late_retries=0
#### JIT-MPROTECT flip #21 ranges=1 prot=RW writers=1 exec_waits=5 late_retries=0
#### JIT-MPROTECT flip #22 ranges=1 prot=RX writers=1 exec_waits=6 late_retries=0
#### JIT-MPROTECT flip #23 ranges=1 prot=RW writers=1 exec_waits=6 late_retries=0
#### JIT-MPROTECT flip #24 ranges=1 prot=RX writers=1 exec_waits=7 late_retries=0
#### JIT-MPROTECT flip #25 ranges=1 prot=RW writers=1 exec_waits=7 late_retries=0
#### JIT-MPROTECT flip #26 ranges=1 prot=RX writers=1 exec_waits=8 late_retries=0
#### JIT-MPROTECT flip #27 ranges=1 prot=RW writers=1 exec_waits=8 late_retries=0
#### JIT-MPROTECT flip #28 ranges=1 prot=RX writers=1 exec_waits=8 late_retries=0
#### JIT-MPROTECT flip #29 ranges=1 prot=RW writers=1 exec_waits=8 late_retries=0
#### JIT-MPROTECT flip #30 ranges=1 prot=RX writers=1 exec_waits=8 late_retries=0
#### JIT-MPROTECT flip #31 ranges=1 prot=RW writers=1 exec_waits=8 late_retries=0
#### JIT-MPROTECT flip #32 ranges=1 prot=RX writers=1 exec_waits=9 late_retries=0
#### MTL_TEX entry self class=AGXG13GFamilyDevice
#### MTL_TEX TLS set iosurface=0x60003d9a0 id=0x93 plane=0 compressionHeaderSpan=0 (thread=0x1dfb5de00 addr=0x0)
#### MACWS_AGX_NATIVE memoryless witness #4 instance=0x6001d2000 class=AGXG13GFamilyDevice original=0x1e9eb68a8 -> YES
#### AGXIOC type=0x82 patch #3: f14=0x430 +0x30 0→0x93 +0x38 0x93→0 +0x40 0→0 +0x50 0→0x180888f00 +0x58 0x180888f00→0
#### AGX_LIFE CREATE id=0xf type=0x82 surf=0x93 bytes=0x3d0000 kr=0 okC=15 failC=0 okD=0 failD=0 unmatchedD=0 full=0 live=15/4MB [t0=12/0MB t80=0/0MB t82=3/3MB]
#### AGX_LIFE type82 CREATE stack #3 resourceID=0xf surf=0x93 (16 frames):
0   libmachook_arm64.dylib              0x000000010266d810 IOConnectCallMethod_new + 20336
1   IOGPU                               0x00000001a18b618c IOGPUResourceCreate + 236
2   IOGPU                               0x00000001a18b0138 -[IOGPUMetalResource initWithDevice:remoteStorageResource:options:args:argsSize:] + 460
3   libmachook_arm64.dylib              0x000000010266135c __loadImageCallback_block_invoke_20 + 96
4   IOGPU                               0x00000001a18b25ec -[IOGPUMetalTexture initWithDevice:descriptor:iosurface:plane:field:args:argsSize:] + 824
5   AGXMetal13_3                        0x00000001ea1baf38 -[AGXTexture initWithDevice:desc:iosurface:plane:] + 288
6   libmachook_arm64.dylib              0x00000001026866e0 -[MTLFakeDevice hooked_newTextureWithDescriptor:iosurface:plane:] + 4912
7   libGLESv2.dylib                     0x000000010c8d7754 glStartTilingQCOM + 2731860
8   libGLESv2.dylib                     0x000000010c8ab9b8 glStartTilingQCOM + 2552248
9   libGLESv2.dylib                     0x000000010c8ab824 glStartTilingQCOM + 2551844
10  libGLESv2.dylib                     0x000000010c7a9fd4 glStartTilingQCOM + 1497044
11  libGLESv2.dylib                     0x000000010c6055fc libGLESv2.dylib + 38396
12  libGLESv2.dylib                     0x000000010c608d60 EGL_BindTexImage + 144
13  Electron Framework                  0x000000011568e528 rust_bmp$cxxbridge1$194$Reader$image_data_loaded + 582280
14  Electron Framework                  0x00000001156919cc rust_bmp$cxxbridge1$194$Reader$image_data_loaded + 595756
15  Electron Framework                  0x000000011568f830 rust_bmp$cxxbridge1$194$Reader$image_data_loaded + 587152
####   ResCreate OK type=0x82 clientID=0 +0x30=0x93 +0x38=0 +0x40=0 +0x58=0 OUT[+0]=0x1500078000 OUT[+0x08]=0 OUT[+0x10]=0x103c50b40 OUT[+0x48]=0x3d0000
####   inStruct[0..104]:
####     00: 82 00 00 00 00 00 00 00 60 09 a0 01 01 00 00 00
####     10: 01 01 00 04 30 04 00 00 00 00 00 00 00 00 00 00
####     20: 00 00 00 00 00 00 00 00 00 00 00 00 00 00 00 00
####     30: 93 00 00 00 00 00 00 00 00 00 00 00 00 00 00 00
####     40: 00 00 00 00 00 00 00 00 00 00 00 00 00 00 00 00
####     50: 00 8f 88 80 01 00 00 00 00 00 00 00 00 00 00 00
####     60: 00 00 00 00 00 00 00 00
#### AGX_MAP_AUDIT #2 tex=0x600983980 impl=0x600983700 iosurface(arg=0x60003d9a0 bound=0x60003d9a0) plane=0 cpu130=0x10e6a8000 gpu40=0x1500078000 descriptorOff=0x190 descriptorLayout=0 compressed=0 extended=0 match=1
#### AGX_LIFE CREATE id=0x10 type=0 surf=0 bytes=0x50000 kr=0 okC=16 failC=0 okD=0 failD=0 unmatchedD=0 full=0 live=16/4MB [t0=13/0MB t80=0/0MB t82=3/3MB]
#### AGXIOC heap map #13 clientID 0x50000 -> resourceID 0x10 size 0x50000
####   ResCreate OK type=0 clientID=0 +0x30=0 +0x38=0 +0x40=0x50000 +0x58=0 OUT[+0]=0x18000 OUT[+0x08]=0x10eb34000 OUT[+0x10]=0x103c50c00 OUT[+0x48]=0x50000
####   inStruct[0..104]:
####     00: 00 00 00 00 00 00 00 00 01 00 01 00 01 00 00 00
####     10: 01 01 00 01 30 84 00 00 00 00 00 00 00 00 00 00
####     20: 00 00 00 00 00 00 00 00 00 00 00 00 00 00 00 00
####     30: 00 00 00 00 00 00 00 00 00 00 00 00 00 00 00 00
####     40: 00 00 05 00 00 00 00 00 00 00 00 00 00 00 00 00
####     50: 00 00 00 38 00 00 00 00 00 00 00 00 00 00 00 00
####     60: 00 00 00 00 00 00 00 00
#### CBRI_HOOK self=0x600222300 cls=AGXG13GFamilyCommandBuffer → resourceInfo=0x600259600
#### AGXIOC heap map #14 clientID 0x8000 -> resourceID 0x11 size 0x8000
####   ResCreate OK type=0 clientID=0 +0x30=0 +0x38=0 +0x40=0x8000 +0x58=0 OUT[+0]=0x1500450000 OUT[+0x08]=0x1047e8000 OUT[+0x10]=0x103c50cc0 OUT[+0x48]=0x8000
####   inStruct[0..104]:
####     00: 00 00 00 00 00 00 00 00 00 80 01 00 01 00 00 00
####     10: 01 01 00 01 30 04 00 00 00 00 00 00 00 00 00 00
####     20: 00 00 00 00 00 00 00 00 00 00 00 00 00 00 00 00
####     30: 00 00 00 00 00 00 00 00 00 00 00 00 00 00 00 00
####     40: 00 80 00 00 00 00 00 00 00 00 00 00 00 00 00 00
####     50: 00 00 00 08 00 00 00 00 00 00 00 00 00 00 00 00
####     60: 00 00 00 00 00 00 00 00
#### AGXIOC heap map #15 clientID 0x8000 -> resourceID 0x12 size 0x8000
####   ResCreate OK type=0 clientID=0 +0x30=0 +0x38=0 +0x40=0x8000 +0x58=0 OUT[+0]=0x1500460000 OUT[+0x08]=0x1047f0000 OUT[+0x10]=0x103c50d80 OUT[+0x48]=0x8000
####   inStruct[0..104]:
####     00: 00 00 00 00 00 00 00 00 00 80 01 00 01 00 00 00
####     10: 01 01 00 01 30 04 00 00 00 00 00 00 00 00 00 00
####     20: 00 00 00 00 00 00 00 00 00 00 00 00 00 00 00 00
####     30: 00 00 00 00 00 00 00 00 00 00 00 00 00 00 00 00
####     40: 00 80 00 00 00 00 00 00 00 00 00 00 00 00 00 00
####     50: 00 00 00 08 00 00 00 00 00 00 00 00 00 00 00 00
####     60: 00 00 00 00 00 00 00 00
#### AGXIOC heap map #16 clientID 0x8000 -> resourceID 0x13 size 0x8000
####   ResCreate OK type=0 clientID=0 +0x30=0 +0x38=0 +0x40=0x8000 +0x58=0 OUT[+0]=0x1500470000 OUT[+0x08]=0x1047f8000 OUT[+0x10]=0x103c50e40 OUT[+0x48]=0x8000
####   inStruct[0..104]:
####     00: 00 00 00 00 00 00 00 00 00 80 01 00 01 00 00 00
####     10: 01 01 00 01 30 04 00 00 00 00 00 00 00 00 00 00
####     20: 00 00 00 00 00 00 00 00 00 00 00 00 00 00 00 00
####     30: 00 00 00 00 00 00 00 00 00 00 00 00 00 00 00 00
####     40: 00 80 00 00 00 00 00 00 00 00 00 00 00 00 00 00
####     50: 00 00 00 08 00 00 00 00 00 00 00 00 00 00 00 00
####     60: 00 00 00 00 00 00 00 00
####   ResCreate OK type=0 clientID=0 +0x30=0 +0x38=0 +0x40=0x8000 +0x58=0 OUT[+0]=0x1500480000 OUT[+0x08]=0x10eb84000 OUT[+0x10]=0x103c50f00 OUT[+0x48]=0x8000
####   inStruct[0..104]:
####     00: 00 00 00 00 00 00 00 00 00 80 01 00 01 00 00 00
####     10: 01 01 00 01 30 04 00 00 00 00 00 00 00 00 00 00
####     20: 00 00 00 00 00 00 00 00 00 00 00 00 00 00 00 00
####     30: 00 00 00 00 00 00 00 00 00 00 00 00 00 00 00 00
####     40: 00 80 00 00 00 00 00 00 00 00 00 00 00 00 00 00
####     50: 00 00 00 08 00 00 00 00 00 00 00 00 00 00 00 00
####     60: 00 00 00 00 00 00 00 00
####   ResCreate OK type=0 clientID=0 +0x30=0 +0x38=0 +0x40=0x8000 +0x58=0 OUT[+0]=0x1500490000 OUT[+0x08]=0x10eb8c000 OUT[+0x10]=0x103c50fc0 OUT[+0x48]=0x8000
####   inStruct[0..104]:
####     00: 00 00 00 00 00 00 00 00 00 80 01 00 01 00 00 00
####     10: 01 01 00 01 30 04 00 00 00 00 00 00 00 00 00 00
####     20: 00 00 00 00 00 00 00 00 00 00 00 00 00 00 00 00
####     30: 00 00 00 00 00 00 00 00 00 00 00 00 00 00 00 00
####     40: 00 80 00 00 00 00 00 00 00 00 00 00 00 00 00 00
####     50: 00 00 00 08 00 00 00 00 00 00 00 00 00 00 00 00
####     60: 00 00 00 00 00 00 00 00
####   ResCreate OK type=0 clientID=0 +0x30=0 +0x38=0 +0x40=0x8000 +0x58=0 OUT[+0]=0x70000 OUT[+0x08]=0x10eb94000 OUT[+0x10]=0x103c51080 OUT[+0x48]=0x8000
####   inStruct[0..104]:
####     00: 00 00 00 00 00 00 00 00 00 80 01 00 01 00 00 00
####     10: 01 01 00 01 30 84 00 00 00 00 00 00 00 00 00 00
####     20: 00 00 00 00 00 00 00 00 00 00 00 00 00 00 00 00
####     30: 00 00 00 00 00 00 00 00 00 00 00 00 00 00 00 00
####     40: 00 80 00 00 00 00 00 00 00 00 00 00 00 00 00 00
####     50: 00 00 00 48 00 00 00 00 00 00 00 00 00 00 00 00
####     60: 00 00 00 00 00 00 00 00
####   ResCreate OK type=0 clientID=0 +0x30=0 +0x38=0 +0x40=0x8000 +0x58=0 OUT[+0]=0x80000 OUT[+0x08]=0x10eb9c000 OUT[+0x10]=0x103c51140 OUT[+0x48]=0x8000
####   inStruct[0..104]:
####     00: 00 00 00 00 00 00 00 00 00 80 01 00 01 00 00 00
####     10: 01 01 00 01 30 84 00 00 00 00 00 00 00 00 00 00
####     20: 00 00 00 00 00 00 00 00 00 00 00 00 00 00 00 00
####     30: 00 00 00 00 00 00 00 00 00 00 00 00 00 00 00 00
####     40: 00 80 00 00 00 00 00 00 00 00 00 00 00 00 00 00
####     50: 00 00 00 48 00 00 00 00 00 00 00 00 00 00 00 00
####     60: 00 00 00 00 00 00 00 00
####   ResCreate OK type=0 clientID=0 +0x30=0 +0x38=0 +0x40=0x100000 +0x58=0 OUT[+0]=0x15004a0000 OUT[+0x08]=0x10eba4000 OUT[+0x10]=0x103c51200 OUT[+0x48]=0x100000
####   inStruct[0..104]:
####     00: 00 00 00 00 00 00 00 00 00 00 01 00 01 00 00 00
####     10: 01 01 00 01 30 04 00 00 00 00 00 00 00 00 00 00
####     20: 00 00 00 00 00 00 00 00 00 00 00 00 00 00 00 00
####     30: 00 00 00 00 00 00 00 00 00 00 00 00 00 00 00 00
####     40: 00 00 10 00 00 00 00 00 00 00 00 00 00 00 00 00
####     50: 00 00 00 18 00 00 00 00 00 00 00 00 00 00 00 00
####     60: 00 00 00 00 00 00 00 00
####   ResCreate OK type=0 clientID=0 +0x30=0 +0x38=0 +0x40=0x8000 +0x58=0 OUT[+0]=0x15005a8000 OUT[+0x08]=0x10eca4000 OUT[+0x10]=0x103c512c0 OUT[+0x48]=0x8000
####   inStruct[0..104]:
####     00: 00 00 00 00 00 00 00 00 00 80 01 00 01 00 00 00
####     10: 01 01 00 01 30 04 00 00 00 00 00 00 00 00 00 00
####     20: 00 00 00 00 00 00 00 00 00 00 00 00 00 00 00 00
####     30: 00 00 00 00 00 00 00 00 00 00 00 00 00 00 00 00
####     40: 00 80 00 00 00 00 00 00 00 00 00 00 00 00 00 00
####     50: 00 00 00 08 00 00 00 00 00 00 00 00 00 00 00 00
####     60: 00 00 00 00 00 00 00 00
####   ResCreate OK type=0 clientID=0 +0x30=0 +0x38=0 +0x40=0x8000 +0x58=0 OUT[+0]=0x15005b8000 OUT[+0x08]=0x10ecac000 OUT[+0x10]=0x103c51380 OUT[+0x48]=0x8000
####   inStruct[0..104]:
####     00: 00 00 00 00 00 00 00 00 00 80 01 00 01 00 00 00
####     10: 01 01 00 01 30 04 00 00 00 00 00 00 00 00 00 00
####     20: 00 00 00 00 00 00 00 00 00 00 00 00 00 00 00 00
####     30: 00 00 00 00 00 00 00 00 00 00 00 00 00 00 00 00
####     40: 00 80 00 00 00 00 00 00 00 00 00 00 00 00 00 00
####     50: 00 00 00 18 00 00 00 00 00 00 00 00 00 00 00 00
####     60: 00 00 00 00 00 00 00 00
####   ResCreate OK type=0 clientID=0 +0x30=0 +0x38=0 +0x40=0x8000 +0x58=0 OUT[+0]=0x15005c8000 OUT[+0x08]=0x10ecb4000 OUT[+0x10]=0x103c51440 OUT[+0x48]=0x8000
####   inStruct[0..104]:
####     00: 00 00 00 00 00 00 00 00 00 80 01 00 01 00 00 00
####     10: 01 01 00 01 30 04 00 00 00 00 00 00 00 00 00 00
####     20: 00 00 00 00 00 00 00 00 00 00 00 00 00 00 00 00
####     30: 00 00 00 00 00 00 00 00 00 00 00 00 00 00 00 00
####     40: 00 80 00 00 00 00 00 00 00 00 00 00 00 00 00 00
####     50: 00 00 00 08 00 00 00 00 00 00 00 00 00 00 00 00
####     60: 00 00 00 00 00 00 00 00
####   ResCreate OK type=0 clientID=0 +0x30=0 +0x38=0 +0x40=0x8000 +0x58=0 OUT[+0]=0x15005d8000 OUT[+0x08]=0x10ecbc000 OUT[+0x10]=0x103c51500 OUT[+0x48]=0x8000
####   inStruct[0..104]:
####     00: 00 00 00 00 00 00 00 00 00 80 01 00 01 00 00 00
####     10: 01 01 00 01 30 04 00 00 00 00 00 00 00 00 00 00
####     20: 00 00 00 00 00 00 00 00 00 00 00 00 00 00 00 00
####     30: 00 00 00 00 00 00 00 00 00 00 00 00 00 00 00 00
####     40: 00 80 00 00 00 00 00 00 00 00 00 00 00 00 00 00
####     50: 00 00 00 08 00 00 00 00 00 00 00 00 00 00 00 00
####     60: 00 00 00 00 00 00 00 00
####   ResCreate OK type=0 clientID=0 +0x30=0 +0x38=0 +0x40=0x8000 +0x58=0 OUT[+0]=0x15005e8000 OUT[+0x08]=0x10ecc4000 OUT[+0x10]=0x103c515c0 OUT[+0x48]=0x8000
####   inStruct[0..104]:
####     00: 00 00 00 00 00 00 00 00 00 80 01 00 01 00 00 00
####     10: 01 01 00 01 30 04 00 00 00 00 00 00 00 00 00 00
####     20: 00 00 00 00 00 00 00 00 00 00 00 00 00 00 00 00
####     30: 00 00 00 00 00 00 00 00 00 00 00 00 00 00 00 00
####     40: 00 80 00 00 00 00 00 00 00 00 00 00 00 00 00 00
####     50: 00 00 00 08 00 00 00 00 00 00 00 00 00 00 00 00
####     60: 00 00 00 00 00 00 00 00
####   ResCreate OK type=0 clientID=0 +0x30=0 +0x38=0 +0x40=0x8000 +0x58=0 OUT[+0]=0x15005f8000 OUT[+0x08]=0x10eccc000 OUT[+0x10]=0x103c51680 OUT[+0x48]=0x8000
####   inStruct[0..104]:
####     00: 00 00 00 00 00 00 00 00 00 80 01 00 01 00 00 00
####     10: 01 01 00 01 30 04 00 00 00 00 00 00 00 00 00 00
####     20: 00 00 00 00 00 00 00 00 00 00 00 00 00 00 00 00
####     30: 00 00 00 00 00 00 00 00 00 00 00 00 00 00 00 00
####     40: 00 80 00 00 00 00 00 00 00 00 00 00 00 00 00 00
####     50: 00 00 00 08 00 00 00 00 00 00 00 00 00 00 00 00
####     60: 00 00 00 00 00 00 00 00
####   ResCreate OK type=0 clientID=0 +0x30=0 +0x38=0 +0x40=0x8000 +0x58=0 OUT[+0]=0x1500608000 OUT[+0x08]=0x10ecd4000 OUT[+0x10]=0x103c51740 OUT[+0x48]=0x8000
####   inStruct[0..104]:
####     00: 00 00 00 00 00 00 00 00 00 80 01 00 01 00 00 00
####     10: 01 01 00 01 30 04 00 00 00 00 00 00 00 00 00 00
####     20: 00 00 00 00 00 00 00 00 00 00 00 00 00 00 00 00
####     30: 00 00 00 00 00 00 00 00 00 00 00 00 00 00 00 00
####     40: 00 80 00 00 00 00 00 00 00 00 00 00 00 00 00 00
####     50: 00 00 00 08 00 00 00 00 00 00 00 00 00 00 00 00
####     60: 00 00 00 00 00 00 00 00
####   ResCreate OK type=0 clientID=0 +0x30=0 +0x38=0 +0x40=0xff80 +0x58=0 OUT[+0]=0x1500618000 OUT[+0x08]=0x10ecdc000 OUT[+0x10]=0x103c51800 OUT[+0x48]=0x10000
####   inStruct[0..104]:
####     00: 00 00 00 00 00 00 00 00 80 ff 01 00 01 00 00 00
####     10: 01 01 00 01 30 04 00 00 00 00 00 00 00 00 00 00
####     20: 00 00 00 00 00 00 00 00 00 00 00 00 00 00 00 00
####     30: 00 00 00 00 00 00 00 00 00 00 00 00 00 00 00 00
####     40: 80 ff 00 00 00 00 00 00 00 00 00 00 00 00 00 00
####     50: 00 00 00 18 00 00 00 00 00 00 00 00 00 00 00 00
####     60: 00 00 00 00 00 00 00 00
####   ResCreate OK type=0 clientID=0 +0x30=0 +0x38=0 +0x40=0xc0000 +0x58=0 OUT[+0]=0x1500630000 OUT[+0x08]=0x10ecec000 OUT[+0x10]=0x103c518c0 OUT[+0x48]=0xc0000
####   inStruct[0..104]:
####     00: 00 00 00 00 00 00 00 00 00 00 01 00 01 00 00 00
####     10: 01 01 00 01 30 04 00 00 00 00 00 00 00 00 00 00
####     20: 00 00 00 00 00 00 00 00 00 00 00 00 00 00 00 00
####     30: 00 00 00 00 00 00 00 00 00 00 00 00 00 00 00 00
####     40: 00 00 0c 00 00 00 00 00 00 00 00 00 00 00 00 00
####     50: 00 00 00 08 00 00 00 00 00 00 00 00 00 00 00 00
####     60: 00 00 00 00 00 00 00 00
#### AGX_SUBMIT_DIAG #1 subtype1-predicate scalar0=0x1 legacy-scalar-gate=1 total=0x840/1 seglen=0x130/1 seghdr=1 cmdtotal=1 d8=1 pad1=1 f1=1 sent1=1 pad2=1 f2=1 sent2=1
#### AGXIOC type0 exact initFull length: +0x58=0 low32=0 -> +0x40=0x8000
#### AGX_SUBMIT_DIAG #1 descriptor[0] KCMD-type1-observed saved=0x840/0x840 path=/tmp/macws_submit_kcmd_1_0_type1-observed.bin errno=0
####   ResCreate OK type=0 clientID=0 +0x30=0x40 +0x38=0 +0x40=0x8000 +0x58=0 OUT[+0]=0x15006f8000 OUT[+0x08]=0x10edac000 OUT[+0x10]=0x103c51980 OUT[+0x48]=0x8000
####   inStruct[0..104]:
####     00: 00 00 00 00 00 00 00 00 01 00 01 00 01 00 00 00
####     10: 01 01 00 01 70 04 00 00 00 00 00 00 00 00 00 00
####     20: 00 00 00 00 00 00 00 00 00 00 00 00 00 00 00 00
####     30: 40 00 00 00 00 00 00 00 00 00 00 00 00 00 00 00
####     40: 00 80 00 00 00 00 00 00 00 00 00 00 00 00 00 00
####     50: 00 00 00 00 00 00 00 00 00 00 00 00 00 00 00 00
####     60: d8 1f 5b 21 02 00 00 00
#### AGX_SUBMIT_DIAG #1 descriptor[0] segment saved=0x130/0x130 path=/tmp/macws_submit_segment_1_0.bin errno=0
#### TRACE -[AGXBuffer initFull] self=0x60021d800 dev=0x6001d2000 len=32768 align=1→64 opt=0 subDis=0→1 resIn=0x16db66788 pin=0x0 -> 0x60021d800
#### AGX_SUBMIT_DIAG #1 TEMP-KCMD-ABI-FIX subtype1-clear pads=0x1c0,0x4c0 total=0x840->0x820 size=0x7e8->0x7c8 end=0x818->0x7f8 segment-span=0x820
#### AGXIOC type0 exact initFull length: +0x58=0 low32=0 -> +0x40=0xc000
####   ResCreate OK type=0 clientID=0 +0x30=0x40 +0x38=0 +0x40=0xc000 +0x58=0 OUT[+0]=0x1500708000 OUT[+0x08]=0x10edb4000 OUT[+0x10]=0x103c51a40 OUT[+0x48]=0xc000
####   inStruct[0..104]:
####     00: 00 00 00 00 00 00 00 00 01 00 01 00 01 00 00 00
####     10: 01 01 00 01 70 04 00 00 00 00 00 00 00 00 00 00
####     20: 00 00 00 00 00 00 00 00 00 00 00 00 00 00 00 00
####     30: 40 00 00 00 00 00 00 00 00 00 00 00 00 00 00 00
####     40: 00 c0 00 00 00 00 00 00 00 00 00 00 00 00 00 00
####     50: 00 00 00 00 00 00 00 00 00 00 00 00 00 00 00 00
####     60: 28 69 b6 6d 01 00 00 00
#### TRACE -[AGXBuffer initFull] self=0x60021e100 dev=0x6001d2000 len=49152 align=1→64 opt=0 subDis=0→1 resIn=0x16db66888 pin=0x0 -> 0x60021e100
#### AGXIOC Method sel=0xf->0xd inCnt=2 inSC=0 outSC=16 -> 0x0
#### AGXIOC Method sel=0xf->0xd inCnt=2 inSC=0 outSC=16 -> 0x0
#### AGXIOC Method sel=0x1e->0x1a inCnt=4 inSC=56 outSC=0 -> 0x0
#### CBRI_HOOK self=0x600224600 cls=AGXG13GFamilyCommandBuffer → resourceInfo=0x600261800
####   ResCreate OK type=0 clientID=0 +0x30=0 +0x38=0 +0x40=0x8000 +0x58=0 OUT[+0]=0x15008b8000 OUT[+0x08]=0x10f130000 OUT[+0x10]=0x103c51ec0 OUT[+0x48]=0x8000
####   inStruct[0..104]:
####     00: 00 00 00 00 00 00 00 00 00 80 01 00 01 00 00 00
####     10: 01 01 00 01 30 04 00 00 00 00 00 00 00 00 00 00
####     20: 00 00 00 00 00 00 00 00 00 00 00 00 00 00 00 00
####     30: 00 00 00 00 00 00 00 00 00 00 00 00 00 00 00 00
####     40: 00 80 00 00 00 00 00 00 00 00 00 00 00 00 00 00
####     50: 00 00 00 08 00 00 00 00 00 00 00 00 00 00 00 00
####     60: 00 00 00 00 00 00 00 00
####   ResCreate OK type=0 clientID=0 +0x30=0 +0x38=0 +0x40=0x8000 +0x58=0 OUT[+0]=0x15008c8000 OUT[+0x08]=0x10f138000 OUT[+0x10]=0x103c51f80 OUT[+0x48]=0x8000
####   inStruct[0..104]:
####     00: 00 00 00 00 00 00 00 00 00 80 01 00 01 00 00 00
####     10: 01 01 00 01 30 04 00 00 00 00 00 00 00 00 00 00
####     20: 00 00 00 00 00 00 00 00 00 00 00 00 00 00 00 00
####     30: 00 00 00 00 00 00 00 00 00 00 00 00 00 00 00 00
####     40: 00 80 00 00 00 00 00 00 00 00 00 00 00 00 00 00
####     50: 00 00 00 08 00 00 00 00 00 00 00 00 00 00 00 00
####     60: 00 00 00 00 00 00 00 00
####   ResCreate OK type=0 clientID=0 +0x30=0 +0x38=0 +0x40=0x8000 +0x58=0 OUT[+0]=0x15008d8000 OUT[+0x08]=0x10f140000 OUT[+0x10]=0x103c52040 OUT[+0x48]=0x8000
####   inStruct[0..104]:
####     00: 00 00 00 00 00 00 00 00 00 80 01 00 01 00 00 00
####     10: 01 01 00 01 30 04 00 00 00 00 00 00 00 00 00 00
####     20: 00 00 00 00 00 00 00 00 00 00 00 00 00 00 00 00
####     30: 00 00 00 00 00 00 00 00 00 00 00 00 00 00 00 00
####     40: 00 80 00 00 00 00 00 00 00 00 00 00 00 00 00 00
####     50: 00 00 00 08 00 00 00 00 00 00 00 00 00 00 00 00
####     60: 00 00 00 00 00 00 00 00
####   ResCreate OK type=0 clientID=0 +0x30=0 +0x38=0 +0x40=0x8000 +0x58=0 OUT[+0]=0x15008e8000 OUT[+0x08]=0x10f148000 OUT[+0x10]=0x103c52100 OUT[+0x48]=0x8000
####   inStruct[0..104]:
####     00: 00 00 00 00 00 00 00 00 00 80 01 00 01 00 00 00
####     10: 01 01 00 01 30 04 00 00 00 00 00 00 00 00 00 00
####     20: 00 00 00 00 00 00 00 00 00 00 00 00 00 00 00 00
####     30: 00 00 00 00 00 00 00 00 00 00 00 00 00 00 00 00
####     40: 00 80 00 00 00 00 00 00 00 00 00 00 00 00 00 00
####     50: 00 00 00 08 00 00 00 00 00 00 00 00 00 00 00 00
####     60: 00 00 00 00 00 00 00 00
####   ResCreate OK type=0 clientID=0 +0x30=0 +0x38=0 +0x40=0x8000 +0x58=0 OUT[+0]=0x15008f8000 OUT[+0x08]=0x10f150000 OUT[+0x10]=0x103c521c0 OUT[+0x48]=0x8000
####   inStruct[0..104]:
####     00: 00 00 00 00 00 00 00 00 00 80 01 00 01 00 00 00
####     10: 01 01 00 01 30 04 00 00 00 00 00 00 00 00 00 00
####     20: 00 00 00 00 00 00 00 00 00 00 00 00 00 00 00 00
####     30: 00 00 00 00 00 00 00 00 00 00 00 00 00 00 00 00
####     40: 00 80 00 00 00 00 00 00 00 00 00 00 00 00 00 00
####     50: 00 00 00 08 00 00 00 00 00 00 00 00 00 00 00 00
####     60: 00 00 00 00 00 00 00 00
####   ResCreate OK type=0 clientID=0 +0x30=0 +0x38=0 +0x40=0x8000 +0x58=0 OUT[+0]=0x90000 OUT[+0x08]=0x10f158000 OUT[+0x10]=0x103c52280 OUT[+0x48]=0x8000
####   inStruct[0..104]:
####     00: 00 00 00 00 00 00 00 00 00 80 01 00 01 00 00 00
####     10: 01 01 00 01 30 84 00 00 00 00 00 00 00 00 00 00
####     20: 00 00 00 00 00 00 00 00 00 00 00 00 00 00 00 00
####     30: 00 00 00 00 00 00 00 00 00 00 00 00 00 00 00 00
####     40: 00 80 00 00 00 00 00 00 00 00 00 00 00 00 00 00
####     50: 00 00 00 48 00 00 00 00 00 00 00 00 00 00 00 00
####     60: 00 00 00 00 00 00 00 00
####   ResCreate OK type=0 clientID=0 +0x30=0 +0x38=0 +0x40=0x8000 +0x58=0 OUT[+0]=0xa0000 OUT[+0x08]=0x10f160000 OUT[+0x10]=0x103c52340 OUT[+0x48]=0x8000
####   inStruct[0..104]:
####     00: 00 00 00 00 00 00 00 00 00 80 01 00 01 00 00 00
####     10: 01 01 00 01 30 84 00 00 00 00 00 00 00 00 00 00
####     20: 00 00 00 00 00 00 00 00 00 00 00 00 00 00 00 00
####     30: 00 00 00 00 00 00 00 00 00 00 00 00 00 00 00 00
####     40: 00 80 00 00 00 00 00 00 00 00 00 00 00 00 00 00
####     50: 00 00 00 48 00 00 00 00 00 00 00 00 00 00 00 00
####     60: 00 00 00 00 00 00 00 00
####   ResCreate OK type=0 clientID=0 +0x30=0 +0x38=0 +0x40=0x100000 +0x58=0 OUT[+0]=0x1500908000 OUT[+0x08]=0x11b878000 OUT[+0x10]=0x103c52400 OUT[+0x48]=0x100000
####   inStruct[0..104]:
####     00: 00 00 00 00 00 00 00 00 00 00 01 00 01 00 00 00
####     10: 01 01 00 01 30 04 00 00 00 00 00 00 00 00 00 00
####     20: 00 00 00 00 00 00 00 00 00 00 00 00 00 00 00 00
####     30: 00 00 00 00 00 00 00 00 00 00 00 00 00 00 00 00
####     40: 00 00 10 00 00 00 00 00 00 00 00 00 00 00 00 00
####     50: 00 00 00 18 00 00 00 00 00 00 00 00 00 00 00 00
####     60: 00 00 00 00 00 00 00 00
####   ResCreate OK type=0 clientID=0 +0x30=0 +0x38=0 +0x40=0x8000 +0x58=0 OUT[+0]=0x1500a10000 OUT[+0x08]=0x10f168000 OUT[+0x10]=0x103c524c0 OUT[+0x48]=0x8000
####   inStruct[0..104]:
####     00: 00 00 00 00 00 00 00 00 00 80 01 00 01 00 00 00
####     10: 01 01 00 01 30 04 00 00 00 00 00 00 00 00 00 00
####     20: 00 00 00 00 00 00 00 00 00 00 00 00 00 00 00 00
####     30: 00 00 00 00 00 00 00 00 00 00 00 00 00 00 00 00
####     40: 00 80 00 00 00 00 00 00 00 00 00 00 00 00 00 00
####     50: 00 00 00 08 00 00 00 00 00 00 00 00 00 00 00 00
####     60: 00 00 00 00 00 00 00 00
####   ResCreate OK type=0 clientID=0 +0x30=0 +0x38=0 +0x40=0x8000 +0x58=0 OUT[+0]=0x1500a20000 OUT[+0x08]=0x10f170000 OUT[+0x10]=0x103c52580 OUT[+0x48]=0x8000
####   inStruct[0..104]:
####     00: 00 00 00 00 00 00 00 00 00 80 01 00 01 00 00 00
####     10: 01 01 00 01 30 04 00 00 00 00 00 00 00 00 00 00
####     20: 00 00 00 00 00 00 00 00 00 00 00 00 00 00 00 00
####     30: 00 00 00 00 00 00 00 00 00 00 00 00 00 00 00 00
####     40: 00 80 00 00 00 00 00 00 00 00 00 00 00 00 00 00
####     50: 00 00 00 18 00 00 00 00 00 00 00 00 00 00 00 00
####     60: 00 00 00 00 00 00 00 00
####   ResCreate OK type=0 clientID=0 +0x30=0 +0x38=0 +0x40=0x8000 +0x58=0 OUT[+0]=0x1500a30000 OUT[+0x08]=0x10f178000 OUT[+0x10]=0x103c52640 OUT[+0x48]=0x8000
####   inStruct[0..104]:
####     00: 00 00 00 00 00 00 00 00 00 80 01 00 01 00 00 00
####     10: 01 01 00 01 30 04 00 00 00 00 00 00 00 00 00 00
####     20: 00 00 00 00 00 00 00 00 00 00 00 00 00 00 00 00
####     30: 00 00 00 00 00 00 00 00 00 00 00 00 00 00 00 00
####     40: 00 80 00 00 00 00 00 00 00 00 00 00 00 00 00 00
####     50: 00 00 00 08 00 00 00 00 00 00 00 00 00 00 00 00
####     60: 00 00 00 00 00 00 00 00
####   ResCreate OK type=0 clientID=0 +0x30=0 +0x38=0 +0x40=0x8000 +0x58=0 OUT[+0]=0x1500a40000 OUT[+0x08]=0x10f180000 OUT[+0x10]=0x103c52700 OUT[+0x48]=0x8000
####   inStruct[0..104]:
####     00: 00 00 00 00 00 00 00 00 00 80 01 00 01 00 00 00
####     10: 01 01 00 01 30 04 00 00 00 00 00 00 00 00 00 00
####     20: 00 00 00 00 00 00 00 00 00 00 00 00 00 00 00 00
####     30: 00 00 00 00 00 00 00 00 00 00 00 00 00 00 00 00
####     40: 00 80 00 00 00 00 00 00 00 00 00 00 00 00 00 00
####     50: 00 00 00 08 00 00 00 00 00 00 00 00 00 00 00 00
####     60: 00 00 00 00 00 00 00 00
####   ResCreate OK type=0 clientID=0 +0x30=0 +0x38=0 +0x40=0x8000 +0x58=0 OUT[+0]=0x1500a50000 OUT[+0x08]=0x10f188000 OUT[+0x10]=0x103c527c0 OUT[+0x48]=0x8000
####   inStruct[0..104]:
####     00: 00 00 00 00 00 00 00 00 00 80 01 00 01 00 00 00
####     10: 01 01 00 01 30 04 00 00 00 00 00 00 00 00 00 00
####     20: 00 00 00 00 00 00 00 00 00 00 00 00 00 00 00 00
####     30: 00 00 00 00 00 00 00 00 00 00 00 00 00 00 00 00
####     40: 00 80 00 00 00 00 00 00 00 00 00 00 00 00 00 00
####     50: 00 00 00 08 00 00 00 00 00 00 00 00 00 00 00 00
####     60: 00 00 00 00 00 00 00 00
#### AGX_SUBMIT_DIAG #2 TEMP-KCMD-TRAILING-WRAPPER-FIX match=1 subtype1=0..0x840->0..0x820 wrappers=2 range=0x840..0x870->0x820..0x850
#### AGXIOC Method sel=0x1e->0x1a inCnt=4 inSC=56 outSC=0 -> 0x0
#### MTL_TEX entry self class=AGXG13GFamilyDevice
#### MTL_TEX TLS set iosurface=0x60003b100 id=0xbc plane=0 compressionHeaderSpan=0 (thread=0x1dfb5de00 addr=0x0)
#### MACWS_AGX_NATIVE memoryless witness #5 instance=0x6001d2000 class=AGXG13GFamilyDevice original=0x1e9eb68a8 -> YES
#### AGXIOC type=0x82 patch #4: f14=0x430 +0x30 0→0xbc +0x38 0xbc→0 +0x40 0→0 +0x50 0→0x180888f00 +0x58 0x180888f00→0
#### AGX_LIFE type82 CREATE stack #4 resourceID=0x35 surf=0xbc (16 frames):
0   libmachook_arm64.dylib              0x000000010266d810 IOConnectCallMethod_new + 20336
1   IOGPU                               0x00000001a18b618c IOGPUResourceCreate + 236
2   IOGPU                               0x00000001a18b0138 -[IOGPUMetalResource initWithDevice:remoteStorageResource:options:args:argsSize:] + 460
3   libmachook_arm64.dylib              0x000000010266135c __loadImageCallback_block_invoke_20 + 96
4   IOGPU                               0x00000001a18b25ec -[IOGPUMetalTexture initWithDevice:descriptor:iosurface:plane:field:args:argsSize:] + 824
5   AGXMetal13_3                        0x00000001ea1baf38 -[AGXTexture initWithDevice:desc:iosurface:plane:] + 288
6   libmachook_arm64.dylib              0x00000001026866e0 -[MTLFakeDevice hooked_newTextureWithDescriptor:iosurface:plane:] + 4912
7   libGLESv2.dylib                     0x000000010c8d7754 glStartTilingQCOM + 2731860
8   libGLESv2.dylib                     0x000000010c8ab9b8 glStartTilingQCOM + 2552248
9   libGLESv2.dylib                     0x000000010c8ab824 glStartTilingQCOM + 2551844
10  libGLESv2.dylib                     0x000000010c7a9fd4 glStartTilingQCOM + 1497044
11  libGLESv2.dylib                     0x000000010c6055fc libGLESv2.dylib + 38396
12  libGLESv2.dylib                     0x000000010c608d60 EGL_BindTexImage + 144
13  Electron Framework                  0x000000011568e528 rust_bmp$cxxbridge1$194$Reader$image_data_loaded + 582280
14  Electron Framework                  0x00000001156919cc rust_bmp$cxxbridge1$194$Reader$image_data_loaded + 595756
15  Electron Framework                  0x000000011568f830 rust_bmp$cxxbridge1$194$Reader$image_data_loaded + 587152
#### AGX_MAP_AUDIT #3 tex=0x600987300 impl=0x600987080 iosurface(arg=0x60003b100 bound=0x60003b100) plane=0 cpu130=0x11ba7c000 gpu40=0x1500ba8000 descriptorOff=0x190 descriptorLayout=0 compressed=0 extended=0 match=1
#### AGXIOC Method sel=0x1e->0x1a inCnt=4 inSC=56 outSC=0 -> 0x0
#### CBRI_HOOK self=0x600225400 cls=AGXG13GFamilyCommandBuffer → resourceInfo=0x600259600
#### AGX_SUBMIT_DIAG #4 TEMP-KCMD-TRAILING-WRAPPER-FIX match=2 subtype1=0..0x840->0..0x820 wrappers=1 range=0x840..0x858->0x820..0x838
#### AGXIOC Method sel=0x1e->0x1a inCnt=4 inSC=56 outSC=0 -> 0x0
#### MTL_TEX entry self class=AGXG13GFamilyDevice
#### MTL_TEX TLS set iosurface=0x60003e300 id=0xee plane=0 compressionHeaderSpan=0 (thread=0x1dfb5de00 addr=0x0)
#### MACWS_AGX_NATIVE memoryless witness #6 instance=0x6001d2000 class=AGXG13GFamilyDevice original=0x1e9eb68a8 -> YES
#### AGXIOC type=0x82 patch #5: f14=0x430 +0x30 0→0xee +0x38 0xee→0 +0x40 0→0 +0x50 0→0x180888f00 +0x58 0x180888f00→0
#### AGX_MAP_AUDIT #4 tex=0x600987d00 impl=0x600987a80 iosurface(arg=0x60003e300 bound=0x60003e300) plane=0 cpu130=0x11be4c000 gpu40=0x1500f80000 descriptorOff=0x190 descriptorLayout=0 compressed=0 extended=0 match=1
#### AGXIOC Method sel=0x1e->0x1a inCnt=4 inSC=56 outSC=0 -> 0x0
#### CBRI_HOOK self=0x600225b00 cls=AGXG13GFamilyCommandBuffer → resourceInfo=0x600261800
#### AGX_SUBMIT_DIAG #6 TEMP-KCMD-TRAILING-WRAPPER-FIX match=3 subtype1=0..0x840->0..0x820 wrappers=1 range=0x840..0x858->0x820..0x838
#### AGXIOC Method sel=0x1e->0x1a inCnt=4 inSC=56 outSC=0 -> 0x0
#### MTL_TEX TLS set iosurface=0x60003e800 id=0xf7 plane=0 compressionHeaderSpan=0 (thread=0x1dfb5de00 addr=0x0)
#### MACWS_AGX_NATIVE memoryless witness #7 instance=0x6001d2000 class=AGXG13GFamilyDevice original=0x1e9eb68a8 -> YES
#### AGXIOC type=0x82 patch #6: f14=0x430 +0x30 0→0xf7 +0x38 0xf7→0 +0x40 0→0 +0x50 0→0x180888f00 +0x58 0x180888f00→0
#### AGX_MAP_AUDIT #5 tex=0x600988700 impl=0x600988480 iosurface(arg=0x60003e800 bound=0x60003e800) plane=0 cpu130=0x11c21c000 gpu40=0x1501358000 descriptorOff=0x190 descriptorLayout=0 compressed=0 extended=0 match=1
#### AGXIOC Method sel=0x1e->0x1a inCnt=4 inSC=56 outSC=0 -> 0x0
#### CBRI_HOOK self=0x600226200 cls=AGXG13GFamilyCommandBuffer → resourceInfo=0x600259600
#### AGX_SUBMIT_DIAG #8 TEMP-KCMD-TRAILING-WRAPPER-FIX match=4 subtype1=0..0x840->0..0x820 wrappers=1 range=0x840..0x858->0x820..0x838
#### AGXIOC Method sel=0x1e->0x1a inCnt=4 inSC=56 outSC=0 -> 0x0
#### IOSURFACE-RELEASE-ABI pair #1: conn=11783 surfaceID=19 sel=1 -> 0
#### MTL_TEX TLS set iosurface=0x60003e320 id=0xf8 plane=0 compressionHeaderSpan=0 (thread=0x1dfb5de00 addr=0x0)
#### MACWS_AGX_NATIVE memoryless witness #8 instance=0x6001d2000 class=AGXG13GFamilyDevice original=0x1e9eb68a8 -> YES
#### AGXIOC type=0x82 patch #7: f14=0x430 +0x30 0→0xf8 +0x38 0xf8→0 +0x40 0→0 +0x50 0→0x180888f00 +0x58 0x180888f00→0
#### AGX_MAP_AUDIT #6 tex=0x600989380 impl=0x600989100 iosurface(arg=0x60003e320 bound=0x60003e320) plane=0 cpu130=0x12b31c000 gpu40=0x1501730000 descriptorOff=0x190 descriptorLayout=0 compressed=0 extended=0 match=1
#### CBRI_HOOK self=0x600226900 cls=AGXG13GFamilyCommandBuffer → resourceInfo=0x600268600
#### AGX_SUBMIT_DIAG #10 TEMP-KCMD-TRAILING-WRAPPER-FIX match=5 subtype1=0..0x840->0..0x820 wrappers=1 range=0x840..0x858->0x820..0x838
#### AGXIOC Method sel=0xf->0xd inCnt=2 inSC=0 outSC=16 -> 0x0
#### AGXIOC Method sel=0xf->0xd inCnt=2 inSC=0 outSC=16 -> 0x0
#### CBRI_HOOK self=0x600226c80 cls=AGXG13GFamilyCommandBuffer → resourceInfo=0x600261800
#### AGX_SUBMIT_DIAG #12 TEMP-KCMD-TRAILING-WRAPPER-FIX match=6 subtype1=0..0x840->0..0x820 wrappers=1 range=0x840..0x858->0x820..0x838
[91m[main 2026-07-29T22:06:29.454Z][0m Unable to resolve your shell environment: Unexpected exit code from spawned shell (code null, signal SIGABRT)
#### JIT-MPROTECT flip #1024 ranges=1 prot=RX writers=1 exec_waits=191 late_retries=0
#### JIT-MPROTECT flip #2048 ranges=1 prot=RX writers=1 exec_waits=680 late_retries=1
#### JIT-MPROTECT flip #3072 ranges=1 prot=RX writers=1 exec_waits=998 late_retries=12
#### JIT-MPROTECT flip #5120 ranges=1 prot=RX writers=1 exec_waits=1705 late_retries=27
#### JIT-MPROTECT flip #4096 ranges=1 prot=RX writers=1 exec_waits=1403 late_retries=15
#### JIT-MPROTECT flip #5120 ranges=1 prot=RX writers=1 exec_waits=1848 late_retries=23
#### JIT-MPROTECT flip #6144 ranges=1 prot=RX writers=1 exec_waits=2254 late_retries=31
#### JIT-MPROTECT flip #7168 ranges=1 prot=RX writers=1 exec_waits=2662 late_retries=40
#### JIT-MPROTECT flip #8192 ranges=1 prot=RX writers=1 exec_waits=3048 late_retries=44
#### JIT-MPROTECT flip #9216 ranges=1 prot=RX writers=1 exec_waits=3420 late_retries=48
#### JIT-MPROTECT flip #10240 ranges=1 prot=RX writers=1 exec_waits=3817 late_retries=54
[91m[main 2026-07-29T22:06:30.795Z][0m ptyHost was unable to resolve shell environment Error: Unable to resolve your shell environment: Unexpected exit code from spawned shell (code null, signal SIGABRT)
    at file:///Applications/Visual%20Studio%20Code.app/Contents/Resources/app/out/main.js:474:34475
    at async file:///Applications/Visual%20Studio%20Code.app/Contents/Resources/app/out/main.js:434:92057
#### MTL_TEX TLS set iosurface=0x60003e5c0 id=0xfd plane=0 compressionHeaderSpan=0 (thread=0x1dfb5de00 addr=0x0)
#### MACWS_AGX_NATIVE memoryless witness #9 instance=0x6001d2000 class=AGXG13GFamilyDevice original=0x1e9eb68a8 -> YES
#### AGXIOC type=0x82 patch #8: f14=0x430 +0x30 0→0xfd +0x38 0xfd→0 +0x40 0→0 +0x50 0→0x180888f00 +0x58 0x180888f00→0
#### AGX_MAP_AUDIT #7 tex=0x60098a000 impl=0x600989d80 iosurface(arg=0x60003e5c0 bound=0x60003e5c0) plane=0 cpu130=0x12b54c000 gpu40=0x1501768000 descriptorOff=0x190 descriptorLayout=0 compressed=0 extended=0 match=1
#### MACWS_AGX_NATIVE memoryless witness #10 instance=0x6001d2000 class=AGXG13GFamilyDevice original=0x1e9eb68a8 -> YES
#### AGXIOC type=0x82 patch #9: f14=0x430 +0x30 0→0xfe +0x38 0xfe→0 +0x40 0→0 +0x50 0→0x180888c00 +0x58 0x180888c00→0
#### MTL_TEX LEASE-NEW #3 key=128x1-pf10-bpe1-fcc1278226488 entry=0x600aaf780 surf=0x600a82b00 tex=0x60098ac80 retain=2 baseline=1 bpr=128 alloc=16KB shapeEntries=1 pool=0MB map=LINEAR
#### AGX_MAP_AUDIT #8 tex=0x60098ac80 impl=0x60098aa00 iosurface(arg=0x600a82b00 bound=0x600a82b00) plane=0 cpu130=0x1044b0000 gpu40=0x1500868000 descriptorOff=0x190 descriptorLayout=0 compressed=0 extended=0 match=1
#### AGXIOC type0 exact initFull length: +0x58=0 low32=0 -> +0x40=0x80
#### CBRI_HOOK self=0x600227380 cls=AGXG13GFamilyCommandBuffer → resourceInfo=0x600268600
#### MACWS_AGX_NATIVE memoryless witness #11 instance=0x6001d2000 class=AGXG13GFamilyDevice original=0x1e9eb68a8 -> YES
#### AGXIOC type=0x82 patch #10: f14=0x430 +0x30 0→0xff +0x38 0xff→0 +0x40 0→0 +0x50 0→0x180888c00 +0x58 0x180888c00→0
#### MTL_TEX LEASE-NEW #4 key=8x8-pf10-bpe1-fcc1278226488 entry=0x600bccab0 surf=0x600a845c0 tex=0x60098d480 retain=2 baseline=1 bpr=128 alloc=16KB shapeEntries=1 pool=0MB map=LINEAR
#### AGX_MAP_AUDIT #9 tex=0x60098d480 impl=0x60098d200 iosurface(arg=0x600a845c0 bound=0x600a845c0) plane=0 cpu130=0x1044cc000 gpu40=0x1500888000 descriptorOff=0x190 descriptorLayout=0 compressed=0 extended=0 match=1
#### AGXIOC type0 exact initFull length: +0x58=0 low32=0 -> +0x40=0x40
#### MACWS_AGX_NATIVE memoryless witness #12 instance=0x6001d2000 class=AGXG13GFamilyDevice original=0x1e9eb68a8 -> YES
#### AGXIOC type=0x82 patch #11: f14=0x430 +0x30 0→0x100 +0x38 0x100→0 +0x40 0→0 +0x50 0→0x180888c00 +0x58 0x180888c00→0
#### MTL_TEX LEASE-NEW #5 key=128x16-pf10-bpe1-fcc1278226488 entry=0x600bcdb30 surf=0x600a84920 tex=0x60098ed80 retain=2 baseline=1 bpr=128 alloc=16KB shapeEntries=1 pool=0MB map=LINEAR
#### AGX_MAP_AUDIT #10 tex=0x60098ed80 impl=0x60098eb00 iosurface(arg=0x600a84920 bound=0x600a84920) plane=0 cpu130=0x1044d8000 gpu40=0x1501b48000 descriptorOff=0x190 descriptorLayout=0 compressed=0 extended=0 match=1
#### MACWS_AGX_NATIVE memoryless witness #13 instance=0x6001d2000 class=AGXG13GFamilyDevice original=0x1e9eb68a8 -> YES
#### AGXIOC type=0x82 patch #12: f14=0x430 +0x30 0→0x101 +0x38 0x101→0 +0x40 0→0 +0x50 0→0x180888c00 +0x58 0x180888c00→0
#### MTL_TEX LEASE-NEW #6 key=512x256-pf10-bpe1-fcc1278226488 entry=0x600bcdfb0 surf=0x600a84840 tex=0x60098f500 retain=2 baseline=1 bpr=512 alloc=128KB shapeEntries=1 pool=0MB map=LINEAR
#### AGX_MAP_AUDIT #11 tex=0x60098f500 impl=0x60098f280 iosurface(arg=0x600a84840 bound=0x600a84840) plane=0 cpu130=0x1044dc000 gpu40=0x1501b50000 descriptorOff=0x190 descriptorLayout=0 compressed=0 extended=0 match=1
#### MACWS_AGX_NATIVE memoryless witness #14 instance=0x6001d2000 class=AGXG13GFamilyDevice original=0x1e9eb68a8 -> YES
#### AGXIOC type0 exact initFull length: +0x58=0xc00000000 low32=0 -> +0x40=0x300
#### TRACE -[AGXBuffer initUntracked] self=0x600b67080 dev=0x6001d2000 len=768 opt=0 -> 0x600b67080
#### AGX_LIFE DESTROY id=0x2 type=0 surf=0 bytes=0x4000 kr=0 okC=66 failC=0 okD=1 failD=0 unmatchedD=0 full=0 live=65/24MB [t0=53/5MB t80=0/0MB t82=12/19MB]
#### AGXIOC type0 exact initFull length: +0x58=0xc00000000 low32=0 -> +0x40=0x300
#### TRACE -[AGXBuffer initUntracked] self=0x600211f80 dev=0x6001d2000 len=768 opt=0 -> 0x600211f80
#### AGX_LIFE DESTROY id=0x3 type=0 surf=0 bytes=0x4000 kr=0 okC=67 failC=0 okD=2 failD=0 unmatchedD=0 full=0 live=65/24MB [t0=53/5MB t80=0/0MB t82=12/19MB]
#### TRACE -[AGXBuffer initUntracked] self=0x600215d00 dev=0x6001d2000 len=128 opt=0 -> 0x600215d00
#### AGX_LIFE DESTROY id=0x4 type=0 surf=0 bytes=0x4000 kr=0 okC=68 failC=0 okD=3 failD=0 unmatchedD=0 full=0 live=65/24MB [t0=53/5MB t80=0/0MB t82=12/19MB]
#### AGXIOC type=0x82 patch #13: f14=0x430 +0x30 0→0x102 +0x38 0x102→0 +0x40 0→0 +0x50 0→0x180888c00 +0x58 0x180888c00→0
#### MTL_TEX LEASE-NEW #7 key=256x128-pf10-bpe1-fcc1278226488 entry=0x600bce400 surf=0x600a84be0 tex=0x60098fc80 retain=2 baseline=1 bpr=256 alloc=32KB shapeEntries=1 pool=0MB map=LINEAR
#### AGX_MAP_AUDIT #12 tex=0x60098fc80 impl=0x60098fa00 iosurface(arg=0x600a84be0 bound=0x600a84be0) plane=0 cpu130=0x1044fc000 gpu40=0x1501b80000 descriptorOff=0x190 descriptorLayout=0 compressed=0 extended=0 match=1
#### MACWS_AGX_NATIVE memoryless witness #15 instance=0x6001d2000 class=AGXG13GFamilyDevice original=0x1e9eb68a8 -> YES
#### AGXIOC type=0x82 patch #14: f14=0x430 +0x30 0→0x103 +0x38 0x103→0 +0x40 0→0 +0x50 0→0x180888c00 +0x58 0x180888c00→0
#### MTL_TEX LEASE-NEW #8 key=256x64-pf10-bpe1-fcc1278226488 entry=0x600bce280 surf=0x600a84820 tex=0x600c90500 retain=2 baseline=1 bpr=256 alloc=16KB shapeEntries=1 pool=0MB map=LINEAR
#### AGX_MAP_AUDIT #13 tex=0x600c90500 impl=0x600c90280 iosurface(arg=0x600a84820 bound=0x600a84820) plane=0 cpu130=0x103ce8000 gpu40=0x1500010000 descriptorOff=0x190 descriptorLayout=0 compressed=0 extended=0 match=1
#### MACWS_AGX_NATIVE memoryless witness #16 instance=0x6001d2000 class=AGXG13GFamilyDevice original=0x1e9eb68a8 -> YES
#### AGXIOC type=0x82 patch #15: f14=0x430 +0x30 0→0x104 +0x38 0x104→0 +0x40 0→0 +0x50 0→0x180888c00 +0x58 0x180888c00→0
#### MTL_TEX LEASE-NEW #9 key=128x64-pf10-bpe1-fcc1278226488 entry=0x600bce700 surf=0x600a84800 tex=0x600c90c80 retain=2 baseline=1 bpr=128 alloc=16KB shapeEntries=1 pool=0MB map=LINEAR
#### AGX_MAP_AUDIT #14 tex=0x600c90c80 impl=0x600c90a00 iosurface(arg=0x600a84800 bound=0x600a84800) plane=0 cpu130=0x104508000 gpu40=0x1501b90000 descriptorOff=0x190 descriptorLayout=0 compressed=0 extended=0 match=1
#### AGXIOC type=0x82 patch #16: f14=0x430 +0x30 0→0x105 +0x38 0x105→0 +0x40 0→0 +0x50 0→0x180888c00 +0x58 0x180888c00→0
#### MTL_TEX LEASE-NEW #10 key=128x64-pf10-bpe1-fcc1278226488 entry=0x600bce580 surf=0x600a84bc0 tex=0x600c91400 retain=2 baseline=1 bpr=128 alloc=16KB shapeEntries=2 pool=0MB map=LINEAR
#### AGX_MAP_AUDIT #15 tex=0x600c91400 impl=0x600c91180 iosurface(arg=0x600a84bc0 bound=0x600a84bc0) plane=0 cpu130=0x10450c000 gpu40=0x1501b98000 descriptorOff=0x190 descriptorLayout=0 compressed=0 extended=0 match=1
#### MTL_TEX LEASE-NEW #11 key=64x64-pf80-bpe4-fcc1111970369 entry=0x600bcea00 surf=0x600a84b60 tex=0x600c91b80 retain=2 baseline=1 bpr=256 alloc=16KB shapeEntries=1 pool=0MB map=LINEAR
#### AGX_MAP_AUDIT #16 tex=0x600c91b80 impl=0x600c91900 iosurface(arg=0x600a84b60 bound=0x600a84b60) plane=0 cpu130=0x104510000 gpu40=0x1501ba0000 descriptorOff=0x190 descriptorLayout=0 compressed=0 extended=0 match=1
#### MTL_TEX LEASE-NEW #12 key=2048x2048-pf10-bpe1-fcc1278226488 entry=0x600bce850 surf=0x600a84b20 tex=0x600c92580 retain=2 baseline=1 bpr=2048 alloc=4096KB shapeEntries=1 pool=4MB map=LINEAR
#### AGX_MAP_AUDIT #17 tex=0x600c92580 impl=0x600c92300 iosurface(arg=0x600a84b20 bound=0x600a84b20) plane=0 cpu130=0x12b91c000 gpu40=0x1501bb8000 descriptorOff=0x190 descriptorLayout=0 compressed=0 extended=0 match=1
#### VNC-FINAL candidate #0 tex=0x600c92580 class=AGXG13GFamilyTexture tex=2048x2048 pf=10 usage=0x7 storage=0 hazard=2 surface=0x600a84b20 2048x2048 bpr=2048
#### CBRI_HOOK self=0x600227380 cls=AGXG13GFamilyCommandBuffer → resourceInfo=0x600268600
#### CBRI_HOOK self=0x600227380 cls=AGXG13GFamilyCommandBuffer → resourceInfo=0x600268600
#### JIT-MPROTECT flip #11264 ranges=1 prot=RX writers=1 exec_waits=4210 late_retries=63
#### MTL_TEX LEASE-NEW #13 key=16x16-pf10-bpe1-fcc1278226488 entry=0x600dc25e0 surf=0x600a85ac0 tex=0x600c9ed80 retain=2 baseline=1 bpr=128 alloc=16KB shapeEntries=1 pool=4MB map=LINEAR
#### AGX_MAP_AUDIT #18 tex=0x600c9ed80 impl=0x600c9f000 iosurface(arg=0x600a85ac0 bound=0x600a85ac0) plane=0 cpu130=0x1045a4000 gpu40=0x1502090000 descriptorOff=0x190 descriptorLayout=0 compressed=0 extended=0 match=1
#### MTL_TEX plain DEPTH-STENCIL: pf=253 routing to native AGX path (IOSurface backing is invalid)
#### AGXIOC sel=0x9 type=0 VA-shape +0x38=0x12bd1c000 → 0
#### AGXIOC sel=0x9 type=0 args+0x14=0x2c30 → 0x430 (stripped macOS-only bits 0x2800)
#### AGXIOC sel=0x9 type=0 VA-shape detected: args+0x40=0x12bd1c000 (>1GB) → using args+0x48=0x20000 as size, +0x58 0x380888c50 → 0
#### MTL_TEX plain DEPTH-STENCIL native result: 0x600c9f500 class=AGXG13GFamilyTexture
#### AGXIOC Scalar sel=0x10->0xe inCnt=1 -> 0x0
#### AGXIOC Scalar sel=0x10->0xe inCnt=1 -> 0x0
#### AGXIOC Method sel=0xf->0xd inCnt=2 inSC=0 outSC=16 -> 0x0
#### AGXIOC Scalar sel=0x10->0xe inCnt=1 -> 0x0
#### MTL_TEX plain DEPTH-STENCIL: pf=253 routing to native AGX path (IOSurface backing is invalid)
#### TRACE -[AGXBuffer initUntracked] self=0x600b6e100 dev=0x6001d2000 len=1536 opt=0 -> 0x600b6e100
#### TRACE -[AGXBuffer initUntracked] self=0x600b6db00 dev=0x6001d2000 len=1536 opt=0 -> 0x600b6db00
#### TRACE -[AGXBuffer initUntracked] self=0x600b6ea00 dev=0x6001d2000 len=256 opt=0 -> 0x600b6ea00
#### AGXIOC sel=0x9 type=0 VA-shape +0x38=0x12bd1c200 → 0
#### AGXIOC sel=0x9 type=0 args+0x14=0x2c30 → 0x430 (stripped macOS-only bits 0x2800)
#### AGXIOC sel=0x9 type=0 VA-shape detected: args+0x40=0x12bd1c000 (>1GB) → using args+0x48=0x20000 as size, +0x58 0x380888c50 → 0
#### MTL_TEX plain DEPTH-STENCIL native result: 0x600c9e380 class=AGXG13GFamilyTexture
#### MTL_TEX storageMode=Memoryless preserved for AGX-native descriptor=0x600028ce0
#### MTL_TEX plain MEMORYLESS: routing to native AGX path (no IOSurface — tile-memory-only) w=128 h=16 pf=253
#### MTL_TEX storageMode=Memoryless preserved for AGX-native descriptor=0x600028ce0
#### MTL_TEX storageMode=Memoryless preserved for AGX-native descriptor=0x600028ce0
#### MTL_TEX storageMode=Memoryless preserved for AGX-native descriptor=0x600028ce0
#### MTL_TEX plain MEMORYLESS native result: 0x601090000 (class=AGXG13GFamilyTexture storageMode=3 length=999)
#### MTL_TEX plain MEMORYLESS: routing to native AGX path (no IOSurface — tile-memory-only) w=128 h=16 pf=10
#### MTL_TEX plain MEMORYLESS native result: 0x601090c80 (class=AGXG13GFamilyTexture storageMode=3 length=999)
#### MTL_TEX TLS set iosurface=0x600a86a20 id=0x109 plane=0 compressionHeaderSpan=0 (thread=0x1dfb5de00 addr=0x0)
#### AGX_MAP_AUDIT #19 tex=0x60098be00 impl=0x60098c080 iosurface(arg=0x600a86a20 bound=0x600a86a20) plane=0 cpu130=0x12bdd8000 gpu40=0x15021b8000 descriptorOff=0x190 descriptorLayout=0 compressed=0 extended=0 match=1
#### AGXIOC Method sel=0xf->0xd inCnt=2 inSC=0 outSC=16 -> 0x0
#### AGX_LIFE DESTROY id=0x3b type=0 surf=0 bytes=0x4000 kr=0 okC=107 failC=0 okD=4 failD=0 unmatchedD=0 full=0 live=103/34MB [t0=83/7MB t80=0/0MB t82=20/27MB]
#### AGX_LIFE DESTROY id=0x3f type=0 surf=0 bytes=0x4000 kr=0 okC=107 failC=0 okD=5 failD=0 unmatchedD=0 full=0 live=102/34MB [t0=82/7MB t80=0/0MB t82=20/27MB]
#### AGX_LIFE DESTROY id=0x4c type=0 surf=0 bytes=0x10000 kr=0 okC=107 failC=0 okD=6 failD=0 unmatchedD=0 full=0 live=101/34MB [t0=81/6MB t80=0/0MB t82=20/27MB]
#### AGX_LIFE DESTROY id=0x56 type=0 surf=0 bytes=0x20000 kr=0 okC=107 failC=0 okD=7 failD=0 unmatchedD=0 full=0 live=100/34MB [t0=80/6MB t80=0/0MB t82=20/27MB]
#### MTL_TEX TLS set iosurface=0x600a82ca0 id=0x95 plane=0 compressionHeaderSpan=0 (thread=0x1dfb5de00 addr=0x0)
#### AGX_LIFE DESTROY id=0x42 type=0 surf=0 bytes=0x4000 kr=0 okC=107 failC=0 okD=8 failD=0 unmatchedD=0 full=0 live=99/34MB [t0=79/6MB t80=0/0MB t82=20/27MB]
#### AGX_LIFE DESTROY id=0x2 type=0 surf=0 bytes=0x4000 kr=0 okC=107 failC=0 okD=9 failD=0 unmatchedD=0 full=0 live=98/34MB [t0=78/6MB t80=0/0MB t82=20/27MB]
#### AGX_LIFE DESTROY id=0x3 type=0 surf=0 bytes=0x4000 kr=0 okC=108 failC=0 okD=10 failD=0 unmatchedD=0 full=0 live=98/37MB [t0=77/6MB t80=0/0MB t82=21/31MB]
#### AGX_MAP_AUDIT #20 tex=0x600c94880 impl=0x600c9f780 iosurface(arg=0x600a82ca0 bound=0x600a82ca0) plane=0 cpu130=0x12c1e0000 gpu40=0x15025e8000 descriptorOff=0x190 descriptorLayout=0 compressed=0 extended=0 match=1
#### AGX_LIFE DESTROY id=0x64 type=0 surf=0 bytes=0x4000 kr=0 okC=108 failC=0 okD=11 failD=0 unmatchedD=0 full=0 live=97/37MB [t0=76/6MB t80=0/0MB t82=21/31MB]
#### AGX_SUBMIT_DIAG #18 TEMP-KCMD-TRAILING-WRAPPER-FIX match=7 subtype1=0..0x840->0..0x820 wrappers=1 range=0x840..0x858->0x820..0x838
#### AGX_MAP_AUDIT #21 tex=0x601094b00 impl=0x601095a00 iosurface(arg=0x600a82c40 bound=0x600a82c40) plane=0 cpu130=0x12c5b0000 gpu40=0x15029c0000 descriptorOff=0x190 descriptorLayout=0 compressed=0 extended=0 match=1
#### AGX_LIFE DESTROY id=0x3b type=0 surf=0 bytes=0x4000 kr=0 okC=110 failC=0 okD=12 failD=0 unmatchedD=0 full=0 live=98/41MB [t0=76/6MB t80=0/0MB t82=22/35MB]
#### AGX_MAP_AUDIT #22 tex=0x601096180 impl=0x601095c80 iosurface(arg=0x600a85120 bound=0x600a85120) plane=0 cpu130=0x12c980000 gpu40=0x1502d98000 descriptorOff=0x190 descriptorLayout=0 compressed=0 extended=0 match=1
#### MTL_TEX LEASE-NEW #14 key=256x64-pf10-bpe1-fcc1278226488 entry=0x600dc7350 surf=0x600a85960 tex=0x601097f80 retain=2 baseline=1 bpr=256 alloc=16KB shapeEntries=2 pool=4MB map=LINEAR
#### AGX_MAP_AUDIT #23 tex=0x601097f80 impl=0x601097d00 iosurface(arg=0x600a85960 bound=0x600a85960) plane=0 cpu130=0x1044d0000 gpu40=0x1500000000 descriptorOff=0x190 descriptorLayout=0 compressed=0 extended=0 match=1
#### AGX_MAP_AUDIT #24 tex=0x601097080 impl=0x601097300 iosurface(arg=0x600a82ee0 bound=0x600a82ee0) plane=0 cpu130=0x12cd50000 gpu40=0x1503170000 descriptorOff=0x190 descriptorLayout=0 compressed=0 extended=0 match=1
#### AGX_LIFE DESTROY id=0x42 type=0 surf=0 bytes=0x4000 kr=0 okC=115 failC=0 okD=13 failD=0 unmatchedD=0 full=0 live=102/49MB [t0=77/6MB t80=0/0MB t82=25/42MB]
#### AGX_LIFE DESTROY id=0x56 type=0 surf=0 bytes=0x4000 kr=0 okC=115 failC=0 okD=14 failD=0 unmatchedD=0 full=0 live=101/49MB [t0=76/6MB t80=0/0MB t82=25/42MB]
#### AGX_MAP_AUDIT #25 tex=0x601098980 impl=0x601096400 iosurface(arg=0x600a83160 bound=0x600a83160) plane=0 cpu130=0x12d120000 gpu40=0x1503548000 descriptorOff=0x190 descriptorLayout=0 compressed=0 extended=0 match=1
#### AGX_SUBMIT_DIAG #25 TEMP-KCMD-TRAILING-WRAPPER-FIX match=8 subtype1=0..0x840->0..0x820 wrappers=1 range=0x840..0x858->0x820..0x838
#### AGX_MAP_AUDIT #26 tex=0x601099880 impl=0x601099600 iosurface(arg=0x600a87d00 bound=0x600a87d00) plane=0 cpu130=0x12d3e0000 gpu40=0x1503810000 descriptorOff=0x190 descriptorLayout=0 compressed=0 extended=0 match=1
#### MTL_TEX LEASE-NEW #15 key=161x161-pf10-bpe1-fcc1278226488 entry=0x600929e70 surf=0x600a88900 tex=0x60109a500 retain=2 baseline=1 bpr=256 alloc=48KB shapeEntries=1 pool=4MB map=LINEAR
#### AGX_MAP_AUDIT #27 tex=0x60109a500 impl=0x60109a280 iosurface(arg=0x600a88900 bound=0x600a88900) plane=0 cpu130=0x104530000 gpu40=0x1501fe0000 descriptorOff=0x190 descriptorLayout=0 compressed=0 extended=0 match=1
#### MTL_TEX LEASE-NEW #16 key=128x128-pf10-bpe1-fcc1278226488 entry=0x600dc8250 surf=0x600a88ca0 tex=0x60109ac80 retain=2 baseline=1 bpr=128 alloc=16KB shapeEntries=1 pool=4MB map=LINEAR
#### AGX_MAP_AUDIT #28 tex=0x60109ac80 impl=0x60109aa00 iosurface(arg=0x600a88ca0 bound=0x600a88ca0) plane=0 cpu130=0x103ce0000 gpu40=0x1500008000 descriptorOff=0x190 descriptorLayout=0 compressed=0 extended=0 match=1
#### MTL_TEX LEASE-NEW #17 key=64x64-pf10-bpe1-fcc1278226488 entry=0x600dc80d0 surf=0x600a88ce0 tex=0x60109b400 retain=2 baseline=1 bpr=128 alloc=16KB shapeEntries=1 pool=4MB map=LINEAR
#### AGX_MAP_AUDIT #29 tex=0x60109b400 impl=0x60109b180 iosurface(arg=0x600a88ce0 bound=0x600a88ce0) plane=0 cpu130=0x104504000 gpu40=0x1500870000 descriptorOff=0x190 descriptorLayout=0 compressed=0 extended=0 match=1
#### MTL_TEX LEASE-NEW #18 key=64x64-pf10-bpe1-fcc1278226488 entry=0x600dc8550 surf=0x600a88cc0 tex=0x60109bb80 retain=2 baseline=1 bpr=128 alloc=16KB shapeEntries=2 pool=4MB map=LINEAR
#### AGX_MAP_AUDIT #30 tex=0x60109bb80 impl=0x60109b900 iosurface(arg=0x600a88cc0 bound=0x600a88cc0) plane=0 cpu130=0x10453c000 gpu40=0x1501b40000 descriptorOff=0x190 descriptorLayout=0 compressed=0 extended=0 match=1
#### MTL_TEX LEASE-NEW #19 key=55x55-pf10-bpe1-fcc1278226488 entry=0x600dc83d0 surf=0x600a88c40 tex=0x60109c300 retain=2 baseline=1 bpr=128 alloc=16KB shapeEntries=1 pool=4MB map=LINEAR
#### AGX_MAP_AUDIT #31 tex=0x60109c300 impl=0x60109c080 iosurface(arg=0x600a88c40 bound=0x600a88c40) plane=0 cpu130=0x10ee04000 gpu40=0x1501b78000 descriptorOff=0x190 descriptorLayout=0 compressed=0 extended=0 match=1
#### AGX_LIFE DESTROY id=0x6f type=0 surf=0 bytes=0x8000 kr=0 okC=125 failC=0 okD=15 failD=0 unmatchedD=0 full=0 live=110/54MB [t0=77/6MB t80=0/0MB t82=33/47MB]
#### AGX_LIFE DESTROY id=0x71 type=0 surf=0 bytes=0x8000 kr=0 okC=129 failC=0 okD=16 failD=0 unmatchedD=0 full=0 live=113/61MB [t0=77/6MB t80=0/0MB t82=36/54MB]
#### MTL_TEX LEASE-NEW #20 key=960x128-pf80-bpe4-fcc1111970369 entry=0x6009c2580 surf=0x600a81f00 tex=0x601298980 retain=2 baseline=1 bpr=3840 alloc=480KB shapeEntries=1 pool=4MB map=LINEAR
#### TRACE -[AGXBuffer initUntracked] self=0x60110c780 dev=0x6001d2000 len=3072 opt=0 -> 0x60110c780
#### TRACE -[AGXBuffer initUntracked] self=0x600b6e100 dev=0x6001d2000 len=3072 opt=0 -> 0x600b6e100
#### TRACE -[AGXBuffer initUntracked] self=0x600b6db00 dev=0x6001d2000 len=512 opt=0 -> 0x600b6db00
#### AGX_SUBMIT_DIAG #48 subtype1-predicate scalar0=0x1 legacy-scalar-gate=1 total=0x840/1 seglen=0x170/1 seghdr=1 cmdtotal=1 d8=1 pad1=1 f1=1 sent1=1 pad2=1 f2=1 sent2=1
#### AGX_SUBMIT_DIAG #48 descriptor[0] KCMD-type1-observed saved=0x840/0x840 path=/tmp/macws_submit_kcmd_48_0_type1-observed.bin errno=0
#### AGX_SUBMIT_DIAG #48 descriptor[0] segment saved=0x170/0x170 path=/tmp/macws_submit_segment_48_0.bin errno=0
#### AGX_SUBMIT_DIAG #48 TEMP-KCMD-ABI-FIX subtype1-clear pads=0x1c0,0x4c0 total=0x840->0x820 size=0x7e8->0x7c8 end=0x818->0x7f8 segment-span=0x820
#### AGX_SUBMIT_DIAG #50 subtype1-predicate scalar0=0x1 legacy-scalar-gate=1 total=0x840/1 seglen=0x170/1 seghdr=1 cmdtotal=1 d8=1 pad1=1 f1=1 sent1=1 pad2=1 f2=1 sent2=1
#### AGX_SUBMIT_DIAG #50 descriptor[0] KCMD-type1-observed saved=0x840/0x840 path=/tmp/macws_submit_kcmd_50_0_type1-observed.bin errno=0
#### AGX_SUBMIT_DIAG #50 descriptor[0] segment saved=0x170/0x170 path=/tmp/macws_submit_segment_50_0.bin errno=0
#### AGX_SUBMIT_DIAG #50 TEMP-KCMD-ABI-FIX subtype1-clear pads=0x1c0,0x4c0 total=0x840->0x820 size=0x7e8->0x7c8 end=0x818->0x7f8 segment-span=0x820
#### AGX_SUBMIT_DIAG #51 TEMP-KCMD-TRAILING-WRAPPER-FIX match=16 subtype1=0..0x840->0..0x820 wrappers=1 range=0x840..0x858->0x820..0x838
#### MTL_TEX LEASE-NEW #21 key=960x192-pf80-bpe4-fcc1111970369 entry=0x600aafae0 surf=0x600a89320 tex=0x601297d00 retain=2 baseline=1 bpr=3840 alloc=720KB shapeEntries=1 pool=5MB map=LINEAR
#### AGX_SUBMIT_DIAG #52 subtype1-predicate scalar0=0x1 legacy-scalar-gate=1 total=0x840/1 seglen=0x170/1 seghdr=1 cmdtotal=1 d8=1 pad1=1 f1=1 sent1=1 pad2=1 f2=1 sent2=1
#### AGX_SUBMIT_DIAG #52 descriptor[0] KCMD-type1-observed saved=0x840/0x840 path=/tmp/macws_submit_kcmd_52_0_type1-observed.bin errno=0
#### AGX_SUBMIT_DIAG #52 descriptor[0] segment saved=0x170/0x170 path=/tmp/macws_submit_segment_52_0.bin errno=0
#### AGX_SUBMIT_DIAG #52 TEMP-KCMD-ABI-FIX subtype1-clear pads=0x1c0,0x4c0 total=0x840->0x820 size=0x7e8->0x7c8 end=0x818->0x7f8 segment-span=0x820
#### AGX_SUBMIT_DIAG #54 subtype1-predicate scalar0=0x1 legacy-scalar-gate=1 total=0x840/1 seglen=0x170/1 seghdr=1 cmdtotal=1 d8=1 pad1=1 f1=1 sent1=1 pad2=1 f2=1 sent2=1
#### AGX_SUBMIT_DIAG #54 descriptor[0] KCMD-type1-observed saved=0x840/0x840 path=/tmp/macws_submit_kcmd_54_0_type1-observed.bin errno=0
#### AGX_SUBMIT_DIAG #54 descriptor[0] segment saved=0x170/0x170 path=/tmp/macws_submit_segment_54_0.bin errno=0
#### AGX_SUBMIT_DIAG #54 TEMP-KCMD-ABI-FIX subtype1-clear pads=0x1c0,0x4c0 total=0x840->0x820 size=0x7e8->0x7c8 end=0x818->0x7f8 segment-span=0x820
#### AGX_SUBMIT_DIAG #56 subtype1-predicate scalar0=0x1 legacy-scalar-gate=1 total=0x840/1 seglen=0x170/1 seghdr=1 cmdtotal=1 d8=1 pad1=1 f1=1 sent1=1 pad2=1 f2=1 sent2=1
#### AGX_SUBMIT_DIAG #56 descriptor[0] KCMD-type1-observed saved=0x840/0x840 path=/tmp/macws_submit_kcmd_56_0_type1-observed.bin errno=0
#### AGX_SUBMIT_DIAG #56 descriptor[0] segment saved=0x170/0x170 path=/tmp/macws_submit_segment_56_0.bin errno=0
#### AGX_SUBMIT_DIAG #56 TEMP-KCMD-ABI-FIX subtype1-clear pads=0x1c0,0x4c0 total=0x840->0x820 size=0x7e8->0x7c8 end=0x818->0x7f8 segment-span=0x820
#### IOSURFACE-RELEASE-ABI pair #2: conn=11783 surfaceID=298 sel=1 -> 0
#### IOSURFACE-RELEASE-ABI pair #3: conn=11783 surfaceID=299 sel=1 -> 0
#### AGX_SUBMIT_DIAG #58 subtype1-predicate scalar0=0x1 legacy-scalar-gate=1 total=0x840/1 seglen=0x170/1 seghdr=1 cmdtotal=1 d8=1 pad1=1 f1=1 sent1=1 pad2=1 f2=1 sent2=1
#### AGX_SUBMIT_DIAG #58 descriptor[0] KCMD-type1-observed saved=0x840/0x840 path=/tmp/macws_submit_kcmd_58_0_type1-observed.bin errno=0
#### AGX_SUBMIT_DIAG #58 descriptor[0] segment saved=0x170/0x170 path=/tmp/macws_submit_segment_58_0.bin errno=0
#### AGX_SUBMIT_DIAG #58 TEMP-KCMD-ABI-FIX subtype1-clear pads=0x1c0,0x4c0 total=0x840->0x820 size=0x7e8->0x7c8 end=0x818->0x7f8 segment-span=0x820
#### MTL_TEX LEASE-NEW #22 key=960x256-pf80-bpe4-fcc1111970369 entry=0x600dcd5c0 surf=0x600a8af00 tex=0x60129cd00 retain=2 baseline=1 bpr=3840 alloc=960KB shapeEntries=1 pool=6MB map=LINEAR
#### AGX_SUBMIT_DIAG #60 subtype1-predicate scalar0=0x1 legacy-scalar-gate=1 total=0x840/1 seglen=0x170/1 seghdr=1 cmdtotal=1 d8=1 pad1=1 f1=1 sent1=1 pad2=1 f2=1 sent2=1
#### AGX_SUBMIT_DIAG #60 descriptor[0] KCMD-type1-observed saved=0x840/0x840 path=/tmp/macws_submit_kcmd_60_0_type1-observed.bin errno=0
#### AGX_SUBMIT_DIAG #60 descriptor[0] segment saved=0x170/0x170 path=/tmp/macws_submit_segment_60_0.bin errno=0
#### AGX_SUBMIT_DIAG #60 TEMP-KCMD-ABI-FIX subtype1-clear pads=0x1c0,0x4c0 total=0x840->0x820 size=0x7e8->0x7c8 end=0x818->0x7f8 segment-span=0x820
#### IOSURFACE-RELEASE-ABI pair #4: conn=11783 surfaceID=302 sel=1 -> 0
#### IOSURFACE-RELEASE-ABI pair #5: conn=11783 surfaceID=303 sel=1 -> 0
#### IOSURFACE-RELEASE-ABI pair #6: conn=11783 surfaceID=301 sel=1 -> 0
#### JIT-MPROTECT flip #12288 ranges=1 prot=RX writers=1 exec_waits=4469 late_retries=76
#### IOSURFACE-RELEASE-ABI pair #7: conn=11783 surfaceID=303 sel=1 -> 0
#### MTL_TEX LEASE-NEW #23 key=960x320-pf80-bpe4-fcc1111970369 entry=0x600aaff00 surf=0x600a8b7e0 tex=0x60129c580 retain=2 baseline=1 bpr=3840 alloc=1200KB shapeEntries=1 pool=7MB map=LINEAR
#### AGX_SUBMIT_DIAG #77 TEMP-KCMD-TRAILING-WRAPPER-FIX match=32 subtype1=0..0x840->0..0x820 wrappers=1 range=0x840..0x858->0x820..0x838
#### IOSURFACE-RELEASE-ABI pair #8: conn=11783 surfaceID=301 sel=1 -> 0
#### IOSURFACE-RELEASE-ABI pair #9: conn=11783 surfaceID=303 sel=1 -> 0
#### IOSURFACE-RELEASE-ABI pair #10: conn=11783 surfaceID=299 sel=1 -> 0
#### IOSURFACE-RELEASE-ABI pair #11: conn=11783 surfaceID=307 sel=1 -> 0
#### IOSURFACE-RELEASE-ABI pair #12: conn=11783 surfaceID=248 sel=1 -> 0
#### IOSURFACE-RELEASE-ABI pair #13: conn=11783 surfaceID=302 sel=1 -> 0
#### JIT-MPROTECT flip #6144 ranges=1 prot=RX writers=1 exec_waits=1925 late_retries=35
#### IOSURFACE-RELEASE-ABI pair #14: conn=11783 surfaceID=301 sel=1 -> 0
#### IOSURFACE-RELEASE-ABI pair #15: conn=11783 surfaceID=308 sel=1 -> 0
#### IOSURFACE-RELEASE-ABI pair #16: conn=11783 surfaceID=185 sel=1 -> 0
#### JIT-MPROTECT flip #13312 ranges=1 prot=RX writers=1 exec_waits=4703 late_retries=79
#### MACWS_HID_BYPASS installed SetMatchingMultiple → no-op (1) at 0x187cede8c — skips iOS-format CFBinaryPlist parse inside
####   IOHIDEventSystemClientCacheMatchingServices → IOHIDUnserializeAndVMDealloc → CFPropertyListCreateFromStream
####   that BUS_ADRALNs in the IOMFBServer thread.
#### MACWS_AGX_RENAMER_PATCH: off (set MACWS_AGX_RENAMER_PATCH=1 to enable)
#### MACWS_ASSERT_BYPASS DISABLED (set MACWS_KEEP_ASSERT_BYPASS=1 to restore lazy bypass) — real __assert_rtn now reaches abort
#### MACWS_AGX_NATIVE [ctor] pre-loaded IOGPU via /System/Library/PrivateFrameworks/IOGPU.framework/IOGPU -> 0x3ae29cc10
#### XPC_BOOTSTRAP: fn=0x1848a5140 dict=0x12af152c0 (registering Metal/ViewBridge/HIServices)
#### XPC_BOOTSTRAP: called OK
#### COEXIST API SwapEnd hook installed target=0x18f7831cc trampoline=0x100cac000
#### SkyLight PrepareForUse tolerate-nil hook installed at 0x189b64fc4
#### SkyLight StartCompositeForDisplayStream nil-skip hook installed at 0x18998dd74
#### SkyLight StartComposite(WSCD) tolerate-nil + pop-on-bail hook installed at 0x18998d358
#### SkyLight StartComposite(MTLTex) pop-on-bail hook installed at 0x18998dfb8
#### SkyLight EndCurrentComposite(bool) completion hook installed at 0x18998c53c
#### SkyLight EndUpdate(bool) submission hook installed at 0x18998c0b0
#### SkyLight _state_stack pop_back resolved at 0x18998afa0
#### SkyLight WSCompositeDestinationCreateWithMetalTexture nil-tolerate hook installed at 0x18999053c
#### SkyLight MetalContext::StopCapture invalid-this guard installed at 0x18998c1bc
#### MACWS_AGX_NATIVE class_addMethod(MTLTextureDescriptor, validateWithDevice:) = 1
#### MACWS_AGX_NATIVE class_addMethod(IOGPUMetalTexture, isMemoryless) = 1
#### MACWS_AGX_NATIVE class_addMethod(IOGPUMetalTexture, getCPUSizeBytes) = 1
#### MACWS_AGX_NATIVE class_addMethod(IOGPUMetalTexture, getAlignment) = 1
#### MACWS_AGX_NATIVE class_addMethod(IOGPUMetalTexture, descriptorPrivate) = 1
#### MACWS_AGX_NATIVE class_addMethod(IOGPUMetalTexture, getBytesPerRow) = 1
#### MACWS_AGX_NATIVE class_addMethod(IOGPUMetalTexture, updateBindDataWithAddresses:gpuVirtualAddress:) = 1
#### MACWS_AGX_NATIVE class_addMethod(IOGPUMetalTexture, updateBindDataWithAddresses:gpuVirtualAddress:shouldInitMetadata:) = 1
#### MACWS_AGX_NATIVE class_addMethod(IOGPUMetalTexture, allocBufferSubDataWithLength:options:alignment:heapIndex:bufferIndex:bufferOffset:) = 1
#### MACWS_AGX_NATIVE class_addMethod(IOGPUMetalTexture, initNewTextureData:) = 1
#### MACWS_AGX_NATIVE class_addMethod(MTLTextureDescriptor, isMemoryless) = 1
#### MACWS_AGX_NATIVE class_addMethod(MTLTextureDescriptor, protectionOptions) = 1
#### MACWS_AGX_NATIVE class_addMethod(MTLTextureDescriptor, getCPUSizeBytes) = 1
#### MACWS_AGX_NATIVE class_addMethod(MTLTextureDescriptor, getAlignment) = 1
#### MACWS_AGX_NATIVE class_addMethod(MTLTextureDescriptor, descriptorPrivate) = 1
#### MACWS_AGX_NATIVE class_addMethod(MTLTextureDescriptor, getBytesPerRow) = 1
#### MACWS_AGX_NATIVE class_addMethod(MTLTextureDescriptor, updateBindDataWithAddresses:gpuVirtualAddress:) = 1
#### MACWS_AGX_NATIVE class_addMethod(MTLTextureDescriptor, updateBindDataWithAddresses:gpuVirtualAddress:shouldInitMetadata:) = 1
#### MACWS_AGX_NATIVE class_addMethod(MTLTextureDescriptor, allocBufferSubDataWithLength:options:alignment:heapIndex:bufferIndex:bufferOffset:) = 1
#### MACWS_AGX_NATIVE class_addMethod(MTLTextureDescriptor, initNewTextureData:) = 1
#### MTL_TEX LEASE-NEW #24 key=128x32-pf80-bpe4-fcc1111970369 entry=0x600dcde30 surf=0x600a8af40 tex=0x60129d980 retain=2 baseline=1 bpr=512 alloc=16KB shapeEntries=1 pool=7MB map=LINEAR
#### MTL_TEX LEASE-NEW #25 key=32x64-pf10-bpe1-fcc1278226488 entry=0x600dce670 surf=0x600a8c160 tex=0x601291900 retain=2 baseline=1 bpr=128 alloc=16KB shapeEntries=1 pool=7MB map=LINEAR
#### MTL_TEX LEASE-NEW #26 key=32x64-pf10-bpe1-fcc1278226488 entry=0x600dcb610 surf=0x600a8b900 tex=0x60129e100 retain=2 baseline=1 bpr=128 alloc=16KB shapeEntries=2 pool=7MB map=LINEAR
[91m[main 2026-07-29T22:06:31.801Z][0m AgentHostStarter was unable to resolve shell environment Error: Unable to resolve your shell environment: Unexpected exit code from spawned shell (code null, signal SIGABRT)
    at file:///Applications/Visual%20Studio%20Code.app/Contents/Resources/app/out/main.js:474:34475
    at async file:///Applications/Visual%20Studio%20Code.app/Contents/Resources/app/out/main.js:434:92057
[90m[main 2026-07-29T22:06:31.807Z][0m AgentHostProcessManager: agent host started
#### MTL_TEX LEASE-NEW #27 key=2048x256-pf10-bpe1-fcc1278226488 entry=0x600bc0ba0 surf=0x600a86d20 tex=0x601393480 retain=2 baseline=1 bpr=2048 alloc=512KB shapeEntries=1 pool=8MB map=LINEAR
#### MTL_TEX LEASE-NEW #28 key=2048x512-pf10-bpe1-fcc1278226488 entry=0x601470720 surf=0x6000333c0 tex=0x601396180 retain=2 baseline=1 bpr=2048 alloc=1024KB shapeEntries=1 pool=9MB map=LINEAR
#### JIT-MPROTECT flip #14336 ranges=1 prot=RX writers=1 exec_waits=4964 late_retries=91
[91m[main 2026-07-29T22:06:32.210Z][0m [AgentHost:stderr] #### MACWS_HID_BYPASS installed SetMatchingMultiple → no-op (1) at 0x187cede8c — skips iOS-format CFBinaryPlist parse inside
####   IOHIDEventSystemClientCacheMatchingServices → IOHIDUnserializeAndVMDealloc → CFPropertyListCreateFromStream
####   that BUS_ADRALNs in the IOMFBServer thread.
#### MACWS_AGX_RENAMER_PATCH: off (set MACWS_AGX_RENAMER_PATCH=1 to enable)
#### MACWS_ASSERT_BYPASS DISABLED (set MACWS_KEEP_ASSERT_BYPASS=1 to restore lazy bypass) — real __assert_rtn now reaches abort
#### MACWS_AGX_NATIVE [ctor] pre-loaded IOGPU via /System/Library/PrivateFrameworks/IOGPU.framework/IOGPU -> 0x3ae29cc10
#### XPC_BOOTSTRAP: fn=0x1848a5140 dict=0x131617110 (registering Metal/ViewBridge/HIServices)
#### XPC_BOOTSTRAP: called OK
#### COEXIST API SwapEnd hook installed target=0x18f7831cc trampoline=0x102f54000

#### JIT-MPROTECT flip #15360 ranges=1 prot=RX writers=1 exec_waits=5293 late_retries=97
#### AMFI-POLICY-COMPAT policy=AMFI op=0x60 status=0x4 (iOS task ports are hard-immovable)
#### CSR-POLICY-COMPAT active_config=0x0 (conservative iOS compatibility value)
[78065:0729/150632.346794:ERROR:base/process/process_mac.cc:53] task_policy_set TASK_CATEGORY_POLICY: (os/kern) invalid argument (4)
2026-07-29 15:06:32.352 Code Helper (Renderer)[78065:12335343] XType: Using static font registry.
#### JIT-MPROTECT range[0]=[0x280000000,0x290000000) source=MAP_JIT-EINVAL
#### JIT-MPROTECT execution barrier installed (W^X fetch-wait compatibility)
#### JIT-MPROTECT range[0]=[0x280000000,0x290000000) source=MAP_JIT-EINVAL
#### JIT-MPROTECT range[0]=[0x280000000,0x290000000) source=MAP_JIT-EINVAL
#### JIT-MPROTECT range[0]=[0x280000000,0x290000000) source=MAP_JIT-EINVAL
#### JIT-MPROTECT range[0]=[0x280000000,0x290000000) source=MAP_JIT-EINVAL
#### JIT-MPROTECT range[0]=[0x280000000,0x290000000) source=MAP_JIT-EINVAL
#### JIT-MPROTECT range[0]=[0x280000000,0x290000000) source=MAP_JIT-EINVAL
#### JIT-MPROTECT range[0]=[0x280000000,0x290000000) source=MAP_JIT-EINVAL
#### JIT-MPROTECT range[0]=[0x170000000,0x180000000) source=MAP_JIT-EINVAL
#### JIT-MPROTECT remap decline #1 dst=0x177dc0000 size=0x208000 src=0x10ff5c000 requested=0x5 -> V8 copy fallback
#### JIT-MPROTECT flip #1 ranges=1 prot=RW writers=1 exec_waits=0 late_retries=0
#### JIT-MPROTECT flip #2 ranges=1 prot=RX writers=1 exec_waits=0 late_retries=0
#### JIT-MPROTECT flip #16384 ranges=1 prot=RX writers=1 exec_waits=5503 late_retries=110
[91m[main 2026-07-29T22:06:32.565Z][0m [AgentHost:stderr] #### SkyLight PrepareForUse tolerate-nil hook installed at 0x189b64fc4
#### SkyLight StartCompositeForDisplayStream nil-skip hook installed at 0x18998dd74
#### SkyLight StartComposite(WSCD) tolerate-nil + pop-on-bail hook installed at 0x18998d358
#### SkyLight StartComposite(MTLTex) pop-on-bail hook installed at 0x18998dfb8
#### SkyLight EndCurrentComposite(bool) completion hook installed at 0x18998c53c
#### SkyLight EndUpdate(bool) submission hook installed at 0x18998c0b0
#### SkyLight _state_stack pop_back resolved at 0x18998afa0
#### SkyLight WSCompositeDestinationCreateWithMetalTexture nil-tolerate hook installed at 0x18999053c
#### SkyLight MetalContext::StopCapture invalid-this guard installed at 0x18998c1bc
#### MACWS_AGX_NATIVE class_addMethod(MTLTextureDescriptor, validateWithDevice:) = 1
#### MACWS_AGX_NATIVE class_addMethod(IOGPUMetalTexture, isMemoryless) = 1
#### MACWS_AGX_NATIVE class_addMethod(IOGPUMetalTexture, getCPUSizeBytes) = 1
#### MACWS_AGX_NATIVE class_addMethod(IOGPUMetalTexture, getAlignment) = 1
#### MACWS_AGX_NATIVE class_addMethod(IOGPUMetalTexture, descriptorPrivate) = 1
#### MACWS_AGX_NATIVE class_addMethod(IOGPUMetalTexture, getBytesPerRow) = 1
#### MACWS_AGX_NATIVE class_addMethod(IOGPUMetalTexture, updateBindDataWithAddresses:gpuVirtualAddress:) = 1
#### MACWS_AGX_NATIVE class_addMethod(IOGPUMetalTexture, updateBindDataWithAddresses:gpuVirtualAddress:shouldInitMetadata:) = 1
#### MACWS_AGX_NATIVE class_addMethod(IOGPUMetalTexture, allocBufferSubDataWithLength:options:alignment:heapIndex:bufferIndex:bufferOffset:) = 1
#### MACWS_AGX_NATIVE class_addMethod(IOGPUMetalTexture, initNewTextureData:) = 1
#### MACWS_AGX_NATIVE class_addMethod(MTLTextureDescriptor, isMemoryless) = 1
#### MACWS_AGX_NATIVE class_addMethod(MTLTextureDescriptor, protectionOptions) = 1
#### MACWS_AGX_NATIVE class_addMethod(MTLTextureDescriptor, getCPUSizeBytes) = 1
#### MACWS_AGX_NATIVE class_addMethod(MTLTextureDescriptor, getAlignment) = 1
#### MACWS_AGX_NATIVE class_addMethod(MTLTextureDescriptor, descriptorPrivate) = 1
#### MACWS_AGX_NATIVE class_addMethod(MTLTextureDescriptor, getBytesPerRow) = 1
#### MACWS_AGX_NATIVE class_addMethod(MTLTextureDescriptor, updateBindDataWithAddresses:gpuVirtualAddress:) = 1
#### MACWS_AGX_NATIVE class_addMethod(MTLTextureDescriptor, updateBindDataWithAddresses:gpuVirtualAddress:shouldInitMetadata:) = 1
#### MACWS_AGX_NATIVE class_addMethod(MTLTextureDescriptor, allocBufferSubDataWithLength:options:alignment:heapIndex:bufferIndex:bufferOffset:) = 1
#### MACWS_AGX_NATIVE class_addMethod(MTLTextureDescriptor, initNewTextureData:) = 1

#### JIT-MPROTECT flip #17408 ranges=1 prot=RX writers=1 exec_waits=5776 late_retries=119
[78023:0729/150632.592199:ERROR:net/cert/internal/trust_store_mac.cc:773] SecItemCopyMatching error: Error Domain=NSOSStatusErrorDomain Code=-50 "paramErr: error in user parameter list" (-50)
#### JIT-MPROTECT flip #3 ranges=1 prot=RW writers=1 exec_waits=0 late_retries=0
#### JIT-MPROTECT flip #4 ranges=1 prot=RX writers=1 exec_waits=1 late_retries=0
#### JIT-MPROTECT flip #5 ranges=1 prot=RW writers=1 exec_waits=1 late_retries=0
#### JIT-MPROTECT flip #6 ranges=1 prot=RX writers=1 exec_waits=1 late_retries=0
#### JIT-MPROTECT flip #7 ranges=1 prot=RW writers=1 exec_waits=1 late_retries=0
#### JIT-MPROTECT flip #8 ranges=1 prot=RX writers=1 exec_waits=1 late_retries=0
#### JIT-MPROTECT flip #9 ranges=1 prot=RW writers=1 exec_waits=1 late_retries=0
#### JIT-MPROTECT flip #10 ranges=1 prot=RX writers=1 exec_waits=1 late_retries=0
#### JIT-MPROTECT flip #11 ranges=1 prot=RW writers=1 exec_waits=1 late_retries=0
#### JIT-MPROTECT flip #12 ranges=1 prot=RX writers=1 exec_waits=1 late_retries=0
#### JIT-MPROTECT flip #13 ranges=1 prot=RW writers=1 exec_waits=2 late_retries=0
#### JIT-MPROTECT flip #14 ranges=1 prot=RX writers=1 exec_waits=2 late_retries=0
#### JIT-MPROTECT flip #15 ranges=1 prot=RW writers=1 exec_waits=2 late_retries=0
#### JIT-MPROTECT flip #16 ranges=1 prot=RX writers=1 exec_waits=2 late_retries=0
#### JIT-MPROTECT flip #17 ranges=1 prot=RW writers=1 exec_waits=2 late_retries=0
#### JIT-MPROTECT flip #18 ranges=1 prot=RX writers=1 exec_waits=2 late_retries=0
#### JIT-MPROTECT flip #19 ranges=1 prot=RW writers=1 exec_waits=2 late_retries=0
#### JIT-MPROTECT flip #20 ranges=1 prot=RX writers=1 exec_waits=2 late_retries=0
#### JIT-MPROTECT flip #21 ranges=1 prot=RW writers=1 exec_waits=3 late_retries=0
#### JIT-MPROTECT flip #22 ranges=1 prot=RX writers=1 exec_waits=4 late_retries=0
#### JIT-MPROTECT flip #23 ranges=1 prot=RW writers=1 exec_waits=4 late_retries=0
#### JIT-MPROTECT flip #24 ranges=1 prot=RX writers=1 exec_waits=5 late_retries=0
#### JIT-MPROTECT flip #25 ranges=1 prot=RW writers=1 exec_waits=5 late_retries=0
#### JIT-MPROTECT flip #26 ranges=1 prot=RX writers=1 exec_waits=6 late_retries=0
#### JIT-MPROTECT flip #27 ranges=1 prot=RW writers=1 exec_waits=6 late_retries=0
#### JIT-MPROTECT flip #28 ranges=1 prot=RX writers=1 exec_waits=7 late_retries=0
#### JIT-MPROTECT flip #29 ranges=1 prot=RW writers=1 exec_waits=7 late_retries=0
#### JIT-MPROTECT flip #30 ranges=1 prot=RX writers=1 exec_waits=8 late_retries=0
#### JIT-MPROTECT flip #31 ranges=1 prot=RW writers=1 exec_waits=8 late_retries=0
#### JIT-MPROTECT flip #32 ranges=1 prot=RX writers=1 exec_waits=9 late_retries=0
#### MTL_TEX LEASE-NEW #29 key=1728x1344-pf80-bpe4-fcc1111970369 entry=0x6014730f0 surf=0x600a8d580 tex=0x601741b80 retain=2 baseline=1 bpr=6912 alloc=9072KB shapeEntries=1 pool=18MB map=LINEAR
#### VNC-FINAL candidate #1 tex=0x601741b80 class=AGXG13GFamilyTexture tex=1728x1344 pf=80 usage=0x7 storage=0 hazard=2 surface=0x600a8d580 1728x1344 bpr=6912
#### AGXIOC Method sel=0x18->0x14 inCnt=0 inSC=0 outSC=0 -> 0x0
#### AGXIOC Method sel=0x18->0x14 inCnt=0 inSC=0 outSC=0 -> 0x0
#### AGXIOC Method sel=0x18->0x14 inCnt=0 inSC=0 outSC=0 -> 0x0
#### AGXIOC Method sel=0x19->0x15 inCnt=1 inSC=0 outSC=0 -> 0x0
#### AGXIOC Method sel=0x19->0x15 inCnt=1 inSC=0 outSC=0 -> 0x0
#### AGXIOC Method sel=0x19->0x15 inCnt=1 inSC=0 outSC=0 -> 0x0
#### MTL_TEX LEASE-NEW #30 key=64x64-pf70-bpe4-fcc1380401729 entry=0x600dcf330 surf=0x600a830a0 tex=0x60139a280 retain=2 baseline=1 bpr=256 alloc=16KB shapeEntries=1 pool=18MB map=LINEAR
#### VNC-FINAL candidate #2 tex=0x601745c80 class=AGXG13GFamilyTexture tex=1024x1024 pf=80 usage=0x5 storage=0 hazard=2 surface=0x600a8d440 1024x1024 bpr=4096
#### MTL_TEX plain DEPTH-STENCIL: pf=260 routing to native AGX path (IOSurface backing is invalid)
#### AGXIOC sel=0x9 type=0 args+0x14=0x2430 → 0x430 (stripped macOS-only bits 0x2800)
#### MTL_TEX plain DEPTH-STENCIL native result: 0x601746400 class=AGXG13GFamilyTexture
#### MTL_TEX LEASE-NEW #31 key=1x1-pf70-bpe4-fcc1380401729 entry=0x601474470 surf=0x600a8b9e0 tex=0x601746e00 retain=2 baseline=1 bpr=128 alloc=16KB shapeEntries=1 pool=18MB map=LINEAR
#### JIT-MPROTECT flip #7168 ranges=1 prot=RX writers=1 exec_waits=2289 late_retries=43
#### MTL_TEX LEASE-NEW #32 key=8x8-pf70-bpe4-fcc1380401729 entry=0x601475640 surf=0x600a8e420 tex=0x601748200 retain=2 baseline=1 bpr=128 alloc=16KB shapeEntries=1 pool=18MB map=LINEAR
#### JIT-MPROTECT flip #1024 ranges=1 prot=RX writers=1 exec_waits=234 late_retries=7
#### MTL_TEX LEASE-NEW #33 key=2x1-pf70-bpe4-fcc1380401729 entry=0x601473f30 surf=0x600a8e540 tex=0x601748c00 retain=2 baseline=1 bpr=128 alloc=16KB shapeEntries=1 pool=18MB map=LINEAR
#### MTL_TEX LEASE-NEW #34 key=1x1-pf70-bpe4-fcc1380401729 entry=0x6014745f0 surf=0x600a8e580 tex=0x601749380 retain=2 baseline=1 bpr=128 alloc=16KB shapeEntries=2 pool=18MB map=LINEAR
#### MTL_TEX LEASE-NEW #35 key=6x1-pf70-bpe4-fcc1380401729 entry=0x601471d10 surf=0x600a8e460 tex=0x601749b00 retain=2 baseline=1 bpr=128 alloc=16KB shapeEntries=1 pool=18MB map=LINEAR
#### AGX_LIFE CREATE id=0xc7 type=0x82 surf=0x152 bytes=0x4000 kr=0 okC=250 failC=0 okD=51 failD=0 unmatchedD=0 full=0 live=199/155MB [t0=126/41MB t80=0/0MB t82=73/113MB]
#### MTL_TEX LEASE-NEW #36 key=1x1-pf70-bpe4-fcc1380401729 entry=0x600bc03f0 surf=0x600a8e7e0 tex=0x60174a280 retain=2 baseline=1 bpr=128 alloc=16KB shapeEntries=3 pool=18MB map=LINEAR
#### MTL_TEX LEASE-NEW #37 key=1x1-pf70-bpe4-fcc1380401729 entry=0x6014720a0 surf=0x600a8e740 tex=0x60174a780 retain=2 baseline=1 bpr=128 alloc=16KB shapeEntries=4 pool=18MB map=LINEAR
#### MTL_TEX MIP-NATIVE attempt=1 w=6 h=1 pf=70 mips=3 storage=0 usage=0x7
0   libmachook_arm64.dylib              0x00000001026891d8 -[MTLFakeDevice hooked_newTextureWithDescriptor:] + 1640
1   libGLESv2.dylib                     0x000000010c8d7714 glStartTilingQCOM + 2731796
2   libGLESv2.dylib                     0x000000010c8eab48 glStartTilingQCOM + 2810696
3   libGLESv2.dylib                     0x000000010c8e9e40 glStartTilingQCOM + 2807360
4   libGLESv2.dylib                     0x000000010c8e9ccc glStartTilingQCOM + 2806988
5   libGLESv2.dylib                     0x000000010c8c0b70 glStartTilingQCOM + 2638704
6   libGLESv2.dylib                     0x000000010c8c0654 glStartTilingQCOM + 2637396
7   libGLESv2.dylib                     0x000000010c8c426c glStartTilingQCOM + 2652780
8   libGLESv2.dylib                     0x000000010c7aeb6c glStartTilingQCOM + 1516396
9   libGLESv2.dylib                     0x000000010c7a73c0 glStartTilingQCOM + 1485760
10  libGLESv2.dylib                     0x000000010c614a18 GL_DrawElements + 656
11  Electron Framework                  0x000000011564da20 rust_bmp$cxxbridge1$194$Reader$image_data_loaded + 317312
12  Electron Framework                  0x0000000115666a60 rust_bmp$cxxbridge1$194$Reader$image_data_loaded + 419776
13  Electron Framework                  0x000000010f937194 _ZN4node19async_context_frame8exchangeEPN2v87IsolateENS1_5LocalINS1_5ValueEEE + 26820
14  Electron Framework                  0x000000010f936240 _ZN4node19async_context_frame8exchangeEPN2v87IsolateENS1_5LocalINS1_5ValueEEE + 22896
15  Electron Framework                  0x000000010f935f24 _ZN4node19async_context_frame8exchangeEPN2v87IsolateENS1_5LocalINS1_5ValueEEE + 22100
16  Electron Framework                  0x000000011175ed78 _ZNK2v88internal8compiler23CompilationDependencies31FieldTypeDependencyOffTheRecordENS1_6MapRefES3_NS0_13InternalIndexENS1_9ObjectRefE + 783760
17  Electron Framework                  0x00000001116cafbc _ZNK2v88internal8compiler23CompilationDependencies31FieldTypeDependencyOffTheRecordENS1_6MapRefES3_NS0_13InternalIndexENS1_9ObjectRefE + 178132
18  Electron Framework                  0x000000010febaac8 _ZNK4node14PrincipalRealm25async_hooks_init_functionEv + 81964
19  Electron Framework                  0x000000010f3dba34 _ZN2v815MicrotasksScopeC1ENS_5LocalINS_7ContextEEENS0_4TypeE + 6788
#### AGXIOC subres parent 0x20000 -> resourceID 0xb9, base=0x138928000 span=0x20000
#### AGXIOC POST-PATCH sel=0x9 type=0x80 inStructCnt=104 (bytes that hit kernel):
    +0000: 80 00 00 00 00 00 00 00 06 00 01 00 01 00 00 00
    +0x10: 01 03 00 04 30 04 00 00 00 00 00 00 00 00 00 00
    +0x20: 00 00 00 00 00 00 00 00 00 00 00 00 00 00 00 00
    +0x30: 00 80 92 38 01 00 00 00 00 80 92 38 01 00 00 00
    +0x40: 00 00 02 00 00 00 00 00 b9 00 00 00 00 00 00 00
    +0x50: b9 00 00 00 00 00 00 00 00 8f 88 81 01 00 00 00
    +0x60: 00 00 00 00 00 00 00 00
#### AGXIOC POST-CALL sel=0x9 type=0x80 -> kr=0
#### MTL_TEX MIP-NATIVE result attempt=1 tex=0x60174b900 class=AGXG13GFamilyTexture
#### MTL_TEX LEASE-HIT #1 key=1x1-pf70-bpe4-fcc1380401729 entry=0x600bc03f0 surf=0x600a8e7e0 tex=0x60174a280 retain=1 baseline=1 shapeEntries=4 pool=18MB
#### VNC-FINAL candidate #3 tex=0x60174c580 class=AGXG13GFamilyTexture tex=1024x1024 pf=80 usage=0x5 storage=0 hazard=2 surface=0x600a87060 1024x1024 bpr=4096
#### AGXIOC Method sel=0x18->0x14 inCnt=0 inSC=0 outSC=0 -> 0x0
#### MTL_TEX LEASE-HIT #2 key=1x1-pf70-bpe4-fcc1380401729 entry=0x6014745f0 surf=0x600a8e580 tex=0x601749380 retain=1 baseline=1 shapeEntries=4 pool=18MB
#### MTL_TEX LEASE-NEW #38 key=1x1-pf70-bpe4-fcc1380401729 entry=0x6014766c0 surf=0x600a8a6e0 tex=0x60174d700 retain=2 baseline=1 bpr=128 alloc=16KB shapeEntries=5 pool=18MB map=LINEAR
#### MTL_TEX LEASE-NEW #39 key=1x1-pf70-bpe4-fcc1380401729 entry=0x6014767b0 surf=0x600a8ea20 tex=0x60174de80 retain=2 baseline=1 bpr=128 alloc=16KB shapeEntries=6 pool=18MB map=LINEAR
#### MTL_TEX LEASE-NEW #40 key=1x1-pf70-bpe4-fcc1380401729 entry=0x600dced90 surf=0x600a8ec80 tex=0x60174e600 retain=2 baseline=1 bpr=128 alloc=16KB shapeEntries=7 pool=18MB map=LINEAR
#### MTL_TEX LEASE-NEW #41 key=1x1-pf70-bpe4-fcc1380401729 entry=0x601475fa0 surf=0x600a8ea40 tex=0x60174eb00 retain=2 baseline=1 bpr=128 alloc=16KB shapeEntries=8 pool=18MB map=LINEAR
#### MTL_TEX LEASE-NEW #42 key=1x1-pf70-bpe4-fcc1380401729 entry=0x601475c10 surf=0x600a8ec00 tex=0x60174f000 retain=2 baseline=1 bpr=128 alloc=16KB shapeEntries=9 pool=18MB map=LINEAR
#### MTL_TEX LEASE-NEW #43 key=1x1-pf70-bpe4-fcc1380401729 entry=0x601475eb0 surf=0x600a8ec40 tex=0x60174f500 retain=2 baseline=1 bpr=128 alloc=16KB shapeEntries=10 pool=18MB map=LINEAR
#### MTL_TEX LEASE-NEW #44 key=1x1-pf70-bpe4-fcc1380401729 entry=0x601475af0 surf=0x600a8a9e0 tex=0x60174fa00 retain=2 baseline=1 bpr=128 alloc=16KB shapeEntries=11 pool=18MB map=LINEAR
#### MTL_TEX LEASE-NEW #45 key=1x1-pf70-bpe4-fcc1380401729 entry=0x601475a60 surf=0x600a8ea80 tex=0x60174fc80 retain=2 baseline=1 bpr=128 alloc=16KB shapeEntries=12 pool=18MB map=LINEAR
#### AGX_SUBMIT_DIAG #182 TEMP-KCMD-ABI-FIX off=0 size=0x1b8->0x1a8 end=0x1e8->0x1d8 moved=0x14 new-total=0x1e0
#### MTL_TEX LEASE-NEW #46 key=1x1-pf70-bpe4-fcc1380401729 entry=0x601473210 surf=0x600a8ec20 tex=0x601741180 retain=2 baseline=1 bpr=128 alloc=16KB shapeEntries=13 pool=18MB map=LINEAR
#### MTL_TEX LEASE-NEW #47 key=1x1-pf70-bpe4-fcc1380401729 entry=0x601472790 surf=0x600a8d240 tex=0x601740780 retain=2 baseline=1 bpr=128 alloc=16KB shapeEntries=14 pool=18MB map=LINEAR
#### AGXIOC Method sel=0xd->0xc inCnt=2 inSC=0 outSC=0 -> 0x0
#### AGXIOC Method sel=0xd->0xc inCnt=2 inSC=0 outSC=0 -> 0x0
#### AGXIOC Method sel=0xd->0xc inCnt=2 inSC=0 outSC=0 -> 0x0
#### AGXIOC Method sel=0xd->0xc inCnt=2 inSC=0 outSC=0 -> 0x0
#### AGXIOC Method sel=0xd->0xc inCnt=2 inSC=0 outSC=0 -> 0x0
#### AGXIOC Method sel=0xd->0xc inCnt=2 inSC=0 outSC=0 -> 0x0
#### AGXIOC Method sel=0xd->0xc inCnt=2 inSC=0 outSC=0 -> 0x0
#### AGXIOC Method sel=0xd->0xc inCnt=2 inSC=0 outSC=0 -> 0x0
#### MTL_TEX LEASE-NEW #48 key=1x1-pf70-bpe4-fcc1380401729 entry=0x601472be0 surf=0x600a8eee0 tex=0x601398200 retain=2 baseline=1 bpr=128 alloc=16KB shapeEntries=15 pool=18MB map=LINEAR
#### MTL_TEX LEASE-NEW #49 key=1x1-pf70-bpe4-fcc1380401729 entry=0x601472ee0 surf=0x600a8eec0 tex=0x60139c300 retain=2 baseline=1 bpr=128 alloc=16KB shapeEntries=16 pool=18MB map=LINEAR
#### MTL_TEX LEASE-NEW #50 key=1x1-pf70-bpe4-fcc1380401729 entry=0x601472e20 surf=0x600a8ef40 tex=0x60139d480 retain=2 baseline=1 bpr=128 alloc=16KB shapeEntries=17 pool=18MB map=LINEAR
#### MTL_TEX LEASE-NEW #51 key=1x1-pf70-bpe4-fcc1380401729 entry=0x601471770 surf=0x600a8ef00 tex=0x60139d980 retain=2 baseline=1 bpr=128 alloc=16KB shapeEntries=18 pool=18MB map=LINEAR
#### MTL_TEX LEASE-NEW #52 key=1x1-pf70-bpe4-fcc1380401729 entry=0x601476870 surf=0x600a8eea0 tex=0x60139cf80 retain=2 baseline=1 bpr=128 alloc=16KB shapeEntries=19 pool=18MB map=LINEAR
#### MTL_TEX LEASE-NEW #53 key=1x1-pf70-bpe4-fcc1380401729 entry=0x601477290 surf=0x600a8c8e0 tex=0x60139ca80 retain=2 baseline=1 bpr=128 alloc=16KB shapeEntries=20 pool=18MB map=LINEAR
#### MTL_TEX LEASE-NEW #54 key=1x1-pf70-bpe4-fcc1380401729 entry=0x601477a40 surf=0x600a89ea0 tex=0x6018e3c00 retain=2 baseline=1 bpr=128 alloc=16KB shapeEntries=21 pool=18MB map=LINEAR
#### MTL_TEX LEASE-NEW #55 key=1x1-pf70-bpe4-fcc1380401729 entry=0x6014777a0 surf=0x600a89ce0 tex=0x6018e3480 retain=2 baseline=1 bpr=128 alloc=16KB shapeEntries=22 pool=18MB map=LINEAR
#### MTL_TEX LEASE-NEW #56 key=1x1-pf70-bpe4-fcc1380401729 entry=0x601477f20 surf=0x600a89b80 tex=0x6018e2d00 retain=2 baseline=1 bpr=128 alloc=16KB shapeEntries=23 pool=18MB map=LINEAR
#### MTL_TEX LEASE-NEW #57 key=1x1-pf70-bpe4-fcc1380401729 entry=0x6014782b0 surf=0x600a8c000 tex=0x6018e2300 retain=2 baseline=1 bpr=128 alloc=16KB shapeEntries=24 pool=18MB map=LINEAR
#### MTL_TEX LEASE-NEW #58 key=1x1-pf70-bpe4-fcc1380401729 entry=0x601478130 surf=0x600a8c1a0 tex=0x6018e4b00 retain=2 baseline=1 bpr=128 alloc=16KB shapeEntries=25 pool=18MB map=LINEAR
#### MTL_TEX LEASE-NEW #59 key=1x1-pf70-bpe4-fcc1380401729 entry=0x6014787c0 surf=0x600a8c860 tex=0x6018e5280 retain=2 baseline=1 bpr=128 alloc=16KB shapeEntries=26 pool=18MB map=LINEAR
#### TRACE -[AGXBuffer initUntracked] self=0x60192b280 dev=0x6001d2000 len=6144 opt=0 -> 0x60192b280
#### TRACE -[AGXBuffer initUntracked] self=0x60110c780 dev=0x6001d2000 len=6144 opt=0 -> 0x60110c780
#### TRACE -[AGXBuffer initUntracked] self=0x600b6e100 dev=0x6001d2000 len=1024 opt=0 -> 0x600b6e100
#### MTL_TEX LEASE-NEW #60 key=1x1-pf70-bpe4-fcc1380401729 entry=0x601478c40 surf=0x600a86a80 tex=0x6018e5a00 retain=2 baseline=1 bpr=128 alloc=16KB shapeEntries=27 pool=18MB map=LINEAR
#### MTL_TEX LEASE-NEW #61 key=1x1-pf70-bpe4-fcc1380401729 entry=0x6014789a0 surf=0x600a89de0 tex=0x6018e6400 retain=2 baseline=1 bpr=128 alloc=16KB shapeEntries=28 pool=18MB map=LINEAR
#### MTL_TEX LEASE-NEW #62 key=1x1-pf70-bpe4-fcc1380401729 entry=0x601478e20 surf=0x600a8b200 tex=0x6018e6b80 retain=2 baseline=1 bpr=128 alloc=16KB shapeEntries=29 pool=18MB map=LINEAR
#### MTL_TEX LEASE-NEW #63 key=1x1-pf70-bpe4-fcc1380401729 entry=0x601479180 surf=0x600a8aa60 tex=0x6018e7300 retain=2 baseline=1 bpr=128 alloc=16KB shapeEntries=30 pool=18MB map=LINEAR
#### MTL_TEX LEASE-NEW #64 key=1x1-pf70-bpe4-fcc1380401729 entry=0x601479030 surf=0x600a8e3a0 tex=0x6018e7a80 retain=2 baseline=1 bpr=128 alloc=16KB shapeEntries=31 pool=18MB map=LINEAR
[91m[main 2026-07-29T22:06:32.992Z][0m [AgentHost:stderr] #### AMFI-POLICY-COMPAT policy=AMFI op=0x60 status=0x4 (iOS task ports are hard-immovable)
#### CSR-POLICY-COMPAT active_config=0x0 (conservative iOS compatibility value)

#### AGX_SUBMIT_DIAG #187 TEMP-KCMD-ABI-FIX off=0 size=0x1b8->0x1a8 end=0x1e8->0x1d8 moved=0x14 new-total=0x1e0
[91m[main 2026-07-29T22:06:33.024Z][0m [AgentHost:stderr] [78076:0729/150633.021827:ERROR:base/process/process_mac.cc:53] task_policy_set TASK_CATEGORY_POLICY: (os/kern) invalid argument (4)

[91m[main 2026-07-29T22:06:33.045Z][0m [AgentHost:stderr] #### JIT-MPROTECT range[0]=[0x280000000,0x290000000) source=MAP_JIT-EINVAL

[91m[main 2026-07-29T22:06:33.046Z][0m [AgentHost:stderr] #### JIT-MPROTECT execution barrier installed (W^X fetch-wait compatibility)

[91m[main 2026-07-29T22:06:33.047Z][0m [AgentHost:stderr] #### JIT-MPROTECT range[0]=[0x280000000,0x290000000) source=MAP_JIT-EINVAL

[91m[main 2026-07-29T22:06:33.048Z][0m [AgentHost:stderr] #### JIT-MPROTECT range[0]=[0x280000000,0x290000000) source=MAP_JIT-EINVAL

[91m[main 2026-07-29T22:06:33.050Z][0m [AgentHost:stderr] #### JIT-MPROTECT range[0]=[0x280000000,0x290000000) source=MAP_JIT-EINVAL

[91m[main 2026-07-29T22:06:33.050Z][0m [AgentHost:stderr] #### JIT-MPROTECT range[0]=[0x280000000,0x290000000) source=MAP_JIT-EINVAL

[91m[main 2026-07-29T22:06:33.051Z][0m [AgentHost:stderr] #### JIT-MPROTECT range[0]=[0x280000000,0x290000000) source=MAP_JIT-EINVAL
#### JIT-MPROTECT range[0]=[0x280000000,0x290000000) source=MAP_JIT-EINVAL
#### JIT-MPROTECT range[0]=[0x280000000,0x290000000) source=MAP_JIT-EINVAL
#### JIT-MPROTECT range[0]=[0x170000000,0x180000000) source=MAP_JIT-EINVAL

[91m[main 2026-07-29T22:06:33.052Z][0m [AgentHost:stderr] #### JIT-MPROTECT remap decline #1 dst=0x177dc0000 size=0x208000 src=0x112338000 requested=0x5 -> V8 copy fallback

[91m[main 2026-07-29T22:06:33.054Z][0m [AgentHost:stderr] #### JIT-MPROTECT flip #1 ranges=1 prot=RW writers=1 exec_waits=0 late_retries=0

[91m[main 2026-07-29T22:06:33.085Z][0m [AgentHost:stderr] #### JIT-MPROTECT flip #2 ranges=1 prot=RX writers=1 exec_waits=0 late_retries=0

[91m[main 2026-07-29T22:06:33.111Z][0m [AgentHost:stderr] #### JIT-MPROTECT flip #3 ranges=1 prot=RW writers=1 exec_waits=0 late_retries=0
#### JIT-MPROTECT flip #4 ranges=1 prot=RX writers=1 exec_waits=1 late_retries=0
#### JIT-MPROTECT flip #5 ranges=1 prot=RW writers=1 exec_waits=1 late_retries=0
#### JIT-MPROTECT flip #6 ranges=1 prot=RX writers=1 exec_waits=2 late_retries=0
#### JIT-MPROTECT flip #7 ranges=1 prot=RW writers=1 exec_waits=2 late_retries=0
#### JIT-MPROTECT flip #8 ranges=1 prot=RX writers=1 exec_waits=3 late_retries=0

[91m[main 2026-07-29T22:06:33.111Z][0m [AgentHost:stderr] #### JIT-MPROTECT flip #9 ranges=1 prot=RW writers=1 exec_waits=3 late_retries=0
#### JIT-MPROTECT flip #10 ranges=1 prot=RX writers=1 exec_waits=4 late_retries=0
#### JIT-MPROTECT flip #11 ranges=1 prot=RW writers=1 exec_waits=4 late_retries=0

[91m[main 2026-07-29T22:06:33.111Z][0m [AgentHost:stderr] #### JIT-MPROTECT flip #12 ranges=1 prot=RX writers=1 exec_waits=4 late_retries=0
#### JIT-MPROTECT flip #13 ranges=1 prot=RW writers=1 exec_waits=4 late_retries=0
#### JIT-MPROTECT flip #14 ranges=1 prot=RX writers=1 exec_waits=4 late_retries=0
#### JIT-MPROTECT flip #15 ranges=1 prot=RW writers=1 exec_waits=4 late_retries=0
#### JIT-MPROTECT flip #16 ranges=1 prot=RX writers=1 exec_waits=4 late_retries=0
#### JIT-MPROTECT flip #17 ranges=1 prot=RW writers=1 exec_waits=4 late_retries=0

[91m[main 2026-07-29T22:06:33.111Z][0m [AgentHost:stderr] #### JIT-MPROTECT flip #18 ranges=1 prot=RX writers=1 exec_waits=4 late_retries=0
#### JIT-MPROTECT flip #19 ranges=1 prot=RW writers=1 exec_waits=4 late_retries=0
#### JIT-MPROTECT flip #20 ranges=1 prot=RX writers=1 exec_waits=4 late_retries=0

[91m[main 2026-07-29T22:06:33.114Z][0m [AgentHost:stderr] #### JIT-MPROTECT flip #21 ranges=1 prot=RW writers=1 exec_waits=4 late_retries=0

[91m[main 2026-07-29T22:06:33.114Z][0m [AgentHost:stderr] #### JIT-MPROTECT flip #22 ranges=1 prot=RX writers=1 exec_waits=5 late_retries=0
#### JIT-MPROTECT flip #23 ranges=1 prot=RW writers=1 exec_waits=5 late_retries=0

[91m[main 2026-07-29T22:06:33.114Z][0m [AgentHost:stderr] #### JIT-MPROTECT flip #24 ranges=1 prot=RX writers=1 exec_waits=5 late_retries=0
#### JIT-MPROTECT flip #25 ranges=1 prot=RW writers=1 exec_waits=5 late_retries=0
#### JIT-MPROTECT flip #26 ranges=1 prot=RX writers=1 exec_waits=5 late_retries=0
#### JIT-MPROTECT flip #27 ranges=1 prot=RW writers=1 exec_waits=5 late_retries=0

[91m[main 2026-07-29T22:06:33.114Z][0m [AgentHost:stderr] #### JIT-MPROTECT flip #28 ranges=1 prot=RX writers=1 exec_waits=6 late_retries=0
#### JIT-MPROTECT flip #29 ranges=1 prot=RW writers=1 exec_waits=6 late_retries=0
#### JIT-MPROTECT flip #30 ranges=1 prot=RX writers=1 exec_waits=6 late_retries=0
#### JIT-MPROTECT flip #31 ranges=1 prot=RW writers=1 exec_waits=6 late_retries=0

[91m[main 2026-07-29T22:06:33.115Z][0m [AgentHost:stderr] #### JIT-MPROTECT flip #32 ranges=1 prot=RX writers=1 exec_waits=6 late_retries=0

#### AGX_SUBMIT_DIAG #193 TEMP-KCMD-ABI-FIX off=0 size=0x1b8->0x1a8 end=0x1e8->0x1d8 moved=0x14 new-total=0x1e0
#### AGX_LIFE CREATE id=0x12b type=0x82 surf=0x18b bytes=0x4000 kr=0 okC=500 failC=0 okD=123 failD=0 unmatchedD=0 full=0 live=377/157MB [t0=248/44MB t80=1/0MB t82=128/112MB]
#### AGX_SUBMIT_DIAG #194 TEMP-KCMD-ABI-FIX off=0 size=0x1b8->0x1a8 end=0x1e8->0x1d8 moved=0x14 new-total=0x1e0
#### MTL_TEX MIP-NATIVE attempt=2 w=32 h=32 pf=70 mips=6 storage=0 usage=0x7
0   libmachook_arm64.dylib              0x00000001026891d8 -[MTLFakeDevice hooked_newTextureWithDescriptor:] + 1640
1   libGLESv2.dylib                     0x000000010c8d7714 glStartTilingQCOM + 2731796
2   libGLESv2.dylib                     0x000000010c8eab48 glStartTilingQCOM + 2810696
3   libGLESv2.dylib                     0x000000010c8e9e40 glStartTilingQCOM + 2807360
4   libGLESv2.dylib                     0x000000010c8e9ccc glStartTilingQCOM + 2806988
5   libGLESv2.dylib                     0x000000010c8c0b70 glStartTilingQCOM + 2638704
6   libGLESv2.dylib                     0x000000010c8c0654 glStartTilingQCOM + 2637396
7   libGLESv2.dylib                     0x000000010c8c426c glStartTilingQCOM + 2652780
8   libGLESv2.dylib                     0x000000010c7aea9c glStartTilingQCOM + 1516188
9   Electron Framework                  0x000000011564e4e8 rust_bmp$cxxbridge1$194$Reader$image_data_loaded + 320072
10  Electron Framework                  0x0000000115666a60 rust_bmp$cxxbridge1$194$Reader$image_data_loaded + 419776
11  Electron Framework                  0x000000010f937194 _ZN4node19async_context_frame8exchangeEPN2v87IsolateENS1_5LocalINS1_5ValueEEE + 26820
12  Electron Framework                  0x000000010f936240 _ZN4node19async_context_frame8exchangeEPN2v87IsolateENS1_5LocalINS1_5ValueEEE + 22896
13  Electron Framework                  0x000000010f935f24 _ZN4node19async_context_frame8exchangeEPN2v87IsolateENS1_5LocalINS1_5ValueEEE + 22100
14  Electron Framework                  0x000000011175ed78 _ZNK2v88internal8compiler23CompilationDependencies31FieldTypeDependencyOffTheRecordENS1_6MapRefES3_NS0_13InternalIndexENS1_9ObjectRefE + 783760
15  Electron Framework                  0x00000001116cafbc _ZNK2v88internal8compiler23CompilationDependencies31FieldTypeDependencyOffTheRecordENS1_6MapRefES3_NS0_13InternalIndexENS1_9ObjectRefE + 178132
16  Electron Framework                  0x000000010febaac8 _ZNK4node14PrincipalRealm25async_hooks_init_functionEv + 81964
17  Electron Framework                  0x000000010f3dba34 _ZN2v815MicrotasksScopeC1ENS_5LocalINS_7ContextEEENS0_4TypeE + 6788
18  Electron Framework                  0x000000011170fc84 _ZNK2v88internal8compiler23CompilationDependencies31FieldTypeDependencyOffTheRecordENS1_6MapRefES3_NS0_13InternalIndexENS1_9ObjectRefE + 459932
19  Electron Framework                  0x000000010f339b00 _ZN2v86Number3NewEPNS_7IsolateEd + 19272
#### AGXIOC subres parent 0x20000 -> resourceID 0xb9, base=0x138928200 span=0x20000
#### MTL_TEX MIP-NATIVE result attempt=2 tex=0x601a75a00 class=AGXG13GFamilyTexture
#### JIT-MPROTECT flip #18432 ranges=1 prot=RX writers=1 exec_waits=5875 late_retries=131
#### VNC-FINAL candidate #4 tex=0x601955780 class=AGXG13GFamilyTexture tex=1684x1334 pf=10 usage=0x7 storage=0 hazard=2 surface=0x6019e0240 1684x1334 bpr=1792
#### AGX_SUBMIT_DIAG #198 TEMP-KCMD-ABI-FIX off=0 size=0x1b8->0x1a8 end=0x1e8->0x1d8 moved=0x64 new-total=0x230
[91m[main 2026-07-29T22:06:33.284Z][0m ptyHost was unable to resolve shell environment Error: Unable to resolve your shell environment: Unexpected exit code from spawned shell (code null, signal SIGABRT)
    at file:///Applications/Visual%20Studio%20Code.app/Contents/Resources/app/out/main.js:474:34475
    at async file:///Applications/Visual%20Studio%20Code.app/Contents/Resources/app/out/main.js:434:92057
#### AGX_SUBMIT_DIAG #205 TEMP-KCMD-TRAILING-WRAPPER-FIX match=64 subtype1=0..0x840->0..0x820 wrappers=1 range=0x840..0x858->0x820..0x838
#### MTL_TEX MIP-NATIVE attempt=3 w=16 h=16 pf=70 mips=5 storage=0 usage=0x7
0   libmachook_arm64.dylib              0x00000001026891d8 -[MTLFakeDevice hooked_newTextureWithDescriptor:] + 1640
1   libGLESv2.dylib                     0x000000010c8d7714 glStartTilingQCOM + 2731796
2   libGLESv2.dylib                     0x000000010c8eab48 glStartTilingQCOM + 2810696
3   libGLESv2.dylib                     0x000000010c8e9e40 glStartTilingQCOM + 2807360
4   libGLESv2.dylib                     0x000000010c8e9ccc glStartTilingQCOM + 2806988
5   libGLESv2.dylib                     0x000000010c8c0b70 glStartTilingQCOM + 2638704
6   libGLESv2.dylib                     0x000000010c8c0654 glStartTilingQCOM + 2637396
7   libGLESv2.dylib                     0x000000010c8c426c glStartTilingQCOM + 2652780
8   libGLESv2.dylib                     0x000000010c7aea9c glStartTilingQCOM + 1516188
9   Electron Framework                  0x000000011564e4e8 rust_bmp$cxxbridge1$194$Reader$image_data_loaded + 320072
10  Electron Framework                  0x0000000115666a60 rust_bmp$cxxbridge1$194$Reader$image_data_loaded + 419776
11  Electron Framework                  0x000000010f937194 _ZN4node19async_context_frame8exchangeEPN2v87IsolateENS1_5LocalINS1_5ValueEEE + 26820
12  Electron Framework                  0x000000010f936240 _ZN4node19async_context_frame8exchangeEPN2v87IsolateENS1_5LocalINS1_5ValueEEE + 22896
13  Electron Framework                  0x000000010f935f24 _ZN4node19async_context_frame8exchangeEPN2v87IsolateENS1_5LocalINS1_5ValueEEE + 22100
14  Electron Framework                  0x000000011175ed78 _ZNK2v88internal8compiler23CompilationDependencies31FieldTypeDependencyOffTheRecordENS1_6MapRefES3_NS0_13InternalIndexENS1_9ObjectRefE + 783760
15  Electron Framework                  0x00000001116cafbc _ZNK2v88internal8compiler23CompilationDependencies31FieldTypeDependencyOffTheRecordENS1_6MapRefES3_NS0_13InternalIndexENS1_9ObjectRefE + 178132
16  Electron Framework                  0x000000010febaac8 _ZNK4node14PrincipalRealm25async_hooks_init_functionEv + 81964
17  Electron Framework                  0x000000010f3dba34 _ZN2v815MicrotasksScopeC1ENS_5LocalINS_7ContextEEENS0_4TypeE + 6788
18  Electron Framework                  0x000000011170fc84 _ZNK2v88internal8compiler23CompilationDependencies31FieldTypeDependencyOffTheRecordENS1_6MapRefES3_NS0_13InternalIndexENS1_9ObjectRefE + 459932
19  Electron Framework                  0x000000010f339b00 _ZN2v86Number3NewEPNS_7IsolateEd + 19272
#### AGXIOC subres parent 0x20000 -> resourceID 0xb9, base=0x138929900 span=0x20000
#### MTL_TEX MIP-NATIVE result attempt=3 tex=0x60195fc80 class=AGXG13GFamilyTexture
#### MTL_TEX MIP-NATIVE attempt=4 w=128 h=512 pf=70 mips=10 storage=0 usage=0x7
0   libmachook_arm64.dylib              0x00000001026891d8 -[MTLFakeDevice hooked_newTextureWithDescriptor:] + 1640
1   libGLESv2.dylib                     0x000000010c8d7714 glStartTilingQCOM + 2731796
2   libGLESv2.dylib                     0x000000010c8eab48 glStartTilingQCOM + 2810696
3   libGLESv2.dylib                     0x000000010c8e9e40 glStartTilingQCOM + 2807360
4   libGLESv2.dylib                     0x000000010c8e9ccc glStartTilingQCOM + 2806988
5   libGLESv2.dylib                     0x000000010c8c0b70 glStartTilingQCOM + 2638704
6   libGLESv2.dylib                     0x000000010c8c0654 glStartTilingQCOM + 2637396
7   libGLESv2.dylib                     0x000000010c8c426c glStartTilingQCOM + 2652780
8   libGLESv2.dylib                     0x000000010c7aea9c glStartTilingQCOM + 1516188
9   Electron Framework                  0x000000011564e4e8 rust_bmp$cxxbridge1$194$Reader$image_data_loaded + 320072
10  Electron Framework                  0x0000000115666a60 rust_bmp$cxxbridge1$194$Reader$image_data_loaded + 419776
11  Electron Framework                  0x000000010f937194 _ZN4node19async_context_frame8exchangeEPN2v87IsolateENS1_5LocalINS1_5ValueEEE + 26820
12  Electron Framework                  0x000000010f936240 _ZN4node19async_context_frame8exchangeEPN2v87IsolateENS1_5LocalINS1_5ValueEEE + 22896
13  Electron Framework                  0x000000010f935f24 _ZN4node19async_context_frame8exchangeEPN2v87IsolateENS1_5LocalINS1_5ValueEEE + 22100
14  Electron Framework                  0x000000011175ed78 _ZNK2v88internal8compiler23CompilationDependencies31FieldTypeDependencyOffTheRecordENS1_6MapRefES3_NS0_13InternalIndexENS1_9ObjectRefE + 783760
15  Electron Framework                  0x00000001116cafbc _ZNK2v88internal8compiler23CompilationDependencies31FieldTypeDependencyOffTheRecordENS1_6MapRefES3_NS0_13InternalIndexENS1_9ObjectRefE + 178132
16  Electron Framework                  0x000000010febaac8 _ZNK4node14PrincipalRealm25async_hooks_init_functionEv + 81964
17  Electron Framework                  0x000000010f3dba34 _ZN2v815MicrotasksScopeC1ENS_5LocalINS_7ContextEEENS0_4TypeE + 6788
18  Electron Framework                  0x000000011170fc84 _ZNK2v88internal8compiler23CompilationDependencies31FieldTypeDependencyOffTheRecordENS1_6MapRefES3_NS0_13InternalIndexENS1_9ObjectRefE + 459932
19  Electron Framework                  0x000000010f339b00 _ZN2v86Number3NewEPNS_7IsolateEd + 19272
#### MTL_TEX MIP-NATIVE result attempt=4 tex=0x601a7a500 class=AGXG13GFamilyTexture
#### MTL_TEX MIP-NATIVE attempt=5 w=128 h=32 pf=70 mips=8 storage=0 usage=0x7
0   libmachook_arm64.dylib              0x00000001026891d8 -[MTLFakeDevice hooked_newTextureWithDescriptor:] + 1640
1   libGLESv2.dylib                     0x000000010c8d7714 glStartTilingQCOM + 2731796
2   libGLESv2.dylib                     0x000000010c8eab48 glStartTilingQCOM + 2810696
3   libGLESv2.dylib                     0x000000010c8e9e40 glStartTilingQCOM + 2807360
4   libGLESv2.dylib                     0x000000010c8e9ccc glStartTilingQCOM + 2806988
5   libGLESv2.dylib                     0x000000010c8c0b70 glStartTilingQCOM + 2638704
6   libGLESv2.dylib                     0x000000010c8c0654 glStartTilingQCOM + 2637396
7   libGLESv2.dylib                     0x000000010c8c426c glStartTilingQCOM + 2652780
8   libGLESv2.dylib                     0x000000010c7aea9c glStartTilingQCOM + 1516188
9   Electron Framework                  0x000000011564e4e8 rust_bmp$cxxbridge1$194$Reader$image_data_loaded + 320072
10  Electron Framework                  0x0000000115666a60 rust_bmp$cxxbridge1$194$Reader$image_data_loaded + 419776
11  Electron Framework                  0x000000010f937194 _ZN4node19async_context_frame8exchangeEPN2v87IsolateENS1_5LocalINS1_5ValueEEE + 26820
12  Electron Framework                  0x000000010f936240 _ZN4node19async_context_frame8exchangeEPN2v87IsolateENS1_5LocalINS1_5ValueEEE + 22896
13  Electron Framework                  0x000000010f935f24 _ZN4node19async_context_frame8exchangeEPN2v87IsolateENS1_5LocalINS1_5ValueEEE + 22100
14  Electron Framework                  0x000000011175ed78 _ZNK2v88internal8compiler23CompilationDependencies31FieldTypeDependencyOffTheRecordENS1_6MapRefES3_NS0_13InternalIndexENS1_9ObjectRefE + 783760
15  Electron Framework                  0x00000001116cafbc _ZNK2v88internal8compiler23CompilationDependencies31FieldTypeDependencyOffTheRecordENS1_6MapRefES3_NS0_13InternalIndexENS1_9ObjectRefE + 178132
16  Electron Framework                  0x000000010febaac8 _ZNK4node14PrincipalRealm25async_hooks_init_functionEv + 81964
17  Electron Framework                  0x000000010f3dba34 _ZN2v815MicrotasksScopeC1ENS_5LocalINS_7ContextEEENS0_4TypeE + 6788
18  Electron Framework                  0x000000011170fc84 _ZNK2v88internal8compiler23CompilationDependencies31FieldTypeDependencyOffTheRecordENS1_6MapRefES3_NS0_13InternalIndexENS1_9ObjectRefE + 459932
19  Electron Framework                  0x000000010f339b00 _ZN2v86Number3NewEPNS_7IsolateEd + 19272
#### MTL_TEX MIP-NATIVE result attempt=5 tex=0x601a7c580 class=AGXG13GFamilyTexture
#### MTL_TEX MIP-NATIVE attempt=6 w=128 h=32 pf=70 mips=8 storage=0 usage=0x7
0   libmachook_arm64.dylib              0x00000001026891d8 -[MTLFakeDevice hooked_newTextureWithDescriptor:] + 1640
1   libGLESv2.dylib                     0x000000010c8d7714 glStartTilingQCOM + 2731796
2   libGLESv2.dylib                     0x000000010c8eab48 glStartTilingQCOM + 2810696
3   libGLESv2.dylib                     0x000000010c8e9e40 glStartTilingQCOM + 2807360
4   libGLESv2.dylib                     0x000000010c8e9ccc glStartTilingQCOM + 2806988
5   libGLESv2.dylib                     0x000000010c8c0b70 glStartTilingQCOM + 2638704
6   libGLESv2.dylib                     0x000000010c8c0654 glStartTilingQCOM + 2637396
7   libGLESv2.dylib                     0x000000010c8c426c glStartTilingQCOM + 2652780
8   libGLESv2.dylib                     0x000000010c7aea9c glStartTilingQCOM + 1516188
9   Electron Framework                  0x000000011564e4e8 rust_bmp$cxxbridge1$194$Reader$image_data_loaded + 320072
10  Electron Framework                  0x0000000115666a60 rust_bmp$cxxbridge1$194$Reader$image_data_loaded + 419776
11  Electron Framework                  0x000000010f937194 _ZN4node19async_context_frame8exchangeEPN2v87IsolateENS1_5LocalINS1_5ValueEEE + 26820
12  Electron Framework                  0x000000010f936240 _ZN4node19async_context_frame8exchangeEPN2v87IsolateENS1_5LocalINS1_5ValueEEE + 22896
13  Electron Framework                  0x000000010f935f24 _ZN4node19async_context_frame8exchangeEPN2v87IsolateENS1_5LocalINS1_5ValueEEE + 22100
14  Electron Framework                  0x000000011175ed78 _ZNK2v88internal8compiler23CompilationDependencies31FieldTypeDependencyOffTheRecordENS1_6MapRefES3_NS0_13InternalIndexENS1_9ObjectRefE + 783760
15  Electron Framework                  0x00000001116cafbc _ZNK2v88internal8compiler23CompilationDependencies31FieldTypeDependencyOffTheRecordENS1_6MapRefES3_NS0_13InternalIndexENS1_9ObjectRefE + 178132
16  Electron Framework                  0x000000010febaac8 _ZNK4node14PrincipalRealm25async_hooks_init_functionEv + 81964
17  Electron Framework                  0x000000010f3dba34 _ZN2v815MicrotasksScopeC1ENS_5LocalINS_7ContextEEENS0_4TypeE + 6788
18  Electron Framework                  0x000000011170fc84 _ZNK2v88internal8compiler23CompilationDependencies31FieldTypeDependencyOffTheRecordENS1_6MapRefES3_NS0_13InternalIndexENS1_9ObjectRefE + 459932
19  Electron Framework                  0x000000010f339b00 _ZN2v86Number3NewEPNS_7IsolateEd + 19272
#### MTL_TEX MIP-NATIVE result attempt=6 tex=0x601a7cf80 class=AGXG13GFamilyTexture
#### MTL_TEX MIP-NATIVE attempt=7 w=128 h=32 pf=70 mips=8 storage=0 usage=0x7
0   libmachook_arm64.dylib              0x00000001026891d8 -[MTLFakeDevice hooked_newTextureWithDescriptor:] + 1640
1   libGLESv2.dylib                     0x000000010c8d7714 glStartTilingQCOM + 2731796
2   libGLESv2.dylib                     0x000000010c8eab48 glStartTilingQCOM + 2810696
3   libGLESv2.dylib                     0x000000010c8e9e40 glStartTilingQCOM + 2807360
4   libGLESv2.dylib                     0x000000010c8e9ccc glStartTilingQCOM + 2806988
5   libGLESv2.dylib                     0x000000010c8c0b70 glStartTilingQCOM + 2638704
6   libGLESv2.dylib                     0x000000010c8c0654 glStartTilingQCOM + 2637396
7   libGLESv2.dylib                     0x000000010c8c426c glStartTilingQCOM + 2652780
8   libGLESv2.dylib                     0x000000010c7aea9c glStartTilingQCOM + 1516188
9   Electron Framework                  0x000000011564e4e8 rust_bmp$cxxbridge1$194$Reader$image_data_loaded + 320072
10  Electron Framework                  0x0000000115666a60 rust_bmp$cxxbridge1$194$Reader$image_data_loaded + 419776
11  Electron Framework                  0x000000010f937194 _ZN4node19async_context_frame8exchangeEPN2v87IsolateENS1_5LocalINS1_5ValueEEE + 26820
12  Electron Framework                  0x000000010f936240 _ZN4node19async_context_frame8exchangeEPN2v87IsolateENS1_5LocalINS1_5ValueEEE + 22896
13  Electron Framework                  0x000000010f935f24 _ZN4node19async_context_frame8exchangeEPN2v87IsolateENS1_5LocalINS1_5ValueEEE + 22100
14  Electron Framework                  0x000000011175ed78 _ZNK2v88internal8compiler23CompilationDependencies31FieldTypeDependencyOffTheRecordENS1_6MapRefES3_NS0_13InternalIndexENS1_9ObjectRefE + 783760
15  Electron Framework                  0x00000001116cafbc _ZNK2v88internal8compiler23CompilationDependencies31FieldTypeDependencyOffTheRecordENS1_6MapRefES3_NS0_13InternalIndexENS1_9ObjectRefE + 178132
16  Electron Framework                  0x000000010febaac8 _ZNK4node14PrincipalRealm25async_hooks_init_functionEv + 81964
17  Electron Framework                  0x000000010f3dba34 _ZN2v815MicrotasksScopeC1ENS_5LocalINS_7ContextEEENS0_4TypeE + 6788
18  Electron Framework                  0x000000011170fc84 _ZNK2v88internal8compiler23CompilationDependencies31FieldTypeDependencyOffTheRecordENS1_6MapRefES3_NS0_13InternalIndexENS1_9ObjectRefE + 459932
19  Electron Framework                  0x000000010f339b00 _ZN2v86Number3NewEPNS_7IsolateEd + 19272
#### MTL_TEX MIP-NATIVE result attempt=7 tex=0x601a7d980 class=AGXG13GFamilyTexture
#### MTL_TEX MIP-NATIVE attempt=8 w=512 h=512 pf=70 mips=10 storage=0 usage=0x7
0   libmachook_arm64.dylib              0x00000001026891d8 -[MTLFakeDevice hooked_newTextureWithDescriptor:] + 1640
1   libGLESv2.dylib                     0x000000010c8d7714 glStartTilingQCOM + 2731796
2   libGLESv2.dylib                     0x000000010c8eab48 glStartTilingQCOM + 2810696
3   libGLESv2.dylib                     0x000000010c8e9e40 glStartTilingQCOM + 2807360
4   libGLESv2.dylib                     0x000000010c8e9ccc glStartTilingQCOM + 2806988
5   libGLESv2.dylib                     0x000000010c8c0b70 glStartTilingQCOM + 2638704
6   libGLESv2.dylib                     0x000000010c8c0654 glStartTilingQCOM + 2637396
7   libGLESv2.dylib                     0x000000010c8c426c glStartTilingQCOM + 2652780
8   libGLESv2.dylib                     0x000000010c7aea9c glStartTilingQCOM + 1516188
9   Electron Framework                  0x000000011564e4e8 rust_bmp$cxxbridge1$194$Reader$image_data_loaded + 320072
10  Electron Framework                  0x0000000115666a60 rust_bmp$cxxbridge1$194$Reader$image_data_loaded + 419776
11  Electron Framework                  0x000000010f937194 _ZN4node19async_context_frame8exchangeEPN2v87IsolateENS1_5LocalINS1_5ValueEEE + 26820
12  Electron Framework                  0x000000010f936240 _ZN4node19async_context_frame8exchangeEPN2v87IsolateENS1_5LocalINS1_5ValueEEE + 22896
13  Electron Framework                  0x000000010f935f24 _ZN4node19async_context_frame8exchangeEPN2v87IsolateENS1_5LocalINS1_5ValueEEE + 22100
14  Electron Framework                  0x000000011175ed78 _ZNK2v88internal8compiler23CompilationDependencies31FieldTypeDependencyOffTheRecordENS1_6MapRefES3_NS0_13InternalIndexENS1_9ObjectRefE + 783760
15  Electron Framework                  0x00000001116cafbc _ZNK2v88internal8compiler23CompilationDependencies31FieldTypeDependencyOffTheRecordENS1_6MapRefES3_NS0_13InternalIndexENS1_9ObjectRefE + 178132
16  Electron Framework                  0x000000010febaac8 _ZNK4node14PrincipalRealm25async_hooks_init_functionEv + 81964
17  Electron Framework                  0x000000010f3dba34 _ZN2v815MicrotasksScopeC1ENS_5LocalINS_7ContextEEENS0_4TypeE + 6788
18  Electron Framework                  0x000000011170fc84 _ZNK2v88internal8compiler23CompilationDependencies31FieldTypeDependencyOffTheRecordENS1_6MapRefES3_NS0_13InternalIndexENS1_9ObjectRefE + 459932
19  Electron Framework                  0x000000010f339b00 _ZN2v86Number3NewEPNS_7IsolateEd + 19272
#### MTL_TEX MIP-NATIVE result attempt=8 tex=0x601a7e380 class=AGXG13GFamilyTexture
#### MTL_TEX MIP-NATIVE attempt=9 w=512 h=512 pf=70 mips=10 storage=0 usage=0x7
0   libmachook_arm64.dylib              0x00000001026891d8 -[MTLFakeDevice hooked_newTextureWithDescriptor:] + 1640
1   libGLESv2.dylib                     0x000000010c8d7714 glStartTilingQCOM + 2731796
2   libGLESv2.dylib                     0x000000010c8eab48 glStartTilingQCOM + 2810696
3   libGLESv2.dylib                     0x000000010c8e9e40 glStartTilingQCOM + 2807360
4   libGLESv2.dylib                     0x000000010c8e9ccc glStartTilingQCOM + 2806988
5   libGLESv2.dylib                     0x000000010c8c0b70 glStartTilingQCOM + 2638704
6   libGLESv2.dylib                     0x000000010c8c0654 glStartTilingQCOM + 2637396
7   libGLESv2.dylib                     0x000000010c8c426c glStartTilingQCOM + 2652780
8   libGLESv2.dylib                     0x000000010c7aea9c glStartTilingQCOM + 1516188
9   Electron Framework                  0x000000011564e4e8 rust_bmp$cxxbridge1$194$Reader$image_data_loaded + 320072
10  Electron Framework                  0x0000000115666a60 rust_bmp$cxxbridge1$194$Reader$image_data_loaded + 419776
11  Electron Framework                  0x000000010f937194 _ZN4node19async_context_frame8exchangeEPN2v87IsolateENS1_5LocalINS1_5ValueEEE + 26820
12  Electron Framework                  0x000000010f936240 _ZN4node19async_context_frame8exchangeEPN2v87IsolateENS1_5LocalINS1_5ValueEEE + 22896
13  Electron Framework                  0x000000010f935f24 _ZN4node19async_context_frame8exchangeEPN2v87IsolateENS1_5LocalINS1_5ValueEEE + 22100
14  Electron Framework                  0x000000011175ed78 _ZNK2v88internal8compiler23CompilationDependencies31FieldTypeDependencyOffTheRecordENS1_6MapRefES3_NS0_13InternalIndexENS1_9ObjectRefE + 783760
15  Electron Framework                  0x00000001116cafbc _ZNK2v88internal8compiler23CompilationDependencies31FieldTypeDependencyOffTheRecordENS1_6MapRefES3_NS0_13InternalIndexENS1_9ObjectRefE + 178132
16  Electron Framework                  0x000000010febaac8 _ZNK4node14PrincipalRealm25async_hooks_init_functionEv + 81964
17  Electron Framework                  0x000000010f3dba34 _ZN2v815MicrotasksScopeC1ENS_5LocalINS_7ContextEEENS0_4TypeE + 6788
18  Electron Framework                  0x000000011170fc84 _ZNK2v88internal8compiler23CompilationDependencies31FieldTypeDependencyOffTheRecordENS1_6MapRefES3_NS0_13InternalIndexENS1_9ObjectRefE + 459932
19  Electron Framework                  0x000000010f339b00 _ZN2v86Number3NewEPNS_7IsolateEd + 19272
#### MTL_TEX MIP-NATIVE result attempt=9 tex=0x601a7ed80 class=AGXG13GFamilyTexture
#### MTL_TEX MIP-NATIVE attempt=10 w=512 h=512 pf=70 mips=10 storage=0 usage=0x7
0   libmachook_arm64.dylib              0x00000001026891d8 -[MTLFakeDevice hooked_newTextureWithDescriptor:] + 1640
1   libGLESv2.dylib                     0x000000010c8d7714 glStartTilingQCOM + 2731796
2   libGLESv2.dylib                     0x000000010c8eab48 glStartTilingQCOM + 2810696
3   libGLESv2.dylib                     0x000000010c8e9e40 glStartTilingQCOM + 2807360
4   libGLESv2.dylib                     0x000000010c8e9ccc glStartTilingQCOM + 2806988
5   libGLESv2.dylib                     0x000000010c8c0b70 glStartTilingQCOM + 2638704
6   libGLESv2.dylib                     0x000000010c8c0654 glStartTilingQCOM + 2637396
7   libGLESv2.dylib                     0x000000010c8c426c glStartTilingQCOM + 2652780
8   libGLESv2.dylib                     0x000000010c7aea9c glStartTilingQCOM + 1516188
9   Electron Framework                  0x000000011564e4e8 rust_bmp$cxxbridge1$194$Reader$image_data_loaded + 320072
10  Electron Framework                  0x0000000115666a60 rust_bmp$cxxbridge1$194$Reader$image_data_loaded + 419776
11  Electron Framework                  0x000000010f937194 _ZN4node19async_context_frame8exchangeEPN2v87IsolateENS1_5LocalINS1_5ValueEEE + 26820
12  Electron Framework                  0x000000010f936240 _ZN4node19async_context_frame8exchangeEPN2v87IsolateENS1_5LocalINS1_5ValueEEE + 22896
13  Electron Framework                  0x000000010f935f24 _ZN4node19async_context_frame8exchangeEPN2v87IsolateENS1_5LocalINS1_5ValueEEE + 22100
14  Electron Framework                  0x000000011175ed78 _ZNK2v88internal8compiler23CompilationDependencies31FieldTypeDependencyOffTheRecordENS1_6MapRefES3_NS0_13InternalIndexENS1_9ObjectRefE + 783760
15  Electron Framework                  0x00000001116cafbc _ZNK2v88internal8compiler23CompilationDependencies31FieldTypeDependencyOffTheRecordENS1_6MapRefES3_NS0_13InternalIndexENS1_9ObjectRefE + 178132
16  Electron Framework                  0x000000010febaac8 _ZNK4node14PrincipalRealm25async_hooks_init_functionEv + 81964
17  Electron Framework                  0x000000010f3dba34 _ZN2v815MicrotasksScopeC1ENS_5LocalINS_7ContextEEENS0_4TypeE + 6788
18  Electron Framework                  0x000000011170fc84 _ZNK2v88internal8compiler23CompilationDependencies31FieldTypeDependencyOffTheRecordENS1_6MapRefES3_NS0_13InternalIndexENS1_9ObjectRefE + 459932
19  Electron Framework                  0x000000010f339b00 _ZN2v86Number3NewEPNS_7IsolateEd + 19272
#### MTL_TEX MIP-NATIVE result attempt=10 tex=0x601a7f780 class=AGXG13GFamilyTexture
#### MTL_TEX MIP-NATIVE attempt=11 w=512 h=512 pf=70 mips=10 storage=0 usage=0x7
0   libmachook_arm64.dylib              0x00000001026891d8 -[MTLFakeDevice hooked_newTextureWithDescriptor:] + 1640
1   libGLESv2.dylib                     0x000000010c8d7714 glStartTilingQCOM + 2731796
2   libGLESv2.dylib                     0x000000010c8eab48 glStartTilingQCOM + 2810696
3   libGLESv2.dylib                     0x000000010c8e9e40 glStartTilingQCOM + 2807360
4   libGLESv2.dylib                     0x000000010c8e9ccc glStartTilingQCOM + 2806988
5   libGLESv2.dylib                     0x000000010c8c0b70 glStartTilingQCOM + 2638704
6   libGLESv2.dylib                     0x000000010c8c0654 glStartTilingQCOM + 2637396
7   libGLESv2.dylib                     0x000000010c8c426c glStartTilingQCOM + 2652780
8   libGLESv2.dylib                     0x000000010c7aea9c glStartTilingQCOM + 1516188
9   Electron Framework                  0x000000011564e4e8 rust_bmp$cxxbridge1$194$Reader$image_data_loaded + 320072
10  Electron Framework                  0x0000000115666a60 rust_bmp$cxxbridge1$194$Reader$image_data_loaded + 419776
11  Electron Framework                  0x000000010f937194 _ZN4node19async_context_frame8exchangeEPN2v87IsolateENS1_5LocalINS1_5ValueEEE + 26820
12  Electron Framework                  0x000000010f936240 _ZN4node19async_context_frame8exchangeEPN2v87IsolateENS1_5LocalINS1_5ValueEEE + 22896
13  Electron Framework                  0x000000010f935f24 _ZN4node19async_context_frame8exchangeEPN2v87IsolateENS1_5LocalINS1_5ValueEEE + 22100
14  Electron Framework                  0x000000011175ed78 _ZNK2v88internal8compiler23CompilationDependencies31FieldTypeDependencyOffTheRecordENS1_6MapRefES3_NS0_13InternalIndexENS1_9ObjectRefE + 783760
15  Electron Framework                  0x00000001116cafbc _ZNK2v88internal8compiler23CompilationDependencies31FieldTypeDependencyOffTheRecordENS1_6MapRefES3_NS0_13InternalIndexENS1_9ObjectRefE + 178132
16  Electron Framework                  0x000000010febaac8 _ZNK4node14PrincipalRealm25async_hooks_init_functionEv + 81964
17  Electron Framework                  0x000000010f3dba34 _ZN2v815MicrotasksScopeC1ENS_5LocalINS_7ContextEEENS0_4TypeE + 6788
18  Electron Framework                  0x000000011170fc84 _ZNK2v88internal8compiler23CompilationDependencies31FieldTypeDependencyOffTheRecordENS1_6MapRefES3_NS0_13InternalIndexENS1_9ObjectRefE + 459932
19  Electron Framework                  0x000000010f339b00 _ZN2v86Number3NewEPNS_7IsolateEd + 19272
#### MTL_TEX MIP-NATIVE result attempt=11 tex=0x601b30280 class=AGXG13GFamilyTexture
#### AGXIOC heap map #500 clientID 0x100000 -> resourceID 0x21a size 0x100000
#### MTL_TEX MIP-NATIVE attempt=12 w=512 h=512 pf=70 mips=10 storage=0 usage=0x7
0   libmachook_arm64.dylib              0x00000001026891d8 -[MTLFakeDevice hooked_newTextureWithDescriptor:] + 1640
1   libGLESv2.dylib                     0x000000010c8d7714 glStartTilingQCOM + 2731796
2   libGLESv2.dylib                     0x000000010c8eab48 glStartTilingQCOM + 2810696
3   libGLESv2.dylib                     0x000000010c8e9e40 glStartTilingQCOM + 2807360
4   libGLESv2.dylib                     0x000000010c8e9ccc glStartTilingQCOM + 2806988
5   libGLESv2.dylib                     0x000000010c8c0b70 glStartTilingQCOM + 2638704
6   libGLESv2.dylib                     0x000000010c8c0654 glStartTilingQCOM + 2637396
7   libGLESv2.dylib                     0x000000010c8c426c glStartTilingQCOM + 2652780
8   libGLESv2.dylib                     0x000000010c7aea9c glStartTilingQCOM + 1516188
9   Electron Framework                  0x000000011564e4e8 rust_bmp$cxxbridge1$194$Reader$image_data_loaded + 320072
10  Electron Framework                  0x0000000115666a60 rust_bmp$cxxbridge1$194$Reader$image_data_loaded + 419776
11  Electron Framework                  0x000000010f937194 _ZN4node19async_context_frame8exchangeEPN2v87IsolateENS1_5LocalINS1_5ValueEEE + 26820
12  Electron Framework                  0x000000010f936240 _ZN4node19async_context_frame8exchangeEPN2v87IsolateENS1_5LocalINS1_5ValueEEE + 22896
13  Electron Framework                  0x000000010f935f24 _ZN4node19async_context_frame8exchangeEPN2v87IsolateENS1_5LocalINS1_5ValueEEE + 22100
14  Electron Framework                  0x000000011175ed78 _ZNK2v88internal8compiler23CompilationDependencies31FieldTypeDependencyOffTheRecordENS1_6MapRefES3_NS0_13InternalIndexENS1_9ObjectRefE + 783760
15  Electron Framework                  0x00000001116cafbc _ZNK2v88internal8compiler23CompilationDependencies31FieldTypeDependencyOffTheRecordENS1_6MapRefES3_NS0_13InternalIndexENS1_9ObjectRefE + 178132
16  Electron Framework                  0x000000010febaac8 _ZNK4node14PrincipalRealm25async_hooks_init_functionEv + 81964
17  Electron Framework                  0x000000010f3dba34 _ZN2v815MicrotasksScopeC1ENS_5LocalINS_7ContextEEENS0_4TypeE + 6788
18  Electron Framework                  0x000000011170fc84 _ZNK2v88internal8compiler23CompilationDependencies31FieldTypeDependencyOffTheRecordENS1_6MapRefES3_NS0_13InternalIndexENS1_9ObjectRefE + 459932
19  Electron Framework                  0x000000010f339b00 _ZN2v86Number3NewEPNS_7IsolateEd + 19272
#### MTL_TEX MIP-NATIVE result attempt=12 tex=0x601b30c80 class=AGXG13GFamilyTexture
#### MTL_TEX MIP-NATIVE result attempt=13 tex=0x601b31680 class=AGXG13GFamilyTexture
#### MTL_TEX MIP-NATIVE result attempt=14 tex=0x601b32080 class=AGXG13GFamilyTexture
#### MTL_TEX MIP-NATIVE result attempt=15 tex=0x601b32a80 class=AGXG13GFamilyTexture
#### AGXIOC Scalar sel=0x10->0xe inCnt=1 -> 0x0
#### AGXIOC Scalar sel=0x10->0xe inCnt=1 -> 0x0
#### AGXIOC Scalar sel=0x10->0xe inCnt=1 -> 0x0
#### AGXIOC Scalar sel=0x10->0xe inCnt=1 -> 0x0
#### AGXIOC Scalar sel=0x10->0xe inCnt=1 -> 0x0
#### JIT-MPROTECT flip #19456 ranges=1 prot=RX writers=1 exec_waits=6103 late_retries=138
[91m[main 2026-07-29T22:06:33.502Z][0m [AgentHost:stderr] #### JIT-MPROTECT flip #1024 ranges=1 prot=RX writers=1 exec_waits=257 late_retries=12

#### MTL_TEX LEASE-HIT #3 key=512x512-pf70-bpe4-fcc1380401729 entry=0x601a837b0 surf=0x600a8bc00 tex=0x601a7e100 retain=1 baseline=1 shapeEntries=8 pool=31MB
#### MTL_TEX MIP-NATIVE result attempt=16 tex=0x601a76b80 class=AGXG13GFamilyTexture
#### MTL_TEX LEASE-HIT #4 key=512x512-pf70-bpe4-fcc1380401729 entry=0x601a82f10 surf=0x600a8fe60 tex=0x601a7eb00 retain=1 baseline=1 shapeEntries=8 pool=31MB
#### MTL_TEX MIP-NATIVE result attempt=17 tex=0x601b34600 class=AGXG13GFamilyTexture
#### MTL_TEX LEASE-HIT #5 key=512x512-pf70-bpe4-fcc1380401729 entry=0x601a81b00 surf=0x6019e0280 tex=0x601a7f500 retain=1 baseline=1 shapeEntries=8 pool=31MB
#### MTL_TEX MIP-NATIVE result attempt=18 tex=0x601b35500 class=AGXG13GFamilyTexture
#### MTL_TEX LEASE-HIT #6 key=512x512-pf70-bpe4-fcc1380401729 entry=0x600dcb910 surf=0x600a87ae0 tex=0x601a7fc80 retain=1 baseline=1 shapeEntries=8 pool=31MB
#### MTL_TEX MIP-NATIVE result attempt=19 tex=0x601b35280 class=AGXG13GFamilyTexture
#### MTL_TEX LEASE-HIT #7 key=512x512-pf70-bpe4-fcc1380401729 entry=0x601a847d0 surf=0x600a8fa80 tex=0x601b30a00 retain=1 baseline=1 shapeEntries=8 pool=31MB
#### MTL_TEX MIP-NATIVE result attempt=20 tex=0x601b35000 class=AGXG13GFamilyTexture
#### MTL_TEX LEASE-HIT #8 key=512x512-pf70-bpe4-fcc1380401729 entry=0x601a82100 surf=0x600a8a880 tex=0x601b31400 retain=1 baseline=1 shapeEntries=8 pool=31MB
#### MTL_TEX MIP-NATIVE result attempt=21 tex=0x601b35c80 class=AGXG13GFamilyTexture
#### MTL_TEX LEASE-HIT #9 key=512x512-pf70-bpe4-fcc1380401729 entry=0x601a824c0 surf=0x600a8e880 tex=0x601b31e00 retain=1 baseline=1 shapeEntries=8 pool=31MB
#### MTL_TEX MIP-NATIVE result attempt=22 tex=0x601b36180 class=AGXG13GFamilyTexture
#### MTL_TEX LEASE-HIT #10 key=512x512-pf70-bpe4-fcc1380401729 entry=0x601a84680 surf=0x6019e0620 tex=0x601b32800 retain=1 baseline=1 shapeEntries=8 pool=31MB
#### MTL_TEX MIP-NATIVE result attempt=23 tex=0x601b36680 class=AGXG13GFamilyTexture
#### MTL_TEX MIP-NATIVE result attempt=24 tex=0x601b38980 class=AGXG13GFamilyTexture
#### MTL_TEX MIP-NATIVE result attempt=25 tex=0x601b39600 class=AGXG13GFamilyTexture
#### AGX_LIFE CREATE id=0x240 type=0 surf=0 bytes=0x158000 kr=0 okC=750 failC=0 okD=174 failD=0 unmatchedD=0 full=0 live=576/228MB [t0=385/94MB t80=3/0MB t82=188/133MB]
#### MTL_TEX MIP-NATIVE result attempt=26 tex=0x601b3a000 class=AGXG13GFamilyTexture
#### MTL_TEX MIP-NATIVE result attempt=27 tex=0x601b3aa00 class=AGXG13GFamilyTexture
#### MTL_TEX MIP-NATIVE result attempt=28 tex=0x601b3b400 class=AGXG13GFamilyTexture
#### MTL_TEX MIP-NATIVE result attempt=29 tex=0x601b3be00 class=AGXG13GFamilyTexture
#### TRACE -[AGXBuffer initUntracked] self=0x601a9c900 dev=0x6001d2000 len=12288 opt=0 -> 0x601a9c900
#### TRACE -[AGXBuffer initUntracked] self=0x60192b280 dev=0x6001d2000 len=12288 opt=0 -> 0x60192b280
#### TRACE -[AGXBuffer initUntracked] self=0x60110c780 dev=0x6001d2000 len=2048 opt=0 -> 0x60110c780
#### MTL_TEX MIP-NATIVE result attempt=30 tex=0x601b3c800 class=AGXG13GFamilyTexture
#### MTL_TEX MIP-NATIVE result attempt=31 tex=0x601b3d200 class=AGXG13GFamilyTexture
#### MTL_TEX MIP-NATIVE result attempt=32 tex=0x601b3dc00 class=AGXG13GFamilyTexture
#### MTL_TEX MIP-NATIVE result attempt=33 tex=0x601b3e600 class=AGXG13GFamilyTexture
#### MTL_TEX MIP-NATIVE result attempt=34 tex=0x601b3f000 class=AGXG13GFamilyTexture
#### MTL_TEX MIP-NATIVE result attempt=35 tex=0x601b3fa00 class=AGXG13GFamilyTexture
#### MTL_TEX MIP-NATIVE result attempt=36 tex=0x601b50500 class=AGXG13GFamilyTexture
#### MTL_TEX MIP-NATIVE result attempt=37 tex=0x601b50f00 class=AGXG13GFamilyTexture
#### MTL_TEX MIP-NATIVE result attempt=38 tex=0x601b51900 class=AGXG13GFamilyTexture
[91m[main 2026-07-29T22:06:33.836Z][0m [AgentHost:stderr] #### JIT-MPROTECT flip #2048 ranges=1 prot=RX writers=1 exec_waits=440 late_retries=22

#### MTL_TEX LEASE-HIT #11 key=256x256-pf70-bpe4-fcc1380401729 entry=0x601a85e50 surf=0x600a8faa0 tex=0x601b50280 retain=1 baseline=1 shapeEntries=3 pool=42MB
#### MTL_TEX MIP-NATIVE result attempt=39 tex=0x601b32f80 class=AGXG13GFamilyTexture
#### MTL_TEX MIP-NATIVE result attempt=40 tex=0x601b52a80 class=AGXG13GFamilyTexture
#### MTL_TEX MIP-NATIVE result attempt=41 tex=0x601b52d00 class=AGXG13GFamilyTexture
#### MTL_TEX LEASE-HIT #12 key=256x256-pf70-bpe4-fcc1380401729 entry=0x601a85d90 surf=0x600a8e1e0 tex=0x601b50c80 retain=1 baseline=1 shapeEntries=3 pool=42MB
#### MTL_TEX MIP-NATIVE result attempt=42 tex=0x601b53700 class=AGXG13GFamilyTexture
#### MTL_TEX LEASE-HIT #13 key=256x256-pf70-bpe4-fcc1380401729 entry=0x601a862a0 surf=0x6019e0ee0 tex=0x601b51680 retain=1 baseline=1 shapeEntries=3 pool=42MB
#### MTL_TEX MIP-NATIVE result attempt=43 tex=0x601b53c00 class=AGXG13GFamilyTexture
#### MTL_TEX MIP-NATIVE result attempt=44 tex=0x601b54600 class=AGXG13GFamilyTexture
#### MTL_TEX MIP-NATIVE result attempt=45 tex=0x601b55000 class=AGXG13GFamilyTexture
#### MTL_TEX LEASE-HIT #14 key=512x512-pf70-bpe4-fcc1380401729 entry=0x601a837b0 surf=0x600a8bc00 tex=0x601a7e100 retain=1 baseline=1 shapeEntries=16 pool=43MB
#### MTL_TEX MIP-NATIVE result attempt=46 tex=0x601b55500 class=AGXG13GFamilyTexture
#### VNC-FINAL candidate #5 tex=0x601b55c80 class=AGXG13GFamilyTexture tex=1024x1024 pf=70 usage=0x7 storage=0 hazard=2 surface=0x600a8a600 1024x1024 bpr=4096
#### MTL_TEX MIP-NATIVE result attempt=47 tex=0x601b55f00 class=AGXG13GFamilyTexture
#### MTL_TEX LEASE-HIT #15 key=256x128-pf70-bpe4-fcc1380401729 entry=0x601475d30 surf=0x6019e0ec0 tex=0x601b3a780 retain=1 baseline=1 shapeEntries=5 pool=47MB
#### MTL_TEX MIP-NATIVE result attempt=48 tex=0x601b56400 class=AGXG13GFamilyTexture
#### VNC-FINAL candidate #6 tex=0x601b56b80 class=AGXG13GFamilyTexture tex=1024x1024 pf=70 usage=0x7 storage=0 hazard=2 surface=0x600a89f80 1024x1024 bpr=4096
#### MTL_TEX MIP-NATIVE result attempt=49 tex=0x601b56e00 class=AGXG13GFamilyTexture
#### VNC-FINAL candidate #7 tex=0x601b57580 class=AGXG13GFamilyTexture tex=1024x1024 pf=70 usage=0x7 storage=0 hazard=2 surface=0x60003a8c0 1024x1024 bpr=4096
#### MTL_TEX MIP-NATIVE result attempt=50 tex=0x601b57800 class=AGXG13GFamilyTexture
#### VNC-FINAL candidate #8 tex=0x601b57f80 class=AGXG13GFamilyTexture tex=1024x1024 pf=70 usage=0x7 storage=0 hazard=2 surface=0x6019e1140 1024x1024 bpr=4096
#### MTL_TEX MIP-NATIVE result attempt=51 tex=0x601a7c300 class=AGXG13GFamilyTexture
#### MTL_TEX LEASE-HIT #16 key=1024x1024-pf70-bpe4-fcc1380401729 entry=0x601a86870 surf=0x600a8a600 tex=0x601b55c80 retain=1 baseline=1 shapeEntries=4 pool=59MB
#### VNC-FINAL candidate #9 tex=0x601b55c80 class=AGXG13GFamilyTexture tex=1024x1024 pf=70 usage=0x7 storage=0 hazard=2 surface=0x600a8a600 1024x1024 bpr=4096
#### MTL_TEX MIP-NATIVE result attempt=52 tex=0x601b58200 class=AGXG13GFamilyTexture
#### MTL_TEX LEASE-HIT #17 key=1024x1024-pf70-bpe4-fcc1380401729 entry=0x601a86780 surf=0x600a89f80 tex=0x601b56b80 retain=1 baseline=1 shapeEntries=4 pool=59MB
#### VNC-FINAL candidate #10 tex=0x601b56b80 class=AGXG13GFamilyTexture tex=1024x1024 pf=70 usage=0x7 storage=0 hazard=2 surface=0x600a89f80 1024x1024 bpr=4096
#### MTL_TEX MIP-NATIVE result attempt=53 tex=0x601b59380 class=AGXG13GFamilyTexture
#### MTL_TEX LEASE-HIT #18 key=1024x1024-pf70-bpe4-fcc1380401729 entry=0x601a86690 surf=0x60003a8c0 tex=0x601b57580 retain=1 baseline=1 shapeEntries=4 pool=59MB
#### VNC-FINAL candidate #11 tex=0x601b57580 class=AGXG13GFamilyTexture tex=1024x1024 pf=70 usage=0x7 storage=0 hazard=2 surface=0x60003a8c0 1024x1024 bpr=4096
#### MTL_TEX MIP-NATIVE result attempt=54 tex=0x601b59600 class=AGXG13GFamilyTexture
#### JIT-MPROTECT flip #20480 ranges=1 prot=RX writers=1 exec_waits=6256 late_retries=147
#### MTL_TEX LEASE-HIT #19 key=1024x1024-pf70-bpe4-fcc1380401729 entry=0x601a86870 surf=0x600a8a600 tex=0x601b55c80 retain=1 baseline=1 shapeEntries=4 pool=59MB
#### VNC-FINAL candidate #12 tex=0x601b55c80 class=AGXG13GFamilyTexture tex=1024x1024 pf=70 usage=0x7 storage=0 hazard=2 surface=0x600a8a600 1024x1024 bpr=4096
#### MTL_TEX MIP-NATIVE result attempt=55 tex=0x601b58480 class=AGXG13GFamilyTexture
#### MTL_TEX LEASE-HIT #20 key=1024x1024-pf70-bpe4-fcc1380401729 entry=0x601a86780 surf=0x600a89f80 tex=0x601b56b80 retain=1 baseline=1 shapeEntries=4 pool=59MB
#### VNC-FINAL candidate #13 tex=0x601b56b80 class=AGXG13GFamilyTexture tex=1024x1024 pf=70 usage=0x7 storage=0 hazard=2 surface=0x600a89f80 1024x1024 bpr=4096
#### MTL_TEX MIP-NATIVE result attempt=56 tex=0x601b5a780 class=AGXG13GFamilyTexture
#### MTL_TEX LEASE-HIT #21 key=1024x1024-pf70-bpe4-fcc1380401729 entry=0x601a86690 surf=0x60003a8c0 tex=0x601b57580 retain=1 baseline=1 shapeEntries=4 pool=59MB
#### VNC-FINAL candidate #14 tex=0x601b57580 class=AGXG13GFamilyTexture tex=1024x1024 pf=70 usage=0x7 storage=0 hazard=2 surface=0x60003a8c0 1024x1024 bpr=4096
#### MTL_TEX MIP-NATIVE result attempt=57 tex=0x601b59d80 class=AGXG13GFamilyTexture
#### MTL_TEX LEASE-HIT #22 key=256x256-pf70-bpe4-fcc1380401729 entry=0x601a85e50 surf=0x600a8faa0 tex=0x601b50280 retain=1 baseline=1 shapeEntries=5 pool=59MB
#### MTL_TEX MIP-NATIVE result attempt=58 tex=0x601b5a500 class=AGXG13GFamilyTexture
#### MTL_TEX LEASE-HIT #23 key=256x256-pf70-bpe4-fcc1380401729 entry=0x601a85d90 surf=0x600a8e1e0 tex=0x601b50c80 retain=1 baseline=1 shapeEntries=5 pool=59MB
#### MTL_TEX MIP-NATIVE result attempt=59 tex=0x601b58980 class=AGXG13GFamilyTexture
#### MTL_TEX LEASE-HIT #24 key=256x256-pf70-bpe4-fcc1380401729 entry=0x601a862a0 surf=0x6019e0ee0 tex=0x601b51680 retain=1 baseline=1 shapeEntries=5 pool=59MB
#### MTL_TEX MIP-NATIVE result attempt=60 tex=0x601b5af00 class=AGXG13GFamilyTexture
#### MTL_TEX LEASE-HIT #25 key=256x256-pf70-bpe4-fcc1380401729 entry=0x601a81bf0 surf=0x60003e7c0 tex=0x601b54380 retain=1 baseline=1 shapeEntries=5 pool=59MB
#### MTL_TEX MIP-NATIVE result attempt=61 tex=0x601b5b400 class=AGXG13GFamilyTexture
#### MTL_TEX LEASE-HIT #26 key=256x256-pf70-bpe4-fcc1380401729 entry=0x601a85280 surf=0x600a8a040 tex=0x601b54d80 retain=1 baseline=1 shapeEntries=5 pool=59MB
#### MTL_TEX MIP-NATIVE result attempt=62 tex=0x601b5b900 class=AGXG13GFamilyTexture
#### MTL_TEX MIP-NATIVE result attempt=63 tex=0x601b5c300 class=AGXG13GFamilyTexture
#### MTL_TEX MIP-NATIVE result attempt=64 tex=0x601b5cd00 class=AGXG13GFamilyTexture
#### MTL_TEX MIP-NATIVE result attempt=65 tex=0x601b5d700 class=AGXG13GFamilyTexture
#### MTL_TEX MIP-NATIVE result attempt=66 tex=0x601b5e100 class=AGXG13GFamilyTexture
#### MTL_TEX MIP-NATIVE result attempt=67 tex=0x601b5eb00 class=AGXG13GFamilyTexture
#### MTL_TEX MIP-NATIVE result attempt=68 tex=0x601b5f500 class=AGXG13GFamilyTexture
#### MTL_TEX MIP-NATIVE result attempt=69 tex=0x601b70000 class=AGXG13GFamilyTexture
#### MTL_TEX MIP-NATIVE result attempt=70 tex=0x601b70a00 class=AGXG13GFamilyTexture
#### MTL_TEX MIP-NATIVE result attempt=71 tex=0x601b71400 class=AGXG13GFamilyTexture
#### MTL_TEX MIP-NATIVE result attempt=72 tex=0x601b71e00 class=AGXG13GFamilyTexture
#### MTL_TEX LEASE-HIT #27 key=128x128-pf70-bpe4-fcc1380401729 entry=0x601a86150 surf=0x6019e11c0 tex=0x601b52f80 retain=1 baseline=1 shapeEntries=2 pool=61MB
#### MTL_TEX MIP-NATIVE result attempt=73 tex=0x601b72300 class=AGXG13GFamilyTexture
#### MTL_TEX LEASE-HIT #28 key=128x128-pf70-bpe4-fcc1380401729 entry=0x600dcfae0 surf=0x600a82be0 tex=0x601b52300 retain=1 baseline=1 shapeEntries=2 pool=61MB
#### MTL_TEX MIP-NATIVE result attempt=74 tex=0x601b72800 class=AGXG13GFamilyTexture
#### MTL_TEX MIP-NATIVE result attempt=75 tex=0x601b73200 class=AGXG13GFamilyTexture
#### MTL_TEX MIP-NATIVE result attempt=76 tex=0x601b73c00 class=AGXG13GFamilyTexture
#### MTL_TEX MIP-NATIVE result attempt=77 tex=0x601b74600 class=AGXG13GFamilyTexture
#### MTL_TEX MIP-NATIVE result attempt=78 tex=0x601b75000 class=AGXG13GFamilyTexture
#### MTL_TEX MIP-NATIVE result attempt=79 tex=0x601b75a00 class=AGXG13GFamilyTexture
#### MTL_TEX MIP-NATIVE result attempt=80 tex=0x601b76400 class=AGXG13GFamilyTexture
#### MTL_TEX MIP-NATIVE result attempt=81 tex=0x601b76e00 class=AGXG13GFamilyTexture
#### MTL_TEX MIP-NATIVE result attempt=82 tex=0x601b77800 class=AGXG13GFamilyTexture
#### MTL_TEX MIP-NATIVE result attempt=83 tex=0x601b78200 class=AGXG13GFamilyTexture
#### MTL_TEX MIP-NATIVE result attempt=84 tex=0x601b78c00 class=AGXG13GFamilyTexture
#### MTL_TEX MIP-NATIVE result attempt=85 tex=0x601b79600 class=AGXG13GFamilyTexture
#### MTL_TEX MIP-NATIVE result attempt=86 tex=0x601b7a000 class=AGXG13GFamilyTexture
#### MTL_TEX MIP-NATIVE result attempt=87 tex=0x601b7aa00 class=AGXG13GFamilyTexture
#### MTL_TEX MIP-NATIVE result attempt=88 tex=0x601b7b400 class=AGXG13GFamilyTexture
#### JIT-MPROTECT flip #2048 ranges=1 prot=RX writers=1 exec_waits=239 late_retries=8
#### AGX_LIFE DESTROY id=0x2ac type=0 surf=0 bytes=0x20000 kr=0 okC=922 failC=0 okD=250 failD=0 unmatchedD=0 full=0 live=672/306MB [t0=437/148MB t80=3/0MB t82=232/157MB]
[91m[main 2026-07-29T22:06:34.490Z][0m [AgentHost:stderr] #### JIT-MPROTECT flip #3072 ranges=1 prot=RX writers=1 exec_waits=636 late_retries=39

#### JIT-MPROTECT flip #8192 ranges=1 prot=RX writers=1 exec_waits=2549 late_retries=48
#### JIT-MPROTECT flip #21504 ranges=1 prot=RX writers=1 exec_waits=6513 late_retries=163
[91m[main 2026-07-29T22:06:34.998Z][0m [AgentHost:stderr] #### JIT-MPROTECT flip #4096 ranges=1 prot=RX writers=1 exec_waits=804 late_retries=54

#### MTL_TEX LEASE-HIT #29 key=960x192-pf80-bpe4-fcc1111970369 entry=0x600aafae0 surf=0x600a89320 tex=0x601297d00 retain=1 baseline=1 shapeEntries=1 pool=64MB
#### JIT-MPROTECT flip #22528 ranges=1 prot=RX writers=1 exec_waits=6840 late_retries=179
[91m[main 2026-07-29T22:06:35.593Z][0m [AgentHost:stderr] #### JIT-MPROTECT flip #5120 ranges=1 prot=RX writers=1 exec_waits=931 late_retries=66
(node:78076) [DEP0169] DeprecationWarning: `url.parse()` behavior is not standardized and prone to errors that have security implications. Use the WHATWG URL API instead. CVEs are not issued for `url.parse()` vulnerabilities.
(Use `Code Helper --trace-deprecation ...` to show where the warning was created)

[78023:0729/150636.004963:ERROR:components/os_crypt/common/keychain_password_mac.mm:148] Keychain lookup failed: Error Domain=NSOSStatusErrorDomain Code=-50 "paramErr: error in user parameter list" (-50)
Unknown channel: agentHostClientByokLm
#### JIT-MPROTECT flip #23552 ranges=1 prot=RX writers=1 exec_waits=7082 late_retries=187
#### IOSURFACE-RELEASE-ABI pair #1: conn=117255 surfaceID=323 sel=1 -> 0
#### JIT-MPROTECT flip #24576 ranges=1 prot=RX writers=1 exec_waits=7339 late_retries=193
Unknown channel: agentHostClientProxy
#### JIT-MPROTECT flip #9216 ranges=1 prot=RX writers=1 exec_waits=2807 late_retries=53
[91m[main 2026-07-29T22:06:37.528Z][0m [AgentHost:stderr] [CLI subprocess] #### MACWS_HID_BYPASS installed SetMatchingMultiple → no-op (1) at 0x187cede8c — skips iOS-format CFBinaryPlist parse inside
[CLI subprocess] ####   IOHIDEventSystemClientCacheMatchingServices → IOHIDUnserializeAndVMDealloc → CFPropertyListCreateFromStream
[CLI subprocess] ####   that BUS_ADRALNs in the IOMFBServer thread.
[CLI subprocess] #### MACWS_AGX_RENAMER_PATCH: off (set MACWS_AGX_RENAMER_PATCH=1 to enable)
[CLI subprocess] #### MACWS_ASSERT_BYPASS DISABLED (set MACWS_KEEP_ASSERT_BYPASS=1 to restore lazy bypass) — real __assert_rtn now reaches abort
[CLI subprocess] #### MACWS_AGX_NATIVE [ctor] pre-loaded IOGPU via /System/Library/PrivateFrameworks/IOGPU.framework/IOGPU -> 0x3ae29cc10

[91m[main 2026-07-29T22:06:37.542Z][0m [AgentHost:stderr] [CLI subprocess] #### XPC_BOOTSTRAP: fn=0x1848a5140 dict=0x135106f80 (registering Metal/ViewBridge/HIServices)

[91m[main 2026-07-29T22:06:37.546Z][0m [AgentHost:stderr] [CLI subprocess] #### XPC_BOOTSTRAP: called OK

[91m[main 2026-07-29T22:06:37.547Z][0m [AgentHost:stderr] [CLI subprocess] #### COEXIST API SwapEnd hook installed target=0x18f7831cc trampoline=0x1010e0000

[91m[main 2026-07-29T22:06:37.555Z][0m [AgentHost:stderr] [CLI subprocess] #### SkyLight PrepareForUse tolerate-nil hook installed at 0x189b64fc4

[91m[main 2026-07-29T22:06:37.558Z][0m [AgentHost:stderr] [CLI subprocess] #### SkyLight StartCompositeForDisplayStream nil-skip hook installed at 0x18998dd74

[91m[main 2026-07-29T22:06:37.559Z][0m [AgentHost:stderr] [CLI subprocess] #### SkyLight StartComposite(WSCD) tolerate-nil + pop-on-bail hook installed at 0x18998d358

[91m[main 2026-07-29T22:06:37.561Z][0m [AgentHost:stderr] [CLI subprocess] #### SkyLight StartComposite(MTLTex) pop-on-bail hook installed at 0x18998dfb8

[91m[main 2026-07-29T22:06:37.563Z][0m [AgentHost:stderr] [CLI subprocess] #### SkyLight EndCurrentComposite(bool) completion hook installed at 0x18998c53c
[CLI subprocess] #### SkyLight EndUpdate(bool) submission hook installed at 0x18998c0b0

[91m[main 2026-07-29T22:06:37.564Z][0m [AgentHost:stderr] [CLI subprocess] #### SkyLight _state_stack pop_back resolved at 0x18998afa0

[91m[main 2026-07-29T22:06:37.566Z][0m [AgentHost:stderr] [CLI subprocess] #### SkyLight WSCompositeDestinationCreateWithMetalTexture nil-tolerate hook installed at 0x18999053c

[91m[main 2026-07-29T22:06:37.567Z][0m [AgentHost:stderr] [CLI subprocess] #### SkyLight MetalContext::StopCapture invalid-this guard installed at 0x18998c1bc

[91m[main 2026-07-29T22:06:37.568Z][0m [AgentHost:stderr] [CLI subprocess] #### MACWS_AGX_NATIVE class_addMethod(MTLTextureDescriptor, validateWithDevice:) = 1

[91m[main 2026-07-29T22:06:37.569Z][0m [AgentHost:stderr] [CLI subprocess] #### MACWS_AGX_NATIVE class_addMethod(IOGPUMetalTexture, isMemoryless) = 1
[CLI subprocess] #### MACWS_AGX_NATIVE class_addMethod(IOGPUMetalTexture, getCPUSizeBytes) = 1
[CLI subprocess] #### MACWS_AGX_NATIVE class_addMethod(IOGPUMetalTexture, getAlignment) = 1
[CLI subprocess] #### MACWS_AGX_NATIVE class_addMethod(IOGPUMetalTexture, descriptorPrivate) = 1
[CLI subprocess] #### MACWS_AGX_NATIVE class_addMethod(IOGPUMetalTexture, getBytesPerRow) = 1

[91m[main 2026-07-29T22:06:37.569Z][0m [AgentHost:stderr] [CLI subprocess] #### MACWS_AGX_NATIVE class_addMethod(IOGPUMetalTexture, updateBindDataWithAddresses:gpuVirtualAddress:) = 1

[91m[main 2026-07-29T22:06:37.569Z][0m [AgentHost:stderr] [CLI subprocess] #### MACWS_AGX_NATIVE class_addMethod(IOGPUMetalTexture, updateBindDataWithAddresses:gpuVirtualAddress:shouldInitMetadata:) = 1
[CLI subprocess] #### MACWS_AGX_NATIVE class_addMethod(IOGPUMetalTexture, allocBufferSubDataWithLength:options:alignment:heapIndex:bufferIndex:bufferOffset:) = 1
[CLI subprocess] #### MACWS_AGX_NATIVE class_addMethod(IOGPUMetalTexture, initNewTextureData:) = 1
[CLI subprocess] #### MACWS_AGX_NATIVE class_addMethod(MTLTextureDescriptor, isMemoryless) = 1
[CLI subprocess] #### MACWS_AGX_NATIVE class_addMethod(MTLTextureDescriptor, protectionOptions) = 1
[CLI subprocess] #### MACWS_AGX_NATIVE class_addMethod(MTLTextureDescriptor, getCPUSizeBytes) = 1
[CLI subprocess] #### MACWS_AGX_NATIVE class_addMethod(MTLTextureDescriptor, getAlignment) = 1
[CLI subprocess] #### MACWS_AGX_NATIVE class_addMethod(MTLTextureDescriptor, descriptorPrivate) = 1
[CLI subprocess] #### MACWS_AGX_NATIVE class_addMethod(MTLTextureDescriptor, getBytesPerRow) = 1
[CLI subprocess] #### MACWS_AGX_NATIVE class_addMethod(MTLTextureDescriptor, updateBindDataWithAddresses:gpuVirtualAddress:) = 1
[CLI subprocess] #### MACWS_AGX_NATIVE class_addMethod(MTLTextureDescriptor, updateBindDataWithAddresses:gpuVirtualAddress:shouldInitMetadata:) = 1

[91m[main 2026-07-29T22:06:37.569Z][0m [AgentHost:stderr] [CLI subprocess] #### MACWS_AGX_NATIVE class_addMethod(MTLTextureDescriptor, allocBufferSubDataWithLength:options:alignment:heapIndex:bufferIndex:bufferOffset:) = 1
[CLI subprocess] #### MACWS_AGX_NATIVE class_addMethod(MTLTextureDescriptor, initNewTextureData:) = 1

#### JIT-MPROTECT flip #25600 ranges=1 prot=RX writers=1 exec_waits=7674 late_retries=204
[91m[main 2026-07-29T22:06:37.990Z][0m [AgentHost:stderr] [CLI subprocess] #
[CLI subprocess] # Fatal error
[CLI subprocess] # Oilpan: Out of memory (Oilpan: CagedHeap reservation.)
[CLI subprocess] #
[CLI subprocess] #
[CLI subprocess] #
[CLI subprocess] #FailureMessage Object: 0x16ee3ad58

#### MTL_TEX LEASE-HIT #30 key=128x1-pf10-bpe1-fcc1278226488 entry=0x600aaf780 surf=0x600a82b00 tex=0x60098ac80 retain=1 baseline=1 shapeEntries=1 pool=64MB
#### MTL_TEX LEASE-HIT #31 key=8x8-pf10-bpe1-fcc1278226488 entry=0x600bccab0 surf=0x600a845c0 tex=0x60098d480 retain=1 baseline=1 shapeEntries=1 pool=64MB
#### MTL_TEX LEASE-HIT #32 key=512x256-pf10-bpe1-fcc1278226488 entry=0x600bcdfb0 surf=0x600a84840 tex=0x60098f500 retain=1 baseline=1 shapeEntries=1 pool=64MB
#### MTL_TEX LEASE-HIT #33 key=256x128-pf10-bpe1-fcc1278226488 entry=0x600bce400 surf=0x600a84be0 tex=0x60098fc80 retain=1 baseline=1 shapeEntries=1 pool=64MB
#### MTL_TEX LEASE-HIT #34 key=256x64-pf10-bpe1-fcc1278226488 entry=0x600bce280 surf=0x600a84820 tex=0x600c90500 retain=1 baseline=1 shapeEntries=2 pool=64MB
#### MTL_TEX LEASE-HIT #35 key=256x64-pf10-bpe1-fcc1278226488 entry=0x600dc7350 surf=0x600a85960 tex=0x601097f80 retain=1 baseline=1 shapeEntries=2 pool=64MB
#### MTL_TEX LEASE-HIT #36 key=2048x2048-pf10-bpe1-fcc1278226488 entry=0x600bce850 surf=0x600a84b20 tex=0x600c92580 retain=1 baseline=1 shapeEntries=1 pool=64MB
#### VNC-FINAL candidate #15 tex=0x600c92580 class=AGXG13GFamilyTexture tex=2048x2048 pf=10 usage=0x7 storage=0 hazard=2 surface=0x600a84b20 2048x2048 bpr=2048
#### MTL_TEX LEASE-HIT #37 key=128x16-pf10-bpe1-fcc1278226488 entry=0x600bcdb30 surf=0x600a84920 tex=0x60098ed80 retain=1 baseline=1 shapeEntries=1 pool=64MB
#### MTL_TEX LEASE-HIT #38 key=2048x64-pf80-bpe4-fcc1111970369 entry=0x600aaf060 surf=0x60003e800 tex=0x601b91900 retain=1 baseline=1 shapeEntries=1 pool=64MB
#### MTL_TEX LEASE-HIT #39 key=256x32-pf80-bpe4-fcc1111970369 entry=0x601a86a80 surf=0x6019e1640 tex=0x601b92080 retain=1 baseline=1 shapeEntries=1 pool=64MB
#### MTL_TEX LEASE-HIT #40 key=64x64-pf80-bpe4-fcc1111970369 entry=0x600bcea00 surf=0x600a84b60 tex=0x600c91b80 retain=1 baseline=1 shapeEntries=1 pool=64MB
#### MTL_TEX plain DEPTH-STENCIL: pf=253 routing to native AGX path (IOSurface backing is invalid)
#### AGXIOC sel=0x9 type=0 VA-shape +0x38=0x12bd5c000 → 0
#### AGXIOC sel=0x9 type=0 VA-shape detected: args+0x40=0x12bd5c000 (>1GB) → using args+0x48=0x20000 as size, +0x58 0x380888c50 → 0
#### MTL_TEX plain DEPTH-STENCIL native result: 0x60129ac80 class=AGXG13GFamilyTexture
#### MTL_TEX plain MEMORYLESS: routing to native AGX path (no IOSurface — tile-memory-only) w=128 h=16 pf=253
#### MTL_TEX plain MEMORYLESS native result: 0x60129a280 (class=AGXG13GFamilyTexture storageMode=3 length=999)
#### MTL_TEX plain MEMORYLESS: routing to native AGX path (no IOSurface — tile-memory-only) w=128 h=16 pf=10
#### MTL_TEX plain MEMORYLESS native result: 0x601295a00 (class=AGXG13GFamilyTexture storageMode=3 length=999)
#### MTL_TEX LEASE-HIT #41 key=161x161-pf10-bpe1-fcc1278226488 entry=0x600929e70 surf=0x600a88900 tex=0x60109a500 retain=1 baseline=1 shapeEntries=1 pool=64MB
#### MTL_TEX LEASE-HIT #42 key=128x128-pf10-bpe1-fcc1278226488 entry=0x600dc8250 surf=0x600a88ca0 tex=0x60109ac80 retain=1 baseline=1 shapeEntries=1 pool=64MB
#### MTL_TEX LEASE-HIT #43 key=64x64-pf10-bpe1-fcc1278226488 entry=0x600dc80d0 surf=0x600a88ce0 tex=0x60109b400 retain=1 baseline=1 shapeEntries=2 pool=64MB
#### MTL_TEX LEASE-HIT #44 key=64x64-pf10-bpe1-fcc1278226488 entry=0x600dc8550 surf=0x600a88cc0 tex=0x60109bb80 retain=1 baseline=1 shapeEntries=2 pool=64MB
#### MTL_TEX LEASE-HIT #45 key=55x55-pf10-bpe1-fcc1278226488 entry=0x600dc83d0 surf=0x600a88c40 tex=0x60109c300 retain=1 baseline=1 shapeEntries=1 pool=64MB
#### AGX_LIFE CREATE id=0x2ca type=0 surf=0 bytes=0x4000 kr=0 okC=1000 failC=0 okD=286 failD=0 unmatchedD=0 full=0 live=714/300MB [t0=477/153MB t80=3/0MB t82=234/146MB]
#### MACWS_HID_BYPASS installed SetMatchingMultiple → no-op (1) at 0x187cede8c — skips iOS-format CFBinaryPlist parse inside
####   IOHIDEventSystemClientCacheMatchingServices → IOHIDUnserializeAndVMDealloc → CFPropertyListCreateFromStream
####   that BUS_ADRALNs in the IOMFBServer thread.
#### MACWS_AGX_RENAMER_PATCH: off (set MACWS_AGX_RENAMER_PATCH=1 to enable)
#### MACWS_ASSERT_BYPASS DISABLED (set MACWS_KEEP_ASSERT_BYPASS=1 to restore lazy bypass) — real __assert_rtn now reaches abort
#### MACWS_AGX_NATIVE [ctor] pre-loaded IOGPU via /System/Library/PrivateFrameworks/IOGPU.framework/IOGPU -> 0x3ae29cc10
#### XPC_BOOTSTRAP: fn=0x1848a5140 dict=0x133806b70 (registering Metal/ViewBridge/HIServices)
#### XPC_BOOTSTRAP: called OK
#### COEXIST API SwapEnd hook installed target=0x18f7831cc trampoline=0x10229c000
#### SkyLight PrepareForUse tolerate-nil hook installed at 0x189b64fc4
#### SkyLight StartCompositeForDisplayStream nil-skip hook installed at 0x18998dd74
#### SkyLight StartComposite(WSCD) tolerate-nil + pop-on-bail hook installed at 0x18998d358
#### SkyLight StartComposite(MTLTex) pop-on-bail hook installed at 0x18998dfb8
#### SkyLight EndCurrentComposite(bool) completion hook installed at 0x18998c53c
#### SkyLight EndUpdate(bool) submission hook installed at 0x18998c0b0
#### SkyLight _state_stack pop_back resolved at 0x18998afa0
#### SkyLight WSCompositeDestinationCreateWithMetalTexture nil-tolerate hook installed at 0x18999053c
#### SkyLight MetalContext::StopCapture invalid-this guard installed at 0x18998c1bc
#### MACWS_AGX_NATIVE class_addMethod(MTLTextureDescriptor, validateWithDevice:) = 1
#### MACWS_AGX_NATIVE class_addMethod(IOGPUMetalTexture, isMemoryless) = 1
#### MACWS_AGX_NATIVE class_addMethod(IOGPUMetalTexture, getCPUSizeBytes) = 1
#### MACWS_AGX_NATIVE class_addMethod(IOGPUMetalTexture, getAlignment) = 1
#### MACWS_AGX_NATIVE class_addMethod(IOGPUMetalTexture, descriptorPrivate) = 1
#### MACWS_AGX_NATIVE class_addMethod(IOGPUMetalTexture, getBytesPerRow) = 1
#### MACWS_AGX_NATIVE class_addMethod(IOGPUMetalTexture, updateBindDataWithAddresses:gpuVirtualAddress:) = 1
#### MACWS_AGX_NATIVE class_addMethod(IOGPUMetalTexture, updateBindDataWithAddresses:gpuVirtualAddress:shouldInitMetadata:) = 1
#### MACWS_AGX_NATIVE class_addMethod(IOGPUMetalTexture, allocBufferSubDataWithLength:options:alignment:heapIndex:bufferIndex:bufferOffset:) = 1
#### MACWS_AGX_NATIVE class_addMethod(IOGPUMetalTexture, initNewTextureData:) = 1
#### MACWS_AGX_NATIVE class_addMethod(MTLTextureDescriptor, isMemoryless) = 1
#### MACWS_AGX_NATIVE class_addMethod(MTLTextureDescriptor, protectionOptions) = 1
#### MACWS_AGX_NATIVE class_addMethod(MTLTextureDescriptor, getCPUSizeBytes) = 1
#### MACWS_AGX_NATIVE class_addMethod(MTLTextureDescriptor, getAlignment) = 1
#### MACWS_AGX_NATIVE class_addMethod(MTLTextureDescriptor, descriptorPrivate) = 1
#### MACWS_AGX_NATIVE class_addMethod(MTLTextureDescriptor, getBytesPerRow) = 1
#### MACWS_AGX_NATIVE class_addMethod(MTLTextureDescriptor, updateBindDataWithAddresses:gpuVirtualAddress:) = 1
#### MACWS_AGX_NATIVE class_addMethod(MTLTextureDescriptor, updateBindDataWithAddresses:gpuVirtualAddress:shouldInitMetadata:) = 1
#### MACWS_AGX_NATIVE class_addMethod(MTLTextureDescriptor, allocBufferSubDataWithLength:options:alignment:heapIndex:bufferIndex:bufferOffset:) = 1
#### MACWS_AGX_NATIVE class_addMethod(MTLTextureDescriptor, initNewTextureData:) = 1
#### AMFI-POLICY-COMPAT policy=AMFI op=0x60 status=0x4 (iOS task ports are hard-immovable)
#### CSR-POLICY-COMPAT active_config=0x0 (conservative iOS compatibility value)
[78144:0729/150638.912876:ERROR:base/process/process_mac.cc:53] task_policy_set TASK_CATEGORY_POLICY: (os/kern) invalid argument (4)
2026-07-29 15:06:38.918 Code Helper (Renderer)[78144:12335697] XType: Using static font registry.
#### JIT-MPROTECT range[0]=[0x280000000,0x290000000) source=MAP_JIT-EINVAL
#### JIT-MPROTECT execution barrier installed (W^X fetch-wait compatibility)
#### JIT-MPROTECT range[0]=[0x280000000,0x290000000) source=MAP_JIT-EINVAL
#### JIT-MPROTECT range[0]=[0x280000000,0x290000000) source=MAP_JIT-EINVAL
#### JIT-MPROTECT range[0]=[0x280000000,0x290000000) source=MAP_JIT-EINVAL
#### JIT-MPROTECT range[0]=[0x280000000,0x290000000) source=MAP_JIT-EINVAL
#### JIT-MPROTECT range[0]=[0x280000000,0x290000000) source=MAP_JIT-EINVAL
#### JIT-MPROTECT range[0]=[0x280000000,0x290000000) source=MAP_JIT-EINVAL
#### JIT-MPROTECT range[0]=[0x280000000,0x290000000) source=MAP_JIT-EINVAL
#### JIT-MPROTECT range[0]=[0x170000000,0x180000000) source=MAP_JIT-EINVAL
#### JIT-MPROTECT remap decline #1 dst=0x177dc0000 size=0x208000 src=0x1116e4000 requested=0x5 -> V8 copy fallback
#### JIT-MPROTECT flip #1 ranges=1 prot=RW writers=1 exec_waits=0 late_retries=0
#### JIT-MPROTECT flip #2 ranges=1 prot=RX writers=1 exec_waits=0 late_retries=0
#### MTL_TEX LEASE-HIT #46 key=1024x256-pf10-bpe1-fcc1278226488 entry=0x601a88010 surf=0x6019e1940 tex=0x601b7bb80 retain=1 baseline=1 shapeEntries=2 pool=64MB
#### MTL_TEX LEASE-HIT #47 key=512x128-pf10-bpe1-fcc1278226488 entry=0x601a87fe0 surf=0x6019e08a0 tex=0x601b7cd00 retain=1 baseline=1 shapeEntries=2 pool=64MB
#### AGX_SUBMIT_DIAG #380 TEMP-KCMD-TRAILING-WRAPPER-FIX match=128 subtype1=0..0x840->0..0x820 wrappers=1 range=0x840..0x858->0x820..0x838
#### JIT-MPROTECT flip #3 ranges=1 prot=RW writers=1 exec_waits=0 late_retries=0
#### JIT-MPROTECT flip #4 ranges=1 prot=RX writers=1 exec_waits=0 late_retries=0
#### JIT-MPROTECT flip #5 ranges=1 prot=RW writers=1 exec_waits=0 late_retries=0
#### JIT-MPROTECT flip #6 ranges=1 prot=RX writers=1 exec_waits=0 late_retries=0
#### JIT-MPROTECT flip #7 ranges=1 prot=RW writers=1 exec_waits=0 late_retries=0
#### JIT-MPROTECT flip #8 ranges=1 prot=RX writers=1 exec_waits=0 late_retries=0
#### JIT-MPROTECT flip #9 ranges=1 prot=RW writers=1 exec_waits=0 late_retries=0
#### JIT-MPROTECT flip #10 ranges=1 prot=RX writers=1 exec_waits=0 late_retries=0
#### JIT-MPROTECT flip #11 ranges=1 prot=RW writers=1 exec_waits=0 late_retries=0
#### JIT-MPROTECT flip #12 ranges=1 prot=RX writers=1 exec_waits=0 late_retries=0
#### JIT-MPROTECT flip #13 ranges=1 prot=RW writers=1 exec_waits=0 late_retries=0
#### JIT-MPROTECT flip #14 ranges=1 prot=RX writers=1 exec_waits=1 late_retries=0
#### JIT-MPROTECT flip #15 ranges=1 prot=RW writers=1 exec_waits=1 late_retries=0
#### JIT-MPROTECT flip #16 ranges=1 prot=RX writers=1 exec_waits=2 late_retries=0
#### JIT-MPROTECT flip #17 ranges=1 prot=RW writers=1 exec_waits=2 late_retries=0
#### JIT-MPROTECT flip #18 ranges=1 prot=RX writers=1 exec_waits=3 late_retries=0
#### JIT-MPROTECT flip #19 ranges=1 prot=RW writers=1 exec_waits=3 late_retries=0
#### JIT-MPROTECT flip #20 ranges=1 prot=RX writers=1 exec_waits=4 late_retries=0
#### JIT-MPROTECT flip #21 ranges=1 prot=RW writers=1 exec_waits=4 late_retries=0
#### JIT-MPROTECT flip #22 ranges=1 prot=RX writers=1 exec_waits=5 late_retries=0
#### JIT-MPROTECT flip #23 ranges=1 prot=RW writers=1 exec_waits=5 late_retries=0
#### JIT-MPROTECT flip #24 ranges=1 prot=RX writers=1 exec_waits=6 late_retries=0
#### JIT-MPROTECT flip #25 ranges=1 prot=RW writers=1 exec_waits=6 late_retries=0
#### JIT-MPROTECT flip #26 ranges=1 prot=RX writers=1 exec_waits=7 late_retries=0
#### JIT-MPROTECT flip #27 ranges=1 prot=RW writers=1 exec_waits=7 late_retries=0
#### JIT-MPROTECT flip #28 ranges=1 prot=RX writers=1 exec_waits=8 late_retries=0
#### JIT-MPROTECT flip #29 ranges=1 prot=RW writers=1 exec_waits=8 late_retries=0
#### JIT-MPROTECT flip #30 ranges=1 prot=RX writers=1 exec_waits=9 late_retries=0
#### JIT-MPROTECT flip #31 ranges=1 prot=RW writers=1 exec_waits=9 late_retries=0
#### JIT-MPROTECT flip #32 ranges=1 prot=RX writers=1 exec_waits=10 late_retries=0
#### JIT-MPROTECT flip #26624 ranges=1 prot=RX writers=1 exec_waits=7935 late_retries=215
#### MTL_TEX LEASE-HIT #48 key=64x64-pf70-bpe4-fcc1380401729 entry=0x601a865d0 surf=0x6019e1200 tex=0x601b5ca80 retain=1 baseline=1 shapeEntries=7 pool=64MB
#### VNC-FINAL candidate #16 tex=0x60098b180 class=AGXG13GFamilyTexture tex=1024x1024 pf=80 usage=0x5 storage=0 hazard=2 surface=0x600a82940 1024x1024 bpr=4096
#### MTL_TEX plain DEPTH-STENCIL: pf=260 routing to native AGX path (IOSurface backing is invalid)
#### MTL_TEX plain DEPTH-STENCIL native result: 0x60098e880 class=AGXG13GFamilyTexture
#### JIT-MPROTECT flip #1024 ranges=1 prot=RX writers=1 exec_waits=245 late_retries=7
[91m[main 2026-07-29T22:06:39.224Z][0m ProxyResolver#loadSystemCertificates error 206
#### AGX_LIFE CREATE id=0x35f type=0 surf=0 bytes=0x4000 kr=0 okC=1250 failC=0 okD=351 failD=0 unmatchedD=0 full=0 live=899/313MB [t0=655/161MB t80=3/0MB t82=241/151MB]
#### AGXIOC heap map #1000 clientID 0x4000 -> resourceID 0x3a7 size 0x15f0
#### AGXIOC subres parent 0x20000 -> resourceID 0x5b, base=0x13892a000 span=0x20000
#### MTL_TEX MIP-NATIVE result attempt=89 tex=0x601e31400 class=AGXG13GFamilyTexture
#### AGXIOC subres parent 0x20000 -> resourceID 0x5b, base=0x13892a700 span=0x20000
#### MTL_TEX MIP-NATIVE result attempt=90 tex=0x601e31900 class=AGXG13GFamilyTexture
#### MTL_TEX MIP-NATIVE result attempt=91 tex=0x601e31e00 class=AGXG13GFamilyTexture
#### MTL_TEX MIP-NATIVE result attempt=92 tex=0x601e32300 class=AGXG13GFamilyTexture
#### MTL_TEX MIP-NATIVE result attempt=93 tex=0x601e32800 class=AGXG13GFamilyTexture
#### MTL_TEX MIP-NATIVE result attempt=94 tex=0x601e32d00 class=AGXG13GFamilyTexture
#### MTL_TEX MIP-NATIVE result attempt=95 tex=0x601e33200 class=AGXG13GFamilyTexture
#### MTL_TEX MIP-NATIVE result attempt=96 tex=0x601e33700 class=AGXG13GFamilyTexture
#### MTL_TEX MIP-NATIVE result attempt=97 tex=0x601e33c00 class=AGXG13GFamilyTexture
#### MTL_TEX MIP-NATIVE result attempt=98 tex=0x601e34100 class=AGXG13GFamilyTexture
#### MTL_TEX MIP-NATIVE result attempt=99 tex=0x601e34600 class=AGXG13GFamilyTexture
#### MTL_TEX MIP-NATIVE result attempt=100 tex=0x601e34b00 class=AGXG13GFamilyTexture
#### MTL_TEX MIP-NATIVE result attempt=101 tex=0x601e35000 class=AGXG13GFamilyTexture
#### MTL_TEX MIP-NATIVE result attempt=102 tex=0x601e35500 class=AGXG13GFamilyTexture
#### MTL_TEX MIP-NATIVE result attempt=103 tex=0x601e35a00 class=AGXG13GFamilyTexture
#### MTL_TEX MIP-NATIVE result attempt=104 tex=0x601e35f00 class=AGXG13GFamilyTexture
#### MTL_TEX MIP-NATIVE result attempt=105 tex=0x601e36400 class=AGXG13GFamilyTexture
#### MTL_TEX MIP-NATIVE result attempt=106 tex=0x601e36900 class=AGXG13GFamilyTexture
#### MTL_TEX MIP-NATIVE result attempt=107 tex=0x601e36e00 class=AGXG13GFamilyTexture
#### MTL_TEX MIP-NATIVE result attempt=108 tex=0x601e37300 class=AGXG13GFamilyTexture
#### MTL_TEX MIP-NATIVE result attempt=109 tex=0x601e37800 class=AGXG13GFamilyTexture
#### MTL_TEX MIP-NATIVE result attempt=110 tex=0x601e37d00 class=AGXG13GFamilyTexture
#### MTL_TEX MIP-NATIVE result attempt=111 tex=0x601e38700 class=AGXG13GFamilyTexture
#### MTL_TEX MIP-NATIVE result attempt=112 tex=0x601e39100 class=AGXG13GFamilyTexture
#### MTL_TEX MIP-NATIVE result attempt=113 tex=0x601e3b400 class=AGXG13GFamilyTexture
#### MTL_TEX MIP-NATIVE result attempt=114 tex=0x601e3b900 class=AGXG13GFamilyTexture
#### MTL_TEX MIP-NATIVE result attempt=115 tex=0x601e3be00 class=AGXG13GFamilyTexture
#### MTL_TEX MIP-NATIVE result attempt=116 tex=0x601e3c300 class=AGXG13GFamilyTexture
#### MTL_TEX MIP-NATIVE result attempt=117 tex=0x601e3c800 class=AGXG13GFamilyTexture
#### MTL_TEX MIP-NATIVE result attempt=118 tex=0x601e3cd00 class=AGXG13GFamilyTexture
#### MTL_TEX MIP-NATIVE result attempt=119 tex=0x601e3d200 class=AGXG13GFamilyTexture
#### MTL_TEX MIP-NATIVE result attempt=120 tex=0x601e3d700 class=AGXG13GFamilyTexture
#### MTL_TEX MIP-NATIVE result attempt=121 tex=0x601e3dc00 class=AGXG13GFamilyTexture
#### MTL_TEX MIP-NATIVE result attempt=122 tex=0x601e3e100 class=AGXG13GFamilyTexture
#### MTL_TEX MIP-NATIVE result attempt=123 tex=0x601e3e600 class=AGXG13GFamilyTexture
#### MTL_TEX MIP-NATIVE result attempt=124 tex=0x601e3eb00 class=AGXG13GFamilyTexture
#### MTL_TEX MIP-NATIVE result attempt=125 tex=0x601e3f000 class=AGXG13GFamilyTexture
#### MTL_TEX MIP-NATIVE result attempt=126 tex=0x601e3f500 class=AGXG13GFamilyTexture
#### MTL_TEX MIP-NATIVE result attempt=127 tex=0x601e3fa00 class=AGXG13GFamilyTexture
#### MTL_TEX MIP-NATIVE result attempt=128 tex=0x601e50000 class=AGXG13GFamilyTexture
#### MTL_TEX MIP-NATIVE result attempt=129 tex=0x601e50500 class=AGXG13GFamilyTexture
#### MTL_TEX MIP-NATIVE result attempt=130 tex=0x601e50a00 class=AGXG13GFamilyTexture
#### MTL_TEX MIP-NATIVE result attempt=131 tex=0x601e50f00 class=AGXG13GFamilyTexture
#### MTL_TEX MIP-NATIVE result attempt=132 tex=0x601e51400 class=AGXG13GFamilyTexture
#### MTL_TEX MIP-NATIVE result attempt=133 tex=0x601e51900 class=AGXG13GFamilyTexture
#### VNC-FINAL candidate #17 tex=0x601b55c80 class=AGXG13GFamilyTexture tex=1024x1024 pf=70 usage=0x7 storage=0 hazard=2 surface=0x600a8a600 1024x1024 bpr=4096
#### MTL_TEX MIP-NATIVE result attempt=134 tex=0x601e51e00 class=AGXG13GFamilyTexture
#### MTL_TEX MIP-NATIVE result attempt=135 tex=0x601e52300 class=AGXG13GFamilyTexture
#### VNC-FINAL candidate #18 tex=0x601b56b80 class=AGXG13GFamilyTexture tex=1024x1024 pf=70 usage=0x7 storage=0 hazard=2 surface=0x600a89f80 1024x1024 bpr=4096
#### MTL_TEX MIP-NATIVE result attempt=136 tex=0x601e52a80 class=AGXG13GFamilyTexture
#### VNC-FINAL candidate #19 tex=0x601b57580 class=AGXG13GFamilyTexture tex=1024x1024 pf=70 usage=0x7 storage=0 hazard=2 surface=0x60003a8c0 1024x1024 bpr=4096
#### MTL_TEX MIP-NATIVE result attempt=137 tex=0x601e52f80 class=AGXG13GFamilyTexture
#### VNC-FINAL candidate #20 tex=0x601b57f80 class=AGXG13GFamilyTexture tex=1024x1024 pf=70 usage=0x7 storage=0 hazard=2 surface=0x6019e1140 1024x1024 bpr=4096
#### MTL_TEX MIP-NATIVE result attempt=138 tex=0x601e53480 class=AGXG13GFamilyTexture
#### VNC-FINAL candidate #21 tex=0x601b55c80 class=AGXG13GFamilyTexture tex=1024x1024 pf=70 usage=0x7 storage=0 hazard=2 surface=0x600a8a600 1024x1024 bpr=4096
#### MTL_TEX MIP-NATIVE result attempt=139 tex=0x601b7c080 class=AGXG13GFamilyTexture
#### VNC-FINAL candidate #22 tex=0x601b56b80 class=AGXG13GFamilyTexture tex=1024x1024 pf=70 usage=0x7 storage=0 hazard=2 surface=0x600a89f80 1024x1024 bpr=4096
#### MTL_TEX MIP-NATIVE result attempt=140 tex=0x601e53e80 class=AGXG13GFamilyTexture
#### VNC-FINAL candidate #23 tex=0x601b57580 class=AGXG13GFamilyTexture tex=1024x1024 pf=70 usage=0x7 storage=0 hazard=2 surface=0x60003a8c0 1024x1024 bpr=4096
#### MTL_TEX MIP-NATIVE result attempt=141 tex=0x601e54380 class=AGXG13GFamilyTexture
#### MTL_TEX MIP-NATIVE result attempt=142 tex=0x601e54880 class=AGXG13GFamilyTexture
#### MTL_TEX MIP-NATIVE result attempt=143 tex=0x601e54d80 class=AGXG13GFamilyTexture
#### MTL_TEX MIP-NATIVE result attempt=144 tex=0x601e55280 class=AGXG13GFamilyTexture
#### MTL_TEX MIP-NATIVE result attempt=145 tex=0x601e55780 class=AGXG13GFamilyTexture
#### MTL_TEX MIP-NATIVE result attempt=146 tex=0x601e55c80 class=AGXG13GFamilyTexture
#### MTL_TEX MIP-NATIVE result attempt=147 tex=0x601e56180 class=AGXG13GFamilyTexture
#### MTL_TEX MIP-NATIVE result attempt=148 tex=0x601e56680 class=AGXG13GFamilyTexture
#### MTL_TEX MIP-NATIVE result attempt=149 tex=0x601e56b80 class=AGXG13GFamilyTexture
#### MTL_TEX MIP-NATIVE result attempt=150 tex=0x601e57080 class=AGXG13GFamilyTexture
#### MTL_TEX MIP-NATIVE result attempt=151 tex=0x601e57580 class=AGXG13GFamilyTexture
#### MTL_TEX MIP-NATIVE result attempt=152 tex=0x601e57a80 class=AGXG13GFamilyTexture
#### MTL_TEX MIP-NATIVE result attempt=153 tex=0x601e57f80 class=AGXG13GFamilyTexture
#### MTL_TEX MIP-NATIVE result attempt=154 tex=0x601e58480 class=AGXG13GFamilyTexture
#### MTL_TEX MIP-NATIVE result attempt=155 tex=0x601e58980 class=AGXG13GFamilyTexture
#### MTL_TEX MIP-NATIVE result attempt=156 tex=0x601e58e80 class=AGXG13GFamilyTexture
#### MTL_TEX MIP-NATIVE result attempt=157 tex=0x601e59380 class=AGXG13GFamilyTexture
#### MTL_TEX MIP-NATIVE result attempt=158 tex=0x601e59880 class=AGXG13GFamilyTexture
#### MTL_TEX MIP-NATIVE result attempt=159 tex=0x601e5a280 class=AGXG13GFamilyTexture
#### MTL_TEX MIP-NATIVE result attempt=160 tex=0x601e5a780 class=AGXG13GFamilyTexture
#### MTL_TEX MIP-NATIVE result attempt=161 tex=0x601e5ac80 class=AGXG13GFamilyTexture
#### MTL_TEX MIP-NATIVE result attempt=162 tex=0x601e5b180 class=AGXG13GFamilyTexture
#### MTL_TEX MIP-NATIVE result attempt=163 tex=0x601e5b680 class=AGXG13GFamilyTexture
#### MTL_TEX MIP-NATIVE result attempt=164 tex=0x601e5bb80 class=AGXG13GFamilyTexture
#### MTL_TEX MIP-NATIVE result attempt=165 tex=0x601e5c080 class=AGXG13GFamilyTexture
#### AGX_LIFE CREATE id=0x3d9 type=0 surf=0 bytes=0x40000 kr=0 okC=1500 failC=0 okD=465 failD=0 unmatchedD=0 full=0 live=1034/418MB [t0=778/257MB t80=5/0MB t82=251/159MB]
#### MTL_TEX MIP-NATIVE result attempt=166 tex=0x601e5c580 class=AGXG13GFamilyTexture
#### MTL_TEX MIP-NATIVE result attempt=167 tex=0x601e5ca80 class=AGXG13GFamilyTexture
#### MTL_TEX MIP-NATIVE result attempt=168 tex=0x601e5cf80 class=AGXG13GFamilyTexture
#### MTL_TEX MIP-NATIVE result attempt=169 tex=0x601e5d480 class=AGXG13GFamilyTexture
#### MTL_TEX MIP-NATIVE result attempt=170 tex=0x601e5d980 class=AGXG13GFamilyTexture
#### MTL_TEX MIP-NATIVE result attempt=171 tex=0x601e5de80 class=AGXG13GFamilyTexture
#### MTL_TEX MIP-NATIVE result attempt=172 tex=0x601e5e380 class=AGXG13GFamilyTexture
#### MTL_TEX MIP-NATIVE result attempt=173 tex=0x601e5e880 class=AGXG13GFamilyTexture
#### MTL_TEX MIP-NATIVE result attempt=174 tex=0x601e5ed80 class=AGXG13GFamilyTexture
#### MTL_TEX MIP-NATIVE result attempt=175 tex=0x601e5f280 class=AGXG13GFamilyTexture
#### AGX_LIFE DESTROY id=0x3b type=0x82 surf=0x10e bytes=0x3d0000 kr=0 okC=1520 failC=0 okD=500 failD=0 unmatchedD=0 full=0 live=1019/369MB [t0=783/258MB t80=5/0MB t82=231/109MB]
#### JIT-MPROTECT flip #10240 ranges=1 prot=RX writers=1 exec_waits=2949 late_retries=60
#### JIT-MPROTECT flip #27648 ranges=1 prot=RX writers=1 exec_waits=7985 late_retries=217
#### APP-INPUT TARGET-REPLY pid=78023 nonce=1 window=10 global=10 flags=0x1 class=NSKVONotifying_ElectronNSWindow menu-surface=NO frame=(0.0,0.0 1194.0x800.0) sent=28 errno=0
#### APP-INPUT RX pid=78023 bytes=52 kind=8 target=78023
#### APP-INPUT MAIN pid=78023 kind=8 target=78023 thread-main=YES
#### APP-INPUT STATE-BRIDGE installed +[NSEvent pressedMouseButtons]
#### APP-INPUT STATE-BRIDGE installed +[NSEvent mouseLocation]
#### APP-INPUT SYSTEM-ACTIVATE-CONTROL pid=78023 active=NO coordination=DIRECT
#### APP-INPUT TARGET-REPLY pid=78023 nonce=2 window=10 global=10 flags=0x9 class=NSKVONotifying_ElectronNSWindow menu-surface=NO frame=(0.0,0.0 1194.0x800.0) sent=28 errno=0
#### APP-INPUT MOUSE-EVENT pid=78023 serial=1 type=1 window=10 local=(227.00,641.00) pressed=0 at=400290.606457
#### APP-INPUT SYSTEM-ACTIVATE pid=78023 window=10 active-before=NO active-after=NO
#### APP-INPUT SYSTEM-ACTIVATE-EVENT pid=78023 window=10 data1=3 data2=0 retained=YES
#### APP-INPUT MOUSE-RETURN pid=78023 serial=1 type=1 pressed=0 elapsed=3.901ms at=400290.610358
#### APP-INPUT MOUSE-EVENT pid=78023 serial=2 type=2 window=10 local=(227.00,641.00) pressed=0 at=400290.613972
#### APP-INPUT MOUSE-RETURN pid=78023 serial=2 type=2 pressed=0 elapsed=0.535ms at=400290.614507
#### MTL_TEX plain DEPTH-STENCIL: pf=253 routing to native AGX path (IOSurface backing is invalid)
#### AGXIOC sel=0x9 type=0 VA-shape +0x38=0x10e9d8000 → 0
#### AGXIOC sel=0x9 type=0 VA-shape detected: args+0x40=0x10e9d8000 (>1GB) → using args+0x48=0x20000 as size, +0x58 0x380888c50 → 0
#### MTL_TEX plain DEPTH-STENCIL native result: 0x601390280 class=AGXG13GFamilyTexture
#### MTL_TEX plain MEMORYLESS native result: 0x60139e600 (class=AGXG13GFamilyTexture storageMode=3 length=999)
#### APP-INPUT TARGET-REPLY pid=78023 nonce=3 window=10 global=10 flags=0xf class=NSKVONotifying_ElectronNSWindow menu-surface=NO frame=(0.0,0.0 1194.0x800.0) sent=28 errno=0
#### NSXPCSharedListener connectToService intercepted (graceful fail)
#### MACWS_AGX_NATIVE pre-loaded IOGPU via /System/Library/PrivateFrameworks/IOGPU.framework/IOGPU -> 0x3ae29cc10
#### MACWS_AGX_NATIVE dlsym(IOGPUResourceCreate) = 0x1a18b60a0
#### MACWS_AGX_NATIVE dlsym(IOGPUMetalCommonResourceCreate) = 0x0
#### MACWS_AGX_NATIVE dlsym(IOGPUDeviceCreateWithAPIProperty) = 0x1a18b40fc
#### MACWS_AGX_NATIVE dlsym(_IOGPUMetalAllocateResource) = 0x0
#### MACWS_AGX_NATIVE dlsym(IOGPUMetalAllocateResource) = 0x0
#### AGX_CLASSREF_DIAG newTexture iosurface alloc class @0x21f009298 = 0x2215b25f0 name=AGXG13GFamilyTexture
#### AGX_CLASSREF_DIAG initImpl method m=0x1ea1c13ad imp=0x1ea1aa284 expected stub=0x1ea1ba880 real=0x1ea1aa284 WHICH=AGXG13GFamilyTexture-real
#### MACWS_AGX_OBJC_AUTDA_PATCH msgSendSuper2=0x1847c5e00 code=0x1847c5e00 autda@0x1847c5e10 insn=0xdac11a30
####   PATCHED autda x16,x17 → xpacd x16 (0xdac11a30 → 0xdac147f0)
#### MACWS_AGX_SEL_DIAG super-init SEL static=0x1cffc6f26 slid=0x1d4726f26 readable=1
####   bytes="initWithDevice:descriptor:iosurface:plane:field:args:argsSize:"
####   sel_registerName(...) = 0x1d4726f26 name="initWithDevice:descriptor:iosurface:plane:field:args:argsSize:"
####   objc_getClass(IOGPUMetalTexture) = 0x1dfd48fb0
####   IOGPUMetalTexture method count = 71
####     - initNewTextureData:
####     - updateBindDataWithAddresses:gpuVirtualAddress:shouldInitMetadata:
####     - initWithBuffer:descriptor:offset:bytesPerRow:
####     - initWithBuffer:descriptor:sysMemOffset:sysMemRowBytes:vidMemSize:vidMemRowBytes:args:argsSize:
####     - initWithBuffer:descriptor:sysMemOffset:sysMemRowBytes:vidMemSize:vidMemRowBytes:args:argsSize:isStrideTexture:
####     - initWithDevice:descriptor:iosurface:plane:field:args:argsSize:
####     - initWithDevice:descriptor:sysMemSize:sysMemRowBytes:vidMemSize:vidMemRowBytes:args:argsSize:
####     - initWithDevice:remoteStorageTexture:args:argsSize:
####     - initWithHeap:resource:offset:length:device:descriptor:
####     - initWithTexture:pixelFormat:
####     - initWithTexture:pixelFormat:textureType:levels:slices:
####     - initWithTexture:pixelFormat:textureType:levels:slices:swizzle:
####     - initWithTextureInternal:pixelFormat:textureType:levels:slices:swizzle:compressedView:
####     - initWithPrimaryBuffer:heapIndex:bufferIndex:bufferOffset:length:descriptor:sysMemRowBytes:vidMemSize:vidMemRowBytes:args:argsSize:
####   AGXTexture super class = 0x0 ((nil))
####   super responds to "initWithDevice:desc:iosurface:plane:" = 0 (Method=0x0)
####   super responds to "initWithDevice:descriptor:iosurface:plane:" = 0 (Method=0x0)
####   super responds to "initWithDevice:descriptor:iosurface:plane:field:args:argsSize:" = 0 (Method=0x0)
####   super responds to "initImplWithDevice:Descriptor:iosurface:plane:buffer:bytesPerRow:allowNPOT:sparsePageSize:isCompressedIOSurface:isHeapBacked:" = 0 (Method=0x0)
#### MACWS_AGX_STUB_FIX objc_msgSendSuper2
####   stub@0x1ea1bdfc0 insns=[d01cf7f1 9132a231 f9400230 d71f0a11]
####   slot@0x2240bbca8 value=0x1847c5e00 sym=objc_msgSendSuper2 base=0x1847bc000 path=/usr/lib/libobjc.A.dylib
####   PATCHED → br 0x1847c5e00 (movz/movk/movk/br)
####   new=[d28bc010 f2b08f90 f2c00030 d61f0200]
#### MACWS_AGX_NATIVE objc_getClass(AGXBuffer) = 0x0
#### MACWS_AGX_NATIVE __objc_classlist: 52 entries
####   classlist[0] = 0x2215b26b8 name=AGXBuffer registered=0x0
####   classlist[1] = 0x2215b22f8 name=AGXG13GFamilyBinaryArchive registered=0x0
####   classlist[2] = 0x2215b2168 name=AGXG13GFamilyBlitContext registered=0x0
####   classlist[3] = 0x2215b17e0 name=AGXG13GFamilyResourceStateContext registered=0x0
####   classlist[4] = 0x2215b1fd8 name=AGXG13GFamilyBuffer registered=0x0
####   classlist[5] = 0x2215b1830 name=AGXG13GFamilyCommandBuffer registered=0x0
#### MACWS_AGX_NATIVE objc_duplicateClass=0x1847ebcb8
#### MACWS_AGX_NATIVE imageinfo=0x21bd1ca58 sz=8
#### PREREGISTER image[634] AGXMetal13_3: 52/52 realized
#### PREREGISTER image[635] GPURawCounter: 6/6 realized
#### MACWS_AGX_NATIVE register pass 0: 0 new (total 58)
#### MACWS_AGX_NATIVE realized 58/52 classes
#### MACWS_AGX_NATIVE AGXBuffer after register: 0x2215b26b8
#### MACWS_AGX_NATIVE [AGXBuffer alloc] = 0x600322400
#### MACWS_AGX_NATIVE swizzled initUntrackedInternalBufferWithDevice:length:options:
#### MACWS_AGX_NATIVE swizzled initWithDevice:length:alignment:options:isSuballocDisabled:resourceInArgs:pinnedGPULocation:
#### MACWS_AGX_NATIVE tracing -[AGXBuffer initWithDevice:options:args:argsSize:] (nil preserved)
#### LIBOBJC dlsym(objc_constructInstance) = 0x1847d2c08
#### LIBOBJC dlsym(_dyld_objc_notify_register) = 0x184b67480
#### LIBOBJC dlsym(_dyld_objc_register_callbacks) = 0x184b69abc
#### LIBOBJC dlsym(objc_readClassPair) = 0x1847d8bdc
#### LIBOBJC dlsym(objc_registerClassPair) = 0x1847c9a3c
#### LIBOBJC dlsym(_objc_realizeClassFromSwift) = 0x1847d8d34
#### LIBOBJC dlsym(objc_addLoadImageFunc) = 0x1847d87c8
#### LIBOBJC dlsym(_objc_init) = 0x1847be004
#### CLASS_DETAIL [0] 0x2215b26b8 name=AGXBuffer super=0x1dfd487e0 (IOGPUMetalBuffer) meta=0
#### CLASS_DETAIL [1] 0x2215b22f8 name=AGXG13GFamilyBinaryArchive super=0x1e00df3b8 (_MTLBinaryArchive) meta=0
#### CLASS_DETAIL [2] 0x2215b2168 name=AGXG13GFamilyBlitContext super=0x1dfd487b8 (IOGPUMetalBlitCommandEncoder) meta=0
#### CLASS_DETAIL [3] 0x2215b17e0 name=AGXG13GFamilyResourceStateContext super=0x1dfd48f88 (IOGPUMetalResourceStateCommandEncoder) meta=0
#### CLASS_DETAIL [4] 0x2215b1fd8 name=AGXG13GFamilyBuffer super=0x2215b26b8 (AGXBuffer) meta=0
#### CLASS_DETAIL [5] 0x2215b1830 name=AGXG13GFamilyCommandBuffer super=0x1dfd48830 (IOGPUMetalCommandBuffer) meta=0
#### CLASS_DETAIL [6] 0x2215b2208 name=AGXG13GFamilyCommandQueue super=0x1dfd488d0 (IOGPUMetalCommandQueue) meta=0
#### CLASS_DETAIL [7] 0x2215b2118 name=AGXG13GFamilyComputePipeline super=0x1e00ddd88 (_MTLComputePipelineState) meta=0
#### CLASS_DETAIL [8] 0x2215b20c8 name=AGXG13GFamilyDeadlineProfile super=0x1dfb5ae70 (NSObject) meta=0
#### CLASS_DETAIL [9] 0x2215b18d0 name=AGXG13GFamilyDebugContext super=0x1dfd48970 (IOGPUMetalDebugCommandEncoder) meta=0
#### CLASS_DETAIL [10] 0x2215b2000 name=AGXG13GFamilyDepthStencilState super=0x1e00dddb0 (_MTLDepthStencilState) meta=0
#### CLASS_DETAIL [11] 0x2215b22d0 name=AGXG13GFamilyDynamicLibrary super=0x1e00dfdb8 (_MTLDynamicLibrary) meta=0
#### CLASS_DETAIL [12] 0x2215b21b8 name=AGXG13GFamilyComputeContext super=0x1dfd48948 (IOGPUMetalComputeCommandEncoder) meta=0
#### CLASS_DETAIL [13] 0x2215b1e70 name=AGXG13GFamilyFunctionHandle super=0x1e00df9a8 (_MTLFunctionHandle) meta=0
#### CLASS_DETAIL [14] 0x2215b22a8 name=AGXG13GFamilyHeap super=0x1dfd48bf0 (IOGPUMetalHeap) meta=0
#### CLASS_DETAIL [15] 0x2215b2280 name=AGXG13GFamilySparseHeap super=0x1e00e0e48 (_MTLHeap) meta=0
#### MACWS_AGX_NATIVE __objc_classrefs: 105 entries, 0 null
####   class AGXBuffer = 0x2215b26b8
####   class AGXCommandQueue = 0x0
####   class AGXCommandBuffer = 0x0
####   class AGXMetalCommandQueue = 0x0
####   class AGXMetalCommandBuffer = 0x0
####   class AGXMetalBuffer = 0x0
####   class AGXMetalTexture = 0x0
####   class AGXMetalHeap = 0x0
####   class AGXMetalResource = 0x0
####   class AGXMetalDevice = 0x0
####   class AGXMetalFence = 0x0
####   class AGXTexture = 0x2215b2708
####   class IOGPUMetalBuffer = 0x1dfd487e0
####   class IOGPUMetalCommandBuffer = 0x1dfd48830
####   class IOGPUMetalCommandQueue = 0x1dfd488d0
####   class IOGPUMetalDevice = 0x1dfd489c0
####   class IOGPUMetalHeap = 0x1dfd48bf0
####   class IOGPUMetalResource = 0x1dfd48ec0
####   class IOGPUMetalTexture = 0x1dfd48fb0
####   class IOGPUMetalFence = 0x1dfd48b50
####   class IOGPUMTLLateEvalEvent = 0x1e01fbc70
#### CLASSREF [0] @0x21f009250 -> 0x1e00dd428 name=MTLCompiler
#### CLASSREF [1] @0x21f009258 -> 0x1dfb796e0 name=NSDictionary
#### CLASSREF [2] @0x21f009260 -> 0x1dfb80348 name=NSError
#### CLASSREF [3] @0x21f009268 -> 0x2215b24b0 name=AGXG13GFamilyComputeOrFragmentOrTileProgram
#### CLASSREF [4] @0x21f009270 -> 0x2215b24d8 name=AGXG13GFamilyFragmentProgram
#### CLASSREF [5] @0x21f009278 -> 0x2215b2550 name=AGXG13GFamilyVertexProgram
#### CLASSREF [6] @0x21f009280 -> 0x1dfb79848 name=NSMutableDictionary
#### CLASSREF [7] @0x21f009288 -> 0x2215b25a0 name=AGXG13GFamilyTileProgram
#### CLASSREF [8] @0x21f009290 -> 0x2215b2578 name=AGXG13GFamilyComputeProgram
#### CLASSREF [9] @0x21f009298 -> 0x2215b25f0 name=AGXG13GFamilyTexture
#### CLASSREF [10] @0x21f0092a0 -> 0x1e00ddbd0 name=MTLTextureDescriptor
#### CLASSREF [11] @0x21f0092a8 -> 0x2215b2168 name=AGXG13GFamilyBlitContext
#### CLASSREF [12] @0x21f0092b0 -> 0x2215b17e0 name=AGXG13GFamilyResourceStateContext
#### CLASSREF [13] @0x21f0092b8 -> 0x2215b1d58 name=AGXG13GFamilyRayTracingGPUBuilder
#### CLASSREF [14] @0x21f0092c0 -> 0x2215b2190 name=AGXG13GFamilyRenderContext
#### CLASSREF [15] @0x21f0092c8 -> 0x2215b21b8 name=AGXG13GFamilyComputeContext
#### CLASSREF [16] @0x21f0092d0 -> 0x2215b21e0 name=AGXG13GFamilyThreadedRenderPass
#### CLASSREF [17] @0x21f0092d8 -> 0x2215b1dd0 name=AGXG13GFamilySampledRenderContext
#### CLASSREF [18] @0x21f0092e0 -> 0x2215b1e98 name=AGXG13GFamilySampledComputeContext
#### CLASSREF [19] @0x21f0092e8 -> 0x1dfb79668 name=NSData
#### CLASSREF [20] @0x21f0092f0 -> 0x2215b1830 name=AGXG13GFamilyCommandBuffer
#### CLASSREF [21] @0x21f0092f8 -> 0x1e00e01c8 name=_MTLProgramAddressTableMappedBinary
#### CLASSREF [22] @0x21f009300 -> 0x1e00e0178 name=_MTLPipelineStateBinary
#### CLASSREF [23] @0x21f009308 -> 0x1dfb795a0 name=NSArray
#### MACWS_GOT AGXMetal13_3: symtab=8331 syms, strtab=461166853 bytes, indirect=555 entries
####   sect[0] __DATA_CONST,__got type=0 entries=97 indirect_start=228 auth=0
####   bind[1] _MTLCommonCounterSetTimestamp -> 0x1d883d290 (slot=0x21bd1b9e0 auth=0)
####   bind[2] _MTLCommonCounterTimestamp -> 0x1d883d1a0 (slot=0x21bd1b9e8 auth=0)
####   bind[3] _MTLCompileTimeStatisticsKeyBackend -> 0x1dd3f0f60 (slot=0x21bd1b9f0 auth=0)
####   bind[4] _MTLCompileTimeStatisticsKeyCachedFunction -> 0x1dd3f0f10 (slot=0x21bd1b9f8 auth=0)
####   bind[5] _MTLCompileTimeStatisticsKeyCompilerTotal -> 0x1dd3f0f48 (slot=0x21bd1ba00 auth=0)
####   bind[6] _MTLCompileTimeStatisticsKeyDriverTotal -> 0x1dd3f0f40 (slot=0x21bd1ba08 auth=0)
####   bind[7] _MTLCompileTimeStatisticsKeyFunctionName -> 0x1dd3f0f08 (slot=0x21bd1ba10 auth=0)
####   bind[8] _MTLCompileTimeStatisticsKeyMTLCompilerService -> 0x1dd3f0f20 (slot=0x21bd1ba18 auth=0)
####   bind[9] _MTLCompileTimeStatisticsKeyOptimization -> 0x1dd3f0f58 (slot=0x21bd1ba20 auth=0)
####   bind[10] _MTLCompileTimeStatisticsKeyPipelineTotal -> 0x1dd3f0f18 (slot=0x21bd1ba28 auth=0)
####   bind[11] _MTLCompileTimeStatisticsKeyPipelinesCompute -> 0x1dd3efe30 (slot=0x21bd1ba30 auth=0)
####   IOGPU-CRITICAL _OBJC_IVAR_$_IOGPUMTLLateEvalEvent._eventName = 0x1dd8d29d0 (slot=0x21bd1bb28 auth=0)
####   IOGPU-CRITICAL _OBJC_IVAR_$_IOGPUMetalBuffer._primaryBuffer = 0x1dd8d291c (slot=0x21bd1bb30 auth=0)
####   IOGPU-CRITICAL _OBJC_IVAR_$_IOGPUMetalCommandQueue._commandQueue = 0x1dd8d2960 (slot=0x21bd1bb38 auth=0)
####   IOGPU-CRITICAL _OBJC_IVAR_$_IOGPUMetalDevice._segmentByteThreshold = 0x1dd8d2a2c (slot=0x21bd1bb40 auth=0)
####   IOGPU-CRITICAL _OBJC_IVAR_$_IOGPUMetalFence._fenceIndex = 0x1dd8d2aa8 (slot=0x21bd1bb48 auth=0)
####   IOGPU-CRITICAL _OBJC_IVAR_$_IOGPUMetalHeap._resource = 0x1dd8d2ac4 (slot=0x21bd1bb50 auth=0)
####   IOGPU-CRITICAL _OBJC_IVAR_$_IOGPUMetalResource._res = 0x1dd8d2af4 (slot=0x21bd1bb58 auth=0)
####   IOGPU-CRITICAL _OBJC_IVAR_$_IOGPUMetalTexture._arrayLength = 0x1dd8d2b38 (slot=0x21bd1bb60 auth=0)
####   IOGPU-CRITICAL _OBJC_IVAR_$_IOGPUMetalTexture._depth = 0x1dd8d2b34 (slot=0x21bd1bb68 auth=0)
####   IOGPU-CRITICAL _OBJC_IVAR_$_IOGPUMetalTexture._height = 0x1dd8d2b30 (slot=0x21bd1bb70 auth=0)
####   IOGPU-CRITICAL _OBJC_IVAR_$_IOGPUMetalTexture._isCompressed = 0x1dd8d2b54 (slot=0x21bd1bb78 auth=0)
####   IOGPU-CRITICAL _OBJC_IVAR_$_IOGPUMetalTexture._mipmapLevelCount = 0x1dd8d2b3c (slot=0x21bd1bb80 auth=0)
####   IOGPU-CRITICAL _OBJC_IVAR_$_IOGPUMetalTexture._numFaces = 0x1dd8d2b8c (slot=0x21bd1bb88 auth=0)
####   IOGPU-CRITICAL _OBJC_IVAR_$_IOGPUMetalTexture._parentTexture = 0x1dd8d2b58 (slot=0x21bd1bb90 auth=0)
####   IOGPU-CRITICAL _OBJC_IVAR_$_IOGPUMetalTexture._pixelFormat = 0x1dd8d2b28 (slot=0x21bd1bb98 auth=0)
####   IOGPU-CRITICAL _OBJC_IVAR_$_IOGPUMetalTexture._sampleCount = 0x1dd8d2b40 (slot=0x21bd1bba0 auth=0)
####   IOGPU-CRITICAL _OBJC_IVAR_$_IOGPUMetalTexture._textureType = 0x1dd8d2b24 (slot=0x21bd1bba8 auth=0)
####   IOGPU-CRITICAL _OBJC_IVAR_$_IOGPUMetalTexture._width = 0x1dd8d2b2c (slot=0x21bd1bbb0 auth=0)
####   sect[7] __AUTH_CONST,__auth_got type=0 entries=230 indirect_start=325 auth=1
####   IOGPU-CRITICAL _IOGPUCommandQueueGetConnect = 0x1a18b5b88 (slot=0x222f67448 auth=1)
####   IOGPU-CRITICAL _IOGPUCommandQueueGetID = 0x1a18b5bd0 (slot=0x222f67450 auth=1)
####   IOGPU-CRITICAL _IOGPUDeviceGetConnect = 0x1a18b4654 (slot=0x222f67458 auth=1)
####   IOGPU-CRITICAL _IOGPUDeviceGetNextGlobalTraceID = 0x1a18b47f0 (slot=0x222f67460 auth=1)
####   IOGPU-CRITICAL _IOGPUDeviceTraceEvent = 0x1a18b48bc (slot=0x222f67468 auth=1)
####   IOGPU-CRITICAL _IOGPUMetalCommandBufferStorageBeginKernelCommands = 0x1a18a4ad8 (slot=0x222f67470 auth=1)
####   IOGPU-CRITICAL _IOGPUMetalCommandBufferStorageEndKernelCommands = 0x1a18a4c2c (slot=0x222f67478 auth=1)
####   IOGPU-CRITICAL _IOGPUResourceListAddResource = 0x1a18b71c8 (slot=0x222f67480 auth=1)
####   IOGPU-CRITICAL _IOGPUResourceListMerge = 0x1a18b7278 (slot=0x222f67488 auth=1)
####   IOGPU-CRITICAL _IOGPUResourceListMergeLists = 0x1a18b7354 (slot=0x222f67490 auth=1)
####   bind[131] _IOSurfaceGetAddressFormatOfPlane -> 0x102c15a78 (slot=0x222f674c8 auth=1 FORCE)
####   bind[133] _IOSurfaceGetBaseAddressOfPlane -> 0x102c15958 (slot=0x222f674d8 auth=1 FORCE)
####   bind[135] _IOSurfaceGetBytesPerRowOfPlane -> 0x102c1541c (slot=0x222f674e8 auth=1 FORCE)
####   bind[136] _IOSurfaceGetBytesPerTileDataOfPlane -> 0x102c15510 (slot=0x222f674f0 auth=1 FORCE)
####   bind[141] _IOSurfaceGetCompressionTypeOfPlane -> 0x102c15134 (slot=0x222f67518 auth=1 FORCE)
####   bind[142] _IOSurfaceGetHeightInCompressedTilesOfPlane -> 0x102c15234 (slot=0x222f67520 auth=1 FORCE)
####   bind[145] _IOSurfaceGetWidthInCompressedTilesOfPlane -> 0x102c15328 (slot=0x222f67538 auth=1 FORCE)
####   bind[286] _objc_alloc -> 0x102c14dc8 (slot=0x222f679c0 auth=1 FORCE)
####   IOGPU-CRITICAL _objc_autoreleasePoolPop = 0x1847c8a7c (slot=0x222f679d8 auth=1)
####   IOGPU-CRITICAL _objc_autoreleasePoolPush = 0x1847c8934 (slot=0x222f679e0 auth=1)
#### MACWS_GOT AGXMetal13_3: indirect_slots=327 patched=323 failed=0
#### MACWS_AGX_NATIVE __auth_got section NOT FOUND
#### MACWS_AGX_NATIVE __got: 97 entries, 0 null, 97 non-null
#### MACWS_AGX_NATIVE dlopen AGXMetal13_3 OK h=0x3ae2fb950
#### MACWS_AGX_NATIVE +[NSBundle bundleWithPath:AGXMetal13_3.bundle] = 0x60337b460 id=com.apple.AGXMetal13-3
#### MACWS_AGX_NATIVE bundle loadAndReturnError: 1 (err=nil) loaded=1
#### MACWS_AGX_NATIVE bundle pathForResource:ds.g13g = /System/Library/Extensions/AGXMetal13_3.bundle/Contents/Resources/ds.g13g
#### MACWS_AGX_NATIVE getMetalPluginClassForService: returning class AGXG13GFamilyDevice = 0x2215b20f0
#### CBRI_HOOK: installed (orig=0x1a18a2d84)
#### MACWS-NEW-EVENT adapter installed deviceClass=AGXG13GFamilyDevice owner=IOGPUMetalDevice orig=0x1a18a9ef4 added=1
#### MACWS_AGX_NATIVE class_addMethod(AGXG13GFamilyDevice, initWithAcceleratorPort:) = 1
#### MACWS_AGX_NATIVE memoryless witness installed class=AGXG13GFamilyDevice original=0x1e9eb68a8
#### MACWS_AGX_NATIVE memoryless witness total=1 (original results preserved)
#### MACWS_AGX_NATIVE tile-pipeline probe wrapped AGXG13GFamilyDevice (orig=0x1e9e955e4)
#### MACWS_AGX_NATIVE tile-pipeline probe: 1 class(es) wrapped
#### MACWS_AGX_NATIVE nil-guard wrapped setFragmentTexture:atIndex: on AGXG13GFamilyRenderContext (orig=0x1e9e489e0)
#### MACWS_AGX_NATIVE nil-guard: class AGXG13GRenderContext NOT registered
#### MACWS_AGX_NATIVE nil-guard: class AGXRenderContext NOT registered
#### MACWS_AGX_NATIVE nil-guard: class AGXG13GComputeContext NOT registered
#### MACWS_AGX_NATIVE nil-guard setFragmentTexture:atIndex:: 1 class(es) wrapped
#### MACWS_AGX_NATIVE nil-guard wrapped setVertexTexture:atIndex: on AGXG13GFamilyRenderContext (orig=0x1e9e4f5e8)
#### MACWS_AGX_NATIVE nil-guard: class AGXG13GRenderContext NOT registered
#### MACWS_AGX_NATIVE nil-guard: class AGXRenderContext NOT registered
#### MACWS_AGX_NATIVE nil-guard: class AGXG13GComputeContext NOT registered
#### MACWS_AGX_NATIVE nil-guard setVertexTexture:atIndex:: 1 class(es) wrapped
#### MACWS_AGX_NATIVE swizzled AGXG13GFamilyDevice newTextureWithDescriptor:iosurface:plane:
#### MACWS_AGX_NATIVE swizzled AGXG13GFamilyDevice newTextureWithDescriptor:
#### MACWS_AGX_NATIVE swizzled -[AGXBuffer initWithDevice:bytes:length:options:deallocator:pinnedGPUAddress:]
#### MACWS_AGX_NATIVE noop'd alertCommandBufferActivityStart
#### MACWS_AGX_NATIVE noop'd alertCommandBufferActivityComplete
#### objc_alloc(AGXG13GFamilyDevice) -> 0x6017eca80
#### MACWS_AGX_NATIVE redirecting AGXG13GFamilyDevice init(port=119355) → 2-arg variant
#### debugbydcmmc IOServiceOpen agx connect=17675 type=0x100001 (requested=0x100005)
#### AGXIOC Struct sel=0x7->0x6 inSC=16 outSC=0 -> 0x1
#### AGXIOC Struct sel=0x5->0x4 inSC=0 outSC=32 -> 0x0
#### AGXIOC AsyncScalar sel=0x107->0x107 inCnt=0 -> 0x0
#### AGX_LIFE CREATE id=0x1 type=0 surf=0 bytes=0x10000 kr=0 okC=1 failC=0 okD=0 failD=0 unmatchedD=0 full=0 live=1/0MB [t0=1/0MB t80=0/0MB t82=0/0MB]
#### AGXIOC heap map #1 clientID 0x10000 -> resourceID 0x1 size 0x10000
####   ResCreate OK type=0 clientID=0 +0x30=0 +0x38=0 +0x40=0x10000 +0x58=0 OUT[+0]=0 OUT[+0x08]=0x1241a0000 OUT[+0x10]=0x1241900c0 OUT[+0x48]=0x10000
####   inStruct[0..104]:
####     00: 00 00 00 00 00 00 00 00 01 00 01 00 01 00 00 00
####     10: 01 01 00 01 30 84 00 00 00 00 00 00 00 00 00 00
####     20: 00 00 00 00 00 00 00 00 00 00 00 00 00 00 00 00
####     30: 00 00 00 00 00 00 00 00 00 00 00 00 00 00 00 00
####     40: 00 00 01 00 00 00 00 00 00 00 00 00 00 00 00 00
####     50: 00 00 00 38 00 00 00 00 00 00 00 00 00 00 00 00
####     60: 00 00 00 00 00 00 00 00
#### MACWS_AGX_NATIVE setupCompiler:0x30010 fired (Device=0x6017eca80)
#### MACWS_AGX_NATIVE memoryless witness #1 instance=0x6017eca80 class=AGXG13GFamilyDevice original=0x1e9eb68a8 -> YES
#### objc_alloc(AGXG13GFamilyCommandQueue) -> 0x60359c300
#### AGXIOC Method sel=0x8->0x7 inCnt=0 inSC=1032 outSC=16 -> 0x0
#### AGXIOC Method sel=0x11->0xf inCnt=2 inSC=0 outSC=16 -> 0x0
#### AGXIOC Method sel=0x1d->0x19 inCnt=2 inSC=0 outSC=0 -> 0x0
#### AGXIOC Method sel=0x1f->0x1b inCnt=1 inSC=12 outSC=0 -> 0x0
#### objc_alloc(AGXBuffer) -> 0x602d13600
#### AGXIOC type0 exact initFull length: +0x58=0xc00000000 low32=0 -> +0x40=0x180
#### AGX_LIFE CREATE id=0x2 type=0 surf=0 bytes=0x4000 kr=0 okC=2 failC=0 okD=0 failD=0 unmatchedD=0 full=0 live=2/0MB [t0=2/0MB t80=0/0MB t82=0/0MB]
#### AGXIOC heap map #2 clientID 0x4000 -> resourceID 0x2 size 0x180
####   ResCreate OK type=0 clientID=0 +0x30=0x40 +0x38=0 +0x40=0x180 +0x58=0 OUT[+0]=0x1500000000 OUT[+0x08]=0x1241b4000 OUT[+0x10]=0x124190180 OUT[+0x48]=0x4000
####   inStruct[0..104]:
####     00: 00 00 00 00 00 00 00 00 01 00 01 00 01 00 00 00
####     10: 01 01 00 01 70 04 00 00 00 00 00 00 00 00 00 00
####     20: 00 00 00 00 00 00 00 00 00 00 00 00 00 00 00 00
####     30: 40 00 00 00 00 00 00 00 00 00 00 00 00 00 00 00
####     40: 80 01 00 00 00 00 00 00 00 00 00 00 00 00 00 00
####     50: 00 00 00 00 00 00 00 00 00 00 00 00 00 00 00 00
####     60: 00 00 00 00 00 00 00 00
#### TRACE -[AGXBuffer initFull] self=0x602d13600 dev=0x6017eca80 len=384 align=1→64 opt=0 subDis=0→1 resIn=0x16d38f3c8 pin=0x0 -> 0x602d13600
#### TRACE -[AGXBuffer initUntracked] self=0x602d13600 dev=0x6017eca80 len=384 opt=0 -> 0x602d13600
#### objc_alloc(AGXBuffer) -> 0x602d13780
#### AGXIOC type0 exact initFull length: +0x58=0xc00000000 low32=0 -> +0x40=0x180
#### AGX_LIFE CREATE id=0x3 type=0 surf=0 bytes=0x4000 kr=0 okC=3 failC=0 okD=0 failD=0 unmatchedD=0 full=0 live=3/0MB [t0=3/0MB t80=0/0MB t82=0/0MB]
#### AGXIOC heap map #3 clientID 0x4000 -> resourceID 0x3 size 0x180
####   ResCreate OK type=0 clientID=0 +0x30=0x40 +0x38=0 +0x40=0x180 +0x58=0 OUT[+0]=0x1500008000 OUT[+0x08]=0x1241b8000 OUT[+0x10]=0x124190240 OUT[+0x48]=0x4000
####   inStruct[0..104]:
####     00: 00 00 00 00 00 00 00 00 01 00 01 00 01 00 00 00
####     10: 01 01 00 01 70 04 00 00 00 00 00 00 00 00 00 00
####     20: 00 00 00 00 00 00 00 00 00 00 00 00 00 00 00 00
####     30: 40 00 00 00 00 00 00 00 00 00 00 00 00 00 00 00
####     40: 80 01 00 00 00 00 00 00 00 00 00 00 00 00 00 00
####     50: 00 00 00 00 00 00 00 00 00 00 00 00 00 00 00 00
####     60: 00 00 00 00 00 00 00 00
#### TRACE -[AGXBuffer initFull] self=0x602d13780 dev=0x6017eca80 len=384 align=1→64 opt=0 subDis=0→1 resIn=0x16d38f3c8 pin=0x0 -> 0x602d13780
#### TRACE -[AGXBuffer initUntracked] self=0x602d13780 dev=0x6017eca80 len=384 opt=0 -> 0x602d13780
#### objc_alloc(AGXBuffer) -> 0x602d12d00
#### AGXIOC type0 exact initFull length: +0x58=0xc00000000 low32=0 -> +0x40=0x40
#### AGX_LIFE CREATE id=0x4 type=0 surf=0 bytes=0x4000 kr=0 okC=4 failC=0 okD=0 failD=0 unmatchedD=0 full=0 live=4/0MB [t0=4/0MB t80=0/0MB t82=0/0MB]
#### AGXIOC heap map #4 clientID 0x4000 -> resourceID 0x4 size 0x40
####   ResCreate OK type=0 clientID=0 +0x30=0x40 +0x38=0 +0x40=0x40 +0x58=0 OUT[+0]=0x1500010000 OUT[+0x08]=0x1241bc000 OUT[+0x10]=0x124190300 OUT[+0x48]=0x4000
####   inStruct[0..104]:
####     00: 00 00 00 00 00 00 00 00 01 00 01 00 01 00 00 00
####     10: 01 01 00 01 70 04 00 00 00 00 00 00 00 00 00 00
####     20: 00 00 00 00 00 00 00 00 00 00 00 00 00 00 00 00
####     30: 40 00 00 00 00 00 00 00 00 00 00 00 00 00 00 00
####     40: 40 00 00 00 00 00 00 00 00 00 00 00 00 00 00 00
####     50: 00 00 00 00 00 00 00 00 00 00 00 00 00 00 00 00
####     60: 7c 84 a0 84 01 80 75 ef
#### TRACE -[AGXBuffer initFull] self=0x602d12d00 dev=0x6017eca80 len=64 align=1→64 opt=0 subDis=0→1 resIn=0x16d38f3c8 pin=0x0 -> 0x602d12d00
#### TRACE -[AGXBuffer initUntracked] self=0x602d12d00 dev=0x6017eca80 len=64 opt=0 -> 0x602d12d00
#### objc_alloc(AGXBuffer) -> 0x602d12e80
#### AGXIOC type0 exact initFull length: +0x58=0xc00000000 low32=0 -> +0x40=0x2000
#### AGX_LIFE CREATE id=0x5 type=0 surf=0 bytes=0x4000 kr=0 okC=5 failC=0 okD=0 failD=0 unmatchedD=0 full=0 live=5/0MB [t0=5/0MB t80=0/0MB t82=0/0MB]
#### AGXIOC heap map #5 clientID 0x4000 -> resourceID 0x5 size 0x2000
####   ResCreate OK type=0 clientID=0 +0x30=0x40 +0x38=0 +0x40=0x2000 +0x58=0 OUT[+0]=0x1500018000 OUT[+0x08]=0x1241c0000 OUT[+0x10]=0x1241903c0 OUT[+0x48]=0x4000
####   inStruct[0..104]:
####     00: 00 00 00 00 00 00 00 00 01 00 01 00 01 00 00 00
####     10: 01 01 00 01 70 04 00 00 00 00 00 00 00 00 00 00
####     20: 00 00 00 00 00 00 00 00 00 00 00 00 00 00 00 00
####     30: 40 00 00 00 00 00 00 00 00 00 00 00 00 00 00 00
####     40: 00 20 00 00 00 00 00 00 00 00 00 00 00 00 00 00
####     50: 00 00 00 00 00 00 00 00 00 00 00 00 00 00 00 00
####     60: 7c 84 a0 84 01 00 7a af
#### TRACE -[AGXBuffer initFull] self=0x602d12e80 dev=0x6017eca80 len=8192 align=1→64 opt=0 subDis=0→1 resIn=0x16d38f418 pin=0x0 -> 0x602d12e80
#### TRACE -[AGXBuffer initUntracked] self=0x602d12e80 dev=0x6017eca80 len=8192 opt=0 -> 0x602d12e80
#### AGXIOC type0 exact initFull length: +0x58=0xc00000000 low32=0 -> +0x40=0x80
#### AGX_LIFE CREATE id=0x6 type=0 surf=0 bytes=0x4000 kr=0 okC=6 failC=0 okD=0 failD=0 unmatchedD=0 full=0 live=6/0MB [t0=6/0MB t80=0/0MB t82=0/0MB]
#### AGXIOC heap map #6 clientID 0x4000 -> resourceID 0x6 size 0x80
####   ResCreate OK type=0 clientID=0 +0x30=0x40 +0x38=0 +0x40=0x80 +0x58=0 OUT[+0]=0x1500020000 OUT[+0x08]=0x1241c4000 OUT[+0x10]=0x124190480 OUT[+0x48]=0x4000
####   inStruct[0..104]:
####     00: 00 00 00 00 00 00 00 00 01 00 01 00 01 00 00 00
####     10: 01 01 00 01 70 04 00 00 00 00 00 00 00 00 00 00
####     20: 00 00 00 00 00 00 00 00 00 00 00 00 00 00 00 00
####     30: 40 00 00 00 00 00 00 00 00 00 00 00 00 00 00 00
####     40: 80 00 00 00 00 00 00 00 00 00 00 00 00 00 00 00
####     50: 00 00 00 00 00 00 00 00 00 00 00 00 00 00 00 00
####     60: 01 00 00 00 00 00 00 00
#### TRACE -[AGXBuffer initFull] self=0x602d13000 dev=0x6017eca80 len=128 align=1→64 opt=0 subDis=0→1 resIn=0x16d38f408 pin=0x0 -> 0x602d13000
#### TRACE -[AGXBuffer initUntracked] self=0x602d13000 dev=0x6017eca80 len=128 opt=0 -> 0x602d13000
#### AGXIOC type0 exact initFull length: +0x58=0xc00000000 low32=0 -> +0x40=0x100
#### AGX_LIFE CREATE id=0x7 type=0 surf=0 bytes=0x4000 kr=0 okC=7 failC=0 okD=0 failD=0 unmatchedD=0 full=0 live=7/0MB [t0=7/0MB t80=0/0MB t82=0/0MB]
#### AGXIOC heap map #7 clientID 0x4000 -> resourceID 0x7 size 0x100
####   ResCreate OK type=0 clientID=0 +0x30=0x40 +0x38=0 +0x40=0x100 +0x58=0 OUT[+0]=0x1500028000 OUT[+0x08]=0x1241c8000 OUT[+0x10]=0x124190540 OUT[+0x48]=0x4000
####   inStruct[0..104]:
####     00: 00 00 00 00 00 00 00 00 01 00 01 00 01 00 00 00
####     10: 01 01 00 01 70 04 00 00 00 00 00 00 00 00 00 00
####     20: 00 00 00 00 00 00 00 00 00 00 00 00 00 00 00 00
####     30: 40 00 00 00 00 00 00 00 00 00 00 00 00 00 00 00
####     40: 00 01 00 00 00 00 00 00 00 00 00 00 00 00 00 00
####     50: 00 00 00 00 00 00 00 00 00 00 00 00 00 00 00 00
####     60: 01 00 00 00 00 00 00 00
#### TRACE -[AGXBuffer initFull] self=0x602d13180 dev=0x6017eca80 len=256 align=1→64 opt=0 subDis=0→1 resIn=0x16d38f408 pin=0x0 -> 0x602d13180
#### TRACE -[AGXBuffer initUntracked] self=0x602d13180 dev=0x6017eca80 len=256 opt=0 -> 0x602d13180
#### AGXIOC type0 exact initFull length: +0x58=0xc00000000 low32=0 -> +0x40=0x100
#### AGX_LIFE CREATE id=0x8 type=0 surf=0 bytes=0x4000 kr=0 okC=8 failC=0 okD=0 failD=0 unmatchedD=0 full=0 live=8/0MB [t0=8/0MB t80=0/0MB t82=0/0MB]
#### AGXIOC heap map #8 clientID 0x4000 -> resourceID 0x8 size 0x100
####   ResCreate OK type=0 clientID=0 +0x30=0x40 +0x38=0 +0x40=0x100 +0x58=0 OUT[+0]=0x1500030000 OUT[+0x08]=0x1241cc000 OUT[+0x10]=0x124190600 OUT[+0x48]=0x4000
####   inStruct[0..104]:
####     00: 00 00 00 00 00 00 00 00 01 00 01 00 01 00 00 00
####     10: 01 01 00 01 70 04 00 00 00 00 00 00 00 00 00 00
####     20: 00 00 00 00 00 00 00 00 00 00 00 00 00 00 00 00
####     30: 40 00 00 00 00 00 00 00 00 00 00 00 00 00 00 00
####     40: 00 01 00 00 00 00 00 00 00 00 00 00 00 00 00 00
####     50: 00 00 00 00 00 00 00 00 00 00 00 00 00 00 00 00
####     60: 01 00 00 00 00 00 00 00
#### TRACE -[AGXBuffer initFull] self=0x602d12700 dev=0x6017eca80 len=256 align=1→64 opt=0 subDis=0→1 resIn=0x16d38f408 pin=0x0 -> 0x602d12700
#### TRACE -[AGXBuffer initUntracked] self=0x602d12700 dev=0x6017eca80 len=256 opt=0 -> 0x602d12700
#### AGXIOC type0 exact initFull length: +0x58=0xc00000000 low32=0 -> +0x40=0x100
#### AGX_LIFE CREATE id=0x9 type=0 surf=0 bytes=0x4000 kr=0 okC=9 failC=0 okD=0 failD=0 unmatchedD=0 full=0 live=9/0MB [t0=9/0MB t80=0/0MB t82=0/0MB]
#### AGXIOC heap map #9 clientID 0x4000 -> resourceID 0x9 size 0x100
####   ResCreate OK type=0 clientID=0 +0x30=0x40 +0x38=0 +0x40=0x100 +0x58=0 OUT[+0]=0x1500038000 OUT[+0x08]=0x1241d0000 OUT[+0x10]=0x1241906c0 OUT[+0x48]=0x4000
####   inStruct[0..104]:
####     00: 00 00 00 00 00 00 00 00 01 00 01 00 01 00 00 00
####     10: 01 01 00 01 70 04 00 00 00 00 00 00 00 00 00 00
####     20: 00 00 00 00 00 00 00 00 00 00 00 00 00 00 00 00
####     30: 40 00 00 00 00 00 00 00 00 00 00 00 00 00 00 00
####     40: 00 01 00 00 00 00 00 00 00 00 00 00 00 00 00 00
####     50: 00 00 00 00 00 00 00 00 00 00 00 00 00 00 00 00
####     60: 01 00 00 00 00 00 00 00
#### TRACE -[AGXBuffer initFull] self=0x60032b880 dev=0x6017eca80 len=256 align=1→64 opt=0 subDis=0→1 resIn=0x16d38f408 pin=0x0 -> 0x60032b880
#### TRACE -[AGXBuffer initUntracked] self=0x60032b880 dev=0x6017eca80 len=256 opt=0 -> 0x60032b880
#### AGX_LIFE CREATE id=0xa type=0 surf=0 bytes=0x10000 kr=0 okC=10 failC=0 okD=0 failD=0 unmatchedD=0 full=0 live=10/0MB [t0=10/0MB t80=0/0MB t82=0/0MB]
#### AGXIOC heap map #10 clientID 0x10000 -> resourceID 0xa size 0x10000
####   ResCreate OK type=0 clientID=0 +0x30=0 +0x38=0 +0x40=0x10000 +0x58=0 OUT[+0]=0x1500040000 OUT[+0x08]=0x1241d4000 OUT[+0x10]=0x124190780 OUT[+0x48]=0x10000
####   inStruct[0..104]:
####     00: 00 00 00 00 00 00 00 00 01 00 01 00 01 00 00 00
####     10: 01 01 00 01 30 04 00 00 00 00 00 00 00 00 00 00
####     20: 00 00 00 00 00 00 00 00 00 00 00 00 00 00 00 00
####     30: 00 00 00 00 00 00 00 00 00 00 00 00 00 00 00 00
####     40: 00 00 01 00 00 00 00 00 00 00 00 00 00 00 00 00
####     50: 00 00 00 08 00 00 00 00 00 00 00 00 00 00 00 00
####     60: 00 00 00 00 00 00 00 00
#### AGXIOC type0 exact initFull length: +0x58=0xc00000000 low32=0 -> +0x40=0x2000
#### AGX_LIFE CREATE id=0xb type=0 surf=0 bytes=0x4000 kr=0 okC=11 failC=0 okD=0 failD=0 unmatchedD=0 full=0 live=11/0MB [t0=11/0MB t80=0/0MB t82=0/0MB]
#### AGXIOC heap map #11 clientID 0x4000 -> resourceID 0xb size 0x2000
####   ResCreate OK type=0 clientID=0 +0x30=0x40 +0x38=0 +0x40=0x2000 +0x58=0 OUT[+0]=0x1500058000 OUT[+0x08]=0x1241e4000 OUT[+0x10]=0x124190840 OUT[+0x48]=0x4000
####   inStruct[0..104]:
####     00: 00 00 00 00 00 00 00 00 01 00 01 00 01 00 00 00
####     10: 01 01 00 01 70 04 00 00 00 00 00 00 00 00 00 00
####     20: 00 00 00 00 00 00 00 00 00 00 00 00 00 00 00 00
####     30: 40 00 00 00 00 00 00 00 00 00 00 00 00 00 00 00
####     40: 00 20 00 00 00 00 00 00 00 00 00 00 00 00 00 00
####     50: 00 00 00 00 00 00 00 00 00 00 00 00 00 00 00 00
####     60: cc 2e 3a dc 65 17 f8 ac
#### TRACE -[AGXBuffer initFull] self=0x60032b700 dev=0x6017eca80 len=8192 align=1→64 opt=0 subDis=0→1 resIn=0x16d38f168 pin=0x0 -> 0x60032b700
#### TRACE -[AGXBuffer initUntracked] self=0x60032b700 dev=0x6017eca80 len=8192 opt=0 -> 0x60032b700
#### AGXIOC type0 exact initFull length: +0x58=0xc00000000 low32=0 -> +0x40=0x80
#### AGXIOC sel=0x9 type=0 args+0x14=0x2470 → 0x470 (stripped macOS-only bits 0x2800)
#### AGX_LIFE CREATE id=0xc type=0 surf=0 bytes=0x4000 kr=0 okC=12 failC=0 okD=0 failD=0 unmatchedD=0 full=0 live=12/0MB [t0=12/0MB t80=0/0MB t82=0/0MB]
#### AGXIOC heap map #12 clientID 0x4000 -> resourceID 0xc size 0x80
####   ResCreate OK type=0 clientID=0 +0x30=0x40 +0x38=0 +0x40=0x80 +0x58=0 OUT[+0]=0x1500060000 OUT[+0x08]=0x1241e8000 OUT[+0x10]=0x124190900 OUT[+0x48]=0x4000
####   inStruct[0..104]:
####     00: 00 00 00 00 00 00 00 00 01 00 01 00 01 00 00 00
####     10: 01 01 00 01 70 04 00 00 00 00 00 00 00 00 00 00
####     20: 00 00 00 00 00 00 00 00 00 00 00 00 00 00 00 00
####     30: 40 00 00 00 00 00 00 00 00 00 00 00 00 00 00 00
####     40: 80 00 00 00 00 00 00 00 00 00 00 00 00 00 00 00
####     50: 00 00 00 00 00 00 00 00 00 00 00 00 00 00 00 00
####     60: 00 00 00 00 00 00 00 00
#### TRACE -[AGXBuffer initFull] self=0x60032ae00 dev=0x6017eca80 len=128 align=1→64 opt=32 subDis=0→1 resIn=0x16d38f448 pin=0x0 -> 0x60032ae00
#### TRACE -[AGXBuffer initUntracked] self=0x60032ae00 dev=0x6017eca80 len=128 opt=32 -> 0x60032ae00
#### AGXIOC Method sel=0x1f->0x1b inCnt=1 inSC=12 outSC=0 -> 0x0
#### APP-INPUT GLOBAL-WINDOW pid=78023 number=10 class=NSKVONotifying_ElectronNSWindow frame=(0.0,0.0 1194.0x800.0)
#### APP-INPUT MOUSE-EVENT pid=78023 serial=3 type=5 window=10 local=(227.00,641.00) pressed=0 at=400291.118052
#### APP-INPUT MOUSE-RETURN pid=78023 serial=3 type=5 pressed=0 elapsed=0.568ms at=400291.118620
#### APP-INPUT FRONT-UI pid=78023 phase=direct before=OWNED get=0 same=0 psn=0-0x2002 current=0:0-0x2002 sky-set=0 steal-key=0 window=19 key-before=0:1:0-0x2002 key-after=0:1:0-0x2002 asn=0x40005d6a0 ls-set=0 ls-menu-owner=0 menu=0x60313c6c0 impl=0x601e81100 install=CARBON recalc=CALLED unobscure=CALLED after=OWNED get=0 same=0 psn=0-0x2002
#### APP-INPUT SYSTEM-ACTIVATE-SETTLED pid=78023 active=YES lifecycle-rebuilt=NO missing-event=NO front-owner=YES
#### APP-INPUT TARGET-REPLY pid=78023 nonce=4 window=19 global=19 flags=0xf class=NSKVONotifying__NSAlertPanel menu-surface=NO frame=(467.0,422.0 260.0x246.0) sent=28 errno=0
#### APP-INPUT MOUSE-EVENT pid=78023 serial=4 type=1 window=19 local=(2.00,112.00) pressed=0 at=400313.973863
#### APP-INPUT MOUSE-RETURN pid=78023 serial=4 type=1 pressed=0 elapsed=0.404ms at=400313.974267
#### APP-INPUT MOUSE-EVENT pid=78023 serial=5 type=2 window=19 local=(2.00,112.00) pressed=0 at=400313.974421
#### APP-INPUT MOUSE-RETURN pid=78023 serial=5 type=2 pressed=0 elapsed=0.042ms at=400313.974463
#### APP-INPUT TARGET-REPLY pid=78023 nonce=5 window=19 global=19 flags=0xf class=NSKVONotifying__NSAlertPanel menu-surface=NO frame=(467.0,422.0 260.0x246.0) sent=28 errno=0
#### APP-INPUT TARGET-REPLY pid=78023 nonce=6 window=19 global=19 flags=0xf class=NSKVONotifying__NSAlertPanel menu-surface=NO frame=(467.0,422.0 260.0x246.0) sent=28 errno=0
#### APP-INPUT GLOBAL-WINDOW pid=78023 number=19 class=NSKVONotifying__NSAlertPanel frame=(467.0,422.0 260.0x246.0)
#### APP-INPUT MOUSE-EVENT pid=78023 serial=6 type=5 window=19 local=(2.00,112.00) pressed=0 at=400313.980080
#### APP-INPUT MOUSE-RETURN pid=78023 serial=6 type=5 pressed=0 elapsed=0.132ms at=400313.980212
#### APP-INPUT RX pid=78023 bytes=52 kind=11 target=78023
#### APP-INPUT KEY-POST pid=78023 kind=11 keycode=36 keysym=0xff0d modifiers=0x100 window=19 route=QUEUE delivery=CG-WRAP event-ref=0x600178400 chars-length=1
#### APP-INPUT KEY-EVENT pid=78023 serial=1 type=10 keycode=36 chars= active=YES window=19 responder=NSKVONotifying__NSAlertPanel at=400339.666594
#### IOSURFACE-RELEASE-ABI pair #2: conn=117255 surfaceID=273 sel=1 -> 0
#### APP-INPUT KEY-RETURN pid=78023 serial=1 elapsed=11.214ms active=YES responder=NSKVONotifying__NSAlertPanel has-string=NO length=0
#### MTL_TEX plain DEPTH-STENCIL: pf=253 routing to native AGX path (IOSurface backing is invalid)
#### AGXIOC sel=0x9 type=0 VA-shape detected: args+0x40=0x10e9d4000 (>1GB) → using args+0x48=0x20000 as size, +0x58 0x380888c50 → 0
#### MTL_TEX plain DEPTH-STENCIL native result: 0x601397580 class=AGXG13GFamilyTexture
[93m[main 2026-07-29T22:07:49.832Z][0m No ptyHost heartbeat after 6 seconds
#### IOSURFACE-RELEASE-ABI pair #3: conn=117255 surfaceID=294 sel=1 -> 0
#### APP-INPUT RX pid=78023 bytes=52 kind=12 target=78023
#### APP-INPUT KEY-POST pid=78023 kind=12 keycode=36 keysym=0xff0d modifiers=0x100 window=19 route=QUEUE delivery=CG-WRAP event-ref=0x6026aedc0 chars-length=1
#### APP-INPUT KEY-EVENT pid=78023 serial=2 type=11 keycode=36 chars= active=YES window=10 responder=RenderWidgetHostViewCocoa at=400339.819180
#### APP-INPUT KEY-RETURN pid=78023 serial=2 elapsed=0.900ms active=YES responder=RenderWidgetHostViewCocoa has-string=NO length=0
#### APP-INPUT TARGET-REPLY pid=78023 nonce=7 window=10 global=10 flags=0xf class=NSKVONotifying_ElectronNSWindow menu-surface=NO frame=(0.0,0.0 1194.0x800.0) sent=28 errno=0
#### APP-INPUT MOUSE-EVENT pid=78023 serial=7 type=1 window=10 local=(916.00,270.00) pressed=0x1 at=400357.411917
#### APP-INPUT MOUSE-RETURN pid=78023 serial=7 type=1 pressed=0 elapsed=0.737ms at=400357.412654
#### APP-INPUT MOUSE-EVENT pid=78023 serial=8 type=2 window=10 local=(916.00,270.00) pressed=0 at=400357.412902
#### APP-INPUT MOUSE-RETURN pid=78023 serial=8 type=2 pressed=0 elapsed=0.124ms at=400357.413026
#### APP-INPUT TARGET-REPLY pid=78023 nonce=8 window=10 global=10 flags=0xf class=NSKVONotifying_ElectronNSWindow menu-surface=NO frame=(0.0,0.0 1194.0x800.0) sent=28 errno=0
#### APP-INPUT TARGET-REPLY pid=78023 nonce=9 window=10 global=10 flags=0xf class=NSKVONotifying_ElectronNSWindow menu-surface=NO frame=(0.0,0.0 1194.0x800.0) sent=28 errno=0
#### APP-INPUT GLOBAL-WINDOW pid=78023 number=10 class=NSKVONotifying_ElectronNSWindow frame=(0.0,0.0 1194.0x800.0)
#### APP-INPUT MOUSE-EVENT pid=78023 serial=9 type=5 window=10 local=(916.50,269.50) pressed=0 at=400357.418739
#### APP-INPUT MOUSE-RETURN pid=78023 serial=9 type=5 pressed=0 elapsed=29.338ms at=400357.448077
#### MTL_TEX plain DEPTH-STENCIL: pf=253 routing to native AGX path (IOSurface backing is invalid)
#### AGXIOC sel=0x9 type=0 VA-shape detected: args+0x40=0x10e9d4000 (>1GB) → using args+0x48=0x20000 as size, +0x58 0x380888c50 → 0
#### MTL_TEX plain DEPTH-STENCIL native result: 0x601397580 class=AGXG13GFamilyTexture
[91m[main 2026-07-29T22:08:19.053Z][0m [AgentHost:stderr] #### JIT-MPROTECT flip #6144 ranges=1 prot=RX writers=1 exec_waits=1025 late_retries=70

#### APP-INPUT RX pid=78023 bytes=52 kind=11 target=78023
#### APP-INPUT KEY-POST pid=78023 kind=11 keycode=53 keysym=0xff1b modifiers=0x100 window=10 route=QUEUE delivery=FACTORY event-ref=0x0 chars-length=1
#### APP-INPUT KEY-EVENT pid=78023 serial=3 type=10 keycode=53 chars= active=YES window=10 responder=RenderWidgetHostViewCocoa at=400394.559253
#### APP-INPUT KEY-RETURN pid=78023 serial=3 elapsed=5.088ms active=YES responder=RenderWidgetHostViewCocoa has-string=NO length=0
#### AGXIOC sel=0x9 type=0 VA-shape detected: args+0x40=0x11bfcc000 (>1GB) → using args+0x48=0x20000 as size, +0x58 0x380888c50 → 0
#### MTL_TEX plain DEPTH-STENCIL native result: 0x601a78e80 class=AGXG13GFamilyTexture
#### AGX_LIFE DESTROY-UNMATCHED id=0x39 type=0xff surf=0 bytes=0 kr=0 okC=1558 failC=0 okD=531 failD=0 unmatchedD=1 full=0 live=1026/388MB [t0=787/259MB t80=5/0MB t82=234/128MB]
#### MTL_TEX MIP-NATIVE result attempt=176 tex=0x601291680 class=AGXG13GFamilyTexture
#### AGXIOC subres parent 0x20000 -> resourceID 0x5b, base=0x13892be00 span=0x20000
#### MTL_TEX MIP-NATIVE result attempt=177 tex=0x601294880 class=AGXG13GFamilyTexture
#### APP-INPUT RX pid=78023 bytes=52 kind=12 target=78023
#### APP-INPUT KEY-POST pid=78023 kind=12 keycode=53 keysym=0xff1b modifiers=0x100 window=10 route=QUEUE delivery=FACTORY event-ref=0x0 chars-length=1
#### APP-INPUT KEY-EVENT pid=78023 serial=4 type=11 keycode=53 chars= active=YES window=10 responder=RenderWidgetHostViewCocoa at=400394.680864
#### APP-INPUT KEY-RETURN pid=78023 serial=4 elapsed=0.112ms active=YES responder=RenderWidgetHostViewCocoa has-string=NO length=0
#### APP-INPUT RX pid=78023 bytes=52 kind=11 target=78023
#### APP-INPUT KEY-POST pid=78023 kind=11 keycode=53 keysym=0xff1b modifiers=0x100 window=10 route=QUEUE delivery=FACTORY event-ref=0x0 chars-length=1
#### APP-INPUT KEY-EVENT pid=78023 serial=5 type=10 keycode=53 chars= active=YES window=10 responder=RenderWidgetHostViewCocoa at=400394.816467
#### APP-INPUT KEY-RETURN pid=78023 serial=5 elapsed=0.562ms active=YES responder=RenderWidgetHostViewCocoa has-string=NO length=0
#### APP-INPUT RX pid=78023 bytes=52 kind=12 target=78023
#### APP-INPUT KEY-POST pid=78023 kind=12 keycode=53 keysym=0xff1b modifiers=0x100 window=10 route=QUEUE delivery=FACTORY event-ref=0x0 chars-length=1
#### APP-INPUT KEY-EVENT pid=78023 serial=6 type=11 keycode=53 chars= active=YES window=10 responder=RenderWidgetHostViewCocoa at=400394.941401
#### APP-INPUT KEY-RETURN pid=78023 serial=6 elapsed=0.430ms active=YES responder=RenderWidgetHostViewCocoa has-string=NO length=0
#### APP-INPUT KEY-EVENT pid=78023 serial=7 type=11 keycode=53 chars= active=YES window=10 responder=RenderWidgetHostViewCocoa at=400394.942477
#### APP-INPUT KEY-RETURN pid=78023 serial=7 elapsed=0.062ms active=YES responder=RenderWidgetHostViewCocoa has-string=NO length=0
#### AGXIOC Method sel=0x18->0x14 inCnt=0 inSC=0 outSC=0 -> 0x0
#### AGXIOC Method sel=0x18->0x14 inCnt=0 inSC=0 outSC=0 -> 0x0
#### AGXIOC Method sel=0x19->0x15 inCnt=1 inSC=0 outSC=0 -> 0x0
#### AGXIOC Method sel=0x18->0x14 inCnt=0 inSC=0 outSC=0 -> 0x0
#### AGXIOC Method sel=0x19->0x15 inCnt=1 inSC=0 outSC=0 -> 0x0
#### AGXIOC Method sel=0x18->0x14 inCnt=0 inSC=0 outSC=0 -> 0x0
#### AGXIOC Method sel=0x19->0x15 inCnt=1 inSC=0 outSC=0 -> 0x0
#### AGXIOC Method sel=0x19->0x15 inCnt=1 inSC=0 outSC=0 -> 0x0
#### AGXIOC Method sel=0x19->0x15 inCnt=1 inSC=0 outSC=0 -> 0x0
#### JIT-MPROTECT flip #28672 ranges=1 prot=RX writers=1 exec_waits=8033 late_retries=219
#### APP-INPUT RX pid=78023 bytes=52 kind=11 target=78023
#### APP-INPUT KEY-POST pid=78023 kind=11 keycode=53 keysym=0xff1b modifiers=0x100 window=10 route=QUEUE delivery=FACTORY event-ref=0x0 chars-length=1
#### APP-INPUT KEY-EVENT pid=78023 serial=8 type=10 keycode=53 chars= active=YES window=10 responder=RenderWidgetHostViewCocoa at=400395.170819
#### APP-INPUT KEY-RETURN pid=78023 serial=8 elapsed=0.513ms active=YES responder=RenderWidgetHostViewCocoa has-string=NO length=0
#### AGX_SUBMIT_DIAG #541 TEMP-KCMD-ABI-FIX off=0 size=0x1b8->0x1a8 end=0x1e8->0x1d8 moved=0x64 new-total=0x230
#### APP-INPUT RX pid=78023 bytes=52 kind=12 target=78023
#### APP-INPUT KEY-POST pid=78023 kind=12 keycode=53 keysym=0xff1b modifiers=0x100 window=10 route=QUEUE delivery=FACTORY event-ref=0x0 chars-length=1
#### APP-INPUT KEY-EVENT pid=78023 serial=9 type=11 keycode=53 chars= active=YES window=10 responder=RenderWidgetHostViewCocoa at=400395.210068
#### APP-INPUT KEY-RETURN pid=78023 serial=9 elapsed=0.290ms active=YES responder=RenderWidgetHostViewCocoa has-string=NO length=0
#### APP-INPUT KEY-EVENT pid=78023 serial=10 type=11 keycode=53 chars= active=YES window=10 responder=RenderWidgetHostViewCocoa at=400395.214334
#### APP-INPUT KEY-RETURN pid=78023 serial=10 elapsed=0.123ms active=YES responder=RenderWidgetHostViewCocoa has-string=NO length=0
#### AGXIOC Method sel=0x1e->0x1a inCnt=4 inSC=56 outSC=0 -> 0x0
#### AGX_SUBMIT_DIAG #1111 TEMP-KCMD-TRAILING-WRAPPER-FIX match=256 subtype1=0..0x840->0..0x820 wrappers=1 range=0x840..0x858->0x820..0x838
#### AGX_SUBMIT_DIAG #1123 TEMP-KCMD-ABI-FIX off=0 size=0x1b8->0x1a8 end=0x1e8->0x1d8 moved=0x64 new-total=0x230
#### AGX_SUBMIT_DIAG #1761 TEMP-KCMD-ABI-FIX off=0 size=0x1b8->0x1a8 end=0x1e8->0x1d8 moved=0x64 new-total=0x230
#### AGXIOC Method sel=0x1e->0x1a inCnt=4 inSC=56 outSC=0 -> 0x0
#### AGX_SUBMIT_DIAG #2355 TEMP-KCMD-TRAILING-WRAPPER-FIX match=512 subtype1=0..0x840->0..0x820 wrappers=1 range=0x840..0x858->0x820..0x838
#### AGXIOC Method sel=0x1e->0x1a inCnt=4 inSC=56 outSC=0 -> 0x0
#### AGXIOC Method sel=0x1e->0x1a inCnt=4 inSC=56 outSC=0 -> 0x0
#### AGX_SUBMIT_DIAG #4840 TEMP-KCMD-TRAILING-WRAPPER-FIX match=1024 subtype1=0..0x840->0..0x820 wrappers=1 range=0x840..0x858->0x820..0x838
#### JIT-MPROTECT flip #29696 ranges=1 prot=RX writers=1 exec_waits=8040 late_retries=220
#### AGXIOC Method sel=0x1e->0x1a inCnt=4 inSC=56 outSC=0 -> 0x0
#### AGXIOC Method sel=0x18->0x14 inCnt=0 inSC=0 outSC=0 -> 0x0
#### AGXIOC Method sel=0x19->0x15 inCnt=1 inSC=0 outSC=0 -> 0x0
#### AGXIOC Method sel=0x1e->0x1a inCnt=4 inSC=56 outSC=0 -> 0x0
#### AGX_LIFE DESTROY-UNMATCHED id=0x4a type=0xff surf=0 bytes=0 kr=0 okC=1682 failC=0 okD=619 failD=0 unmatchedD=2 full=0 live=1061/442MB [t0=781/242MB t80=6/0MB t82=274/199MB]
#### AGXIOC Method sel=0x1e->0x1a inCnt=4 inSC=56 outSC=0 -> 0x0
#### TRACE -[AGXBuffer initUntracked] self=0x601d90900 dev=0x6001d2000 len=24576 opt=0 -> 0x601d90900
#### TRACE -[AGXBuffer initUntracked] self=0x601a9c900 dev=0x6001d2000 len=24576 opt=0 -> 0x601a9c900
#### TRACE -[AGXBuffer initUntracked] self=0x60192b280 dev=0x6001d2000 len=4096 opt=0 -> 0x60192b280
#### AGXIOC Method sel=0x1e->0x1a inCnt=4 inSC=56 outSC=0 -> 0x0
#### AGXIOC Method sel=0x1e->0x1a inCnt=4 inSC=56 outSC=0 -> 0x0
