[launchdchrootexec] target=/Applications/Visual Studio Code.app/Contents/MacOS/Electron arch=arm64 insert=/usr/local/lib/libmachook_arm64.dylib
getppid = 1
#### MACWS_HID_BYPASS installed SetMatchingMultiple → no-op (1) at 0x19fe25e8c — skips iOS-format CFBinaryPlist parse inside
####   IOHIDEventSystemClientCacheMatchingServices → IOHIDUnserializeAndVMDealloc → CFPropertyListCreateFromStream
####   that BUS_ADRALNs in the IOMFBServer thread.
#### MACWS_AGX_RENAMER_PATCH: off (set MACWS_AGX_RENAMER_PATCH=1 to enable)
#### MACWS_ASSERT_BYPASS DISABLED (set MACWS_KEEP_ASSERT_BYPASS=1 to restore lazy bypass) — real __assert_rtn now reaches abort
#### MACWS_AGX_NATIVE [ctor] pre-loaded IOGPU via /System/Library/PrivateFrameworks/IOGPU.framework/IOGPU -> 0x3de2ecc10
#### XPC_BOOTSTRAP: fn=0x19c9dd140 dict=0x14ce13180 (registering Metal/ViewBridge/HIServices)
#### XPC_BOOTSTRAP: called OK
#### COEXIST API SwapEnd hook installed target=0x1a78bb1cc trampoline=0x104bb8000
#### SkyLight PrepareForUse tolerate-nil hook installed at 0x1a1c9cfc4
#### SkyLight StartCompositeForDisplayStream nil-skip hook installed at 0x1a1ac5d74
#### SkyLight StartComposite(WSCD) tolerate-nil + pop-on-bail hook installed at 0x1a1ac5358
#### SkyLight StartComposite(MTLTex) pop-on-bail hook installed at 0x1a1ac5fb8
#### SkyLight EndCurrentComposite(bool) completion hook installed at 0x1a1ac453c
#### SkyLight EndUpdate(bool) submission hook installed at 0x1a1ac40b0
#### SkyLight _state_stack pop_back resolved at 0x1a1ac2fa0
#### SkyLight WSCompositeDestinationCreateWithMetalTexture nil-tolerate hook installed at 0x1a1ac853c
#### SkyLight MetalContext::StopCapture invalid-this guard installed at 0x1a1ac41bc
#### MACWS_AGX_NATIVE class_addMethod(MTLTextureDescriptor, validateWithDevice:) = 1
#### MACWS_AGX_NATIVE class_addMethod(IOGPUMetalTexture, isMemoryless) = 1
#### MACWS_AGX_NATIVE class_addMethod(IOGPUMetalTexture, getCPUSizeBytes) = 1
#### MACWS_AGX_NATIVE class_addMethod(IOGPUMetalTexture, getAlignment) = 1
#### MACWS_AGX_NATIVE class_addMethod(IOGPUMetalTexture, descriptorPrivate) = 1
#### MACWS_AGX_NATIVE class_addMethod(IOGPUMetalTexture, getBytesPerRow) = 1
#### MACWS_AGX_NATIVE class_addMethod(IOGPUMetalTexture, updateBindDataWithAddresses:gpuVirtualAddress:) = 1
#### MACWS_AGX_NATIVE class_addMethod(IOGPUMetalTexture, updateBindDataWithAddresses:gpuVirtualAddress:shouldInitMetadata:) = 1
#### MACWS_AGX_NATIVE class_addMethod(IOGPUMetalTexture, allocBufferSubDataWithLength:options:alignment:heapIndex:bufferIndex:bufferOffset:) = 1
#### MACWS_AGX_NATIVE class_addMethod(IOGPUMetalTexture, initNewTextureData:) = 1
#### MACWS_AGX_NATIVE class_addMethod(MTLTextureDescriptor, isMemoryless) = 1
#### MACWS_AGX_NATIVE class_addMethod(MTLTextureDescriptor, protectionOptions) = 1
#### MACWS_AGX_NATIVE class_addMethod(MTLTextureDescriptor, getCPUSizeBytes) = 1
#### MACWS_AGX_NATIVE class_addMethod(MTLTextureDescriptor, getAlignment) = 1
#### MACWS_AGX_NATIVE class_addMethod(MTLTextureDescriptor, descriptorPrivate) = 1
#### MACWS_AGX_NATIVE class_addMethod(MTLTextureDescriptor, getBytesPerRow) = 1
#### MACWS_AGX_NATIVE class_addMethod(MTLTextureDescriptor, updateBindDataWithAddresses:gpuVirtualAddress:) = 1
#### MACWS_AGX_NATIVE class_addMethod(MTLTextureDescriptor, updateBindDataWithAddresses:gpuVirtualAddress:shouldInitMetadata:) = 1
#### MACWS_AGX_NATIVE class_addMethod(MTLTextureDescriptor, allocBufferSubDataWithLength:options:alignment:heapIndex:bufferIndex:bufferOffset:) = 1
#### MACWS_AGX_NATIVE class_addMethod(MTLTextureDescriptor, initNewTextureData:) = 1
#### AMFI-POLICY-COMPAT policy=AMFI op=0x60 status=0x4 (iOS task ports are hard-immovable)
#### CSR-POLICY-COMPAT active_config=0x0 (conservative iOS compatibility value)
[61600:0728/053344.791957:VERBOSE1:components/device_event_log/device_event_log_impl.cc:204] [05:33:44.780] Display: EVENT: screen_mac.mm:465 Displays updated, count: 1
[61600:0728/053344.792379:VERBOSE1:components/device_event_log/device_event_log_impl.cc:204] [05:33:44.792] Display: EVENT: screen_mac.mm:467 Display[1] bounds=[0,0 1194x834], workarea=[0,25 1194x809], scale=2, rotation=0, panel_rotation=0 internal detected
#### JIT-MPROTECT range[0]=[0x280000000,0x290000000) source=MAP_JIT-EINVAL
#### JIT-MPROTECT execution barrier installed (W^X fetch-wait compatibility)
#### JIT-MPROTECT range[0]=[0x280000000,0x290000000) source=MAP_JIT-EINVAL
#### JIT-MPROTECT range[0]=[0x280000000,0x290000000) source=MAP_JIT-EINVAL
#### JIT-MPROTECT range[0]=[0x280000000,0x290000000) source=MAP_JIT-EINVAL
#### JIT-MPROTECT range[0]=[0x280000000,0x290000000) source=MAP_JIT-EINVAL
#### JIT-MPROTECT range[0]=[0x280000000,0x290000000) source=MAP_JIT-EINVAL
#### JIT-MPROTECT range[0]=[0x280000000,0x290000000) source=MAP_JIT-EINVAL
#### JIT-MPROTECT range[0]=[0x280000000,0x290000000) source=MAP_JIT-EINVAL
#### JIT-MPROTECT range[0]=[0x170000000,0x180000000) source=MAP_JIT-EINVAL
#### JIT-MPROTECT call #1 addr=0x170000000 size=0x10000000 requested=0x7 effective=0x3 result=0 errno=0 caller=0x116ae2334 image=/Applications/Visual Studio Code.app/Contents/Frameworks/Electron Framework.framework/Versions/A/Electron Framework offset=0x63b2334
#### JIT-MPROTECT remap decline #1 dst=0x177dc0000 size=0x208000 src=0x112dd8000 requested=0x5 -> V8 copy fallback
#### JIT-MPROTECT flip #1 ranges=1 prot=RW writers=1 exec_waits=0 late_retries=0
#### JIT-MPROTECT flip #2 ranges=1 prot=RX writers=1 exec_waits=0 late_retries=0
#### JIT-MPROTECT flip #3 ranges=1 prot=RW writers=1 exec_waits=0 late_retries=0
#### JIT-MPROTECT flip #4 ranges=1 prot=RX writers=1 exec_waits=0 late_retries=0
#### JIT-MPROTECT flip #5 ranges=1 prot=RW writers=1 exec_waits=0 late_retries=0
#### JIT-MPROTECT flip #6 ranges=1 prot=RX writers=1 exec_waits=0 late_retries=0
#### JIT-MPROTECT flip #7 ranges=1 prot=RW writers=1 exec_waits=0 late_retries=0
#### JIT-MPROTECT flip #8 ranges=1 prot=RX writers=1 exec_waits=0 late_retries=0
#### JIT-MPROTECT flip #9 ranges=1 prot=RW writers=1 exec_waits=0 late_retries=0
#### JIT-MPROTECT flip #10 ranges=1 prot=RX writers=1 exec_waits=0 late_retries=0
#### JIT-MPROTECT flip #11 ranges=1 prot=RW writers=1 exec_waits=0 late_retries=0
#### JIT-MPROTECT flip #12 ranges=1 prot=RX writers=1 exec_waits=0 late_retries=0
#### JIT-MPROTECT flip #13 ranges=1 prot=RW writers=1 exec_waits=0 late_retries=0
#### JIT-MPROTECT flip #14 ranges=1 prot=RX writers=1 exec_waits=0 late_retries=0
#### JIT-MPROTECT flip #15 ranges=1 prot=RW writers=1 exec_waits=0 late_retries=0
#### JIT-MPROTECT flip #16 ranges=1 prot=RX writers=1 exec_waits=0 late_retries=0
#### JIT-MPROTECT flip #17 ranges=1 prot=RW writers=1 exec_waits=0 late_retries=0
#### JIT-MPROTECT flip #18 ranges=1 prot=RX writers=1 exec_waits=0 late_retries=0
#### JIT-MPROTECT flip #19 ranges=1 prot=RW writers=1 exec_waits=0 late_retries=0
#### JIT-MPROTECT flip #20 ranges=1 prot=RX writers=1 exec_waits=0 late_retries=0
#### JIT-MPROTECT flip #21 ranges=1 prot=RW writers=1 exec_waits=0 late_retries=0
#### JIT-MPROTECT flip #22 ranges=1 prot=RX writers=1 exec_waits=0 late_retries=0
#### JIT-MPROTECT flip #23 ranges=1 prot=RW writers=1 exec_waits=0 late_retries=0
#### JIT-MPROTECT flip #24 ranges=1 prot=RX writers=1 exec_waits=0 late_retries=0
#### JIT-MPROTECT flip #25 ranges=1 prot=RW writers=1 exec_waits=0 late_retries=0
#### JIT-MPROTECT flip #26 ranges=1 prot=RX writers=1 exec_waits=0 late_retries=0
#### JIT-MPROTECT flip #27 ranges=1 prot=RW writers=1 exec_waits=0 late_retries=0
#### JIT-MPROTECT flip #28 ranges=1 prot=RX writers=1 exec_waits=0 late_retries=0
#### JIT-MPROTECT flip #29 ranges=1 prot=RW writers=1 exec_waits=0 late_retries=0
#### JIT-MPROTECT flip #30 ranges=1 prot=RX writers=1 exec_waits=0 late_retries=0
#### JIT-MPROTECT flip #31 ranges=1 prot=RW writers=1 exec_waits=0 late_retries=0
#### JIT-MPROTECT flip #32 ranges=1 prot=RX writers=1 exec_waits=0 late_retries=0
#### JIT-MPROTECT flip #1024 ranges=1 prot=RX writers=1 exec_waits=0 late_retries=0
#### MACWS_HID_BYPASS installed SetMatchingMultiple → no-op (1) at 0x19fe25e8c — skips iOS-format CFBinaryPlist parse inside
####   IOHIDEventSystemClientCacheMatchingServices → IOHIDUnserializeAndVMDealloc → CFPropertyListCreateFromStream
####   that BUS_ADRALNs in the IOMFBServer thread.
#### MACWS_AGX_RENAMER_PATCH: off (set MACWS_AGX_RENAMER_PATCH=1 to enable)
#### MACWS_ASSERT_BYPASS DISABLED (set MACWS_KEEP_ASSERT_BYPASS=1 to restore lazy bypass) — real __assert_rtn now reaches abort
#### MACWS_AGX_NATIVE [ctor] pre-loaded IOGPU via /System/Library/PrivateFrameworks/IOGPU.framework/IOGPU -> 0x3de2ecc10
#### XPC_BOOTSTRAP: fn=0x19c9dd140 dict=0x130e163f0 (registering Metal/ViewBridge/HIServices)
#### XPC_BOOTSTRAP: called OK
#### COEXIST API SwapEnd hook installed target=0x1a78bb1cc trampoline=0x1002dc000
#### SkyLight PrepareForUse tolerate-nil hook installed at 0x1a1c9cfc4
#### SkyLight StartCompositeForDisplayStream nil-skip hook installed at 0x1a1ac5d74
#### SkyLight StartComposite(WSCD) tolerate-nil + pop-on-bail hook installed at 0x1a1ac5358
#### SkyLight StartComposite(MTLTex) pop-on-bail hook installed at 0x1a1ac5fb8
#### SkyLight EndCurrentComposite(bool) completion hook installed at 0x1a1ac453c
#### SkyLight EndUpdate(bool) submission hook installed at 0x1a1ac40b0
#### SkyLight _state_stack pop_back resolved at 0x1a1ac2fa0
#### SkyLight WSCompositeDestinationCreateWithMetalTexture nil-tolerate hook installed at 0x1a1ac853c
#### SkyLight MetalContext::StopCapture invalid-this guard installed at 0x1a1ac41bc
#### MACWS_AGX_NATIVE class_addMethod(MTLTextureDescriptor, validateWithDevice:) = 1
#### MACWS_AGX_NATIVE class_addMethod(IOGPUMetalTexture, isMemoryless) = 1
#### MACWS_AGX_NATIVE class_addMethod(IOGPUMetalTexture, getCPUSizeBytes) = 1
#### MACWS_AGX_NATIVE class_addMethod(IOGPUMetalTexture, getAlignment) = 1
#### MACWS_AGX_NATIVE class_addMethod(IOGPUMetalTexture, descriptorPrivate) = 1
#### MACWS_AGX_NATIVE class_addMethod(IOGPUMetalTexture, getBytesPerRow) = 1
#### MACWS_AGX_NATIVE class_addMethod(IOGPUMetalTexture, updateBindDataWithAddresses:gpuVirtualAddress:) = 1
#### MACWS_AGX_NATIVE class_addMethod(IOGPUMetalTexture, updateBindDataWithAddresses:gpuVirtualAddress:shouldInitMetadata:) = 1
#### MACWS_AGX_NATIVE class_addMethod(IOGPUMetalTexture, allocBufferSubDataWithLength:options:alignment:heapIndex:bufferIndex:bufferOffset:) = 1
#### MACWS_AGX_NATIVE class_addMethod(IOGPUMetalTexture, initNewTextureData:) = 1
#### MACWS_AGX_NATIVE class_addMethod(MTLTextureDescriptor, isMemoryless) = 1
#### MACWS_AGX_NATIVE class_addMethod(MTLTextureDescriptor, protectionOptions) = 1
#### MACWS_AGX_NATIVE class_addMethod(MTLTextureDescriptor, getCPUSizeBytes) = 1
#### MACWS_AGX_NATIVE class_addMethod(MTLTextureDescriptor, getAlignment) = 1
#### MACWS_AGX_NATIVE class_addMethod(MTLTextureDescriptor, descriptorPrivate) = 1
#### MACWS_AGX_NATIVE class_addMethod(MTLTextureDescriptor, getBytesPerRow) = 1
#### MACWS_AGX_NATIVE class_addMethod(MTLTextureDescriptor, updateBindDataWithAddresses:gpuVirtualAddress:) = 1
#### MACWS_AGX_NATIVE class_addMethod(MTLTextureDescriptor, updateBindDataWithAddresses:gpuVirtualAddress:shouldInitMetadata:) = 1
#### MACWS_AGX_NATIVE class_addMethod(MTLTextureDescriptor, allocBufferSubDataWithLength:options:alignment:heapIndex:bufferIndex:bufferOffset:) = 1
#### MACWS_AGX_NATIVE class_addMethod(MTLTextureDescriptor, initNewTextureData:) = 1
[61600:0728/053345.929994:ERROR:third_party/crashpad/crashpad/util/file/file_io.cc:103] ReadExactly: expected 8, observed 0
[61600:0728/053345.968240:VERBOSE1:components/proxy_config/pref_proxy_config_tracker_impl.cc:462] 0x6004e2a40: set chrome proxy config service to 0x6004d1a40

DevTools listening on ws://127.0.0.1:9222/devtools/browser/a3cf679c-1eea-495d-9f91-d7086b473c90
[61600:0728/053345.981571:VERBOSE1:content/browser/first_party_sets/first_party_sets_handler_impl_instance.cc:270] Empty path. Failed initializing First-Party Sets database.
2026-07-28 05:33:46.292 Electron[61600:8194921] id createVolumeObserverSubsystem(NSWorkspaceNotificationCenter *): Failed to create volume observer.
2026-07-28 05:33:46.293 Electron[61600:8194921] id createVolumeObserverSubsystem(NSWorkspaceNotificationCenter *): Failed to create volume observer.
2026-07-28 05:33:46.294 Electron[61600:8194921] id createVolumeObserverSubsystem(NSWorkspaceNotificationCenter *): Failed to create volume observer.
#### MACWS_HID_BYPASS installed SetMatchingMultiple → no-op (1) at 0x19fe25e8c — skips iOS-format CFBinaryPlist parse inside
####   IOHIDEventSystemClientCacheMatchingServices → IOHIDUnserializeAndVMDealloc → CFPropertyListCreateFromStream
####   that BUS_ADRALNs in the IOMFBServer thread.
#### MACWS_AGX_RENAMER_PATCH: off (set MACWS_AGX_RENAMER_PATCH=1 to enable)
#### MACWS_ASSERT_BYPASS DISABLED (set MACWS_KEEP_ASSERT_BYPASS=1 to restore lazy bypass) — real __assert_rtn now reaches abort
#### MACWS_AGX_NATIVE [ctor] pre-loaded IOGPU via /System/Library/PrivateFrameworks/IOGPU.framework/IOGPU -> 0x3de2ecc10
#### XPC_BOOTSTRAP: fn=0x19c9dd140 dict=0x12b7046a0 (registering Metal/ViewBridge/HIServices)
#### XPC_BOOTSTRAP: called OK
#### COEXIST API SwapEnd hook installed target=0x1a78bb1cc trampoline=0x104ac0000
#### SkyLight PrepareForUse tolerate-nil hook installed at 0x1a1c9cfc4
#### SkyLight StartCompositeForDisplayStream nil-skip hook installed at 0x1a1ac5d74
#### SkyLight StartComposite(WSCD) tolerate-nil + pop-on-bail hook installed at 0x1a1ac5358
#### SkyLight StartComposite(MTLTex) pop-on-bail hook installed at 0x1a1ac5fb8
#### SkyLight EndCurrentComposite(bool) completion hook installed at 0x1a1ac453c
#### SkyLight EndUpdate(bool) submission hook installed at 0x1a1ac40b0
#### SkyLight _state_stack pop_back resolved at 0x1a1ac2fa0
#### SkyLight WSCompositeDestinationCreateWithMetalTexture nil-tolerate hook installed at 0x1a1ac853c
#### SkyLight MetalContext::StopCapture invalid-this guard installed at 0x1a1ac41bc
#### MACWS_AGX_NATIVE class_addMethod(MTLTextureDescriptor, validateWithDevice:) = 1
#### MACWS_AGX_NATIVE class_addMethod(IOGPUMetalTexture, isMemoryless) = 1
#### MACWS_AGX_NATIVE class_addMethod(IOGPUMetalTexture, getCPUSizeBytes) = 1
#### MACWS_AGX_NATIVE class_addMethod(IOGPUMetalTexture, getAlignment) = 1
#### MACWS_AGX_NATIVE class_addMethod(IOGPUMetalTexture, descriptorPrivate) = 1
#### MACWS_AGX_NATIVE class_addMethod(IOGPUMetalTexture, getBytesPerRow) = 1
#### MACWS_AGX_NATIVE class_addMethod(IOGPUMetalTexture, updateBindDataWithAddresses:gpuVirtualAddress:) = 1
#### MACWS_AGX_NATIVE class_addMethod(IOGPUMetalTexture, updateBindDataWithAddresses:gpuVirtualAddress:shouldInitMetadata:) = 1
#### MACWS_AGX_NATIVE class_addMethod(IOGPUMetalTexture, allocBufferSubDataWithLength:options:alignment:heapIndex:bufferIndex:bufferOffset:) = 1
#### MACWS_AGX_NATIVE class_addMethod(IOGPUMetalTexture, initNewTextureData:) = 1
#### MACWS_AGX_NATIVE class_addMethod(MTLTextureDescriptor, isMemoryless) = 1
#### MACWS_AGX_NATIVE class_addMethod(MTLTextureDescriptor, protectionOptions) = 1
#### MACWS_AGX_NATIVE class_addMethod(MTLTextureDescriptor, getCPUSizeBytes) = 1
#### MACWS_AGX_NATIVE class_addMethod(MTLTextureDescriptor, getAlignment) = 1
#### MACWS_AGX_NATIVE class_addMethod(MTLTextureDescriptor, descriptorPrivate) = 1
#### MACWS_AGX_NATIVE class_addMethod(MTLTextureDescriptor, getBytesPerRow) = 1
#### MACWS_AGX_NATIVE class_addMethod(MTLTextureDescriptor, updateBindDataWithAddresses:gpuVirtualAddress:) = 1
#### MACWS_AGX_NATIVE class_addMethod(MTLTextureDescriptor, updateBindDataWithAddresses:gpuVirtualAddress:shouldInitMetadata:) = 1
#### MACWS_AGX_NATIVE class_addMethod(MTLTextureDescriptor, allocBufferSubDataWithLength:options:alignment:heapIndex:bufferIndex:bufferOffset:) = 1
#### MACWS_AGX_NATIVE class_addMethod(MTLTextureDescriptor, initNewTextureData:) = 1
#### MACWS_HID_BYPASS installed SetMatchingMultiple → no-op (1) at 0x19fe25e8c — skips iOS-format CFBinaryPlist parse inside
####   IOHIDEventSystemClientCacheMatchingServices → IOHIDUnserializeAndVMDealloc → CFPropertyListCreateFromStream
####   that BUS_ADRALNs in the IOMFBServer thread.
#### MACWS_AGX_RENAMER_PATCH: off (set MACWS_AGX_RENAMER_PATCH=1 to enable)
#### MACWS_ASSERT_BYPASS DISABLED (set MACWS_KEEP_ASSERT_BYPASS=1 to restore lazy bypass) — real __assert_rtn now reaches abort
#### MACWS_AGX_NATIVE [ctor] pre-loaded IOGPU via /System/Library/PrivateFrameworks/IOGPU.framework/IOGPU -> 0x3de2ecc10
#### XPC_BOOTSTRAP: fn=0x19c9dd140 dict=0x1529128c0 (registering Metal/ViewBridge/HIServices)
#### XPC_BOOTSTRAP: called OK
#### COEXIST API SwapEnd hook installed target=0x1a78bb1cc trampoline=0x100840000
2026-07-28 05:33:46.366 Electron[61600:8194921] XType: Using static font registry.
#### SkyLight PrepareForUse tolerate-nil hook installed at 0x1a1c9cfc4
#### SkyLight StartCompositeForDisplayStream nil-skip hook installed at 0x1a1ac5d74
#### SkyLight StartComposite(WSCD) tolerate-nil + pop-on-bail hook installed at 0x1a1ac5358
#### SkyLight StartComposite(MTLTex) pop-on-bail hook installed at 0x1a1ac5fb8
#### SkyLight EndCurrentComposite(bool) completion hook installed at 0x1a1ac453c
#### SkyLight EndUpdate(bool) submission hook installed at 0x1a1ac40b0
#### SkyLight _state_stack pop_back resolved at 0x1a1ac2fa0
#### SkyLight WSCompositeDestinationCreateWithMetalTexture nil-tolerate hook installed at 0x1a1ac853c
#### SkyLight MetalContext::StopCapture invalid-this guard installed at 0x1a1ac41bc
#### MACWS_AGX_NATIVE class_addMethod(MTLTextureDescriptor, validateWithDevice:) = 1
#### MACWS_AGX_NATIVE class_addMethod(IOGPUMetalTexture, isMemoryless) = 1
#### MACWS_AGX_NATIVE class_addMethod(IOGPUMetalTexture, getCPUSizeBytes) = 1
#### MACWS_AGX_NATIVE class_addMethod(IOGPUMetalTexture, getAlignment) = 1
#### MACWS_AGX_NATIVE class_addMethod(IOGPUMetalTexture, descriptorPrivate) = 1
#### MACWS_AGX_NATIVE class_addMethod(IOGPUMetalTexture, getBytesPerRow) = 1
#### MACWS_AGX_NATIVE class_addMethod(IOGPUMetalTexture, updateBindDataWithAddresses:gpuVirtualAddress:) = 1
#### MACWS_AGX_NATIVE class_addMethod(IOGPUMetalTexture, updateBindDataWithAddresses:gpuVirtualAddress:shouldInitMetadata:) = 1
#### MACWS_AGX_NATIVE class_addMethod(IOGPUMetalTexture, allocBufferSubDataWithLength:options:alignment:heapIndex:bufferIndex:bufferOffset:) = 1
#### MACWS_AGX_NATIVE class_addMethod(IOGPUMetalTexture, initNewTextureData:) = 1
#### MACWS_AGX_NATIVE class_addMethod(MTLTextureDescriptor, isMemoryless) = 1
#### MACWS_AGX_NATIVE class_addMethod(MTLTextureDescriptor, protectionOptions) = 1
#### MACWS_AGX_NATIVE class_addMethod(MTLTextureDescriptor, getCPUSizeBytes) = 1
#### MACWS_AGX_NATIVE class_addMethod(MTLTextureDescriptor, getAlignment) = 1
#### MACWS_AGX_NATIVE class_addMethod(MTLTextureDescriptor, descriptorPrivate) = 1
#### MACWS_AGX_NATIVE class_addMethod(MTLTextureDescriptor, getBytesPerRow) = 1
#### MACWS_AGX_NATIVE class_addMethod(MTLTextureDescriptor, updateBindDataWithAddresses:gpuVirtualAddress:) = 1
#### MACWS_AGX_NATIVE class_addMethod(MTLTextureDescriptor, updateBindDataWithAddresses:gpuVirtualAddress:shouldInitMetadata:) = 1
#### MACWS_AGX_NATIVE class_addMethod(MTLTextureDescriptor, allocBufferSubDataWithLength:options:alignment:heapIndex:bufferIndex:bufferOffset:) = 1
#### MACWS_AGX_NATIVE class_addMethod(MTLTextureDescriptor, initNewTextureData:) = 1
#### tile-encoder forwards: class MTLSimRenderCommandEncoder NOT found
#### IOGPU-CALLBACK-DIAG installed queueClass=0x1f7e808d0 method=0x0 orig=0x0 bufferClass=0x1f7e80830 method=0x1b99f79a5 orig=0x1b99dabe8 (file-gated)
#### NSXPCSharedListener class=0x1f81fbbd8
#### NSXPCSharedListener endpointForReply swizzle installed
#### NSXPCSharedListener connectToService swizzle installed
#### NSXPCSharedListener connectToService intercepted (graceful fail)
[61600:0728/053346.481155:WARNING:content/browser/child_process_task_port_provider_mac.cc:53] AppleMobileFileIntegrity is disabled. The browser will not collect child process task ports.
[61600:0728/053346.498841:ERROR:net/cert/internal/trust_store_mac.cc:489] SecKeychainAddCallback failed: Error Domain=NSOSStatusErrorDomain Code=-50 "paramErr: error in user parameter list" (-50)
[61600:0728/053346.499177:ERROR:net/cert/internal/trust_store_mac.cc:489] SecKeychainAddCallback failed: Error Domain=NSOSStatusErrorDomain Code=-50 "paramErr: error in user parameter list" (-50)
[61600:0728/053346.499204:VERBOSE1:content/browser/renderer_host/media/media_stream_manager.cc:1515] MSPL::OnSuspend([this=0x6002133a8])
Warning: 'remote-debugging-port' is not in the list of known options, but still passed to Electron/Chromium.
Warning: 'remote-allow-origins' is not in the list of known options, but still passed to Electron/Chromium.
Warning: 'use-angle' is not in the list of known options, but still passed to Electron/Chromium.
Warning: 'ignore-gpu-blocklist' is not in the list of known options, but still passed to Electron/Chromium.
Warning: 'disable-features' is not in the list of known options, but still passed to Electron/Chromium.
Warning: 'enable-logging' is not in the list of known options, but still passed to Electron/Chromium.
[61600:0728/053347.572994:VERBOSE1:components/proxy_config/pref_proxy_config_tracker_impl.cc:462] 0x601e44ac0: set chrome proxy config service to 0x6004d4440
[61600:0728/053347.581489:VERBOSE1:base/files/file_util_posix.cc:309] Cannot stat "/tmp/macws-vscode-profile-agx-native-targetfix11/Code Cache/pc": No such file or directory (2)
[61600:0728/053347.581663:VERBOSE1:components/device_event_log/device_event_log_impl.cc:204] [05:33:47.581] Bluetooth: EVENT: bluetooth_api.cc:82 BluetoothAPI: 0x600187220
[61600:0728/053347.579379:VERBOSE1:base/files/file_util_posix.cc:309] Cannot stat "/tmp/macws-vscode-profile-agx-native-targetfix11/databases": No such file or directory (2)
#### AMFI-POLICY-COMPAT policy=AMFI op=0x60 status=0x4 (iOS task ports are hard-immovable)
#### CSR-POLICY-COMPAT active_config=0x0 (conservative iOS compatibility value)
[61640:0728/053347.666285:ERROR:base/process/process_mac.cc:53] task_policy_set TASK_CATEGORY_POLICY: (os/kern) invalid argument (4)
#### JIT-MPROTECT flip #2048 ranges=1 prot=RX writers=1 exec_waits=1 late_retries=0
#### AMFI-POLICY-COMPAT policy=AMFI op=0x60 status=0x4 (iOS task ports are hard-immovable)
#### CSR-POLICY-COMPAT active_config=0x0 (conservative iOS compatibility value)
[61641:0728/053347.692823:ERROR:base/process/process_mac.cc:53] task_policy_set TASK_CATEGORY_POLICY: (os/kern) invalid argument (4)
2026-07-28 05:33:47.717 Electron[61600:8195059] Connection Invalid error for service com.apple.hiservices-xpcservice.
2026-07-28 05:33:47.717 Electron[61600:8194921] Error received in message reply handler: Connection invalid
[61600:0728/053347.888832:VERBOSE1:content/browser/renderer_host/media/media_stream_manager.cc:1515] MSPL::OnResume([this=0x6002133a8])
[61600:0728/053347.932185:VERBOSE1:base/files/file_util_posix.cc:309] Cannot stat "/tmp/macws-vscode-profile-agx-native-targetfix11/CachedData/1b6a188127eeaf9194f945eb6eb89a657e93c54c/chrome/pc": No such file or directory (2)
[90m[main 2026-07-28T12:33:47.992Z][0m StorageMainService: creating application shared storage
#### JIT-MPROTECT flip #3072 ranges=1 prot=RX writers=1 exec_waits=11 late_retries=1
#### MACWS_AGX_NATIVE pre-loaded IOGPU via /System/Library/PrivateFrameworks/IOGPU.framework/IOGPU -> 0x3de2ecc10
#### MACWS_AGX_NATIVE dlsym(IOGPUResourceCreate) = 0x1b99ee0a0
#### MACWS_AGX_NATIVE dlsym(IOGPUMetalCommonResourceCreate) = 0x0
#### MACWS_AGX_NATIVE dlsym(IOGPUDeviceCreateWithAPIProperty) = 0x1b99ec0fc
#### MACWS_AGX_NATIVE dlsym(_IOGPUMetalAllocateResource) = 0x0
#### MACWS_AGX_NATIVE dlsym(IOGPUMetalAllocateResource) = 0x0
#### AGX_CLASSREF_DIAG newTexture iosurface alloc class @0x237141298 = 0x2396ea5f0 name=AGXG13GFamilyTexture
#### AGX_CLASSREF_DIAG initImpl method m=0x2022f93ad imp=0x2022e2284 expected stub=0x2022f2880 real=0x2022e2284 WHICH=AGXG13GFamilyTexture-real
#### MACWS_AGX_OBJC_AUTDA_PATCH msgSendSuper2=0x19c8fde00 code=0x19c8fde00 autda@0x19c8fde10 insn=0xdac11a30
####   PATCHED autda x16,x17 → xpacd x16 (0xdac11a30 → 0xdac147f0)
#### MACWS_AGX_SEL_DIAG super-init SEL static=0x1cffc6f26 slid=0x1ec85ef26 readable=1
####   bytes="initWithDevice:descriptor:iosurface:plane:field:args:argsSize:"
####   sel_registerName(...) = 0x1ec85ef26 name="initWithDevice:descriptor:iosurface:plane:field:args:argsSize:"
####   objc_getClass(IOGPUMetalTexture) = 0x1f7e80fb0
####   IOGPUMetalTexture method count = 71
####     - initNewTextureData:
####     - updateBindDataWithAddresses:gpuVirtualAddress:shouldInitMetadata:
####     - initWithBuffer:descriptor:offset:bytesPerRow:
####     - initWithBuffer:descriptor:sysMemOffset:sysMemRowBytes:vidMemSize:vidMemRowBytes:args:argsSize:
####     - initWithBuffer:descriptor:sysMemOffset:sysMemRowBytes:vidMemSize:vidMemRowBytes:args:argsSize:isStrideTexture:
####     - initWithDevice:descriptor:iosurface:plane:field:args:argsSize:
####     - initWithDevice:descriptor:sysMemSize:sysMemRowBytes:vidMemSize:vidMemRowBytes:args:argsSize:
####     - initWithDevice:remoteStorageTexture:args:argsSize:
####     - initWithHeap:resource:offset:length:device:descriptor:
####     - initWithTexture:pixelFormat:
####     - initWithTexture:pixelFormat:textureType:levels:slices:
####     - initWithTexture:pixelFormat:textureType:levels:slices:swizzle:
####     - initWithTextureInternal:pixelFormat:textureType:levels:slices:swizzle:compressedView:
####     - initWithPrimaryBuffer:heapIndex:bufferIndex:bufferOffset:length:descriptor:sysMemRowBytes:vidMemSize:vidMemRowBytes:args:argsSize:
####   AGXTexture super class = 0x0 ((nil))
####   super responds to "initWithDevice:desc:iosurface:plane:" = 0 (Method=0x0)
####   super responds to "initWithDevice:descriptor:iosurface:plane:" = 0 (Method=0x0)
####   super responds to "initWithDevice:descriptor:iosurface:plane:field:args:argsSize:" = 0 (Method=0x0)
####   super responds to "initImplWithDevice:Descriptor:iosurface:plane:buffer:bytesPerRow:allowNPOT:sparsePageSize:isCompressedIOSurface:isHeapBacked:" = 0 (Method=0x0)
#### MACWS_AGX_STUB_FIX objc_msgSendSuper2
####   stub@0x2022f5fc0 insns=[d01cf7f1 9132a231 f9400230 d71f0a11]
####   slot@0x23c1f3ca8 value=0x19c8fde00 sym=objc_msgSendSuper2 base=0x19c8f4000 path=/usr/lib/libobjc.A.dylib
####   PATCHED → br 0x19c8fde00 (movz/movk/movk/br)
####   new=[d29bc010 f2b391f0 f2c00030 d61f0200]
#### MACWS_AGX_NATIVE objc_getClass(AGXBuffer) = 0x0
#### MACWS_AGX_NATIVE __objc_classlist: 52 entries
####   classlist[0] = 0x2396ea6b8 name=AGXBuffer registered=0x0
####   classlist[1] = 0x2396ea2f8 name=AGXG13GFamilyBinaryArchive registered=0x0
####   classlist[2] = 0x2396ea168 name=AGXG13GFamilyBlitContext registered=0x0
####   classlist[3] = 0x2396e97e0 name=AGXG13GFamilyResourceStateContext registered=0x0
####   classlist[4] = 0x2396e9fd8 name=AGXG13GFamilyBuffer registered=0x0
####   classlist[5] = 0x2396e9830 name=AGXG13GFamilyCommandBuffer registered=0x0
#### MACWS_AGX_NATIVE objc_duplicateClass=0x19c923cb8
#### MACWS_AGX_NATIVE imageinfo=0x233e54a58 sz=8
#### PREREGISTER image[627] AGXMetal13_3: 52/52 realized
#### PREREGISTER image[628] GPURawCounter: 6/6 realized
#### MACWS_AGX_NATIVE register pass 0: 0 new (total 58)
#### MACWS_AGX_NATIVE realized 58/52 classes
#### MACWS_AGX_NATIVE AGXBuffer after register: 0x2396ea6b8
#### MACWS_AGX_NATIVE [AGXBuffer alloc] = 0x600251680
#### MACWS_AGX_NATIVE swizzled initUntrackedInternalBufferWithDevice:length:options:
#### MACWS_AGX_NATIVE swizzled initWithDevice:length:alignment:options:isSuballocDisabled:resourceInArgs:pinnedGPULocation:
#### MACWS_AGX_NATIVE tracing -[AGXBuffer initWithDevice:options:args:argsSize:] (nil preserved)
#### LIBOBJC dlsym(objc_constructInstance) = 0x19c90ac08
#### LIBOBJC dlsym(_dyld_objc_notify_register) = 0x19cc9f480
#### LIBOBJC dlsym(_dyld_objc_register_callbacks) = 0x19cca1abc
#### LIBOBJC dlsym(objc_readClassPair) = 0x19c910bdc
#### LIBOBJC dlsym(objc_registerClassPair) = 0x19c901a3c
#### LIBOBJC dlsym(_objc_realizeClassFromSwift) = 0x19c910d34
#### LIBOBJC dlsym(objc_addLoadImageFunc) = 0x19c9107c8
#### LIBOBJC dlsym(_objc_init) = 0x19c8f6004
#### CLASS_DETAIL [0] 0x2396ea6b8 name=AGXBuffer super=0x1f7e807e0 (IOGPUMetalBuffer) meta=0
#### CLASS_DETAIL [1] 0x2396ea2f8 name=AGXG13GFamilyBinaryArchive super=0x1f82173b8 (_MTLBinaryArchive) meta=0
#### CLASS_DETAIL [2] 0x2396ea168 name=AGXG13GFamilyBlitContext super=0x1f7e807b8 (IOGPUMetalBlitCommandEncoder) meta=0
#### CLASS_DETAIL [3] 0x2396e97e0 name=AGXG13GFamilyResourceStateContext super=0x1f7e80f88 (IOGPUMetalResourceStateCommandEncoder) meta=0
#### CLASS_DETAIL [4] 0x2396e9fd8 name=AGXG13GFamilyBuffer super=0x2396ea6b8 (AGXBuffer) meta=0
#### CLASS_DETAIL [5] 0x2396e9830 name=AGXG13GFamilyCommandBuffer super=0x1f7e80830 (IOGPUMetalCommandBuffer) meta=0
#### CLASS_DETAIL [6] 0x2396ea208 name=AGXG13GFamilyCommandQueue super=0x1f7e808d0 (IOGPUMetalCommandQueue) meta=0
#### CLASS_DETAIL [7] 0x2396ea118 name=AGXG13GFamilyComputePipeline super=0x1f8215d88 (_MTLComputePipelineState) meta=0
#### CLASS_DETAIL [8] 0x2396ea0c8 name=AGXG13GFamilyDeadlineProfile super=0x1f7c92e70 (NSObject) meta=0
#### CLASS_DETAIL [9] 0x2396e98d0 name=AGXG13GFamilyDebugContext super=0x1f7e80970 (IOGPUMetalDebugCommandEncoder) meta=0
#### CLASS_DETAIL [10] 0x2396ea000 name=AGXG13GFamilyDepthStencilState super=0x1f8215db0 (_MTLDepthStencilState) meta=0
#### CLASS_DETAIL [11] 0x2396ea2d0 name=AGXG13GFamilyDynamicLibrary super=0x1f8217db8 (_MTLDynamicLibrary) meta=0
#### CLASS_DETAIL [12] 0x2396ea1b8 name=AGXG13GFamilyComputeContext super=0x1f7e80948 (IOGPUMetalComputeCommandEncoder) meta=0
#### CLASS_DETAIL [13] 0x2396e9e70 name=AGXG13GFamilyFunctionHandle super=0x1f82179a8 (_MTLFunctionHandle) meta=0
#### CLASS_DETAIL [14] 0x2396ea2a8 name=AGXG13GFamilyHeap super=0x1f7e80bf0 (IOGPUMetalHeap) meta=0
#### CLASS_DETAIL [15] 0x2396ea280 name=AGXG13GFamilySparseHeap super=0x1f8218e48 (_MTLHeap) meta=0
#### MACWS_AGX_NATIVE __objc_classrefs: 105 entries, 0 null
####   class AGXBuffer = 0x2396ea6b8
####   class AGXCommandQueue = 0x0
####   class AGXCommandBuffer = 0x0
####   class AGXMetalCommandQueue = 0x0
####   class AGXMetalCommandBuffer = 0x0
####   class AGXMetalBuffer = 0x0
####   class AGXMetalTexture = 0x0
####   class AGXMetalHeap = 0x0
####   class AGXMetalResource = 0x0
####   class AGXMetalDevice = 0x0
####   class AGXMetalFence = 0x0
####   class AGXTexture = 0x2396ea708
####   class IOGPUMetalBuffer = 0x1f7e807e0
####   class IOGPUMetalCommandBuffer = 0x1f7e80830
####   class IOGPUMetalCommandQueue = 0x1f7e808d0
####   class IOGPUMetalDevice = 0x1f7e809c0
####   class IOGPUMetalHeap = 0x1f7e80bf0
####   class IOGPUMetalResource = 0x1f7e80ec0
####   class IOGPUMetalTexture = 0x1f7e80fb0
####   class IOGPUMetalFence = 0x1f7e80b50
####   class IOGPUMTLLateEvalEvent = 0x1f8333c70
#### CLASSREF [0] @0x237141250 -> 0x1f8215428 name=MTLCompiler
#### CLASSREF [1] @0x237141258 -> 0x1f7cb16e0 name=NSDictionary
#### CLASSREF [2] @0x237141260 -> 0x1f7cb8348 name=NSError
#### CLASSREF [3] @0x237141268 -> 0x2396ea4b0 name=AGXG13GFamilyComputeOrFragmentOrTileProgram
#### CLASSREF [4] @0x237141270 -> 0x2396ea4d8 name=AGXG13GFamilyFragmentProgram
#### CLASSREF [5] @0x237141278 -> 0x2396ea550 name=AGXG13GFamilyVertexProgram
#### CLASSREF [6] @0x237141280 -> 0x1f7cb1848 name=NSMutableDictionary
#### CLASSREF [7] @0x237141288 -> 0x2396ea5a0 name=AGXG13GFamilyTileProgram
#### CLASSREF [8] @0x237141290 -> 0x2396ea578 name=AGXG13GFamilyComputeProgram
#### CLASSREF [9] @0x237141298 -> 0x2396ea5f0 name=AGXG13GFamilyTexture
#### CLASSREF [10] @0x2371412a0 -> 0x1f8215bd0 name=MTLTextureDescriptor
#### CLASSREF [11] @0x2371412a8 -> 0x2396ea168 name=AGXG13GFamilyBlitContext
#### CLASSREF [12] @0x2371412b0 -> 0x2396e97e0 name=AGXG13GFamilyResourceStateContext
#### CLASSREF [13] @0x2371412b8 -> 0x2396e9d58 name=AGXG13GFamilyRayTracingGPUBuilder
#### CLASSREF [14] @0x2371412c0 -> 0x2396ea190 name=AGXG13GFamilyRenderContext
#### CLASSREF [15] @0x2371412c8 -> 0x2396ea1b8 name=AGXG13GFamilyComputeContext
#### CLASSREF [16] @0x2371412d0 -> 0x2396ea1e0 name=AGXG13GFamilyThreadedRenderPass
#### CLASSREF [17] @0x2371412d8 -> 0x2396e9dd0 name=AGXG13GFamilySampledRenderContext
#### CLASSREF [18] @0x2371412e0 -> 0x2396e9e98 name=AGXG13GFamilySampledComputeContext
#### CLASSREF [19] @0x2371412e8 -> 0x1f7cb1668 name=NSData
#### CLASSREF [20] @0x2371412f0 -> 0x2396e9830 name=AGXG13GFamilyCommandBuffer
#### CLASSREF [21] @0x2371412f8 -> 0x1f82181c8 name=_MTLProgramAddressTableMappedBinary
#### CLASSREF [22] @0x237141300 -> 0x1f8218178 name=_MTLPipelineStateBinary
#### CLASSREF [23] @0x237141308 -> 0x1f7cb15a0 name=NSArray
#### MACWS_GOT AGXMetal13_3: symtab=8331 syms, strtab=461166853 bytes, indirect=555 entries
####   sect[0] __DATA_CONST,__got type=0 entries=97 indirect_start=228 auth=0
####   bind[1] _MTLCommonCounterSetTimestamp -> 0x1f0975290 (slot=0x233e539e0 auth=0)
####   bind[2] _MTLCommonCounterTimestamp -> 0x1f09751a0 (slot=0x233e539e8 auth=0)
####   bind[3] _MTLCompileTimeStatisticsKeyBackend -> 0x1f5528f60 (slot=0x233e539f0 auth=0)
####   bind[4] _MTLCompileTimeStatisticsKeyCachedFunction -> 0x1f5528f10 (slot=0x233e539f8 auth=0)
####   bind[5] _MTLCompileTimeStatisticsKeyCompilerTotal -> 0x1f5528f48 (slot=0x233e53a00 auth=0)
####   bind[6] _MTLCompileTimeStatisticsKeyDriverTotal -> 0x1f5528f40 (slot=0x233e53a08 auth=0)
####   bind[7] _MTLCompileTimeStatisticsKeyFunctionName -> 0x1f5528f08 (slot=0x233e53a10 auth=0)
####   bind[8] _MTLCompileTimeStatisticsKeyMTLCompilerService -> 0x1f5528f20 (slot=0x233e53a18 auth=0)
####   bind[9] _MTLCompileTimeStatisticsKeyOptimization -> 0x1f5528f58 (slot=0x233e53a20 auth=0)
####   bind[10] _MTLCompileTimeStatisticsKeyPipelineTotal -> 0x1f5528f18 (slot=0x233e53a28 auth=0)
####   bind[11] _MTLCompileTimeStatisticsKeyPipelinesCompute -> 0x1f5527e30 (slot=0x233e53a30 auth=0)
####   IOGPU-CRITICAL _OBJC_IVAR_$_IOGPUMTLLateEvalEvent._eventName = 0x1f5a0a9d0 (slot=0x233e53b28 auth=0)
####   IOGPU-CRITICAL _OBJC_IVAR_$_IOGPUMetalBuffer._primaryBuffer = 0x1f5a0a91c (slot=0x233e53b30 auth=0)
####   IOGPU-CRITICAL _OBJC_IVAR_$_IOGPUMetalCommandQueue._commandQueue = 0x1f5a0a960 (slot=0x233e53b38 auth=0)
####   IOGPU-CRITICAL _OBJC_IVAR_$_IOGPUMetalDevice._segmentByteThreshold = 0x1f5a0aa2c (slot=0x233e53b40 auth=0)
####   IOGPU-CRITICAL _OBJC_IVAR_$_IOGPUMetalFence._fenceIndex = 0x1f5a0aaa8 (slot=0x233e53b48 auth=0)
####   IOGPU-CRITICAL _OBJC_IVAR_$_IOGPUMetalHeap._resource = 0x1f5a0aac4 (slot=0x233e53b50 auth=0)
####   IOGPU-CRITICAL _OBJC_IVAR_$_IOGPUMetalResource._res = 0x1f5a0aaf4 (slot=0x233e53b58 auth=0)
####   IOGPU-CRITICAL _OBJC_IVAR_$_IOGPUMetalTexture._arrayLength = 0x1f5a0ab38 (slot=0x233e53b60 auth=0)
####   IOGPU-CRITICAL _OBJC_IVAR_$_IOGPUMetalTexture._depth = 0x1f5a0ab34 (slot=0x233e53b68 auth=0)
####   IOGPU-CRITICAL _OBJC_IVAR_$_IOGPUMetalTexture._height = 0x1f5a0ab30 (slot=0x233e53b70 auth=0)
####   IOGPU-CRITICAL _OBJC_IVAR_$_IOGPUMetalTexture._isCompressed = 0x1f5a0ab54 (slot=0x233e53b78 auth=0)
####   IOGPU-CRITICAL _OBJC_IVAR_$_IOGPUMetalTexture._mipmapLevelCount = 0x1f5a0ab3c (slot=0x233e53b80 auth=0)
####   IOGPU-CRITICAL _OBJC_IVAR_$_IOGPUMetalTexture._numFaces = 0x1f5a0ab8c (slot=0x233e53b88 auth=0)
####   IOGPU-CRITICAL _OBJC_IVAR_$_IOGPUMetalTexture._parentTexture = 0x1f5a0ab58 (slot=0x233e53b90 auth=0)
####   IOGPU-CRITICAL _OBJC_IVAR_$_IOGPUMetalTexture._pixelFormat = 0x1f5a0ab28 (slot=0x233e53b98 auth=0)
####   IOGPU-CRITICAL _OBJC_IVAR_$_IOGPUMetalTexture._sampleCount = 0x1f5a0ab40 (slot=0x233e53ba0 auth=0)
####   IOGPU-CRITICAL _OBJC_IVAR_$_IOGPUMetalTexture._textureType = 0x1f5a0ab24 (slot=0x233e53ba8 auth=0)
####   IOGPU-CRITICAL _OBJC_IVAR_$_IOGPUMetalTexture._width = 0x1f5a0ab2c (slot=0x233e53bb0 auth=0)
####   sect[7] __AUTH_CONST,__auth_got type=0 entries=230 indirect_start=325 auth=1
####   IOGPU-CRITICAL _IOGPUCommandQueueGetConnect = 0x1b99edb88 (slot=0x23b09f448 auth=1)
####   IOGPU-CRITICAL _IOGPUCommandQueueGetID = 0x1b99edbd0 (slot=0x23b09f450 auth=1)
####   IOGPU-CRITICAL _IOGPUDeviceGetConnect = 0x1b99ec654 (slot=0x23b09f458 auth=1)
####   IOGPU-CRITICAL _IOGPUDeviceGetNextGlobalTraceID = 0x1b99ec7f0 (slot=0x23b09f460 auth=1)
####   IOGPU-CRITICAL _IOGPUDeviceTraceEvent = 0x1b99ec8bc (slot=0x23b09f468 auth=1)
####   IOGPU-CRITICAL _IOGPUMetalCommandBufferStorageBeginKernelCommands = 0x1b99dcad8 (slot=0x23b09f470 auth=1)
####   IOGPU-CRITICAL _IOGPUMetalCommandBufferStorageEndKernelCommands = 0x1b99dcc2c (slot=0x23b09f478 auth=1)
####   IOGPU-CRITICAL _IOGPUResourceListAddResource = 0x1b99ef1c8 (slot=0x23b09f480 auth=1)
####   IOGPU-CRITICAL _IOGPUResourceListMerge = 0x1b99ef278 (slot=0x23b09f488 auth=1)
####   IOGPU-CRITICAL _IOGPUResourceListMergeLists = 0x1b99ef354 (slot=0x23b09f490 auth=1)
####   bind[131] _IOSurfaceGetAddressFormatOfPlane -> 0x1047c45b0 (slot=0x23b09f4c8 auth=1 FORCE)
####   bind[133] _IOSurfaceGetBaseAddressOfPlane -> 0x1047c438c (slot=0x23b09f4d8 auth=1 FORCE)
####   bind[135] _IOSurfaceGetBytesPerRowOfPlane -> 0x1047c39bc (slot=0x23b09f4e8 auth=1 FORCE)
####   bind[136] _IOSurfaceGetBytesPerTileDataOfPlane -> 0x1047c3b80 (slot=0x23b09f4f0 auth=1 FORCE)
####   bind[141] _IOSurfaceGetCompressionTypeOfPlane -> 0x1047c3428 (slot=0x23b09f518 auth=1 FORCE)
####   bind[142] _IOSurfaceGetHeightInCompressedTilesOfPlane -> 0x1047c3638 (slot=0x23b09f520 auth=1 FORCE)
####   bind[145] _IOSurfaceGetWidthInCompressedTilesOfPlane -> 0x1047c37f8 (slot=0x23b09f538 auth=1 FORCE)
####   bind[286] _objc_alloc -> 0x1047c3228 (slot=0x23b09f9c0 auth=1 FORCE)
####   IOGPU-CRITICAL _objc_autoreleasePoolPop = 0x19c900a7c (slot=0x23b09f9d8 auth=1)
####   IOGPU-CRITICAL _objc_autoreleasePoolPush = 0x19c900934 (slot=0x23b09f9e0 auth=1)
#### MACWS_GOT AGXMetal13_3: indirect_slots=327 patched=323 failed=0
#### MACWS_AGX_NATIVE __auth_got section NOT FOUND
#### MACWS_AGX_NATIVE __got: 97 entries, 0 null, 97 non-null
#### MACWS_AGX_NATIVE dlopen AGXMetal13_3 OK h=0x3de50b950
#### MACWS_AGX_NATIVE +[NSBundle bundleWithPath:AGXMetal13_3.bundle] = 0x600173ae0 id=com.apple.AGXMetal13-3
#### MACWS_AGX_NATIVE bundle loadAndReturnError: 1 (err=nil) loaded=1
#### MACWS_AGX_NATIVE bundle pathForResource:ds.g13g = /System/Library/Extensions/AGXMetal13_3.bundle/Contents/Resources/ds.g13g
#### MACWS_AGX_NATIVE getMetalPluginClassForService: returning class AGXG13GFamilyDevice = 0x2396ea0f0
#### CBRI_HOOK: installed (orig=0x1b99dad84)
#### MTL-LIB-SOURCE diagnostic installed on AGXG13GFamilyDevice orig=0x201fc9984
#### MACWS-NEW-EVENT adapter installed deviceClass=AGXG13GFamilyDevice owner=IOGPUMetalDevice orig=0x1b99e1ef4 added=1
#### MACWS_AGX_NATIVE class_addMethod(AGXG13GFamilyDevice, initWithAcceleratorPort:) = 1
#### MACWS_AGX_NATIVE supportsMemorylessRenderTargets: overrode on AGXG13GFamilyDevice
#### MACWS_AGX_NATIVE supportsMemorylessRenderTargets: overrode on AGXG13GDevice
#### MACWS_AGX_NATIVE supportsMemorylessRenderTargets: total class overrides=2
#### MACWS_AGX_NATIVE tile-pipeline probe wrapped AGXG13GFamilyDevice (orig=0x201fcd5e4)
#### MACWS_AGX_NATIVE tile-pipeline probe: 1 class(es) wrapped
#### MACWS_AGX_NATIVE nil-guard wrapped setFragmentTexture:atIndex: on AGXG13GFamilyRenderContext (orig=0x201f809e0)
#### MACWS_AGX_NATIVE nil-guard: class AGXG13GRenderContext NOT registered
#### MACWS_AGX_NATIVE nil-guard: class AGXRenderContext NOT registered
#### MACWS_AGX_NATIVE nil-guard: class AGXG13GComputeContext NOT registered
#### MACWS_AGX_NATIVE nil-guard setFragmentTexture:atIndex:: 1 class(es) wrapped
#### MACWS_AGX_NATIVE nil-guard wrapped setVertexTexture:atIndex: on AGXG13GFamilyRenderContext (orig=0x201f875e8)
#### MACWS_AGX_NATIVE nil-guard: class AGXG13GRenderContext NOT registered
#### MACWS_AGX_NATIVE nil-guard: class AGXRenderContext NOT registered
#### MACWS_AGX_NATIVE nil-guard: class AGXG13GComputeContext NOT registered
#### MACWS_AGX_NATIVE nil-guard setVertexTexture:atIndex:: 1 class(es) wrapped
#### MACWS_AGX_NATIVE swizzled AGXG13GFamilyDevice newTextureWithDescriptor:iosurface:plane:
#### MACWS_AGX_NATIVE swizzled AGXG13GFamilyDevice newTextureWithDescriptor:
#### MACWS_AGX_NATIVE swizzled -[AGXBuffer initWithDevice:bytes:length:options:deallocator:pinnedGPUAddress:]
#### MACWS_AGX_NATIVE noop'd alertCommandBufferActivityStart
#### MACWS_AGX_NATIVE noop'd alertCommandBufferActivityComplete
#### objc_alloc(AGXG13GFamilyDevice) -> 0x600232000
#### MACWS_AGX_NATIVE redirecting AGXG13GFamilyDevice init(port=11279) → 2-arg variant
#### debugbydcmmc IOServiceOpen agx connect=13571 type=0x100001 (requested=0x100005)
#### AGXIOC Struct sel=0x7->0x6 inSC=16 outSC=0 -> 0x1
#### AGXIOC Struct sel=0x5->0x4 inSC=0 outSC=32 -> 0x0
#### AGXIOC ASYNC-REGISTER #1 conn=13571 sel=0x107->0x107 wake=13067 ref=0x16b83d5c0 refCnt=3 inCnt=0 caller=0x201ff3468 image=/System/Library/Extensions/AGXMetal13_3.bundle/Contents/MacOS/AGXMetal13_3 symbol=-[AGXG13GFamilyDevice initWithAcceleratorPort:simultaneousInstances:]
#### AGXIOC ASYNC-REFERENCE registration=1 index=0 value=0 image=(none) symbol=(none) symbolAddress=0x0
#### AGXIOC ASYNC-REFERENCE registration=1 index=1 value=0x201ff5a08 image=/System/Library/Extensions/AGXMetal13_3.bundle/Contents/MacOS/AGXMetal13_3 symbol=_ZN3AGX6DeviceINS_3G138EncodersENS1_7ClassesENS1_10ObjClassesEE26deviceNotificationCallbackEPviyy symbolAddress=0x201ff5a08
#### AGXIOC ASYNC-REFERENCE registration=1 index=2 value=0x600280a00 image=(none) symbol=(none) symbolAddress=0x0
#### AGXIOC AsyncScalar sel=0x107->0x107 inCnt=0 -> 0x0
#### AGX_LIFE CREATE id=0x1 type=0 surf=0 bytes=0x10000 kr=0 okC=1 failC=0 okD=0 failD=0 unmatchedD=0 full=0 live=1/0MB [t0=1/0MB t80=0/0MB t82=0/0MB]
#### AGXIOC heap map #1 clientID 0x10000 -> resourceID 0x1 size 0x10000
####   ResCreate OK type=0 clientID=0 +0x30=0 +0x38=0 +0x40=0x10000 +0x58=0 OUT[+0]=0 OUT[+0x08]=0x104ff0000 OUT[+0x10]=0x104fe00c0 OUT[+0x48]=0x10000
####   inStruct[0..104]:
####     00: 00 00 00 00 00 00 00 00 01 00 01 00 01 00 00 00
####     10: 01 01 00 01 30 84 00 00 00 00 00 00 00 00 00 00
####     20: 00 00 00 00 00 00 00 00 00 00 00 00 00 00 00 00
####     30: 00 00 00 00 00 00 00 00 00 00 00 00 00 00 00 00
####     40: 00 00 01 00 00 00 00 00 00 00 00 00 00 00 00 00
####     50: 00 00 00 38 00 00 00 00 00 00 00 00 00 00 00 00
####     60: 00 00 00 00 00 00 00 00
#### MACWS_AGX_NATIVE setupCompiler:0x30010 fired (Device=0x600232000)
#### MACWS_AGX_NATIVE supportsMemorylessRenderTargets CALLED on instance=0x600232000 class=AGXG13GFamilyDevice -> YES
#### objc_alloc(AGXG13GFamilyCommandQueue) -> 0x6000c0f00
#### AGXIOC Method sel=0x8->0x7 inCnt=0 inSC=1032 outSC=16 -> 0x0
#### AGXIOC Method sel=0x11->0xf inCnt=2 inSC=0 outSC=16 -> 0x0
#### AGXIOC Method sel=0x1d->0x19 inCnt=2 inSC=0 outSC=0 -> 0x0
#### AGXIOC Method sel=0x1f->0x1b inCnt=1 inSC=12 outSC=0 -> 0x0
#### objc_alloc(AGXBuffer) -> 0x600251f80
#### AGXIOC type0 exact initFull length: +0x58=0xc00000000 low32=0 -> +0x40=0x180
#### AGX_LIFE CREATE id=0x2 type=0 surf=0 bytes=0x4000 kr=0 okC=2 failC=0 okD=0 failD=0 unmatchedD=0 full=0 live=2/0MB [t0=2/0MB t80=0/0MB t82=0/0MB]
#### AGXIOC heap map #2 clientID 0x4000 -> resourceID 0x2 size 0x180
####   ResCreate OK type=0 clientID=0 +0x30=0x40 +0x38=0 +0x40=0x180 +0x58=0 OUT[+0]=0x1500000000 OUT[+0x08]=0x10c11c000 OUT[+0x10]=0x104fe0180 OUT[+0x48]=0x4000
####   inStruct[0..104]:
####     00: 00 00 00 00 00 00 00 00 01 00 01 00 01 00 00 00
####     10: 01 01 00 01 70 04 00 00 00 00 00 00 00 00 00 00
####     20: 00 00 00 00 00 00 00 00 00 00 00 00 00 00 00 00
####     30: 40 00 00 00 00 00 00 00 00 00 00 00 00 00 00 00
####     40: 80 01 00 00 00 00 00 00 00 00 00 00 00 00 00 00
####     50: 00 00 00 00 00 00 00 00 00 00 00 00 00 00 00 00
####     60: 00 00 00 00 00 00 f0 3f
#### TRACE -[AGXBuffer initFull] self=0x600251f80 dev=0x600232000 len=384 align=1→64 opt=0 subDis=0→1 resIn=0x16b83d6f8 pin=0x0 -> 0x600251f80
#### TRACE -[AGXBuffer initUntracked] self=0x600251f80 dev=0x600232000 len=384 opt=0 -> 0x600251f80
#### objc_alloc(AGXBuffer) -> 0x600255d00
#### AGXIOC type0 exact initFull length: +0x58=0xc00000000 low32=0 -> +0x40=0x180
#### AGX_LIFE CREATE id=0x3 type=0 surf=0 bytes=0x4000 kr=0 okC=3 failC=0 okD=0 failD=0 unmatchedD=0 full=0 live=3/0MB [t0=3/0MB t80=0/0MB t82=0/0MB]
#### AGXIOC heap map #3 clientID 0x4000 -> resourceID 0x3 size 0x180
####   ResCreate OK type=0 clientID=0 +0x30=0x40 +0x38=0 +0x40=0x180 +0x58=0 OUT[+0]=0x1500008000 OUT[+0x08]=0x10c120000 OUT[+0x10]=0x104fe0240 OUT[+0x48]=0x4000
####   inStruct[0..104]:
####     00: 00 00 00 00 00 00 00 00 01 00 01 00 01 00 00 00
####     10: 01 01 00 01 70 04 00 00 00 00 00 00 00 00 00 00
####     20: 00 00 00 00 00 00 00 00 00 00 00 00 00 00 00 00
####     30: 40 00 00 00 00 00 00 00 00 00 00 00 00 00 00 00
####     40: 80 01 00 00 00 00 00 00 00 00 00 00 00 00 00 00
####     50: 00 00 00 00 00 00 00 00 00 00 00 00 00 00 00 00
####     60: 00 00 00 00 00 00 f0 3f
#### TRACE -[AGXBuffer initFull] self=0x600255d00 dev=0x600232000 len=384 align=1→64 opt=0 subDis=0→1 resIn=0x16b83d6f8 pin=0x0 -> 0x600255d00
#### TRACE -[AGXBuffer initUntracked] self=0x600255d00 dev=0x600232000 len=384 opt=0 -> 0x600255d00
#### objc_alloc(AGXBuffer) -> 0x600255b80
#### AGXIOC type0 exact initFull length: +0x58=0xc00000000 low32=0 -> +0x40=0x40
#### AGX_LIFE CREATE id=0x4 type=0 surf=0 bytes=0x4000 kr=0 okC=4 failC=0 okD=0 failD=0 unmatchedD=0 full=0 live=4/0MB [t0=4/0MB t80=0/0MB t82=0/0MB]
#### AGXIOC heap map #4 clientID 0x4000 -> resourceID 0x4 size 0x40
####   ResCreate OK type=0 clientID=0 +0x30=0x40 +0x38=0 +0x40=0x40 +0x58=0 OUT[+0]=0x1500010000 OUT[+0x08]=0x10c124000 OUT[+0x10]=0x104fe0300 OUT[+0x48]=0x4000
####   inStruct[0..104]:
####     00: 00 00 00 00 00 00 00 00 01 00 01 00 01 00 00 00
####     10: 01 01 00 01 70 04 00 00 00 00 00 00 00 00 00 00
####     20: 00 00 00 00 00 00 00 00 00 00 00 00 00 00 00 00
####     30: 40 00 00 00 00 00 00 00 00 00 00 00 00 00 00 00
####     40: 40 00 00 00 00 00 00 00 00 00 00 00 00 00 00 00
####     50: 00 00 00 00 00 00 00 00 00 00 00 00 00 00 00 00
####     60: 70 0d 28 00 06 00 00 00
#### TRACE -[AGXBuffer initFull] self=0x600255b80 dev=0x600232000 len=64 align=1→64 opt=0 subDis=0→1 resIn=0x16b83d6f8 pin=0x0 -> 0x600255b80
#### TRACE -[AGXBuffer initUntracked] self=0x600255b80 dev=0x600232000 len=64 opt=0 -> 0x600255b80
#### objc_alloc(AGXBuffer) -> 0x600253c00
#### AGXIOC type0 exact initFull length: +0x58=0xc00000000 low32=0 -> +0x40=0x2000
#### AGX_LIFE CREATE id=0x5 type=0 surf=0 bytes=0x4000 kr=0 okC=5 failC=0 okD=0 failD=0 unmatchedD=0 full=0 live=5/0MB [t0=5/0MB t80=0/0MB t82=0/0MB]
#### AGXIOC heap map #5 clientID 0x4000 -> resourceID 0x5 size 0x2000
####   ResCreate OK type=0 clientID=0 +0x30=0x40 +0x38=0 +0x40=0x2000 +0x58=0 OUT[+0]=0x1500018000 OUT[+0x08]=0x10c128000 OUT[+0x10]=0x104fe03c0 OUT[+0x48]=0x4000
####   inStruct[0..104]:
####     00: 00 00 00 00 00 00 00 00 01 00 01 00 01 00 00 00
####     10: 01 01 00 01 70 04 00 00 00 00 00 00 00 00 00 00
####     20: 00 00 00 00 00 00 00 00 00 00 00 00 00 00 00 00
####     30: 40 00 00 00 00 00 00 00 00 00 00 00 00 00 00 00
####     40: 00 20 00 00 00 00 00 00 00 00 00 00 00 00 00 00
####     50: 00 00 00 00 00 00 00 00 00 00 00 00 00 00 00 00
####     60: c4 b7 0d 00 06 00 00 00
#### TRACE -[AGXBuffer initFull] self=0x600253c00 dev=0x600232000 len=8192 align=1→64 opt=0 subDis=0→1 resIn=0x16b83d748 pin=0x0 -> 0x600253c00
#### TRACE -[AGXBuffer initUntracked] self=0x600253c00 dev=0x600232000 len=8192 opt=0 -> 0x600253c00
#### AGXIOC type0 exact initFull length: +0x58=0xc00000000 low32=0 -> +0x40=0x80
#### AGX_LIFE CREATE id=0x6 type=0 surf=0 bytes=0x4000 kr=0 okC=6 failC=0 okD=0 failD=0 unmatchedD=0 full=0 live=6/0MB [t0=6/0MB t80=0/0MB t82=0/0MB]
#### AGXIOC heap map #6 clientID 0x4000 -> resourceID 0x6 size 0x80
####   ResCreate OK type=0 clientID=0 +0x30=0x40 +0x38=0 +0x40=0x80 +0x58=0 OUT[+0]=0x1500020000 OUT[+0x08]=0x10c12c000 OUT[+0x10]=0x104fe0480 OUT[+0x48]=0x4000
####   inStruct[0..104]:
####     00: 00 00 00 00 00 00 00 00 01 00 01 00 01 00 00 00
####     10: 01 01 00 01 70 04 00 00 00 00 00 00 00 00 00 00
####     20: 00 00 00 00 00 00 00 00 00 00 00 00 00 00 00 00
####     30: 40 00 00 00 00 00 00 00 00 00 00 00 00 00 00 00
####     40: 80 00 00 00 00 00 00 00 00 00 00 00 00 00 00 00
####     50: 00 00 00 00 00 00 00 00 00 00 00 00 00 00 00 00
####     60: b8 a6 6e 39 02 00 00 00
#### TRACE -[AGXBuffer initFull] self=0x600253a80 dev=0x600232000 len=128 align=1→64 opt=0 subDis=0→1 resIn=0x16b83d738 pin=0x0 -> 0x600253a80
#### TRACE -[AGXBuffer initUntracked] self=0x600253a80 dev=0x600232000 len=128 opt=0 -> 0x600253a80
#### AGXIOC type0 exact initFull length: +0x58=0xc00000000 low32=0 -> +0x40=0x100
#### AGX_LIFE CREATE id=0x7 type=0 surf=0 bytes=0x4000 kr=0 okC=7 failC=0 okD=0 failD=0 unmatchedD=0 full=0 live=7/0MB [t0=7/0MB t80=0/0MB t82=0/0MB]
#### AGXIOC heap map #7 clientID 0x4000 -> resourceID 0x7 size 0x100
####   ResCreate OK type=0 clientID=0 +0x30=0x40 +0x38=0 +0x40=0x100 +0x58=0 OUT[+0]=0x1500028000 OUT[+0x08]=0x10c230000 OUT[+0x10]=0x104fe0540 OUT[+0x48]=0x4000
####   inStruct[0..104]:
####     00: 00 00 00 00 00 00 00 00 01 00 01 00 01 00 00 00
####     10: 01 01 00 01 70 04 00 00 00 00 00 00 00 00 00 00
####     20: 00 00 00 00 00 00 00 00 00 00 00 00 00 00 00 00
####     30: 40 00 00 00 00 00 00 00 00 00 00 00 00 00 00 00
####     40: 00 01 00 00 00 00 00 00 00 00 00 00 00 00 00 00
####     50: 00 00 00 00 00 00 00 00 00 00 00 00 00 00 00 00
####     60: b8 a6 6e 39 02 00 00 00
#### TRACE -[AGXBuffer initFull] self=0x600253900 dev=0x600232000 len=256 align=1→64 opt=0 subDis=0→1 resIn=0x16b83d738 pin=0x0 -> 0x600253900
#### TRACE -[AGXBuffer initUntracked] self=0x600253900 dev=0x600232000 len=256 opt=0 -> 0x600253900
#### AGXIOC type0 exact initFull length: +0x58=0xc00000000 low32=0 -> +0x40=0x100
#### AGX_LIFE CREATE id=0x8 type=0 surf=0 bytes=0x4000 kr=0 okC=8 failC=0 okD=0 failD=0 unmatchedD=0 full=0 live=8/0MB [t0=8/0MB t80=0/0MB t82=0/0MB]
#### AGXIOC heap map #8 clientID 0x4000 -> resourceID 0x8 size 0x100
####   ResCreate OK type=0 clientID=0 +0x30=0x40 +0x38=0 +0x40=0x100 +0x58=0 OUT[+0]=0x1500030000 OUT[+0x08]=0x10c234000 OUT[+0x10]=0x104fe0600 OUT[+0x48]=0x4000
####   inStruct[0..104]:
####     00: 00 00 00 00 00 00 00 00 01 00 01 00 01 00 00 00
####     10: 01 01 00 01 70 04 00 00 00 00 00 00 00 00 00 00
####     20: 00 00 00 00 00 00 00 00 00 00 00 00 00 00 00 00
####     30: 40 00 00 00 00 00 00 00 00 00 00 00 00 00 00 00
####     40: 00 01 00 00 00 00 00 00 00 00 00 00 00 00 00 00
####     50: 00 00 00 00 00 00 00 00 00 00 00 00 00 00 00 00
####     60: b8 a6 6e 39 02 00 00 00
#### TRACE -[AGXBuffer initFull] self=0x600253780 dev=0x600232000 len=256 align=1→64 opt=0 subDis=0→1 resIn=0x16b83d738 pin=0x0 -> 0x600253780
#### TRACE -[AGXBuffer initUntracked] self=0x600253780 dev=0x600232000 len=256 opt=0 -> 0x600253780
#### AGXIOC type0 exact initFull length: +0x58=0xc00000000 low32=0 -> +0x40=0x100
#### AGX_LIFE CREATE id=0x9 type=0 surf=0 bytes=0x4000 kr=0 okC=9 failC=0 okD=0 failD=0 unmatchedD=0 full=0 live=9/0MB [t0=9/0MB t80=0/0MB t82=0/0MB]
#### AGXIOC heap map #9 clientID 0x4000 -> resourceID 0x9 size 0x100
####   ResCreate OK type=0 clientID=0 +0x30=0x40 +0x38=0 +0x40=0x100 +0x58=0 OUT[+0]=0x1500038000 OUT[+0x08]=0x10c238000 OUT[+0x10]=0x104fe06c0 OUT[+0x48]=0x4000
####   inStruct[0..104]:
####     00: 00 00 00 00 00 00 00 00 01 00 01 00 01 00 00 00
####     10: 01 01 00 01 70 04 00 00 00 00 00 00 00 00 00 00
####     20: 00 00 00 00 00 00 00 00 00 00 00 00 00 00 00 00
####     30: 40 00 00 00 00 00 00 00 00 00 00 00 00 00 00 00
####     40: 00 01 00 00 00 00 00 00 00 00 00 00 00 00 00 00
####     50: 00 00 00 00 00 00 00 00 00 00 00 00 00 00 00 00
####     60: b8 a6 6e 39 02 00 00 00
#### TRACE -[AGXBuffer initFull] self=0x600254200 dev=0x600232000 len=256 align=1→64 opt=0 subDis=0→1 resIn=0x16b83d738 pin=0x0 -> 0x600254200
#### TRACE -[AGXBuffer initUntracked] self=0x600254200 dev=0x600232000 len=256 opt=0 -> 0x600254200
#### AGX_LIFE CREATE id=0xa type=0 surf=0 bytes=0x10000 kr=0 okC=10 failC=0 okD=0 failD=0 unmatchedD=0 full=0 live=10/0MB [t0=10/0MB t80=0/0MB t82=0/0MB]
#### AGXIOC heap map #10 clientID 0x10000 -> resourceID 0xa size 0x10000
####   ResCreate OK type=0 clientID=0 +0x30=0 +0x38=0 +0x40=0x10000 +0x58=0 OUT[+0]=0x1500040000 OUT[+0x08]=0x10c23c000 OUT[+0x10]=0x104fe0780 OUT[+0x48]=0x10000
####   inStruct[0..104]:
####     00: 00 00 00 00 00 00 00 00 01 00 01 00 01 00 00 00
####     10: 01 01 00 01 30 04 00 00 00 00 00 00 00 00 00 00
####     20: 00 00 00 00 00 00 00 00 00 00 00 00 00 00 00 00
####     30: 00 00 00 00 00 00 00 00 00 00 00 00 00 00 00 00
####     40: 00 00 01 00 00 00 00 00 00 00 00 00 00 00 00 00
####     50: 00 00 00 08 00 00 00 00 00 00 00 00 00 00 00 00
####     60: 00 00 00 00 00 00 00 00
#### AGXIOC type0 exact initFull length: +0x58=0xc00000000 low32=0 -> +0x40=0x2000
#### AGX_LIFE CREATE id=0xb type=0 surf=0 bytes=0x4000 kr=0 okC=11 failC=0 okD=0 failD=0 unmatchedD=0 full=0 live=11/0MB [t0=11/0MB t80=0/0MB t82=0/0MB]
#### AGXIOC heap map #11 clientID 0x4000 -> resourceID 0xb size 0x2000
####   ResCreate OK type=0 clientID=0 +0x30=0x40 +0x38=0 +0x40=0x2000 +0x58=0 OUT[+0]=0x1500058000 OUT[+0x08]=0x10c24c000 OUT[+0x10]=0x104fe0840 OUT[+0x48]=0x4000
####   inStruct[0..104]:
####     00: 00 00 00 00 00 00 00 00 01 00 01 00 01 00 00 00
####     10: 01 01 00 01 70 04 00 00 00 00 00 00 00 00 00 00
####     20: 00 00 00 00 00 00 00 00 00 00 00 00 00 00 00 00
####     30: 40 00 00 00 00 00 00 00 00 00 00 00 00 00 00 00
####     40: 00 20 00 00 00 00 00 00 00 00 00 00 00 00 00 00
####     50: 00 00 00 00 00 00 00 00 00 00 00 00 00 00 00 00
####     60: cc 2e 3a dc 65 17 f8 ac
#### TRACE -[AGXBuffer initFull] self=0x600254080 dev=0x600232000 len=8192 align=1→64 opt=0 subDis=0→1 resIn=0x16b83d498 pin=0x0 -> 0x600254080
#### TRACE -[AGXBuffer initUntracked] self=0x600254080 dev=0x600232000 len=8192 opt=0 -> 0x600254080
#### AGXIOC type0 exact initFull length: +0x58=0xc00000000 low32=0 -> +0x40=0x80
#### AGXIOC sel=0x9 type=0 args+0x14=0x2470 → 0x470 (stripped macOS-only bits 0x2800)
#### AGX_LIFE CREATE id=0xc type=0 surf=0 bytes=0x4000 kr=0 okC=12 failC=0 okD=0 failD=0 unmatchedD=0 full=0 live=12/0MB [t0=12/0MB t80=0/0MB t82=0/0MB]
#### AGXIOC heap map #12 clientID 0x4000 -> resourceID 0xc size 0x80
####   ResCreate OK type=0 clientID=0 +0x30=0x40 +0x38=0 +0x40=0x80 +0x58=0 OUT[+0]=0x1500060000 OUT[+0x08]=0x10c250000 OUT[+0x10]=0x104fe0900 OUT[+0x48]=0x4000
####   inStruct[0..104]:
####     00: 00 00 00 00 00 00 00 00 01 00 01 00 01 00 00 00
####     10: 01 01 00 01 70 04 00 00 00 00 00 00 00 00 00 00
####     20: 00 00 00 00 00 00 00 00 00 00 00 00 00 00 00 00
####     30: 40 00 00 00 00 00 00 00 00 00 00 00 00 00 00 00
####     40: 80 00 00 00 00 00 00 00 00 00 00 00 00 00 00 00
####     50: 00 00 00 00 00 00 00 00 00 00 00 00 00 00 00 00
####     60: 00 00 00 00 00 00 00 00
#### TRACE -[AGXBuffer initFull] self=0x600255100 dev=0x600232000 len=128 align=1→64 opt=32 subDis=0→1 resIn=0x16b83d778 pin=0x0 -> 0x600255100
#### TRACE -[AGXBuffer initUntracked] self=0x600255100 dev=0x600232000 len=128 opt=32 -> 0x600255100
[61640:0728/053348.458845:VERBOSE1:components/viz/service/main/viz_main_impl.cc:87] VizNullHypothesis is disabled (not a warning)
#### tile-encoder forwards: class MTLSimRenderCommandEncoder NOT found
#### IOGPU-CALLBACK-DIAG installed queueClass=0x1f7e808d0 method=0x0 orig=0x0 bufferClass=0x1f7e80830 method=0x1b99f79a5 orig=0x1b99dabe8 (file-gated)
#### NSXPCSharedListener class=0x1f81fbbd8
#### NSXPCSharedListener endpointForReply swizzle installed
#### NSXPCSharedListener connectToService swizzle installed
#### MTL_TEX POOL-NEW: key=16x16-pf125-bpe16-fcc1380410945 → IOSurface=0x600079760 (bpr=256 alloc=16 KB, map=EXPLICIT)
#### MACWS_AGX_NATIVE supportsMemorylessRenderTargets CALLED on instance=0x600232000 class=AGXG13GFamilyDevice -> YES
#### AGXIOC RAW DUMP sel=0x9 type=0x82 inStructCnt=104 (PRE-patch):
    +0000: 82 00 00 00 00 00 00 00 10 00 10 00 01 00 00 00
    +0x10: 01 01 00 10 30 04 00 00 00 00 00 00 00 00 00 00
    +0x20: 00 00 00 00 00 00 00 00 00 00 00 00 00 00 00 00
    +0x30: 00 00 00 00 00 00 00 00 a1 00 00 00 00 00 00 00
    +0x40: 00 00 00 00 00 00 00 00 00 00 00 00 00 00 00 00
    +0x50: 00 00 00 00 00 00 00 00 00 8f 88 80 01 00 00 00
    +0x60: 00 00 00 00 00 00 00 00
####   key fields: +0x14=0x430 +0x15(byte)=0x4 +0x30=0 +0x34=0 +0x38=0xa1 +0x40=0 +0x48=0 +0x58=0x180888f00
#### AGXIOC type=0x82 patch #1: f14=0x430 +0x30 0→0xa1 +0x38 0xa1→0 +0x40 0→0 +0x50 0→0x180888f00 +0x58 0x180888f00→0
#### AGX_LIFE CREATE id=0xd type=0x82 surf=0xa1 bytes=0x4000 kr=0 okC=13 failC=0 okD=0 failD=0 unmatchedD=0 full=0 live=13/0MB [t0=12/0MB t80=0/0MB t82=1/0MB]
#### AGX_LIFE type82 CREATE stack #1 resourceID=0xd surf=0xa1 (16 frames):
0   libmachook_arm64.dylib              0x00000001047c8930 IOConnectCallMethod_new + 6708
1   IOGPU                               0x00000001b99ee18c IOGPUResourceCreate + 236
2   IOGPU                               0x00000001b99e8138 -[IOGPUMetalResource initWithDevice:remoteStorageResource:options:args:argsSize:] + 460
3   libmachook_arm64.dylib              0x00000001047be424 __loadImageCallback_block_invoke_20 + 112
4   IOGPU                               0x00000001b99ea5ec -[IOGPUMetalTexture initWithDevice:descriptor:iosurface:plane:field:args:argsSize:] + 824
5   AGXMetal13_3                        0x00000002022f2f38 -[AGXTexture initWithDevice:desc:iosurface:plane:] + 288
6   libmachook_arm64.dylib              0x00000001047f0aa4 -[MTLFakeDevice hooked_newTextureWithDescriptor:] + 5780
7   libGLESv2.dylib                     0x000000010c75f714 glStartTilingQCOM + 2731796
8   libGLESv2.dylib                     0x000000010c772b48 glStartTilingQCOM + 2810696
9   libGLESv2.dylib                     0x000000010c771e40 glStartTilingQCOM + 2807360
10  libGLESv2.dylib                     0x000000010c771ccc glStartTilingQCOM + 2806988
11  libGLESv2.dylib                     0x000000010c749648 glStartTilingQCOM + 2641480
12  libGLESv2.dylib                     0x000000010c749ff4 glStartTilingQCOM + 2643956
13  libGLESv2.dylib                     0x000000010c634f58 glStartTilingQCOM + 1509208
14  libGLESv2.dylib                     0x000000010c5cb480 glStartTilingQCOM + 1076352
15  libGLESv2.dylib                     0x000000010c49fa88 GL_TexImage2D + 144
####   ResCreate OK type=0x82 clientID=0 +0x30=0xa1 +0x38=0 +0x40=0 +0x58=0 OUT[+0]=0x1500068000 OUT[+0x08]=0 OUT[+0x10]=0x104fe09c0 OUT[+0x48]=0x4000
####   inStruct[0..104]:
####     00: 82 00 00 00 00 00 00 00 10 00 10 00 01 00 00 00
####     10: 01 01 00 10 30 04 00 00 00 00 00 00 00 00 00 00
####     20: 00 00 00 00 00 00 00 00 00 00 00 00 00 00 00 00
####     30: a1 00 00 00 00 00 00 00 00 00 00 00 00 00 00 00
####     40: 00 00 00 00 00 00 00 00 00 00 00 00 00 00 00 00
####     50: 00 8f 88 80 01 00 00 00 00 00 00 00 00 00 00 00
####     60: 00 00 00 00 00 00 00 00
#### MTL_TEX TEX-CACHE-NEW: surf=0x600079760 → tex=0x600229d80
#### AGX_MAP_AUDIT: _impl ivar offset = 0x208
#### AGX_MAP_AUDIT #0 tex=0x600229d80 impl=0x600229b00 iosurface(arg=0x600079760 bound=0x600079760) plane=0 cpu130=0x10c290000 gpu40=0x1500068000 descriptorOff=0x190 descriptorLayout=0 compressed=0 extended=0 match=1
#### MTL_TEX plain ROUTE-IOSURF result: 0x600229d80
#### MTL_TEX POOL-HIT: key=16x16-pf125-bpe16-fcc1380410945 → IOSurface=0x600079760
#### MTL_TEX TEX-CACHE-HIT: surf=0x600079760 → tex=0x600229d80 (no sel=0xa, +1 retain)
#### AGX_MAP_AUDIT #1 tex=0x600229d80 impl=0x600229b00 iosurface(arg=0x600079760 bound=0x600079760) plane=0 cpu130=0x10c290000 gpu40=0x1500068000 descriptorOff=0x190 descriptorLayout=0 compressed=0 extended=0 match=1
#### MTL_TEX plain ROUTE-IOSURF result: 0x600229d80
#### AGXIOC Method sel=0xf->0xd inCnt=2 inSC=0 outSC=16 -> 0x0
#### AGXIOC Method sel=0xf->0xd inCnt=2 inSC=0 outSC=16 -> 0x0
#### AGXIOC Struct sel=0x6->0x5 inSC=0 outSC=16 -> 0x0
#### MACWS_HID_BYPASS installed SetMatchingMultiple → no-op (1) at 0x19fe25e8c — skips iOS-format CFBinaryPlist parse inside
####   IOHIDEventSystemClientCacheMatchingServices → IOHIDUnserializeAndVMDealloc → CFPropertyListCreateFromStream
####   that BUS_ADRALNs in the IOMFBServer thread.
#### MACWS_AGX_RENAMER_PATCH: off (set MACWS_AGX_RENAMER_PATCH=1 to enable)
#### MACWS_ASSERT_BYPASS DISABLED (set MACWS_KEEP_ASSERT_BYPASS=1 to restore lazy bypass) — real __assert_rtn now reaches abort
#### MACWS_AGX_NATIVE [ctor] pre-loaded IOGPU via /System/Library/PrivateFrameworks/IOGPU.framework/IOGPU -> 0x3de2ecc10
#### XPC_BOOTSTRAP: fn=0x19c9dd140 dict=0x157112150 (registering Metal/ViewBridge/HIServices)
#### XPC_BOOTSTRAP: called OK
#### COEXIST API SwapEnd hook installed target=0x1a78bb1cc trampoline=0x102ac8000
#### SkyLight PrepareForUse tolerate-nil hook installed at 0x1a1c9cfc4
#### SkyLight StartCompositeForDisplayStream nil-skip hook installed at 0x1a1ac5d74
#### SkyLight StartComposite(WSCD) tolerate-nil + pop-on-bail hook installed at 0x1a1ac5358
#### SkyLight StartComposite(MTLTex) pop-on-bail hook installed at 0x1a1ac5fb8
#### SkyLight EndCurrentComposite(bool) completion hook installed at 0x1a1ac453c
#### SkyLight EndUpdate(bool) submission hook installed at 0x1a1ac40b0
#### SkyLight _state_stack pop_back resolved at 0x1a1ac2fa0
#### SkyLight WSCompositeDestinationCreateWithMetalTexture nil-tolerate hook installed at 0x1a1ac853c
#### SkyLight MetalContext::StopCapture invalid-this guard installed at 0x1a1ac41bc
#### MACWS_AGX_NATIVE class_addMethod(MTLTextureDescriptor, validateWithDevice:) = 1
#### MACWS_AGX_NATIVE class_addMethod(IOGPUMetalTexture, isMemoryless) = 1
#### MACWS_AGX_NATIVE class_addMethod(IOGPUMetalTexture, getCPUSizeBytes) = 1
#### MACWS_AGX_NATIVE class_addMethod(IOGPUMetalTexture, getAlignment) = 1
#### MACWS_AGX_NATIVE class_addMethod(IOGPUMetalTexture, descriptorPrivate) = 1
#### MACWS_AGX_NATIVE class_addMethod(IOGPUMetalTexture, getBytesPerRow) = 1
#### MACWS_AGX_NATIVE class_addMethod(IOGPUMetalTexture, updateBindDataWithAddresses:gpuVirtualAddress:) = 1
#### MACWS_AGX_NATIVE class_addMethod(IOGPUMetalTexture, updateBindDataWithAddresses:gpuVirtualAddress:shouldInitMetadata:) = 1
#### MACWS_AGX_NATIVE class_addMethod(IOGPUMetalTexture, allocBufferSubDataWithLength:options:alignment:heapIndex:bufferIndex:bufferOffset:) = 1
#### MACWS_AGX_NATIVE class_addMethod(IOGPUMetalTexture, initNewTextureData:) = 1
#### MACWS_AGX_NATIVE class_addMethod(MTLTextureDescriptor, isMemoryless) = 1
#### MACWS_AGX_NATIVE class_addMethod(MTLTextureDescriptor, protectionOptions) = 1
#### MACWS_AGX_NATIVE class_addMethod(MTLTextureDescriptor, getCPUSizeBytes) = 1
#### MACWS_AGX_NATIVE class_addMethod(MTLTextureDescriptor, getAlignment) = 1
#### MACWS_AGX_NATIVE class_addMethod(MTLTextureDescriptor, descriptorPrivate) = 1
#### MACWS_AGX_NATIVE class_addMethod(MTLTextureDescriptor, getBytesPerRow) = 1
#### MACWS_AGX_NATIVE class_addMethod(MTLTextureDescriptor, updateBindDataWithAddresses:gpuVirtualAddress:) = 1
#### MACWS_AGX_NATIVE class_addMethod(MTLTextureDescriptor, updateBindDataWithAddresses:gpuVirtualAddress:shouldInitMetadata:) = 1
#### MACWS_AGX_NATIVE class_addMethod(MTLTextureDescriptor, allocBufferSubDataWithLength:options:alignment:heapIndex:bufferIndex:bufferOffset:) = 1
#### MACWS_AGX_NATIVE class_addMethod(MTLTextureDescriptor, initNewTextureData:) = 1
[90m[main 2026-07-28T12:33:48.929Z][0m [shared storage] Creating shared storage database at '/Users/root/.vscode-shared/sharedStorage/state.vscdb' (wasCreated: false)
[90m[main 2026-07-28T12:33:48.932Z][0m [shared storage] Initializing fallback application storage (path: /tmp/macws-vscode-profile-agx-native-targetfix11/User/globalStorage/state.vscdb)
[61600:0728/053348.972388:VERBOSE1:content/browser/loader/file_url_loader_factory.cc:474] FileURLLoader::Start: file:///Applications/Visual%20Studio%20Code.app/Contents/Resources/app/out/vs/code/electron-browser/workbench/workbench.html
[90m[main 2026-07-28T12:33:48.979Z][0m [shared storage] Fallback application storage initialized with 62 items
#### JIT-MPROTECT flip #4096 ranges=1 prot=RX writers=1 exec_waits=30 late_retries=1
#### AMFI-POLICY-COMPAT policy=AMFI op=0x60 status=0x4 (iOS task ports are hard-immovable)
#### CSR-POLICY-COMPAT active_config=0x0 (conservative iOS compatibility value)
[61644:0728/053349.130738:ERROR:base/process/process_mac.cc:53] task_policy_set TASK_CATEGORY_POLICY: (os/kern) invalid argument (4)
[61644:0728/053349.133959:INFO:third_party/webrtc/rtc_base/cpu_info.cc:77] Available number of cores: 8
2026-07-28 05:33:49.140 Code Helper (Renderer)[61644:8195207] XType: Using static font registry.
#### JIT-MPROTECT range[0]=[0x280000000,0x290000000) source=MAP_JIT-EINVAL
#### JIT-MPROTECT execution barrier installed (W^X fetch-wait compatibility)
#### JIT-MPROTECT range[0]=[0x280000000,0x290000000) source=MAP_JIT-EINVAL
#### JIT-MPROTECT range[0]=[0x280000000,0x290000000) source=MAP_JIT-EINVAL
#### JIT-MPROTECT range[0]=[0x280000000,0x290000000) source=MAP_JIT-EINVAL
#### JIT-MPROTECT range[0]=[0x280000000,0x290000000) source=MAP_JIT-EINVAL
#### JIT-MPROTECT range[0]=[0x280000000,0x290000000) source=MAP_JIT-EINVAL
#### JIT-MPROTECT range[0]=[0x280000000,0x290000000) source=MAP_JIT-EINVAL
#### JIT-MPROTECT range[0]=[0x280000000,0x290000000) source=MAP_JIT-EINVAL
#### JIT-MPROTECT range[0]=[0x170000000,0x180000000) source=MAP_JIT-EINVAL
#### JIT-MPROTECT call #1 addr=0x170000000 size=0x10000000 requested=0x7 effective=0x3 result=0 errno=0 caller=0x1148e2334 image=/Applications/Visual Studio Code.app/Contents/Frameworks/Electron Framework.framework/Versions/A/Electron Framework offset=0x63b2334
#### JIT-MPROTECT remap decline #1 dst=0x177dc0000 size=0x208000 src=0x110bd8000 requested=0x5 -> V8 copy fallback
#### JIT-MPROTECT flip #1 ranges=1 prot=RW writers=1 exec_waits=0 late_retries=0
#### JIT-MPROTECT flip #2 ranges=1 prot=RX writers=1 exec_waits=0 late_retries=0
[90m[main 2026-07-28T12:33:49.611Z][0m update#setState disabled
[90m[main 2026-07-28T12:33:49.611Z][0m update#ctor - updates are disabled by the environment
[61644:0728/053349.621994:VERBOSE1:extensions/renderer/script_context.cc:150] Created context:
  extension id:           (none)
  frame:                  0xe02030500
  URL:                    
  context_type:           WEB_PAGE
  effective extension id: (none)
  effective context type: WEB_PAGE
[61644:0728/053349.622535:VERBOSE1:extensions/renderer/script_context.cc:150] Created context:
  extension id:           (none)
  frame:                  (nil)
  URL:                    
  context_type:           UNSPECIFIED
  effective extension id: (none)
  effective context type: UNSPECIFIED
[61644:0728/053349.622943:VERBOSE1:extensions/renderer/dispatcher.cc:493] Num tracked contexts: 1
[61644:0728/053349.624882:VERBOSE1:extensions/renderer/script_context.cc:150] Created context:
  extension id:           (none)
  frame:                  0xe02030500
  URL:                    
  context_type:           WEB_PAGE
  effective extension id: (none)
  effective context type: WEB_PAGE
[61644:0728/053349.624933:VERBOSE1:extensions/renderer/script_context.cc:150] Created context:
  extension id:           (none)
  frame:                  (nil)
  URL:                    
  context_type:           UNSPECIFIED
  effective extension id: (none)
  effective context type: UNSPECIFIED
[61644:0728/053349.625077:VERBOSE1:extensions/renderer/dispatcher.cc:493] Num tracked contexts: 2
#### JIT-MPROTECT flip #3 ranges=1 prot=RW writers=1 exec_waits=0 late_retries=0
#### JIT-MPROTECT flip #4 ranges=1 prot=RX writers=1 exec_waits=0 late_retries=0
#### JIT-MPROTECT flip #5 ranges=1 prot=RW writers=1 exec_waits=0 late_retries=0
#### JIT-MPROTECT flip #6 ranges=1 prot=RX writers=1 exec_waits=0 late_retries=0
#### JIT-MPROTECT flip #7 ranges=1 prot=RW writers=1 exec_waits=0 late_retries=0
#### JIT-MPROTECT flip #8 ranges=1 prot=RX writers=1 exec_waits=0 late_retries=0
#### JIT-MPROTECT flip #9 ranges=1 prot=RW writers=1 exec_waits=0 late_retries=0
#### JIT-MPROTECT flip #10 ranges=1 prot=RX writers=1 exec_waits=0 late_retries=0
#### JIT-MPROTECT flip #11 ranges=1 prot=RW writers=1 exec_waits=0 late_retries=0
#### JIT-MPROTECT flip #12 ranges=1 prot=RX writers=1 exec_waits=0 late_retries=0
#### JIT-MPROTECT flip #13 ranges=1 prot=RW writers=1 exec_waits=0 late_retries=0
#### JIT-MPROTECT flip #14 ranges=1 prot=RX writers=1 exec_waits=0 late_retries=0
#### JIT-MPROTECT flip #15 ranges=1 prot=RW writers=1 exec_waits=0 late_retries=0
#### JIT-MPROTECT flip #16 ranges=1 prot=RX writers=1 exec_waits=0 late_retries=0
#### JIT-MPROTECT flip #17 ranges=1 prot=RW writers=1 exec_waits=0 late_retries=0
#### JIT-MPROTECT flip #18 ranges=1 prot=RX writers=1 exec_waits=0 late_retries=0
#### JIT-MPROTECT flip #19 ranges=1 prot=RW writers=1 exec_waits=0 late_retries=0
#### JIT-MPROTECT flip #20 ranges=1 prot=RX writers=1 exec_waits=0 late_retries=0
#### JIT-MPROTECT flip #21 ranges=1 prot=RW writers=1 exec_waits=0 late_retries=0
#### JIT-MPROTECT flip #22 ranges=1 prot=RX writers=1 exec_waits=0 late_retries=0
#### JIT-MPROTECT flip #23 ranges=1 prot=RW writers=1 exec_waits=0 late_retries=0
#### JIT-MPROTECT flip #24 ranges=1 prot=RX writers=1 exec_waits=0 late_retries=0
#### JIT-MPROTECT flip #25 ranges=1 prot=RW writers=1 exec_waits=0 late_retries=0
#### JIT-MPROTECT flip #26 ranges=1 prot=RX writers=1 exec_waits=0 late_retries=0
#### JIT-MPROTECT flip #27 ranges=1 prot=RW writers=1 exec_waits=0 late_retries=0
#### JIT-MPROTECT flip #28 ranges=1 prot=RX writers=1 exec_waits=0 late_retries=0
#### JIT-MPROTECT flip #29 ranges=1 prot=RW writers=1 exec_waits=0 late_retries=0
#### JIT-MPROTECT flip #30 ranges=1 prot=RX writers=1 exec_waits=0 late_retries=0
#### JIT-MPROTECT flip #31 ranges=1 prot=RW writers=1 exec_waits=0 late_retries=0
#### JIT-MPROTECT flip #32 ranges=1 prot=RX writers=1 exec_waits=0 late_retries=0
[91m[main 2026-07-28T12:33:50.385Z][0m Unable to resolve your shell environment: Unexpected exit code from spawned shell (code null, signal SIGABRT)
[61600:0728/053350.387284:VERBOSE1:content/browser/loader/file_url_loader_factory.cc:474] FileURLLoader::Start: file:///Applications/Visual%20Studio%20Code.app/Contents/Resources/app/out/vs/workbench/workbench.desktop.main.css
[61600:0728/053350.387756:VERBOSE1:content/browser/loader/file_url_loader_factory.cc:474] FileURLLoader::Start: file:///Applications/Visual%20Studio%20Code.app/Contents/Resources/app/out/vs/code/electron-browser/workbench/workbench.js
[61644:0728/053350.460567:VERBOSE1:third_party/blink/renderer/core/script/modulator_impl_base.cc:141] "Import Map: \"vscode-file://vscode-app/Applications/Visual%20Studio%20Code.app/Contents/Resources/app/out/vs/workbench/workbench.desktop.main.js\" skips prefix match because of non-special URL scheme"
[61600:0728/053350.468939:VERBOSE1:content/browser/loader/file_url_loader_factory.cc:474] FileURLLoader::Start: file:///Applications/Visual%20Studio%20Code.app/Contents/Resources/app/out/vs/workbench/workbench.desktop.main.js
[61641:0728/053350.469631:VERBOSE1:net/base/network_delegate.cc:38] NetworkDelegate::NotifyBeforeURLRequest: https://webglsamples.org/aquarium/aquarium.html
[61641:0728/053350.486312:VERBOSE1:net/third_party/quiche/src/quiche/quic/core/tls_handshaker.cc:109] TlsClient: Continuing handshake
#### MTL_TEX entry self class=AGXG13GFamilyDevice
#### MTL_TEX TLS set iosurface=0x60007a120 id=0xb5 plane=0 compressionHeaderSpan=0 (thread=0x1f7c95e00 addr=0x0)
#### MACWS_AGX_NATIVE supportsMemorylessRenderTargets CALLED on instance=0x600232000 class=AGXG13GFamilyDevice -> YES
#### AGXIOC type=0x82 patch #2: f14=0x430 +0x30 0→0xb5 +0x38 0xb5→0 +0x40 0→0 +0x50 0→0x180888f00 +0x58 0x180888f00→0
#### AGX_LIFE CREATE id=0xe type=0x82 surf=0xb5 bytes=0x3d0000 kr=0 okC=14 failC=0 okD=0 failD=0 unmatchedD=0 full=0 live=14/4MB [t0=12/0MB t80=0/0MB t82=2/3MB]
#### AGX_LIFE type82 CREATE stack #2 resourceID=0xe surf=0xb5 (16 frames):
0   libmachook_arm64.dylib              0x00000001047c8930 IOConnectCallMethod_new + 6708
1   IOGPU                               0x00000001b99ee18c IOGPUResourceCreate + 236
2   IOGPU                               0x00000001b99e8138 -[IOGPUMetalResource initWithDevice:remoteStorageResource:options:args:argsSize:] + 460
3   libmachook_arm64.dylib              0x00000001047be424 __loadImageCallback_block_invoke_20 + 112
4   IOGPU                               0x00000001b99ea5ec -[IOGPUMetalTexture initWithDevice:descriptor:iosurface:plane:field:args:argsSize:] + 824
5   AGXMetal13_3                        0x00000002022f2f38 -[AGXTexture initWithDevice:desc:iosurface:plane:] + 288
6   libmachook_arm64.dylib              0x00000001047eb894 -[MTLFakeDevice hooked_newTextureWithDescriptor:iosurface:plane:] + 1932
7   libGLESv2.dylib                     0x000000010c75f754 glStartTilingQCOM + 2731860
8   libGLESv2.dylib                     0x000000010c7339b8 glStartTilingQCOM + 2552248
9   libGLESv2.dylib                     0x000000010c733824 glStartTilingQCOM + 2551844
10  libGLESv2.dylib                     0x000000010c631fd4 glStartTilingQCOM + 1497044
11  libGLESv2.dylib                     0x000000010c48d5fc libGLESv2.dylib + 38396
12  libGLESv2.dylib                     0x000000010c490d60 EGL_BindTexImage + 144
13  Electron Framework                  0x00000001165ba528 rust_bmp$cxxbridge1$194$Reader$image_data_loaded + 582280
14  Electron Framework                  0x00000001165bd9cc rust_bmp$cxxbridge1$194$Reader$image_data_loaded + 595756
15  Electron Framework                  0x00000001165bb830 rust_bmp$cxxbridge1$194$Reader$image_data_loaded + 587152
####   ResCreate OK type=0x82 clientID=0 +0x30=0xb5 +0x38=0 +0x40=0 +0x58=0 OUT[+0]=0x1500070000 OUT[+0x08]=0 OUT[+0x10]=0x104fe0a80 OUT[+0x48]=0x3d0000
####   inStruct[0..104]:
####     00: 82 00 00 00 00 00 00 00 60 09 a0 01 01 00 00 00
####     10: 01 01 00 04 30 04 00 00 00 00 00 00 00 00 00 00
####     20: 00 00 00 00 00 00 00 00 00 00 00 00 00 00 00 00
####     30: b5 00 00 00 00 00 00 00 00 00 00 00 00 00 00 00
####     40: 00 00 00 00 00 00 00 00 00 00 00 00 00 00 00 00
####     50: 00 8f 88 80 01 00 00 00 00 00 00 00 00 00 00 00
####     60: 00 00 00 00 00 00 00 00
#### AGX_MAP_AUDIT #2 tex=0x6009c3980 impl=0x6009c3700 iosurface(arg=0x60007a120 bound=0x60007a120) plane=0 cpu130=0x10f87c000 gpu40=0x1500070000 descriptorOff=0x190 descriptorLayout=0 compressed=0 extended=0 match=1
#### AGX_LIFE CREATE id=0xf type=0 surf=0 bytes=0x50000 kr=0 okC=15 failC=0 okD=0 failD=0 unmatchedD=0 full=0 live=15/4MB [t0=13/0MB t80=0/0MB t82=2/3MB]
#### AGXIOC heap map #13 clientID 0x50000 -> resourceID 0xf size 0x50000
####   ResCreate OK type=0 clientID=0 +0x30=0 +0x38=0 +0x40=0x50000 +0x58=0 OUT[+0]=0x18000 OUT[+0x08]=0x10fc4c000 OUT[+0x10]=0x104fe0b40 OUT[+0x48]=0x50000
####   inStruct[0..104]:
####     00: 00 00 00 00 00 00 00 00 01 00 01 00 01 00 00 00
####     10: 01 01 00 01 30 84 00 00 00 00 00 00 00 00 00 00
####     20: 00 00 00 00 00 00 00 00 00 00 00 00 00 00 00 00
####     30: 00 00 00 00 00 00 00 00 00 00 00 00 00 00 00 00
####     40: 00 00 05 00 00 00 00 00 00 00 00 00 00 00 00 00
####     50: 00 00 00 38 00 00 00 00 00 00 00 00 00 00 00 00
####     60: 00 00 00 00 00 00 00 00
#### CBRI_HOOK self=0x600112300 cls=AGXG13GFamilyCommandBuffer → resourceInfo=0x600289600
#### AGX_LIFE CREATE id=0x10 type=0 surf=0 bytes=0x8000 kr=0 okC=16 failC=0 okD=0 failD=0 unmatchedD=0 full=0 live=16/4MB [t0=14/0MB t80=0/0MB t82=2/3MB]
#### AGXIOC heap map #14 clientID 0x8000 -> resourceID 0x10 size 0x8000
####   ResCreate OK type=0 clientID=0 +0x30=0 +0x38=0 +0x40=0x8000 +0x58=0 OUT[+0]=0x1500448000 OUT[+0x08]=0x10c388000 OUT[+0x10]=0x104fe0c00 OUT[+0x48]=0x8000
####   inStruct[0..104]:
####     00: 00 00 00 00 00 00 00 00 00 80 01 00 01 00 00 00
####     10: 01 01 00 01 30 04 00 00 00 00 00 00 00 00 00 00
####     20: 00 00 00 00 00 00 00 00 00 00 00 00 00 00 00 00
####     30: 00 00 00 00 00 00 00 00 00 00 00 00 00 00 00 00
####     40: 00 80 00 00 00 00 00 00 00 00 00 00 00 00 00 00
####     50: 00 00 00 08 00 00 00 00 00 00 00 00 00 00 00 00
####     60: 00 00 00 00 00 00 00 00
#### AGXIOC heap map #15 clientID 0x8000 -> resourceID 0x11 size 0x8000
####   ResCreate OK type=0 clientID=0 +0x30=0 +0x38=0 +0x40=0x8000 +0x58=0 OUT[+0]=0x1500458000 OUT[+0x08]=0x10c390000 OUT[+0x10]=0x104fe0cc0 OUT[+0x48]=0x8000
####   inStruct[0..104]:
####     00: 00 00 00 00 00 00 00 00 00 80 01 00 01 00 00 00
####     10: 01 01 00 01 30 04 00 00 00 00 00 00 00 00 00 00
####     20: 00 00 00 00 00 00 00 00 00 00 00 00 00 00 00 00
####     30: 00 00 00 00 00 00 00 00 00 00 00 00 00 00 00 00
####     40: 00 80 00 00 00 00 00 00 00 00 00 00 00 00 00 00
####     50: 00 00 00 08 00 00 00 00 00 00 00 00 00 00 00 00
####     60: 00 00 00 00 00 00 00 00
#### AGXIOC heap map #16 clientID 0x8000 -> resourceID 0x12 size 0x8000
####   ResCreate OK type=0 clientID=0 +0x30=0 +0x38=0 +0x40=0x8000 +0x58=0 OUT[+0]=0x1500468000 OUT[+0x08]=0x10c398000 OUT[+0x10]=0x104fe0d80 OUT[+0x48]=0x8000
####   inStruct[0..104]:
####     00: 00 00 00 00 00 00 00 00 00 80 01 00 01 00 00 00
####     10: 01 01 00 01 30 04 00 00 00 00 00 00 00 00 00 00
####     20: 00 00 00 00 00 00 00 00 00 00 00 00 00 00 00 00
####     30: 00 00 00 00 00 00 00 00 00 00 00 00 00 00 00 00
####     40: 00 80 00 00 00 00 00 00 00 00 00 00 00 00 00 00
####     50: 00 00 00 08 00 00 00 00 00 00 00 00 00 00 00 00
####     60: 00 00 00 00 00 00 00 00
####   ResCreate OK type=0 clientID=0 +0x30=0 +0x38=0 +0x40=0x8000 +0x58=0 OUT[+0]=0x1500478000 OUT[+0x08]=0x10c3a8000 OUT[+0x10]=0x104fe0e40 OUT[+0x48]=0x8000
####   inStruct[0..104]:
####     00: 00 00 00 00 00 00 00 00 00 80 01 00 01 00 00 00
####     10: 01 01 00 01 30 04 00 00 00 00 00 00 00 00 00 00
####     20: 00 00 00 00 00 00 00 00 00 00 00 00 00 00 00 00
####     30: 00 00 00 00 00 00 00 00 00 00 00 00 00 00 00 00
####     40: 00 80 00 00 00 00 00 00 00 00 00 00 00 00 00 00
####     50: 00 00 00 08 00 00 00 00 00 00 00 00 00 00 00 00
####     60: 00 00 00 00 00 00 00 00
####   ResCreate OK type=0 clientID=0 +0x30=0 +0x38=0 +0x40=0x8000 +0x58=0 OUT[+0]=0x1500488000 OUT[+0x08]=0x10c3b0000 OUT[+0x10]=0x104fe0f00 OUT[+0x48]=0x8000
####   inStruct[0..104]:
####     00: 00 00 00 00 00 00 00 00 00 80 01 00 01 00 00 00
####     10: 01 01 00 01 30 04 00 00 00 00 00 00 00 00 00 00
####     20: 00 00 00 00 00 00 00 00 00 00 00 00 00 00 00 00
####     30: 00 00 00 00 00 00 00 00 00 00 00 00 00 00 00 00
####     40: 00 80 00 00 00 00 00 00 00 00 00 00 00 00 00 00
####     50: 00 00 00 08 00 00 00 00 00 00 00 00 00 00 00 00
####     60: 00 00 00 00 00 00 00 00
####   ResCreate OK type=0 clientID=0 +0x30=0 +0x38=0 +0x40=0x8000 +0x58=0 OUT[+0]=0x70000 OUT[+0x08]=0x10fc9c000 OUT[+0x10]=0x104fe0fc0 OUT[+0x48]=0x8000
####   inStruct[0..104]:
####     00: 00 00 00 00 00 00 00 00 00 80 01 00 01 00 00 00
####     10: 01 01 00 01 30 84 00 00 00 00 00 00 00 00 00 00
####     20: 00 00 00 00 00 00 00 00 00 00 00 00 00 00 00 00
####     30: 00 00 00 00 00 00 00 00 00 00 00 00 00 00 00 00
####     40: 00 80 00 00 00 00 00 00 00 00 00 00 00 00 00 00
####     50: 00 00 00 48 00 00 00 00 00 00 00 00 00 00 00 00
####     60: 00 00 00 00 00 00 00 00
####   ResCreate OK type=0 clientID=0 +0x30=0 +0x38=0 +0x40=0x8000 +0x58=0 OUT[+0]=0x80000 OUT[+0x08]=0x10fca4000 OUT[+0x10]=0x104fe1080 OUT[+0x48]=0x8000
####   inStruct[0..104]:
####     00: 00 00 00 00 00 00 00 00 00 80 01 00 01 00 00 00
####     10: 01 01 00 01 30 84 00 00 00 00 00 00 00 00 00 00
####     20: 00 00 00 00 00 00 00 00 00 00 00 00 00 00 00 00
####     30: 00 00 00 00 00 00 00 00 00 00 00 00 00 00 00 00
####     40: 00 80 00 00 00 00 00 00 00 00 00 00 00 00 00 00
####     50: 00 00 00 48 00 00 00 00 00 00 00 00 00 00 00 00
####     60: 00 00 00 00 00 00 00 00
####   ResCreate OK type=0 clientID=0 +0x30=0 +0x38=0 +0x40=0x100000 +0x58=0 OUT[+0]=0x1500498000 OUT[+0x08]=0x10fcac000 OUT[+0x10]=0x104fe1140 OUT[+0x48]=0x100000
####   inStruct[0..104]:
####     00: 00 00 00 00 00 00 00 00 00 00 01 00 01 00 00 00
####     10: 01 01 00 01 30 04 00 00 00 00 00 00 00 00 00 00
####     20: 00 00 00 00 00 00 00 00 00 00 00 00 00 00 00 00
####     30: 00 00 00 00 00 00 00 00 00 00 00 00 00 00 00 00
####     40: 00 00 10 00 00 00 00 00 00 00 00 00 00 00 00 00
####     50: 00 00 00 18 00 00 00 00 00 00 00 00 00 00 00 00
####     60: 00 00 00 00 00 00 00 00
####   ResCreate OK type=0 clientID=0 +0x30=0 +0x38=0 +0x40=0x8000 +0x58=0 OUT[+0]=0x15005a0000 OUT[+0x08]=0x10fdac000 OUT[+0x10]=0x104fe1200 OUT[+0x48]=0x8000
####   inStruct[0..104]:
####     00: 00 00 00 00 00 00 00 00 00 80 01 00 01 00 00 00
####     10: 01 01 00 01 30 04 00 00 00 00 00 00 00 00 00 00
####     20: 00 00 00 00 00 00 00 00 00 00 00 00 00 00 00 00
####     30: 00 00 00 00 00 00 00 00 00 00 00 00 00 00 00 00
####     40: 00 80 00 00 00 00 00 00 00 00 00 00 00 00 00 00
####     50: 00 00 00 08 00 00 00 00 00 00 00 00 00 00 00 00
####     60: 00 00 00 00 00 00 00 00
####   ResCreate OK type=0 clientID=0 +0x30=0 +0x38=0 +0x40=0x8000 +0x58=0 OUT[+0]=0x15005b0000 OUT[+0x08]=0x10fdb4000 OUT[+0x10]=0x104fe12c0 OUT[+0x48]=0x8000
####   inStruct[0..104]:
####     00: 00 00 00 00 00 00 00 00 00 80 01 00 01 00 00 00
####     10: 01 01 00 01 30 04 00 00 00 00 00 00 00 00 00 00
####     20: 00 00 00 00 00 00 00 00 00 00 00 00 00 00 00 00
####     30: 00 00 00 00 00 00 00 00 00 00 00 00 00 00 00 00
####     40: 00 80 00 00 00 00 00 00 00 00 00 00 00 00 00 00
####     50: 00 00 00 18 00 00 00 00 00 00 00 00 00 00 00 00
####     60: 00 00 00 00 00 00 00 00
####   ResCreate OK type=0 clientID=0 +0x30=0 +0x38=0 +0x40=0x8000 +0x58=0 OUT[+0]=0x15005c0000 OUT[+0x08]=0x10fdbc000 OUT[+0x10]=0x104fe1380 OUT[+0x48]=0x8000
####   inStruct[0..104]:
####     00: 00 00 00 00 00 00 00 00 00 80 01 00 01 00 00 00
####     10: 01 01 00 01 30 04 00 00 00 00 00 00 00 00 00 00
####     20: 00 00 00 00 00 00 00 00 00 00 00 00 00 00 00 00
####     30: 00 00 00 00 00 00 00 00 00 00 00 00 00 00 00 00
####     40: 00 80 00 00 00 00 00 00 00 00 00 00 00 00 00 00
####     50: 00 00 00 08 00 00 00 00 00 00 00 00 00 00 00 00
####     60: 00 00 00 00 00 00 00 00
####   ResCreate OK type=0 clientID=0 +0x30=0 +0x38=0 +0x40=0x8000 +0x58=0 OUT[+0]=0x15005d0000 OUT[+0x08]=0x10fdc4000 OUT[+0x10]=0x104fe1440 OUT[+0x48]=0x8000
####   inStruct[0..104]:
####     00: 00 00 00 00 00 00 00 00 00 80 01 00 01 00 00 00
####     10: 01 01 00 01 30 04 00 00 00 00 00 00 00 00 00 00
####     20: 00 00 00 00 00 00 00 00 00 00 00 00 00 00 00 00
####     30: 00 00 00 00 00 00 00 00 00 00 00 00 00 00 00 00
####     40: 00 80 00 00 00 00 00 00 00 00 00 00 00 00 00 00
####     50: 00 00 00 08 00 00 00 00 00 00 00 00 00 00 00 00
####     60: 00 00 00 00 00 00 00 00
####   ResCreate OK type=0 clientID=0 +0x30=0 +0x38=0 +0x40=0x8000 +0x58=0 OUT[+0]=0x15005e0000 OUT[+0x08]=0x10fdcc000 OUT[+0x10]=0x104fe1500 OUT[+0x48]=0x8000
####   inStruct[0..104]:
####     00: 00 00 00 00 00 00 00 00 00 80 01 00 01 00 00 00
####     10: 01 01 00 01 30 04 00 00 00 00 00 00 00 00 00 00
####     20: 00 00 00 00 00 00 00 00 00 00 00 00 00 00 00 00
####     30: 00 00 00 00 00 00 00 00 00 00 00 00 00 00 00 00
####     40: 00 80 00 00 00 00 00 00 00 00 00 00 00 00 00 00
####     50: 00 00 00 08 00 00 00 00 00 00 00 00 00 00 00 00
####     60: 00 00 00 00 00 00 00 00
####   ResCreate OK type=0 clientID=0 +0x30=0 +0x38=0 +0x40=0x8000 +0x58=0 OUT[+0]=0x15005f0000 OUT[+0x08]=0x10fdd4000 OUT[+0x10]=0x104fe15c0 OUT[+0x48]=0x8000
####   inStruct[0..104]:
####     00: 00 00 00 00 00 00 00 00 00 80 01 00 01 00 00 00
####     10: 01 01 00 01 30 04 00 00 00 00 00 00 00 00 00 00
####     20: 00 00 00 00 00 00 00 00 00 00 00 00 00 00 00 00
####     30: 00 00 00 00 00 00 00 00 00 00 00 00 00 00 00 00
####     40: 00 80 00 00 00 00 00 00 00 00 00 00 00 00 00 00
####     50: 00 00 00 08 00 00 00 00 00 00 00 00 00 00 00 00
####     60: 00 00 00 00 00 00 00 00
####   ResCreate OK type=0 clientID=0 +0x30=0 +0x38=0 +0x40=0x8000 +0x58=0 OUT[+0]=0x1500600000 OUT[+0x08]=0x10fddc000 OUT[+0x10]=0x104fe1680 OUT[+0x48]=0x8000
####   inStruct[0..104]:
####     00: 00 00 00 00 00 00 00 00 00 80 01 00 01 00 00 00
####     10: 01 01 00 01 30 04 00 00 00 00 00 00 00 00 00 00
####     20: 00 00 00 00 00 00 00 00 00 00 00 00 00 00 00 00
####     30: 00 00 00 00 00 00 00 00 00 00 00 00 00 00 00 00
####     40: 00 80 00 00 00 00 00 00 00 00 00 00 00 00 00 00
####     50: 00 00 00 08 00 00 00 00 00 00 00 00 00 00 00 00
####     60: 00 00 00 00 00 00 00 00
####   ResCreate OK type=0 clientID=0 +0x30=0 +0x38=0 +0x40=0xff80 +0x58=0 OUT[+0]=0x1500610000 OUT[+0x08]=0x10fde4000 OUT[+0x10]=0x104fe1740 OUT[+0x48]=0x10000
####   inStruct[0..104]:
####     00: 00 00 00 00 00 00 00 00 80 ff 01 00 01 00 00 00
####     10: 01 01 00 01 30 04 00 00 00 00 00 00 00 00 00 00
####     20: 00 00 00 00 00 00 00 00 00 00 00 00 00 00 00 00
####     30: 00 00 00 00 00 00 00 00 00 00 00 00 00 00 00 00
####     40: 80 ff 00 00 00 00 00 00 00 00 00 00 00 00 00 00
####     50: 00 00 00 18 00 00 00 00 00 00 00 00 00 00 00 00
####     60: 00 00 00 00 00 00 00 00
####   ResCreate OK type=0 clientID=0 +0x30=0 +0x38=0 +0x40=0xc0000 +0x58=0 OUT[+0]=0x1500628000 OUT[+0x08]=0x10fdf4000 OUT[+0x10]=0x104fe1800 OUT[+0x48]=0xc0000
####   inStruct[0..104]:
####     00: 00 00 00 00 00 00 00 00 00 00 01 00 01 00 00 00
####     10: 01 01 00 01 30 04 00 00 00 00 00 00 00 00 00 00
####     20: 00 00 00 00 00 00 00 00 00 00 00 00 00 00 00 00
####     30: 00 00 00 00 00 00 00 00 00 00 00 00 00 00 00 00
####     40: 00 00 0c 00 00 00 00 00 00 00 00 00 00 00 00 00
####     50: 00 00 00 08 00 00 00 00 00 00 00 00 00 00 00 00
####     60: 00 00 00 00 00 00 00 00
#### AGX_SUBMIT_DIAG #1 submit-struct bytes=0x38
####   +0000: 02 00 00 00 01 00 00 00 00 00 00 00 00 00 00 00 90 6f 9e 00 06 00 00 00 c0 cc 08 00 06 00 00 00
####   +0020: 00 00 00 00 00 00 00 00 00 00 00 00 00 00 00 00 00 00 00 00 00 00 00 00
#### AGX_SUBMIT_DIAG #1 scalars[4]: 0x1 0 0x1 0x38 fix-requested=NO
#### AGX_SUBMIT_DIAG #1 descriptor[0]=0x6009e6f90 raw=0x6009e6f90 self=0x600112300 rawSelf=0x600112300
#### AGX_SUBMIT_DIAG #1 descriptor[0] segment start=0x10c294000 current=0x10c294130 limit=0x10c298000 length=0x130 mode=-1
#### AGX_SUBMIT_DIAG #1 segment-list bytes=0x130
####   +0000: 34 bb 22 87 02 00 00 00 01 00 00 00 30 01 00 80 35 bb 22 87 02 00 00 00 00 00 00 00 40 08 00 00
####   +0020: 00 00 00 00 00 00 00 00 16 00 00 00 04 00 00 00 10 00 00 00 11 00 00 00 12 00 00 00 13 00 00 00
####   +0040: 14 00 00 00 15 00 00 00 20 00 00 00 20 00 00 00 20 00 00 00 20 00 00 00 20 00 00 00 20 00 00 00
####   +0060: 01 00 01 00 01 00 01 00 04 00 01 00 00 00 06 00 16 00 00 00 17 00 00 00 18 00 00 00 19 00 00 00
####   +0080: 1a 00 00 00 1b 00 00 00 20 00 00 00 00 04 00 00 20 00 00 00 20 00 00 00 20 00 00 00 20 00 00 00
####   +00a0: 04 00 04 00 01 00 04 00 01 00 01 00 00 00 06 00 1c 00 00 00 1d 00 00 00 1e 00 00 00 01 00 00 00
####   +00c0: 1f 00 00 00 20 00 00 00 20 00 00 00 20 00 00 00 20 00 00 00 40 00 00 00 40 00 00 00 00 03 00 00
####   +00e0: 01 00 01 00 01 00 80 00 01 00 04 00 00 00 06 00 0f 00 00 00 0a 00 00 00 0d 00 00 00 0c 00 00 00
####   +0100: 00 00 00 00 00 00 00 00 40 01 00 00 40 00 00 00 10 00 00 00 10 00 00 00 00 00 00 00 00 00 00 00
####   +0120: 80 00 80 00 0c 00 80 00 00 00 00 00 00 00 04 00
#### AGXIOC type0 exact initFull length: +0x58=0 low32=0 -> +0x40=0x8000
####   ResCreate OK type=0 clientID=0 +0x30=0x40 +0x38=0 +0x40=0x8000 +0x58=0 OUT[+0]=0x15006f0000 OUT[+0x08]=0x10feb4000 OUT[+0x10]=0x104fe18c0 OUT[+0x48]=0x8000
####   inStruct[0..104]:
####     00: 00 00 00 00 00 00 00 00 01 00 01 00 01 00 00 00
####     10: 01 01 00 01 70 04 00 00 00 00 00 00 00 00 00 00
####     20: 00 00 00 00 00 00 00 00 00 00 00 00 00 00 00 00
####     30: 40 00 00 00 00 00 00 00 00 00 00 00 00 00 00 00
####     40: 00 80 00 00 00 00 00 00 00 00 00 00 00 00 00 00
####     50: 00 00 00 00 00 00 00 00 00 00 00 00 00 00 00 00
####     60: d8 9f 6e 39 02 00 00 00
#### TRACE -[AGXBuffer initFull] self=0x60025de00 dev=0x600232000 len=32768 align=1→64 opt=0 subDis=0→1 resIn=0x16b83a708 pin=0x0 -> 0x60025de00
#### AGXIOC type0 exact initFull length: +0x58=0 low32=0 -> +0x40=0xc000
####   ResCreate OK type=0 clientID=0 +0x30=0x40 +0x38=0 +0x40=0xc000 +0x58=0 OUT[+0]=0x1500700000 OUT[+0x08]=0x10febc000 OUT[+0x10]=0x104fe1980 OUT[+0x48]=0xc000
####   inStruct[0..104]:
####     00: 00 00 00 00 00 00 00 00 01 00 01 00 01 00 00 00
####     10: 01 01 00 01 70 04 00 00 00 00 00 00 00 00 00 00
####     20: 00 00 00 00 00 00 00 00 00 00 00 00 00 00 00 00
####     30: 40 00 00 00 00 00 00 00 00 00 00 00 00 00 00 00
####     40: 00 c0 00 00 00 00 00 00 00 00 00 00 00 00 00 00
####     50: 00 00 00 00 00 00 00 00 00 00 00 00 00 00 00 00
####     60: a8 a8 83 6b 01 00 00 00
#### TRACE -[AGXBuffer initFull] self=0x60025e700 dev=0x600232000 len=49152 align=1→64 opt=0 subDis=0→1 resIn=0x16b83a808 pin=0x0 -> 0x60025e700
#### AGX_SUBMIT_DIAG #1 descriptor[0] segment save /tmp/macws_submit_segment_1_0.bin failed errno=17
#### AGX_SUBMIT_DIAG #1 descriptor[0] state=0x600216800 start=0x10c298000 current=0x10c298840 end=0x10c29c000
#### AGXIOC Method sel=0xf->0xd inCnt=2 inSC=0 outSC=16 -> 0x0
#### AGXIOC Method sel=0xf->0xd inCnt=2 inSC=0 outSC=16 -> 0x0
#### AGX_SUBMIT_DIAG #1 kernel-commands bytes=0x300
####   +0000: 00 00 01 00 40 08 00 00 04 00 00 00 00 00 00 00 00 00 00 00 00 00 00 00 00 00 00 00 00 00 00 00
####   +0020: 00 00 00 00 18 00 00 00 18 08 00 00 e8 07 00 00 30 00 00 00 01 00 00 00 00 80 44 00 15 00 00 00
####   +0040: 00 00 00 00 00 00 00 00 00 00 00 00 00 00 00 00 00 00 00 00 00 00 00 00 00 00 00 00 00 00 00 00
####   +0060: 00 00 00 00 00 00 00 00 00 00 00 00 00 00 00 00 00 00 00 00 00 00 00 00 00 00 00 00 00 00 00 00
####   +0080: 00 00 00 00 00 00 00 00 00 00 00 00 00 00 00 00 00 00 00 00 00 00 00 00 a0 02 61 00 15 00 00 00
####   +00a0: 20 00 61 00 15 00 00 00 00 00 00 00 00 00 00 00 00 00 00 00 00 00 00 00 00 00 00 00 00 00 00 00
####   +00c0: 00 00 00 00 00 00 00 00 00 00 00 00 00 00 00 00 00 00 00 00 00 00 00 00 03 00 6b 00 12 00 3a 00
####   +00e0: 01 00 00 00 00 00 00 00 00 00 00 00 00 00 00 00 00 00 00 00 00 00 00 00 00 00 00 00 00 00 00 00
####   +0100: 00 00 00 00 00 00 00 00 00 00 00 00 00 00 00 00 00 00 00 00 00 00 00 00 00 00 00 00 00 00 00 00
####   +0120: 00 00 00 00 00 00 00 00 00 00 00 00 00 00 00 00 00 00 00 00 00 00 00 00 00 00 00 00 00 00 00 00
####   +0140: 00 00 00 00 00 00 00 00 00 00 00 00 00 00 00 00 00 00 00 00 00 00 00 00 00 00 00 00 00 00 00 00
####   +0160: 00 00 00 00 00 00 00 00 00 00 00 00 00 00 00 00 00 00 00 00 00 00 00 00 00 00 00 00 00 00 00 00
####   +0180: 00 00 00 00 00 00 00 00 00 00 00 00 00 00 00 00 00 00 00 00 00 00 00 00 00 00 00 00 00 00 00 00
####   +01a0: 00 00 00 00 00 00 00 00 00 00 00 00 00 00 00 00 00 00 00 00 00 00 00 00 00 00 00 00 00 00 00 00
####   +01c0: 00 00 00 00 00 00 00 00 00 00 00 00 00 00 00 00 00 00 00 00 00 00 00 00 00 00 61 00 15 00 00 00
####   +01e0: 01 00 00 00 00 00 00 00 1c 00 00 00 00 00 00 00 00 00 00 00 00 00 00 00 ff ff ff ff ff ff ff ff
####   +0200: ff ff ff ff 00 00 00 00 00 00 00 00 00 00 00 00 00 00 00 00 00 00 00 00 00 00 00 00 00 00 00 00
####   +0220: 00 00 00 00 00 00 00 00 00 00 00 00 00 00 00 00 00 00 00 00 00 00 00 00 00 00 00 00 00 00 00 00
####   +0240: 00 00 00 00 00 00 00 00 00 00 00 00 00 00 00 00 00 00 00 00 00 00 00 00 00 00 00 00 00 00 00 00
####   +0260: 00 00 00 00 00 00 00 00 00 00 00 00 00 00 00 00 00 00 00 00 00 00 00 00 00 00 00 00 00 00 00 00
####   +0280: 00 00 00 00 00 00 00 00 00 00 00 00 00 00 00 00 00 00 00 00 00 00 00 00 00 00 00 00 00 00 00 00
####   +02a0: 00 00 00 00 00 00 00 00 14 82 ff ff 00 00 00 00 44 00 08 00 00 00 00 00 00 00 00 00 00 00 00 00
####   +02c0: 00 00 00 00 00 00 00 00 34 00 00 00 00 00 00 00 84 00 08 00 00 00 00 00 00 80 49 00 15 00 00 00
####   +02e0: 00 80 62 00 15 00 00 00 00 00 00 00 00 00 00 00 00 00 00 00 00 00 00 00 00 00 00 00 00 00 00 00
#### AGX_SUBMIT_DIAG #1 descriptor[0] KCMD-pre save /tmp/macws_submit_kcmd_1_0_pre.bin failed errno=17
#### AGX_SUBMIT_DIAG #1 record[0] off=0 type=0x10000 end=0x818 size=0x7e8 inner=0x30 subtype=1
#### AGX_SUBMIT_DIAG #1 record[0] save /tmp/macws_submit_type1_1_0.bin failed errno=17
#### AGX_SUBMIT_DIAG #1 subtype1-predicate scalar0=0x1 legacy-scalar-gate=1 total=0x840/1 seglen=0x130/1 seghdr=1 cmdtotal=1 d8=1 pad1=1 f1=1 sent1=1 pad2=1 f2=1 sent2=1
#### AGX_SUBMIT_DIAG #1 descriptor[1]=0x60008ccc0 raw=0x60008ccc0 self=0x600112300 rawSelf=0x600112300
#### AGX_SUBMIT_DIAG #1 descriptor[1] state=0x600216800 duplicate
#### AGX_SUBMIT_DIAG #1 result=0 records=1 candidates=0 fixed=0
#### AGXIOC Method sel=0x1e->0x1a inCnt=4 inSC=56 outSC=0 -> 0x0
#### IOGPU-CALLBACK-BUFFER commandBuffer=0x600112300 class=AGXG13GFamilyCommandBuffer submitSerial=1 fixed=0 target=0x0 errorCode=1 start=0x59c78ee0d3c end=0x59c78ee0d47 error=0x6009281c0 errorClass=NSError
#### IOGPU-CALLBACK-OBJECT role=buffer-error object=0x6009281c0 dynamicClass=NSError instanceSize=0x28
#### IOGPU-CALLBACK-CLASS role=buffer-error depth=0 class=NSError ivars=4
#### IOGPU-CALLBACK-IVAR role=buffer-error class=NSError offset=0x8 name=_reserved type=^v raw64=0
#### IOGPU-CALLBACK-IVAR role=buffer-error class=NSError offset=0x10 name=_code type=q raw64=0x1
#### IOGPU-CALLBACK-IVAR role=buffer-error class=NSError offset=0x18 name=_domain type=@"NSString" raw64=0x1f9f10a90
#### IOGPU-CALLBACK-IVAR role=buffer-error class=NSError offset=0x20 name=_userInfo type=@"NSDictionary" raw64=0x6009e6f90
#### IOGPU-CALLBACK-CLASS role=buffer-error depth=1 class=NSObject ivars=1
#### IOGPU-CALLBACK-IVAR role=buffer-error class=NSObject offset=0 name=isa type=# raw64=0x1000001f7cb8349
#### IOGPU-CALLBACK-BYTES role=buffer-error base=0x6009281c0 offset=0 bytes=4983cbf70100000100000000000000000100000000000000900af1f901000000
#### IOGPU-CALLBACK-BYTES role=buffer-error base=0x6009281c0 offset=0x20 bytes=906f9e0006000000
#### IOGPU-CALLBACK-ERROR domain=MTLCommandBufferErrorDomain code=1 userInfo=0x6009e6f90 userInfoClass=__NSSingleEntryDictionaryI
#### IOGPU-CALLBACK-OBJECT role=buffer-error-user-info object=0x6009e6f90 dynamicClass=__NSSingleEntryDictionaryI instanceSize=0x18
#### IOGPU-CALLBACK-CLASS role=buffer-error-user-info depth=0 class=__NSSingleEntryDictionaryI ivars=2
#### IOGPU-CALLBACK-IVAR role=buffer-error-user-info class=__NSSingleEntryDictionaryI offset=0x8 name=_obj type=@ raw64=0x600572c10
#### IOGPU-CALLBACK-IVAR role=buffer-error-user-info class=__NSSingleEntryDictionaryI offset=0x10 name=_key type=@ raw64=0x1f8c84200
#### IOGPU-CALLBACK-CLASS role=buffer-error-user-info depth=1 class=NSDictionary ivars=0
#### IOGPU-CALLBACK-CLASS role=buffer-error-user-info depth=2 class=NSObject ivars=1
#### IOGPU-CALLBACK-IVAR role=buffer-error-user-info class=NSObject offset=0 name=isa type=# raw64=0x3000001f7cb0471
#### IOGPU-CALLBACK-BYTES role=buffer-error-user-info base=0x6009e6f90 offset=0 bytes=7104cbf701000003102c5700060000000042c8f801000000
#### IOGPU-CALLBACK-USERINFO count=1 limit=1
#### IOGPU-CALLBACK-USERINFO-ENTRY index=0 key=NSLocalizedDescription value=0x600572c10 class=__NSCFString string=Internal Error (00000102:Internal Error)
#### IOGPU-CALLBACK-STORAGE role=buffer-before-original commandBuffer=0x600112300 class=AGXG13GFamilyCommandBuffer ivarOffset=0x250 storage=0x600216800
#### IOGPU-CALLBACK-BYTES role=command-storage base=0x600216800 offset=0 bytes=0020230006000000507c8b000600000000000000000000000000000000000000
#### IOGPU-CALLBACK-BYTES role=command-storage base=0x600216800 offset=0x20 bytes=401e1e00060000000080290c010000004088290c0100000000c0290c01000000
#### IOGPU-CALLBACK-BYTES role=command-storage base=0x600216800 offset=0x40 bytes=0000000000000000000000000000000000000000000000000000000000000000
#### IOGPU-CALLBACK-BYTES role=command-storage base=0x600216800 offset=0x60 bytes=f01e1e00060000000040290c010000000080290c010000000000000000000000
#### IOGPU-CALLBACK-BYTES role=command-storage base=0x600216800 offset=0x80 bytes=0000000000000000000000000000000000000000000000000000000000000000
#### IOGPU-CALLBACK-BYTES role=command-storage base=0x600216800 offset=0xa0 bytes=0000000000000000000000000000000000000000000000000000000000000000
#### IOGPU-CALLBACK-BYTES role=command-storage base=0x600216800 offset=0xc0 bytes=0000000000000000000000000000000000000000000000000000000000000000
#### IOGPU-CALLBACK-BYTES role=command-storage base=0x600216800 offset=0xe0 bytes=0000000000000000000000000000000000000000000000000000000000000000
#### IOGPU-CALLBACK-BYTES role=command-storage base=0x600216800 offset=0x100 bytes=0000000000000000000000000000000000000000000000000000000000000000
#### IOGPU-CALLBACK-BYTES role=command-storage base=0x600216800 offset=0x120 bytes=0000000000000000000000000000000000000000000000000000000000000000
#### IOGPU-CALLBACK-BYTES role=command-storage base=0x600216800 offset=0x140 bytes=0000000000000000000000000000000000000000000000000000000000000000
#### IOGPU-CALLBACK-BYTES role=command-storage base=0x600216800 offset=0x160 bytes=0000000000000000000000000000000000000000000000000000000000000000
#### IOGPU-CALLBACK-BYTES role=command-storage base=0x600216800 offset=0x180 bytes=0000000000000000000000000000000000000000000000000000000000000000
#### IOGPU-CALLBACK-BYTES role=command-storage base=0x600216800 offset=0x1a0 bytes=0000000000000000000000000000000000000000000000000000000000000000
#### IOGPU-CALLBACK-BYTES role=command-storage base=0x600216800 offset=0x1c0 bytes=0000000000000000000000000000000000000000000000000000000000000000
#### IOGPU-CALLBACK-BYTES role=command-storage base=0x600216800 offset=0x1e0 bytes=0000000000000000000000000000000000000000000000000000000000000000
#### IOGPU-CALLBACK-BYTES role=command-storage base=0x600216800 offset=0x200 bytes=0000000000000000000000000000000000000000000000000000000000000000
#### IOGPU-CALLBACK-BYTES role=command-storage base=0x600216800 offset=0x220 bytes=0000000000000000000000000000000000000000000000000000000000000000
#### IOGPU-CALLBACK-BYTES role=command-storage base=0x600216800 offset=0x240 bytes=0000000000000000000000000000000000000000000000000018040006000000
#### IOGPU-CALLBACK-BYTES role=command-storage base=0x600216800 offset=0x260 bytes=c0442b0006000000005009000600000000080000000000000b00000000080000
#### IOGPU-CALLBACK-BYTES role=command-storage base=0x600216800 offset=0x280 bytes=1f0000000400000003000000000000003040290c01000000004089d601000000
#### IOGPU-CALLBACK-BYTES role=command-storage base=0x600216800 offset=0x2a0 bytes=00c0b4d601000000ff0000001600000004000000160000000000000000000000
#### IOGPU-CALLBACK-BYTES role=command-storage base=0x600216800 offset=0x2c0 bytes=020000000000000050c29db901000000006821000600000000400f0006000000
#### IOGPU-CALLBACK-BYTES role=command-storage base=0x600216800 offset=0x2e0 bytes=00800e0006000000000000000000000000000000000000000000000000000000
#### MTL-LIB-SOURCE in #1 pid=61640 device=AGXG13GFamilyDevice sourceLength=4847 sourceUTF8Length=4847 sourceHash=0f02e8a4a061874c optionsClass=MTLCompileOptionsInternal languageVersion=196608 libraryType=0 fastMath=1 optimizationLevel=0 prefix=\n\n#include <metal_stdlib>\n\n#define ANGLE_ALWAYS_INLINE __attribute__((always_inline))\n\nANGLE_ALWAYS_INLINE int ANGLE_int_clamp(int value, int minValue, int maxValue)\n{\n    return ((value < minValue) ?  minValue : ((value > maxValue) ? maxVa
#### MTL-LIB-SOURCE out #1 sourceHash=0f02e8a4a061874c library=0x600ab8660 class=_MTLLibrary errorDomain=(nil) errorCode=0 description=(nil) userInfo=(nil)
#### MTL-LIB-SOURCE in #2 pid=61640 device=AGXG13GFamilyDevice sourceLength=6428 sourceUTF8Length=6428 sourceHash=38fd569c29e080a7 optionsClass=MTLCompileOptionsInternal languageVersion=196608 libraryType=0 fastMath=1 optimizationLevel=0 prefix=\n\n#include <metal_stdlib>\n\n#define ANGLE_ALWAYS_INLINE __attribute__((always_inline))\n\nANGLE_ALWAYS_INLINE int ANGLE_int_clamp(int value, int minValue, int maxValue)\n{\n    return ((value < minValue) ?  minValue : ((value > maxValue) ? maxVa
#### MTL-LIB-SOURCE out #2 sourceHash=38fd569c29e080a7 library=0x600029740 class=_MTLLibrary errorDomain=(nil) errorCode=0 description=(nil) userInfo=(nil)
#### CBRI_HOOK self=0x600114980 cls=AGXG13GFamilyCommandBuffer → resourceInfo=0x600291800
####   ResCreate OK type=0 clientID=0 +0x30=0 +0x38=0 +0x40=0x8000 +0x58=0 OUT[+0]=0x1500710000 OUT[+0x08]=0x1100b4000 OUT[+0x10]=0x104fe1a40 OUT[+0x48]=0x8000
####   inStruct[0..104]:
####     00: 00 00 00 00 00 00 00 00 00 80 01 00 01 00 00 00
####     10: 01 01 00 01 30 04 00 00 00 00 00 00 00 00 00 00
####     20: 00 00 00 00 00 00 00 00 00 00 00 00 00 00 00 00
####     30: 00 00 00 00 00 00 00 00 00 00 00 00 00 00 00 00
####     40: 00 80 00 00 00 00 00 00 00 00 00 00 00 00 00 00
####     50: 00 00 00 08 00 00 00 00 00 00 00 00 00 00 00 00
####     60: 00 00 00 00 00 00 00 00
####   ResCreate OK type=0 clientID=0 +0x30=0 +0x38=0 +0x40=0x8000 +0x58=0 OUT[+0]=0x1500720000 OUT[+0x08]=0x1100bc000 OUT[+0x10]=0x104fe1b00 OUT[+0x48]=0x8000
####   inStruct[0..104]:
####     00: 00 00 00 00 00 00 00 00 00 80 01 00 01 00 00 00
####     10: 01 01 00 01 30 04 00 00 00 00 00 00 00 00 00 00
####     20: 00 00 00 00 00 00 00 00 00 00 00 00 00 00 00 00
####     30: 00 00 00 00 00 00 00 00 00 00 00 00 00 00 00 00
####     40: 00 80 00 00 00 00 00 00 00 00 00 00 00 00 00 00
####     50: 00 00 00 08 00 00 00 00 00 00 00 00 00 00 00 00
####     60: 00 00 00 00 00 00 00 00
####   ResCreate OK type=0 clientID=0 +0x30=0 +0x38=0 +0x40=0x8000 +0x58=0 OUT[+0]=0x1500730000 OUT[+0x08]=0x1100c4000 OUT[+0x10]=0x104fe1bc0 OUT[+0x48]=0x8000
####   inStruct[0..104]:
####     00: 00 00 00 00 00 00 00 00 00 80 01 00 01 00 00 00
####     10: 01 01 00 01 30 04 00 00 00 00 00 00 00 00 00 00
####     20: 00 00 00 00 00 00 00 00 00 00 00 00 00 00 00 00
####     30: 00 00 00 00 00 00 00 00 00 00 00 00 00 00 00 00
####     40: 00 80 00 00 00 00 00 00 00 00 00 00 00 00 00 00
####     50: 00 00 00 08 00 00 00 00 00 00 00 00 00 00 00 00
####     60: 00 00 00 00 00 00 00 00
####   ResCreate OK type=0 clientID=0 +0x30=0 +0x38=0 +0x40=0x8000 +0x58=0 OUT[+0]=0x1500740000 OUT[+0x08]=0x1100cc000 OUT[+0x10]=0x104fe1c80 OUT[+0x48]=0x8000
####   inStruct[0..104]:
####     00: 00 00 00 00 00 00 00 00 00 80 01 00 01 00 00 00
####     10: 01 01 00 01 30 04 00 00 00 00 00 00 00 00 00 00
####     20: 00 00 00 00 00 00 00 00 00 00 00 00 00 00 00 00
####     30: 00 00 00 00 00 00 00 00 00 00 00 00 00 00 00 00
####     40: 00 80 00 00 00 00 00 00 00 00 00 00 00 00 00 00
####     50: 00 00 00 08 00 00 00 00 00 00 00 00 00 00 00 00
####     60: 00 00 00 00 00 00 00 00
####   ResCreate OK type=0 clientID=0 +0x30=0 +0x38=0 +0x40=0x8000 +0x58=0 OUT[+0]=0x1500750000 OUT[+0x08]=0x1100d4000 OUT[+0x10]=0x104fe1d40 OUT[+0x48]=0x8000
####   inStruct[0..104]:
####     00: 00 00 00 00 00 00 00 00 00 80 01 00 01 00 00 00
####     10: 01 01 00 01 30 04 00 00 00 00 00 00 00 00 00 00
####     20: 00 00 00 00 00 00 00 00 00 00 00 00 00 00 00 00
####     30: 00 00 00 00 00 00 00 00 00 00 00 00 00 00 00 00
####     40: 00 80 00 00 00 00 00 00 00 00 00 00 00 00 00 00
####     50: 00 00 00 08 00 00 00 00 00 00 00 00 00 00 00 00
####     60: 00 00 00 00 00 00 00 00
####   ResCreate OK type=0 clientID=0 +0x30=0 +0x38=0 +0x40=0x8000 +0x58=0 OUT[+0]=0x90000 OUT[+0x08]=0x1100dc000 OUT[+0x10]=0x104fe1e00 OUT[+0x48]=0x8000
####   inStruct[0..104]:
####     00: 00 00 00 00 00 00 00 00 00 80 01 00 01 00 00 00
####     10: 01 01 00 01 30 84 00 00 00 00 00 00 00 00 00 00
####     20: 00 00 00 00 00 00 00 00 00 00 00 00 00 00 00 00
####     30: 00 00 00 00 00 00 00 00 00 00 00 00 00 00 00 00
####     40: 00 80 00 00 00 00 00 00 00 00 00 00 00 00 00 00
####     50: 00 00 00 48 00 00 00 00 00 00 00 00 00 00 00 00
####     60: 00 00 00 00 00 00 00 00
####   ResCreate OK type=0 clientID=0 +0x30=0 +0x38=0 +0x40=0x8000 +0x58=0 OUT[+0]=0xa0000 OUT[+0x08]=0x1100e4000 OUT[+0x10]=0x104fe1ec0 OUT[+0x48]=0x8000
####   inStruct[0..104]:
####     00: 00 00 00 00 00 00 00 00 00 80 01 00 01 00 00 00
####     10: 01 01 00 01 30 84 00 00 00 00 00 00 00 00 00 00
####     20: 00 00 00 00 00 00 00 00 00 00 00 00 00 00 00 00
####     30: 00 00 00 00 00 00 00 00 00 00 00 00 00 00 00 00
####     40: 00 80 00 00 00 00 00 00 00 00 00 00 00 00 00 00
####     50: 00 00 00 48 00 00 00 00 00 00 00 00 00 00 00 00
####     60: 00 00 00 00 00 00 00 00
####   ResCreate OK type=0 clientID=0 +0x30=0 +0x38=0 +0x40=0x100000 +0x58=0 OUT[+0]=0x1500760000 OUT[+0x08]=0x11b8fc000 OUT[+0x10]=0x104fe1f80 OUT[+0x48]=0x100000
####   inStruct[0..104]:
####     00: 00 00 00 00 00 00 00 00 00 00 01 00 01 00 00 00
####     10: 01 01 00 01 30 04 00 00 00 00 00 00 00 00 00 00
####     20: 00 00 00 00 00 00 00 00 00 00 00 00 00 00 00 00
####     30: 00 00 00 00 00 00 00 00 00 00 00 00 00 00 00 00
####     40: 00 00 10 00 00 00 00 00 00 00 00 00 00 00 00 00
####     50: 00 00 00 18 00 00 00 00 00 00 00 00 00 00 00 00
####     60: 00 00 00 00 00 00 00 00
####   ResCreate OK type=0 clientID=0 +0x30=0 +0x38=0 +0x40=0x8000 +0x58=0 OUT[+0]=0x1500868000 OUT[+0x08]=0x1100ec000 OUT[+0x10]=0x104fe2040 OUT[+0x48]=0x8000
####   inStruct[0..104]:
####     00: 00 00 00 00 00 00 00 00 00 80 01 00 01 00 00 00
####     10: 01 01 00 01 30 04 00 00 00 00 00 00 00 00 00 00
####     20: 00 00 00 00 00 00 00 00 00 00 00 00 00 00 00 00
####     30: 00 00 00 00 00 00 00 00 00 00 00 00 00 00 00 00
####     40: 00 80 00 00 00 00 00 00 00 00 00 00 00 00 00 00
####     50: 00 00 00 08 00 00 00 00 00 00 00 00 00 00 00 00
####     60: 00 00 00 00 00 00 00 00
####   ResCreate OK type=0 clientID=0 +0x30=0 +0x38=0 +0x40=0x8000 +0x58=0 OUT[+0]=0x1500878000 OUT[+0x08]=0x11b9fc000 OUT[+0x10]=0x104fe2100 OUT[+0x48]=0x8000
####   inStruct[0..104]:
####     00: 00 00 00 00 00 00 00 00 00 80 01 00 01 00 00 00
####     10: 01 01 00 01 30 04 00 00 00 00 00 00 00 00 00 00
####     20: 00 00 00 00 00 00 00 00 00 00 00 00 00 00 00 00
####     30: 00 00 00 00 00 00 00 00 00 00 00 00 00 00 00 00
####     40: 00 80 00 00 00 00 00 00 00 00 00 00 00 00 00 00
####     50: 00 00 00 18 00 00 00 00 00 00 00 00 00 00 00 00
####     60: 00 00 00 00 00 00 00 00
####   ResCreate OK type=0 clientID=0 +0x30=0 +0x38=0 +0x40=0x8000 +0x58=0 OUT[+0]=0x1500888000 OUT[+0x08]=0x11ba04000 OUT[+0x10]=0x104fe21c0 OUT[+0x48]=0x8000
####   inStruct[0..104]:
####     00: 00 00 00 00 00 00 00 00 00 80 01 00 01 00 00 00
####     10: 01 01 00 01 30 04 00 00 00 00 00 00 00 00 00 00
####     20: 00 00 00 00 00 00 00 00 00 00 00 00 00 00 00 00
####     30: 00 00 00 00 00 00 00 00 00 00 00 00 00 00 00 00
####     40: 00 80 00 00 00 00 00 00 00 00 00 00 00 00 00 00
####     50: 00 00 00 08 00 00 00 00 00 00 00 00 00 00 00 00
####     60: 00 00 00 00 00 00 00 00
####   ResCreate OK type=0 clientID=0 +0x30=0 +0x38=0 +0x40=0x8000 +0x58=0 OUT[+0]=0x1500898000 OUT[+0x08]=0x11ba0c000 OUT[+0x10]=0x104fe2280 OUT[+0x48]=0x8000
####   inStruct[0..104]:
####     00: 00 00 00 00 00 00 00 00 00 80 01 00 01 00 00 00
####     10: 01 01 00 01 30 04 00 00 00 00 00 00 00 00 00 00
####     20: 00 00 00 00 00 00 00 00 00 00 00 00 00 00 00 00
####     30: 00 00 00 00 00 00 00 00 00 00 00 00 00 00 00 00
####     40: 00 80 00 00 00 00 00 00 00 00 00 00 00 00 00 00
####     50: 00 00 00 08 00 00 00 00 00 00 00 00 00 00 00 00
####     60: 00 00 00 00 00 00 00 00
####   ResCreate OK type=0 clientID=0 +0x30=0 +0x38=0 +0x40=0x8000 +0x58=0 OUT[+0]=0x15008a8000 OUT[+0x08]=0x11ba14000 OUT[+0x10]=0x104fe2340 OUT[+0x48]=0x8000
####   inStruct[0..104]:
####     00: 00 00 00 00 00 00 00 00 00 80 01 00 01 00 00 00
####     10: 01 01 00 01 30 04 00 00 00 00 00 00 00 00 00 00
####     20: 00 00 00 00 00 00 00 00 00 00 00 00 00 00 00 00
####     30: 00 00 00 00 00 00 00 00 00 00 00 00 00 00 00 00
####     40: 00 80 00 00 00 00 00 00 00 00 00 00 00 00 00 00
####     50: 00 00 00 08 00 00 00 00 00 00 00 00 00 00 00 00
####     60: 00 00 00 00 00 00 00 00
####   ResCreate OK type=0 clientID=0 +0x30=0 +0x38=0 +0x40=0x8000 +0x58=0 OUT[+0]=0x15008b8000 OUT[+0x08]=0x11ba1c000 OUT[+0x10]=0x104fe2400 OUT[+0x48]=0x8000
####   inStruct[0..104]:
####     00: 00 00 00 00 00 00 00 00 00 80 01 00 01 00 00 00
####     10: 01 01 00 01 30 04 00 00 00 00 00 00 00 00 00 00
####     20: 00 00 00 00 00 00 00 00 00 00 00 00 00 00 00 00
####     30: 00 00 00 00 00 00 00 00 00 00 00 00 00 00 00 00
####     40: 00 80 00 00 00 00 00 00 00 00 00 00 00 00 00 00
####     50: 00 00 00 08 00 00 00 00 00 00 00 00 00 00 00 00
####     60: 00 00 00 00 00 00 00 00
#### AGX_SUBMIT_RING dumped reason=iogpu-raw-callback-error commandBuffer=0x600112300 entries=1 range=1..1 path=/tmp/macws_submit_error_61640_1
[61640:0728/053350.632089:ERROR:ui/gl/angle_platform_impl.cc:47] mtl_command_buffer.mm:693 (onCommandBufferCompleted): Completed MTLCommandBuffer failed, and error is Internal Error (00000102:Internal Error)
#### AGX_SUBMIT_DIAG #2 submit-struct bytes=0x38
####   +0000: 04 00 00 00 03 00 00 00 00 00 00 00 00 00 00 00 20 70 9e 00 06 00 00 00 c0 79 9d 00 06 00 00 00
####   +0020: 00 00 00 00 00 00 00 00 00 00 00 00 00 00 00 00 00 00 00 00 00 00 00 00
#### AGX_SUBMIT_DIAG #2 scalars[4]: 0x1 0 0x1 0x38 fix-requested=NO
#### AGX_SUBMIT_DIAG #2 descriptor[0]=0x6009e7020 raw=0x6009e7020 self=0x600114980 rawSelf=0x600114980
#### AGX_SUBMIT_DIAG #2 descriptor[0] segment start=0x10c3a0000 current=0x10c3a0148 limit=0x10c3a4000 length=0x148 mode=-1
#### AGX_SUBMIT_DIAG #2 segment-list bytes=0x148
####   +0000: 36 bb 22 87 02 00 00 00 01 00 00 00 30 01 00 00 37 bb 22 87 02 00 00 00 00 00 00 00 40 08 00 00
####   +0020: 00 00 00 00 00 00 00 00 18 00 00 00 04 00 00 00 23 00 00 00 24 00 00 00 25 00 00 00 26 00 00 00
####   +0040: 27 00 00 00 28 00 00 00 20 00 00 00 20 00 00 00 20 00 00 00 20 00 00 00 20 00 00 00 20 00 00 00
####   +0060: 01 00 01 00 01 00 01 00 04 00 01 00 00 00 06 00 29 00 00 00 2a 00 00 00 2b 00 00 00 2c 00 00 00
####   +0080: 2d 00 00 00 2e 00 00 00 20 00 00 00 00 04 00 00 20 00 00 00 20 00 00 00 20 00 00 00 20 00 00 00
####   +00a0: 04 00 04 00 01 00 04 00 01 00 01 00 00 00 06 00 2f 00 00 00 30 00 00 00 31 00 00 00 01 00 00 00
####   +00c0: 32 00 00 00 33 00 00 00 20 00 00 00 20 00 00 00 20 00 00 00 40 00 00 00 40 00 00 00 00 03 00 00
####   +00e0: 01 00 01 00 01 00 80 00 01 00 04 00 00 00 06 00 0f 00 00 00 0a 00 00 00 0e 00 00 00 0c 00 00 00
####   +0100: 22 00 00 00 21 00 00 00 40 01 00 00 40 00 00 00 3c 0f 00 00 10 00 00 00 30 00 00 00 20 00 00 00
####   +0120: 80 00 80 00 0c 00 80 00 01 00 01 00 00 00 06 00 36 bb 22 87 02 00 00 00 01 00 00 00 01 00 00 c0
####   +0140: 40 08 00 00 70 08 00 00
#### AGX_SUBMIT_DIAG #2 descriptor[0] segment save /tmp/macws_submit_segment_2_0.bin failed errno=17
#### AGX_SUBMIT_DIAG #2 descriptor[0] state=0x60021a000 start=0x10fec8000 current=0x10fec8870 end=0x10fecc000
#### AGX_SUBMIT_DIAG #2 kernel-commands bytes=0x300
####   +0000: 00 00 01 00 40 08 00 00 04 00 00 00 00 00 00 00 00 00 00 00 00 00 00 00 00 00 00 00 00 00 00 00
####   +0020: 00 00 00 00 18 00 00 00 18 08 00 00 e8 07 00 00 30 00 00 00 01 00 00 00 00 00 71 00 15 00 00 00
####   +0040: 00 00 00 00 00 00 00 00 00 00 00 00 00 00 00 00 00 00 00 00 00 00 00 00 00 00 00 00 00 00 00 00
####   +0060: 00 00 00 00 00 00 00 00 00 00 00 00 00 00 00 00 00 00 00 00 00 00 00 00 00 00 00 00 00 00 00 00
####   +0080: 00 00 00 00 00 00 00 00 00 00 00 00 00 00 00 00 00 00 00 00 00 00 00 00 a0 82 8d 00 15 00 00 00
####   +00a0: 20 80 8d 00 15 00 00 00 00 00 00 00 00 00 00 00 00 00 00 00 00 00 00 00 00 00 00 00 00 00 00 00
####   +00c0: 00 00 00 00 00 00 00 00 00 00 00 00 00 00 00 00 00 00 00 00 00 00 00 00 03 00 6b 00 12 00 3a 00
####   +00e0: 01 00 00 00 00 00 00 00 00 00 00 00 00 00 00 00 00 00 00 00 00 00 00 00 00 00 00 00 00 00 00 00
####   +0100: 00 00 00 00 00 00 00 00 00 00 00 00 00 00 00 00 00 00 00 00 00 00 00 00 00 00 00 00 00 00 00 00
####   +0120: 00 00 00 00 00 00 00 00 00 00 00 00 00 00 00 00 00 00 00 00 00 00 00 00 00 00 00 00 00 00 00 00
####   +0140: 00 00 00 00 00 00 00 00 00 00 00 00 00 00 00 00 00 00 00 00 00 00 00 00 00 00 00 00 00 00 00 00
####   +0160: 00 00 00 00 00 00 00 00 00 00 00 00 00 00 00 00 00 00 00 00 00 00 00 00 00 00 00 00 00 00 00 00
####   +0180: 00 00 00 00 00 00 00 00 00 00 00 00 00 00 00 00 00 00 00 00 00 00 00 00 00 00 00 00 00 00 00 00
####   +01a0: 00 00 00 00 00 00 00 00 00 00 00 00 00 00 00 00 00 00 00 00 00 00 00 00 00 00 00 00 00 00 00 00
####   +01c0: 00 00 00 00 00 00 00 00 00 00 00 00 00 00 00 00 00 00 00 00 00 00 00 00 00 80 8d 00 15 00 00 00
####   +01e0: 01 00 00 00 00 00 00 00 1c 00 00 00 00 00 00 00 00 00 00 00 00 00 00 00 ff ff ff ff ff ff ff ff
####   +0200: ff ff ff ff 00 00 00 00 00 00 00 00 00 00 00 00 00 00 00 00 00 00 00 00 00 00 00 00 00 00 00 00
####   +0220: 00 00 00 00 00 00 00 00 00 00 00 00 00 00 00 00 00 00 00 00 00 00 00 00 00 00 00 00 00 00 00 00
####   +0240: 00 00 00 00 00 00 00 00 00 00 00 00 00 00 00 00 00 00 00 00 00 00 00 00 00 00 00 00 00 00 00 00
####   +0260: 00 00 00 00 00 00 00 00 00 00 00 00 00 00 00 00 00 00 00 00 00 00 00 00 00 00 00 00 00 00 00 00
####   +0280: 00 00 00 00 00 00 00 00 00 00 00 00 00 00 00 00 00 00 00 00 00 00 00 00 00 00 00 00 00 00 00 00
####   +02a0: 00 00 00 00 00 00 00 00 14 82 ff ff 00 00 00 00 44 00 0a 00 00 00 00 00 00 00 00 00 00 00 00 00
####   +02c0: 00 00 00 00 00 00 00 00 34 00 00 00 00 00 00 00 84 00 0a 00 00 00 00 00 00 00 76 00 15 00 00 00
####   +02e0: 00 00 8f 00 15 00 00 00 00 00 00 00 00 00 00 00 00 00 00 00 00 00 00 00 00 00 00 00 00 00 00 00
#### AGX_SUBMIT_DIAG #2 descriptor[0] KCMD-pre save /tmp/macws_submit_kcmd_2_0_pre.bin failed errno=17
#### AGX_SUBMIT_DIAG #2 record[0] off=0 type=0x10000 end=0x818 size=0x7e8 inner=0x30 subtype=1
#### AGX_SUBMIT_DIAG #2 record[0] save /tmp/macws_submit_type1_2_0.bin failed errno=17
#### AGX_SUBMIT_DIAG #2 subtype1-predicate scalar0=0x1 legacy-scalar-gate=1 total=0x870/1 seglen=0x148/1 seghdr=0 cmdtotal=0 d8=1 pad1=1 f1=1 sent1=1 pad2=1 f2=1 sent2=1
#### AGX_SUBMIT_DIAG #2 record[1] off=0x818 type=0 end=0x3 size=0x18 inner=0x9903 subtype=0
#### AGX_SUBMIT_DIAG #2 record walk stopped: invalid framing
#### AGX_SUBMIT_DIAG #2 descriptor[1]=0x6009d79c0 raw=0x6009d79c0 self=0x600114980 rawSelf=0x600114980
#### AGX_SUBMIT_DIAG #2 descriptor[1] state=0x60021a000 duplicate
#### AGX_SUBMIT_DIAG #2 result=0 records=2 candidates=0 fixed=0
#### AGXIOC Method sel=0x1e->0x1a inCnt=4 inSC=56 outSC=0 -> 0x0
[61640:0728/053350.638951:ERROR:ui/gl/angle_platform_impl.cc:47] mtl_command_buffer.mm:693 (onCommandBufferCompleted): Completed MTLCommandBuffer failed, and error is Internal Error (00000102:Internal Error)
#### MTL_TEX entry self class=AGXG13GFamilyDevice
#### MTL_TEX TLS set iosurface=0x60007d9c0 id=0xb9 plane=0 compressionHeaderSpan=0 (thread=0x1f7c95e00 addr=0x0)
#### MACWS_AGX_NATIVE supportsMemorylessRenderTargets CALLED on instance=0x600232000 class=AGXG13GFamilyDevice -> YES
#### AGXIOC type=0x82 patch #3: f14=0x430 +0x30 0→0xb9 +0x38 0xb9→0 +0x40 0→0 +0x50 0→0x180888f00 +0x58 0x180888f00→0
#### AGX_LIFE type82 CREATE stack #3 resourceID=0x34 surf=0xb9 (16 frames):
0   libmachook_arm64.dylib              0x00000001047c8930 IOConnectCallMethod_new + 6708
1   IOGPU                               0x00000001b99ee18c IOGPUResourceCreate + 236
2   IOGPU                               0x00000001b99e8138 -[IOGPUMetalResource initWithDevice:remoteStorageResource:options:args:argsSize:] + 460
3   libmachook_arm64.dylib              0x00000001047be424 __loadImageCallback_block_invoke_20 + 112
4   IOGPU                               0x00000001b99ea5ec -[IOGPUMetalTexture initWithDevice:descriptor:iosurface:plane:field:args:argsSize:] + 824
5   AGXMetal13_3                        0x00000002022f2f38 -[AGXTexture initWithDevice:desc:iosurface:plane:] + 288
6   libmachook_arm64.dylib              0x00000001047eb894 -[MTLFakeDevice hooked_newTextureWithDescriptor:iosurface:plane:] + 1932
7   libGLESv2.dylib                     0x000000010c75f754 glStartTilingQCOM + 2731860
8   libGLESv2.dylib                     0x000000010c7339b8 glStartTilingQCOM + 2552248
9   libGLESv2.dylib                     0x000000010c733824 glStartTilingQCOM + 2551844
10  libGLESv2.dylib                     0x000000010c631fd4 glStartTilingQCOM + 1497044
11  libGLESv2.dylib                     0x000000010c48d5fc libGLESv2.dylib + 38396
12  libGLESv2.dylib                     0x000000010c490d60 EGL_BindTexImage + 144
13  Electron Framework                  0x00000001165ba528 rust_bmp$cxxbridge1$194$Reader$image_data_loaded + 582280
14  Electron Framework                  0x00000001165bd9cc rust_bmp$cxxbridge1$194$Reader$image_data_loaded + 595756
15  Electron Framework                  0x00000001165bb830 rust_bmp$cxxbridge1$194$Reader$image_data_loaded + 587152
#### AGX_MAP_AUDIT #3 tex=0x6009c7580 impl=0x6009c7300 iosurface(arg=0x60007d9c0 bound=0x60007d9c0) plane=0 cpu130=0x11bafc000 gpu40=0x15009b8000 descriptorOff=0x190 descriptorLayout=0 compressed=0 extended=0 match=1
#### CBRI_HOOK self=0x600115400 cls=AGXG13GFamilyCommandBuffer → resourceInfo=0x600289600
#### AGX_SUBMIT_DIAG #3 submit-struct bytes=0x40
####   +0000: 04 00 00 00 03 00 00 00 00 00 00 00 00 00 00 00 00 d2 aa 00 06 00 00 00 c0 cc 08 00 06 00 00 00
####   +0020: 00 00 00 00 00 00 00 00 00 00 00 00 00 00 00 00 00 00 00 00 00 00 00 00 02 00 00 00 01 00 00 00
#### AGX_SUBMIT_DIAG #3 scalars[4]: 0x1 0 0x2 0x38 fix-requested=NO
#### AGX_SUBMIT_DIAG #3 descriptor[0]=0x600aad200 raw=0x600aad200 self=0x600115780 rawSelf=0x600115780
#### AGX_SUBMIT_DIAG #3 descriptor[0] segment start=0x10c3a0000 current=0x10c3a0010 limit=0x10c3a4000 length=0x10 mode=-1
#### AGX_SUBMIT_DIAG #3 segment-list bytes=0x10
####   +0000: 38 bb 22 87 02 00 00 00 00 00 00 00 10 00 00 80
#### MTL_TEX entry self class=AGXG13GFamilyDevice
#### MTL_TEX TLS set iosurface=0x60007d6a0 id=0xba plane=0 compressionHeaderSpan=0 (thread=0x1f7c95e00 addr=0x0)
#### MACWS_AGX_NATIVE supportsMemorylessRenderTargets CALLED on instance=0x600232000 class=AGXG13GFamilyDevice -> YES
#### AGX_SUBMIT_DIAG #3 descriptor[0] segment save /tmp/macws_submit_segment_3_0.bin failed errno=17
#### AGX_SUBMIT_DIAG #3 descriptor[0] state=0x60021a000 start=0x10fec8000 current=0x10fec8000 end=0x10fecc000
#### AGX_SUBMIT_DIAG #3 descriptor[0] KCMD bounds invalid
#### AGX_SUBMIT_DIAG #3 descriptor[1]=0x60008ccc0 raw=0x60008ccc0 self=0x600115780 rawSelf=0x600115780
#### AGX_SUBMIT_DIAG #3 descriptor[1] state=0x60021a000 duplicate
#### AGX_SUBMIT_DIAG #3 result=0 records=0 candidates=0 fixed=0
#### AGXIOC Method sel=0x1e->0x1a inCnt=4 inSC=112 outSC=0 -> 0x0
#### AGXIOC type=0x82 patch #4: f14=0x430 +0x30 0→0xba +0x38 0xba→0 +0x40 0→0 +0x50 0→0x180888f00 +0x58 0x180888f00→0
#### AGX_LIFE type82 CREATE stack #4 resourceID=0x36 surf=0xba (16 frames):
0   libmachook_arm64.dylib              0x00000001047c8930 IOConnectCallMethod_new + 6708
1   IOGPU                               0x00000001b99ee18c IOGPUResourceCreate + 236
2   IOGPU                               0x00000001b99e8138 -[IOGPUMetalResource initWithDevice:remoteStorageResource:options:args:argsSize:] + 460
3   libmachook_arm64.dylib              0x00000001047be424 __loadImageCallback_block_invoke_20 + 112
4   IOGPU                               0x00000001b99ea5ec -[IOGPUMetalTexture initWithDevice:descriptor:iosurface:plane:field:args:argsSize:] + 824
5   AGXMetal13_3                        0x00000002022f2f38 -[AGXTexture initWithDevice:desc:iosurface:plane:] + 288
6   libmachook_arm64.dylib              0x00000001047eb894 -[MTLFakeDevice hooked_newTextureWithDescriptor:iosurface:plane:] + 1932
7   libGLESv2.dylib                     0x000000010c75f754 glStartTilingQCOM + 2731860
8   libGLESv2.dylib                     0x000000010c7339b8 glStartTilingQCOM + 2552248
9   libGLESv2.dylib                     0x000000010c733824 glStartTilingQCOM + 2551844
10  libGLESv2.dylib                     0x000000010c631fd4 glStartTilingQCOM + 1497044
11  libGLESv2.dylib                     0x000000010c48d5fc libGLESv2.dylib + 38396
12  libGLESv2.dylib                     0x000000010c490d60 EGL_BindTexImage + 144
13  Electron Framework                  0x00000001165ba528 rust_bmp$cxxbridge1$194$Reader$image_data_loaded + 582280
14  Electron Framework                  0x00000001165bd9cc rust_bmp$cxxbridge1$194$Reader$image_data_loaded + 595756
15  Electron Framework                  0x00000001165bb830 rust_bmp$cxxbridge1$194$Reader$image_data_loaded + 587152
[61640:0728/053350.641754:ERROR:ui/gl/angle_platform_impl.cc:47] mtl_command_buffer.mm:693 (onCommandBufferCompleted): Completed MTLCommandBuffer failed, and error is Internal Error (00000102:Internal Error)
#### AGX_MAP_AUDIT #4 tex=0x6009c7f80 impl=0x6009c7d00 iosurface(arg=0x60007d6a0 bound=0x60007d6a0) plane=0 cpu130=0x11bedc000 gpu40=0x1500da8000 descriptorOff=0x190 descriptorLayout=0 compressed=0 extended=0 match=1
#### CBRI_HOOK self=0x600115e80 cls=AGXG13GFamilyCommandBuffer → resourceInfo=0x60029ae00
#### MTL_TEX TLS set iosurface=0x60007dc40 id=0xbb plane=0 compressionHeaderSpan=0 (thread=0x1f7c95e00 addr=0x0)
#### MACWS_AGX_NATIVE supportsMemorylessRenderTargets CALLED on instance=0x600232000 class=AGXG13GFamilyDevice -> YES
#### AGXIOC type=0x82 patch #5: f14=0x430 +0x30 0→0xbb +0x38 0xbb→0 +0x40 0→0 +0x50 0→0x180888f00 +0x58 0x180888f00→0
#### AGX_MAP_AUDIT #5 tex=0x6009c8980 impl=0x6009c8700 iosurface(arg=0x60007dc40 bound=0x60007dc40) plane=0 cpu130=0x11c2ac000 gpu40=0x1501180000 descriptorOff=0x190 descriptorLayout=0 compressed=0 extended=0 match=1
#### AGXIOC Method sel=0xf->0xd inCnt=2 inSC=0 outSC=16 -> 0x0
#### AGXIOC Method sel=0xf->0xd inCnt=2 inSC=0 outSC=16 -> 0x0
#### AGXIOC type0 exact initFull length: +0x58=0 low32=0 -> +0x40=0x8000
#### AGXIOC Method sel=0xf->0xd inCnt=2 inSC=0 outSC=16 -> 0x0
#### AGXIOC Method sel=0xf->0xd inCnt=2 inSC=0 outSC=16 -> 0x0
#### CBRI_HOOK self=0x600116c80 cls=AGXG13GFamilyCommandBuffer → resourceInfo=0x60029cc00
#### AGX_SUBMIT_DIAG #4 submit-struct bytes=0x40
####   +0000: 02 00 00 00 01 00 00 00 00 00 00 00 00 00 00 00 50 d0 aa 00 06 00 00 00 c0 79 9d 00 06 00 00 00
####   +0020: 00 00 00 00 00 00 00 00 00 00 00 00 00 00 00 00 00 00 00 00 00 00 00 00 04 00 00 00 03 00 00 00
#### AGX_SUBMIT_DIAG #4 scalars[4]: 0x1 0 0x4 0x38 fix-requested=NO
#### AGX_SUBMIT_DIAG #4 descriptor[0]=0x600aad050 raw=0x600aad050 self=0x600115780 rawSelf=0x600115780
#### AGX_SUBMIT_DIAG #4 descriptor[0] segment start=0x10c294000 current=0x10c294010 limit=0x10c298000 length=0x10 mode=-1
#### AGX_SUBMIT_DIAG #4 segment-list bytes=0x10
####   +0000: 3b bb 22 87 02 00 00 00 00 00 00 00 10 00 00 80
#### AGX_SUBMIT_DIAG #4 descriptor[0] segment save /tmp/macws_submit_segment_4_0.bin failed errno=17
#### AGX_SUBMIT_DIAG #4 descriptor[0] state=0x600216800 start=0x10c298000 current=0x10c298000 end=0x10c29c000
#### AGX_SUBMIT_DIAG #4 descriptor[0] KCMD bounds invalid
#### AGX_SUBMIT_DIAG #4 descriptor[1]=0x6009d79c0 raw=0x6009d79c0 self=0x600115780 rawSelf=0x600115780
#### AGX_SUBMIT_DIAG #4 descriptor[1] state=0x600216800 duplicate
#### AGX_SUBMIT_DIAG #4 result=0 records=0 candidates=0 fixed=0
#### AGXIOC Method sel=0x1e->0x1a inCnt=4 inSC=224 outSC=0 -> 0x0
[61640:0728/053350.660062:ERROR:ui/gl/angle_platform_impl.cc:47] mtl_command_buffer.mm:693 (onCommandBufferCompleted): Completed MTLCommandBuffer failed, and error is Internal Error (00000102:Internal Error)
[61640:0728/053350.660167:ERROR:ui/gl/angle_platform_impl.cc:47] mtl_command_buffer.mm:693 (onCommandBufferCompleted): Completed MTLCommandBuffer failed, and error is Internal Error (00000102:Internal Error)
[61640:0728/053350.660241:ERROR:ui/gl/angle_platform_impl.cc:47] mtl_command_buffer.mm:693 (onCommandBufferCompleted): Completed MTLCommandBuffer failed, and error is Internal Error (00000102:Internal Error)
#### IOSURFACE-RELEASE-ABI pair #1: conn=15623 surfaceID=159 sel=1 -> 0
#### MTL_TEX TLS set iosurface=0x60007e700 id=0xbc plane=0 compressionHeaderSpan=0 (thread=0x1f7c95e00 addr=0x0)
#### AGXIOC type=0x82 patch #6: f14=0x430 +0x30 0→0xbc +0x38 0xbc→0 +0x40 0→0 +0x50 0→0x180888f00 +0x58 0x180888f00→0
#### AGX_MAP_AUDIT #6 tex=0x6009c9b00 impl=0x6009c9880 iosurface(arg=0x60007e700 bound=0x60007e700) plane=0 cpu130=0x11c690000 gpu40=0x1501568000 descriptorOff=0x190 descriptorLayout=0 compressed=0 extended=0 match=1
#### CBRI_HOOK self=0x600115780 cls=AGXG13GFamilyCommandBuffer → resourceInfo=0x600291800
#### CBRI_HOOK self=0x600117380 cls=AGXG13GFamilyCommandBuffer → resourceInfo=0x600289600
#### AGX_SUBMIT_DIAG #5 submit-struct bytes=0x40
####   +0000: 08 00 00 00 07 00 00 00 00 00 00 00 00 00 00 00 00 d2 aa 00 06 00 00 00 c0 81 92 00 06 00 00 00
####   +0020: 00 00 00 00 00 00 00 00 00 00 00 00 00 00 00 00 00 00 00 00 00 00 00 00 06 00 00 00 05 00 00 00
#### AGX_SUBMIT_DIAG #5 scalars[4]: 0x1 0 0x3 0x38 fix-requested=NO
#### AGX_SUBMIT_DIAG #5 descriptor[0]=0x600aad200 raw=0x600aad200 self=0x600115e80 rawSelf=0x600115e80
#### AGX_SUBMIT_DIAG #5 descriptor[0] segment start=0x11c688000 current=0x11c688010 limit=0x11c68c000 length=0x10 mode=-1
#### AGX_SUBMIT_DIAG #5 segment-list bytes=0x10
####   +0000: 41 bb 22 87 02 00 00 00 00 00 00 00 10 00 00 80
#### AGX_SUBMIT_DIAG #5 descriptor[0] segment save /tmp/macws_submit_segment_5_0.bin failed errno=17
#### AGX_SUBMIT_DIAG #5 descriptor[0] state=0x60021ac00 start=0x11c68c000 current=0x11c68c000 end=0x11c690000
#### AGX_SUBMIT_DIAG #5 descriptor[0] KCMD bounds invalid
#### AGX_SUBMIT_DIAG #5 descriptor[1]=0x6009281c0 raw=0x6009281c0 self=0x600115e80 rawSelf=0x600115e80
#### AGX_SUBMIT_DIAG #5 descriptor[1] state=0x60021ac00 duplicate
#### AGX_SUBMIT_DIAG #5 result=0 records=0 candidates=0 fixed=0
#### AGXIOC Method sel=0x1e->0x1a inCnt=4 inSC=168 outSC=0 -> 0x0
#### AGX_SUBMIT_DIAG #6 submit-struct bytes=0x38
####   +0000: 02 00 00 00 01 00 00 00 00 00 00 00 00 00 00 00 d0 14 9e 00 06 00 00 00 c0 7f 9d 00 06 00 00 00
####   +0020: 00 00 00 00 00 00 00 00 00 00 00 00 00 00 00 00 00 00 00 00 00 00 00 00
#### AGX_SUBMIT_DIAG #6 scalars[4]: 0x1 0 0x1 0x38 fix-requested=NO
#### AGX_SUBMIT_DIAG #6 descriptor[0]=0x6009e14d0 raw=0x6009e14d0 self=0x600117380 rawSelf=0x600117380
#### AGX_SUBMIT_DIAG #6 descriptor[0] segment start=0x10c294000 current=0x10c294148 limit=0x10c298000 length=0x148 mode=-1
#### AGX_SUBMIT_DIAG #6 segment-list bytes=0x148
####   +0000: 45 bb 22 87 02 00 00 00 01 00 00 00 30 01 00 00 46 bb 22 87 02 00 00 00 00 00 00 00 40 08 00 00
####   +0020: 00 00 00 00 00 00 00 00 14 00 00 00 04 00 00 00 4a 00 00 00 4b 00 00 00 4c 00 00 00 4d 00 00 00
####   +0040: 4e 00 00 00 4f 00 00 00 20 00 00 00 20 00 00 00 20 00 00 00 20 00 00 00 20 00 00 00 20 00 00 00
####   +0060: 01 00 01 00 01 00 01 00 04 00 01 00 00 00 06 00 50 00 00 00 51 00 00 00 52 00 00 00 53 00 00 00
####   +0080: 54 00 00 00 55 00 00 00 20 00 00 00 00 04 00 00 20 00 00 00 20 00 00 00 20 00 00 00 20 00 00 00
####   +00a0: 04 00 04 00 01 00 04 00 01 00 01 00 00 00 06 00 56 00 00 00 57 00 00 00 58 00 00 00 01 00 00 00
####   +00c0: 59 00 00 00 5a 00 00 00 20 00 00 00 20 00 00 00 20 00 00 00 40 00 00 00 40 00 00 00 00 03 00 00
####   +00e0: 01 00 01 00 01 00 80 00 01 00 04 00 00 00 06 00 39 00 00 00 0c 00 00 00 0a 00 00 00 22 00 00 00
####   +0100: 21 00 00 00 00 00 00 00 bc 00 00 00 10 00 00 00 40 00 00 00 30 00 00 00 20 00 00 00 00 00 00 00
####   +0120: 0c 00 80 00 80 00 01 00 01 00 00 00 00 00 02 00 45 bb 22 87 02 00 00 00 01 00 00 00 01 00 00 c0
####   +0140: 40 08 00 00 58 08 00 00
[61640:0728/053350.666550:ERROR:ui/gl/angle_platform_impl.cc:47] mtl_command_buffer.mm:693 (onCommandBufferCompleted): Completed MTLCommandBuffer failed, and error is Internal Error (00000102:Internal Error)
[61640:0728/053350.666703:ERROR:ui/gl/angle_platform_impl.cc:47] mtl_command_buffer.mm:693 (onCommandBufferCompleted): Completed MTLCommandBuffer failed, and error is Internal Error (00000102:Internal Error)
#### AGX_SUBMIT_DIAG #6 descriptor[0] segment save /tmp/macws_submit_segment_6_0.bin failed errno=17
#### AGX_SUBMIT_DIAG #6 descriptor[0] state=0x600216800 start=0x10c298000 current=0x10c298858 end=0x10c29c000
#### AGX_SUBMIT_DIAG #6 kernel-commands bytes=0x300
####   +0000: 00 00 01 00 40 08 00 00 04 00 00 00 00 00 00 00 00 00 00 00 00 00 00 00 00 00 00 00 00 00 00 00
####   +0020: 00 00 00 00 18 00 00 00 18 08 00 00 e8 07 00 00 30 00 00 00 01 00 00 00 00 00 83 01 15 00 00 00
####   +0040: 00 00 00 00 00 00 00 00 00 00 00 00 00 00 00 00 00 00 00 00 00 00 00 00 00 00 00 00 00 00 00 00
####   +0060: 00 00 00 00 00 00 00 00 00 00 00 00 00 00 00 00 00 00 00 00 00 00 00 00 00 00 00 00 00 00 00 00
####   +0080: 00 00 00 00 00 00 00 00 00 00 00 00 00 00 00 00 00 00 00 00 00 00 00 00 a0 82 9f 01 15 00 00 00
####   +00a0: 20 80 9f 01 15 00 00 00 00 00 00 00 00 00 00 00 00 00 00 00 00 00 00 00 00 00 00 00 00 00 00 00
####   +00c0: 00 00 00 00 00 00 00 00 00 00 00 00 00 00 00 00 00 00 00 00 00 00 00 00 03 00 6b 00 12 00 3a 00
####   +00e0: 01 00 00 00 00 00 00 00 00 00 00 00 00 00 00 00 00 00 00 00 00 00 00 00 00 00 00 00 00 00 00 00
####   +0100: 00 00 00 00 00 00 00 00 00 00 00 00 00 00 00 00 00 00 00 00 00 00 00 00 00 00 00 00 00 00 00 00
####   +0120: 00 00 00 00 00 00 00 00 00 00 00 00 00 00 00 00 00 00 00 00 00 00 00 00 00 00 00 00 00 00 00 00
####   +0140: 00 00 00 00 00 00 00 00 00 00 00 00 00 00 00 00 00 00 00 00 00 00 00 00 00 00 00 00 00 00 00 00
####   +0160: 00 00 00 00 00 00 00 00 00 00 00 00 00 00 00 00 00 00 00 00 00 00 00 00 00 00 00 00 00 00 00 00
####   +0180: 00 00 00 00 00 00 00 00 00 00 00 00 00 00 00 00 00 00 00 00 00 00 00 00 00 00 00 00 00 00 00 00
####   +01a0: 00 00 00 00 00 00 00 00 00 00 00 00 00 00 00 00 00 00 00 00 00 00 00 00 00 00 00 00 00 00 00 00
####   +01c0: 00 00 00 00 00 00 00 00 00 00 00 00 00 00 00 00 00 00 00 00 00 00 00 00 00 80 9f 01 15 00 00 00
####   +01e0: 01 00 00 00 00 00 00 00 1c 00 00 00 00 00 00 00 00 00 00 00 00 00 00 00 ff ff ff ff ff ff ff ff
####   +0200: ff ff ff ff 00 00 00 00 00 00 00 00 00 00 00 00 00 00 00 00 00 00 00 00 00 00 00 00 00 00 00 00
####   +0220: 00 00 00 00 00 00 00 00 00 00 00 00 00 00 00 00 00 00 00 00 00 00 00 00 00 00 00 00 00 00 00 00
####   +0240: 00 00 00 00 00 00 00 00 00 00 00 00 00 00 00 00 00 00 00 00 00 00 00 00 00 00 00 00 00 00 00 00
####   +0260: 00 00 00 00 00 00 00 00 00 00 00 00 00 00 00 00 00 00 00 00 00 00 00 00 00 00 00 00 00 00 00 00
####   +0280: 00 00 00 00 00 00 00 00 00 00 00 00 00 00 00 00 00 00 00 00 00 00 00 00 00 00 00 00 00 00 00 00
####   +02a0: 00 00 00 00 00 00 00 00 02 80 ff ff 00 00 00 00 44 00 0e 00 00 00 00 00 00 00 00 00 00 00 00 00
####   +02c0: 00 00 00 00 00 00 00 00 12 00 00 00 00 00 00 00 84 00 0e 00 00 00 00 00 00 00 88 01 15 00 00 00
####   +02e0: 00 00 a1 01 15 00 00 00 00 00 00 00 00 00 00 00 00 00 00 00 00 00 00 00 00 00 00 00 00 00 00 00
#### AGX_SUBMIT_DIAG #6 descriptor[0] KCMD-pre save /tmp/macws_submit_kcmd_6_0_pre.bin failed errno=17
#### AGX_SUBMIT_DIAG #6 record[0] off=0 type=0x10000 end=0x818 size=0x7e8 inner=0x30 subtype=1
#### AGX_SUBMIT_DIAG #6 record[0] save /tmp/macws_submit_type1_6_0.bin failed errno=17
#### AGX_SUBMIT_DIAG #6 subtype1-predicate scalar0=0x1 legacy-scalar-gate=1 total=0x858/1 seglen=0x148/1 seghdr=0 cmdtotal=0 d8=1 pad1=1 f1=1 sent1=1 pad2=1 f2=1 sent2=1
#### AGX_SUBMIT_DIAG #6 record[1] off=0x818 type=0 end=0x3 size=0x18 inner=0x9903 subtype=0
#### AGX_SUBMIT_DIAG #6 record walk stopped: invalid framing
#### AGX_SUBMIT_DIAG #6 descriptor[1]=0x6009d7fc0 raw=0x6009d7fc0 self=0x600117380 rawSelf=0x600117380
#### AGX_SUBMIT_DIAG #6 descriptor[1] state=0x600216800 duplicate
#### AGX_SUBMIT_DIAG #6 result=0 records=2 candidates=0 fixed=0
#### AGXIOC Method sel=0x1e->0x1a inCnt=4 inSC=56 outSC=0 -> 0x0
[61640:0728/053350.670299:ERROR:ui/gl/angle_platform_impl.cc:47] mtl_command_buffer.mm:693 (onCommandBufferCompleted): Completed MTLCommandBuffer failed, and error is Internal Error (00000102:Internal Error)
#### MACWS_HID_BYPASS installed SetMatchingMultiple → no-op (1) at 0x19fe25e8c — skips iOS-format CFBinaryPlist parse inside
####   IOHIDEventSystemClientCacheMatchingServices → IOHIDUnserializeAndVMDealloc → CFPropertyListCreateFromStream
####   that BUS_ADRALNs in the IOMFBServer thread.
#### MACWS_AGX_RENAMER_PATCH: off (set MACWS_AGX_RENAMER_PATCH=1 to enable)
#### MACWS_ASSERT_BYPASS DISABLED (set MACWS_KEEP_ASSERT_BYPASS=1 to restore lazy bypass) — real __assert_rtn now reaches abort
#### MACWS_AGX_NATIVE [ctor] pre-loaded IOGPU via /System/Library/PrivateFrameworks/IOGPU.framework/IOGPU -> 0x3de2ecc10
#### XPC_BOOTSTRAP: fn=0x19c9dd140 dict=0x155e126b0 (registering Metal/ViewBridge/HIServices)
#### XPC_BOOTSTRAP: called OK
#### COEXIST API SwapEnd hook installed target=0x1a78bb1cc trampoline=0x1032bc000
[61641:0728/053350.814629:VERBOSE1:net/third_party/quiche/src/quiche/quic/core/tls_handshaker.cc:109] TlsClient: Continuing handshake
[61641:0728/053350.814741:VERBOSE1:net/third_party/quiche/src/quiche/quic/core/tls_handshaker.cc:109] TlsClient: Continuing handshake
[61641:0728/053350.815391:VERBOSE1:net/third_party/quiche/src/quiche/quic/core/tls_handshaker.cc:109] TlsClient: Continuing handshake
#### SkyLight PrepareForUse tolerate-nil hook installed at 0x1a1c9cfc4
#### SkyLight StartCompositeForDisplayStream nil-skip hook installed at 0x1a1ac5d74
#### SkyLight StartComposite(WSCD) tolerate-nil + pop-on-bail hook installed at 0x1a1ac5358
[61600:0728/053350.824776:ERROR:net/cert/internal/trust_store_mac.cc:773] SecItemCopyMatching error: Error Domain=NSOSStatusErrorDomain Code=-50 "paramErr: error in user parameter list" (-50)
#### SkyLight StartComposite(MTLTex) pop-on-bail hook installed at 0x1a1ac5fb8
[61641:0728/053350.825826:VERBOSE1:net/third_party/quiche/src/quiche/quic/core/tls_handshaker.cc:109] TlsClient: Continuing handshake
#### SkyLight EndCurrentComposite(bool) completion hook installed at 0x1a1ac453c
#### SkyLight EndUpdate(bool) submission hook installed at 0x1a1ac40b0
#### SkyLight _state_stack pop_back resolved at 0x1a1ac2fa0
#### SkyLight WSCompositeDestinationCreateWithMetalTexture nil-tolerate hook installed at 0x1a1ac853c
#### SkyLight MetalContext::StopCapture invalid-this guard installed at 0x1a1ac41bc
#### MACWS_AGX_NATIVE class_addMethod(MTLTextureDescriptor, validateWithDevice:) = 1
#### MACWS_AGX_NATIVE class_addMethod(IOGPUMetalTexture, isMemoryless) = 1
#### MACWS_AGX_NATIVE class_addMethod(IOGPUMetalTexture, getCPUSizeBytes) = 1
#### MACWS_AGX_NATIVE class_addMethod(IOGPUMetalTexture, getAlignment) = 1
#### MACWS_AGX_NATIVE class_addMethod(IOGPUMetalTexture, descriptorPrivate) = 1
#### MACWS_AGX_NATIVE class_addMethod(IOGPUMetalTexture, getBytesPerRow) = 1
#### MACWS_AGX_NATIVE class_addMethod(IOGPUMetalTexture, updateBindDataWithAddresses:gpuVirtualAddress:) = 1
#### MACWS_AGX_NATIVE class_addMethod(IOGPUMetalTexture, updateBindDataWithAddresses:gpuVirtualAddress:shouldInitMetadata:) = 1
#### MACWS_AGX_NATIVE class_addMethod(IOGPUMetalTexture, allocBufferSubDataWithLength:options:alignment:heapIndex:bufferIndex:bufferOffset:) = 1
#### MACWS_AGX_NATIVE class_addMethod(IOGPUMetalTexture, initNewTextureData:) = 1
#### MACWS_AGX_NATIVE class_addMethod(MTLTextureDescriptor, isMemoryless) = 1
#### MACWS_AGX_NATIVE class_addMethod(MTLTextureDescriptor, protectionOptions) = 1
#### MACWS_AGX_NATIVE class_addMethod(MTLTextureDescriptor, getCPUSizeBytes) = 1
#### MACWS_AGX_NATIVE class_addMethod(MTLTextureDescriptor, getAlignment) = 1
#### MACWS_AGX_NATIVE class_addMethod(MTLTextureDescriptor, descriptorPrivate) = 1
#### MACWS_AGX_NATIVE class_addMethod(MTLTextureDescriptor, getBytesPerRow) = 1
#### MACWS_AGX_NATIVE class_addMethod(MTLTextureDescriptor, updateBindDataWithAddresses:gpuVirtualAddress:) = 1
#### MACWS_AGX_NATIVE class_addMethod(MTLTextureDescriptor, updateBindDataWithAddresses:gpuVirtualAddress:shouldInitMetadata:) = 1
#### MACWS_AGX_NATIVE class_addMethod(MTLTextureDescriptor, allocBufferSubDataWithLength:options:alignment:heapIndex:bufferIndex:bufferOffset:) = 1
#### MACWS_AGX_NATIVE class_addMethod(MTLTextureDescriptor, initNewTextureData:) = 1
#### AMFI-POLICY-COMPAT policy=AMFI op=0x60 status=0x4 (iOS task ports are hard-immovable)
#### CSR-POLICY-COMPAT active_config=0x0 (conservative iOS compatibility value)
[61665:0728/053351.230820:ERROR:base/process/process_mac.cc:53] task_policy_set TASK_CATEGORY_POLICY: (os/kern) invalid argument (4)
[61665:0728/053351.233612:INFO:third_party/webrtc/rtc_base/cpu_info.cc:77] Available number of cores: 8
2026-07-28 05:33:51.235 Code Helper (Renderer)[61665:8195276] XType: Using static font registry.
#### JIT-MPROTECT range[0]=[0x280000000,0x290000000) source=MAP_JIT-EINVAL
#### JIT-MPROTECT execution barrier installed (W^X fetch-wait compatibility)
#### JIT-MPROTECT range[0]=[0x280000000,0x290000000) source=MAP_JIT-EINVAL
#### JIT-MPROTECT range[0]=[0x280000000,0x290000000) source=MAP_JIT-EINVAL
#### JIT-MPROTECT range[0]=[0x280000000,0x290000000) source=MAP_JIT-EINVAL
#### JIT-MPROTECT range[0]=[0x280000000,0x290000000) source=MAP_JIT-EINVAL
#### JIT-MPROTECT range[0]=[0x280000000,0x290000000) source=MAP_JIT-EINVAL
#### JIT-MPROTECT range[0]=[0x280000000,0x290000000) source=MAP_JIT-EINVAL
#### JIT-MPROTECT range[0]=[0x280000000,0x290000000) source=MAP_JIT-EINVAL
#### JIT-MPROTECT range[0]=[0x170000000,0x180000000) source=MAP_JIT-EINVAL
#### JIT-MPROTECT call #1 addr=0x170000000 size=0x10000000 requested=0x7 effective=0x3 result=0 errno=0 caller=0x114dda334 image=/Applications/Visual Studio Code.app/Contents/Frameworks/Electron Framework.framework/Versions/A/Electron Framework offset=0x63b2334
#### JIT-MPROTECT remap decline #1 dst=0x177dc0000 size=0x208000 src=0x1110d0000 requested=0x5 -> V8 copy fallback
#### JIT-MPROTECT flip #1 ranges=1 prot=RW writers=1 exec_waits=0 late_retries=0
#### JIT-MPROTECT flip #2 ranges=1 prot=RX writers=1 exec_waits=0 late_retries=0
[61600:0728/053351.333025:VERBOSE1:content/browser/renderer_host/back_forward_cache_impl.cc:853] BackForwardCacheImpl::GetCurrentBackForwardCacheEligibility: vscode-file://vscode-app/Applications/Visual%20Studio%20Code.app/Contents/Resources/app/out/vs/code/electron-browser/workbench/workbench.html : No: scheme is not HTTP or HTTPS, BackForwardCache is not supported by delegate
[61600:0728/053351.333116:VERBOSE1:content/browser/renderer_host/back_forward_cache_impl.cc:853] BackForwardCacheImpl::GetCompleteBackForwardCacheEligibilityForReporting: vscode-file://vscode-app/Applications/Visual%20Studio%20Code.app/Contents/Resources/app/out/vs/code/electron-browser/workbench/workbench.html : No: scheme is not HTTP or HTTPS, BackForwardCache is not supported by delegate
[61665:0728/053351.337315:VERBOSE1:extensions/renderer/script_context.cc:150] Created context:
  extension id:           (none)
  frame:                  0xe020308d0
  URL:                    
  context_type:           WEB_PAGE
  effective extension id: (none)
  effective context type: WEB_PAGE
[61665:0728/053351.337924:VERBOSE1:extensions/renderer/script_context.cc:150] Created context:
  extension id:           (none)
  frame:                  (nil)
  URL:                    
  context_type:           UNSPECIFIED
  effective extension id: (none)
  effective context type: UNSPECIFIED
[61665:0728/053351.338133:VERBOSE1:extensions/renderer/dispatcher.cc:493] Num tracked contexts: 1
[61665:0728/053351.339836:VERBOSE1:extensions/renderer/script_context.cc:150] Created context:
  extension id:           (none)
  frame:                  0xe020308d0
  URL:                    
  context_type:           WEB_PAGE
  effective extension id: (none)
  effective context type: WEB_PAGE
[61665:0728/053351.339892:VERBOSE1:extensions/renderer/script_context.cc:150] Created context:
  extension id:           (none)
  frame:                  (nil)
  URL:                    
  context_type:           UNSPECIFIED
  effective extension id: (none)
  effective context type: UNSPECIFIED
[61665:0728/053351.339938:VERBOSE1:extensions/renderer/dispatcher.cc:493] Num tracked contexts: 2
[61641:0728/053351.360730:VERBOSE1:net/base/network_delegate.cc:38] NetworkDelegate::NotifyBeforeURLRequest: https://webglsamples.org/jquery-ui-1.8.2.custom/css/ui-lightness/jquery-ui-1.8.2.custom.css
[61641:0728/053351.360937:VERBOSE1:net/base/network_delegate.cc:38] NetworkDelegate::NotifyBeforeURLRequest: https://webglsamples.org/jquery-ui-1.8.2.custom/js/jquery-1.4.2.min.js
[61641:0728/053351.361063:VERBOSE1:net/base/network_delegate.cc:38] NetworkDelegate::NotifyBeforeURLRequest: https://webglsamples.org/jquery-ui-1.8.2.custom/js/jquery-ui-1.8.2.custom.min.js
[61641:0728/053351.361240:VERBOSE1:net/base/network_delegate.cc:38] NetworkDelegate::NotifyBeforeURLRequest: https://webglsamples.org/khronos/webgl-debug.js
[61641:0728/053351.361358:VERBOSE1:net/base/network_delegate.cc:38] NetworkDelegate::NotifyBeforeURLRequest: https://webglsamples.org/tdl/base.js
[61641:0728/053351.361481:VERBOSE1:net/base/network_delegate.cc:38] NetworkDelegate::NotifyBeforeURLRequest: https://webglsamples.org/aquarium/aquarium-config.js
[61641:0728/053351.361580:VERBOSE1:net/base/network_delegate.cc:38] NetworkDelegate::NotifyBeforeURLRequest: https://webglsamples.org/aquarium/aquarium-common.js
[61641:0728/053351.361697:VERBOSE1:net/base/network_delegate.cc:38] NetworkDelegate::NotifyBeforeURLRequest: https://webglsamples.org/aquarium/aquarium.js
#### JIT-MPROTECT flip #3 ranges=1 prot=RW writers=1 exec_waits=0 late_retries=0
#### JIT-MPROTECT flip #4 ranges=1 prot=RX writers=1 exec_waits=0 late_retries=0
#### JIT-MPROTECT flip #5 ranges=1 prot=RW writers=1 exec_waits=0 late_retries=0
#### JIT-MPROTECT flip #6 ranges=1 prot=RX writers=1 exec_waits=0 late_retries=0
#### JIT-MPROTECT flip #7 ranges=1 prot=RW writers=1 exec_waits=0 late_retries=0
#### JIT-MPROTECT flip #8 ranges=1 prot=RX writers=1 exec_waits=0 late_retries=0
#### JIT-MPROTECT flip #9 ranges=1 prot=RW writers=1 exec_waits=0 late_retries=0
#### JIT-MPROTECT flip #10 ranges=1 prot=RX writers=1 exec_waits=0 late_retries=0
#### JIT-MPROTECT flip #11 ranges=1 prot=RW writers=1 exec_waits=0 late_retries=0
#### JIT-MPROTECT flip #12 ranges=1 prot=RX writers=1 exec_waits=0 late_retries=0
#### JIT-MPROTECT flip #13 ranges=1 prot=RW writers=1 exec_waits=0 late_retries=0
#### JIT-MPROTECT flip #14 ranges=1 prot=RX writers=1 exec_waits=0 late_retries=0
#### JIT-MPROTECT flip #15 ranges=1 prot=RW writers=1 exec_waits=0 late_retries=0
#### JIT-MPROTECT flip #16 ranges=1 prot=RX writers=1 exec_waits=0 late_retries=0
#### JIT-MPROTECT flip #17 ranges=1 prot=RW writers=1 exec_waits=0 late_retries=0
#### JIT-MPROTECT flip #18 ranges=1 prot=RX writers=1 exec_waits=0 late_retries=0
#### JIT-MPROTECT flip #19 ranges=1 prot=RW writers=1 exec_waits=0 late_retries=0
#### JIT-MPROTECT flip #20 ranges=1 prot=RX writers=1 exec_waits=0 late_retries=0
#### JIT-MPROTECT flip #21 ranges=1 prot=RW writers=1 exec_waits=0 late_retries=0
#### JIT-MPROTECT flip #22 ranges=1 prot=RX writers=1 exec_waits=0 late_retries=0
#### JIT-MPROTECT flip #23 ranges=1 prot=RW writers=1 exec_waits=0 late_retries=0
#### JIT-MPROTECT flip #24 ranges=1 prot=RX writers=1 exec_waits=0 late_retries=0
#### JIT-MPROTECT flip #25 ranges=1 prot=RW writers=1 exec_waits=0 late_retries=0
#### JIT-MPROTECT flip #26 ranges=1 prot=RX writers=1 exec_waits=0 late_retries=0
#### JIT-MPROTECT flip #27 ranges=1 prot=RW writers=1 exec_waits=0 late_retries=0
#### JIT-MPROTECT flip #28 ranges=1 prot=RX writers=1 exec_waits=0 late_retries=0
#### JIT-MPROTECT flip #29 ranges=1 prot=RW writers=1 exec_waits=0 late_retries=0
#### JIT-MPROTECT flip #30 ranges=1 prot=RX writers=1 exec_waits=0 late_retries=0
[91m[main 2026-07-28T12:33:51.371Z][0m [uncaught exception in main]: Refused to handle ipcMain event for channel 'vscode:a03a9945-2507-4811-b177-116854384a64' because of a bad origin of 'webglsamples.org'.
Error occurred in handler for 'vscode:a03a9945-2507-4811-b177-116854384a64': Invalid channel 'vscode:a03a9945-2507-4811-b177-116854384a64' or sender for ipcMain.handle() usage.
[91m[main 2026-07-28T12:33:51.372Z][0m [uncaught exception in main]: Refused to handle ipcMain event for channel 'vscode:fetchShellEnv' because of a bad origin of 'webglsamples.org'.
Error occurred in handler for 'vscode:fetchShellEnv': Invalid channel 'vscode:fetchShellEnv' or sender for ipcMain.handle() usage.
#### JIT-MPROTECT flip #31 ranges=1 prot=RW writers=1 exec_waits=0 late_retries=0
#### JIT-MPROTECT flip #32 ranges=1 prot=RX writers=1 exec_waits=0 late_retries=0
[61600:0728/053351.411816:INFO:CONSOLE:4] "Uncaught (in promise) Error: Preload: unable to fetch vscode-window-config: Error: Error invoking remote method 'vscode:a03a9945-2507-4811-b177-116854384a64': Invalid channel 'vscode:a03a9945-2507-4811-b177-116854384a64' or sender for ipcMain.handle() usage.", source: /Applications/Visual Studio Code.app/Contents/Resources/app/out/vs/base/parts/sandbox/electron-browser/preload.js (4)
[61641:0728/053351.417503:VERBOSE1:net/base/network_delegate.cc:38] NetworkDelegate::NotifyBeforeURLRequest: https://webglsamples.org/tdl/io.js
[61641:0728/053351.417727:VERBOSE1:net/base/network_delegate.cc:38] NetworkDelegate::NotifyBeforeURLRequest: https://webglsamples.org/tdl/log.js
[61641:0728/053351.418950:VERBOSE1:net/base/network_delegate.cc:38] NetworkDelegate::NotifyBeforeURLRequest: https://webglsamples.org/tdl/sync.js
[61641:0728/053351.421170:VERBOSE1:net/base/network_delegate.cc:38] NetworkDelegate::NotifyBeforeURLRequest: https://webglsamples.org/tdl/string.js
[61641:0728/053351.425127:VERBOSE1:net/base/network_delegate.cc:38] NetworkDelegate::NotifyBeforeURLRequest: https://webglsamples.org/tdl/misc.js
[61641:0728/053351.428059:VERBOSE1:net/base/network_delegate.cc:38] NetworkDelegate::NotifyBeforeURLRequest: https://webglsamples.org/tdl/buffers.js
[61641:0728/053351.428667:VERBOSE1:net/base/network_delegate.cc:38] NetworkDelegate::NotifyBeforeURLRequest: https://webglsamples.org/tdl/clock.js
[61641:0728/053351.431310:VERBOSE1:net/base/network_delegate.cc:38] NetworkDelegate::NotifyBeforeURLRequest: https://webglsamples.org/tdl/fast.js
[61641:0728/053351.432301:VERBOSE1:net/base/network_delegate.cc:38] NetworkDelegate::NotifyBeforeURLRequest: https://webglsamples.org/tdl/fps.js
[61641:0728/053351.432457:VERBOSE1:net/base/network_delegate.cc:38] NetworkDelegate::NotifyBeforeURLRequest: https://webglsamples.org/tdl/math.js
[61641:0728/053351.433576:VERBOSE1:net/base/network_delegate.cc:38] NetworkDelegate::NotifyBeforeURLRequest: https://webglsamples.org/tdl/models.js
[61641:0728/053351.435359:VERBOSE1:net/base/network_delegate.cc:38] NetworkDelegate::NotifyBeforeURLRequest: https://webglsamples.org/tdl/particles.js
[61641:0728/053351.435717:VERBOSE1:net/base/network_delegate.cc:38] NetworkDelegate::NotifyBeforeURLRequest: https://webglsamples.org/tdl/primitives.js
[61641:0728/053351.436798:VERBOSE1:net/base/network_delegate.cc:38] NetworkDelegate::NotifyBeforeURLRequest: https://webglsamples.org/tdl/programs.js
[61641:0728/053351.437993:VERBOSE1:net/base/network_delegate.cc:38] NetworkDelegate::NotifyBeforeURLRequest: https://webglsamples.org/tdl/screenshot.js
[61641:0728/053351.438864:VERBOSE1:net/base/network_delegate.cc:38] NetworkDelegate::NotifyBeforeURLRequest: https://webglsamples.org/tdl/textures.js
[61641:0728/053351.439018:VERBOSE1:net/base/network_delegate.cc:38] NetworkDelegate::NotifyBeforeURLRequest: https://webglsamples.org/tdl/webgl.js
[61641:0728/053351.458495:VERBOSE1:net/base/network_delegate.cc:38] NetworkDelegate::NotifyBeforeURLRequest: https://webglsamples.org/tdl/shader.js
[61641:0728/053351.526293:VERBOSE1:net/base/network_delegate.cc:38] NetworkDelegate::NotifyBeforeURLRequest: https://webglsamples.org/jquery-ui-1.8.2.custom/css/ui-lightness/images/ui-bg_highlight-soft_100_eeeeee_1x100.png
[61641:0728/053351.529247:VERBOSE1:net/base/network_delegate.cc:38] NetworkDelegate::NotifyBeforeURLRequest: https://webglsamples.org/jquery-ui-1.8.2.custom/css/ui-lightness/images/ui-bg_glass_100_f6f6f6_1x400.png
#### MTL_TEX TLS set iosurface=0x60007d680 id=0xb8 plane=0 compressionHeaderSpan=0 (thread=0x1f7c95e00 addr=0x0)
#### AGXIOC type=0x82 patch #7: f14=0x430 +0x30 0→0xb8 +0x38 0xb8→0 +0x40 0→0 +0x50 0→0x180888f00 +0x58 0x180888f00→0
#### AGX_MAP_AUDIT #7 tex=0x6009cca80 impl=0x6009cc800 iosurface(arg=0x60007d680 bound=0x60007d680) plane=0 cpu130=0x11cdc8000 gpu40=0x1501ad8000 descriptorOff=0x190 descriptorLayout=0 compressed=0 extended=0 match=1
#### AGX_SUBMIT_DIAG #7 submit-struct bytes=0x38
####   +0000: 02 00 00 00 01 00 00 00 00 00 00 00 00 00 00 00 00 d2 aa 00 06 00 00 00 c0 f6 a7 00 06 00 00 00
####   +0020: 00 00 00 00 00 00 00 00 00 00 00 00 00 00 00 00 00 00 00 00 00 00 00 00
#### AGX_SUBMIT_DIAG #7 scalars[4]: 0x1 0 0x1 0x38 fix-requested=NO
#### AGX_SUBMIT_DIAG #7 descriptor[0]=0x600aad200 raw=0x600aad200 self=0x600115e80 rawSelf=0x600115e80
#### AGX_SUBMIT_DIAG #7 descriptor[0] segment start=0x10c294000 current=0x10c294010 limit=0x10c298000 length=0x10 mode=-1
#### AGX_SUBMIT_DIAG #7 segment-list bytes=0x10
####   +0000: 47 bb 22 87 02 00 00 00 00 00 00 00 10 00 00 80
#### AGX_SUBMIT_DIAG #7 descriptor[0] segment save /tmp/macws_submit_segment_7_0.bin failed errno=17
#### AGX_SUBMIT_DIAG #7 descriptor[0] state=0x60021ac00 start=0x10c298000 current=0x10c298000 end=0x10c29c000
#### AGX_SUBMIT_DIAG #7 descriptor[0] KCMD bounds invalid
#### AGX_SUBMIT_DIAG #7 descriptor[1]=0x600a7f6c0 raw=0x600a7f6c0 self=0x600115e80 rawSelf=0x600115e80
#### AGX_SUBMIT_DIAG #7 descriptor[1] state=0x60021ac00 duplicate
#### AGX_SUBMIT_DIAG #7 result=0 records=0 candidates=0 fixed=0
#### AGXIOC Method sel=0x1e->0x1a inCnt=4 inSC=56 outSC=0 -> 0x0
#### AGXIOC type0 exact initFull length: +0x58=0 low32=0 -> +0x40=0x7800
#### MTL_TEX POOL-NEW: key=2048x2048-pf10-bpe1-fcc1278226488 → IOSurface=0x600a93a60 (bpr=2048 alloc=4096 KB, map=EXPLICIT)
#### AGXIOC type=0x82 patch #8: f14=0x430 +0x30 0→0xf7 +0x38 0xf7→0 +0x40 0→0 +0x50 0→0x180888c00 +0x58 0x180888c00→0
#### MTL_TEX TEX-CACHE-NEW: surf=0x600a93a60 → tex=0x6009ce880
#### AGX_MAP_AUDIT #8 tex=0x6009ce880 impl=0x6009ce600 iosurface(arg=0x600a93a60 bound=0x600a93a60) plane=0 cpu130=0x11cfc0000 gpu40=0x1501ce0000 descriptorOff=0x190 descriptorLayout=0 compressed=0 extended=0 match=1
#### MTL_TEX plain ROUTE-IOSURF result: 0x6009ce880
#### AGXIOC type0 exact initFull length: +0x58=0 low32=0 -> +0x40=0x8600
#### CBRI_HOOK self=0x600117700 cls=AGXG13GFamilyCommandBuffer → resourceInfo=0x600289600
#### MTL-LIB-SOURCE in #3 pid=61640 device=AGXG13GFamilyDevice sourceLength=8378 sourceUTF8Length=8378 sourceHash=266198b4946dc145 optionsClass=MTLCompileOptionsInternal languageVersion=196608 libraryType=0 fastMath=1 optimizationLevel=0 prefix=\n\n#include <metal_stdlib>\n\n#define ANGLE_ALWAYS_INLINE __attribute__((always_inline))\n\nANGLE_ALWAYS_INLINE int ANGLE_int_clamp(int value, int minValue, int maxValue)\n{\n    return ((value < minValue) ?  minValue : ((value > maxValue) ? maxVa
#### MTL-LIB-SOURCE out #3 sourceHash=266198b4946dc145 library=0x600ab78f0 class=_MTLLibrary errorDomain=(nil) errorCode=0 description=(nil) userInfo=(nil)
#### MTL-LIB-SOURCE in #4 pid=61640 device=AGXG13GFamilyDevice sourceLength=5072 sourceUTF8Length=5072 sourceHash=db39114f45f18a6c optionsClass=MTLCompileOptionsInternal languageVersion=196608 libraryType=0 fastMath=1 optimizationLevel=0 prefix=\n\n#include <metal_stdlib>\n\n#define ANGLE_ALWAYS_INLINE __attribute__((always_inline))\n\nANGLE_ALWAYS_INLINE int ANGLE_int_clamp(int value, int minValue, int maxValue)\n{\n    return ((value < minValue) ?  minValue : ((value > maxValue) ? maxVa
#### MTL-LIB-SOURCE in #5 pid=61640 device=AGXG13GFamilyDevice sourceLength=7026 sourceUTF8Length=7026 sourceHash=59b3d0df9b335c2b optionsClass=MTLCompileOptionsInternal languageVersion=196608 libraryType=0 fastMath=1 optimizationLevel=0 prefix=\n\n#include <metal_stdlib>\n\n#define ANGLE_ALWAYS_INLINE __attribute__((always_inline))\n\nANGLE_ALWAYS_INLINE int ANGLE_int_clamp(int value, int minValue, int maxValue)\n{\n    return ((value < minValue) ?  minValue : ((value > maxValue) ? maxVa
#### MTL-LIB-SOURCE out #4 sourceHash=db39114f45f18a6c library=0x600ab8430 class=_MTLLibrary errorDomain=(nil) errorCode=0 description=(nil) userInfo=(nil)
#### MTL-LIB-SOURCE out #5 sourceHash=59b3d0df9b335c2b library=0x600ab7f80 class=_MTLLibrary errorDomain=(nil) errorCode=0 description=(nil) userInfo=(nil)
#### MTL-LIB-SOURCE in #6 pid=61640 device=AGXG13GFamilyDevice sourceLength=5533 sourceUTF8Length=5533 sourceHash=0f32fc7d572189e2 optionsClass=MTLCompileOptionsInternal languageVersion=196608 libraryType=0 fastMath=1 optimizationLevel=0 prefix=\n\n#include <metal_stdlib>\n\n#define ANGLE_ALWAYS_INLINE __attribute__((always_inline))\n\nANGLE_ALWAYS_INLINE int ANGLE_int_clamp(int value, int minValue, int maxValue)\n{\n    return ((value < minValue) ?  minValue : ((value > maxValue) ? maxVa
#### MTL-LIB-SOURCE in #7 pid=61640 device=AGXG13GFamilyDevice sourceLength=8134 sourceUTF8Length=8134 sourceHash=2b8f9fe71f25dea4 optionsClass=MTLCompileOptionsInternal languageVersion=196608 libraryType=0 fastMath=1 optimizationLevel=0 prefix=\n\n#include <metal_stdlib>\n\n#define ANGLE_ALWAYS_INLINE __attribute__((always_inline))\n\nANGLE_ALWAYS_INLINE int ANGLE_int_clamp(int value, int minValue, int maxValue)\n{\n    return ((value < minValue) ?  minValue : ((value > maxValue) ? maxVa
#### MTL-LIB-SOURCE out #6 sourceHash=0f32fc7d572189e2 library=0x600ab8520 class=_MTLLibrary errorDomain=(nil) errorCode=0 description=(nil) userInfo=(nil)
#### MTL-LIB-SOURCE out #7 sourceHash=2b8f9fe71f25dea4 library=0x600ab7e40 class=_MTLLibrary errorDomain=(nil) errorCode=0 description=(nil) userInfo=(nil)
#### CBRI_HOOK self=0x600117700 cls=AGXG13GFamilyCommandBuffer → resourceInfo=0x600289600
#### AGX_SUBMIT_DIAG #8 submit-struct bytes=0x38
####   +0000: 02 00 00 00 01 00 00 00 00 00 00 00 00 00 00 00 50 ca aa 00 06 00 00 00 c0 7f 9d 00 06 00 00 00
####   +0020: 00 00 00 00 00 00 00 00 00 00 00 00 00 00 00 00 00 00 00 00 00 00 00 00
#### AGX_SUBMIT_DIAG #8 scalars[4]: 0x1 0 0x1 0x38 fix-requested=NO
#### AGX_SUBMIT_DIAG #8 descriptor[0]=0x600aaca50 raw=0x600aaca50 self=0x600117700 rawSelf=0x600117700
#### AGX_SUBMIT_DIAG #8 descriptor[0] segment start=0x10c294000 current=0x10c294268 limit=0x10c298000 length=0x268 mode=-1
#### AGX_SUBMIT_DIAG #8 segment-list bytes=0x268
####   +0000: 48 bb 22 87 02 00 00 00 02 00 00 00 50 02 00 00 49 bb 22 87 02 00 00 00 00 00 00 00 10 02 00 00
####   +0020: 00 00 00 00 00 00 00 00 0f 00 00 00 03 00 00 00 4a 00 00 00 4d 00 00 00 4e 00 00 00 4f 00 00 00
####   +0040: 50 00 00 00 59 00 00 00 20 00 00 00 20 00 00 00 20 00 00 00 20 00 00 00 20 00 00 00 40 00 00 00
####   +0060: 01 00 01 00 04 00 01 00 04 00 01 00 00 00 06 00 53 00 00 00 55 00 00 00 5f 00 00 00 60 00 00 00
####   +0080: 58 00 00 00 01 00 00 00 20 00 00 00 20 00 00 00 20 00 00 00 20 00 00 00 20 00 00 00 40 00 00 00
####   +00a0: 04 00 01 00 04 00 01 00 01 00 80 00 00 00 06 00 5e 00 00 00 5d 00 00 00 0a 00 00 00 01 00 00 00
####   +00c0: 59 00 00 00 5a 00 00 00 30 00 00 00 00 10 00 00 40 00 00 00 40 00 00 00 40 00 00 00 00 03 00 00
####   +00e0: 01 00 03 00 80 00 80 00 01 00 04 00 00 00 03 00 4a bb 22 87 02 00 00 00 10 02 00 00 50 0a 00 00
####   +0100: 00 00 00 00 00 00 00 00 1a 00 00 00 05 00 00 00 4a 00 00 00 4b 00 00 00 4c 00 00 00 4d 00 00 00
####   +0120: 4e 00 00 00 4f 00 00 00 20 00 00 00 20 00 00 00 20 00 00 00 20 00 00 00 20 00 00 00 20 00 00 00
####   +0140: 01 00 01 00 01 00 01 00 04 00 01 00 00 00 06 00 50 00 00 00 51 00 00 00 52 00 00 00 53 00 00 00
####   +0160: 54 00 00 00 55 00 00 00 20 00 00 00 00 04 00 00 20 00 00 00 20 00 00 00 20 00 00 00 20 00 00 00
####   +0180: 04 00 04 00 01 00 04 00 01 00 01 00 00 00 06 00 56 00 00 00 57 00 00 00 58 00 00 00 01 00 00 00
####   +01a0: 1f 00 00 00 5a 00 00 00 20 00 00 00 20 00 00 00 20 00 00 00 40 00 00 00 40 00 00 00 00 03 00 00
####   +01c0: 01 00 01 00 01 00 80 00 01 00 04 00 00 00 06 00 5b 00 00 00 0c 00 00 00 0a 00 00 00 5c 00 00 00
####   +01e0: 38 00 00 00 21 00 00 00 b8 07 00 00 10 00 00 00 40 00 00 00 20 00 00 00 20 00 00 00 20 00 00 00
####   +0200: 0c 00 80 00 80 00 01 00 01 00 01 00 00 00 06 00 22 00 00 00 5d 00 00 00 00 00 00 00 00 00 00 00
####   +0220: 00 00 00 00 00 00 00 00 30 00 00 00 00 10 00 00 00 00 00 00 00 00 00 00 00 00 00 00 00 00 00 00
####   +0240: 01 00 04 00 00 00 00 00 00 00 00 00 00 00 02 00 48 bb 22 87 02 00 00 00 01 00 00 00 01 00 00 c0
####   +0260: 50 0a 00 00 68 0a 00 00
#### AGX_SUBMIT_DIAG #8 descriptor[0] segment save /tmp/macws_submit_segment_8_0.bin failed errno=17
#### AGX_SUBMIT_DIAG #8 descriptor[0] state=0x60021ac00 start=0x10c298000 current=0x10c298a68 end=0x10c29c000
#### AGX_SUBMIT_DIAG #8 kernel-commands bytes=0x300
####   +0000: 00 00 01 00 10 02 00 00 04 00 00 00 00 00 00 00 00 00 00 00 00 00 00 00 00 00 00 00 00 00 00 00
####   +0020: 00 00 00 00 18 00 00 00 e8 01 00 00 b8 01 00 00 30 00 00 00 03 00 00 00 00 80 0f 02 15 00 00 00
####   +0040: 00 00 00 00 00 00 00 00 00 00 00 00 00 00 00 00 00 00 00 00 00 00 00 00 00 00 00 00 00 00 00 00
####   +0060: 00 00 00 00 00 00 00 00 00 00 00 00 00 00 00 00 00 00 00 00 00 00 00 00 00 00 00 00 00 00 00 00
####   +0080: 00 00 00 00 00 00 00 00 00 00 00 00 00 00 00 00 00 80 9f 01 15 00 00 00 24 80 0f 02 15 00 00 00
####   +00a0: 00 00 00 00 00 00 00 00 00 00 00 00 00 00 00 00 00 00 00 00 00 00 00 00 00 00 00 00 00 00 00 00
####   +00c0: 00 00 00 00 00 00 00 00 00 00 00 00 00 00 00 00 00 00 00 00 00 00 00 00 00 00 00 00 00 00 00 00
####   +00e0: 00 00 00 00 49 bb 22 87 00 00 00 00 00 00 00 00 ff ff ff ff 00 00 00 00 00 00 00 00 00 00 00 00
####   +0100: 00 00 00 00 00 00 00 00 00 00 00 00 00 00 00 00 00 00 00 00 00 00 00 00 00 00 00 00 00 00 00 00
####   +0120: 00 00 00 00 00 00 00 00 00 00 00 00 00 00 00 00 00 00 00 00 00 00 00 00 00 00 00 00 00 00 00 00
####   +0140: 00 00 00 00 00 00 00 00 00 00 00 00 00 00 00 00 00 00 00 00 00 00 00 00 00 00 00 00 00 00 00 00
####   +0160: 00 00 00 00 00 00 00 00 00 00 00 00 00 00 00 00 00 00 00 00 00 00 00 00 00 00 00 00 00 00 00 00
####   +0180: 00 00 00 00 00 00 00 00 00 00 00 00 00 00 00 00 00 00 00 00 00 00 00 00 00 00 00 00 00 00 00 00
####   +01a0: 00 00 00 00 00 00 00 00 00 00 00 00 00 00 00 00 00 00 00 00 00 00 00 00 00 00 00 00 00 00 00 00
####   +01c0: 00 00 00 00 00 00 00 00 00 00 00 00 00 00 00 00 00 00 00 00 00 00 00 00 00 00 00 00 01 00 00 00
####   +01e0: ff ff ff ff ff ff ff ff ff ff ff ff 00 00 00 00 00 00 00 00 01 00 00 00 00 00 ce 01 15 00 00 00
####   +0200: 5d 00 00 00 00 80 00 00 03 00 00 00 64 00 00 01 00 00 01 00 40 08 00 00 00 00 00 00 00 00 00 00
####   +0220: 00 00 00 00 00 00 00 00 00 00 00 00 00 00 00 00 00 00 00 00 18 00 00 00 18 08 00 00 e8 07 00 00
####   +0240: 30 00 00 00 01 00 00 00 00 00 83 01 15 00 00 00 00 00 00 00 00 00 00 00 00 00 00 00 00 00 00 00
####   +0260: 00 00 00 00 00 00 00 00 00 00 00 00 00 00 00 00 00 00 00 00 00 00 00 00 00 00 00 00 00 00 00 00
####   +0280: 00 00 00 00 00 00 00 00 00 00 00 00 00 00 00 00 00 00 00 00 00 00 00 00 00 00 00 00 00 00 00 00
####   +02a0: 00 00 00 00 00 00 00 00 a0 02 61 00 15 00 00 00 20 00 61 00 15 00 00 00 00 00 00 00 00 00 00 00
####   +02c0: 00 00 00 00 00 00 00 00 00 00 00 00 00 00 00 00 00 00 00 00 00 00 00 00 00 00 00 00 00 00 00 00
####   +02e0: 00 00 00 00 00 00 00 00 03 00 6b 00 12 00 3a 00 01 00 00 00 00 00 00 00 00 00 00 00 00 00 00 00
#### AGX_SUBMIT_DIAG #8 descriptor[0] KCMD-pre save /tmp/macws_submit_kcmd_8_0_pre.bin failed errno=17
#### AGX_SUBMIT_DIAG #8 record[0] off=0 type=0x10000 end=0x1e8 size=0x1b8 inner=0x30 subtype=3
#### AGX_SUBMIT_DIAG #8 subtype3-mac-layout off=0 zero-pad=YES sentinel=YES
#### AGX_SUBMIT_DIAG #8 record[1] off=0x1e8 type=0xffffffff end=0x10000 size=0x840 inner=0 subtype=0
#### AGX_SUBMIT_DIAG #8 record walk stopped: invalid framing
#### AGX_SUBMIT_DIAG #8 descriptor[1]=0x6009d7fc0 raw=0x6009d7fc0 self=0x600117700 rawSelf=0x600117700
#### AGX_SUBMIT_DIAG #8 descriptor[1] state=0x60021ac00 duplicate
#### AGX_SUBMIT_DIAG #8 result=0 records=2 candidates=1 fixed=0
#### AGXIOC Method sel=0x1e->0x1a inCnt=4 inSC=56 outSC=0 -> 0x0
[61640:0728/053351.571797:ERROR:ui/gl/angle_platform_impl.cc:47] mtl_command_buffer.mm:693 (onCommandBufferCompleted): Completed MTLCommandBuffer failed, and error is Internal Error (00000103:Internal Error)
#### AGX_LIFE DESTROY id=0x5e type=0 surf=0 bytes=0xc000 kr=0 okC=96 failC=0 okD=1 failD=0 unmatchedD=0 full=0 live=95/31MB [t0=87/9MB t80=0/0MB t82=8/21MB]
#### MTL_TEX POOL-NEW: key=64x64-pf70-bpe4-fcc1380401729 → IOSurface=0x600a94660 (bpr=256 alloc=16 KB, map=EXPLICIT)
#### AGXIOC type=0x82 patch #9: f14=0x430 +0x30 0→0x16 +0x38 0x16→0 +0x40 0→0 +0x50 0→0x180888f00 +0x58 0x180888f00→0
#### MTL_TEX TEX-CACHE-NEW: surf=0x600a94660 → tex=0x600c55280
#### AGX_MAP_AUDIT #9 tex=0x600c55280 impl=0x600c55000 iosurface(arg=0x600a94660 bound=0x600a94660) plane=0 cpu130=0x11d3c0000 gpu40=0x15020e8000 descriptorOff=0x190 descriptorLayout=0 compressed=0 extended=0 match=1
#### MTL_TEX plain ROUTE-IOSURF result: 0x600c55280
#### CBRI_HOOK self=0x60011b280 cls=AGXG13GFamilyCommandBuffer → resourceInfo=0x6002a6200
#### AGX_SUBMIT_DIAG #9 subtype1-predicate scalar0=0x1 legacy-scalar-gate=1 total=0x840/1 seglen=0x130/1 seghdr=1 cmdtotal=1 d8=1 pad1=1 f1=1 sent1=1 pad2=1 f2=1 sent2=1
#### AGX_SUBMIT_DIAG #9 descriptor[0] KCMD-type1-observed save /tmp/macws_submit_kcmd_9_0_type1-observed.bin failed errno=17
#### AGX_SUBMIT_DIAG #9 descriptor[0] segment save /tmp/macws_submit_segment_9_0.bin failed errno=17
[61640:0728/053351.577677:ERROR:ui/gl/angle_platform_impl.cc:47] mtl_command_buffer.mm:693 (onCommandBufferCompleted): Completed MTLCommandBuffer failed, and error is Internal Error (00000102:Internal Error)
#### MTL_TEX TLS set iosurface=0x600a92d60 id=0xfb plane=0 compressionHeaderSpan=0 (thread=0x1f7c95e00 addr=0x0)
#### AGXIOC type=0x82 patch #10: f14=0x430 +0x30 0→0xfb +0x38 0xfb→0 +0x40 0→0 +0x50 0→0x180888f00 +0x58 0x180888f00→0
#### AGX_MAP_AUDIT #10 tex=0x600c56180 impl=0x600c55f00 iosurface(arg=0x600a92d60 bound=0x600a92d60) plane=0 cpu130=0x11d3dc000 gpu40=0x1502108000 descriptorOff=0x190 descriptorLayout=0 compressed=0 extended=0 match=1
#### MTL-LIB-SOURCE in #8 pid=61640 device=AGXG13GFamilyDevice sourceLength=5072 sourceUTF8Length=5072 sourceHash=9e426420bf68eed4 optionsClass=MTLCompileOptionsInternal languageVersion=196608 libraryType=0 fastMath=1 optimizationLevel=0 prefix=\n\n#include <metal_stdlib>\n\n#define ANGLE_ALWAYS_INLINE __attribute__((always_inline))\n\nANGLE_ALWAYS_INLINE int ANGLE_int_clamp(int value, int minValue, int maxValue)\n{\n    return ((value < minValue) ?  minValue : ((value > maxValue) ? maxVa
#### MTL-LIB-SOURCE out #8 sourceHash=9e426420bf68eed4 library=0x600c44a60 class=_MTLLibrary errorDomain=(nil) errorCode=0 description=(nil) userInfo=(nil)
#### AGX_SUBMIT_DIAG #11 subtype1-predicate scalar0=0x1 legacy-scalar-gate=1 total=0x858/1 seglen=0x188/1 seghdr=0 cmdtotal=0 d8=1 pad1=1 f1=1 sent1=1 pad2=1 f2=1 sent2=1
#### AGX_SUBMIT_DIAG #11 descriptor[0] KCMD-type1-observed save /tmp/macws_submit_kcmd_11_0_type1-observed.bin failed errno=17
#### AGX_SUBMIT_DIAG #11 descriptor[0] segment save /tmp/macws_submit_segment_11_0.bin failed errno=17
[61640:0728/053351.584326:ERROR:ui/gl/angle_platform_impl.cc:47] mtl_command_buffer.mm:693 (onCommandBufferCompleted): Completed MTLCommandBuffer failed, and error is Internal Error (00000102:Internal Error)
#### MTL_TEX TLS set iosurface=0x600a92a40 id=0xfc plane=0 compressionHeaderSpan=0 (thread=0x1f7c95e00 addr=0x0)
#### AGXIOC type=0x82 patch #11: f14=0x430 +0x30 0→0xfc +0x38 0xfc→0 +0x40 0→0 +0x50 0→0x180888f00 +0x58 0x180888f00→0
#### AGX_MAP_AUDIT #11 tex=0x6009cc080 impl=0x600c56b80 iosurface(arg=0x600a92a40 bound=0x600a92a40) plane=0 cpu130=0x11d5cc000 gpu40=0x1502300000 descriptorOff=0x190 descriptorLayout=0 compressed=0 extended=0 match=1
#### AGX_SUBMIT_DIAG #13 subtype1-predicate scalar0=0x1 legacy-scalar-gate=1 total=0x858/1 seglen=0x148/1 seghdr=0 cmdtotal=0 d8=1 pad1=1 f1=1 sent1=1 pad2=1 f2=1 sent2=1
#### AGXIOC type=0x82 patch #12: f14=0x430 +0x30 0→0xfd +0x38 0xfd→0 +0x40 0→0 +0x50 0→0x180888f00 +0x58 0x180888f00→0
#### AGX_SUBMIT_DIAG #13 descriptor[0] KCMD-type1-observed save /tmp/macws_submit_kcmd_13_0_type1-observed.bin failed errno=17
#### AGX_SUBMIT_DIAG #13 descriptor[0] segment save /tmp/macws_submit_segment_13_0.bin failed errno=17
#### AGX_MAP_AUDIT #12 tex=0x600c57800 impl=0x600c57580 iosurface(arg=0x600a929e0 bound=0x600a929e0) plane=0 cpu130=0x11d7bc000 gpu40=0x15024f8000 descriptorOff=0x190 descriptorLayout=0 compressed=0 extended=0 match=1
[61640:0728/053351.585502:ERROR:ui/gl/angle_platform_impl.cc:47] mtl_command_buffer.mm:693 (onCommandBufferCompleted): Completed MTLCommandBuffer failed, and error is Internal Error (00000102:Internal Error)
#### AGX_SUBMIT_DIAG #15 subtype1-predicate scalar0=0x1 legacy-scalar-gate=1 total=0x858/1 seglen=0x148/1 seghdr=0 cmdtotal=0 d8=1 pad1=1 f1=1 sent1=1 pad2=1 f2=1 sent2=1
#### AGX_SUBMIT_DIAG #15 descriptor[0] KCMD-type1-observed save /tmp/macws_submit_kcmd_15_0_type1-observed.bin failed errno=17
#### AGX_SUBMIT_DIAG #15 descriptor[0] segment save /tmp/macws_submit_segment_15_0.bin failed errno=17
[61640:0728/053351.586278:ERROR:ui/gl/angle_platform_impl.cc:47] mtl_command_buffer.mm:693 (onCommandBufferCompleted): Completed MTLCommandBuffer failed, and error is Internal Error (00000102:Internal Error)
#### AGXIOC type=0x82 patch #13: f14=0x430 +0x30 0→0x100 +0x38 0x100→0 +0x40 0→0 +0x50 0→0x180888f00 +0x58 0x180888f00→0
#### AGX_MAP_AUDIT #13 tex=0x600c58200 impl=0x600c57f80 iosurface(arg=0x600a92cc0 bound=0x600a92cc0) plane=0 cpu130=0x11d9b0000 gpu40=0x15026f0000 descriptorOff=0x190 descriptorLayout=0 compressed=0 extended=0 match=1
#### AGXIOC type0 exact initFull length: +0x58=0xc00000000 low32=0 -> +0x40=0x300
#### TRACE -[AGXBuffer initUntracked] self=0x600b2d200 dev=0x600232000 len=768 opt=0 -> 0x600b2d200
#### AGX_LIFE DESTROY id=0x2 type=0 surf=0 bytes=0x4000 kr=0 okC=102 failC=0 okD=2 failD=0 unmatchedD=0 full=0 live=100/38MB [t0=87/9MB t80=0/0MB t82=13/29MB]
#### TRACE -[AGXBuffer initUntracked] self=0x600251f80 dev=0x600232000 len=768 opt=0 -> 0x600251f80
#### AGX_LIFE DESTROY id=0x3 type=0 surf=0 bytes=0x4000 kr=0 okC=103 failC=0 okD=3 failD=0 unmatchedD=0 full=0 live=100/38MB [t0=87/9MB t80=0/0MB t82=13/29MB]
#### TRACE -[AGXBuffer initUntracked] self=0x600255d00 dev=0x600232000 len=128 opt=0 -> 0x600255d00
#### AGX_LIFE DESTROY id=0x4 type=0 surf=0 bytes=0x4000 kr=0 okC=104 failC=0 okD=4 failD=0 unmatchedD=0 full=0 live=100/38MB [t0=87/9MB t80=0/0MB t82=13/29MB]
#### AGX_SUBMIT_DIAG #17 subtype1-predicate scalar0=0x1 legacy-scalar-gate=1 total=0x858/1 seglen=0x148/1 seghdr=0 cmdtotal=0 d8=1 pad1=1 f1=1 sent1=1 pad2=1 f2=1 sent2=1
#### AGXIOC type=0x82 patch #14: f14=0x430 +0x30 0→0x101 +0x38 0x101→0 +0x40 0→0 +0x50 0→0x180888f00 +0x58 0x180888f00→0
#### AGX_MAP_AUDIT #14 tex=0x600c58c00 impl=0x600c58980 iosurface(arg=0x600a92c00 bound=0x600a92c00) plane=0 cpu130=0x11dba4000 gpu40=0x15028e8000 descriptorOff=0x190 descriptorLayout=0 compressed=0 extended=0 match=1
#### AGX_SUBMIT_DIAG #17 descriptor[0] KCMD-type1-observed save /tmp/macws_submit_kcmd_17_0_type1-observed.bin failed errno=17
#### AGX_SUBMIT_DIAG #17 descriptor[0] segment save /tmp/macws_submit_segment_17_0.bin failed errno=17
[61640:0728/053351.588127:ERROR:ui/gl/angle_platform_impl.cc:47] mtl_command_buffer.mm:693 (onCommandBufferCompleted): Completed MTLCommandBuffer failed, and error is Internal Error (00000102:Internal Error)
[61640:0728/053351.588265:ERROR:ui/gl/angle_platform_impl.cc:47] mtl_command_buffer.mm:693 (onCommandBufferCompleted): Completed MTLCommandBuffer failed, and error is Internal Error (00000102:Internal Error)
#### AGXIOC type=0x82 patch #15: f14=0x430 +0x30 0→0x103 +0x38 0x103→0 +0x40 0→0 +0x50 0→0x180888f00 +0x58 0x180888f00→0
#### AGX_MAP_AUDIT #15 tex=0x600c59600 impl=0x600c59380 iosurface(arg=0x600a92e00 bound=0x600a92e00) plane=0 cpu130=0x11dec4000 gpu40=0x1502ae0000 descriptorOff=0x190 descriptorLayout=0 compressed=0 extended=0 match=1
#### MTL_TEX plain DEPTH-STENCIL: pf=260 routing to native AGX path (IOSurface backing is invalid)
#### AGXIOC sel=0x9 type=0 args+0x14=0x2430 → 0x430 (stripped macOS-only bits 0x2800)
#### MTL_TEX plain DEPTH-STENCIL native result: 0x600c59d80 class=AGXG13GFamilyTexture
[61640:0728/053351.592899:ERROR:ui/gl/angle_platform_impl.cc:47] mtl_command_buffer.mm:693 (onCommandBufferCompleted): Completed MTLCommandBuffer failed, and error is Internal Error (00000102:Internal Error)
[61640:0728/053351.592991:ERROR:ui/gl/angle_platform_impl.cc:47] mtl_command_buffer.mm:693 (onCommandBufferCompleted): Completed MTLCommandBuffer failed, and error is Internal Error (00000102:Internal Error)
[61600:0728/053351.612326:VERBOSE1:content/browser/renderer_host/media/media_stream_manager.cc:1515] MSPL::OnSuspend([this=0x6002133a8])
[61640:0728/053351.615146:ERROR:ui/gl/angle_platform_impl.cc:47] mtl_command_buffer.mm:693 (onCommandBufferCompleted): Completed MTLCommandBuffer failed, and error is Internal Error (00000102:Internal Error)
[61641:0728/053351.638384:VERBOSE1:net/base/network_delegate.cc:38] NetworkDelegate::NotifyBeforeURLRequest: https://webglsamples.org/aquarium/assets/PropPlacement.js
[61641:0728/053351.638618:VERBOSE1:net/base/network_delegate.cc:38] NetworkDelegate::NotifyBeforeURLRequest: https://webglsamples.org/aquarium/assets/SmallFishA.js
[61641:0728/053351.638746:VERBOSE1:net/base/network_delegate.cc:38] NetworkDelegate::NotifyBeforeURLRequest: https://webglsamples.org/aquarium/assets/MediumFishA.js
[61641:0728/053351.638864:VERBOSE1:net/base/network_delegate.cc:38] NetworkDelegate::NotifyBeforeURLRequest: https://webglsamples.org/aquarium/assets/MediumFishB.js
[61641:0728/053351.638996:VERBOSE1:net/base/network_delegate.cc:38] NetworkDelegate::NotifyBeforeURLRequest: https://webglsamples.org/aquarium/assets/BigFishA.js
[61641:0728/053351.639166:VERBOSE1:net/base/network_delegate.cc:38] NetworkDelegate::NotifyBeforeURLRequest: https://webglsamples.org/aquarium/assets/BigFishB.js
[61641:0728/053351.640087:VERBOSE1:net/base/network_delegate.cc:38] NetworkDelegate::NotifyBeforeURLRequest: https://webglsamples.org/aquarium/assets/Arch.js
[61641:0728/053351.642008:VERBOSE1:net/base/network_delegate.cc:38] NetworkDelegate::NotifyBeforeURLRequest: https://webglsamples.org/aquarium/assets/Coral.js
[61641:0728/053351.642173:VERBOSE1:net/base/network_delegate.cc:38] NetworkDelegate::NotifyBeforeURLRequest: https://webglsamples.org/aquarium/assets/CoralStoneA.js
[61600:0728/053351.642236:INFO:CONSOLE:55] "--Setup Laser----------------------------------------", source: https://webglsamples.org/tdl/log.js (55)
[61641:0728/053351.642304:VERBOSE1:net/base/network_delegate.cc:38] NetworkDelegate::NotifyBeforeURLRequest: https://webglsamples.org/aquarium/assets/CoralStoneB.js
[61641:0728/053351.642537:VERBOSE1:net/base/network_delegate.cc:38] NetworkDelegate::NotifyBeforeURLRequest: https://webglsamples.org/aquarium/assets/EnvironmentBox.js
[61641:0728/053351.642673:VERBOSE1:net/base/network_delegate.cc:38] NetworkDelegate::NotifyBeforeURLRequest: https://webglsamples.org/aquarium/assets/FloorBase_Baked.js
[61641:0728/053351.642787:VERBOSE1:net/base/network_delegate.cc:38] NetworkDelegate::NotifyBeforeURLRequest: https://webglsamples.org/aquarium/assets/FloorCenter.js
[61641:0728/053351.642916:VERBOSE1:net/base/network_delegate.cc:38] NetworkDelegate::NotifyBeforeURLRequest: https://webglsamples.org/aquarium/assets/GlobeBase.js
[61641:0728/053351.658188:VERBOSE1:net/base/network_delegate.cc:38] NetworkDelegate::NotifyBeforeURLRequest: https://webglsamples.org/aquarium/assets/GlobeInner.js
[61641:0728/053351.658623:VERBOSE1:net/base/network_delegate.cc:38] NetworkDelegate::NotifyBeforeURLRequest: https://webglsamples.org/aquarium/assets/GlobeOuter.js
[61641:0728/053351.658792:VERBOSE1:net/base/network_delegate.cc:38] NetworkDelegate::NotifyBeforeURLRequest: https://webglsamples.org/aquarium/assets/RockA.js
[61641:0728/053351.658923:VERBOSE1:net/base/network_delegate.cc:38] NetworkDelegate::NotifyBeforeURLRequest: https://webglsamples.org/aquarium/assets/RockB.js
[61641:0728/053351.659217:VERBOSE1:net/base/network_delegate.cc:38] NetworkDelegate::NotifyBeforeURLRequest: https://webglsamples.org/aquarium/assets/RockC.js
[61641:0728/053351.659353:VERBOSE1:net/base/network_delegate.cc:38] NetworkDelegate::NotifyBeforeURLRequest: https://webglsamples.org/aquarium/assets/RuinColumn.js
[61641:0728/053351.659896:VERBOSE1:net/base/network_delegate.cc:38] NetworkDelegate::NotifyBeforeURLRequest: https://webglsamples.org/aquarium/assets/Skybox.js
[61641:0728/053351.660069:VERBOSE1:net/base/network_delegate.cc:38] NetworkDelegate::NotifyBeforeURLRequest: https://webglsamples.org/aquarium/assets/Stone.js
[61641:0728/053351.660204:VERBOSE1:net/base/network_delegate.cc:38] NetworkDelegate::NotifyBeforeURLRequest: https://webglsamples.org/aquarium/assets/Stones.js
[61641:0728/053351.660422:VERBOSE1:net/base/network_delegate.cc:38] NetworkDelegate::NotifyBeforeURLRequest: https://webglsamples.org/aquarium/assets/SunknShip.js
[61641:0728/053351.660557:VERBOSE1:net/base/network_delegate.cc:38] NetworkDelegate::NotifyBeforeURLRequest: https://webglsamples.org/aquarium/assets/SunknSub.js
[61641:0728/053351.660677:VERBOSE1:net/base/network_delegate.cc:38] NetworkDelegate::NotifyBeforeURLRequest: https://webglsamples.org/aquarium/assets/SupportBeams.js
[61641:0728/053351.660828:VERBOSE1:net/base/network_delegate.cc:38] NetworkDelegate::NotifyBeforeURLRequest: https://webglsamples.org/aquarium/assets/SeaweedA.js
[61641:0728/053351.661083:VERBOSE1:net/base/network_delegate.cc:38] NetworkDelegate::NotifyBeforeURLRequest: https://webglsamples.org/aquarium/assets/SeaweedB.js
[61641:0728/053351.661209:VERBOSE1:net/base/network_delegate.cc:38] NetworkDelegate::NotifyBeforeURLRequest: https://webglsamples.org/aquarium/assets/TreasureChest.js
#### MTL_TEX POOL-NEW: key=1x1-pf70-bpe4-fcc1380401729 → IOSurface=0x600a94ee0 (bpr=128 alloc=16 KB, map=EXPLICIT)
#### AGXIOC type=0x82 patch #16: f14=0x430 +0x30 0→0x104 +0x38 0x104→0 +0x40 0→0 +0x50 0→0x180888f00 +0x58 0x180888f00→0
#### MTL_TEX TEX-CACHE-NEW: surf=0x600a94ee0 → tex=0x600c5aa00
#### AGX_MAP_AUDIT #16 tex=0x600c5aa00 impl=0x600c5a780 iosurface(arg=0x600a94ee0 bound=0x600a94ee0) plane=0 cpu130=0x11de94000 gpu40=0x1500010000 descriptorOff=0x140 descriptorLayout=0 compressed=0 extended=0 match=1
#### MTL_TEX plain ROUTE-IOSURF result: 0x600c5aa00
#### AGXIOC Method sel=0xd->0xc inCnt=2 inSC=0 outSC=0 -> 0x0
#### AGXIOC Method sel=0xd->0xc inCnt=2 inSC=0 outSC=0 -> 0x0
#### AGXIOC Method sel=0xd->0xc inCnt=2 inSC=0 outSC=0 -> 0x0
#### AGXIOC Method sel=0xd->0xc inCnt=2 inSC=0 outSC=0 -> 0x0
#### AGXIOC Method sel=0xd->0xc inCnt=2 inSC=0 outSC=0 -> 0x0
#### AGXIOC Method sel=0xd->0xc inCnt=2 inSC=0 outSC=0 -> 0x0
#### AGXIOC Method sel=0xd->0xc inCnt=2 inSC=0 outSC=0 -> 0x0
#### AGXIOC Method sel=0xd->0xc inCnt=2 inSC=0 outSC=0 -> 0x0
[61640:0728/053351.667668:ERROR:ui/gl/angle_platform_impl.cc:47] mtl_command_buffer.mm:693 (onCommandBufferCompleted): Completed MTLCommandBuffer failed, and error is Internal Error (00000103:Internal Error)
#### AGX_LIFE DESTROY id=0x69 type=0 surf=0 bytes=0x4000 kr=0 okC=109 failC=0 okD=5 failD=0 unmatchedD=0 full=0 live=104/49MB [t0=88/14MB t80=0/0MB t82=16/35MB]
#### MTL-LIB-SOURCE in #9 pid=61640 device=AGXG13GFamilyDevice sourceLength=4337 sourceUTF8Length=4337 sourceHash=40153b7c666afa30 optionsClass=MTLCompileOptionsInternal languageVersion=196608 libraryType=0 fastMath=1 optimizationLevel=0 prefix=\n\n#include <metal_stdlib>\n\n#define ANGLE_ALWAYS_INLINE __attribute__((always_inline))\n\nANGLE_ALWAYS_INLINE int ANGLE_int_clamp(int value, int minValue, int maxValue)\n{\n    return ((value < minValue) ?  minValue : ((value > maxValue) ? maxVa
#### MTL-LIB-SOURCE out #9 sourceHash=40153b7c666afa30 library=0x600ab78a0 class=_MTLLibrary errorDomain=(nil) errorCode=0 description=(nil) userInfo=(nil)
#### MTL-LIB-SOURCE in #10 pid=61640 device=AGXG13GFamilyDevice sourceLength=8031 sourceUTF8Length=8031 sourceHash=3e71e05841dcdb6d optionsClass=MTLCompileOptionsInternal languageVersion=196608 libraryType=0 fastMath=1 optimizationLevel=0 prefix=\n\n#include <metal_stdlib>\n\n#define ANGLE_ALWAYS_INLINE __attribute__((always_inline))\n\nANGLE_ALWAYS_INLINE int ANGLE_int_clamp(int value, int minValue, int maxValue)\n{\n    return ((value < minValue) ?  minValue : ((value > maxValue) ? maxVa
#### MTL-LIB-SOURCE out #10 sourceHash=3e71e05841dcdb6d library=0x600ab85c0 class=_MTLLibrary errorDomain=(nil) errorCode=0 description=(nil) userInfo=(nil)
#### MTL-LIB-SOURCE in #11 pid=61640 device=AGXG13GFamilyDevice sourceLength=10768 sourceUTF8Length=10768 sourceHash=96cee8e66ad9ad87 optionsClass=MTLCompileOptionsInternal languageVersion=196608 libraryType=0 fastMath=1 optimizationLevel=0 prefix=\n\n#include <metal_stdlib>\n\n#define ANGLE_ALWAYS_INLINE __attribute__((always_inline))\n\nANGLE_ALWAYS_INLINE int ANGLE_int_clamp(int value, int minValue, int maxValue)\n{\n    return ((value < minValue) ?  minValue : ((value > maxValue) ? maxVa
#### MTL-LIB-SOURCE in #12 pid=61640 device=AGXG13GFamilyDevice sourceLength=8715 sourceUTF8Length=8715 sourceHash=a682e2016f76d02f optionsClass=MTLCompileOptionsInternal languageVersion=196608 libraryType=0 fastMath=1 optimizationLevel=0 prefix=\n\n#include <metal_stdlib>\n\n#define ANGLE_ALWAYS_INLINE __attribute__((always_inline))\n\nANGLE_ALWAYS_INLINE int ANGLE_int_clamp(int value, int minValue, int maxValue)\n{\n    return ((value < minValue) ?  minValue : ((value > maxValue) ? maxVa
#### MTL-LIB-SOURCE out #12 sourceHash=a682e2016f76d02f library=0x600c46900 class=_MTLLibrary errorDomain=(nil) errorCode=0 description=(nil) userInfo=(nil)
#### MTL-LIB-SOURCE out #11 sourceHash=96cee8e66ad9ad87 library=0x600ab7bc0 class=_MTLLibrary errorDomain=(nil) errorCode=0 description=(nil) userInfo=(nil)
#### MTL-LIB-SOURCE in #13 pid=61640 device=AGXG13GFamilyDevice sourceLength=9699 sourceUTF8Length=9699 sourceHash=6f43e65a7a4e3365 optionsClass=MTLCompileOptionsInternal languageVersion=196608 libraryType=0 fastMath=1 optimizationLevel=0 prefix=\n\n#include <metal_stdlib>\n\n#define ANGLE_ALWAYS_INLINE __attribute__((always_inline))\n\nANGLE_ALWAYS_INLINE int ANGLE_int_clamp(int value, int minValue, int maxValue)\n{\n    return ((value < minValue) ?  minValue : ((value > maxValue) ? maxVa
#### MTL-LIB-SOURCE out #13 sourceHash=6f43e65a7a4e3365 library=0x600c44010 class=_MTLLibrary errorDomain=(nil) errorCode=0 description=(nil) userInfo=(nil)
#### MTL_TEX POOL-NEW: key=8x8-pf70-bpe4-fcc1380401729 → IOSurface=0x600a958e0 (bpr=128 alloc=16 KB, map=EXPLICIT)
#### MTL_TEX TEX-CACHE-NEW: surf=0x600a958e0 → tex=0x600c5be00
#### AGX_MAP_AUDIT #17 tex=0x600c5be00 impl=0x600c5bb80 iosurface(arg=0x600a958e0 bound=0x600a958e0) plane=0 cpu130=0x11e7d4000 gpu40=0x1503418000 descriptorOff=0x190 descriptorLayout=0 compressed=0 extended=0 match=1
#### MTL_TEX plain ROUTE-IOSURF result: 0x600c5be00
#### MTL_TEX POOL-NEW: key=2x1-pf70-bpe4-fcc1380401729 → IOSurface=0x600a95880 (bpr=128 alloc=16 KB, map=EXPLICIT)
#### MTL_TEX TEX-CACHE-NEW: surf=0x600a95880 → tex=0x600c5c580
#### AGX_MAP_AUDIT #18 tex=0x600c5c580 impl=0x600c5c300 iosurface(arg=0x600a95880 bound=0x600a95880) plane=0 cpu130=0x11e7dc000 gpu40=0x1503428000 descriptorOff=0x190 descriptorLayout=0 compressed=0 extended=0 match=1
#### MTL_TEX plain ROUTE-IOSURF result: 0x600c5c580
#### MTL_TEX POOL-HIT: key=1x1-pf70-bpe4-fcc1380401729 → IOSurface=0x600a94ee0
#### MTL_TEX TEX-CACHE-HIT: surf=0x600a94ee0 → tex=0x600c5aa00 (no sel=0xa, +1 retain)
#### AGX_MAP_AUDIT #19 tex=0x600c5aa00 impl=0x600c5a780 iosurface(arg=0x600a94ee0 bound=0x600a94ee0) plane=0 cpu130=0x11de94000 gpu40=0x1500010000 descriptorOff=0x140 descriptorLayout=0 compressed=0 extended=0 match=1
#### MTL_TEX plain ROUTE-IOSURF result: 0x600c5aa00
[61600:0728/053351.970349:VERBOSE1:content/browser/renderer_host/media/media_stream_manager.cc:1515] MSPL::OnResume([this=0x6002133a8])
#### MTL_TEX POOL-NEW: key=6x1-pf70-bpe4-fcc1380401729 → IOSurface=0x600a957e0 (bpr=128 alloc=16 KB, map=EXPLICIT)
#### AGX_MAP_AUDIT #20 tex=0x60022fc80 impl=0x6009c2080 iosurface(arg=0x600a957e0 bound=0x600a957e0) plane=0 cpu130=0x11e7e8000 gpu40=0x1503440000 descriptorOff=0x190 descriptorLayout=0 compressed=0 extended=0 match=1
#### MTL_TEX plain ROUTE-IOSURF result: 0x60022fc80
[61640:0728/053351.978639:ERROR:ui/gl/angle_platform_impl.cc:47] mtl_command_buffer.mm:693 (onCommandBufferCompleted): Completed MTLCommandBuffer failed, and error is Internal Error (00000103:Internal Error)
#### AGX_LIFE DESTROY id=0x6d type=0 surf=0 bytes=0x4000 kr=0 okC=121 failC=0 okD=6 failD=0 unmatchedD=0 full=0 live=115/50MB [t0=96/15MB t80=0/0MB t82=19/35MB]
#### AGX_LIFE DESTROY id=0x6f type=0 surf=0 bytes=0x4000 kr=0 okC=121 failC=0 okD=7 failD=0 unmatchedD=0 full=0 live=114/50MB [t0=95/15MB t80=0/0MB t82=19/35MB]
#### AGX_LIFE DESTROY id=0x70 type=0 surf=0 bytes=0x4000 kr=0 okC=121 failC=0 okD=8 failD=0 unmatchedD=0 full=0 live=113/50MB [t0=94/14MB t80=0/0MB t82=19/35MB]
#### AGX_LIFE DESTROY id=0x72 type=0 surf=0 bytes=0x4000 kr=0 okC=121 failC=0 okD=9 failD=0 unmatchedD=0 full=0 live=112/50MB [t0=93/14MB t80=0/0MB t82=19/35MB]
#### AGX_LIFE DESTROY id=0x37 type=0x82 surf=0xbb bytes=0x3d0000 kr=0 okC=121 failC=0 okD=10 failD=0 unmatchedD=0 full=0 live=111/46MB [t0=93/14MB t80=0/0MB t82=18/31MB]
#### IOSURFACE-RELEASE-ABI pair #2: conn=15623 surfaceID=187 sel=1 -> 0
#### AGX_LIFE DESTROY id=0x34 type=0x82 surf=0xb9 bytes=0x3d0000 kr=0 okC=121 failC=0 okD=11 failD=0 unmatchedD=0 full=0 live=110/42MB [t0=93/14MB t80=0/0MB t82=17/27MB]
#### IOSURFACE-RELEASE-ABI pair #3: conn=15623 surfaceID=185 sel=1 -> 0
#### AGX_LIFE DESTROY id=0xe type=0x82 surf=0xb5 bytes=0x3d0000 kr=0 okC=121 failC=0 okD=12 failD=0 unmatchedD=0 full=0 live=109/38MB [t0=93/14MB t80=0/0MB t82=16/23MB]
#### IOSURFACE-RELEASE-ABI pair #4: conn=15623 surfaceID=181 sel=1 -> 0
#### AGX_LIFE DESTROY id=0x36 type=0x82 surf=0xba bytes=0x3d0000 kr=0 okC=121 failC=0 okD=13 failD=0 unmatchedD=0 full=0 live=108/34MB [t0=93/14MB t80=0/0MB t82=15/19MB]
#### IOSURFACE-RELEASE-ABI pair #5: conn=15623 surfaceID=186 sel=1 -> 0
#### AGX_LIFE DESTROY id=0x39 type=0x82 surf=0xbc bytes=0x30000 kr=0 okC=121 failC=0 okD=14 failD=0 unmatchedD=0 full=0 live=107/34MB [t0=93/14MB t80=0/0MB t82=14/19MB]
#### IOSURFACE-RELEASE-ABI pair #6: conn=15623 surfaceID=188 sel=1 -> 0
[61600:0728/053351.985919:INFO:CONSOLE:55] "--Draw Fish---------------------------------------", source: https://webglsamples.org/tdl/log.js (55)
[61641:0728/053351.989463:VERBOSE1:net/base/network_delegate.cc:38] NetworkDelegate::NotifyBeforeURLRequest: https://webglsamples.org/aquarium/static_assets/beam.png
[61641:0728/053351.989785:VERBOSE1:net/base/network_delegate.cc:38] NetworkDelegate::NotifyBeforeURLRequest: https://webglsamples.org/aquarium/static_assets/bubble.png
[61641:0728/053351.990032:VERBOSE1:net/base/network_delegate.cc:38] NetworkDelegate::NotifyBeforeURLRequest: https://webglsamples.org/aquarium/assets/LightRay.png
#### MTL_TEX POOL-HIT: key=1x1-pf70-bpe4-fcc1380401729 → IOSurface=0x600a94ee0
#### AGX_MAP_AUDIT #21 tex=0x600c5aa00 impl=0x600c5a780 iosurface(arg=0x600a94ee0 bound=0x600a94ee0) plane=0 cpu130=0x11de94000 gpu40=0x1500010000 descriptorOff=0x140 descriptorLayout=0 compressed=0 extended=0 match=1
#### MTL_TEX plain ROUTE-IOSURF result: 0x600c5aa00
#### MTL_TEX POOL-HIT: key=1x1-pf70-bpe4-fcc1380401729 → IOSurface=0x600a94ee0
#### AGX_MAP_AUDIT #22 tex=0x600c5aa00 impl=0x600c5a780 iosurface(arg=0x600a94ee0 bound=0x600a94ee0) plane=0 cpu130=0x11de94000 gpu40=0x1500010000 descriptorOff=0x140 descriptorLayout=0 compressed=0 extended=0 match=1
#### MTL_TEX plain ROUTE-IOSURF result: 0x600c5aa00
[61640:0728/053352.000640:ERROR:ui/gl/angle_platform_impl.cc:47] mtl_command_buffer.mm:693 (onCommandBufferCompleted): Completed MTLCommandBuffer failed, and error is Internal Error (00000103:Internal Error)
#### AGX_LIFE DESTROY id=0xe type=0 surf=0 bytes=0x4000 kr=0 okC=125 failC=0 okD=15 failD=0 unmatchedD=0 full=0 live=110/34MB [t0=96/15MB t80=0/0MB t82=14/19MB]
#### MTL_TEX POOL-HIT: key=6x1-pf70-bpe4-fcc1380401729 → IOSurface=0x600a957e0
#### AGX_MAP_AUDIT #23 tex=0x60022fc80 impl=0x6009c2080 iosurface(arg=0x600a957e0 bound=0x600a957e0) plane=0 cpu130=0x11e7e8000 gpu40=0x1503440000 descriptorOff=0x190 descriptorLayout=0 compressed=0 extended=0 match=1
#### MTL_TEX plain ROUTE-IOSURF result: 0x60022fc80
#### MTL_TEX POOL-HIT: key=1x1-pf70-bpe4-fcc1380401729 → IOSurface=0x600a94ee0
#### AGX_MAP_AUDIT #24 tex=0x600c5aa00 impl=0x600c5a780 iosurface(arg=0x600a94ee0 bound=0x600a94ee0) plane=0 cpu130=0x11de94000 gpu40=0x1500010000 descriptorOff=0x140 descriptorLayout=0 compressed=0 extended=0 match=1
#### MTL_TEX plain ROUTE-IOSURF result: 0x600c5aa00
#### AGX_MAP_AUDIT #25 tex=0x6009c4880 impl=0x6009c7d00 iosurface(arg=0x600079f20 bound=0x600079f20) plane=0 cpu130=0x10f77c000 gpu40=0x1500da8000 descriptorOff=0x190 descriptorLayout=0 compressed=0 extended=0 match=1
#### AGXIOC Method sel=0x18->0x18 inCnt=0 inSC=0 outSC=0 -> 0xe00002c2
[61640:0728/053352.021845:ERROR:ui/gl/angle_platform_impl.cc:47] mtl_command_buffer.mm:693 (onCommandBufferCompleted): Completed MTLCommandBuffer failed, and error is Internal Error (00000103:Internal Error)
#### MACWS-NEW-EVENT #1 original=nil sharedEvent=0x600506cc0 class=_MTLSharedEvent device=0x600232000 deviceClass=AGXG13GFamilyDevice
[61640:0728/053352.021996:ERROR:ui/gl/angle_platform_impl.cc:47] mtl_command_buffer.mm:693 (onCommandBufferCompleted): Completed MTLCommandBuffer failed, and error is Internal Error (00000102:Internal Error)
#### MTL_TEX POOL-HIT: key=1x1-pf70-bpe4-fcc1380401729 → IOSurface=0x600a94ee0
[61640:0728/053352.022075:ERROR:ui/gl/angle_platform_impl.cc:47] mtl_command_buffer.mm:693 (onCommandBufferCompleted): Completed MTLCommandBuffer failed, and error is Internal Error (00000102:Internal Error)
#### AGX_MAP_AUDIT #26 tex=0x600c5aa00 impl=0x600c5a780 iosurface(arg=0x600a94ee0 bound=0x600a94ee0) plane=0 cpu130=0x11de94000 gpu40=0x1500010000 descriptorOff=0x140 descriptorLayout=0 compressed=0 extended=0 match=1
#### MTL_TEX plain ROUTE-IOSURF result: 0x600c5aa00
[61640:0728/053352.022175:ERROR:ui/gl/angle_platform_impl.cc:47] mtl_command_buffer.mm:693 (onCommandBufferCompleted): Completed MTLCommandBuffer failed, and error is Internal Error (00000102:Internal Error)
#### MTL_TEX POOL-HIT: key=1x1-pf70-bpe4-fcc1380401729 → IOSurface=0x600a94ee0
#### AGX_MAP_AUDIT #27 tex=0x600c5aa00 impl=0x600c5a780 iosurface(arg=0x600a94ee0 bound=0x600a94ee0) plane=0 cpu130=0x11de94000 gpu40=0x1500010000 descriptorOff=0x140 descriptorLayout=0 compressed=0 extended=0 match=1
#### MTL_TEX plain ROUTE-IOSURF result: 0x600c5aa00
#### MTL_TEX POOL-HIT: key=1x1-pf70-bpe4-fcc1380401729 → IOSurface=0x600a94ee0
#### AGX_MAP_AUDIT #28 tex=0x600c5aa00 impl=0x600c5a780 iosurface(arg=0x600a94ee0 bound=0x600a94ee0) plane=0 cpu130=0x11de94000 gpu40=0x1500010000 descriptorOff=0x140 descriptorLayout=0 compressed=0 extended=0 match=1
#### AGX_MAP_AUDIT #29 tex=0x600c5aa00 impl=0x600c5a780 iosurface(arg=0x600a94ee0 bound=0x600a94ee0) plane=0 cpu130=0x11de94000 gpu40=0x1500010000 descriptorOff=0x140 descriptorLayout=0 compressed=0 extended=0 match=1
#### AGX_MAP_AUDIT #30 tex=0x600c5aa00 impl=0x600c5a780 iosurface(arg=0x600a94ee0 bound=0x600a94ee0) plane=0 cpu130=0x11de94000 gpu40=0x1500010000 descriptorOff=0x140 descriptorLayout=0 compressed=0 extended=0 match=1
#### AGX_MAP_AUDIT #31 tex=0x600c5aa00 impl=0x600c5a780 iosurface(arg=0x600a94ee0 bound=0x600a94ee0) plane=0 cpu130=0x11de94000 gpu40=0x1500010000 descriptorOff=0x140 descriptorLayout=0 compressed=0 extended=0 match=1
[61640:0728/053352.027063:ERROR:ui/gl/angle_platform_impl.cc:47] mtl_command_buffer.mm:693 (onCommandBufferCompleted): Completed MTLCommandBuffer failed, and error is Internal Error (00000103:Internal Error)
#### AGX_LIFE DESTROY id=0x39 type=0 surf=0 bytes=0x4000 kr=0 okC=137 failC=0 okD=16 failD=0 unmatchedD=0 full=0 live=121/38MB [t0=106/15MB t80=0/0MB t82=15/23MB]
[61640:0728/053352.028887:ERROR:ui/gl/angle_platform_impl.cc:47] mtl_command_buffer.mm:693 (onCommandBufferCompleted): Completed MTLCommandBuffer failed, and error is Internal Error (00000102:Internal Error)
[61640:0728/053352.030291:ERROR:ui/gl/angle_platform_impl.cc:47] mtl_command_buffer.mm:693 (onCommandBufferCompleted): Completed MTLCommandBuffer failed, and error is Internal Error (00000103:Internal Error)
#### IOSURFACE-RELEASE-ABI pair #7: conn=15623 surfaceID=258 sel=1 -> 0
#### MTL-LIB-SOURCE in #15 pid=61640 device=AGXG13GFamilyDevice sourceLength=11366 sourceUTF8Length=11366 sourceHash=95047d9d1400c146 optionsClass=MTLCompileOptionsInternal languageVersion=196608 libraryType=0 fastMath=1 optimizationLevel=0 prefix=\n\n#include <metal_stdlib>\n\n#define ANGLE_ALWAYS_INLINE __attribute__((always_inline))\n\nANGLE_ALWAYS_INLINE int ANGLE_int_clamp(int value, int minValue, int maxValue)\n{\n    return ((value < minValue) ?  minValue : ((value > maxValue) ? maxVa
#### MTL-LIB-SOURCE in #14 pid=61640 device=AGXG13GFamilyDevice sourceLength=12025 sourceUTF8Length=12025 sourceHash=6200ef268bd839f0 optionsClass=MTLCompileOptionsInternal languageVersion=196608 libraryType=0 fastMath=1 optimizationLevel=0 prefix=\n\n#include <metal_stdlib>\n\n#define ANGLE_ALWAYS_INLINE __attribute__((always_inline))\n\nANGLE_ALWAYS_INLINE int ANGLE_int_clamp(int value, int minValue, int maxValue)\n{\n    return ((value < minValue) ?  minValue : ((value > maxValue) ? maxVa
#### MTL-LIB-SOURCE out #15 sourceHash=95047d9d1400c146 library=0x600c467c0 class=_MTLLibrary errorDomain=(nil) errorCode=0 description=(nil) userInfo=(nil)
#### MTL-LIB-SOURCE out #14 sourceHash=6200ef268bd839f0 library=0x600c462c0 class=_MTLLibrary errorDomain=(nil) errorCode=0 description=(nil) userInfo=(nil)
#### MTL-LIB-SOURCE in #16 pid=61640 device=AGXG13GFamilyDevice sourceLength=11105 sourceUTF8Length=11105 sourceHash=a7ccef9d74f035d8 optionsClass=MTLCompileOptionsInternal languageVersion=196608 libraryType=0 fastMath=1 optimizationLevel=0 prefix=\n\n#include <metal_stdlib>\n\n#define ANGLE_ALWAYS_INLINE __attribute__((always_inline))\n\nANGLE_ALWAYS_INLINE int ANGLE_int_clamp(int value, int minValue, int maxValue)\n{\n    return ((value < minValue) ?  minValue : ((value > maxValue) ? maxVa
#### MTL-LIB-SOURCE out #16 sourceHash=a7ccef9d74f035d8 library=0x600ab8bb0 class=_MTLLibrary errorDomain=(nil) errorCode=0 description=(nil) userInfo=(nil)
[61600:0728/053352.049054:INFO:CONSOLE:55] "assets/SmallFishA.js: custom", source: https://webglsamples.org/tdl/log.js (55)
[61641:0728/053352.051862:VERBOSE1:net/base/network_delegate.cc:38] NetworkDelegate::NotifyBeforeURLRequest: https://webglsamples.org/aquarium/assets/SmallFishA_NM.png
[61600:0728/053352.068366:INFO:CONSOLE:55] "assets/MediumFishA.js: custom", source: https://webglsamples.org/tdl/log.js (55)
[61641:0728/053352.070767:VERBOSE1:net/base/network_delegate.cc:38] NetworkDelegate::NotifyBeforeURLRequest: https://webglsamples.org/aquarium/assets/SmallFishA_DM.jpg
[61641:0728/053352.070980:VERBOSE1:net/base/network_delegate.cc:38] NetworkDelegate::NotifyBeforeURLRequest: https://webglsamples.org/aquarium/assets/SmallFishA_RM.jpg
[61641:0728/053352.071110:VERBOSE1:net/base/network_delegate.cc:38] NetworkDelegate::NotifyBeforeURLRequest: https://webglsamples.org/aquarium/assets/GlobeOuter_EM_positive_x.jpg
[61641:0728/053352.073314:VERBOSE1:net/base/network_delegate.cc:38] NetworkDelegate::NotifyBeforeURLRequest: https://webglsamples.org/aquarium/assets/GlobeOuter_EM_negative_x.jpg
[61641:0728/053352.073517:VERBOSE1:net/base/network_delegate.cc:38] NetworkDelegate::NotifyBeforeURLRequest: https://webglsamples.org/aquarium/assets/GlobeOuter_EM_positive_y.jpg
[61641:0728/053352.073651:VERBOSE1:net/base/network_delegate.cc:38] NetworkDelegate::NotifyBeforeURLRequest: https://webglsamples.org/aquarium/assets/GlobeOuter_EM_negative_y.jpg
[61641:0728/053352.073944:VERBOSE1:net/base/network_delegate.cc:38] NetworkDelegate::NotifyBeforeURLRequest: https://webglsamples.org/aquarium/assets/GlobeOuter_EM_positive_z.jpg
[61641:0728/053352.074132:VERBOSE1:net/base/network_delegate.cc:38] NetworkDelegate::NotifyBeforeURLRequest: https://webglsamples.org/aquarium/assets/GlobeOuter_EM_negative_z.jpg
[61600:0728/053352.074724:INFO:CONSOLE:55] "assets/MediumFishB.js: custom", source: https://webglsamples.org/tdl/log.js (55)
[61641:0728/053352.075862:VERBOSE1:net/base/network_delegate.cc:38] NetworkDelegate::NotifyBeforeURLRequest: https://webglsamples.org/aquarium/assets/MediumFishA_NM.png
[61641:0728/053352.076127:VERBOSE1:net/base/network_delegate.cc:38] NetworkDelegate::NotifyBeforeURLRequest: https://webglsamples.org/aquarium/assets/MediumFishA_DM.jpg
[61641:0728/053352.079514:VERBOSE1:net/base/network_delegate.cc:38] NetworkDelegate::NotifyBeforeURLRequest: https://webglsamples.org/aquarium/assets/MediumFishB_NM.png
[61641:0728/053352.080226:VERBOSE1:net/base/network_delegate.cc:38] NetworkDelegate::NotifyBeforeURLRequest: https://webglsamples.org/aquarium/assets/MediumFishB_DM.jpg
[61641:0728/053352.080451:VERBOSE1:net/base/network_delegate.cc:38] NetworkDelegate::NotifyBeforeURLRequest: https://webglsamples.org/aquarium/assets/MediumFishB_RM.jpg
[61600:0728/053352.081454:INFO:CONSOLE:55] "assets/BigFishA.js: custom", source: https://webglsamples.org/tdl/log.js (55)
[61641:0728/053352.085419:VERBOSE1:net/base/network_delegate.cc:38] NetworkDelegate::NotifyBeforeURLRequest: https://webglsamples.org/aquarium/assets/BigFishA_NM.png
[61641:0728/053352.085890:VERBOSE1:net/base/network_delegate.cc:38] NetworkDelegate::NotifyBeforeURLRequest: https://webglsamples.org/aquarium/assets/BigFishA_DM.jpg
[61600:0728/053352.086111:INFO:CONSOLE:55] "assets/BigFishB.js: custom", source: https://webglsamples.org/tdl/log.js (55)
[61641:0728/053352.089958:VERBOSE1:net/base/network_delegate.cc:38] NetworkDelegate::NotifyBeforeURLRequest: https://webglsamples.org/aquarium/assets/BigFishB_NM.png
[61641:0728/053352.090593:VERBOSE1:net/base/network_delegate.cc:38] NetworkDelegate::NotifyBeforeURLRequest: https://webglsamples.org/aquarium/assets/BigFishB_DM.jpg
#### MTL-LIB-SOURCE in #17 pid=61640 device=AGXG13GFamilyDevice sourceLength=6953 sourceUTF8Length=6953 sourceHash=177dcf0fd7647742 optionsClass=MTLCompileOptionsInternal languageVersion=196608 libraryType=0 fastMath=1 optimizationLevel=0 prefix=\n\n#include <metal_stdlib>\n\n#define ANGLE_ALWAYS_INLINE __attribute__((always_inline))\n\nANGLE_ALWAYS_INLINE int ANGLE_int_clamp(int value, int minValue, int maxValue)\n{\n    return ((value < minValue) ?  minValue : ((value > maxValue) ? maxVa
#### MTL-LIB-SOURCE out #17 sourceHash=177dcf0fd7647742 library=0x600c446f0 class=_MTLLibrary errorDomain=(nil) errorCode=0 description=(nil) userInfo=(nil)
[61600:0728/053352.121860:INFO:CONSOLE:55] "assets/Arch.js: normalMap", source: https://webglsamples.org/tdl/log.js (55)
[61641:0728/053352.123798:VERBOSE1:net/base/network_delegate.cc:38] NetworkDelegate::NotifyBeforeURLRequest: https://webglsamples.org/aquarium/assets/Arch_NM.png
[61641:0728/053352.124179:VERBOSE1:net/base/network_delegate.cc:38] NetworkDelegate::NotifyBeforeURLRequest: https://webglsamples.org/aquarium/assets/Arch_DM.jpg
#### JIT-MPROTECT flip #1024 ranges=1 prot=RX writers=1 exec_waits=0 late_retries=0
[61640:0728/053352.136760:ERROR:ui/gl/angle_platform_impl.cc:47] mtl_command_buffer.mm:693 (onCommandBufferCompleted): Completed MTLCommandBuffer failed, and error is Internal Error (00000103:Internal Error)
[61640:0728/053352.139535:ERROR:ui/gl/angle_platform_impl.cc:47] mtl_command_buffer.mm:693 (onCommandBufferCompleted): Completed MTLCommandBuffer failed, and error is Internal Error (00000103:Internal Error)
[61640:0728/053352.139818:ERROR:ui/gl/angle_platform_impl.cc:47] mtl_command_buffer.mm:693 (onCommandBufferCompleted): Completed MTLCommandBuffer failed, and error is Internal Error (00000103:Internal Error)
[61640:0728/053352.139896:ERROR:ui/gl/angle_platform_impl.cc:47] mtl_command_buffer.mm:693 (onCommandBufferCompleted): Completed MTLCommandBuffer failed, and error is Internal Error (00000103:Internal Error)
[61640:0728/053352.139968:ERROR:ui/gl/angle_platform_impl.cc:47] mtl_command_buffer.mm:693 (onCommandBufferCompleted): Completed MTLCommandBuffer failed, and error is Internal Error (00000103:Internal Error)
[61600:0728/053352.140303:INFO:CONSOLE:55] "assets/Coral.js: normalMap", source: https://webglsamples.org/tdl/log.js (55)
[61600:0728/053352.140394:INFO:CONSOLE:55] "assets/CoralStoneA.js: normalMap", source: https://webglsamples.org/tdl/log.js (55)
[61641:0728/053352.140879:VERBOSE1:net/base/network_delegate.cc:38] NetworkDelegate::NotifyBeforeURLRequest: https://webglsamples.org/aquarium/assets/Coral_NM.png
[61600:0728/053352.140971:INFO:CONSOLE:55] "assets/CoralStoneB.js: normalMap", source: https://webglsamples.org/tdl/log.js (55)
[61641:0728/053352.141047:VERBOSE1:net/base/network_delegate.cc:38] NetworkDelegate::NotifyBeforeURLRequest: https://webglsamples.org/aquarium/assets/Coral_DM.jpg
[61641:0728/053352.141221:VERBOSE1:net/base/network_delegate.cc:38] NetworkDelegate::NotifyBeforeURLRequest: https://webglsamples.org/aquarium/assets/CoralReef_NM.png
[61641:0728/053352.141376:VERBOSE1:net/base/network_delegate.cc:38] NetworkDelegate::NotifyBeforeURLRequest: https://webglsamples.org/aquarium/assets/CoralReef_DM.jpg
#### AGXIOC Method sel=0x18->0x18 inCnt=0 inSC=0 outSC=0 -> 0xe00002c2
#### MACWS-NEW-EVENT #2 original=nil sharedEvent=0x600503200 class=_MTLSharedEvent device=0x600232000 deviceClass=AGXG13GFamilyDevice
[61640:0728/053352.146253:ERROR:ui/gl/angle_platform_impl.cc:47] mtl_command_buffer.mm:693 (onCommandBufferCompleted): Completed MTLCommandBuffer failed, and error is Internal Error (00000103:Internal Error)
[61640:0728/053352.148702:ERROR:ui/gl/angle_platform_impl.cc:47] mtl_command_buffer.mm:693 (onCommandBufferCompleted): Completed MTLCommandBuffer failed, and error is Internal Error (00000102:Internal Error)
#### MTL-LIB-SOURCE in #18 pid=61640 device=AGXG13GFamilyDevice sourceLength=5798 sourceUTF8Length=5798 sourceHash=b82d4d67bdb21b9e optionsClass=MTLCompileOptionsInternal languageVersion=196608 libraryType=0 fastMath=1 optimizationLevel=0 prefix=\n\n#include <metal_stdlib>\n\n#define ANGLE_ALWAYS_INLINE __attribute__((always_inline))\n\nANGLE_ALWAYS_INLINE int ANGLE_int_clamp(int value, int minValue, int maxValue)\n{\n    return ((value < minValue) ?  minValue : ((value > maxValue) ? maxVa
#### MTL-LIB-SOURCE in #19 pid=61640 device=AGXG13GFamilyDevice sourceLength=10146 sourceUTF8Length=10146 sourceHash=a2a2e3b86721d608 optionsClass=MTLCompileOptionsInternal languageVersion=196608 libraryType=0 fastMath=1 optimizationLevel=0 prefix=\n\n#include <metal_stdlib>\n\n#define ANGLE_ALWAYS_INLINE __attribute__((always_inline))\n\nANGLE_ALWAYS_INLINE int ANGLE_int_clamp(int value, int minValue, int maxValue)\n{\n    return ((value < minValue) ?  minValue : ((value > maxValue) ? maxVa
#### MTL-LIB-SOURCE out #18 sourceHash=b82d4d67bdb21b9e library=0x600029880 class=_MTLLibrary errorDomain=(nil) errorCode=0 description=(nil) userInfo=(nil)
#### MTL-LIB-SOURCE out #19 sourceHash=a2a2e3b86721d608 library=0x600c46680 class=_MTLLibrary errorDomain=(nil) errorCode=0 description=(nil) userInfo=(nil)
[61600:0728/053352.170395:INFO:CONSOLE:55] "assets/EnvironmentBox.js: custom", source: https://webglsamples.org/tdl/log.js (55)
[61600:0728/053352.170800:INFO:CONSOLE:55] "assets/EnvironmentBox.js: custom", source: https://webglsamples.org/tdl/log.js (55)
[61600:0728/053352.172722:INFO:CONSOLE:55] "assets/EnvironmentBox.js: custom", source: https://webglsamples.org/tdl/log.js (55)
[61600:0728/053352.172841:INFO:CONSOLE:55] "assets/EnvironmentBox.js: custom", source: https://webglsamples.org/tdl/log.js (55)
[61600:0728/053352.172932:INFO:CONSOLE:55] "assets/EnvironmentBox.js: custom", source: https://webglsamples.org/tdl/log.js (55)
[61600:0728/053352.173001:INFO:CONSOLE:55] "assets/EnvironmentBox.js: custom", source: https://webglsamples.org/tdl/log.js (55)
#### AGX_LIFE CREATE id=0xcd type=0 surf=0 bytes=0x4000 kr=0 okC=250 failC=0 okD=45 failD=0 unmatchedD=0 full=0 live=204/45MB [t0=186/16MB t80=0/0MB t82=18/28MB]
[61600:0728/053352.184317:INFO:CONSOLE:55] "assets/FloorBase_Baked.js: normalMap", source: https://webglsamples.org/tdl/log.js (55)
[61641:0728/053352.186620:VERBOSE1:net/base/network_delegate.cc:38] NetworkDelegate::NotifyBeforeURLRequest: https://webglsamples.org/aquarium/assets/FloorBaseA_NM.png
[61641:0728/053352.186800:VERBOSE1:net/base/network_delegate.cc:38] NetworkDelegate::NotifyBeforeURLRequest: https://webglsamples.org/aquarium/assets/FloorBaseA_DM.jpg
#### MTL-LIB-SOURCE in #20 pid=61640 device=AGXG13GFamilyDevice sourceLength=10975 sourceUTF8Length=10975 sourceHash=c9ffa1ddebb913ee optionsClass=MTLCompileOptionsInternal languageVersion=196608 libraryType=0 fastMath=1 optimizationLevel=0 prefix=\n\n#include <metal_stdlib>\n\n#define ANGLE_ALWAYS_INLINE __attribute__((always_inline))\n\nANGLE_ALWAYS_INLINE int ANGLE_int_clamp(int value, int minValue, int maxValue)\n{\n    return ((value < minValue) ?  minValue : ((value > maxValue) ? maxVa
#### MTL-LIB-SOURCE out #20 sourceHash=c9ffa1ddebb913ee library=0x600c47670 class=_MTLLibrary errorDomain=(nil) errorCode=0 description=(nil) userInfo=(nil)
[61600:0728/053352.192397:INFO:CONSOLE:55] "assets/FloorCenter.js: diffuse", source: https://webglsamples.org/tdl/log.js (55)
[61641:0728/053352.217758:VERBOSE1:net/base/network_delegate.cc:38] NetworkDelegate::NotifyBeforeURLRequest: https://webglsamples.org/aquarium/assets/FloorTile_01_DM.jpg
[61600:0728/053352.219759:INFO:CONSOLE:55] "assets/GlobeBase.js: custom", source: https://webglsamples.org/tdl/log.js (55)
[61641:0728/053352.220739:VERBOSE1:net/base/network_delegate.cc:38] NetworkDelegate::NotifyBeforeURLRequest: https://webglsamples.org/aquarium/assets/GlobeOuter_NM.png
[61641:0728/053352.220927:VERBOSE1:net/base/network_delegate.cc:38] NetworkDelegate::NotifyBeforeURLRequest: https://webglsamples.org/aquarium/assets/GlobeOuter_DM.png
[61641:0728/053352.221075:VERBOSE1:net/base/network_delegate.cc:38] NetworkDelegate::NotifyBeforeURLRequest: https://webglsamples.org/aquarium/assets/GlobeOuter_RM.jpg
#### MTL-LIB-SOURCE in #21 pid=61640 device=AGXG13GFamilyDevice sourceLength=11203 sourceUTF8Length=11203 sourceHash=24ecbb315b585175 optionsClass=MTLCompileOptionsInternal languageVersion=196608 libraryType=0 fastMath=1 optimizationLevel=0 prefix=\n\n#include <metal_stdlib>\n\n#define ANGLE_ALWAYS_INLINE __attribute__((always_inline))\n\nANGLE_ALWAYS_INLINE int ANGLE_int_clamp(int value, int minValue, int maxValue)\n{\n    return ((value < minValue) ?  minValue : ((value > maxValue) ? maxVa
#### MTL-LIB-SOURCE out #21 sourceHash=24ecbb315b585175 library=0x600c47530 class=_MTLLibrary errorDomain=(nil) errorCode=0 description=(nil) userInfo=(nil)
[61600:0728/053352.234842:INFO:CONSOLE:55] "assets/GlobeInner.js: custom", source: https://webglsamples.org/tdl/log.js (55)
[61641:0728/053352.236158:VERBOSE1:net/base/network_delegate.cc:38] NetworkDelegate::NotifyBeforeURLRequest: https://webglsamples.org/aquarium/assets/GlobeInner_NM.png
[61641:0728/053352.236519:VERBOSE1:net/base/network_delegate.cc:38] NetworkDelegate::NotifyBeforeURLRequest: https://webglsamples.org/aquarium/assets/GlobeInner_DM.png
[61641:0728/053352.236660:VERBOSE1:net/base/network_delegate.cc:38] NetworkDelegate::NotifyBeforeURLRequest: https://webglsamples.org/aquarium/assets/GlobeInner_RM.jpg
[61640:0728/053352.242580:ERROR:ui/gl/angle_platform_impl.cc:47] mtl_command_buffer.mm:693 (onCommandBufferCompleted): Completed MTLCommandBuffer failed, and error is Internal Error (00000103:Internal Error)
#### MTL_TEX plain NON-2D: texType=5 → downgrading to 2D (IOSurface backing is 2D-only; native AGXTexture init's cascade returns a corrupt non-2D texture that SIGSEGVs in setFragmentTexture). The result is a real bindable 2D AGXG13GFamilyTexture; CA's placeholder bind needs a non-nil tex but doesn't actually sample it.
#### AGXIOC Method sel=0x18->0x18 inCnt=0 inSC=0 outSC=0 -> 0xe00002c2
#### MACWS-NEW-EVENT #3 original=nil sharedEvent=0x600c46bd0 class=_MTLSharedEvent device=0x600232000 deviceClass=AGXG13GFamilyDevice
[61640:0728/053352.248600:ERROR:ui/gl/angle_platform_impl.cc:47] mtl_command_buffer.mm:693 (onCommandBufferCompleted): Completed MTLCommandBuffer failed, and error is Internal Error (00000103:Internal Error)
[61640:0728/053352.248769:ERROR:ui/gl/angle_platform_impl.cc:47] mtl_command_buffer.mm:693 (onCommandBufferCompleted): Completed MTLCommandBuffer failed, and error is Internal Error (00000103:Internal Error)
[61640:0728/053352.248841:ERROR:ui/gl/angle_platform_impl.cc:47] mtl_command_buffer.mm:693 (onCommandBufferCompleted): Completed MTLCommandBuffer failed, and error is Internal Error (00000103:Internal Error)
[61640:0728/053352.248934:ERROR:ui/gl/angle_platform_impl.cc:47] mtl_command_buffer.mm:693 (onCommandBufferCompleted): Completed MTLCommandBuffer failed, and error is Internal Error (00000103:Internal Error)
[61640:0728/053352.249035:ERROR:ui/gl/angle_platform_impl.cc:47] mtl_command_buffer.mm:693 (onCommandBufferCompleted): Completed MTLCommandBuffer failed, and error is Internal Error (00000103:Internal Error)
[61640:0728/053352.267681:ERROR:ui/gl/angle_platform_impl.cc:47] mtl_command_buffer.mm:693 (onCommandBufferCompleted): Completed MTLCommandBuffer failed, and error is Internal Error (00000103:Internal Error)
#### MTL-LIB-SOURCE in #22 pid=61640 device=AGXG13GFamilyDevice sourceLength=10726 sourceUTF8Length=10726 sourceHash=a2a7b59e87083409 optionsClass=MTLCompileOptionsInternal languageVersion=196608 libraryType=0 fastMath=1 optimizationLevel=0 prefix=\n\n#include <metal_stdlib>\n\n#define ANGLE_ALWAYS_INLINE __attribute__((always_inline))\n\nANGLE_ALWAYS_INLINE int ANGLE_int_clamp(int value, int minValue, int maxValue)\n{\n    return ((value < minValue) ?  minValue : ((value > maxValue) ? maxVa
#### MTL-LIB-SOURCE out #22 sourceHash=a2a7b59e87083409 library=0x600c44790 class=_MTLLibrary errorDomain=(nil) errorCode=0 description=(nil) userInfo=(nil)
[61640:0728/053352.275081:ERROR:ui/gl/angle_platform_impl.cc:47] mtl_command_buffer.mm:693 (onCommandBufferCompleted): Completed MTLCommandBuffer failed, and error is Internal Error (00000102:Internal Error)
[61600:0728/053352.275451:INFO:CONSOLE:55] "assets/GlobeOuter.js: custom", source: https://webglsamples.org/tdl/log.js (55)
[61600:0728/053352.275572:INFO:CONSOLE:55] "assets/RockA.js: normalMap", source: https://webglsamples.org/tdl/log.js (55)
[61641:0728/053352.276586:VERBOSE1:net/base/network_delegate.cc:38] NetworkDelegate::NotifyBeforeURLRequest: https://webglsamples.org/aquarium/assets/Rock01_NM.png
[61641:0728/053352.277064:VERBOSE1:net/base/network_delegate.cc:38] NetworkDelegate::NotifyBeforeURLRequest: https://webglsamples.org/aquarium/assets/Rock01_DM.jpg
[61600:0728/053352.277774:INFO:CONSOLE:55] "assets/RockB.js: normalMap", source: https://webglsamples.org/tdl/log.js (55)
[61600:0728/053352.277865:INFO:CONSOLE:55] "assets/RockC.js: normalMap", source: https://webglsamples.org/tdl/log.js (55)
[61600:0728/053352.280382:INFO:CONSOLE:55] "assets/RuinColumn.js: normalMap", source: https://webglsamples.org/tdl/log.js (55)
[61641:0728/053352.281586:VERBOSE1:net/base/network_delegate.cc:38] NetworkDelegate::NotifyBeforeURLRequest: https://webglsamples.org/aquarium/assets/GlobeOuter_Sky.jpg
[61600:0728/053352.281677:INFO:CONSOLE:55] "assets/Skybox.js: custom", source: https://webglsamples.org/tdl/log.js (55)
[61600:0728/053352.285056:INFO:CONSOLE:55] "assets/Stone.js: normalMap", source: https://webglsamples.org/tdl/log.js (55)
[61600:0728/053352.285268:INFO:CONSOLE:55] "assets/Stones.js: normalMap", source: https://webglsamples.org/tdl/log.js (55)
[61641:0728/053352.285838:VERBOSE1:net/base/network_delegate.cc:38] NetworkDelegate::NotifyBeforeURLRequest: https://webglsamples.org/aquarium/assets/StoneA_NM.png
[61641:0728/053352.286086:VERBOSE1:net/base/network_delegate.cc:38] NetworkDelegate::NotifyBeforeURLRequest: https://webglsamples.org/aquarium/assets/StoneA_DM.jpg
[61600:0728/053352.286967:INFO:CONSOLE:55] "assets/SunknShip.js: normalMap", source: https://webglsamples.org/tdl/log.js (55)
[61600:0728/053352.287041:INFO:CONSOLE:55] "assets/SunknShip.js: normalMap", source: https://webglsamples.org/tdl/log.js (55)
[61600:0728/053352.287089:INFO:CONSOLE:55] "assets/SunknShip.js: normalMap", source: https://webglsamples.org/tdl/log.js (55)
[61641:0728/053352.287674:VERBOSE1:net/base/network_delegate.cc:38] NetworkDelegate::NotifyBeforeURLRequest: https://webglsamples.org/aquarium/assets/SunknShipBoxes_NM.png
[61641:0728/053352.287894:VERBOSE1:net/base/network_delegate.cc:38] NetworkDelegate::NotifyBeforeURLRequest: https://webglsamples.org/aquarium/assets/SunknShipBoxes_DM.jpg
[61641:0728/053352.288535:VERBOSE1:net/base/network_delegate.cc:38] NetworkDelegate::NotifyBeforeURLRequest: https://webglsamples.org/aquarium/assets/SunknShipDeck_NM.png
[61641:0728/053352.288766:VERBOSE1:net/base/network_delegate.cc:38] NetworkDelegate::NotifyBeforeURLRequest: https://webglsamples.org/aquarium/assets/SunknShipDeck_DM.jpg
[61641:0728/053352.288916:VERBOSE1:net/base/network_delegate.cc:38] NetworkDelegate::NotifyBeforeURLRequest: https://webglsamples.org/aquarium/assets/SunknShipHull_NM.png
[61641:0728/053352.289054:VERBOSE1:net/base/network_delegate.cc:38] NetworkDelegate::NotifyBeforeURLRequest: https://webglsamples.org/aquarium/assets/SunknShipHull_DM.jpg
[61600:0728/053352.292531:INFO:CONSOLE:55] "assets/SunknSub.js: normalMap", source: https://webglsamples.org/tdl/log.js (55)
[61600:0728/053352.294829:INFO:CONSOLE:55] "assets/SunknSub.js: normalMap", source: https://webglsamples.org/tdl/log.js (55)
[61600:0728/053352.298799:INFO:CONSOLE:55] "assets/SupportBeams.js: diffuse", source: https://webglsamples.org/tdl/log.js (55)
[61641:0728/053352.301386:VERBOSE1:net/base/network_delegate.cc:38] NetworkDelegate::NotifyBeforeURLRequest: https://webglsamples.org/aquarium/assets/SunknSubDetail_NM.png
[61641:0728/053352.301679:VERBOSE1:net/base/network_delegate.cc:38] NetworkDelegate::NotifyBeforeURLRequest: https://webglsamples.org/aquarium/assets/SunknSubDetail_DM.jpg
[61641:0728/053352.301895:VERBOSE1:net/base/network_delegate.cc:38] NetworkDelegate::NotifyBeforeURLRequest: https://webglsamples.org/aquarium/assets/SunknSubHull_NM.png
[61641:0728/053352.302199:VERBOSE1:net/base/network_delegate.cc:38] NetworkDelegate::NotifyBeforeURLRequest: https://webglsamples.org/aquarium/assets/SunknSubHull_DM.jpg
[61641:0728/053352.318260:VERBOSE1:net/base/network_delegate.cc:38] NetworkDelegate::NotifyBeforeURLRequest: https://webglsamples.org/aquarium/assets/BaseSupport_DM.jpg
[61640:0728/053352.326647:ERROR:ui/gl/angle_platform_impl.cc:47] mtl_command_buffer.mm:693 (onCommandBufferCompleted): Completed MTLCommandBuffer failed, and error is Internal Error (00000103:Internal Error)
#### MTL-LIB-SOURCE in #23 pid=61640 device=AGXG13GFamilyDevice sourceLength=8194 sourceUTF8Length=8194 sourceHash=e4068ee59a768ea1 optionsClass=MTLCompileOptionsInternal languageVersion=196608 libraryType=0 fastMath=1 optimizationLevel=0 prefix=\n\n#include <metal_stdlib>\n\n#define ANGLE_ALWAYS_INLINE __attribute__((always_inline))\n\nANGLE_ALWAYS_INLINE int ANGLE_int_clamp(int value, int minValue, int maxValue)\n{\n    return ((value < minValue) ?  minValue : ((value > maxValue) ? maxVa
#### MTL-LIB-SOURCE in #24 pid=61640 device=AGXG13GFamilyDevice sourceLength=11095 sourceUTF8Length=11095 sourceHash=82f99b0532750c10 optionsClass=MTLCompileOptionsInternal languageVersion=196608 libraryType=0 fastMath=1 optimizationLevel=0 prefix=\n\n#include <metal_stdlib>\n\n#define ANGLE_ALWAYS_INLINE __attribute__((always_inline))\n\nANGLE_ALWAYS_INLINE int ANGLE_int_clamp(int value, int minValue, int maxValue)\n{\n    return ((value < minValue) ?  minValue : ((value > maxValue) ? maxVa
#### MTL-LIB-SOURCE out #23 sourceHash=e4068ee59a768ea1 library=0x600027580 class=_MTLLibrary errorDomain=(nil) errorCode=0 description=(nil) userInfo=(nil)
#### MTL-LIB-SOURCE out #24 sourceHash=82f99b0532750c10 library=0x600c46540 class=_MTLLibrary errorDomain=(nil) errorCode=0 description=(nil) userInfo=(nil)
[61600:0728/053352.340666:INFO:CONSOLE:55] "assets/SeaweedA.js: custom", source: https://webglsamples.org/tdl/log.js (55)
[61641:0728/053352.341363:VERBOSE1:net/base/network_delegate.cc:38] NetworkDelegate::NotifyBeforeURLRequest: https://webglsamples.org/aquarium/assets/Seeweeds.png
[61600:0728/053352.372138:INFO:CONSOLE:55] "assets/SeaweedB.js: custom", source: https://webglsamples.org/tdl/log.js (55)
[61600:0728/053352.372342:INFO:CONSOLE:55] "assets/TreasureChest.js: normalMap", source: https://webglsamples.org/tdl/log.js (55)
[61640:0728/053352.373667:ERROR:ui/gl/angle_platform_impl.cc:47] mtl_command_buffer.mm:693 (onCommandBufferCompleted): Completed MTLCommandBuffer failed, and error is Internal Error (00000103:Internal Error)
[61641:0728/053352.373843:VERBOSE1:net/base/network_delegate.cc:38] NetworkDelegate::NotifyBeforeURLRequest: https://webglsamples.org/aquarium/assets/Chest_NM.png
[61641:0728/053352.374002:VERBOSE1:net/base/network_delegate.cc:38] NetworkDelegate::NotifyBeforeURLRequest: https://webglsamples.org/aquarium/assets/Chest_DM.jpg
#### AGXIOC Method sel=0x18->0x18 inCnt=0 inSC=0 outSC=0 -> 0xe00002c2
#### MACWS-NEW-EVENT #4 original=nil sharedEvent=0x600c47cb0 class=_MTLSharedEvent device=0x600232000 deviceClass=AGXG13GFamilyDevice
[61640:0728/053352.382530:ERROR:ui/gl/angle_platform_impl.cc:47] mtl_command_buffer.mm:693 (onCommandBufferCompleted): Completed MTLCommandBuffer failed, and error is Internal Error (00000103:Internal Error)
[61640:0728/053352.382728:ERROR:ui/gl/angle_platform_impl.cc:47] mtl_command_buffer.mm:693 (onCommandBufferCompleted): Completed MTLCommandBuffer failed, and error is Internal Error (00000103:Internal Error)
[61640:0728/053352.382829:ERROR:ui/gl/angle_platform_impl.cc:47] mtl_command_buffer.mm:693 (onCommandBufferCompleted): Completed MTLCommandBuffer failed, and error is Internal Error (00000103:Internal Error)
[61640:0728/053352.382913:ERROR:ui/gl/angle_platform_impl.cc:47] mtl_command_buffer.mm:693 (onCommandBufferCompleted): Completed MTLCommandBuffer failed, and error is Internal Error (00000103:Internal Error)
[61640:0728/053352.382990:ERROR:ui/gl/angle_platform_impl.cc:47] mtl_command_buffer.mm:693 (onCommandBufferCompleted): Completed MTLCommandBuffer failed, and error is Internal Error (00000103:Internal Error)
[61600:0728/053352.383466:INFO:CONSOLE:55] "loaded image: assets/GlobeOuter_EM_positive_x.jpg", source: https://webglsamples.org/tdl/log.js (55)
[61600:0728/053352.383538:INFO:CONSOLE:55] "loaded image: assets/GlobeOuter_EM_negative_x.jpg", source: https://webglsamples.org/tdl/log.js (55)
[61600:0728/053352.383586:INFO:CONSOLE:55] "loaded image: assets/GlobeOuter_EM_positive_y.jpg", source: https://webglsamples.org/tdl/log.js (55)
[61600:0728/053352.383632:INFO:CONSOLE:55] "loaded image: assets/GlobeOuter_EM_negative_y.jpg", source: https://webglsamples.org/tdl/log.js (55)
[61600:0728/053352.383677:INFO:CONSOLE:55] "loaded image: assets/GlobeOuter_EM_positive_z.jpg", source: https://webglsamples.org/tdl/log.js (55)
[61600:0728/053352.383723:INFO:CONSOLE:55] "loaded image: assets/GlobeOuter_EM_negative_z.jpg", source: https://webglsamples.org/tdl/log.js (55)
[61640:0728/053352.384455:ERROR:ui/gl/angle_platform_impl.cc:47] mtl_command_buffer.mm:693 (onCommandBufferCompleted): Completed MTLCommandBuffer failed, and error is Internal Error (00000102:Internal Error)
#### MTL_TEX POOL-NEW: key=16x16-pf70-bpe4-fcc1380401729 → IOSurface=0x600a97440 (bpr=128 alloc=16 KB, map=EXPLICIT)
#### TRACE -[AGXBuffer initUntracked] self=0x601093600 dev=0x600232000 len=1536 opt=0 -> 0x601093600
#### TRACE -[AGXBuffer initUntracked] self=0x600b2d200 dev=0x600232000 len=1536 opt=0 -> 0x600b2d200
#### TRACE -[AGXBuffer initUntracked] self=0x600251f80 dev=0x600232000 len=256 opt=0 -> 0x600251f80
#### MTL_TEX POOL-NEW: key=32x32-pf70-bpe4-fcc1380401729 → IOSurface=0x600a95da0 (bpr=128 alloc=16 KB, map=EXPLICIT)
#### MTL_TEX POOL-NEW: key=128x512-pf70-bpe4-fcc1380401729 → IOSurface=0x600a966a0 (bpr=512 alloc=256 KB, map=EXPLICIT)
#### MTL_TEX POOL-NEW: key=128x32-pf70-bpe4-fcc1380401729 → IOSurface=0x600a96d00 (bpr=512 alloc=16 KB, map=EXPLICIT)
#### MTL_TEX POOL-NEW: key=512x512-pf70-bpe4-fcc1380401729 → IOSurface=0x600a97e40 (bpr=2048 alloc=1024 KB, map=EXPLICIT)
#### MTL_TEX plain NON-2D: texType=5 → downgrading to 2D (IOSurface backing is 2D-only; native AGXTexture init's cascade returns a corrupt non-2D texture that SIGSEGVs in setFragmentTexture). The result is a real bindable 2D AGXG13GFamilyTexture; CA's placeholder bind needs a non-nil tex but doesn't actually sample it.
#### MTL_TEX POOL-NEW: key=256x128-pf70-bpe4-fcc1380401729 → IOSurface=0x600a969a0 (bpr=1024 alloc=128 KB, map=EXPLICIT)
#### MTL_TEX POOL-NEW: key=512x256-pf70-bpe4-fcc1380401729 → IOSurface=0x600a97860 (bpr=2048 alloc=512 KB, map=EXPLICIT)
[61640:0728/053352.473716:ERROR:ui/gl/angle_platform_impl.cc:47] mtl_command_buffer.mm:693 (onCommandBufferCompleted): Completed MTLCommandBuffer failed, and error is Internal Error (00000103:Internal Error)
[61640:0728/053352.477101:ERROR:ui/gl/angle_platform_impl.cc:47] mtl_command_buffer.mm:693 (onCommandBufferCompleted): Completed MTLCommandBuffer failed, and error is Internal Error (00000103:Internal Error)
#### AGXIOC Method sel=0x18->0x18 inCnt=0 inSC=0 outSC=0 -> 0xe00002c2
#### MACWS-NEW-EVENT #5 original=nil sharedEvent=0x600c45b40 class=_MTLSharedEvent device=0x600232000 deviceClass=AGXG13GFamilyDevice
[61640:0728/053352.585163:ERROR:ui/gl/angle_platform_impl.cc:47] mtl_command_buffer.mm:693 (onCommandBufferCompleted): Completed MTLCommandBuffer failed, and error is Internal Error (00000103:Internal Error)
[61640:0728/053352.586332:ERROR:ui/gl/angle_platform_impl.cc:47] mtl_command_buffer.mm:693 (onCommandBufferCompleted): Completed MTLCommandBuffer failed, and error is Internal Error (00000103:Internal Error)
[61640:0728/053352.623794:ERROR:ui/gl/angle_platform_impl.cc:47] mtl_command_buffer.mm:693 (onCommandBufferCompleted): Completed MTLCommandBuffer failed, and error is Internal Error (00000102:Internal Error)
#### AGXIOC Method sel=0x18->0x18 inCnt=0 inSC=0 outSC=0 -> 0xe00002c2
#### MACWS-NEW-EVENT #6 original=nil sharedEvent=0x600c48de0 class=_MTLSharedEvent device=0x600232000 deviceClass=AGXG13GFamilyDevice
#### MTL_TEX POOL-NEW: key=256x256-pf70-bpe4-fcc1380401729 → IOSurface=0x600a98680 (bpr=1024 alloc=256 KB, map=EXPLICIT)
[61640:0728/053352.627006:ERROR:ui/gl/angle_platform_impl.cc:47] mtl_command_buffer.mm:693 (onCommandBufferCompleted): Completed MTLCommandBuffer failed, and error is Internal Error (00000103:Internal Error)
#### MTL_TEX POOL-NEW: key=128x128-pf70-bpe4-fcc1380401729 → IOSurface=0x600a959a0 (bpr=512 alloc=64 KB, map=EXPLICIT)
#### AGX_LIFE CREATE id=0x139 type=0 surf=0 bytes=0x40000 kr=0 okC=500 failC=0 okD=150 failD=0 unmatchedD=0 full=0 live=349/59MB [t0=319/19MB t80=0/0MB t82=30/40MB]
#### MTL_TEX POOL-NEW: key=1024x1024-pf70-bpe4-fcc1380401729 → IOSurface=0x600a98800 (bpr=4096 alloc=4096 KB, map=EXPLICIT)
#### AGXIOC Method sel=0x18->0x18 inCnt=0 inSC=0 outSC=0 -> 0xe00002c2
#### MACWS-NEW-EVENT #7 original=nil sharedEvent=0x600c495b0 class=_MTLSharedEvent device=0x600232000 deviceClass=AGXG13GFamilyDevice
[61640:0728/053352.695954:ERROR:ui/gl/angle_platform_impl.cc:47] mtl_command_buffer.mm:693 (onCommandBufferCompleted): Completed MTLCommandBuffer failed, and error is Internal Error (00000103:Internal Error)
[61640:0728/053352.696812:ERROR:ui/gl/angle_platform_impl.cc:47] mtl_command_buffer.mm:693 (onCommandBufferCompleted): Completed MTLCommandBuffer failed, and error is Internal Error (00000103:Internal Error)
[61640:0728/053352.696909:ERROR:ui/gl/angle_platform_impl.cc:47] mtl_command_buffer.mm:693 (onCommandBufferCompleted): Completed MTLCommandBuffer failed, and error is Internal Error (00000103:Internal Error)
[61640:0728/053352.741591:ERROR:ui/gl/angle_platform_impl.cc:47] mtl_command_buffer.mm:693 (onCommandBufferCompleted): Completed MTLCommandBuffer failed, and error is Internal Error (00000102:Internal Error)
#### MTL_TEX POOL-NEW: key=1024x128-pf70-bpe4-fcc1380401729 → IOSurface=0x600a98980 (bpr=4096 alloc=512 KB, map=EXPLICIT)
#### MTL_TEX POOL-NEW: key=64x256-pf70-bpe4-fcc1380401729 → IOSurface=0x600a988e0 (bpr=256 alloc=64 KB, map=EXPLICIT)
[61640:0728/053352.782760:ERROR:ui/gl/angle_platform_impl.cc:47] mtl_command_buffer.mm:693 (onCommandBufferCompleted): Completed MTLCommandBuffer failed, and error is Internal Error (00000103:Internal Error)
#### AGXIOC heap map #500 clientID 0x40000 -> resourceID 0x139 size 0x40000
#### MTL_TEX POOL-NEW: key=128x256-pf70-bpe4-fcc1380401729 → IOSurface=0x600a97f60 (bpr=512 alloc=128 KB, map=EXPLICIT)
[61640:0728/053352.818043:ERROR:ui/gl/angle_platform_impl.cc:47] mtl_command_buffer.mm:693 (onCommandBufferCompleted): Completed MTLCommandBuffer failed, and error is Internal Error (00000103:Internal Error)
[61640:0728/053352.818836:ERROR:ui/gl/angle_platform_impl.cc:47] mtl_command_buffer.mm:693 (onCommandBufferCompleted): Completed MTLCommandBuffer failed, and error is Internal Error (00000103:Internal Error)
[61640:0728/053352.889781:ERROR:ui/gl/angle_platform_impl.cc:47] mtl_command_buffer.mm:693 (onCommandBufferCompleted): Completed MTLCommandBuffer failed, and error is Internal Error (00000102:Internal Error)
#### AGXIOC Method sel=0x18->0x18 inCnt=0 inSC=0 outSC=0 -> 0xe00002c2
#### MACWS-NEW-EVENT #8 original=nil sharedEvent=0x600c494c0 class=_MTLSharedEvent device=0x600232000 deviceClass=AGXG13GFamilyDevice
[61640:0728/053352.941452:ERROR:ui/gl/angle_platform_impl.cc:47] mtl_command_buffer.mm:693 (onCommandBufferCompleted): Completed MTLCommandBuffer failed, and error is Internal Error (00000103:Internal Error)
[61640:0728/053352.943011:ERROR:ui/gl/angle_platform_impl.cc:47] mtl_command_buffer.mm:693 (onCommandBufferCompleted): Completed MTLCommandBuffer failed, and error is Internal Error (00000102:Internal Error)
#### AGXIOC Method sel=0x18->0x18 inCnt=0 inSC=0 outSC=0 -> 0xe00002c2
#### MACWS-NEW-EVENT #9 original=nil sharedEvent=0x600c491a0 class=_MTLSharedEvent device=0x600232000 deviceClass=AGXG13GFamilyDevice
[61640:0728/053352.981563:ERROR:ui/gl/angle_platform_impl.cc:47] mtl_command_buffer.mm:693 (onCommandBufferCompleted): Completed MTLCommandBuffer failed, and error is Internal Error (00000103:Internal Error)
[61640:0728/053352.981924:ERROR:ui/gl/angle_platform_impl.cc:47] mtl_command_buffer.mm:693 (onCommandBufferCompleted): Completed MTLCommandBuffer failed, and error is Internal Error (00000103:Internal Error)
[61640:0728/053353.039354:ERROR:ui/gl/angle_platform_impl.cc:47] mtl_command_buffer.mm:693 (onCommandBufferCompleted): Completed MTLCommandBuffer failed, and error is Internal Error (00000103:Internal Error)
#### AGXIOC Method sel=0x18->0x18 inCnt=0 inSC=0 outSC=0 -> 0xe00002c2
#### MACWS-NEW-EVENT #10 original=nil sharedEvent=0x600c496f0 class=_MTLSharedEvent device=0x600232000 deviceClass=AGXG13GFamilyDevice
[61640:0728/053353.041273:ERROR:ui/gl/angle_platform_impl.cc:47] mtl_command_buffer.mm:693 (onCommandBufferCompleted): Completed MTLCommandBuffer failed, and error is Internal Error (00000102:Internal Error)
[61640:0728/053353.068759:ERROR:ui/gl/angle_platform_impl.cc:47] mtl_command_buffer.mm:693 (onCommandBufferCompleted): Completed MTLCommandBuffer failed, and error is Internal Error (00000102:Internal Error)
[61640:0728/053353.069808:ERROR:ui/gl/angle_platform_impl.cc:47] mtl_command_buffer.mm:693 (onCommandBufferCompleted): Completed MTLCommandBuffer failed, and error is Internal Error (00000103:Internal Error)
[61640:0728/053353.069980:ERROR:ui/gl/angle_platform_impl.cc:47] mtl_command_buffer.mm:693 (onCommandBufferCompleted): Completed MTLCommandBuffer failed, and error is Internal Error (00000103:Internal Error)
[61640:0728/053353.070322:ERROR:ui/gl/angle_platform_impl.cc:47] mtl_command_buffer.mm:693 (onCommandBufferCompleted): Completed MTLCommandBuffer failed, and error is Internal Error (00000102:Internal Error)
[61640:0728/053353.070428:ERROR:ui/gl/angle_platform_impl.cc:47] mtl_command_buffer.mm:693 (onCommandBufferCompleted): Completed MTLCommandBuffer failed, and error is Internal Error (00000102:Internal Error)
[61640:0728/053353.073609:ERROR:ui/gl/angle_platform_impl.cc:47] mtl_command_buffer.mm:693 (onCommandBufferCompleted): Completed MTLCommandBuffer failed, and error is Internal Error (00000103:Internal Error)
[61640:0728/053353.073952:ERROR:ui/gl/angle_platform_impl.cc:47] mtl_command_buffer.mm:693 (onCommandBufferCompleted): Completed MTLCommandBuffer failed, and error is Internal Error (00000102:Internal Error)
[61640:0728/053353.074032:ERROR:ui/gl/angle_platform_impl.cc:47] mtl_command_buffer.mm:693 (onCommandBufferCompleted): Completed MTLCommandBuffer failed, and error is Internal Error (00000102:Internal Error)
[61640:0728/053353.074353:ERROR:ui/gl/angle_platform_impl.cc:47] mtl_command_buffer.mm:693 (onCommandBufferCompleted): Completed MTLCommandBuffer failed, and error is Internal Error (00000103:Internal Error)
[61640:0728/053353.074704:ERROR:ui/gl/angle_platform_impl.cc:47] mtl_command_buffer.mm:693 (onCommandBufferCompleted): Completed MTLCommandBuffer failed, and error is Internal Error (00000102:Internal Error)
[61640:0728/053353.075693:ERROR:ui/gl/angle_platform_impl.cc:47] mtl_command_buffer.mm:693 (onCommandBufferCompleted): Completed MTLCommandBuffer failed, and error is Internal Error (00000102:Internal Error)
[61640:0728/053353.119098:ERROR:ui/gl/angle_platform_impl.cc:47] mtl_command_buffer.mm:693 (onCommandBufferCompleted): Completed MTLCommandBuffer failed, and error is Internal Error (00000102:Internal Error)
[61640:0728/053353.120741:ERROR:ui/gl/angle_platform_impl.cc:47] mtl_command_buffer.mm:693 (onCommandBufferCompleted): Completed MTLCommandBuffer failed, and error is Internal Error (00000103:Internal Error)
[61640:0728/053353.225657:ERROR:ui/gl/angle_platform_impl.cc:47] mtl_command_buffer.mm:693 (onCommandBufferCompleted): Completed MTLCommandBuffer failed, and error is Internal Error (00000102:Internal Error)
[61640:0728/053353.227163:ERROR:ui/gl/angle_platform_impl.cc:47] mtl_command_buffer.mm:693 (onCommandBufferCompleted): Completed MTLCommandBuffer failed, and error is Internal Error (00000103:Internal Error)
[61640:0728/053353.333253:ERROR:ui/gl/angle_platform_impl.cc:47] mtl_command_buffer.mm:693 (onCommandBufferCompleted): Completed MTLCommandBuffer failed, and error is Internal Error (00000102:Internal Error)
[61640:0728/053353.335050:ERROR:ui/gl/angle_platform_impl.cc:47] mtl_command_buffer.mm:693 (onCommandBufferCompleted): Completed MTLCommandBuffer failed, and error is Internal Error (00000103:Internal Error)
[61640:0728/053353.435316:ERROR:ui/gl/angle_platform_impl.cc:47] mtl_command_buffer.mm:693 (onCommandBufferCompleted): Completed MTLCommandBuffer failed, and error is Internal Error (00000102:Internal Error)
[61640:0728/053353.436946:ERROR:ui/gl/angle_platform_impl.cc:47] mtl_command_buffer.mm:693 (onCommandBufferCompleted): Completed MTLCommandBuffer failed, and error is Internal Error (00000102:Internal Error)
[61640:0728/053353.518996:ERROR:ui/gl/angle_platform_impl.cc:47] mtl_command_buffer.mm:693 (onCommandBufferCompleted): Completed MTLCommandBuffer failed, and error is Internal Error (00000102:Internal Error)
[61640:0728/053353.520067:ERROR:ui/gl/angle_platform_impl.cc:47] mtl_command_buffer.mm:693 (onCommandBufferCompleted): Completed MTLCommandBuffer failed, and error is Internal Error (00000103:Internal Error)
[61640:0728/053353.624928:ERROR:ui/gl/angle_platform_impl.cc:47] mtl_command_buffer.mm:693 (onCommandBufferCompleted): Completed MTLCommandBuffer failed, and error is Internal Error (00000102:Internal Error)
[61640:0728/053353.625876:ERROR:ui/gl/angle_platform_impl.cc:47] mtl_command_buffer.mm:693 (onCommandBufferCompleted): Completed MTLCommandBuffer failed, and error is Internal Error (00000103:Internal Error)
[61640:0728/053353.638496:ERROR:ui/gl/angle_platform_impl.cc:47] mtl_command_buffer.mm:693 (onCommandBufferCompleted): Completed MTLCommandBuffer failed, and error is Internal Error (00000102:Internal Error)
[61640:0728/053353.639783:ERROR:ui/gl/angle_platform_impl.cc:47] mtl_command_buffer.mm:693 (onCommandBufferCompleted): Completed MTLCommandBuffer failed, and error is Internal Error (00000102:Internal Error)
[61640:0728/053353.668877:ERROR:ui/gl/angle_platform_impl.cc:47] mtl_command_buffer.mm:693 (onCommandBufferCompleted): Completed MTLCommandBuffer failed, and error is Internal Error (00000102:Internal Error)
[61640:0728/053353.669668:ERROR:ui/gl/angle_platform_impl.cc:47] mtl_command_buffer.mm:693 (onCommandBufferCompleted): Completed MTLCommandBuffer failed, and error is Internal Error (00000102:Internal Error)
[61640:0728/053353.768966:ERROR:ui/gl/angle_platform_impl.cc:47] mtl_command_buffer.mm:693 (onCommandBufferCompleted): Completed MTLCommandBuffer failed, and error is Internal Error (00000102:Internal Error)
[61640:0728/053353.770368:ERROR:ui/gl/angle_platform_impl.cc:47] mtl_command_buffer.mm:693 (onCommandBufferCompleted): Completed MTLCommandBuffer failed, and error is Internal Error (00000102:Internal Error)
[61640:0728/053353.818762:ERROR:ui/gl/angle_platform_impl.cc:47] mtl_command_buffer.mm:693 (onCommandBufferCompleted): Completed MTLCommandBuffer failed, and error is Internal Error (00000102:Internal Error)
[61640:0728/053353.868762:ERROR:ui/gl/angle_platform_impl.cc:47] mtl_command_buffer.mm:693 (onCommandBufferCompleted): Completed MTLCommandBuffer failed, and error is Internal Error (00000102:Internal Error)
[61640:0728/053353.935088:ERROR:ui/gl/angle_platform_impl.cc:47] mtl_command_buffer.mm:693 (onCommandBufferCompleted): Completed MTLCommandBuffer failed, and error is Internal Error (00000102:Internal Error)
[61640:0728/053353.935894:ERROR:ui/gl/angle_platform_impl.cc:47] mtl_command_buffer.mm:693 (onCommandBufferCompleted): Completed MTLCommandBuffer failed, and error is Internal Error (00000102:Internal Error)
[61640:0728/053354.041749:ERROR:ui/gl/angle_platform_impl.cc:47] mtl_command_buffer.mm:693 (onCommandBufferCompleted): Completed MTLCommandBuffer failed, and error is Internal Error (00000102:Internal Error)
[61640:0728/053354.042900:ERROR:ui/gl/angle_platform_impl.cc:47] mtl_command_buffer.mm:693 (onCommandBufferCompleted): Completed MTLCommandBuffer failed, and error is Internal Error (00000103:Internal Error)
[61640:0728/053354.069179:ERROR:ui/gl/angle_platform_impl.cc:47] mtl_command_buffer.mm:693 (onCommandBufferCompleted): Completed MTLCommandBuffer failed, and error is Internal Error (00000102:Internal Error)
[61640:0728/053354.070135:ERROR:ui/gl/angle_platform_impl.cc:47] mtl_command_buffer.mm:693 (onCommandBufferCompleted): Completed MTLCommandBuffer failed, and error is Internal Error (00000102:Internal Error)
[61640:0728/053354.085888:ERROR:ui/gl/angle_platform_impl.cc:47] mtl_command_buffer.mm:693 (onCommandBufferCompleted): Completed MTLCommandBuffer failed, and error is Internal Error (00000102:Internal Error)
[61640:0728/053354.086644:ERROR:ui/gl/angle_platform_impl.cc:47] mtl_command_buffer.mm:693 (onCommandBufferCompleted): Completed MTLCommandBuffer failed, and error is Internal Error (00000102:Internal Error)
[61640:0728/053354.185596:ERROR:ui/gl/angle_platform_impl.cc:47] mtl_command_buffer.mm:693 (onCommandBufferCompleted): Completed MTLCommandBuffer failed, and error is Internal Error (00000102:Internal Error)
[61640:0728/053354.189344:ERROR:ui/gl/angle_platform_impl.cc:47] mtl_command_buffer.mm:693 (onCommandBufferCompleted): Completed MTLCommandBuffer failed, and error is Internal Error (00000102:Internal Error)
[61640:0728/053354.218970:ERROR:ui/gl/angle_platform_impl.cc:47] mtl_command_buffer.mm:693 (onCommandBufferCompleted): Completed MTLCommandBuffer failed, and error is Internal Error (00000102:Internal Error)
[61640:0728/053354.219765:ERROR:ui/gl/angle_platform_impl.cc:47] mtl_command_buffer.mm:693 (onCommandBufferCompleted): Completed MTLCommandBuffer failed, and error is Internal Error (00000102:Internal Error)
[61640:0728/053354.269055:ERROR:ui/gl/angle_platform_impl.cc:47] mtl_command_buffer.mm:693 (onCommandBufferCompleted): Completed MTLCommandBuffer failed, and error is Internal Error (00000102:Internal Error)
[61640:0728/053354.269853:ERROR:ui/gl/angle_platform_impl.cc:47] mtl_command_buffer.mm:693 (onCommandBufferCompleted): Completed MTLCommandBuffer failed, and error is Internal Error (00000102:Internal Error)
[61640:0728/053354.364759:ERROR:ui/gl/angle_platform_impl.cc:47] mtl_command_buffer.mm:693 (onCommandBufferCompleted): Completed MTLCommandBuffer failed, and error is Internal Error (00000102:Internal Error)
[61640:0728/053354.366205:ERROR:ui/gl/angle_platform_impl.cc:47] mtl_command_buffer.mm:693 (onCommandBufferCompleted): Completed MTLCommandBuffer failed, and error is Internal Error (00000102:Internal Error)
[61640:0728/053354.366638:ERROR:ui/gl/angle_platform_impl.cc:47] mtl_command_buffer.mm:693 (onCommandBufferCompleted): Completed MTLCommandBuffer failed, and error is Internal Error (00000102:Internal Error)
[61640:0728/053354.447973:ERROR:ui/gl/angle_platform_impl.cc:47] mtl_command_buffer.mm:693 (onCommandBufferCompleted): Completed MTLCommandBuffer failed, and error is Internal Error (00000102:Internal Error)
[61640:0728/053354.448771:ERROR:ui/gl/angle_platform_impl.cc:47] mtl_command_buffer.mm:693 (onCommandBufferCompleted): Completed MTLCommandBuffer failed, and error is Internal Error (00000102:Internal Error)
[61640:0728/053354.498805:ERROR:ui/gl/angle_platform_impl.cc:47] mtl_command_buffer.mm:693 (onCommandBufferCompleted): Completed MTLCommandBuffer failed, and error is Internal Error (00000102:Internal Error)
[61640:0728/053354.499784:ERROR:ui/gl/angle_platform_impl.cc:47] mtl_command_buffer.mm:693 (onCommandBufferCompleted): Completed MTLCommandBuffer failed, and error is Internal Error (00000103:Internal Error)
[61640:0728/053354.598784:ERROR:ui/gl/angle_platform_impl.cc:47] mtl_command_buffer.mm:693 (onCommandBufferCompleted): Completed MTLCommandBuffer failed, and error is Internal Error (00000102:Internal Error)
[61640:0728/053354.599588:ERROR:ui/gl/angle_platform_impl.cc:47] mtl_command_buffer.mm:693 (onCommandBufferCompleted): Completed MTLCommandBuffer failed, and error is Internal Error (00000102:Internal Error)
[61640:0728/053354.710195:ERROR:ui/gl/angle_platform_impl.cc:47] mtl_command_buffer.mm:693 (onCommandBufferCompleted): Completed MTLCommandBuffer failed, and error is Internal Error (00000102:Internal Error)
[61640:0728/053354.711066:ERROR:ui/gl/angle_platform_impl.cc:47] mtl_command_buffer.mm:693 (onCommandBufferCompleted): Completed MTLCommandBuffer failed, and error is Internal Error (00000102:Internal Error)
[61640:0728/053354.814875:ERROR:ui/gl/angle_platform_impl.cc:47] mtl_command_buffer.mm:693 (onCommandBufferCompleted): Completed MTLCommandBuffer failed, and error is Internal Error (00000102:Internal Error)
[61640:0728/053354.816322:ERROR:ui/gl/angle_platform_impl.cc:47] mtl_command_buffer.mm:693 (onCommandBufferCompleted): Completed MTLCommandBuffer failed, and error is Internal Error (00000102:Internal Error)
[61640:0728/053354.816732:ERROR:ui/gl/angle_platform_impl.cc:47] mtl_command_buffer.mm:693 (onCommandBufferCompleted): Completed MTLCommandBuffer failed, and error is Internal Error (00000102:Internal Error)
[61640:0728/053354.820244:ERROR:ui/gl/angle_platform_impl.cc:47] mtl_command_buffer.mm:693 (onCommandBufferCompleted): Completed MTLCommandBuffer failed, and error is Internal Error (00000102:Internal Error)
[61640:0728/053354.820988:ERROR:ui/gl/angle_platform_impl.cc:47] mtl_command_buffer.mm:693 (onCommandBufferCompleted): Completed MTLCommandBuffer failed, and error is Internal Error (00000102:Internal Error)
[61640:0728/053354.866367:ERROR:ui/gl/angle_platform_impl.cc:47] mtl_command_buffer.mm:693 (onCommandBufferCompleted): Completed MTLCommandBuffer failed, and error is Internal Error (00000102:Internal Error)
[61640:0728/053354.867208:ERROR:ui/gl/angle_platform_impl.cc:47] mtl_command_buffer.mm:693 (onCommandBufferCompleted): Completed MTLCommandBuffer failed, and error is Internal Error (00000102:Internal Error)
[61640:0728/053354.914340:ERROR:ui/gl/angle_platform_impl.cc:47] mtl_command_buffer.mm:693 (onCommandBufferCompleted): Completed MTLCommandBuffer failed, and error is Internal Error (00000102:Internal Error)
[61640:0728/053354.915754:ERROR:ui/gl/angle_platform_impl.cc:47] mtl_command_buffer.mm:693 (onCommandBufferCompleted): Completed MTLCommandBuffer failed, and error is Internal Error (00000102:Internal Error)
[61640:0728/053354.916398:ERROR:ui/gl/angle_platform_impl.cc:47] mtl_command_buffer.mm:693 (onCommandBufferCompleted): Completed MTLCommandBuffer failed, and error is Internal Error (00000102:Internal Error)
[61640:0728/053355.014763:ERROR:ui/gl/angle_platform_impl.cc:47] mtl_command_buffer.mm:693 (onCommandBufferCompleted): Completed MTLCommandBuffer failed, and error is Internal Error (00000102:Internal Error)
[61640:0728/053355.016443:ERROR:ui/gl/angle_platform_impl.cc:47] mtl_command_buffer.mm:693 (onCommandBufferCompleted): Completed MTLCommandBuffer failed, and error is Internal Error (00000102:Internal Error)
[61640:0728/053355.119299:ERROR:ui/gl/angle_platform_impl.cc:47] mtl_command_buffer.mm:693 (onCommandBufferCompleted): Completed MTLCommandBuffer failed, and error is Internal Error (00000102:Internal Error)
[61640:0728/053355.120167:ERROR:ui/gl/angle_platform_impl.cc:47] mtl_command_buffer.mm:693 (onCommandBufferCompleted): Completed MTLCommandBuffer failed, and error is Internal Error (00000102:Internal Error)
[61640:0728/053355.201799:ERROR:ui/gl/angle_platform_impl.cc:47] mtl_command_buffer.mm:693 (onCommandBufferCompleted): Completed MTLCommandBuffer failed, and error is Internal Error (00000102:Internal Error)
[61640:0728/053355.202688:ERROR:ui/gl/angle_platform_impl.cc:47] mtl_command_buffer.mm:693 (onCommandBufferCompleted): Completed MTLCommandBuffer failed, and error is Internal Error (00000102:Internal Error)
[61640:0728/053355.307427:ERROR:ui/gl/angle_platform_impl.cc:47] mtl_command_buffer.mm:693 (onCommandBufferCompleted): Completed MTLCommandBuffer failed, and error is Internal Error (00000102:Internal Error)
[61640:0728/053355.308168:ERROR:ui/gl/angle_platform_impl.cc:47] mtl_command_buffer.mm:693 (onCommandBufferCompleted): Completed MTLCommandBuffer failed, and error is Internal Error (00000102:Internal Error)
[61640:0728/053355.365892:ERROR:ui/gl/angle_platform_impl.cc:47] mtl_command_buffer.mm:693 (onCommandBufferCompleted): Completed MTLCommandBuffer failed, and error is Internal Error (00000102:Internal Error)
[61640:0728/053355.367258:ERROR:ui/gl/angle_platform_impl.cc:47] mtl_command_buffer.mm:693 (onCommandBufferCompleted): Completed MTLCommandBuffer failed, and error is Internal Error (00000102:Internal Error)
[61640:0728/053355.449037:ERROR:ui/gl/angle_platform_impl.cc:47] mtl_command_buffer.mm:693 (onCommandBufferCompleted): Completed MTLCommandBuffer failed, and error is Internal Error (00000102:Internal Error)
[61640:0728/053355.449833:ERROR:ui/gl/angle_platform_impl.cc:47] mtl_command_buffer.mm:693 (onCommandBufferCompleted): Completed MTLCommandBuffer failed, and error is Internal Error (00000102:Internal Error)
[61640:0728/053355.549030:ERROR:ui/gl/angle_platform_impl.cc:47] mtl_command_buffer.mm:693 (onCommandBufferCompleted): Completed MTLCommandBuffer failed, and error is Internal Error (00000102:Internal Error)
[61640:0728/053355.549889:ERROR:ui/gl/angle_platform_impl.cc:47] mtl_command_buffer.mm:693 (onCommandBufferCompleted): Completed MTLCommandBuffer failed, and error is Internal Error (00000102:Internal Error)
[61640:0728/053355.563899:ERROR:ui/gl/angle_platform_impl.cc:47] mtl_command_buffer.mm:693 (onCommandBufferCompleted): Completed MTLCommandBuffer failed, and error is Internal Error (00000102:Internal Error)
[61640:0728/053355.565494:ERROR:ui/gl/angle_platform_impl.cc:47] mtl_command_buffer.mm:693 (onCommandBufferCompleted): Completed MTLCommandBuffer failed, and error is Internal Error (00000102:Internal Error)
[61640:0728/053355.569638:ERROR:ui/gl/angle_platform_impl.cc:47] mtl_command_buffer.mm:693 (onCommandBufferCompleted): Completed MTLCommandBuffer failed, and error is Internal Error (00000102:Internal Error)
[61640:0728/053355.570191:ERROR:ui/gl/angle_platform_impl.cc:47] mtl_command_buffer.mm:693 (onCommandBufferCompleted): Completed MTLCommandBuffer failed, and error is Internal Error (00000102:Internal Error)
[61640:0728/053355.598757:ERROR:ui/gl/angle_platform_impl.cc:47] mtl_command_buffer.mm:693 (onCommandBufferCompleted): Completed MTLCommandBuffer failed, and error is Internal Error (00000102:Internal Error)
[61640:0728/053355.599590:ERROR:ui/gl/angle_platform_impl.cc:47] mtl_command_buffer.mm:693 (onCommandBufferCompleted): Completed MTLCommandBuffer failed, and error is Internal Error (00000102:Internal Error)
[61640:0728/053355.698796:ERROR:ui/gl/angle_platform_impl.cc:47] mtl_command_buffer.mm:693 (onCommandBufferCompleted): Completed MTLCommandBuffer failed, and error is Internal Error (00000102:Internal Error)
[61640:0728/053355.699649:ERROR:ui/gl/angle_platform_impl.cc:47] mtl_command_buffer.mm:693 (onCommandBufferCompleted): Completed MTLCommandBuffer failed, and error is Internal Error (00000102:Internal Error)
[61640:0728/053355.810901:ERROR:ui/gl/angle_platform_impl.cc:47] mtl_command_buffer.mm:693 (onCommandBufferCompleted): Completed MTLCommandBuffer failed, and error is Internal Error (00000102:Internal Error)
[61640:0728/053355.811732:ERROR:ui/gl/angle_platform_impl.cc:47] mtl_command_buffer.mm:693 (onCommandBufferCompleted): Completed MTLCommandBuffer failed, and error is Internal Error (00000102:Internal Error)
[61640:0728/053355.848222:ERROR:ui/gl/angle_platform_impl.cc:47] mtl_command_buffer.mm:693 (onCommandBufferCompleted): Completed MTLCommandBuffer failed, and error is Internal Error (00000102:Internal Error)
[61640:0728/053355.864566:ERROR:ui/gl/angle_platform_impl.cc:47] mtl_command_buffer.mm:693 (onCommandBufferCompleted): Completed MTLCommandBuffer failed, and error is Internal Error (00000102:Internal Error)
[61640:0728/053355.867510:ERROR:ui/gl/angle_platform_impl.cc:47] mtl_command_buffer.mm:693 (onCommandBufferCompleted): Completed MTLCommandBuffer failed, and error is Internal Error (00000102:Internal Error)
[61640:0728/053355.948697:ERROR:ui/gl/angle_platform_impl.cc:47] mtl_command_buffer.mm:693 (onCommandBufferCompleted): Completed MTLCommandBuffer failed, and error is Internal Error (00000102:Internal Error)
[61640:0728/053355.949429:ERROR:ui/gl/angle_platform_impl.cc:47] mtl_command_buffer.mm:693 (onCommandBufferCompleted): Completed MTLCommandBuffer failed, and error is Internal Error (00000102:Internal Error)
[61640:0728/053356.061388:ERROR:ui/gl/angle_platform_impl.cc:47] mtl_command_buffer.mm:693 (onCommandBufferCompleted): Completed MTLCommandBuffer failed, and error is Internal Error (00000102:Internal Error)
[61640:0728/053356.062261:ERROR:ui/gl/angle_platform_impl.cc:47] mtl_command_buffer.mm:693 (onCommandBufferCompleted): Completed MTLCommandBuffer failed, and error is Internal Error (00000102:Internal Error)
[61600:0728/053356.148961:VERBOSE1:content/browser/renderer_host/media/media_stream_manager.cc:1515] MSPL::OnSuspend([this=0x6002133a8])
[61640:0728/053356.151232:ERROR:ui/gl/angle_platform_impl.cc:47] mtl_command_buffer.mm:693 (onCommandBufferCompleted): Completed MTLCommandBuffer failed, and error is Internal Error (00000102:Internal Error)
[61640:0728/053356.152261:ERROR:ui/gl/angle_platform_impl.cc:47] mtl_command_buffer.mm:693 (onCommandBufferCompleted): Completed MTLCommandBuffer failed, and error is Internal Error (00000102:Internal Error)
[61640:0728/053356.249072:ERROR:ui/gl/angle_platform_impl.cc:47] mtl_command_buffer.mm:693 (onCommandBufferCompleted): Completed MTLCommandBuffer failed, and error is Internal Error (00000102:Internal Error)
[61640:0728/053356.250046:ERROR:ui/gl/angle_platform_impl.cc:47] mtl_command_buffer.mm:693 (onCommandBufferCompleted): Completed MTLCommandBuffer failed, and error is Internal Error (00000102:Internal Error)
[61600:0728/053356.845020:VERBOSE1:content/browser/renderer_host/media/media_stream_manager.cc:1515] MSPL::OnResume([this=0x6002133a8])
[61640:0728/053356.850725:ERROR:ui/gl/angle_platform_impl.cc:47] mtl_command_buffer.mm:693 (onCommandBufferCompleted): Completed MTLCommandBuffer failed, and error is Internal Error (00000102:Internal Error)
[61640:0728/053356.852811:ERROR:ui/gl/angle_platform_impl.cc:47] mtl_command_buffer.mm:693 (onCommandBufferCompleted): Completed MTLCommandBuffer failed, and error is Internal Error (00000102:Internal Error)
[61640:0728/053356.923206:ERROR:ui/gl/angle_platform_impl.cc:47] mtl_command_buffer.mm:693 (onCommandBufferCompleted): Completed MTLCommandBuffer failed, and error is Internal Error (00000102:Internal Error)
[61640:0728/053356.925135:ERROR:ui/gl/angle_platform_impl.cc:47] mtl_command_buffer.mm:693 (onCommandBufferCompleted): Completed MTLCommandBuffer failed, and error is Internal Error (00000103:Internal Error)
[61640:0728/053356.978111:ERROR:ui/gl/angle_platform_impl.cc:47] mtl_command_buffer.mm:693 (onCommandBufferCompleted): Completed MTLCommandBuffer failed, and error is Internal Error (00000102:Internal Error)
[61640:0728/053356.979161:ERROR:ui/gl/angle_platform_impl.cc:47] mtl_command_buffer.mm:693 (onCommandBufferCompleted): Completed MTLCommandBuffer failed, and error is Internal Error (00000102:Internal Error)
[61640:0728/053356.996521:ERROR:ui/gl/angle_platform_impl.cc:47] mtl_command_buffer.mm:693 (onCommandBufferCompleted): Completed MTLCommandBuffer failed, and error is Internal Error (00000102:Internal Error)
[61640:0728/053356.997943:ERROR:ui/gl/angle_platform_impl.cc:47] mtl_command_buffer.mm:693 (onCommandBufferCompleted): Completed MTLCommandBuffer failed, and error is Internal Error (00000102:Internal Error)
[61640:0728/053357.072457:ERROR:ui/gl/angle_platform_impl.cc:47] mtl_command_buffer.mm:693 (onCommandBufferCompleted): Completed MTLCommandBuffer failed, and error is Internal Error (00000102:Internal Error)
[61640:0728/053357.073859:ERROR:ui/gl/angle_platform_impl.cc:47] mtl_command_buffer.mm:693 (onCommandBufferCompleted): Completed MTLCommandBuffer failed, and error is Internal Error (00000102:Internal Error)
[61640:0728/053357.074286:ERROR:ui/gl/angle_platform_impl.cc:47] mtl_command_buffer.mm:693 (onCommandBufferCompleted): Completed MTLCommandBuffer failed, and error is Internal Error (00000102:Internal Error)
[61640:0728/053357.173026:ERROR:ui/gl/angle_platform_impl.cc:47] mtl_command_buffer.mm:693 (onCommandBufferCompleted): Completed MTLCommandBuffer failed, and error is Internal Error (00000102:Internal Error)
[61640:0728/053357.174191:ERROR:ui/gl/angle_platform_impl.cc:47] mtl_command_buffer.mm:693 (onCommandBufferCompleted): Completed MTLCommandBuffer failed, and error is Internal Error (00000102:Internal Error)
[61640:0728/053357.204893:ERROR:ui/gl/angle_platform_impl.cc:47] mtl_command_buffer.mm:693 (onCommandBufferCompleted): Completed MTLCommandBuffer failed, and error is Internal Error (00000102:Internal Error)
[61640:0728/053357.222252:ERROR:ui/gl/angle_platform_impl.cc:47] mtl_command_buffer.mm:693 (onCommandBufferCompleted): Completed MTLCommandBuffer failed, and error is Internal Error (00000102:Internal Error)
[61640:0728/053357.225372:ERROR:ui/gl/angle_platform_impl.cc:47] mtl_command_buffer.mm:693 (onCommandBufferCompleted): Completed MTLCommandBuffer failed, and error is Internal Error (00000102:Internal Error)
[61640:0728/053357.226100:ERROR:ui/gl/angle_platform_impl.cc:47] mtl_command_buffer.mm:693 (onCommandBufferCompleted): Completed MTLCommandBuffer failed, and error is Internal Error (00000102:Internal Error)
[61640:0728/053357.227551:ERROR:ui/gl/angle_platform_impl.cc:47] mtl_command_buffer.mm:693 (onCommandBufferCompleted): Completed MTLCommandBuffer failed, and error is Internal Error (00000102:Internal Error)
[61640:0728/053357.228087:ERROR:ui/gl/angle_platform_impl.cc:47] mtl_command_buffer.mm:693 (onCommandBufferCompleted): Completed MTLCommandBuffer failed, and error is Internal Error (00000102:Internal Error)
[61640:0728/053357.275407:ERROR:ui/gl/angle_platform_impl.cc:47] mtl_command_buffer.mm:693 (onCommandBufferCompleted): Completed MTLCommandBuffer failed, and error is Internal Error (00000102:Internal Error)
[61640:0728/053357.276129:ERROR:ui/gl/angle_platform_impl.cc:47] mtl_command_buffer.mm:693 (onCommandBufferCompleted): Completed MTLCommandBuffer failed, and error is Internal Error (00000102:Internal Error)
[61640:0728/053357.337643:ERROR:ui/gl/angle_platform_impl.cc:47] mtl_command_buffer.mm:693 (onCommandBufferCompleted): Completed MTLCommandBuffer failed, and error is Internal Error (00000102:Internal Error)
[61640:0728/053357.338569:ERROR:ui/gl/angle_platform_impl.cc:47] mtl_command_buffer.mm:693 (onCommandBufferCompleted): Completed MTLCommandBuffer failed, and error is Internal Error (00000102:Internal Error)
[61640:0728/053357.374129:ERROR:ui/gl/angle_platform_impl.cc:47] mtl_command_buffer.mm:693 (onCommandBufferCompleted): Completed MTLCommandBuffer failed, and error is Internal Error (00000102:Internal Error)
[61640:0728/053357.374859:ERROR:ui/gl/angle_platform_impl.cc:47] mtl_command_buffer.mm:693 (onCommandBufferCompleted): Completed MTLCommandBuffer failed, and error is Internal Error (00000102:Internal Error)
[61640:0728/053357.402366:ERROR:ui/gl/angle_platform_impl.cc:47] mtl_command_buffer.mm:693 (onCommandBufferCompleted): Completed MTLCommandBuffer failed, and error is Internal Error (00000102:Internal Error)
[61640:0728/053357.403146:ERROR:ui/gl/angle_platform_impl.cc:47] mtl_command_buffer.mm:693 (onCommandBufferCompleted): Completed MTLCommandBuffer failed, and error is Internal Error (00000102:Internal Error)
[61640:0728/053357.491179:ERROR:ui/gl/angle_platform_impl.cc:47] mtl_command_buffer.mm:693 (onCommandBufferCompleted): Completed MTLCommandBuffer failed, and error is Internal Error (00000102:Internal Error)
[61640:0728/053357.492323:ERROR:ui/gl/angle_platform_impl.cc:47] mtl_command_buffer.mm:693 (onCommandBufferCompleted): Completed MTLCommandBuffer failed, and error is Internal Error (00000102:Internal Error)
[61640:0728/053357.591269:ERROR:ui/gl/angle_platform_impl.cc:47] mtl_command_buffer.mm:693 (onCommandBufferCompleted): Completed MTLCommandBuffer failed, and error is Internal Error (00000102:Internal Error)
[61640:0728/053357.592582:ERROR:ui/gl/angle_platform_impl.cc:47] mtl_command_buffer.mm:693 (onCommandBufferCompleted): Completed MTLCommandBuffer failed, and error is Internal Error (00000102:Internal Error)
[61640:0728/053357.672177:ERROR:ui/gl/angle_platform_impl.cc:47] mtl_command_buffer.mm:693 (onCommandBufferCompleted): Completed MTLCommandBuffer failed, and error is Internal Error (00000102:Internal Error)
[61640:0728/053357.674417:ERROR:ui/gl/angle_platform_impl.cc:47] mtl_command_buffer.mm:693 (onCommandBufferCompleted): Completed MTLCommandBuffer failed, and error is Internal Error (00000102:Internal Error)
[61640:0728/053357.725699:ERROR:ui/gl/angle_platform_impl.cc:47] mtl_command_buffer.mm:693 (onCommandBufferCompleted): Completed MTLCommandBuffer failed, and error is Internal Error (00000102:Internal Error)
[61640:0728/053357.726499:ERROR:ui/gl/angle_platform_impl.cc:47] mtl_command_buffer.mm:693 (onCommandBufferCompleted): Completed MTLCommandBuffer failed, and error is Internal Error (00000102:Internal Error)
[61640:0728/053357.773078:ERROR:ui/gl/angle_platform_impl.cc:47] mtl_command_buffer.mm:693 (onCommandBufferCompleted): Completed MTLCommandBuffer failed, and error is Internal Error (00000102:Internal Error)
[61640:0728/053357.774528:ERROR:ui/gl/angle_platform_impl.cc:47] mtl_command_buffer.mm:693 (onCommandBufferCompleted): Completed MTLCommandBuffer failed, and error is Internal Error (00000103:Internal Error)
[61640:0728/053357.874568:ERROR:ui/gl/angle_platform_impl.cc:47] mtl_command_buffer.mm:693 (onCommandBufferCompleted): Completed MTLCommandBuffer failed, and error is Internal Error (00000102:Internal Error)
[61640:0728/053357.876186:ERROR:ui/gl/angle_platform_impl.cc:47] mtl_command_buffer.mm:693 (onCommandBufferCompleted): Completed MTLCommandBuffer failed, and error is Internal Error (00000103:Internal Error)
[61640:0728/053357.975102:ERROR:ui/gl/angle_platform_impl.cc:47] mtl_command_buffer.mm:693 (onCommandBufferCompleted): Completed MTLCommandBuffer failed, and error is Internal Error (00000102:Internal Error)
[61640:0728/053357.976181:ERROR:ui/gl/angle_platform_impl.cc:47] mtl_command_buffer.mm:693 (onCommandBufferCompleted): Completed MTLCommandBuffer failed, and error is Internal Error (00000102:Internal Error)
[61640:0728/053358.046273:ERROR:ui/gl/angle_platform_impl.cc:47] mtl_command_buffer.mm:693 (onCommandBufferCompleted): Completed MTLCommandBuffer failed, and error is Internal Error (00000102:Internal Error)
[61640:0728/053358.047940:ERROR:ui/gl/angle_platform_impl.cc:47] mtl_command_buffer.mm:693 (onCommandBufferCompleted): Completed MTLCommandBuffer failed, and error is Internal Error (00000103:Internal Error)
[61640:0728/053358.048547:ERROR:ui/gl/angle_platform_impl.cc:47] mtl_command_buffer.mm:693 (onCommandBufferCompleted): Completed MTLCommandBuffer failed, and error is Internal Error (00000102:Internal Error)
[61640:0728/053358.142795:ERROR:ui/gl/angle_platform_impl.cc:47] mtl_command_buffer.mm:693 (onCommandBufferCompleted): Completed MTLCommandBuffer failed, and error is Internal Error (00000102:Internal Error)
[61640:0728/053358.143628:ERROR:ui/gl/angle_platform_impl.cc:47] mtl_command_buffer.mm:693 (onCommandBufferCompleted): Completed MTLCommandBuffer failed, and error is Internal Error (00000102:Internal Error)
[61640:0728/053358.241834:ERROR:ui/gl/angle_platform_impl.cc:47] mtl_command_buffer.mm:693 (onCommandBufferCompleted): Completed MTLCommandBuffer failed, and error is Internal Error (00000102:Internal Error)
[61640:0728/053358.242893:ERROR:ui/gl/angle_platform_impl.cc:47] mtl_command_buffer.mm:693 (onCommandBufferCompleted): Completed MTLCommandBuffer failed, and error is Internal Error (00000102:Internal Error)
[61640:0728/053358.274668:ERROR:ui/gl/angle_platform_impl.cc:47] mtl_command_buffer.mm:693 (onCommandBufferCompleted): Completed MTLCommandBuffer failed, and error is Internal Error (00000102:Internal Error)
[61640:0728/053358.275450:ERROR:ui/gl/angle_platform_impl.cc:47] mtl_command_buffer.mm:693 (onCommandBufferCompleted): Completed MTLCommandBuffer failed, and error is Internal Error (00000102:Internal Error)
[61640:0728/053358.331314:ERROR:ui/gl/angle_platform_impl.cc:47] mtl_command_buffer.mm:693 (onCommandBufferCompleted): Completed MTLCommandBuffer failed, and error is Internal Error (00000102:Internal Error)
[61640:0728/053358.332215:ERROR:ui/gl/angle_platform_impl.cc:47] mtl_command_buffer.mm:693 (onCommandBufferCompleted): Completed MTLCommandBuffer failed, and error is Internal Error (00000102:Internal Error)
[61640:0728/053358.340625:ERROR:ui/gl/angle_platform_impl.cc:47] mtl_command_buffer.mm:693 (onCommandBufferCompleted): Completed MTLCommandBuffer failed, and error is Internal Error (00000102:Internal Error)
[61640:0728/053358.422155:ERROR:ui/gl/angle_platform_impl.cc:47] mtl_command_buffer.mm:693 (onCommandBufferCompleted): Completed MTLCommandBuffer failed, and error is Internal Error (00000102:Internal Error)
[61640:0728/053358.424507:ERROR:ui/gl/angle_platform_impl.cc:47] mtl_command_buffer.mm:693 (onCommandBufferCompleted): Completed MTLCommandBuffer failed, and error is Internal Error (00000102:Internal Error)
[61640:0728/053358.426712:ERROR:ui/gl/angle_platform_impl.cc:47] mtl_command_buffer.mm:693 (onCommandBufferCompleted): Completed MTLCommandBuffer failed, and error is Internal Error (00000102:Internal Error)
#### AGX_LIFE DESTROY-UNMATCHED id=0x7b type=0xff surf=0 bytes=0 kr=0 okC=589 failC=0 okD=219 failD=0 unmatchedD=1 full=0 live=370/74MB [t0=331/19MB t80=0/0MB t82=39/54MB]
#### IOSURFACE-RELEASE-ABI pair #8: conn=15623 surfaceID=188 sel=1 -> 0
[61640:0728/053358.522902:ERROR:ui/gl/angle_platform_impl.cc:47] mtl_command_buffer.mm:693 (onCommandBufferCompleted): Completed MTLCommandBuffer failed, and error is Internal Error (00000102:Internal Error)
[61640:0728/053358.524884:ERROR:ui/gl/angle_platform_impl.cc:47] mtl_command_buffer.mm:693 (onCommandBufferCompleted): Completed MTLCommandBuffer failed, and error is Internal Error (00000102:Internal Error)
[61640:0728/053358.526838:ERROR:ui/gl/angle_platform_impl.cc:47] mtl_command_buffer.mm:693 (onCommandBufferCompleted): Completed MTLCommandBuffer failed, and error is Internal Error (00000102:Internal Error)
#### IOSURFACE-RELEASE-ABI pair #9: conn=15623 surfaceID=264 sel=1 -> 0
#### IOSURFACE-RELEASE-ABI pair #10: conn=15623 surfaceID=185 sel=1 -> 0
#### IOSURFACE-RELEASE-ABI pair #11: conn=15623 surfaceID=186 sel=1 -> 0
[61640:0728/053358.593613:ERROR:ui/gl/angle_platform_impl.cc:47] mtl_command_buffer.mm:693 (onCommandBufferCompleted): Completed MTLCommandBuffer failed, and error is Internal Error (00000102:Internal Error)
[61640:0728/053358.594199:ERROR:ui/gl/angle_platform_impl.cc:47] mtl_command_buffer.mm:693 (onCommandBufferCompleted): Completed MTLCommandBuffer failed, and error is Internal Error (00000102:Internal Error)
[61640:0728/053358.672665:ERROR:ui/gl/angle_platform_impl.cc:47] mtl_command_buffer.mm:693 (onCommandBufferCompleted): Completed MTLCommandBuffer failed, and error is Internal Error (00000102:Internal Error)
[61640:0728/053358.674423:ERROR:ui/gl/angle_platform_impl.cc:47] mtl_command_buffer.mm:693 (onCommandBufferCompleted): Completed MTLCommandBuffer failed, and error is Internal Error (00000102:Internal Error)
[61640:0728/053358.674842:ERROR:ui/gl/angle_platform_impl.cc:47] mtl_command_buffer.mm:693 (onCommandBufferCompleted): Completed MTLCommandBuffer failed, and error is Internal Error (00000102:Internal Error)
[61640:0728/053358.722046:ERROR:ui/gl/angle_platform_impl.cc:47] mtl_command_buffer.mm:693 (onCommandBufferCompleted): Completed MTLCommandBuffer failed, and error is Internal Error (00000102:Internal Error)
[61640:0728/053358.723450:ERROR:ui/gl/angle_platform_impl.cc:47] mtl_command_buffer.mm:693 (onCommandBufferCompleted): Completed MTLCommandBuffer failed, and error is Internal Error (00000102:Internal Error)
[61640:0728/053358.724155:ERROR:ui/gl/angle_platform_impl.cc:47] mtl_command_buffer.mm:693 (onCommandBufferCompleted): Completed MTLCommandBuffer failed, and error is Internal Error (00000102:Internal Error)
[61640:0728/053358.822319:ERROR:ui/gl/angle_platform_impl.cc:47] mtl_command_buffer.mm:693 (onCommandBufferCompleted): Completed MTLCommandBuffer failed, and error is Internal Error (00000102:Internal Error)
[61640:0728/053358.823940:ERROR:ui/gl/angle_platform_impl.cc:47] mtl_command_buffer.mm:693 (onCommandBufferCompleted): Completed MTLCommandBuffer failed, and error is Internal Error (00000102:Internal Error)
[61640:0728/053358.824416:ERROR:ui/gl/angle_platform_impl.cc:47] mtl_command_buffer.mm:693 (onCommandBufferCompleted): Completed MTLCommandBuffer failed, and error is Internal Error (00000102:Internal Error)
[61640:0728/053358.925057:ERROR:ui/gl/angle_platform_impl.cc:47] mtl_command_buffer.mm:693 (onCommandBufferCompleted): Completed MTLCommandBuffer failed, and error is Internal Error (00000102:Internal Error)
[61640:0728/053358.925910:ERROR:ui/gl/angle_platform_impl.cc:47] mtl_command_buffer.mm:693 (onCommandBufferCompleted): Completed MTLCommandBuffer failed, and error is Internal Error (00000102:Internal Error)
[61640:0728/053359.022489:ERROR:ui/gl/angle_platform_impl.cc:47] mtl_command_buffer.mm:693 (onCommandBufferCompleted): Completed MTLCommandBuffer failed, and error is Internal Error (00000102:Internal Error)
[61640:0728/053359.023819:ERROR:ui/gl/angle_platform_impl.cc:47] mtl_command_buffer.mm:693 (onCommandBufferCompleted): Completed MTLCommandBuffer failed, and error is Internal Error (00000102:Internal Error)
[61640:0728/053359.093771:ERROR:ui/gl/angle_platform_impl.cc:47] mtl_command_buffer.mm:693 (onCommandBufferCompleted): Completed MTLCommandBuffer failed, and error is Internal Error (00000102:Internal Error)
[61640:0728/053359.094659:ERROR:ui/gl/angle_platform_impl.cc:47] mtl_command_buffer.mm:693 (onCommandBufferCompleted): Completed MTLCommandBuffer failed, and error is Internal Error (00000102:Internal Error)
[61640:0728/053359.122853:ERROR:ui/gl/angle_platform_impl.cc:47] mtl_command_buffer.mm:693 (onCommandBufferCompleted): Completed MTLCommandBuffer failed, and error is Internal Error (00000102:Internal Error)
[61640:0728/053359.124020:ERROR:ui/gl/angle_platform_impl.cc:47] mtl_command_buffer.mm:693 (onCommandBufferCompleted): Completed MTLCommandBuffer failed, and error is Internal Error (00000102:Internal Error)
[61640:0728/053359.147140:ERROR:ui/gl/angle_platform_impl.cc:47] mtl_command_buffer.mm:693 (onCommandBufferCompleted): Completed MTLCommandBuffer failed, and error is Internal Error (00000102:Internal Error)
[61640:0728/053359.148335:ERROR:ui/gl/angle_platform_impl.cc:47] mtl_command_buffer.mm:693 (onCommandBufferCompleted): Completed MTLCommandBuffer failed, and error is Internal Error (00000102:Internal Error)
[61640:0728/053359.244091:ERROR:ui/gl/angle_platform_impl.cc:47] mtl_command_buffer.mm:693 (onCommandBufferCompleted): Completed MTLCommandBuffer failed, and error is Internal Error (00000102:Internal Error)
[61640:0728/053359.245204:ERROR:ui/gl/angle_platform_impl.cc:47] mtl_command_buffer.mm:693 (onCommandBufferCompleted): Completed MTLCommandBuffer failed, and error is Internal Error (00000102:Internal Error)
[61640:0728/053359.322335:ERROR:ui/gl/angle_platform_impl.cc:47] mtl_command_buffer.mm:693 (onCommandBufferCompleted): Completed MTLCommandBuffer failed, and error is Internal Error (00000102:Internal Error)
[61640:0728/053359.323876:ERROR:ui/gl/angle_platform_impl.cc:47] mtl_command_buffer.mm:693 (onCommandBufferCompleted): Completed MTLCommandBuffer failed, and error is Internal Error (00000102:Internal Error)
[61640:0728/053359.324453:ERROR:ui/gl/angle_platform_impl.cc:47] mtl_command_buffer.mm:693 (onCommandBufferCompleted): Completed MTLCommandBuffer failed, and error is Internal Error (00000102:Internal Error)
[61640:0728/053359.371831:ERROR:ui/gl/angle_platform_impl.cc:47] mtl_command_buffer.mm:693 (onCommandBufferCompleted): Completed MTLCommandBuffer failed, and error is Internal Error (00000102:Internal Error)
[61640:0728/053359.422138:ERROR:ui/gl/angle_platform_impl.cc:47] mtl_command_buffer.mm:693 (onCommandBufferCompleted): Completed MTLCommandBuffer failed, and error is Internal Error (00000102:Internal Error)
[61640:0728/053359.424609:ERROR:ui/gl/angle_platform_impl.cc:47] mtl_command_buffer.mm:693 (onCommandBufferCompleted): Completed MTLCommandBuffer failed, and error is Internal Error (00000102:Internal Error)
[61640:0728/053359.522180:ERROR:ui/gl/angle_platform_impl.cc:47] mtl_command_buffer.mm:693 (onCommandBufferCompleted): Completed MTLCommandBuffer failed, and error is Internal Error (00000102:Internal Error)
[61640:0728/053359.523783:ERROR:ui/gl/angle_platform_impl.cc:47] mtl_command_buffer.mm:693 (onCommandBufferCompleted): Completed MTLCommandBuffer failed, and error is Internal Error (00000102:Internal Error)
[61640:0728/053359.625300:ERROR:ui/gl/angle_platform_impl.cc:47] mtl_command_buffer.mm:693 (onCommandBufferCompleted): Completed MTLCommandBuffer failed, and error is Internal Error (00000102:Internal Error)
[61640:0728/053359.626074:ERROR:ui/gl/angle_platform_impl.cc:47] mtl_command_buffer.mm:693 (onCommandBufferCompleted): Completed MTLCommandBuffer failed, and error is Internal Error (00000102:Internal Error)
[61640:0728/053359.643813:ERROR:ui/gl/angle_platform_impl.cc:47] mtl_command_buffer.mm:693 (onCommandBufferCompleted): Completed MTLCommandBuffer failed, and error is Internal Error (00000102:Internal Error)
[61640:0728/053359.644620:ERROR:ui/gl/angle_platform_impl.cc:47] mtl_command_buffer.mm:693 (onCommandBufferCompleted): Completed MTLCommandBuffer failed, and error is Internal Error (00000102:Internal Error)
[61640:0728/053359.752598:ERROR:ui/gl/angle_platform_impl.cc:47] mtl_command_buffer.mm:693 (onCommandBufferCompleted): Completed MTLCommandBuffer failed, and error is Internal Error (00000102:Internal Error)
[61640:0728/053359.753404:ERROR:ui/gl/angle_platform_impl.cc:47] mtl_command_buffer.mm:693 (onCommandBufferCompleted): Completed MTLCommandBuffer failed, and error is Internal Error (00000102:Internal Error)
[61640:0728/053359.872259:ERROR:ui/gl/angle_platform_impl.cc:47] mtl_command_buffer.mm:693 (onCommandBufferCompleted): Completed MTLCommandBuffer failed, and error is Internal Error (00000102:Internal Error)
[61640:0728/053359.873672:ERROR:ui/gl/angle_platform_impl.cc:47] mtl_command_buffer.mm:693 (onCommandBufferCompleted): Completed MTLCommandBuffer failed, and error is Internal Error (00000102:Internal Error)
[61640:0728/053359.874503:ERROR:ui/gl/angle_platform_impl.cc:47] mtl_command_buffer.mm:693 (onCommandBufferCompleted): Completed MTLCommandBuffer failed, and error is Internal Error (00000102:Internal Error)
[61640:0728/053359.973639:ERROR:ui/gl/angle_platform_impl.cc:47] mtl_command_buffer.mm:693 (onCommandBufferCompleted): Completed MTLCommandBuffer failed, and error is Internal Error (00000102:Internal Error)
[61640:0728/053359.975101:ERROR:ui/gl/angle_platform_impl.cc:47] mtl_command_buffer.mm:693 (onCommandBufferCompleted): Completed MTLCommandBuffer failed, and error is Internal Error (00000102:Internal Error)
[61640:0728/053400.072186:ERROR:ui/gl/angle_platform_impl.cc:47] mtl_command_buffer.mm:693 (onCommandBufferCompleted): Completed MTLCommandBuffer failed, and error is Internal Error (00000102:Internal Error)
[61640:0728/053400.073771:ERROR:ui/gl/angle_platform_impl.cc:47] mtl_command_buffer.mm:693 (onCommandBufferCompleted): Completed MTLCommandBuffer failed, and error is Internal Error (00000102:Internal Error)
[61640:0728/053400.074431:ERROR:ui/gl/angle_platform_impl.cc:47] mtl_command_buffer.mm:693 (onCommandBufferCompleted): Completed MTLCommandBuffer failed, and error is Internal Error (00000102:Internal Error)
[61640:0728/053400.152096:ERROR:ui/gl/angle_platform_impl.cc:47] mtl_command_buffer.mm:693 (onCommandBufferCompleted): Completed MTLCommandBuffer failed, and error is Internal Error (00000102:Internal Error)
[61640:0728/053400.152840:ERROR:ui/gl/angle_platform_impl.cc:47] mtl_command_buffer.mm:693 (onCommandBufferCompleted): Completed MTLCommandBuffer failed, and error is Internal Error (00000102:Internal Error)
[61640:0728/053400.272759:ERROR:ui/gl/angle_platform_impl.cc:47] mtl_command_buffer.mm:693 (onCommandBufferCompleted): Completed MTLCommandBuffer failed, and error is Internal Error (00000102:Internal Error)
[61640:0728/053400.274621:ERROR:ui/gl/angle_platform_impl.cc:47] mtl_command_buffer.mm:693 (onCommandBufferCompleted): Completed MTLCommandBuffer failed, and error is Internal Error (00000102:Internal Error)
[61640:0728/053400.275106:ERROR:ui/gl/angle_platform_impl.cc:47] mtl_command_buffer.mm:693 (onCommandBufferCompleted): Completed MTLCommandBuffer failed, and error is Internal Error (00000102:Internal Error)
[61640:0728/053400.375691:ERROR:ui/gl/angle_platform_impl.cc:47] mtl_command_buffer.mm:693 (onCommandBufferCompleted): Completed MTLCommandBuffer failed, and error is Internal Error (00000102:Internal Error)
[61640:0728/053400.376510:ERROR:ui/gl/angle_platform_impl.cc:47] mtl_command_buffer.mm:693 (onCommandBufferCompleted): Completed MTLCommandBuffer failed, and error is Internal Error (00000102:Internal Error)
[61640:0728/053400.472320:ERROR:ui/gl/angle_platform_impl.cc:47] mtl_command_buffer.mm:693 (onCommandBufferCompleted): Completed MTLCommandBuffer failed, and error is Internal Error (00000102:Internal Error)
[61640:0728/053400.473910:ERROR:ui/gl/angle_platform_impl.cc:47] mtl_command_buffer.mm:693 (onCommandBufferCompleted): Completed MTLCommandBuffer failed, and error is Internal Error (00000102:Internal Error)
[61640:0728/053400.572784:ERROR:ui/gl/angle_platform_impl.cc:47] mtl_command_buffer.mm:693 (onCommandBufferCompleted): Completed MTLCommandBuffer failed, and error is Internal Error (00000102:Internal Error)
[61640:0728/053400.574002:ERROR:ui/gl/angle_platform_impl.cc:47] mtl_command_buffer.mm:693 (onCommandBufferCompleted): Completed MTLCommandBuffer failed, and error is Internal Error (00000102:Internal Error)
[61640:0728/053400.672385:ERROR:ui/gl/angle_platform_impl.cc:47] mtl_command_buffer.mm:693 (onCommandBufferCompleted): Completed MTLCommandBuffer failed, and error is Internal Error (00000102:Internal Error)
[61640:0728/053400.674223:ERROR:ui/gl/angle_platform_impl.cc:47] mtl_command_buffer.mm:693 (onCommandBufferCompleted): Completed MTLCommandBuffer failed, and error is Internal Error (00000102:Internal Error)
[61640:0728/053400.674822:ERROR:ui/gl/angle_platform_impl.cc:47] mtl_command_buffer.mm:693 (onCommandBufferCompleted): Completed MTLCommandBuffer failed, and error is Internal Error (00000102:Internal Error)
[61640:0728/053400.722298:ERROR:ui/gl/angle_platform_impl.cc:47] mtl_command_buffer.mm:693 (onCommandBufferCompleted): Completed MTLCommandBuffer failed, and error is Internal Error (00000102:Internal Error)
[61640:0728/053400.723775:ERROR:ui/gl/angle_platform_impl.cc:47] mtl_command_buffer.mm:693 (onCommandBufferCompleted): Completed MTLCommandBuffer failed, and error is Internal Error (00000102:Internal Error)
[61640:0728/053400.822098:ERROR:ui/gl/angle_platform_impl.cc:47] mtl_command_buffer.mm:693 (onCommandBufferCompleted): Completed MTLCommandBuffer failed, and error is Internal Error (00000102:Internal Error)
[61640:0728/053400.823524:ERROR:ui/gl/angle_platform_impl.cc:47] mtl_command_buffer.mm:693 (onCommandBufferCompleted): Completed MTLCommandBuffer failed, and error is Internal Error (00000102:Internal Error)
[61640:0728/053400.824149:ERROR:ui/gl/angle_platform_impl.cc:47] mtl_command_buffer.mm:693 (onCommandBufferCompleted): Completed MTLCommandBuffer failed, and error is Internal Error (00000102:Internal Error)
[61640:0728/053400.925584:ERROR:ui/gl/angle_platform_impl.cc:47] mtl_command_buffer.mm:693 (onCommandBufferCompleted): Completed MTLCommandBuffer failed, and error is Internal Error (00000102:Internal Error)
[61640:0728/053400.926373:ERROR:ui/gl/angle_platform_impl.cc:47] mtl_command_buffer.mm:693 (onCommandBufferCompleted): Completed MTLCommandBuffer failed, and error is Internal Error (00000102:Internal Error)
[61640:0728/053400.944213:ERROR:ui/gl/angle_platform_impl.cc:47] mtl_command_buffer.mm:693 (onCommandBufferCompleted): Completed MTLCommandBuffer failed, and error is Internal Error (00000102:Internal Error)
[61640:0728/053400.945059:ERROR:ui/gl/angle_platform_impl.cc:47] mtl_command_buffer.mm:693 (onCommandBufferCompleted): Completed MTLCommandBuffer failed, and error is Internal Error (00000102:Internal Error)
[61600:0728/053401.024423:VERBOSE1:content/browser/renderer_host/media/media_stream_manager.cc:1515] MSPL::OnSuspend([this=0x6002133a8])
[61640:0728/053401.045348:ERROR:ui/gl/angle_platform_impl.cc:47] mtl_command_buffer.mm:693 (onCommandBufferCompleted): Completed MTLCommandBuffer failed, and error is Internal Error (00000102:Internal Error)
[61640:0728/053401.046727:ERROR:ui/gl/angle_platform_impl.cc:47] mtl_command_buffer.mm:693 (onCommandBufferCompleted): Completed MTLCommandBuffer failed, and error is Internal Error (00000102:Internal Error)
[61640:0728/053401.095536:ERROR:ui/gl/angle_platform_impl.cc:47] mtl_command_buffer.mm:693 (onCommandBufferCompleted): Completed MTLCommandBuffer failed, and error is Internal Error (00000102:Internal Error)
[61640:0728/053401.097203:ERROR:ui/gl/angle_platform_impl.cc:47] mtl_command_buffer.mm:693 (onCommandBufferCompleted): Completed MTLCommandBuffer failed, and error is Internal Error (00000102:Internal Error)
[61640:0728/053401.125797:ERROR:ui/gl/angle_platform_impl.cc:47] mtl_command_buffer.mm:693 (onCommandBufferCompleted): Completed MTLCommandBuffer failed, and error is Internal Error (00000102:Internal Error)
[61640:0728/053401.126753:ERROR:ui/gl/angle_platform_impl.cc:47] mtl_command_buffer.mm:693 (onCommandBufferCompleted): Completed MTLCommandBuffer failed, and error is Internal Error (00000102:Internal Error)
[61600:0728/053402.097054:VERBOSE1:content/browser/renderer_host/media/media_stream_manager.cc:1515] MSPL::OnResume([this=0x6002133a8])
[61640:0728/053402.103034:ERROR:ui/gl/angle_platform_impl.cc:47] mtl_command_buffer.mm:693 (onCommandBufferCompleted): Completed MTLCommandBuffer failed, and error is Internal Error (00000102:Internal Error)
[61640:0728/053402.119789:ERROR:ui/gl/angle_platform_impl.cc:47] mtl_command_buffer.mm:693 (onCommandBufferCompleted): Completed MTLCommandBuffer failed, and error is Internal Error (00000102:Internal Error)
[61640:0728/053402.218606:ERROR:ui/gl/angle_platform_impl.cc:47] mtl_command_buffer.mm:693 (onCommandBufferCompleted): Completed MTLCommandBuffer failed, and error is Internal Error (00000102:Internal Error)
[61640:0728/053402.225077:ERROR:ui/gl/angle_platform_impl.cc:47] mtl_command_buffer.mm:693 (onCommandBufferCompleted): Completed MTLCommandBuffer failed, and error is Internal Error (00000102:Internal Error)
[61640:0728/053402.227476:ERROR:ui/gl/angle_platform_impl.cc:47] mtl_command_buffer.mm:693 (onCommandBufferCompleted): Completed MTLCommandBuffer failed, and error is Internal Error (00000102:Internal Error)
[61640:0728/053402.231301:ERROR:ui/gl/angle_platform_impl.cc:47] mtl_command_buffer.mm:693 (onCommandBufferCompleted): Completed MTLCommandBuffer failed, and error is Internal Error (00000102:Internal Error)
[61640:0728/053402.232042:ERROR:ui/gl/angle_platform_impl.cc:47] mtl_command_buffer.mm:693 (onCommandBufferCompleted): Completed MTLCommandBuffer failed, and error is Internal Error (00000102:Internal Error)
[61640:0728/053402.245314:ERROR:ui/gl/angle_platform_impl.cc:47] mtl_command_buffer.mm:693 (onCommandBufferCompleted): Completed MTLCommandBuffer failed, and error is Internal Error (00000102:Internal Error)
[61640:0728/053402.247135:ERROR:ui/gl/angle_platform_impl.cc:47] mtl_command_buffer.mm:693 (onCommandBufferCompleted): Completed MTLCommandBuffer failed, and error is Internal Error (00000102:Internal Error)
[61640:0728/053402.320559:ERROR:ui/gl/angle_platform_impl.cc:47] mtl_command_buffer.mm:693 (onCommandBufferCompleted): Completed MTLCommandBuffer failed, and error is Internal Error (00000102:Internal Error)
[61640:0728/053402.322692:ERROR:ui/gl/angle_platform_impl.cc:47] mtl_command_buffer.mm:693 (onCommandBufferCompleted): Completed MTLCommandBuffer failed, and error is Internal Error (00000103:Internal Error)
[61640:0728/053402.421576:ERROR:ui/gl/angle_platform_impl.cc:47] mtl_command_buffer.mm:693 (onCommandBufferCompleted): Completed MTLCommandBuffer failed, and error is Internal Error (00000102:Internal Error)
[61640:0728/053402.424011:ERROR:ui/gl/angle_platform_impl.cc:47] mtl_command_buffer.mm:693 (onCommandBufferCompleted): Completed MTLCommandBuffer failed, and error is Internal Error (00000102:Internal Error)
[61640:0728/053402.490837:ERROR:ui/gl/angle_platform_impl.cc:47] mtl_command_buffer.mm:693 (onCommandBufferCompleted): Completed MTLCommandBuffer failed, and error is Internal Error (00000102:Internal Error)
[61640:0728/053402.492339:ERROR:ui/gl/angle_platform_impl.cc:47] mtl_command_buffer.mm:693 (onCommandBufferCompleted): Completed MTLCommandBuffer failed, and error is Internal Error (00000102:Internal Error)
[61640:0728/053402.579764:ERROR:ui/gl/angle_platform_impl.cc:47] mtl_command_buffer.mm:693 (onCommandBufferCompleted): Completed MTLCommandBuffer failed, and error is Internal Error (00000102:Internal Error)
[61640:0728/053402.580992:ERROR:ui/gl/angle_platform_impl.cc:47] mtl_command_buffer.mm:693 (onCommandBufferCompleted): Completed MTLCommandBuffer failed, and error is Internal Error (00000102:Internal Error)
[61640:0728/053402.682507:ERROR:ui/gl/angle_platform_impl.cc:47] mtl_command_buffer.mm:693 (onCommandBufferCompleted): Completed MTLCommandBuffer failed, and error is Internal Error (00000102:Internal Error)
[61640:0728/053402.683515:ERROR:ui/gl/angle_platform_impl.cc:47] mtl_command_buffer.mm:693 (onCommandBufferCompleted): Completed MTLCommandBuffer failed, and error is Internal Error (00000102:Internal Error)
[61640:0728/053402.791394:ERROR:ui/gl/angle_platform_impl.cc:47] mtl_command_buffer.mm:693 (onCommandBufferCompleted): Completed MTLCommandBuffer failed, and error is Internal Error (00000102:Internal Error)
[61640:0728/053402.793138:ERROR:ui/gl/angle_platform_impl.cc:47] mtl_command_buffer.mm:693 (onCommandBufferCompleted): Completed MTLCommandBuffer failed, and error is Internal Error (00000102:Internal Error)
[61640:0728/053402.899598:ERROR:ui/gl/angle_platform_impl.cc:47] mtl_command_buffer.mm:693 (onCommandBufferCompleted): Completed MTLCommandBuffer failed, and error is Internal Error (00000102:Internal Error)
[61640:0728/053402.900643:ERROR:ui/gl/angle_platform_impl.cc:47] mtl_command_buffer.mm:693 (onCommandBufferCompleted): Completed MTLCommandBuffer failed, and error is Internal Error (00000102:Internal Error)
[61640:0728/053403.020468:ERROR:ui/gl/angle_platform_impl.cc:47] mtl_command_buffer.mm:693 (onCommandBufferCompleted): Completed MTLCommandBuffer failed, and error is Internal Error (00000102:Internal Error)
[61640:0728/053403.022493:ERROR:ui/gl/angle_platform_impl.cc:47] mtl_command_buffer.mm:693 (onCommandBufferCompleted): Completed MTLCommandBuffer failed, and error is Internal Error (00000102:Internal Error)
[61640:0728/053403.120716:ERROR:ui/gl/angle_platform_impl.cc:47] mtl_command_buffer.mm:693 (onCommandBufferCompleted): Completed MTLCommandBuffer failed, and error is Internal Error (00000102:Internal Error)
[61640:0728/053403.122235:ERROR:ui/gl/angle_platform_impl.cc:47] mtl_command_buffer.mm:693 (onCommandBufferCompleted): Completed MTLCommandBuffer failed, and error is Internal Error (00000102:Internal Error)
[61640:0728/053403.221793:ERROR:ui/gl/angle_platform_impl.cc:47] mtl_command_buffer.mm:693 (onCommandBufferCompleted): Completed MTLCommandBuffer failed, and error is Internal Error (00000102:Internal Error)
[61640:0728/053403.223495:ERROR:ui/gl/angle_platform_impl.cc:47] mtl_command_buffer.mm:693 (onCommandBufferCompleted): Completed MTLCommandBuffer failed, and error is Internal Error (00000102:Internal Error)
[61640:0728/053403.240715:ERROR:ui/gl/angle_platform_impl.cc:47] mtl_command_buffer.mm:693 (onCommandBufferCompleted): Completed MTLCommandBuffer failed, and error is Internal Error (00000102:Internal Error)
[61640:0728/053403.293313:ERROR:ui/gl/angle_platform_impl.cc:47] mtl_command_buffer.mm:693 (onCommandBufferCompleted): Completed MTLCommandBuffer failed, and error is Internal Error (00000102:Internal Error)
[61640:0728/053403.399495:ERROR:ui/gl/angle_platform_impl.cc:47] mtl_command_buffer.mm:693 (onCommandBufferCompleted): Completed MTLCommandBuffer failed, and error is Internal Error (00000102:Internal Error)
[61640:0728/053403.400519:ERROR:ui/gl/angle_platform_impl.cc:47] mtl_command_buffer.mm:693 (onCommandBufferCompleted): Completed MTLCommandBuffer failed, and error is Internal Error (00000102:Internal Error)
[61640:0728/053403.493263:ERROR:ui/gl/angle_platform_impl.cc:47] mtl_command_buffer.mm:693 (onCommandBufferCompleted): Completed MTLCommandBuffer failed, and error is Internal Error (00000102:Internal Error)
[61640:0728/053403.494385:ERROR:ui/gl/angle_platform_impl.cc:47] mtl_command_buffer.mm:693 (onCommandBufferCompleted): Completed MTLCommandBuffer failed, and error is Internal Error (00000102:Internal Error)
[61640:0728/053403.570101:ERROR:ui/gl/angle_platform_impl.cc:47] mtl_command_buffer.mm:693 (onCommandBufferCompleted): Completed MTLCommandBuffer failed, and error is Internal Error (00000102:Internal Error)
[61640:0728/053403.571978:ERROR:ui/gl/angle_platform_impl.cc:47] mtl_command_buffer.mm:693 (onCommandBufferCompleted): Completed MTLCommandBuffer failed, and error is Internal Error (00000102:Internal Error)
[61640:0728/053403.669781:ERROR:ui/gl/angle_platform_impl.cc:47] mtl_command_buffer.mm:693 (onCommandBufferCompleted): Completed MTLCommandBuffer failed, and error is Internal Error (00000102:Internal Error)
[61640:0728/053403.671765:ERROR:ui/gl/angle_platform_impl.cc:47] mtl_command_buffer.mm:693 (onCommandBufferCompleted): Completed MTLCommandBuffer failed, and error is Internal Error (00000102:Internal Error)
[61640:0728/053403.774672:ERROR:ui/gl/angle_platform_impl.cc:47] mtl_command_buffer.mm:693 (onCommandBufferCompleted): Completed MTLCommandBuffer failed, and error is Internal Error (00000102:Internal Error)
[61640:0728/053403.775661:ERROR:ui/gl/angle_platform_impl.cc:47] mtl_command_buffer.mm:693 (onCommandBufferCompleted): Completed MTLCommandBuffer failed, and error is Internal Error (00000102:Internal Error)
[61640:0728/053403.793239:ERROR:ui/gl/angle_platform_impl.cc:47] mtl_command_buffer.mm:693 (onCommandBufferCompleted): Completed MTLCommandBuffer failed, and error is Internal Error (00000102:Internal Error)
[61640:0728/053403.794226:ERROR:ui/gl/angle_platform_impl.cc:47] mtl_command_buffer.mm:693 (onCommandBufferCompleted): Completed MTLCommandBuffer failed, and error is Internal Error (00000102:Internal Error)
[61640:0728/053403.821127:ERROR:ui/gl/angle_platform_impl.cc:47] mtl_command_buffer.mm:693 (onCommandBufferCompleted): Completed MTLCommandBuffer failed, and error is Internal Error (00000102:Internal Error)
[61640:0728/053403.822840:ERROR:ui/gl/angle_platform_impl.cc:47] mtl_command_buffer.mm:693 (onCommandBufferCompleted): Completed MTLCommandBuffer failed, and error is Internal Error (00000102:Internal Error)
[61640:0728/053403.891325:ERROR:ui/gl/angle_platform_impl.cc:47] mtl_command_buffer.mm:693 (onCommandBufferCompleted): Completed MTLCommandBuffer failed, and error is Internal Error (00000102:Internal Error)
[61640:0728/053403.892472:ERROR:ui/gl/angle_platform_impl.cc:47] mtl_command_buffer.mm:693 (onCommandBufferCompleted): Completed MTLCommandBuffer failed, and error is Internal Error (00000102:Internal Error)
[61640:0728/053403.919955:ERROR:ui/gl/angle_platform_impl.cc:47] mtl_command_buffer.mm:693 (onCommandBufferCompleted): Completed MTLCommandBuffer failed, and error is Internal Error (00000102:Internal Error)
[61640:0728/053403.921643:ERROR:ui/gl/angle_platform_impl.cc:47] mtl_command_buffer.mm:693 (onCommandBufferCompleted): Completed MTLCommandBuffer failed, and error is Internal Error (00000102:Internal Error)
[61640:0728/053404.024476:ERROR:ui/gl/angle_platform_impl.cc:47] mtl_command_buffer.mm:693 (onCommandBufferCompleted): Completed MTLCommandBuffer failed, and error is Internal Error (00000102:Internal Error)
[61640:0728/053404.025353:ERROR:ui/gl/angle_platform_impl.cc:47] mtl_command_buffer.mm:693 (onCommandBufferCompleted): Completed MTLCommandBuffer failed, and error is Internal Error (00000102:Internal Error)
[61640:0728/053404.078581:ERROR:ui/gl/angle_platform_impl.cc:47] mtl_command_buffer.mm:693 (onCommandBufferCompleted): Completed MTLCommandBuffer failed, and error is Internal Error (00000102:Internal Error)
[61640:0728/053404.079526:ERROR:ui/gl/angle_platform_impl.cc:47] mtl_command_buffer.mm:693 (onCommandBufferCompleted): Completed MTLCommandBuffer failed, and error is Internal Error (00000102:Internal Error)
[61640:0728/053404.182895:ERROR:ui/gl/angle_platform_impl.cc:47] mtl_command_buffer.mm:693 (onCommandBufferCompleted): Completed MTLCommandBuffer failed, and error is Internal Error (00000102:Internal Error)
[61640:0728/053404.183936:ERROR:ui/gl/angle_platform_impl.cc:47] mtl_command_buffer.mm:693 (onCommandBufferCompleted): Completed MTLCommandBuffer failed, and error is Internal Error (00000102:Internal Error)
[61640:0728/053404.220558:ERROR:ui/gl/angle_platform_impl.cc:47] mtl_command_buffer.mm:693 (onCommandBufferCompleted): Completed MTLCommandBuffer failed, and error is Internal Error (00000102:Internal Error)
[61640:0728/053404.222067:ERROR:ui/gl/angle_platform_impl.cc:47] mtl_command_buffer.mm:693 (onCommandBufferCompleted): Completed MTLCommandBuffer failed, and error is Internal Error (00000102:Internal Error)
[61640:0728/053404.269541:ERROR:ui/gl/angle_platform_impl.cc:47] mtl_command_buffer.mm:693 (onCommandBufferCompleted): Completed MTLCommandBuffer failed, and error is Internal Error (00000102:Internal Error)
[61640:0728/053404.323226:ERROR:ui/gl/angle_platform_impl.cc:47] mtl_command_buffer.mm:693 (onCommandBufferCompleted): Completed MTLCommandBuffer failed, and error is Internal Error (00000102:Internal Error)
[61640:0728/053404.393426:ERROR:ui/gl/angle_platform_impl.cc:47] mtl_command_buffer.mm:693 (onCommandBufferCompleted): Completed MTLCommandBuffer failed, and error is Internal Error (00000102:Internal Error)
[61640:0728/053404.394455:ERROR:ui/gl/angle_platform_impl.cc:47] mtl_command_buffer.mm:693 (onCommandBufferCompleted): Completed MTLCommandBuffer failed, and error is Internal Error (00000102:Internal Error)
[61640:0728/053404.398415:ERROR:ui/gl/angle_platform_impl.cc:47] mtl_command_buffer.mm:693 (onCommandBufferCompleted): Completed MTLCommandBuffer failed, and error is Internal Error (00000102:Internal Error)
[61640:0728/053404.494623:ERROR:ui/gl/angle_platform_impl.cc:47] mtl_command_buffer.mm:693 (onCommandBufferCompleted): Completed MTLCommandBuffer failed, and error is Internal Error (00000102:Internal Error)
[61640:0728/053404.498229:ERROR:ui/gl/angle_platform_impl.cc:47] mtl_command_buffer.mm:693 (onCommandBufferCompleted): Completed MTLCommandBuffer failed, and error is Internal Error (00000102:Internal Error)
[61640:0728/053404.571876:ERROR:ui/gl/angle_platform_impl.cc:47] mtl_command_buffer.mm:693 (onCommandBufferCompleted): Completed MTLCommandBuffer failed, and error is Internal Error (00000102:Internal Error)
[61640:0728/053404.674838:ERROR:ui/gl/angle_platform_impl.cc:47] mtl_command_buffer.mm:693 (onCommandBufferCompleted): Completed MTLCommandBuffer failed, and error is Internal Error (00000102:Internal Error)
[61640:0728/053404.675825:ERROR:ui/gl/angle_platform_impl.cc:47] mtl_command_buffer.mm:693 (onCommandBufferCompleted): Completed MTLCommandBuffer failed, and error is Internal Error (00000102:Internal Error)
[61640:0728/053404.718915:ERROR:ui/gl/angle_platform_impl.cc:47] mtl_command_buffer.mm:693 (onCommandBufferCompleted): Completed MTLCommandBuffer failed, and error is Internal Error (00000102:Internal Error)
[61640:0728/053404.719994:ERROR:ui/gl/angle_platform_impl.cc:47] mtl_command_buffer.mm:693 (onCommandBufferCompleted): Completed MTLCommandBuffer failed, and error is Internal Error (00000102:Internal Error)
[61640:0728/053404.819740:ERROR:ui/gl/angle_platform_impl.cc:47] mtl_command_buffer.mm:693 (onCommandBufferCompleted): Completed MTLCommandBuffer failed, and error is Internal Error (00000102:Internal Error)
[61640:0728/053404.821296:ERROR:ui/gl/angle_platform_impl.cc:47] mtl_command_buffer.mm:693 (onCommandBufferCompleted): Completed MTLCommandBuffer failed, and error is Internal Error (00000102:Internal Error)
[61640:0728/053404.828327:ERROR:ui/gl/angle_platform_impl.cc:47] mtl_command_buffer.mm:693 (onCommandBufferCompleted): Completed MTLCommandBuffer failed, and error is Internal Error (00000102:Internal Error)
[61640:0728/053404.829188:ERROR:ui/gl/angle_platform_impl.cc:47] mtl_command_buffer.mm:693 (onCommandBufferCompleted): Completed MTLCommandBuffer failed, and error is Internal Error (00000102:Internal Error)
[61640:0728/053404.920081:ERROR:ui/gl/angle_platform_impl.cc:47] mtl_command_buffer.mm:693 (onCommandBufferCompleted): Completed MTLCommandBuffer failed, and error is Internal Error (00000102:Internal Error)
[61640:0728/053404.921772:ERROR:ui/gl/angle_platform_impl.cc:47] mtl_command_buffer.mm:693 (onCommandBufferCompleted): Completed MTLCommandBuffer failed, and error is Internal Error (00000102:Internal Error)
[61640:0728/053404.953180:ERROR:ui/gl/angle_platform_impl.cc:47] mtl_command_buffer.mm:693 (onCommandBufferCompleted): Completed MTLCommandBuffer failed, and error is Internal Error (00000102:Internal Error)
[61640:0728/053404.969383:ERROR:ui/gl/angle_platform_impl.cc:47] mtl_command_buffer.mm:693 (onCommandBufferCompleted): Completed MTLCommandBuffer failed, and error is Internal Error (00000102:Internal Error)
[61640:0728/053405.021526:ERROR:ui/gl/angle_platform_impl.cc:47] mtl_command_buffer.mm:693 (onCommandBufferCompleted): Completed MTLCommandBuffer failed, and error is Internal Error (00000102:Internal Error)
[61640:0728/053405.023367:ERROR:ui/gl/angle_platform_impl.cc:47] mtl_command_buffer.mm:693 (onCommandBufferCompleted): Completed MTLCommandBuffer failed, and error is Internal Error (00000102:Internal Error)
[61640:0728/053405.078404:ERROR:ui/gl/angle_platform_impl.cc:47] mtl_command_buffer.mm:693 (onCommandBufferCompleted): Completed MTLCommandBuffer failed, and error is Internal Error (00000102:Internal Error)
[61640:0728/053405.079379:ERROR:ui/gl/angle_platform_impl.cc:47] mtl_command_buffer.mm:693 (onCommandBufferCompleted): Completed MTLCommandBuffer failed, and error is Internal Error (00000102:Internal Error)
[61640:0728/053405.183619:ERROR:ui/gl/angle_platform_impl.cc:47] mtl_command_buffer.mm:693 (onCommandBufferCompleted): Completed MTLCommandBuffer failed, and error is Internal Error (00000102:Internal Error)
[61640:0728/053405.184589:ERROR:ui/gl/angle_platform_impl.cc:47] mtl_command_buffer.mm:693 (onCommandBufferCompleted): Completed MTLCommandBuffer failed, and error is Internal Error (00000102:Internal Error)
[61640:0728/053405.279743:ERROR:ui/gl/angle_platform_impl.cc:47] mtl_command_buffer.mm:693 (onCommandBufferCompleted): Completed MTLCommandBuffer failed, and error is Internal Error (00000102:Internal Error)
[61640:0728/053405.280624:ERROR:ui/gl/angle_platform_impl.cc:47] mtl_command_buffer.mm:693 (onCommandBufferCompleted): Completed MTLCommandBuffer failed, and error is Internal Error (00000102:Internal Error)
[61640:0728/053405.369884:ERROR:ui/gl/angle_platform_impl.cc:47] mtl_command_buffer.mm:693 (onCommandBufferCompleted): Completed MTLCommandBuffer failed, and error is Internal Error (00000102:Internal Error)
[61640:0728/053405.371372:ERROR:ui/gl/angle_platform_impl.cc:47] mtl_command_buffer.mm:693 (onCommandBufferCompleted): Completed MTLCommandBuffer failed, and error is Internal Error (00000102:Internal Error)
[61640:0728/053405.392519:ERROR:ui/gl/angle_platform_impl.cc:47] mtl_command_buffer.mm:693 (onCommandBufferCompleted): Completed MTLCommandBuffer failed, and error is Internal Error (00000102:Internal Error)
[61640:0728/053405.393855:ERROR:ui/gl/angle_platform_impl.cc:47] mtl_command_buffer.mm:693 (onCommandBufferCompleted): Completed MTLCommandBuffer failed, and error is Internal Error (00000102:Internal Error)
[61640:0728/053405.453166:ERROR:ui/gl/angle_platform_impl.cc:47] mtl_command_buffer.mm:693 (onCommandBufferCompleted): Completed MTLCommandBuffer failed, and error is Internal Error (00000102:Internal Error)
[61640:0728/053405.469233:ERROR:ui/gl/angle_platform_impl.cc:47] mtl_command_buffer.mm:693 (onCommandBufferCompleted): Completed MTLCommandBuffer failed, and error is Internal Error (00000102:Internal Error)
[61640:0728/053405.551085:ERROR:ui/gl/angle_platform_impl.cc:47] mtl_command_buffer.mm:693 (onCommandBufferCompleted): Completed MTLCommandBuffer failed, and error is Internal Error (00000102:Internal Error)
[61640:0728/053405.570677:ERROR:ui/gl/angle_platform_impl.cc:47] mtl_command_buffer.mm:693 (onCommandBufferCompleted): Completed MTLCommandBuffer failed, and error is Internal Error (00000102:Internal Error)
[61640:0728/053405.636011:ERROR:ui/gl/angle_platform_impl.cc:47] mtl_command_buffer.mm:693 (onCommandBufferCompleted): Completed MTLCommandBuffer failed, and error is Internal Error (00000102:Internal Error)
[61640:0728/053405.637026:ERROR:ui/gl/angle_platform_impl.cc:47] mtl_command_buffer.mm:693 (onCommandBufferCompleted): Completed MTLCommandBuffer failed, and error is Internal Error (00000102:Internal Error)
[61640:0728/053405.726719:ERROR:ui/gl/angle_platform_impl.cc:47] mtl_command_buffer.mm:693 (onCommandBufferCompleted): Completed MTLCommandBuffer failed, and error is Internal Error (00000102:Internal Error)
[61640:0728/053405.728176:ERROR:ui/gl/angle_platform_impl.cc:47] mtl_command_buffer.mm:693 (onCommandBufferCompleted): Completed MTLCommandBuffer failed, and error is Internal Error (00000102:Internal Error)
[61640:0728/053405.749927:ERROR:ui/gl/angle_platform_impl.cc:47] mtl_command_buffer.mm:693 (onCommandBufferCompleted): Completed MTLCommandBuffer failed, and error is Internal Error (00000102:Internal Error)
[61640:0728/053405.751145:ERROR:ui/gl/angle_platform_impl.cc:47] mtl_command_buffer.mm:693 (onCommandBufferCompleted): Completed MTLCommandBuffer failed, and error is Internal Error (00000102:Internal Error)
[61640:0728/053405.780874:ERROR:ui/gl/angle_platform_impl.cc:47] mtl_command_buffer.mm:693 (onCommandBufferCompleted): Completed MTLCommandBuffer failed, and error is Internal Error (00000102:Internal Error)
[61640:0728/053405.782109:ERROR:ui/gl/angle_platform_impl.cc:47] mtl_command_buffer.mm:693 (onCommandBufferCompleted): Completed MTLCommandBuffer failed, and error is Internal Error (00000102:Internal Error)
[61640:0728/053405.882924:ERROR:ui/gl/angle_platform_impl.cc:47] mtl_command_buffer.mm:693 (onCommandBufferCompleted): Completed MTLCommandBuffer failed, and error is Internal Error (00000102:Internal Error)
[61640:0728/053405.884622:ERROR:ui/gl/angle_platform_impl.cc:47] mtl_command_buffer.mm:693 (onCommandBufferCompleted): Completed MTLCommandBuffer failed, and error is Internal Error (00000102:Internal Error)
[61640:0728/053405.920226:ERROR:ui/gl/angle_platform_impl.cc:47] mtl_command_buffer.mm:693 (onCommandBufferCompleted): Completed MTLCommandBuffer failed, and error is Internal Error (00000102:Internal Error)
[61640:0728/053405.921554:ERROR:ui/gl/angle_platform_impl.cc:47] mtl_command_buffer.mm:693 (onCommandBufferCompleted): Completed MTLCommandBuffer failed, and error is Internal Error (00000102:Internal Error)
[61640:0728/053405.968733:ERROR:ui/gl/angle_platform_impl.cc:47] mtl_command_buffer.mm:693 (onCommandBufferCompleted): Completed MTLCommandBuffer failed, and error is Internal Error (00000102:Internal Error)
[61640:0728/053405.970173:ERROR:ui/gl/angle_platform_impl.cc:47] mtl_command_buffer.mm:693 (onCommandBufferCompleted): Completed MTLCommandBuffer failed, and error is Internal Error (00000102:Internal Error)
[61640:0728/053406.071255:ERROR:ui/gl/angle_platform_impl.cc:47] mtl_command_buffer.mm:693 (onCommandBufferCompleted): Completed MTLCommandBuffer failed, and error is Internal Error (00000102:Internal Error)
[61640:0728/053406.073225:ERROR:ui/gl/angle_platform_impl.cc:47] mtl_command_buffer.mm:693 (onCommandBufferCompleted): Completed MTLCommandBuffer failed, and error is Internal Error (00000102:Internal Error)
[61640:0728/053406.171095:ERROR:ui/gl/angle_platform_impl.cc:47] mtl_command_buffer.mm:693 (onCommandBufferCompleted): Completed MTLCommandBuffer failed, and error is Internal Error (00000102:Internal Error)
[61640:0728/053406.172597:ERROR:ui/gl/angle_platform_impl.cc:47] mtl_command_buffer.mm:693 (onCommandBufferCompleted): Completed MTLCommandBuffer failed, and error is Internal Error (00000102:Internal Error)
[61640:0728/053406.270750:ERROR:ui/gl/angle_platform_impl.cc:47] mtl_command_buffer.mm:693 (onCommandBufferCompleted): Completed MTLCommandBuffer failed, and error is Internal Error (00000102:Internal Error)
[61640:0728/053406.272057:ERROR:ui/gl/angle_platform_impl.cc:47] mtl_command_buffer.mm:693 (onCommandBufferCompleted): Completed MTLCommandBuffer failed, and error is Internal Error (00000102:Internal Error)
[61600:0728/053406.293204:VERBOSE1:content/browser/renderer_host/media/media_stream_manager.cc:1515] MSPL::OnSuspend([this=0x6002133a8])
[61640:0728/053406.293247:ERROR:ui/gl/angle_platform_impl.cc:47] mtl_command_buffer.mm:693 (onCommandBufferCompleted): Completed MTLCommandBuffer failed, and error is Internal Error (00000102:Internal Error)
[61640:0728/053406.375888:ERROR:ui/gl/angle_platform_impl.cc:47] mtl_command_buffer.mm:693 (onCommandBufferCompleted): Completed MTLCommandBuffer failed, and error is Internal Error (00000102:Internal Error)
[61600:0728/053407.351313:VERBOSE1:content/browser/renderer_host/media/media_stream_manager.cc:1515] MSPL::OnResume([this=0x6002133a8])
[61640:0728/053407.351486:ERROR:ui/gl/angle_platform_impl.cc:47] mtl_command_buffer.mm:693 (onCommandBufferCompleted): Completed MTLCommandBuffer failed, and error is Internal Error (00000102:Internal Error)
[61640:0728/053407.353947:ERROR:ui/gl/angle_platform_impl.cc:47] mtl_command_buffer.mm:693 (onCommandBufferCompleted): Completed MTLCommandBuffer failed, and error is Internal Error (00000102:Internal Error)
[61640:0728/053407.402528:ERROR:ui/gl/angle_platform_impl.cc:47] mtl_command_buffer.mm:693 (onCommandBufferCompleted): Completed MTLCommandBuffer failed, and error is Internal Error (00000102:Internal Error)
[61640:0728/053407.404617:ERROR:ui/gl/angle_platform_impl.cc:47] mtl_command_buffer.mm:693 (onCommandBufferCompleted): Completed MTLCommandBuffer failed, and error is Internal Error (00000102:Internal Error)
[61640:0728/053407.422682:ERROR:ui/gl/angle_platform_impl.cc:47] mtl_command_buffer.mm:693 (onCommandBufferCompleted): Completed MTLCommandBuffer failed, and error is Internal Error (00000102:Internal Error)
[61640:0728/053407.424978:ERROR:ui/gl/angle_platform_impl.cc:47] mtl_command_buffer.mm:693 (onCommandBufferCompleted): Completed MTLCommandBuffer failed, and error is Internal Error (00000102:Internal Error)
[61640:0728/053407.514163:ERROR:ui/gl/angle_platform_impl.cc:47] mtl_command_buffer.mm:693 (onCommandBufferCompleted): Completed MTLCommandBuffer failed, and error is Internal Error (00000102:Internal Error)
[61640:0728/053407.516479:ERROR:ui/gl/angle_platform_impl.cc:47] mtl_command_buffer.mm:693 (onCommandBufferCompleted): Completed MTLCommandBuffer failed, and error is Internal Error (00000102:Internal Error)
[61640:0728/053407.597933:ERROR:ui/gl/angle_platform_impl.cc:47] mtl_command_buffer.mm:693 (onCommandBufferCompleted): Completed MTLCommandBuffer failed, and error is Internal Error (00000102:Internal Error)
[61640:0728/053407.599620:ERROR:ui/gl/angle_platform_impl.cc:47] mtl_command_buffer.mm:693 (onCommandBufferCompleted): Completed MTLCommandBuffer failed, and error is Internal Error (00000102:Internal Error)
[61640:0728/053407.648067:ERROR:ui/gl/angle_platform_impl.cc:47] mtl_command_buffer.mm:693 (onCommandBufferCompleted): Completed MTLCommandBuffer failed, and error is Internal Error (00000102:Internal Error)
[61640:0728/053407.649671:ERROR:ui/gl/angle_platform_impl.cc:47] mtl_command_buffer.mm:693 (onCommandBufferCompleted): Completed MTLCommandBuffer failed, and error is Internal Error (00000102:Internal Error)
[61640:0728/053407.661365:ERROR:ui/gl/angle_platform_impl.cc:47] mtl_command_buffer.mm:693 (onCommandBufferCompleted): Completed MTLCommandBuffer failed, and error is Internal Error (00000102:Internal Error)
[61640:0728/053407.664282:ERROR:ui/gl/angle_platform_impl.cc:47] mtl_command_buffer.mm:693 (onCommandBufferCompleted): Completed MTLCommandBuffer failed, and error is Internal Error (00000102:Internal Error)
[61640:0728/053407.752519:ERROR:ui/gl/angle_platform_impl.cc:47] mtl_command_buffer.mm:693 (onCommandBufferCompleted): Completed MTLCommandBuffer failed, and error is Internal Error (00000102:Internal Error)
[61640:0728/053407.757659:ERROR:ui/gl/angle_platform_impl.cc:47] mtl_command_buffer.mm:693 (onCommandBufferCompleted): Completed MTLCommandBuffer failed, and error is Internal Error (00000102:Internal Error)
[61640:0728/053407.824461:ERROR:ui/gl/angle_platform_impl.cc:47] mtl_command_buffer.mm:693 (onCommandBufferCompleted): Completed MTLCommandBuffer failed, and error is Internal Error (00000102:Internal Error)
[61640:0728/053407.830539:ERROR:ui/gl/angle_platform_impl.cc:47] mtl_command_buffer.mm:693 (onCommandBufferCompleted): Completed MTLCommandBuffer failed, and error is Internal Error (00000102:Internal Error)
[61640:0728/053407.855668:ERROR:ui/gl/angle_platform_impl.cc:47] mtl_command_buffer.mm:693 (onCommandBufferCompleted): Completed MTLCommandBuffer failed, and error is Internal Error (00000102:Internal Error)
[61640:0728/053407.858261:ERROR:ui/gl/angle_platform_impl.cc:47] mtl_command_buffer.mm:693 (onCommandBufferCompleted): Completed MTLCommandBuffer failed, and error is Internal Error (00000102:Internal Error)
[61640:0728/053407.928681:ERROR:ui/gl/angle_platform_impl.cc:47] mtl_command_buffer.mm:693 (onCommandBufferCompleted): Completed MTLCommandBuffer failed, and error is Internal Error (00000102:Internal Error)
[61640:0728/053407.946547:ERROR:ui/gl/angle_platform_impl.cc:47] mtl_command_buffer.mm:693 (onCommandBufferCompleted): Completed MTLCommandBuffer failed, and error is Internal Error (00000102:Internal Error)
[61640:0728/053407.948814:ERROR:ui/gl/angle_platform_impl.cc:47] mtl_command_buffer.mm:693 (onCommandBufferCompleted): Completed MTLCommandBuffer failed, and error is Internal Error (00000102:Internal Error)
[61640:0728/053407.958708:ERROR:ui/gl/angle_platform_impl.cc:47] mtl_command_buffer.mm:693 (onCommandBufferCompleted): Completed MTLCommandBuffer failed, and error is Internal Error (00000102:Internal Error)
[61640:0728/053407.959973:ERROR:ui/gl/angle_platform_impl.cc:47] mtl_command_buffer.mm:693 (onCommandBufferCompleted): Completed MTLCommandBuffer failed, and error is Internal Error (00000102:Internal Error)
[61640:0728/053408.049877:ERROR:ui/gl/angle_platform_impl.cc:47] mtl_command_buffer.mm:693 (onCommandBufferCompleted): Completed MTLCommandBuffer failed, and error is Internal Error (00000102:Internal Error)
[61640:0728/053408.050967:ERROR:ui/gl/angle_platform_impl.cc:47] mtl_command_buffer.mm:693 (onCommandBufferCompleted): Completed MTLCommandBuffer failed, and error is Internal Error (00000102:Internal Error)
[61640:0728/053408.147829:ERROR:ui/gl/angle_platform_impl.cc:47] mtl_command_buffer.mm:693 (onCommandBufferCompleted): Completed MTLCommandBuffer failed, and error is Internal Error (00000102:Internal Error)
[61640:0728/053408.148750:ERROR:ui/gl/angle_platform_impl.cc:47] mtl_command_buffer.mm:693 (onCommandBufferCompleted): Completed MTLCommandBuffer failed, and error is Internal Error (00000102:Internal Error)
[61640:0728/053408.198635:ERROR:ui/gl/angle_platform_impl.cc:47] mtl_command_buffer.mm:693 (onCommandBufferCompleted): Completed MTLCommandBuffer failed, and error is Internal Error (00000102:Internal Error)
[61640:0728/053408.199595:ERROR:ui/gl/angle_platform_impl.cc:47] mtl_command_buffer.mm:693 (onCommandBufferCompleted): Completed MTLCommandBuffer failed, and error is Internal Error (00000102:Internal Error)
[61640:0728/053408.300408:ERROR:ui/gl/angle_platform_impl.cc:47] mtl_command_buffer.mm:693 (onCommandBufferCompleted): Completed MTLCommandBuffer failed, and error is Internal Error (00000102:Internal Error)
[61640:0728/053408.303457:ERROR:ui/gl/angle_platform_impl.cc:47] mtl_command_buffer.mm:693 (onCommandBufferCompleted): Completed MTLCommandBuffer failed, and error is Internal Error (00000102:Internal Error)
[61640:0728/053408.407077:ERROR:ui/gl/angle_platform_impl.cc:47] mtl_command_buffer.mm:693 (onCommandBufferCompleted): Completed MTLCommandBuffer failed, and error is Internal Error (00000102:Internal Error)
[61640:0728/053408.410211:ERROR:ui/gl/angle_platform_impl.cc:47] mtl_command_buffer.mm:693 (onCommandBufferCompleted): Completed MTLCommandBuffer failed, and error is Internal Error (00000102:Internal Error)
[61640:0728/053408.447296:ERROR:ui/gl/angle_platform_impl.cc:47] mtl_command_buffer.mm:693 (onCommandBufferCompleted): Completed MTLCommandBuffer failed, and error is Internal Error (00000102:Internal Error)
[61640:0728/053408.448507:ERROR:ui/gl/angle_platform_impl.cc:47] mtl_command_buffer.mm:693 (onCommandBufferCompleted): Completed MTLCommandBuffer failed, and error is Internal Error (00000102:Internal Error)
[61640:0728/053408.498185:ERROR:ui/gl/angle_platform_impl.cc:47] mtl_command_buffer.mm:693 (onCommandBufferCompleted): Completed MTLCommandBuffer failed, and error is Internal Error (00000102:Internal Error)
[61640:0728/053408.499351:ERROR:ui/gl/angle_platform_impl.cc:47] mtl_command_buffer.mm:693 (onCommandBufferCompleted): Completed MTLCommandBuffer failed, and error is Internal Error (00000102:Internal Error)
[61640:0728/053408.599179:ERROR:ui/gl/angle_platform_impl.cc:47] mtl_command_buffer.mm:693 (onCommandBufferCompleted): Completed MTLCommandBuffer failed, and error is Internal Error (00000102:Internal Error)
[61640:0728/053408.601089:ERROR:ui/gl/angle_platform_impl.cc:47] mtl_command_buffer.mm:693 (onCommandBufferCompleted): Completed MTLCommandBuffer failed, and error is Internal Error (00000102:Internal Error)
[61640:0728/053408.669461:ERROR:ui/gl/angle_platform_impl.cc:47] mtl_command_buffer.mm:693 (onCommandBufferCompleted): Completed MTLCommandBuffer failed, and error is Internal Error (00000102:Internal Error)
[61640:0728/053408.670858:ERROR:ui/gl/angle_platform_impl.cc:47] mtl_command_buffer.mm:693 (onCommandBufferCompleted): Completed MTLCommandBuffer failed, and error is Internal Error (00000102:Internal Error)
[61640:0728/053408.710764:ERROR:ui/gl/angle_platform_impl.cc:47] mtl_command_buffer.mm:693 (onCommandBufferCompleted): Completed MTLCommandBuffer failed, and error is Internal Error (00000102:Internal Error)
[61640:0728/053408.712259:ERROR:ui/gl/angle_platform_impl.cc:47] mtl_command_buffer.mm:693 (onCommandBufferCompleted): Completed MTLCommandBuffer failed, and error is Internal Error (00000102:Internal Error)
[61640:0728/053408.770940:ERROR:ui/gl/angle_platform_impl.cc:47] mtl_command_buffer.mm:693 (onCommandBufferCompleted): Completed MTLCommandBuffer failed, and error is Internal Error (00000102:Internal Error)
[61640:0728/053408.772125:ERROR:ui/gl/angle_platform_impl.cc:47] mtl_command_buffer.mm:693 (onCommandBufferCompleted): Completed MTLCommandBuffer failed, and error is Internal Error (00000102:Internal Error)
[61640:0728/053408.830285:ERROR:ui/gl/angle_platform_impl.cc:47] mtl_command_buffer.mm:693 (onCommandBufferCompleted): Completed MTLCommandBuffer failed, and error is Internal Error (00000102:Internal Error)
[61640:0728/053408.846542:ERROR:ui/gl/angle_platform_impl.cc:47] mtl_command_buffer.mm:693 (onCommandBufferCompleted): Completed MTLCommandBuffer failed, and error is Internal Error (00000102:Internal Error)
[61640:0728/053408.851270:ERROR:ui/gl/angle_platform_impl.cc:47] mtl_command_buffer.mm:693 (onCommandBufferCompleted): Completed MTLCommandBuffer failed, and error is Internal Error (00000102:Internal Error)
[61640:0728/053408.852279:ERROR:ui/gl/angle_platform_impl.cc:47] mtl_command_buffer.mm:693 (onCommandBufferCompleted): Completed MTLCommandBuffer failed, and error is Internal Error (00000102:Internal Error)
[61640:0728/053408.948753:ERROR:ui/gl/angle_platform_impl.cc:47] mtl_command_buffer.mm:693 (onCommandBufferCompleted): Completed MTLCommandBuffer failed, and error is Internal Error (00000102:Internal Error)
[61640:0728/053408.949894:ERROR:ui/gl/angle_platform_impl.cc:47] mtl_command_buffer.mm:693 (onCommandBufferCompleted): Completed MTLCommandBuffer failed, and error is Internal Error (00000102:Internal Error)
[61640:0728/053409.056394:ERROR:ui/gl/angle_platform_impl.cc:47] mtl_command_buffer.mm:693 (onCommandBufferCompleted): Completed MTLCommandBuffer failed, and error is Internal Error (00000102:Internal Error)
[61640:0728/053409.058756:ERROR:ui/gl/angle_platform_impl.cc:47] mtl_command_buffer.mm:693 (onCommandBufferCompleted): Completed MTLCommandBuffer failed, and error is Internal Error (00000102:Internal Error)
[61640:0728/053409.116886:ERROR:ui/gl/angle_platform_impl.cc:47] mtl_command_buffer.mm:693 (onCommandBufferCompleted): Completed MTLCommandBuffer failed, and error is Internal Error (00000102:Internal Error)
[61640:0728/053409.118048:ERROR:ui/gl/angle_platform_impl.cc:47] mtl_command_buffer.mm:693 (onCommandBufferCompleted): Completed MTLCommandBuffer failed, and error is Internal Error (00000102:Internal Error)
[61640:0728/053409.154231:ERROR:ui/gl/angle_platform_impl.cc:47] mtl_command_buffer.mm:693 (onCommandBufferCompleted): Completed MTLCommandBuffer failed, and error is Internal Error (00000102:Internal Error)
[61640:0728/053409.223655:ERROR:ui/gl/angle_platform_impl.cc:47] mtl_command_buffer.mm:693 (onCommandBufferCompleted): Completed MTLCommandBuffer failed, and error is Internal Error (00000102:Internal Error)
[61640:0728/053409.250663:ERROR:ui/gl/angle_platform_impl.cc:47] mtl_command_buffer.mm:693 (onCommandBufferCompleted): Completed MTLCommandBuffer failed, and error is Internal Error (00000102:Internal Error)
[61640:0728/053409.252084:ERROR:ui/gl/angle_platform_impl.cc:47] mtl_command_buffer.mm:693 (onCommandBufferCompleted): Completed MTLCommandBuffer failed, and error is Internal Error (00000102:Internal Error)
[61640:0728/053409.326351:ERROR:ui/gl/angle_platform_impl.cc:47] mtl_command_buffer.mm:693 (onCommandBufferCompleted): Completed MTLCommandBuffer failed, and error is Internal Error (00000102:Internal Error)
[61640:0728/053409.328240:ERROR:ui/gl/angle_platform_impl.cc:47] mtl_command_buffer.mm:693 (onCommandBufferCompleted): Completed MTLCommandBuffer failed, and error is Internal Error (00000102:Internal Error)
[61640:0728/053409.448339:ERROR:ui/gl/angle_platform_impl.cc:47] mtl_command_buffer.mm:693 (onCommandBufferCompleted): Completed MTLCommandBuffer failed, and error is Internal Error (00000102:Internal Error)
[61640:0728/053409.449500:ERROR:ui/gl/angle_platform_impl.cc:47] mtl_command_buffer.mm:693 (onCommandBufferCompleted): Completed MTLCommandBuffer failed, and error is Internal Error (00000102:Internal Error)
[61640:0728/053409.550175:ERROR:ui/gl/angle_platform_impl.cc:47] mtl_command_buffer.mm:693 (onCommandBufferCompleted): Completed MTLCommandBuffer failed, and error is Internal Error (00000102:Internal Error)
[61640:0728/053409.551356:ERROR:ui/gl/angle_platform_impl.cc:47] mtl_command_buffer.mm:693 (onCommandBufferCompleted): Completed MTLCommandBuffer failed, and error is Internal Error (00000102:Internal Error)
[61640:0728/053409.648461:ERROR:ui/gl/angle_platform_impl.cc:47] mtl_command_buffer.mm:693 (onCommandBufferCompleted): Completed MTLCommandBuffer failed, and error is Internal Error (00000102:Internal Error)
[61640:0728/053409.649387:ERROR:ui/gl/angle_platform_impl.cc:47] mtl_command_buffer.mm:693 (onCommandBufferCompleted): Completed MTLCommandBuffer failed, and error is Internal Error (00000102:Internal Error)
[61640:0728/053409.753976:ERROR:ui/gl/angle_platform_impl.cc:47] mtl_command_buffer.mm:693 (onCommandBufferCompleted): Completed MTLCommandBuffer failed, and error is Internal Error (00000102:Internal Error)
[61640:0728/053409.755186:ERROR:ui/gl/angle_platform_impl.cc:47] mtl_command_buffer.mm:693 (onCommandBufferCompleted): Completed MTLCommandBuffer failed, and error is Internal Error (00000102:Internal Error)
[61640:0728/053409.849477:ERROR:ui/gl/angle_platform_impl.cc:47] mtl_command_buffer.mm:693 (onCommandBufferCompleted): Completed MTLCommandBuffer failed, and error is Internal Error (00000102:Internal Error)
[61640:0728/053409.851312:ERROR:ui/gl/angle_platform_impl.cc:47] mtl_command_buffer.mm:693 (onCommandBufferCompleted): Completed MTLCommandBuffer failed, and error is Internal Error (00000102:Internal Error)
[61640:0728/053409.957453:ERROR:ui/gl/angle_platform_impl.cc:47] mtl_command_buffer.mm:693 (onCommandBufferCompleted): Completed MTLCommandBuffer failed, and error is Internal Error (00000102:Internal Error)
[61640:0728/053409.958386:ERROR:ui/gl/angle_platform_impl.cc:47] mtl_command_buffer.mm:693 (onCommandBufferCompleted): Completed MTLCommandBuffer failed, and error is Internal Error (00000102:Internal Error)
[61640:0728/053410.056811:ERROR:ui/gl/angle_platform_impl.cc:47] mtl_command_buffer.mm:693 (onCommandBufferCompleted): Completed MTLCommandBuffer failed, and error is Internal Error (00000102:Internal Error)
[61640:0728/053410.058435:ERROR:ui/gl/angle_platform_impl.cc:47] mtl_command_buffer.mm:693 (onCommandBufferCompleted): Completed MTLCommandBuffer failed, and error is Internal Error (00000102:Internal Error)
[61640:0728/053410.113719:ERROR:ui/gl/angle_platform_impl.cc:47] mtl_command_buffer.mm:693 (onCommandBufferCompleted): Completed MTLCommandBuffer failed, and error is Internal Error (00000102:Internal Error)
[61640:0728/053410.114741:ERROR:ui/gl/angle_platform_impl.cc:47] mtl_command_buffer.mm:693 (onCommandBufferCompleted): Completed MTLCommandBuffer failed, and error is Internal Error (00000102:Internal Error)
[61640:0728/053410.162979:ERROR:ui/gl/angle_platform_impl.cc:47] mtl_command_buffer.mm:693 (onCommandBufferCompleted): Completed MTLCommandBuffer failed, and error is Internal Error (00000102:Internal Error)
[61640:0728/053410.206645:ERROR:ui/gl/angle_platform_impl.cc:47] mtl_command_buffer.mm:693 (onCommandBufferCompleted): Completed MTLCommandBuffer failed, and error is Internal Error (00000102:Internal Error)
[61640:0728/053410.313651:ERROR:ui/gl/angle_platform_impl.cc:47] mtl_command_buffer.mm:693 (onCommandBufferCompleted): Completed MTLCommandBuffer failed, and error is Internal Error (00000102:Internal Error)
[61640:0728/053410.315054:ERROR:ui/gl/angle_platform_impl.cc:47] mtl_command_buffer.mm:693 (onCommandBufferCompleted): Completed MTLCommandBuffer failed, and error is Internal Error (00000102:Internal Error)
[61640:0728/053410.418042:ERROR:ui/gl/angle_platform_impl.cc:47] mtl_command_buffer.mm:693 (onCommandBufferCompleted): Completed MTLCommandBuffer failed, and error is Internal Error (00000102:Internal Error)
[61640:0728/053410.419518:ERROR:ui/gl/angle_platform_impl.cc:47] mtl_command_buffer.mm:693 (onCommandBufferCompleted): Completed MTLCommandBuffer failed, and error is Internal Error (00000102:Internal Error)
[61640:0728/053410.506194:ERROR:ui/gl/angle_platform_impl.cc:47] mtl_command_buffer.mm:693 (onCommandBufferCompleted): Completed MTLCommandBuffer failed, and error is Internal Error (00000102:Internal Error)
[61640:0728/053410.508528:ERROR:ui/gl/angle_platform_impl.cc:47] mtl_command_buffer.mm:693 (onCommandBufferCompleted): Completed MTLCommandBuffer failed, and error is Internal Error (00000102:Internal Error)
[61640:0728/053410.596366:ERROR:ui/gl/angle_platform_impl.cc:47] mtl_command_buffer.mm:693 (onCommandBufferCompleted): Completed MTLCommandBuffer failed, and error is Internal Error (00000102:Internal Error)
[61640:0728/053410.597822:ERROR:ui/gl/angle_platform_impl.cc:47] mtl_command_buffer.mm:693 (onCommandBufferCompleted): Completed MTLCommandBuffer failed, and error is Internal Error (00000102:Internal Error)
[61640:0728/053410.601560:ERROR:ui/gl/angle_platform_impl.cc:47] mtl_command_buffer.mm:693 (onCommandBufferCompleted): Completed MTLCommandBuffer failed, and error is Internal Error (00000102:Internal Error)
[61640:0728/053410.602370:ERROR:ui/gl/angle_platform_impl.cc:47] mtl_command_buffer.mm:693 (onCommandBufferCompleted): Completed MTLCommandBuffer failed, and error is Internal Error (00000102:Internal Error)
[61640:0728/053410.672892:ERROR:ui/gl/angle_platform_impl.cc:47] mtl_command_buffer.mm:693 (onCommandBufferCompleted): Completed MTLCommandBuffer failed, and error is Internal Error (00000102:Internal Error)
[61640:0728/053410.674803:ERROR:ui/gl/angle_platform_impl.cc:47] mtl_command_buffer.mm:693 (onCommandBufferCompleted): Completed MTLCommandBuffer failed, and error is Internal Error (00000102:Internal Error)
[61640:0728/053410.750139:ERROR:ui/gl/angle_platform_impl.cc:47] mtl_command_buffer.mm:693 (onCommandBufferCompleted): Completed MTLCommandBuffer failed, and error is Internal Error (00000102:Internal Error)
[61640:0728/053410.752405:ERROR:ui/gl/angle_platform_impl.cc:47] mtl_command_buffer.mm:693 (onCommandBufferCompleted): Completed MTLCommandBuffer failed, and error is Internal Error (00000102:Internal Error)
[61640:0728/053410.851869:ERROR:ui/gl/angle_platform_impl.cc:47] mtl_command_buffer.mm:693 (onCommandBufferCompleted): Completed MTLCommandBuffer failed, and error is Internal Error (00000102:Internal Error)
[61640:0728/053410.853316:ERROR:ui/gl/angle_platform_impl.cc:47] mtl_command_buffer.mm:693 (onCommandBufferCompleted): Completed MTLCommandBuffer failed, and error is Internal Error (00000102:Internal Error)
