[launchdchrootexec] target=/Applications/Visual Studio Code.app/Contents/MacOS/Electron arch=arm64 insert=/usr/local/lib/libmachook_arm64.dylib
getppid = 1
#### MACWS_HID_BYPASS installed SetMatchingMultiple → no-op (1) at 0x1951f9e8c — skips iOS-format CFBinaryPlist parse inside
####   IOHIDEventSystemClientCacheMatchingServices → IOHIDUnserializeAndVMDealloc → CFPropertyListCreateFromStream
####   that BUS_ADRALNs in the IOMFBServer thread.
#### MACWS_AGX_RENAMER_PATCH: off (set MACWS_AGX_RENAMER_PATCH=1 to enable)
#### MACWS_ASSERT_BYPASS DISABLED (set MACWS_KEEP_ASSERT_BYPASS=1 to restore lazy bypass) — real __assert_rtn now reaches abort
#### MACWS_AGX_NATIVE [ctor] pre-loaded IOGPU via /System/Library/PrivateFrameworks/IOGPU.framework/IOGPU -> 0x3a62a4c10
#### XPC_BOOTSTRAP: fn=0x191db1140 dict=0x107606950 (registering Metal/ViewBridge/HIServices)
#### XPC_BOOTSTRAP: called OK
#### COEXIST API SwapEnd hook installed target=0x19cc8f1cc trampoline=0x104988000
#### SkyLight PrepareForUse tolerate-nil hook installed at 0x197070fc4
#### SkyLight StartCompositeForDisplayStream nil-skip hook installed at 0x196e99d74
#### SkyLight StartComposite(WSCD) tolerate-nil + pop-on-bail hook installed at 0x196e99358
#### SkyLight StartComposite(MTLTex) pop-on-bail hook installed at 0x196e99fb8
#### SkyLight EndCurrentComposite(bool) completion hook installed at 0x196e9853c
#### SkyLight EndUpdate(bool) submission hook installed at 0x196e980b0
#### SkyLight _state_stack pop_back resolved at 0x196e96fa0
#### SkyLight WSCompositeDestinationCreateWithMetalTexture nil-tolerate hook installed at 0x196e9c53c
#### SkyLight MetalContext::StopCapture invalid-this guard installed at 0x196e981bc
#### MACWS_AGX_NATIVE class_addMethod(MTLTextureDescriptor, validateWithDevice:) = 1
#### MACWS_AGX_NATIVE class_addMethod(IOGPUMetalTexture, isMemoryless) = 1
#### MACWS_AGX_NATIVE class_addMethod(IOGPUMetalTexture, getCPUSizeBytes) = 1
#### MACWS_AGX_NATIVE class_addMethod(IOGPUMetalTexture, getAlignment) = 1
#### MACWS_AGX_NATIVE class_addMethod(IOGPUMetalTexture, descriptorPrivate) = 1
#### MACWS_AGX_NATIVE class_addMethod(IOGPUMetalTexture, getBytesPerRow) = 1
#### MACWS_AGX_NATIVE class_addMethod(IOGPUMetalTexture, updateBindDataWithAddresses:gpuVirtualAddress:) = 1
#### MACWS_AGX_NATIVE class_addMethod(IOGPUMetalTexture, updateBindDataWithAddresses:gpuVirtualAddress:shouldInitMetadata:) = 1
#### MACWS_AGX_NATIVE class_addMethod(IOGPUMetalTexture, allocBufferSubDataWithLength:options:alignment:heapIndex:bufferIndex:bufferOffset:) = 1
#### MACWS_AGX_NATIVE class_addMethod(IOGPUMetalTexture, initNewTextureData:) = 1
#### MACWS_AGX_NATIVE class_addMethod(MTLTextureDescriptor, isMemoryless) = 1
#### MACWS_AGX_NATIVE class_addMethod(MTLTextureDescriptor, protectionOptions) = 1
#### MACWS_AGX_NATIVE class_addMethod(MTLTextureDescriptor, getCPUSizeBytes) = 1
#### MACWS_AGX_NATIVE class_addMethod(MTLTextureDescriptor, getAlignment) = 1
#### MACWS_AGX_NATIVE class_addMethod(MTLTextureDescriptor, descriptorPrivate) = 1
#### MACWS_AGX_NATIVE class_addMethod(MTLTextureDescriptor, getBytesPerRow) = 1
#### MACWS_AGX_NATIVE class_addMethod(MTLTextureDescriptor, updateBindDataWithAddresses:gpuVirtualAddress:) = 1
#### MACWS_AGX_NATIVE class_addMethod(MTLTextureDescriptor, updateBindDataWithAddresses:gpuVirtualAddress:shouldInitMetadata:) = 1
#### MACWS_AGX_NATIVE class_addMethod(MTLTextureDescriptor, allocBufferSubDataWithLength:options:alignment:heapIndex:bufferIndex:bufferOffset:) = 1
#### MACWS_AGX_NATIVE class_addMethod(MTLTextureDescriptor, initNewTextureData:) = 1
#### APP-INPUT KEY-WITNESS installed -[NSApplication sendEvent:] display-settle=0ms (diagnostic scaffold)
#### APP-INPUT ACTIVATION-WITNESS installed -[NSApplication _handleActivatedEvent:]
#### APP-INPUT MENU-TRACK-WITNESS hook class=NSMenuPresentationInstance types=v28@0:8B16@20
#### APP-INPUT MENU-TRACK-WITNESS installed hooks=1
#### APP-INPUT READY pid=68543 socket=/private/tmp/macws_app_input.68543.sock abi=3 record=52
#### APP-INPUT THREAD pid=68543 socket=3
#### AMFI-POLICY-COMPAT policy=AMFI op=0x60 status=0x4 (iOS task ports are hard-immovable)
#### CSR-POLICY-COMPAT active_config=0x0 (conservative iOS compatibility value)
#### JIT-MPROTECT range[0]=[0x280000000,0x290000000) source=MAP_JIT-EINVAL
#### JIT-MPROTECT execution barrier installed (W^X fetch-wait compatibility)
#### JIT-MPROTECT range[0]=[0x280000000,0x290000000) source=MAP_JIT-EINVAL
#### JIT-MPROTECT range[0]=[0x280000000,0x290000000) source=MAP_JIT-EINVAL
#### JIT-MPROTECT range[0]=[0x280000000,0x290000000) source=MAP_JIT-EINVAL
#### JIT-MPROTECT range[0]=[0x280000000,0x290000000) source=MAP_JIT-EINVAL
#### JIT-MPROTECT range[0]=[0x280000000,0x290000000) source=MAP_JIT-EINVAL
#### JIT-MPROTECT range[0]=[0x280000000,0x290000000) source=MAP_JIT-EINVAL
#### JIT-MPROTECT range[0]=[0x280000000,0x290000000) source=MAP_JIT-EINVAL
#### JIT-MPROTECT range[0]=[0x170000000,0x180000000) source=MAP_JIT-EINVAL
#### JIT-MPROTECT remap decline #1 dst=0x177dc0000 size=0x208000 src=0x113da8000 requested=0x5 -> V8 copy fallback
#### JIT-MPROTECT flip #1 ranges=1 prot=RW writers=1 exec_waits=0 late_retries=0
#### JIT-MPROTECT flip #2 ranges=1 prot=RX writers=1 exec_waits=0 late_retries=0
#### JIT-MPROTECT flip #3 ranges=1 prot=RW writers=1 exec_waits=0 late_retries=0
#### JIT-MPROTECT flip #4 ranges=1 prot=RX writers=1 exec_waits=1 late_retries=0
#### JIT-MPROTECT flip #5 ranges=1 prot=RW writers=1 exec_waits=1 late_retries=0
#### JIT-MPROTECT flip #6 ranges=1 prot=RX writers=1 exec_waits=2 late_retries=0
#### JIT-MPROTECT flip #7 ranges=1 prot=RW writers=1 exec_waits=2 late_retries=0
#### JIT-MPROTECT flip #8 ranges=1 prot=RX writers=1 exec_waits=3 late_retries=0
#### JIT-MPROTECT flip #9 ranges=1 prot=RW writers=1 exec_waits=3 late_retries=0
#### JIT-MPROTECT flip #10 ranges=1 prot=RX writers=1 exec_waits=4 late_retries=0
#### JIT-MPROTECT flip #11 ranges=1 prot=RW writers=1 exec_waits=4 late_retries=0
#### JIT-MPROTECT flip #12 ranges=1 prot=RX writers=1 exec_waits=5 late_retries=0
#### JIT-MPROTECT flip #13 ranges=1 prot=RW writers=1 exec_waits=5 late_retries=0
#### JIT-MPROTECT flip #14 ranges=1 prot=RX writers=1 exec_waits=6 late_retries=0
#### JIT-MPROTECT flip #15 ranges=1 prot=RW writers=1 exec_waits=6 late_retries=0
#### JIT-MPROTECT flip #16 ranges=1 prot=RX writers=1 exec_waits=7 late_retries=0
#### JIT-MPROTECT flip #17 ranges=1 prot=RW writers=1 exec_waits=7 late_retries=0
#### JIT-MPROTECT flip #18 ranges=1 prot=RX writers=1 exec_waits=8 late_retries=0
#### JIT-MPROTECT flip #19 ranges=1 prot=RW writers=1 exec_waits=8 late_retries=0
#### JIT-MPROTECT flip #20 ranges=1 prot=RX writers=1 exec_waits=9 late_retries=0
#### JIT-MPROTECT flip #21 ranges=1 prot=RW writers=1 exec_waits=9 late_retries=0
#### JIT-MPROTECT flip #22 ranges=1 prot=RX writers=1 exec_waits=10 late_retries=0
#### JIT-MPROTECT flip #23 ranges=1 prot=RW writers=1 exec_waits=10 late_retries=0
#### JIT-MPROTECT flip #24 ranges=1 prot=RX writers=1 exec_waits=11 late_retries=0
#### JIT-MPROTECT flip #25 ranges=1 prot=RW writers=1 exec_waits=11 late_retries=0
#### JIT-MPROTECT flip #26 ranges=1 prot=RX writers=1 exec_waits=12 late_retries=0
#### JIT-MPROTECT flip #27 ranges=1 prot=RW writers=1 exec_waits=12 late_retries=0
#### JIT-MPROTECT flip #28 ranges=1 prot=RX writers=1 exec_waits=12 late_retries=0
#### JIT-MPROTECT flip #29 ranges=1 prot=RW writers=1 exec_waits=12 late_retries=0
#### JIT-MPROTECT flip #30 ranges=1 prot=RX writers=1 exec_waits=13 late_retries=0
#### JIT-MPROTECT flip #31 ranges=1 prot=RW writers=1 exec_waits=13 late_retries=0
#### JIT-MPROTECT flip #32 ranges=1 prot=RX writers=1 exec_waits=14 late_retries=0
#### JIT-MPROTECT flip #1024 ranges=1 prot=RX writers=1 exec_waits=389 late_retries=12
#### MACWS_HID_BYPASS installed SetMatchingMultiple → no-op (1) at 0x1951f9e8c — skips iOS-format CFBinaryPlist parse inside
####   IOHIDEventSystemClientCacheMatchingServices → IOHIDUnserializeAndVMDealloc → CFPropertyListCreateFromStream
####   that BUS_ADRALNs in the IOMFBServer thread.
#### MACWS_AGX_RENAMER_PATCH: off (set MACWS_AGX_RENAMER_PATCH=1 to enable)
#### MACWS_ASSERT_BYPASS DISABLED (set MACWS_KEEP_ASSERT_BYPASS=1 to restore lazy bypass) — real __assert_rtn now reaches abort
#### MACWS_AGX_NATIVE [ctor] pre-loaded IOGPU via /System/Library/PrivateFrameworks/IOGPU.framework/IOGPU -> 0x3a62a4c10
#### XPC_BOOTSTRAP: fn=0x191db1140 dict=0x121e139c0 (registering Metal/ViewBridge/HIServices)
#### XPC_BOOTSTRAP: called OK
#### COEXIST API SwapEnd hook installed target=0x19cc8f1cc trampoline=0x104c10000
#### SkyLight PrepareForUse tolerate-nil hook installed at 0x197070fc4
#### SkyLight StartCompositeForDisplayStream nil-skip hook installed at 0x196e99d74
#### SkyLight StartComposite(WSCD) tolerate-nil + pop-on-bail hook installed at 0x196e99358
#### SkyLight StartComposite(MTLTex) pop-on-bail hook installed at 0x196e99fb8
#### SkyLight EndCurrentComposite(bool) completion hook installed at 0x196e9853c
#### SkyLight EndUpdate(bool) submission hook installed at 0x196e980b0
#### SkyLight _state_stack pop_back resolved at 0x196e96fa0
#### SkyLight WSCompositeDestinationCreateWithMetalTexture nil-tolerate hook installed at 0x196e9c53c
#### SkyLight MetalContext::StopCapture invalid-this guard installed at 0x196e981bc
#### MACWS_AGX_NATIVE class_addMethod(MTLTextureDescriptor, validateWithDevice:) = 1
#### MACWS_AGX_NATIVE class_addMethod(IOGPUMetalTexture, isMemoryless) = 1
#### MACWS_AGX_NATIVE class_addMethod(IOGPUMetalTexture, getCPUSizeBytes) = 1
#### MACWS_AGX_NATIVE class_addMethod(IOGPUMetalTexture, getAlignment) = 1
#### MACWS_AGX_NATIVE class_addMethod(IOGPUMetalTexture, descriptorPrivate) = 1
#### MACWS_AGX_NATIVE class_addMethod(IOGPUMetalTexture, getBytesPerRow) = 1
#### MACWS_AGX_NATIVE class_addMethod(IOGPUMetalTexture, updateBindDataWithAddresses:gpuVirtualAddress:) = 1
#### MACWS_AGX_NATIVE class_addMethod(IOGPUMetalTexture, updateBindDataWithAddresses:gpuVirtualAddress:shouldInitMetadata:) = 1
#### MACWS_AGX_NATIVE class_addMethod(IOGPUMetalTexture, allocBufferSubDataWithLength:options:alignment:heapIndex:bufferIndex:bufferOffset:) = 1
#### MACWS_AGX_NATIVE class_addMethod(IOGPUMetalTexture, initNewTextureData:) = 1
#### MACWS_AGX_NATIVE class_addMethod(MTLTextureDescriptor, isMemoryless) = 1
#### MACWS_AGX_NATIVE class_addMethod(MTLTextureDescriptor, protectionOptions) = 1
#### MACWS_AGX_NATIVE class_addMethod(MTLTextureDescriptor, getCPUSizeBytes) = 1
#### MACWS_AGX_NATIVE class_addMethod(MTLTextureDescriptor, getAlignment) = 1
#### MACWS_AGX_NATIVE class_addMethod(MTLTextureDescriptor, descriptorPrivate) = 1
#### MACWS_AGX_NATIVE class_addMethod(MTLTextureDescriptor, getBytesPerRow) = 1
#### MACWS_AGX_NATIVE class_addMethod(MTLTextureDescriptor, updateBindDataWithAddresses:gpuVirtualAddress:) = 1
#### MACWS_AGX_NATIVE class_addMethod(MTLTextureDescriptor, updateBindDataWithAddresses:gpuVirtualAddress:shouldInitMetadata:) = 1
#### MACWS_AGX_NATIVE class_addMethod(MTLTextureDescriptor, allocBufferSubDataWithLength:options:alignment:heapIndex:bufferIndex:bufferOffset:) = 1
#### MACWS_AGX_NATIVE class_addMethod(MTLTextureDescriptor, initNewTextureData:) = 1
#### APP-INPUT KEY-WITNESS installed -[NSApplication sendEvent:] display-settle=0ms (diagnostic scaffold)
#### APP-INPUT ACTIVATION-WITNESS installed -[NSApplication _handleActivatedEvent:]
#### APP-INPUT MENU-TRACK-WITNESS hook class=NSMenuPresentationInstance types=v28@0:8B16@20
#### APP-INPUT MENU-TRACK-WITNESS installed hooks=1
#### APP-INPUT READY pid=68547 socket=/private/tmp/macws_app_input.68547.sock abi=3 record=52
#### APP-INPUT THREAD pid=68547 socket=3
[68543:0729/142131.875429:ERROR:third_party/crashpad/crashpad/util/file/file_io.cc:103] ReadExactly: expected 8, observed 0

DevTools listening on ws://127.0.0.1:9222/devtools/browser/8a19b0e3-0be8-46a2-8fd7-1a10487b8d90
#### MACWS_HID_BYPASS installed SetMatchingMultiple → no-op (1) at 0x1951f9e8c — skips iOS-format CFBinaryPlist parse inside
####   IOHIDEventSystemClientCacheMatchingServices → IOHIDUnserializeAndVMDealloc → CFPropertyListCreateFromStream
####   that BUS_ADRALNs in the IOMFBServer thread.
#### MACWS_AGX_RENAMER_PATCH: off (set MACWS_AGX_RENAMER_PATCH=1 to enable)
#### MACWS_ASSERT_BYPASS DISABLED (set MACWS_KEEP_ASSERT_BYPASS=1 to restore lazy bypass) — real __assert_rtn now reaches abort
#### MACWS_HID_BYPASS installed SetMatchingMultiple → no-op (1) at 0x1951f9e8c — skips iOS-format CFBinaryPlist parse inside
####   IOHIDEventSystemClientCacheMatchingServices → IOHIDUnserializeAndVMDealloc → CFPropertyListCreateFromStream
####   that BUS_ADRALNs in the IOMFBServer thread.
#### MACWS_AGX_RENAMER_PATCH: off (set MACWS_AGX_RENAMER_PATCH=1 to enable)
#### MACWS_ASSERT_BYPASS DISABLED (set MACWS_KEEP_ASSERT_BYPASS=1 to restore lazy bypass) — real __assert_rtn now reaches abort
#### MACWS_AGX_NATIVE [ctor] pre-loaded IOGPU via /System/Library/PrivateFrameworks/IOGPU.framework/IOGPU -> 0x3a62a4c10
#### MACWS_AGX_NATIVE [ctor] pre-loaded IOGPU via /System/Library/PrivateFrameworks/IOGPU.framework/IOGPU -> 0x3a62a4c10
#### XPC_BOOTSTRAP: fn=0x191db1140 dict=0x12a615d20 (registering Metal/ViewBridge/HIServices)
#### XPC_BOOTSTRAP: fn=0x191db1140 dict=0x122610de0 (registering Metal/ViewBridge/HIServices)
#### XPC_BOOTSTRAP: called OK
#### XPC_BOOTSTRAP: called OK
#### COEXIST API SwapEnd hook installed target=0x19cc8f1cc trampoline=0x105bfc000
#### COEXIST API SwapEnd hook installed target=0x19cc8f1cc trampoline=0x1029cc000
#### SkyLight PrepareForUse tolerate-nil hook installed at 0x197070fc4
#### SkyLight PrepareForUse tolerate-nil hook installed at 0x197070fc4
#### SkyLight StartCompositeForDisplayStream nil-skip hook installed at 0x196e99d74
#### SkyLight StartCompositeForDisplayStream nil-skip hook installed at 0x196e99d74
#### SkyLight StartComposite(WSCD) tolerate-nil + pop-on-bail hook installed at 0x196e99358
#### SkyLight StartComposite(WSCD) tolerate-nil + pop-on-bail hook installed at 0x196e99358
#### SkyLight StartComposite(MTLTex) pop-on-bail hook installed at 0x196e99fb8
#### SkyLight StartComposite(MTLTex) pop-on-bail hook installed at 0x196e99fb8
#### SkyLight EndCurrentComposite(bool) completion hook installed at 0x196e9853c
#### SkyLight EndCurrentComposite(bool) completion hook installed at 0x196e9853c
#### SkyLight EndUpdate(bool) submission hook installed at 0x196e980b0
#### SkyLight _state_stack pop_back resolved at 0x196e96fa0
#### SkyLight EndUpdate(bool) submission hook installed at 0x196e980b0
#### SkyLight _state_stack pop_back resolved at 0x196e96fa0
#### SkyLight WSCompositeDestinationCreateWithMetalTexture nil-tolerate hook installed at 0x196e9c53c
#### SkyLight WSCompositeDestinationCreateWithMetalTexture nil-tolerate hook installed at 0x196e9c53c
#### SkyLight MetalContext::StopCapture invalid-this guard installed at 0x196e981bc
#### SkyLight MetalContext::StopCapture invalid-this guard installed at 0x196e981bc
#### MACWS_AGX_NATIVE class_addMethod(MTLTextureDescriptor, validateWithDevice:) = 1
#### MACWS_AGX_NATIVE class_addMethod(IOGPUMetalTexture, isMemoryless) = 1
#### MACWS_AGX_NATIVE class_addMethod(IOGPUMetalTexture, getCPUSizeBytes) = 1
#### MACWS_AGX_NATIVE class_addMethod(IOGPUMetalTexture, getAlignment) = 1
#### MACWS_AGX_NATIVE class_addMethod(IOGPUMetalTexture, descriptorPrivate) = 1
#### MACWS_AGX_NATIVE class_addMethod(IOGPUMetalTexture, getBytesPerRow) = 1
#### MACWS_AGX_NATIVE class_addMethod(IOGPUMetalTexture, updateBindDataWithAddresses:gpuVirtualAddress:) = 1
#### MACWS_AGX_NATIVE class_addMethod(IOGPUMetalTexture, updateBindDataWithAddresses:gpuVirtualAddress:shouldInitMetadata:) = 1
#### MACWS_AGX_NATIVE class_addMethod(IOGPUMetalTexture, allocBufferSubDataWithLength:options:alignment:heapIndex:bufferIndex:bufferOffset:) = 1
#### MACWS_AGX_NATIVE class_addMethod(IOGPUMetalTexture, initNewTextureData:) = 1
#### MACWS_AGX_NATIVE class_addMethod(MTLTextureDescriptor, isMemoryless) = 1
#### MACWS_AGX_NATIVE class_addMethod(MTLTextureDescriptor, protectionOptions) = 1
#### MACWS_AGX_NATIVE class_addMethod(MTLTextureDescriptor, getCPUSizeBytes) = 1
#### MACWS_AGX_NATIVE class_addMethod(MTLTextureDescriptor, getAlignment) = 1
#### MACWS_AGX_NATIVE class_addMethod(MTLTextureDescriptor, descriptorPrivate) = 1
#### MACWS_AGX_NATIVE class_addMethod(MTLTextureDescriptor, getBytesPerRow) = 1
#### MACWS_AGX_NATIVE class_addMethod(MTLTextureDescriptor, updateBindDataWithAddresses:gpuVirtualAddress:) = 1
#### MACWS_AGX_NATIVE class_addMethod(MTLTextureDescriptor, updateBindDataWithAddresses:gpuVirtualAddress:shouldInitMetadata:) = 1
#### MACWS_AGX_NATIVE class_addMethod(MTLTextureDescriptor, allocBufferSubDataWithLength:options:alignment:heapIndex:bufferIndex:bufferOffset:) = 1
#### MACWS_AGX_NATIVE class_addMethod(MTLTextureDescriptor, initNewTextureData:) = 1
#### MACWS_AGX_NATIVE class_addMethod(MTLTextureDescriptor, validateWithDevice:) = 1
#### MACWS_AGX_NATIVE class_addMethod(IOGPUMetalTexture, isMemoryless) = 1
#### MACWS_AGX_NATIVE class_addMethod(IOGPUMetalTexture, getCPUSizeBytes) = 1
#### MACWS_AGX_NATIVE class_addMethod(IOGPUMetalTexture, getAlignment) = 1
#### MACWS_AGX_NATIVE class_addMethod(IOGPUMetalTexture, descriptorPrivate) = 1
#### MACWS_AGX_NATIVE class_addMethod(IOGPUMetalTexture, getBytesPerRow) = 1
#### MACWS_AGX_NATIVE class_addMethod(IOGPUMetalTexture, updateBindDataWithAddresses:gpuVirtualAddress:) = 1
#### MACWS_AGX_NATIVE class_addMethod(IOGPUMetalTexture, updateBindDataWithAddresses:gpuVirtualAddress:shouldInitMetadata:) = 1
#### MACWS_AGX_NATIVE class_addMethod(IOGPUMetalTexture, allocBufferSubDataWithLength:options:alignment:heapIndex:bufferIndex:bufferOffset:) = 1
#### MACWS_AGX_NATIVE class_addMethod(IOGPUMetalTexture, initNewTextureData:) = 1
#### MACWS_AGX_NATIVE class_addMethod(MTLTextureDescriptor, isMemoryless) = 1
#### MACWS_AGX_NATIVE class_addMethod(MTLTextureDescriptor, protectionOptions) = 1
#### MACWS_AGX_NATIVE class_addMethod(MTLTextureDescriptor, getCPUSizeBytes) = 1
#### MACWS_AGX_NATIVE class_addMethod(MTLTextureDescriptor, getAlignment) = 1
#### MACWS_AGX_NATIVE class_addMethod(MTLTextureDescriptor, descriptorPrivate) = 1
#### MACWS_AGX_NATIVE class_addMethod(MTLTextureDescriptor, getBytesPerRow) = 1
#### MACWS_AGX_NATIVE class_addMethod(MTLTextureDescriptor, updateBindDataWithAddresses:gpuVirtualAddress:) = 1
#### MACWS_AGX_NATIVE class_addMethod(MTLTextureDescriptor, updateBindDataWithAddresses:gpuVirtualAddress:shouldInitMetadata:) = 1
#### MACWS_AGX_NATIVE class_addMethod(MTLTextureDescriptor, allocBufferSubDataWithLength:options:alignment:heapIndex:bufferIndex:bufferOffset:) = 1
#### MACWS_AGX_NATIVE class_addMethod(MTLTextureDescriptor, initNewTextureData:) = 1
2026-07-29 14:21:32.233 Electron[68543:12253120] id createVolumeObserverSubsystem(NSWorkspaceNotificationCenter *): Failed to create volume observer.
2026-07-29 14:21:32.233 Electron[68543:12253120] id createVolumeObserverSubsystem(NSWorkspaceNotificationCenter *): Failed to create volume observer.
2026-07-29 14:21:32.234 Electron[68543:12253120] id createVolumeObserverSubsystem(NSWorkspaceNotificationCenter *): Failed to create volume observer.
2026-07-29 14:21:32.330 Electron[68543:12253120] XType: Using static font registry.
#### AMFI-POLICY-COMPAT policy=AMFI op=0x60 status=0x4 (iOS task ports are hard-immovable)
#### CSR-POLICY-COMPAT active_config=0x0 (conservative iOS compatibility value)
[68550:0729/142132.423952:ERROR:base/process/process_mac.cc:53] task_policy_set TASK_CATEGORY_POLICY: (os/kern) invalid argument (4)
#### AMFI-POLICY-COMPAT policy=AMFI op=0x60 status=0x4 (iOS task ports are hard-immovable)
#### CSR-POLICY-COMPAT active_config=0x0 (conservative iOS compatibility value)
[68549:0729/142132.439245:ERROR:base/process/process_mac.cc:53] task_policy_set TASK_CATEGORY_POLICY: (os/kern) invalid argument (4)
#### APP-INPUT SYSTEM-ACTIVATE-EVENT pid=68543 window=0 data1=1 data2=64 retained=YES
#### tile-encoder forwards: class MTLSimRenderCommandEncoder NOT found
#### IOGPU-CALLBACK-DIAG installed queueClass=0x1ed2548d0 method=0x0 orig=0x0 bufferClass=0x1ed254830 method=0x1aedcb9a5 orig=0x1aedaebe8 errorMethod=0x19b607e01 errorOrig=0x19b4d9dcc (file-gated)
#### NSXPCSharedListener class=0x1ed5cfbd8
#### NSXPCSharedListener endpointForReply swizzle installed
#### NSXPCSharedListener connectToService swizzle installed
#### NSXPCSharedListener connectToService intercepted (graceful fail)
[68543:0729/142132.561668:ERROR:net/cert/internal/trust_store_mac.cc:489] SecKeychainAddCallback failed: Error Domain=NSOSStatusErrorDomain Code=-50 "paramErr: error in user parameter list" (-50)
[68543:0729/142132.561854:ERROR:net/cert/internal/trust_store_mac.cc:489] SecKeychainAddCallback failed: Error Domain=NSOSStatusErrorDomain Code=-50 "paramErr: error in user parameter list" (-50)
Warning: 'remote-debugging-port' is not in the list of known options, but still passed to Electron/Chromium.
Warning: 'remote-allow-origins' is not in the list of known options, but still passed to Electron/Chromium.
Warning: 'use-angle' is not in the list of known options, but still passed to Electron/Chromium.
Warning: 'ignore-gpu-blocklist' is not in the list of known options, but still passed to Electron/Chromium.
Warning: 'disable-features' is not in the list of known options, but still passed to Electron/Chromium.
#### MACWS_AGX_NATIVE pre-loaded IOGPU via /System/Library/PrivateFrameworks/IOGPU.framework/IOGPU -> 0x3a62a4c10
#### MACWS_AGX_NATIVE dlsym(IOGPUResourceCreate) = 0x1aedc20a0
#### MACWS_AGX_NATIVE dlsym(IOGPUMetalCommonResourceCreate) = 0x0
#### MACWS_AGX_NATIVE dlsym(IOGPUDeviceCreateWithAPIProperty) = 0x1aedc00fc
#### MACWS_AGX_NATIVE dlsym(_IOGPUMetalAllocateResource) = 0x0
#### MACWS_AGX_NATIVE dlsym(IOGPUMetalAllocateResource) = 0x0
#### AGX_CLASSREF_DIAG newTexture iosurface alloc class @0x22c515298 = 0x22eabe5f0 name=AGXG13GFamilyTexture
#### AGX_CLASSREF_DIAG initImpl method m=0x1f76cd3ad imp=0x1f76b6284 expected stub=0x1f76c6880 real=0x1f76b6284 WHICH=AGXG13GFamilyTexture-real
#### MACWS_AGX_OBJC_AUTDA_PATCH msgSendSuper2=0x191cd1e00 code=0x191cd1e00 autda@0x191cd1e10 insn=0xdac11a30
####   PATCHED autda x16,x17 → xpacd x16 (0xdac11a30 → 0xdac147f0)
#### MACWS_AGX_SEL_DIAG super-init SEL static=0x1cffc6f26 slid=0x1e1c32f26 readable=1
####   bytes="initWithDevice:descriptor:iosurface:plane:field:args:argsSize:"
####   sel_registerName(...) = 0x1e1c32f26 name="initWithDevice:descriptor:iosurface:plane:field:args:argsSize:"
####   objc_getClass(IOGPUMetalTexture) = 0x1ed254fb0
####   IOGPUMetalTexture method count = 71
####     - initNewTextureData:
####     - updateBindDataWithAddresses:gpuVirtualAddress:shouldInitMetadata:
####     - initWithBuffer:descriptor:offset:bytesPerRow:
####     - initWithBuffer:descriptor:sysMemOffset:sysMemRowBytes:vidMemSize:vidMemRowBytes:args:argsSize:
####     - initWithBuffer:descriptor:sysMemOffset:sysMemRowBytes:vidMemSize:vidMemRowBytes:args:argsSize:isStrideTexture:
####     - initWithDevice:descriptor:iosurface:plane:field:args:argsSize:
####     - initWithDevice:descriptor:sysMemSize:sysMemRowBytes:vidMemSize:vidMemRowBytes:args:argsSize:
####     - initWithDevice:remoteStorageTexture:args:argsSize:
####     - initWithHeap:resource:offset:length:device:descriptor:
####     - initWithTexture:pixelFormat:
####     - initWithTexture:pixelFormat:textureType:levels:slices:
####     - initWithTexture:pixelFormat:textureType:levels:slices:swizzle:
####     - initWithTextureInternal:pixelFormat:textureType:levels:slices:swizzle:compressedView:
####     - initWithPrimaryBuffer:heapIndex:bufferIndex:bufferOffset:length:descriptor:sysMemRowBytes:vidMemSize:vidMemRowBytes:args:argsSize:
####   AGXTexture super class = 0x0 ((nil))
####   super responds to "initWithDevice:desc:iosurface:plane:" = 0 (Method=0x0)
####   super responds to "initWithDevice:descriptor:iosurface:plane:" = 0 (Method=0x0)
####   super responds to "initWithDevice:descriptor:iosurface:plane:field:args:argsSize:" = 0 (Method=0x0)
####   super responds to "initImplWithDevice:Descriptor:iosurface:plane:buffer:bytesPerRow:allowNPOT:sparsePageSize:isCompressedIOSurface:isHeapBacked:" = 0 (Method=0x0)
#### MACWS_AGX_STUB_FIX objc_msgSendSuper2
####   stub@0x1f76c9fc0 insns=[d01cf7f1 9132a231 f9400230 d71f0a11]
####   slot@0x2315c7ca8 value=0x191cd1e00 sym=objc_msgSendSuper2 base=0x191cc8000 path=/usr/lib/libobjc.A.dylib
####   PATCHED → br 0x191cd1e00 (movz/movk/movk/br)
####   new=[d283c010 f2b239b0 f2c00030 d61f0200]
#### MACWS_AGX_NATIVE objc_getClass(AGXBuffer) = 0x0
#### MACWS_AGX_NATIVE __objc_classlist: 52 entries
####   classlist[0] = 0x22eabe6b8 name=AGXBuffer registered=0x0
####   classlist[1] = 0x22eabe2f8 name=AGXG13GFamilyBinaryArchive registered=0x0
####   classlist[2] = 0x22eabe168 name=AGXG13GFamilyBlitContext registered=0x0
####   classlist[3] = 0x22eabd7e0 name=AGXG13GFamilyResourceStateContext registered=0x0
####   classlist[4] = 0x22eabdfd8 name=AGXG13GFamilyBuffer registered=0x0
####   classlist[5] = 0x22eabd830 name=AGXG13GFamilyCommandBuffer registered=0x0
#### MACWS_AGX_NATIVE objc_duplicateClass=0x191cf7cb8
#### MACWS_AGX_NATIVE imageinfo=0x229228a58 sz=8
#### PREREGISTER image[627] AGXMetal13_3: 52/52 realized
#### PREREGISTER image[628] GPURawCounter: 6/6 realized
#### MACWS_AGX_NATIVE register pass 0: 0 new (total 58)
#### MACWS_AGX_NATIVE realized 58/52 classes
#### MACWS_AGX_NATIVE AGXBuffer after register: 0x22eabe6b8
#### MACWS_AGX_NATIVE [AGXBuffer alloc] = 0x600211680
#### MACWS_AGX_NATIVE swizzled initUntrackedInternalBufferWithDevice:length:options:
#### MACWS_AGX_NATIVE swizzled initWithDevice:length:alignment:options:isSuballocDisabled:resourceInArgs:pinnedGPULocation:
#### MACWS_AGX_NATIVE tracing -[AGXBuffer initWithDevice:options:args:argsSize:] (nil preserved)
#### LIBOBJC dlsym(objc_constructInstance) = 0x191cdec08
#### LIBOBJC dlsym(_dyld_objc_notify_register) = 0x192073480
#### LIBOBJC dlsym(_dyld_objc_register_callbacks) = 0x192075abc
#### LIBOBJC dlsym(objc_readClassPair) = 0x191ce4bdc
#### LIBOBJC dlsym(objc_registerClassPair) = 0x191cd5a3c
#### LIBOBJC dlsym(_objc_realizeClassFromSwift) = 0x191ce4d34
#### LIBOBJC dlsym(objc_addLoadImageFunc) = 0x191ce47c8
#### LIBOBJC dlsym(_objc_init) = 0x191cca004
#### CLASS_DETAIL [0] 0x22eabe6b8 name=AGXBuffer super=0x1ed2547e0 (IOGPUMetalBuffer) meta=0
#### CLASS_DETAIL [1] 0x22eabe2f8 name=AGXG13GFamilyBinaryArchive super=0x1ed5eb3b8 (_MTLBinaryArchive) meta=0
#### CLASS_DETAIL [2] 0x22eabe168 name=AGXG13GFamilyBlitContext super=0x1ed2547b8 (IOGPUMetalBlitCommandEncoder) meta=0
#### CLASS_DETAIL [3] 0x22eabd7e0 name=AGXG13GFamilyResourceStateContext super=0x1ed254f88 (IOGPUMetalResourceStateCommandEncoder) meta=0
#### CLASS_DETAIL [4] 0x22eabdfd8 name=AGXG13GFamilyBuffer super=0x22eabe6b8 (AGXBuffer) meta=0
#### CLASS_DETAIL [5] 0x22eabd830 name=AGXG13GFamilyCommandBuffer super=0x1ed254830 (IOGPUMetalCommandBuffer) meta=0
#### CLASS_DETAIL [6] 0x22eabe208 name=AGXG13GFamilyCommandQueue super=0x1ed2548d0 (IOGPUMetalCommandQueue) meta=0
#### CLASS_DETAIL [7] 0x22eabe118 name=AGXG13GFamilyComputePipeline super=0x1ed5e9d88 (_MTLComputePipelineState) meta=0
#### CLASS_DETAIL [8] 0x22eabe0c8 name=AGXG13GFamilyDeadlineProfile super=0x1ed066e70 (NSObject) meta=0
#### CLASS_DETAIL [9] 0x22eabd8d0 name=AGXG13GFamilyDebugContext super=0x1ed254970 (IOGPUMetalDebugCommandEncoder) meta=0
#### CLASS_DETAIL [10] 0x22eabe000 name=AGXG13GFamilyDepthStencilState super=0x1ed5e9db0 (_MTLDepthStencilState) meta=0
#### CLASS_DETAIL [11] 0x22eabe2d0 name=AGXG13GFamilyDynamicLibrary super=0x1ed5ebdb8 (_MTLDynamicLibrary) meta=0
#### CLASS_DETAIL [12] 0x22eabe1b8 name=AGXG13GFamilyComputeContext super=0x1ed254948 (IOGPUMetalComputeCommandEncoder) meta=0
#### CLASS_DETAIL [13] 0x22eabde70 name=AGXG13GFamilyFunctionHandle super=0x1ed5eb9a8 (_MTLFunctionHandle) meta=0
#### CLASS_DETAIL [14] 0x22eabe2a8 name=AGXG13GFamilyHeap super=0x1ed254bf0 (IOGPUMetalHeap) meta=0
#### CLASS_DETAIL [15] 0x22eabe280 name=AGXG13GFamilySparseHeap super=0x1ed5ece48 (_MTLHeap) meta=0
#### MACWS_AGX_NATIVE __objc_classrefs: 105 entries, 0 null
####   class AGXBuffer = 0x22eabe6b8
####   class AGXCommandQueue = 0x0
####   class AGXCommandBuffer = 0x0
####   class AGXMetalCommandQueue = 0x0
####   class AGXMetalCommandBuffer = 0x0
####   class AGXMetalBuffer = 0x0
####   class AGXMetalTexture = 0x0
####   class AGXMetalHeap = 0x0
####   class AGXMetalResource = 0x0
####   class AGXMetalDevice = 0x0
####   class AGXMetalFence = 0x0
####   class AGXTexture = 0x22eabe708
####   class IOGPUMetalBuffer = 0x1ed2547e0
####   class IOGPUMetalCommandBuffer = 0x1ed254830
####   class IOGPUMetalCommandQueue = 0x1ed2548d0
####   class IOGPUMetalDevice = 0x1ed2549c0
####   class IOGPUMetalHeap = 0x1ed254bf0
####   class IOGPUMetalResource = 0x1ed254ec0
####   class IOGPUMetalTexture = 0x1ed254fb0
####   class IOGPUMetalFence = 0x1ed254b50
####   class IOGPUMTLLateEvalEvent = 0x1ed707c70
#### CLASSREF [0] @0x22c515250 -> 0x1ed5e9428 name=MTLCompiler
#### CLASSREF [1] @0x22c515258 -> 0x1ed0856e0 name=NSDictionary
#### CLASSREF [2] @0x22c515260 -> 0x1ed08c348 name=NSError
#### CLASSREF [3] @0x22c515268 -> 0x22eabe4b0 name=AGXG13GFamilyComputeOrFragmentOrTileProgram
#### CLASSREF [4] @0x22c515270 -> 0x22eabe4d8 name=AGXG13GFamilyFragmentProgram
#### CLASSREF [5] @0x22c515278 -> 0x22eabe550 name=AGXG13GFamilyVertexProgram
#### CLASSREF [6] @0x22c515280 -> 0x1ed085848 name=NSMutableDictionary
#### CLASSREF [7] @0x22c515288 -> 0x22eabe5a0 name=AGXG13GFamilyTileProgram
#### CLASSREF [8] @0x22c515290 -> 0x22eabe578 name=AGXG13GFamilyComputeProgram
#### CLASSREF [9] @0x22c515298 -> 0x22eabe5f0 name=AGXG13GFamilyTexture
#### CLASSREF [10] @0x22c5152a0 -> 0x1ed5e9bd0 name=MTLTextureDescriptor
#### CLASSREF [11] @0x22c5152a8 -> 0x22eabe168 name=AGXG13GFamilyBlitContext
#### CLASSREF [12] @0x22c5152b0 -> 0x22eabd7e0 name=AGXG13GFamilyResourceStateContext
#### CLASSREF [13] @0x22c5152b8 -> 0x22eabdd58 name=AGXG13GFamilyRayTracingGPUBuilder
#### CLASSREF [14] @0x22c5152c0 -> 0x22eabe190 name=AGXG13GFamilyRenderContext
#### CLASSREF [15] @0x22c5152c8 -> 0x22eabe1b8 name=AGXG13GFamilyComputeContext
#### CLASSREF [16] @0x22c5152d0 -> 0x22eabe1e0 name=AGXG13GFamilyThreadedRenderPass
#### CLASSREF [17] @0x22c5152d8 -> 0x22eabddd0 name=AGXG13GFamilySampledRenderContext
#### CLASSREF [18] @0x22c5152e0 -> 0x22eabde98 name=AGXG13GFamilySampledComputeContext
#### CLASSREF [19] @0x22c5152e8 -> 0x1ed085668 name=NSData
#### CLASSREF [20] @0x22c5152f0 -> 0x22eabd830 name=AGXG13GFamilyCommandBuffer
#### CLASSREF [21] @0x22c5152f8 -> 0x1ed5ec1c8 name=_MTLProgramAddressTableMappedBinary
#### CLASSREF [22] @0x22c515300 -> 0x1ed5ec178 name=_MTLPipelineStateBinary
#### CLASSREF [23] @0x22c515308 -> 0x1ed0855a0 name=NSArray
#### MACWS_GOT AGXMetal13_3: symtab=8331 syms, strtab=461166853 bytes, indirect=555 entries
####   sect[0] __DATA_CONST,__got type=0 entries=97 indirect_start=228 auth=0
####   bind[1] _MTLCommonCounterSetTimestamp -> 0x1e5d49290 (slot=0x2292279e0 auth=0)
####   bind[2] _MTLCommonCounterTimestamp -> 0x1e5d491a0 (slot=0x2292279e8 auth=0)
####   bind[3] _MTLCompileTimeStatisticsKeyBackend -> 0x1ea8fcf60 (slot=0x2292279f0 auth=0)
####   bind[4] _MTLCompileTimeStatisticsKeyCachedFunction -> 0x1ea8fcf10 (slot=0x2292279f8 auth=0)
####   bind[5] _MTLCompileTimeStatisticsKeyCompilerTotal -> 0x1ea8fcf48 (slot=0x229227a00 auth=0)
####   bind[6] _MTLCompileTimeStatisticsKeyDriverTotal -> 0x1ea8fcf40 (slot=0x229227a08 auth=0)
####   bind[7] _MTLCompileTimeStatisticsKeyFunctionName -> 0x1ea8fcf08 (slot=0x229227a10 auth=0)
####   bind[8] _MTLCompileTimeStatisticsKeyMTLCompilerService -> 0x1ea8fcf20 (slot=0x229227a18 auth=0)
####   bind[9] _MTLCompileTimeStatisticsKeyOptimization -> 0x1ea8fcf58 (slot=0x229227a20 auth=0)
####   bind[10] _MTLCompileTimeStatisticsKeyPipelineTotal -> 0x1ea8fcf18 (slot=0x229227a28 auth=0)
####   bind[11] _MTLCompileTimeStatisticsKeyPipelinesCompute -> 0x1ea8fbe30 (slot=0x229227a30 auth=0)
####   IOGPU-CRITICAL _OBJC_IVAR_$_IOGPUMTLLateEvalEvent._eventName = 0x1eadde9d0 (slot=0x229227b28 auth=0)
####   IOGPU-CRITICAL _OBJC_IVAR_$_IOGPUMetalBuffer._primaryBuffer = 0x1eadde91c (slot=0x229227b30 auth=0)
####   IOGPU-CRITICAL _OBJC_IVAR_$_IOGPUMetalCommandQueue._commandQueue = 0x1eadde960 (slot=0x229227b38 auth=0)
####   IOGPU-CRITICAL _OBJC_IVAR_$_IOGPUMetalDevice._segmentByteThreshold = 0x1eaddea2c (slot=0x229227b40 auth=0)
####   IOGPU-CRITICAL _OBJC_IVAR_$_IOGPUMetalFence._fenceIndex = 0x1eaddeaa8 (slot=0x229227b48 auth=0)
####   IOGPU-CRITICAL _OBJC_IVAR_$_IOGPUMetalHeap._resource = 0x1eaddeac4 (slot=0x229227b50 auth=0)
####   IOGPU-CRITICAL _OBJC_IVAR_$_IOGPUMetalResource._res = 0x1eaddeaf4 (slot=0x229227b58 auth=0)
####   IOGPU-CRITICAL _OBJC_IVAR_$_IOGPUMetalTexture._arrayLength = 0x1eaddeb38 (slot=0x229227b60 auth=0)
####   IOGPU-CRITICAL _OBJC_IVAR_$_IOGPUMetalTexture._depth = 0x1eaddeb34 (slot=0x229227b68 auth=0)
####   IOGPU-CRITICAL _OBJC_IVAR_$_IOGPUMetalTexture._height = 0x1eaddeb30 (slot=0x229227b70 auth=0)
####   IOGPU-CRITICAL _OBJC_IVAR_$_IOGPUMetalTexture._isCompressed = 0x1eaddeb54 (slot=0x229227b78 auth=0)
####   IOGPU-CRITICAL _OBJC_IVAR_$_IOGPUMetalTexture._mipmapLevelCount = 0x1eaddeb3c (slot=0x229227b80 auth=0)
####   IOGPU-CRITICAL _OBJC_IVAR_$_IOGPUMetalTexture._numFaces = 0x1eaddeb8c (slot=0x229227b88 auth=0)
####   IOGPU-CRITICAL _OBJC_IVAR_$_IOGPUMetalTexture._parentTexture = 0x1eaddeb58 (slot=0x229227b90 auth=0)
####   IOGPU-CRITICAL _OBJC_IVAR_$_IOGPUMetalTexture._pixelFormat = 0x1eaddeb28 (slot=0x229227b98 auth=0)
####   IOGPU-CRITICAL _OBJC_IVAR_$_IOGPUMetalTexture._sampleCount = 0x1eaddeb40 (slot=0x229227ba0 auth=0)
####   IOGPU-CRITICAL _OBJC_IVAR_$_IOGPUMetalTexture._textureType = 0x1eaddeb24 (slot=0x229227ba8 auth=0)
####   IOGPU-CRITICAL _OBJC_IVAR_$_IOGPUMetalTexture._width = 0x1eaddeb2c (slot=0x229227bb0 auth=0)
####   sect[7] __AUTH_CONST,__auth_got type=0 entries=230 indirect_start=325 auth=1
####   IOGPU-CRITICAL _IOGPUCommandQueueGetConnect = 0x1aedc1b88 (slot=0x230473448 auth=1)
####   IOGPU-CRITICAL _IOGPUCommandQueueGetID = 0x1aedc1bd0 (slot=0x230473450 auth=1)
####   IOGPU-CRITICAL _IOGPUDeviceGetConnect = 0x1aedc0654 (slot=0x230473458 auth=1)
####   IOGPU-CRITICAL _IOGPUDeviceGetNextGlobalTraceID = 0x1aedc07f0 (slot=0x230473460 auth=1)
####   IOGPU-CRITICAL _IOGPUDeviceTraceEvent = 0x1aedc08bc (slot=0x230473468 auth=1)
####   IOGPU-CRITICAL _IOGPUMetalCommandBufferStorageBeginKernelCommands = 0x1aedb0ad8 (slot=0x230473470 auth=1)
####   IOGPU-CRITICAL _IOGPUMetalCommandBufferStorageEndKernelCommands = 0x1aedb0c2c (slot=0x230473478 auth=1)
####   IOGPU-CRITICAL _IOGPUResourceListAddResource = 0x1aedc31c8 (slot=0x230473480 auth=1)
####   IOGPU-CRITICAL _IOGPUResourceListMerge = 0x1aedc3278 (slot=0x230473488 auth=1)
####   IOGPU-CRITICAL _IOGPUResourceListMergeLists = 0x1aedc3354 (slot=0x230473490 auth=1)
####   bind[131] _IOSurfaceGetAddressFormatOfPlane -> 0x1046bdbc4 (slot=0x2304734c8 auth=1 FORCE)
####   bind[133] _IOSurfaceGetBaseAddressOfPlane -> 0x1046bdaa4 (slot=0x2304734d8 auth=1 FORCE)
####   bind[135] _IOSurfaceGetBytesPerRowOfPlane -> 0x1046bd568 (slot=0x2304734e8 auth=1 FORCE)
####   bind[136] _IOSurfaceGetBytesPerTileDataOfPlane -> 0x1046bd65c (slot=0x2304734f0 auth=1 FORCE)
####   bind[141] _IOSurfaceGetCompressionTypeOfPlane -> 0x1046bd280 (slot=0x230473518 auth=1 FORCE)
####   bind[142] _IOSurfaceGetHeightInCompressedTilesOfPlane -> 0x1046bd380 (slot=0x230473520 auth=1 FORCE)
####   bind[145] _IOSurfaceGetWidthInCompressedTilesOfPlane -> 0x1046bd474 (slot=0x230473538 auth=1 FORCE)
####   bind[286] _objc_alloc -> 0x1046bcf14 (slot=0x2304739c0 auth=1 FORCE)
####   IOGPU-CRITICAL _objc_autoreleasePoolPop = 0x191cd4a7c (slot=0x2304739d8 auth=1)
####   IOGPU-CRITICAL _objc_autoreleasePoolPush = 0x191cd4934 (slot=0x2304739e0 auth=1)
#### MACWS_GOT AGXMetal13_3: indirect_slots=327 patched=323 failed=0
#### MACWS_AGX_NATIVE __auth_got section NOT FOUND
#### MACWS_AGX_NATIVE __got: 97 entries, 0 null, 97 non-null
#### MACWS_AGX_NATIVE dlopen AGXMetal13_3 OK h=0x3a9d0b950
#### MACWS_AGX_NATIVE +[NSBundle bundleWithPath:AGXMetal13_3.bundle] = 0x600123ae0 id=com.apple.AGXMetal13-3
#### MACWS_AGX_NATIVE bundle loadAndReturnError: 1 (err=nil) loaded=1
#### MACWS_AGX_NATIVE bundle pathForResource:ds.g13g = /System/Library/Extensions/AGXMetal13_3.bundle/Contents/Resources/ds.g13g
#### MACWS_AGX_NATIVE getMetalPluginClassForService: returning class AGXG13GFamilyDevice = 0x22eabe0f0
#### CBRI_HOOK: installed (orig=0x1aedaed84)
#### MACWS-NEW-EVENT adapter installed deviceClass=AGXG13GFamilyDevice owner=IOGPUMetalDevice orig=0x1aedb5ef4 added=1
#### MACWS_AGX_NATIVE class_addMethod(AGXG13GFamilyDevice, initWithAcceleratorPort:) = 1
#### MACWS_AGX_NATIVE memoryless witness installed class=AGXG13GFamilyDevice original=0x1f73c28a8
#### MACWS_AGX_NATIVE memoryless witness total=1 (original results preserved)
#### MACWS_AGX_NATIVE tile-pipeline probe wrapped AGXG13GFamilyDevice (orig=0x1f73a15e4)
#### MACWS_AGX_NATIVE tile-pipeline probe: 1 class(es) wrapped
#### MACWS_AGX_NATIVE nil-guard wrapped setFragmentTexture:atIndex: on AGXG13GFamilyRenderContext (orig=0x1f73549e0)
#### MACWS_AGX_NATIVE nil-guard: class AGXG13GRenderContext NOT registered
#### MACWS_AGX_NATIVE nil-guard: class AGXRenderContext NOT registered
#### MACWS_AGX_NATIVE nil-guard: class AGXG13GComputeContext NOT registered
#### MACWS_AGX_NATIVE nil-guard setFragmentTexture:atIndex:: 1 class(es) wrapped
#### MACWS_AGX_NATIVE nil-guard wrapped setVertexTexture:atIndex: on AGXG13GFamilyRenderContext (orig=0x1f735b5e8)
#### MACWS_AGX_NATIVE nil-guard: class AGXG13GRenderContext NOT registered
#### MACWS_AGX_NATIVE nil-guard: class AGXRenderContext NOT registered
#### MACWS_AGX_NATIVE nil-guard: class AGXG13GComputeContext NOT registered
#### MACWS_AGX_NATIVE nil-guard setVertexTexture:atIndex:: 1 class(es) wrapped
#### MACWS_AGX_NATIVE swizzled AGXG13GFamilyDevice newTextureWithDescriptor:iosurface:plane:
#### MACWS_AGX_NATIVE swizzled AGXG13GFamilyDevice newTextureWithDescriptor:
#### MACWS_AGX_NATIVE swizzled -[AGXBuffer initWithDevice:bytes:length:options:deallocator:pinnedGPUAddress:]
#### JIT-MPROTECT flip #2048 ranges=1 prot=RX writers=1 exec_waits=721 late_retries=21
#### MACWS_AGX_NATIVE noop'd alertCommandBufferActivityStart
#### MACWS_AGX_NATIVE noop'd alertCommandBufferActivityComplete
#### objc_alloc(AGXG13GFamilyDevice) -> 0x6001d2000
#### MACWS_AGX_NATIVE redirecting AGXG13GFamilyDevice init(port=15631) → 2-arg variant
#### debugbydcmmc IOServiceOpen agx connect=12547 type=0x100001 (requested=0x100005)
#### AGXIOC Struct sel=0x7->0x6 inSC=16 outSC=0 -> 0x1
#### AGXIOC Struct sel=0x5->0x4 inSC=0 outSC=32 -> 0x0
#### AGXIOC AsyncScalar sel=0x107->0x107 inCnt=0 -> 0x0
#### AGX_LIFE CREATE id=0x1 type=0 surf=0 bytes=0x10000 kr=0 okC=1 failC=0 okD=0 failD=0 unmatchedD=0 full=0 live=1/0MB [t0=1/0MB t80=0/0MB t82=0/0MB]
#### AGXIOC heap map #1 clientID 0x10000 -> resourceID 0x1 size 0x10000
####   ResCreate OK type=0 clientID=0 +0x30=0 +0x38=0 +0x40=0x10000 +0x58=0 OUT[+0]=0 OUT[+0x08]=0x10cfb8000 OUT[+0x10]=0x10cfac0c0 OUT[+0x48]=0x10000
####   inStruct[0..104]:
####     00: 00 00 00 00 00 00 00 00 01 00 01 00 01 00 00 00
####     10: 01 01 00 01 30 84 00 00 00 00 00 00 00 00 00 00
####     20: 00 00 00 00 00 00 00 00 00 00 00 00 00 00 00 00
####     30: 00 00 00 00 00 00 00 00 00 00 00 00 00 00 00 00
####     40: 00 00 01 00 00 00 00 00 00 00 00 00 00 00 00 00
####     50: 00 00 00 38 00 00 00 00 00 00 00 00 00 00 00 00
####     60: 00 00 00 00 00 00 00 00
#### MACWS_AGX_NATIVE setupCompiler:0x30010 fired (Device=0x6001d2000)
#### MACWS_AGX_NATIVE memoryless witness #1 instance=0x6001d2000 class=AGXG13GFamilyDevice original=0x1f73c28a8 -> YES
2026-07-29 14:21:32.961 Electron[68543:12253179] Connection Invalid error for service com.apple.hiservices-xpcservice.
2026-07-29 14:21:32.961 Electron[68543:12253120] Error received in message reply handler: Connection invalid
#### objc_alloc(AGXG13GFamilyCommandQueue) -> 0x600090f00
#### AGXIOC Method sel=0x8->0x7 inCnt=0 inSC=1032 outSC=16 -> 0x0
#### AGXIOC Method sel=0x11->0xf inCnt=2 inSC=0 outSC=16 -> 0x0
#### AGXIOC Method sel=0x1d->0x19 inCnt=2 inSC=0 outSC=0 -> 0x0
#### AGXIOC Method sel=0x1f->0x1b inCnt=1 inSC=12 outSC=0 -> 0x0
#### objc_alloc(AGXBuffer) -> 0x600211f80
#### AGXIOC type0 exact initFull length: +0x58=0xc00000000 low32=0 -> +0x40=0x180
#### AGX_LIFE CREATE id=0x2 type=0 surf=0 bytes=0x4000 kr=0 okC=2 failC=0 okD=0 failD=0 unmatchedD=0 full=0 live=2/0MB [t0=2/0MB t80=0/0MB t82=0/0MB]
#### AGXIOC heap map #2 clientID 0x4000 -> resourceID 0x2 size 0x180
####   ResCreate OK type=0 clientID=0 +0x30=0x40 +0x38=0 +0x40=0x180 +0x58=0 OUT[+0]=0x1500000000 OUT[+0x08]=0x10d258000 OUT[+0x10]=0x10cfac180 OUT[+0x48]=0x4000
####   inStruct[0..104]:
####     00: 00 00 00 00 00 00 00 00 01 00 01 00 01 00 00 00
####     10: 01 01 00 01 70 04 00 00 00 00 00 00 00 00 00 00
####     20: 00 00 00 00 00 00 00 00 00 00 00 00 00 00 00 00
####     30: 40 00 00 00 00 00 00 00 00 00 00 00 00 00 00 00
####     40: 80 01 00 00 00 00 00 00 00 00 00 00 00 00 00 00
####     50: 00 00 00 00 00 00 00 00 00 00 00 00 00 00 00 00
####     60: 00 00 00 00 00 00 f0 3f
#### TRACE -[AGXBuffer initFull] self=0x600211f80 dev=0x6001d2000 len=384 align=1→64 opt=0 subDis=0→1 resIn=0x16b935778 pin=0x0 -> 0x600211f80
#### TRACE -[AGXBuffer initUntracked] self=0x600211f80 dev=0x6001d2000 len=384 opt=0 -> 0x600211f80
#### objc_alloc(AGXBuffer) -> 0x600215d00
#### AGXIOC type0 exact initFull length: +0x58=0xc00000000 low32=0 -> +0x40=0x180
#### AGX_LIFE CREATE id=0x3 type=0 surf=0 bytes=0x4000 kr=0 okC=3 failC=0 okD=0 failD=0 unmatchedD=0 full=0 live=3/0MB [t0=3/0MB t80=0/0MB t82=0/0MB]
#### AGXIOC heap map #3 clientID 0x4000 -> resourceID 0x3 size 0x180
####   ResCreate OK type=0 clientID=0 +0x30=0x40 +0x38=0 +0x40=0x180 +0x58=0 OUT[+0]=0x1500008000 OUT[+0x08]=0x10d25c000 OUT[+0x10]=0x10cfac240 OUT[+0x48]=0x4000
####   inStruct[0..104]:
####     00: 00 00 00 00 00 00 00 00 01 00 01 00 01 00 00 00
####     10: 01 01 00 01 70 04 00 00 00 00 00 00 00 00 00 00
####     20: 00 00 00 00 00 00 00 00 00 00 00 00 00 00 00 00
####     30: 40 00 00 00 00 00 00 00 00 00 00 00 00 00 00 00
####     40: 80 01 00 00 00 00 00 00 00 00 00 00 00 00 00 00
####     50: 00 00 00 00 00 00 00 00 00 00 00 00 00 00 00 00
####     60: 00 00 00 00 00 00 00 00
#### TRACE -[AGXBuffer initFull] self=0x600215d00 dev=0x6001d2000 len=384 align=1→64 opt=0 subDis=0→1 resIn=0x16b935778 pin=0x0 -> 0x600215d00
#### TRACE -[AGXBuffer initUntracked] self=0x600215d00 dev=0x6001d2000 len=384 opt=0 -> 0x600215d00
#### objc_alloc(AGXBuffer) -> 0x600215b80
#### AGXIOC type0 exact initFull length: +0x58=0xc00000000 low32=0 -> +0x40=0x40
#### AGX_LIFE CREATE id=0x4 type=0 surf=0 bytes=0x4000 kr=0 okC=4 failC=0 okD=0 failD=0 unmatchedD=0 full=0 live=4/0MB [t0=4/0MB t80=0/0MB t82=0/0MB]
#### AGXIOC heap map #4 clientID 0x4000 -> resourceID 0x4 size 0x40
####   ResCreate OK type=0 clientID=0 +0x30=0x40 +0x38=0 +0x40=0x40 +0x58=0 OUT[+0]=0x1500010000 OUT[+0x08]=0x10d260000 OUT[+0x10]=0x10cfac300 OUT[+0x48]=0x4000
####   inStruct[0..104]:
####     00: 00 00 00 00 00 00 00 00 01 00 01 00 01 00 00 00
####     10: 01 01 00 01 70 04 00 00 00 00 00 00 00 00 00 00
####     20: 00 00 00 00 00 00 00 00 00 00 00 00 00 00 00 00
####     30: 40 00 00 00 00 00 00 00 00 00 00 00 00 00 00 00
####     40: 40 00 00 00 00 00 00 00 00 00 00 00 00 00 00 00
####     50: 00 00 00 00 00 00 00 00 00 00 00 00 00 00 00 00
####     60: 7c 44 f1 91 01 00 74 fe
#### TRACE -[AGXBuffer initFull] self=0x600215b80 dev=0x6001d2000 len=64 align=1→64 opt=0 subDis=0→1 resIn=0x16b935778 pin=0x0 -> 0x600215b80
#### TRACE -[AGXBuffer initUntracked] self=0x600215b80 dev=0x6001d2000 len=64 opt=0 -> 0x600215b80
#### objc_alloc(AGXBuffer) -> 0x600213c00
#### AGXIOC type0 exact initFull length: +0x58=0xc00000000 low32=0 -> +0x40=0x2000
#### AGX_LIFE CREATE id=0x5 type=0 surf=0 bytes=0x4000 kr=0 okC=5 failC=0 okD=0 failD=0 unmatchedD=0 full=0 live=5/0MB [t0=5/0MB t80=0/0MB t82=0/0MB]
#### AGXIOC heap map #5 clientID 0x4000 -> resourceID 0x5 size 0x2000
####   ResCreate OK type=0 clientID=0 +0x30=0x40 +0x38=0 +0x40=0x2000 +0x58=0 OUT[+0]=0x1500018000 OUT[+0x08]=0x10d264000 OUT[+0x10]=0x10cfac3c0 OUT[+0x48]=0x4000
####   inStruct[0..104]:
####     00: 00 00 00 00 00 00 00 00 01 00 01 00 01 00 00 00
####     10: 01 01 00 01 70 04 00 00 00 00 00 00 00 00 00 00
####     20: 00 00 00 00 00 00 00 00 00 00 00 00 00 00 00 00
####     30: 40 00 00 00 00 00 00 00 00 00 00 00 00 00 00 00
####     40: 00 20 00 00 00 00 00 00 00 00 00 00 00 00 00 00
####     50: 00 00 00 00 00 00 00 00 00 00 00 00 00 00 00 00
####     60: 7c 44 f1 91 01 00 3e 01
#### TRACE -[AGXBuffer initFull] self=0x600213c00 dev=0x6001d2000 len=8192 align=1→64 opt=0 subDis=0→1 resIn=0x16b9357c8 pin=0x0 -> 0x600213c00
#### TRACE -[AGXBuffer initUntracked] self=0x600213c00 dev=0x6001d2000 len=8192 opt=0 -> 0x600213c00
#### AGXIOC type0 exact initFull length: +0x58=0xc00000000 low32=0 -> +0x40=0x80
#### AGX_LIFE CREATE id=0x6 type=0 surf=0 bytes=0x4000 kr=0 okC=6 failC=0 okD=0 failD=0 unmatchedD=0 full=0 live=6/0MB [t0=6/0MB t80=0/0MB t82=0/0MB]
#### AGXIOC heap map #6 clientID 0x4000 -> resourceID 0x6 size 0x80
####   ResCreate OK type=0 clientID=0 +0x30=0x40 +0x38=0 +0x40=0x80 +0x58=0 OUT[+0]=0x1500020000 OUT[+0x08]=0x10d268000 OUT[+0x10]=0x10cfac480 OUT[+0x48]=0x4000
####   inStruct[0..104]:
####     00: 00 00 00 00 00 00 00 00 01 00 01 00 01 00 00 00
####     10: 01 01 00 01 70 04 00 00 00 00 00 00 00 00 00 00
####     20: 00 00 00 00 00 00 00 00 00 00 00 00 00 00 00 00
####     30: 40 00 00 00 00 00 00 00 00 00 00 00 00 00 00 00
####     40: 80 00 00 00 00 00 00 00 00 00 00 00 00 00 00 00
####     50: 00 00 00 00 00 00 00 00 00 00 00 00 00 00 00 00
####     60: 01 00 00 00 00 00 00 00
#### TRACE -[AGXBuffer initFull] self=0x600213a80 dev=0x6001d2000 len=128 align=1→64 opt=0 subDis=0→1 resIn=0x16b9357b8 pin=0x0 -> 0x600213a80
#### TRACE -[AGXBuffer initUntracked] self=0x600213a80 dev=0x6001d2000 len=128 opt=0 -> 0x600213a80
#### AGXIOC type0 exact initFull length: +0x58=0xc00000000 low32=0 -> +0x40=0x100
#### AGX_LIFE CREATE id=0x7 type=0 surf=0 bytes=0x4000 kr=0 okC=7 failC=0 okD=0 failD=0 unmatchedD=0 full=0 live=7/0MB [t0=7/0MB t80=0/0MB t82=0/0MB]
#### AGXIOC heap map #7 clientID 0x4000 -> resourceID 0x7 size 0x100
####   ResCreate OK type=0 clientID=0 +0x30=0x40 +0x38=0 +0x40=0x100 +0x58=0 OUT[+0]=0x1500028000 OUT[+0x08]=0x10d26c000 OUT[+0x10]=0x10cfac540 OUT[+0x48]=0x4000
####   inStruct[0..104]:
####     00: 00 00 00 00 00 00 00 00 01 00 01 00 01 00 00 00
####     10: 01 01 00 01 70 04 00 00 00 00 00 00 00 00 00 00
####     20: 00 00 00 00 00 00 00 00 00 00 00 00 00 00 00 00
####     30: 40 00 00 00 00 00 00 00 00 00 00 00 00 00 00 00
####     40: 00 01 00 00 00 00 00 00 00 00 00 00 00 00 00 00
####     50: 00 00 00 00 00 00 00 00 00 00 00 00 00 00 00 00
####     60: 01 00 00 00 00 00 00 00
#### TRACE -[AGXBuffer initFull] self=0x600213900 dev=0x6001d2000 len=256 align=1→64 opt=0 subDis=0→1 resIn=0x16b9357b8 pin=0x0 -> 0x600213900
#### TRACE -[AGXBuffer initUntracked] self=0x600213900 dev=0x6001d2000 len=256 opt=0 -> 0x600213900
#### AGXIOC type0 exact initFull length: +0x58=0xc00000000 low32=0 -> +0x40=0x100
#### AGX_LIFE CREATE id=0x8 type=0 surf=0 bytes=0x4000 kr=0 okC=8 failC=0 okD=0 failD=0 unmatchedD=0 full=0 live=8/0MB [t0=8/0MB t80=0/0MB t82=0/0MB]
#### AGXIOC heap map #8 clientID 0x4000 -> resourceID 0x8 size 0x100
####   ResCreate OK type=0 clientID=0 +0x30=0x40 +0x38=0 +0x40=0x100 +0x58=0 OUT[+0]=0x1500030000 OUT[+0x08]=0x10d370000 OUT[+0x10]=0x10cfac600 OUT[+0x48]=0x4000
####   inStruct[0..104]:
####     00: 00 00 00 00 00 00 00 00 01 00 01 00 01 00 00 00
####     10: 01 01 00 01 70 04 00 00 00 00 00 00 00 00 00 00
####     20: 00 00 00 00 00 00 00 00 00 00 00 00 00 00 00 00
####     30: 40 00 00 00 00 00 00 00 00 00 00 00 00 00 00 00
####     40: 00 01 00 00 00 00 00 00 00 00 00 00 00 00 00 00
####     50: 00 00 00 00 00 00 00 00 00 00 00 00 00 00 00 00
####     60: 01 00 00 00 00 00 00 00
#### TRACE -[AGXBuffer initFull] self=0x600213780 dev=0x6001d2000 len=256 align=1→64 opt=0 subDis=0→1 resIn=0x16b9357b8 pin=0x0 -> 0x600213780
#### TRACE -[AGXBuffer initUntracked] self=0x600213780 dev=0x6001d2000 len=256 opt=0 -> 0x600213780
#### AGXIOC type0 exact initFull length: +0x58=0xc00000000 low32=0 -> +0x40=0x100
#### AGX_LIFE CREATE id=0x9 type=0 surf=0 bytes=0x4000 kr=0 okC=9 failC=0 okD=0 failD=0 unmatchedD=0 full=0 live=9/0MB [t0=9/0MB t80=0/0MB t82=0/0MB]
#### AGXIOC heap map #9 clientID 0x4000 -> resourceID 0x9 size 0x100
####   ResCreate OK type=0 clientID=0 +0x30=0x40 +0x38=0 +0x40=0x100 +0x58=0 OUT[+0]=0x1500038000 OUT[+0x08]=0x10d374000 OUT[+0x10]=0x10cfac6c0 OUT[+0x48]=0x4000
####   inStruct[0..104]:
####     00: 00 00 00 00 00 00 00 00 01 00 01 00 01 00 00 00
####     10: 01 01 00 01 70 04 00 00 00 00 00 00 00 00 00 00
####     20: 00 00 00 00 00 00 00 00 00 00 00 00 00 00 00 00
####     30: 40 00 00 00 00 00 00 00 00 00 00 00 00 00 00 00
####     40: 00 01 00 00 00 00 00 00 00 00 00 00 00 00 00 00
####     50: 00 00 00 00 00 00 00 00 00 00 00 00 00 00 00 00
####     60: 01 00 00 00 00 00 00 00
#### TRACE -[AGXBuffer initFull] self=0x600214200 dev=0x6001d2000 len=256 align=1→64 opt=0 subDis=0→1 resIn=0x16b9357b8 pin=0x0 -> 0x600214200
#### TRACE -[AGXBuffer initUntracked] self=0x600214200 dev=0x6001d2000 len=256 opt=0 -> 0x600214200
#### AGX_LIFE CREATE id=0xa type=0 surf=0 bytes=0x10000 kr=0 okC=10 failC=0 okD=0 failD=0 unmatchedD=0 full=0 live=10/0MB [t0=10/0MB t80=0/0MB t82=0/0MB]
#### AGXIOC heap map #10 clientID 0x10000 -> resourceID 0xa size 0x10000
####   ResCreate OK type=0 clientID=0 +0x30=0 +0x38=0 +0x40=0x10000 +0x58=0 OUT[+0]=0x1500040000 OUT[+0x08]=0x10d378000 OUT[+0x10]=0x10cfac780 OUT[+0x48]=0x10000
####   inStruct[0..104]:
####     00: 00 00 00 00 00 00 00 00 01 00 01 00 01 00 00 00
####     10: 01 01 00 01 30 04 00 00 00 00 00 00 00 00 00 00
####     20: 00 00 00 00 00 00 00 00 00 00 00 00 00 00 00 00
####     30: 00 00 00 00 00 00 00 00 00 00 00 00 00 00 00 00
####     40: 00 00 01 00 00 00 00 00 00 00 00 00 00 00 00 00
####     50: 00 00 00 08 00 00 00 00 00 00 00 00 00 00 00 00
####     60: 00 00 00 00 00 00 00 00
#### AGXIOC type0 exact initFull length: +0x58=0xc00000000 low32=0 -> +0x40=0x2000
#### AGX_LIFE CREATE id=0xb type=0 surf=0 bytes=0x4000 kr=0 okC=11 failC=0 okD=0 failD=0 unmatchedD=0 full=0 live=11/0MB [t0=11/0MB t80=0/0MB t82=0/0MB]
#### AGXIOC heap map #11 clientID 0x4000 -> resourceID 0xb size 0x2000
####   ResCreate OK type=0 clientID=0 +0x30=0x40 +0x38=0 +0x40=0x2000 +0x58=0 OUT[+0]=0x1500058000 OUT[+0x08]=0x10d388000 OUT[+0x10]=0x10cfac840 OUT[+0x48]=0x4000
####   inStruct[0..104]:
####     00: 00 00 00 00 00 00 00 00 01 00 01 00 01 00 00 00
####     10: 01 01 00 01 70 04 00 00 00 00 00 00 00 00 00 00
####     20: 00 00 00 00 00 00 00 00 00 00 00 00 00 00 00 00
####     30: 40 00 00 00 00 00 00 00 00 00 00 00 00 00 00 00
####     40: 00 20 00 00 00 00 00 00 00 00 00 00 00 00 00 00
####     50: 00 00 00 00 00 00 00 00 00 00 00 00 00 00 00 00
####     60: cc 2e 3a dc 65 17 f8 ac
#### TRACE -[AGXBuffer initFull] self=0x600214080 dev=0x6001d2000 len=8192 align=1→64 opt=0 subDis=0→1 resIn=0x16b935518 pin=0x0 -> 0x600214080
#### TRACE -[AGXBuffer initUntracked] self=0x600214080 dev=0x6001d2000 len=8192 opt=0 -> 0x600214080
#### AGXIOC type0 exact initFull length: +0x58=0xc00000000 low32=0 -> +0x40=0x80
#### AGXIOC sel=0x9 type=0 args+0x14=0x2470 → 0x470 (stripped macOS-only bits 0x2800)
#### AGX_LIFE CREATE id=0xc type=0 surf=0 bytes=0x4000 kr=0 okC=12 failC=0 okD=0 failD=0 unmatchedD=0 full=0 live=12/0MB [t0=12/0MB t80=0/0MB t82=0/0MB]
#### AGXIOC heap map #12 clientID 0x4000 -> resourceID 0xc size 0x80
####   ResCreate OK type=0 clientID=0 +0x30=0x40 +0x38=0 +0x40=0x80 +0x58=0 OUT[+0]=0x1500060000 OUT[+0x08]=0x10d38c000 OUT[+0x10]=0x10cfac900 OUT[+0x48]=0x4000
####   inStruct[0..104]:
####     00: 00 00 00 00 00 00 00 00 01 00 01 00 01 00 00 00
####     10: 01 01 00 01 70 04 00 00 00 00 00 00 00 00 00 00
####     20: 00 00 00 00 00 00 00 00 00 00 00 00 00 00 00 00
####     30: 40 00 00 00 00 00 00 00 00 00 00 00 00 00 00 00
####     40: 80 00 00 00 00 00 00 00 00 00 00 00 00 00 00 00
####     50: 00 00 00 00 00 00 00 00 00 00 00 00 00 00 00 00
####     60: 00 00 00 00 00 00 00 00
#### TRACE -[AGXBuffer initFull] self=0x600215100 dev=0x6001d2000 len=128 align=1→64 opt=32 subDis=0→1 resIn=0x16b9357f8 pin=0x0 -> 0x600215100
#### TRACE -[AGXBuffer initUntracked] self=0x600215100 dev=0x6001d2000 len=128 opt=32 -> 0x600215100
#### tile-encoder forwards: class MTLSimRenderCommandEncoder NOT found
#### IOGPU-CALLBACK-DIAG installed queueClass=0x1ed2548d0 method=0x0 orig=0x0 bufferClass=0x1ed254830 method=0x1aedcb9a5 orig=0x1aedaebe8 errorMethod=0x19b607e01 errorOrig=0x19b4d9dcc (file-gated)
#### NSXPCSharedListener class=0x1ed5cfbd8
#### NSXPCSharedListener endpointForReply swizzle installed
#### NSXPCSharedListener connectToService swizzle installed
#### MACWS_AGX_NATIVE memoryless witness #2 instance=0x6001d2000 class=AGXG13GFamilyDevice original=0x1f73c28a8 -> YES
#### AGXIOC RAW DUMP sel=0x9 type=0x82 inStructCnt=104 (PRE-patch):
    +0000: 82 00 00 00 00 00 00 00 10 00 10 00 01 00 00 00
    +0x10: 01 01 00 10 30 04 00 00 00 00 00 00 00 00 00 00
    +0x20: 00 00 00 00 00 00 00 00 00 00 00 00 00 00 00 00
    +0x30: 00 00 00 00 00 00 00 00 96 00 00 00 00 00 00 00
    +0x40: 00 00 00 00 00 00 00 00 00 00 00 00 00 00 00 00
    +0x50: 00 00 00 00 00 00 00 00 00 8f 88 80 01 00 00 00
    +0x60: 00 00 00 00 00 00 00 00
####   key fields: +0x14=0x430 +0x15(byte)=0x4 +0x30=0 +0x34=0 +0x38=0x96 +0x40=0 +0x48=0 +0x58=0x180888f00
#### AGXIOC type=0x82 patch #1: f14=0x430 +0x30 0→0x96 +0x38 0x96→0 +0x40 0→0 +0x50 0→0x180888f00 +0x58 0x180888f00→0
#### AGX_LIFE CREATE id=0xd type=0x82 surf=0x96 bytes=0x4000 kr=0 okC=13 failC=0 okD=0 failD=0 unmatchedD=0 full=0 live=13/0MB [t0=12/0MB t80=0/0MB t82=1/0MB]
#### AGX_LIFE type82 CREATE stack #1 resourceID=0xd surf=0x96 (16 frames):
0   libmachook_arm64.dylib              0x00000001046c58a0 IOConnectCallMethod_new + 20212
1   IOGPU                               0x00000001aedc218c IOGPUResourceCreate + 236
2   IOGPU                               0x00000001aedbc138 -[IOGPUMetalResource initWithDevice:remoteStorageResource:options:args:argsSize:] + 460
3   libmachook_arm64.dylib              0x00000001046b94a8 __loadImageCallback_block_invoke_20 + 96
4   IOGPU                               0x00000001aedbe5ec -[IOGPUMetalTexture initWithDevice:descriptor:iosurface:plane:field:args:argsSize:] + 824
5   AGXMetal13_3                        0x00000001f76c6f38 -[AGXTexture initWithDevice:desc:iosurface:plane:] + 288
6   libmachook_arm64.dylib              0x00000001046e1934 -[MTLFakeDevice hooked_newTextureWithDescriptor:] + 3400
7   libGLESv2.dylib                     0x000000010d883714 glStartTilingQCOM + 2731796
8   libGLESv2.dylib                     0x000000010d896b48 glStartTilingQCOM + 2810696
9   libGLESv2.dylib                     0x000000010d895e40 glStartTilingQCOM + 2807360
10  libGLESv2.dylib                     0x000000010d895ccc glStartTilingQCOM + 2806988
11  libGLESv2.dylib                     0x000000010d86d648 glStartTilingQCOM + 2641480
12  libGLESv2.dylib                     0x000000010d86dff4 glStartTilingQCOM + 2643956
13  libGLESv2.dylib                     0x000000010d758f58 glStartTilingQCOM + 1509208
14  libGLESv2.dylib                     0x000000010d6ef480 glStartTilingQCOM + 1076352
15  libGLESv2.dylib                     0x000000010d5c3a88 GL_TexImage2D + 144
####   ResCreate OK type=0x82 clientID=0 +0x30=0x96 +0x38=0 +0x40=0 +0x58=0 OUT[+0]=0x1500068000 OUT[+0x08]=0 OUT[+0x10]=0x10cfac9c0 OUT[+0x48]=0x4000
####   inStruct[0..104]:
####     00: 82 00 00 00 00 00 00 00 10 00 10 00 01 00 00 00
####     10: 01 01 00 10 30 04 00 00 00 00 00 00 00 00 00 00
####     20: 00 00 00 00 00 00 00 00 00 00 00 00 00 00 00 00
####     30: 96 00 00 00 00 00 00 00 00 00 00 00 00 00 00 00
####     40: 00 00 00 00 00 00 00 00 00 00 00 00 00 00 00 00
####     50: 00 8f 88 80 01 00 00 00 00 00 00 00 00 00 00 00
####     60: 00 00 00 00 00 00 00 00
#### MTL_TEX LEASE-NEW #1 key=16x16-pf125-bpe16-fcc1380410945 entry=0x600922ac0 surf=0x6000396e0 tex=0x6001b9d80 retain=2 baseline=1 bpr=256 alloc=16KB shapeEntries=1 pool=0MB map=LINEAR
#### AGX_MAP_AUDIT: _impl ivar offset = 0x208
#### AGX_MAP_AUDIT #0 tex=0x6001b9d80 impl=0x6001ba000 iosurface(arg=0x6000396e0 bound=0x6000396e0) plane=0 cpu130=0x10d3cc000 gpu40=0x1500068000 descriptorOff=0x190 descriptorLayout=0 compressed=0 extended=0 match=1
#### MACWS_AGX_NATIVE memoryless witness #3 instance=0x6001d2000 class=AGXG13GFamilyDevice original=0x1f73c28a8 -> YES
#### AGXIOC type=0x82 patch #2: f14=0x430 +0x30 0→0x97 +0x38 0x97→0 +0x40 0→0 +0x50 0→0x180888f00 +0x58 0x180888f00→0
#### AGX_LIFE CREATE id=0xe type=0x82 surf=0x97 bytes=0x4000 kr=0 okC=14 failC=0 okD=0 failD=0 unmatchedD=0 full=0 live=14/0MB [t0=12/0MB t80=0/0MB t82=2/0MB]
#### AGX_LIFE type82 CREATE stack #2 resourceID=0xe surf=0x97 (16 frames):
0   libmachook_arm64.dylib              0x00000001046c58a0 IOConnectCallMethod_new + 20212
1   IOGPU                               0x00000001aedc218c IOGPUResourceCreate + 236
2   IOGPU                               0x00000001aedbc138 -[IOGPUMetalResource initWithDevice:remoteStorageResource:options:args:argsSize:] + 460
3   libmachook_arm64.dylib              0x00000001046b94a8 __loadImageCallback_block_invoke_20 + 96
4   IOGPU                               0x00000001aedbe5ec -[IOGPUMetalTexture initWithDevice:descriptor:iosurface:plane:field:args:argsSize:] + 824
5   AGXMetal13_3                        0x00000001f76c6f38 -[AGXTexture initWithDevice:desc:iosurface:plane:] + 288
6   libmachook_arm64.dylib              0x00000001046e1934 -[MTLFakeDevice hooked_newTextureWithDescriptor:] + 3400
7   libGLESv2.dylib                     0x000000010d883714 glStartTilingQCOM + 2731796
8   libGLESv2.dylib                     0x000000010d896b48 glStartTilingQCOM + 2810696
9   libGLESv2.dylib                     0x000000010d895e40 glStartTilingQCOM + 2807360
10  libGLESv2.dylib                     0x000000010d895ccc glStartTilingQCOM + 2806988
11  libGLESv2.dylib                     0x000000010d86d648 glStartTilingQCOM + 2641480
12  libGLESv2.dylib                     0x000000010d86dff4 glStartTilingQCOM + 2643956
13  libGLESv2.dylib                     0x000000010d758f58 glStartTilingQCOM + 1509208
14  libGLESv2.dylib                     0x000000010d6ef480 glStartTilingQCOM + 1076352
15  libGLESv2.dylib                     0x000000010d5c3a88 GL_TexImage2D + 144
####   ResCreate OK type=0x82 clientID=0 +0x30=0x97 +0x38=0 +0x40=0 +0x58=0 OUT[+0]=0x1500070000 OUT[+0x08]=0 OUT[+0x10]=0x10cfaca80 OUT[+0x48]=0x4000
####   inStruct[0..104]:
####     00: 82 00 00 00 00 00 00 00 10 00 10 00 01 00 00 00
####     10: 01 01 00 10 30 04 00 00 00 00 00 00 00 00 00 00
####     20: 00 00 00 00 00 00 00 00 00 00 00 00 00 00 00 00
####     30: 97 00 00 00 00 00 00 00 00 00 00 00 00 00 00 00
####     40: 00 00 00 00 00 00 00 00 00 00 00 00 00 00 00 00
####     50: 00 8f 88 80 01 00 00 00 00 00 00 00 00 00 00 00
####     60: 00 00 00 00 00 00 00 00
#### MTL_TEX LEASE-NEW #2 key=16x16-pf125-bpe16-fcc1380410945 entry=0x600922f70 surf=0x600039660 tex=0x6001ba500 retain=2 baseline=1 bpr=256 alloc=16KB shapeEntries=2 pool=0MB map=LINEAR
#### AGX_MAP_AUDIT #1 tex=0x6001ba500 impl=0x6001ba280 iosurface(arg=0x600039660 bound=0x600039660) plane=0 cpu130=0x10d3d0000 gpu40=0x1500070000 descriptorOff=0x190 descriptorLayout=0 compressed=0 extended=0 match=1
#### AGXIOC Method sel=0xf->0xd inCnt=2 inSC=0 outSC=16 -> 0x0
#### AGXIOC Method sel=0xf->0xd inCnt=2 inSC=0 outSC=16 -> 0x0
#### AGXIOC Struct sel=0x6->0x5 inSC=0 outSC=16 -> 0x0
#### JIT-MPROTECT flip #3072 ranges=1 prot=RX writers=1 exec_waits=1123 late_retries=23
[90m[main 2026-07-29T21:21:33.200Z][0m StorageMainService: creating application shared storage
#### JIT-MPROTECT flip #4096 ranges=1 prot=RX writers=1 exec_waits=1505 late_retries=27
#### MACWS_HID_BYPASS installed SetMatchingMultiple → no-op (1) at 0x1951f9e8c — skips iOS-format CFBinaryPlist parse inside
####   IOHIDEventSystemClientCacheMatchingServices → IOHIDUnserializeAndVMDealloc → CFPropertyListCreateFromStream
####   that BUS_ADRALNs in the IOMFBServer thread.
#### MACWS_AGX_RENAMER_PATCH: off (set MACWS_AGX_RENAMER_PATCH=1 to enable)
#### MACWS_ASSERT_BYPASS DISABLED (set MACWS_KEEP_ASSERT_BYPASS=1 to restore lazy bypass) — real __assert_rtn now reaches abort
#### MACWS_AGX_NATIVE [ctor] pre-loaded IOGPU via /System/Library/PrivateFrameworks/IOGPU.framework/IOGPU -> 0x3a62a4c10
#### XPC_BOOTSTRAP: fn=0x191db1140 dict=0x11de13910 (registering Metal/ViewBridge/HIServices)
#### XPC_BOOTSTRAP: called OK
#### COEXIST API SwapEnd hook installed target=0x19cc8f1cc trampoline=0x1041e4000
#### SkyLight PrepareForUse tolerate-nil hook installed at 0x197070fc4
#### SkyLight StartCompositeForDisplayStream nil-skip hook installed at 0x196e99d74
#### SkyLight StartComposite(WSCD) tolerate-nil + pop-on-bail hook installed at 0x196e99358
#### SkyLight StartComposite(MTLTex) pop-on-bail hook installed at 0x196e99fb8
#### SkyLight EndCurrentComposite(bool) completion hook installed at 0x196e9853c
#### SkyLight EndUpdate(bool) submission hook installed at 0x196e980b0
#### SkyLight _state_stack pop_back resolved at 0x196e96fa0
#### SkyLight WSCompositeDestinationCreateWithMetalTexture nil-tolerate hook installed at 0x196e9c53c
#### SkyLight MetalContext::StopCapture invalid-this guard installed at 0x196e981bc
#### MACWS_AGX_NATIVE class_addMethod(MTLTextureDescriptor, validateWithDevice:) = 1
#### MACWS_AGX_NATIVE class_addMethod(IOGPUMetalTexture, isMemoryless) = 1
#### MACWS_AGX_NATIVE class_addMethod(IOGPUMetalTexture, getCPUSizeBytes) = 1
#### MACWS_AGX_NATIVE class_addMethod(IOGPUMetalTexture, getAlignment) = 1
#### MACWS_AGX_NATIVE class_addMethod(IOGPUMetalTexture, descriptorPrivate) = 1
#### MACWS_AGX_NATIVE class_addMethod(IOGPUMetalTexture, getBytesPerRow) = 1
#### MACWS_AGX_NATIVE class_addMethod(IOGPUMetalTexture, updateBindDataWithAddresses:gpuVirtualAddress:) = 1
#### MACWS_AGX_NATIVE class_addMethod(IOGPUMetalTexture, updateBindDataWithAddresses:gpuVirtualAddress:shouldInitMetadata:) = 1
#### MACWS_AGX_NATIVE class_addMethod(IOGPUMetalTexture, allocBufferSubDataWithLength:options:alignment:heapIndex:bufferIndex:bufferOffset:) = 1
#### MACWS_AGX_NATIVE class_addMethod(IOGPUMetalTexture, initNewTextureData:) = 1
#### MACWS_AGX_NATIVE class_addMethod(MTLTextureDescriptor, isMemoryless) = 1
#### MACWS_AGX_NATIVE class_addMethod(MTLTextureDescriptor, protectionOptions) = 1
#### MACWS_AGX_NATIVE class_addMethod(MTLTextureDescriptor, getCPUSizeBytes) = 1
#### MACWS_AGX_NATIVE class_addMethod(MTLTextureDescriptor, getAlignment) = 1
#### MACWS_AGX_NATIVE class_addMethod(MTLTextureDescriptor, descriptorPrivate) = 1
#### MACWS_AGX_NATIVE class_addMethod(MTLTextureDescriptor, getBytesPerRow) = 1
#### MACWS_AGX_NATIVE class_addMethod(MTLTextureDescriptor, updateBindDataWithAddresses:gpuVirtualAddress:) = 1
#### MACWS_AGX_NATIVE class_addMethod(MTLTextureDescriptor, updateBindDataWithAddresses:gpuVirtualAddress:shouldInitMetadata:) = 1
#### MACWS_AGX_NATIVE class_addMethod(MTLTextureDescriptor, allocBufferSubDataWithLength:options:alignment:heapIndex:bufferIndex:bufferOffset:) = 1
#### MACWS_AGX_NATIVE class_addMethod(MTLTextureDescriptor, initNewTextureData:) = 1
#### AMFI-POLICY-COMPAT policy=AMFI op=0x60 status=0x4 (iOS task ports are hard-immovable)
#### CSR-POLICY-COMPAT active_config=0x0 (conservative iOS compatibility value)
[68554:0729/142134.166598:ERROR:base/process/process_mac.cc:53] task_policy_set TASK_CATEGORY_POLICY: (os/kern) invalid argument (4)
2026-07-29 14:21:34.171 Code Helper (Renderer)[68554:12253250] XType: Using static font registry.
#### JIT-MPROTECT range[0]=[0x280000000,0x290000000) source=MAP_JIT-EINVAL
#### JIT-MPROTECT execution barrier installed (W^X fetch-wait compatibility)
#### JIT-MPROTECT range[0]=[0x280000000,0x290000000) source=MAP_JIT-EINVAL
#### JIT-MPROTECT range[0]=[0x280000000,0x290000000) source=MAP_JIT-EINVAL
#### JIT-MPROTECT range[0]=[0x280000000,0x290000000) source=MAP_JIT-EINVAL
#### JIT-MPROTECT range[0]=[0x280000000,0x290000000) source=MAP_JIT-EINVAL
#### JIT-MPROTECT range[0]=[0x280000000,0x290000000) source=MAP_JIT-EINVAL
#### JIT-MPROTECT range[0]=[0x280000000,0x290000000) source=MAP_JIT-EINVAL
#### JIT-MPROTECT range[0]=[0x280000000,0x290000000) source=MAP_JIT-EINVAL
#### JIT-MPROTECT range[0]=[0x170000000,0x180000000) source=MAP_JIT-EINVAL
#### JIT-MPROTECT remap decline #1 dst=0x177dc0000 size=0x208000 src=0x113418000 requested=0x5 -> V8 copy fallback
#### JIT-MPROTECT flip #1 ranges=1 prot=RW writers=1 exec_waits=0 late_retries=0
#### JIT-MPROTECT flip #2 ranges=1 prot=RX writers=1 exec_waits=0 late_retries=0
[90m[main 2026-07-29T21:21:34.247Z][0m [shared storage] Creating shared storage database at '/Users/root/.vscode-shared/sharedStorage/state.vscdb' (wasCreated: false)
[90m[main 2026-07-29T21:21:34.252Z][0m [shared storage] Initializing fallback application storage (path: /tmp/macws-vscode-profile-agx-native-targetfix12/User/globalStorage/state.vscdb)
[90m[main 2026-07-29T21:21:34.277Z][0m [shared storage] Fallback application storage initialized with 80 items
#### JIT-MPROTECT flip #3 ranges=1 prot=RW writers=1 exec_waits=0 late_retries=0
#### JIT-MPROTECT flip #4 ranges=1 prot=RX writers=1 exec_waits=0 late_retries=0
#### JIT-MPROTECT flip #5 ranges=1 prot=RW writers=1 exec_waits=1 late_retries=0
#### JIT-MPROTECT flip #6 ranges=1 prot=RX writers=1 exec_waits=1 late_retries=0
#### JIT-MPROTECT flip #7 ranges=1 prot=RW writers=1 exec_waits=1 late_retries=0
#### JIT-MPROTECT flip #8 ranges=1 prot=RX writers=1 exec_waits=2 late_retries=0
#### JIT-MPROTECT flip #9 ranges=1 prot=RW writers=1 exec_waits=2 late_retries=0
#### JIT-MPROTECT flip #10 ranges=1 prot=RX writers=1 exec_waits=3 late_retries=0
#### JIT-MPROTECT flip #11 ranges=1 prot=RW writers=1 exec_waits=3 late_retries=0
#### JIT-MPROTECT flip #12 ranges=1 prot=RX writers=1 exec_waits=4 late_retries=0
#### JIT-MPROTECT flip #13 ranges=1 prot=RW writers=1 exec_waits=4 late_retries=0
#### JIT-MPROTECT flip #14 ranges=1 prot=RX writers=1 exec_waits=5 late_retries=0
#### JIT-MPROTECT flip #15 ranges=1 prot=RW writers=1 exec_waits=5 late_retries=0
#### JIT-MPROTECT flip #16 ranges=1 prot=RX writers=1 exec_waits=5 late_retries=0
#### JIT-MPROTECT flip #17 ranges=1 prot=RW writers=1 exec_waits=5 late_retries=0
#### JIT-MPROTECT flip #18 ranges=1 prot=RX writers=1 exec_waits=6 late_retries=0
#### JIT-MPROTECT flip #19 ranges=1 prot=RW writers=1 exec_waits=6 late_retries=0
#### JIT-MPROTECT flip #20 ranges=1 prot=RX writers=1 exec_waits=7 late_retries=0
#### JIT-MPROTECT flip #21 ranges=1 prot=RW writers=1 exec_waits=7 late_retries=0
#### JIT-MPROTECT flip #22 ranges=1 prot=RX writers=1 exec_waits=8 late_retries=0
#### JIT-MPROTECT flip #23 ranges=1 prot=RW writers=1 exec_waits=8 late_retries=0
#### JIT-MPROTECT flip #24 ranges=1 prot=RX writers=1 exec_waits=8 late_retries=0
#### JIT-MPROTECT flip #25 ranges=1 prot=RW writers=1 exec_waits=8 late_retries=0
#### JIT-MPROTECT flip #26 ranges=1 prot=RX writers=1 exec_waits=9 late_retries=0
#### JIT-MPROTECT flip #27 ranges=1 prot=RW writers=1 exec_waits=9 late_retries=0
#### JIT-MPROTECT flip #28 ranges=1 prot=RX writers=1 exec_waits=9 late_retries=0
#### JIT-MPROTECT flip #29 ranges=1 prot=RW writers=1 exec_waits=9 late_retries=0
#### JIT-MPROTECT flip #30 ranges=1 prot=RX writers=1 exec_waits=9 late_retries=0
#### JIT-MPROTECT flip #31 ranges=1 prot=RW writers=1 exec_waits=9 late_retries=0
#### JIT-MPROTECT flip #32 ranges=1 prot=RX writers=1 exec_waits=10 late_retries=0
[90m[main 2026-07-29T21:21:34.472Z][0m update#setState disabled
[90m[main 2026-07-29T21:21:34.472Z][0m update#ctor - updates are disabled by the environment
#### MTL_TEX entry self class=AGXG13GFamilyDevice
#### MTL_TEX TLS set iosurface=0x60003d9a0 id=0x95 plane=0 compressionHeaderSpan=0 (thread=0x1ed069e00 addr=0x0)
#### MACWS_AGX_NATIVE memoryless witness #4 instance=0x6001d2000 class=AGXG13GFamilyDevice original=0x1f73c28a8 -> YES
#### AGXIOC type=0x82 patch #3: f14=0x430 +0x30 0→0x95 +0x38 0x95→0 +0x40 0→0 +0x50 0→0x180888f00 +0x58 0x180888f00→0
#### AGX_LIFE CREATE id=0xf type=0x82 surf=0x95 bytes=0x3d0000 kr=0 okC=15 failC=0 okD=0 failD=0 unmatchedD=0 full=0 live=15/4MB [t0=12/0MB t80=0/0MB t82=3/3MB]
#### AGX_LIFE type82 CREATE stack #3 resourceID=0xf surf=0x95 (16 frames):
0   libmachook_arm64.dylib              0x00000001046c58a0 IOConnectCallMethod_new + 20212
1   IOGPU                               0x00000001aedc218c IOGPUResourceCreate + 236
2   IOGPU                               0x00000001aedbc138 -[IOGPUMetalResource initWithDevice:remoteStorageResource:options:args:argsSize:] + 460
3   libmachook_arm64.dylib              0x00000001046b94a8 __loadImageCallback_block_invoke_20 + 96
4   IOGPU                               0x00000001aedbe5ec -[IOGPUMetalTexture initWithDevice:descriptor:iosurface:plane:field:args:argsSize:] + 824
5   AGXMetal13_3                        0x00000001f76c6f38 -[AGXTexture initWithDevice:desc:iosurface:plane:] + 288
6   libmachook_arm64.dylib              0x00000001046de75c -[MTLFakeDevice hooked_newTextureWithDescriptor:iosurface:plane:] + 4912
7   libGLESv2.dylib                     0x000000010d883754 glStartTilingQCOM + 2731860
8   libGLESv2.dylib                     0x000000010d8579b8 glStartTilingQCOM + 2552248
9   libGLESv2.dylib                     0x000000010d857824 glStartTilingQCOM + 2551844
10  libGLESv2.dylib                     0x000000010d755fd4 glStartTilingQCOM + 1497044
11  libGLESv2.dylib                     0x000000010d5b15fc libGLESv2.dylib + 38396
12  libGLESv2.dylib                     0x000000010d5b4d60 EGL_BindTexImage + 144
13  Electron Framework                  0x00000001176ee528 rust_bmp$cxxbridge1$194$Reader$image_data_loaded + 582280
14  Electron Framework                  0x00000001176f19cc rust_bmp$cxxbridge1$194$Reader$image_data_loaded + 595756
15  Electron Framework                  0x00000001176ef830 rust_bmp$cxxbridge1$194$Reader$image_data_loaded + 587152
####   ResCreate OK type=0x82 clientID=0 +0x30=0x95 +0x38=0 +0x40=0 +0x58=0 OUT[+0]=0x1500078000 OUT[+0x08]=0 OUT[+0x10]=0x10cfacb40 OUT[+0x48]=0x3d0000
####   inStruct[0..104]:
####     00: 82 00 00 00 00 00 00 00 60 09 a0 01 01 00 00 00
####     10: 01 01 00 04 30 04 00 00 00 00 00 00 00 00 00 00
####     20: 00 00 00 00 00 00 00 00 00 00 00 00 00 00 00 00
####     30: 95 00 00 00 00 00 00 00 00 00 00 00 00 00 00 00
####     40: 00 00 00 00 00 00 00 00 00 00 00 00 00 00 00 00
####     50: 00 8f 88 80 01 00 00 00 00 00 00 00 00 00 00 00
####     60: 00 00 00 00 00 00 00 00
#### AGX_MAP_AUDIT #2 tex=0x600983980 impl=0x600983700 iosurface(arg=0x60003d9a0 bound=0x60003d9a0) plane=0 cpu130=0x110914000 gpu40=0x1500078000 descriptorOff=0x190 descriptorLayout=0 compressed=0 extended=0 match=1
#### AGX_LIFE CREATE id=0x10 type=0 surf=0 bytes=0x50000 kr=0 okC=16 failC=0 okD=0 failD=0 unmatchedD=0 full=0 live=16/4MB [t0=13/0MB t80=0/0MB t82=3/3MB]
#### AGXIOC heap map #13 clientID 0x50000 -> resourceID 0x10 size 0x50000
####   ResCreate OK type=0 clientID=0 +0x30=0 +0x38=0 +0x40=0x50000 +0x58=0 OUT[+0]=0x18000 OUT[+0x08]=0x110da4000 OUT[+0x10]=0x10cfacc00 OUT[+0x48]=0x50000
####   inStruct[0..104]:
####     00: 00 00 00 00 00 00 00 00 01 00 01 00 01 00 00 00
####     10: 01 01 00 01 30 84 00 00 00 00 00 00 00 00 00 00
####     20: 00 00 00 00 00 00 00 00 00 00 00 00 00 00 00 00
####     30: 00 00 00 00 00 00 00 00 00 00 00 00 00 00 00 00
####     40: 00 00 05 00 00 00 00 00 00 00 00 00 00 00 00 00
####     50: 00 00 00 38 00 00 00 00 00 00 00 00 00 00 00 00
####     60: 00 00 00 00 00 00 00 00
#### CBRI_HOOK self=0x600222300 cls=AGXG13GFamilyCommandBuffer → resourceInfo=0x600259600
#### AGXIOC heap map #14 clientID 0x8000 -> resourceID 0x11 size 0x8000
####   ResCreate OK type=0 clientID=0 +0x30=0 +0x38=0 +0x40=0x8000 +0x58=0 OUT[+0]=0x1500450000 OUT[+0x08]=0x110df4000 OUT[+0x10]=0x10cfaccc0 OUT[+0x48]=0x8000
####   inStruct[0..104]:
####     00: 00 00 00 00 00 00 00 00 00 80 01 00 01 00 00 00
####     10: 01 01 00 01 30 04 00 00 00 00 00 00 00 00 00 00
####     20: 00 00 00 00 00 00 00 00 00 00 00 00 00 00 00 00
####     30: 00 00 00 00 00 00 00 00 00 00 00 00 00 00 00 00
####     40: 00 80 00 00 00 00 00 00 00 00 00 00 00 00 00 00
####     50: 00 00 00 08 00 00 00 00 00 00 00 00 00 00 00 00
####     60: 00 00 00 00 00 00 00 00
#### AGXIOC heap map #15 clientID 0x8000 -> resourceID 0x12 size 0x8000
####   ResCreate OK type=0 clientID=0 +0x30=0 +0x38=0 +0x40=0x8000 +0x58=0 OUT[+0]=0x1500460000 OUT[+0x08]=0x110dfc000 OUT[+0x10]=0x10cfacd80 OUT[+0x48]=0x8000
####   inStruct[0..104]:
####     00: 00 00 00 00 00 00 00 00 00 80 01 00 01 00 00 00
####     10: 01 01 00 01 30 04 00 00 00 00 00 00 00 00 00 00
####     20: 00 00 00 00 00 00 00 00 00 00 00 00 00 00 00 00
####     30: 00 00 00 00 00 00 00 00 00 00 00 00 00 00 00 00
####     40: 00 80 00 00 00 00 00 00 00 00 00 00 00 00 00 00
####     50: 00 00 00 08 00 00 00 00 00 00 00 00 00 00 00 00
####     60: 00 00 00 00 00 00 00 00
#### AGXIOC heap map #16 clientID 0x8000 -> resourceID 0x13 size 0x8000
####   ResCreate OK type=0 clientID=0 +0x30=0 +0x38=0 +0x40=0x8000 +0x58=0 OUT[+0]=0x1500470000 OUT[+0x08]=0x110e04000 OUT[+0x10]=0x10cface40 OUT[+0x48]=0x8000
####   inStruct[0..104]:
####     00: 00 00 00 00 00 00 00 00 00 80 01 00 01 00 00 00
####     10: 01 01 00 01 30 04 00 00 00 00 00 00 00 00 00 00
####     20: 00 00 00 00 00 00 00 00 00 00 00 00 00 00 00 00
####     30: 00 00 00 00 00 00 00 00 00 00 00 00 00 00 00 00
####     40: 00 80 00 00 00 00 00 00 00 00 00 00 00 00 00 00
####     50: 00 00 00 08 00 00 00 00 00 00 00 00 00 00 00 00
####     60: 00 00 00 00 00 00 00 00
####   ResCreate OK type=0 clientID=0 +0x30=0 +0x38=0 +0x40=0x8000 +0x58=0 OUT[+0]=0x1500480000 OUT[+0x08]=0x110e0c000 OUT[+0x10]=0x10cfacf00 OUT[+0x48]=0x8000
####   inStruct[0..104]:
####     00: 00 00 00 00 00 00 00 00 00 80 01 00 01 00 00 00
####     10: 01 01 00 01 30 04 00 00 00 00 00 00 00 00 00 00
####     20: 00 00 00 00 00 00 00 00 00 00 00 00 00 00 00 00
####     30: 00 00 00 00 00 00 00 00 00 00 00 00 00 00 00 00
####     40: 00 80 00 00 00 00 00 00 00 00 00 00 00 00 00 00
####     50: 00 00 00 08 00 00 00 00 00 00 00 00 00 00 00 00
####     60: 00 00 00 00 00 00 00 00
####   ResCreate OK type=0 clientID=0 +0x30=0 +0x38=0 +0x40=0x8000 +0x58=0 OUT[+0]=0x1500490000 OUT[+0x08]=0x110e14000 OUT[+0x10]=0x10cfacfc0 OUT[+0x48]=0x8000
####   inStruct[0..104]:
####     00: 00 00 00 00 00 00 00 00 00 80 01 00 01 00 00 00
####     10: 01 01 00 01 30 04 00 00 00 00 00 00 00 00 00 00
####     20: 00 00 00 00 00 00 00 00 00 00 00 00 00 00 00 00
####     30: 00 00 00 00 00 00 00 00 00 00 00 00 00 00 00 00
####     40: 00 80 00 00 00 00 00 00 00 00 00 00 00 00 00 00
####     50: 00 00 00 08 00 00 00 00 00 00 00 00 00 00 00 00
####     60: 00 00 00 00 00 00 00 00
####   ResCreate OK type=0 clientID=0 +0x30=0 +0x38=0 +0x40=0x8000 +0x58=0 OUT[+0]=0x70000 OUT[+0x08]=0x110e1c000 OUT[+0x10]=0x10cfad080 OUT[+0x48]=0x8000
####   inStruct[0..104]:
####     00: 00 00 00 00 00 00 00 00 00 80 01 00 01 00 00 00
####     10: 01 01 00 01 30 84 00 00 00 00 00 00 00 00 00 00
####     20: 00 00 00 00 00 00 00 00 00 00 00 00 00 00 00 00
####     30: 00 00 00 00 00 00 00 00 00 00 00 00 00 00 00 00
####     40: 00 80 00 00 00 00 00 00 00 00 00 00 00 00 00 00
####     50: 00 00 00 48 00 00 00 00 00 00 00 00 00 00 00 00
####     60: 00 00 00 00 00 00 00 00
####   ResCreate OK type=0 clientID=0 +0x30=0 +0x38=0 +0x40=0x8000 +0x58=0 OUT[+0]=0x80000 OUT[+0x08]=0x110e24000 OUT[+0x10]=0x10cfad140 OUT[+0x48]=0x8000
####   inStruct[0..104]:
####     00: 00 00 00 00 00 00 00 00 00 80 01 00 01 00 00 00
####     10: 01 01 00 01 30 84 00 00 00 00 00 00 00 00 00 00
####     20: 00 00 00 00 00 00 00 00 00 00 00 00 00 00 00 00
####     30: 00 00 00 00 00 00 00 00 00 00 00 00 00 00 00 00
####     40: 00 80 00 00 00 00 00 00 00 00 00 00 00 00 00 00
####     50: 00 00 00 48 00 00 00 00 00 00 00 00 00 00 00 00
####     60: 00 00 00 00 00 00 00 00
####   ResCreate OK type=0 clientID=0 +0x30=0 +0x38=0 +0x40=0x100000 +0x58=0 OUT[+0]=0x15004a0000 OUT[+0x08]=0x110e2c000 OUT[+0x10]=0x10cfad200 OUT[+0x48]=0x100000
####   inStruct[0..104]:
####     00: 00 00 00 00 00 00 00 00 00 00 01 00 01 00 00 00
####     10: 01 01 00 01 30 04 00 00 00 00 00 00 00 00 00 00
####     20: 00 00 00 00 00 00 00 00 00 00 00 00 00 00 00 00
####     30: 00 00 00 00 00 00 00 00 00 00 00 00 00 00 00 00
####     40: 00 00 10 00 00 00 00 00 00 00 00 00 00 00 00 00
####     50: 00 00 00 18 00 00 00 00 00 00 00 00 00 00 00 00
####     60: 00 00 00 00 00 00 00 00
####   ResCreate OK type=0 clientID=0 +0x30=0 +0x38=0 +0x40=0x8000 +0x58=0 OUT[+0]=0x15005a8000 OUT[+0x08]=0x110f2c000 OUT[+0x10]=0x10cfad2c0 OUT[+0x48]=0x8000
####   inStruct[0..104]:
####     00: 00 00 00 00 00 00 00 00 00 80 01 00 01 00 00 00
####     10: 01 01 00 01 30 04 00 00 00 00 00 00 00 00 00 00
####     20: 00 00 00 00 00 00 00 00 00 00 00 00 00 00 00 00
####     30: 00 00 00 00 00 00 00 00 00 00 00 00 00 00 00 00
####     40: 00 80 00 00 00 00 00 00 00 00 00 00 00 00 00 00
####     50: 00 00 00 08 00 00 00 00 00 00 00 00 00 00 00 00
####     60: 00 00 00 00 00 00 00 00
####   ResCreate OK type=0 clientID=0 +0x30=0 +0x38=0 +0x40=0x8000 +0x58=0 OUT[+0]=0x15005b8000 OUT[+0x08]=0x110f34000 OUT[+0x10]=0x10cfad380 OUT[+0x48]=0x8000
####   inStruct[0..104]:
####     00: 00 00 00 00 00 00 00 00 00 80 01 00 01 00 00 00
####     10: 01 01 00 01 30 04 00 00 00 00 00 00 00 00 00 00
####     20: 00 00 00 00 00 00 00 00 00 00 00 00 00 00 00 00
####     30: 00 00 00 00 00 00 00 00 00 00 00 00 00 00 00 00
####     40: 00 80 00 00 00 00 00 00 00 00 00 00 00 00 00 00
####     50: 00 00 00 18 00 00 00 00 00 00 00 00 00 00 00 00
####     60: 00 00 00 00 00 00 00 00
####   ResCreate OK type=0 clientID=0 +0x30=0 +0x38=0 +0x40=0x8000 +0x58=0 OUT[+0]=0x15005c8000 OUT[+0x08]=0x110f3c000 OUT[+0x10]=0x10cfad440 OUT[+0x48]=0x8000
####   inStruct[0..104]:
####     00: 00 00 00 00 00 00 00 00 00 80 01 00 01 00 00 00
####     10: 01 01 00 01 30 04 00 00 00 00 00 00 00 00 00 00
####     20: 00 00 00 00 00 00 00 00 00 00 00 00 00 00 00 00
####     30: 00 00 00 00 00 00 00 00 00 00 00 00 00 00 00 00
####     40: 00 80 00 00 00 00 00 00 00 00 00 00 00 00 00 00
####     50: 00 00 00 08 00 00 00 00 00 00 00 00 00 00 00 00
####     60: 00 00 00 00 00 00 00 00
####   ResCreate OK type=0 clientID=0 +0x30=0 +0x38=0 +0x40=0x8000 +0x58=0 OUT[+0]=0x15005d8000 OUT[+0x08]=0x110f44000 OUT[+0x10]=0x10cfad500 OUT[+0x48]=0x8000
####   inStruct[0..104]:
####     00: 00 00 00 00 00 00 00 00 00 80 01 00 01 00 00 00
####     10: 01 01 00 01 30 04 00 00 00 00 00 00 00 00 00 00
####     20: 00 00 00 00 00 00 00 00 00 00 00 00 00 00 00 00
####     30: 00 00 00 00 00 00 00 00 00 00 00 00 00 00 00 00
####     40: 00 80 00 00 00 00 00 00 00 00 00 00 00 00 00 00
####     50: 00 00 00 08 00 00 00 00 00 00 00 00 00 00 00 00
####     60: 00 00 00 00 00 00 00 00
####   ResCreate OK type=0 clientID=0 +0x30=0 +0x38=0 +0x40=0x8000 +0x58=0 OUT[+0]=0x15005e8000 OUT[+0x08]=0x110f4c000 OUT[+0x10]=0x10cfad5c0 OUT[+0x48]=0x8000
####   inStruct[0..104]:
####     00: 00 00 00 00 00 00 00 00 00 80 01 00 01 00 00 00
####     10: 01 01 00 01 30 04 00 00 00 00 00 00 00 00 00 00
####     20: 00 00 00 00 00 00 00 00 00 00 00 00 00 00 00 00
####     30: 00 00 00 00 00 00 00 00 00 00 00 00 00 00 00 00
####     40: 00 80 00 00 00 00 00 00 00 00 00 00 00 00 00 00
####     50: 00 00 00 08 00 00 00 00 00 00 00 00 00 00 00 00
####     60: 00 00 00 00 00 00 00 00
####   ResCreate OK type=0 clientID=0 +0x30=0 +0x38=0 +0x40=0x8000 +0x58=0 OUT[+0]=0x15005f8000 OUT[+0x08]=0x110f54000 OUT[+0x10]=0x10cfad680 OUT[+0x48]=0x8000
####   inStruct[0..104]:
####     00: 00 00 00 00 00 00 00 00 00 80 01 00 01 00 00 00
####     10: 01 01 00 01 30 04 00 00 00 00 00 00 00 00 00 00
####     20: 00 00 00 00 00 00 00 00 00 00 00 00 00 00 00 00
####     30: 00 00 00 00 00 00 00 00 00 00 00 00 00 00 00 00
####     40: 00 80 00 00 00 00 00 00 00 00 00 00 00 00 00 00
####     50: 00 00 00 08 00 00 00 00 00 00 00 00 00 00 00 00
####     60: 00 00 00 00 00 00 00 00
####   ResCreate OK type=0 clientID=0 +0x30=0 +0x38=0 +0x40=0x8000 +0x58=0 OUT[+0]=0x1500608000 OUT[+0x08]=0x110f5c000 OUT[+0x10]=0x10cfad740 OUT[+0x48]=0x8000
####   inStruct[0..104]:
####     00: 00 00 00 00 00 00 00 00 00 80 01 00 01 00 00 00
####     10: 01 01 00 01 30 04 00 00 00 00 00 00 00 00 00 00
####     20: 00 00 00 00 00 00 00 00 00 00 00 00 00 00 00 00
####     30: 00 00 00 00 00 00 00 00 00 00 00 00 00 00 00 00
####     40: 00 80 00 00 00 00 00 00 00 00 00 00 00 00 00 00
####     50: 00 00 00 08 00 00 00 00 00 00 00 00 00 00 00 00
####     60: 00 00 00 00 00 00 00 00
####   ResCreate OK type=0 clientID=0 +0x30=0 +0x38=0 +0x40=0xff80 +0x58=0 OUT[+0]=0x1500618000 OUT[+0x08]=0x110f64000 OUT[+0x10]=0x10cfad800 OUT[+0x48]=0x10000
####   inStruct[0..104]:
####     00: 00 00 00 00 00 00 00 00 80 ff 01 00 01 00 00 00
####     10: 01 01 00 01 30 04 00 00 00 00 00 00 00 00 00 00
####     20: 00 00 00 00 00 00 00 00 00 00 00 00 00 00 00 00
####     30: 00 00 00 00 00 00 00 00 00 00 00 00 00 00 00 00
####     40: 80 ff 00 00 00 00 00 00 00 00 00 00 00 00 00 00
####     50: 00 00 00 18 00 00 00 00 00 00 00 00 00 00 00 00
####     60: 00 00 00 00 00 00 00 00
####   ResCreate OK type=0 clientID=0 +0x30=0 +0x38=0 +0x40=0xc0000 +0x58=0 OUT[+0]=0x1500630000 OUT[+0x08]=0x110f74000 OUT[+0x10]=0x10cfad8c0 OUT[+0x48]=0xc0000
####   inStruct[0..104]:
####     00: 00 00 00 00 00 00 00 00 00 00 01 00 01 00 00 00
####     10: 01 01 00 01 30 04 00 00 00 00 00 00 00 00 00 00
####     20: 00 00 00 00 00 00 00 00 00 00 00 00 00 00 00 00
####     30: 00 00 00 00 00 00 00 00 00 00 00 00 00 00 00 00
####     40: 00 00 0c 00 00 00 00 00 00 00 00 00 00 00 00 00
####     50: 00 00 00 08 00 00 00 00 00 00 00 00 00 00 00 00
####     60: 00 00 00 00 00 00 00 00
#### AGX_SUBMIT_DIAG #1 subtype1-predicate scalar0=0x1 legacy-scalar-gate=1 total=0x840/1 seglen=0x130/1 seghdr=1 cmdtotal=1 d8=1 pad1=1 f1=1 sent1=1 pad2=1 f2=1 sent2=1
#### AGX_SUBMIT_DIAG #1 descriptor[0] KCMD-type1-observed saved=0x840/0x840 path=/tmp/macws_submit_kcmd_1_0_type1-observed.bin errno=0
#### AGXIOC type0 exact initFull length: +0x58=0 low32=0 -> +0x40=0x8000
####   ResCreate OK type=0 clientID=0 +0x30=0x40 +0x38=0 +0x40=0x8000 +0x58=0 OUT[+0]=0x15006f8000 OUT[+0x08]=0x111034000 OUT[+0x10]=0x10cfad980 OUT[+0x48]=0x8000
####   inStruct[0..104]:
####     00: 00 00 00 00 00 00 00 00 01 00 01 00 01 00 00 00
####     10: 01 01 00 01 70 04 00 00 00 00 00 00 00 00 00 00
####     20: 00 00 00 00 00 00 00 00 00 00 00 00 00 00 00 00
####     30: 40 00 00 00 00 00 00 00 00 00 00 00 00 00 00 00
####     40: 00 80 00 00 00 00 00 00 00 00 00 00 00 00 00 00
####     50: 00 00 00 00 00 00 00 00 00 00 00 00 00 00 00 00
####     60: d8 df ab 2e 02 00 00 00
#### TRACE -[AGXBuffer initFull] self=0x60021d800 dev=0x6001d2000 len=32768 align=1→64 opt=0 subDis=0→1 resIn=0x16b932788 pin=0x0 -> 0x60021d800
#### AGX_SUBMIT_DIAG #1 descriptor[0] segment saved=0x130/0x130 path=/tmp/macws_submit_segment_1_0.bin errno=0
#### AGXIOC type0 exact initFull length: +0x58=0 low32=0 -> +0x40=0xc000
#### AGX_SUBMIT_DIAG #1 TEMP-KCMD-ABI-FIX subtype1-clear pads=0x1c0,0x4c0 total=0x840->0x820 size=0x7e8->0x7c8 end=0x818->0x7f8 segment-span=0x820
####   ResCreate OK type=0 clientID=0 +0x30=0x40 +0x38=0 +0x40=0xc000 +0x58=0 OUT[+0]=0x1500708000 OUT[+0x08]=0x11103c000 OUT[+0x10]=0x10cfada40 OUT[+0x48]=0xc000
####   inStruct[0..104]:
####     00: 00 00 00 00 00 00 00 00 01 00 01 00 01 00 00 00
####     10: 01 01 00 01 70 04 00 00 00 00 00 00 00 00 00 00
####     20: 00 00 00 00 00 00 00 00 00 00 00 00 00 00 00 00
####     30: 40 00 00 00 00 00 00 00 00 00 00 00 00 00 00 00
####     40: 00 c0 00 00 00 00 00 00 00 00 00 00 00 00 00 00
####     50: 00 00 00 00 00 00 00 00 00 00 00 00 00 00 00 00
####     60: 28 29 93 6b 01 00 00 00
#### TRACE -[AGXBuffer initFull] self=0x60021e100 dev=0x6001d2000 len=49152 align=1→64 opt=0 subDis=0→1 resIn=0x16b932888 pin=0x0 -> 0x60021e100
#### AGXIOC Method sel=0xf->0xd inCnt=2 inSC=0 outSC=16 -> 0x0
#### AGXIOC Method sel=0xf->0xd inCnt=2 inSC=0 outSC=16 -> 0x0
#### AGXIOC Method sel=0x1e->0x1a inCnt=4 inSC=56 outSC=0 -> 0x0
#### CBRI_HOOK self=0x600224600 cls=AGXG13GFamilyCommandBuffer → resourceInfo=0x600261800
####   ResCreate OK type=0 clientID=0 +0x30=0 +0x38=0 +0x40=0x8000 +0x58=0 OUT[+0]=0x15008b8000 OUT[+0x08]=0x111098000 OUT[+0x10]=0x10cfadec0 OUT[+0x48]=0x8000
####   inStruct[0..104]:
####     00: 00 00 00 00 00 00 00 00 00 80 01 00 01 00 00 00
####     10: 01 01 00 01 30 04 00 00 00 00 00 00 00 00 00 00
####     20: 00 00 00 00 00 00 00 00 00 00 00 00 00 00 00 00
####     30: 00 00 00 00 00 00 00 00 00 00 00 00 00 00 00 00
####     40: 00 80 00 00 00 00 00 00 00 00 00 00 00 00 00 00
####     50: 00 00 00 08 00 00 00 00 00 00 00 00 00 00 00 00
####     60: 00 00 00 00 00 00 00 00
####   ResCreate OK type=0 clientID=0 +0x30=0 +0x38=0 +0x40=0x8000 +0x58=0 OUT[+0]=0x15008c8000 OUT[+0x08]=0x1110a0000 OUT[+0x10]=0x10cfadf80 OUT[+0x48]=0x8000
####   inStruct[0..104]:
####     00: 00 00 00 00 00 00 00 00 00 80 01 00 01 00 00 00
####     10: 01 01 00 01 30 04 00 00 00 00 00 00 00 00 00 00
####     20: 00 00 00 00 00 00 00 00 00 00 00 00 00 00 00 00
####     30: 00 00 00 00 00 00 00 00 00 00 00 00 00 00 00 00
####     40: 00 80 00 00 00 00 00 00 00 00 00 00 00 00 00 00
####     50: 00 00 00 08 00 00 00 00 00 00 00 00 00 00 00 00
####     60: 00 00 00 00 00 00 00 00
####   ResCreate OK type=0 clientID=0 +0x30=0 +0x38=0 +0x40=0x8000 +0x58=0 OUT[+0]=0x15008d8000 OUT[+0x08]=0x1110a8000 OUT[+0x10]=0x10cfae040 OUT[+0x48]=0x8000
####   inStruct[0..104]:
####     00: 00 00 00 00 00 00 00 00 00 80 01 00 01 00 00 00
####     10: 01 01 00 01 30 04 00 00 00 00 00 00 00 00 00 00
####     20: 00 00 00 00 00 00 00 00 00 00 00 00 00 00 00 00
####     30: 00 00 00 00 00 00 00 00 00 00 00 00 00 00 00 00
####     40: 00 80 00 00 00 00 00 00 00 00 00 00 00 00 00 00
####     50: 00 00 00 08 00 00 00 00 00 00 00 00 00 00 00 00
####     60: 00 00 00 00 00 00 00 00
####   ResCreate OK type=0 clientID=0 +0x30=0 +0x38=0 +0x40=0x8000 +0x58=0 OUT[+0]=0x15008e8000 OUT[+0x08]=0x1110b0000 OUT[+0x10]=0x10cfae100 OUT[+0x48]=0x8000
####   inStruct[0..104]:
####     00: 00 00 00 00 00 00 00 00 00 80 01 00 01 00 00 00
####     10: 01 01 00 01 30 04 00 00 00 00 00 00 00 00 00 00
####     20: 00 00 00 00 00 00 00 00 00 00 00 00 00 00 00 00
####     30: 00 00 00 00 00 00 00 00 00 00 00 00 00 00 00 00
####     40: 00 80 00 00 00 00 00 00 00 00 00 00 00 00 00 00
####     50: 00 00 00 08 00 00 00 00 00 00 00 00 00 00 00 00
####     60: 00 00 00 00 00 00 00 00
####   ResCreate OK type=0 clientID=0 +0x30=0 +0x38=0 +0x40=0x8000 +0x58=0 OUT[+0]=0x15008f8000 OUT[+0x08]=0x1110b8000 OUT[+0x10]=0x10cfae1c0 OUT[+0x48]=0x8000
####   inStruct[0..104]:
####     00: 00 00 00 00 00 00 00 00 00 80 01 00 01 00 00 00
####     10: 01 01 00 01 30 04 00 00 00 00 00 00 00 00 00 00
####     20: 00 00 00 00 00 00 00 00 00 00 00 00 00 00 00 00
####     30: 00 00 00 00 00 00 00 00 00 00 00 00 00 00 00 00
####     40: 00 80 00 00 00 00 00 00 00 00 00 00 00 00 00 00
####     50: 00 00 00 08 00 00 00 00 00 00 00 00 00 00 00 00
####     60: 00 00 00 00 00 00 00 00
####   ResCreate OK type=0 clientID=0 +0x30=0 +0x38=0 +0x40=0x8000 +0x58=0 OUT[+0]=0x90000 OUT[+0x08]=0x1110c0000 OUT[+0x10]=0x10cfae280 OUT[+0x48]=0x8000
####   inStruct[0..104]:
####     00: 00 00 00 00 00 00 00 00 00 80 01 00 01 00 00 00
####     10: 01 01 00 01 30 84 00 00 00 00 00 00 00 00 00 00
####     20: 00 00 00 00 00 00 00 00 00 00 00 00 00 00 00 00
####     30: 00 00 00 00 00 00 00 00 00 00 00 00 00 00 00 00
####     40: 00 80 00 00 00 00 00 00 00 00 00 00 00 00 00 00
####     50: 00 00 00 48 00 00 00 00 00 00 00 00 00 00 00 00
####     60: 00 00 00 00 00 00 00 00
####   ResCreate OK type=0 clientID=0 +0x30=0 +0x38=0 +0x40=0x8000 +0x58=0 OUT[+0]=0xa0000 OUT[+0x08]=0x1110c8000 OUT[+0x10]=0x10cfae340 OUT[+0x48]=0x8000
####   inStruct[0..104]:
####     00: 00 00 00 00 00 00 00 00 00 80 01 00 01 00 00 00
####     10: 01 01 00 01 30 84 00 00 00 00 00 00 00 00 00 00
####     20: 00 00 00 00 00 00 00 00 00 00 00 00 00 00 00 00
####     30: 00 00 00 00 00 00 00 00 00 00 00 00 00 00 00 00
####     40: 00 80 00 00 00 00 00 00 00 00 00 00 00 00 00 00
####     50: 00 00 00 48 00 00 00 00 00 00 00 00 00 00 00 00
####     60: 00 00 00 00 00 00 00 00
####   ResCreate OK type=0 clientID=0 +0x30=0 +0x38=0 +0x40=0x100000 +0x58=0 OUT[+0]=0x1500908000 OUT[+0x08]=0x1110d0000 OUT[+0x10]=0x10cfae400 OUT[+0x48]=0x100000
####   inStruct[0..104]:
####     00: 00 00 00 00 00 00 00 00 00 00 01 00 01 00 00 00
####     10: 01 01 00 01 30 04 00 00 00 00 00 00 00 00 00 00
####     20: 00 00 00 00 00 00 00 00 00 00 00 00 00 00 00 00
####     30: 00 00 00 00 00 00 00 00 00 00 00 00 00 00 00 00
####     40: 00 00 10 00 00 00 00 00 00 00 00 00 00 00 00 00
####     50: 00 00 00 18 00 00 00 00 00 00 00 00 00 00 00 00
####     60: 00 00 00 00 00 00 00 00
####   ResCreate OK type=0 clientID=0 +0x30=0 +0x38=0 +0x40=0x8000 +0x58=0 OUT[+0]=0x1500a10000 OUT[+0x08]=0x1111d0000 OUT[+0x10]=0x10cfae4c0 OUT[+0x48]=0x8000
####   inStruct[0..104]:
####     00: 00 00 00 00 00 00 00 00 00 80 01 00 01 00 00 00
####     10: 01 01 00 01 30 04 00 00 00 00 00 00 00 00 00 00
####     20: 00 00 00 00 00 00 00 00 00 00 00 00 00 00 00 00
####     30: 00 00 00 00 00 00 00 00 00 00 00 00 00 00 00 00
####     40: 00 80 00 00 00 00 00 00 00 00 00 00 00 00 00 00
####     50: 00 00 00 08 00 00 00 00 00 00 00 00 00 00 00 00
####     60: 00 00 00 00 00 00 00 00
####   ResCreate OK type=0 clientID=0 +0x30=0 +0x38=0 +0x40=0x8000 +0x58=0 OUT[+0]=0x1500a20000 OUT[+0x08]=0x1111d8000 OUT[+0x10]=0x10cfae580 OUT[+0x48]=0x8000
####   inStruct[0..104]:
####     00: 00 00 00 00 00 00 00 00 00 80 01 00 01 00 00 00
####     10: 01 01 00 01 30 04 00 00 00 00 00 00 00 00 00 00
####     20: 00 00 00 00 00 00 00 00 00 00 00 00 00 00 00 00
####     30: 00 00 00 00 00 00 00 00 00 00 00 00 00 00 00 00
####     40: 00 80 00 00 00 00 00 00 00 00 00 00 00 00 00 00
####     50: 00 00 00 18 00 00 00 00 00 00 00 00 00 00 00 00
####     60: 00 00 00 00 00 00 00 00
####   ResCreate OK type=0 clientID=0 +0x30=0 +0x38=0 +0x40=0x8000 +0x58=0 OUT[+0]=0x1500a30000 OUT[+0x08]=0x1111e0000 OUT[+0x10]=0x10cfae640 OUT[+0x48]=0x8000
####   inStruct[0..104]:
####     00: 00 00 00 00 00 00 00 00 00 80 01 00 01 00 00 00
####     10: 01 01 00 01 30 04 00 00 00 00 00 00 00 00 00 00
####     20: 00 00 00 00 00 00 00 00 00 00 00 00 00 00 00 00
####     30: 00 00 00 00 00 00 00 00 00 00 00 00 00 00 00 00
####     40: 00 80 00 00 00 00 00 00 00 00 00 00 00 00 00 00
####     50: 00 00 00 08 00 00 00 00 00 00 00 00 00 00 00 00
####     60: 00 00 00 00 00 00 00 00
####   ResCreate OK type=0 clientID=0 +0x30=0 +0x38=0 +0x40=0x8000 +0x58=0 OUT[+0]=0x1500a40000 OUT[+0x08]=0x1111e8000 OUT[+0x10]=0x10cfae700 OUT[+0x48]=0x8000
####   inStruct[0..104]:
####     00: 00 00 00 00 00 00 00 00 00 80 01 00 01 00 00 00
####     10: 01 01 00 01 30 04 00 00 00 00 00 00 00 00 00 00
####     20: 00 00 00 00 00 00 00 00 00 00 00 00 00 00 00 00
####     30: 00 00 00 00 00 00 00 00 00 00 00 00 00 00 00 00
####     40: 00 80 00 00 00 00 00 00 00 00 00 00 00 00 00 00
####     50: 00 00 00 08 00 00 00 00 00 00 00 00 00 00 00 00
####     60: 00 00 00 00 00 00 00 00
####   ResCreate OK type=0 clientID=0 +0x30=0 +0x38=0 +0x40=0x8000 +0x58=0 OUT[+0]=0x1500a50000 OUT[+0x08]=0x1111f0000 OUT[+0x10]=0x10cfae7c0 OUT[+0x48]=0x8000
####   inStruct[0..104]:
####     00: 00 00 00 00 00 00 00 00 00 80 01 00 01 00 00 00
####     10: 01 01 00 01 30 04 00 00 00 00 00 00 00 00 00 00
####     20: 00 00 00 00 00 00 00 00 00 00 00 00 00 00 00 00
####     30: 00 00 00 00 00 00 00 00 00 00 00 00 00 00 00 00
####     40: 00 80 00 00 00 00 00 00 00 00 00 00 00 00 00 00
####     50: 00 00 00 08 00 00 00 00 00 00 00 00 00 00 00 00
####     60: 00 00 00 00 00 00 00 00
#### AGX_SUBMIT_DIAG #2 TEMP-KCMD-TRAILING-WRAPPER-FIX match=1 subtype1=0..0x840->0..0x820 wrappers=2 range=0x840..0x870->0x820..0x850
#### AGXIOC Method sel=0x1e->0x1a inCnt=4 inSC=56 outSC=0 -> 0x0
#### MTL_TEX entry self class=AGXG13GFamilyDevice
#### MTL_TEX TLS set iosurface=0x60003b140 id=0xf7 plane=0 compressionHeaderSpan=0 (thread=0x1ed069e00 addr=0x0)
#### MACWS_AGX_NATIVE memoryless witness #5 instance=0x6001d2000 class=AGXG13GFamilyDevice original=0x1f73c28a8 -> YES
#### AGXIOC type=0x82 patch #4: f14=0x430 +0x30 0→0xf7 +0x38 0xf7→0 +0x40 0→0 +0x50 0→0x180888f00 +0x58 0x180888f00→0
#### AGX_LIFE type82 CREATE stack #4 resourceID=0x35 surf=0xf7 (16 frames):
0   libmachook_arm64.dylib              0x00000001046c58a0 IOConnectCallMethod_new + 20212
1   IOGPU                               0x00000001aedc218c IOGPUResourceCreate + 236
2   IOGPU                               0x00000001aedbc138 -[IOGPUMetalResource initWithDevice:remoteStorageResource:options:args:argsSize:] + 460
3   libmachook_arm64.dylib              0x00000001046b94a8 __loadImageCallback_block_invoke_20 + 96
4   IOGPU                               0x00000001aedbe5ec -[IOGPUMetalTexture initWithDevice:descriptor:iosurface:plane:field:args:argsSize:] + 824
5   AGXMetal13_3                        0x00000001f76c6f38 -[AGXTexture initWithDevice:desc:iosurface:plane:] + 288
6   libmachook_arm64.dylib              0x00000001046de75c -[MTLFakeDevice hooked_newTextureWithDescriptor:iosurface:plane:] + 4912
7   libGLESv2.dylib                     0x000000010d883754 glStartTilingQCOM + 2731860
8   libGLESv2.dylib                     0x000000010d8579b8 glStartTilingQCOM + 2552248
9   libGLESv2.dylib                     0x000000010d857824 glStartTilingQCOM + 2551844
10  libGLESv2.dylib                     0x000000010d755fd4 glStartTilingQCOM + 1497044
11  libGLESv2.dylib                     0x000000010d5b15fc libGLESv2.dylib + 38396
12  libGLESv2.dylib                     0x000000010d5b4d60 EGL_BindTexImage + 144
13  Electron Framework                  0x00000001176ee528 rust_bmp$cxxbridge1$194$Reader$image_data_loaded + 582280
14  Electron Framework                  0x00000001176f19cc rust_bmp$cxxbridge1$194$Reader$image_data_loaded + 595756
15  Electron Framework                  0x00000001176ef830 rust_bmp$cxxbridge1$194$Reader$image_data_loaded + 587152
#### AGX_MAP_AUDIT #3 tex=0x600987300 impl=0x600987080 iosurface(arg=0x60003b140 bound=0x60003b140) plane=0 cpu130=0x1298cc000 gpu40=0x1500ba8000 descriptorOff=0x190 descriptorLayout=0 compressed=0 extended=0 match=1
#### AGXIOC Method sel=0x1e->0x1a inCnt=4 inSC=56 outSC=0 -> 0x0
#### CBRI_HOOK self=0x600225400 cls=AGXG13GFamilyCommandBuffer → resourceInfo=0x600259600
#### AGX_SUBMIT_DIAG #4 TEMP-KCMD-TRAILING-WRAPPER-FIX match=2 subtype1=0..0x840->0..0x820 wrappers=1 range=0x840..0x858->0x820..0x838
#### AGXIOC Method sel=0x1e->0x1a inCnt=4 inSC=56 outSC=0 -> 0x0
#### MTL_TEX entry self class=AGXG13GFamilyDevice
#### MTL_TEX TLS set iosurface=0x60003e340 id=0xf8 plane=0 compressionHeaderSpan=0 (thread=0x1ed069e00 addr=0x0)
#### MACWS_AGX_NATIVE memoryless witness #6 instance=0x6001d2000 class=AGXG13GFamilyDevice original=0x1f73c28a8 -> YES
#### AGXIOC type=0x82 patch #5: f14=0x430 +0x30 0→0xf8 +0x38 0xf8→0 +0x40 0→0 +0x50 0→0x180888f00 +0x58 0x180888f00→0
#### AGX_MAP_AUDIT #4 tex=0x600987d00 impl=0x600987a80 iosurface(arg=0x60003e340 bound=0x60003e340) plane=0 cpu130=0x129c9c000 gpu40=0x1500f80000 descriptorOff=0x190 descriptorLayout=0 compressed=0 extended=0 match=1
#### AGXIOC Method sel=0x1e->0x1a inCnt=4 inSC=56 outSC=0 -> 0x0
#### CBRI_HOOK self=0x600225b00 cls=AGXG13GFamilyCommandBuffer → resourceInfo=0x600259600
#### AGX_SUBMIT_DIAG #6 TEMP-KCMD-TRAILING-WRAPPER-FIX match=3 subtype1=0..0x840->0..0x820 wrappers=1 range=0x840..0x858->0x820..0x838
#### AGXIOC Method sel=0x1e->0x1a inCnt=4 inSC=56 outSC=0 -> 0x0
#### MTL_TEX TLS set iosurface=0x60003e840 id=0x13 plane=0 compressionHeaderSpan=0 (thread=0x1ed069e00 addr=0x0)
#### MACWS_AGX_NATIVE memoryless witness #7 instance=0x6001d2000 class=AGXG13GFamilyDevice original=0x1f73c28a8 -> YES
#### AGXIOC type=0x82 patch #6: f14=0x430 +0x30 0→0x13 +0x38 0x13→0 +0x40 0→0 +0x50 0→0x180888f00 +0x58 0x180888f00→0
#### AGX_MAP_AUDIT #5 tex=0x600988700 impl=0x600988480 iosurface(arg=0x60003e840 bound=0x60003e840) plane=0 cpu130=0x12a06c000 gpu40=0x1501358000 descriptorOff=0x190 descriptorLayout=0 compressed=0 extended=0 match=1
#### AGXIOC Method sel=0x1e->0x1a inCnt=4 inSC=56 outSC=0 -> 0x0
#### CBRI_HOOK self=0x600226200 cls=AGXG13GFamilyCommandBuffer → resourceInfo=0x600261800
#### AGX_SUBMIT_DIAG #8 TEMP-KCMD-TRAILING-WRAPPER-FIX match=4 subtype1=0..0x840->0..0x820 wrappers=1 range=0x840..0x858->0x820..0x838
#### AGXIOC Method sel=0x1e->0x1a inCnt=4 inSC=56 outSC=0 -> 0x0
#### IOSURFACE-RELEASE-ABI pair #1: conn=15367 surfaceID=148 sel=1 -> 0
#### MTL_TEX TLS set iosurface=0x60003e360 id=0x93 plane=0 compressionHeaderSpan=0 (thread=0x1ed069e00 addr=0x0)
#### MACWS_AGX_NATIVE memoryless witness #8 instance=0x6001d2000 class=AGXG13GFamilyDevice original=0x1f73c28a8 -> YES
#### AGXIOC type=0x82 patch #7: f14=0x430 +0x30 0→0x93 +0x38 0x93→0 +0x40 0→0 +0x50 0→0x180888f00 +0x58 0x180888f00→0
#### AGX_MAP_AUDIT #6 tex=0x600989380 impl=0x600989100 iosurface(arg=0x60003e360 bound=0x60003e360) plane=0 cpu130=0x12a53c000 gpu40=0x1501730000 descriptorOff=0x190 descriptorLayout=0 compressed=0 extended=0 match=1
#### CBRI_HOOK self=0x600226900 cls=AGXG13GFamilyCommandBuffer → resourceInfo=0x600259600
#### AGX_SUBMIT_DIAG #10 TEMP-KCMD-TRAILING-WRAPPER-FIX match=5 subtype1=0..0x840->0..0x820 wrappers=1 range=0x840..0x858->0x820..0x838
#### AGXIOC Method sel=0xf->0xd inCnt=2 inSC=0 outSC=16 -> 0x0
#### AGXIOC Method sel=0xf->0xd inCnt=2 inSC=0 outSC=16 -> 0x0
#### CBRI_HOOK self=0x600226c80 cls=AGXG13GFamilyCommandBuffer → resourceInfo=0x600268600
#### AGX_SUBMIT_DIAG #12 TEMP-KCMD-TRAILING-WRAPPER-FIX match=6 subtype1=0..0x840->0..0x820 wrappers=1 range=0x840..0x858->0x820..0x838
[91m[main 2026-07-29T21:21:34.773Z][0m Unable to resolve your shell environment: Unexpected exit code from spawned shell (code null, signal SIGABRT)
#### JIT-MPROTECT flip #1024 ranges=1 prot=RX writers=1 exec_waits=227 late_retries=0
#### JIT-MPROTECT flip #2048 ranges=1 prot=RX writers=1 exec_waits=689 late_retries=4
#### JIT-MPROTECT flip #3072 ranges=1 prot=RX writers=1 exec_waits=1015 late_retries=14
#### JIT-MPROTECT flip #5120 ranges=1 prot=RX writers=1 exec_waits=1786 late_retries=35
#### JIT-MPROTECT flip #4096 ranges=1 prot=RX writers=1 exec_waits=1394 late_retries=24
#### JIT-MPROTECT flip #5120 ranges=1 prot=RX writers=1 exec_waits=1804 late_retries=33
#### JIT-MPROTECT flip #6144 ranges=1 prot=RX writers=1 exec_waits=2153 late_retries=45
#### AGXIOC Method sel=0xd->0xc inCnt=2 inSC=0 outSC=0 -> 0x0
#### AGXIOC Method sel=0xd->0xc inCnt=2 inSC=0 outSC=0 -> 0x0
#### AGXIOC Method sel=0xd->0xc inCnt=2 inSC=0 outSC=0 -> 0x0
#### AGXIOC Method sel=0xd->0xc inCnt=2 inSC=0 outSC=0 -> 0x0
#### AGXIOC Method sel=0xd->0xc inCnt=2 inSC=0 outSC=0 -> 0x0
#### AGXIOC Method sel=0xd->0xc inCnt=2 inSC=0 outSC=0 -> 0x0
#### AGXIOC Method sel=0xd->0xc inCnt=2 inSC=0 outSC=0 -> 0x0
#### AGXIOC Method sel=0xd->0xc inCnt=2 inSC=0 outSC=0 -> 0x0
#### JIT-MPROTECT flip #7168 ranges=1 prot=RX writers=1 exec_waits=2511 late_retries=55
#### JIT-MPROTECT flip #8192 ranges=1 prot=RX writers=1 exec_waits=2860 late_retries=63
#### JIT-MPROTECT flip #9216 ranges=1 prot=RX writers=1 exec_waits=3218 late_retries=66
#### JIT-MPROTECT flip #10240 ranges=1 prot=RX writers=1 exec_waits=3582 late_retries=73
[91m[main 2026-07-29T21:21:36.062Z][0m ptyHost was unable to resolve shell environment Error: Unable to resolve your shell environment: Unexpected exit code from spawned shell (code null, signal SIGABRT)
    at file:///Applications/Visual%20Studio%20Code.app/Contents/Resources/app/out/main.js:474:34475
    at async file:///Applications/Visual%20Studio%20Code.app/Contents/Resources/app/out/main.js:434:92057
#### MTL_TEX TLS set iosurface=0x600038920 id=0xfd plane=0 compressionHeaderSpan=0 (thread=0x1ed069e00 addr=0x0)
#### MACWS_AGX_NATIVE memoryless witness #9 instance=0x6001d2000 class=AGXG13GFamilyDevice original=0x1f73c28a8 -> YES
#### AGXIOC type=0x82 patch #8: f14=0x430 +0x30 0→0xfd +0x38 0xfd→0 +0x40 0→0 +0x50 0→0x180888f00 +0x58 0x180888f00→0
#### AGX_MAP_AUDIT #7 tex=0x60098a780 impl=0x60098a500 iosurface(arg=0x600038920 bound=0x600038920) plane=0 cpu130=0x12d800000 gpu40=0x1501768000 descriptorOff=0x190 descriptorLayout=0 compressed=0 extended=0 match=1
#### MACWS_AGX_NATIVE memoryless witness #10 instance=0x6001d2000 class=AGXG13GFamilyDevice original=0x1f73c28a8 -> YES
#### AGXIOC type=0x82 patch #9: f14=0x430 +0x30 0→0xfe +0x38 0xfe→0 +0x40 0→0 +0x50 0→0x180888c00 +0x58 0x180888c00→0
#### MTL_TEX LEASE-NEW #3 key=128x1-pf10-bpe1-fcc1278226488 entry=0x600bc18c0 surf=0x600a82840 tex=0x60098b180 retain=2 baseline=1 bpr=128 alloc=16KB shapeEntries=1 pool=0MB map=LINEAR
#### AGX_MAP_AUDIT #8 tex=0x60098b180 impl=0x60098af00 iosurface(arg=0x600a82840 bound=0x600a82840) plane=0 cpu130=0x10d3ec000 gpu40=0x1500868000 descriptorOff=0x190 descriptorLayout=0 compressed=0 extended=0 match=1
#### AGXIOC type0 exact initFull length: +0x58=0 low32=0 -> +0x40=0x80
#### CBRI_HOOK self=0x600227700 cls=AGXG13GFamilyCommandBuffer → resourceInfo=0x600261800
#### MACWS_AGX_NATIVE memoryless witness #11 instance=0x6001d2000 class=AGXG13GFamilyDevice original=0x1f73c28a8 -> YES
#### AGXIOC type=0x82 patch #10: f14=0x430 +0x30 0→0xff +0x38 0xff→0 +0x40 0→0 +0x50 0→0x180888c00 +0x58 0x180888c00→0
#### MTL_TEX LEASE-NEW #4 key=8x8-pf10-bpe1-fcc1278226488 entry=0x600bcd8f0 surf=0x600a842e0 tex=0x60098dc00 retain=2 baseline=1 bpr=128 alloc=16KB shapeEntries=1 pool=0MB map=LINEAR
#### AGX_MAP_AUDIT #9 tex=0x60098dc00 impl=0x60098d980 iosurface(arg=0x600a842e0 bound=0x600a842e0) plane=0 cpu130=0x10d408000 gpu40=0x1500888000 descriptorOff=0x190 descriptorLayout=0 compressed=0 extended=0 match=1
#### AGXIOC type0 exact initFull length: +0x58=0 low32=0 -> +0x40=0x40
#### MACWS_AGX_NATIVE memoryless witness #12 instance=0x6001d2000 class=AGXG13GFamilyDevice original=0x1f73c28a8 -> YES
#### AGXIOC type=0x82 patch #11: f14=0x430 +0x30 0→0x100 +0x38 0x100→0 +0x40 0→0 +0x50 0→0x180888c00 +0x58 0x180888c00→0
#### MTL_TEX LEASE-NEW #5 key=128x16-pf10-bpe1-fcc1278226488 entry=0x600bcef70 surf=0x600a84640 tex=0x60098f500 retain=2 baseline=1 bpr=128 alloc=16KB shapeEntries=1 pool=0MB map=LINEAR
#### AGX_MAP_AUDIT #10 tex=0x60098f500 impl=0x60098f280 iosurface(arg=0x600a84640 bound=0x600a84640) plane=0 cpu130=0x10d414000 gpu40=0x1501b48000 descriptorOff=0x190 descriptorLayout=0 compressed=0 extended=0 match=1
#### MACWS_AGX_NATIVE memoryless witness #13 instance=0x6001d2000 class=AGXG13GFamilyDevice original=0x1f73c28a8 -> YES
#### AGXIOC type=0x82 patch #12: f14=0x430 +0x30 0→0x101 +0x38 0x101→0 +0x40 0→0 +0x50 0→0x180888c00 +0x58 0x180888c00→0
#### MTL_TEX LEASE-NEW #6 key=512x256-pf10-bpe1-fcc1278226488 entry=0x600bcedf0 surf=0x600a84960 tex=0x60098fc80 retain=2 baseline=1 bpr=512 alloc=128KB shapeEntries=1 pool=0MB map=LINEAR
#### AGX_MAP_AUDIT #11 tex=0x60098fc80 impl=0x60098fa00 iosurface(arg=0x600a84960 bound=0x600a84960) plane=0 cpu130=0x10d418000 gpu40=0x1501b50000 descriptorOff=0x190 descriptorLayout=0 compressed=0 extended=0 match=1
#### MACWS_AGX_NATIVE memoryless witness #14 instance=0x6001d2000 class=AGXG13GFamilyDevice original=0x1f73c28a8 -> YES
#### AGXIOC type0 exact initFull length: +0x58=0xc00000000 low32=0 -> +0x40=0x300
#### TRACE -[AGXBuffer initUntracked] self=0x600b67e00 dev=0x6001d2000 len=768 opt=0 -> 0x600b67e00
#### AGX_LIFE DESTROY id=0x2 type=0 surf=0 bytes=0x4000 kr=0 okC=66 failC=0 okD=1 failD=0 unmatchedD=0 full=0 live=65/24MB [t0=53/5MB t80=0/0MB t82=12/19MB]
#### AGXIOC type0 exact initFull length: +0x58=0xc00000000 low32=0 -> +0x40=0x300
#### TRACE -[AGXBuffer initUntracked] self=0x600211f80 dev=0x6001d2000 len=768 opt=0 -> 0x600211f80
#### AGX_LIFE DESTROY id=0x3 type=0 surf=0 bytes=0x4000 kr=0 okC=67 failC=0 okD=2 failD=0 unmatchedD=0 full=0 live=65/24MB [t0=53/5MB t80=0/0MB t82=12/19MB]
#### TRACE -[AGXBuffer initUntracked] self=0x600215d00 dev=0x6001d2000 len=128 opt=0 -> 0x600215d00
#### AGX_LIFE DESTROY id=0x4 type=0 surf=0 bytes=0x4000 kr=0 okC=68 failC=0 okD=3 failD=0 unmatchedD=0 full=0 live=65/24MB [t0=53/5MB t80=0/0MB t82=12/19MB]
#### AGXIOC type=0x82 patch #13: f14=0x430 +0x30 0→0x102 +0x38 0x102→0 +0x40 0→0 +0x50 0→0x180888c00 +0x58 0x180888c00→0
#### MTL_TEX LEASE-NEW #7 key=256x128-pf10-bpe1-fcc1278226488 entry=0x600bcf240 surf=0x600a84900 tex=0x600c90500 retain=2 baseline=1 bpr=256 alloc=32KB shapeEntries=1 pool=0MB map=LINEAR
#### AGX_MAP_AUDIT #12 tex=0x600c90500 impl=0x600c90280 iosurface(arg=0x600a84900 bound=0x600a84900) plane=0 cpu130=0x10d438000 gpu40=0x1501b80000 descriptorOff=0x190 descriptorLayout=0 compressed=0 extended=0 match=1
#### MACWS_AGX_NATIVE memoryless witness #15 instance=0x6001d2000 class=AGXG13GFamilyDevice original=0x1f73c28a8 -> YES
#### AGXIOC type=0x82 patch #14: f14=0x430 +0x30 0→0x103 +0x38 0x103→0 +0x40 0→0 +0x50 0→0x180888c00 +0x58 0x180888c00→0
#### MTL_TEX LEASE-NEW #8 key=256x64-pf10-bpe1-fcc1278226488 entry=0x600bcf0c0 surf=0x600a84940 tex=0x600c90c80 retain=2 baseline=1 bpr=256 alloc=16KB shapeEntries=1 pool=0MB map=LINEAR
#### AGX_MAP_AUDIT #13 tex=0x600c90c80 impl=0x600c90a00 iosurface(arg=0x600a84940 bound=0x600a84940) plane=0 cpu130=0x10d260000 gpu40=0x1500010000 descriptorOff=0x190 descriptorLayout=0 compressed=0 extended=0 match=1
#### MACWS_AGX_NATIVE memoryless witness #16 instance=0x6001d2000 class=AGXG13GFamilyDevice original=0x1f73c28a8 -> YES
#### AGXIOC type=0x82 patch #15: f14=0x430 +0x30 0→0x104 +0x38 0x104→0 +0x40 0→0 +0x50 0→0x180888c00 +0x58 0x180888c00→0
#### MTL_TEX LEASE-NEW #9 key=128x64-pf10-bpe1-fcc1278226488 entry=0x600bcf540 surf=0x600a84920 tex=0x600c91400 retain=2 baseline=1 bpr=128 alloc=16KB shapeEntries=1 pool=0MB map=LINEAR
#### AGX_MAP_AUDIT #14 tex=0x600c91400 impl=0x600c91180 iosurface(arg=0x600a84920 bound=0x600a84920) plane=0 cpu130=0x10d444000 gpu40=0x1501b90000 descriptorOff=0x190 descriptorLayout=0 compressed=0 extended=0 match=1
#### AGXIOC type=0x82 patch #16: f14=0x430 +0x30 0→0x105 +0x38 0x105→0 +0x40 0→0 +0x50 0→0x180888c00 +0x58 0x180888c00→0
#### MTL_TEX LEASE-NEW #10 key=128x64-pf10-bpe1-fcc1278226488 entry=0x600bcf3c0 surf=0x600a848e0 tex=0x600c91b80 retain=2 baseline=1 bpr=128 alloc=16KB shapeEntries=2 pool=0MB map=LINEAR
#### AGX_MAP_AUDIT #15 tex=0x600c91b80 impl=0x600c91900 iosurface(arg=0x600a848e0 bound=0x600a848e0) plane=0 cpu130=0x10d448000 gpu40=0x1501b98000 descriptorOff=0x190 descriptorLayout=0 compressed=0 extended=0 match=1
#### MTL_TEX LEASE-NEW #11 key=64x64-pf80-bpe4-fcc1111970369 entry=0x600bcf840 surf=0x600a84880 tex=0x600c92300 retain=2 baseline=1 bpr=256 alloc=16KB shapeEntries=1 pool=0MB map=LINEAR
#### AGX_MAP_AUDIT #16 tex=0x600c92300 impl=0x600c92080 iosurface(arg=0x600a84880 bound=0x600a84880) plane=0 cpu130=0x10d44c000 gpu40=0x1501ba0000 descriptorOff=0x190 descriptorLayout=0 compressed=0 extended=0 match=1
#### MTL_TEX LEASE-NEW #12 key=2048x2048-pf10-bpe1-fcc1278226488 entry=0x600bcf690 surf=0x600a84840 tex=0x600c92d00 retain=2 baseline=1 bpr=2048 alloc=4096KB shapeEntries=1 pool=4MB map=LINEAR
#### AGX_MAP_AUDIT #17 tex=0x600c92d00 impl=0x600c92a80 iosurface(arg=0x600a84840 bound=0x600a84840) plane=0 cpu130=0x12dbd0000 gpu40=0x1501bb8000 descriptorOff=0x190 descriptorLayout=0 compressed=0 extended=0 match=1
#### VNC-FINAL candidate #0 tex=0x600c92d00 class=AGXG13GFamilyTexture tex=2048x2048 pf=10 usage=0x7 storage=0 hazard=2 surface=0x600a84840 2048x2048 bpr=2048
#### CBRI_HOOK self=0x600227700 cls=AGXG13GFamilyCommandBuffer → resourceInfo=0x600261800
#### CBRI_HOOK self=0x600227700 cls=AGXG13GFamilyCommandBuffer → resourceInfo=0x600261800
#### MTL_TEX LEASE-NEW #13 key=16x16-pf10-bpe1-fcc1278226488 entry=0x600cc3810 surf=0x600a850a0 tex=0x600c9f780 retain=2 baseline=1 bpr=128 alloc=16KB shapeEntries=1 pool=4MB map=LINEAR
#### AGX_MAP_AUDIT #18 tex=0x600c9f780 impl=0x600c9fa00 iosurface(arg=0x600a850a0 bound=0x600a850a0) plane=0 cpu130=0x10d4e0000 gpu40=0x1502090000 descriptorOff=0x190 descriptorLayout=0 compressed=0 extended=0 match=1
#### MTL_TEX plain DEPTH-STENCIL: pf=253 routing to native AGX path (IOSurface backing is invalid)
#### AGXIOC sel=0x9 type=0 VA-shape +0x38=0x12a56c000 → 0
#### AGXIOC sel=0x9 type=0 args+0x14=0x2c30 → 0x430 (stripped macOS-only bits 0x2800)
#### AGXIOC sel=0x9 type=0 VA-shape detected: args+0x40=0x12a56c000 (>1GB) → using args+0x48=0x20000 as size, +0x58 0x380888c50 → 0
#### MTL_TEX plain DEPTH-STENCIL native result: 0x600c9fc80 class=AGXG13GFamilyTexture
#### AGXIOC Scalar sel=0x10->0xe inCnt=1 -> 0x0
#### AGXIOC Scalar sel=0x10->0xe inCnt=1 -> 0x0
#### AGXIOC Method sel=0xf->0xd inCnt=2 inSC=0 outSC=16 -> 0x0
#### AGXIOC Scalar sel=0x10->0xe inCnt=1 -> 0x0
#### MTL_TEX plain DEPTH-STENCIL: pf=253 routing to native AGX path (IOSurface backing is invalid)
#### TRACE -[AGXBuffer initUntracked] self=0x600b6ee80 dev=0x6001d2000 len=1536 opt=0 -> 0x600b6ee80
#### TRACE -[AGXBuffer initUntracked] self=0x600b6e880 dev=0x6001d2000 len=1536 opt=0 -> 0x600b6e880
#### TRACE -[AGXBuffer initUntracked] self=0x600b6eb80 dev=0x6001d2000 len=256 opt=0 -> 0x600b6eb80
#### AGXIOC sel=0x9 type=0 VA-shape +0x38=0x12a56c200 → 0
#### AGXIOC sel=0x9 type=0 args+0x14=0x2c30 → 0x430 (stripped macOS-only bits 0x2800)
#### AGXIOC sel=0x9 type=0 VA-shape detected: args+0x40=0x12a56c000 (>1GB) → using args+0x48=0x20000 as size, +0x58 0x380888c50 → 0
#### MTL_TEX plain DEPTH-STENCIL native result: 0x600c9ed80 class=AGXG13GFamilyTexture
#### MTL_TEX storageMode=Memoryless preserved for AGX-native descriptor=0x600028ce0
#### MTL_TEX plain MEMORYLESS: routing to native AGX path (no IOSurface — tile-memory-only) w=128 h=16 pf=253
#### MTL_TEX storageMode=Memoryless preserved for AGX-native descriptor=0x600028ce0
#### MTL_TEX storageMode=Memoryless preserved for AGX-native descriptor=0x600028ce0
#### MTL_TEX storageMode=Memoryless preserved for AGX-native descriptor=0x600028ce0
#### MTL_TEX plain MEMORYLESS native result: 0x6010b0780 (class=AGXG13GFamilyTexture storageMode=3 length=999)
#### MTL_TEX plain MEMORYLESS: routing to native AGX path (no IOSurface — tile-memory-only) w=128 h=16 pf=10
#### MTL_TEX plain MEMORYLESS native result: 0x6010b1400 (class=AGXG13GFamilyTexture storageMode=3 length=999)
#### MTL_TEX TLS set iosurface=0x600a82b60 id=0x109 plane=0 compressionHeaderSpan=0 (thread=0x1ed069e00 addr=0x0)
#### AGX_MAP_AUDIT #19 tex=0x60098ca80 impl=0x60098cd00 iosurface(arg=0x600a82b60 bound=0x600a82b60) plane=0 cpu130=0x12e00c000 gpu40=0x15021b8000 descriptorOff=0x190 descriptorLayout=0 compressed=0 extended=0 match=1
#### AGXIOC Method sel=0xf->0xd inCnt=2 inSC=0 outSC=16 -> 0x0
#### AGX_SUBMIT_DIAG #15 TEMP-KCMD-TRAILING-WRAPPER-FIX match=7 subtype1=0..0x840->0..0x820 wrappers=1 range=0x840..0x858->0x820..0x838
#### MTL_TEX TLS set iosurface=0x600a82aa0 id=0x10a plane=0 compressionHeaderSpan=0 (thread=0x1ed069e00 addr=0x0)
#### AGX_LIFE DESTROY id=0x3b type=0 surf=0 bytes=0x4000 kr=0 okC=103 failC=0 okD=4 failD=0 unmatchedD=0 full=0 live=99/30MB [t0=79/6MB t80=0/0MB t82=20/23MB]
#### AGX_LIFE DESTROY id=0x3f type=0 surf=0 bytes=0x4000 kr=0 okC=104 failC=0 okD=5 failD=0 unmatchedD=0 full=0 live=99/34MB [t0=78/6MB t80=0/0MB t82=21/27MB]
#### AGX_MAP_AUDIT #20 tex=0x6010b5c80 impl=0x6010b5500 iosurface(arg=0x600a82aa0 bound=0x600a82aa0) plane=0 cpu130=0x12e098000 gpu40=0x1502250000 descriptorOff=0x190 descriptorLayout=0 compressed=0 extended=0 match=1
#### AGX_LIFE DESTROY id=0x4c type=0 surf=0 bytes=0x10000 kr=0 okC=104 failC=0 okD=6 failD=0 unmatchedD=0 full=0 live=98/34MB [t0=77/6MB t80=0/0MB t82=21/27MB]
#### AGX_LIFE DESTROY id=0x56 type=0 surf=0 bytes=0x20000 kr=0 okC=104 failC=0 okD=7 failD=0 unmatchedD=0 full=0 live=97/34MB [t0=76/6MB t80=0/0MB t82=21/27MB]
#### AGX_LIFE DESTROY id=0x42 type=0 surf=0 bytes=0x4000 kr=0 okC=104 failC=0 okD=8 failD=0 unmatchedD=0 full=0 live=96/34MB [t0=75/6MB t80=0/0MB t82=21/27MB]
#### AGX_LIFE DESTROY id=0x2 type=0 surf=0 bytes=0x4000 kr=0 okC=104 failC=0 okD=9 failD=0 unmatchedD=0 full=0 live=95/34MB [t0=74/6MB t80=0/0MB t82=21/27MB]
#### AGX_LIFE DESTROY id=0x3 type=0 surf=0 bytes=0x4000 kr=0 okC=104 failC=0 okD=10 failD=0 unmatchedD=0 full=0 live=94/34MB [t0=73/6MB t80=0/0MB t82=21/27MB]
#### AGX_LIFE DESTROY id=0x2 type=0 surf=0 bytes=0x4000 kr=0 okC=105 failC=0 okD=11 failD=0 unmatchedD=0 full=0 live=94/34MB [t0=73/6MB t80=0/0MB t82=21/27MB]
#### AGX_MAP_AUDIT #21 tex=0x600c95000 impl=0x60098c800 iosurface(arg=0x600a82a40 bound=0x600a82a40) plane=0 cpu130=0x12e468000 gpu40=0x1502628000 descriptorOff=0x190 descriptorLayout=0 compressed=0 extended=0 match=1
#### AGX_SUBMIT_DIAG #19 TEMP-KCMD-TRAILING-WRAPPER-FIX match=8 subtype1=0..0x840->0..0x820 wrappers=1 range=0x840..0x858->0x820..0x838
#### AGX_MAP_AUDIT #22 tex=0x6010b6900 impl=0x6010b6400 iosurface(arg=0x600a82d20 bound=0x600a82d20) plane=0 cpu130=0x12e838000 gpu40=0x1502a00000 descriptorOff=0x190 descriptorLayout=0 compressed=0 extended=0 match=1
#### AGX_LIFE DESTROY id=0x3f type=0 surf=0 bytes=0x4000 kr=0 okC=108 failC=0 okD=12 failD=0 unmatchedD=0 full=0 live=96/42MB [t0=73/6MB t80=0/0MB t82=23/35MB]
#### AGX_MAP_AUDIT #23 tex=0x6010b6e00 impl=0x6010b6b80 iosurface(arg=0x600a87600 bound=0x600a87600) plane=0 cpu130=0x12ec08000 gpu40=0x1502dd8000 descriptorOff=0x190 descriptorLayout=0 compressed=0 extended=0 match=1
#### MTL_TEX LEASE-NEW #14 key=256x64-pf10-bpe1-fcc1278226488 entry=0x600cc5e50 surf=0x600a86f60 tex=0x6010b9100 retain=2 baseline=1 bpr=256 alloc=16KB shapeEntries=2 pool=4MB map=LINEAR
#### AGX_MAP_AUDIT #24 tex=0x6010b9100 impl=0x6010b8e80 iosurface(arg=0x600a86f60 bound=0x600a86f60) plane=0 cpu130=0x10d40c000 gpu40=0x1500000000 descriptorOff=0x190 descriptorLayout=0 compressed=0 extended=0 match=1
#### MTL_TEX LEASE-NEW #15 key=32x32-pf80-bpe4-fcc1111970369 entry=0x600cc6300 surf=0x600a87a00 tex=0x6010b9880 retain=2 baseline=1 bpr=128 alloc=16KB shapeEntries=1 pool=4MB map=LINEAR
#### AGX_MAP_AUDIT #25 tex=0x6010b9880 impl=0x6010b9600 iosurface(arg=0x600a87a00 bound=0x600a87a00) plane=0 cpu130=0x10d440000 gpu40=0x1500008000 descriptorOff=0x190 descriptorLayout=0 compressed=0 extended=0 match=1
#### JIT-MPROTECT flip #11264 ranges=1 prot=RX writers=1 exec_waits=3931 late_retries=82
#### AGX_MAP_AUDIT #26 tex=0x6010b8200 impl=0x6010b8480 iosurface(arg=0x600a82a80 bound=0x600a82a80) plane=0 cpu130=0x12efe4000 gpu40=0x15031b0000 descriptorOff=0x190 descriptorLayout=0 compressed=0 extended=0 match=1
#### AGX_LIFE DESTROY id=0x56 type=0 surf=0 bytes=0xc000 kr=0 okC=113 failC=0 okD=13 failD=0 unmatchedD=0 full=0 live=100/46MB [t0=73/6MB t80=0/0MB t82=27/39MB]
#### AGX_MAP_AUDIT #27 tex=0x6010bb400 impl=0x6010bb180 iosurface(arg=0x600a85020 bound=0x600a85020) plane=0 cpu130=0x12f050000 gpu40=0x15020c0000 descriptorOff=0x190 descriptorLayout=0 compressed=0 extended=0 match=1
#### AGX_LIFE DESTROY id=0x66 type=0 surf=0 bytes=0x8000 kr=0 okC=115 failC=0 okD=14 failD=0 unmatchedD=0 full=0 live=101/46MB [t0=73/6MB t80=0/0MB t82=28/39MB]
#### AGX_MAP_AUDIT #28 tex=0x6010bde80 impl=0x6010bdc00 iosurface(arg=0x600a875e0 bound=0x600a875e0) plane=0 cpu130=0x12f070000 gpu40=0x1503220000 descriptorOff=0x190 descriptorLayout=0 compressed=0 extended=0 match=1
#### AGX_MAP_AUDIT #29 tex=0x6010be600 impl=0x6010bca80 iosurface(arg=0x600a85060 bound=0x600a85060) plane=0 cpu130=0x12f440000 gpu40=0x15035f8000 descriptorOff=0x190 descriptorLayout=0 compressed=0 extended=0 match=1
#### AGX_LIFE DESTROY id=0x67 type=0 surf=0 bytes=0x4000 kr=0 okC=118 failC=0 okD=15 failD=0 unmatchedD=0 full=0 live=103/50MB [t0=73/6MB t80=0/0MB t82=30/43MB]
#### AGX_LIFE DESTROY id=0x67 type=0 surf=0 bytes=0x4000 kr=0 okC=119 failC=0 okD=16 failD=0 unmatchedD=0 full=0 live=103/50MB [t0=73/6MB t80=0/0MB t82=30/43MB]
#### AGX_MAP_AUDIT #30 tex=0x6010bf280 impl=0x6010bf000 iosurface(arg=0x600a87f80 bound=0x600a87f80) plane=0 cpu130=0x12f458000 gpu40=0x1503618000 descriptorOff=0x190 descriptorLayout=0 compressed=0 extended=0 match=1
#### AGX_MAP_AUDIT #31 tex=0x6010bfc80 impl=0x6010bd200 iosurface(arg=0x600a86b20 bound=0x600a86b20) plane=0 cpu130=0x12f828000 gpu40=0x15039f0000 descriptorOff=0x190 descriptorLayout=0 compressed=0 extended=0 match=1
#### MTL_TEX LEASE-NEW #16 key=161x161-pf10-bpe1-fcc1278226488 entry=0x600cc8e50 surf=0x600a88ae0 tex=0x601251e00 retain=2 baseline=1 bpr=256 alloc=48KB shapeEntries=1 pool=4MB map=LINEAR
#### MTL_TEX LEASE-NEW #17 key=128x128-pf10-bpe1-fcc1278226488 entry=0x600cca4d0 surf=0x600a89880 tex=0x601253700 retain=2 baseline=1 bpr=128 alloc=16KB shapeEntries=1 pool=4MB map=LINEAR
#### MTL_TEX LEASE-NEW #18 key=64x64-pf10-bpe1-fcc1278226488 entry=0x600cca350 surf=0x600a898c0 tex=0x601253c00 retain=2 baseline=1 bpr=128 alloc=16KB shapeEntries=1 pool=4MB map=LINEAR
#### MTL_TEX LEASE-NEW #19 key=64x64-pf10-bpe1-fcc1278226488 entry=0x600cca7d0 surf=0x600a898a0 tex=0x601254380 retain=2 baseline=1 bpr=128 alloc=16KB shapeEntries=2 pool=4MB map=LINEAR
#### MTL_TEX LEASE-NEW #20 key=55x55-pf10-bpe1-fcc1278226488 entry=0x600cca650 surf=0x600a89820 tex=0x601254b00 retain=2 baseline=1 bpr=128 alloc=16KB shapeEntries=1 pool=4MB map=LINEAR
#### TRACE -[AGXBuffer initUntracked] self=0x6010d6c00 dev=0x6001d2000 len=3072 opt=0 -> 0x6010d6c00
#### TRACE -[AGXBuffer initUntracked] self=0x600b6ee80 dev=0x6001d2000 len=3072 opt=0 -> 0x600b6ee80
#### TRACE -[AGXBuffer initUntracked] self=0x600b6e880 dev=0x6001d2000 len=512 opt=0 -> 0x600b6e880
#### MTL_TEX LEASE-NEW #21 key=960x128-pf80-bpe4-fcc1111970369 entry=0x600aaed30 surf=0x600a81e20 tex=0x60125e600 retain=2 baseline=1 bpr=3840 alloc=480KB shapeEntries=1 pool=4MB map=LINEAR
#### JIT-MPROTECT flip #6144 ranges=1 prot=RX writers=1 exec_waits=2065 late_retries=43
#### AGX_SUBMIT_DIAG #54 subtype1-predicate scalar0=0x1 legacy-scalar-gate=1 total=0x840/1 seglen=0x170/1 seghdr=1 cmdtotal=1 d8=1 pad1=1 f1=1 sent1=1 pad2=1 f2=1 sent2=1
#### AGX_SUBMIT_DIAG #54 descriptor[0] KCMD-type1-observed saved=0x840/0x840 path=/tmp/macws_submit_kcmd_54_0_type1-observed.bin errno=0
#### AGX_SUBMIT_DIAG #54 descriptor[0] segment saved=0x170/0x170 path=/tmp/macws_submit_segment_54_0.bin errno=0
#### AGX_SUBMIT_DIAG #54 TEMP-KCMD-ABI-FIX subtype1-clear pads=0x1c0,0x4c0 total=0x840->0x820 size=0x7e8->0x7c8 end=0x818->0x7f8 segment-span=0x820
#### AGX_SUBMIT_DIAG #55 TEMP-KCMD-TRAILING-WRAPPER-FIX match=16 subtype1=0..0x840->0..0x820 wrappers=1 range=0x840..0x858->0x820..0x838
#### AGX_SUBMIT_DIAG #56 subtype1-predicate scalar0=0x1 legacy-scalar-gate=1 total=0x840/1 seglen=0x170/1 seghdr=1 cmdtotal=1 d8=1 pad1=1 f1=1 sent1=1 pad2=1 f2=1 sent2=1
#### AGX_SUBMIT_DIAG #56 descriptor[0] KCMD-type1-observed saved=0x840/0x840 path=/tmp/macws_submit_kcmd_56_0_type1-observed.bin errno=0
#### AGX_SUBMIT_DIAG #56 descriptor[0] segment saved=0x170/0x170 path=/tmp/macws_submit_segment_56_0.bin errno=0
#### AGX_SUBMIT_DIAG #56 TEMP-KCMD-ABI-FIX subtype1-clear pads=0x1c0,0x4c0 total=0x840->0x820 size=0x7e8->0x7c8 end=0x818->0x7f8 segment-span=0x820
#### MTL_TEX LEASE-NEW #22 key=960x192-pf80-bpe4-fcc1111970369 entry=0x600cc8ca0 surf=0x60003b380 tex=0x60125e880 retain=2 baseline=1 bpr=3840 alloc=720KB shapeEntries=1 pool=5MB map=LINEAR
#### AGX_SUBMIT_DIAG #58 subtype1-predicate scalar0=0x1 legacy-scalar-gate=1 total=0x840/1 seglen=0x170/1 seghdr=1 cmdtotal=1 d8=1 pad1=1 f1=1 sent1=1 pad2=1 f2=1 sent2=1
#### AGX_SUBMIT_DIAG #58 descriptor[0] KCMD-type1-observed saved=0x840/0x840 path=/tmp/macws_submit_kcmd_58_0_type1-observed.bin errno=0
#### AGX_SUBMIT_DIAG #58 descriptor[0] segment saved=0x170/0x170 path=/tmp/macws_submit_segment_58_0.bin errno=0
#### AGX_SUBMIT_DIAG #58 TEMP-KCMD-ABI-FIX subtype1-clear pads=0x1c0,0x4c0 total=0x840->0x820 size=0x7e8->0x7c8 end=0x818->0x7f8 segment-span=0x820
#### AGX_SUBMIT_DIAG #60 subtype1-predicate scalar0=0x1 legacy-scalar-gate=1 total=0x840/1 seglen=0x170/1 seghdr=1 cmdtotal=1 d8=1 pad1=1 f1=1 sent1=1 pad2=1 f2=1 sent2=1
#### AGX_SUBMIT_DIAG #60 descriptor[0] KCMD-type1-observed saved=0x840/0x840 path=/tmp/macws_submit_kcmd_60_0_type1-observed.bin errno=0
#### AGX_SUBMIT_DIAG #60 descriptor[0] segment saved=0x170/0x170 path=/tmp/macws_submit_segment_60_0.bin errno=0
#### AGX_SUBMIT_DIAG #60 TEMP-KCMD-ABI-FIX subtype1-clear pads=0x1c0,0x4c0 total=0x840->0x820 size=0x7e8->0x7c8 end=0x818->0x7f8 segment-span=0x820
#### MTL_TEX LEASE-NEW #23 key=960x256-pf80-bpe4-fcc1111970369 entry=0x600cce550 surf=0x600a8b940 tex=0x6013d0a00 retain=2 baseline=1 bpr=3840 alloc=960KB shapeEntries=1 pool=6MB map=LINEAR
#### AGX_SUBMIT_DIAG #64 subtype1-predicate scalar0=0x1 legacy-scalar-gate=1 total=0x840/1 seglen=0x170/1 seghdr=1 cmdtotal=1 d8=1 pad1=1 f1=1 sent1=1 pad2=1 f2=1 sent2=1
#### AGX_SUBMIT_DIAG #64 descriptor[0] KCMD-type1-observed saved=0x840/0x840 path=/tmp/macws_submit_kcmd_64_0_type1-observed.bin errno=0
#### AGX_SUBMIT_DIAG #64 descriptor[0] segment saved=0x170/0x170 path=/tmp/macws_submit_segment_64_0.bin errno=0
#### AGX_SUBMIT_DIAG #64 TEMP-KCMD-ABI-FIX subtype1-clear pads=0x1c0,0x4c0 total=0x840->0x820 size=0x7e8->0x7c8 end=0x818->0x7f8 segment-span=0x820
#### IOSURFACE-RELEASE-ABI pair #2: conn=15367 surfaceID=303 sel=1 -> 0
#### AGX_SUBMIT_DIAG #66 subtype1-predicate scalar0=0x1 legacy-scalar-gate=1 total=0x840/1 seglen=0x170/1 seghdr=1 cmdtotal=1 d8=1 pad1=1 f1=1 sent1=1 pad2=1 f2=1 sent2=1
#### AGX_SUBMIT_DIAG #66 descriptor[0] KCMD-type1-observed saved=0x840/0x840 path=/tmp/macws_submit_kcmd_66_0_type1-observed.bin errno=0
#### AGX_SUBMIT_DIAG #66 descriptor[0] segment saved=0x170/0x170 path=/tmp/macws_submit_segment_66_0.bin errno=0
#### AGX_SUBMIT_DIAG #66 TEMP-KCMD-ABI-FIX subtype1-clear pads=0x1c0,0x4c0 total=0x840->0x820 size=0x7e8->0x7c8 end=0x818->0x7f8 segment-span=0x820
#### IOSURFACE-RELEASE-ABI pair #3: conn=15367 surfaceID=304 sel=1 -> 0
#### IOSURFACE-RELEASE-ABI pair #4: conn=15367 surfaceID=308 sel=1 -> 0
#### AGX_SUBMIT_DIAG #68 subtype1-predicate scalar0=0x1 legacy-scalar-gate=1 total=0x840/1 seglen=0x170/1 seghdr=1 cmdtotal=1 d8=1 pad1=1 f1=1 sent1=1 pad2=1 f2=1 sent2=1
#### AGX_SUBMIT_DIAG #68 descriptor[0] KCMD-type1-observed saved=0x840/0x840 path=/tmp/macws_submit_kcmd_68_0_type1-observed.bin errno=0
#### AGX_SUBMIT_DIAG #68 descriptor[0] segment saved=0x170/0x170 path=/tmp/macws_submit_segment_68_0.bin errno=0
#### AGX_SUBMIT_DIAG #68 TEMP-KCMD-ABI-FIX subtype1-clear pads=0x1c0,0x4c0 total=0x840->0x820 size=0x7e8->0x7c8 end=0x818->0x7f8 segment-span=0x820
#### IOSURFACE-RELEASE-ABI pair #5: conn=15367 surfaceID=310 sel=1 -> 0
#### MTL_TEX LEASE-NEW #24 key=512x128-pf10-bpe1-fcc1278226488 entry=0x600cc75f0 surf=0x600a8b460 tex=0x6013d1680 retain=2 baseline=1 bpr=512 alloc=64KB shapeEntries=1 pool=6MB map=LINEAR
#### MTL_TEX LEASE-NEW #25 key=960x320-pf80-bpe4-fcc1111970369 entry=0x600bc1dd0 surf=0x600a8bb80 tex=0x6013d5780 retain=2 baseline=1 bpr=3840 alloc=1200KB shapeEntries=1 pool=7MB map=LINEAR
#### IOSURFACE-RELEASE-ABI pair #6: conn=15367 surfaceID=303 sel=1 -> 0
#### AGX_SUBMIT_DIAG #86 TEMP-KCMD-TRAILING-WRAPPER-FIX match=32 subtype1=0..0x840->0..0x820 wrappers=1 range=0x840..0x858->0x820..0x838
#### IOSURFACE-RELEASE-ABI pair #7: conn=15367 surfaceID=312 sel=1 -> 0
#### IOSURFACE-RELEASE-ABI pair #8: conn=15367 surfaceID=147 sel=1 -> 0
#### JIT-MPROTECT flip #12288 ranges=1 prot=RX writers=1 exec_waits=4151 late_retries=91
#### IOSURFACE-RELEASE-ABI pair #9: conn=15367 surfaceID=310 sel=1 -> 0
#### IOSURFACE-RELEASE-ABI pair #10: conn=15367 surfaceID=303 sel=1 -> 0
#### IOSURFACE-RELEASE-ABI pair #11: conn=15367 surfaceID=312 sel=1 -> 0
#### IOSURFACE-RELEASE-ABI pair #12: conn=15367 surfaceID=304 sel=1 -> 0
#### IOSURFACE-RELEASE-ABI pair #13: conn=15367 surfaceID=316 sel=1 -> 0
#### IOSURFACE-RELEASE-ABI pair #14: conn=15367 surfaceID=303 sel=1 -> 0
#### IOSURFACE-RELEASE-ABI pair #15: conn=15367 surfaceID=147 sel=1 -> 0
#### MTL_TEX LEASE-NEW #26 key=128x32-pf80-bpe4-fcc1111970369 entry=0x601440210 surf=0x600038860 tex=0x6013d8700 retain=2 baseline=1 bpr=512 alloc=16KB shapeEntries=1 pool=7MB map=LINEAR
#### JIT-MPROTECT flip #13312 ranges=1 prot=RX writers=1 exec_waits=4528 late_retries=97
#### MACWS_HID_BYPASS installed SetMatchingMultiple → no-op (1) at 0x1951f9e8c — skips iOS-format CFBinaryPlist parse inside
####   IOHIDEventSystemClientCacheMatchingServices → IOHIDUnserializeAndVMDealloc → CFPropertyListCreateFromStream
####   that BUS_ADRALNs in the IOMFBServer thread.
#### MACWS_AGX_RENAMER_PATCH: off (set MACWS_AGX_RENAMER_PATCH=1 to enable)
#### MACWS_ASSERT_BYPASS DISABLED (set MACWS_KEEP_ASSERT_BYPASS=1 to restore lazy bypass) — real __assert_rtn now reaches abort
#### IOSURFACE-RELEASE-ABI pair #16: conn=15367 surfaceID=315 sel=1 -> 0
#### MACWS_AGX_NATIVE [ctor] pre-loaded IOGPU via /System/Library/PrivateFrameworks/IOGPU.framework/IOGPU -> 0x3a62a4c10
#### XPC_BOOTSTRAP: fn=0x191db1140 dict=0x14e805400 (registering Metal/ViewBridge/HIServices)
#### XPC_BOOTSTRAP: called OK
#### COEXIST API SwapEnd hook installed target=0x19cc8f1cc trampoline=0x100dc8000
#### SkyLight PrepareForUse tolerate-nil hook installed at 0x197070fc4
#### SkyLight StartCompositeForDisplayStream nil-skip hook installed at 0x196e99d74
#### SkyLight StartComposite(WSCD) tolerate-nil + pop-on-bail hook installed at 0x196e99358
#### SkyLight StartComposite(MTLTex) pop-on-bail hook installed at 0x196e99fb8
#### SkyLight EndCurrentComposite(bool) completion hook installed at 0x196e9853c
#### SkyLight EndUpdate(bool) submission hook installed at 0x196e980b0
#### SkyLight _state_stack pop_back resolved at 0x196e96fa0
#### SkyLight WSCompositeDestinationCreateWithMetalTexture nil-tolerate hook installed at 0x196e9c53c
#### SkyLight MetalContext::StopCapture invalid-this guard installed at 0x196e981bc
#### MACWS_AGX_NATIVE class_addMethod(MTLTextureDescriptor, validateWithDevice:) = 1
#### MACWS_AGX_NATIVE class_addMethod(IOGPUMetalTexture, isMemoryless) = 1
#### MACWS_AGX_NATIVE class_addMethod(IOGPUMetalTexture, getCPUSizeBytes) = 1
#### MACWS_AGX_NATIVE class_addMethod(IOGPUMetalTexture, getAlignment) = 1
#### MACWS_AGX_NATIVE class_addMethod(IOGPUMetalTexture, descriptorPrivate) = 1
#### MACWS_AGX_NATIVE class_addMethod(IOGPUMetalTexture, getBytesPerRow) = 1
#### MACWS_AGX_NATIVE class_addMethod(IOGPUMetalTexture, updateBindDataWithAddresses:gpuVirtualAddress:) = 1
#### MACWS_AGX_NATIVE class_addMethod(IOGPUMetalTexture, updateBindDataWithAddresses:gpuVirtualAddress:shouldInitMetadata:) = 1
#### MACWS_AGX_NATIVE class_addMethod(IOGPUMetalTexture, allocBufferSubDataWithLength:options:alignment:heapIndex:bufferIndex:bufferOffset:) = 1
#### MACWS_AGX_NATIVE class_addMethod(IOGPUMetalTexture, initNewTextureData:) = 1
#### MACWS_AGX_NATIVE class_addMethod(MTLTextureDescriptor, isMemoryless) = 1
#### MACWS_AGX_NATIVE class_addMethod(MTLTextureDescriptor, protectionOptions) = 1
#### MACWS_AGX_NATIVE class_addMethod(MTLTextureDescriptor, getCPUSizeBytes) = 1
#### MACWS_AGX_NATIVE class_addMethod(MTLTextureDescriptor, getAlignment) = 1
#### MACWS_AGX_NATIVE class_addMethod(MTLTextureDescriptor, descriptorPrivate) = 1
#### MACWS_AGX_NATIVE class_addMethod(MTLTextureDescriptor, getBytesPerRow) = 1
#### MACWS_AGX_NATIVE class_addMethod(MTLTextureDescriptor, updateBindDataWithAddresses:gpuVirtualAddress:) = 1
#### MACWS_AGX_NATIVE class_addMethod(MTLTextureDescriptor, updateBindDataWithAddresses:gpuVirtualAddress:shouldInitMetadata:) = 1
#### MACWS_AGX_NATIVE class_addMethod(MTLTextureDescriptor, allocBufferSubDataWithLength:options:alignment:heapIndex:bufferIndex:bufferOffset:) = 1
#### MACWS_AGX_NATIVE class_addMethod(MTLTextureDescriptor, initNewTextureData:) = 1
[91m[main 2026-07-29T21:21:37.116Z][0m AgentHostStarter was unable to resolve shell environment Error: Unable to resolve your shell environment: Unexpected exit code from spawned shell (code null, signal SIGABRT)
    at file:///Applications/Visual%20Studio%20Code.app/Contents/Resources/app/out/main.js:474:34475
    at async file:///Applications/Visual%20Studio%20Code.app/Contents/Resources/app/out/main.js:434:92057
[90m[main 2026-07-29T21:21:37.120Z][0m AgentHostProcessManager: agent host started
#### JIT-MPROTECT flip #14336 ranges=1 prot=RX writers=1 exec_waits=4932 late_retries=105
#### AMFI-POLICY-COMPAT policy=AMFI op=0x60 status=0x4 (iOS task ports are hard-immovable)
#### CSR-POLICY-COMPAT active_config=0x0 (conservative iOS compatibility value)
[68578:0729/142137.380722:ERROR:base/process/process_mac.cc:53] task_policy_set TASK_CATEGORY_POLICY: (os/kern) invalid argument (4)
2026-07-29 14:21:37.386 Code Helper (Renderer)[68578:12253375] XType: Using static font registry.
#### JIT-MPROTECT range[0]=[0x280000000,0x290000000) source=MAP_JIT-EINVAL
#### JIT-MPROTECT execution barrier installed (W^X fetch-wait compatibility)
#### JIT-MPROTECT range[0]=[0x280000000,0x290000000) source=MAP_JIT-EINVAL
#### JIT-MPROTECT range[0]=[0x280000000,0x290000000) source=MAP_JIT-EINVAL
#### JIT-MPROTECT range[0]=[0x280000000,0x290000000) source=MAP_JIT-EINVAL
#### JIT-MPROTECT range[0]=[0x280000000,0x290000000) source=MAP_JIT-EINVAL
#### JIT-MPROTECT range[0]=[0x280000000,0x290000000) source=MAP_JIT-EINVAL
#### JIT-MPROTECT range[0]=[0x280000000,0x290000000) source=MAP_JIT-EINVAL
#### JIT-MPROTECT range[0]=[0x280000000,0x290000000) source=MAP_JIT-EINVAL
#### JIT-MPROTECT range[0]=[0x170000000,0x180000000) source=MAP_JIT-EINVAL
#### JIT-MPROTECT remap decline #1 dst=0x177dc0000 size=0x208000 src=0x110354000 requested=0x5 -> V8 copy fallback
#### JIT-MPROTECT flip #1 ranges=1 prot=RW writers=1 exec_waits=0 late_retries=0
#### JIT-MPROTECT flip #2 ranges=1 prot=RX writers=1 exec_waits=0 late_retries=0
[68543:0729/142137.520309:ERROR:net/cert/internal/trust_store_mac.cc:773] SecItemCopyMatching error: Error Domain=NSOSStatusErrorDomain Code=-50 "paramErr: error in user parameter list" (-50)
#### JIT-MPROTECT flip #3 ranges=1 prot=RW writers=1 exec_waits=0 late_retries=0
#### JIT-MPROTECT flip #4 ranges=1 prot=RX writers=1 exec_waits=0 late_retries=0
#### JIT-MPROTECT flip #5 ranges=1 prot=RW writers=1 exec_waits=0 late_retries=0
#### JIT-MPROTECT flip #6 ranges=1 prot=RX writers=1 exec_waits=0 late_retries=0
#### JIT-MPROTECT flip #7 ranges=1 prot=RW writers=1 exec_waits=0 late_retries=0
#### JIT-MPROTECT flip #8 ranges=1 prot=RX writers=1 exec_waits=0 late_retries=0
#### JIT-MPROTECT flip #9 ranges=1 prot=RW writers=1 exec_waits=0 late_retries=0
#### JIT-MPROTECT flip #10 ranges=1 prot=RX writers=1 exec_waits=0 late_retries=0
#### JIT-MPROTECT flip #11 ranges=1 prot=RW writers=1 exec_waits=0 late_retries=0
#### JIT-MPROTECT flip #12 ranges=1 prot=RX writers=1 exec_waits=0 late_retries=0
#### JIT-MPROTECT flip #13 ranges=1 prot=RW writers=1 exec_waits=0 late_retries=0
#### JIT-MPROTECT flip #14 ranges=1 prot=RX writers=1 exec_waits=0 late_retries=0
#### JIT-MPROTECT flip #15 ranges=1 prot=RW writers=1 exec_waits=0 late_retries=0
#### JIT-MPROTECT flip #16 ranges=1 prot=RX writers=1 exec_waits=0 late_retries=0
#### JIT-MPROTECT flip #17 ranges=1 prot=RW writers=1 exec_waits=0 late_retries=0
#### JIT-MPROTECT flip #18 ranges=1 prot=RX writers=1 exec_waits=0 late_retries=0
#### JIT-MPROTECT flip #19 ranges=1 prot=RW writers=1 exec_waits=0 late_retries=0
#### JIT-MPROTECT flip #20 ranges=1 prot=RX writers=1 exec_waits=0 late_retries=0
#### JIT-MPROTECT flip #21 ranges=1 prot=RW writers=1 exec_waits=0 late_retries=0
#### JIT-MPROTECT flip #22 ranges=1 prot=RX writers=1 exec_waits=0 late_retries=0
#### JIT-MPROTECT flip #23 ranges=1 prot=RW writers=1 exec_waits=0 late_retries=0
#### JIT-MPROTECT flip #24 ranges=1 prot=RX writers=1 exec_waits=1 late_retries=0
#### JIT-MPROTECT flip #25 ranges=1 prot=RW writers=1 exec_waits=1 late_retries=0
#### JIT-MPROTECT flip #26 ranges=1 prot=RX writers=1 exec_waits=2 late_retries=0
#### JIT-MPROTECT flip #27 ranges=1 prot=RW writers=1 exec_waits=2 late_retries=0
#### JIT-MPROTECT flip #28 ranges=1 prot=RX writers=1 exec_waits=2 late_retries=0
#### JIT-MPROTECT flip #29 ranges=1 prot=RW writers=1 exec_waits=2 late_retries=0
#### JIT-MPROTECT flip #30 ranges=1 prot=RX writers=1 exec_waits=2 late_retries=0
#### JIT-MPROTECT flip #31 ranges=1 prot=RW writers=1 exec_waits=2 late_retries=0
#### JIT-MPROTECT flip #32 ranges=1 prot=RX writers=1 exec_waits=2 late_retries=0
#### JIT-MPROTECT flip #15360 ranges=1 prot=RX writers=1 exec_waits=5186 late_retries=120
#### JIT-MPROTECT flip #16384 ranges=1 prot=RX writers=1 exec_waits=5588 late_retries=121
[91m[main 2026-07-29T21:21:37.889Z][0m [AgentHost:stderr] #### MACWS_HID_BYPASS installed SetMatchingMultiple → no-op (1) at 0x1951f9e8c — skips iOS-format CFBinaryPlist parse inside
####   IOHIDEventSystemClientCacheMatchingServices → IOHIDUnserializeAndVMDealloc → CFPropertyListCreateFromStream
####   that BUS_ADRALNs in the IOMFBServer thread.
#### MACWS_AGX_RENAMER_PATCH: off (set MACWS_AGX_RENAMER_PATCH=1 to enable)
#### MACWS_ASSERT_BYPASS DISABLED (set MACWS_KEEP_ASSERT_BYPASS=1 to restore lazy bypass) — real __assert_rtn now reaches abort
#### MACWS_AGX_NATIVE [ctor] pre-loaded IOGPU via /System/Library/PrivateFrameworks/IOGPU.framework/IOGPU -> 0x3a62a4c10
#### XPC_BOOTSTRAP: fn=0x191db1140 dict=0x15a706f30 (registering Metal/ViewBridge/HIServices)
#### XPC_BOOTSTRAP: called OK
#### COEXIST API SwapEnd hook installed target=0x19cc8f1cc trampoline=0x100ed8000
#### SkyLight PrepareForUse tolerate-nil hook installed at 0x197070fc4
#### SkyLight StartCompositeForDisplayStream nil-skip hook installed at 0x196e99d74
#### SkyLight StartComposite(WSCD) tolerate-nil + pop-on-bail hook installed at 0x196e99358
#### SkyLight StartComposite(MTLTex) pop-on-bail hook installed at 0x196e99fb8
#### SkyLight EndCurrentComposite(bool) completion hook installed at 0x196e9853c
#### SkyLight EndUpdate(bool) submission hook installed at 0x196e980b0
#### SkyLight _state_stack pop_back resolved at 0x196e96fa0
#### SkyLight WSCompositeDestinationCreateWithMetalTexture nil-tolerate hook installed at 0x196e9c53c
#### SkyLight MetalContext::StopCapture invalid-this guard installed at 0x196e981bc
#### MACWS_AGX_NATIVE class_addMethod(MTLTextureDescriptor, validateWithDevice:) = 1
#### MACWS_AGX_NATIVE class_addMethod(IOGPUMetalTexture, isMemoryless) = 1
#### MACWS_AGX_NATIVE class_addMethod(IOGPUMetalTexture, getCPUSizeBytes) = 1
#### MACWS_AGX_NATIVE class_addMethod(IOGPUMetalTexture, getAlignment) = 1
#### MACWS_AGX_NATIVE class_addMethod(IOGPUMetalTexture, descriptorPrivate) = 1
#### MACWS_AGX_NATIVE class_addMethod(IOGPUMetalTexture, getBytesPerRow) = 1
#### MACWS_AGX_NATIVE class_addMethod(IOGPUMetalTexture, updateBindDataWithAddresses:gpuVirtualAddress:) = 1
#### MACWS_AGX_NATIVE class_addMethod(IOGPUMetalTexture, updateBindDataWithAddresses:gpuVirtualAddress:shouldInitMetadata:) = 1
#### MACWS_AGX_NATIVE class_addMethod(IOGPUMetalTexture, allocBufferSubDataWithLength:options:alignment:heapIndex:bufferIndex:bufferOffset:) = 1
#### MACWS_AGX_NATIVE class_addMethod(IOGPUMetalTexture, initNewTextureData:) = 1
#### MACWS_AGX_NATIVE class_addMethod(MTLTextureDescriptor, isMemoryless) = 1
#### MACWS_AGX_NATIVE class_addMethod(MTLTextureDescriptor, protectionOptions) = 1
#### MACWS_AGX_NATIVE class_addMethod(MTLTextureDescriptor, getCPUSizeBytes) = 1
#### MACWS_AGX_NATIVE class_addMethod(MTLTextureDescriptor, getAlignment) = 1
#### MACWS_AGX_NATIVE class_addMethod(MTLTextureDescriptor, descriptorPrivate) = 1
#### MACWS_AGX_NATIVE class_addMethod(MTLTextureDescriptor, getBytesPerRow) = 1
#### MACWS_AGX_NATIVE class_addMethod(MTLTextureDescriptor, updateBindDataWithAddresses:gpuVirtualAddress:) = 1
#### MACWS_AGX_NATIVE class_addMethod(MTLTextureDescriptor, updateBindDataWithAddresses:gpuVirtualAddress:shouldInitMetadata:) = 1
#### MACWS_AGX_NATIVE class_addMethod(MTLTextureDescriptor, allocBufferSubDataWithLength:options:alignment:heapIndex:bufferIndex:bufferOffset:) = 1
#### MACWS_AGX_NATIVE class_addMethod(MTLTextureDescriptor, initNewTextureData:) = 1

#### MTL_TEX LEASE-NEW #27 key=1728x1344-pf80-bpe4-fcc1111970369 entry=0x6014405a0 surf=0x600a8d160 tex=0x6013dfa00 retain=2 baseline=1 bpr=6912 alloc=9072KB shapeEntries=1 pool=16MB map=LINEAR
#### VNC-FINAL candidate #1 tex=0x6013dfa00 class=AGXG13GFamilyTexture tex=1728x1344 pf=80 usage=0x7 storage=0 hazard=2 surface=0x600a8d160 1728x1344 bpr=6912
#### AGXIOC Method sel=0x18->0x14 inCnt=0 inSC=0 outSC=0 -> 0x0
#### AGXIOC Method sel=0x18->0x14 inCnt=0 inSC=0 outSC=0 -> 0x0
#### AGXIOC Method sel=0x18->0x14 inCnt=0 inSC=0 outSC=0 -> 0x0
#### MTL_TEX LEASE-NEW #28 key=64x64-pf70-bpe4-fcc1380401729 entry=0x600aaf6f0 surf=0x600a8b3a0 tex=0x601533c00 retain=2 baseline=1 bpr=256 alloc=16KB shapeEntries=1 pool=16MB map=LINEAR
#### AGXIOC Method sel=0x19->0x15 inCnt=1 inSC=0 outSC=0 -> 0x0
#### AGXIOC Method sel=0x19->0x15 inCnt=1 inSC=0 outSC=0 -> 0x0
#### AGXIOC Method sel=0x19->0x15 inCnt=1 inSC=0 outSC=0 -> 0x0
#### VNC-FINAL candidate #2 tex=0x601534d80 class=AGXG13GFamilyTexture tex=1024x1024 pf=80 usage=0x5 storage=0 hazard=2 surface=0x600a88340 1024x1024 bpr=4096
#### MTL_TEX plain DEPTH-STENCIL: pf=260 routing to native AGX path (IOSurface backing is invalid)
#### AGXIOC sel=0x9 type=0 args+0x14=0x2430 → 0x430 (stripped macOS-only bits 0x2800)
#### MTL_TEX plain DEPTH-STENCIL native result: 0x601535500 class=AGXG13GFamilyTexture
#### MTL_TEX LEASE-NEW #29 key=1x1-pf70-bpe4-fcc1380401729 entry=0x601442fd0 surf=0x600a855c0 tex=0x601535a00 retain=2 baseline=1 bpr=128 alloc=16KB shapeEntries=1 pool=16MB map=LINEAR
#### JIT-MPROTECT flip #1024 ranges=1 prot=RX writers=1 exec_waits=196 late_retries=9
#### MTL_TEX LEASE-NEW #30 key=8x8-pf70-bpe4-fcc1380401729 entry=0x6014437e0 surf=0x600a8db00 tex=0x601536e00 retain=2 baseline=1 bpr=128 alloc=16KB shapeEntries=1 pool=16MB map=LINEAR
#### MTL_TEX LEASE-NEW #31 key=2x1-pf70-bpe4-fcc1380401729 entry=0x601444470 surf=0x600a8dae0 tex=0x601537800 retain=2 baseline=1 bpr=128 alloc=16KB shapeEntries=1 pool=16MB map=LINEAR
#### MTL_TEX LEASE-NEW #32 key=1x1-pf70-bpe4-fcc1380401729 entry=0x601443630 surf=0x600a8db60 tex=0x601537f80 retain=2 baseline=1 bpr=128 alloc=16KB shapeEntries=2 pool=16MB map=LINEAR
#### MTL_TEX LEASE-NEW #33 key=6x1-pf70-bpe4-fcc1380401729 entry=0x6014449e0 surf=0x600a8da60 tex=0x601538700 retain=2 baseline=1 bpr=128 alloc=16KB shapeEntries=1 pool=16MB map=LINEAR
#### MTL_TEX LEASE-NEW #34 key=1x1-pf70-bpe4-fcc1380401729 entry=0x601444860 surf=0x600a8a8e0 tex=0x601538e80 retain=2 baseline=1 bpr=128 alloc=16KB shapeEntries=3 pool=16MB map=LINEAR
#### AGX_LIFE CREATE id=0xc9 type=0 surf=0 bytes=0x4000 kr=0 okC=250 failC=0 okD=49 failD=0 unmatchedD=0 full=0 live=200/150MB [t0=128/42MB t80=0/0MB t82=72/108MB]
#### MTL_TEX LEASE-NEW #35 key=1x1-pf70-bpe4-fcc1380401729 entry=0x601444c80 surf=0x600a87fe0 tex=0x601539380 retain=2 baseline=1 bpr=128 alloc=16KB shapeEntries=4 pool=16MB map=LINEAR
#### MTL_TEX MIP-NATIVE attempt=1 w=6 h=1 pf=70 mips=3 storage=0 usage=0x7
0   libmachook_arm64.dylib              0x00000001046e1254 -[MTLFakeDevice hooked_newTextureWithDescriptor:] + 1640
1   libGLESv2.dylib                     0x000000010d883714 glStartTilingQCOM + 2731796
2   libGLESv2.dylib                     0x000000010d896b48 glStartTilingQCOM + 2810696
3   libGLESv2.dylib                     0x000000010d895e40 glStartTilingQCOM + 2807360
4   libGLESv2.dylib                     0x000000010d895ccc glStartTilingQCOM + 2806988
5   libGLESv2.dylib                     0x000000010d86cb70 glStartTilingQCOM + 2638704
6   libGLESv2.dylib                     0x000000010d86c654 glStartTilingQCOM + 2637396
7   libGLESv2.dylib                     0x000000010d87026c glStartTilingQCOM + 2652780
8   libGLESv2.dylib                     0x000000010d75ab6c glStartTilingQCOM + 1516396
9   libGLESv2.dylib                     0x000000010d7533c0 glStartTilingQCOM + 1485760
10  libGLESv2.dylib                     0x000000010d5c0a18 GL_DrawElements + 656
11  Electron Framework                  0x00000001176ada20 rust_bmp$cxxbridge1$194$Reader$image_data_loaded + 317312
12  Electron Framework                  0x00000001176c6a60 rust_bmp$cxxbridge1$194$Reader$image_data_loaded + 419776
13  Electron Framework                  0x0000000111997194 _ZN4node19async_context_frame8exchangeEPN2v87IsolateENS1_5LocalINS1_5ValueEEE + 26820
14  Electron Framework                  0x0000000111996240 _ZN4node19async_context_frame8exchangeEPN2v87IsolateENS1_5LocalINS1_5ValueEEE + 22896
15  Electron Framework                  0x0000000111995f24 _ZN4node19async_context_frame8exchangeEPN2v87IsolateENS1_5LocalINS1_5ValueEEE + 22100
16  Electron Framework                  0x00000001137bed78 _ZNK2v88internal8compiler23CompilationDependencies31FieldTypeDependencyOffTheRecordENS1_6MapRefES3_NS0_13InternalIndexENS1_9ObjectRefE + 783760
17  Electron Framework                  0x000000011372afbc _ZNK2v88internal8compiler23CompilationDependencies31FieldTypeDependencyOffTheRecordENS1_6MapRefES3_NS0_13InternalIndexENS1_9ObjectRefE + 178132
18  Electron Framework                  0x0000000111f1aac8 _ZNK4node14PrincipalRealm25async_hooks_init_functionEv + 81964
19  Electron Framework                  0x000000011143ba34 _ZN2v815MicrotasksScopeC1ENS_5LocalINS_7ContextEEENS0_4TypeE + 6788
#### AGXIOC subres parent 0x20000 -> resourceID 0xb8, base=0x13a3a8000 span=0x20000
#### AGXIOC POST-PATCH sel=0x9 type=0x80 inStructCnt=104 (bytes that hit kernel):
    +0000: 80 00 00 00 00 00 00 00 06 00 01 00 01 00 00 00
    +0x10: 01 03 00 04 30 04 00 00 00 00 00 00 00 00 00 00
    +0x20: 00 00 00 00 00 00 00 00 00 00 00 00 00 00 00 00
    +0x30: 00 80 3a 3a 01 00 00 00 00 80 3a 3a 01 00 00 00
    +0x40: 00 00 02 00 00 00 00 00 b8 00 00 00 00 00 00 00
    +0x50: b8 00 00 00 00 00 00 00 00 8f 88 81 01 00 00 00
    +0x60: 00 00 00 00 00 00 00 00
#### AGXIOC POST-CALL sel=0x9 type=0x80 -> kr=0
#### MTL_TEX MIP-NATIVE result attempt=1 tex=0x60153a000 class=AGXG13GFamilyTexture
#### MTL_TEX LEASE-HIT #1 key=1x1-pf70-bpe4-fcc1380401729 entry=0x601444860 surf=0x600a8a8e0 tex=0x601538e80 retain=1 baseline=1 shapeEntries=4 pool=16MB
#### VNC-FINAL candidate #3 tex=0x60153ac80 class=AGXG13GFamilyTexture tex=1024x1024 pf=80 usage=0x5 storage=0 hazard=2 surface=0x600a8b8c0 1024x1024 bpr=4096
#### AGXIOC Method sel=0x18->0x14 inCnt=0 inSC=0 outSC=0 -> 0x0
#### VNC-FINAL candidate #4 tex=0x60153e380 class=AGXG13GFamilyTexture tex=1024x1024 pf=80 usage=0x5 storage=0 hazard=2 surface=0x600a8dce0 1024x1024 bpr=4096
#### AGXIOC Method sel=0x18->0x14 inCnt=0 inSC=0 outSC=0 -> 0x0
#### AGXIOC Method sel=0x19->0x15 inCnt=1 inSC=0 outSC=0 -> 0x0
#### VNC-FINAL candidate #5 tex=0x60153fa00 class=AGXG13GFamilyTexture tex=1024x1024 pf=80 usage=0x5 storage=0 hazard=2 surface=0x600a8e140 1024x1024 bpr=4096
#### AGXIOC Method sel=0x18->0x14 inCnt=0 inSC=0 outSC=0 -> 0x0
#### AGXIOC Method sel=0x19->0x15 inCnt=1 inSC=0 outSC=0 -> 0x0
#### AGX_LIFE DESTROY-UNMATCHED id=0xad type=0xff surf=0 bytes=0 kr=0 okC=262 failC=0 okD=58 failD=0 unmatchedD=1 full=0 live=204/164MB [t0=124/42MB t80=1/0MB t82=79/122MB]
#### MTL_TEX LEASE-HIT #2 key=1x1-pf70-bpe4-fcc1380401729 entry=0x601443630 surf=0x600a8db60 tex=0x601537f80 retain=1 baseline=1 shapeEntries=4 pool=16MB
#### MTL_TEX LEASE-NEW #36 key=1x1-pf70-bpe4-fcc1380401729 entry=0x6014431e0 surf=0x600a8d040 tex=0x6013de380 retain=2 baseline=1 bpr=128 alloc=16KB shapeEntries=5 pool=16MB map=LINEAR
#### MTL_TEX LEASE-NEW #37 key=1x1-pf70-bpe4-fcc1380401729 entry=0x601445580 surf=0x600a8d080 tex=0x6013de600 retain=2 baseline=1 bpr=128 alloc=16KB shapeEntries=6 pool=16MB map=LINEAR
#### MTL_TEX LEASE-NEW #38 key=1x1-pf70-bpe4-fcc1380401729 entry=0x601444fb0 surf=0x600a8de00 tex=0x6013dde80 retain=2 baseline=1 bpr=128 alloc=16KB shapeEntries=7 pool=16MB map=LINEAR
#### MTL_TEX LEASE-NEW #39 key=1x1-pf70-bpe4-fcc1380401729 entry=0x6014467e0 surf=0x600a8ce20 tex=0x6013dd980 retain=2 baseline=1 bpr=128 alloc=16KB shapeEntries=8 pool=16MB map=LINEAR
#### MTL_TEX LEASE-NEW #40 key=1x1-pf70-bpe4-fcc1380401729 entry=0x600ccef70 surf=0x600a88340 tex=0x6013dcf80 retain=2 baseline=1 bpr=128 alloc=16KB shapeEntries=9 pool=16MB map=LINEAR
#### MTL_TEX LEASE-NEW #41 key=1x1-pf70-bpe4-fcc1380401729 entry=0x600cc8bb0 surf=0x600a8dde0 tex=0x6013db400 retain=2 baseline=1 bpr=128 alloc=16KB shapeEntries=10 pool=16MB map=LINEAR
#### MTL_TEX LEASE-NEW #42 key=1x1-pf70-bpe4-fcc1380401729 entry=0x6014423a0 surf=0x600a8d100 tex=0x6013db680 retain=2 baseline=1 bpr=128 alloc=16KB shapeEntries=11 pool=16MB map=LINEAR
#### MTL_TEX LEASE-NEW #43 key=1x1-pf70-bpe4-fcc1380401729 entry=0x600ccfc30 surf=0x600a8e3e0 tex=0x6013dbb80 retain=2 baseline=1 bpr=128 alloc=16KB shapeEntries=12 pool=16MB map=LINEAR
#### JIT-MPROTECT flip #7168 ranges=1 prot=RX writers=1 exec_waits=2342 late_retries=47
#### MTL_TEX LEASE-NEW #44 key=1x1-pf70-bpe4-fcc1380401729 entry=0x6014439f0 surf=0x600a8e660 tex=0x6013daa00 retain=2 baseline=1 bpr=128 alloc=16KB shapeEntries=13 pool=16MB map=LINEAR
#### MTL_TEX LEASE-NEW #45 key=1x1-pf70-bpe4-fcc1380401729 entry=0x600ccf330 surf=0x600a8e6c0 tex=0x601534b00 retain=2 baseline=1 bpr=128 alloc=16KB shapeEntries=14 pool=16MB map=LINEAR
#### MTL_TEX LEASE-NEW #46 key=1x1-pf70-bpe4-fcc1380401729 entry=0x600aaf5a0 surf=0x600a8f1c0 tex=0x60153b180 retain=2 baseline=1 bpr=128 alloc=16KB shapeEntries=15 pool=16MB map=LINEAR
#### MTL_TEX LEASE-NEW #47 key=1x1-pf70-bpe4-fcc1380401729 entry=0x601446570 surf=0x600a8e5e0 tex=0x60153f000 retain=2 baseline=1 bpr=128 alloc=16KB shapeEntries=16 pool=16MB map=LINEAR
#### MTL_TEX LEASE-NEW #48 key=1x1-pf70-bpe4-fcc1380401729 entry=0x601445ac0 surf=0x600a87b00 tex=0x60153cd00 retain=2 baseline=1 bpr=128 alloc=16KB shapeEntries=17 pool=17MB map=LINEAR
#### MTL_TEX LEASE-NEW #49 key=1x1-pf70-bpe4-fcc1380401729 entry=0x601446600 surf=0x600a8f0a0 tex=0x6016c1680 retain=2 baseline=1 bpr=128 alloc=16KB shapeEntries=18 pool=17MB map=LINEAR
#### MTL_TEX LEASE-NEW #50 key=1x1-pf70-bpe4-fcc1380401729 entry=0x601447080 surf=0x600a8e780 tex=0x6016c0000 retain=2 baseline=1 bpr=128 alloc=16KB shapeEntries=19 pool=17MB map=LINEAR
#### JIT-MPROTECT flip #17408 ranges=1 prot=RX writers=1 exec_waits=5795 late_retries=136
#### MTL_TEX LEASE-NEW #51 key=1x1-pf70-bpe4-fcc1380401729 entry=0x601446ea0 surf=0x600a8ed40 tex=0x6016c0a00 retain=2 baseline=1 bpr=128 alloc=16KB shapeEntries=20 pool=17MB map=LINEAR
#### MTL_TEX LEASE-NEW #52 key=1x1-pf70-bpe4-fcc1380401729 entry=0x601447920 surf=0x600a8eda0 tex=0x6016c2580 retain=2 baseline=1 bpr=128 alloc=16KB shapeEntries=21 pool=17MB map=LINEAR
#### MTL_TEX LEASE-NEW #53 key=1x1-pf70-bpe4-fcc1380401729 entry=0x601447cb0 surf=0x600a8ec60 tex=0x6016c2d00 retain=2 baseline=1 bpr=128 alloc=16KB shapeEntries=22 pool=17MB map=LINEAR
#### MTL_TEX LEASE-NEW #54 key=1x1-pf70-bpe4-fcc1380401729 entry=0x601447b30 surf=0x600a8b1e0 tex=0x6016c3480 retain=2 baseline=1 bpr=128 alloc=16KB shapeEntries=23 pool=17MB map=LINEAR
#### MTL_TEX LEASE-NEW #55 key=1x1-pf70-bpe4-fcc1380401729 entry=0x601447ec0 surf=0x600a89d80 tex=0x6016c3c00 retain=2 baseline=1 bpr=128 alloc=16KB shapeEntries=24 pool=17MB map=LINEAR
#### MTL_TEX LEASE-NEW #56 key=1x1-pf70-bpe4-fcc1380401729 entry=0x601448340 surf=0x600a8ec40 tex=0x6016c4380 retain=2 baseline=1 bpr=128 alloc=16KB shapeEntries=25 pool=17MB map=LINEAR
#### MTL_TEX LEASE-NEW #57 key=1x1-pf70-bpe4-fcc1380401729 entry=0x6014480a0 surf=0x600a8ebe0 tex=0x6016c4b00 retain=2 baseline=1 bpr=128 alloc=16KB shapeEntries=26 pool=17MB map=LINEAR
#### TRACE -[AGXBuffer initUntracked] self=0x60170ac80 dev=0x6001d2000 len=6144 opt=0 -> 0x60170ac80
#### TRACE -[AGXBuffer initUntracked] self=0x6010d6c00 dev=0x6001d2000 len=6144 opt=0 -> 0x6010d6c00
#### TRACE -[AGXBuffer initUntracked] self=0x600b6ee80 dev=0x6001d2000 len=1024 opt=0 -> 0x600b6ee80
#### MTL_TEX LEASE-NEW #58 key=1x1-pf70-bpe4-fcc1380401729 entry=0x601448520 surf=0x600a8ecc0 tex=0x6016c5280 retain=2 baseline=1 bpr=128 alloc=16KB shapeEntries=27 pool=17MB map=LINEAR
#### MTL_TEX LEASE-NEW #59 key=1x1-pf70-bpe4-fcc1380401729 entry=0x601448880 surf=0x600a8ec80 tex=0x6016c5a00 retain=2 baseline=1 bpr=128 alloc=16KB shapeEntries=28 pool=17MB map=LINEAR
#### MTL_TEX LEASE-NEW #60 key=1x1-pf70-bpe4-fcc1380401729 entry=0x601448700 surf=0x600a8f3c0 tex=0x6016c6180 retain=2 baseline=1 bpr=128 alloc=16KB shapeEntries=29 pool=17MB map=LINEAR
#### MTL_TEX LEASE-NEW #61 key=1x1-pf70-bpe4-fcc1380401729 entry=0x601448a90 surf=0x600a8ece0 tex=0x6016c6900 retain=2 baseline=1 bpr=128 alloc=16KB shapeEntries=30 pool=17MB map=LINEAR
#### MTL_TEX LEASE-NEW #62 key=1x1-pf70-bpe4-fcc1380401729 entry=0x601448f10 surf=0x600a8edc0 tex=0x6016c7300 retain=2 baseline=1 bpr=128 alloc=16KB shapeEntries=31 pool=17MB map=LINEAR
#### MTL_TEX LEASE-NEW #63 key=1x1-pf70-bpe4-fcc1380401729 entry=0x601448d90 surf=0x600a8f2e0 tex=0x6016c7a80 retain=2 baseline=1 bpr=128 alloc=16KB shapeEntries=32 pool=17MB map=LINEAR
#### MTL_TEX LEASE-NEW #64 key=1x1-pf70-bpe4-fcc1380401729 entry=0x601440d50 surf=0x600a8bb40 tex=0x6016c8700 retain=2 baseline=1 bpr=128 alloc=16KB shapeEntries=33 pool=17MB map=LINEAR
#### AGX_SUBMIT_DIAG #212 TEMP-KCMD-ABI-FIX off=0 size=0x1b8->0x1a8 end=0x1e8->0x1d8 moved=0x14 new-total=0x1e0
#### AGX_LIFE CREATE id=0x1b1 type=0 surf=0 bytes=0x4000 kr=0 okC=500 failC=0 okD=67 failD=0 unmatchedD=1 full=0 live=433/159MB [t0=302/45MB t80=1/0MB t82=130/113MB]
#### MTL_TEX MIP-NATIVE attempt=2 w=16 h=16 pf=70 mips=5 storage=0 usage=0x7
0   libmachook_arm64.dylib              0x00000001046e1254 -[MTLFakeDevice hooked_newTextureWithDescriptor:] + 1640
1   libGLESv2.dylib                     0x000000010d883714 glStartTilingQCOM + 2731796
2   libGLESv2.dylib                     0x000000010d896b48 glStartTilingQCOM + 2810696
3   libGLESv2.dylib                     0x000000010d895e40 glStartTilingQCOM + 2807360
4   libGLESv2.dylib                     0x000000010d895ccc glStartTilingQCOM + 2806988
5   libGLESv2.dylib                     0x000000010d86cb70 glStartTilingQCOM + 2638704
6   libGLESv2.dylib                     0x000000010d86c654 glStartTilingQCOM + 2637396
7   libGLESv2.dylib                     0x000000010d87026c glStartTilingQCOM + 2652780
8   libGLESv2.dylib                     0x000000010d75aa9c glStartTilingQCOM + 1516188
9   Electron Framework                  0x00000001176ae4e8 rust_bmp$cxxbridge1$194$Reader$image_data_loaded + 320072
10  Electron Framework                  0x00000001176c6a60 rust_bmp$cxxbridge1$194$Reader$image_data_loaded + 419776
11  Electron Framework                  0x0000000111997194 _ZN4node19async_context_frame8exchangeEPN2v87IsolateENS1_5LocalINS1_5ValueEEE + 26820
12  Electron Framework                  0x0000000111996240 _ZN4node19async_context_frame8exchangeEPN2v87IsolateENS1_5LocalINS1_5ValueEEE + 22896
13  Electron Framework                  0x0000000111995f24 _ZN4node19async_context_frame8exchangeEPN2v87IsolateENS1_5LocalINS1_5ValueEEE + 22100
14  Electron Framework                  0x00000001137bed78 _ZNK2v88internal8compiler23CompilationDependencies31FieldTypeDependencyOffTheRecordENS1_6MapRefES3_NS0_13InternalIndexENS1_9ObjectRefE + 783760
15  Electron Framework                  0x000000011372afbc _ZNK2v88internal8compiler23CompilationDependencies31FieldTypeDependencyOffTheRecordENS1_6MapRefES3_NS0_13InternalIndexENS1_9ObjectRefE + 178132
16  Electron Framework                  0x0000000111f1aac8 _ZNK4node14PrincipalRealm25async_hooks_init_functionEv + 81964
17  Electron Framework                  0x000000011143ba34 _ZN2v815MicrotasksScopeC1ENS_5LocalINS_7ContextEEENS0_4TypeE + 6788
18  Electron Framework                  0x000000011376fc84 _ZNK2v88internal8compiler23CompilationDependencies31FieldTypeDependencyOffTheRecordENS1_6MapRefES3_NS0_13InternalIndexENS1_9ObjectRefE + 459932
19  Electron Framework                  0x0000000111399b00 _ZN2v86Number3NewEPNS_7IsolateEd + 19272
#### AGXIOC subres parent 0x20000 -> resourceID 0xb8, base=0x13a3a8200 span=0x20000
#### MTL_TEX MIP-NATIVE result attempt=2 tex=0x6017e5c80 class=AGXG13GFamilyTexture
#### MTL_TEX MIP-NATIVE attempt=3 w=32 h=32 pf=70 mips=6 storage=0 usage=0x7
0   libmachook_arm64.dylib              0x00000001046e1254 -[MTLFakeDevice hooked_newTextureWithDescriptor:] + 1640
1   libGLESv2.dylib                     0x000000010d883714 glStartTilingQCOM + 2731796
2   libGLESv2.dylib                     0x000000010d896b48 glStartTilingQCOM + 2810696
3   libGLESv2.dylib                     0x000000010d895e40 glStartTilingQCOM + 2807360
4   libGLESv2.dylib                     0x000000010d895ccc glStartTilingQCOM + 2806988
5   libGLESv2.dylib                     0x000000010d86cb70 glStartTilingQCOM + 2638704
6   libGLESv2.dylib                     0x000000010d86c654 glStartTilingQCOM + 2637396
7   libGLESv2.dylib                     0x000000010d87026c glStartTilingQCOM + 2652780
8   libGLESv2.dylib                     0x000000010d75aa9c glStartTilingQCOM + 1516188
9   Electron Framework                  0x00000001176ae4e8 rust_bmp$cxxbridge1$194$Reader$image_data_loaded + 320072
10  Electron Framework                  0x00000001176c6a60 rust_bmp$cxxbridge1$194$Reader$image_data_loaded + 419776
11  Electron Framework                  0x0000000111997194 _ZN4node19async_context_frame8exchangeEPN2v87IsolateENS1_5LocalINS1_5ValueEEE + 26820
12  Electron Framework                  0x0000000111996240 _ZN4node19async_context_frame8exchangeEPN2v87IsolateENS1_5LocalINS1_5ValueEEE + 22896
13  Electron Framework                  0x0000000111995f24 _ZN4node19async_context_frame8exchangeEPN2v87IsolateENS1_5LocalINS1_5ValueEEE + 22100
14  Electron Framework                  0x00000001137bed78 _ZNK2v88internal8compiler23CompilationDependencies31FieldTypeDependencyOffTheRecordENS1_6MapRefES3_NS0_13InternalIndexENS1_9ObjectRefE + 783760
15  Electron Framework                  0x000000011372afbc _ZNK2v88internal8compiler23CompilationDependencies31FieldTypeDependencyOffTheRecordENS1_6MapRefES3_NS0_13InternalIndexENS1_9ObjectRefE + 178132
16  Electron Framework                  0x0000000111f1aac8 _ZNK4node14PrincipalRealm25async_hooks_init_functionEv + 81964
17  Electron Framework                  0x000000011143ba34 _ZN2v815MicrotasksScopeC1ENS_5LocalINS_7ContextEEENS0_4TypeE + 6788
18  Electron Framework                  0x000000011376fc84 _ZNK2v88internal8compiler23CompilationDependencies31FieldTypeDependencyOffTheRecordENS1_6MapRefES3_NS0_13InternalIndexENS1_9ObjectRefE + 459932
19  Electron Framework                  0x0000000111399b00 _ZN2v86Number3NewEPNS_7IsolateEd + 19272
#### AGXIOC subres parent 0x20000 -> resourceID 0xb8, base=0x13a3a8900 span=0x20000
#### MTL_TEX MIP-NATIVE result attempt=3 tex=0x6017e6400 class=AGXG13GFamilyTexture
#### MTL_TEX MIP-NATIVE attempt=4 w=128 h=512 pf=70 mips=10 storage=0 usage=0x7
0   libmachook_arm64.dylib              0x00000001046e1254 -[MTLFakeDevice hooked_newTextureWithDescriptor:] + 1640
1   libGLESv2.dylib                     0x000000010d883714 glStartTilingQCOM + 2731796
2   libGLESv2.dylib                     0x000000010d896b48 glStartTilingQCOM + 2810696
3   libGLESv2.dylib                     0x000000010d895e40 glStartTilingQCOM + 2807360
4   libGLESv2.dylib                     0x000000010d895ccc glStartTilingQCOM + 2806988
5   libGLESv2.dylib                     0x000000010d86cb70 glStartTilingQCOM + 2638704
6   libGLESv2.dylib                     0x000000010d86c654 glStartTilingQCOM + 2637396
7   libGLESv2.dylib                     0x000000010d87026c glStartTilingQCOM + 2652780
8   libGLESv2.dylib                     0x000000010d75aa9c glStartTilingQCOM + 1516188
9   Electron Framework                  0x00000001176ae4e8 rust_bmp$cxxbridge1$194$Reader$image_data_loaded + 320072
10  Electron Framework                  0x00000001176c6a60 rust_bmp$cxxbridge1$194$Reader$image_data_loaded + 419776
11  Electron Framework                  0x0000000111997194 _ZN4node19async_context_frame8exchangeEPN2v87IsolateENS1_5LocalINS1_5ValueEEE + 26820
12  Electron Framework                  0x0000000111996240 _ZN4node19async_context_frame8exchangeEPN2v87IsolateENS1_5LocalINS1_5ValueEEE + 22896
13  Electron Framework                  0x0000000111995f24 _ZN4node19async_context_frame8exchangeEPN2v87IsolateENS1_5LocalINS1_5ValueEEE + 22100
14  Electron Framework                  0x00000001137bed78 _ZNK2v88internal8compiler23CompilationDependencies31FieldTypeDependencyOffTheRecordENS1_6MapRefES3_NS0_13InternalIndexENS1_9ObjectRefE + 783760
15  Electron Framework                  0x000000011372afbc _ZNK2v88internal8compiler23CompilationDependencies31FieldTypeDependencyOffTheRecordENS1_6MapRefES3_NS0_13InternalIndexENS1_9ObjectRefE + 178132
16  Electron Framework                  0x0000000111f1aac8 _ZNK4node14PrincipalRealm25async_hooks_init_functionEv + 81964
17  Electron Framework                  0x000000011143ba34 _ZN2v815MicrotasksScopeC1ENS_5LocalINS_7ContextEEENS0_4TypeE + 6788
18  Electron Framework                  0x000000011376fc84 _ZNK2v88internal8compiler23CompilationDependencies31FieldTypeDependencyOffTheRecordENS1_6MapRefES3_NS0_13InternalIndexENS1_9ObjectRefE + 459932
19  Electron Framework                  0x0000000111399b00 _ZN2v86Number3NewEPNS_7IsolateEd + 19272
#### MTL_TEX MIP-NATIVE result attempt=4 tex=0x6017e6e00 class=AGXG13GFamilyTexture
#### MTL_TEX MIP-NATIVE attempt=5 w=128 h=32 pf=70 mips=8 storage=0 usage=0x7
0   libmachook_arm64.dylib              0x00000001046e1254 -[MTLFakeDevice hooked_newTextureWithDescriptor:] + 1640
1   libGLESv2.dylib                     0x000000010d883714 glStartTilingQCOM + 2731796
2   libGLESv2.dylib                     0x000000010d896b48 glStartTilingQCOM + 2810696
3   libGLESv2.dylib                     0x000000010d895e40 glStartTilingQCOM + 2807360
4   libGLESv2.dylib                     0x000000010d895ccc glStartTilingQCOM + 2806988
5   libGLESv2.dylib                     0x000000010d86cb70 glStartTilingQCOM + 2638704
6   libGLESv2.dylib                     0x000000010d86c654 glStartTilingQCOM + 2637396
7   libGLESv2.dylib                     0x000000010d87026c glStartTilingQCOM + 2652780
8   libGLESv2.dylib                     0x000000010d75aa9c glStartTilingQCOM + 1516188
9   Electron Framework                  0x00000001176ae4e8 rust_bmp$cxxbridge1$194$Reader$image_data_loaded + 320072
10  Electron Framework                  0x00000001176c6a60 rust_bmp$cxxbridge1$194$Reader$image_data_loaded + 419776
11  Electron Framework                  0x0000000111997194 _ZN4node19async_context_frame8exchangeEPN2v87IsolateENS1_5LocalINS1_5ValueEEE + 26820
12  Electron Framework                  0x0000000111996240 _ZN4node19async_context_frame8exchangeEPN2v87IsolateENS1_5LocalINS1_5ValueEEE + 22896
13  Electron Framework                  0x0000000111995f24 _ZN4node19async_context_frame8exchangeEPN2v87IsolateENS1_5LocalINS1_5ValueEEE + 22100
14  Electron Framework                  0x00000001137bed78 _ZNK2v88internal8compiler23CompilationDependencies31FieldTypeDependencyOffTheRecordENS1_6MapRefES3_NS0_13InternalIndexENS1_9ObjectRefE + 783760
15  Electron Framework                  0x000000011372afbc _ZNK2v88internal8compiler23CompilationDependencies31FieldTypeDependencyOffTheRecordENS1_6MapRefES3_NS0_13InternalIndexENS1_9ObjectRefE + 178132
16  Electron Framework                  0x0000000111f1aac8 _ZNK4node14PrincipalRealm25async_hooks_init_functionEv + 81964
17  Electron Framework                  0x000000011143ba34 _ZN2v815MicrotasksScopeC1ENS_5LocalINS_7ContextEEENS0_4TypeE + 6788
18  Electron Framework                  0x000000011376fc84 _ZNK2v88internal8compiler23CompilationDependencies31FieldTypeDependencyOffTheRecordENS1_6MapRefES3_NS0_13InternalIndexENS1_9ObjectRefE + 459932
19  Electron Framework                  0x0000000111399b00 _ZN2v86Number3NewEPNS_7IsolateEd + 19272
#### MTL_TEX MIP-NATIVE result attempt=5 tex=0x6017e7d00 class=AGXG13GFamilyTexture
#### MTL_TEX MIP-NATIVE attempt=6 w=128 h=32 pf=70 mips=8 storage=0 usage=0x7
0   libmachook_arm64.dylib              0x00000001046e1254 -[MTLFakeDevice hooked_newTextureWithDescriptor:] + 1640
1   libGLESv2.dylib                     0x000000010d883714 glStartTilingQCOM + 2731796
2   libGLESv2.dylib                     0x000000010d896b48 glStartTilingQCOM + 2810696
3   libGLESv2.dylib                     0x000000010d895e40 glStartTilingQCOM + 2807360
4   libGLESv2.dylib                     0x000000010d895ccc glStartTilingQCOM + 2806988
5   libGLESv2.dylib                     0x000000010d86cb70 glStartTilingQCOM + 2638704
6   libGLESv2.dylib                     0x000000010d86c654 glStartTilingQCOM + 2637396
7   libGLESv2.dylib                     0x000000010d87026c glStartTilingQCOM + 2652780
8   libGLESv2.dylib                     0x000000010d75aa9c glStartTilingQCOM + 1516188
9   Electron Framework                  0x00000001176ae4e8 rust_bmp$cxxbridge1$194$Reader$image_data_loaded + 320072
10  Electron Framework                  0x00000001176c6a60 rust_bmp$cxxbridge1$194$Reader$image_data_loaded + 419776
11  Electron Framework                  0x0000000111997194 _ZN4node19async_context_frame8exchangeEPN2v87IsolateENS1_5LocalINS1_5ValueEEE + 26820
12  Electron Framework                  0x0000000111996240 _ZN4node19async_context_frame8exchangeEPN2v87IsolateENS1_5LocalINS1_5ValueEEE + 22896
13  Electron Framework                  0x0000000111995f24 _ZN4node19async_context_frame8exchangeEPN2v87IsolateENS1_5LocalINS1_5ValueEEE + 22100
14  Electron Framework                  0x00000001137bed78 _ZNK2v88internal8compiler23CompilationDependencies31FieldTypeDependencyOffTheRecordENS1_6MapRefES3_NS0_13InternalIndexENS1_9ObjectRefE + 783760
15  Electron Framework                  0x000000011372afbc _ZNK2v88internal8compiler23CompilationDependencies31FieldTypeDependencyOffTheRecordENS1_6MapRefES3_NS0_13InternalIndexENS1_9ObjectRefE + 178132
16  Electron Framework                  0x0000000111f1aac8 _ZNK4node14PrincipalRealm25async_hooks_init_functionEv + 81964
17  Electron Framework                  0x000000011143ba34 _ZN2v815MicrotasksScopeC1ENS_5LocalINS_7ContextEEENS0_4TypeE + 6788
18  Electron Framework                  0x000000011376fc84 _ZNK2v88internal8compiler23CompilationDependencies31FieldTypeDependencyOffTheRecordENS1_6MapRefES3_NS0_13InternalIndexENS1_9ObjectRefE + 459932
19  Electron Framework                  0x0000000111399b00 _ZN2v86Number3NewEPNS_7IsolateEd + 19272
#### MTL_TEX MIP-NATIVE result attempt=6 tex=0x6017e8700 class=AGXG13GFamilyTexture
#### MTL_TEX MIP-NATIVE attempt=7 w=128 h=32 pf=70 mips=8 storage=0 usage=0x7
0   libmachook_arm64.dylib              0x00000001046e1254 -[MTLFakeDevice hooked_newTextureWithDescriptor:] + 1640
1   libGLESv2.dylib                     0x000000010d883714 glStartTilingQCOM + 2731796
2   libGLESv2.dylib                     0x000000010d896b48 glStartTilingQCOM + 2810696
3   libGLESv2.dylib                     0x000000010d895e40 glStartTilingQCOM + 2807360
4   libGLESv2.dylib                     0x000000010d895ccc glStartTilingQCOM + 2806988
5   libGLESv2.dylib                     0x000000010d86cb70 glStartTilingQCOM + 2638704
6   libGLESv2.dylib                     0x000000010d86c654 glStartTilingQCOM + 2637396
7   libGLESv2.dylib                     0x000000010d87026c glStartTilingQCOM + 2652780
8   libGLESv2.dylib                     0x000000010d75aa9c glStartTilingQCOM + 1516188
9   Electron Framework                  0x00000001176ae4e8 rust_bmp$cxxbridge1$194$Reader$image_data_loaded + 320072
10  Electron Framework                  0x00000001176c6a60 rust_bmp$cxxbridge1$194$Reader$image_data_loaded + 419776
11  Electron Framework                  0x0000000111997194 _ZN4node19async_context_frame8exchangeEPN2v87IsolateENS1_5LocalINS1_5ValueEEE + 26820
12  Electron Framework                  0x0000000111996240 _ZN4node19async_context_frame8exchangeEPN2v87IsolateENS1_5LocalINS1_5ValueEEE + 22896
13  Electron Framework                  0x0000000111995f24 _ZN4node19async_context_frame8exchangeEPN2v87IsolateENS1_5LocalINS1_5ValueEEE + 22100
14  Electron Framework                  0x00000001137bed78 _ZNK2v88internal8compiler23CompilationDependencies31FieldTypeDependencyOffTheRecordENS1_6MapRefES3_NS0_13InternalIndexENS1_9ObjectRefE + 783760
15  Electron Framework                  0x000000011372afbc _ZNK2v88internal8compiler23CompilationDependencies31FieldTypeDependencyOffTheRecordENS1_6MapRefES3_NS0_13InternalIndexENS1_9ObjectRefE + 178132
16  Electron Framework                  0x0000000111f1aac8 _ZNK4node14PrincipalRealm25async_hooks_init_functionEv + 81964
17  Electron Framework                  0x000000011143ba34 _ZN2v815MicrotasksScopeC1ENS_5LocalINS_7ContextEEENS0_4TypeE + 6788
18  Electron Framework                  0x000000011376fc84 _ZNK2v88internal8compiler23CompilationDependencies31FieldTypeDependencyOffTheRecordENS1_6MapRefES3_NS0_13InternalIndexENS1_9ObjectRefE + 459932
19  Electron Framework                  0x0000000111399b00 _ZN2v86Number3NewEPNS_7IsolateEd + 19272
#### MTL_TEX MIP-NATIVE result attempt=7 tex=0x6017e9100 class=AGXG13GFamilyTexture
#### MTL_TEX MIP-NATIVE attempt=8 w=512 h=512 pf=70 mips=10 storage=0 usage=0x7
0   libmachook_arm64.dylib              0x00000001046e1254 -[MTLFakeDevice hooked_newTextureWithDescriptor:] + 1640
1   libGLESv2.dylib                     0x000000010d883714 glStartTilingQCOM + 2731796
2   libGLESv2.dylib                     0x000000010d896b48 glStartTilingQCOM + 2810696
3   libGLESv2.dylib                     0x000000010d895e40 glStartTilingQCOM + 2807360
4   libGLESv2.dylib                     0x000000010d895ccc glStartTilingQCOM + 2806988
5   libGLESv2.dylib                     0x000000010d86cb70 glStartTilingQCOM + 2638704
6   libGLESv2.dylib                     0x000000010d86c654 glStartTilingQCOM + 2637396
7   libGLESv2.dylib                     0x000000010d87026c glStartTilingQCOM + 2652780
8   libGLESv2.dylib                     0x000000010d75aa9c glStartTilingQCOM + 1516188
9   Electron Framework                  0x00000001176ae4e8 rust_bmp$cxxbridge1$194$Reader$image_data_loaded + 320072
10  Electron Framework                  0x00000001176c6a60 rust_bmp$cxxbridge1$194$Reader$image_data_loaded + 419776
11  Electron Framework                  0x0000000111997194 _ZN4node19async_context_frame8exchangeEPN2v87IsolateENS1_5LocalINS1_5ValueEEE + 26820
12  Electron Framework                  0x0000000111996240 _ZN4node19async_context_frame8exchangeEPN2v87IsolateENS1_5LocalINS1_5ValueEEE + 22896
13  Electron Framework                  0x0000000111995f24 _ZN4node19async_context_frame8exchangeEPN2v87IsolateENS1_5LocalINS1_5ValueEEE + 22100
14  Electron Framework                  0x00000001137bed78 _ZNK2v88internal8compiler23CompilationDependencies31FieldTypeDependencyOffTheRecordENS1_6MapRefES3_NS0_13InternalIndexENS1_9ObjectRefE + 783760
15  Electron Framework                  0x000000011372afbc _ZNK2v88internal8compiler23CompilationDependencies31FieldTypeDependencyOffTheRecordENS1_6MapRefES3_NS0_13InternalIndexENS1_9ObjectRefE + 178132
16  Electron Framework                  0x0000000111f1aac8 _ZNK4node14PrincipalRealm25async_hooks_init_functionEv + 81964
17  Electron Framework                  0x000000011143ba34 _ZN2v815MicrotasksScopeC1ENS_5LocalINS_7ContextEEENS0_4TypeE + 6788
18  Electron Framework                  0x000000011376fc84 _ZNK2v88internal8compiler23CompilationDependencies31FieldTypeDependencyOffTheRecordENS1_6MapRefES3_NS0_13InternalIndexENS1_9ObjectRefE + 459932
19  Electron Framework                  0x0000000111399b00 _ZN2v86Number3NewEPNS_7IsolateEd + 19272
#### MTL_TEX MIP-NATIVE result attempt=8 tex=0x6017e9b00 class=AGXG13GFamilyTexture
#### MTL_TEX MIP-NATIVE attempt=9 w=512 h=512 pf=70 mips=10 storage=0 usage=0x7
0   libmachook_arm64.dylib              0x00000001046e1254 -[MTLFakeDevice hooked_newTextureWithDescriptor:] + 1640
1   libGLESv2.dylib                     0x000000010d883714 glStartTilingQCOM + 2731796
2   libGLESv2.dylib                     0x000000010d896b48 glStartTilingQCOM + 2810696
3   libGLESv2.dylib                     0x000000010d895e40 glStartTilingQCOM + 2807360
4   libGLESv2.dylib                     0x000000010d895ccc glStartTilingQCOM + 2806988
5   libGLESv2.dylib                     0x000000010d86cb70 glStartTilingQCOM + 2638704
6   libGLESv2.dylib                     0x000000010d86c654 glStartTilingQCOM + 2637396
7   libGLESv2.dylib                     0x000000010d87026c glStartTilingQCOM + 2652780
8   libGLESv2.dylib                     0x000000010d75aa9c glStartTilingQCOM + 1516188
9   Electron Framework                  0x00000001176ae4e8 rust_bmp$cxxbridge1$194$Reader$image_data_loaded + 320072
10  Electron Framework                  0x00000001176c6a60 rust_bmp$cxxbridge1$194$Reader$image_data_loaded + 419776
11  Electron Framework                  0x0000000111997194 _ZN4node19async_context_frame8exchangeEPN2v87IsolateENS1_5LocalINS1_5ValueEEE + 26820
12  Electron Framework                  0x0000000111996240 _ZN4node19async_context_frame8exchangeEPN2v87IsolateENS1_5LocalINS1_5ValueEEE + 22896
13  Electron Framework                  0x0000000111995f24 _ZN4node19async_context_frame8exchangeEPN2v87IsolateENS1_5LocalINS1_5ValueEEE + 22100
14  Electron Framework                  0x00000001137bed78 _ZNK2v88internal8compiler23CompilationDependencies31FieldTypeDependencyOffTheRecordENS1_6MapRefES3_NS0_13InternalIndexENS1_9ObjectRefE + 783760
15  Electron Framework                  0x000000011372afbc _ZNK2v88internal8compiler23CompilationDependencies31FieldTypeDependencyOffTheRecordENS1_6MapRefES3_NS0_13InternalIndexENS1_9ObjectRefE + 178132
16  Electron Framework                  0x0000000111f1aac8 _ZNK4node14PrincipalRealm25async_hooks_init_functionEv + 81964
17  Electron Framework                  0x000000011143ba34 _ZN2v815MicrotasksScopeC1ENS_5LocalINS_7ContextEEENS0_4TypeE + 6788
18  Electron Framework                  0x000000011376fc84 _ZNK2v88internal8compiler23CompilationDependencies31FieldTypeDependencyOffTheRecordENS1_6MapRefES3_NS0_13InternalIndexENS1_9ObjectRefE + 459932
19  Electron Framework                  0x0000000111399b00 _ZN2v86Number3NewEPNS_7IsolateEd + 19272
#### MTL_TEX MIP-NATIVE result attempt=9 tex=0x6017ea500 class=AGXG13GFamilyTexture
#### MTL_TEX MIP-NATIVE attempt=10 w=512 h=512 pf=70 mips=10 storage=0 usage=0x7
0   libmachook_arm64.dylib              0x00000001046e1254 -[MTLFakeDevice hooked_newTextureWithDescriptor:] + 1640
1   libGLESv2.dylib                     0x000000010d883714 glStartTilingQCOM + 2731796
2   libGLESv2.dylib                     0x000000010d896b48 glStartTilingQCOM + 2810696
3   libGLESv2.dylib                     0x000000010d895e40 glStartTilingQCOM + 2807360
4   libGLESv2.dylib                     0x000000010d895ccc glStartTilingQCOM + 2806988
5   libGLESv2.dylib                     0x000000010d86cb70 glStartTilingQCOM + 2638704
6   libGLESv2.dylib                     0x000000010d86c654 glStartTilingQCOM + 2637396
7   libGLESv2.dylib                     0x000000010d87026c glStartTilingQCOM + 2652780
8   libGLESv2.dylib                     0x000000010d75aa9c glStartTilingQCOM + 1516188
9   Electron Framework                  0x00000001176ae4e8 rust_bmp$cxxbridge1$194$Reader$image_data_loaded + 320072
10  Electron Framework                  0x00000001176c6a60 rust_bmp$cxxbridge1$194$Reader$image_data_loaded + 419776
11  Electron Framework                  0x0000000111997194 _ZN4node19async_context_frame8exchangeEPN2v87IsolateENS1_5LocalINS1_5ValueEEE + 26820
12  Electron Framework                  0x0000000111996240 _ZN4node19async_context_frame8exchangeEPN2v87IsolateENS1_5LocalINS1_5ValueEEE + 22896
13  Electron Framework                  0x0000000111995f24 _ZN4node19async_context_frame8exchangeEPN2v87IsolateENS1_5LocalINS1_5ValueEEE + 22100
14  Electron Framework                  0x00000001137bed78 _ZNK2v88internal8compiler23CompilationDependencies31FieldTypeDependencyOffTheRecordENS1_6MapRefES3_NS0_13InternalIndexENS1_9ObjectRefE + 783760
15  Electron Framework                  0x000000011372afbc _ZNK2v88internal8compiler23CompilationDependencies31FieldTypeDependencyOffTheRecordENS1_6MapRefES3_NS0_13InternalIndexENS1_9ObjectRefE + 178132
16  Electron Framework                  0x0000000111f1aac8 _ZNK4node14PrincipalRealm25async_hooks_init_functionEv + 81964
17  Electron Framework                  0x000000011143ba34 _ZN2v815MicrotasksScopeC1ENS_5LocalINS_7ContextEEENS0_4TypeE + 6788
18  Electron Framework                  0x000000011376fc84 _ZNK2v88internal8compiler23CompilationDependencies31FieldTypeDependencyOffTheRecordENS1_6MapRefES3_NS0_13InternalIndexENS1_9ObjectRefE + 459932
19  Electron Framework                  0x0000000111399b00 _ZN2v86Number3NewEPNS_7IsolateEd + 19272
#### MTL_TEX MIP-NATIVE result attempt=10 tex=0x6017eaf00 class=AGXG13GFamilyTexture
#### MTL_TEX MIP-NATIVE attempt=11 w=512 h=512 pf=70 mips=10 storage=0 usage=0x7
0   libmachook_arm64.dylib              0x00000001046e1254 -[MTLFakeDevice hooked_newTextureWithDescriptor:] + 1640
1   libGLESv2.dylib                     0x000000010d883714 glStartTilingQCOM + 2731796
2   libGLESv2.dylib                     0x000000010d896b48 glStartTilingQCOM + 2810696
3   libGLESv2.dylib                     0x000000010d895e40 glStartTilingQCOM + 2807360
4   libGLESv2.dylib                     0x000000010d895ccc glStartTilingQCOM + 2806988
5   libGLESv2.dylib                     0x000000010d86cb70 glStartTilingQCOM + 2638704
6   libGLESv2.dylib                     0x000000010d86c654 glStartTilingQCOM + 2637396
7   libGLESv2.dylib                     0x000000010d87026c glStartTilingQCOM + 2652780
8   libGLESv2.dylib                     0x000000010d75aa9c glStartTilingQCOM + 1516188
9   Electron Framework                  0x00000001176ae4e8 rust_bmp$cxxbridge1$194$Reader$image_data_loaded + 320072
10  Electron Framework                  0x00000001176c6a60 rust_bmp$cxxbridge1$194$Reader$image_data_loaded + 419776
11  Electron Framework                  0x0000000111997194 _ZN4node19async_context_frame8exchangeEPN2v87IsolateENS1_5LocalINS1_5ValueEEE + 26820
12  Electron Framework                  0x0000000111996240 _ZN4node19async_context_frame8exchangeEPN2v87IsolateENS1_5LocalINS1_5ValueEEE + 22896
13  Electron Framework                  0x0000000111995f24 _ZN4node19async_context_frame8exchangeEPN2v87IsolateENS1_5LocalINS1_5ValueEEE + 22100
14  Electron Framework                  0x00000001137bed78 _ZNK2v88internal8compiler23CompilationDependencies31FieldTypeDependencyOffTheRecordENS1_6MapRefES3_NS0_13InternalIndexENS1_9ObjectRefE + 783760
15  Electron Framework                  0x000000011372afbc _ZNK2v88internal8compiler23CompilationDependencies31FieldTypeDependencyOffTheRecordENS1_6MapRefES3_NS0_13InternalIndexENS1_9ObjectRefE + 178132
16  Electron Framework                  0x0000000111f1aac8 _ZNK4node14PrincipalRealm25async_hooks_init_functionEv + 81964
17  Electron Framework                  0x000000011143ba34 _ZN2v815MicrotasksScopeC1ENS_5LocalINS_7ContextEEENS0_4TypeE + 6788
18  Electron Framework                  0x000000011376fc84 _ZNK2v88internal8compiler23CompilationDependencies31FieldTypeDependencyOffTheRecordENS1_6MapRefES3_NS0_13InternalIndexENS1_9ObjectRefE + 459932
19  Electron Framework                  0x0000000111399b00 _ZN2v86Number3NewEPNS_7IsolateEd + 19272
#### MTL_TEX MIP-NATIVE result attempt=11 tex=0x6017eb900 class=AGXG13GFamilyTexture
#### MTL_TEX MIP-NATIVE attempt=12 w=512 h=512 pf=70 mips=10 storage=0 usage=0x7
0   libmachook_arm64.dylib              0x00000001046e1254 -[MTLFakeDevice hooked_newTextureWithDescriptor:] + 1640
1   libGLESv2.dylib                     0x000000010d883714 glStartTilingQCOM + 2731796
2   libGLESv2.dylib                     0x000000010d896b48 glStartTilingQCOM + 2810696
3   libGLESv2.dylib                     0x000000010d895e40 glStartTilingQCOM + 2807360
4   libGLESv2.dylib                     0x000000010d895ccc glStartTilingQCOM + 2806988
5   libGLESv2.dylib                     0x000000010d86cb70 glStartTilingQCOM + 2638704
6   libGLESv2.dylib                     0x000000010d86c654 glStartTilingQCOM + 2637396
7   libGLESv2.dylib                     0x000000010d87026c glStartTilingQCOM + 2652780
8   libGLESv2.dylib                     0x000000010d75aa9c glStartTilingQCOM + 1516188
9   Electron Framework                  0x00000001176ae4e8 rust_bmp$cxxbridge1$194$Reader$image_data_loaded + 320072
10  Electron Framework                  0x00000001176c6a60 rust_bmp$cxxbridge1$194$Reader$image_data_loaded + 419776
11  Electron Framework                  0x0000000111997194 _ZN4node19async_context_frame8exchangeEPN2v87IsolateENS1_5LocalINS1_5ValueEEE + 26820
12  Electron Framework                  0x0000000111996240 _ZN4node19async_context_frame8exchangeEPN2v87IsolateENS1_5LocalINS1_5ValueEEE + 22896
13  Electron Framework                  0x0000000111995f24 _ZN4node19async_context_frame8exchangeEPN2v87IsolateENS1_5LocalINS1_5ValueEEE + 22100
14  Electron Framework                  0x00000001137bed78 _ZNK2v88internal8compiler23CompilationDependencies31FieldTypeDependencyOffTheRecordENS1_6MapRefES3_NS0_13InternalIndexENS1_9ObjectRefE + 783760
15  Electron Framework                  0x000000011372afbc _ZNK2v88internal8compiler23CompilationDependencies31FieldTypeDependencyOffTheRecordENS1_6MapRefES3_NS0_13InternalIndexENS1_9ObjectRefE + 178132
16  Electron Framework                  0x0000000111f1aac8 _ZNK4node14PrincipalRealm25async_hooks_init_functionEv + 81964
17  Electron Framework                  0x000000011143ba34 _ZN2v815MicrotasksScopeC1ENS_5LocalINS_7ContextEEENS0_4TypeE + 6788
18  Electron Framework                  0x000000011376fc84 _ZNK2v88internal8compiler23CompilationDependencies31FieldTypeDependencyOffTheRecordENS1_6MapRefES3_NS0_13InternalIndexENS1_9ObjectRefE + 459932
19  Electron Framework                  0x0000000111399b00 _ZN2v86Number3NewEPNS_7IsolateEd + 19272
#### MTL_TEX MIP-NATIVE result attempt=12 tex=0x6017ec300 class=AGXG13GFamilyTexture
#### MTL_TEX MIP-NATIVE result attempt=13 tex=0x6017ecd00 class=AGXG13GFamilyTexture
#### AGXIOC heap map #500 clientID 0x8000 -> resourceID 0x10b size 0x8000
#### MTL_TEX LEASE-HIT #3 key=512x512-pf70-bpe4-fcc1380401729 entry=0x6014417a0 surf=0x600a8fc20 tex=0x6017e9880 retain=1 baseline=1 shapeEntries=6 pool=24MB
#### MTL_TEX MIP-NATIVE result attempt=14 tex=0x6013deb00 class=AGXG13GFamilyTexture
#### MTL_TEX LEASE-HIT #4 key=512x512-pf70-bpe4-fcc1380401729 entry=0x601441500 surf=0x600a8fba0 tex=0x6017ea280 retain=1 baseline=1 shapeEntries=6 pool=24MB
#### MTL_TEX MIP-NATIVE result attempt=15 tex=0x601530500 class=AGXG13GFamilyTexture
#### MTL_TEX LEASE-HIT #5 key=512x512-pf70-bpe4-fcc1380401729 entry=0x600929090 surf=0x600a8f7a0 tex=0x6017eac80 retain=1 baseline=1 shapeEntries=6 pool=24MB
#### MTL_TEX MIP-NATIVE result attempt=16 tex=0x6017ed700 class=AGXG13GFamilyTexture
#### MTL_TEX LEASE-HIT #6 key=512x512-pf70-bpe4-fcc1380401729 entry=0x601820db0 surf=0x600a8fbe0 tex=0x6017eb680 retain=1 baseline=1 shapeEntries=6 pool=24MB
#### MTL_TEX MIP-NATIVE result attempt=17 tex=0x6017ee600 class=AGXG13GFamilyTexture
#### MTL_TEX LEASE-HIT #7 key=512x512-pf70-bpe4-fcc1380401729 entry=0x6018211d0 surf=0x600a8ada0 tex=0x6017ec080 retain=1 baseline=1 shapeEntries=6 pool=24MB
#### MTL_TEX MIP-NATIVE result attempt=18 tex=0x6017eeb00 class=AGXG13GFamilyTexture
#### MTL_TEX LEASE-HIT #8 key=512x512-pf70-bpe4-fcc1380401729 entry=0x601820d50 surf=0x600a8f920 tex=0x6017eca80 retain=1 baseline=1 shapeEntries=6 pool=24MB
#### MTL_TEX MIP-NATIVE result attempt=19 tex=0x6017ed480 class=AGXG13GFamilyTexture
[91m[main 2026-07-29T21:21:38.487Z][0m ptyHost was unable to resolve shell environment Error: Unable to resolve your shell environment: Unexpected exit code from spawned shell (code null, signal SIGABRT)
    at file:///Applications/Visual%20Studio%20Code.app/Contents/Resources/app/out/main.js:474:34475
    at async file:///Applications/Visual%20Studio%20Code.app/Contents/Resources/app/out/main.js:434:92057
#### MTL_TEX MIP-NATIVE result attempt=20 tex=0x6017efa00 class=AGXG13GFamilyTexture
#### MTL_TEX MIP-NATIVE result attempt=21 tex=0x6018b0500 class=AGXG13GFamilyTexture
#### MTL_TEX MIP-NATIVE result attempt=22 tex=0x6018b0f00 class=AGXG13GFamilyTexture
#### MTL_TEX MIP-NATIVE result attempt=23 tex=0x6018b3200 class=AGXG13GFamilyTexture
[91m[main 2026-07-29T21:21:38.539Z][0m [AgentHost:stderr] #### AMFI-POLICY-COMPAT policy=AMFI op=0x60 status=0x4 (iOS task ports are hard-immovable)
#### CSR-POLICY-COMPAT active_config=0x0 (conservative iOS compatibility value)

[91m[main 2026-07-29T21:21:38.552Z][0m [AgentHost:stderr] [68585:0729/142138.549291:ERROR:base/process/process_mac.cc:53] task_policy_set TASK_CATEGORY_POLICY: (os/kern) invalid argument (4)

[91m[main 2026-07-29T21:21:38.562Z][0m [AgentHost:stderr] #### JIT-MPROTECT range[0]=[0x280000000,0x290000000) source=MAP_JIT-EINVAL
#### JIT-MPROTECT execution barrier installed (W^X fetch-wait compatibility)
#### JIT-MPROTECT range[0]=[0x280000000,0x290000000) source=MAP_JIT-EINVAL
#### JIT-MPROTECT range[0]=[0x280000000,0x290000000) source=MAP_JIT-EINVAL
#### JIT-MPROTECT range[0]=[0x280000000,0x290000000) source=MAP_JIT-EINVAL
#### JIT-MPROTECT range[0]=[0x280000000,0x290000000) source=MAP_JIT-EINVAL
#### JIT-MPROTECT range[0]=[0x280000000,0x290000000) source=MAP_JIT-EINVAL
#### JIT-MPROTECT range[0]=[0x280000000,0x290000000) source=MAP_JIT-EINVAL
#### JIT-MPROTECT range[0]=[0x280000000,0x290000000) source=MAP_JIT-EINVAL
#### JIT-MPROTECT range[0]=[0x170000000,0x180000000) source=MAP_JIT-EINVAL

[91m[main 2026-07-29T21:21:38.564Z][0m [AgentHost:stderr] #### JIT-MPROTECT remap decline #1 dst=0x177dc0000 size=0x208000 src=0x110254000 requested=0x5 -> V8 copy fallback
#### JIT-MPROTECT flip #1 ranges=1 prot=RW writers=1 exec_waits=0 late_retries=0

[91m[main 2026-07-29T21:21:38.565Z][0m [AgentHost:stderr] #### JIT-MPROTECT flip #2 ranges=1 prot=RX writers=1 exec_waits=0 late_retries=0

[91m[main 2026-07-29T21:21:38.587Z][0m [AgentHost:stderr] #### JIT-MPROTECT flip #3 ranges=1 prot=RW writers=1 exec_waits=0 late_retries=0
#### JIT-MPROTECT flip #4 ranges=1 prot=RX writers=1 exec_waits=0 late_retries=0
#### JIT-MPROTECT flip #5 ranges=1 prot=RW writers=1 exec_waits=0 late_retries=0
#### JIT-MPROTECT flip #6 ranges=1 prot=RX writers=1 exec_waits=0 late_retries=0
#### JIT-MPROTECT flip #7 ranges=1 prot=RW writers=1 exec_waits=0 late_retries=0
#### JIT-MPROTECT flip #8 ranges=1 prot=RX writers=1 exec_waits=0 late_retries=0
#### JIT-MPROTECT flip #9 ranges=1 prot=RW writers=1 exec_waits=0 late_retries=0
#### JIT-MPROTECT flip #10 ranges=1 prot=RX writers=1 exec_waits=0 late_retries=0
#### JIT-MPROTECT flip #11 ranges=1 prot=RW writers=1 exec_waits=0 late_retries=0
#### JIT-MPROTECT flip #12 ranges=1 prot=RX writers=1 exec_waits=0 late_retries=0
#### JIT-MPROTECT flip #13 ranges=1 prot=RW writers=1 exec_waits=0 late_retries=0
#### JIT-MPROTECT flip #14 ranges=1 prot=RX writers=1 exec_waits=1 late_retries=0
#### JIT-MPROTECT flip #15 ranges=1 prot=RW writers=1 exec_waits=1 late_retries=0
#### JIT-MPROTECT flip #16 ranges=1 prot=RX writers=1 exec_waits=2 late_retries=0
#### JIT-MPROTECT flip #17 ranges=1 prot=RW writers=1 exec_waits=2 late_retries=0
#### JIT-MPROTECT flip #18 ranges=1 prot=RX writers=1 exec_waits=3 late_retries=0
#### JIT-MPROTECT flip #19 ranges=1 prot=RW writers=1 exec_waits=3 late_retries=0
#### JIT-MPROTECT flip #20 ranges=1 prot=RX writers=1 exec_waits=4 late_retries=0
#### JIT-MPROTECT flip #21 ranges=1 prot=RW writers=1 exec_waits=4 late_retries=0
#### JIT-MPROTECT flip #22 ranges=1 prot=RX writers=1 exec_waits=4 late_retries=0
#### JIT-MPROTECT flip #23 ranges=1 prot=RW writers=1 exec_waits=4 late_retries=0
#### JIT-MPROTECT flip #24 ranges=1 prot=RX writers=1 exec_waits=4 late_retries=0
#### JIT-MPROTECT flip #25 ranges=1 prot=RW writers=1 exec_waits=4 late_retries=0
#### JIT-MPROTECT flip #26 ranges=1 prot=RX writers=1 exec_waits=4 late_retries=0
#### JIT-MPROTECT flip #27 ranges=1 prot=RW writers=1 exec_waits=4 late_retries=0
#### JIT-MPROTECT flip #28 ranges=1 prot=RX writers=1 exec_waits=4 late_retries=0

[91m[main 2026-07-29T21:21:38.590Z][0m [AgentHost:stderr] #### JIT-MPROTECT flip #29 ranges=1 prot=RW writers=1 exec_waits=5 late_retries=0
#### JIT-MPROTECT flip #30 ranges=1 prot=RX writers=1 exec_waits=5 late_retries=0
#### JIT-MPROTECT flip #31 ranges=1 prot=RW writers=1 exec_waits=5 late_retries=0
#### JIT-MPROTECT flip #32 ranges=1 prot=RX writers=1 exec_waits=5 late_retries=0

#### AGX_SUBMIT_DIAG #220 TEMP-KCMD-TRAILING-WRAPPER-FIX match=64 subtype1=0..0x840->0..0x820 wrappers=1 range=0x840..0x858->0x820..0x838
#### VNC-FINAL candidate #6 tex=0x6018b3e80 class=AGXG13GFamilyTexture tex=1684x1334 pf=10 usage=0x7 storage=0 hazard=2 surface=0x600a8a840 1684x1334 bpr=1792
#### AGX_SUBMIT_DIAG #222 TEMP-KCMD-ABI-FIX off=0 size=0x1b8->0x1a8 end=0x1e8->0x1d8 moved=0x64 new-total=0x230
#### JIT-MPROTECT flip #18432 ranges=1 prot=RX writers=1 exec_waits=5968 late_retries=148
#### MTL_TEX LEASE-HIT #9 key=512x512-pf70-bpe4-fcc1380401729 entry=0x6014417a0 surf=0x600a8fc20 tex=0x6017e9880 retain=1 baseline=1 shapeEntries=15 pool=37MB
#### MTL_TEX MIP-NATIVE result attempt=24 tex=0x6018b6400 class=AGXG13GFamilyTexture
#### MTL_TEX LEASE-HIT #10 key=512x512-pf70-bpe4-fcc1380401729 entry=0x601441500 surf=0x600a8fba0 tex=0x6017ea280 retain=1 baseline=1 shapeEntries=15 pool=37MB
#### MTL_TEX MIP-NATIVE result attempt=25 tex=0x6018b5f00 class=AGXG13GFamilyTexture
#### MTL_TEX LEASE-HIT #11 key=512x512-pf70-bpe4-fcc1380401729 entry=0x600929090 surf=0x600a8f7a0 tex=0x6017eac80 retain=1 baseline=1 shapeEntries=15 pool=37MB
#### MTL_TEX MIP-NATIVE result attempt=26 tex=0x6018b6e00 class=AGXG13GFamilyTexture
#### AGX_LIFE CREATE id=0x205 type=0 surf=0 bytes=0x20000 kr=0 okC=750 failC=0 okD=189 failD=0 unmatchedD=1 full=0 live=561/214MB [t0=371/82MB t80=3/0MB t82=187/132MB]
#### MTL_TEX MIP-NATIVE result attempt=27 tex=0x6018b8980 class=AGXG13GFamilyTexture
#### MTL_TEX MIP-NATIVE result attempt=28 tex=0x6018b9380 class=AGXG13GFamilyTexture
#### MTL_TEX MIP-NATIVE result attempt=29 tex=0x6018b9d80 class=AGXG13GFamilyTexture
#### MTL_TEX MIP-NATIVE result attempt=30 tex=0x6018ba780 class=AGXG13GFamilyTexture
#### TRACE -[AGXBuffer initUntracked] self=0x60181a980 dev=0x6001d2000 len=12288 opt=0 -> 0x60181a980
#### TRACE -[AGXBuffer initUntracked] self=0x60170ac80 dev=0x6001d2000 len=12288 opt=0 -> 0x60170ac80
#### TRACE -[AGXBuffer initUntracked] self=0x6010d6c00 dev=0x6001d2000 len=2048 opt=0 -> 0x6010d6c00
#### MTL_TEX MIP-NATIVE result attempt=31 tex=0x6018bb180 class=AGXG13GFamilyTexture
#### MTL_TEX MIP-NATIVE result attempt=32 tex=0x6018bbb80 class=AGXG13GFamilyTexture
#### MTL_TEX MIP-NATIVE result attempt=33 tex=0x6018bc580 class=AGXG13GFamilyTexture
#### MTL_TEX MIP-NATIVE result attempt=34 tex=0x6018bcf80 class=AGXG13GFamilyTexture
#### MTL_TEX MIP-NATIVE result attempt=35 tex=0x6018bd980 class=AGXG13GFamilyTexture
#### MTL_TEX MIP-NATIVE result attempt=36 tex=0x6018be600 class=AGXG13GFamilyTexture
#### MTL_TEX MIP-NATIVE result attempt=37 tex=0x6018bed80 class=AGXG13GFamilyTexture
#### MTL_TEX MIP-NATIVE result attempt=38 tex=0x6018bf000 class=AGXG13GFamilyTexture
#### MTL_TEX MIP-NATIVE result attempt=39 tex=0x601990f00 class=AGXG13GFamilyTexture
#### MTL_TEX MIP-NATIVE result attempt=40 tex=0x601991900 class=AGXG13GFamilyTexture
#### MTL_TEX LEASE-HIT #12 key=256x256-pf70-bpe4-fcc1380401729 entry=0x601824740 surf=0x600a8fec0 tex=0x6018bb900 retain=1 baseline=1 shapeEntries=4 pool=40MB
#### MTL_TEX MIP-NATIVE result attempt=41 tex=0x601991e00 class=AGXG13GFamilyTexture
#### MTL_TEX LEASE-HIT #13 key=256x256-pf70-bpe4-fcc1380401729 entry=0x6014440b0 surf=0x600a8dda0 tex=0x6018bc300 retain=1 baseline=1 shapeEntries=4 pool=40MB
#### MTL_TEX MIP-NATIVE result attempt=42 tex=0x601992300 class=AGXG13GFamilyTexture
#### MTL_TEX MIP-NATIVE result attempt=43 tex=0x601992d00 class=AGXG13GFamilyTexture
#### MTL_TEX LEASE-HIT #14 key=256x256-pf70-bpe4-fcc1380401729 entry=0x6014443b0 surf=0x600a8bf40 tex=0x6018bcd00 retain=1 baseline=1 shapeEntries=4 pool=40MB
#### MTL_TEX MIP-NATIVE result attempt=44 tex=0x601993200 class=AGXG13GFamilyTexture
#### MTL_TEX LEASE-HIT #15 key=256x256-pf70-bpe4-fcc1380401729 entry=0x601823780 surf=0x600a884a0 tex=0x6018bd700 retain=1 baseline=1 shapeEntries=4 pool=40MB
#### MTL_TEX MIP-NATIVE result attempt=45 tex=0x601993700 class=AGXG13GFamilyTexture
#### MTL_TEX LEASE-HIT #16 key=512x512-pf70-bpe4-fcc1380401729 entry=0x6014417a0 surf=0x600a8fc20 tex=0x6017e9880 retain=1 baseline=1 shapeEntries=15 pool=40MB
#### MTL_TEX MIP-NATIVE result attempt=46 tex=0x601993c00 class=AGXG13GFamilyTexture
#### VNC-FINAL candidate #7 tex=0x601994380 class=AGXG13GFamilyTexture tex=1024x1024 pf=70 usage=0x7 storage=0 hazard=2 surface=0x600a8a780 1024x1024 bpr=4096
#### MTL_TEX MIP-NATIVE result attempt=47 tex=0x601994600 class=AGXG13GFamilyTexture
#### MTL_TEX LEASE-HIT #17 key=256x128-pf70-bpe4-fcc1380401729 entry=0x601824470 surf=0x600a8ff60 tex=0x6018b6b80 retain=1 baseline=1 shapeEntries=5 pool=44MB
#### MTL_TEX MIP-NATIVE result attempt=48 tex=0x601994b00 class=AGXG13GFamilyTexture
#### AGXIOC Scalar sel=0x10->0xe inCnt=1 -> 0x0
#### JIT-MPROTECT flip #19456 ranges=1 prot=RX writers=1 exec_waits=6113 late_retries=160
#### VNC-FINAL candidate #8 tex=0x601995280 class=AGXG13GFamilyTexture tex=1024x1024 pf=70 usage=0x7 storage=0 hazard=2 surface=0x60003ee00 1024x1024 bpr=4096
#### MTL_TEX MIP-NATIVE result attempt=49 tex=0x601995500 class=AGXG13GFamilyTexture
#### VNC-FINAL candidate #9 tex=0x601995c80 class=AGXG13GFamilyTexture tex=1024x1024 pf=70 usage=0x7 storage=0 hazard=2 surface=0x60003b160 1024x1024 bpr=4096
#### MTL_TEX MIP-NATIVE result attempt=50 tex=0x601995f00 class=AGXG13GFamilyTexture
#### VNC-FINAL candidate #10 tex=0x601996680 class=AGXG13GFamilyTexture tex=1024x1024 pf=70 usage=0x7 storage=0 hazard=2 surface=0x6018607a0 1024x1024 bpr=4096
#### MTL_TEX MIP-NATIVE result attempt=51 tex=0x601996900 class=AGXG13GFamilyTexture
[91m[main 2026-07-29T21:21:38.992Z][0m [AgentHost:stderr] #### JIT-MPROTECT flip #1024 ranges=1 prot=RX writers=1 exec_waits=158 late_retries=11

#### AGXIOC Scalar sel=0x10->0xe inCnt=1 -> 0x0
#### MTL_TEX LEASE-HIT #18 key=1024x1024-pf70-bpe4-fcc1380401729 entry=0x601825970 surf=0x600a8a780 tex=0x601994380 retain=1 baseline=1 shapeEntries=4 pool=56MB
#### VNC-FINAL candidate #11 tex=0x601994380 class=AGXG13GFamilyTexture tex=1024x1024 pf=70 usage=0x7 storage=0 hazard=2 surface=0x600a8a780 1024x1024 bpr=4096
#### AGXIOC Scalar sel=0x10->0xe inCnt=1 -> 0x0
#### MTL_TEX MIP-NATIVE result attempt=52 tex=0x601996e00 class=AGXG13GFamilyTexture
#### MTL_TEX LEASE-HIT #19 key=1024x1024-pf70-bpe4-fcc1380401729 entry=0x60144a710 surf=0x60003ee00 tex=0x601995280 retain=1 baseline=1 shapeEntries=4 pool=56MB
#### VNC-FINAL candidate #12 tex=0x601995280 class=AGXG13GFamilyTexture tex=1024x1024 pf=70 usage=0x7 storage=0 hazard=2 surface=0x60003ee00 1024x1024 bpr=4096
#### MTL_TEX MIP-NATIVE result attempt=53 tex=0x601997580 class=AGXG13GFamilyTexture
#### MTL_TEX LEASE-HIT #20 key=1024x1024-pf70-bpe4-fcc1380401729 entry=0x601825400 surf=0x60003b160 tex=0x601995c80 retain=1 baseline=1 shapeEntries=4 pool=56MB
#### VNC-FINAL candidate #13 tex=0x601995c80 class=AGXG13GFamilyTexture tex=1024x1024 pf=70 usage=0x7 storage=0 hazard=2 surface=0x60003b160 1024x1024 bpr=4096
#### MTL_TEX MIP-NATIVE result attempt=54 tex=0x601997080 class=AGXG13GFamilyTexture
#### AGXIOC Scalar sel=0x10->0xe inCnt=1 -> 0x0
#### MTL_TEX LEASE-HIT #21 key=1024x1024-pf70-bpe4-fcc1380401729 entry=0x601825970 surf=0x600a8a780 tex=0x601994380 retain=1 baseline=1 shapeEntries=4 pool=56MB
#### VNC-FINAL candidate #14 tex=0x601994380 class=AGXG13GFamilyTexture tex=1024x1024 pf=70 usage=0x7 storage=0 hazard=2 surface=0x600a8a780 1024x1024 bpr=4096
#### MTL_TEX MIP-NATIVE result attempt=55 tex=0x601990280 class=AGXG13GFamilyTexture
#### MTL_TEX LEASE-HIT #22 key=1024x1024-pf70-bpe4-fcc1380401729 entry=0x60144a710 surf=0x60003ee00 tex=0x601995280 retain=1 baseline=1 shapeEntries=4 pool=56MB
#### VNC-FINAL candidate #15 tex=0x601995280 class=AGXG13GFamilyTexture tex=1024x1024 pf=70 usage=0x7 storage=0 hazard=2 surface=0x60003ee00 1024x1024 bpr=4096
#### MTL_TEX MIP-NATIVE result attempt=56 tex=0x601998200 class=AGXG13GFamilyTexture
#### MTL_TEX LEASE-HIT #23 key=1024x1024-pf70-bpe4-fcc1380401729 entry=0x601825400 surf=0x60003b160 tex=0x601995c80 retain=1 baseline=1 shapeEntries=4 pool=56MB
#### VNC-FINAL candidate #16 tex=0x601995c80 class=AGXG13GFamilyTexture tex=1024x1024 pf=70 usage=0x7 storage=0 hazard=2 surface=0x60003b160 1024x1024 bpr=4096
#### MTL_TEX MIP-NATIVE result attempt=57 tex=0x601998700 class=AGXG13GFamilyTexture
#### MTL_TEX LEASE-HIT #24 key=256x256-pf70-bpe4-fcc1380401729 entry=0x601824740 surf=0x600a8fec0 tex=0x6018bb900 retain=1 baseline=1 shapeEntries=4 pool=56MB
#### MTL_TEX MIP-NATIVE result attempt=58 tex=0x601998c00 class=AGXG13GFamilyTexture
#### MTL_TEX LEASE-HIT #25 key=256x256-pf70-bpe4-fcc1380401729 entry=0x6014440b0 surf=0x600a8dda0 tex=0x6018bc300 retain=1 baseline=1 shapeEntries=4 pool=56MB
#### MTL_TEX MIP-NATIVE result attempt=59 tex=0x601999100 class=AGXG13GFamilyTexture
#### MTL_TEX LEASE-HIT #26 key=256x256-pf70-bpe4-fcc1380401729 entry=0x6014443b0 surf=0x600a8bf40 tex=0x6018bcd00 retain=1 baseline=1 shapeEntries=4 pool=56MB
#### MTL_TEX MIP-NATIVE result attempt=60 tex=0x601999600 class=AGXG13GFamilyTexture
#### MTL_TEX LEASE-HIT #27 key=256x256-pf70-bpe4-fcc1380401729 entry=0x601823780 surf=0x600a884a0 tex=0x6018bd700 retain=1 baseline=1 shapeEntries=4 pool=56MB
#### MTL_TEX MIP-NATIVE result attempt=61 tex=0x601999b00 class=AGXG13GFamilyTexture
#### MTL_TEX MIP-NATIVE result attempt=62 tex=0x60199a500 class=AGXG13GFamilyTexture
#### MTL_TEX MIP-NATIVE result attempt=63 tex=0x60199af00 class=AGXG13GFamilyTexture
#### MTL_TEX MIP-NATIVE result attempt=64 tex=0x60199b900 class=AGXG13GFamilyTexture
#### MTL_TEX MIP-NATIVE result attempt=65 tex=0x60199c300 class=AGXG13GFamilyTexture
#### MTL_TEX MIP-NATIVE result attempt=66 tex=0x60199cd00 class=AGXG13GFamilyTexture
#### MTL_TEX MIP-NATIVE result attempt=67 tex=0x60199d700 class=AGXG13GFamilyTexture
#### AGXIOC Scalar sel=0x10->0xe inCnt=1 -> 0x0
#### MTL_TEX MIP-NATIVE result attempt=68 tex=0x60199e100 class=AGXG13GFamilyTexture
#### MTL_TEX MIP-NATIVE result attempt=69 tex=0x60199eb00 class=AGXG13GFamilyTexture
#### MTL_TEX MIP-NATIVE result attempt=70 tex=0x60199f500 class=AGXG13GFamilyTexture
#### MTL_TEX MIP-NATIVE result attempt=71 tex=0x6019d0000 class=AGXG13GFamilyTexture
#### MTL_TEX MIP-NATIVE result attempt=72 tex=0x6019d0a00 class=AGXG13GFamilyTexture
#### MTL_TEX LEASE-HIT #28 key=128x128-pf70-bpe4-fcc1380401729 entry=0x601825520 surf=0x600a8fde0 tex=0x601991680 retain=1 baseline=1 shapeEntries=2 pool=59MB
#### MTL_TEX MIP-NATIVE result attempt=73 tex=0x6019d0f00 class=AGXG13GFamilyTexture
#### MTL_TEX LEASE-HIT #29 key=128x128-pf70-bpe4-fcc1380401729 entry=0x601825520 surf=0x600a8fde0 tex=0x601991680 retain=1 baseline=1 shapeEntries=2 pool=59MB
#### MTL_TEX MIP-NATIVE result attempt=74 tex=0x601997800 class=AGXG13GFamilyTexture
#### MTL_TEX LEASE-HIT #30 key=256x256-pf70-bpe4-fcc1380401729 entry=0x601824740 surf=0x600a8fec0 tex=0x6018bb900 retain=1 baseline=1 shapeEntries=6 pool=59MB
#### MTL_TEX MIP-NATIVE result attempt=75 tex=0x6019d2300 class=AGXG13GFamilyTexture
#### MTL_TEX LEASE-HIT #31 key=256x256-pf70-bpe4-fcc1380401729 entry=0x6014440b0 surf=0x600a8dda0 tex=0x6018bc300 retain=1 baseline=1 shapeEntries=6 pool=59MB
#### MTL_TEX MIP-NATIVE result attempt=76 tex=0x6019d1b80 class=AGXG13GFamilyTexture
#### MTL_TEX LEASE-HIT #32 key=256x256-pf70-bpe4-fcc1380401729 entry=0x6014443b0 surf=0x600a8bf40 tex=0x6018bcd00 retain=1 baseline=1 shapeEntries=6 pool=59MB
#### MTL_TEX MIP-NATIVE result attempt=77 tex=0x6019d1680 class=AGXG13GFamilyTexture
#### MTL_TEX LEASE-HIT #33 key=256x256-pf70-bpe4-fcc1380401729 entry=0x601823780 surf=0x600a884a0 tex=0x6018bd700 retain=1 baseline=1 shapeEntries=6 pool=59MB
#### MTL_TEX MIP-NATIVE result attempt=78 tex=0x6019d2800 class=AGXG13GFamilyTexture
#### MTL_TEX LEASE-HIT #34 key=256x256-pf70-bpe4-fcc1380401729 entry=0x60144c540 surf=0x601860820 tex=0x60199a280 retain=1 baseline=1 shapeEntries=6 pool=59MB
#### MTL_TEX MIP-NATIVE result attempt=79 tex=0x6019d2d00 class=AGXG13GFamilyTexture
#### MTL_TEX LEASE-HIT #35 key=256x256-pf70-bpe4-fcc1380401729 entry=0x60144c9f0 surf=0x601860880 tex=0x60199ac80 retain=1 baseline=1 shapeEntries=6 pool=59MB
#### MTL_TEX MIP-NATIVE result attempt=80 tex=0x6019d3200 class=AGXG13GFamilyTexture
#### MTL_TEX MIP-NATIVE result attempt=81 tex=0x6019d3c00 class=AGXG13GFamilyTexture
#### MTL_TEX MIP-NATIVE result attempt=82 tex=0x6019d4600 class=AGXG13GFamilyTexture
#### MTL_TEX MIP-NATIVE result attempt=83 tex=0x6019d5000 class=AGXG13GFamilyTexture
#### MTL_TEX MIP-NATIVE result attempt=84 tex=0x6019d5a00 class=AGXG13GFamilyTexture
#### MTL_TEX MIP-NATIVE result attempt=85 tex=0x6019d6400 class=AGXG13GFamilyTexture
#### AGX_LIFE DESTROY id=0x288 type=0 surf=0 bytes=0x10000 kr=0 okC=911 failC=0 okD=250 failD=0 unmatchedD=1 full=0 live=661/303MB [t0=435/148MB t80=3/0MB t82=223/154MB]
[91m[main 2026-07-29T21:21:39.396Z][0m [AgentHost:stderr] #### JIT-MPROTECT flip #2048 ranges=1 prot=RX writers=1 exec_waits=586 late_retries=21

#### JIT-MPROTECT flip #20480 ranges=1 prot=RX writers=1 exec_waits=6269 late_retries=172
[91m[main 2026-07-29T21:21:39.898Z][0m [AgentHost:stderr] #### JIT-MPROTECT flip #3072 ranges=1 prot=RX writers=1 exec_waits=789 late_retries=42

#### JIT-MPROTECT flip #21504 ranges=1 prot=RX writers=1 exec_waits=6540 late_retries=178
#### JIT-MPROTECT flip #8192 ranges=1 prot=RX writers=1 exec_waits=2667 late_retries=53
[91m[main 2026-07-29T21:21:40.296Z][0m [AgentHost:stderr] #### JIT-MPROTECT flip #4096 ranges=1 prot=RX writers=1 exec_waits=1031 late_retries=54

#### MTL_TEX LEASE-HIT #36 key=960x192-pf80-bpe4-fcc1111970369 entry=0x600cc8ca0 surf=0x60003b380 tex=0x60125e880 retain=1 baseline=1 shapeEntries=1 pool=59MB
#### JIT-MPROTECT flip #22528 ranges=1 prot=RX writers=1 exec_waits=6821 late_retries=193
[68543:0729/142140.907735:ERROR:components/os_crypt/common/keychain_password_mac.mm:148] Keychain lookup failed: Error Domain=NSOSStatusErrorDomain Code=-50 "paramErr: error in user parameter list" (-50)
[91m[main 2026-07-29T21:21:41.112Z][0m [AgentHost:stderr] #### JIT-MPROTECT flip #5120 ranges=1 prot=RX writers=1 exec_waits=1243 late_retries=62
(node:68585) [DEP0169] DeprecationWarning: `url.parse()` behavior is not standardized and prone to errors that have security implications. Use the WHATWG URL API instead. CVEs are not issued for `url.parse()` vulnerabilities.
(Use `Code Helper --trace-deprecation ...` to show where the warning was created)

Unknown channel: agentHostClientByokLm
#### JIT-MPROTECT flip #23552 ranges=1 prot=RX writers=1 exec_waits=7102 late_retries=197
Unknown channel: agentHostClientProxy
#### JIT-MPROTECT flip #24576 ranges=1 prot=RX writers=1 exec_waits=7354 late_retries=213
[91m[main 2026-07-29T21:21:42.484Z][0m [AgentHost:stderr] [CLI subprocess] #### MACWS_HID_BYPASS installed SetMatchingMultiple → no-op (1) at 0x1951f9e8c — skips iOS-format CFBinaryPlist parse inside
[CLI subprocess] ####   IOHIDEventSystemClientCacheMatchingServices → IOHIDUnserializeAndVMDealloc → CFPropertyListCreateFromStream
[CLI subprocess] ####   that BUS_ADRALNs in the IOMFBServer thread.
[CLI subprocess] #### MACWS_AGX_RENAMER_PATCH: off (set MACWS_AGX_RENAMER_PATCH=1 to enable)
[CLI subprocess] #### MACWS_ASSERT_BYPASS DISABLED (set MACWS_KEEP_ASSERT_BYPASS=1 to restore lazy bypass) — real __assert_rtn now reaches abort

[91m[main 2026-07-29T21:21:42.485Z][0m [AgentHost:stderr] [CLI subprocess] #### MACWS_AGX_NATIVE [ctor] pre-loaded IOGPU via /System/Library/PrivateFrameworks/IOGPU.framework/IOGPU -> 0x3a62a4c10

[91m[main 2026-07-29T21:21:42.486Z][0m [AgentHost:stderr] [CLI subprocess] #### XPC_BOOTSTRAP: fn=0x191db1140 dict=0x12c804e10 (registering Metal/ViewBridge/HIServices)

[91m[main 2026-07-29T21:21:42.487Z][0m [AgentHost:stderr] [CLI subprocess] #### XPC_BOOTSTRAP: called OK

[91m[main 2026-07-29T21:21:42.487Z][0m [AgentHost:stderr] [CLI subprocess] #### COEXIST API SwapEnd hook installed target=0x19cc8f1cc trampoline=0x1010dc000

[91m[main 2026-07-29T21:21:42.495Z][0m [AgentHost:stderr] [CLI subprocess] #### SkyLight PrepareForUse tolerate-nil hook installed at 0x197070fc4

[91m[main 2026-07-29T21:21:42.495Z][0m [AgentHost:stderr] [CLI subprocess] #### SkyLight StartCompositeForDisplayStream nil-skip hook installed at 0x196e99d74

[91m[main 2026-07-29T21:21:42.497Z][0m [AgentHost:stderr] [CLI subprocess] #### SkyLight StartComposite(WSCD) tolerate-nil + pop-on-bail hook installed at 0x196e99358

[91m[main 2026-07-29T21:21:42.498Z][0m [AgentHost:stderr] [CLI subprocess] #### SkyLight StartComposite(MTLTex) pop-on-bail hook installed at 0x196e99fb8

[91m[main 2026-07-29T21:21:42.499Z][0m [AgentHost:stderr] [CLI subprocess] #### SkyLight EndCurrentComposite(bool) completion hook installed at 0x196e9853c

[91m[main 2026-07-29T21:21:42.501Z][0m [AgentHost:stderr] [CLI subprocess] #### SkyLight EndUpdate(bool) submission hook installed at 0x196e980b0

[91m[main 2026-07-29T21:21:42.502Z][0m [AgentHost:stderr] [CLI subprocess] #### SkyLight _state_stack pop_back resolved at 0x196e96fa0

[91m[main 2026-07-29T21:21:42.503Z][0m [AgentHost:stderr] [CLI subprocess] #### SkyLight WSCompositeDestinationCreateWithMetalTexture nil-tolerate hook installed at 0x196e9c53c

[91m[main 2026-07-29T21:21:42.504Z][0m [AgentHost:stderr] [CLI subprocess] #### SkyLight MetalContext::StopCapture invalid-this guard installed at 0x196e981bc

[91m[main 2026-07-29T21:21:42.505Z][0m [AgentHost:stderr] [CLI subprocess] #### MACWS_AGX_NATIVE class_addMethod(MTLTextureDescriptor, validateWithDevice:) = 1

[91m[main 2026-07-29T21:21:42.506Z][0m [AgentHost:stderr] [CLI subprocess] #### MACWS_AGX_NATIVE class_addMethod(IOGPUMetalTexture, isMemoryless) = 1
[CLI subprocess] #### MACWS_AGX_NATIVE class_addMethod(IOGPUMetalTexture, getCPUSizeBytes) = 1
[CLI subprocess] #### MACWS_AGX_NATIVE class_addMethod(IOGPUMetalTexture, getAlignment) = 1
[CLI subprocess] #### MACWS_AGX_NATIVE class_addMethod(IOGPUMetalTexture, descriptorPrivate) = 1
[CLI subprocess] #### MACWS_AGX_NATIVE class_addMethod(IOGPUMetalTexture, getBytesPerRow) = 1
[CLI subprocess] #### MACWS_AGX_NATIVE class_addMethod(IOGPUMetalTexture, updateBindDataWithAddresses:gpuVirtualAddress:) = 1
[CLI subprocess] #### MACWS_AGX_NATIVE class_addMethod(IOGPUMetalTexture, updateBindDataWithAddresses:gpuVirtualAddress:shouldInitMetadata:) = 1
[CLI subprocess] #### MACWS_AGX_NATIVE class_addMethod(IOGPUMetalTexture, allocBufferSubDataWithLength:options:alignment:heapIndex:bufferIndex:bufferOffset:) = 1
[CLI subprocess] #### MACWS_AGX_NATIVE class_addMethod(IOGPUMetalTexture, initNewTextureData:) = 1
[CLI subprocess] #### MACWS_AGX_NATIVE class_addMethod(MTLTextureDescriptor, isMemoryless) = 1
[CLI subprocess] #### MACWS_AGX_NATIVE class_addMethod(MTLTextureDescriptor, protectionOptions) = 1
[CLI subprocess] #### MACWS_AGX_NATIVE class_addMethod(MTLTextureDescriptor, getCPUSizeBytes) = 1
[CLI subprocess] #### MACWS_AGX_NATIVE class_addMethod(MTLTextureDescriptor, getAlignment) = 1
[CLI subprocess] #### MACWS_AGX_NATIVE class_addMethod(MTLTextureDescriptor, descriptorPrivate) = 1
[CLI subprocess] #### MACWS_AGX_NATIVE class_addMethod(MTLTextureDescriptor, getBytesPerRow) = 1
[CLI subprocess] #### MACWS_AGX_NATIVE class_addMethod(MTLTextureDescriptor, updateBindDataWithAddresses:gpuVirtualAddress:) = 1
[CLI subprocess] #### MACWS_AGX_NATIVE class_addMethod(MTLTextureDescriptor, updateBindDataWithAddresses:gpuVirtualAddress:shouldInitMetadata:) = 1
[CLI subprocess] #### MACWS_AGX_NATIVE class_addMethod(MTLTextureDescriptor, allocBufferSubDataWithLength:options:alignment:heapIndex:bufferIndex:bufferOffset:) = 1
[CLI subprocess] #### MACWS_AGX_NATIVE class_addMethod(MTLTextureDescriptor, initNewTextureData:) = 1

[91m[main 2026-07-29T21:21:42.845Z][0m [AgentHost:stderr] [CLI subprocess] #
[CLI subprocess] # Fatal error
[CLI subprocess] # Oilpan: Out of memory (Oilpan: CagedHeap reservation.)
[CLI subprocess] #
[CLI subprocess] #
[CLI subprocess] #
[CLI subprocess] #FailureMessage Object: 0x16ee3ed58

#### JIT-MPROTECT flip #25600 ranges=1 prot=RX writers=1 exec_waits=7671 late_retries=221
#### AGX_SUBMIT_DIAG #393 TEMP-KCMD-TRAILING-WRAPPER-FIX match=128 subtype1=0..0x840->0..0x820 wrappers=1 range=0x840..0x858->0x820..0x838
#### MACWS_HID_BYPASS installed SetMatchingMultiple → no-op (1) at 0x1951f9e8c — skips iOS-format CFBinaryPlist parse inside
####   IOHIDEventSystemClientCacheMatchingServices → IOHIDUnserializeAndVMDealloc → CFPropertyListCreateFromStream
####   that BUS_ADRALNs in the IOMFBServer thread.
#### MACWS_AGX_RENAMER_PATCH: off (set MACWS_AGX_RENAMER_PATCH=1 to enable)
#### MACWS_ASSERT_BYPASS DISABLED (set MACWS_KEEP_ASSERT_BYPASS=1 to restore lazy bypass) — real __assert_rtn now reaches abort
#### MACWS_AGX_NATIVE [ctor] pre-loaded IOGPU via /System/Library/PrivateFrameworks/IOGPU.framework/IOGPU -> 0x3a62a4c10
#### XPC_BOOTSTRAP: fn=0x191db1140 dict=0x14581a300 (registering Metal/ViewBridge/HIServices)
#### XPC_BOOTSTRAP: called OK
#### COEXIST API SwapEnd hook installed target=0x19cc8f1cc trampoline=0x1004c0000
#### SkyLight PrepareForUse tolerate-nil hook installed at 0x197070fc4
#### SkyLight StartCompositeForDisplayStream nil-skip hook installed at 0x196e99d74
#### SkyLight StartComposite(WSCD) tolerate-nil + pop-on-bail hook installed at 0x196e99358
#### SkyLight StartComposite(MTLTex) pop-on-bail hook installed at 0x196e99fb8
#### SkyLight EndCurrentComposite(bool) completion hook installed at 0x196e9853c
#### SkyLight EndUpdate(bool) submission hook installed at 0x196e980b0
#### SkyLight _state_stack pop_back resolved at 0x196e96fa0
#### SkyLight WSCompositeDestinationCreateWithMetalTexture nil-tolerate hook installed at 0x196e9c53c
#### SkyLight MetalContext::StopCapture invalid-this guard installed at 0x196e981bc
#### MACWS_AGX_NATIVE class_addMethod(MTLTextureDescriptor, validateWithDevice:) = 1
#### MACWS_AGX_NATIVE class_addMethod(IOGPUMetalTexture, isMemoryless) = 1
#### MACWS_AGX_NATIVE class_addMethod(IOGPUMetalTexture, getCPUSizeBytes) = 1
#### MACWS_AGX_NATIVE class_addMethod(IOGPUMetalTexture, getAlignment) = 1
#### MACWS_AGX_NATIVE class_addMethod(IOGPUMetalTexture, descriptorPrivate) = 1
#### MACWS_AGX_NATIVE class_addMethod(IOGPUMetalTexture, getBytesPerRow) = 1
#### MACWS_AGX_NATIVE class_addMethod(IOGPUMetalTexture, updateBindDataWithAddresses:gpuVirtualAddress:) = 1
#### MACWS_AGX_NATIVE class_addMethod(IOGPUMetalTexture, updateBindDataWithAddresses:gpuVirtualAddress:shouldInitMetadata:) = 1
#### MACWS_AGX_NATIVE class_addMethod(IOGPUMetalTexture, allocBufferSubDataWithLength:options:alignment:heapIndex:bufferIndex:bufferOffset:) = 1
#### MACWS_AGX_NATIVE class_addMethod(IOGPUMetalTexture, initNewTextureData:) = 1
#### MACWS_AGX_NATIVE class_addMethod(MTLTextureDescriptor, isMemoryless) = 1
#### MACWS_AGX_NATIVE class_addMethod(MTLTextureDescriptor, protectionOptions) = 1
#### MACWS_AGX_NATIVE class_addMethod(MTLTextureDescriptor, getCPUSizeBytes) = 1
#### MACWS_AGX_NATIVE class_addMethod(MTLTextureDescriptor, getAlignment) = 1
#### MACWS_AGX_NATIVE class_addMethod(MTLTextureDescriptor, descriptorPrivate) = 1
#### MACWS_AGX_NATIVE class_addMethod(MTLTextureDescriptor, getBytesPerRow) = 1
#### MACWS_AGX_NATIVE class_addMethod(MTLTextureDescriptor, updateBindDataWithAddresses:gpuVirtualAddress:) = 1
#### MACWS_AGX_NATIVE class_addMethod(MTLTextureDescriptor, updateBindDataWithAddresses:gpuVirtualAddress:shouldInitMetadata:) = 1
#### MACWS_AGX_NATIVE class_addMethod(MTLTextureDescriptor, allocBufferSubDataWithLength:options:alignment:heapIndex:bufferIndex:bufferOffset:) = 1
#### MACWS_AGX_NATIVE class_addMethod(MTLTextureDescriptor, initNewTextureData:) = 1
#### AMFI-POLICY-COMPAT policy=AMFI op=0x60 status=0x4 (iOS task ports are hard-immovable)
#### CSR-POLICY-COMPAT active_config=0x0 (conservative iOS compatibility value)
#### JIT-MPROTECT flip #9216 ranges=1 prot=RX writers=1 exec_waits=2866 late_retries=62
[68637:0729/142144.939235:ERROR:base/process/process_mac.cc:53] task_policy_set TASK_CATEGORY_POLICY: (os/kern) invalid argument (4)
2026-07-29 14:21:44.947 Code Helper (Renderer)[68637:12253663] XType: Using static font registry.
#### JIT-MPROTECT range[0]=[0x280000000,0x290000000) source=MAP_JIT-EINVAL
#### JIT-MPROTECT execution barrier installed (W^X fetch-wait compatibility)
#### JIT-MPROTECT range[0]=[0x280000000,0x290000000) source=MAP_JIT-EINVAL
#### JIT-MPROTECT range[0]=[0x280000000,0x290000000) source=MAP_JIT-EINVAL
#### JIT-MPROTECT range[0]=[0x280000000,0x290000000) source=MAP_JIT-EINVAL
#### JIT-MPROTECT range[0]=[0x280000000,0x290000000) source=MAP_JIT-EINVAL
#### JIT-MPROTECT range[0]=[0x280000000,0x290000000) source=MAP_JIT-EINVAL
#### JIT-MPROTECT range[0]=[0x280000000,0x290000000) source=MAP_JIT-EINVAL
#### JIT-MPROTECT range[0]=[0x280000000,0x290000000) source=MAP_JIT-EINVAL
#### JIT-MPROTECT range[0]=[0x280000000,0x290000000) source=MAP_JIT-EINVAL
#### JIT-MPROTECT range[0]=[0x280000000,0x290000000) source=MAP_JIT-EINVAL
#### JIT-MPROTECT range[0]=[0x150000000,0x160000000) source=MAP_JIT-EINVAL
#### JIT-MPROTECT remap decline #1 dst=0x157dc0000 size=0x208000 src=0x10f8a4000 requested=0x5 -> V8 copy fallback
#### JIT-MPROTECT flip #1 ranges=1 prot=RW writers=1 exec_waits=0 late_retries=0
#### JIT-MPROTECT flip #2 ranges=1 prot=RX writers=1 exec_waits=0 late_retries=0
#### JIT-MPROTECT flip #3 ranges=1 prot=RW writers=1 exec_waits=0 late_retries=0
#### JIT-MPROTECT flip #4 ranges=1 prot=RX writers=1 exec_waits=0 late_retries=0
#### JIT-MPROTECT flip #5 ranges=1 prot=RW writers=1 exec_waits=0 late_retries=0
#### JIT-MPROTECT flip #6 ranges=1 prot=RX writers=1 exec_waits=0 late_retries=0
#### JIT-MPROTECT flip #7 ranges=1 prot=RW writers=1 exec_waits=0 late_retries=0
#### JIT-MPROTECT flip #8 ranges=1 prot=RX writers=1 exec_waits=0 late_retries=0
#### JIT-MPROTECT flip #9 ranges=1 prot=RW writers=1 exec_waits=0 late_retries=1
#### JIT-MPROTECT flip #10 ranges=1 prot=RX writers=1 exec_waits=1 late_retries=1
#### JIT-MPROTECT flip #11 ranges=1 prot=RW writers=1 exec_waits=1 late_retries=1
#### JIT-MPROTECT flip #12 ranges=1 prot=RX writers=1 exec_waits=1 late_retries=1
#### JIT-MPROTECT flip #13 ranges=1 prot=RW writers=1 exec_waits=2 late_retries=1
#### JIT-MPROTECT flip #14 ranges=1 prot=RX writers=1 exec_waits=2 late_retries=1
#### JIT-MPROTECT flip #15 ranges=1 prot=RW writers=1 exec_waits=2 late_retries=1
#### JIT-MPROTECT flip #16 ranges=1 prot=RX writers=1 exec_waits=3 late_retries=1
#### JIT-MPROTECT flip #17 ranges=1 prot=RW writers=1 exec_waits=3 late_retries=1
#### JIT-MPROTECT flip #18 ranges=1 prot=RX writers=1 exec_waits=4 late_retries=1
#### JIT-MPROTECT flip #19 ranges=1 prot=RW writers=1 exec_waits=4 late_retries=1
#### JIT-MPROTECT flip #20 ranges=1 prot=RX writers=1 exec_waits=5 late_retries=1
#### JIT-MPROTECT flip #21 ranges=1 prot=RW writers=1 exec_waits=5 late_retries=1
#### JIT-MPROTECT flip #22 ranges=1 prot=RX writers=1 exec_waits=6 late_retries=1
#### JIT-MPROTECT flip #23 ranges=1 prot=RW writers=1 exec_waits=6 late_retries=1
#### JIT-MPROTECT flip #24 ranges=1 prot=RX writers=1 exec_waits=7 late_retries=1
#### JIT-MPROTECT flip #25 ranges=1 prot=RW writers=1 exec_waits=7 late_retries=1
#### JIT-MPROTECT flip #26 ranges=1 prot=RX writers=1 exec_waits=8 late_retries=1
#### JIT-MPROTECT flip #27 ranges=1 prot=RW writers=1 exec_waits=8 late_retries=1
#### JIT-MPROTECT flip #28 ranges=1 prot=RX writers=1 exec_waits=9 late_retries=1
#### JIT-MPROTECT flip #29 ranges=1 prot=RW writers=1 exec_waits=9 late_retries=1
#### JIT-MPROTECT flip #30 ranges=1 prot=RX writers=1 exec_waits=10 late_retries=1
#### JIT-MPROTECT flip #31 ranges=1 prot=RW writers=1 exec_waits=10 late_retries=1
#### JIT-MPROTECT flip #32 ranges=1 prot=RX writers=1 exec_waits=11 late_retries=1
#### MTL_TEX LEASE-HIT #37 key=64x64-pf70-bpe4-fcc1380401729 entry=0x6018259d0 surf=0x600a86580 tex=0x60199d480 retain=1 baseline=1 shapeEntries=7 pool=60MB
#### VNC-FINAL candidate #17 tex=0x600986b80 class=AGXG13GFamilyTexture tex=1024x1024 pf=80 usage=0x5 storage=0 hazard=2 surface=0x601861040 1024x1024 bpr=4096
#### MTL_TEX plain DEPTH-STENCIL: pf=260 routing to native AGX path (IOSurface backing is invalid)
#### MTL_TEX plain DEPTH-STENCIL native result: 0x60098c800 class=AGXG13GFamilyTexture
#### MTL_TEX LEASE-HIT #38 key=1x1-pf70-bpe4-fcc1380401729 entry=0x601442fd0 surf=0x600a855c0 tex=0x601535a00 retain=1 baseline=1 shapeEntries=93 pool=60MB
#### MTL_TEX LEASE-HIT #39 key=1x1-pf70-bpe4-fcc1380401729 entry=0x601443630 surf=0x600a8db60 tex=0x601537f80 retain=1 baseline=1 shapeEntries=93 pool=60MB
#### MTL_TEX LEASE-HIT #40 key=6x1-pf70-bpe4-fcc1380401729 entry=0x6014449e0 surf=0x600a8da60 tex=0x601538700 retain=1 baseline=1 shapeEntries=1 pool=60MB
#### JIT-MPROTECT flip #1024 ranges=1 prot=RX writers=1 exec_waits=274 late_retries=10
[91m[main 2026-07-29T21:21:45.277Z][0m ProxyResolver#loadSystemCertificates error 206
#### MTL_TEX LEASE-HIT #41 key=1x1-pf70-bpe4-fcc1380401729 entry=0x601444860 surf=0x600a8a8e0 tex=0x601538e80 retain=1 baseline=1 shapeEntries=93 pool=60MB
#### MTL_TEX LEASE-HIT #42 key=1x1-pf70-bpe4-fcc1380401729 entry=0x601444c80 surf=0x600a87fe0 tex=0x601539380 retain=1 baseline=1 shapeEntries=93 pool=60MB
#### MTL_TEX LEASE-HIT #43 key=1x1-pf70-bpe4-fcc1380401729 entry=0x6014431e0 surf=0x600a8d040 tex=0x6013de380 retain=1 baseline=1 shapeEntries=93 pool=60MB
#### MTL_TEX LEASE-HIT #44 key=1x1-pf70-bpe4-fcc1380401729 entry=0x601445580 surf=0x600a8d080 tex=0x6013de600 retain=1 baseline=1 shapeEntries=93 pool=60MB
#### MTL_TEX LEASE-HIT #45 key=1x1-pf70-bpe4-fcc1380401729 entry=0x601444fb0 surf=0x600a8de00 tex=0x6013dde80 retain=1 baseline=1 shapeEntries=93 pool=60MB
#### MTL_TEX LEASE-HIT #46 key=1x1-pf70-bpe4-fcc1380401729 entry=0x6014467e0 surf=0x600a8ce20 tex=0x6013dd980 retain=1 baseline=1 shapeEntries=93 pool=60MB
#### MTL_TEX LEASE-HIT #47 key=1x1-pf70-bpe4-fcc1380401729 entry=0x600ccef70 surf=0x600a88340 tex=0x6013dcf80 retain=1 baseline=1 shapeEntries=93 pool=60MB
#### MTL_TEX LEASE-HIT #48 key=1x1-pf70-bpe4-fcc1380401729 entry=0x600cc8bb0 surf=0x600a8dde0 tex=0x6013db400 retain=1 baseline=1 shapeEntries=93 pool=60MB
#### AGX_LIFE CREATE id=0x2c8 type=0 surf=0 bytes=0x8000 kr=0 okC=1000 failC=0 okD=288 failD=0 unmatchedD=1 full=0 live=712/303MB [t0=483/153MB t80=3/0MB t82=226/149MB]
#### AGX_LIFE CREATE id=0x384 type=0 surf=0 bytes=0x4000 kr=0 okC=1250 failC=0 okD=350 failD=0 unmatchedD=1 full=0 live=900/307MB [t0=671/157MB t80=3/0MB t82=226/149MB]
#### AGXIOC subres parent 0x20000 -> resourceID 0x29d, base=0x13a3aa000 span=0x20000
#### MTL_TEX MIP-NATIVE result attempt=86 tex=0x601a2b400 class=AGXG13GFamilyTexture
#### AGXIOC subres parent 0x20000 -> resourceID 0x29d, base=0x13a3aa700 span=0x20000
#### MTL_TEX MIP-NATIVE result attempt=87 tex=0x601a2b900 class=AGXG13GFamilyTexture
#### MTL_TEX MIP-NATIVE result attempt=88 tex=0x601a2be00 class=AGXG13GFamilyTexture
#### MTL_TEX MIP-NATIVE result attempt=89 tex=0x601a2c300 class=AGXG13GFamilyTexture
#### MTL_TEX MIP-NATIVE result attempt=90 tex=0x601a2c800 class=AGXG13GFamilyTexture
#### AGXIOC heap map #1000 clientID 0x5700 -> resourceID 0x3a6 size 0x5700
#### MTL_TEX MIP-NATIVE result attempt=91 tex=0x601a2cd00 class=AGXG13GFamilyTexture
#### MTL_TEX MIP-NATIVE result attempt=92 tex=0x601a2d200 class=AGXG13GFamilyTexture
#### MTL_TEX MIP-NATIVE result attempt=93 tex=0x601a2d700 class=AGXG13GFamilyTexture
#### MTL_TEX MIP-NATIVE result attempt=94 tex=0x601a2dc00 class=AGXG13GFamilyTexture
#### MTL_TEX MIP-NATIVE result attempt=95 tex=0x601a2e100 class=AGXG13GFamilyTexture
#### MTL_TEX MIP-NATIVE result attempt=96 tex=0x601a2e600 class=AGXG13GFamilyTexture
#### MTL_TEX MIP-NATIVE result attempt=97 tex=0x601a2eb00 class=AGXG13GFamilyTexture
#### MTL_TEX MIP-NATIVE result attempt=98 tex=0x601a2f000 class=AGXG13GFamilyTexture
#### MTL_TEX MIP-NATIVE result attempt=99 tex=0x601a2f500 class=AGXG13GFamilyTexture
#### MTL_TEX MIP-NATIVE result attempt=100 tex=0x601a2fa00 class=AGXG13GFamilyTexture
#### MTL_TEX MIP-NATIVE result attempt=101 tex=0x601c40000 class=AGXG13GFamilyTexture
#### MTL_TEX MIP-NATIVE result attempt=102 tex=0x601c40500 class=AGXG13GFamilyTexture
#### MTL_TEX MIP-NATIVE result attempt=103 tex=0x601c40a00 class=AGXG13GFamilyTexture
#### MTL_TEX MIP-NATIVE result attempt=104 tex=0x601c40f00 class=AGXG13GFamilyTexture
#### MTL_TEX MIP-NATIVE result attempt=105 tex=0x601c41400 class=AGXG13GFamilyTexture
#### MTL_TEX MIP-NATIVE result attempt=106 tex=0x601c41900 class=AGXG13GFamilyTexture
#### MTL_TEX MIP-NATIVE result attempt=107 tex=0x601c42300 class=AGXG13GFamilyTexture
#### MTL_TEX MIP-NATIVE result attempt=108 tex=0x601c44600 class=AGXG13GFamilyTexture
#### MTL_TEX MIP-NATIVE result attempt=109 tex=0x601c45000 class=AGXG13GFamilyTexture
#### MTL_TEX MIP-NATIVE result attempt=110 tex=0x601c45a00 class=AGXG13GFamilyTexture
#### MTL_TEX MIP-NATIVE result attempt=111 tex=0x601c45f00 class=AGXG13GFamilyTexture
#### MTL_TEX MIP-NATIVE result attempt=112 tex=0x601c46400 class=AGXG13GFamilyTexture
#### MTL_TEX MIP-NATIVE result attempt=113 tex=0x601c46900 class=AGXG13GFamilyTexture
#### MTL_TEX MIP-NATIVE result attempt=114 tex=0x601c46e00 class=AGXG13GFamilyTexture
#### MTL_TEX MIP-NATIVE result attempt=115 tex=0x601c47300 class=AGXG13GFamilyTexture
#### MTL_TEX MIP-NATIVE result attempt=116 tex=0x601c47800 class=AGXG13GFamilyTexture
#### MTL_TEX MIP-NATIVE result attempt=117 tex=0x601c47d00 class=AGXG13GFamilyTexture
#### MTL_TEX MIP-NATIVE result attempt=118 tex=0x601c48200 class=AGXG13GFamilyTexture
#### MTL_TEX MIP-NATIVE result attempt=119 tex=0x601c48700 class=AGXG13GFamilyTexture
#### MTL_TEX MIP-NATIVE result attempt=120 tex=0x601c48c00 class=AGXG13GFamilyTexture
#### MTL_TEX MIP-NATIVE result attempt=121 tex=0x601c49100 class=AGXG13GFamilyTexture
#### MTL_TEX MIP-NATIVE result attempt=122 tex=0x601c49600 class=AGXG13GFamilyTexture
#### IOGPU-ERROR-GETTER observation=1 commandBuffer=0x601b66580 class=AGXG13GFamilyCommandBuffer submitSerial=0 fixed=0 domain=MTLCommandBufferErrorDomain code=1 description=Internal Error (00000103:Internal Error)
#### IOGPU-CALLBACK-OBJECT role=getter-error object=0x601b82140 dynamicClass=NSError instanceSize=0x28
#### IOGPU-CALLBACK-CLASS role=getter-error depth=0 class=NSError ivars=4
#### IOGPU-CALLBACK-IVAR role=getter-error class=NSError offset=0x8 name=_reserved type=^v raw64=0
#### IOGPU-CALLBACK-IVAR role=getter-error class=NSError offset=0x10 name=_code type=q raw64=0x1
#### IOGPU-CALLBACK-IVAR role=getter-error class=NSError offset=0x18 name=_domain type=@"NSString" raw64=0x1ef2e4a90
#### IOGPU-CALLBACK-IVAR role=getter-error class=NSError offset=0x20 name=_userInfo type=@"NSDictionary" raw64=0x6018288b0
#### IOGPU-CALLBACK-CLASS role=getter-error depth=1 class=NSObject ivars=1
#### IOGPU-CALLBACK-IVAR role=getter-error class=NSObject offset=0 name=isa type=# raw64=0x2000001ed08c349
#### IOGPU-CALLBACK-BYTES role=getter-error base=0x601b82140 offset=0 bytes=49c308ed0100000200000000000000000100000000000000904a2eef01000000
#### IOGPU-CALLBACK-BYTES role=getter-error base=0x601b82140 offset=0x20 bytes=b088820106000000
#### IOGPU-CALLBACK-ERROR domain=MTLCommandBufferErrorDomain code=1 userInfo=0x6018288b0 userInfoClass=__NSSingleEntryDictionaryI
#### IOGPU-CALLBACK-OBJECT role=buffer-error-user-info object=0x6018288b0 dynamicClass=__NSSingleEntryDictionaryI instanceSize=0x18
#### IOGPU-CALLBACK-CLASS role=buffer-error-user-info depth=0 class=__NSSingleEntryDictionaryI ivars=2
#### IOGPU-CALLBACK-IVAR role=buffer-error-user-info class=__NSSingleEntryDictionaryI offset=0x8 name=_obj type=@ raw64=0x6011d9150
#### IOGPU-CALLBACK-IVAR role=buffer-error-user-info class=__NSSingleEntryDictionaryI offset=0x10 name=_key type=@ raw64=0x1ee058200
#### IOGPU-CALLBACK-CLASS role=buffer-error-user-info depth=1 class=NSDictionary ivars=0
#### IOGPU-CALLBACK-CLASS role=buffer-error-user-info depth=2 class=NSObject ivars=1
#### IOGPU-CALLBACK-IVAR role=buffer-error-user-info class=NSObject offset=0 name=isa type=# raw64=0x6000001ed084471
#### IOGPU-CALLBACK-BYTES role=buffer-error-user-info base=0x6018288b0 offset=0 bytes=714408ed0100000650911d0106000000008205ee01000000
#### IOGPU-CALLBACK-USERINFO count=1 limit=1
#### IOGPU-CALLBACK-USERINFO-ENTRY index=0 key=NSLocalizedDescription value=0x6011d9150 class=__NSCFString string=Internal Error (00000103:Internal Error)
#### IOGPU-CALLBACK-STORAGE role=getter-error commandBuffer=0x601b66580 class=AGXG13GFamilyCommandBuffer ivarOffset=0x250 storage=0x6015b2000
#### IOGPU-CALLBACK-BYTES role=command-storage base=0x6015b2000 offset=0 bytes=00201d0006000000000000000000000000000000000000000000000000000000
#### IOGPU-CALLBACK-BYTES role=command-storage base=0x6015b2000 offset=0x20 bytes=30b61900060000000000fb2b010000001079fc2b010000000000fd2b01000000
#### IOGPU-CALLBACK-BYTES role=command-storage base=0x6015b2000 offset=0x40 bytes=0000000000000000000000000000000000000000000000000000000000000000
#### IOGPU-CALLBACK-BYTES role=command-storage base=0x6015b2000 offset=0x60 bytes=004d19000600000000c0f52b010000000040f62b010000000000000000000000
#### IOGPU-CALLBACK-BYTES role=command-storage base=0x6015b2000 offset=0x80 bytes=0000000000000000000000000000000000000000000000000000000000000000
#### IOGPU-CALLBACK-BYTES role=command-storage base=0x6015b2000 offset=0xa0 bytes=0000000000000000000000000000000000000000000000000000000000000000
#### IOGPU-CALLBACK-BYTES role=command-storage base=0x6015b2000 offset=0xc0 bytes=0000000000000000000000000000000000000000000000000000000000000000
#### IOGPU-CALLBACK-BYTES role=command-storage base=0x6015b2000 offset=0xe0 bytes=0000000000000000000000000000000000000000000000000000000000000000
#### IOGPU-CALLBACK-BYTES role=command-storage base=0x6015b2000 offset=0x100 bytes=0000000000000000000000000000000000000000000000000000000000000000
#### IOGPU-CALLBACK-BYTES role=command-storage base=0x6015b2000 offset=0x120 bytes=0000000000000000000000000000000000000000000000000000000000000000
#### IOGPU-CALLBACK-BYTES role=command-storage base=0x6015b2000 offset=0x140 bytes=0000000000000000000000000000000000000000000000000000000000000000
#### IOGPU-CALLBACK-BYTES role=command-storage base=0x6015b2000 offset=0x160 bytes=0000000000000000000000000000000000000000000000000000000000000000
#### IOGPU-CALLBACK-BYTES role=command-storage base=0x6015b2000 offset=0x180 bytes=0000000000000000000000000000000000000000000000000000000000000000
#### IOGPU-CALLBACK-BYTES role=command-storage base=0x6015b2000 offset=0x1a0 bytes=0000000000000000000000000000000000000000000000000000000000000000
#### IOGPU-CALLBACK-BYTES role=command-storage base=0x6015b2000 offset=0x1c0 bytes=0000000000000000000000000000000000000000000000000000000000000000
#### IOGPU-CALLBACK-BYTES role=command-storage base=0x6015b2000 offset=0x1e0 bytes=0000000000000000000000000000000000000000000000000000000000000000
#### IOGPU-CALLBACK-BYTES role=command-storage base=0x6015b2000 offset=0x200 bytes=0000000000000000000000000000000000000000000000000000000000000000
#### IOGPU-CALLBACK-BYTES role=command-storage base=0x6015b2000 offset=0x220 bytes=0000000000000000000000000000000000000000000000000000000000000000
#### IOGPU-CALLBACK-BYTES role=command-storage base=0x6015b2000 offset=0x240 bytes=0000000000000000000000000000000000000000000000000030b40006000000
#### IOGPU-CALLBACK-BYTES role=command-storage base=0x6015b2000 offset=0x260 bytes=005054010600000000a03a010600000000080000000000000b00000000080000
#### IOGPU-CALLBACK-BYTES role=command-storage base=0x6015b2000 offset=0x280 bytes=1f0000000400000002000000000000001023f62b0100000000c09fd601000000
#### IOGPU-CALLBACK-BYTES role=command-storage base=0x6015b2000 offset=0x2a0 bytes=00c0b4d601000000730000001000000003000000100000000000000000000000
#### IOGPU-CALLBACK-BYTES role=command-storage base=0x6015b2000 offset=0x2c0 bytes=02000000000000005002dbae0100000000205b01060000000040430106000000
#### IOGPU-CALLBACK-BYTES role=command-storage base=0x6015b2000 offset=0x2e0 bytes=00804201060000001500000000000000200000000000000000b4540106000000
#### MTL_TEX MIP-NATIVE result attempt=123 tex=0x6013d5a00 class=AGXG13GFamilyTexture
#### AGX_FAST_RING dumped reason=iogpu-error-getter-103 commandBuffer=0x601b66580 requested=0 matched=0 entries=303 byteEntries=16 range=1..303 path=/tmp/macws_fast_submit_error_68549_1
[68549:0729/142145.620908:ERROR:ui/gl/angle_platform_impl.cc:47] mtl_command_buffer.mm:693 (onCommandBufferCompleted): Completed MTLCommandBuffer failed, and error is Internal Error (00000103:Internal Error)
#### MTL_TEX MIP-NATIVE result attempt=124 tex=0x6013d2300 class=AGXG13GFamilyTexture
#### MTL_TEX MIP-NATIVE result attempt=125 tex=0x601c49d80 class=AGXG13GFamilyTexture
#### MTL_TEX MIP-NATIVE result attempt=126 tex=0x601c4a280 class=AGXG13GFamilyTexture
#### MTL_TEX MIP-NATIVE result attempt=127 tex=0x601c4a780 class=AGXG13GFamilyTexture
#### MTL_TEX MIP-NATIVE result attempt=128 tex=0x601c4b180 class=AGXG13GFamilyTexture
#### MTL_TEX MIP-NATIVE result attempt=129 tex=0x601c4bb80 class=AGXG13GFamilyTexture
#### MTL_TEX MIP-NATIVE result attempt=130 tex=0x601c4c080 class=AGXG13GFamilyTexture
#### VNC-FINAL candidate #18 tex=0x601994380 class=AGXG13GFamilyTexture tex=1024x1024 pf=70 usage=0x7 storage=0 hazard=2 surface=0x600a8a780 1024x1024 bpr=4096
#### MTL_TEX MIP-NATIVE result attempt=131 tex=0x601c4c580 class=AGXG13GFamilyTexture
#### MTL_TEX MIP-NATIVE result attempt=132 tex=0x601c4ca80 class=AGXG13GFamilyTexture
#### VNC-FINAL candidate #19 tex=0x601995280 class=AGXG13GFamilyTexture tex=1024x1024 pf=70 usage=0x7 storage=0 hazard=2 surface=0x60003ee00 1024x1024 bpr=4096
#### MTL_TEX MIP-NATIVE result attempt=133 tex=0x601c4d200 class=AGXG13GFamilyTexture
#### VNC-FINAL candidate #20 tex=0x601995c80 class=AGXG13GFamilyTexture tex=1024x1024 pf=70 usage=0x7 storage=0 hazard=2 surface=0x60003b160 1024x1024 bpr=4096
#### MTL_TEX MIP-NATIVE result attempt=134 tex=0x601c4d700 class=AGXG13GFamilyTexture
#### VNC-FINAL candidate #21 tex=0x601996680 class=AGXG13GFamilyTexture tex=1024x1024 pf=70 usage=0x7 storage=0 hazard=2 surface=0x6018607a0 1024x1024 bpr=4096
#### MTL_TEX MIP-NATIVE result attempt=135 tex=0x601c4dc00 class=AGXG13GFamilyTexture
#### VNC-FINAL candidate #22 tex=0x601c4e380 class=AGXG13GFamilyTexture tex=1024x1024 pf=70 usage=0x7 storage=0 hazard=2 surface=0x600a82da0 1024x1024 bpr=4096
#### MTL_TEX MIP-NATIVE result attempt=136 tex=0x601c4e600 class=AGXG13GFamilyTexture
#### VNC-FINAL candidate #23 tex=0x601c4ed80 class=AGXG13GFamilyTexture tex=1024x1024 pf=70 usage=0x7 storage=0 hazard=2 surface=0x600a82d20 1024x1024 bpr=4096
#### MTL_TEX MIP-NATIVE result attempt=137 tex=0x601c4f000 class=AGXG13GFamilyTexture
#### MTL_TEX MIP-NATIVE result attempt=138 tex=0x601c4fa00 class=AGXG13GFamilyTexture
#### MTL_TEX MIP-NATIVE result attempt=139 tex=0x601c50500 class=AGXG13GFamilyTexture
#### MTL_TEX MIP-NATIVE result attempt=140 tex=0x601c50f00 class=AGXG13GFamilyTexture
#### MTL_TEX MIP-NATIVE result attempt=141 tex=0x601c51900 class=AGXG13GFamilyTexture
#### MTL_TEX MIP-NATIVE result attempt=142 tex=0x601c4cf80 class=AGXG13GFamilyTexture
#### MTL_TEX MIP-NATIVE result attempt=143 tex=0x601c52080 class=AGXG13GFamilyTexture
#### MTL_TEX MIP-NATIVE result attempt=144 tex=0x601c52580 class=AGXG13GFamilyTexture
#### MTL_TEX MIP-NATIVE result attempt=145 tex=0x601c52f80 class=AGXG13GFamilyTexture
#### MTL_TEX MIP-NATIVE result attempt=146 tex=0x601c53980 class=AGXG13GFamilyTexture
#### MTL_TEX MIP-NATIVE result attempt=147 tex=0x601c54380 class=AGXG13GFamilyTexture
#### MTL_TEX MIP-NATIVE result attempt=148 tex=0x601c54880 class=AGXG13GFamilyTexture
#### MTL_TEX MIP-NATIVE result attempt=149 tex=0x601c54d80 class=AGXG13GFamilyTexture
#### MTL_TEX MIP-NATIVE result attempt=150 tex=0x601c55280 class=AGXG13GFamilyTexture
#### MTL_TEX MIP-NATIVE result attempt=151 tex=0x601c55780 class=AGXG13GFamilyTexture
#### MTL_TEX MIP-NATIVE result attempt=152 tex=0x601c55c80 class=AGXG13GFamilyTexture
#### MTL_TEX MIP-NATIVE result attempt=153 tex=0x601c56180 class=AGXG13GFamilyTexture
#### MTL_TEX MIP-NATIVE result attempt=154 tex=0x601c56680 class=AGXG13GFamilyTexture
#### MTL_TEX MIP-NATIVE result attempt=155 tex=0x601c56b80 class=AGXG13GFamilyTexture
#### MTL_TEX MIP-NATIVE result attempt=156 tex=0x601c57580 class=AGXG13GFamilyTexture
#### MTL_TEX MIP-NATIVE result attempt=157 tex=0x601c57f80 class=AGXG13GFamilyTexture
#### MTL_TEX MIP-NATIVE result attempt=158 tex=0x601c58980 class=AGXG13GFamilyTexture
#### MTL_TEX MIP-NATIVE result attempt=159 tex=0x601c59380 class=AGXG13GFamilyTexture
#### MTL_TEX MIP-NATIVE result attempt=160 tex=0x601c59d80 class=AGXG13GFamilyTexture
#### MTL_TEX MIP-NATIVE result attempt=161 tex=0x601c5a780 class=AGXG13GFamilyTexture
#### MTL_TEX MIP-NATIVE result attempt=162 tex=0x601c5b180 class=AGXG13GFamilyTexture
#### MTL_TEX MIP-NATIVE result attempt=163 tex=0x601c5bb80 class=AGXG13GFamilyTexture
#### MTL_TEX MIP-NATIVE result attempt=164 tex=0x601c5c580 class=AGXG13GFamilyTexture
#### MTL_TEX MIP-NATIVE result attempt=165 tex=0x601c5ca80 class=AGXG13GFamilyTexture
#### MTL_TEX MIP-NATIVE result attempt=166 tex=0x601c5cf80 class=AGXG13GFamilyTexture
#### MTL_TEX MIP-NATIVE result attempt=167 tex=0x601c5d480 class=AGXG13GFamilyTexture
#### MTL_TEX MIP-NATIVE result attempt=168 tex=0x601c5d980 class=AGXG13GFamilyTexture
#### MTL_TEX MIP-NATIVE result attempt=169 tex=0x601c5de80 class=AGXG13GFamilyTexture
#### MTL_TEX MIP-NATIVE result attempt=170 tex=0x601c5e880 class=AGXG13GFamilyTexture
#### MTL_TEX MIP-NATIVE result attempt=171 tex=0x601c5f280 class=AGXG13GFamilyTexture
#### MTL_TEX MIP-NATIVE result attempt=172 tex=0x601c5fc80 class=AGXG13GFamilyTexture
#### IOGPU-ERROR-GETTER observation=2 commandBuffer=0x60107a100 class=AGXG13GFamilyCommandBuffer submitSerial=94 fixed=8 domain=MTLCommandBufferErrorDomain code=1 description=Internal Error (00000103:Internal Error)
[68549:0729/142145.972470:ERROR:ui/gl/angle_platform_impl.cc:47] mtl_command_buffer.mm:693 (onCommandBufferCompleted): Completed MTLCommandBuffer failed, and error is Internal Error (00000103:Internal Error)
#### AGX_LIFE DESTROY id=0x9e type=0x82 surf=0x130 bytes=0x12c000 kr=0 okC=1498 failC=0 okD=500 failD=0 unmatchedD=1 full=0 live=998/394MB [t0=749/259MB t80=5/0MB t82=244/134MB]
#### JIT-MPROTECT flip #10240 ranges=1 prot=RX writers=1 exec_waits=2932 late_retries=65
#### IOSURFACE-RELEASE-ABI pair #1: conn=129307 surfaceID=253 sel=1 -> 0
#### JIT-MPROTECT flip #26624 ranges=1 prot=RX writers=1 exec_waits=7751 late_retries=223
#### JIT-MPROTECT flip #27648 ranges=1 prot=RX writers=1 exec_waits=7751 late_retries=223
