[launchdchrootexec] target=/Applications/Visual Studio Code.app/Contents/MacOS/Electron arch=arm64 insert=/usr/local/lib/libmachook_arm64.dylib
getppid = 1
#### MACWS_HID_BYPASS installed SetMatchingMultiple → no-op (1) at 0x190a75e8c — skips iOS-format CFBinaryPlist parse inside
####   IOHIDEventSystemClientCacheMatchingServices → IOHIDUnserializeAndVMDealloc → CFPropertyListCreateFromStream
####   that BUS_ADRALNs in the IOMFBServer thread.
#### MACWS_AGX_RENAMER_PATCH: off (set MACWS_AGX_RENAMER_PATCH=1 to enable)
#### MACWS_ASSERT_BYPASS DISABLED (set MACWS_KEEP_ASSERT_BYPASS=1 to restore lazy bypass) — real __assert_rtn now reaches abort
#### MACWS_AGX_NATIVE [ctor] pre-loaded IOGPU via /System/Library/PrivateFrameworks/IOGPU.framework/IOGPU -> 0x3bedacc10
#### XPC_BOOTSTRAP: fn=0x18d62d140 dict=0x132706950 (registering Metal/ViewBridge/HIServices)
#### XPC_BOOTSTRAP: called OK
#### COEXIST API SwapEnd hook installed target=0x19850b1cc trampoline=0x10238c000
#### SkyLight PrepareForUse tolerate-nil hook installed at 0x1928ecfc4
#### SkyLight StartCompositeForDisplayStream nil-skip hook installed at 0x192715d74
#### SkyLight StartComposite(WSCD) tolerate-nil + pop-on-bail hook installed at 0x192715358
#### SkyLight StartComposite(MTLTex) pop-on-bail hook installed at 0x192715fb8
#### SkyLight EndCurrentComposite(bool) completion hook installed at 0x19271453c
#### SkyLight EndUpdate(bool) submission hook installed at 0x1927140b0
#### SkyLight _state_stack pop_back resolved at 0x192712fa0
#### SkyLight WSCompositeDestinationCreateWithMetalTexture nil-tolerate hook installed at 0x19271853c
#### SkyLight MetalContext::StopCapture invalid-this guard installed at 0x1927141bc
#### MACWS_AGX_NATIVE class_addMethod(MTLTextureDescriptor, validateWithDevice:) = 1
#### MACWS_AGX_NATIVE class_addMethod(IOGPUMetalTexture, isMemoryless) = 1
#### MACWS_AGX_NATIVE class_addMethod(IOGPUMetalTexture, getCPUSizeBytes) = 1
#### MACWS_AGX_NATIVE class_addMethod(IOGPUMetalTexture, getAlignment) = 1
#### MACWS_AGX_NATIVE class_addMethod(IOGPUMetalTexture, descriptorPrivate) = 1
#### MACWS_AGX_NATIVE class_addMethod(IOGPUMetalTexture, getBytesPerRow) = 1
#### MACWS_AGX_NATIVE class_addMethod(IOGPUMetalTexture, updateBindDataWithAddresses:gpuVirtualAddress:) = 1
#### MACWS_AGX_NATIVE class_addMethod(IOGPUMetalTexture, updateBindDataWithAddresses:gpuVirtualAddress:shouldInitMetadata:) = 1
#### MACWS_AGX_NATIVE class_addMethod(IOGPUMetalTexture, allocBufferSubDataWithLength:options:alignment:heapIndex:bufferIndex:bufferOffset:) = 1
#### MACWS_AGX_NATIVE class_addMethod(IOGPUMetalTexture, initNewTextureData:) = 1
#### MACWS_AGX_NATIVE class_addMethod(MTLTextureDescriptor, isMemoryless) = 1
#### MACWS_AGX_NATIVE class_addMethod(MTLTextureDescriptor, protectionOptions) = 1
#### MACWS_AGX_NATIVE class_addMethod(MTLTextureDescriptor, getCPUSizeBytes) = 1
#### MACWS_AGX_NATIVE class_addMethod(MTLTextureDescriptor, getAlignment) = 1
#### MACWS_AGX_NATIVE class_addMethod(MTLTextureDescriptor, descriptorPrivate) = 1
#### MACWS_AGX_NATIVE class_addMethod(MTLTextureDescriptor, getBytesPerRow) = 1
#### MACWS_AGX_NATIVE class_addMethod(MTLTextureDescriptor, updateBindDataWithAddresses:gpuVirtualAddress:) = 1
#### MACWS_AGX_NATIVE class_addMethod(MTLTextureDescriptor, updateBindDataWithAddresses:gpuVirtualAddress:shouldInitMetadata:) = 1
#### MACWS_AGX_NATIVE class_addMethod(MTLTextureDescriptor, allocBufferSubDataWithLength:options:alignment:heapIndex:bufferIndex:bufferOffset:) = 1
#### MACWS_AGX_NATIVE class_addMethod(MTLTextureDescriptor, initNewTextureData:) = 1
#### AMFI-POLICY-COMPAT policy=AMFI op=0x60 status=0x4 (iOS task ports are hard-immovable)
#### CSR-POLICY-COMPAT active_config=0x0 (conservative iOS compatibility value)
#### JIT-MPROTECT range[0]=[0x280000000,0x290000000) source=MAP_JIT-EINVAL
#### JIT-MPROTECT execution barrier installed (W^X fetch-wait compatibility)
#### JIT-MPROTECT range[0]=[0x280000000,0x290000000) source=MAP_JIT-EINVAL
#### JIT-MPROTECT range[0]=[0x280000000,0x290000000) source=MAP_JIT-EINVAL
#### JIT-MPROTECT range[0]=[0x280000000,0x290000000) source=MAP_JIT-EINVAL
#### JIT-MPROTECT range[0]=[0x280000000,0x290000000) source=MAP_JIT-EINVAL
#### JIT-MPROTECT range[0]=[0x280000000,0x290000000) source=MAP_JIT-EINVAL
#### JIT-MPROTECT range[0]=[0x280000000,0x290000000) source=MAP_JIT-EINVAL
#### JIT-MPROTECT range[0]=[0x280000000,0x290000000) source=MAP_JIT-EINVAL
#### JIT-MPROTECT range[0]=[0x170000000,0x180000000) source=MAP_JIT-EINVAL
#### JIT-MPROTECT remap decline #1 dst=0x177dc0000 size=0x208000 src=0x1117d8000 requested=0x5 -> V8 copy fallback
#### JIT-MPROTECT flip #1 ranges=1 prot=RX writers=0 exec_waits=0 late_retries=0
#### JIT-FAULT-WRITE restore #1 pages=130 overflow=0 write_faults=130 exec_waits=0 late_retries=0
#### JIT-FAULT-WRITE restore #2 pages=1 overflow=0 write_faults=131 exec_waits=0 late_retries=0
#### JIT-FAULT-WRITE restore #3 pages=1 overflow=0 write_faults=132 exec_waits=0 late_retries=0
#### JIT-FAULT-WRITE restore #4 pages=1 overflow=0 write_faults=133 exec_waits=0 late_retries=0
#### JIT-FAULT-WRITE restore #5 pages=1 overflow=0 write_faults=134 exec_waits=0 late_retries=0
#### JIT-FAULT-WRITE restore #6 pages=1 overflow=0 write_faults=135 exec_waits=0 late_retries=0
#### JIT-FAULT-WRITE restore #7 pages=1 overflow=0 write_faults=136 exec_waits=0 late_retries=0
#### JIT-FAULT-WRITE restore #8 pages=1 overflow=0 write_faults=137 exec_waits=0 late_retries=0
#### JIT-FAULT-WRITE restore #9 pages=1 overflow=0 write_faults=138 exec_waits=0 late_retries=0
#### JIT-FAULT-WRITE restore #10 pages=1 overflow=0 write_faults=139 exec_waits=0 late_retries=0
#### JIT-FAULT-WRITE restore #11 pages=1 overflow=0 write_faults=140 exec_waits=0 late_retries=0
#### JIT-FAULT-WRITE restore #12 pages=1 overflow=0 write_faults=141 exec_waits=0 late_retries=0
#### JIT-FAULT-WRITE restore #13 pages=1 overflow=0 write_faults=142 exec_waits=0 late_retries=0
#### JIT-FAULT-WRITE restore #14 pages=1 overflow=0 write_faults=143 exec_waits=0 late_retries=0
#### JIT-FAULT-WRITE restore #15 pages=1 overflow=0 write_faults=144 exec_waits=0 late_retries=0
#### JIT-FAULT-WRITE restore #16 pages=1 overflow=0 write_faults=145 exec_waits=0 late_retries=0
#### JIT-FAULT-WRITE restore #17 pages=1 overflow=0 write_faults=146 exec_waits=0 late_retries=0
#### JIT-FAULT-WRITE restore #18 pages=1 overflow=0 write_faults=147 exec_waits=0 late_retries=0
#### JIT-FAULT-WRITE restore #19 pages=1 overflow=0 write_faults=148 exec_waits=0 late_retries=0
#### JIT-FAULT-WRITE restore #20 pages=1 overflow=0 write_faults=149 exec_waits=0 late_retries=0
#### JIT-FAULT-WRITE restore #21 pages=1 overflow=0 write_faults=150 exec_waits=0 late_retries=0
#### JIT-FAULT-WRITE restore #22 pages=1 overflow=0 write_faults=151 exec_waits=0 late_retries=0
#### JIT-FAULT-WRITE restore #23 pages=1 overflow=0 write_faults=152 exec_waits=0 late_retries=0
#### JIT-FAULT-WRITE restore #24 pages=1 overflow=0 write_faults=153 exec_waits=0 late_retries=0
#### JIT-FAULT-WRITE restore #25 pages=1 overflow=0 write_faults=154 exec_waits=0 late_retries=0
#### JIT-FAULT-WRITE restore #26 pages=1 overflow=0 write_faults=155 exec_waits=0 late_retries=0
#### JIT-FAULT-WRITE restore #27 pages=1 overflow=0 write_faults=156 exec_waits=0 late_retries=0
#### JIT-FAULT-WRITE restore #28 pages=1 overflow=0 write_faults=157 exec_waits=0 late_retries=0
#### JIT-FAULT-WRITE restore #29 pages=1 overflow=0 write_faults=158 exec_waits=0 late_retries=0
#### JIT-FAULT-WRITE restore #30 pages=1 overflow=0 write_faults=159 exec_waits=0 late_retries=0
#### JIT-FAULT-WRITE restore #31 pages=1 overflow=0 write_faults=160 exec_waits=0 late_retries=0
#### JIT-FAULT-WRITE restore #32 pages=1 overflow=0 write_faults=161 exec_waits=0 late_retries=0
#### MACWS_HID_BYPASS installed SetMatchingMultiple → no-op (1) at 0x190a75e8c — skips iOS-format CFBinaryPlist parse inside
####   IOHIDEventSystemClientCacheMatchingServices → IOHIDUnserializeAndVMDealloc → CFPropertyListCreateFromStream
####   that BUS_ADRALNs in the IOMFBServer thread.
#### MACWS_AGX_RENAMER_PATCH: off (set MACWS_AGX_RENAMER_PATCH=1 to enable)
#### MACWS_ASSERT_BYPASS DISABLED (set MACWS_KEEP_ASSERT_BYPASS=1 to restore lazy bypass) — real __assert_rtn now reaches abort
#### MACWS_AGX_NATIVE [ctor] pre-loaded IOGPU via /System/Library/PrivateFrameworks/IOGPU.framework/IOGPU -> 0x3bedacc10
#### XPC_BOOTSTRAP: fn=0x18d62d140 dict=0x145e173c0 (registering Metal/ViewBridge/HIServices)
#### XPC_BOOTSTRAP: called OK
#### COEXIST API SwapEnd hook installed target=0x19850b1cc trampoline=0x103020000
#### SkyLight PrepareForUse tolerate-nil hook installed at 0x1928ecfc4
#### SkyLight StartCompositeForDisplayStream nil-skip hook installed at 0x192715d74
#### SkyLight StartComposite(WSCD) tolerate-nil + pop-on-bail hook installed at 0x192715358
#### SkyLight StartComposite(MTLTex) pop-on-bail hook installed at 0x192715fb8
#### SkyLight EndCurrentComposite(bool) completion hook installed at 0x19271453c
#### SkyLight EndUpdate(bool) submission hook installed at 0x1927140b0
#### SkyLight _state_stack pop_back resolved at 0x192712fa0
#### SkyLight WSCompositeDestinationCreateWithMetalTexture nil-tolerate hook installed at 0x19271853c
#### SkyLight MetalContext::StopCapture invalid-this guard installed at 0x1927141bc
#### MACWS_AGX_NATIVE class_addMethod(MTLTextureDescriptor, validateWithDevice:) = 1
#### MACWS_AGX_NATIVE class_addMethod(IOGPUMetalTexture, isMemoryless) = 1
#### MACWS_AGX_NATIVE class_addMethod(IOGPUMetalTexture, getCPUSizeBytes) = 1
#### MACWS_AGX_NATIVE class_addMethod(IOGPUMetalTexture, getAlignment) = 1
#### MACWS_AGX_NATIVE class_addMethod(IOGPUMetalTexture, descriptorPrivate) = 1
#### MACWS_AGX_NATIVE class_addMethod(IOGPUMetalTexture, getBytesPerRow) = 1
#### MACWS_AGX_NATIVE class_addMethod(IOGPUMetalTexture, updateBindDataWithAddresses:gpuVirtualAddress:) = 1
#### MACWS_AGX_NATIVE class_addMethod(IOGPUMetalTexture, updateBindDataWithAddresses:gpuVirtualAddress:shouldInitMetadata:) = 1
#### MACWS_AGX_NATIVE class_addMethod(IOGPUMetalTexture, allocBufferSubDataWithLength:options:alignment:heapIndex:bufferIndex:bufferOffset:) = 1
#### MACWS_AGX_NATIVE class_addMethod(IOGPUMetalTexture, initNewTextureData:) = 1
#### MACWS_AGX_NATIVE class_addMethod(MTLTextureDescriptor, isMemoryless) = 1
#### MACWS_AGX_NATIVE class_addMethod(MTLTextureDescriptor, protectionOptions) = 1
#### MACWS_AGX_NATIVE class_addMethod(MTLTextureDescriptor, getCPUSizeBytes) = 1
#### MACWS_AGX_NATIVE class_addMethod(MTLTextureDescriptor, getAlignment) = 1
#### MACWS_AGX_NATIVE class_addMethod(MTLTextureDescriptor, descriptorPrivate) = 1
#### MACWS_AGX_NATIVE class_addMethod(MTLTextureDescriptor, getBytesPerRow) = 1
#### MACWS_AGX_NATIVE class_addMethod(MTLTextureDescriptor, updateBindDataWithAddresses:gpuVirtualAddress:) = 1
#### MACWS_AGX_NATIVE class_addMethod(MTLTextureDescriptor, updateBindDataWithAddresses:gpuVirtualAddress:shouldInitMetadata:) = 1
#### MACWS_AGX_NATIVE class_addMethod(MTLTextureDescriptor, allocBufferSubDataWithLength:options:alignment:heapIndex:bufferIndex:bufferOffset:) = 1
#### MACWS_AGX_NATIVE class_addMethod(MTLTextureDescriptor, initNewTextureData:) = 1
[48174:0729/190118.755371:ERROR:third_party/crashpad/crashpad/util/file/file_io.cc:103] ReadExactly: expected 8, observed 0

DevTools listening on ws://127.0.0.1:9222/devtools/browser/6c59cd64-ed5a-4c84-b58d-ed54977b673b
#### tile-encoder forwards: class MTLSimRenderCommandEncoder NOT found
#### IOGPU-CALLBACK-DIAG installed queueClass=0x1e8ad08d0 method=0x0 orig=0x0 bufferClass=0x1e8ad0830 method=0x1aa6479a5 orig=0x1aa62abe8 errorMethod=0x196e83e01 errorOrig=0x196d55dcc (file-gated)
#### NSXPCSharedListener class=0x1e8e4bbd8
#### NSXPCSharedListener endpointForReply swizzle installed
#### NSXPCSharedListener connectToService swizzle installed
#### NSXPCSharedListener connectToService intercepted (graceful fail)
#### MACWS_HID_BYPASS installed SetMatchingMultiple → no-op (1) at 0x190a75e8c — skips iOS-format CFBinaryPlist parse inside
####   IOHIDEventSystemClientCacheMatchingServices → IOHIDUnserializeAndVMDealloc → CFPropertyListCreateFromStream
####   that BUS_ADRALNs in the IOMFBServer thread.
#### MACWS_AGX_RENAMER_PATCH: off (set MACWS_AGX_RENAMER_PATCH=1 to enable)
#### MACWS_HID_BYPASS installed SetMatchingMultiple → no-op (1) at 0x190a75e8c — skips iOS-format CFBinaryPlist parse inside
####   IOHIDEventSystemClientCacheMatchingServices → IOHIDUnserializeAndVMDealloc → CFPropertyListCreateFromStream
####   that BUS_ADRALNs in the IOMFBServer thread.
#### MACWS_AGX_RENAMER_PATCH: off (set MACWS_AGX_RENAMER_PATCH=1 to enable)
#### MACWS_ASSERT_BYPASS DISABLED (set MACWS_KEEP_ASSERT_BYPASS=1 to restore lazy bypass) — real __assert_rtn now reaches abort
#### MACWS_ASSERT_BYPASS DISABLED (set MACWS_KEEP_ASSERT_BYPASS=1 to restore lazy bypass) — real __assert_rtn now reaches abort
#### MACWS_AGX_NATIVE [ctor] pre-loaded IOGPU via /System/Library/PrivateFrameworks/IOGPU.framework/IOGPU -> 0x3bedacc10
#### MACWS_AGX_NATIVE [ctor] pre-loaded IOGPU via /System/Library/PrivateFrameworks/IOGPU.framework/IOGPU -> 0x3bedacc10
#### XPC_BOOTSTRAP: fn=0x18d62d140 dict=0x12b706930 (registering Metal/ViewBridge/HIServices)
#### XPC_BOOTSTRAP: fn=0x18d62d140 dict=0x144706930 (registering Metal/ViewBridge/HIServices)
#### XPC_BOOTSTRAP: called OK
#### XPC_BOOTSTRAP: called OK
#### COEXIST API SwapEnd hook installed target=0x19850b1cc trampoline=0x102350000
#### COEXIST API SwapEnd hook installed target=0x19850b1cc trampoline=0x100430000
#### SkyLight PrepareForUse tolerate-nil hook installed at 0x1928ecfc4
#### SkyLight PrepareForUse tolerate-nil hook installed at 0x1928ecfc4
#### SkyLight StartCompositeForDisplayStream nil-skip hook installed at 0x192715d74
#### SkyLight StartCompositeForDisplayStream nil-skip hook installed at 0x192715d74
#### SkyLight StartComposite(WSCD) tolerate-nil + pop-on-bail hook installed at 0x192715358
#### SkyLight StartComposite(WSCD) tolerate-nil + pop-on-bail hook installed at 0x192715358
#### SkyLight StartComposite(MTLTex) pop-on-bail hook installed at 0x192715fb8
#### SkyLight StartComposite(MTLTex) pop-on-bail hook installed at 0x192715fb8
#### SkyLight EndCurrentComposite(bool) completion hook installed at 0x19271453c
#### SkyLight EndCurrentComposite(bool) completion hook installed at 0x19271453c
#### SkyLight EndUpdate(bool) submission hook installed at 0x1927140b0
#### SkyLight EndUpdate(bool) submission hook installed at 0x1927140b0
#### SkyLight _state_stack pop_back resolved at 0x192712fa0
#### SkyLight _state_stack pop_back resolved at 0x192712fa0
#### SkyLight WSCompositeDestinationCreateWithMetalTexture nil-tolerate hook installed at 0x19271853c
#### SkyLight WSCompositeDestinationCreateWithMetalTexture nil-tolerate hook installed at 0x19271853c
#### SkyLight MetalContext::StopCapture invalid-this guard installed at 0x1927141bc
#### SkyLight MetalContext::StopCapture invalid-this guard installed at 0x1927141bc
#### MACWS_AGX_NATIVE class_addMethod(MTLTextureDescriptor, validateWithDevice:) = 1
#### MACWS_AGX_NATIVE class_addMethod(MTLTextureDescriptor, validateWithDevice:) = 1
#### MACWS_AGX_NATIVE class_addMethod(IOGPUMetalTexture, isMemoryless) = 1
#### MACWS_AGX_NATIVE class_addMethod(IOGPUMetalTexture, getCPUSizeBytes) = 1
#### MACWS_AGX_NATIVE class_addMethod(IOGPUMetalTexture, isMemoryless) = 1
#### MACWS_AGX_NATIVE class_addMethod(IOGPUMetalTexture, getAlignment) = 1
#### MACWS_AGX_NATIVE class_addMethod(IOGPUMetalTexture, getCPUSizeBytes) = 1
#### MACWS_AGX_NATIVE class_addMethod(IOGPUMetalTexture, descriptorPrivate) = 1
#### MACWS_AGX_NATIVE class_addMethod(IOGPUMetalTexture, getAlignment) = 1
#### MACWS_AGX_NATIVE class_addMethod(IOGPUMetalTexture, getBytesPerRow) = 1
#### MACWS_AGX_NATIVE class_addMethod(IOGPUMetalTexture, descriptorPrivate) = 1
#### MACWS_AGX_NATIVE class_addMethod(IOGPUMetalTexture, updateBindDataWithAddresses:gpuVirtualAddress:) = 1
#### MACWS_AGX_NATIVE class_addMethod(IOGPUMetalTexture, getBytesPerRow) = 1
#### MACWS_AGX_NATIVE class_addMethod(IOGPUMetalTexture, updateBindDataWithAddresses:gpuVirtualAddress:shouldInitMetadata:) = 1
#### MACWS_AGX_NATIVE class_addMethod(IOGPUMetalTexture, updateBindDataWithAddresses:gpuVirtualAddress:) = 1
#### MACWS_AGX_NATIVE class_addMethod(IOGPUMetalTexture, allocBufferSubDataWithLength:options:alignment:heapIndex:bufferIndex:bufferOffset:) = 1
#### MACWS_AGX_NATIVE class_addMethod(IOGPUMetalTexture, updateBindDataWithAddresses:gpuVirtualAddress:shouldInitMetadata:) = 1
#### MACWS_AGX_NATIVE class_addMethod(IOGPUMetalTexture, initNewTextureData:) = 1
#### MACWS_AGX_NATIVE class_addMethod(IOGPUMetalTexture, allocBufferSubDataWithLength:options:alignment:heapIndex:bufferIndex:bufferOffset:) = 1
#### MACWS_AGX_NATIVE class_addMethod(IOGPUMetalTexture, initNewTextureData:) = 1
#### MACWS_AGX_NATIVE class_addMethod(MTLTextureDescriptor, isMemoryless) = 1
#### MACWS_AGX_NATIVE class_addMethod(MTLTextureDescriptor, protectionOptions) = 1
#### MACWS_AGX_NATIVE class_addMethod(MTLTextureDescriptor, getCPUSizeBytes) = 1
#### MACWS_AGX_NATIVE class_addMethod(MTLTextureDescriptor, isMemoryless) = 1
#### MACWS_AGX_NATIVE class_addMethod(MTLTextureDescriptor, getAlignment) = 1
#### MACWS_AGX_NATIVE class_addMethod(MTLTextureDescriptor, protectionOptions) = 1
#### MACWS_AGX_NATIVE class_addMethod(MTLTextureDescriptor, descriptorPrivate) = 1
#### MACWS_AGX_NATIVE class_addMethod(MTLTextureDescriptor, getCPUSizeBytes) = 1
#### MACWS_AGX_NATIVE class_addMethod(MTLTextureDescriptor, getBytesPerRow) = 1
#### MACWS_AGX_NATIVE class_addMethod(MTLTextureDescriptor, getAlignment) = 1
#### MACWS_AGX_NATIVE class_addMethod(MTLTextureDescriptor, updateBindDataWithAddresses:gpuVirtualAddress:) = 1
#### MACWS_AGX_NATIVE class_addMethod(MTLTextureDescriptor, descriptorPrivate) = 1
#### MACWS_AGX_NATIVE class_addMethod(MTLTextureDescriptor, updateBindDataWithAddresses:gpuVirtualAddress:shouldInitMetadata:) = 1
#### MACWS_AGX_NATIVE class_addMethod(MTLTextureDescriptor, getBytesPerRow) = 1
#### MACWS_AGX_NATIVE class_addMethod(MTLTextureDescriptor, allocBufferSubDataWithLength:options:alignment:heapIndex:bufferIndex:bufferOffset:) = 1
#### MACWS_AGX_NATIVE class_addMethod(MTLTextureDescriptor, updateBindDataWithAddresses:gpuVirtualAddress:) = 1
#### MACWS_AGX_NATIVE class_addMethod(MTLTextureDescriptor, initNewTextureData:) = 1
#### MACWS_AGX_NATIVE class_addMethod(MTLTextureDescriptor, updateBindDataWithAddresses:gpuVirtualAddress:shouldInitMetadata:) = 1
#### MACWS_AGX_NATIVE class_addMethod(MTLTextureDescriptor, allocBufferSubDataWithLength:options:alignment:heapIndex:bufferIndex:bufferOffset:) = 1
#### MACWS_AGX_NATIVE class_addMethod(MTLTextureDescriptor, initNewTextureData:) = 1
2026-07-29 19:01:18.899 Electron[48174:12770627] id createVolumeObserverSubsystem(NSWorkspaceNotificationCenter *): Failed to create volume observer.
2026-07-29 19:01:18.899 Electron[48174:12770627] id createVolumeObserverSubsystem(NSWorkspaceNotificationCenter *): Failed to create volume observer.
2026-07-29 19:01:18.899 Electron[48174:12770627] id createVolumeObserverSubsystem(NSWorkspaceNotificationCenter *): Failed to create volume observer.
[48174:0729/190118.902201:ERROR:net/cert/internal/trust_store_mac.cc:489] SecKeychainAddCallback failed: Error Domain=NSOSStatusErrorDomain Code=-50 "paramErr: error in user parameter list" (-50)
[48174:0729/190118.902255:ERROR:net/cert/internal/trust_store_mac.cc:489] SecKeychainAddCallback failed: Error Domain=NSOSStatusErrorDomain Code=-50 "paramErr: error in user parameter list" (-50)
Warning: 'remote-debugging-port' is not in the list of known options, but still passed to Electron/Chromium.
Warning: 'remote-allow-origins' is not in the list of known options, but still passed to Electron/Chromium.
Warning: 'use-angle' is not in the list of known options, but still passed to Electron/Chromium.
Warning: 'ignore-gpu-blocklist' is not in the list of known options, but still passed to Electron/Chromium.
Warning: 'disable-features' is not in the list of known options, but still passed to Electron/Chromium.
#### AMFI-POLICY-COMPAT policy=AMFI op=0x60 status=0x4 (iOS task ports are hard-immovable)
#### CSR-POLICY-COMPAT active_config=0x0 (conservative iOS compatibility value)
#### AMFI-POLICY-COMPAT policy=AMFI op=0x60 status=0x4 (iOS task ports are hard-immovable)
#### CSR-POLICY-COMPAT active_config=0x0 (conservative iOS compatibility value)
2026-07-29 19:01:18.941 Electron[48174:12770627] XType: Using static font registry.
[48199:0729/190118.946672:ERROR:base/process/process_mac.cc:53] task_policy_set TASK_CATEGORY_POLICY: (os/kern) invalid argument (4)
[48200:0729/190118.946751:ERROR:base/process/process_mac.cc:53] task_policy_set TASK_CATEGORY_POLICY: (os/kern) invalid argument (4)
#### JIT-FAULT-WRITE restore #1024 pages=1 overflow=0 write_faults=1207 exec_waits=38 late_retries=18
[90m[main 2026-07-30T02:01:18.982Z][0m StorageMainService: creating application shared storage
#### MACWS_AGX_NATIVE pre-loaded IOGPU via /System/Library/PrivateFrameworks/IOGPU.framework/IOGPU -> 0x3bedacc10
#### MACWS_AGX_NATIVE dlsym(IOGPUResourceCreate) = 0x1aa63e0a0
#### MACWS_AGX_NATIVE dlsym(IOGPUMetalCommonResourceCreate) = 0x0
#### MACWS_AGX_NATIVE dlsym(IOGPUDeviceCreateWithAPIProperty) = 0x1aa63c0fc
#### MACWS_AGX_NATIVE dlsym(_IOGPUMetalAllocateResource) = 0x0
#### MACWS_AGX_NATIVE dlsym(IOGPUMetalAllocateResource) = 0x0
#### AGX_CLASSREF_DIAG newTexture iosurface alloc class @0x227d91298 = 0x22a33a5f0 name=AGXG13GFamilyTexture
#### AGX_CLASSREF_DIAG initImpl method m=0x1f2f493ad imp=0x1f2f32284 expected stub=0x1f2f42880 real=0x1f2f32284 WHICH=AGXG13GFamilyTexture-real
#### MACWS_AGX_OBJC_AUTDA_PATCH msgSendSuper2=0x18d54de00 code=0x18d54de00 autda@0x18d54de10 insn=0xdac11a30
####   PATCHED autda x16,x17 → xpacd x16 (0xdac11a30 → 0xdac147f0)
#### MACWS_AGX_SEL_DIAG super-init SEL static=0x1cffc6f26 slid=0x1dd4aef26 readable=1
####   bytes="initWithDevice:descriptor:iosurface:plane:field:args:argsSize:"
####   sel_registerName(...) = 0x1dd4aef26 name="initWithDevice:descriptor:iosurface:plane:field:args:argsSize:"
####   objc_getClass(IOGPUMetalTexture) = 0x1e8ad0fb0
####   IOGPUMetalTexture method count = 71
####     - initNewTextureData:
####     - updateBindDataWithAddresses:gpuVirtualAddress:shouldInitMetadata:
####     - initWithBuffer:descriptor:offset:bytesPerRow:
####     - initWithBuffer:descriptor:sysMemOffset:sysMemRowBytes:vidMemSize:vidMemRowBytes:args:argsSize:
####     - initWithBuffer:descriptor:sysMemOffset:sysMemRowBytes:vidMemSize:vidMemRowBytes:args:argsSize:isStrideTexture:
####     - initWithDevice:descriptor:iosurface:plane:field:args:argsSize:
####     - initWithDevice:descriptor:sysMemSize:sysMemRowBytes:vidMemSize:vidMemRowBytes:args:argsSize:
####     - initWithDevice:remoteStorageTexture:args:argsSize:
####     - initWithHeap:resource:offset:length:device:descriptor:
####     - initWithTexture:pixelFormat:
####     - initWithTexture:pixelFormat:textureType:levels:slices:
####     - initWithTexture:pixelFormat:textureType:levels:slices:swizzle:
####     - initWithTextureInternal:pixelFormat:textureType:levels:slices:swizzle:compressedView:
####     - initWithPrimaryBuffer:heapIndex:bufferIndex:bufferOffset:length:descriptor:sysMemRowBytes:vidMemSize:vidMemRowBytes:args:argsSize:
####   AGXTexture super class = 0x0 ((nil))
####   super responds to "initWithDevice:desc:iosurface:plane:" = 0 (Method=0x0)
####   super responds to "initWithDevice:descriptor:iosurface:plane:" = 0 (Method=0x0)
####   super responds to "initWithDevice:descriptor:iosurface:plane:field:args:argsSize:" = 0 (Method=0x0)
####   super responds to "initImplWithDevice:Descriptor:iosurface:plane:buffer:bytesPerRow:allowNPOT:sparsePageSize:isCompressedIOSurface:isHeapBacked:" = 0 (Method=0x0)
#### MACWS_AGX_STUB_FIX objc_msgSendSuper2
####   stub@0x1f2f45fc0 insns=[d01cf7f1 9132a231 f9400230 d71f0a11]
####   slot@0x22ce43ca8 value=0x18d54de00 sym=objc_msgSendSuper2 base=0x18d544000 path=/usr/lib/libobjc.A.dylib
####   PATCHED → br 0x18d54de00 (movz/movk/movk/br)
####   new=[d29bc010 f2b1aa90 f2c00030 d61f0200]
#### MACWS_AGX_NATIVE objc_getClass(AGXBuffer) = 0x0
#### MACWS_AGX_NATIVE __objc_classlist: 52 entries
####   classlist[0] = 0x22a33a6b8 name=AGXBuffer registered=0x0
####   classlist[1] = 0x22a33a2f8 name=AGXG13GFamilyBinaryArchive registered=0x0
####   classlist[2] = 0x22a33a168 name=AGXG13GFamilyBlitContext registered=0x0
####   classlist[3] = 0x22a3397e0 name=AGXG13GFamilyResourceStateContext registered=0x0
####   classlist[4] = 0x22a339fd8 name=AGXG13GFamilyBuffer registered=0x0
####   classlist[5] = 0x22a339830 name=AGXG13GFamilyCommandBuffer registered=0x0
#### MACWS_AGX_NATIVE objc_duplicateClass=0x18d573cb8
#### MACWS_AGX_NATIVE imageinfo=0x224aa4a58 sz=8
#### PREREGISTER image[627] AGXMetal13_3: 52/52 realized
#### PREREGISTER image[628] GPURawCounter: 6/6 realized
#### MACWS_AGX_NATIVE register pass 0: 0 new (total 58)
#### MACWS_AGX_NATIVE realized 58/52 classes
#### MACWS_AGX_NATIVE AGXBuffer after register: 0x22a33a6b8
#### MACWS_AGX_NATIVE [AGXBuffer alloc] = 0x600211680
#### MACWS_AGX_NATIVE swizzled initUntrackedInternalBufferWithDevice:length:options:
#### MACWS_AGX_NATIVE swizzled initWithDevice:length:alignment:options:isSuballocDisabled:resourceInArgs:pinnedGPULocation:
#### MACWS_AGX_NATIVE tracing -[AGXBuffer initWithDevice:options:args:argsSize:] (nil preserved)
#### LIBOBJC dlsym(objc_constructInstance) = 0x18d55ac08
#### LIBOBJC dlsym(_dyld_objc_notify_register) = 0x18d8ef480
#### LIBOBJC dlsym(_dyld_objc_register_callbacks) = 0x18d8f1abc
#### LIBOBJC dlsym(objc_readClassPair) = 0x18d560bdc
#### LIBOBJC dlsym(objc_registerClassPair) = 0x18d551a3c
#### LIBOBJC dlsym(_objc_realizeClassFromSwift) = 0x18d560d34
#### LIBOBJC dlsym(objc_addLoadImageFunc) = 0x18d5607c8
#### LIBOBJC dlsym(_objc_init) = 0x18d546004
#### CLASS_DETAIL [0] 0x22a33a6b8 name=AGXBuffer super=0x1e8ad07e0 (IOGPUMetalBuffer) meta=0
#### CLASS_DETAIL [1] 0x22a33a2f8 name=AGXG13GFamilyBinaryArchive super=0x1e8e673b8 (_MTLBinaryArchive) meta=0
#### CLASS_DETAIL [2] 0x22a33a168 name=AGXG13GFamilyBlitContext super=0x1e8ad07b8 (IOGPUMetalBlitCommandEncoder) meta=0
#### CLASS_DETAIL [3] 0x22a3397e0 name=AGXG13GFamilyResourceStateContext super=0x1e8ad0f88 (IOGPUMetalResourceStateCommandEncoder) meta=0
#### CLASS_DETAIL [4] 0x22a339fd8 name=AGXG13GFamilyBuffer super=0x22a33a6b8 (AGXBuffer) meta=0
#### CLASS_DETAIL [5] 0x22a339830 name=AGXG13GFamilyCommandBuffer super=0x1e8ad0830 (IOGPUMetalCommandBuffer) meta=0
#### CLASS_DETAIL [6] 0x22a33a208 name=AGXG13GFamilyCommandQueue super=0x1e8ad08d0 (IOGPUMetalCommandQueue) meta=0
#### CLASS_DETAIL [7] 0x22a33a118 name=AGXG13GFamilyComputePipeline super=0x1e8e65d88 (_MTLComputePipelineState) meta=0
#### CLASS_DETAIL [8] 0x22a33a0c8 name=AGXG13GFamilyDeadlineProfile super=0x1e88e2e70 (NSObject) meta=0
#### CLASS_DETAIL [9] 0x22a3398d0 name=AGXG13GFamilyDebugContext super=0x1e8ad0970 (IOGPUMetalDebugCommandEncoder) meta=0
#### CLASS_DETAIL [10] 0x22a33a000 name=AGXG13GFamilyDepthStencilState super=0x1e8e65db0 (_MTLDepthStencilState) meta=0
#### CLASS_DETAIL [11] 0x22a33a2d0 name=AGXG13GFamilyDynamicLibrary super=0x1e8e67db8 (_MTLDynamicLibrary) meta=0
#### CLASS_DETAIL [12] 0x22a33a1b8 name=AGXG13GFamilyComputeContext super=0x1e8ad0948 (IOGPUMetalComputeCommandEncoder) meta=0
#### CLASS_DETAIL [13] 0x22a339e70 name=AGXG13GFamilyFunctionHandle super=0x1e8e679a8 (_MTLFunctionHandle) meta=0
#### CLASS_DETAIL [14] 0x22a33a2a8 name=AGXG13GFamilyHeap super=0x1e8ad0bf0 (IOGPUMetalHeap) meta=0
#### CLASS_DETAIL [15] 0x22a33a280 name=AGXG13GFamilySparseHeap super=0x1e8e68e48 (_MTLHeap) meta=0
#### MACWS_AGX_NATIVE __objc_classrefs: 105 entries, 0 null
####   class AGXBuffer = 0x22a33a6b8
####   class AGXCommandQueue = 0x0
####   class AGXCommandBuffer = 0x0
####   class AGXMetalCommandQueue = 0x0
####   class AGXMetalCommandBuffer = 0x0
####   class AGXMetalBuffer = 0x0
####   class AGXMetalTexture = 0x0
####   class AGXMetalHeap = 0x0
####   class AGXMetalResource = 0x0
####   class AGXMetalDevice = 0x0
####   class AGXMetalFence = 0x0
####   class AGXTexture = 0x22a33a708
####   class IOGPUMetalBuffer = 0x1e8ad07e0
####   class IOGPUMetalCommandBuffer = 0x1e8ad0830
####   class IOGPUMetalCommandQueue = 0x1e8ad08d0
####   class IOGPUMetalDevice = 0x1e8ad09c0
####   class IOGPUMetalHeap = 0x1e8ad0bf0
####   class IOGPUMetalResource = 0x1e8ad0ec0
####   class IOGPUMetalTexture = 0x1e8ad0fb0
####   class IOGPUMetalFence = 0x1e8ad0b50
####   class IOGPUMTLLateEvalEvent = 0x1e8f83c70
#### CLASSREF [0] @0x227d91250 -> 0x1e8e65428 name=MTLCompiler
#### CLASSREF [1] @0x227d91258 -> 0x1e89016e0 name=NSDictionary
#### CLASSREF [2] @0x227d91260 -> 0x1e8908348 name=NSError
#### CLASSREF [3] @0x227d91268 -> 0x22a33a4b0 name=AGXG13GFamilyComputeOrFragmentOrTileProgram
#### CLASSREF [4] @0x227d91270 -> 0x22a33a4d8 name=AGXG13GFamilyFragmentProgram
#### CLASSREF [5] @0x227d91278 -> 0x22a33a550 name=AGXG13GFamilyVertexProgram
#### CLASSREF [6] @0x227d91280 -> 0x1e8901848 name=NSMutableDictionary
#### CLASSREF [7] @0x227d91288 -> 0x22a33a5a0 name=AGXG13GFamilyTileProgram
#### CLASSREF [8] @0x227d91290 -> 0x22a33a578 name=AGXG13GFamilyComputeProgram
#### CLASSREF [9] @0x227d91298 -> 0x22a33a5f0 name=AGXG13GFamilyTexture
#### CLASSREF [10] @0x227d912a0 -> 0x1e8e65bd0 name=MTLTextureDescriptor
#### CLASSREF [11] @0x227d912a8 -> 0x22a33a168 name=AGXG13GFamilyBlitContext
#### CLASSREF [12] @0x227d912b0 -> 0x22a3397e0 name=AGXG13GFamilyResourceStateContext
#### CLASSREF [13] @0x227d912b8 -> 0x22a339d58 name=AGXG13GFamilyRayTracingGPUBuilder
#### CLASSREF [14] @0x227d912c0 -> 0x22a33a190 name=AGXG13GFamilyRenderContext
#### CLASSREF [15] @0x227d912c8 -> 0x22a33a1b8 name=AGXG13GFamilyComputeContext
#### CLASSREF [16] @0x227d912d0 -> 0x22a33a1e0 name=AGXG13GFamilyThreadedRenderPass
#### CLASSREF [17] @0x227d912d8 -> 0x22a339dd0 name=AGXG13GFamilySampledRenderContext
#### CLASSREF [18] @0x227d912e0 -> 0x22a339e98 name=AGXG13GFamilySampledComputeContext
#### CLASSREF [19] @0x227d912e8 -> 0x1e8901668 name=NSData
#### CLASSREF [20] @0x227d912f0 -> 0x22a339830 name=AGXG13GFamilyCommandBuffer
#### CLASSREF [21] @0x227d912f8 -> 0x1e8e681c8 name=_MTLProgramAddressTableMappedBinary
#### CLASSREF [22] @0x227d91300 -> 0x1e8e68178 name=_MTLPipelineStateBinary
#### CLASSREF [23] @0x227d91308 -> 0x1e89015a0 name=NSArray
#### MACWS_GOT AGXMetal13_3: symtab=8331 syms, strtab=461166853 bytes, indirect=555 entries
####   sect[0] __DATA_CONST,__got type=0 entries=97 indirect_start=228 auth=0
####   bind[1] _MTLCommonCounterSetTimestamp -> 0x1e15c5290 (slot=0x224aa39e0 auth=0)
####   bind[2] _MTLCommonCounterTimestamp -> 0x1e15c51a0 (slot=0x224aa39e8 auth=0)
####   bind[3] _MTLCompileTimeStatisticsKeyBackend -> 0x1e6178f60 (slot=0x224aa39f0 auth=0)
####   bind[4] _MTLCompileTimeStatisticsKeyCachedFunction -> 0x1e6178f10 (slot=0x224aa39f8 auth=0)
####   bind[5] _MTLCompileTimeStatisticsKeyCompilerTotal -> 0x1e6178f48 (slot=0x224aa3a00 auth=0)
####   bind[6] _MTLCompileTimeStatisticsKeyDriverTotal -> 0x1e6178f40 (slot=0x224aa3a08 auth=0)
####   bind[7] _MTLCompileTimeStatisticsKeyFunctionName -> 0x1e6178f08 (slot=0x224aa3a10 auth=0)
####   bind[8] _MTLCompileTimeStatisticsKeyMTLCompilerService -> 0x1e6178f20 (slot=0x224aa3a18 auth=0)
####   bind[9] _MTLCompileTimeStatisticsKeyOptimization -> 0x1e6178f58 (slot=0x224aa3a20 auth=0)
####   bind[10] _MTLCompileTimeStatisticsKeyPipelineTotal -> 0x1e6178f18 (slot=0x224aa3a28 auth=0)
####   bind[11] _MTLCompileTimeStatisticsKeyPipelinesCompute -> 0x1e6177e30 (slot=0x224aa3a30 auth=0)
####   IOGPU-CRITICAL _OBJC_IVAR_$_IOGPUMTLLateEvalEvent._eventName = 0x1e665a9d0 (slot=0x224aa3b28 auth=0)
####   IOGPU-CRITICAL _OBJC_IVAR_$_IOGPUMetalBuffer._primaryBuffer = 0x1e665a91c (slot=0x224aa3b30 auth=0)
####   IOGPU-CRITICAL _OBJC_IVAR_$_IOGPUMetalCommandQueue._commandQueue = 0x1e665a960 (slot=0x224aa3b38 auth=0)
####   IOGPU-CRITICAL _OBJC_IVAR_$_IOGPUMetalDevice._segmentByteThreshold = 0x1e665aa2c (slot=0x224aa3b40 auth=0)
####   IOGPU-CRITICAL _OBJC_IVAR_$_IOGPUMetalFence._fenceIndex = 0x1e665aaa8 (slot=0x224aa3b48 auth=0)
####   IOGPU-CRITICAL _OBJC_IVAR_$_IOGPUMetalHeap._resource = 0x1e665aac4 (slot=0x224aa3b50 auth=0)
####   IOGPU-CRITICAL _OBJC_IVAR_$_IOGPUMetalResource._res = 0x1e665aaf4 (slot=0x224aa3b58 auth=0)
####   IOGPU-CRITICAL _OBJC_IVAR_$_IOGPUMetalTexture._arrayLength = 0x1e665ab38 (slot=0x224aa3b60 auth=0)
####   IOGPU-CRITICAL _OBJC_IVAR_$_IOGPUMetalTexture._depth = 0x1e665ab34 (slot=0x224aa3b68 auth=0)
####   IOGPU-CRITICAL _OBJC_IVAR_$_IOGPUMetalTexture._height = 0x1e665ab30 (slot=0x224aa3b70 auth=0)
####   IOGPU-CRITICAL _OBJC_IVAR_$_IOGPUMetalTexture._isCompressed = 0x1e665ab54 (slot=0x224aa3b78 auth=0)
####   IOGPU-CRITICAL _OBJC_IVAR_$_IOGPUMetalTexture._mipmapLevelCount = 0x1e665ab3c (slot=0x224aa3b80 auth=0)
####   IOGPU-CRITICAL _OBJC_IVAR_$_IOGPUMetalTexture._numFaces = 0x1e665ab8c (slot=0x224aa3b88 auth=0)
####   IOGPU-CRITICAL _OBJC_IVAR_$_IOGPUMetalTexture._parentTexture = 0x1e665ab58 (slot=0x224aa3b90 auth=0)
####   IOGPU-CRITICAL _OBJC_IVAR_$_IOGPUMetalTexture._pixelFormat = 0x1e665ab28 (slot=0x224aa3b98 auth=0)
####   IOGPU-CRITICAL _OBJC_IVAR_$_IOGPUMetalTexture._sampleCount = 0x1e665ab40 (slot=0x224aa3ba0 auth=0)
####   IOGPU-CRITICAL _OBJC_IVAR_$_IOGPUMetalTexture._textureType = 0x1e665ab24 (slot=0x224aa3ba8 auth=0)
####   IOGPU-CRITICAL _OBJC_IVAR_$_IOGPUMetalTexture._width = 0x1e665ab2c (slot=0x224aa3bb0 auth=0)
####   sect[7] __AUTH_CONST,__auth_got type=0 entries=230 indirect_start=325 auth=1
####   IOGPU-CRITICAL _IOGPUCommandQueueGetConnect = 0x1aa63db88 (slot=0x22bcef448 auth=1)
####   IOGPU-CRITICAL _IOGPUCommandQueueGetID = 0x1aa63dbd0 (slot=0x22bcef450 auth=1)
####   IOGPU-CRITICAL _IOGPUDeviceGetConnect = 0x1aa63c654 (slot=0x22bcef458 auth=1)
####   IOGPU-CRITICAL _IOGPUDeviceGetNextGlobalTraceID = 0x1aa63c7f0 (slot=0x22bcef460 auth=1)
####   IOGPU-CRITICAL _IOGPUDeviceTraceEvent = 0x1aa63c8bc (slot=0x22bcef468 auth=1)
####   IOGPU-CRITICAL _IOGPUMetalCommandBufferStorageBeginKernelCommands = 0x1aa62cad8 (slot=0x22bcef470 auth=1)
####   IOGPU-CRITICAL _IOGPUMetalCommandBufferStorageEndKernelCommands = 0x1aa62cc2c (slot=0x22bcef478 auth=1)
####   IOGPU-CRITICAL _IOGPUResourceListAddResource = 0x1aa63f1c8 (slot=0x22bcef480 auth=1)
####   IOGPU-CRITICAL _IOGPUResourceListMerge = 0x1aa63f278 (slot=0x22bcef488 auth=1)
####   IOGPU-CRITICAL _IOGPUResourceListMergeLists = 0x1aa63f354 (slot=0x22bcef490 auth=1)
####   bind[131] _IOSurfaceGetAddressFormatOfPlane -> 0x100564774 (slot=0x22bcef4c8 auth=1 FORCE)
####   bind[133] _IOSurfaceGetBaseAddressOfPlane -> 0x100564654 (slot=0x22bcef4d8 auth=1 FORCE)
####   bind[135] _IOSurfaceGetBytesPerRowOfPlane -> 0x100564118 (slot=0x22bcef4e8 auth=1 FORCE)
####   bind[136] _IOSurfaceGetBytesPerTileDataOfPlane -> 0x10056420c (slot=0x22bcef4f0 auth=1 FORCE)
####   bind[141] _IOSurfaceGetCompressionTypeOfPlane -> 0x100563e30 (slot=0x22bcef518 auth=1 FORCE)
####   bind[142] _IOSurfaceGetHeightInCompressedTilesOfPlane -> 0x100563f30 (slot=0x22bcef520 auth=1 FORCE)
####   bind[145] _IOSurfaceGetWidthInCompressedTilesOfPlane -> 0x100564024 (slot=0x22bcef538 auth=1 FORCE)
####   bind[286] _objc_alloc -> 0x100563ac4 (slot=0x22bcef9c0 auth=1 FORCE)
####   IOGPU-CRITICAL _objc_autoreleasePoolPop = 0x18d550a7c (slot=0x22bcef9d8 auth=1)
####   IOGPU-CRITICAL _objc_autoreleasePoolPush = 0x18d550934 (slot=0x22bcef9e0 auth=1)
#### MACWS_GOT AGXMetal13_3: indirect_slots=327 patched=323 failed=0
#### MACWS_AGX_NATIVE __auth_got section NOT FOUND
#### MACWS_AGX_NATIVE __got: 97 entries, 0 null, 97 non-null
#### MACWS_AGX_NATIVE dlopen AGXMetal13_3 OK h=0x3bed0b950
#### MACWS_AGX_NATIVE +[NSBundle bundleWithPath:AGXMetal13_3.bundle] = 0x600123ae0 id=com.apple.AGXMetal13-3
#### MACWS_AGX_NATIVE bundle loadAndReturnError: 1 (err=nil) loaded=1
#### MACWS_AGX_NATIVE bundle pathForResource:ds.g13g = /System/Library/Extensions/AGXMetal13_3.bundle/Contents/Resources/ds.g13g
#### MACWS_AGX_NATIVE getMetalPluginClassForService: returning class AGXG13GFamilyDevice = 0x22a33a0f0
#### CBRI_HOOK: installed (orig=0x1aa62ad84)
#### MACWS-NEW-EVENT adapter installed deviceClass=AGXG13GFamilyDevice owner=IOGPUMetalDevice orig=0x1aa631ef4 added=1
#### MACWS_AGX_NATIVE class_addMethod(AGXG13GFamilyDevice, initWithAcceleratorPort:) = 1
#### MACWS_AGX_NATIVE memoryless witness installed class=AGXG13GFamilyDevice original=0x1f2c3e8a8
#### MACWS_AGX_NATIVE memoryless witness total=1 (original results preserved)
#### MACWS_AGX_NATIVE tile-pipeline probe wrapped AGXG13GFamilyDevice (orig=0x1f2c1d5e4)
#### MACWS_AGX_NATIVE tile-pipeline probe: 1 class(es) wrapped
#### MACWS_AGX_NATIVE nil-guard wrapped setFragmentTexture:atIndex: on AGXG13GFamilyRenderContext (orig=0x1f2bd09e0)
#### MACWS_AGX_NATIVE nil-guard: class AGXG13GRenderContext NOT registered
#### MACWS_AGX_NATIVE nil-guard: class AGXRenderContext NOT registered
#### MACWS_AGX_NATIVE nil-guard: class AGXG13GComputeContext NOT registered
#### MACWS_AGX_NATIVE nil-guard setFragmentTexture:atIndex:: 1 class(es) wrapped
#### MACWS_AGX_NATIVE nil-guard wrapped setVertexTexture:atIndex: on AGXG13GFamilyRenderContext (orig=0x1f2bd75e8)
#### MACWS_AGX_NATIVE nil-guard: class AGXG13GRenderContext NOT registered
#### MACWS_AGX_NATIVE nil-guard: class AGXRenderContext NOT registered
#### MACWS_AGX_NATIVE nil-guard: class AGXG13GComputeContext NOT registered
#### MACWS_AGX_NATIVE nil-guard setVertexTexture:atIndex:: 1 class(es) wrapped
#### MACWS_AGX_NATIVE swizzled AGXG13GFamilyDevice newTextureWithDescriptor:iosurface:plane:
#### MACWS_AGX_NATIVE swizzled AGXG13GFamilyDevice newTextureWithDescriptor:
#### MACWS_AGX_NATIVE swizzled -[AGXBuffer initWithDevice:bytes:length:options:deallocator:pinnedGPUAddress:]
#### MACWS_AGX_NATIVE noop'd alertCommandBufferActivityStart
#### MACWS_AGX_NATIVE noop'd alertCommandBufferActivityComplete
#### objc_alloc(AGXG13GFamilyDevice) -> 0x6001d2000
#### MACWS_AGX_NATIVE redirecting AGXG13GFamilyDevice init(port=15631) → 2-arg variant
#### debugbydcmmc IOServiceOpen agx connect=12291 type=0x100001 (requested=0x100005)
#### AGXIOC Struct sel=0x7->0x6 inSC=16 outSC=0 -> 0x1
#### AGXIOC Struct sel=0x5->0x4 inSC=0 outSC=32 -> 0x0
#### AGXIOC AsyncScalar sel=0x107->0x107 inCnt=0 -> 0x0
#### AGX_LIFE CREATE id=0x1 type=0 surf=0 bytes=0x10000 kr=0 okC=1 failC=0 okD=0 failD=0 unmatchedD=0 full=0 live=1/0MB [t0=1/0MB t80=0/0MB t82=0/0MB]
#### AGXIOC heap map #1 clientID 0x10000 -> resourceID 0x1 size 0x10000
####   ResCreate OK type=0 clientID=0 +0x30=0 +0x38=0 +0x40=0x10000 +0x58=0 OUT[+0]=0 OUT[+0x08]=0x101fec000 OUT[+0x10]=0x101cb00c0 OUT[+0x48]=0x10000
####   inStruct[0..104]:
####     00: 00 00 00 00 00 00 00 00 01 00 01 00 01 00 00 00
####     10: 01 01 00 01 30 84 00 00 00 00 00 00 00 00 00 00
####     20: 00 00 00 00 00 00 00 00 00 00 00 00 00 00 00 00
####     30: 00 00 00 00 00 00 00 00 00 00 00 00 00 00 00 00
####     40: 00 00 01 00 00 00 00 00 00 00 00 00 00 00 00 00
####     50: 00 00 00 38 00 00 00 00 00 00 00 00 00 00 00 00
####     60: 00 00 00 00 00 00 00 00
#### MACWS_AGX_NATIVE setupCompiler:0x30010 fired (Device=0x6001d2000)
#### MACWS_AGX_NATIVE memoryless witness #1 instance=0x6001d2000 class=AGXG13GFamilyDevice original=0x1f2c3e8a8 -> YES
#### objc_alloc(AGXG13GFamilyCommandQueue) -> 0x600090f00
#### AGXIOC Method sel=0x8->0x7 inCnt=0 inSC=1032 outSC=16 -> 0x0
#### AGXIOC Method sel=0x11->0xf inCnt=2 inSC=0 outSC=16 -> 0x0
#### AGXIOC Method sel=0x1d->0x19 inCnt=2 inSC=0 outSC=0 -> 0x0
#### AGXIOC Method sel=0x1f->0x1b inCnt=1 inSC=12 outSC=0 -> 0x0
#### objc_alloc(AGXBuffer) -> 0x600211f80
#### AGXIOC type0 exact initFull length: +0x58=0xc00000000 low32=0 -> +0x40=0x180
#### AGX_LIFE CREATE id=0x2 type=0 surf=0 bytes=0x4000 kr=0 okC=2 failC=0 okD=0 failD=0 unmatchedD=0 full=0 live=2/0MB [t0=2/0MB t80=0/0MB t82=0/0MB]
#### AGXIOC heap map #2 clientID 0x4000 -> resourceID 0x2 size 0x180
####   ResCreate OK type=0 clientID=0 +0x30=0x40 +0x38=0 +0x40=0x180 +0x58=0 OUT[+0]=0x1500000000 OUT[+0x08]=0x10914c000 OUT[+0x10]=0x101cb0180 OUT[+0x48]=0x4000
####   inStruct[0..104]:
####     00: 00 00 00 00 00 00 00 00 01 00 01 00 01 00 00 00
####     10: 01 01 00 01 70 04 00 00 00 00 00 00 00 00 00 00
####     20: 00 00 00 00 00 00 00 00 00 00 00 00 00 00 00 00
####     30: 40 00 00 00 00 00 00 00 00 00 00 00 00 00 00 00
####     40: 80 01 00 00 00 00 00 00 00 00 00 00 00 00 00 00
####     50: 00 00 00 00 00 00 00 00 00 00 00 00 00 00 00 00
####     60: 00 00 00 00 00 00 f0 3f
#### TRACE -[AGXBuffer initFull] self=0x600211f80 dev=0x6001d2000 len=384 align=1→64 opt=0 subDis=0→1 resIn=0x16fab5738 pin=0x0 -> 0x600211f80
#### TRACE -[AGXBuffer initUntracked] self=0x600211f80 dev=0x6001d2000 len=384 opt=0 -> 0x600211f80
#### objc_alloc(AGXBuffer) -> 0x600215d00
#### AGXIOC type0 exact initFull length: +0x58=0xc00000000 low32=0 -> +0x40=0x180
#### AGX_LIFE CREATE id=0x3 type=0 surf=0 bytes=0x4000 kr=0 okC=3 failC=0 okD=0 failD=0 unmatchedD=0 full=0 live=3/0MB [t0=3/0MB t80=0/0MB t82=0/0MB]
#### AGXIOC heap map #3 clientID 0x4000 -> resourceID 0x3 size 0x180
####   ResCreate OK type=0 clientID=0 +0x30=0x40 +0x38=0 +0x40=0x180 +0x58=0 OUT[+0]=0x1500008000 OUT[+0x08]=0x109150000 OUT[+0x10]=0x101cb0240 OUT[+0x48]=0x4000
####   inStruct[0..104]:
####     00: 00 00 00 00 00 00 00 00 01 00 01 00 01 00 00 00
####     10: 01 01 00 01 70 04 00 00 00 00 00 00 00 00 00 00
####     20: 00 00 00 00 00 00 00 00 00 00 00 00 00 00 00 00
####     30: 40 00 00 00 00 00 00 00 00 00 00 00 00 00 00 00
####     40: 80 01 00 00 00 00 00 00 00 00 00 00 00 00 00 00
####     50: 00 00 00 00 00 00 00 00 00 00 00 00 00 00 00 00
####     60: 00 00 00 00 00 00 00 00
#### TRACE -[AGXBuffer initFull] self=0x600215d00 dev=0x6001d2000 len=384 align=1→64 opt=0 subDis=0→1 resIn=0x16fab5738 pin=0x0 -> 0x600215d00
#### TRACE -[AGXBuffer initUntracked] self=0x600215d00 dev=0x6001d2000 len=384 opt=0 -> 0x600215d00
#### objc_alloc(AGXBuffer) -> 0x600215b80
#### AGXIOC type0 exact initFull length: +0x58=0xc00000000 low32=0 -> +0x40=0x40
#### AGX_LIFE CREATE id=0x4 type=0 surf=0 bytes=0x4000 kr=0 okC=4 failC=0 okD=0 failD=0 unmatchedD=0 full=0 live=4/0MB [t0=4/0MB t80=0/0MB t82=0/0MB]
#### AGXIOC heap map #4 clientID 0x4000 -> resourceID 0x4 size 0x40
####   ResCreate OK type=0 clientID=0 +0x30=0x40 +0x38=0 +0x40=0x40 +0x58=0 OUT[+0]=0x1500010000 OUT[+0x08]=0x109154000 OUT[+0x10]=0x101cb0300 OUT[+0x48]=0x4000
####   inStruct[0..104]:
####     00: 00 00 00 00 00 00 00 00 01 00 01 00 01 00 00 00
####     10: 01 01 00 01 70 04 00 00 00 00 00 00 00 00 00 00
####     20: 00 00 00 00 00 00 00 00 00 00 00 00 00 00 00 00
####     30: 40 00 00 00 00 00 00 00 00 00 00 00 00 00 00 00
####     40: 40 00 00 00 00 00 00 00 00 00 00 00 00 00 00 00
####     50: 00 00 00 00 00 00 00 00 00 00 00 00 00 00 00 00
####     60: 7c 04 79 8d 01 80 48 69
#### TRACE -[AGXBuffer initFull] self=0x600215b80 dev=0x6001d2000 len=64 align=1→64 opt=0 subDis=0→1 resIn=0x16fab5738 pin=0x0 -> 0x600215b80
#### TRACE -[AGXBuffer initUntracked] self=0x600215b80 dev=0x6001d2000 len=64 opt=0 -> 0x600215b80
#### objc_alloc(AGXBuffer) -> 0x600213c00
#### AGXIOC type0 exact initFull length: +0x58=0xc00000000 low32=0 -> +0x40=0x2000
#### AGX_LIFE CREATE id=0x5 type=0 surf=0 bytes=0x4000 kr=0 okC=5 failC=0 okD=0 failD=0 unmatchedD=0 full=0 live=5/0MB [t0=5/0MB t80=0/0MB t82=0/0MB]
#### AGXIOC heap map #5 clientID 0x4000 -> resourceID 0x5 size 0x2000
####   ResCreate OK type=0 clientID=0 +0x30=0x40 +0x38=0 +0x40=0x2000 +0x58=0 OUT[+0]=0x1500018000 OUT[+0x08]=0x109158000 OUT[+0x10]=0x101cb03c0 OUT[+0x48]=0x4000
####   inStruct[0..104]:
####     00: 00 00 00 00 00 00 00 00 01 00 01 00 01 00 00 00
####     10: 01 01 00 01 70 04 00 00 00 00 00 00 00 00 00 00
####     20: 00 00 00 00 00 00 00 00 00 00 00 00 00 00 00 00
####     30: 40 00 00 00 00 00 00 00 00 00 00 00 00 00 00 00
####     40: 00 20 00 00 00 00 00 00 00 00 00 00 00 00 00 00
####     50: 00 00 00 00 00 00 00 00 00 00 00 00 00 00 00 00
####     60: 7c 04 79 8d 01 80 4d 33
#### TRACE -[AGXBuffer initFull] self=0x600213c00 dev=0x6001d2000 len=8192 align=1→64 opt=0 subDis=0→1 resIn=0x16fab5788 pin=0x0 -> 0x600213c00
#### TRACE -[AGXBuffer initUntracked] self=0x600213c00 dev=0x6001d2000 len=8192 opt=0 -> 0x600213c00
#### AGXIOC type0 exact initFull length: +0x58=0xc00000000 low32=0 -> +0x40=0x80
#### AGX_LIFE CREATE id=0x6 type=0 surf=0 bytes=0x4000 kr=0 okC=6 failC=0 okD=0 failD=0 unmatchedD=0 full=0 live=6/0MB [t0=6/0MB t80=0/0MB t82=0/0MB]
#### AGXIOC heap map #6 clientID 0x4000 -> resourceID 0x6 size 0x80
####   ResCreate OK type=0 clientID=0 +0x30=0x40 +0x38=0 +0x40=0x80 +0x58=0 OUT[+0]=0x1500020000 OUT[+0x08]=0x10915c000 OUT[+0x10]=0x101cb0480 OUT[+0x48]=0x4000
####   inStruct[0..104]:
####     00: 00 00 00 00 00 00 00 00 01 00 01 00 01 00 00 00
####     10: 01 01 00 01 70 04 00 00 00 00 00 00 00 00 00 00
####     20: 00 00 00 00 00 00 00 00 00 00 00 00 00 00 00 00
####     30: 40 00 00 00 00 00 00 00 00 00 00 00 00 00 00 00
####     40: 80 00 00 00 00 00 00 00 00 00 00 00 00 00 00 00
####     50: 00 00 00 00 00 00 00 00 00 00 00 00 00 00 00 00
####     60: 01 00 00 00 00 00 00 00
#### TRACE -[AGXBuffer initFull] self=0x600213a80 dev=0x6001d2000 len=128 align=1→64 opt=0 subDis=0→1 resIn=0x16fab5778 pin=0x0 -> 0x600213a80
#### TRACE -[AGXBuffer initUntracked] self=0x600213a80 dev=0x6001d2000 len=128 opt=0 -> 0x600213a80
#### AGXIOC type0 exact initFull length: +0x58=0xc00000000 low32=0 -> +0x40=0x100
#### AGX_LIFE CREATE id=0x7 type=0 surf=0 bytes=0x4000 kr=0 okC=7 failC=0 okD=0 failD=0 unmatchedD=0 full=0 live=7/0MB [t0=7/0MB t80=0/0MB t82=0/0MB]
#### AGXIOC heap map #7 clientID 0x4000 -> resourceID 0x7 size 0x100
####   ResCreate OK type=0 clientID=0 +0x30=0x40 +0x38=0 +0x40=0x100 +0x58=0 OUT[+0]=0x1500028000 OUT[+0x08]=0x109160000 OUT[+0x10]=0x101cb0540 OUT[+0x48]=0x4000
####   inStruct[0..104]:
####     00: 00 00 00 00 00 00 00 00 01 00 01 00 01 00 00 00
####     10: 01 01 00 01 70 04 00 00 00 00 00 00 00 00 00 00
####     20: 00 00 00 00 00 00 00 00 00 00 00 00 00 00 00 00
####     30: 40 00 00 00 00 00 00 00 00 00 00 00 00 00 00 00
####     40: 00 01 00 00 00 00 00 00 00 00 00 00 00 00 00 00
####     50: 00 00 00 00 00 00 00 00 00 00 00 00 00 00 00 00
####     60: 01 00 00 00 00 00 00 00
#### TRACE -[AGXBuffer initFull] self=0x600213900 dev=0x6001d2000 len=256 align=1→64 opt=0 subDis=0→1 resIn=0x16fab5778 pin=0x0 -> 0x600213900
#### TRACE -[AGXBuffer initUntracked] self=0x600213900 dev=0x6001d2000 len=256 opt=0 -> 0x600213900
#### AGXIOC type0 exact initFull length: +0x58=0xc00000000 low32=0 -> +0x40=0x100
#### AGX_LIFE CREATE id=0x8 type=0 surf=0 bytes=0x4000 kr=0 okC=8 failC=0 okD=0 failD=0 unmatchedD=0 full=0 live=8/0MB [t0=8/0MB t80=0/0MB t82=0/0MB]
#### AGXIOC heap map #8 clientID 0x4000 -> resourceID 0x8 size 0x100
####   ResCreate OK type=0 clientID=0 +0x30=0x40 +0x38=0 +0x40=0x100 +0x58=0 OUT[+0]=0x1500030000 OUT[+0x08]=0x109164000 OUT[+0x10]=0x101cb0600 OUT[+0x48]=0x4000
####   inStruct[0..104]:
####     00: 00 00 00 00 00 00 00 00 01 00 01 00 01 00 00 00
####     10: 01 01 00 01 70 04 00 00 00 00 00 00 00 00 00 00
####     20: 00 00 00 00 00 00 00 00 00 00 00 00 00 00 00 00
####     30: 40 00 00 00 00 00 00 00 00 00 00 00 00 00 00 00
####     40: 00 01 00 00 00 00 00 00 00 00 00 00 00 00 00 00
####     50: 00 00 00 00 00 00 00 00 00 00 00 00 00 00 00 00
####     60: 01 00 00 00 00 00 00 00
#### TRACE -[AGXBuffer initFull] self=0x600213780 dev=0x6001d2000 len=256 align=1→64 opt=0 subDis=0→1 resIn=0x16fab5778 pin=0x0 -> 0x600213780
#### TRACE -[AGXBuffer initUntracked] self=0x600213780 dev=0x6001d2000 len=256 opt=0 -> 0x600213780
#### AGXIOC type0 exact initFull length: +0x58=0xc00000000 low32=0 -> +0x40=0x100
#### AGX_LIFE CREATE id=0x9 type=0 surf=0 bytes=0x4000 kr=0 okC=9 failC=0 okD=0 failD=0 unmatchedD=0 full=0 live=9/0MB [t0=9/0MB t80=0/0MB t82=0/0MB]
#### AGXIOC heap map #9 clientID 0x4000 -> resourceID 0x9 size 0x100
####   ResCreate OK type=0 clientID=0 +0x30=0x40 +0x38=0 +0x40=0x100 +0x58=0 OUT[+0]=0x1500038000 OUT[+0x08]=0x109168000 OUT[+0x10]=0x101cb06c0 OUT[+0x48]=0x4000
####   inStruct[0..104]:
####     00: 00 00 00 00 00 00 00 00 01 00 01 00 01 00 00 00
####     10: 01 01 00 01 70 04 00 00 00 00 00 00 00 00 00 00
####     20: 00 00 00 00 00 00 00 00 00 00 00 00 00 00 00 00
####     30: 40 00 00 00 00 00 00 00 00 00 00 00 00 00 00 00
####     40: 00 01 00 00 00 00 00 00 00 00 00 00 00 00 00 00
####     50: 00 00 00 00 00 00 00 00 00 00 00 00 00 00 00 00
####     60: 01 00 00 00 00 00 00 00
#### TRACE -[AGXBuffer initFull] self=0x600214200 dev=0x6001d2000 len=256 align=1→64 opt=0 subDis=0→1 resIn=0x16fab5778 pin=0x0 -> 0x600214200
#### TRACE -[AGXBuffer initUntracked] self=0x600214200 dev=0x6001d2000 len=256 opt=0 -> 0x600214200
#### AGX_LIFE CREATE id=0xa type=0 surf=0 bytes=0x10000 kr=0 okC=10 failC=0 okD=0 failD=0 unmatchedD=0 full=0 live=10/0MB [t0=10/0MB t80=0/0MB t82=0/0MB]
#### AGXIOC heap map #10 clientID 0x10000 -> resourceID 0xa size 0x10000
####   ResCreate OK type=0 clientID=0 +0x30=0 +0x38=0 +0x40=0x10000 +0x58=0 OUT[+0]=0x1500040000 OUT[+0x08]=0x109270000 OUT[+0x10]=0x101cb0780 OUT[+0x48]=0x10000
####   inStruct[0..104]:
####     00: 00 00 00 00 00 00 00 00 01 00 01 00 01 00 00 00
####     10: 01 01 00 01 30 04 00 00 00 00 00 00 00 00 00 00
####     20: 00 00 00 00 00 00 00 00 00 00 00 00 00 00 00 00
####     30: 00 00 00 00 00 00 00 00 00 00 00 00 00 00 00 00
####     40: 00 00 01 00 00 00 00 00 00 00 00 00 00 00 00 00
####     50: 00 00 00 08 00 00 00 00 00 00 00 00 00 00 00 00
####     60: 00 00 00 00 00 00 00 00
#### AGXIOC type0 exact initFull length: +0x58=0xc00000000 low32=0 -> +0x40=0x2000
#### AGX_LIFE CREATE id=0xb type=0 surf=0 bytes=0x4000 kr=0 okC=11 failC=0 okD=0 failD=0 unmatchedD=0 full=0 live=11/0MB [t0=11/0MB t80=0/0MB t82=0/0MB]
#### AGXIOC heap map #11 clientID 0x4000 -> resourceID 0xb size 0x2000
####   ResCreate OK type=0 clientID=0 +0x30=0x40 +0x38=0 +0x40=0x2000 +0x58=0 OUT[+0]=0x1500058000 OUT[+0x08]=0x10916c000 OUT[+0x10]=0x101cb0840 OUT[+0x48]=0x4000
####   inStruct[0..104]:
####     00: 00 00 00 00 00 00 00 00 01 00 01 00 01 00 00 00
####     10: 01 01 00 01 70 04 00 00 00 00 00 00 00 00 00 00
####     20: 00 00 00 00 00 00 00 00 00 00 00 00 00 00 00 00
####     30: 40 00 00 00 00 00 00 00 00 00 00 00 00 00 00 00
####     40: 00 20 00 00 00 00 00 00 00 00 00 00 00 00 00 00
####     50: 00 00 00 00 00 00 00 00 00 00 00 00 00 00 00 00
####     60: cc 2e 3a dc 65 17 f8 ac
#### TRACE -[AGXBuffer initFull] self=0x600214080 dev=0x6001d2000 len=8192 align=1→64 opt=0 subDis=0→1 resIn=0x16fab54d8 pin=0x0 -> 0x600214080
#### TRACE -[AGXBuffer initUntracked] self=0x600214080 dev=0x6001d2000 len=8192 opt=0 -> 0x600214080
#### AGXIOC type0 exact initFull length: +0x58=0xc00000000 low32=0 -> +0x40=0x80
#### AGXIOC sel=0x9 type=0 args+0x14=0x2470 → 0x470 (stripped macOS-only bits 0x2800)
#### AGX_LIFE CREATE id=0xc type=0 surf=0 bytes=0x4000 kr=0 okC=12 failC=0 okD=0 failD=0 unmatchedD=0 full=0 live=12/0MB [t0=12/0MB t80=0/0MB t82=0/0MB]
#### AGXIOC heap map #12 clientID 0x4000 -> resourceID 0xc size 0x80
####   ResCreate OK type=0 clientID=0 +0x30=0x40 +0x38=0 +0x40=0x80 +0x58=0 OUT[+0]=0x1500060000 OUT[+0x08]=0x109280000 OUT[+0x10]=0x101cb0900 OUT[+0x48]=0x4000
####   inStruct[0..104]:
####     00: 00 00 00 00 00 00 00 00 01 00 01 00 01 00 00 00
####     10: 01 01 00 01 70 04 00 00 00 00 00 00 00 00 00 00
####     20: 00 00 00 00 00 00 00 00 00 00 00 00 00 00 00 00
####     30: 40 00 00 00 00 00 00 00 00 00 00 00 00 00 00 00
####     40: 80 00 00 00 00 00 00 00 00 00 00 00 00 00 00 00
####     50: 00 00 00 00 00 00 00 00 00 00 00 00 00 00 00 00
####     60: 00 00 00 00 00 00 00 00
#### TRACE -[AGXBuffer initFull] self=0x600215100 dev=0x6001d2000 len=128 align=1→64 opt=32 subDis=0→1 resIn=0x16fab57b8 pin=0x0 -> 0x600215100
#### TRACE -[AGXBuffer initUntracked] self=0x600215100 dev=0x6001d2000 len=128 opt=32 -> 0x600215100
#### tile-encoder forwards: class MTLSimRenderCommandEncoder NOT found
#### IOGPU-CALLBACK-DIAG installed queueClass=0x1e8ad08d0 method=0x0 orig=0x0 bufferClass=0x1e8ad0830 method=0x1aa6479a5 orig=0x1aa62abe8 errorMethod=0x196e83e01 errorOrig=0x196d55dcc (file-gated)
#### NSXPCSharedListener class=0x1e8e4bbd8
#### NSXPCSharedListener endpointForReply swizzle installed
#### NSXPCSharedListener connectToService swizzle installed
#### MACWS_AGX_NATIVE memoryless witness #2 instance=0x6001d2000 class=AGXG13GFamilyDevice original=0x1f2c3e8a8 -> YES
#### AGXIOC RAW DUMP sel=0x9 type=0x82 inStructCnt=104 (PRE-patch):
    +0000: 82 00 00 00 00 00 00 00 10 00 10 00 01 00 00 00
    +0x10: 01 01 00 10 30 04 00 00 00 00 00 00 00 00 00 00
    +0x20: 00 00 00 00 00 00 00 00 00 00 00 00 00 00 00 00
    +0x30: 00 00 00 00 00 00 00 00 0e 01 00 00 00 00 00 00
    +0x40: 00 00 00 00 00 00 00 00 00 00 00 00 00 00 00 00
    +0x50: 00 00 00 00 00 00 00 00 00 8f 88 80 01 00 00 00
    +0x60: 00 00 00 00 00 00 00 00
####   key fields: +0x14=0x430 +0x15(byte)=0x4 +0x30=0 +0x34=0 +0x38=0x10e +0x40=0 +0x48=0 +0x58=0x180888f00
#### AGXIOC type=0x82 patch #1: f14=0x430 +0x30 0→0x10e +0x38 0x10e→0 +0x40 0→0 +0x50 0→0x180888f00 +0x58 0x180888f00→0
#### AGX_LIFE CREATE id=0xd type=0x82 surf=0x10e bytes=0x4000 kr=0 okC=13 failC=0 okD=0 failD=0 unmatchedD=0 full=0 live=13/0MB [t0=12/0MB t80=0/0MB t82=1/0MB]
#### AGX_LIFE type82 CREATE stack #1 resourceID=0xd surf=0x10e (16 frames):
0   libmachook_arm64.dylib              0x000000010056c888 IOConnectCallMethod_new + 21040
1   IOGPU                               0x00000001aa63e18c IOGPUResourceCreate + 236
2   IOGPU                               0x00000001aa638138 -[IOGPUMetalResource initWithDevice:remoteStorageResource:options:args:argsSize:] + 460
3   libmachook_arm64.dylib              0x000000010055fabc __loadImageCallback_block_invoke_20 + 96
4   IOGPU                               0x00000001aa63a5ec -[IOGPUMetalTexture initWithDevice:descriptor:iosurface:plane:field:args:argsSize:] + 824
5   AGXMetal13_3                        0x00000001f2f42f38 -[AGXTexture initWithDevice:desc:iosurface:plane:] + 288
6   libmachook_arm64.dylib              0x0000000100588c24 -[MTLFakeDevice hooked_newTextureWithDescriptor:] + 3544
7   libGLESv2.dylib                     0x000000010979f714 glStartTilingQCOM + 2731796
8   libGLESv2.dylib                     0x00000001097b2b48 glStartTilingQCOM + 2810696
9   libGLESv2.dylib                     0x00000001097b1e40 glStartTilingQCOM + 2807360
10  libGLESv2.dylib                     0x00000001097b1ccc glStartTilingQCOM + 2806988
11  libGLESv2.dylib                     0x0000000109789648 glStartTilingQCOM + 2641480
12  libGLESv2.dylib                     0x0000000109789ff4 glStartTilingQCOM + 2643956
13  libGLESv2.dylib                     0x0000000109674f58 glStartTilingQCOM + 1509208
14  libGLESv2.dylib                     0x000000010960b480 glStartTilingQCOM + 1076352
15  libGLESv2.dylib                     0x00000001094dfa88 GL_TexImage2D + 144
####   ResCreate OK type=0x82 clientID=0 +0x30=0x10e +0x38=0 +0x40=0 +0x58=0 OUT[+0]=0x1500068000 OUT[+0x08]=0 OUT[+0x10]=0x101cb09c0 OUT[+0x48]=0x4000
####   inStruct[0..104]:
####     00: 82 00 00 00 00 00 00 00 10 00 10 00 01 00 00 00
####     10: 01 01 00 10 30 04 00 00 00 00 00 00 00 00 00 00
####     20: 00 00 00 00 00 00 00 00 00 00 00 00 00 00 00 00
####     30: 0e 01 00 00 00 00 00 00 00 00 00 00 00 00 00 00
####     40: 00 00 00 00 00 00 00 00 00 00 00 00 00 00 00 00
####     50: 00 8f 88 80 01 00 00 00 00 00 00 00 00 00 00 00
####     60: 00 00 00 00 00 00 00 00
#### MTL_TEX LEASE-NEW #1 key=16x16-pf125-bpe16-fcc1380410945 entry=0x600922b80 surf=0x6000396e0 tex=0x6001b9d80 retain=2 baseline=1 bpr=256 alloc=16KB shapeEntries=1 pool=0MB map=LINEAR
#### AGX_MAP_AUDIT: _impl ivar offset = 0x208
#### AGX_MAP_AUDIT #0 tex=0x6001b9d80 impl=0x6001ba000 iosurface(arg=0x6000396e0 bound=0x6000396e0) plane=0 cpu130=0x1092cc000 gpu40=0x1500068000 descriptorOff=0x190 descriptorLayout=0 compressed=0 extended=0 match=1
#### MACWS_AGX_NATIVE memoryless witness #3 instance=0x6001d2000 class=AGXG13GFamilyDevice original=0x1f2c3e8a8 -> YES
#### AGXIOC type=0x82 patch #2: f14=0x430 +0x30 0→0x10f +0x38 0x10f→0 +0x40 0→0 +0x50 0→0x180888f00 +0x58 0x180888f00→0
#### AGX_LIFE CREATE id=0xe type=0x82 surf=0x10f bytes=0x4000 kr=0 okC=14 failC=0 okD=0 failD=0 unmatchedD=0 full=0 live=14/0MB [t0=12/0MB t80=0/0MB t82=2/0MB]
#### AGX_LIFE type82 CREATE stack #2 resourceID=0xe surf=0x10f (16 frames):
0   libmachook_arm64.dylib              0x000000010056c888 IOConnectCallMethod_new + 21040
1   IOGPU                               0x00000001aa63e18c IOGPUResourceCreate + 236
2   IOGPU                               0x00000001aa638138 -[IOGPUMetalResource initWithDevice:remoteStorageResource:options:args:argsSize:] + 460
3   libmachook_arm64.dylib              0x000000010055fabc __loadImageCallback_block_invoke_20 + 96
4   IOGPU                               0x00000001aa63a5ec -[IOGPUMetalTexture initWithDevice:descriptor:iosurface:plane:field:args:argsSize:] + 824
5   AGXMetal13_3                        0x00000001f2f42f38 -[AGXTexture initWithDevice:desc:iosurface:plane:] + 288
6   libmachook_arm64.dylib              0x0000000100588c24 -[MTLFakeDevice hooked_newTextureWithDescriptor:] + 3544
7   libGLESv2.dylib                     0x000000010979f714 glStartTilingQCOM + 2731796
8   libGLESv2.dylib                     0x00000001097b2b48 glStartTilingQCOM + 2810696
9   libGLESv2.dylib                     0x00000001097b1e40 glStartTilingQCOM + 2807360
10  libGLESv2.dylib                     0x00000001097b1ccc glStartTilingQCOM + 2806988
11  libGLESv2.dylib                     0x0000000109789648 glStartTilingQCOM + 2641480
12  libGLESv2.dylib                     0x0000000109789ff4 glStartTilingQCOM + 2643956
13  libGLESv2.dylib                     0x0000000109674f58 glStartTilingQCOM + 1509208
14  libGLESv2.dylib                     0x000000010960b480 glStartTilingQCOM + 1076352
15  libGLESv2.dylib                     0x00000001094dfa88 GL_TexImage2D + 144
####   ResCreate OK type=0x82 clientID=0 +0x30=0x10f +0x38=0 +0x40=0 +0x58=0 OUT[+0]=0x1500070000 OUT[+0x08]=0 OUT[+0x10]=0x101cb0a80 OUT[+0x48]=0x4000
####   inStruct[0..104]:
####     00: 82 00 00 00 00 00 00 00 10 00 10 00 01 00 00 00
####     10: 01 01 00 10 30 04 00 00 00 00 00 00 00 00 00 00
####     20: 00 00 00 00 00 00 00 00 00 00 00 00 00 00 00 00
####     30: 0f 01 00 00 00 00 00 00 00 00 00 00 00 00 00 00
####     40: 00 00 00 00 00 00 00 00 00 00 00 00 00 00 00 00
####     50: 00 8f 88 80 01 00 00 00 00 00 00 00 00 00 00 00
####     60: 00 00 00 00 00 00 00 00
#### MTL_TEX LEASE-NEW #2 key=16x16-pf125-bpe16-fcc1380410945 entry=0x600922a30 surf=0x600039660 tex=0x6001ba500 retain=2 baseline=1 bpr=256 alloc=16KB shapeEntries=2 pool=0MB map=LINEAR
#### AGX_MAP_AUDIT #1 tex=0x6001ba500 impl=0x6001ba280 iosurface(arg=0x600039660 bound=0x600039660) plane=0 cpu130=0x1092d0000 gpu40=0x1500070000 descriptorOff=0x190 descriptorLayout=0 compressed=0 extended=0 match=1
#### AGXIOC Method sel=0xf->0xd inCnt=2 inSC=0 outSC=16 -> 0x0
#### AGXIOC Method sel=0xf->0xd inCnt=2 inSC=0 outSC=16 -> 0x0
#### AGXIOC Struct sel=0x6->0x5 inSC=0 outSC=16 -> 0x0
#### JIT-FAULT-WRITE restore #2048 pages=1 overflow=0 write_faults=2288 exec_waits=82 late_retries=34
#### MACWS_HID_BYPASS installed SetMatchingMultiple → no-op (1) at 0x190a75e8c — skips iOS-format CFBinaryPlist parse inside
####   IOHIDEventSystemClientCacheMatchingServices → IOHIDUnserializeAndVMDealloc → CFPropertyListCreateFromStream
####   that BUS_ADRALNs in the IOMFBServer thread.
#### MACWS_AGX_RENAMER_PATCH: off (set MACWS_AGX_RENAMER_PATCH=1 to enable)
#### MACWS_ASSERT_BYPASS DISABLED (set MACWS_KEEP_ASSERT_BYPASS=1 to restore lazy bypass) — real __assert_rtn now reaches abort
#### MACWS_AGX_NATIVE [ctor] pre-loaded IOGPU via /System/Library/PrivateFrameworks/IOGPU.framework/IOGPU -> 0x3bedacc10
#### XPC_BOOTSTRAP: fn=0x18d62d140 dict=0x131f06940 (registering Metal/ViewBridge/HIServices)
#### XPC_BOOTSTRAP: called OK
#### COEXIST API SwapEnd hook installed target=0x19850b1cc trampoline=0x103b84000
#### SkyLight PrepareForUse tolerate-nil hook installed at 0x1928ecfc4
#### SkyLight StartCompositeForDisplayStream nil-skip hook installed at 0x192715d74
#### SkyLight StartComposite(WSCD) tolerate-nil + pop-on-bail hook installed at 0x192715358
#### SkyLight StartComposite(MTLTex) pop-on-bail hook installed at 0x192715fb8
#### SkyLight EndCurrentComposite(bool) completion hook installed at 0x19271453c
#### SkyLight EndUpdate(bool) submission hook installed at 0x1927140b0
#### SkyLight _state_stack pop_back resolved at 0x192712fa0
#### SkyLight WSCompositeDestinationCreateWithMetalTexture nil-tolerate hook installed at 0x19271853c
#### SkyLight MetalContext::StopCapture invalid-this guard installed at 0x1927141bc
#### MACWS_AGX_NATIVE class_addMethod(MTLTextureDescriptor, validateWithDevice:) = 1
#### MACWS_AGX_NATIVE class_addMethod(IOGPUMetalTexture, isMemoryless) = 1
#### MACWS_AGX_NATIVE class_addMethod(IOGPUMetalTexture, getCPUSizeBytes) = 1
#### MACWS_AGX_NATIVE class_addMethod(IOGPUMetalTexture, getAlignment) = 1
#### MACWS_AGX_NATIVE class_addMethod(IOGPUMetalTexture, descriptorPrivate) = 1
#### MACWS_AGX_NATIVE class_addMethod(IOGPUMetalTexture, getBytesPerRow) = 1
#### MACWS_AGX_NATIVE class_addMethod(IOGPUMetalTexture, updateBindDataWithAddresses:gpuVirtualAddress:) = 1
#### MACWS_AGX_NATIVE class_addMethod(IOGPUMetalTexture, updateBindDataWithAddresses:gpuVirtualAddress:shouldInitMetadata:) = 1
#### MACWS_AGX_NATIVE class_addMethod(IOGPUMetalTexture, allocBufferSubDataWithLength:options:alignment:heapIndex:bufferIndex:bufferOffset:) = 1
#### MACWS_AGX_NATIVE class_addMethod(IOGPUMetalTexture, initNewTextureData:) = 1
#### MACWS_AGX_NATIVE class_addMethod(MTLTextureDescriptor, isMemoryless) = 1
#### MACWS_AGX_NATIVE class_addMethod(MTLTextureDescriptor, protectionOptions) = 1
#### MACWS_AGX_NATIVE class_addMethod(MTLTextureDescriptor, getCPUSizeBytes) = 1
#### MACWS_AGX_NATIVE class_addMethod(MTLTextureDescriptor, getAlignment) = 1
#### MACWS_AGX_NATIVE class_addMethod(MTLTextureDescriptor, descriptorPrivate) = 1
#### MACWS_AGX_NATIVE class_addMethod(MTLTextureDescriptor, getBytesPerRow) = 1
#### MACWS_AGX_NATIVE class_addMethod(MTLTextureDescriptor, updateBindDataWithAddresses:gpuVirtualAddress:) = 1
#### MACWS_AGX_NATIVE class_addMethod(MTLTextureDescriptor, updateBindDataWithAddresses:gpuVirtualAddress:shouldInitMetadata:) = 1
#### MACWS_AGX_NATIVE class_addMethod(MTLTextureDescriptor, allocBufferSubDataWithLength:options:alignment:heapIndex:bufferIndex:bufferOffset:) = 1
#### MACWS_AGX_NATIVE class_addMethod(MTLTextureDescriptor, initNewTextureData:) = 1
#### AMFI-POLICY-COMPAT policy=AMFI op=0x60 status=0x4 (iOS task ports are hard-immovable)
#### CSR-POLICY-COMPAT active_config=0x0 (conservative iOS compatibility value)
[48205:0729/190119.680964:ERROR:base/process/process_mac.cc:53] task_policy_set TASK_CATEGORY_POLICY: (os/kern) invalid argument (4)
2026-07-29 19:01:19.683 Code Helper (Renderer)[48205:12770776] XType: Using static font registry.
#### JIT-MPROTECT range[0]=[0x280000000,0x290000000) source=MAP_JIT-EINVAL
#### JIT-MPROTECT execution barrier installed (W^X fetch-wait compatibility)
#### JIT-MPROTECT range[0]=[0x280000000,0x290000000) source=MAP_JIT-EINVAL
#### JIT-MPROTECT range[0]=[0x280000000,0x290000000) source=MAP_JIT-EINVAL
#### JIT-MPROTECT range[0]=[0x280000000,0x290000000) source=MAP_JIT-EINVAL
#### JIT-MPROTECT range[0]=[0x280000000,0x290000000) source=MAP_JIT-EINVAL
#### JIT-MPROTECT range[0]=[0x280000000,0x290000000) source=MAP_JIT-EINVAL
#### JIT-MPROTECT range[0]=[0x280000000,0x290000000) source=MAP_JIT-EINVAL
#### JIT-MPROTECT range[0]=[0x280000000,0x290000000) source=MAP_JIT-EINVAL
#### JIT-MPROTECT range[0]=[0x170000000,0x180000000) source=MAP_JIT-EINVAL
#### JIT-MPROTECT remap decline #1 dst=0x177dc0000 size=0x208000 src=0x111874000 requested=0x5 -> V8 copy fallback
#### JIT-MPROTECT flip #1 ranges=1 prot=RX writers=0 exec_waits=0 late_retries=0
#### JIT-FAULT-WRITE restore #1 pages=130 overflow=0 write_faults=130 exec_waits=0 late_retries=0
[90m[main 2026-07-30T02:01:20.017Z][0m [shared storage] Creating shared storage database at '/Users/root/.vscode-shared/sharedStorage/state.vscdb' (wasCreated: false)
[90m[main 2026-07-30T02:01:20.018Z][0m [shared storage] Initializing fallback application storage (path: /tmp/macws-vscode-profile-agx-native-targetfix12/User/globalStorage/state.vscdb)
[90m[main 2026-07-30T02:01:20.030Z][0m [shared storage] Fallback application storage initialized with 80 items
[90m[main 2026-07-30T02:01:20.032Z][0m update#setState disabled
[90m[main 2026-07-30T02:01:20.032Z][0m update#ctor - updates are disabled by the environment
#### JIT-FAULT-WRITE restore #2 pages=1 overflow=0 write_faults=131 exec_waits=0 late_retries=0
#### JIT-FAULT-WRITE restore #3 pages=1 overflow=0 write_faults=132 exec_waits=0 late_retries=0
#### JIT-FAULT-WRITE restore #4 pages=1 overflow=0 write_faults=133 exec_waits=0 late_retries=0
#### JIT-FAULT-WRITE restore #5 pages=1 overflow=0 write_faults=134 exec_waits=0 late_retries=0
#### JIT-FAULT-WRITE restore #6 pages=1 overflow=0 write_faults=135 exec_waits=0 late_retries=0
#### JIT-FAULT-WRITE restore #7 pages=1 overflow=0 write_faults=136 exec_waits=0 late_retries=0
#### JIT-FAULT-WRITE restore #8 pages=1 overflow=0 write_faults=137 exec_waits=0 late_retries=0
#### JIT-FAULT-WRITE restore #9 pages=1 overflow=0 write_faults=138 exec_waits=0 late_retries=0
#### JIT-FAULT-WRITE restore #10 pages=1 overflow=0 write_faults=139 exec_waits=0 late_retries=0
#### JIT-FAULT-WRITE restore #11 pages=1 overflow=0 write_faults=140 exec_waits=0 late_retries=0
#### JIT-FAULT-WRITE restore #12 pages=1 overflow=0 write_faults=141 exec_waits=0 late_retries=0
#### JIT-FAULT-WRITE restore #13 pages=1 overflow=0 write_faults=142 exec_waits=0 late_retries=0
#### JIT-FAULT-WRITE restore #14 pages=1 overflow=0 write_faults=143 exec_waits=0 late_retries=0
#### JIT-FAULT-WRITE restore #15 pages=1 overflow=0 write_faults=144 exec_waits=0 late_retries=0
#### JIT-FAULT-WRITE restore #16 pages=1 overflow=0 write_faults=145 exec_waits=0 late_retries=0
2026-07-29 19:01:20.213 Electron[48174:12770630] Connection Invalid error for service com.apple.hiservices-xpcservice.
2026-07-29 19:01:20.213 Electron[48174:12770627] Error received in message reply handler: Connection invalid
#### MTL_TEX entry self class=AGXG13GFamilyDevice
#### MTL_TEX TLS set iosurface=0x60003e7a0 id=0x10d plane=0 compressionHeaderSpan=0 (thread=0x1e88e5e00 addr=0x0)
#### MACWS_AGX_NATIVE memoryless witness #4 instance=0x6001d2000 class=AGXG13GFamilyDevice original=0x1f2c3e8a8 -> YES
#### AGXIOC type=0x82 patch #3: f14=0x430 +0x30 0→0x10d +0x38 0x10d→0 +0x40 0→0 +0x50 0→0x180888f00 +0x58 0x180888f00→0
#### AGX_LIFE CREATE id=0xf type=0x82 surf=0x10d bytes=0x3d0000 kr=0 okC=15 failC=0 okD=0 failD=0 unmatchedD=0 full=0 live=15/4MB [t0=12/0MB t80=0/0MB t82=3/3MB]
#### AGX_LIFE type82 CREATE stack #3 resourceID=0xf surf=0x10d (16 frames):
0   libmachook_arm64.dylib              0x000000010056c888 IOConnectCallMethod_new + 21040
1   IOGPU                               0x00000001aa63e18c IOGPUResourceCreate + 236
2   IOGPU                               0x00000001aa638138 -[IOGPUMetalResource initWithDevice:remoteStorageResource:options:args:argsSize:] + 460
3   libmachook_arm64.dylib              0x000000010055fabc __loadImageCallback_block_invoke_20 + 96
4   IOGPU                               0x00000001aa63a5ec -[IOGPUMetalTexture initWithDevice:descriptor:iosurface:plane:field:args:argsSize:] + 824
5   AGXMetal13_3                        0x00000001f2f42f38 -[AGXTexture initWithDevice:desc:iosurface:plane:] + 288
6   libmachook_arm64.dylib              0x0000000100585994 -[MTLFakeDevice hooked_newTextureWithDescriptor:iosurface:plane:] + 4912
7   libGLESv2.dylib                     0x000000010979f754 glStartTilingQCOM + 2731860
8   libGLESv2.dylib                     0x00000001097739b8 glStartTilingQCOM + 2552248
9   libGLESv2.dylib                     0x0000000109773824 glStartTilingQCOM + 2551844
10  libGLESv2.dylib                     0x0000000109671fd4 glStartTilingQCOM + 1497044
11  libGLESv2.dylib                     0x00000001094cd5fc libGLESv2.dylib + 38396
12  libGLESv2.dylib                     0x00000001094d0d60 EGL_BindTexImage + 144
13  Electron Framework                  0x000000011360e528 rust_bmp$cxxbridge1$194$Reader$image_data_loaded + 582280
14  Electron Framework                  0x00000001136119cc rust_bmp$cxxbridge1$194$Reader$image_data_loaded + 595756
15  Electron Framework                  0x000000011360f830 rust_bmp$cxxbridge1$194$Reader$image_data_loaded + 587152
####   ResCreate OK type=0x82 clientID=0 +0x30=0x10d +0x38=0 +0x40=0 +0x58=0 OUT[+0]=0x1500078000 OUT[+0x08]=0 OUT[+0x10]=0x101cb0b40 OUT[+0x48]=0x3d0000
####   inStruct[0..104]:
####     00: 82 00 00 00 00 00 00 00 60 09 a0 01 01 00 00 00
####     10: 01 01 00 04 30 04 00 00 00 00 00 00 00 00 00 00
####     20: 00 00 00 00 00 00 00 00 00 00 00 00 00 00 00 00
####     30: 0d 01 00 00 00 00 00 00 00 00 00 00 00 00 00 00
####     40: 00 00 00 00 00 00 00 00 00 00 00 00 00 00 00 00
####     50: 00 8f 88 80 01 00 00 00 00 00 00 00 00 00 00 00
####     60: 00 00 00 00 00 00 00 00
#### AGX_MAP_AUDIT #2 tex=0x600983200 impl=0x600982f80 iosurface(arg=0x60003e7a0 bound=0x60003e7a0) plane=0 cpu130=0x10c804000 gpu40=0x1500078000 descriptorOff=0x190 descriptorLayout=0 compressed=0 extended=0 match=1
#### AGX_LIFE CREATE id=0x10 type=0 surf=0 bytes=0x50000 kr=0 okC=16 failC=0 okD=0 failD=0 unmatchedD=0 full=0 live=16/4MB [t0=13/0MB t80=0/0MB t82=3/3MB]
#### AGXIOC heap map #13 clientID 0x50000 -> resourceID 0x10 size 0x50000
####   ResCreate OK type=0 clientID=0 +0x30=0 +0x38=0 +0x40=0x50000 +0x58=0 OUT[+0]=0x18000 OUT[+0x08]=0x10cbd4000 OUT[+0x10]=0x101cb0c00 OUT[+0x48]=0x50000
####   inStruct[0..104]:
####     00: 00 00 00 00 00 00 00 00 01 00 01 00 01 00 00 00
####     10: 01 01 00 01 30 84 00 00 00 00 00 00 00 00 00 00
####     20: 00 00 00 00 00 00 00 00 00 00 00 00 00 00 00 00
####     30: 00 00 00 00 00 00 00 00 00 00 00 00 00 00 00 00
####     40: 00 00 05 00 00 00 00 00 00 00 00 00 00 00 00 00
####     50: 00 00 00 38 00 00 00 00 00 00 00 00 00 00 00 00
####     60: 00 00 00 00 00 00 00 00
#### CBRI_HOOK self=0x600222300 cls=AGXG13GFamilyCommandBuffer → resourceInfo=0x600259600
#### AGXIOC heap map #14 clientID 0x8000 -> resourceID 0x11 size 0x8000
####   ResCreate OK type=0 clientID=0 +0x30=0 +0x38=0 +0x40=0x8000 +0x58=0 OUT[+0]=0x1500450000 OUT[+0x08]=0x1093ac000 OUT[+0x10]=0x101cb0cc0 OUT[+0x48]=0x8000
####   inStruct[0..104]:
####     00: 00 00 00 00 00 00 00 00 00 80 01 00 01 00 00 00
####     10: 01 01 00 01 30 04 00 00 00 00 00 00 00 00 00 00
####     20: 00 00 00 00 00 00 00 00 00 00 00 00 00 00 00 00
####     30: 00 00 00 00 00 00 00 00 00 00 00 00 00 00 00 00
####     40: 00 80 00 00 00 00 00 00 00 00 00 00 00 00 00 00
####     50: 00 00 00 08 00 00 00 00 00 00 00 00 00 00 00 00
####     60: 00 00 00 00 00 00 00 00
#### AGXIOC heap map #15 clientID 0x8000 -> resourceID 0x12 size 0x8000
####   ResCreate OK type=0 clientID=0 +0x30=0 +0x38=0 +0x40=0x8000 +0x58=0 OUT[+0]=0x1500460000 OUT[+0x08]=0x1093b4000 OUT[+0x10]=0x101cb0d80 OUT[+0x48]=0x8000
####   inStruct[0..104]:
####     00: 00 00 00 00 00 00 00 00 00 80 01 00 01 00 00 00
####     10: 01 01 00 01 30 04 00 00 00 00 00 00 00 00 00 00
####     20: 00 00 00 00 00 00 00 00 00 00 00 00 00 00 00 00
####     30: 00 00 00 00 00 00 00 00 00 00 00 00 00 00 00 00
####     40: 00 80 00 00 00 00 00 00 00 00 00 00 00 00 00 00
####     50: 00 00 00 08 00 00 00 00 00 00 00 00 00 00 00 00
####     60: 00 00 00 00 00 00 00 00
#### AGXIOC heap map #16 clientID 0x8000 -> resourceID 0x13 size 0x8000
####   ResCreate OK type=0 clientID=0 +0x30=0 +0x38=0 +0x40=0x8000 +0x58=0 OUT[+0]=0x1500470000 OUT[+0x08]=0x1093bc000 OUT[+0x10]=0x101cb0e40 OUT[+0x48]=0x8000
####   inStruct[0..104]:
####     00: 00 00 00 00 00 00 00 00 00 80 01 00 01 00 00 00
####     10: 01 01 00 01 30 04 00 00 00 00 00 00 00 00 00 00
####     20: 00 00 00 00 00 00 00 00 00 00 00 00 00 00 00 00
####     30: 00 00 00 00 00 00 00 00 00 00 00 00 00 00 00 00
####     40: 00 80 00 00 00 00 00 00 00 00 00 00 00 00 00 00
####     50: 00 00 00 08 00 00 00 00 00 00 00 00 00 00 00 00
####     60: 00 00 00 00 00 00 00 00
####   ResCreate OK type=0 clientID=0 +0x30=0 +0x38=0 +0x40=0x8000 +0x58=0 OUT[+0]=0x1500480000 OUT[+0x08]=0x1093c4000 OUT[+0x10]=0x101cb0f00 OUT[+0x48]=0x8000
####   inStruct[0..104]:
####     00: 00 00 00 00 00 00 00 00 00 80 01 00 01 00 00 00
####     10: 01 01 00 01 30 04 00 00 00 00 00 00 00 00 00 00
####     20: 00 00 00 00 00 00 00 00 00 00 00 00 00 00 00 00
####     30: 00 00 00 00 00 00 00 00 00 00 00 00 00 00 00 00
####     40: 00 80 00 00 00 00 00 00 00 00 00 00 00 00 00 00
####     50: 00 00 00 08 00 00 00 00 00 00 00 00 00 00 00 00
####     60: 00 00 00 00 00 00 00 00
####   ResCreate OK type=0 clientID=0 +0x30=0 +0x38=0 +0x40=0x8000 +0x58=0 OUT[+0]=0x1500490000 OUT[+0x08]=0x1093cc000 OUT[+0x10]=0x101cb0fc0 OUT[+0x48]=0x8000
####   inStruct[0..104]:
####     00: 00 00 00 00 00 00 00 00 00 80 01 00 01 00 00 00
####     10: 01 01 00 01 30 04 00 00 00 00 00 00 00 00 00 00
####     20: 00 00 00 00 00 00 00 00 00 00 00 00 00 00 00 00
####     30: 00 00 00 00 00 00 00 00 00 00 00 00 00 00 00 00
####     40: 00 80 00 00 00 00 00 00 00 00 00 00 00 00 00 00
####     50: 00 00 00 08 00 00 00 00 00 00 00 00 00 00 00 00
####     60: 00 00 00 00 00 00 00 00
####   ResCreate OK type=0 clientID=0 +0x30=0 +0x38=0 +0x40=0x8000 +0x58=0 OUT[+0]=0x70000 OUT[+0x08]=0x1093d4000 OUT[+0x10]=0x101cb1080 OUT[+0x48]=0x8000
####   inStruct[0..104]:
####     00: 00 00 00 00 00 00 00 00 00 80 01 00 01 00 00 00
####     10: 01 01 00 01 30 84 00 00 00 00 00 00 00 00 00 00
####     20: 00 00 00 00 00 00 00 00 00 00 00 00 00 00 00 00
####     30: 00 00 00 00 00 00 00 00 00 00 00 00 00 00 00 00
####     40: 00 80 00 00 00 00 00 00 00 00 00 00 00 00 00 00
####     50: 00 00 00 48 00 00 00 00 00 00 00 00 00 00 00 00
####     60: 00 00 00 00 00 00 00 00
####   ResCreate OK type=0 clientID=0 +0x30=0 +0x38=0 +0x40=0x8000 +0x58=0 OUT[+0]=0x80000 OUT[+0x08]=0x1093dc000 OUT[+0x10]=0x101cb1140 OUT[+0x48]=0x8000
####   inStruct[0..104]:
####     00: 00 00 00 00 00 00 00 00 00 80 01 00 01 00 00 00
####     10: 01 01 00 01 30 84 00 00 00 00 00 00 00 00 00 00
####     20: 00 00 00 00 00 00 00 00 00 00 00 00 00 00 00 00
####     30: 00 00 00 00 00 00 00 00 00 00 00 00 00 00 00 00
####     40: 00 80 00 00 00 00 00 00 00 00 00 00 00 00 00 00
####     50: 00 00 00 48 00 00 00 00 00 00 00 00 00 00 00 00
####     60: 00 00 00 00 00 00 00 00
####   ResCreate OK type=0 clientID=0 +0x30=0 +0x38=0 +0x40=0x100000 +0x58=0 OUT[+0]=0x15004a0000 OUT[+0x08]=0x10cc24000 OUT[+0x10]=0x101cb1200 OUT[+0x48]=0x100000
####   inStruct[0..104]:
####     00: 00 00 00 00 00 00 00 00 00 00 01 00 01 00 00 00
####     10: 01 01 00 01 30 04 00 00 00 00 00 00 00 00 00 00
####     20: 00 00 00 00 00 00 00 00 00 00 00 00 00 00 00 00
####     30: 00 00 00 00 00 00 00 00 00 00 00 00 00 00 00 00
####     40: 00 00 10 00 00 00 00 00 00 00 00 00 00 00 00 00
####     50: 00 00 00 18 00 00 00 00 00 00 00 00 00 00 00 00
####     60: 00 00 00 00 00 00 00 00
####   ResCreate OK type=0 clientID=0 +0x30=0 +0x38=0 +0x40=0x8000 +0x58=0 OUT[+0]=0x15005a8000 OUT[+0x08]=0x1093e8000 OUT[+0x10]=0x101cb12c0 OUT[+0x48]=0x8000
####   inStruct[0..104]:
####     00: 00 00 00 00 00 00 00 00 00 80 01 00 01 00 00 00
####     10: 01 01 00 01 30 04 00 00 00 00 00 00 00 00 00 00
####     20: 00 00 00 00 00 00 00 00 00 00 00 00 00 00 00 00
####     30: 00 00 00 00 00 00 00 00 00 00 00 00 00 00 00 00
####     40: 00 80 00 00 00 00 00 00 00 00 00 00 00 00 00 00
####     50: 00 00 00 08 00 00 00 00 00 00 00 00 00 00 00 00
####     60: 00 00 00 00 00 00 00 00
####   ResCreate OK type=0 clientID=0 +0x30=0 +0x38=0 +0x40=0x8000 +0x58=0 OUT[+0]=0x15005b8000 OUT[+0x08]=0x1093f0000 OUT[+0x10]=0x101cb1380 OUT[+0x48]=0x8000
####   inStruct[0..104]:
####     00: 00 00 00 00 00 00 00 00 00 80 01 00 01 00 00 00
####     10: 01 01 00 01 30 04 00 00 00 00 00 00 00 00 00 00
####     20: 00 00 00 00 00 00 00 00 00 00 00 00 00 00 00 00
####     30: 00 00 00 00 00 00 00 00 00 00 00 00 00 00 00 00
####     40: 00 80 00 00 00 00 00 00 00 00 00 00 00 00 00 00
####     50: 00 00 00 18 00 00 00 00 00 00 00 00 00 00 00 00
####     60: 00 00 00 00 00 00 00 00
####   ResCreate OK type=0 clientID=0 +0x30=0 +0x38=0 +0x40=0x8000 +0x58=0 OUT[+0]=0x15005c8000 OUT[+0x08]=0x10cd24000 OUT[+0x10]=0x101cb1440 OUT[+0x48]=0x8000
####   inStruct[0..104]:
####     00: 00 00 00 00 00 00 00 00 00 80 01 00 01 00 00 00
####     10: 01 01 00 01 30 04 00 00 00 00 00 00 00 00 00 00
####     20: 00 00 00 00 00 00 00 00 00 00 00 00 00 00 00 00
####     30: 00 00 00 00 00 00 00 00 00 00 00 00 00 00 00 00
####     40: 00 80 00 00 00 00 00 00 00 00 00 00 00 00 00 00
####     50: 00 00 00 08 00 00 00 00 00 00 00 00 00 00 00 00
####     60: 00 00 00 00 00 00 00 00
####   ResCreate OK type=0 clientID=0 +0x30=0 +0x38=0 +0x40=0x8000 +0x58=0 OUT[+0]=0x15005d8000 OUT[+0x08]=0x10cd2c000 OUT[+0x10]=0x101cb1500 OUT[+0x48]=0x8000
####   inStruct[0..104]:
####     00: 00 00 00 00 00 00 00 00 00 80 01 00 01 00 00 00
####     10: 01 01 00 01 30 04 00 00 00 00 00 00 00 00 00 00
####     20: 00 00 00 00 00 00 00 00 00 00 00 00 00 00 00 00
####     30: 00 00 00 00 00 00 00 00 00 00 00 00 00 00 00 00
####     40: 00 80 00 00 00 00 00 00 00 00 00 00 00 00 00 00
####     50: 00 00 00 08 00 00 00 00 00 00 00 00 00 00 00 00
####     60: 00 00 00 00 00 00 00 00
####   ResCreate OK type=0 clientID=0 +0x30=0 +0x38=0 +0x40=0x8000 +0x58=0 OUT[+0]=0x15005e8000 OUT[+0x08]=0x10cd34000 OUT[+0x10]=0x101cb15c0 OUT[+0x48]=0x8000
####   inStruct[0..104]:
####     00: 00 00 00 00 00 00 00 00 00 80 01 00 01 00 00 00
####     10: 01 01 00 01 30 04 00 00 00 00 00 00 00 00 00 00
####     20: 00 00 00 00 00 00 00 00 00 00 00 00 00 00 00 00
####     30: 00 00 00 00 00 00 00 00 00 00 00 00 00 00 00 00
####     40: 00 80 00 00 00 00 00 00 00 00 00 00 00 00 00 00
####     50: 00 00 00 08 00 00 00 00 00 00 00 00 00 00 00 00
####     60: 00 00 00 00 00 00 00 00
####   ResCreate OK type=0 clientID=0 +0x30=0 +0x38=0 +0x40=0x8000 +0x58=0 OUT[+0]=0x15005f8000 OUT[+0x08]=0x10cd3c000 OUT[+0x10]=0x101cb1680 OUT[+0x48]=0x8000
####   inStruct[0..104]:
####     00: 00 00 00 00 00 00 00 00 00 80 01 00 01 00 00 00
####     10: 01 01 00 01 30 04 00 00 00 00 00 00 00 00 00 00
####     20: 00 00 00 00 00 00 00 00 00 00 00 00 00 00 00 00
####     30: 00 00 00 00 00 00 00 00 00 00 00 00 00 00 00 00
####     40: 00 80 00 00 00 00 00 00 00 00 00 00 00 00 00 00
####     50: 00 00 00 08 00 00 00 00 00 00 00 00 00 00 00 00
####     60: 00 00 00 00 00 00 00 00
####   ResCreate OK type=0 clientID=0 +0x30=0 +0x38=0 +0x40=0x8000 +0x58=0 OUT[+0]=0x1500608000 OUT[+0x08]=0x10cd44000 OUT[+0x10]=0x101cb1740 OUT[+0x48]=0x8000
####   inStruct[0..104]:
####     00: 00 00 00 00 00 00 00 00 00 80 01 00 01 00 00 00
####     10: 01 01 00 01 30 04 00 00 00 00 00 00 00 00 00 00
####     20: 00 00 00 00 00 00 00 00 00 00 00 00 00 00 00 00
####     30: 00 00 00 00 00 00 00 00 00 00 00 00 00 00 00 00
####     40: 00 80 00 00 00 00 00 00 00 00 00 00 00 00 00 00
####     50: 00 00 00 08 00 00 00 00 00 00 00 00 00 00 00 00
####     60: 00 00 00 00 00 00 00 00
####   ResCreate OK type=0 clientID=0 +0x30=0 +0x38=0 +0x40=0xff80 +0x58=0 OUT[+0]=0x1500618000 OUT[+0x08]=0x10cd4c000 OUT[+0x10]=0x101cb1800 OUT[+0x48]=0x10000
####   inStruct[0..104]:
####     00: 00 00 00 00 00 00 00 00 80 ff 01 00 01 00 00 00
####     10: 01 01 00 01 30 04 00 00 00 00 00 00 00 00 00 00
####     20: 00 00 00 00 00 00 00 00 00 00 00 00 00 00 00 00
####     30: 00 00 00 00 00 00 00 00 00 00 00 00 00 00 00 00
####     40: 80 ff 00 00 00 00 00 00 00 00 00 00 00 00 00 00
####     50: 00 00 00 18 00 00 00 00 00 00 00 00 00 00 00 00
####     60: 00 00 00 00 00 00 00 00
####   ResCreate OK type=0 clientID=0 +0x30=0 +0x38=0 +0x40=0xc0000 +0x58=0 OUT[+0]=0x1500630000 OUT[+0x08]=0x10cd5c000 OUT[+0x10]=0x101cb18c0 OUT[+0x48]=0xc0000
####   inStruct[0..104]:
####     00: 00 00 00 00 00 00 00 00 00 00 01 00 01 00 00 00
####     10: 01 01 00 01 30 04 00 00 00 00 00 00 00 00 00 00
####     20: 00 00 00 00 00 00 00 00 00 00 00 00 00 00 00 00
####     30: 00 00 00 00 00 00 00 00 00 00 00 00 00 00 00 00
####     40: 00 00 0c 00 00 00 00 00 00 00 00 00 00 00 00 00
####     50: 00 00 00 08 00 00 00 00 00 00 00 00 00 00 00 00
####     60: 00 00 00 00 00 00 00 00
#### AGX_SUBMIT_DIAG #1 subtype1-predicate scalar0=0x1 legacy-scalar-gate=1 total=0x840/1 seglen=0x130/1 seghdr=1 cmdtotal=1 d8=1 pad1=1 f1=1 sent1=1 pad2=1 f2=1 sent2=1
#### AGXIOC type0 exact initFull length: +0x58=0 low32=0 -> +0x40=0x8000
####   ResCreate OK type=0 clientID=0 +0x30=0x40 +0x38=0 +0x40=0x8000 +0x58=0 OUT[+0]=0x15006f8000 OUT[+0x08]=0x10ce1c000 OUT[+0x10]=0x101cb1980 OUT[+0x48]=0x8000
####   inStruct[0..104]:
####     00: 00 00 00 00 00 00 00 00 01 00 01 00 01 00 00 00
####     10: 01 01 00 01 70 04 00 00 00 00 00 00 00 00 00 00
####     20: 00 00 00 00 00 00 00 00 00 00 00 00 00 00 00 00
####     30: 40 00 00 00 00 00 00 00 00 00 00 00 00 00 00 00
####     40: 00 80 00 00 00 00 00 00 00 00 00 00 00 00 00 00
####     50: 00 00 00 00 00 00 00 00 00 00 00 00 00 00 00 00
####     60: d8 9f 33 2a 02 00 00 00
#### TRACE -[AGXBuffer initFull] self=0x60021d080 dev=0x6001d2000 len=32768 align=1→64 opt=0 subDis=0→1 resIn=0x16fab2748 pin=0x0 -> 0x60021d080
#### AGX_SUBMIT_DIAG #1 descriptor[0] KCMD-type1-observed saved=0x840/0x840 path=/tmp/macws_submit_kcmd_1_0_type1-observed.bin errno=0
#### AGXIOC type0 exact initFull length: +0x58=0 low32=0 -> +0x40=0xc000
####   ResCreate OK type=0 clientID=0 +0x30=0x40 +0x38=0 +0x40=0xc000 +0x58=0 OUT[+0]=0x1500708000 OUT[+0x08]=0x10ce24000 OUT[+0x10]=0x101cb1a40 OUT[+0x48]=0xc000
####   inStruct[0..104]:
####     00: 00 00 00 00 00 00 00 00 01 00 01 00 01 00 00 00
####     10: 01 01 00 01 70 04 00 00 00 00 00 00 00 00 00 00
####     20: 00 00 00 00 00 00 00 00 00 00 00 00 00 00 00 00
####     30: 40 00 00 00 00 00 00 00 00 00 00 00 00 00 00 00
####     40: 00 c0 00 00 00 00 00 00 00 00 00 00 00 00 00 00
####     50: 00 00 00 00 00 00 00 00 00 00 00 00 00 00 00 00
####     60: e8 28 ab 6f 01 00 00 00
#### TRACE -[AGXBuffer initFull] self=0x60021d980 dev=0x6001d2000 len=49152 align=1→64 opt=0 subDis=0→1 resIn=0x16fab2848 pin=0x0 -> 0x60021d980
#### AGX_SUBMIT_DIAG #1 descriptor[0] segment saved=0x130/0x130 path=/tmp/macws_submit_segment_1_0.bin errno=0
#### AGX_SUBMIT_DIAG #1 TEMP-KCMD-ABI-FIX subtype1-clear pads=0x1c0,0x4c0 total=0x840->0x820 size=0x7e8->0x7c8 end=0x818->0x7f8 segment-span=0x820
#### AGXIOC Method sel=0xf->0xd inCnt=2 inSC=0 outSC=16 -> 0x0
#### AGXIOC Method sel=0xf->0xd inCnt=2 inSC=0 outSC=16 -> 0x0
#### AGXIOC Method sel=0x1e->0x1a inCnt=4 inSC=56 outSC=0 -> 0x0
#### CBRI_HOOK self=0x600224980 cls=AGXG13GFamilyCommandBuffer → resourceInfo=0x600261800
####   ResCreate OK type=0 clientID=0 +0x30=0 +0x38=0 +0x40=0x8000 +0x58=0 OUT[+0]=0x15008b8000 OUT[+0x08]=0x10ce80000 OUT[+0x10]=0x101cb1ec0 OUT[+0x48]=0x8000
####   inStruct[0..104]:
####     00: 00 00 00 00 00 00 00 00 00 80 01 00 01 00 00 00
####     10: 01 01 00 01 30 04 00 00 00 00 00 00 00 00 00 00
####     20: 00 00 00 00 00 00 00 00 00 00 00 00 00 00 00 00
####     30: 00 00 00 00 00 00 00 00 00 00 00 00 00 00 00 00
####     40: 00 80 00 00 00 00 00 00 00 00 00 00 00 00 00 00
####     50: 00 00 00 08 00 00 00 00 00 00 00 00 00 00 00 00
####     60: 00 00 00 00 00 00 00 00
####   ResCreate OK type=0 clientID=0 +0x30=0 +0x38=0 +0x40=0x8000 +0x58=0 OUT[+0]=0x15008c8000 OUT[+0x08]=0x10ce88000 OUT[+0x10]=0x101cb1f80 OUT[+0x48]=0x8000
####   inStruct[0..104]:
####     00: 00 00 00 00 00 00 00 00 00 80 01 00 01 00 00 00
####     10: 01 01 00 01 30 04 00 00 00 00 00 00 00 00 00 00
####     20: 00 00 00 00 00 00 00 00 00 00 00 00 00 00 00 00
####     30: 00 00 00 00 00 00 00 00 00 00 00 00 00 00 00 00
####     40: 00 80 00 00 00 00 00 00 00 00 00 00 00 00 00 00
####     50: 00 00 00 08 00 00 00 00 00 00 00 00 00 00 00 00
####     60: 00 00 00 00 00 00 00 00
####   ResCreate OK type=0 clientID=0 +0x30=0 +0x38=0 +0x40=0x8000 +0x58=0 OUT[+0]=0x15008d8000 OUT[+0x08]=0x10ce90000 OUT[+0x10]=0x101cb2040 OUT[+0x48]=0x8000
####   inStruct[0..104]:
####     00: 00 00 00 00 00 00 00 00 00 80 01 00 01 00 00 00
####     10: 01 01 00 01 30 04 00 00 00 00 00 00 00 00 00 00
####     20: 00 00 00 00 00 00 00 00 00 00 00 00 00 00 00 00
####     30: 00 00 00 00 00 00 00 00 00 00 00 00 00 00 00 00
####     40: 00 80 00 00 00 00 00 00 00 00 00 00 00 00 00 00
####     50: 00 00 00 08 00 00 00 00 00 00 00 00 00 00 00 00
####     60: 00 00 00 00 00 00 00 00
####   ResCreate OK type=0 clientID=0 +0x30=0 +0x38=0 +0x40=0x8000 +0x58=0 OUT[+0]=0x15008e8000 OUT[+0x08]=0x10ce98000 OUT[+0x10]=0x101cb2100 OUT[+0x48]=0x8000
####   inStruct[0..104]:
####     00: 00 00 00 00 00 00 00 00 00 80 01 00 01 00 00 00
####     10: 01 01 00 01 30 04 00 00 00 00 00 00 00 00 00 00
####     20: 00 00 00 00 00 00 00 00 00 00 00 00 00 00 00 00
####     30: 00 00 00 00 00 00 00 00 00 00 00 00 00 00 00 00
####     40: 00 80 00 00 00 00 00 00 00 00 00 00 00 00 00 00
####     50: 00 00 00 08 00 00 00 00 00 00 00 00 00 00 00 00
####     60: 00 00 00 00 00 00 00 00
####   ResCreate OK type=0 clientID=0 +0x30=0 +0x38=0 +0x40=0x8000 +0x58=0 OUT[+0]=0x15008f8000 OUT[+0x08]=0x10cea0000 OUT[+0x10]=0x101cb21c0 OUT[+0x48]=0x8000
####   inStruct[0..104]:
####     00: 00 00 00 00 00 00 00 00 00 80 01 00 01 00 00 00
####     10: 01 01 00 01 30 04 00 00 00 00 00 00 00 00 00 00
####     20: 00 00 00 00 00 00 00 00 00 00 00 00 00 00 00 00
####     30: 00 00 00 00 00 00 00 00 00 00 00 00 00 00 00 00
####     40: 00 80 00 00 00 00 00 00 00 00 00 00 00 00 00 00
####     50: 00 00 00 08 00 00 00 00 00 00 00 00 00 00 00 00
####     60: 00 00 00 00 00 00 00 00
####   ResCreate OK type=0 clientID=0 +0x30=0 +0x38=0 +0x40=0x8000 +0x58=0 OUT[+0]=0x90000 OUT[+0x08]=0x10cea8000 OUT[+0x10]=0x101cb2280 OUT[+0x48]=0x8000
####   inStruct[0..104]:
####     00: 00 00 00 00 00 00 00 00 00 80 01 00 01 00 00 00
####     10: 01 01 00 01 30 84 00 00 00 00 00 00 00 00 00 00
####     20: 00 00 00 00 00 00 00 00 00 00 00 00 00 00 00 00
####     30: 00 00 00 00 00 00 00 00 00 00 00 00 00 00 00 00
####     40: 00 80 00 00 00 00 00 00 00 00 00 00 00 00 00 00
####     50: 00 00 00 48 00 00 00 00 00 00 00 00 00 00 00 00
####     60: 00 00 00 00 00 00 00 00
####   ResCreate OK type=0 clientID=0 +0x30=0 +0x38=0 +0x40=0x8000 +0x58=0 OUT[+0]=0xa0000 OUT[+0x08]=0x10ceb0000 OUT[+0x10]=0x101cb2340 OUT[+0x48]=0x8000
####   inStruct[0..104]:
####     00: 00 00 00 00 00 00 00 00 00 80 01 00 01 00 00 00
####     10: 01 01 00 01 30 84 00 00 00 00 00 00 00 00 00 00
####     20: 00 00 00 00 00 00 00 00 00 00 00 00 00 00 00 00
####     30: 00 00 00 00 00 00 00 00 00 00 00 00 00 00 00 00
####     40: 00 80 00 00 00 00 00 00 00 00 00 00 00 00 00 00
####     50: 00 00 00 48 00 00 00 00 00 00 00 00 00 00 00 00
####     60: 00 00 00 00 00 00 00 00
####   ResCreate OK type=0 clientID=0 +0x30=0 +0x38=0 +0x40=0x100000 +0x58=0 OUT[+0]=0x1500908000 OUT[+0x08]=0x10ceb8000 OUT[+0x10]=0x101cb2400 OUT[+0x48]=0x100000
####   inStruct[0..104]:
####     00: 00 00 00 00 00 00 00 00 00 00 01 00 01 00 00 00
####     10: 01 01 00 01 30 04 00 00 00 00 00 00 00 00 00 00
####     20: 00 00 00 00 00 00 00 00 00 00 00 00 00 00 00 00
####     30: 00 00 00 00 00 00 00 00 00 00 00 00 00 00 00 00
####     40: 00 00 10 00 00 00 00 00 00 00 00 00 00 00 00 00
####     50: 00 00 00 18 00 00 00 00 00 00 00 00 00 00 00 00
####     60: 00 00 00 00 00 00 00 00
####   ResCreate OK type=0 clientID=0 +0x30=0 +0x38=0 +0x40=0x8000 +0x58=0 OUT[+0]=0x1500a10000 OUT[+0x08]=0x10cfb8000 OUT[+0x10]=0x101cb24c0 OUT[+0x48]=0x8000
####   inStruct[0..104]:
####     00: 00 00 00 00 00 00 00 00 00 80 01 00 01 00 00 00
####     10: 01 01 00 01 30 04 00 00 00 00 00 00 00 00 00 00
####     20: 00 00 00 00 00 00 00 00 00 00 00 00 00 00 00 00
####     30: 00 00 00 00 00 00 00 00 00 00 00 00 00 00 00 00
####     40: 00 80 00 00 00 00 00 00 00 00 00 00 00 00 00 00
####     50: 00 00 00 08 00 00 00 00 00 00 00 00 00 00 00 00
####     60: 00 00 00 00 00 00 00 00
####   ResCreate OK type=0 clientID=0 +0x30=0 +0x38=0 +0x40=0x8000 +0x58=0 OUT[+0]=0x1500a20000 OUT[+0x08]=0x10cfc0000 OUT[+0x10]=0x101cb2580 OUT[+0x48]=0x8000
####   inStruct[0..104]:
####     00: 00 00 00 00 00 00 00 00 00 80 01 00 01 00 00 00
####     10: 01 01 00 01 30 04 00 00 00 00 00 00 00 00 00 00
####     20: 00 00 00 00 00 00 00 00 00 00 00 00 00 00 00 00
####     30: 00 00 00 00 00 00 00 00 00 00 00 00 00 00 00 00
####     40: 00 80 00 00 00 00 00 00 00 00 00 00 00 00 00 00
####     50: 00 00 00 18 00 00 00 00 00 00 00 00 00 00 00 00
####     60: 00 00 00 00 00 00 00 00
####   ResCreate OK type=0 clientID=0 +0x30=0 +0x38=0 +0x40=0x8000 +0x58=0 OUT[+0]=0x1500a30000 OUT[+0x08]=0x10cfc8000 OUT[+0x10]=0x101cb2640 OUT[+0x48]=0x8000
####   inStruct[0..104]:
####     00: 00 00 00 00 00 00 00 00 00 80 01 00 01 00 00 00
####     10: 01 01 00 01 30 04 00 00 00 00 00 00 00 00 00 00
####     20: 00 00 00 00 00 00 00 00 00 00 00 00 00 00 00 00
####     30: 00 00 00 00 00 00 00 00 00 00 00 00 00 00 00 00
####     40: 00 80 00 00 00 00 00 00 00 00 00 00 00 00 00 00
####     50: 00 00 00 08 00 00 00 00 00 00 00 00 00 00 00 00
####     60: 00 00 00 00 00 00 00 00
####   ResCreate OK type=0 clientID=0 +0x30=0 +0x38=0 +0x40=0x8000 +0x58=0 OUT[+0]=0x1500a40000 OUT[+0x08]=0x10cfd0000 OUT[+0x10]=0x101cb2700 OUT[+0x48]=0x8000
####   inStruct[0..104]:
####     00: 00 00 00 00 00 00 00 00 00 80 01 00 01 00 00 00
####     10: 01 01 00 01 30 04 00 00 00 00 00 00 00 00 00 00
####     20: 00 00 00 00 00 00 00 00 00 00 00 00 00 00 00 00
####     30: 00 00 00 00 00 00 00 00 00 00 00 00 00 00 00 00
####     40: 00 80 00 00 00 00 00 00 00 00 00 00 00 00 00 00
####     50: 00 00 00 08 00 00 00 00 00 00 00 00 00 00 00 00
####     60: 00 00 00 00 00 00 00 00
####   ResCreate OK type=0 clientID=0 +0x30=0 +0x38=0 +0x40=0x8000 +0x58=0 OUT[+0]=0x1500a50000 OUT[+0x08]=0x10cfd8000 OUT[+0x10]=0x101cb27c0 OUT[+0x48]=0x8000
####   inStruct[0..104]:
####     00: 00 00 00 00 00 00 00 00 00 80 01 00 01 00 00 00
####     10: 01 01 00 01 30 04 00 00 00 00 00 00 00 00 00 00
####     20: 00 00 00 00 00 00 00 00 00 00 00 00 00 00 00 00
####     30: 00 00 00 00 00 00 00 00 00 00 00 00 00 00 00 00
####     40: 00 80 00 00 00 00 00 00 00 00 00 00 00 00 00 00
####     50: 00 00 00 08 00 00 00 00 00 00 00 00 00 00 00 00
####     60: 00 00 00 00 00 00 00 00
#### AGX_SUBMIT_DIAG #2 TEMP-KCMD-TRAILING-WRAPPER-FIX match=1 subtype1=0..0x840->0..0x820 wrappers=2 range=0x840..0x870->0x820..0x850
#### AGXIOC Method sel=0x1e->0x1a inCnt=4 inSC=56 outSC=0 -> 0x0
#### MTL_TEX entry self class=AGXG13GFamilyDevice
#### MTL_TEX TLS set iosurface=0x60003bc80 id=0x11d plane=0 compressionHeaderSpan=0 (thread=0x1e88e5e00 addr=0x0)
#### MACWS_AGX_NATIVE memoryless witness #5 instance=0x6001d2000 class=AGXG13GFamilyDevice original=0x1f2c3e8a8 -> YES
#### AGXIOC type=0x82 patch #4: f14=0x430 +0x30 0→0x11d +0x38 0x11d→0 +0x40 0→0 +0x50 0→0x180888f00 +0x58 0x180888f00→0
#### AGX_LIFE type82 CREATE stack #4 resourceID=0x35 surf=0x11d (16 frames):
0   libmachook_arm64.dylib              0x000000010056c888 IOConnectCallMethod_new + 21040
1   IOGPU                               0x00000001aa63e18c IOGPUResourceCreate + 236
2   IOGPU                               0x00000001aa638138 -[IOGPUMetalResource initWithDevice:remoteStorageResource:options:args:argsSize:] + 460
3   libmachook_arm64.dylib              0x000000010055fabc __loadImageCallback_block_invoke_20 + 96
4   IOGPU                               0x00000001aa63a5ec -[IOGPUMetalTexture initWithDevice:descriptor:iosurface:plane:field:args:argsSize:] + 824
5   AGXMetal13_3                        0x00000001f2f42f38 -[AGXTexture initWithDevice:desc:iosurface:plane:] + 288
6   libmachook_arm64.dylib              0x0000000100585994 -[MTLFakeDevice hooked_newTextureWithDescriptor:iosurface:plane:] + 4912
7   libGLESv2.dylib                     0x000000010979f754 glStartTilingQCOM + 2731860
8   libGLESv2.dylib                     0x00000001097739b8 glStartTilingQCOM + 2552248
9   libGLESv2.dylib                     0x0000000109773824 glStartTilingQCOM + 2551844
10  libGLESv2.dylib                     0x0000000109671fd4 glStartTilingQCOM + 1497044
11  libGLESv2.dylib                     0x00000001094cd5fc libGLESv2.dylib + 38396
12  libGLESv2.dylib                     0x00000001094d0d60 EGL_BindTexImage + 144
13  Electron Framework                  0x000000011360e528 rust_bmp$cxxbridge1$194$Reader$image_data_loaded + 582280
14  Electron Framework                  0x00000001136119cc rust_bmp$cxxbridge1$194$Reader$image_data_loaded + 595756
15  Electron Framework                  0x000000011360f830 rust_bmp$cxxbridge1$194$Reader$image_data_loaded + 587152
#### AGX_MAP_AUDIT #3 tex=0x600987300 impl=0x600987080 iosurface(arg=0x60003bc80 bound=0x60003bc80) plane=0 cpu130=0x118c7c000 gpu40=0x1500ba8000 descriptorOff=0x190 descriptorLayout=0 compressed=0 extended=0 match=1
#### AGXIOC Method sel=0x1e->0x1a inCnt=4 inSC=56 outSC=0 -> 0x0
#### CBRI_HOOK self=0x600225780 cls=AGXG13GFamilyCommandBuffer → resourceInfo=0x600259600
#### AGX_SUBMIT_DIAG #4 TEMP-KCMD-TRAILING-WRAPPER-FIX match=2 subtype1=0..0x840->0..0x820 wrappers=1 range=0x840..0x858->0x820..0x838
#### AGXIOC Method sel=0x1e->0x1a inCnt=4 inSC=56 outSC=0 -> 0x0
#### MTL_TEX entry self class=AGXG13GFamilyDevice
#### MTL_TEX TLS set iosurface=0x60003e480 id=0x11e plane=0 compressionHeaderSpan=0 (thread=0x1e88e5e00 addr=0x0)
#### MACWS_AGX_NATIVE memoryless witness #6 instance=0x6001d2000 class=AGXG13GFamilyDevice original=0x1f2c3e8a8 -> YES
#### AGXIOC type=0x82 patch #5: f14=0x430 +0x30 0→0x11e +0x38 0x11e→0 +0x40 0→0 +0x50 0→0x180888f00 +0x58 0x180888f00→0
#### AGX_MAP_AUDIT #4 tex=0x600987d00 impl=0x600987a80 iosurface(arg=0x60003e480 bound=0x60003e480) plane=0 cpu130=0x11904c000 gpu40=0x1500f80000 descriptorOff=0x190 descriptorLayout=0 compressed=0 extended=0 match=1
#### AGXIOC Method sel=0x1e->0x1a inCnt=4 inSC=56 outSC=0 -> 0x0
#### CBRI_HOOK self=0x600225e80 cls=AGXG13GFamilyCommandBuffer → resourceInfo=0x600268600
#### AGX_SUBMIT_DIAG #6 TEMP-KCMD-TRAILING-WRAPPER-FIX match=3 subtype1=0..0x840->0..0x820 wrappers=1 range=0x840..0x858->0x820..0x838
#### AGXIOC Method sel=0x1e->0x1a inCnt=4 inSC=56 outSC=0 -> 0x0
#### MTL_TEX TLS set iosurface=0x60003e580 id=0x11f plane=0 compressionHeaderSpan=0 (thread=0x1e88e5e00 addr=0x0)
#### MACWS_AGX_NATIVE memoryless witness #7 instance=0x6001d2000 class=AGXG13GFamilyDevice original=0x1f2c3e8a8 -> YES
#### AGXIOC type=0x82 patch #6: f14=0x430 +0x30 0→0x11f +0x38 0x11f→0 +0x40 0→0 +0x50 0→0x180888f00 +0x58 0x180888f00→0
#### AGX_MAP_AUDIT #5 tex=0x600988700 impl=0x600988480 iosurface(arg=0x60003e580 bound=0x60003e580) plane=0 cpu130=0x11941c000 gpu40=0x1501358000 descriptorOff=0x190 descriptorLayout=0 compressed=0 extended=0 match=1
#### AGXIOC Method sel=0x1e->0x1a inCnt=4 inSC=56 outSC=0 -> 0x0
#### CBRI_HOOK self=0x600226580 cls=AGXG13GFamilyCommandBuffer → resourceInfo=0x600268600
#### AGX_SUBMIT_DIAG #8 TEMP-KCMD-TRAILING-WRAPPER-FIX match=4 subtype1=0..0x840->0..0x820 wrappers=1 range=0x840..0x858->0x820..0x838
#### AGXIOC Method sel=0x1e->0x1a inCnt=4 inSC=56 outSC=0 -> 0x0
#### IOSURFACE-RELEASE-ABI pair #1: conn=15367 surfaceID=149 sel=1 -> 0
#### JIT-FAULT-WRITE restore #17 pages=1 overflow=0 write_faults=146 exec_waits=0 late_retries=0
#### JIT-FAULT-WRITE restore #18 pages=1 overflow=0 write_faults=147 exec_waits=0 late_retries=0
#### JIT-FAULT-WRITE restore #19 pages=1 overflow=0 write_faults=148 exec_waits=0 late_retries=0
#### JIT-FAULT-WRITE restore #20 pages=1 overflow=0 write_faults=149 exec_waits=0 late_retries=0
#### JIT-FAULT-WRITE restore #21 pages=1 overflow=0 write_faults=150 exec_waits=0 late_retries=0
#### JIT-FAULT-WRITE restore #22 pages=1 overflow=0 write_faults=151 exec_waits=0 late_retries=0
#### JIT-FAULT-WRITE restore #23 pages=1 overflow=0 write_faults=152 exec_waits=0 late_retries=0
#### JIT-FAULT-WRITE restore #24 pages=1 overflow=0 write_faults=153 exec_waits=0 late_retries=0
#### JIT-FAULT-WRITE restore #25 pages=1 overflow=0 write_faults=154 exec_waits=0 late_retries=0
#### JIT-FAULT-WRITE restore #26 pages=1 overflow=0 write_faults=155 exec_waits=0 late_retries=0
#### JIT-FAULT-WRITE restore #27 pages=1 overflow=0 write_faults=156 exec_waits=0 late_retries=0
#### JIT-FAULT-WRITE restore #28 pages=1 overflow=0 write_faults=157 exec_waits=0 late_retries=0
#### JIT-FAULT-WRITE restore #29 pages=1 overflow=0 write_faults=158 exec_waits=0 late_retries=0
#### JIT-FAULT-WRITE restore #30 pages=1 overflow=0 write_faults=159 exec_waits=0 late_retries=0
#### JIT-FAULT-WRITE restore #31 pages=1 overflow=0 write_faults=160 exec_waits=0 late_retries=0
#### JIT-FAULT-WRITE restore #32 pages=1 overflow=0 write_faults=161 exec_waits=0 late_retries=0
#### JIT-FAULT-WRITE restore #1024 pages=1 overflow=0 write_faults=1196 exec_waits=0 late_retries=0
#### JIT-FAULT-WRITE restore #2048 pages=2 overflow=0 write_faults=2304 exec_waits=163 late_retries=44
#### JIT-FAULT-WRITE restore #3072 pages=1 overflow=0 write_faults=3408 exec_waits=227 late_retries=60
#### JIT-FAULT-WRITE restore #4096 pages=1 overflow=0 write_faults=4525 exec_waits=303 late_retries=75
#### MTL_TEX TLS set iosurface=0x60003b160 id=0xa2 plane=0 compressionHeaderSpan=0 (thread=0x1e88e5e00 addr=0x0)
#### MACWS_AGX_NATIVE memoryless witness #8 instance=0x6001d2000 class=AGXG13GFamilyDevice original=0x1f2c3e8a8 -> YES
#### AGXIOC type=0x82 patch #7: f14=0x430 +0x30 0→0xa2 +0x38 0xa2→0 +0x40 0→0 +0x50 0→0x180888f00 +0x58 0x180888f00→0
#### AGX_MAP_AUDIT #6 tex=0x600989880 impl=0x600989600 iosurface(arg=0x60003b160 bound=0x60003b160) plane=0 cpu130=0x10d10c000 gpu40=0x1501730000 descriptorOff=0x190 descriptorLayout=0 compressed=0 extended=0 match=1
#### CBRI_HOOK self=0x600226c80 cls=AGXG13GFamilyCommandBuffer → resourceInfo=0x600259600
#### AGXIOC Method sel=0xf->0xd inCnt=2 inSC=0 outSC=16 -> 0x0
#### AGXIOC Method sel=0xf->0xd inCnt=2 inSC=0 outSC=16 -> 0x0
#### CBRI_HOOK self=0x600227000 cls=AGXG13GFamilyCommandBuffer → resourceInfo=0x600261800
#### AGX_SUBMIT_DIAG #10 TEMP-KCMD-TRAILING-WRAPPER-FIX match=5 subtype1=0..0x840->0..0x820 wrappers=1 range=0x840..0x858->0x820..0x838
#### AGX_SUBMIT_DIAG #11 TEMP-KCMD-TRAILING-WRAPPER-FIX match=6 subtype1=0..0x840->0..0x820 wrappers=1 range=0x840..0x858->0x820..0x838
#### MTL_TEX TLS set iosurface=0x60003e800 id=0x11c plane=0 compressionHeaderSpan=0 (thread=0x1e88e5e00 addr=0x0)
#### MACWS_AGX_NATIVE memoryless witness #9 instance=0x6001d2000 class=AGXG13GFamilyDevice original=0x1f2c3e8a8 -> YES
#### AGXIOC type=0x82 patch #8: f14=0x430 +0x30 0→0x11c +0x38 0x11c→0 +0x40 0→0 +0x50 0→0x180888f00 +0x58 0x180888f00→0
#### AGX_MAP_AUDIT #7 tex=0x60098a500 impl=0x60098a280 iosurface(arg=0x60003e800 bound=0x60003e800) plane=0 cpu130=0x119aec000 gpu40=0x1501768000 descriptorOff=0x190 descriptorLayout=0 compressed=0 extended=0 match=1
#### MACWS_AGX_NATIVE memoryless witness #10 instance=0x6001d2000 class=AGXG13GFamilyDevice original=0x1f2c3e8a8 -> YES
#### AGXIOC type=0x82 patch #9: f14=0x430 +0x30 0→0x120 +0x38 0x120→0 +0x40 0→0 +0x50 0→0x180888c00 +0x58 0x180888c00→0
#### MTL_TEX LEASE-NEW #3 key=128x1-pf10-bpe1-fcc1278226488 entry=0x600bc2100 surf=0x600a92fa0 tex=0x60098af00 retain=2 baseline=1 bpr=128 alloc=16KB shapeEntries=1 pool=0MB map=LINEAR
#### AGX_MAP_AUDIT #8 tex=0x60098af00 impl=0x60098ac80 iosurface(arg=0x600a92fa0 bound=0x600a92fa0) plane=0 cpu130=0x10ce70000 gpu40=0x1500868000 descriptorOff=0x190 descriptorLayout=0 compressed=0 extended=0 match=1
#### AGXIOC type0 exact initFull length: +0x58=0 low32=0 -> +0x40=0x80
#### CBRI_HOOK self=0x600227a80 cls=AGXG13GFamilyCommandBuffer → resourceInfo=0x600268600
#### MACWS_AGX_NATIVE memoryless witness #11 instance=0x6001d2000 class=AGXG13GFamilyDevice original=0x1f2c3e8a8 -> YES
#### AGXIOC type=0x82 patch #10: f14=0x430 +0x30 0→0x121 +0x38 0x121→0 +0x40 0→0 +0x50 0→0x180888c00 +0x58 0x180888c00→0
#### MTL_TEX LEASE-NEW #4 key=8x8-pf10-bpe1-fcc1278226488 entry=0x600bcd530 surf=0x600a94240 tex=0x60098d980 retain=2 baseline=1 bpr=128 alloc=16KB shapeEntries=1 pool=0MB map=LINEAR
#### AGX_MAP_AUDIT #9 tex=0x60098d980 impl=0x60098d700 iosurface(arg=0x600a94240 bound=0x600a94240) plane=0 cpu130=0x10ce78000 gpu40=0x1500888000 descriptorOff=0x190 descriptorLayout=0 compressed=0 extended=0 match=1
#### AGXIOC type0 exact initFull length: +0x58=0 low32=0 -> +0x40=0x40
#### MACWS_AGX_NATIVE memoryless witness #12 instance=0x6001d2000 class=AGXG13GFamilyDevice original=0x1f2c3e8a8 -> YES
#### AGXIOC type=0x82 patch #11: f14=0x430 +0x30 0→0x122 +0x38 0x122→0 +0x40 0→0 +0x50 0→0x180888c00 +0x58 0x180888c00→0
#### MTL_TEX LEASE-NEW #5 key=128x16-pf10-bpe1-fcc1278226488 entry=0x600bcebb0 surf=0x600a949a0 tex=0x60098f280 retain=2 baseline=1 bpr=128 alloc=16KB shapeEntries=1 pool=0MB map=LINEAR
#### AGX_MAP_AUDIT #10 tex=0x60098f280 impl=0x60098f000 iosurface(arg=0x600a949a0 bound=0x600a949a0) plane=0 cpu130=0x119ec0000 gpu40=0x1501b48000 descriptorOff=0x190 descriptorLayout=0 compressed=0 extended=0 match=1
#### MACWS_AGX_NATIVE memoryless witness #13 instance=0x6001d2000 class=AGXG13GFamilyDevice original=0x1f2c3e8a8 -> YES
#### AGXIOC type=0x82 patch #12: f14=0x430 +0x30 0→0x123 +0x38 0x123→0 +0x40 0→0 +0x50 0→0x180888c00 +0x58 0x180888c00→0
#### MTL_TEX LEASE-NEW #6 key=512x256-pf10-bpe1-fcc1278226488 entry=0x600bcea30 surf=0x600a948c0 tex=0x60098fa00 retain=2 baseline=1 bpr=512 alloc=128KB shapeEntries=1 pool=0MB map=LINEAR
#### AGX_MAP_AUDIT #11 tex=0x60098fa00 impl=0x60098f780 iosurface(arg=0x600a948c0 bound=0x600a948c0) plane=0 cpu130=0x119ec4000 gpu40=0x1501b50000 descriptorOff=0x190 descriptorLayout=0 compressed=0 extended=0 match=1
#### MACWS_AGX_NATIVE memoryless witness #14 instance=0x6001d2000 class=AGXG13GFamilyDevice original=0x1f2c3e8a8 -> YES
#### AGXIOC type0 exact initFull length: +0x58=0xc00000000 low32=0 -> +0x40=0x300
#### TRACE -[AGXBuffer initUntracked] self=0x600ba7800 dev=0x6001d2000 len=768 opt=0 -> 0x600ba7800
#### AGX_LIFE DESTROY id=0x2 type=0 surf=0 bytes=0x4000 kr=0 okC=66 failC=0 okD=1 failD=0 unmatchedD=0 full=0 live=65/24MB [t0=53/5MB t80=0/0MB t82=12/19MB]
#### AGXIOC type0 exact initFull length: +0x58=0xc00000000 low32=0 -> +0x40=0x300
#### TRACE -[AGXBuffer initUntracked] self=0x600211f80 dev=0x6001d2000 len=768 opt=0 -> 0x600211f80
#### AGX_LIFE DESTROY id=0x3 type=0 surf=0 bytes=0x4000 kr=0 okC=67 failC=0 okD=2 failD=0 unmatchedD=0 full=0 live=65/24MB [t0=53/5MB t80=0/0MB t82=12/19MB]
#### TRACE -[AGXBuffer initUntracked] self=0x600215d00 dev=0x6001d2000 len=128 opt=0 -> 0x600215d00
#### AGX_LIFE DESTROY id=0x4 type=0 surf=0 bytes=0x4000 kr=0 okC=68 failC=0 okD=3 failD=0 unmatchedD=0 full=0 live=65/24MB [t0=53/5MB t80=0/0MB t82=12/19MB]
#### AGXIOC type=0x82 patch #13: f14=0x430 +0x30 0→0x124 +0x38 0x124→0 +0x40 0→0 +0x50 0→0x180888c00 +0x58 0x180888c00→0
#### MTL_TEX LEASE-NEW #7 key=256x128-pf10-bpe1-fcc1278226488 entry=0x600bcee80 surf=0x600a94860 tex=0x600c90280 retain=2 baseline=1 bpr=256 alloc=32KB shapeEntries=1 pool=0MB map=LINEAR
#### AGX_MAP_AUDIT #12 tex=0x600c90280 impl=0x600c90000 iosurface(arg=0x600a94860 bound=0x600a94860) plane=0 cpu130=0x119ee4000 gpu40=0x1501b80000 descriptorOff=0x190 descriptorLayout=0 compressed=0 extended=0 match=1
#### MACWS_AGX_NATIVE memoryless witness #15 instance=0x6001d2000 class=AGXG13GFamilyDevice original=0x1f2c3e8a8 -> YES
#### AGXIOC type=0x82 patch #14: f14=0x430 +0x30 0→0x125 +0x38 0x125→0 +0x40 0→0 +0x50 0→0x180888c00 +0x58 0x180888c00→0
#### MTL_TEX LEASE-NEW #8 key=256x64-pf10-bpe1-fcc1278226488 entry=0x600bcf300 surf=0x600a948a0 tex=0x600c90a00 retain=2 baseline=1 bpr=256 alloc=16KB shapeEntries=1 pool=0MB map=LINEAR
#### AGX_MAP_AUDIT #13 tex=0x600c90a00 impl=0x600c90780 iosurface(arg=0x600a948a0 bound=0x600a948a0) plane=0 cpu130=0x109154000 gpu40=0x1500010000 descriptorOff=0x190 descriptorLayout=0 compressed=0 extended=0 match=1
#### MACWS_AGX_NATIVE memoryless witness #16 instance=0x6001d2000 class=AGXG13GFamilyDevice original=0x1f2c3e8a8 -> YES
#### AGXIOC type=0x82 patch #15: f14=0x430 +0x30 0→0x126 +0x38 0x126→0 +0x40 0→0 +0x50 0→0x180888c00 +0x58 0x180888c00→0
#### MTL_TEX LEASE-NEW #9 key=128x64-pf10-bpe1-fcc1278226488 entry=0x600bcf180 surf=0x600a94880 tex=0x600c91180 retain=2 baseline=1 bpr=128 alloc=16KB shapeEntries=1 pool=0MB map=LINEAR
#### AGX_MAP_AUDIT #14 tex=0x600c91180 impl=0x600c90f00 iosurface(arg=0x600a94880 bound=0x600a94880) plane=0 cpu130=0x119ef0000 gpu40=0x1501b90000 descriptorOff=0x190 descriptorLayout=0 compressed=0 extended=0 match=1
#### AGXIOC type=0x82 patch #16: f14=0x430 +0x30 0→0x127 +0x38 0x127→0 +0x40 0→0 +0x50 0→0x180888c00 +0x58 0x180888c00→0
#### MTL_TEX LEASE-NEW #10 key=128x64-pf10-bpe1-fcc1278226488 entry=0x600bcf600 surf=0x600a94840 tex=0x600c91900 retain=2 baseline=1 bpr=128 alloc=16KB shapeEntries=2 pool=0MB map=LINEAR
#### AGX_MAP_AUDIT #15 tex=0x600c91900 impl=0x600c91680 iosurface(arg=0x600a94840 bound=0x600a94840) plane=0 cpu130=0x119ef4000 gpu40=0x1501b98000 descriptorOff=0x190 descriptorLayout=0 compressed=0 extended=0 match=1
#### MTL_TEX LEASE-NEW #11 key=64x64-pf80-bpe4-fcc1111970369 entry=0x600bcf480 surf=0x600a947e0 tex=0x600c92080 retain=2 baseline=1 bpr=256 alloc=16KB shapeEntries=1 pool=0MB map=LINEAR
#### AGX_MAP_AUDIT #16 tex=0x600c92080 impl=0x600c91e00 iosurface(arg=0x600a947e0 bound=0x600a947e0) plane=0 cpu130=0x119ef8000 gpu40=0x1501ba0000 descriptorOff=0x190 descriptorLayout=0 compressed=0 extended=0 match=1
#### MTL_TEX LEASE-NEW #12 key=2048x2048-pf10-bpe1-fcc1278226488 entry=0x600bcf8d0 surf=0x600a94ba0 tex=0x600c92a80 retain=2 baseline=1 bpr=2048 alloc=4096KB shapeEntries=1 pool=4MB map=LINEAR
#### AGX_MAP_AUDIT #17 tex=0x600c92a80 impl=0x600c92800 iosurface(arg=0x600a94ba0 bound=0x600a94ba0) plane=0 cpu130=0x119f04000 gpu40=0x1501bb8000 descriptorOff=0x190 descriptorLayout=0 compressed=0 extended=0 match=1
#### VNC-FINAL candidate #0 tex=0x600c92a80 class=AGXG13GFamilyTexture tex=2048x2048 pf=10 usage=0x7 storage=0 hazard=2 surface=0x600a94ba0 2048x2048 bpr=2048
#### CBRI_HOOK self=0x600227a80 cls=AGXG13GFamilyCommandBuffer → resourceInfo=0x600268600
#### CBRI_HOOK self=0x600227a80 cls=AGXG13GFamilyCommandBuffer → resourceInfo=0x600268600
#### JIT-FAULT-WRITE restore #5120 pages=2 overflow=0 write_faults=5625 exec_waits=364 late_retries=83
#### MTL_TEX LEASE-NEW #13 key=16x16-pf10-bpe1-fcc1278226488 entry=0x600cd2730 surf=0x600a951c0 tex=0x600c9fa00 retain=2 baseline=1 bpr=128 alloc=16KB shapeEntries=1 pool=4MB map=LINEAR
#### AGX_MAP_AUDIT #18 tex=0x600c9fa00 impl=0x600c9fc80 iosurface(arg=0x600a951c0 bound=0x600a951c0) plane=0 cpu130=0x11a38c000 gpu40=0x1502090000 descriptorOff=0x190 descriptorLayout=0 compressed=0 extended=0 match=1
#### MTL_TEX plain DEPTH-STENCIL: pf=253 routing to native AGX path (IOSurface backing is invalid)
#### AGXIOC sel=0x9 type=0 VA-shape +0x38=0x11a390000 → 0
#### AGXIOC sel=0x9 type=0 args+0x14=0x2c30 → 0x430 (stripped macOS-only bits 0x2800)
#### AGXIOC sel=0x9 type=0 VA-shape detected: args+0x40=0x11a390000 (>1GB) → using args+0x48=0x20000 as size, +0x58 0x380888c50 → 0
#### MTL_TEX plain DEPTH-STENCIL native result: 0x601040000 class=AGXG13GFamilyTexture
#### AGXIOC Scalar sel=0x10->0xe inCnt=1 -> 0x0
#### AGXIOC Scalar sel=0x10->0xe inCnt=1 -> 0x0
#### AGXIOC Method sel=0xf->0xd inCnt=2 inSC=0 outSC=16 -> 0x0
#### AGXIOC Scalar sel=0x10->0xe inCnt=1 -> 0x0
#### MTL_TEX plain DEPTH-STENCIL: pf=253 routing to native AGX path (IOSurface backing is invalid)
#### TRACE -[AGXBuffer initUntracked] self=0x600baee80 dev=0x6001d2000 len=1536 opt=0 -> 0x600baee80
#### TRACE -[AGXBuffer initUntracked] self=0x600bae880 dev=0x6001d2000 len=1536 opt=0 -> 0x600bae880
#### TRACE -[AGXBuffer initUntracked] self=0x600baeb80 dev=0x6001d2000 len=256 opt=0 -> 0x600baeb80
#### AGXIOC sel=0x9 type=0 VA-shape +0x38=0x11a390200 → 0
#### AGXIOC sel=0x9 type=0 args+0x14=0x2c30 → 0x430 (stripped macOS-only bits 0x2800)
#### AGXIOC sel=0x9 type=0 VA-shape detected: args+0x40=0x11a390000 (>1GB) → using args+0x48=0x20000 as size, +0x58 0x380888c50 → 0
#### MTL_TEX plain DEPTH-STENCIL native result: 0x600c9ed80 class=AGXG13GFamilyTexture
#### MTL_TEX storageMode=Memoryless preserved for AGX-native descriptor=0x600028ce0
#### MTL_TEX plain MEMORYLESS: routing to native AGX path (no IOSurface — tile-memory-only) w=128 h=16 pf=253
#### MTL_TEX storageMode=Memoryless preserved for AGX-native descriptor=0x600028ce0
#### MTL_TEX storageMode=Memoryless preserved for AGX-native descriptor=0x600028ce0
#### MTL_TEX storageMode=Memoryless preserved for AGX-native descriptor=0x600028ce0
#### MTL_TEX plain MEMORYLESS native result: 0x601040a00 (class=AGXG13GFamilyTexture storageMode=3 length=999)
#### MTL_TEX plain MEMORYLESS: routing to native AGX path (no IOSurface — tile-memory-only) w=128 h=16 pf=10
#### MTL_TEX plain MEMORYLESS native result: 0x601041680 (class=AGXG13GFamilyTexture storageMode=3 length=999)
#### MTL_TEX TLS set iosurface=0x600a92b80 id=0x12c plane=0 compressionHeaderSpan=0 (thread=0x1e88e5e00 addr=0x0)
#### AGX_MAP_AUDIT #19 tex=0x60098c800 impl=0x60098ca80 iosurface(arg=0x600a92b80 bound=0x600a92b80) plane=0 cpu130=0x11a484000 gpu40=0x15021b8000 descriptorOff=0x190 descriptorLayout=0 compressed=0 extended=0 match=1
#### AGXIOC Method sel=0xf->0xd inCnt=2 inSC=0 outSC=16 -> 0x0
#### AGX_SUBMIT_DIAG #15 TEMP-KCMD-TRAILING-WRAPPER-FIX match=7 subtype1=0..0x840->0..0x820 wrappers=1 range=0x840..0x858->0x820..0x838
#### MTL_TEX TLS set iosurface=0x600a92ac0 id=0x12d plane=0 compressionHeaderSpan=0 (thread=0x1e88e5e00 addr=0x0)
#### AGX_MAP_AUDIT #20 tex=0x601046180 impl=0x601045c80 iosurface(arg=0x600a92ac0 bound=0x600a92ac0) plane=0 cpu130=0x11a518000 gpu40=0x1502250000 descriptorOff=0x190 descriptorLayout=0 compressed=0 extended=0 match=1
#### AGX_LIFE DESTROY id=0x3b type=0 surf=0 bytes=0x4000 kr=0 okC=117 failC=0 okD=4 failD=0 unmatchedD=0 full=0 live=113/35MB [t0=92/7MB t80=0/0MB t82=21/27MB]
#### AGX_LIFE DESTROY id=0x3f type=0 surf=0 bytes=0x4000 kr=0 okC=117 failC=0 okD=5 failD=0 unmatchedD=0 full=0 live=112/35MB [t0=91/7MB t80=0/0MB t82=21/27MB]
#### AGX_LIFE DESTROY id=0x4c type=0 surf=0 bytes=0x10000 kr=0 okC=117 failC=0 okD=6 failD=0 unmatchedD=0 full=0 live=111/35MB [t0=90/7MB t80=0/0MB t82=21/27MB]
#### AGX_LIFE DESTROY id=0x56 type=0 surf=0 bytes=0x20000 kr=0 okC=117 failC=0 okD=7 failD=0 unmatchedD=0 full=0 live=110/34MB [t0=89/7MB t80=0/0MB t82=21/27MB]
#### AGX_LIFE DESTROY id=0x42 type=0 surf=0 bytes=0x4000 kr=0 okC=117 failC=0 okD=8 failD=0 unmatchedD=0 full=0 live=109/34MB [t0=88/7MB t80=0/0MB t82=21/27MB]
#### AGX_LIFE DESTROY id=0x2 type=0 surf=0 bytes=0x4000 kr=0 okC=117 failC=0 okD=9 failD=0 unmatchedD=0 full=0 live=108/34MB [t0=87/7MB t80=0/0MB t82=21/27MB]
#### AGX_LIFE DESTROY id=0x3 type=0 surf=0 bytes=0x4000 kr=0 okC=117 failC=0 okD=10 failD=0 unmatchedD=0 full=0 live=107/34MB [t0=86/7MB t80=0/0MB t82=21/27MB]
#### AGX_MAP_AUDIT #21 tex=0x600c95000 impl=0x600c94d80 iosurface(arg=0x600a92a00 bound=0x600a92a00) plane=0 cpu130=0x11a96c000 gpu40=0x15026c8000 descriptorOff=0x190 descriptorLayout=0 compressed=0 extended=0 match=1
#### AGX_SUBMIT_DIAG #19 TEMP-KCMD-TRAILING-WRAPPER-FIX match=8 subtype1=0..0x840->0..0x820 wrappers=1 range=0x840..0x858->0x820..0x838
#### AGX_LIFE DESTROY id=0x67 type=0 surf=0 bytes=0x4000 kr=0 okC=118 failC=0 okD=11 failD=0 unmatchedD=0 full=0 live=107/38MB [t0=85/7MB t80=0/0MB t82=22/31MB]
#### AGX_MAP_AUDIT #22 tex=0x601046900 impl=0x601046b80 iosurface(arg=0x600a92d40 bound=0x600a92d40) plane=0 cpu130=0x11ad3c000 gpu40=0x1502aa0000 descriptorOff=0x190 descriptorLayout=0 compressed=0 extended=0 match=1
#### AGX_LIFE DESTROY id=0x3b type=0 surf=0 bytes=0x4000 kr=0 okC=120 failC=0 okD=12 failD=0 unmatchedD=0 full=0 live=108/42MB [t0=85/7MB t80=0/0MB t82=23/35MB]
#### AGX_MAP_AUDIT #23 tex=0x601047f80 impl=0x601047a80 iosurface(arg=0x600a97cc0 bound=0x600a97cc0) plane=0 cpu130=0x11b10c000 gpu40=0x1502e78000 descriptorOff=0x190 descriptorLayout=0 compressed=0 extended=0 match=1
#### MTL_TEX LEASE-NEW #14 key=256x64-pf10-bpe1-fcc1278226488 entry=0x600cd46b0 surf=0x600a90de0 tex=0x601049b00 retain=2 baseline=1 bpr=256 alloc=16KB shapeEntries=2 pool=4MB map=LINEAR
#### AGX_MAP_AUDIT #24 tex=0x601049b00 impl=0x601049880 iosurface(arg=0x600a90de0 bound=0x600a90de0) plane=0 cpu130=0x10ce74000 gpu40=0x1500000000 descriptorOff=0x190 descriptorLayout=0 compressed=0 extended=0 match=1
#### AGX_MAP_AUDIT #25 tex=0x601049380 impl=0x601046e00 iosurface(arg=0x600a92b60 bound=0x600a92b60) plane=0 cpu130=0x11b4dc000 gpu40=0x1503250000 descriptorOff=0x190 descriptorLayout=0 compressed=0 extended=0 match=1
#### AGX_MAP_AUDIT #26 tex=0x60104aa00 impl=0x601049100 iosurface(arg=0x600a92c00 bound=0x600a92c00) plane=0 cpu130=0x11b548000 gpu40=0x15032c0000 descriptorOff=0x190 descriptorLayout=0 compressed=0 extended=0 match=1
#### AGX_LIFE DESTROY id=0x42 type=0 surf=0 bytes=0x4000 kr=0 okC=126 failC=0 okD=13 failD=0 unmatchedD=0 full=0 live=113/50MB [t0=86/7MB t80=0/0MB t82=27/43MB]
#### AGX_MAP_AUDIT #27 tex=0x60104b180 impl=0x60104b680 iosurface(arg=0x600a962c0 bound=0x600a962c0) plane=0 cpu130=0x11b918000 gpu40=0x1503698000 descriptorOff=0x190 descriptorLayout=0 compressed=0 extended=0 match=1
#### AGX_MAP_AUDIT #28 tex=0x60104d200 impl=0x60104d700 iosurface(arg=0x600a965a0 bound=0x600a965a0) plane=0 cpu130=0x11bce8000 gpu40=0x1503a70000 descriptorOff=0x190 descriptorLayout=0 compressed=0 extended=0 match=1
#### AGX_LIFE DESTROY id=0x74 type=0 surf=0 bytes=0x4000 kr=0 okC=129 failC=0 okD=14 failD=0 unmatchedD=0 full=0 live=115/58MB [t0=86/7MB t80=0/0MB t82=29/51MB]
#### AGX_MAP_AUDIT #29 tex=0x60104d980 impl=0x601049d80 iosurface(arg=0x600a93280 bound=0x600a93280) plane=0 cpu130=0x11c0b8000 gpu40=0x1503e48000 descriptorOff=0x190 descriptorLayout=0 compressed=0 extended=0 match=1
#### AGX_LIFE DESTROY id=0x75 type=0 surf=0 bytes=0x4000 kr=0 okC=131 failC=0 okD=15 failD=0 unmatchedD=0 full=0 live=116/61MB [t0=86/7MB t80=0/0MB t82=30/54MB]
#### MACWS_HID_BYPASS installed SetMatchingMultiple → no-op (1) at 0x190a75e8c — skips iOS-format CFBinaryPlist parse inside
####   IOHIDEventSystemClientCacheMatchingServices → IOHIDUnserializeAndVMDealloc → CFPropertyListCreateFromStream
####   that BUS_ADRALNs in the IOMFBServer thread.
#### MACWS_AGX_RENAMER_PATCH: off (set MACWS_AGX_RENAMER_PATCH=1 to enable)
#### MACWS_ASSERT_BYPASS DISABLED (set MACWS_KEEP_ASSERT_BYPASS=1 to restore lazy bypass) — real __assert_rtn now reaches abort
#### MACWS_AGX_NATIVE [ctor] pre-loaded IOGPU via /System/Library/PrivateFrameworks/IOGPU.framework/IOGPU -> 0x3bedacc10
#### XPC_BOOTSTRAP: fn=0x18d62d140 dict=0x11c705930 (registering Metal/ViewBridge/HIServices)
#### XPC_BOOTSTRAP: called OK
#### COEXIST API SwapEnd hook installed target=0x19850b1cc trampoline=0x102cb4000
#### SkyLight PrepareForUse tolerate-nil hook installed at 0x1928ecfc4
#### SkyLight StartCompositeForDisplayStream nil-skip hook installed at 0x192715d74
#### SkyLight StartComposite(WSCD) tolerate-nil + pop-on-bail hook installed at 0x192715358
#### SkyLight StartComposite(MTLTex) pop-on-bail hook installed at 0x192715fb8
#### SkyLight EndCurrentComposite(bool) completion hook installed at 0x19271453c
#### SkyLight EndUpdate(bool) submission hook installed at 0x1927140b0
#### SkyLight _state_stack pop_back resolved at 0x192712fa0
#### SkyLight WSCompositeDestinationCreateWithMetalTexture nil-tolerate hook installed at 0x19271853c
#### SkyLight MetalContext::StopCapture invalid-this guard installed at 0x1927141bc
#### MACWS_AGX_NATIVE class_addMethod(MTLTextureDescriptor, validateWithDevice:) = 1
#### MACWS_AGX_NATIVE class_addMethod(IOGPUMetalTexture, isMemoryless) = 1
#### MACWS_AGX_NATIVE class_addMethod(IOGPUMetalTexture, getCPUSizeBytes) = 1
#### MACWS_AGX_NATIVE class_addMethod(IOGPUMetalTexture, getAlignment) = 1
#### MACWS_AGX_NATIVE class_addMethod(IOGPUMetalTexture, descriptorPrivate) = 1
#### MACWS_AGX_NATIVE class_addMethod(IOGPUMetalTexture, getBytesPerRow) = 1
#### MACWS_AGX_NATIVE class_addMethod(IOGPUMetalTexture, updateBindDataWithAddresses:gpuVirtualAddress:) = 1
#### MACWS_AGX_NATIVE class_addMethod(IOGPUMetalTexture, updateBindDataWithAddresses:gpuVirtualAddress:shouldInitMetadata:) = 1
#### MACWS_AGX_NATIVE class_addMethod(IOGPUMetalTexture, allocBufferSubDataWithLength:options:alignment:heapIndex:bufferIndex:bufferOffset:) = 1
#### MACWS_AGX_NATIVE class_addMethod(IOGPUMetalTexture, initNewTextureData:) = 1
#### MACWS_AGX_NATIVE class_addMethod(MTLTextureDescriptor, isMemoryless) = 1
#### MACWS_AGX_NATIVE class_addMethod(MTLTextureDescriptor, protectionOptions) = 1
#### MACWS_AGX_NATIVE class_addMethod(MTLTextureDescriptor, getCPUSizeBytes) = 1
#### MACWS_AGX_NATIVE class_addMethod(MTLTextureDescriptor, getAlignment) = 1
#### MACWS_AGX_NATIVE class_addMethod(MTLTextureDescriptor, descriptorPrivate) = 1
#### MACWS_AGX_NATIVE class_addMethod(MTLTextureDescriptor, getBytesPerRow) = 1
#### MACWS_AGX_NATIVE class_addMethod(MTLTextureDescriptor, updateBindDataWithAddresses:gpuVirtualAddress:) = 1
#### MACWS_AGX_NATIVE class_addMethod(MTLTextureDescriptor, updateBindDataWithAddresses:gpuVirtualAddress:shouldInitMetadata:) = 1
#### MACWS_AGX_NATIVE class_addMethod(MTLTextureDescriptor, allocBufferSubDataWithLength:options:alignment:heapIndex:bufferIndex:bufferOffset:) = 1
#### MACWS_AGX_NATIVE class_addMethod(MTLTextureDescriptor, initNewTextureData:) = 1
#### AGX_LIFE DESTROY id=0x38 type=0x82 surf=0xa2 bytes=0x30000 kr=0 okC=131 failC=0 okD=16 failD=0 unmatchedD=0 full=0 live=115/61MB [t0=86/7MB t80=0/0MB t82=29/54MB]
#### IOSURFACE-RELEASE-ABI pair #2: conn=15367 surfaceID=162 sel=1 -> 0
#### AGX_MAP_AUDIT #30 tex=0x600989100 impl=0x600989380 iosurface(arg=0x600a96ca0 bound=0x600a96ca0) plane=0 cpu130=0x11c488000 gpu40=0x1504220000 descriptorOff=0x190 descriptorLayout=0 compressed=0 extended=0 match=1
#### MTL_TEX LEASE-NEW #15 key=512x128-pf10-bpe1-fcc1278226488 entry=0x600abf660 surf=0x600a969e0 tex=0x60104ed80 retain=2 baseline=1 bpr=512 alloc=64KB shapeEntries=1 pool=4MB map=LINEAR
#### AGX_MAP_AUDIT #31 tex=0x60104ed80 impl=0x60104bb80 iosurface(arg=0x600a969e0 bound=0x600a969e0) plane=0 cpu130=0x10d10c000 gpu40=0x1501730000 descriptorOff=0x190 descriptorLayout=0 compressed=0 extended=0 match=1
#### MTL_TEX LEASE-NEW #16 key=2048x256-pf10-bpe1-fcc1278226488 entry=0x600cd7860 surf=0x600a96ba0 tex=0x60104fa00 retain=2 baseline=1 bpr=2048 alloc=512KB shapeEntries=1 pool=4MB map=LINEAR
#### JIT-FAULT-WRITE restore #3072 pages=1 overflow=0 write_faults=3402 exec_waits=162 late_retries=61
#### MTL_TEX LEASE-NEW #17 key=2048x512-pf10-bpe1-fcc1278226488 entry=0x600cd86a0 surf=0x600a98dc0 tex=0x6012d2580 retain=2 baseline=1 bpr=2048 alloc=1024KB shapeEntries=1 pool=5MB map=LINEAR
#### JIT-FAULT-WRITE restore #6144 pages=1 overflow=0 write_faults=6772 exec_waits=399 late_retries=97
#### MTL_TEX LEASE-NEW #18 key=128x32-pf80-bpe4-fcc1111970369 entry=0x600cdb730 surf=0x600a99760 tex=0x6012d5c80 retain=2 baseline=1 bpr=512 alloc=16KB shapeEntries=1 pool=5MB map=LINEAR
#### AMFI-POLICY-COMPAT policy=AMFI op=0x60 status=0x4 (iOS task ports are hard-immovable)
#### CSR-POLICY-COMPAT active_config=0x0 (conservative iOS compatibility value)
[48207:0729/190122.471984:ERROR:base/process/process_mac.cc:53] task_policy_set TASK_CATEGORY_POLICY: (os/kern) invalid argument (4)
2026-07-29 19:01:22.474 Code Helper (Renderer)[48207:12770955] XType: Using static font registry.
#### JIT-MPROTECT range[0]=[0x280000000,0x290000000) source=MAP_JIT-EINVAL
#### JIT-MPROTECT execution barrier installed (W^X fetch-wait compatibility)
#### JIT-MPROTECT range[0]=[0x280000000,0x290000000) source=MAP_JIT-EINVAL
#### JIT-MPROTECT range[0]=[0x280000000,0x290000000) source=MAP_JIT-EINVAL
#### JIT-MPROTECT range[0]=[0x280000000,0x290000000) source=MAP_JIT-EINVAL
#### JIT-MPROTECT range[0]=[0x280000000,0x290000000) source=MAP_JIT-EINVAL
#### JIT-MPROTECT range[0]=[0x280000000,0x290000000) source=MAP_JIT-EINVAL
#### JIT-MPROTECT range[0]=[0x280000000,0x290000000) source=MAP_JIT-EINVAL
#### JIT-MPROTECT range[0]=[0x280000000,0x290000000) source=MAP_JIT-EINVAL
#### JIT-MPROTECT range[0]=[0x170000000,0x180000000) source=MAP_JIT-EINVAL
#### JIT-MPROTECT remap decline #1 dst=0x177dc0000 size=0x208000 src=0x112218000 requested=0x5 -> V8 copy fallback
#### JIT-MPROTECT flip #1 ranges=1 prot=RX writers=0 exec_waits=0 late_retries=0
#### JIT-FAULT-WRITE restore #1 pages=130 overflow=0 write_faults=130 exec_waits=0 late_retries=0
#### JIT-FAULT-WRITE restore #2 pages=1 overflow=0 write_faults=131 exec_waits=0 late_retries=0
#### JIT-FAULT-WRITE restore #3 pages=1 overflow=0 write_faults=132 exec_waits=0 late_retries=0
#### JIT-FAULT-WRITE restore #4 pages=1 overflow=0 write_faults=133 exec_waits=0 late_retries=0
#### JIT-FAULT-WRITE restore #5 pages=1 overflow=0 write_faults=134 exec_waits=0 late_retries=0
#### JIT-FAULT-WRITE restore #6 pages=1 overflow=0 write_faults=135 exec_waits=0 late_retries=0
#### JIT-FAULT-WRITE restore #7 pages=1 overflow=0 write_faults=136 exec_waits=0 late_retries=0
#### JIT-FAULT-WRITE restore #8 pages=1 overflow=0 write_faults=137 exec_waits=0 late_retries=0
#### JIT-FAULT-WRITE restore #9 pages=1 overflow=0 write_faults=138 exec_waits=0 late_retries=0
#### JIT-FAULT-WRITE restore #10 pages=1 overflow=0 write_faults=139 exec_waits=0 late_retries=0
#### JIT-FAULT-WRITE restore #11 pages=1 overflow=0 write_faults=140 exec_waits=0 late_retries=0
#### JIT-FAULT-WRITE restore #12 pages=1 overflow=0 write_faults=141 exec_waits=0 late_retries=0
#### JIT-FAULT-WRITE restore #13 pages=1 overflow=0 write_faults=142 exec_waits=0 late_retries=0
#### JIT-FAULT-WRITE restore #14 pages=1 overflow=0 write_faults=143 exec_waits=0 late_retries=0
#### JIT-FAULT-WRITE restore #15 pages=1 overflow=0 write_faults=144 exec_waits=0 late_retries=0
#### JIT-FAULT-WRITE restore #16 pages=1 overflow=0 write_faults=145 exec_waits=0 late_retries=0
#### JIT-FAULT-WRITE restore #17 pages=1 overflow=0 write_faults=146 exec_waits=0 late_retries=0
#### JIT-FAULT-WRITE restore #18 pages=1 overflow=0 write_faults=147 exec_waits=0 late_retries=0
#### JIT-FAULT-WRITE restore #19 pages=1 overflow=0 write_faults=148 exec_waits=0 late_retries=0
#### JIT-FAULT-WRITE restore #20 pages=1 overflow=0 write_faults=149 exec_waits=0 late_retries=0
#### JIT-FAULT-WRITE restore #21 pages=1 overflow=0 write_faults=150 exec_waits=0 late_retries=0
#### JIT-FAULT-WRITE restore #22 pages=1 overflow=0 write_faults=151 exec_waits=0 late_retries=0
#### JIT-FAULT-WRITE restore #23 pages=1 overflow=0 write_faults=152 exec_waits=0 late_retries=0
#### JIT-FAULT-WRITE restore #24 pages=1 overflow=0 write_faults=153 exec_waits=0 late_retries=0
#### JIT-FAULT-WRITE restore #25 pages=1 overflow=0 write_faults=154 exec_waits=0 late_retries=0
#### JIT-FAULT-WRITE restore #26 pages=1 overflow=0 write_faults=155 exec_waits=0 late_retries=0
#### JIT-FAULT-WRITE restore #27 pages=1 overflow=0 write_faults=156 exec_waits=0 late_retries=0
#### JIT-FAULT-WRITE restore #28 pages=1 overflow=0 write_faults=157 exec_waits=0 late_retries=0
#### JIT-FAULT-WRITE restore #29 pages=1 overflow=0 write_faults=158 exec_waits=0 late_retries=0
#### JIT-FAULT-WRITE restore #30 pages=1 overflow=0 write_faults=159 exec_waits=0 late_retries=0
#### JIT-FAULT-WRITE restore #31 pages=1 overflow=0 write_faults=160 exec_waits=0 late_retries=0
#### JIT-FAULT-WRITE restore #32 pages=1 overflow=0 write_faults=161 exec_waits=0 late_retries=0
[48174:0729/190122.574063:ERROR:net/cert/internal/trust_store_mac.cc:773] SecItemCopyMatching error: Error Domain=NSOSStatusErrorDomain Code=-50 "paramErr: error in user parameter list" (-50)
#### JIT-FAULT-WRITE restore #7168 pages=1 overflow=0 write_faults=7864 exec_waits=433 late_retries=115
#### TRACE -[AGXBuffer initUntracked] self=0x60106ea00 dev=0x6001d2000 len=3072 opt=0 -> 0x60106ea00
#### TRACE -[AGXBuffer initUntracked] self=0x600baee80 dev=0x6001d2000 len=3072 opt=0 -> 0x600baee80
#### TRACE -[AGXBuffer initUntracked] self=0x600bae880 dev=0x6001d2000 len=512 opt=0 -> 0x600bae880
#### AGX_SUBMIT_DIAG #89 TEMP-KCMD-TRAILING-WRAPPER-FIX match=16 subtype1=0..0x840->0..0x820 wrappers=1 range=0x840..0x858->0x820..0x838
#### MTL_TEX LEASE-NEW #19 key=1728x1344-pf80-bpe4-fcc1111970369 entry=0x600cde100 surf=0x600a9aaa0 tex=0x601048e80 retain=2 baseline=1 bpr=6912 alloc=9072KB shapeEntries=1 pool=14MB map=LINEAR
#### VNC-FINAL candidate #1 tex=0x601048e80 class=AGXG13GFamilyTexture tex=1728x1344 pf=80 usage=0x7 storage=0 hazard=2 surface=0x600a9aaa0 1728x1344 bpr=6912
#### AGX_SUBMIT_DIAG #98 subtype1-predicate scalar0=0x1 legacy-scalar-gate=1 total=0x840/1 seglen=0x170/1 seghdr=1 cmdtotal=1 d8=1 pad1=1 f1=1 sent1=1 pad2=1 f2=1 sent2=1
#### AGXIOC Method sel=0x18->0x14 inCnt=0 inSC=0 outSC=0 -> 0x0
#### AGXIOC Method sel=0x18->0x14 inCnt=0 inSC=0 outSC=0 -> 0x0
#### AGX_SUBMIT_DIAG #98 descriptor[0] KCMD-type1-observed saved=0x840/0x840 path=/tmp/macws_submit_kcmd_98_0_type1-observed.bin errno=0
#### AGX_SUBMIT_DIAG #98 descriptor[0] segment saved=0x170/0x170 path=/tmp/macws_submit_segment_98_0.bin errno=0
#### AGX_SUBMIT_DIAG #98 TEMP-KCMD-ABI-FIX subtype1-clear pads=0x1c0,0x4c0 total=0x840->0x820 size=0x7e8->0x7c8 end=0x818->0x7f8 segment-span=0x820
#### VNC-FINAL candidate #2 tex=0x601583480 class=AGXG13GFamilyTexture tex=1728x1344 pf=80 usage=0x5 storage=0 hazard=2 surface=0x600a9bd80 1728x1344 bpr=6912
#### AGX_SUBMIT_DIAG #100 subtype1-predicate scalar0=0x1 legacy-scalar-gate=1 total=0x840/1 seglen=0x130/1 seghdr=1 cmdtotal=1 d8=1 pad1=1 f1=1 sent1=1 pad2=1 f2=1 sent2=1
#### AGXIOC Method sel=0x19->0x15 inCnt=1 inSC=0 outSC=0 -> 0x0
#### AGXIOC Method sel=0x19->0x15 inCnt=1 inSC=0 outSC=0 -> 0x0
#### AGX_SUBMIT_DIAG #100 descriptor[0] KCMD-type1-observed saved=0x840/0x840 path=/tmp/macws_submit_kcmd_100_0_type1-observed.bin errno=0
#### AGX_SUBMIT_DIAG #100 descriptor[0] segment saved=0x130/0x130 path=/tmp/macws_submit_segment_100_0.bin errno=0
#### AGX_SUBMIT_DIAG #100 TEMP-KCMD-ABI-FIX subtype1-clear pads=0x1c0,0x4c0 total=0x840->0x820 size=0x7e8->0x7c8 end=0x818->0x7f8 segment-span=0x820
#### MTL_TEX LEASE-NEW #20 key=64x64-pf70-bpe4-fcc1380401729 entry=0x600cde6d0 surf=0x600a9c3e0 tex=0x601587f80 retain=2 baseline=1 bpr=256 alloc=16KB shapeEntries=1 pool=14MB map=LINEAR
#### AGX_SUBMIT_DIAG #102 subtype1-predicate scalar0=0x1 legacy-scalar-gate=1 total=0x840/1 seglen=0x130/1 seghdr=1 cmdtotal=1 d8=1 pad1=1 f1=1 sent1=1 pad2=1 f2=1 sent2=1
#### AGX_SUBMIT_DIAG #102 descriptor[0] KCMD-type1-observed saved=0x840/0x840 path=/tmp/macws_submit_kcmd_102_0_type1-observed.bin errno=0
#### AGX_SUBMIT_DIAG #102 descriptor[0] segment saved=0x130/0x130 path=/tmp/macws_submit_segment_102_0.bin errno=0
#### AGX_SUBMIT_DIAG #102 TEMP-KCMD-ABI-FIX subtype1-clear pads=0x1c0,0x4c0 total=0x840->0x820 size=0x7e8->0x7c8 end=0x818->0x7f8 segment-span=0x820
#### VNC-FINAL candidate #3 tex=0x601584600 class=AGXG13GFamilyTexture tex=1024x1024 pf=80 usage=0x5 storage=0 hazard=2 surface=0x600a9ad60 1024x1024 bpr=4096
#### MTL_TEX plain DEPTH-STENCIL: pf=260 routing to native AGX path (IOSurface backing is invalid)
#### AGXIOC sel=0x9 type=0 args+0x14=0x2430 → 0x430 (stripped macOS-only bits 0x2800)
#### MTL_TEX plain DEPTH-STENCIL native result: 0x601588700 class=AGXG13GFamilyTexture
#### MTL_TEX LEASE-NEW #21 key=1x1-pf70-bpe4-fcc1380401729 entry=0x600cddbf0 surf=0x600a9c840 tex=0x601589100 retain=2 baseline=1 bpr=128 alloc=16KB shapeEntries=1 pool=14MB map=LINEAR
#### MTL_TEX LEASE-NEW #22 key=8x8-pf70-bpe4-fcc1380401729 entry=0x600abfe70 surf=0x600a9c880 tex=0x60158a500 retain=2 baseline=1 bpr=128 alloc=16KB shapeEntries=1 pool=14MB map=LINEAR
#### MTL_TEX LEASE-NEW #23 key=2x1-pf70-bpe4-fcc1380401729 entry=0x6016401b0 surf=0x600a9b620 tex=0x60158af00 retain=2 baseline=1 bpr=128 alloc=16KB shapeEntries=1 pool=14MB map=LINEAR
#### MTL_TEX LEASE-NEW #24 key=1x1-pf70-bpe4-fcc1380401729 entry=0x601641080 surf=0x600a9c8e0 tex=0x60158b680 retain=2 baseline=1 bpr=128 alloc=16KB shapeEntries=2 pool=14MB map=LINEAR
#### MTL_TEX LEASE-NEW #25 key=6x1-pf70-bpe4-fcc1380401729 entry=0x601640f30 surf=0x600a9c560 tex=0x60158be00 retain=2 baseline=1 bpr=128 alloc=16KB shapeEntries=1 pool=14MB map=LINEAR
#### MTL_TEX LEASE-NEW #26 key=1x1-pf70-bpe4-fcc1380401729 entry=0x6016413b0 surf=0x600a9cdc0 tex=0x60158c580 retain=2 baseline=1 bpr=128 alloc=16KB shapeEntries=3 pool=14MB map=LINEAR
#### MTL_TEX LEASE-NEW #27 key=1x1-pf70-bpe4-fcc1380401729 entry=0x6016417d0 surf=0x600a9c600 tex=0x60158ca80 retain=2 baseline=1 bpr=128 alloc=16KB shapeEntries=4 pool=14MB map=LINEAR
#### MTL_TEX MIP-NATIVE attempt=1 w=6 h=1 pf=70 mips=3 storage=0 usage=0x7
0   libmachook_arm64.dylib              0x0000000100588464 -[MTLFakeDevice hooked_newTextureWithDescriptor:] + 1560
1   libGLESv2.dylib                     0x000000010979f714 glStartTilingQCOM + 2731796
2   libGLESv2.dylib                     0x00000001097b2b48 glStartTilingQCOM + 2810696
3   libGLESv2.dylib                     0x00000001097b1e40 glStartTilingQCOM + 2807360
4   libGLESv2.dylib                     0x00000001097b1ccc glStartTilingQCOM + 2806988
5   libGLESv2.dylib                     0x0000000109788b70 glStartTilingQCOM + 2638704
6   libGLESv2.dylib                     0x0000000109788654 glStartTilingQCOM + 2637396
7   libGLESv2.dylib                     0x000000010978c26c glStartTilingQCOM + 2652780
8   libGLESv2.dylib                     0x0000000109676b6c glStartTilingQCOM + 1516396
9   libGLESv2.dylib                     0x000000010966f3c0 glStartTilingQCOM + 1485760
10  libGLESv2.dylib                     0x00000001094dca18 GL_DrawElements + 656
11  Electron Framework                  0x00000001135cda20 rust_bmp$cxxbridge1$194$Reader$image_data_loaded + 317312
12  Electron Framework                  0x00000001135e6a60 rust_bmp$cxxbridge1$194$Reader$image_data_loaded + 419776
13  Electron Framework                  0x000000010d8b7194 _ZN4node19async_context_frame8exchangeEPN2v87IsolateENS1_5LocalINS1_5ValueEEE + 26820
14  Electron Framework                  0x000000010d8b6240 _ZN4node19async_context_frame8exchangeEPN2v87IsolateENS1_5LocalINS1_5ValueEEE + 22896
15  Electron Framework                  0x000000010d8b5f24 _ZN4node19async_context_frame8exchangeEPN2v87IsolateENS1_5LocalINS1_5ValueEEE + 22100
16  Electron Framework                  0x000000010f6ded78 _ZNK2v88internal8compiler23CompilationDependencies31FieldTypeDependencyOffTheRecordENS1_6MapRefES3_NS0_13InternalIndexENS1_9ObjectRefE + 783760
17  Electron Framework                  0x000000010f64afbc _ZNK2v88internal8compiler23CompilationDependencies31FieldTypeDependencyOffTheRecordENS1_6MapRefES3_NS0_13InternalIndexENS1_9ObjectRefE + 178132
18  Electron Framework                  0x000000010de3aac8 _ZNK4node14PrincipalRealm25async_hooks_init_functionEv + 81964
19  Electron Framework                  0x000000010d35ba34 _ZN2v815MicrotasksScopeC1ENS_5LocalINS_7ContextEEENS0_4TypeE + 6788
#### AGXIOC subres parent 0x20000 -> resourceID 0xba, base=0x121bbc000 span=0x20000
#### AGXIOC POST-PATCH sel=0x9 type=0x80 inStructCnt=104 (bytes that hit kernel):
    +0000: 80 00 00 00 00 00 00 00 06 00 01 00 01 00 00 00
    +0x10: 01 03 00 04 30 04 00 00 00 00 00 00 00 00 00 00
    +0x20: 00 00 00 00 00 00 00 00 00 00 00 00 00 00 00 00
    +0x30: 00 c0 bb 21 01 00 00 00 00 c0 bb 21 01 00 00 00
    +0x40: 00 00 02 00 00 00 00 00 ba 00 00 00 00 00 00 00
    +0x50: ba 00 00 00 00 00 00 00 00 8f 88 81 01 00 00 00
    +0x60: 00 00 00 00 00 00 00 00
#### AGXIOC POST-CALL sel=0x9 type=0x80 -> kr=0
#### MTL_TEX MIP-NATIVE result attempt=1 tex=0x60158fc80 class=AGXG13GFamilyTexture
#### MTL_TEX LEASE-HIT #1 key=1x1-pf70-bpe4-fcc1380401729 entry=0x6016413b0 surf=0x600a9cdc0 tex=0x60158c580 retain=1 baseline=1 shapeEntries=4 pool=14MB
#### VNC-FINAL candidate #4 tex=0x60158f000 class=AGXG13GFamilyTexture tex=1024x1024 pf=80 usage=0x5 storage=0 hazard=2 surface=0x600a9b520 1024x1024 bpr=4096
#### AGXIOC Method sel=0x18->0x14 inCnt=0 inSC=0 outSC=0 -> 0x0
#### MTL_TEX LEASE-HIT #2 key=1x1-pf70-bpe4-fcc1380401729 entry=0x601641080 surf=0x600a9c8e0 tex=0x60158b680 retain=1 baseline=1 shapeEntries=4 pool=14MB
#### MTL_TEX LEASE-NEW #28 key=1x1-pf70-bpe4-fcc1380401729 entry=0x6009c2880 surf=0x600a9d940 tex=0x601582800 retain=2 baseline=1 bpr=128 alloc=16KB shapeEntries=5 pool=14MB map=LINEAR
#### MTL_TEX LEASE-NEW #29 key=1x1-pf70-bpe4-fcc1380401729 entry=0x601642a00 surf=0x600a9d920 tex=0x6016b0780 retain=2 baseline=1 bpr=128 alloc=16KB shapeEntries=6 pool=14MB map=LINEAR
#### MTL_TEX LEASE-NEW #30 key=1x1-pf70-bpe4-fcc1380401729 entry=0x601642520 surf=0x600a9d8e0 tex=0x6016b0000 retain=2 baseline=1 bpr=128 alloc=16KB shapeEntries=7 pool=14MB map=LINEAR
#### MTL_TEX LEASE-NEW #31 key=1x1-pf70-bpe4-fcc1380401729 entry=0x601641ec0 surf=0x600a9d900 tex=0x6016b1900 retain=2 baseline=1 bpr=128 alloc=16KB shapeEntries=8 pool=14MB map=LINEAR
#### AGX_LIFE CREATE id=0xce type=0 surf=0 bytes=0x4000 kr=0 okC=250 failC=0 okD=44 failD=0 unmatchedD=0 full=0 live=206/144MB [t0=139/34MB t80=1/0MB t82=66/109MB]
#### MTL_TEX LEASE-NEW #32 key=1x1-pf70-bpe4-fcc1380401729 entry=0x601642550 surf=0x600a99540 tex=0x6016b1e00 retain=2 baseline=1 bpr=128 alloc=16KB shapeEntries=9 pool=14MB map=LINEAR
#### MTL_TEX LEASE-NEW #33 key=1x1-pf70-bpe4-fcc1380401729 entry=0x601641e90 surf=0x600a9d960 tex=0x6016b2300 retain=2 baseline=1 bpr=128 alloc=16KB shapeEntries=10 pool=14MB map=LINEAR
#### MTL_TEX LEASE-NEW #34 key=1x1-pf70-bpe4-fcc1380401729 entry=0x601642ac0 surf=0x600a9d280 tex=0x6016b2800 retain=2 baseline=1 bpr=128 alloc=16KB shapeEntries=11 pool=15MB map=LINEAR
#### MTL_TEX LEASE-NEW #35 key=1x1-pf70-bpe4-fcc1380401729 entry=0x601642f70 surf=0x600a9d340 tex=0x6016b2d00 retain=2 baseline=1 bpr=128 alloc=16KB shapeEntries=12 pool=15MB map=LINEAR
#### MTL_TEX LEASE-NEW #36 key=1x1-pf70-bpe4-fcc1380401729 entry=0x600cd9d80 surf=0x600a9d540 tex=0x6016b3980 retain=2 baseline=1 bpr=128 alloc=16KB shapeEntries=13 pool=15MB map=LINEAR
#### MTL_TEX LEASE-NEW #37 key=1x1-pf70-bpe4-fcc1380401729 entry=0x6016431e0 surf=0x600a9d5a0 tex=0x6016b4100 retain=2 baseline=1 bpr=128 alloc=16KB shapeEntries=14 pool=15MB map=LINEAR
#### MTL_TEX LEASE-NEW #38 key=1x1-pf70-bpe4-fcc1380401729 entry=0x6016435d0 surf=0x600a9d4c0 tex=0x6016b4b00 retain=2 baseline=1 bpr=128 alloc=16KB shapeEntries=15 pool=15MB map=LINEAR
#### MTL_TEX LEASE-NEW #39 key=1x1-pf70-bpe4-fcc1380401729 entry=0x601643450 surf=0x600a9d520 tex=0x6016b5280 retain=2 baseline=1 bpr=128 alloc=16KB shapeEntries=16 pool=15MB map=LINEAR
#### MTL_TEX LEASE-NEW #40 key=1x1-pf70-bpe4-fcc1380401729 entry=0x6016438d0 surf=0x600a989e0 tex=0x6016b5a00 retain=2 baseline=1 bpr=128 alloc=16KB shapeEntries=17 pool=15MB map=LINEAR
#### MTL_TEX LEASE-NEW #41 key=1x1-pf70-bpe4-fcc1380401729 entry=0x601643630 surf=0x600a9ce40 tex=0x6016b6180 retain=2 baseline=1 bpr=128 alloc=16KB shapeEntries=18 pool=15MB map=LINEAR
#### MTL_TEX LEASE-NEW #42 key=1x1-pf70-bpe4-fcc1380401729 entry=0x601643ab0 surf=0x600a9d4e0 tex=0x6016b6b80 retain=2 baseline=1 bpr=128 alloc=16KB shapeEntries=19 pool=15MB map=LINEAR
#### MTL_TEX LEASE-NEW #43 key=1x1-pf70-bpe4-fcc1380401729 entry=0x601643e40 surf=0x600a9cc60 tex=0x6016b7300 retain=2 baseline=1 bpr=128 alloc=16KB shapeEntries=20 pool=15MB map=LINEAR
#### MTL_TEX LEASE-NEW #44 key=1x1-pf70-bpe4-fcc1380401729 entry=0x601643cc0 surf=0x600a9ab40 tex=0x6016b7a80 retain=2 baseline=1 bpr=128 alloc=16KB shapeEntries=21 pool=15MB map=LINEAR
#### MTL_TEX LEASE-NEW #45 key=1x1-pf70-bpe4-fcc1380401729 entry=0x601644050 surf=0x600a9d460 tex=0x6016b8200 retain=2 baseline=1 bpr=128 alloc=16KB shapeEntries=22 pool=15MB map=LINEAR
#### MTL_TEX LEASE-NEW #46 key=1x1-pf70-bpe4-fcc1380401729 entry=0x6016444d0 surf=0x600a95860 tex=0x6016b8980 retain=2 baseline=1 bpr=128 alloc=16KB shapeEntries=23 pool=15MB map=LINEAR
#### AGX_SUBMIT_DIAG #116 TEMP-KCMD-ABI-FIX off=0 size=0x1b8->0x1a8 end=0x1e8->0x1d8 moved=0x14 new-total=0x1e0
#### MTL_TEX LEASE-NEW #47 key=1684x1334-pf10-bpe1-fcc1278226488 entry=0x6016422b0 surf=0x60003ddc0 tex=0x6016b9100 retain=2 baseline=1 bpr=1792 alloc=2336KB shapeEntries=1 pool=17MB map=LINEAR
#### VNC-FINAL candidate #5 tex=0x6016b9100 class=AGXG13GFamilyTexture tex=1684x1334 pf=10 usage=0x7 storage=0 hazard=2 surface=0x60003ddc0 1684x1334 bpr=1792
#### MTL_TEX LEASE-NEW #48 key=842x667-pf10-bpe1-fcc1278226488 entry=0x601644230 surf=0x600a9bc00 tex=0x6016b9d80 retain=2 baseline=1 bpr=896 alloc=592KB shapeEntries=1 pool=18MB map=LINEAR
#### MTL_TEX LEASE-NEW #49 key=842x667-pf10-bpe1-fcc1278226488 entry=0x601644950 surf=0x600a9bc20 tex=0x6016baa00 retain=2 baseline=1 bpr=896 alloc=592KB shapeEntries=2 pool=18MB map=LINEAR
#### AGX_SUBMIT_DIAG #117 TEMP-KCMD-ABI-FIX off=0 size=0x1b8->0x1a8 end=0x1e8->0x1d8 moved=0x64 new-total=0x230
#### MTL_TEX LEASE-NEW #50 key=1x1-pf70-bpe4-fcc1380401729 entry=0x601642820 surf=0x600a9d220 tex=0x6016bbe00 retain=2 baseline=1 bpr=128 alloc=16KB shapeEntries=24 pool=18MB map=LINEAR
#### MTL_TEX LEASE-NEW #51 key=1x1-pf70-bpe4-fcc1380401729 entry=0x600cd9a80 surf=0x600a9a1c0 tex=0x6016bc080 retain=2 baseline=1 bpr=128 alloc=16KB shapeEntries=25 pool=18MB map=LINEAR
#### AGX_SUBMIT_DIAG #125 TEMP-KCMD-ABI-FIX off=0 size=0x1b8->0x1a8 end=0x1e8->0x1d8 moved=0x14 new-total=0x1e0
#### MTL_TEX LEASE-NEW #52 key=1x1-pf70-bpe4-fcc1380401729 entry=0x601646b40 surf=0x600a92a60 tex=0x6016bde80 retain=2 baseline=1 bpr=128 alloc=16KB shapeEntries=26 pool=18MB map=LINEAR
#### MTL_TEX LEASE-NEW #53 key=1x1-pf70-bpe4-fcc1380401729 entry=0x601644980 surf=0x600a98100 tex=0x6016be600 retain=2 baseline=1 bpr=128 alloc=16KB shapeEntries=27 pool=18MB map=LINEAR
#### MTL_TEX LEASE-NEW #54 key=1x1-pf70-bpe4-fcc1380401729 entry=0x6016470b0 surf=0x60003dde0 tex=0x6016bed80 retain=2 baseline=1 bpr=128 alloc=16KB shapeEntries=28 pool=18MB map=LINEAR
#### MTL_TEX LEASE-NEW #55 key=1x1-pf70-bpe4-fcc1380401729 entry=0x601646f30 surf=0x600a9cd80 tex=0x6016bf500 retain=2 baseline=1 bpr=128 alloc=16KB shapeEntries=29 pool=18MB map=LINEAR
#### MTL_TEX LEASE-NEW #56 key=1x1-pf70-bpe4-fcc1380401729 entry=0x601647290 surf=0x60003daa0 tex=0x6016bfc80 retain=2 baseline=1 bpr=128 alloc=16KB shapeEntries=30 pool=18MB map=LINEAR
#### MTL_TEX LEASE-NEW #57 key=1x1-pf70-bpe4-fcc1380401729 entry=0x601647710 surf=0x600a9cf60 tex=0x6018b0500 retain=2 baseline=1 bpr=128 alloc=16KB shapeEntries=31 pool=18MB map=LINEAR
#### MTL_TEX LEASE-NEW #58 key=1x1-pf70-bpe4-fcc1380401729 entry=0x6016475c0 surf=0x600a97be0 tex=0x6018b0f00 retain=2 baseline=1 bpr=128 alloc=16KB shapeEntries=32 pool=18MB map=LINEAR
#### MTL_TEX LEASE-NEW #59 key=1x1-pf70-bpe4-fcc1380401729 entry=0x601646990 surf=0x600a99d80 tex=0x6018b1e00 retain=2 baseline=1 bpr=128 alloc=16KB shapeEntries=33 pool=18MB map=LINEAR
#### MTL_TEX LEASE-NEW #60 key=1x1-pf70-bpe4-fcc1380401729 entry=0x601647830 surf=0x600a9c5e0 tex=0x6018b2580 retain=2 baseline=1 bpr=128 alloc=16KB shapeEntries=34 pool=18MB map=LINEAR
#### MTL_TEX LEASE-NEW #61 key=1x1-pf70-bpe4-fcc1380401729 entry=0x601647fb0 surf=0x600a9dae0 tex=0x6018b2d00 retain=2 baseline=1 bpr=128 alloc=16KB shapeEntries=35 pool=18MB map=LINEAR
#### MTL_TEX LEASE-NEW #62 key=1x1-pf70-bpe4-fcc1380401729 entry=0x601648310 surf=0x600a9cce0 tex=0x6018b3480 retain=2 baseline=1 bpr=128 alloc=16KB shapeEntries=36 pool=18MB map=LINEAR
#### TRACE -[AGXBuffer initUntracked] self=0x6017aeb80 dev=0x6001d2000 len=6144 opt=0 -> 0x6017aeb80
#### TRACE -[AGXBuffer initUntracked] self=0x60106ea00 dev=0x6001d2000 len=6144 opt=0 -> 0x60106ea00
#### TRACE -[AGXBuffer initUntracked] self=0x600baee80 dev=0x6001d2000 len=1024 opt=0 -> 0x600baee80
#### MTL_TEX LEASE-NEW #63 key=1x1-pf70-bpe4-fcc1380401729 entry=0x6016481c0 surf=0x600a9dfc0 tex=0x6018b3c00 retain=2 baseline=1 bpr=128 alloc=16KB shapeEntries=37 pool=18MB map=LINEAR
#### MTL_TEX LEASE-NEW #64 key=1x1-pf70-bpe4-fcc1380401729 entry=0x601648640 surf=0x600a9dfa0 tex=0x6018b4380 retain=2 baseline=1 bpr=128 alloc=16KB shapeEntries=38 pool=18MB map=LINEAR
#### AGX_SUBMIT_DIAG #126 TEMP-KCMD-ABI-FIX off=0 size=0x1b8->0x1a8 end=0x1e8->0x1d8 moved=0x14 new-total=0x1e0
#### AGX_LIFE CREATE id=0x148 type=0 surf=0 bytes=0x4000 kr=0 okC=500 failC=0 okD=106 failD=0 unmatchedD=0 full=0 live=394/151MB [t0=269/37MB t80=1/0MB t82=124/114MB]
#### MTL_TEX plain NON-2D: texType=5 → downgrading to 2D (IOSurface backing is 2D-only; native AGXTexture init's cascade returns a corrupt non-2D texture that SIGSEGVs in setFragmentTexture). The result is a real bindable 2D AGXG13GFamilyTexture; CA's placeholder bind needs a non-nil tex but doesn't actually sample it.
#### AGXIOC heap map #500 clientID 0x8000 -> resourceID 0x248 size 0x8000
#### AGX_LIFE CREATE id=0x284 type=0 surf=0 bytes=0x8000 kr=0 okC=750 failC=0 okD=106 failD=0 unmatchedD=0 full=0 live=644/156MB [t0=455/41MB t80=1/0MB t82=188/115MB]
#### AGX_LIFE CREATE id=0x37e type=0 surf=0 bytes=0x8000 kr=0 okC=1000 failC=0 okD=106 failD=0 unmatchedD=0 full=0 live=894/164MB [t0=705/48MB t80=1/0MB t82=188/115MB]
#### AGXIOC heap map #1000 clientID 0x8000 -> resourceID 0x43c size 0x8000
#### AGX_LIFE CREATE id=0x478 type=0 surf=0 bytes=0x8000 kr=0 okC=1250 failC=0 okD=106 failD=0 unmatchedD=0 full=0 live=1144/172MB [t0=955/57MB t80=1/0MB t82=188/115MB]
#### VNC-FINAL candidate #6 tex=0x6019dc800 class=AGXG13GFamilyTexture tex=1024x1024 pf=80 usage=0x5 storage=0 hazard=2 surface=0x601b001e0 1024x1024 bpr=4096
#### AGXIOC Method sel=0x18->0x14 inCnt=0 inSC=0 outSC=0 -> 0x0
#### AGXIOC Method sel=0x19->0x15 inCnt=1 inSC=0 outSC=0 -> 0x0
#### MTL_TEX MIP-NATIVE attempt=2 w=16 h=16 pf=70 mips=5 storage=0 usage=0x7
0   libmachook_arm64.dylib              0x0000000100588464 -[MTLFakeDevice hooked_newTextureWithDescriptor:] + 1560
1   libGLESv2.dylib                     0x000000010979f714 glStartTilingQCOM + 2731796
2   libGLESv2.dylib                     0x00000001097b2b48 glStartTilingQCOM + 2810696
3   libGLESv2.dylib                     0x00000001097b1e40 glStartTilingQCOM + 2807360
4   libGLESv2.dylib                     0x00000001097b1ccc glStartTilingQCOM + 2806988
5   libGLESv2.dylib                     0x0000000109788b70 glStartTilingQCOM + 2638704
6   libGLESv2.dylib                     0x0000000109788654 glStartTilingQCOM + 2637396
7   libGLESv2.dylib                     0x000000010978c26c glStartTilingQCOM + 2652780
8   libGLESv2.dylib                     0x0000000109676a9c glStartTilingQCOM + 1516188
9   Electron Framework                  0x00000001135ce4e8 rust_bmp$cxxbridge1$194$Reader$image_data_loaded + 320072
10  Electron Framework                  0x00000001135e6a60 rust_bmp$cxxbridge1$194$Reader$image_data_loaded + 419776
11  Electron Framework                  0x000000010d8b7194 _ZN4node19async_context_frame8exchangeEPN2v87IsolateENS1_5LocalINS1_5ValueEEE + 26820
12  Electron Framework                  0x000000010d8b6240 _ZN4node19async_context_frame8exchangeEPN2v87IsolateENS1_5LocalINS1_5ValueEEE + 22896
13  Electron Framework                  0x000000010d8b5f24 _ZN4node19async_context_frame8exchangeEPN2v87IsolateENS1_5LocalINS1_5ValueEEE + 22100
14  Electron Framework                  0x000000010f6ded78 _ZNK2v88internal8compiler23CompilationDependencies31FieldTypeDependencyOffTheRecordENS1_6MapRefES3_NS0_13InternalIndexENS1_9ObjectRefE + 783760
15  Electron Framework                  0x000000010f64afbc _ZNK2v88internal8compiler23CompilationDependencies31FieldTypeDependencyOffTheRecordENS1_6MapRefES3_NS0_13InternalIndexENS1_9ObjectRefE + 178132
16  Electron Framework                  0x000000010de3aac8 _ZNK4node14PrincipalRealm25async_hooks_init_functionEv + 81964
17  Electron Framework                  0x000000010d35ba34 _ZN2v815MicrotasksScopeC1ENS_5LocalINS_7ContextEEENS0_4TypeE + 6788
18  Electron Framework                  0x000000010f68fc84 _ZNK2v88internal8compiler23CompilationDependencies31FieldTypeDependencyOffTheRecordENS1_6MapRefES3_NS0_13InternalIndexENS1_9ObjectRefE + 459932
19  Electron Framework                  0x000000010d2b9b00 _ZN2v86Number3NewEPNS_7IsolateEd + 19272
#### AGXIOC subres parent 0x20000 -> resourceID 0xba, base=0x121bbc200 span=0x20000
#### MTL_TEX MIP-NATIVE result attempt=2 tex=0x6019dde80 class=AGXG13GFamilyTexture
#### MTL_TEX MIP-NATIVE attempt=3 w=32 h=32 pf=70 mips=6 storage=0 usage=0x7
0   libmachook_arm64.dylib              0x0000000100588464 -[MTLFakeDevice hooked_newTextureWithDescriptor:] + 1560
1   libGLESv2.dylib                     0x000000010979f714 glStartTilingQCOM + 2731796
2   libGLESv2.dylib                     0x00000001097b2b48 glStartTilingQCOM + 2810696
3   libGLESv2.dylib                     0x00000001097b1e40 glStartTilingQCOM + 2807360
4   libGLESv2.dylib                     0x00000001097b1ccc glStartTilingQCOM + 2806988
5   libGLESv2.dylib                     0x0000000109788b70 glStartTilingQCOM + 2638704
6   libGLESv2.dylib                     0x0000000109788654 glStartTilingQCOM + 2637396
7   libGLESv2.dylib                     0x000000010978c26c glStartTilingQCOM + 2652780
8   libGLESv2.dylib                     0x0000000109676a9c glStartTilingQCOM + 1516188
9   Electron Framework                  0x00000001135ce4e8 rust_bmp$cxxbridge1$194$Reader$image_data_loaded + 320072
10  Electron Framework                  0x00000001135e6a60 rust_bmp$cxxbridge1$194$Reader$image_data_loaded + 419776
11  Electron Framework                  0x000000010d8b7194 _ZN4node19async_context_frame8exchangeEPN2v87IsolateENS1_5LocalINS1_5ValueEEE + 26820
12  Electron Framework                  0x000000010d8b6240 _ZN4node19async_context_frame8exchangeEPN2v87IsolateENS1_5LocalINS1_5ValueEEE + 22896
13  Electron Framework                  0x000000010d8b5f24 _ZN4node19async_context_frame8exchangeEPN2v87IsolateENS1_5LocalINS1_5ValueEEE + 22100
14  Electron Framework                  0x000000010f6ded78 _ZNK2v88internal8compiler23CompilationDependencies31FieldTypeDependencyOffTheRecordENS1_6MapRefES3_NS0_13InternalIndexENS1_9ObjectRefE + 783760
15  Electron Framework                  0x000000010f64afbc _ZNK2v88internal8compiler23CompilationDependencies31FieldTypeDependencyOffTheRecordENS1_6MapRefES3_NS0_13InternalIndexENS1_9ObjectRefE + 178132
16  Electron Framework                  0x000000010de3aac8 _ZNK4node14PrincipalRealm25async_hooks_init_functionEv + 81964
17  Electron Framework                  0x000000010d35ba34 _ZN2v815MicrotasksScopeC1ENS_5LocalINS_7ContextEEENS0_4TypeE + 6788
18  Electron Framework                  0x000000010f68fc84 _ZNK2v88internal8compiler23CompilationDependencies31FieldTypeDependencyOffTheRecordENS1_6MapRefES3_NS0_13InternalIndexENS1_9ObjectRefE + 459932
19  Electron Framework                  0x000000010d2b9b00 _ZN2v86Number3NewEPNS_7IsolateEd + 19272
#### AGXIOC subres parent 0x20000 -> resourceID 0xba, base=0x121bbc900 span=0x20000
#### MTL_TEX MIP-NATIVE result attempt=3 tex=0x6019de600 class=AGXG13GFamilyTexture
#### MTL_TEX MIP-NATIVE attempt=4 w=128 h=512 pf=70 mips=10 storage=0 usage=0x7
0   libmachook_arm64.dylib              0x0000000100588464 -[MTLFakeDevice hooked_newTextureWithDescriptor:] + 1560
1   libGLESv2.dylib                     0x000000010979f714 glStartTilingQCOM + 2731796
2   libGLESv2.dylib                     0x00000001097b2b48 glStartTilingQCOM + 2810696
3   libGLESv2.dylib                     0x00000001097b1e40 glStartTilingQCOM + 2807360
4   libGLESv2.dylib                     0x00000001097b1ccc glStartTilingQCOM + 2806988
5   libGLESv2.dylib                     0x0000000109788b70 glStartTilingQCOM + 2638704
6   libGLESv2.dylib                     0x0000000109788654 glStartTilingQCOM + 2637396
7   libGLESv2.dylib                     0x000000010978c26c glStartTilingQCOM + 2652780
8   libGLESv2.dylib                     0x0000000109676a9c glStartTilingQCOM + 1516188
9   Electron Framework                  0x00000001135ce4e8 rust_bmp$cxxbridge1$194$Reader$image_data_loaded + 320072
10  Electron Framework                  0x00000001135e6a60 rust_bmp$cxxbridge1$194$Reader$image_data_loaded + 419776
11  Electron Framework                  0x000000010d8b7194 _ZN4node19async_context_frame8exchangeEPN2v87IsolateENS1_5LocalINS1_5ValueEEE + 26820
12  Electron Framework                  0x000000010d8b6240 _ZN4node19async_context_frame8exchangeEPN2v87IsolateENS1_5LocalINS1_5ValueEEE + 22896
13  Electron Framework                  0x000000010d8b5f24 _ZN4node19async_context_frame8exchangeEPN2v87IsolateENS1_5LocalINS1_5ValueEEE + 22100
14  Electron Framework                  0x000000010f6ded78 _ZNK2v88internal8compiler23CompilationDependencies31FieldTypeDependencyOffTheRecordENS1_6MapRefES3_NS0_13InternalIndexENS1_9ObjectRefE + 783760
15  Electron Framework                  0x000000010f64afbc _ZNK2v88internal8compiler23CompilationDependencies31FieldTypeDependencyOffTheRecordENS1_6MapRefES3_NS0_13InternalIndexENS1_9ObjectRefE + 178132
16  Electron Framework                  0x000000010de3aac8 _ZNK4node14PrincipalRealm25async_hooks_init_functionEv + 81964
17  Electron Framework                  0x000000010d35ba34 _ZN2v815MicrotasksScopeC1ENS_5LocalINS_7ContextEEENS0_4TypeE + 6788
18  Electron Framework                  0x000000010f68fc84 _ZNK2v88internal8compiler23CompilationDependencies31FieldTypeDependencyOffTheRecordENS1_6MapRefES3_NS0_13InternalIndexENS1_9ObjectRefE + 459932
19  Electron Framework                  0x000000010d2b9b00 _ZN2v86Number3NewEPNS_7IsolateEd + 19272
#### MTL_TEX MIP-NATIVE result attempt=4 tex=0x6019df000 class=AGXG13GFamilyTexture
#### MTL_TEX MIP-NATIVE attempt=5 w=128 h=32 pf=70 mips=8 storage=0 usage=0x7
0   libmachook_arm64.dylib              0x0000000100588464 -[MTLFakeDevice hooked_newTextureWithDescriptor:] + 1560
1   libGLESv2.dylib                     0x000000010979f714 glStartTilingQCOM + 2731796
2   libGLESv2.dylib                     0x00000001097b2b48 glStartTilingQCOM + 2810696
3   libGLESv2.dylib                     0x00000001097b1e40 glStartTilingQCOM + 2807360
4   libGLESv2.dylib                     0x00000001097b1ccc glStartTilingQCOM + 2806988
5   libGLESv2.dylib                     0x0000000109788b70 glStartTilingQCOM + 2638704
6   libGLESv2.dylib                     0x0000000109788654 glStartTilingQCOM + 2637396
7   libGLESv2.dylib                     0x000000010978c26c glStartTilingQCOM + 2652780
8   libGLESv2.dylib                     0x0000000109676a9c glStartTilingQCOM + 1516188
9   Electron Framework                  0x00000001135ce4e8 rust_bmp$cxxbridge1$194$Reader$image_data_loaded + 320072
10  Electron Framework                  0x00000001135e6a60 rust_bmp$cxxbridge1$194$Reader$image_data_loaded + 419776
11  Electron Framework                  0x000000010d8b7194 _ZN4node19async_context_frame8exchangeEPN2v87IsolateENS1_5LocalINS1_5ValueEEE + 26820
12  Electron Framework                  0x000000010d8b6240 _ZN4node19async_context_frame8exchangeEPN2v87IsolateENS1_5LocalINS1_5ValueEEE + 22896
13  Electron Framework                  0x000000010d8b5f24 _ZN4node19async_context_frame8exchangeEPN2v87IsolateENS1_5LocalINS1_5ValueEEE + 22100
14  Electron Framework                  0x000000010f6ded78 _ZNK2v88internal8compiler23CompilationDependencies31FieldTypeDependencyOffTheRecordENS1_6MapRefES3_NS0_13InternalIndexENS1_9ObjectRefE + 783760
15  Electron Framework                  0x000000010f64afbc _ZNK2v88internal8compiler23CompilationDependencies31FieldTypeDependencyOffTheRecordENS1_6MapRefES3_NS0_13InternalIndexENS1_9ObjectRefE + 178132
16  Electron Framework                  0x000000010de3aac8 _ZNK4node14PrincipalRealm25async_hooks_init_functionEv + 81964
17  Electron Framework                  0x000000010d35ba34 _ZN2v815MicrotasksScopeC1ENS_5LocalINS_7ContextEEENS0_4TypeE + 6788
18  Electron Framework                  0x000000010f68fc84 _ZNK2v88internal8compiler23CompilationDependencies31FieldTypeDependencyOffTheRecordENS1_6MapRefES3_NS0_13InternalIndexENS1_9ObjectRefE + 459932
19  Electron Framework                  0x000000010d2b9b00 _ZN2v86Number3NewEPNS_7IsolateEd + 19272
#### MTL_TEX MIP-NATIVE result attempt=5 tex=0x601bb0000 class=AGXG13GFamilyTexture
#### MTL_TEX MIP-NATIVE attempt=6 w=128 h=32 pf=70 mips=8 storage=0 usage=0x7
0   libmachook_arm64.dylib              0x0000000100588464 -[MTLFakeDevice hooked_newTextureWithDescriptor:] + 1560
1   libGLESv2.dylib                     0x000000010979f714 glStartTilingQCOM + 2731796
2   libGLESv2.dylib                     0x00000001097b2b48 glStartTilingQCOM + 2810696
3   libGLESv2.dylib                     0x00000001097b1e40 glStartTilingQCOM + 2807360
4   libGLESv2.dylib                     0x00000001097b1ccc glStartTilingQCOM + 2806988
5   libGLESv2.dylib                     0x0000000109788b70 glStartTilingQCOM + 2638704
6   libGLESv2.dylib                     0x0000000109788654 glStartTilingQCOM + 2637396
7   libGLESv2.dylib                     0x000000010978c26c glStartTilingQCOM + 2652780
8   libGLESv2.dylib                     0x0000000109676a9c glStartTilingQCOM + 1516188
9   Electron Framework                  0x00000001135ce4e8 rust_bmp$cxxbridge1$194$Reader$image_data_loaded + 320072
10  Electron Framework                  0x00000001135e6a60 rust_bmp$cxxbridge1$194$Reader$image_data_loaded + 419776
11  Electron Framework                  0x000000010d8b7194 _ZN4node19async_context_frame8exchangeEPN2v87IsolateENS1_5LocalINS1_5ValueEEE + 26820
12  Electron Framework                  0x000000010d8b6240 _ZN4node19async_context_frame8exchangeEPN2v87IsolateENS1_5LocalINS1_5ValueEEE + 22896
13  Electron Framework                  0x000000010d8b5f24 _ZN4node19async_context_frame8exchangeEPN2v87IsolateENS1_5LocalINS1_5ValueEEE + 22100
14  Electron Framework                  0x000000010f6ded78 _ZNK2v88internal8compiler23CompilationDependencies31FieldTypeDependencyOffTheRecordENS1_6MapRefES3_NS0_13InternalIndexENS1_9ObjectRefE + 783760
15  Electron Framework                  0x000000010f64afbc _ZNK2v88internal8compiler23CompilationDependencies31FieldTypeDependencyOffTheRecordENS1_6MapRefES3_NS0_13InternalIndexENS1_9ObjectRefE + 178132
16  Electron Framework                  0x000000010de3aac8 _ZNK4node14PrincipalRealm25async_hooks_init_functionEv + 81964
17  Electron Framework                  0x000000010d35ba34 _ZN2v815MicrotasksScopeC1ENS_5LocalINS_7ContextEEENS0_4TypeE + 6788
18  Electron Framework                  0x000000010f68fc84 _ZNK2v88internal8compiler23CompilationDependencies31FieldTypeDependencyOffTheRecordENS1_6MapRefES3_NS0_13InternalIndexENS1_9ObjectRefE + 459932
19  Electron Framework                  0x000000010d2b9b00 _ZN2v86Number3NewEPNS_7IsolateEd + 19272
#### MTL_TEX MIP-NATIVE result attempt=6 tex=0x601bb0500 class=AGXG13GFamilyTexture
#### MTL_TEX MIP-NATIVE attempt=7 w=128 h=32 pf=70 mips=8 storage=0 usage=0x7
0   libmachook_arm64.dylib              0x0000000100588464 -[MTLFakeDevice hooked_newTextureWithDescriptor:] + 1560
1   libGLESv2.dylib                     0x000000010979f714 glStartTilingQCOM + 2731796
2   libGLESv2.dylib                     0x00000001097b2b48 glStartTilingQCOM + 2810696
3   libGLESv2.dylib                     0x00000001097b1e40 glStartTilingQCOM + 2807360
4   libGLESv2.dylib                     0x00000001097b1ccc glStartTilingQCOM + 2806988
5   libGLESv2.dylib                     0x0000000109788b70 glStartTilingQCOM + 2638704
6   libGLESv2.dylib                     0x0000000109788654 glStartTilingQCOM + 2637396
7   libGLESv2.dylib                     0x000000010978c26c glStartTilingQCOM + 2652780
8   libGLESv2.dylib                     0x0000000109676a9c glStartTilingQCOM + 1516188
9   Electron Framework                  0x00000001135ce4e8 rust_bmp$cxxbridge1$194$Reader$image_data_loaded + 320072
10  Electron Framework                  0x00000001135e6a60 rust_bmp$cxxbridge1$194$Reader$image_data_loaded + 419776
11  Electron Framework                  0x000000010d8b7194 _ZN4node19async_context_frame8exchangeEPN2v87IsolateENS1_5LocalINS1_5ValueEEE + 26820
12  Electron Framework                  0x000000010d8b6240 _ZN4node19async_context_frame8exchangeEPN2v87IsolateENS1_5LocalINS1_5ValueEEE + 22896
13  Electron Framework                  0x000000010d8b5f24 _ZN4node19async_context_frame8exchangeEPN2v87IsolateENS1_5LocalINS1_5ValueEEE + 22100
14  Electron Framework                  0x000000010f6ded78 _ZNK2v88internal8compiler23CompilationDependencies31FieldTypeDependencyOffTheRecordENS1_6MapRefES3_NS0_13InternalIndexENS1_9ObjectRefE + 783760
15  Electron Framework                  0x000000010f64afbc _ZNK2v88internal8compiler23CompilationDependencies31FieldTypeDependencyOffTheRecordENS1_6MapRefES3_NS0_13InternalIndexENS1_9ObjectRefE + 178132
16  Electron Framework                  0x000000010de3aac8 _ZNK4node14PrincipalRealm25async_hooks_init_functionEv + 81964
17  Electron Framework                  0x000000010d35ba34 _ZN2v815MicrotasksScopeC1ENS_5LocalINS_7ContextEEENS0_4TypeE + 6788
18  Electron Framework                  0x000000010f68fc84 _ZNK2v88internal8compiler23CompilationDependencies31FieldTypeDependencyOffTheRecordENS1_6MapRefES3_NS0_13InternalIndexENS1_9ObjectRefE + 459932
19  Electron Framework                  0x000000010d2b9b00 _ZN2v86Number3NewEPNS_7IsolateEd + 19272
#### MTL_TEX MIP-NATIVE result attempt=7 tex=0x601bb1400 class=AGXG13GFamilyTexture
#### JIT-FAULT-WRITE restore #8192 pages=1 overflow=0 write_faults=8991 exec_waits=524 late_retries=143
#### MTL_TEX MIP-NATIVE attempt=8 w=256 h=256 pf=70 mips=9 storage=0 usage=0x7
0   libmachook_arm64.dylib              0x0000000100588464 -[MTLFakeDevice hooked_newTextureWithDescriptor:] + 1560
1   libGLESv2.dylib                     0x000000010979f714 glStartTilingQCOM + 2731796
2   libGLESv2.dylib                     0x00000001097b2b48 glStartTilingQCOM + 2810696
3   libGLESv2.dylib                     0x00000001097b1e40 glStartTilingQCOM + 2807360
4   libGLESv2.dylib                     0x00000001097b1ccc glStartTilingQCOM + 2806988
5   libGLESv2.dylib                     0x0000000109788b70 glStartTilingQCOM + 2638704
6   libGLESv2.dylib                     0x0000000109788654 glStartTilingQCOM + 2637396
7   libGLESv2.dylib                     0x000000010978c26c glStartTilingQCOM + 2652780
8   libGLESv2.dylib                     0x0000000109676a9c glStartTilingQCOM + 1516188
9   Electron Framework                  0x00000001135ce4e8 rust_bmp$cxxbridge1$194$Reader$image_data_loaded + 320072
10  Electron Framework                  0x00000001135e6a60 rust_bmp$cxxbridge1$194$Reader$image_data_loaded + 419776
11  Electron Framework                  0x000000010d8b7194 _ZN4node19async_context_frame8exchangeEPN2v87IsolateENS1_5LocalINS1_5ValueEEE + 26820
12  Electron Framework                  0x000000010d8b6240 _ZN4node19async_context_frame8exchangeEPN2v87IsolateENS1_5LocalINS1_5ValueEEE + 22896
13  Electron Framework                  0x000000010d8b5f24 _ZN4node19async_context_frame8exchangeEPN2v87IsolateENS1_5LocalINS1_5ValueEEE + 22100
14  Electron Framework                  0x000000010f6ded78 _ZNK2v88internal8compiler23CompilationDependencies31FieldTypeDependencyOffTheRecordENS1_6MapRefES3_NS0_13InternalIndexENS1_9ObjectRefE + 783760
15  Electron Framework                  0x000000010f64afbc _ZNK2v88internal8compiler23CompilationDependencies31FieldTypeDependencyOffTheRecordENS1_6MapRefES3_NS0_13InternalIndexENS1_9ObjectRefE + 178132
16  Electron Framework                  0x000000010de3aac8 _ZNK4node14PrincipalRealm25async_hooks_init_functionEv + 81964
17  Electron Framework                  0x000000010d35ba34 _ZN2v815MicrotasksScopeC1ENS_5LocalINS_7ContextEEENS0_4TypeE + 6788
18  Electron Framework                  0x000000010f68fc84 _ZNK2v88internal8compiler23CompilationDependencies31FieldTypeDependencyOffTheRecordENS1_6MapRefES3_NS0_13InternalIndexENS1_9ObjectRefE + 459932
19  Electron Framework                  0x000000010d2b9b00 _ZN2v86Number3NewEPNS_7IsolateEd + 19272
#### MTL_TEX MIP-NATIVE result attempt=8 tex=0x601bb1900 class=AGXG13GFamilyTexture
#### MTL_TEX MIP-NATIVE attempt=9 w=256 h=256 pf=70 mips=9 storage=0 usage=0x7
0   libmachook_arm64.dylib              0x0000000100588464 -[MTLFakeDevice hooked_newTextureWithDescriptor:] + 1560
1   libGLESv2.dylib                     0x000000010979f714 glStartTilingQCOM + 2731796
2   libGLESv2.dylib                     0x00000001097b2b48 glStartTilingQCOM + 2810696
3   libGLESv2.dylib                     0x00000001097b1e40 glStartTilingQCOM + 2807360
4   libGLESv2.dylib                     0x00000001097b1ccc glStartTilingQCOM + 2806988
5   libGLESv2.dylib                     0x0000000109788b70 glStartTilingQCOM + 2638704
6   libGLESv2.dylib                     0x0000000109788654 glStartTilingQCOM + 2637396
7   libGLESv2.dylib                     0x000000010978c26c glStartTilingQCOM + 2652780
8   libGLESv2.dylib                     0x0000000109676a9c glStartTilingQCOM + 1516188
9   Electron Framework                  0x00000001135ce4e8 rust_bmp$cxxbridge1$194$Reader$image_data_loaded + 320072
10  Electron Framework                  0x00000001135e6a60 rust_bmp$cxxbridge1$194$Reader$image_data_loaded + 419776
11  Electron Framework                  0x000000010d8b7194 _ZN4node19async_context_frame8exchangeEPN2v87IsolateENS1_5LocalINS1_5ValueEEE + 26820
12  Electron Framework                  0x000000010d8b6240 _ZN4node19async_context_frame8exchangeEPN2v87IsolateENS1_5LocalINS1_5ValueEEE + 22896
13  Electron Framework                  0x000000010d8b5f24 _ZN4node19async_context_frame8exchangeEPN2v87IsolateENS1_5LocalINS1_5ValueEEE + 22100
14  Electron Framework                  0x000000010f6ded78 _ZNK2v88internal8compiler23CompilationDependencies31FieldTypeDependencyOffTheRecordENS1_6MapRefES3_NS0_13InternalIndexENS1_9ObjectRefE + 783760
15  Electron Framework                  0x000000010f64afbc _ZNK2v88internal8compiler23CompilationDependencies31FieldTypeDependencyOffTheRecordENS1_6MapRefES3_NS0_13InternalIndexENS1_9ObjectRefE + 178132
16  Electron Framework                  0x000000010de3aac8 _ZNK4node14PrincipalRealm25async_hooks_init_functionEv + 81964
17  Electron Framework                  0x000000010d35ba34 _ZN2v815MicrotasksScopeC1ENS_5LocalINS_7ContextEEENS0_4TypeE + 6788
18  Electron Framework                  0x000000010f68fc84 _ZNK2v88internal8compiler23CompilationDependencies31FieldTypeDependencyOffTheRecordENS1_6MapRefES3_NS0_13InternalIndexENS1_9ObjectRefE + 459932
19  Electron Framework                  0x000000010d2b9b00 _ZN2v86Number3NewEPNS_7IsolateEd + 19272
#### MTL_TEX MIP-NATIVE result attempt=9 tex=0x601bb2300 class=AGXG13GFamilyTexture
#### MTL_TEX MIP-NATIVE attempt=10 w=256 h=256 pf=70 mips=9 storage=0 usage=0x7
0   libmachook_arm64.dylib              0x0000000100588464 -[MTLFakeDevice hooked_newTextureWithDescriptor:] + 1560
1   libGLESv2.dylib                     0x000000010979f714 glStartTilingQCOM + 2731796
2   libGLESv2.dylib                     0x00000001097b2b48 glStartTilingQCOM + 2810696
3   libGLESv2.dylib                     0x00000001097b1e40 glStartTilingQCOM + 2807360
4   libGLESv2.dylib                     0x00000001097b1ccc glStartTilingQCOM + 2806988
5   libGLESv2.dylib                     0x0000000109788b70 glStartTilingQCOM + 2638704
6   libGLESv2.dylib                     0x0000000109788654 glStartTilingQCOM + 2637396
7   libGLESv2.dylib                     0x000000010978c26c glStartTilingQCOM + 2652780
8   libGLESv2.dylib                     0x0000000109676a9c glStartTilingQCOM + 1516188
9   Electron Framework                  0x00000001135ce4e8 rust_bmp$cxxbridge1$194$Reader$image_data_loaded + 320072
10  Electron Framework                  0x00000001135e6a60 rust_bmp$cxxbridge1$194$Reader$image_data_loaded + 419776
11  Electron Framework                  0x000000010d8b7194 _ZN4node19async_context_frame8exchangeEPN2v87IsolateENS1_5LocalINS1_5ValueEEE + 26820
12  Electron Framework                  0x000000010d8b6240 _ZN4node19async_context_frame8exchangeEPN2v87IsolateENS1_5LocalINS1_5ValueEEE + 22896
13  Electron Framework                  0x000000010d8b5f24 _ZN4node19async_context_frame8exchangeEPN2v87IsolateENS1_5LocalINS1_5ValueEEE + 22100
14  Electron Framework                  0x000000010f6ded78 _ZNK2v88internal8compiler23CompilationDependencies31FieldTypeDependencyOffTheRecordENS1_6MapRefES3_NS0_13InternalIndexENS1_9ObjectRefE + 783760
15  Electron Framework                  0x000000010f64afbc _ZNK2v88internal8compiler23CompilationDependencies31FieldTypeDependencyOffTheRecordENS1_6MapRefES3_NS0_13InternalIndexENS1_9ObjectRefE + 178132
16  Electron Framework                  0x000000010de3aac8 _ZNK4node14PrincipalRealm25async_hooks_init_functionEv + 81964
17  Electron Framework                  0x000000010d35ba34 _ZN2v815MicrotasksScopeC1ENS_5LocalINS_7ContextEEENS0_4TypeE + 6788
18  Electron Framework                  0x000000010f68fc84 _ZNK2v88internal8compiler23CompilationDependencies31FieldTypeDependencyOffTheRecordENS1_6MapRefES3_NS0_13InternalIndexENS1_9ObjectRefE + 459932
19  Electron Framework                  0x000000010d2b9b00 _ZN2v86Number3NewEPNS_7IsolateEd + 19272
#### MTL_TEX MIP-NATIVE result attempt=10 tex=0x6016b0f00 class=AGXG13GFamilyTexture
#### MTL_TEX MIP-NATIVE attempt=11 w=1024 h=128 pf=70 mips=11 storage=0 usage=0x7
0   libmachook_arm64.dylib              0x0000000100588464 -[MTLFakeDevice hooked_newTextureWithDescriptor:] + 1560
1   libGLESv2.dylib                     0x000000010979f714 glStartTilingQCOM + 2731796
2   libGLESv2.dylib                     0x00000001097b2b48 glStartTilingQCOM + 2810696
3   libGLESv2.dylib                     0x00000001097b1e40 glStartTilingQCOM + 2807360
4   libGLESv2.dylib                     0x00000001097b1ccc glStartTilingQCOM + 2806988
5   libGLESv2.dylib                     0x0000000109788b70 glStartTilingQCOM + 2638704
6   libGLESv2.dylib                     0x0000000109788654 glStartTilingQCOM + 2637396
7   libGLESv2.dylib                     0x000000010978c26c glStartTilingQCOM + 2652780
8   libGLESv2.dylib                     0x0000000109676a9c glStartTilingQCOM + 1516188
9   Electron Framework                  0x00000001135ce4e8 rust_bmp$cxxbridge1$194$Reader$image_data_loaded + 320072
10  Electron Framework                  0x00000001135e6a60 rust_bmp$cxxbridge1$194$Reader$image_data_loaded + 419776
11  Electron Framework                  0x000000010d8b7194 _ZN4node19async_context_frame8exchangeEPN2v87IsolateENS1_5LocalINS1_5ValueEEE + 26820
12  Electron Framework                  0x000000010d8b6240 _ZN4node19async_context_frame8exchangeEPN2v87IsolateENS1_5LocalINS1_5ValueEEE + 22896
13  Electron Framework                  0x000000010d8b5f24 _ZN4node19async_context_frame8exchangeEPN2v87IsolateENS1_5LocalINS1_5ValueEEE + 22100
14  Electron Framework                  0x000000010f6ded78 _ZNK2v88internal8compiler23CompilationDependencies31FieldTypeDependencyOffTheRecordENS1_6MapRefES3_NS0_13InternalIndexENS1_9ObjectRefE + 783760
15  Electron Framework                  0x000000010f64afbc _ZNK2v88internal8compiler23CompilationDependencies31FieldTypeDependencyOffTheRecordENS1_6MapRefES3_NS0_13InternalIndexENS1_9ObjectRefE + 178132
16  Electron Framework                  0x000000010de3aac8 _ZNK4node14PrincipalRealm25async_hooks_init_functionEv + 81964
17  Electron Framework                  0x000000010d35ba34 _ZN2v815MicrotasksScopeC1ENS_5LocalINS_7ContextEEENS0_4TypeE + 6788
18  Electron Framework                  0x000000010f68fc84 _ZNK2v88internal8compiler23CompilationDependencies31FieldTypeDependencyOffTheRecordENS1_6MapRefES3_NS0_13InternalIndexENS1_9ObjectRefE + 459932
19  Electron Framework                  0x000000010d2b9b00 _ZN2v86Number3NewEPNS_7IsolateEd + 19272
#### MTL_TEX MIP-NATIVE result attempt=11 tex=0x601bb3c00 class=AGXG13GFamilyTexture
#### MTL_TEX MIP-NATIVE attempt=12 w=1024 h=128 pf=70 mips=11 storage=0 usage=0x7
0   libmachook_arm64.dylib              0x0000000100588464 -[MTLFakeDevice hooked_newTextureWithDescriptor:] + 1560
1   libGLESv2.dylib                     0x000000010979f714 glStartTilingQCOM + 2731796
2   libGLESv2.dylib                     0x00000001097b2b48 glStartTilingQCOM + 2810696
3   libGLESv2.dylib                     0x00000001097b1e40 glStartTilingQCOM + 2807360
4   libGLESv2.dylib                     0x00000001097b1ccc glStartTilingQCOM + 2806988
5   libGLESv2.dylib                     0x0000000109788b70 glStartTilingQCOM + 2638704
6   libGLESv2.dylib                     0x0000000109788654 glStartTilingQCOM + 2637396
7   libGLESv2.dylib                     0x000000010978c26c glStartTilingQCOM + 2652780
8   libGLESv2.dylib                     0x0000000109676a9c glStartTilingQCOM + 1516188
9   Electron Framework                  0x00000001135ce4e8 rust_bmp$cxxbridge1$194$Reader$image_data_loaded + 320072
10  Electron Framework                  0x00000001135e6a60 rust_bmp$cxxbridge1$194$Reader$image_data_loaded + 419776
11  Electron Framework                  0x000000010d8b7194 _ZN4node19async_context_frame8exchangeEPN2v87IsolateENS1_5LocalINS1_5ValueEEE + 26820
12  Electron Framework                  0x000000010d8b6240 _ZN4node19async_context_frame8exchangeEPN2v87IsolateENS1_5LocalINS1_5ValueEEE + 22896
13  Electron Framework                  0x000000010d8b5f24 _ZN4node19async_context_frame8exchangeEPN2v87IsolateENS1_5LocalINS1_5ValueEEE + 22100
14  Electron Framework                  0x000000010f6ded78 _ZNK2v88internal8compiler23CompilationDependencies31FieldTypeDependencyOffTheRecordENS1_6MapRefES3_NS0_13InternalIndexENS1_9ObjectRefE + 783760
15  Electron Framework                  0x000000010f64afbc _ZNK2v88internal8compiler23CompilationDependencies31FieldTypeDependencyOffTheRecordENS1_6MapRefES3_NS0_13InternalIndexENS1_9ObjectRefE + 178132
16  Electron Framework                  0x000000010de3aac8 _ZNK4node14PrincipalRealm25async_hooks_init_functionEv + 81964
17  Electron Framework                  0x000000010d35ba34 _ZN2v815MicrotasksScopeC1ENS_5LocalINS_7ContextEEENS0_4TypeE + 6788
18  Electron Framework                  0x000000010f68fc84 _ZNK2v88internal8compiler23CompilationDependencies31FieldTypeDependencyOffTheRecordENS1_6MapRefES3_NS0_13InternalIndexENS1_9ObjectRefE + 459932
19  Electron Framework                  0x000000010d2b9b00 _ZN2v86Number3NewEPNS_7IsolateEd + 19272
#### MTL_TEX MIP-NATIVE result attempt=12 tex=0x601bb4600 class=AGXG13GFamilyTexture
#### MTL_TEX MIP-NATIVE result attempt=13 tex=0x601bb4b00 class=AGXG13GFamilyTexture
#### MTL_TEX MIP-NATIVE result attempt=14 tex=0x601bb5a00 class=AGXG13GFamilyTexture
#### MTL_TEX MIP-NATIVE result attempt=15 tex=0x601bb6400 class=AGXG13GFamilyTexture
#### AGXIOC Scalar sel=0x10->0xe inCnt=1 -> 0x0
#### AGXIOC Scalar sel=0x10->0xe inCnt=1 -> 0x0
#### MTL_TEX MIP-NATIVE result attempt=16 tex=0x601bb6900 class=AGXG13GFamilyTexture
#### MTL_TEX MIP-NATIVE result attempt=17 tex=0x601bb7800 class=AGXG13GFamilyTexture
#### TRACE -[AGXBuffer initUntracked] self=0x601971980 dev=0x6001d2000 len=12288 opt=0 -> 0x601971980
#### TRACE -[AGXBuffer initUntracked] self=0x6017aeb80 dev=0x6001d2000 len=12288 opt=0 -> 0x6017aeb80
#### TRACE -[AGXBuffer initUntracked] self=0x60106ea00 dev=0x6001d2000 len=2048 opt=0 -> 0x60106ea00
#### MTL_TEX MIP-NATIVE result attempt=18 tex=0x601bb8200 class=AGXG13GFamilyTexture
#### MTL_TEX MIP-NATIVE result attempt=19 tex=0x601bb8700 class=AGXG13GFamilyTexture
#### MTL_TEX MIP-NATIVE result attempt=20 tex=0x601bb9600 class=AGXG13GFamilyTexture
#### MTL_TEX MIP-NATIVE result attempt=21 tex=0x601bb3980 class=AGXG13GFamilyTexture
#### MTL_TEX MIP-NATIVE result attempt=22 tex=0x601bba780 class=AGXG13GFamilyTexture
#### MTL_TEX MIP-NATIVE result attempt=23 tex=0x601bb2d00 class=AGXG13GFamilyTexture
#### MTL_TEX MIP-NATIVE result attempt=24 tex=0x601bbb900 class=AGXG13GFamilyTexture
#### MTL_TEX MIP-NATIVE result attempt=25 tex=0x601bbbe00 class=AGXG13GFamilyTexture
#### AGXIOC Scalar sel=0x10->0xe inCnt=1 -> 0x0
#### AGXIOC Scalar sel=0x10->0xe inCnt=1 -> 0x0
#### MTL_TEX MIP-NATIVE result attempt=26 tex=0x601bbcd00 class=AGXG13GFamilyTexture
#### MTL_TEX MIP-NATIVE result attempt=27 tex=0x601bbd200 class=AGXG13GFamilyTexture
#### MTL_TEX MIP-NATIVE result attempt=28 tex=0x601bbe100 class=AGXG13GFamilyTexture
#### MTL_TEX MIP-NATIVE result attempt=29 tex=0x601bbe600 class=AGXG13GFamilyTexture
#### AGXIOC Scalar sel=0x10->0xe inCnt=1 -> 0x0
#### MTL_TEX MIP-NATIVE result attempt=30 tex=0x601bbf000 class=AGXG13GFamilyTexture
#### MTL_TEX MIP-NATIVE result attempt=31 tex=0x601bd0000 class=AGXG13GFamilyTexture
#### MTL_TEX MIP-NATIVE result attempt=32 tex=0x601bd0a00 class=AGXG13GFamilyTexture
#### MTL_TEX MIP-NATIVE result attempt=33 tex=0x601bd0f00 class=AGXG13GFamilyTexture
#### MTL_TEX MIP-NATIVE result attempt=34 tex=0x601bd1e00 class=AGXG13GFamilyTexture
#### MTL_TEX MIP-NATIVE result attempt=35 tex=0x601bd2300 class=AGXG13GFamilyTexture
#### MTL_TEX MIP-NATIVE result attempt=36 tex=0x601bd2d00 class=AGXG13GFamilyTexture
#### MTL_TEX MIP-NATIVE result attempt=37 tex=0x601bd3700 class=AGXG13GFamilyTexture
#### MTL_TEX MIP-NATIVE result attempt=38 tex=0x601bd4600 class=AGXG13GFamilyTexture
#### MTL_TEX MIP-NATIVE result attempt=39 tex=0x601bd5000 class=AGXG13GFamilyTexture
#### MTL_TEX MIP-NATIVE result attempt=40 tex=0x601bd5500 class=AGXG13GFamilyTexture
#### MTL_TEX MIP-NATIVE result attempt=41 tex=0x601bd6400 class=AGXG13GFamilyTexture
#### MTL_TEX MIP-NATIVE result attempt=42 tex=0x601bd6e00 class=AGXG13GFamilyTexture
#### MTL_TEX MIP-NATIVE result attempt=43 tex=0x601bd7300 class=AGXG13GFamilyTexture
#### MTL_TEX MIP-NATIVE result attempt=44 tex=0x601bd8200 class=AGXG13GFamilyTexture
#### MTL_TEX MIP-NATIVE result attempt=45 tex=0x601bd8700 class=AGXG13GFamilyTexture
#### MTL_TEX MIP-NATIVE result attempt=46 tex=0x601bd9600 class=AGXG13GFamilyTexture
#### MTL_TEX MIP-NATIVE result attempt=47 tex=0x601bda000 class=AGXG13GFamilyTexture
#### IOSURFACE-RELEASE-ABI pair #3: conn=15367 surfaceID=334 sel=1 -> 0
#### MTL_TEX LEASE-HIT #3 key=256x256-pf70-bpe4-fcc1380401729 entry=0x6019c3270 surf=0x601b00400 tex=0x601bb2080 retain=1 baseline=1 shapeEntries=9 pool=35MB
#### MTL_TEX MIP-NATIVE result attempt=48 tex=0x601582d00 class=AGXG13GFamilyTexture
#### MTL_TEX LEASE-HIT #4 key=256x256-pf70-bpe4-fcc1380401729 entry=0x6019c3240 surf=0x600a9dea0 tex=0x601bb2a80 retain=1 baseline=1 shapeEntries=9 pool=35MB
#### MTL_TEX MIP-NATIVE result attempt=49 tex=0x601583200 class=AGXG13GFamilyTexture
#### MTL_TEX LEASE-HIT #5 key=512x512-pf70-bpe4-fcc1380401729 entry=0x6019c50a0 surf=0x601b00cc0 tex=0x601bd4380 retain=1 baseline=1 shapeEntries=9 pool=35MB
#### MTL_TEX MIP-NATIVE result attempt=50 tex=0x6019dd980 class=AGXG13GFamilyTexture
#### MTL_TEX LEASE-HIT #6 key=512x512-pf70-bpe4-fcc1380401729 entry=0x6019c1d70 surf=0x601b00580 tex=0x601bd4d80 retain=1 baseline=1 shapeEntries=9 pool=35MB
#### MTL_TEX MIP-NATIVE result attempt=51 tex=0x601bdb680 class=AGXG13GFamilyTexture
#### MTL_TEX LEASE-HIT #7 key=512x512-pf70-bpe4-fcc1380401729 entry=0x6019c4f50 surf=0x601b00d20 tex=0x601bd5c80 retain=1 baseline=1 shapeEntries=9 pool=35MB
#### MTL_TEX MIP-NATIVE result attempt=52 tex=0x601bdb400 class=AGXG13GFamilyTexture
#### MTL_TEX LEASE-HIT #8 key=512x512-pf70-bpe4-fcc1380401729 entry=0x6019c4620 surf=0x601b00560 tex=0x601bd6b80 retain=1 baseline=1 shapeEntries=9 pool=35MB
#### MTL_TEX MIP-NATIVE result attempt=53 tex=0x601bdaa00 class=AGXG13GFamilyTexture
#### MTL_TEX LEASE-HIT #9 key=512x512-pf70-bpe4-fcc1380401729 entry=0x6019c5250 surf=0x601b00d00 tex=0x601bd7a80 retain=1 baseline=1 shapeEntries=9 pool=35MB
#### MTL_TEX MIP-NATIVE result attempt=54 tex=0x601bdb180 class=AGXG13GFamilyTexture
#### MTL_TEX LEASE-HIT #10 key=512x512-pf70-bpe4-fcc1380401729 entry=0x6019c5190 surf=0x601b00ae0 tex=0x601bd7f80 retain=1 baseline=1 shapeEntries=9 pool=35MB
#### MTL_TEX MIP-NATIVE result attempt=55 tex=0x601bdbe00 class=AGXG13GFamilyTexture
#### MTL_TEX LEASE-HIT #11 key=256x256-pf70-bpe4-fcc1380401729 entry=0x6019c3030 surf=0x601b003a0 tex=0x601bb3480 retain=1 baseline=1 shapeEntries=9 pool=35MB
#### MTL_TEX MIP-NATIVE result attempt=56 tex=0x601bdc300 class=AGXG13GFamilyTexture
#### MTL_TEX LEASE-HIT #12 key=256x256-pf70-bpe4-fcc1380401729 entry=0x6019c1050 surf=0x601b00dc0 tex=0x601bbb680 retain=1 baseline=1 shapeEntries=9 pool=35MB
#### MTL_TEX MIP-NATIVE result attempt=57 tex=0x601bdca80 class=AGXG13GFamilyTexture
#### MTL_TEX LEASE-HIT #13 key=512x256-pf70-bpe4-fcc1380401729 entry=0x6019c48c0 surf=0x601b00d80 tex=0x601bd3480 retain=1 baseline=1 shapeEntries=2 pool=35MB
#### MTL_TEX MIP-NATIVE result attempt=58 tex=0x601bdcf80 class=AGXG13GFamilyTexture
#### MTL_TEX LEASE-HIT #14 key=512x512-pf70-bpe4-fcc1380401729 entry=0x6019c5310 surf=0x601b00ce0 tex=0x601bd8e80 retain=1 baseline=1 shapeEntries=9 pool=35MB
#### MTL_TEX MIP-NATIVE result attempt=59 tex=0x601bdd480 class=AGXG13GFamilyTexture
#### MTL_TEX LEASE-HIT #15 key=512x512-pf70-bpe4-fcc1380401729 entry=0x6019c4b90 surf=0x601b00c00 tex=0x601bd9380 retain=1 baseline=1 shapeEntries=9 pool=35MB
#### MTL_TEX MIP-NATIVE result attempt=60 tex=0x601bdd980 class=AGXG13GFamilyTexture
#### MTL_TEX LEASE-HIT #16 key=512x512-pf70-bpe4-fcc1380401729 entry=0x6019c50a0 surf=0x601b00cc0 tex=0x601bd4380 retain=1 baseline=1 shapeEntries=9 pool=35MB
#### MTL_TEX MIP-NATIVE result attempt=61 tex=0x601bdde80 class=AGXG13GFamilyTexture
#### MTL_TEX LEASE-HIT #17 key=512x512-pf70-bpe4-fcc1380401729 entry=0x6019c1d70 surf=0x601b00580 tex=0x601bd4d80 retain=1 baseline=1 shapeEntries=9 pool=35MB
#### MTL_TEX LEASE-HIT #18 key=512x512-pf70-bpe4-fcc1380401729 entry=0x6019c4f50 surf=0x601b00d20 tex=0x601bd5c80 retain=1 baseline=1 shapeEntries=9 pool=35MB
#### AGX_LIFE CREATE id=0x1e4 type=0 surf=0 bytes=0x100000 kr=0 okC=1500 failC=0 okD=203 failD=0 unmatchedD=0 full=0 live=1297/224MB [t0=1056/97MB t80=3/0MB t82=238/126MB]
#### MTL_TEX LEASE-HIT #19 key=512x512-pf70-bpe4-fcc1380401729 entry=0x6019c4620 surf=0x601b00560 tex=0x601bd6b80 retain=1 baseline=1 shapeEntries=9 pool=35MB
#### MTL_TEX LEASE-HIT #20 key=512x512-pf70-bpe4-fcc1380401729 entry=0x6019c5250 surf=0x601b00d00 tex=0x601bd7a80 retain=1 baseline=1 shapeEntries=9 pool=35MB
#### MTL_TEX LEASE-HIT #21 key=512x512-pf70-bpe4-fcc1380401729 entry=0x6019c5190 surf=0x601b00ae0 tex=0x601bd7f80 retain=1 baseline=1 shapeEntries=9 pool=35MB
#### MTL_TEX LEASE-HIT #22 key=512x512-pf70-bpe4-fcc1380401729 entry=0x6019c5310 surf=0x601b00ce0 tex=0x601bd8e80 retain=1 baseline=1 shapeEntries=9 pool=35MB
#### MTL_TEX MIP-NATIVE result attempt=62 tex=0x601bde600 class=AGXG13GFamilyTexture
#### AGX_SUBMIT_DIAG #151 TEMP-KCMD-TRAILING-WRAPPER-FIX match=32 subtype1=0..0x840->0..0x820 wrappers=1 range=0x840..0x858->0x820..0x838
#### AGX_SUBMIT_DIAG #153 subtype1-predicate scalar0=0x1 legacy-scalar-gate=1 total=0x858/1 seglen=0xd30/1 seghdr=1 cmdtotal=1 d8=1 pad1=1 f1=1 sent1=1 pad2=1 f2=1 sent2=1
#### AGX_SUBMIT_DIAG #153 descriptor[0] KCMD-type1-observed saved=0x858/0x858 path=/tmp/macws_submit_kcmd_153_0_type1-observed.bin errno=0
#### AGX_SUBMIT_DIAG #153 descriptor[0] segment saved=0xd30/0xd30 path=/tmp/macws_submit_segment_153_0.bin errno=0
#### AGX_SUBMIT_DIAG #153 TEMP-KCMD-ABI-FIX subtype1-clear pads=0x1c0,0x4c0 total=0x858->0x838 size=0x7e8->0x7c8 end=0x818->0x7f8 segment-span=0x838
#### JIT-FAULT-WRITE restore #9216 pages=1 overflow=0 write_faults=10123 exec_waits=578 late_retries=164
#### AGX_SUBMIT_DIAG #154 subtype1-predicate scalar0=0x1 legacy-scalar-gate=1 total=0x858/1 seglen=0xfb0/1 seghdr=1 cmdtotal=1 d8=1 pad1=1 f1=1 sent1=1 pad2=1 f2=1 sent2=1
#### AGX_SUBMIT_DIAG #154 descriptor[0] KCMD-type1-observed saved=0x858/0x858 path=/tmp/macws_submit_kcmd_154_0_type1-observed.bin errno=0
#### AGX_SUBMIT_DIAG #154 descriptor[0] segment saved=0xfb0/0xfb0 path=/tmp/macws_submit_segment_154_0.bin errno=0
#### AGX_SUBMIT_DIAG #154 TEMP-KCMD-ABI-FIX subtype1-clear pads=0x1c0,0x4c0 total=0x858->0x838 size=0x7e8->0x7c8 end=0x818->0x7f8 segment-span=0x838
#### VNC-FINAL candidate #7 tex=0x6019dc300 class=AGXG13GFamilyTexture tex=1024x1024 pf=80 usage=0x5 storage=0 hazard=2 surface=0x600a96ce0 1024x1024 bpr=4096
#### AGX_SUBMIT_DIAG #157 subtype1-predicate scalar0=0x1 legacy-scalar-gate=1 total=0x858/1 seglen=0x530/1 seghdr=1 cmdtotal=1 d8=1 pad1=1 f1=1 sent1=1 pad2=1 f2=1 sent2=1
#### AGX_SUBMIT_DIAG #157 descriptor[0] KCMD-type1-observed saved=0x858/0x858 path=/tmp/macws_submit_kcmd_157_0_type1-observed.bin errno=0
#### AGX_SUBMIT_DIAG #157 descriptor[0] segment saved=0x530/0x530 path=/tmp/macws_submit_segment_157_0.bin errno=0
#### AGX_SUBMIT_DIAG #157 TEMP-KCMD-ABI-FIX subtype1-clear pads=0x1c0,0x4c0 total=0x858->0x838 size=0x7e8->0x7c8 end=0x818->0x7f8 segment-span=0x838
#### AGXIOC Method sel=0x18->0x14 inCnt=0 inSC=0 outSC=0 -> 0x0
#### AGXIOC Method sel=0x19->0x15 inCnt=1 inSC=0 outSC=0 -> 0x0
#### MTL_TEX LEASE-HIT #23 key=256x256-pf70-bpe4-fcc1380401729 entry=0x6019c3270 surf=0x601b00400 tex=0x601bb2080 retain=1 baseline=1 shapeEntries=9 pool=35MB
#### MTL_TEX MIP-NATIVE result attempt=63 tex=0x601be0500 class=AGXG13GFamilyTexture
#### MTL_TEX LEASE-HIT #24 key=256x256-pf70-bpe4-fcc1380401729 entry=0x6019c3240 surf=0x600a9dea0 tex=0x601bb2a80 retain=1 baseline=1 shapeEntries=9 pool=35MB
#### MTL_TEX MIP-NATIVE result attempt=64 tex=0x6019dc080 class=AGXG13GFamilyTexture
#### MTL_TEX LEASE-HIT #25 key=256x256-pf70-bpe4-fcc1380401729 entry=0x6019c3270 surf=0x601b00400 tex=0x601bb2080 retain=1 baseline=1 shapeEntries=9 pool=35MB
#### MTL_TEX MIP-NATIVE result attempt=65 tex=0x601bded80 class=AGXG13GFamilyTexture
#### MTL_TEX LEASE-HIT #26 key=256x256-pf70-bpe4-fcc1380401729 entry=0x6019c3030 surf=0x601b003a0 tex=0x601bb3480 retain=1 baseline=1 shapeEntries=9 pool=35MB
#### MTL_TEX MIP-NATIVE result attempt=66 tex=0x601be1180 class=AGXG13GFamilyTexture
#### MTL_TEX LEASE-HIT #27 key=512x256-pf70-bpe4-fcc1380401729 entry=0x6019c48c0 surf=0x601b00d80 tex=0x601bd3480 retain=1 baseline=1 shapeEntries=2 pool=35MB
#### MTL_TEX MIP-NATIVE result attempt=67 tex=0x601be0a00 class=AGXG13GFamilyTexture
#### VNC-FINAL candidate #8 tex=0x601be1900 class=AGXG13GFamilyTexture tex=1024x1024 pf=70 usage=0x7 storage=0 hazard=2 surface=0x600a99e60 1024x1024 bpr=4096
#### MTL_TEX MIP-NATIVE result attempt=68 tex=0x601be1b80 class=AGXG13GFamilyTexture
#### VNC-FINAL candidate #9 tex=0x601be2800 class=AGXG13GFamilyTexture tex=1024x1024 pf=70 usage=0x7 storage=0 hazard=2 surface=0x600a98a00 1024x1024 bpr=4096
#### MTL_TEX MIP-NATIVE result attempt=69 tex=0x601be2080 class=AGXG13GFamilyTexture
#### MTL_TEX LEASE-HIT #28 key=256x256-pf70-bpe4-fcc1380401729 entry=0x6019c1050 surf=0x601b00dc0 tex=0x601bbb680 retain=1 baseline=1 shapeEntries=9 pool=43MB
#### MTL_TEX MIP-NATIVE result attempt=70 tex=0x601be2a80 class=AGXG13GFamilyTexture
#### MTL_TEX LEASE-HIT #29 key=256x256-pf70-bpe4-fcc1380401729 entry=0x6019c4140 surf=0x601b003e0 tex=0x601bbc580 retain=1 baseline=1 shapeEntries=9 pool=43MB
#### MTL_TEX MIP-NATIVE result attempt=71 tex=0x601be2f80 class=AGXG13GFamilyTexture
#### MTL_TEX LEASE-HIT #30 key=256x256-pf70-bpe4-fcc1380401729 entry=0x6019c4080 surf=0x601b005a0 tex=0x601bbca80 retain=1 baseline=1 shapeEntries=9 pool=43MB
#### MTL_TEX MIP-NATIVE result attempt=72 tex=0x601be3480 class=AGXG13GFamilyTexture
#### VNC-FINAL candidate #10 tex=0x601be4100 class=AGXG13GFamilyTexture tex=1024x1024 pf=70 usage=0x7 storage=0 hazard=2 surface=0x600a994e0 1024x1024 bpr=4096
#### MTL_TEX MIP-NATIVE result attempt=73 tex=0x601be3980 class=AGXG13GFamilyTexture
#### MTL_TEX MIP-NATIVE result attempt=74 tex=0x601be4380 class=AGXG13GFamilyTexture
#### MTL_TEX MIP-NATIVE result attempt=75 tex=0x601be5280 class=AGXG13GFamilyTexture
#### MTL_TEX MIP-NATIVE result attempt=76 tex=0x601be5c80 class=AGXG13GFamilyTexture
#### MTL_TEX LEASE-HIT #31 key=1024x1024-pf70-bpe4-fcc1380401729 entry=0x6019c5430 surf=0x600a99e60 tex=0x601be1900 retain=1 baseline=1 shapeEntries=3 pool=47MB
#### VNC-FINAL candidate #11 tex=0x601be1900 class=AGXG13GFamilyTexture tex=1024x1024 pf=70 usage=0x7 storage=0 hazard=2 surface=0x600a99e60 1024x1024 bpr=4096
#### MTL_TEX MIP-NATIVE result attempt=77 tex=0x601be7300 class=AGXG13GFamilyTexture
#### MTL_TEX LEASE-HIT #32 key=512x512-pf70-bpe4-fcc1380401729 entry=0x6019c50a0 surf=0x601b00cc0 tex=0x601bd4380 retain=1 baseline=1 shapeEntries=9 pool=47MB
#### MTL_TEX MIP-NATIVE result attempt=78 tex=0x601be6e00 class=AGXG13GFamilyTexture
#### MTL_TEX LEASE-HIT #33 key=1024x1024-pf70-bpe4-fcc1380401729 entry=0x6019c63f0 surf=0x600a98a00 tex=0x601be2800 retain=1 baseline=1 shapeEntries=3 pool=47MB
#### VNC-FINAL candidate #12 tex=0x601be2800 class=AGXG13GFamilyTexture tex=1024x1024 pf=70 usage=0x7 storage=0 hazard=2 surface=0x600a98a00 1024x1024 bpr=4096
#### MTL_TEX MIP-NATIVE result attempt=79 tex=0x601be1680 class=AGXG13GFamilyTexture
#### MTL_TEX LEASE-HIT #34 key=1024x1024-pf70-bpe4-fcc1380401729 entry=0x6019c64b0 surf=0x600a994e0 tex=0x601be4100 retain=1 baseline=1 shapeEntries=3 pool=47MB
#### VNC-FINAL candidate #13 tex=0x601be4100 class=AGXG13GFamilyTexture tex=1024x1024 pf=70 usage=0x7 storage=0 hazard=2 surface=0x600a994e0 1024x1024 bpr=4096
#### MTL_TEX MIP-NATIVE result attempt=80 tex=0x601be7a80 class=AGXG13GFamilyTexture
#### MTL_TEX LEASE-HIT #35 key=1024x1024-pf70-bpe4-fcc1380401729 entry=0x6019c5430 surf=0x600a99e60 tex=0x601be1900 retain=1 baseline=1 shapeEntries=3 pool=47MB
#### VNC-FINAL candidate #14 tex=0x601be1900 class=AGXG13GFamilyTexture tex=1024x1024 pf=70 usage=0x7 storage=0 hazard=2 surface=0x600a99e60 1024x1024 bpr=4096
#### MTL_TEX MIP-NATIVE result attempt=81 tex=0x601be7f80 class=AGXG13GFamilyTexture
#### MTL_TEX LEASE-HIT #36 key=1024x1024-pf70-bpe4-fcc1380401729 entry=0x6019c63f0 surf=0x600a98a00 tex=0x601be2800 retain=1 baseline=1 shapeEntries=3 pool=47MB
#### VNC-FINAL candidate #15 tex=0x601be2800 class=AGXG13GFamilyTexture tex=1024x1024 pf=70 usage=0x7 storage=0 hazard=2 surface=0x600a98a00 1024x1024 bpr=4096
#### MTL_TEX MIP-NATIVE result attempt=82 tex=0x601be8480 class=AGXG13GFamilyTexture
#### MTL_TEX LEASE-HIT #37 key=1024x1024-pf70-bpe4-fcc1380401729 entry=0x6019c64b0 surf=0x600a994e0 tex=0x601be4100 retain=1 baseline=1 shapeEntries=3 pool=47MB
#### VNC-FINAL candidate #16 tex=0x601be4100 class=AGXG13GFamilyTexture tex=1024x1024 pf=70 usage=0x7 storage=0 hazard=2 surface=0x600a994e0 1024x1024 bpr=4096
#### MTL_TEX MIP-NATIVE result attempt=83 tex=0x601be8700 class=AGXG13GFamilyTexture
#### AGX_SUBMIT_DIAG #173 subtype1-predicate scalar0=0x1 legacy-scalar-gate=1 total=0x858/1 seglen=0x770/1 seghdr=1 cmdtotal=1 d8=1 pad1=1 f1=1 sent1=1 pad2=1 f2=1 sent2=1
#### AGX_SUBMIT_DIAG #173 descriptor[0] KCMD-type1-observed saved=0x858/0x858 path=/tmp/macws_submit_kcmd_173_0_type1-observed.bin errno=0
#### AGX_SUBMIT_DIAG #173 descriptor[0] segment saved=0x770/0x770 path=/tmp/macws_submit_segment_173_0.bin errno=0
#### AGX_SUBMIT_DIAG #173 TEMP-KCMD-ABI-FIX subtype1-clear pads=0x1c0,0x4c0 total=0x858->0x838 size=0x7e8->0x7c8 end=0x818->0x7f8 segment-span=0x838
#### AGXIOC Method sel=0x18->0x14 inCnt=0 inSC=0 outSC=0 -> 0x0
#### AGXIOC Method sel=0x19->0x15 inCnt=1 inSC=0 outSC=0 -> 0x0
#### VNC-FINAL candidate #17 tex=0x601be9880 class=AGXG13GFamilyTexture tex=1024x1024 pf=70 usage=0x7 storage=0 hazard=2 surface=0x601b011c0 1024x1024 bpr=4096
#### MTL_TEX MIP-NATIVE result attempt=84 tex=0x601be9100 class=AGXG13GFamilyTexture
#### MTL_TEX LEASE-HIT #38 key=128x256-pf70-bpe4-fcc1380401729 entry=0x6019c6540 surf=0x600a992e0 tex=0x601be4b00 retain=1 baseline=1 shapeEntries=3 pool=51MB
#### MTL_TEX MIP-NATIVE result attempt=85 tex=0x601be9b00 class=AGXG13GFamilyTexture
#### MTL_TEX LEASE-HIT #39 key=128x256-pf70-bpe4-fcc1380401729 entry=0x6019c6090 surf=0x600a98760 tex=0x601be5000 retain=1 baseline=1 shapeEntries=3 pool=51MB
#### MTL_TEX MIP-NATIVE result attempt=86 tex=0x601bea000 class=AGXG13GFamilyTexture
#### MTL_TEX LEASE-HIT #40 key=128x256-pf70-bpe4-fcc1380401729 entry=0x6019c6180 surf=0x600a92da0 tex=0x601be5a00 retain=1 baseline=1 shapeEntries=3 pool=51MB
#### MTL_TEX MIP-NATIVE result attempt=87 tex=0x601bea500 class=AGXG13GFamilyTexture
#### MTL_TEX LEASE-HIT #41 key=128x128-pf70-bpe4-fcc1380401729 entry=0x6019c39c0 surf=0x601b00020 tex=0x601bb9380 retain=1 baseline=1 shapeEntries=4 pool=51MB
#### MTL_TEX MIP-NATIVE result attempt=88 tex=0x601beaa00 class=AGXG13GFamilyTexture
#### MTL_TEX LEASE-HIT #42 key=128x128-pf70-bpe4-fcc1380401729 entry=0x6019c3e70 surf=0x601b00520 tex=0x601bba000 retain=1 baseline=1 shapeEntries=4 pool=51MB
#### MTL_TEX MIP-NATIVE result attempt=89 tex=0x601beaf00 class=AGXG13GFamilyTexture
[48174:0729/190123.135916:ERROR:components/os_crypt/common/keychain_password_mac.mm:148] Keychain lookup failed: Error Domain=NSOSStatusErrorDomain Code=-50 "paramErr: error in user parameter list" (-50)
#### AGXIOC Method sel=0x18->0x14 inCnt=0 inSC=0 outSC=0 -> 0x0
#### AGXIOC Method sel=0x19->0x15 inCnt=1 inSC=0 outSC=0 -> 0x0
#### VNC-FINAL candidate #18 tex=0x601bee380 class=AGXG13GFamilyTexture tex=1024x1024 pf=80 usage=0x5 storage=0 hazard=2 surface=0x600a9a8e0 1024x1024 bpr=4096
#### AGXIOC Method sel=0x18->0x14 inCnt=0 inSC=0 outSC=0 -> 0x0
#### AGXIOC Method sel=0x19->0x15 inCnt=1 inSC=0 outSC=0 -> 0x0
#### VNC-FINAL candidate #19 tex=0x601bed700 class=AGXG13GFamilyTexture tex=1024x1024 pf=80 usage=0x5 storage=0 hazard=2 surface=0x600a9d6c0 1024x1024 bpr=4096
#### AGXIOC Method sel=0x19->0x15 inCnt=1 inSC=0 outSC=0 -> 0x0
#### JIT-FAULT-WRITE restore #10240 pages=1 overflow=0 write_faults=11255 exec_waits=614 late_retries=173
#### MTL_TEX LEASE-HIT #43 key=1728x1344-pf80-bpe4-fcc1111970369 entry=0x600cde100 surf=0x600a9aaa0 tex=0x601048e80 retain=1 baseline=1 shapeEntries=1 pool=51MB
#### VNC-FINAL candidate #20 tex=0x601048e80 class=AGXG13GFamilyTexture tex=1728x1344 pf=80 usage=0x7 storage=0 hazard=2 surface=0x600a9aaa0 1728x1344 bpr=6912
#### VNC-FINAL candidate #21 tex=0x601beca80 class=AGXG13GFamilyTexture tex=1728x1344 pf=80 usage=0x5 storage=0 hazard=2 surface=0x600a9a040 1728x1344 bpr=6912
#### VNC-FINAL candidate #22 tex=0x601beed80 class=AGXG13GFamilyTexture tex=1684x1334 pf=10 usage=0x7 storage=0 hazard=2 surface=0x600a9d6a0 1684x1334 bpr=1792
#### AGX_SUBMIT_DIAG #320 TEMP-KCMD-ABI-FIX off=0 size=0x1b8->0x1a8 end=0x1e8->0x1d8 moved=0x64 new-total=0x230
#### IOSURFACE-RELEASE-ABI pair #4: conn=15367 surfaceID=539 sel=1 -> 0
#### AGXIOC Method sel=0xd->0xc inCnt=2 inSC=0 outSC=0 -> 0x0
#### AGXIOC Method sel=0xd->0xc inCnt=2 inSC=0 outSC=0 -> 0x0
#### AGXIOC Method sel=0xd->0xc inCnt=2 inSC=0 outSC=0 -> 0x0
#### AGX_SUBMIT_DIAG #407 TEMP-KCMD-TRAILING-WRAPPER-FIX match=64 subtype1=0..0x840->0..0x820 wrappers=1 range=0x840..0x858->0x820..0x838
#### AGX_LIFE CREATE id=0x5dd type=0 surf=0 bytes=0x8000 kr=0 okC=1750 failC=0 okD=249 failD=0 unmatchedD=0 full=0 live=1500/337MB [t0=1243/176MB t80=3/0MB t82=254/160MB]
#### AGXIOC Method sel=0xd->0xc inCnt=2 inSC=0 outSC=0 -> 0x0
#### AGX_LIFE DESTROY id=0x5e5 type=0 surf=0 bytes=0x4000 kr=0 okC=1758 failC=0 okD=250 failD=0 unmatchedD=0 full=0 live=1507/337MB [t0=1250/176MB t80=3/0MB t82=254/160MB]
#### MTL_TEX LEASE-HIT #44 key=1728x1344-pf80-bpe4-fcc1111970369 entry=0x600cde100 surf=0x600a9aaa0 tex=0x601048e80 retain=1 baseline=1 shapeEntries=1 pool=55MB
#### VNC-FINAL candidate #23 tex=0x601048e80 class=AGXG13GFamilyTexture tex=1728x1344 pf=80 usage=0x7 storage=0 hazard=2 surface=0x600a9aaa0 1728x1344 bpr=6912
#### AGXIOC heap map #1500 clientID 0x8000 -> resourceID 0x5e8 size 0x8000
#### AGX_SUBMIT_DIAG #606 TEMP-KCMD-ABI-FIX off=0 size=0x1b8->0x1a8 end=0x1e8->0x1d8 moved=0x64 new-total=0x230
#### IOSURFACE-RELEASE-ABI pair #5: conn=15367 surfaceID=539 sel=1 -> 0
#### MTL_TEX LEASE-HIT #45 key=1728x1344-pf80-bpe4-fcc1111970369 entry=0x600cde100 surf=0x600a9aaa0 tex=0x601048e80 retain=1 baseline=1 shapeEntries=1 pool=59MB
#### IOSURFACE-RELEASE-ABI pair #6: conn=15367 surfaceID=536 sel=1 -> 0
#### IOSURFACE-RELEASE-ABI pair #7: conn=15367 surfaceID=326 sel=1 -> 0
#### IOSURFACE-RELEASE-ABI pair #8: conn=15367 surfaceID=328 sel=1 -> 0
#### IOSURFACE-RELEASE-ABI pair #9: conn=15367 surfaceID=329 sel=1 -> 0
#### IOSURFACE-RELEASE-ABI pair #10: conn=15367 surfaceID=330 sel=1 -> 0
#### IOSURFACE-RELEASE-ABI pair #11: conn=15367 surfaceID=331 sel=1 -> 0
#### IOSURFACE-RELEASE-ABI pair #12: conn=15367 surfaceID=332 sel=1 -> 0
#### IOSURFACE-RELEASE-ABI pair #13: conn=15367 surfaceID=346 sel=1 -> 0
#### IOSURFACE-RELEASE-ABI pair #14: conn=15367 surfaceID=476 sel=1 -> 0
#### IOSURFACE-RELEASE-ABI pair #15: conn=15367 surfaceID=557 sel=1 -> 0
#### AGX_SUBMIT_DIAG #692 TEMP-KCMD-ABI-FIX off=0 size=0x1b8->0x1a8 end=0x1e8->0x1d8 moved=0x64 new-total=0x230
#### IOSURFACE-RELEASE-ABI pair #16: conn=15367 surfaceID=559 sel=1 -> 0
#### AGX_SUBMIT_DIAG #737 TEMP-KCMD-TRAILING-WRAPPER-FIX match=128 subtype1=0..0x840->0..0x820 wrappers=1 range=0x840..0x858->0x820..0x838
#### JIT-FAULT-WRITE restore #4096 pages=1 overflow=0 write_faults=4521 exec_waits=205 late_retries=80
#### AGXIOC Method sel=0xd->0xc inCnt=2 inSC=0 outSC=0 -> 0x0
#### AGXIOC Method sel=0xd->0xc inCnt=2 inSC=0 outSC=0 -> 0x0
#### AGXIOC Method sel=0xd->0xc inCnt=2 inSC=0 outSC=0 -> 0x0
#### AGXIOC Method sel=0xd->0xc inCnt=2 inSC=0 outSC=0 -> 0x0
[91m[main 2026-07-30T02:01:26.108Z][0m ProxyResolver#loadSystemCertificates error 206
#### JIT-FAULT-WRITE restore #11264 pages=2 overflow=0 write_faults=12378 exec_waits=675 late_retries=196
#### MTL_TEX LEASE-HIT #46 key=2048x256-pf10-bpe1-fcc1278226488 entry=0x600cd7860 surf=0x600a96ba0 tex=0x60104fa00 retain=1 baseline=1 shapeEntries=1 pool=64MB
#### MTL_TEX LEASE-HIT #47 key=2048x512-pf10-bpe1-fcc1278226488 entry=0x600cd86a0 surf=0x600a98dc0 tex=0x6012d2580 retain=1 baseline=1 shapeEntries=1 pool=64MB
#### MTL_TEX LEASE-HIT #48 key=128x1-pf10-bpe1-fcc1278226488 entry=0x600bc2100 surf=0x600a92fa0 tex=0x60098af00 retain=1 baseline=1 shapeEntries=1 pool=64MB
#### MTL_TEX plain DEPTH-STENCIL: pf=253 routing to native AGX path (IOSurface backing is invalid)
#### AGXIOC sel=0x9 type=0 VA-shape +0x38=0x119178000 → 0
#### AGXIOC sel=0x9 type=0 VA-shape detected: args+0x40=0x119178000 (>1GB) → using args+0x48=0x20000 as size, +0x58 0x380888c50 → 0
#### MTL_TEX plain DEPTH-STENCIL native result: 0x601041180 class=AGXG13GFamilyTexture
#### MTL_TEX plain MEMORYLESS: routing to native AGX path (no IOSurface — tile-memory-only) w=128 h=16 pf=253
#### MTL_TEX plain MEMORYLESS native result: 0x601049600 (class=AGXG13GFamilyTexture storageMode=3 length=999)
#### MTL_TEX plain MEMORYLESS: routing to native AGX path (no IOSurface — tile-memory-only) w=128 h=16 pf=10
#### MTL_TEX plain MEMORYLESS native result: 0x60104fc80 (class=AGXG13GFamilyTexture storageMode=3 length=999)
#### AGXIOC Method sel=0xd->0xc inCnt=2 inSC=0 outSC=0 -> 0x0
#### AGX_SUBMIT_DIAG #815 TEMP-KCMD-ABI-FIX off=0 size=0x1b8->0x1a8 end=0x1e8->0x1d8 moved=0x64 new-total=0x230
#### AGXIOC Method sel=0x1e->0x1a inCnt=4 inSC=56 outSC=0 -> 0x0
#### AGXIOC Method sel=0xd->0xc inCnt=2 inSC=0 outSC=0 -> 0x0
#### AGX_SUBMIT_DIAG #1579 TEMP-KCMD-TRAILING-WRAPPER-FIX match=256 subtype1=0..0x840->0..0x820 wrappers=1 range=0x840..0x858->0x820..0x838
#### AGX_LIFE CREATE id=0x67c type=0 surf=0 bytes=0x8000 kr=0 okC=2000 failC=0 okD=340 failD=0 unmatchedD=0 full=0 live=1657/345MB [t0=1386/186MB t80=3/0MB t82=268/159MB]
#### AGXIOC Method sel=0x1e->0x1a inCnt=4 inSC=56 outSC=0 -> 0x0
#### AGXIOC Method sel=0x1e->0x1a inCnt=4 inSC=56 outSC=0 -> 0x0
#### AGX_SUBMIT_DIAG #3322 TEMP-KCMD-TRAILING-WRAPPER-FIX match=512 subtype1=0..0x840->0..0x820 wrappers=1 range=0x840..0x858->0x820..0x838
#### AGXIOC Method sel=0xd->0xc inCnt=2 inSC=0 outSC=0 -> 0x0
#### AGXIOC Method sel=0x1e->0x1a inCnt=4 inSC=56 outSC=0 -> 0x0
#### IOSURFACE-RELEASE-ABI pair #1: conn=54031 surfaceID=287 sel=1 -> 0
#### JIT-FAULT-WRITE restore #12288 pages=1 overflow=0 write_faults=14108 exec_waits=675 late_retries=196
#### AGXIOC Method sel=0x1e->0x1a inCnt=4 inSC=56 outSC=0 -> 0x0
#### AGXIOC Method sel=0x1e->0x1a inCnt=4 inSC=56 outSC=0 -> 0x0
#### JIT-FAULT-WRITE restore #13312 pages=1 overflow=0 write_faults=15306 exec_waits=675 late_retries=196
#### AGXIOC Method sel=0xd->0xc inCnt=2 inSC=0 outSC=0 -> 0x0
#### AGX_SUBMIT_DIAG #6817 TEMP-KCMD-TRAILING-WRAPPER-FIX match=1024 subtype1=0..0x840->0..0x820 wrappers=1 range=0x840..0x858->0x820..0x838
#### TRACE -[AGXBuffer initUntracked] self=0x6020d4380 dev=0x6001d2000 len=24576 opt=0 -> 0x6020d4380
#### TRACE -[AGXBuffer initUntracked] self=0x6020d4200 dev=0x6001d2000 len=24576 opt=0 -> 0x6020d4200
#### TRACE -[AGXBuffer initUntracked] self=0x6020d4080 dev=0x6001d2000 len=4096 opt=0 -> 0x6020d4080
#### AGXIOC Method sel=0x1e->0x1a inCnt=4 inSC=56 outSC=0 -> 0x0
#### JIT-FAULT-WRITE restore #5120 pages=1 overflow=0 write_faults=5934 exec_waits=212 late_retries=83
#### AGXIOC Method sel=0x18->0x14 inCnt=0 inSC=0 outSC=0 -> 0x0
#### AGXIOC Method sel=0x19->0x15 inCnt=1 inSC=0 outSC=0 -> 0x0
#### AGXIOC Method sel=0x1e->0x1a inCnt=4 inSC=56 outSC=0 -> 0x0
#### AGX_LIFE CREATE id=0x6ef type=0 surf=0 bytes=0x8c000 kr=0 okC=2250 failC=0 okD=475 failD=0 unmatchedD=0 full=0 live=1772/436MB [t0=1427/189MB t80=3/0MB t82=342/246MB]
#### AGXIOC Method sel=0x1e->0x1a inCnt=4 inSC=56 outSC=0 -> 0x0
#### AGX_LIFE DESTROY id=0x702 type=0 surf=0 bytes=0x8c000 kr=0 okC=2293 failC=0 okD=500 failD=0 unmatchedD=0 full=0 live=1790/452MB [t0=1429/187MB t80=3/0MB t82=358/264MB]
#### AGXIOC Method sel=0xd->0xc inCnt=2 inSC=0 outSC=0 -> 0x0
#### AGXIOC Method sel=0x1e->0x1a inCnt=4 inSC=56 outSC=0 -> 0x0
#### AGXIOC Method sel=0x1e->0x1a inCnt=4 inSC=56 outSC=0 -> 0x0
#### AGXIOC Method sel=0x1e->0x1a inCnt=4 inSC=56 outSC=0 -> 0x0
#### AGXIOC Method sel=0xd->0xc inCnt=2 inSC=0 outSC=0 -> 0x0
#### AGXIOC Method sel=0x1e->0x1a inCnt=4 inSC=112 outSC=0 -> 0x0
#### AGX_SUBMIT_DIAG #13890 TEMP-KCMD-TRAILING-WRAPPER-FIX match=2048 subtype1=0..0x840->0..0x820 wrappers=1 range=0x840..0x858->0x820..0x838
#### AGXIOC Method sel=0x1e->0x1a inCnt=4 inSC=56 outSC=0 -> 0x0
#### AGXIOC Method sel=0xd->0xc inCnt=2 inSC=0 outSC=0 -> 0x0
#### IOGPU-ERROR-GETTER observation=1 commandBuffer=0x6014a4280 class=AGXG13GFamilyCommandBuffer submitSerial=12887 fixed=0 domain=MTLCommandBufferErrorDomain code=1 description=Internal Error (00000103:Internal Error)
#### IOGPU-CALLBACK-OBJECT role=getter-error object=0x601135840 dynamicClass=NSError instanceSize=0x28
#### IOGPU-CALLBACK-CLASS role=getter-error depth=0 class=NSError ivars=4
#### IOGPU-CALLBACK-IVAR role=getter-error class=NSError offset=0x8 name=_reserved type=^v raw64=0
#### IOGPU-CALLBACK-IVAR role=getter-error class=NSError offset=0x10 name=_code type=q raw64=0x1
#### IOGPU-CALLBACK-IVAR role=getter-error class=NSError offset=0x18 name=_domain type=@"NSString" raw64=0x1eab60a90
#### IOGPU-CALLBACK-IVAR role=getter-error class=NSError offset=0x20 name=_userInfo type=@"NSDictionary" raw64=0x60092e6d0
#### IOGPU-CALLBACK-CLASS role=getter-error depth=1 class=NSObject ivars=1
#### IOGPU-CALLBACK-IVAR role=getter-error class=NSObject offset=0 name=isa type=# raw64=0x2000001e8908349
#### IOGPU-CALLBACK-BYTES role=getter-error base=0x601135840 offset=0 bytes=498390e80100000200000000000000000100000000000000900ab6ea01000000
#### IOGPU-CALLBACK-BYTES role=getter-error base=0x601135840 offset=0x20 bytes=d0e6920006000000
#### IOGPU-CALLBACK-ERROR domain=MTLCommandBufferErrorDomain code=1 userInfo=0x60092e6d0 userInfoClass=__NSSingleEntryDictionaryI
#### IOGPU-CALLBACK-OBJECT role=buffer-error-user-info object=0x60092e6d0 dynamicClass=__NSSingleEntryDictionaryI instanceSize=0x18
#### IOGPU-CALLBACK-CLASS role=buffer-error-user-info depth=0 class=__NSSingleEntryDictionaryI ivars=2
#### IOGPU-CALLBACK-IVAR role=buffer-error-user-info class=__NSSingleEntryDictionaryI offset=0x8 name=_obj type=@ raw64=0x6009e0690
#### IOGPU-CALLBACK-IVAR role=buffer-error-user-info class=__NSSingleEntryDictionaryI offset=0x10 name=_key type=@ raw64=0x1e98d4200
#### IOGPU-CALLBACK-CLASS role=buffer-error-user-info depth=1 class=NSDictionary ivars=0
#### IOGPU-CALLBACK-CLASS role=buffer-error-user-info depth=2 class=NSObject ivars=1
#### IOGPU-CALLBACK-IVAR role=buffer-error-user-info class=NSObject offset=0 name=isa type=# raw64=0x6000001e8900471
#### IOGPU-CALLBACK-BYTES role=buffer-error-user-info base=0x60092e6d0 offset=0 bytes=710490e80100000690069e000600000000428de901000000
#### IOGPU-CALLBACK-USERINFO count=1 limit=1
#### IOGPU-CALLBACK-USERINFO-ENTRY index=0 key=NSLocalizedDescription value=0x6009e0690 class=__NSCFString string=Internal Error (00000103:Internal Error)
#### IOGPU-CALLBACK-STORAGE role=getter-error commandBuffer=0x6014a4280 class=AGXG13GFamilyCommandBuffer ivarOffset=0x250 storage=0x6015d5800
#### IOGPU-CALLBACK-BYTES role=command-storage base=0x6015d5800 offset=0 bytes=00201d0006000000307887000600000000000000000000000000000000000000
#### IOGPU-CALLBACK-BYTES role=command-storage base=0x6015d5800 offset=0x20 bytes=903319000600000000c0ae1d0100000028c2ae1d0100000000c0b01d01000000
#### IOGPU-CALLBACK-BYTES role=command-storage base=0x6015d5800 offset=0x40 bytes=0000000000000000000000000000000000000000000000000000000000000000
#### IOGPU-CALLBACK-BYTES role=command-storage base=0x6015d5800 offset=0x60 bytes=80941900060000000040ae1d0100000000c0ae1d010000000000000000000000
#### IOGPU-CALLBACK-BYTES role=command-storage base=0x6015d5800 offset=0x80 bytes=0000000000000000000000000000000000000000000000000000000000000000
#### IOGPU-CALLBACK-BYTES role=command-storage base=0x6015d5800 offset=0xa0 bytes=0000000000000000000000000000000000000000000000000000000000000000
#### IOGPU-CALLBACK-BYTES role=command-storage base=0x6015d5800 offset=0xc0 bytes=0000000000000000000000000000000000000000000000000000000000000000
#### IOGPU-CALLBACK-BYTES role=command-storage base=0x6015d5800 offset=0xe0 bytes=0000000000000000000000000000000000000000000000000000000000000000
#### IOGPU-CALLBACK-BYTES role=command-storage base=0x6015d5800 offset=0x100 bytes=0000000000000000000000000000000000000000000000000000000000000000
#### IOGPU-CALLBACK-BYTES role=command-storage base=0x6015d5800 offset=0x120 bytes=0000000000000000000000000000000000000000000000000000000000000000
#### IOGPU-CALLBACK-BYTES role=command-storage base=0x6015d5800 offset=0x140 bytes=0000000000000000000000000000000000000000000000000000000000000000
#### IOGPU-CALLBACK-BYTES role=command-storage base=0x6015d5800 offset=0x160 bytes=0000000000000000000000000000000000000000000000000000000000000000
#### IOGPU-CALLBACK-BYTES role=command-storage base=0x6015d5800 offset=0x180 bytes=0000000000000000000000000000000000000000000000000000000000000000
#### IOGPU-CALLBACK-BYTES role=command-storage base=0x6015d5800 offset=0x1a0 bytes=0000000000000000000000000000000000000000000000000000000000000000
#### IOGPU-CALLBACK-BYTES role=command-storage base=0x6015d5800 offset=0x1c0 bytes=0000000000000000000000000000000000000000000000000000000000000000
#### IOGPU-CALLBACK-BYTES role=command-storage base=0x6015d5800 offset=0x1e0 bytes=0000000000000000000000000000000000000000000000000000000000000000
#### IOGPU-CALLBACK-BYTES role=command-storage base=0x6015d5800 offset=0x200 bytes=0000000000000000000000000000000000000000000000000000000000000000
#### IOGPU-CALLBACK-BYTES role=command-storage base=0x6015d5800 offset=0x220 bytes=0000000000000000000000000000000000000000000000000000000000000000
#### IOGPU-CALLBACK-BYTES role=command-storage base=0x6015d5800 offset=0x240 bytes=0000000000000000000000000000000000000000000000000040e20106000000
#### IOGPU-CALLBACK-BYTES role=command-storage base=0x6015d5800 offset=0x260 bytes=c0cbf000060000000040cd010600000000080000000000000b00000000080000
#### IOGPU-CALLBACK-BYTES role=command-storage base=0x6015d5800 offset=0x280 bytes=1f0000000300000002000000000000003040ae1d0100000000c095d501000000
#### IOGPU-CALLBACK-BYTES role=command-storage base=0x6015d5800 offset=0x2a0 bytes=00c0b4d601000000ff0100000f000000030000000f0000000000000000000000
#### IOGPU-CALLBACK-BYTES role=command-storage base=0x6015d5800 offset=0x2c0 bytes=020000000000000050c262aa0100000000585d010600000000c04b0106000000
#### IOGPU-CALLBACK-BYTES role=command-storage base=0x6015d5800 offset=0x2e0 bytes=00004b0106000000000000000000000000000000000000000000000000000000
#### AGX_FAST_RING dumped reason=iogpu-error-getter-103 commandBuffer=0x6014a4280 requested=12887 matched=12887 entries=48 byteEntries=16 range=12843..12890 path=/tmp/macws_fast_submit_error_48199_1
[48199:0729/190246.057286:ERROR:ui/gl/angle_platform_impl.cc:47] mtl_command_buffer.mm:693 (onCommandBufferCompleted): Completed MTLCommandBuffer failed, and error is Internal Error (00000103:Internal Error)
#### AGXIOC Method sel=0x1e->0x1a inCnt=4 inSC=56 outSC=0 -> 0x0
#### AGXIOC Method sel=0x18->0x14 inCnt=0 inSC=0 outSC=0 -> 0x0
#### AGXIOC Method sel=0x19->0x15 inCnt=1 inSC=0 outSC=0 -> 0x0
#### AGXIOC type=0x82 patch #500: f14=0x430 +0x30 0→0x2a0 +0x38 0x2a0→0 +0x40 0→0 +0x50 0→0x180888f00 +0x58 0x180888f00→0
#### AGXIOC Method sel=0x1e->0x1a inCnt=4 inSC=56 outSC=0 -> 0x0
#### JIT-FAULT-WRITE restore #6144 pages=1 overflow=0 write_faults=7099 exec_waits=212 late_retries=83
#### MACWS_AGX_NATIVE memoryless witness #600 instance=0x6001d2000 class=AGXG13GFamilyDevice original=0x1f2c3e8a8 -> YES
#### AGXIOC Method sel=0x1e->0x1a inCnt=4 inSC=56 outSC=0 -> 0x0
#### AGX_LIFE CREATE id=0x729 type=0 surf=0 bytes=0x8c000 kr=0 okC=2500 failC=0 okD=666 failD=0 unmatchedD=0 full=0 live=1831/502MB [t0=1429/189MB t80=3/0MB t82=399/311MB]
#### AGXIOC Method sel=0x1e->0x1a inCnt=4 inSC=56 outSC=0 -> 0x0
#### AGXIOC Method sel=0xd->0xc inCnt=2 inSC=0 outSC=0 -> 0x0
#### AGXIOC Method sel=0x1e->0x1a inCnt=4 inSC=56 outSC=0 -> 0x0
#### IOGPU-ERROR-GETTER observation=2 commandBuffer=0x602191c00 class=AGXG13GFamilyCommandBuffer submitSerial=0 fixed=0 domain=MTLCommandBufferErrorDomain code=1 description=Internal Error (00000103:Internal Error)
[48199:0729/190304.447351:ERROR:ui/gl/angle_platform_impl.cc:47] mtl_command_buffer.mm:693 (onCommandBufferCompleted): Completed MTLCommandBuffer failed, and error is Internal Error (00000103:Internal Error)
#### AGXIOC heap map #2000 clientID 0x8000 -> resourceID 0x733 size 0x8000
#### AGXIOC Method sel=0x1e->0x1a inCnt=4 inSC=56 outSC=0 -> 0x0
#### AGXIOC Method sel=0xd->0xc inCnt=2 inSC=0 outSC=0 -> 0x0
#### AGXIOC Method sel=0x1e->0x1a inCnt=4 inSC=56 outSC=0 -> 0x0
#### IOGPU-ERROR-GETTER observation=3 commandBuffer=0x601ef6200 class=AGXG13GFamilyCommandBuffer submitSerial=0 fixed=0 domain=MTLCommandBufferErrorDomain code=1 description=Internal Error (00000102:Internal Error)
[48199:0729/190313.992746:ERROR:ui/gl/angle_platform_impl.cc:47] mtl_command_buffer.mm:693 (onCommandBufferCompleted): Completed MTLCommandBuffer failed, and error is Internal Error (00000102:Internal Error)
#### AGXIOC Method sel=0x1e->0x1a inCnt=4 inSC=56 outSC=0 -> 0x0
#### AGX_LIFE DESTROY id=0xac type=0x82 surf=0x2bb bytes=0x8dc000 kr=0 okC=2596 failC=0 okD=750 failD=0 unmatchedD=0 full=0 live=1843/505MB [t0=1429/187MB t80=3/0MB t82=411/317MB]
#### AGXIOC Method sel=0x18->0x14 inCnt=0 inSC=0 outSC=0 -> 0x0
#### AGXIOC Method sel=0x19->0x15 inCnt=1 inSC=0 outSC=0 -> 0x0
#### AGXIOC Method sel=0x1e->0x1a inCnt=4 inSC=56 outSC=0 -> 0x0
