[launchdchrootexec] target=/Applications/Visual Studio Code.app/Contents/MacOS/Electron arch=arm64 insert=/usr/local/lib/libmachook_arm64.dylib
getppid = 1
#### MACWS_HID_BYPASS installed SetMatchingMultiple → no-op (1) at 0x1a5cf9e8c — skips iOS-format CFBinaryPlist parse inside
####   IOHIDEventSystemClientCacheMatchingServices → IOHIDUnserializeAndVMDealloc → CFPropertyListCreateFromStream
####   that BUS_ADRALNs in the IOMFBServer thread.
#### MACWS_AGX_RENAMER_PATCH: off (set MACWS_AGX_RENAMER_PATCH=1 to enable)
#### MACWS_ASSERT_BYPASS DISABLED (set MACWS_KEEP_ASSERT_BYPASS=1 to restore lazy bypass) — real __assert_rtn now reaches abort
#### MACWS_AGX_NATIVE [ctor] pre-loaded IOGPU via /System/Library/PrivateFrameworks/IOGPU.framework/IOGPU -> 0x3ea2a4c10
#### XPC_BOOTSTRAP: fn=0x1a28b1140 dict=0x1558044a0 (registering Metal/ViewBridge/HIServices)
#### XPC_BOOTSTRAP: called OK
#### COEXIST API SwapEnd hook installed target=0x1ad78f1cc trampoline=0x100b20000
#### SkyLight PrepareForUse tolerate-nil hook installed at 0x1a7b70fc4
#### SkyLight StartCompositeForDisplayStream nil-skip hook installed at 0x1a7999d74
#### SkyLight StartComposite(WSCD) tolerate-nil + pop-on-bail hook installed at 0x1a7999358
#### SkyLight StartComposite(MTLTex) pop-on-bail hook installed at 0x1a7999fb8
#### SkyLight EndCurrentComposite(bool) completion hook installed at 0x1a799853c
#### SkyLight EndUpdate(bool) submission hook installed at 0x1a79980b0
#### SkyLight _state_stack pop_back resolved at 0x1a7996fa0
#### SkyLight WSCompositeDestinationCreateWithMetalTexture nil-tolerate hook installed at 0x1a799c53c
#### SkyLight MetalContext::StopCapture invalid-this guard installed at 0x1a79981bc
#### MACWS_AGX_NATIVE class_addMethod(MTLTextureDescriptor, validateWithDevice:) = 1
#### MACWS_AGX_NATIVE class_addMethod(IOGPUMetalTexture, isMemoryless) = 1
#### MACWS_AGX_NATIVE class_addMethod(IOGPUMetalTexture, getCPUSizeBytes) = 1
#### MACWS_AGX_NATIVE class_addMethod(IOGPUMetalTexture, getAlignment) = 1
#### MACWS_AGX_NATIVE class_addMethod(IOGPUMetalTexture, descriptorPrivate) = 1
#### MACWS_AGX_NATIVE class_addMethod(IOGPUMetalTexture, getBytesPerRow) = 1
#### MACWS_AGX_NATIVE class_addMethod(IOGPUMetalTexture, updateBindDataWithAddresses:gpuVirtualAddress:) = 1
#### MACWS_AGX_NATIVE class_addMethod(IOGPUMetalTexture, updateBindDataWithAddresses:gpuVirtualAddress:shouldInitMetadata:) = 1
#### MACWS_AGX_NATIVE class_addMethod(IOGPUMetalTexture, allocBufferSubDataWithLength:options:alignment:heapIndex:bufferIndex:bufferOffset:) = 1
#### MACWS_AGX_NATIVE class_addMethod(IOGPUMetalTexture, initNewTextureData:) = 1
#### MACWS_AGX_NATIVE class_addMethod(MTLTextureDescriptor, isMemoryless) = 1
#### MACWS_AGX_NATIVE class_addMethod(MTLTextureDescriptor, protectionOptions) = 1
#### MACWS_AGX_NATIVE class_addMethod(MTLTextureDescriptor, getCPUSizeBytes) = 1
#### MACWS_AGX_NATIVE class_addMethod(MTLTextureDescriptor, getAlignment) = 1
#### MACWS_AGX_NATIVE class_addMethod(MTLTextureDescriptor, descriptorPrivate) = 1
#### MACWS_AGX_NATIVE class_addMethod(MTLTextureDescriptor, getBytesPerRow) = 1
#### MACWS_AGX_NATIVE class_addMethod(MTLTextureDescriptor, updateBindDataWithAddresses:gpuVirtualAddress:) = 1
#### MACWS_AGX_NATIVE class_addMethod(MTLTextureDescriptor, updateBindDataWithAddresses:gpuVirtualAddress:shouldInitMetadata:) = 1
#### MACWS_AGX_NATIVE class_addMethod(MTLTextureDescriptor, allocBufferSubDataWithLength:options:alignment:heapIndex:bufferIndex:bufferOffset:) = 1
#### MACWS_AGX_NATIVE class_addMethod(MTLTextureDescriptor, initNewTextureData:) = 1
#### AMFI-POLICY-COMPAT policy=AMFI op=0x60 status=0x4 (iOS task ports are hard-immovable)
#### CSR-POLICY-COMPAT active_config=0x0 (conservative iOS compatibility value)
[72325:0728/061224.392164:VERBOSE1:components/device_event_log/device_event_log_impl.cc:204] [06:12:24.383] Display: EVENT: screen_mac.mm:465 Displays updated, count: 1
[72325:0728/061224.392468:VERBOSE1:components/device_event_log/device_event_log_impl.cc:204] [06:12:24.392] Display: EVENT: screen_mac.mm:467 Display[1] bounds=[0,0 1194x834], workarea=[0,25 1194x809], scale=2, rotation=0, panel_rotation=0 internal detected
#### JIT-MPROTECT range[0]=[0x280000000,0x290000000) source=MAP_JIT-EINVAL
#### JIT-MPROTECT execution barrier installed (W^X fetch-wait compatibility)
#### JIT-MPROTECT range[0]=[0x280000000,0x290000000) source=MAP_JIT-EINVAL
#### JIT-MPROTECT range[0]=[0x280000000,0x290000000) source=MAP_JIT-EINVAL
#### JIT-MPROTECT range[0]=[0x280000000,0x290000000) source=MAP_JIT-EINVAL
#### JIT-MPROTECT range[0]=[0x280000000,0x290000000) source=MAP_JIT-EINVAL
#### JIT-MPROTECT range[0]=[0x280000000,0x290000000) source=MAP_JIT-EINVAL
#### JIT-MPROTECT range[0]=[0x280000000,0x290000000) source=MAP_JIT-EINVAL
#### JIT-MPROTECT range[0]=[0x280000000,0x290000000) source=MAP_JIT-EINVAL
#### JIT-MPROTECT range[0]=[0x280000000,0x290000000) source=MAP_JIT-EINVAL
#### JIT-MPROTECT range[0]=[0x280000000,0x290000000) source=MAP_JIT-EINVAL
#### JIT-MPROTECT range[0]=[0x280000000,0x290000000) source=MAP_JIT-EINVAL
#### JIT-MPROTECT range[0]=[0x280000000,0x290000000) source=MAP_JIT-EINVAL
#### JIT-MPROTECT range[0]=[0x130000000,0x140000000) source=MAP_JIT-EINVAL
#### JIT-MPROTECT call #1 addr=0x130000000 size=0x10000000 requested=0x7 effective=0x3 result=0 errno=0 caller=0x112a66334 image=/Applications/Visual Studio Code.app/Contents/Frameworks/Electron Framework.framework/Versions/A/Electron Framework offset=0x63b2334
#### JIT-MPROTECT remap decline #1 dst=0x137dc0000 size=0x208000 src=0x10ed5c000 requested=0x5 -> V8 copy fallback
#### JIT-MPROTECT flip #1 ranges=1 prot=RW writers=1 exec_waits=0 late_retries=0
#### JIT-MPROTECT flip #2 ranges=1 prot=RX writers=1 exec_waits=0 late_retries=0
#### JIT-MPROTECT flip #3 ranges=1 prot=RW writers=1 exec_waits=0 late_retries=0
#### JIT-MPROTECT flip #4 ranges=1 prot=RX writers=1 exec_waits=1 late_retries=0
#### JIT-MPROTECT flip #5 ranges=1 prot=RW writers=1 exec_waits=1 late_retries=0
#### JIT-MPROTECT flip #6 ranges=1 prot=RX writers=1 exec_waits=2 late_retries=0
#### JIT-MPROTECT flip #7 ranges=1 prot=RW writers=1 exec_waits=2 late_retries=0
#### JIT-MPROTECT flip #8 ranges=1 prot=RX writers=1 exec_waits=2 late_retries=0
#### JIT-MPROTECT flip #9 ranges=1 prot=RW writers=1 exec_waits=2 late_retries=0
#### JIT-MPROTECT flip #10 ranges=1 prot=RX writers=1 exec_waits=2 late_retries=0
#### JIT-MPROTECT flip #11 ranges=1 prot=RW writers=1 exec_waits=2 late_retries=0
#### JIT-MPROTECT flip #12 ranges=1 prot=RX writers=1 exec_waits=2 late_retries=0
#### JIT-MPROTECT flip #13 ranges=1 prot=RW writers=1 exec_waits=2 late_retries=0
#### JIT-MPROTECT flip #14 ranges=1 prot=RX writers=1 exec_waits=3 late_retries=0
#### JIT-MPROTECT flip #15 ranges=1 prot=RW writers=1 exec_waits=3 late_retries=0
#### JIT-MPROTECT flip #16 ranges=1 prot=RX writers=1 exec_waits=4 late_retries=0
#### JIT-MPROTECT flip #17 ranges=1 prot=RW writers=1 exec_waits=4 late_retries=0
#### JIT-MPROTECT flip #18 ranges=1 prot=RX writers=1 exec_waits=5 late_retries=0
#### JIT-MPROTECT flip #19 ranges=1 prot=RW writers=1 exec_waits=5 late_retries=0
#### JIT-MPROTECT flip #20 ranges=1 prot=RX writers=1 exec_waits=6 late_retries=0
#### JIT-MPROTECT flip #21 ranges=1 prot=RW writers=1 exec_waits=6 late_retries=0
#### JIT-MPROTECT flip #22 ranges=1 prot=RX writers=1 exec_waits=7 late_retries=0
#### JIT-MPROTECT flip #23 ranges=1 prot=RW writers=1 exec_waits=7 late_retries=0
#### JIT-MPROTECT flip #24 ranges=1 prot=RX writers=1 exec_waits=8 late_retries=0
#### JIT-MPROTECT flip #25 ranges=1 prot=RW writers=1 exec_waits=8 late_retries=0
#### JIT-MPROTECT flip #26 ranges=1 prot=RX writers=1 exec_waits=9 late_retries=0
#### JIT-MPROTECT flip #27 ranges=1 prot=RW writers=1 exec_waits=9 late_retries=0
#### JIT-MPROTECT flip #28 ranges=1 prot=RX writers=1 exec_waits=9 late_retries=0
#### JIT-MPROTECT flip #29 ranges=1 prot=RW writers=1 exec_waits=9 late_retries=0
#### JIT-MPROTECT flip #30 ranges=1 prot=RX writers=1 exec_waits=10 late_retries=0
#### JIT-MPROTECT flip #31 ranges=1 prot=RW writers=1 exec_waits=10 late_retries=0
#### JIT-MPROTECT flip #32 ranges=1 prot=RX writers=1 exec_waits=11 late_retries=0
#### JIT-MPROTECT flip #1024 ranges=1 prot=RX writers=1 exec_waits=342 late_retries=12
#### MACWS_HID_BYPASS installed SetMatchingMultiple → no-op (1) at 0x1a5cf9e8c — skips iOS-format CFBinaryPlist parse inside
####   IOHIDEventSystemClientCacheMatchingServices → IOHIDUnserializeAndVMDealloc → CFPropertyListCreateFromStream
####   that BUS_ADRALNs in the IOMFBServer thread.
#### MACWS_AGX_RENAMER_PATCH: off (set MACWS_AGX_RENAMER_PATCH=1 to enable)
#### MACWS_ASSERT_BYPASS DISABLED (set MACWS_KEEP_ASSERT_BYPASS=1 to restore lazy bypass) — real __assert_rtn now reaches abort
#### MACWS_AGX_NATIVE [ctor] pre-loaded IOGPU via /System/Library/PrivateFrameworks/IOGPU.framework/IOGPU -> 0x3ea2a4c10
#### XPC_BOOTSTRAP: fn=0x1a28b1140 dict=0x125711640 (registering Metal/ViewBridge/HIServices)
#### XPC_BOOTSTRAP: called OK
#### COEXIST API SwapEnd hook installed target=0x1ad78f1cc trampoline=0x100c30000
#### SkyLight PrepareForUse tolerate-nil hook installed at 0x1a7b70fc4
#### SkyLight StartCompositeForDisplayStream nil-skip hook installed at 0x1a7999d74
#### SkyLight StartComposite(WSCD) tolerate-nil + pop-on-bail hook installed at 0x1a7999358
#### SkyLight StartComposite(MTLTex) pop-on-bail hook installed at 0x1a7999fb8
#### SkyLight EndCurrentComposite(bool) completion hook installed at 0x1a799853c
#### SkyLight EndUpdate(bool) submission hook installed at 0x1a79980b0
#### SkyLight _state_stack pop_back resolved at 0x1a7996fa0
#### SkyLight WSCompositeDestinationCreateWithMetalTexture nil-tolerate hook installed at 0x1a799c53c
#### SkyLight MetalContext::StopCapture invalid-this guard installed at 0x1a79981bc
#### MACWS_AGX_NATIVE class_addMethod(MTLTextureDescriptor, validateWithDevice:) = 1
#### MACWS_AGX_NATIVE class_addMethod(IOGPUMetalTexture, isMemoryless) = 1
#### MACWS_AGX_NATIVE class_addMethod(IOGPUMetalTexture, getCPUSizeBytes) = 1
#### MACWS_AGX_NATIVE class_addMethod(IOGPUMetalTexture, getAlignment) = 1
#### MACWS_AGX_NATIVE class_addMethod(IOGPUMetalTexture, descriptorPrivate) = 1
#### MACWS_AGX_NATIVE class_addMethod(IOGPUMetalTexture, getBytesPerRow) = 1
#### MACWS_AGX_NATIVE class_addMethod(IOGPUMetalTexture, updateBindDataWithAddresses:gpuVirtualAddress:) = 1
#### MACWS_AGX_NATIVE class_addMethod(IOGPUMetalTexture, updateBindDataWithAddresses:gpuVirtualAddress:shouldInitMetadata:) = 1
#### MACWS_AGX_NATIVE class_addMethod(IOGPUMetalTexture, allocBufferSubDataWithLength:options:alignment:heapIndex:bufferIndex:bufferOffset:) = 1
#### MACWS_AGX_NATIVE class_addMethod(IOGPUMetalTexture, initNewTextureData:) = 1
#### MACWS_AGX_NATIVE class_addMethod(MTLTextureDescriptor, isMemoryless) = 1
#### MACWS_AGX_NATIVE class_addMethod(MTLTextureDescriptor, protectionOptions) = 1
#### MACWS_AGX_NATIVE class_addMethod(MTLTextureDescriptor, getCPUSizeBytes) = 1
#### MACWS_AGX_NATIVE class_addMethod(MTLTextureDescriptor, getAlignment) = 1
#### MACWS_AGX_NATIVE class_addMethod(MTLTextureDescriptor, descriptorPrivate) = 1
#### MACWS_AGX_NATIVE class_addMethod(MTLTextureDescriptor, getBytesPerRow) = 1
#### MACWS_AGX_NATIVE class_addMethod(MTLTextureDescriptor, updateBindDataWithAddresses:gpuVirtualAddress:) = 1
#### MACWS_AGX_NATIVE class_addMethod(MTLTextureDescriptor, updateBindDataWithAddresses:gpuVirtualAddress:shouldInitMetadata:) = 1
#### MACWS_AGX_NATIVE class_addMethod(MTLTextureDescriptor, allocBufferSubDataWithLength:options:alignment:heapIndex:bufferIndex:bufferOffset:) = 1
#### MACWS_AGX_NATIVE class_addMethod(MTLTextureDescriptor, initNewTextureData:) = 1
[72325:0728/061225.092818:ERROR:third_party/crashpad/crashpad/util/file/file_io.cc:103] ReadExactly: expected 8, observed 0
[72325:0728/061225.132682:VERBOSE1:components/proxy_config/pref_proxy_config_tracker_impl.cc:462] 0x6004c2a40: set chrome proxy config service to 0x6004b1a40

DevTools listening on ws://127.0.0.1:9222/devtools/browser/93422659-b1a0-461d-aef5-b9e6067702a0
[72325:0728/061225.147327:VERBOSE1:content/browser/first_party_sets/first_party_sets_handler_impl_instance.cc:270] Empty path. Failed initializing First-Party Sets database.
#### MACWS_HID_BYPASS installed SetMatchingMultiple → no-op (1) at 0x1a5cf9e8c — skips iOS-format CFBinaryPlist parse inside
####   IOHIDEventSystemClientCacheMatchingServices → IOHIDUnserializeAndVMDealloc → CFPropertyListCreateFromStream
####   that BUS_ADRALNs in the IOMFBServer thread.
#### MACWS_AGX_RENAMER_PATCH: off (set MACWS_AGX_RENAMER_PATCH=1 to enable)
#### MACWS_ASSERT_BYPASS DISABLED (set MACWS_KEEP_ASSERT_BYPASS=1 to restore lazy bypass) — real __assert_rtn now reaches abort
#### MACWS_AGX_NATIVE [ctor] pre-loaded IOGPU via /System/Library/PrivateFrameworks/IOGPU.framework/IOGPU -> 0x3ea2a4c10
#### XPC_BOOTSTRAP: fn=0x1a28b1140 dict=0x1366134a0 (registering Metal/ViewBridge/HIServices)
#### XPC_BOOTSTRAP: called OK
#### COEXIST API SwapEnd hook installed target=0x1ad78f1cc trampoline=0x1010e8000
#### MACWS_HID_BYPASS installed SetMatchingMultiple → no-op (1) at 0x1a5cf9e8c — skips iOS-format CFBinaryPlist parse inside
####   IOHIDEventSystemClientCacheMatchingServices → IOHIDUnserializeAndVMDealloc → CFPropertyListCreateFromStream
####   that BUS_ADRALNs in the IOMFBServer thread.
#### MACWS_AGX_RENAMER_PATCH: off (set MACWS_AGX_RENAMER_PATCH=1 to enable)
#### MACWS_ASSERT_BYPASS DISABLED (set MACWS_KEEP_ASSERT_BYPASS=1 to restore lazy bypass) — real __assert_rtn now reaches abort
#### MACWS_AGX_NATIVE [ctor] pre-loaded IOGPU via /System/Library/PrivateFrameworks/IOGPU.framework/IOGPU -> 0x3ea2a4c10
#### SkyLight PrepareForUse tolerate-nil hook installed at 0x1a7b70fc4
#### XPC_BOOTSTRAP: fn=0x1a28b1140 dict=0x145004bf0 (registering Metal/ViewBridge/HIServices)
#### XPC_BOOTSTRAP: called OK
#### SkyLight StartCompositeForDisplayStream nil-skip hook installed at 0x1a7999d74
#### COEXIST API SwapEnd hook installed target=0x1ad78f1cc trampoline=0x102e54000
#### SkyLight StartComposite(WSCD) tolerate-nil + pop-on-bail hook installed at 0x1a7999358
#### SkyLight StartComposite(MTLTex) pop-on-bail hook installed at 0x1a7999fb8
#### SkyLight EndCurrentComposite(bool) completion hook installed at 0x1a799853c
#### SkyLight EndUpdate(bool) submission hook installed at 0x1a79980b0
#### SkyLight _state_stack pop_back resolved at 0x1a7996fa0
#### SkyLight WSCompositeDestinationCreateWithMetalTexture nil-tolerate hook installed at 0x1a799c53c
#### SkyLight PrepareForUse tolerate-nil hook installed at 0x1a7b70fc4
#### SkyLight MetalContext::StopCapture invalid-this guard installed at 0x1a79981bc
#### SkyLight StartCompositeForDisplayStream nil-skip hook installed at 0x1a7999d74
#### MACWS_AGX_NATIVE class_addMethod(MTLTextureDescriptor, validateWithDevice:) = 1
#### MACWS_AGX_NATIVE class_addMethod(IOGPUMetalTexture, isMemoryless) = 1
#### MACWS_AGX_NATIVE class_addMethod(IOGPUMetalTexture, getCPUSizeBytes) = 1
#### MACWS_AGX_NATIVE class_addMethod(IOGPUMetalTexture, getAlignment) = 1
#### MACWS_AGX_NATIVE class_addMethod(IOGPUMetalTexture, descriptorPrivate) = 1
#### MACWS_AGX_NATIVE class_addMethod(IOGPUMetalTexture, getBytesPerRow) = 1
#### MACWS_AGX_NATIVE class_addMethod(IOGPUMetalTexture, updateBindDataWithAddresses:gpuVirtualAddress:) = 1
#### MACWS_AGX_NATIVE class_addMethod(IOGPUMetalTexture, updateBindDataWithAddresses:gpuVirtualAddress:shouldInitMetadata:) = 1
#### MACWS_AGX_NATIVE class_addMethod(IOGPUMetalTexture, allocBufferSubDataWithLength:options:alignment:heapIndex:bufferIndex:bufferOffset:) = 1
#### MACWS_AGX_NATIVE class_addMethod(IOGPUMetalTexture, initNewTextureData:) = 1
#### MACWS_AGX_NATIVE class_addMethod(MTLTextureDescriptor, isMemoryless) = 1
#### MACWS_AGX_NATIVE class_addMethod(MTLTextureDescriptor, protectionOptions) = 1
#### MACWS_AGX_NATIVE class_addMethod(MTLTextureDescriptor, getCPUSizeBytes) = 1
#### MACWS_AGX_NATIVE class_addMethod(MTLTextureDescriptor, getAlignment) = 1
#### MACWS_AGX_NATIVE class_addMethod(MTLTextureDescriptor, descriptorPrivate) = 1
#### MACWS_AGX_NATIVE class_addMethod(MTLTextureDescriptor, getBytesPerRow) = 1
#### MACWS_AGX_NATIVE class_addMethod(MTLTextureDescriptor, updateBindDataWithAddresses:gpuVirtualAddress:) = 1
#### MACWS_AGX_NATIVE class_addMethod(MTLTextureDescriptor, updateBindDataWithAddresses:gpuVirtualAddress:shouldInitMetadata:) = 1
#### MACWS_AGX_NATIVE class_addMethod(MTLTextureDescriptor, allocBufferSubDataWithLength:options:alignment:heapIndex:bufferIndex:bufferOffset:) = 1
#### MACWS_AGX_NATIVE class_addMethod(MTLTextureDescriptor, initNewTextureData:) = 1
#### SkyLight StartComposite(WSCD) tolerate-nil + pop-on-bail hook installed at 0x1a7999358
#### SkyLight StartComposite(MTLTex) pop-on-bail hook installed at 0x1a7999fb8
#### SkyLight EndCurrentComposite(bool) completion hook installed at 0x1a799853c
#### SkyLight EndUpdate(bool) submission hook installed at 0x1a79980b0
#### SkyLight _state_stack pop_back resolved at 0x1a7996fa0
#### SkyLight WSCompositeDestinationCreateWithMetalTexture nil-tolerate hook installed at 0x1a799c53c
#### SkyLight MetalContext::StopCapture invalid-this guard installed at 0x1a79981bc
#### MACWS_AGX_NATIVE class_addMethod(MTLTextureDescriptor, validateWithDevice:) = 1
#### MACWS_AGX_NATIVE class_addMethod(IOGPUMetalTexture, isMemoryless) = 1
#### MACWS_AGX_NATIVE class_addMethod(IOGPUMetalTexture, getCPUSizeBytes) = 1
#### MACWS_AGX_NATIVE class_addMethod(IOGPUMetalTexture, getAlignment) = 1
#### MACWS_AGX_NATIVE class_addMethod(IOGPUMetalTexture, descriptorPrivate) = 1
#### MACWS_AGX_NATIVE class_addMethod(IOGPUMetalTexture, getBytesPerRow) = 1
#### MACWS_AGX_NATIVE class_addMethod(IOGPUMetalTexture, updateBindDataWithAddresses:gpuVirtualAddress:) = 1
#### MACWS_AGX_NATIVE class_addMethod(IOGPUMetalTexture, updateBindDataWithAddresses:gpuVirtualAddress:shouldInitMetadata:) = 1
#### MACWS_AGX_NATIVE class_addMethod(IOGPUMetalTexture, allocBufferSubDataWithLength:options:alignment:heapIndex:bufferIndex:bufferOffset:) = 1
#### MACWS_AGX_NATIVE class_addMethod(IOGPUMetalTexture, initNewTextureData:) = 1
#### MACWS_AGX_NATIVE class_addMethod(MTLTextureDescriptor, isMemoryless) = 1
#### MACWS_AGX_NATIVE class_addMethod(MTLTextureDescriptor, protectionOptions) = 1
#### MACWS_AGX_NATIVE class_addMethod(MTLTextureDescriptor, getCPUSizeBytes) = 1
#### MACWS_AGX_NATIVE class_addMethod(MTLTextureDescriptor, getAlignment) = 1
#### MACWS_AGX_NATIVE class_addMethod(MTLTextureDescriptor, descriptorPrivate) = 1
#### MACWS_AGX_NATIVE class_addMethod(MTLTextureDescriptor, getBytesPerRow) = 1
#### MACWS_AGX_NATIVE class_addMethod(MTLTextureDescriptor, updateBindDataWithAddresses:gpuVirtualAddress:) = 1
#### MACWS_AGX_NATIVE class_addMethod(MTLTextureDescriptor, updateBindDataWithAddresses:gpuVirtualAddress:shouldInitMetadata:) = 1
#### MACWS_AGX_NATIVE class_addMethod(MTLTextureDescriptor, allocBufferSubDataWithLength:options:alignment:heapIndex:bufferIndex:bufferOffset:) = 1
#### MACWS_AGX_NATIVE class_addMethod(MTLTextureDescriptor, initNewTextureData:) = 1
2026-07-28 06:12:25.598 Electron[72325:8265566] id createVolumeObserverSubsystem(NSWorkspaceNotificationCenter *): Failed to create volume observer.
2026-07-28 06:12:25.598 Electron[72325:8265566] id createVolumeObserverSubsystem(NSWorkspaceNotificationCenter *): Failed to create volume observer.
2026-07-28 06:12:25.599 Electron[72325:8265566] id createVolumeObserverSubsystem(NSWorkspaceNotificationCenter *): Failed to create volume observer.
2026-07-28 06:12:25.771 Electron[72325:8265566] XType: Using static font registry.
#### AMFI-POLICY-COMPAT policy=AMFI op=0x60 status=0x4 (iOS task ports are hard-immovable)
#### CSR-POLICY-COMPAT active_config=0x0 (conservative iOS compatibility value)
#### AMFI-POLICY-COMPAT policy=AMFI op=0x60 status=0x4 (iOS task ports are hard-immovable)
#### CSR-POLICY-COMPAT active_config=0x0 (conservative iOS compatibility value)
[72364:0728/061225.911049:ERROR:base/process/process_mac.cc:53] task_policy_set TASK_CATEGORY_POLICY: (os/kern) invalid argument (4)
[72365:0728/061225.929690:ERROR:base/process/process_mac.cc:53] task_policy_set TASK_CATEGORY_POLICY: (os/kern) invalid argument (4)
#### tile-encoder forwards: class MTLSimRenderCommandEncoder NOT found
#### IOGPU-CALLBACK-DIAG installed queueClass=0x1fdd548d0 method=0x0 orig=0x0 bufferClass=0x1fdd54830 method=0x1bf8cb9a5 orig=0x1bf8aebe8 errorMethod=0x1ac107e01 errorOrig=0x1abfd9dcc (file-gated)
#### NSXPCSharedListener class=0x1fe0cfbd8
#### NSXPCSharedListener endpointForReply swizzle installed
#### NSXPCSharedListener connectToService swizzle installed
#### NSXPCSharedListener connectToService intercepted (graceful fail)
[72325:0728/061226.040322:WARNING:content/browser/child_process_task_port_provider_mac.cc:53] AppleMobileFileIntegrity is disabled. The browser will not collect child process task ports.
[72325:0728/061226.044238:ERROR:net/cert/internal/trust_store_mac.cc:489] SecKeychainAddCallback failed: Error Domain=NSOSStatusErrorDomain Code=-50 "paramErr: error in user parameter list" (-50)
[72325:0728/061226.044384:ERROR:net/cert/internal/trust_store_mac.cc:489] SecKeychainAddCallback failed: Error Domain=NSOSStatusErrorDomain Code=-50 "paramErr: error in user parameter list" (-50)
Warning: 'remote-debugging-port' is not in the list of known options, but still passed to Electron/Chromium.
Warning: 'remote-allow-origins' is not in the list of known options, but still passed to Electron/Chromium.
Warning: 'use-angle' is not in the list of known options, but still passed to Electron/Chromium.
Warning: 'ignore-gpu-blocklist' is not in the list of known options, but still passed to Electron/Chromium.
Warning: 'disable-features' is not in the list of known options, but still passed to Electron/Chromium.
Warning: 'enable-logging' is not in the list of known options, but still passed to Electron/Chromium.
[72325:0728/061226.204274:VERBOSE1:components/proxy_config/pref_proxy_config_tracker_impl.cc:462] 0x601e14780: set chrome proxy config service to 0x6004b4980
[72325:0728/061226.207045:VERBOSE1:components/device_event_log/device_event_log_impl.cc:204] [06:12:26.206] Bluetooth: EVENT: bluetooth_api.cc:82 BluetoothAPI: 0x600076f60
[72325:0728/061226.207473:VERBOSE1:base/files/file_util_posix.cc:309] Cannot stat "/tmp/macws-vscode-profile-agx-native-targetfix11/databases": No such file or directory (2)
[72325:0728/061226.207716:VERBOSE1:base/files/file_util_posix.cc:309] Cannot stat "/tmp/macws-vscode-profile-agx-native-targetfix11/Code Cache/pc": No such file or directory (2)
#### JIT-MPROTECT flip #2048 ranges=1 prot=RX writers=1 exec_waits=580 late_retries=30
2026-07-28 06:12:26.307 Electron[72325:8265700] Connection Invalid error for service com.apple.hiservices-xpcservice.
2026-07-28 06:12:26.307 Electron[72325:8265566] Error received in message reply handler: Connection invalid
#### MACWS_AGX_NATIVE pre-loaded IOGPU via /System/Library/PrivateFrameworks/IOGPU.framework/IOGPU -> 0x3ea2a4c10
#### MACWS_AGX_NATIVE dlsym(IOGPUResourceCreate) = 0x1bf8c20a0
#### MACWS_AGX_NATIVE dlsym(IOGPUMetalCommonResourceCreate) = 0x0
#### MACWS_AGX_NATIVE dlsym(IOGPUDeviceCreateWithAPIProperty) = 0x1bf8c00fc
#### MACWS_AGX_NATIVE dlsym(_IOGPUMetalAllocateResource) = 0x0
#### MACWS_AGX_NATIVE dlsym(IOGPUMetalAllocateResource) = 0x0
#### AGX_CLASSREF_DIAG newTexture iosurface alloc class @0x23d015298 = 0x23f5be5f0 name=AGXG13GFamilyTexture
#### AGX_CLASSREF_DIAG initImpl method m=0x2081cd3ad imp=0x2081b6284 expected stub=0x2081c6880 real=0x2081b6284 WHICH=AGXG13GFamilyTexture-real
#### MACWS_AGX_OBJC_AUTDA_PATCH msgSendSuper2=0x1a27d1e00 code=0x1a27d1e00 autda@0x1a27d1e10 insn=0xdac11a30
####   PATCHED autda x16,x17 → xpacd x16 (0xdac11a30 → 0xdac147f0)
#### MACWS_AGX_SEL_DIAG super-init SEL static=0x1cffc6f26 slid=0x1f2732f26 readable=1
####   bytes="initWithDevice:descriptor:iosurface:plane:field:args:argsSize:"
####   sel_registerName(...) = 0x1f2732f26 name="initWithDevice:descriptor:iosurface:plane:field:args:argsSize:"
####   objc_getClass(IOGPUMetalTexture) = 0x1fdd54fb0
####   IOGPUMetalTexture method count = 71
####     - initNewTextureData:
####     - updateBindDataWithAddresses:gpuVirtualAddress:shouldInitMetadata:
####     - initWithBuffer:descriptor:offset:bytesPerRow:
####     - initWithBuffer:descriptor:sysMemOffset:sysMemRowBytes:vidMemSize:vidMemRowBytes:args:argsSize:
####     - initWithBuffer:descriptor:sysMemOffset:sysMemRowBytes:vidMemSize:vidMemRowBytes:args:argsSize:isStrideTexture:
####     - initWithDevice:descriptor:iosurface:plane:field:args:argsSize:
####     - initWithDevice:descriptor:sysMemSize:sysMemRowBytes:vidMemSize:vidMemRowBytes:args:argsSize:
####     - initWithDevice:remoteStorageTexture:args:argsSize:
####     - initWithHeap:resource:offset:length:device:descriptor:
####     - initWithTexture:pixelFormat:
####     - initWithTexture:pixelFormat:textureType:levels:slices:
####     - initWithTexture:pixelFormat:textureType:levels:slices:swizzle:
####     - initWithTextureInternal:pixelFormat:textureType:levels:slices:swizzle:compressedView:
####     - initWithPrimaryBuffer:heapIndex:bufferIndex:bufferOffset:length:descriptor:sysMemRowBytes:vidMemSize:vidMemRowBytes:args:argsSize:
####   AGXTexture super class = 0x0 ((nil))
####   super responds to "initWithDevice:desc:iosurface:plane:" = 0 (Method=0x0)
####   super responds to "initWithDevice:descriptor:iosurface:plane:" = 0 (Method=0x0)
####   super responds to "initWithDevice:descriptor:iosurface:plane:field:args:argsSize:" = 0 (Method=0x0)
####   super responds to "initImplWithDevice:Descriptor:iosurface:plane:buffer:bytesPerRow:allowNPOT:sparsePageSize:isCompressedIOSurface:isHeapBacked:" = 0 (Method=0x0)
#### MACWS_AGX_STUB_FIX objc_msgSendSuper2
####   stub@0x2081c9fc0 insns=[d01cf7f1 9132a231 f9400230 d71f0a11]
####   slot@0x2420c7ca8 value=0x1a27d1e00 sym=objc_msgSendSuper2 base=0x1a27c8000 path=/usr/lib/libobjc.A.dylib
####   PATCHED → br 0x1a27d1e00 (movz/movk/movk/br)
####   new=[d283c010 f2b44fb0 f2c00030 d61f0200]
#### MACWS_AGX_NATIVE objc_getClass(AGXBuffer) = 0x0
#### MACWS_AGX_NATIVE __objc_classlist: 52 entries
####   classlist[0] = 0x23f5be6b8 name=AGXBuffer registered=0x0
####   classlist[1] = 0x23f5be2f8 name=AGXG13GFamilyBinaryArchive registered=0x0
####   classlist[2] = 0x23f5be168 name=AGXG13GFamilyBlitContext registered=0x0
####   classlist[3] = 0x23f5bd7e0 name=AGXG13GFamilyResourceStateContext registered=0x0
####   classlist[4] = 0x23f5bdfd8 name=AGXG13GFamilyBuffer registered=0x0
####   classlist[5] = 0x23f5bd830 name=AGXG13GFamilyCommandBuffer registered=0x0
#### MACWS_AGX_NATIVE objc_duplicateClass=0x1a27f7cb8
#### MACWS_AGX_NATIVE imageinfo=0x239d28a58 sz=8
#### PREREGISTER image[627] AGXMetal13_3: 52/52 realized
#### PREREGISTER image[628] GPURawCounter: 6/6 realized
#### MACWS_AGX_NATIVE register pass 0: 0 new (total 58)
#### MACWS_AGX_NATIVE realized 58/52 classes
#### MACWS_AGX_NATIVE AGXBuffer after register: 0x23f5be6b8
#### MACWS_AGX_NATIVE [AGXBuffer alloc] = 0x6002a1680
#### MACWS_AGX_NATIVE swizzled initUntrackedInternalBufferWithDevice:length:options:
#### MACWS_AGX_NATIVE swizzled initWithDevice:length:alignment:options:isSuballocDisabled:resourceInArgs:pinnedGPULocation:
#### MACWS_AGX_NATIVE tracing -[AGXBuffer initWithDevice:options:args:argsSize:] (nil preserved)
#### LIBOBJC dlsym(objc_constructInstance) = 0x1a27dec08
#### LIBOBJC dlsym(_dyld_objc_notify_register) = 0x1a2b73480
#### LIBOBJC dlsym(_dyld_objc_register_callbacks) = 0x1a2b75abc
#### LIBOBJC dlsym(objc_readClassPair) = 0x1a27e4bdc
#### LIBOBJC dlsym(objc_registerClassPair) = 0x1a27d5a3c
#### LIBOBJC dlsym(_objc_realizeClassFromSwift) = 0x1a27e4d34
#### LIBOBJC dlsym(objc_addLoadImageFunc) = 0x1a27e47c8
#### LIBOBJC dlsym(_objc_init) = 0x1a27ca004
#### CLASS_DETAIL [0] 0x23f5be6b8 name=AGXBuffer super=0x1fdd547e0 (IOGPUMetalBuffer) meta=0
#### CLASS_DETAIL [1] 0x23f5be2f8 name=AGXG13GFamilyBinaryArchive super=0x1fe0eb3b8 (_MTLBinaryArchive) meta=0
#### CLASS_DETAIL [2] 0x23f5be168 name=AGXG13GFamilyBlitContext super=0x1fdd547b8 (IOGPUMetalBlitCommandEncoder) meta=0
#### CLASS_DETAIL [3] 0x23f5bd7e0 name=AGXG13GFamilyResourceStateContext super=0x1fdd54f88 (IOGPUMetalResourceStateCommandEncoder) meta=0
#### CLASS_DETAIL [4] 0x23f5bdfd8 name=AGXG13GFamilyBuffer super=0x23f5be6b8 (AGXBuffer) meta=0
#### CLASS_DETAIL [5] 0x23f5bd830 name=AGXG13GFamilyCommandBuffer super=0x1fdd54830 (IOGPUMetalCommandBuffer) meta=0
#### CLASS_DETAIL [6] 0x23f5be208 name=AGXG13GFamilyCommandQueue super=0x1fdd548d0 (IOGPUMetalCommandQueue) meta=0
#### CLASS_DETAIL [7] 0x23f5be118 name=AGXG13GFamilyComputePipeline super=0x1fe0e9d88 (_MTLComputePipelineState) meta=0
#### CLASS_DETAIL [8] 0x23f5be0c8 name=AGXG13GFamilyDeadlineProfile super=0x1fdb66e70 (NSObject) meta=0
#### CLASS_DETAIL [9] 0x23f5bd8d0 name=AGXG13GFamilyDebugContext super=0x1fdd54970 (IOGPUMetalDebugCommandEncoder) meta=0
#### CLASS_DETAIL [10] 0x23f5be000 name=AGXG13GFamilyDepthStencilState super=0x1fe0e9db0 (_MTLDepthStencilState) meta=0
#### CLASS_DETAIL [11] 0x23f5be2d0 name=AGXG13GFamilyDynamicLibrary super=0x1fe0ebdb8 (_MTLDynamicLibrary) meta=0
#### CLASS_DETAIL [12] 0x23f5be1b8 name=AGXG13GFamilyComputeContext super=0x1fdd54948 (IOGPUMetalComputeCommandEncoder) meta=0
#### CLASS_DETAIL [13] 0x23f5bde70 name=AGXG13GFamilyFunctionHandle super=0x1fe0eb9a8 (_MTLFunctionHandle) meta=0
#### CLASS_DETAIL [14] 0x23f5be2a8 name=AGXG13GFamilyHeap super=0x1fdd54bf0 (IOGPUMetalHeap) meta=0
#### CLASS_DETAIL [15] 0x23f5be280 name=AGXG13GFamilySparseHeap super=0x1fe0ece48 (_MTLHeap) meta=0
#### MACWS_AGX_NATIVE __objc_classrefs: 105 entries, 0 null
####   class AGXBuffer = 0x23f5be6b8
####   class AGXCommandQueue = 0x0
####   class AGXCommandBuffer = 0x0
####   class AGXMetalCommandQueue = 0x0
####   class AGXMetalCommandBuffer = 0x0
####   class AGXMetalBuffer = 0x0
####   class AGXMetalTexture = 0x0
####   class AGXMetalHeap = 0x0
####   class AGXMetalResource = 0x0
####   class AGXMetalDevice = 0x0
####   class AGXMetalFence = 0x0
####   class AGXTexture = 0x23f5be708
####   class IOGPUMetalBuffer = 0x1fdd547e0
####   class IOGPUMetalCommandBuffer = 0x1fdd54830
####   class IOGPUMetalCommandQueue = 0x1fdd548d0
####   class IOGPUMetalDevice = 0x1fdd549c0
####   class IOGPUMetalHeap = 0x1fdd54bf0
####   class IOGPUMetalResource = 0x1fdd54ec0
####   class IOGPUMetalTexture = 0x1fdd54fb0
####   class IOGPUMetalFence = 0x1fdd54b50
####   class IOGPUMTLLateEvalEvent = 0x1fe207c70
#### CLASSREF [0] @0x23d015250 -> 0x1fe0e9428 name=MTLCompiler
#### CLASSREF [1] @0x23d015258 -> 0x1fdb856e0 name=NSDictionary
#### CLASSREF [2] @0x23d015260 -> 0x1fdb8c348 name=NSError
#### CLASSREF [3] @0x23d015268 -> 0x23f5be4b0 name=AGXG13GFamilyComputeOrFragmentOrTileProgram
#### CLASSREF [4] @0x23d015270 -> 0x23f5be4d8 name=AGXG13GFamilyFragmentProgram
#### CLASSREF [5] @0x23d015278 -> 0x23f5be550 name=AGXG13GFamilyVertexProgram
#### CLASSREF [6] @0x23d015280 -> 0x1fdb85848 name=NSMutableDictionary
#### CLASSREF [7] @0x23d015288 -> 0x23f5be5a0 name=AGXG13GFamilyTileProgram
#### CLASSREF [8] @0x23d015290 -> 0x23f5be578 name=AGXG13GFamilyComputeProgram
#### CLASSREF [9] @0x23d015298 -> 0x23f5be5f0 name=AGXG13GFamilyTexture
#### CLASSREF [10] @0x23d0152a0 -> 0x1fe0e9bd0 name=MTLTextureDescriptor
#### CLASSREF [11] @0x23d0152a8 -> 0x23f5be168 name=AGXG13GFamilyBlitContext
#### CLASSREF [12] @0x23d0152b0 -> 0x23f5bd7e0 name=AGXG13GFamilyResourceStateContext
#### CLASSREF [13] @0x23d0152b8 -> 0x23f5bdd58 name=AGXG13GFamilyRayTracingGPUBuilder
#### CLASSREF [14] @0x23d0152c0 -> 0x23f5be190 name=AGXG13GFamilyRenderContext
#### CLASSREF [15] @0x23d0152c8 -> 0x23f5be1b8 name=AGXG13GFamilyComputeContext
#### CLASSREF [16] @0x23d0152d0 -> 0x23f5be1e0 name=AGXG13GFamilyThreadedRenderPass
#### CLASSREF [17] @0x23d0152d8 -> 0x23f5bddd0 name=AGXG13GFamilySampledRenderContext
#### CLASSREF [18] @0x23d0152e0 -> 0x23f5bde98 name=AGXG13GFamilySampledComputeContext
#### CLASSREF [19] @0x23d0152e8 -> 0x1fdb85668 name=NSData
#### CLASSREF [20] @0x23d0152f0 -> 0x23f5bd830 name=AGXG13GFamilyCommandBuffer
#### CLASSREF [21] @0x23d0152f8 -> 0x1fe0ec1c8 name=_MTLProgramAddressTableMappedBinary
#### CLASSREF [22] @0x23d015300 -> 0x1fe0ec178 name=_MTLPipelineStateBinary
#### CLASSREF [23] @0x23d015308 -> 0x1fdb855a0 name=NSArray
#### MACWS_GOT AGXMetal13_3: symtab=8331 syms, strtab=461166853 bytes, indirect=555 entries
####   sect[0] __DATA_CONST,__got type=0 entries=97 indirect_start=228 auth=0
####   bind[1] _MTLCommonCounterSetTimestamp -> 0x1f6849290 (slot=0x239d279e0 auth=0)
####   bind[2] _MTLCommonCounterTimestamp -> 0x1f68491a0 (slot=0x239d279e8 auth=0)
####   bind[3] _MTLCompileTimeStatisticsKeyBackend -> 0x1fb3fcf60 (slot=0x239d279f0 auth=0)
####   bind[4] _MTLCompileTimeStatisticsKeyCachedFunction -> 0x1fb3fcf10 (slot=0x239d279f8 auth=0)
####   bind[5] _MTLCompileTimeStatisticsKeyCompilerTotal -> 0x1fb3fcf48 (slot=0x239d27a00 auth=0)
####   bind[6] _MTLCompileTimeStatisticsKeyDriverTotal -> 0x1fb3fcf40 (slot=0x239d27a08 auth=0)
####   bind[7] _MTLCompileTimeStatisticsKeyFunctionName -> 0x1fb3fcf08 (slot=0x239d27a10 auth=0)
####   bind[8] _MTLCompileTimeStatisticsKeyMTLCompilerService -> 0x1fb3fcf20 (slot=0x239d27a18 auth=0)
####   bind[9] _MTLCompileTimeStatisticsKeyOptimization -> 0x1fb3fcf58 (slot=0x239d27a20 auth=0)
####   bind[10] _MTLCompileTimeStatisticsKeyPipelineTotal -> 0x1fb3fcf18 (slot=0x239d27a28 auth=0)
####   bind[11] _MTLCompileTimeStatisticsKeyPipelinesCompute -> 0x1fb3fbe30 (slot=0x239d27a30 auth=0)
####   IOGPU-CRITICAL _OBJC_IVAR_$_IOGPUMTLLateEvalEvent._eventName = 0x1fb8de9d0 (slot=0x239d27b28 auth=0)
####   IOGPU-CRITICAL _OBJC_IVAR_$_IOGPUMetalBuffer._primaryBuffer = 0x1fb8de91c (slot=0x239d27b30 auth=0)
####   IOGPU-CRITICAL _OBJC_IVAR_$_IOGPUMetalCommandQueue._commandQueue = 0x1fb8de960 (slot=0x239d27b38 auth=0)
####   IOGPU-CRITICAL _OBJC_IVAR_$_IOGPUMetalDevice._segmentByteThreshold = 0x1fb8dea2c (slot=0x239d27b40 auth=0)
####   IOGPU-CRITICAL _OBJC_IVAR_$_IOGPUMetalFence._fenceIndex = 0x1fb8deaa8 (slot=0x239d27b48 auth=0)
####   IOGPU-CRITICAL _OBJC_IVAR_$_IOGPUMetalHeap._resource = 0x1fb8deac4 (slot=0x239d27b50 auth=0)
####   IOGPU-CRITICAL _OBJC_IVAR_$_IOGPUMetalResource._res = 0x1fb8deaf4 (slot=0x239d27b58 auth=0)
####   IOGPU-CRITICAL _OBJC_IVAR_$_IOGPUMetalTexture._arrayLength = 0x1fb8deb38 (slot=0x239d27b60 auth=0)
####   IOGPU-CRITICAL _OBJC_IVAR_$_IOGPUMetalTexture._depth = 0x1fb8deb34 (slot=0x239d27b68 auth=0)
####   IOGPU-CRITICAL _OBJC_IVAR_$_IOGPUMetalTexture._height = 0x1fb8deb30 (slot=0x239d27b70 auth=0)
####   IOGPU-CRITICAL _OBJC_IVAR_$_IOGPUMetalTexture._isCompressed = 0x1fb8deb54 (slot=0x239d27b78 auth=0)
####   IOGPU-CRITICAL _OBJC_IVAR_$_IOGPUMetalTexture._mipmapLevelCount = 0x1fb8deb3c (slot=0x239d27b80 auth=0)
####   IOGPU-CRITICAL _OBJC_IVAR_$_IOGPUMetalTexture._numFaces = 0x1fb8deb8c (slot=0x239d27b88 auth=0)
####   IOGPU-CRITICAL _OBJC_IVAR_$_IOGPUMetalTexture._parentTexture = 0x1fb8deb58 (slot=0x239d27b90 auth=0)
####   IOGPU-CRITICAL _OBJC_IVAR_$_IOGPUMetalTexture._pixelFormat = 0x1fb8deb28 (slot=0x239d27b98 auth=0)
####   IOGPU-CRITICAL _OBJC_IVAR_$_IOGPUMetalTexture._sampleCount = 0x1fb8deb40 (slot=0x239d27ba0 auth=0)
####   IOGPU-CRITICAL _OBJC_IVAR_$_IOGPUMetalTexture._textureType = 0x1fb8deb24 (slot=0x239d27ba8 auth=0)
####   IOGPU-CRITICAL _OBJC_IVAR_$_IOGPUMetalTexture._width = 0x1fb8deb2c (slot=0x239d27bb0 auth=0)
####   sect[7] __AUTH_CONST,__auth_got type=0 entries=230 indirect_start=325 auth=1
####   IOGPU-CRITICAL _IOGPUCommandQueueGetConnect = 0x1bf8c1b88 (slot=0x240f73448 auth=1)
####   IOGPU-CRITICAL _IOGPUCommandQueueGetID = 0x1bf8c1bd0 (slot=0x240f73450 auth=1)
####   IOGPU-CRITICAL _IOGPUDeviceGetConnect = 0x1bf8c0654 (slot=0x240f73458 auth=1)
####   IOGPU-CRITICAL _IOGPUDeviceGetNextGlobalTraceID = 0x1bf8c07f0 (slot=0x240f73460 auth=1)
####   IOGPU-CRITICAL _IOGPUDeviceTraceEvent = 0x1bf8c08bc (slot=0x240f73468 auth=1)
####   IOGPU-CRITICAL _IOGPUMetalCommandBufferStorageBeginKernelCommands = 0x1bf8b0ad8 (slot=0x240f73470 auth=1)
####   IOGPU-CRITICAL _IOGPUMetalCommandBufferStorageEndKernelCommands = 0x1bf8b0c2c (slot=0x240f73478 auth=1)
####   IOGPU-CRITICAL _IOGPUResourceListAddResource = 0x1bf8c31c8 (slot=0x240f73480 auth=1)
####   IOGPU-CRITICAL _IOGPUResourceListMerge = 0x1bf8c3278 (slot=0x240f73488 auth=1)
####   IOGPU-CRITICAL _IOGPUResourceListMergeLists = 0x1bf8c3354 (slot=0x240f73490 auth=1)
####   bind[131] _IOSurfaceGetAddressFormatOfPlane -> 0x100e0703c (slot=0x240f734c8 auth=1 FORCE)
####   bind[133] _IOSurfaceGetBaseAddressOfPlane -> 0x100e06e18 (slot=0x240f734d8 auth=1 FORCE)
####   bind[135] _IOSurfaceGetBytesPerRowOfPlane -> 0x100e06448 (slot=0x240f734e8 auth=1 FORCE)
####   bind[136] _IOSurfaceGetBytesPerTileDataOfPlane -> 0x100e0660c (slot=0x240f734f0 auth=1 FORCE)
####   bind[141] _IOSurfaceGetCompressionTypeOfPlane -> 0x100e05eb4 (slot=0x240f73518 auth=1 FORCE)
####   bind[142] _IOSurfaceGetHeightInCompressedTilesOfPlane -> 0x100e060c4 (slot=0x240f73520 auth=1 FORCE)
####   bind[145] _IOSurfaceGetWidthInCompressedTilesOfPlane -> 0x100e06284 (slot=0x240f73538 auth=1 FORCE)
####   bind[286] _objc_alloc -> 0x100e05cb4 (slot=0x240f739c0 auth=1 FORCE)
####   IOGPU-CRITICAL _objc_autoreleasePoolPop = 0x1a27d4a7c (slot=0x240f739d8 auth=1)
####   IOGPU-CRITICAL _objc_autoreleasePoolPush = 0x1a27d4934 (slot=0x240f739e0 auth=1)
#### MACWS_GOT AGXMetal13_3: indirect_slots=327 patched=323 failed=0
#### MACWS_AGX_NATIVE __auth_got section NOT FOUND
#### MACWS_AGX_NATIVE __got: 97 entries, 0 null, 97 non-null
#### MACWS_AGX_NATIVE dlopen AGXMetal13_3 OK h=0x3ea30b950
#### MACWS_AGX_NATIVE +[NSBundle bundleWithPath:AGXMetal13_3.bundle] = 0x6001b3ae0 id=com.apple.AGXMetal13-3
#### MACWS_AGX_NATIVE bundle loadAndReturnError: 1 (err=nil) loaded=1
#### MACWS_AGX_NATIVE bundle pathForResource:ds.g13g = /System/Library/Extensions/AGXMetal13_3.bundle/Contents/Resources/ds.g13g
#### MACWS_AGX_NATIVE getMetalPluginClassForService: returning class AGXG13GFamilyDevice = 0x23f5be0f0
#### CBRI_HOOK: installed (orig=0x1bf8aed84)
#### MACWS-NEW-EVENT adapter installed deviceClass=AGXG13GFamilyDevice owner=IOGPUMetalDevice orig=0x1bf8b5ef4 added=1
#### MACWS_AGX_NATIVE class_addMethod(AGXG13GFamilyDevice, initWithAcceleratorPort:) = 1
#### MACWS_AGX_NATIVE supportsMemorylessRenderTargets: overrode on AGXG13GFamilyDevice
#### MACWS_AGX_NATIVE supportsMemorylessRenderTargets: overrode on AGXG13GDevice
#### MACWS_AGX_NATIVE supportsMemorylessRenderTargets: total class overrides=2
#### MACWS_AGX_NATIVE tile-pipeline probe wrapped AGXG13GFamilyDevice (orig=0x207ea15e4)
#### MACWS_AGX_NATIVE tile-pipeline probe: 1 class(es) wrapped
#### MACWS_AGX_NATIVE nil-guard wrapped setFragmentTexture:atIndex: on AGXG13GFamilyRenderContext (orig=0x207e549e0)
#### MACWS_AGX_NATIVE nil-guard: class AGXG13GRenderContext NOT registered
#### MACWS_AGX_NATIVE nil-guard: class AGXRenderContext NOT registered
#### MACWS_AGX_NATIVE nil-guard: class AGXG13GComputeContext NOT registered
#### MACWS_AGX_NATIVE nil-guard setFragmentTexture:atIndex:: 1 class(es) wrapped
#### MACWS_AGX_NATIVE nil-guard wrapped setVertexTexture:atIndex: on AGXG13GFamilyRenderContext (orig=0x207e5b5e8)
#### MACWS_AGX_NATIVE nil-guard: class AGXG13GRenderContext NOT registered
#### MACWS_AGX_NATIVE nil-guard: class AGXRenderContext NOT registered
#### MACWS_AGX_NATIVE nil-guard: class AGXG13GComputeContext NOT registered
#### MACWS_AGX_NATIVE nil-guard setVertexTexture:atIndex:: 1 class(es) wrapped
#### MACWS_AGX_NATIVE swizzled AGXG13GFamilyDevice newTextureWithDescriptor:iosurface:plane:
#### MACWS_AGX_NATIVE swizzled AGXG13GFamilyDevice newTextureWithDescriptor:
#### MACWS_AGX_NATIVE swizzled -[AGXBuffer initWithDevice:bytes:length:options:deallocator:pinnedGPUAddress:]
#### MACWS_AGX_NATIVE noop'd alertCommandBufferActivityStart
#### MACWS_AGX_NATIVE noop'd alertCommandBufferActivityComplete
#### objc_alloc(AGXG13GFamilyDevice) -> 0x600282000
#### MACWS_AGX_NATIVE redirecting AGXG13GFamilyDevice init(port=11791) → 2-arg variant
#### debugbydcmmc IOServiceOpen agx connect=13571 type=0x100001 (requested=0x100005)
#### AGXIOC Struct sel=0x7->0x6 inSC=16 outSC=0 -> 0x1
#### AGXIOC Struct sel=0x5->0x4 inSC=0 outSC=32 -> 0x0
#### AGXIOC AsyncScalar sel=0x107->0x107 inCnt=0 -> 0x0
#### AGX_LIFE CREATE id=0x1 type=0 surf=0 bytes=0x10000 kr=0 okC=1 failC=0 okD=0 failD=0 unmatchedD=0 full=0 live=1/0MB [t0=1/0MB t80=0/0MB t82=0/0MB]
#### AGXIOC heap map #1 clientID 0x10000 -> resourceID 0x1 size 0x10000
####   ResCreate OK type=0 clientID=0 +0x30=0 +0x38=0 +0x40=0x10000 +0x58=0 OUT[+0]=0 OUT[+0x08]=0x1017f0000 OUT[+0x10]=0x1017e40c0 OUT[+0x48]=0x10000
####   inStruct[0..104]:
####     00: 00 00 00 00 00 00 00 00 01 00 01 00 01 00 00 00
####     10: 01 01 00 01 30 84 00 00 00 00 00 00 00 00 00 00
####     20: 00 00 00 00 00 00 00 00 00 00 00 00 00 00 00 00
####     30: 00 00 00 00 00 00 00 00 00 00 00 00 00 00 00 00
####     40: 00 00 01 00 00 00 00 00 00 00 00 00 00 00 00 00
####     50: 00 00 00 38 00 00 00 00 00 00 00 00 00 00 00 00
####     60: 00 00 00 00 00 00 00 00
#### MACWS_AGX_NATIVE setupCompiler:0x30010 fired (Device=0x600282000)
#### MACWS_AGX_NATIVE supportsMemorylessRenderTargets CALLED on instance=0x600282000 class=AGXG13GFamilyDevice -> YES
[72325:0728/061226.681363:VERBOSE1:base/files/file_util_posix.cc:309] Cannot stat "/tmp/macws-vscode-profile-agx-native-targetfix11/CachedData/1b6a188127eeaf9194f945eb6eb89a657e93c54c/chrome/pc": No such file or directory (2)
#### JIT-MPROTECT flip #3072 ranges=1 prot=RX writers=1 exec_waits=927 late_retries=45
#### objc_alloc(AGXG13GFamilyCommandQueue) -> 0x6000c0f00
#### AGXIOC Method sel=0x8->0x7 inCnt=0 inSC=1032 outSC=16 -> 0x0
#### AGXIOC Method sel=0x11->0xf inCnt=2 inSC=0 outSC=16 -> 0x0
#### AGXIOC Method sel=0x1d->0x19 inCnt=2 inSC=0 outSC=0 -> 0x0
#### AGXIOC Method sel=0x1f->0x1b inCnt=1 inSC=12 outSC=0 -> 0x0
#### objc_alloc(AGXBuffer) -> 0x6002a1f80
#### AGXIOC type0 exact initFull length: +0x58=0xc00000000 low32=0 -> +0x40=0x180
#### AGX_LIFE CREATE id=0x2 type=0 surf=0 bytes=0x4000 kr=0 okC=2 failC=0 okD=0 failD=0 unmatchedD=0 full=0 live=2/0MB [t0=2/0MB t80=0/0MB t82=0/0MB]
#### AGXIOC heap map #2 clientID 0x4000 -> resourceID 0x2 size 0x180
####   ResCreate OK type=0 clientID=0 +0x30=0x40 +0x38=0 +0x40=0x180 +0x58=0 OUT[+0]=0x1500000000 OUT[+0x08]=0x108830000 OUT[+0x10]=0x1017e4180 OUT[+0x48]=0x4000
####   inStruct[0..104]:
####     00: 00 00 00 00 00 00 00 00 01 00 01 00 01 00 00 00
####     10: 01 01 00 01 70 04 00 00 00 00 00 00 00 00 00 00
####     20: 00 00 00 00 00 00 00 00 00 00 00 00 00 00 00 00
####     30: 40 00 00 00 00 00 00 00 00 00 00 00 00 00 00 00
####     40: 80 01 00 00 00 00 00 00 00 00 00 00 00 00 00 00
####     50: 00 00 00 00 00 00 00 00 00 00 00 00 00 00 00 00
####     60: 00 00 00 00 00 00 f0 3f
#### TRACE -[AGXBuffer initFull] self=0x6002a1f80 dev=0x600282000 len=384 align=1→64 opt=0 subDis=0→1 resIn=0x16f12d6f8 pin=0x0 -> 0x6002a1f80
#### TRACE -[AGXBuffer initUntracked] self=0x6002a1f80 dev=0x600282000 len=384 opt=0 -> 0x6002a1f80
#### objc_alloc(AGXBuffer) -> 0x6002a5d00
#### AGXIOC type0 exact initFull length: +0x58=0xc00000000 low32=0 -> +0x40=0x180
#### AGX_LIFE CREATE id=0x3 type=0 surf=0 bytes=0x4000 kr=0 okC=3 failC=0 okD=0 failD=0 unmatchedD=0 full=0 live=3/0MB [t0=3/0MB t80=0/0MB t82=0/0MB]
#### AGXIOC heap map #3 clientID 0x4000 -> resourceID 0x3 size 0x180
####   ResCreate OK type=0 clientID=0 +0x30=0x40 +0x38=0 +0x40=0x180 +0x58=0 OUT[+0]=0x1500008000 OUT[+0x08]=0x108834000 OUT[+0x10]=0x1017e4240 OUT[+0x48]=0x4000
####   inStruct[0..104]:
####     00: 00 00 00 00 00 00 00 00 01 00 01 00 01 00 00 00
####     10: 01 01 00 01 70 04 00 00 00 00 00 00 00 00 00 00
####     20: 00 00 00 00 00 00 00 00 00 00 00 00 00 00 00 00
####     30: 40 00 00 00 00 00 00 00 00 00 00 00 00 00 00 00
####     40: 80 01 00 00 00 00 00 00 00 00 00 00 00 00 00 00
####     50: 00 00 00 00 00 00 00 00 00 00 00 00 00 00 00 00
####     60: 00 00 00 00 00 00 f0 3f
#### TRACE -[AGXBuffer initFull] self=0x6002a5d00 dev=0x600282000 len=384 align=1→64 opt=0 subDis=0→1 resIn=0x16f12d6f8 pin=0x0 -> 0x6002a5d00
#### TRACE -[AGXBuffer initUntracked] self=0x6002a5d00 dev=0x600282000 len=384 opt=0 -> 0x6002a5d00
#### objc_alloc(AGXBuffer) -> 0x6002a5b80
#### AGXIOC type0 exact initFull length: +0x58=0xc00000000 low32=0 -> +0x40=0x40
#### AGX_LIFE CREATE id=0x4 type=0 surf=0 bytes=0x4000 kr=0 okC=4 failC=0 okD=0 failD=0 unmatchedD=0 full=0 live=4/0MB [t0=4/0MB t80=0/0MB t82=0/0MB]
#### AGXIOC heap map #4 clientID 0x4000 -> resourceID 0x4 size 0x40
####   ResCreate OK type=0 clientID=0 +0x30=0x40 +0x38=0 +0x40=0x40 +0x58=0 OUT[+0]=0x1500010000 OUT[+0x08]=0x108838000 OUT[+0x10]=0x1017e4300 OUT[+0x48]=0x4000
####   inStruct[0..104]:
####     00: 00 00 00 00 00 00 00 00 01 00 01 00 01 00 00 00
####     10: 01 01 00 01 70 04 00 00 00 00 00 00 00 00 00 00
####     20: 00 00 00 00 00 00 00 00 00 00 00 00 00 00 00 00
####     30: 40 00 00 00 00 00 00 00 00 00 00 00 00 00 00 00
####     40: 40 00 00 00 00 00 00 00 00 00 00 00 00 00 00 00
####     50: 00 00 00 00 00 00 00 00 00 00 00 00 00 00 00 00
####     60: 70 0d 2d 00 06 00 00 00
#### TRACE -[AGXBuffer initFull] self=0x6002a5b80 dev=0x600282000 len=64 align=1→64 opt=0 subDis=0→1 resIn=0x16f12d6f8 pin=0x0 -> 0x6002a5b80
#### TRACE -[AGXBuffer initUntracked] self=0x6002a5b80 dev=0x600282000 len=64 opt=0 -> 0x6002a5b80
#### objc_alloc(AGXBuffer) -> 0x6002a3c00
#### AGXIOC type0 exact initFull length: +0x58=0xc00000000 low32=0 -> +0x40=0x2000
#### AGX_LIFE CREATE id=0x5 type=0 surf=0 bytes=0x4000 kr=0 okC=5 failC=0 okD=0 failD=0 unmatchedD=0 full=0 live=5/0MB [t0=5/0MB t80=0/0MB t82=0/0MB]
#### AGXIOC heap map #5 clientID 0x4000 -> resourceID 0x5 size 0x2000
####   ResCreate OK type=0 clientID=0 +0x30=0x40 +0x38=0 +0x40=0x2000 +0x58=0 OUT[+0]=0x1500018000 OUT[+0x08]=0x10883c000 OUT[+0x10]=0x1017e43c0 OUT[+0x48]=0x4000
####   inStruct[0..104]:
####     00: 00 00 00 00 00 00 00 00 01 00 01 00 01 00 00 00
####     10: 01 01 00 01 70 04 00 00 00 00 00 00 00 00 00 00
####     20: 00 00 00 00 00 00 00 00 00 00 00 00 00 00 00 00
####     30: 40 00 00 00 00 00 00 00 00 00 00 00 00 00 00 00
####     40: 00 20 00 00 00 00 00 00 00 00 00 00 00 00 00 00
####     50: 00 00 00 00 00 00 00 00 00 00 00 00 00 00 00 00
####     60: c4 b7 17 00 06 00 00 00
#### TRACE -[AGXBuffer initFull] self=0x6002a3c00 dev=0x600282000 len=8192 align=1→64 opt=0 subDis=0→1 resIn=0x16f12d748 pin=0x0 -> 0x6002a3c00
#### TRACE -[AGXBuffer initUntracked] self=0x6002a3c00 dev=0x600282000 len=8192 opt=0 -> 0x6002a3c00
#### AGXIOC type0 exact initFull length: +0x58=0xc00000000 low32=0 -> +0x40=0x80
#### AGX_LIFE CREATE id=0x6 type=0 surf=0 bytes=0x4000 kr=0 okC=6 failC=0 okD=0 failD=0 unmatchedD=0 full=0 live=6/0MB [t0=6/0MB t80=0/0MB t82=0/0MB]
#### AGXIOC heap map #6 clientID 0x4000 -> resourceID 0x6 size 0x80
####   ResCreate OK type=0 clientID=0 +0x30=0x40 +0x38=0 +0x40=0x80 +0x58=0 OUT[+0]=0x1500020000 OUT[+0x08]=0x108840000 OUT[+0x10]=0x1017e4480 OUT[+0x48]=0x4000
####   inStruct[0..104]:
####     00: 00 00 00 00 00 00 00 00 01 00 01 00 01 00 00 00
####     10: 01 01 00 01 70 04 00 00 00 00 00 00 00 00 00 00
####     20: 00 00 00 00 00 00 00 00 00 00 00 00 00 00 00 00
####     30: 40 00 00 00 00 00 00 00 00 00 00 00 00 00 00 00
####     40: 80 00 00 00 00 00 00 00 00 00 00 00 00 00 00 00
####     50: 00 00 00 00 00 00 00 00 00 00 00 00 00 00 00 00
####     60: b8 e6 5b 3f 02 00 00 00
#### TRACE -[AGXBuffer initFull] self=0x6002a3a80 dev=0x600282000 len=128 align=1→64 opt=0 subDis=0→1 resIn=0x16f12d738 pin=0x0 -> 0x6002a3a80
#### TRACE -[AGXBuffer initUntracked] self=0x6002a3a80 dev=0x600282000 len=128 opt=0 -> 0x6002a3a80
#### AGXIOC type0 exact initFull length: +0x58=0xc00000000 low32=0 -> +0x40=0x100
#### AGX_LIFE CREATE id=0x7 type=0 surf=0 bytes=0x4000 kr=0 okC=7 failC=0 okD=0 failD=0 unmatchedD=0 full=0 live=7/0MB [t0=7/0MB t80=0/0MB t82=0/0MB]
#### AGXIOC heap map #7 clientID 0x4000 -> resourceID 0x7 size 0x100
####   ResCreate OK type=0 clientID=0 +0x30=0x40 +0x38=0 +0x40=0x100 +0x58=0 OUT[+0]=0x1500028000 OUT[+0x08]=0x108844000 OUT[+0x10]=0x1017e4540 OUT[+0x48]=0x4000
####   inStruct[0..104]:
####     00: 00 00 00 00 00 00 00 00 01 00 01 00 01 00 00 00
####     10: 01 01 00 01 70 04 00 00 00 00 00 00 00 00 00 00
####     20: 00 00 00 00 00 00 00 00 00 00 00 00 00 00 00 00
####     30: 40 00 00 00 00 00 00 00 00 00 00 00 00 00 00 00
####     40: 00 01 00 00 00 00 00 00 00 00 00 00 00 00 00 00
####     50: 00 00 00 00 00 00 00 00 00 00 00 00 00 00 00 00
####     60: b8 e6 5b 3f 02 00 00 00
#### TRACE -[AGXBuffer initFull] self=0x6002a3900 dev=0x600282000 len=256 align=1→64 opt=0 subDis=0→1 resIn=0x16f12d738 pin=0x0 -> 0x6002a3900
#### TRACE -[AGXBuffer initUntracked] self=0x6002a3900 dev=0x600282000 len=256 opt=0 -> 0x6002a3900
#### AGXIOC type0 exact initFull length: +0x58=0xc00000000 low32=0 -> +0x40=0x100
#### AGX_LIFE CREATE id=0x8 type=0 surf=0 bytes=0x4000 kr=0 okC=8 failC=0 okD=0 failD=0 unmatchedD=0 full=0 live=8/0MB [t0=8/0MB t80=0/0MB t82=0/0MB]
#### AGXIOC heap map #8 clientID 0x4000 -> resourceID 0x8 size 0x100
####   ResCreate OK type=0 clientID=0 +0x30=0x40 +0x38=0 +0x40=0x100 +0x58=0 OUT[+0]=0x1500030000 OUT[+0x08]=0x108948000 OUT[+0x10]=0x1017e4600 OUT[+0x48]=0x4000
####   inStruct[0..104]:
####     00: 00 00 00 00 00 00 00 00 01 00 01 00 01 00 00 00
####     10: 01 01 00 01 70 04 00 00 00 00 00 00 00 00 00 00
####     20: 00 00 00 00 00 00 00 00 00 00 00 00 00 00 00 00
####     30: 40 00 00 00 00 00 00 00 00 00 00 00 00 00 00 00
####     40: 00 01 00 00 00 00 00 00 00 00 00 00 00 00 00 00
####     50: 00 00 00 00 00 00 00 00 00 00 00 00 00 00 00 00
####     60: b8 e6 5b 3f 02 00 00 00
#### TRACE -[AGXBuffer initFull] self=0x6002a3780 dev=0x600282000 len=256 align=1→64 opt=0 subDis=0→1 resIn=0x16f12d738 pin=0x0 -> 0x6002a3780
#### TRACE -[AGXBuffer initUntracked] self=0x6002a3780 dev=0x600282000 len=256 opt=0 -> 0x6002a3780
#### AGXIOC type0 exact initFull length: +0x58=0xc00000000 low32=0 -> +0x40=0x100
#### AGX_LIFE CREATE id=0x9 type=0 surf=0 bytes=0x4000 kr=0 okC=9 failC=0 okD=0 failD=0 unmatchedD=0 full=0 live=9/0MB [t0=9/0MB t80=0/0MB t82=0/0MB]
[90m[main 2026-07-28T13:12:26.731Z][0m StorageMainService: creating application shared storage
#### AGXIOC heap map #9 clientID 0x4000 -> resourceID 0x9 size 0x100
####   ResCreate OK type=0 clientID=0 +0x30=0x40 +0x38=0 +0x40=0x100 +0x58=0 OUT[+0]=0x1500038000 OUT[+0x08]=0x10894c000 OUT[+0x10]=0x1017e46c0 OUT[+0x48]=0x4000
####   inStruct[0..104]:
####     00: 00 00 00 00 00 00 00 00 01 00 01 00 01 00 00 00
####     10: 01 01 00 01 70 04 00 00 00 00 00 00 00 00 00 00
####     20: 00 00 00 00 00 00 00 00 00 00 00 00 00 00 00 00
####     30: 40 00 00 00 00 00 00 00 00 00 00 00 00 00 00 00
####     40: 00 01 00 00 00 00 00 00 00 00 00 00 00 00 00 00
####     50: 00 00 00 00 00 00 00 00 00 00 00 00 00 00 00 00
####     60: b8 e6 5b 3f 02 00 00 00
#### TRACE -[AGXBuffer initFull] self=0x6002a4200 dev=0x600282000 len=256 align=1→64 opt=0 subDis=0→1 resIn=0x16f12d738 pin=0x0 -> 0x6002a4200
#### TRACE -[AGXBuffer initUntracked] self=0x6002a4200 dev=0x600282000 len=256 opt=0 -> 0x6002a4200
#### AGX_LIFE CREATE id=0xa type=0 surf=0 bytes=0x10000 kr=0 okC=10 failC=0 okD=0 failD=0 unmatchedD=0 full=0 live=10/0MB [t0=10/0MB t80=0/0MB t82=0/0MB]
#### AGXIOC heap map #10 clientID 0x10000 -> resourceID 0xa size 0x10000
####   ResCreate OK type=0 clientID=0 +0x30=0 +0x38=0 +0x40=0x10000 +0x58=0 OUT[+0]=0x1500040000 OUT[+0x08]=0x108950000 OUT[+0x10]=0x1017e4780 OUT[+0x48]=0x10000
####   inStruct[0..104]:
####     00: 00 00 00 00 00 00 00 00 01 00 01 00 01 00 00 00
####     10: 01 01 00 01 30 04 00 00 00 00 00 00 00 00 00 00
####     20: 00 00 00 00 00 00 00 00 00 00 00 00 00 00 00 00
####     30: 00 00 00 00 00 00 00 00 00 00 00 00 00 00 00 00
####     40: 00 00 01 00 00 00 00 00 00 00 00 00 00 00 00 00
####     50: 00 00 00 08 00 00 00 00 00 00 00 00 00 00 00 00
####     60: 00 00 00 00 00 00 00 00
#### AGXIOC type0 exact initFull length: +0x58=0xc00000000 low32=0 -> +0x40=0x2000
#### AGX_LIFE CREATE id=0xb type=0 surf=0 bytes=0x4000 kr=0 okC=11 failC=0 okD=0 failD=0 unmatchedD=0 full=0 live=11/0MB [t0=11/0MB t80=0/0MB t82=0/0MB]
#### AGXIOC heap map #11 clientID 0x4000 -> resourceID 0xb size 0x2000
####   ResCreate OK type=0 clientID=0 +0x30=0x40 +0x38=0 +0x40=0x2000 +0x58=0 OUT[+0]=0x1500058000 OUT[+0x08]=0x108960000 OUT[+0x10]=0x1017e4840 OUT[+0x48]=0x4000
####   inStruct[0..104]:
####     00: 00 00 00 00 00 00 00 00 01 00 01 00 01 00 00 00
####     10: 01 01 00 01 70 04 00 00 00 00 00 00 00 00 00 00
####     20: 00 00 00 00 00 00 00 00 00 00 00 00 00 00 00 00
####     30: 40 00 00 00 00 00 00 00 00 00 00 00 00 00 00 00
####     40: 00 20 00 00 00 00 00 00 00 00 00 00 00 00 00 00
####     50: 00 00 00 00 00 00 00 00 00 00 00 00 00 00 00 00
####     60: cc 2e 3a dc 65 17 f8 ac
#### TRACE -[AGXBuffer initFull] self=0x6002a4080 dev=0x600282000 len=8192 align=1→64 opt=0 subDis=0→1 resIn=0x16f12d498 pin=0x0 -> 0x6002a4080
#### TRACE -[AGXBuffer initUntracked] self=0x6002a4080 dev=0x600282000 len=8192 opt=0 -> 0x6002a4080
#### AGXIOC type0 exact initFull length: +0x58=0xc00000000 low32=0 -> +0x40=0x80
#### AGXIOC sel=0x9 type=0 args+0x14=0x2470 → 0x470 (stripped macOS-only bits 0x2800)
#### AGX_LIFE CREATE id=0xc type=0 surf=0 bytes=0x4000 kr=0 okC=12 failC=0 okD=0 failD=0 unmatchedD=0 full=0 live=12/0MB [t0=12/0MB t80=0/0MB t82=0/0MB]
#### AGXIOC heap map #12 clientID 0x4000 -> resourceID 0xc size 0x80
####   ResCreate OK type=0 clientID=0 +0x30=0x40 +0x38=0 +0x40=0x80 +0x58=0 OUT[+0]=0x1500060000 OUT[+0x08]=0x108964000 OUT[+0x10]=0x1017e4900 OUT[+0x48]=0x4000
####   inStruct[0..104]:
####     00: 00 00 00 00 00 00 00 00 01 00 01 00 01 00 00 00
####     10: 01 01 00 01 70 04 00 00 00 00 00 00 00 00 00 00
####     20: 00 00 00 00 00 00 00 00 00 00 00 00 00 00 00 00
####     30: 40 00 00 00 00 00 00 00 00 00 00 00 00 00 00 00
####     40: 80 00 00 00 00 00 00 00 00 00 00 00 00 00 00 00
####     50: 00 00 00 00 00 00 00 00 00 00 00 00 00 00 00 00
####     60: 00 00 00 00 00 00 00 00
#### TRACE -[AGXBuffer initFull] self=0x6002a5100 dev=0x600282000 len=128 align=1→64 opt=32 subDis=0→1 resIn=0x16f12d778 pin=0x0 -> 0x6002a5100
#### TRACE -[AGXBuffer initUntracked] self=0x6002a5100 dev=0x600282000 len=128 opt=32 -> 0x6002a5100
[72364:0728/061226.746749:VERBOSE1:components/viz/service/main/viz_main_impl.cc:87] VizNullHypothesis is disabled (not a warning)
#### tile-encoder forwards: class MTLSimRenderCommandEncoder NOT found
#### IOGPU-CALLBACK-DIAG installed queueClass=0x1fdd548d0 method=0x0 orig=0x0 bufferClass=0x1fdd54830 method=0x1bf8cb9a5 orig=0x1bf8aebe8 errorMethod=0x1ac107e01 errorOrig=0x1abfd9dcc (file-gated)
#### NSXPCSharedListener class=0x1fe0cfbd8
#### NSXPCSharedListener endpointForReply swizzle installed
#### NSXPCSharedListener connectToService swizzle installed
#### MTL_TEX POOL-NEW: key=16x16-pf125-bpe16-fcc1380410945 → IOSurface=0x600039b60 (bpr=256 alloc=16 KB, map=EXPLICIT)
#### MACWS_AGX_NATIVE supportsMemorylessRenderTargets CALLED on instance=0x600282000 class=AGXG13GFamilyDevice -> YES
#### AGXIOC RAW DUMP sel=0x9 type=0x82 inStructCnt=104 (PRE-patch):
    +0000: 82 00 00 00 00 00 00 00 10 00 10 00 01 00 00 00
    +0x10: 01 01 00 10 30 04 00 00 00 00 00 00 00 00 00 00
    +0x20: 00 00 00 00 00 00 00 00 00 00 00 00 00 00 00 00
    +0x30: 00 00 00 00 00 00 00 00 18 00 00 00 00 00 00 00
    +0x40: 00 00 00 00 00 00 00 00 00 00 00 00 00 00 00 00
    +0x50: 00 00 00 00 00 00 00 00 00 8f 88 80 01 00 00 00
    +0x60: 00 00 00 00 00 00 00 00
####   key fields: +0x14=0x430 +0x15(byte)=0x4 +0x30=0 +0x34=0 +0x38=0x18 +0x40=0 +0x48=0 +0x58=0x180888f00
#### AGXIOC type=0x82 patch #1: f14=0x430 +0x30 0→0x18 +0x38 0x18→0 +0x40 0→0 +0x50 0→0x180888f00 +0x58 0x180888f00→0
#### AGX_LIFE CREATE id=0xd type=0x82 surf=0x18 bytes=0x4000 kr=0 okC=13 failC=0 okD=0 failD=0 unmatchedD=0 full=0 live=13/0MB [t0=12/0MB t80=0/0MB t82=1/0MB]
#### AGX_LIFE type82 CREATE stack #1 resourceID=0xd surf=0x18 (16 frames):
0   libmachook_arm64.dylib              0x0000000100e0b3bc IOConnectCallMethod_new + 6708
1   IOGPU                               0x00000001bf8c218c IOGPUResourceCreate + 236
2   IOGPU                               0x00000001bf8bc138 -[IOGPUMetalResource initWithDevice:remoteStorageResource:options:args:argsSize:] + 460
3   libmachook_arm64.dylib              0x0000000100e00eb0 __loadImageCallback_block_invoke_20 + 112
4   IOGPU                               0x00000001bf8be5ec -[IOGPUMetalTexture initWithDevice:descriptor:iosurface:plane:field:args:argsSize:] + 824
5   AGXMetal13_3                        0x00000002081c6f38 -[AGXTexture initWithDevice:desc:iosurface:plane:] + 288
6   libmachook_arm64.dylib              0x0000000100e34334 -[MTLFakeDevice hooked_newTextureWithDescriptor:] + 5780
7   libGLESv2.dylib                     0x0000000108ed3714 glStartTilingQCOM + 2731796
8   libGLESv2.dylib                     0x0000000108ee6b48 glStartTilingQCOM + 2810696
9   libGLESv2.dylib                     0x0000000108ee5e40 glStartTilingQCOM + 2807360
10  libGLESv2.dylib                     0x0000000108ee5ccc glStartTilingQCOM + 2806988
11  libGLESv2.dylib                     0x0000000108ebd648 glStartTilingQCOM + 2641480
12  libGLESv2.dylib                     0x0000000108ebdff4 glStartTilingQCOM + 2643956
13  libGLESv2.dylib                     0x0000000108da8f58 glStartTilingQCOM + 1509208
14  libGLESv2.dylib                     0x0000000108d3f480 glStartTilingQCOM + 1076352
15  libGLESv2.dylib                     0x0000000108c13a88 GL_TexImage2D + 144
####   ResCreate OK type=0x82 clientID=0 +0x30=0x18 +0x38=0 +0x40=0 +0x58=0 OUT[+0]=0x1500068000 OUT[+0x08]=0 OUT[+0x10]=0x1017e49c0 OUT[+0x48]=0x4000
####   inStruct[0..104]:
####     00: 82 00 00 00 00 00 00 00 10 00 10 00 01 00 00 00
####     10: 01 01 00 10 30 04 00 00 00 00 00 00 00 00 00 00
####     20: 00 00 00 00 00 00 00 00 00 00 00 00 00 00 00 00
####     30: 18 00 00 00 00 00 00 00 00 00 00 00 00 00 00 00
####     40: 00 00 00 00 00 00 00 00 00 00 00 00 00 00 00 00
####     50: 00 8f 88 80 01 00 00 00 00 00 00 00 00 00 00 00
####     60: 00 00 00 00 00 00 00 00
#### MTL_TEX TEX-CACHE-NEW: surf=0x600039b60 → tex=0x600279d80
#### AGX_MAP_AUDIT: _impl ivar offset = 0x208
#### AGX_MAP_AUDIT #0 tex=0x600279d80 impl=0x600279b00 iosurface(arg=0x600039b60 bound=0x600039b60) plane=0 cpu130=0x1089a0000 gpu40=0x1500068000 descriptorOff=0x190 descriptorLayout=0 compressed=0 extended=0 match=1
#### MTL_TEX plain ROUTE-IOSURF result: 0x600279d80
#### MTL_TEX POOL-HIT: key=16x16-pf125-bpe16-fcc1380410945 → IOSurface=0x600039b60
#### MTL_TEX TEX-CACHE-HIT: surf=0x600039b60 → tex=0x600279d80 (no sel=0xa, +1 retain)
#### AGX_MAP_AUDIT #1 tex=0x600279d80 impl=0x600279b00 iosurface(arg=0x600039b60 bound=0x600039b60) plane=0 cpu130=0x1089a0000 gpu40=0x1500068000 descriptorOff=0x190 descriptorLayout=0 compressed=0 extended=0 match=1
#### MTL_TEX plain ROUTE-IOSURF result: 0x600279d80
#### AGXIOC Method sel=0xf->0xd inCnt=2 inSC=0 outSC=16 -> 0x0
#### AGXIOC Method sel=0xf->0xd inCnt=2 inSC=0 outSC=16 -> 0x0
#### AGXIOC Struct sel=0x6->0x5 inSC=0 outSC=16 -> 0x0
#### JIT-MPROTECT flip #4096 ranges=1 prot=RX writers=1 exec_waits=1239 late_retries=62
#### MACWS_HID_BYPASS installed SetMatchingMultiple → no-op (1) at 0x1a5cf9e8c — skips iOS-format CFBinaryPlist parse inside
####   IOHIDEventSystemClientCacheMatchingServices → IOHIDUnserializeAndVMDealloc → CFPropertyListCreateFromStream
####   that BUS_ADRALNs in the IOMFBServer thread.
#### MACWS_AGX_RENAMER_PATCH: off (set MACWS_AGX_RENAMER_PATCH=1 to enable)
#### MACWS_ASSERT_BYPASS DISABLED (set MACWS_KEEP_ASSERT_BYPASS=1 to restore lazy bypass) — real __assert_rtn now reaches abort
#### MACWS_AGX_NATIVE [ctor] pre-loaded IOGPU via /System/Library/PrivateFrameworks/IOGPU.framework/IOGPU -> 0x3ea2a4c10
#### XPC_BOOTSTRAP: fn=0x1a28b1140 dict=0x14a80d7b0 (registering Metal/ViewBridge/HIServices)
#### XPC_BOOTSTRAP: called OK
#### COEXIST API SwapEnd hook installed target=0x1ad78f1cc trampoline=0x104910000
#### SkyLight PrepareForUse tolerate-nil hook installed at 0x1a7b70fc4
#### SkyLight StartCompositeForDisplayStream nil-skip hook installed at 0x1a7999d74
#### SkyLight StartComposite(WSCD) tolerate-nil + pop-on-bail hook installed at 0x1a7999358
#### SkyLight StartComposite(MTLTex) pop-on-bail hook installed at 0x1a7999fb8
#### SkyLight EndCurrentComposite(bool) completion hook installed at 0x1a799853c
#### SkyLight EndUpdate(bool) submission hook installed at 0x1a79980b0
#### SkyLight _state_stack pop_back resolved at 0x1a7996fa0
#### SkyLight WSCompositeDestinationCreateWithMetalTexture nil-tolerate hook installed at 0x1a799c53c
#### SkyLight MetalContext::StopCapture invalid-this guard installed at 0x1a79981bc
#### MACWS_AGX_NATIVE class_addMethod(MTLTextureDescriptor, validateWithDevice:) = 1
#### MACWS_AGX_NATIVE class_addMethod(IOGPUMetalTexture, isMemoryless) = 1
#### MACWS_AGX_NATIVE class_addMethod(IOGPUMetalTexture, getCPUSizeBytes) = 1
#### MACWS_AGX_NATIVE class_addMethod(IOGPUMetalTexture, getAlignment) = 1
#### MACWS_AGX_NATIVE class_addMethod(IOGPUMetalTexture, descriptorPrivate) = 1
#### MACWS_AGX_NATIVE class_addMethod(IOGPUMetalTexture, getBytesPerRow) = 1
#### MACWS_AGX_NATIVE class_addMethod(IOGPUMetalTexture, updateBindDataWithAddresses:gpuVirtualAddress:) = 1
#### MACWS_AGX_NATIVE class_addMethod(IOGPUMetalTexture, updateBindDataWithAddresses:gpuVirtualAddress:shouldInitMetadata:) = 1
#### MACWS_AGX_NATIVE class_addMethod(IOGPUMetalTexture, allocBufferSubDataWithLength:options:alignment:heapIndex:bufferIndex:bufferOffset:) = 1
#### MACWS_AGX_NATIVE class_addMethod(IOGPUMetalTexture, initNewTextureData:) = 1
#### MACWS_AGX_NATIVE class_addMethod(MTLTextureDescriptor, isMemoryless) = 1
#### MACWS_AGX_NATIVE class_addMethod(MTLTextureDescriptor, protectionOptions) = 1
#### MACWS_AGX_NATIVE class_addMethod(MTLTextureDescriptor, getCPUSizeBytes) = 1
#### MACWS_AGX_NATIVE class_addMethod(MTLTextureDescriptor, getAlignment) = 1
#### MACWS_AGX_NATIVE class_addMethod(MTLTextureDescriptor, descriptorPrivate) = 1
#### MACWS_AGX_NATIVE class_addMethod(MTLTextureDescriptor, getBytesPerRow) = 1
#### MACWS_AGX_NATIVE class_addMethod(MTLTextureDescriptor, updateBindDataWithAddresses:gpuVirtualAddress:) = 1
#### MACWS_AGX_NATIVE class_addMethod(MTLTextureDescriptor, updateBindDataWithAddresses:gpuVirtualAddress:shouldInitMetadata:) = 1
#### MACWS_AGX_NATIVE class_addMethod(MTLTextureDescriptor, allocBufferSubDataWithLength:options:alignment:heapIndex:bufferIndex:bufferOffset:) = 1
#### MACWS_AGX_NATIVE class_addMethod(MTLTextureDescriptor, initNewTextureData:) = 1
#### AMFI-POLICY-COMPAT policy=AMFI op=0x60 status=0x4 (iOS task ports are hard-immovable)
#### CSR-POLICY-COMPAT active_config=0x0 (conservative iOS compatibility value)
[72370:0728/061228.089483:ERROR:base/process/process_mac.cc:53] task_policy_set TASK_CATEGORY_POLICY: (os/kern) invalid argument (4)
[72370:0728/061228.092811:INFO:third_party/webrtc/rtc_base/cpu_info.cc:77] Available number of cores: 8
2026-07-28 06:12:28.094 Code Helper (Renderer)[72370:8265776] XType: Using static font registry.
#### JIT-MPROTECT range[0]=[0x280000000,0x290000000) source=MAP_JIT-EINVAL
#### JIT-MPROTECT execution barrier installed (W^X fetch-wait compatibility)
#### JIT-MPROTECT range[0]=[0x280000000,0x290000000) source=MAP_JIT-EINVAL
#### JIT-MPROTECT range[0]=[0x280000000,0x290000000) source=MAP_JIT-EINVAL
#### JIT-MPROTECT range[0]=[0x280000000,0x290000000) source=MAP_JIT-EINVAL
#### JIT-MPROTECT range[0]=[0x280000000,0x290000000) source=MAP_JIT-EINVAL
#### JIT-MPROTECT range[0]=[0x280000000,0x290000000) source=MAP_JIT-EINVAL
#### JIT-MPROTECT range[0]=[0x280000000,0x290000000) source=MAP_JIT-EINVAL
#### JIT-MPROTECT range[0]=[0x280000000,0x290000000) source=MAP_JIT-EINVAL
#### JIT-MPROTECT range[0]=[0x170000000,0x180000000) source=MAP_JIT-EINVAL
#### JIT-MPROTECT call #1 addr=0x170000000 size=0x10000000 requested=0x7 effective=0x3 result=0 errno=0 caller=0x116376334 image=/Applications/Visual Studio Code.app/Contents/Frameworks/Electron Framework.framework/Versions/A/Electron Framework offset=0x63b2334
#### JIT-MPROTECT remap decline #1 dst=0x177dc0000 size=0x208000 src=0x11266c000 requested=0x5 -> V8 copy fallback
#### JIT-MPROTECT flip #1 ranges=1 prot=RW writers=1 exec_waits=0 late_retries=0
#### JIT-MPROTECT flip #2 ranges=1 prot=RX writers=1 exec_waits=0 late_retries=0
[90m[main 2026-07-28T13:12:28.281Z][0m [shared storage] Creating shared storage database at '/Users/root/.vscode-shared/sharedStorage/state.vscdb' (wasCreated: false)
[90m[main 2026-07-28T13:12:28.285Z][0m [shared storage] Initializing fallback application storage (path: /tmp/macws-vscode-profile-agx-native-targetfix11/User/globalStorage/state.vscdb)
[72325:0728/061228.308935:VERBOSE1:content/browser/loader/file_url_loader_factory.cc:474] FileURLLoader::Start: file:///Applications/Visual%20Studio%20Code.app/Contents/Resources/app/out/vs/code/electron-browser/workbench/workbench.html
[90m[main 2026-07-28T13:12:29.486Z][0m [shared storage] Fallback application storage initialized with 74 items
[72370:0728/061229.500829:VERBOSE1:extensions/renderer/script_context.cc:150] Created context:
  extension id:           (none)
  frame:                  0xe02030500
  URL:                    
  context_type:           WEB_PAGE
  effective extension id: (none)
  effective context type: WEB_PAGE
[72370:0728/061229.501360:VERBOSE1:extensions/renderer/script_context.cc:150] Created context:
  extension id:           (none)
  frame:                  (nil)
  URL:                    
  context_type:           UNSPECIFIED
  effective extension id: (none)
  effective context type: UNSPECIFIED
[72370:0728/061229.501579:VERBOSE1:extensions/renderer/dispatcher.cc:493] Num tracked contexts: 1
[72370:0728/061229.503160:VERBOSE1:extensions/renderer/script_context.cc:150] Created context:
  extension id:           (none)
  frame:                  0xe02030500
  URL:                    
  context_type:           WEB_PAGE
  effective extension id: (none)
  effective context type: WEB_PAGE
[72370:0728/061229.503224:VERBOSE1:extensions/renderer/script_context.cc:150] Created context:
  extension id:           (none)
  frame:                  (nil)
  URL:                    
  context_type:           UNSPECIFIED
  effective extension id: (none)
  effective context type: UNSPECIFIED
[72370:0728/061229.503278:VERBOSE1:extensions/renderer/dispatcher.cc:493] Num tracked contexts: 2
#### JIT-MPROTECT flip #3 ranges=1 prot=RW writers=1 exec_waits=0 late_retries=0
#### JIT-MPROTECT flip #4 ranges=1 prot=RX writers=1 exec_waits=1 late_retries=0
#### JIT-MPROTECT flip #5 ranges=1 prot=RW writers=1 exec_waits=1 late_retries=0
#### JIT-MPROTECT flip #6 ranges=1 prot=RX writers=1 exec_waits=2 late_retries=0
#### JIT-MPROTECT flip #7 ranges=1 prot=RW writers=1 exec_waits=2 late_retries=0
#### JIT-MPROTECT flip #8 ranges=1 prot=RX writers=1 exec_waits=2 late_retries=0
#### JIT-MPROTECT flip #9 ranges=1 prot=RW writers=1 exec_waits=2 late_retries=0
#### JIT-MPROTECT flip #10 ranges=1 prot=RX writers=1 exec_waits=2 late_retries=0
#### JIT-MPROTECT flip #11 ranges=1 prot=RW writers=1 exec_waits=2 late_retries=0
#### JIT-MPROTECT flip #12 ranges=1 prot=RX writers=1 exec_waits=2 late_retries=0
#### JIT-MPROTECT flip #13 ranges=1 prot=RW writers=1 exec_waits=2 late_retries=0
#### JIT-MPROTECT flip #14 ranges=1 prot=RX writers=1 exec_waits=2 late_retries=0
#### JIT-MPROTECT flip #15 ranges=1 prot=RW writers=1 exec_waits=2 late_retries=0
#### JIT-MPROTECT flip #16 ranges=1 prot=RX writers=1 exec_waits=2 late_retries=0
#### JIT-MPROTECT flip #17 ranges=1 prot=RW writers=1 exec_waits=2 late_retries=0
#### JIT-MPROTECT flip #18 ranges=1 prot=RX writers=1 exec_waits=2 late_retries=0
#### JIT-MPROTECT flip #19 ranges=1 prot=RW writers=1 exec_waits=2 late_retries=0
#### JIT-MPROTECT flip #20 ranges=1 prot=RX writers=1 exec_waits=2 late_retries=0
#### JIT-MPROTECT flip #21 ranges=1 prot=RW writers=1 exec_waits=2 late_retries=0
#### JIT-MPROTECT flip #22 ranges=1 prot=RX writers=1 exec_waits=2 late_retries=0
#### JIT-MPROTECT flip #23 ranges=1 prot=RW writers=1 exec_waits=2 late_retries=0
#### JIT-MPROTECT flip #24 ranges=1 prot=RX writers=1 exec_waits=2 late_retries=0
#### JIT-MPROTECT flip #25 ranges=1 prot=RW writers=1 exec_waits=2 late_retries=0
#### JIT-MPROTECT flip #26 ranges=1 prot=RX writers=1 exec_waits=2 late_retries=0
#### JIT-MPROTECT flip #27 ranges=1 prot=RW writers=1 exec_waits=2 late_retries=0
#### JIT-MPROTECT flip #28 ranges=1 prot=RX writers=1 exec_waits=2 late_retries=0
#### JIT-MPROTECT flip #29 ranges=1 prot=RW writers=1 exec_waits=2 late_retries=0
#### JIT-MPROTECT flip #30 ranges=1 prot=RX writers=1 exec_waits=2 late_retries=0
#### JIT-MPROTECT flip #31 ranges=1 prot=RW writers=1 exec_waits=2 late_retries=0
#### JIT-MPROTECT flip #32 ranges=1 prot=RX writers=1 exec_waits=2 late_retries=0
[90m[main 2026-07-28T13:12:29.510Z][0m update#setState disabled
[90m[main 2026-07-28T13:12:29.527Z][0m update#ctor - updates are disabled by the environment
[91m[main 2026-07-28T13:12:29.535Z][0m Unable to resolve your shell environment: Unexpected exit code from spawned shell (code null, signal SIGABRT)
[72325:0728/061229.539934:VERBOSE1:content/browser/loader/file_url_loader_factory.cc:474] FileURLLoader::Start: file:///Applications/Visual%20Studio%20Code.app/Contents/Resources/app/out/vs/workbench/workbench.desktop.main.css
[72325:0728/061229.540937:VERBOSE1:content/browser/loader/file_url_loader_factory.cc:474] FileURLLoader::Start: file:///Applications/Visual%20Studio%20Code.app/Contents/Resources/app/out/vs/code/electron-browser/workbench/workbench.js
#### JIT-MPROTECT flip #5120 ranges=1 prot=RX writers=1 exec_waits=1521 late_retries=74
[72370:0728/061230.056113:VERBOSE1:third_party/blink/renderer/core/script/modulator_impl_base.cc:141] "Import Map: \"vscode-file://vscode-app/Applications/Visual%20Studio%20Code.app/Contents/Resources/app/out/vs/workbench/workbench.desktop.main.js\" skips prefix match because of non-special URL scheme"
[72325:0728/061230.057302:VERBOSE1:content/browser/loader/file_url_loader_factory.cc:474] FileURLLoader::Start: file:///Applications/Visual%20Studio%20Code.app/Contents/Resources/app/out/vs/workbench/workbench.desktop.main.js
#### MTL_TEX entry self class=AGXG13GFamilyDevice
#### MTL_TEX TLS set iosurface=0x60003b160 id=0xa2 plane=0 compressionHeaderSpan=0 (thread=0x1fdb69e00 addr=0x0)
#### MACWS_AGX_NATIVE supportsMemorylessRenderTargets CALLED on instance=0x600282000 class=AGXG13GFamilyDevice -> YES
#### AGXIOC type=0x82 patch #2: f14=0x430 +0x30 0→0xa2 +0x38 0xa2→0 +0x40 0→0 +0x50 0→0x180888f00 +0x58 0x180888f00→0
#### AGX_LIFE CREATE id=0xe type=0x82 surf=0xa2 bytes=0x3d0000 kr=0 okC=14 failC=0 okD=0 failD=0 unmatchedD=0 full=0 live=14/4MB [t0=12/0MB t80=0/0MB t82=2/3MB]
#### AGX_LIFE type82 CREATE stack #2 resourceID=0xe surf=0xa2 (16 frames):
0   libmachook_arm64.dylib              0x0000000100e0b3bc IOConnectCallMethod_new + 6708
1   IOGPU                               0x00000001bf8c218c IOGPUResourceCreate + 236
2   IOGPU                               0x00000001bf8bc138 -[IOGPUMetalResource initWithDevice:remoteStorageResource:options:args:argsSize:] + 460
3   libmachook_arm64.dylib              0x0000000100e00eb0 __loadImageCallback_block_invoke_20 + 112
4   IOGPU                               0x00000001bf8be5ec -[IOGPUMetalTexture initWithDevice:descriptor:iosurface:plane:field:args:argsSize:] + 824
5   AGXMetal13_3                        0x00000002081c6f38 -[AGXTexture initWithDevice:desc:iosurface:plane:] + 288
6   libmachook_arm64.dylib              0x0000000100e2f124 -[MTLFakeDevice hooked_newTextureWithDescriptor:iosurface:plane:] + 1932
7   libGLESv2.dylib                     0x0000000108ed3754 glStartTilingQCOM + 2731860
8   libGLESv2.dylib                     0x0000000108ea79b8 glStartTilingQCOM + 2552248
9   libGLESv2.dylib                     0x0000000108ea7824 glStartTilingQCOM + 2551844
10  libGLESv2.dylib                     0x0000000108da5fd4 glStartTilingQCOM + 1497044
11  libGLESv2.dylib                     0x0000000108c015fc libGLESv2.dylib + 38396
12  libGLESv2.dylib                     0x0000000108c04d60 EGL_BindTexImage + 144
13  Electron Framework                  0x0000000112d02528 rust_bmp$cxxbridge1$194$Reader$image_data_loaded + 582280
14  Electron Framework                  0x0000000112d059cc rust_bmp$cxxbridge1$194$Reader$image_data_loaded + 595756
15  Electron Framework                  0x0000000112d03830 rust_bmp$cxxbridge1$194$Reader$image_data_loaded + 587152
####   ResCreate OK type=0x82 clientID=0 +0x30=0xa2 +0x38=0 +0x40=0 +0x58=0 OUT[+0]=0x1500070000 OUT[+0x08]=0 OUT[+0x10]=0x1017e4a80 OUT[+0x48]=0x3d0000
####   inStruct[0..104]:
####     00: 82 00 00 00 00 00 00 00 60 09 a0 01 01 00 00 00
####     10: 01 01 00 04 30 04 00 00 00 00 00 00 00 00 00 00
####     20: 00 00 00 00 00 00 00 00 00 00 00 00 00 00 00 00
####     30: a2 00 00 00 00 00 00 00 00 00 00 00 00 00 00 00
####     40: 00 00 00 00 00 00 00 00 00 00 00 00 00 00 00 00
####     50: 00 8f 88 80 01 00 00 00 00 00 00 00 00 00 00 00
####     60: 00 00 00 00 00 00 00 00
#### AGX_MAP_AUDIT #2 tex=0x600a12a80 impl=0x600a12800 iosurface(arg=0x60003b160 bound=0x60003b160) plane=0 cpu130=0x10be18000 gpu40=0x1500070000 descriptorOff=0x190 descriptorLayout=0 compressed=0 extended=0 match=1
#### AGX_LIFE CREATE id=0xf type=0 surf=0 bytes=0x50000 kr=0 okC=15 failC=0 okD=0 failD=0 unmatchedD=0 full=0 live=15/4MB [t0=13/0MB t80=0/0MB t82=2/3MB]
#### AGXIOC heap map #13 clientID 0x50000 -> resourceID 0xf size 0x50000
####   ResCreate OK type=0 clientID=0 +0x30=0 +0x38=0 +0x40=0x50000 +0x58=0 OUT[+0]=0x18000 OUT[+0x08]=0x10c25c000 OUT[+0x10]=0x1017e4b40 OUT[+0x48]=0x50000
####   inStruct[0..104]:
####     00: 00 00 00 00 00 00 00 00 01 00 01 00 01 00 00 00
####     10: 01 01 00 01 30 84 00 00 00 00 00 00 00 00 00 00
####     20: 00 00 00 00 00 00 00 00 00 00 00 00 00 00 00 00
####     30: 00 00 00 00 00 00 00 00 00 00 00 00 00 00 00 00
####     40: 00 00 05 00 00 00 00 00 00 00 00 00 00 00 00 00
####     50: 00 00 00 38 00 00 00 00 00 00 00 00 00 00 00 00
####     60: 00 00 00 00 00 00 00 00
#### CBRI_HOOK self=0x600162300 cls=AGXG13GFamilyCommandBuffer → resourceInfo=0x6002d9600
#### AGX_LIFE CREATE id=0x10 type=0 surf=0 bytes=0x8000 kr=0 okC=16 failC=0 okD=0 failD=0 unmatchedD=0 full=0 live=16/4MB [t0=14/0MB t80=0/0MB t82=2/3MB]
#### AGXIOC heap map #14 clientID 0x8000 -> resourceID 0x10 size 0x8000
####   ResCreate OK type=0 clientID=0 +0x30=0 +0x38=0 +0x40=0x8000 +0x58=0 OUT[+0]=0x1500448000 OUT[+0x08]=0x108a74000 OUT[+0x10]=0x1017e4c00 OUT[+0x48]=0x8000
####   inStruct[0..104]:
####     00: 00 00 00 00 00 00 00 00 00 80 01 00 01 00 00 00
####     10: 01 01 00 01 30 04 00 00 00 00 00 00 00 00 00 00
####     20: 00 00 00 00 00 00 00 00 00 00 00 00 00 00 00 00
####     30: 00 00 00 00 00 00 00 00 00 00 00 00 00 00 00 00
####     40: 00 80 00 00 00 00 00 00 00 00 00 00 00 00 00 00
####     50: 00 00 00 08 00 00 00 00 00 00 00 00 00 00 00 00
####     60: 00 00 00 00 00 00 00 00
#### AGXIOC heap map #15 clientID 0x8000 -> resourceID 0x11 size 0x8000
####   ResCreate OK type=0 clientID=0 +0x30=0 +0x38=0 +0x40=0x8000 +0x58=0 OUT[+0]=0x1500458000 OUT[+0x08]=0x108a7c000 OUT[+0x10]=0x1017e4cc0 OUT[+0x48]=0x8000
####   inStruct[0..104]:
####     00: 00 00 00 00 00 00 00 00 00 80 01 00 01 00 00 00
####     10: 01 01 00 01 30 04 00 00 00 00 00 00 00 00 00 00
####     20: 00 00 00 00 00 00 00 00 00 00 00 00 00 00 00 00
####     30: 00 00 00 00 00 00 00 00 00 00 00 00 00 00 00 00
####     40: 00 80 00 00 00 00 00 00 00 00 00 00 00 00 00 00
####     50: 00 00 00 08 00 00 00 00 00 00 00 00 00 00 00 00
####     60: 00 00 00 00 00 00 00 00
#### AGXIOC heap map #16 clientID 0x8000 -> resourceID 0x12 size 0x8000
####   ResCreate OK type=0 clientID=0 +0x30=0 +0x38=0 +0x40=0x8000 +0x58=0 OUT[+0]=0x1500468000 OUT[+0x08]=0x108a84000 OUT[+0x10]=0x1017e4d80 OUT[+0x48]=0x8000
####   inStruct[0..104]:
####     00: 00 00 00 00 00 00 00 00 00 80 01 00 01 00 00 00
####     10: 01 01 00 01 30 04 00 00 00 00 00 00 00 00 00 00
####     20: 00 00 00 00 00 00 00 00 00 00 00 00 00 00 00 00
####     30: 00 00 00 00 00 00 00 00 00 00 00 00 00 00 00 00
####     40: 00 80 00 00 00 00 00 00 00 00 00 00 00 00 00 00
####     50: 00 00 00 08 00 00 00 00 00 00 00 00 00 00 00 00
####     60: 00 00 00 00 00 00 00 00
####   ResCreate OK type=0 clientID=0 +0x30=0 +0x38=0 +0x40=0x8000 +0x58=0 OUT[+0]=0x1500478000 OUT[+0x08]=0x108a8c000 OUT[+0x10]=0x1017e4e40 OUT[+0x48]=0x8000
####   inStruct[0..104]:
####     00: 00 00 00 00 00 00 00 00 00 80 01 00 01 00 00 00
####     10: 01 01 00 01 30 04 00 00 00 00 00 00 00 00 00 00
####     20: 00 00 00 00 00 00 00 00 00 00 00 00 00 00 00 00
####     30: 00 00 00 00 00 00 00 00 00 00 00 00 00 00 00 00
####     40: 00 80 00 00 00 00 00 00 00 00 00 00 00 00 00 00
####     50: 00 00 00 08 00 00 00 00 00 00 00 00 00 00 00 00
####     60: 00 00 00 00 00 00 00 00
####   ResCreate OK type=0 clientID=0 +0x30=0 +0x38=0 +0x40=0x8000 +0x58=0 OUT[+0]=0x1500488000 OUT[+0x08]=0x108a94000 OUT[+0x10]=0x1017e4f00 OUT[+0x48]=0x8000
####   inStruct[0..104]:
####     00: 00 00 00 00 00 00 00 00 00 80 01 00 01 00 00 00
####     10: 01 01 00 01 30 04 00 00 00 00 00 00 00 00 00 00
####     20: 00 00 00 00 00 00 00 00 00 00 00 00 00 00 00 00
####     30: 00 00 00 00 00 00 00 00 00 00 00 00 00 00 00 00
####     40: 00 80 00 00 00 00 00 00 00 00 00 00 00 00 00 00
####     50: 00 00 00 08 00 00 00 00 00 00 00 00 00 00 00 00
####     60: 00 00 00 00 00 00 00 00
####   ResCreate OK type=0 clientID=0 +0x30=0 +0x38=0 +0x40=0x8000 +0x58=0 OUT[+0]=0x70000 OUT[+0x08]=0x108a9c000 OUT[+0x10]=0x1017e4fc0 OUT[+0x48]=0x8000
####   inStruct[0..104]:
####     00: 00 00 00 00 00 00 00 00 00 80 01 00 01 00 00 00
####     10: 01 01 00 01 30 84 00 00 00 00 00 00 00 00 00 00
####     20: 00 00 00 00 00 00 00 00 00 00 00 00 00 00 00 00
####     30: 00 00 00 00 00 00 00 00 00 00 00 00 00 00 00 00
####     40: 00 80 00 00 00 00 00 00 00 00 00 00 00 00 00 00
####     50: 00 00 00 48 00 00 00 00 00 00 00 00 00 00 00 00
####     60: 00 00 00 00 00 00 00 00
####   ResCreate OK type=0 clientID=0 +0x30=0 +0x38=0 +0x40=0x8000 +0x58=0 OUT[+0]=0x80000 OUT[+0x08]=0x108aa4000 OUT[+0x10]=0x1017e5080 OUT[+0x48]=0x8000
####   inStruct[0..104]:
####     00: 00 00 00 00 00 00 00 00 00 80 01 00 01 00 00 00
####     10: 01 01 00 01 30 84 00 00 00 00 00 00 00 00 00 00
####     20: 00 00 00 00 00 00 00 00 00 00 00 00 00 00 00 00
####     30: 00 00 00 00 00 00 00 00 00 00 00 00 00 00 00 00
####     40: 00 80 00 00 00 00 00 00 00 00 00 00 00 00 00 00
####     50: 00 00 00 48 00 00 00 00 00 00 00 00 00 00 00 00
####     60: 00 00 00 00 00 00 00 00
####   ResCreate OK type=0 clientID=0 +0x30=0 +0x38=0 +0x40=0x100000 +0x58=0 OUT[+0]=0x1500498000 OUT[+0x08]=0x10c2ac000 OUT[+0x10]=0x1017e5140 OUT[+0x48]=0x100000
####   inStruct[0..104]:
####     00: 00 00 00 00 00 00 00 00 00 00 01 00 01 00 00 00
####     10: 01 01 00 01 30 04 00 00 00 00 00 00 00 00 00 00
####     20: 00 00 00 00 00 00 00 00 00 00 00 00 00 00 00 00
####     30: 00 00 00 00 00 00 00 00 00 00 00 00 00 00 00 00
####     40: 00 00 10 00 00 00 00 00 00 00 00 00 00 00 00 00
####     50: 00 00 00 18 00 00 00 00 00 00 00 00 00 00 00 00
####     60: 00 00 00 00 00 00 00 00
####   ResCreate OK type=0 clientID=0 +0x30=0 +0x38=0 +0x40=0x8000 +0x58=0 OUT[+0]=0x15005a0000 OUT[+0x08]=0x108aac000 OUT[+0x10]=0x1017e5200 OUT[+0x48]=0x8000
####   inStruct[0..104]:
####     00: 00 00 00 00 00 00 00 00 00 80 01 00 01 00 00 00
####     10: 01 01 00 01 30 04 00 00 00 00 00 00 00 00 00 00
####     20: 00 00 00 00 00 00 00 00 00 00 00 00 00 00 00 00
####     30: 00 00 00 00 00 00 00 00 00 00 00 00 00 00 00 00
####     40: 00 80 00 00 00 00 00 00 00 00 00 00 00 00 00 00
####     50: 00 00 00 08 00 00 00 00 00 00 00 00 00 00 00 00
####     60: 00 00 00 00 00 00 00 00
####   ResCreate OK type=0 clientID=0 +0x30=0 +0x38=0 +0x40=0x8000 +0x58=0 OUT[+0]=0x15005b0000 OUT[+0x08]=0x108ab8000 OUT[+0x10]=0x1017e52c0 OUT[+0x48]=0x8000
####   inStruct[0..104]:
####     00: 00 00 00 00 00 00 00 00 00 80 01 00 01 00 00 00
####     10: 01 01 00 01 30 04 00 00 00 00 00 00 00 00 00 00
####     20: 00 00 00 00 00 00 00 00 00 00 00 00 00 00 00 00
####     30: 00 00 00 00 00 00 00 00 00 00 00 00 00 00 00 00
####     40: 00 80 00 00 00 00 00 00 00 00 00 00 00 00 00 00
####     50: 00 00 00 18 00 00 00 00 00 00 00 00 00 00 00 00
####     60: 00 00 00 00 00 00 00 00
####   ResCreate OK type=0 clientID=0 +0x30=0 +0x38=0 +0x40=0x8000 +0x58=0 OUT[+0]=0x15005c0000 OUT[+0x08]=0x108ac0000 OUT[+0x10]=0x1017e5380 OUT[+0x48]=0x8000
####   inStruct[0..104]:
####     00: 00 00 00 00 00 00 00 00 00 80 01 00 01 00 00 00
####     10: 01 01 00 01 30 04 00 00 00 00 00 00 00 00 00 00
####     20: 00 00 00 00 00 00 00 00 00 00 00 00 00 00 00 00
####     30: 00 00 00 00 00 00 00 00 00 00 00 00 00 00 00 00
####     40: 00 80 00 00 00 00 00 00 00 00 00 00 00 00 00 00
####     50: 00 00 00 08 00 00 00 00 00 00 00 00 00 00 00 00
####     60: 00 00 00 00 00 00 00 00
####   ResCreate OK type=0 clientID=0 +0x30=0 +0x38=0 +0x40=0x8000 +0x58=0 OUT[+0]=0x15005d0000 OUT[+0x08]=0x10c3ac000 OUT[+0x10]=0x1017e5440 OUT[+0x48]=0x8000
####   inStruct[0..104]:
####     00: 00 00 00 00 00 00 00 00 00 80 01 00 01 00 00 00
####     10: 01 01 00 01 30 04 00 00 00 00 00 00 00 00 00 00
####     20: 00 00 00 00 00 00 00 00 00 00 00 00 00 00 00 00
####     30: 00 00 00 00 00 00 00 00 00 00 00 00 00 00 00 00
####     40: 00 80 00 00 00 00 00 00 00 00 00 00 00 00 00 00
####     50: 00 00 00 08 00 00 00 00 00 00 00 00 00 00 00 00
####     60: 00 00 00 00 00 00 00 00
####   ResCreate OK type=0 clientID=0 +0x30=0 +0x38=0 +0x40=0x8000 +0x58=0 OUT[+0]=0x15005e0000 OUT[+0x08]=0x10c3b4000 OUT[+0x10]=0x1017e5500 OUT[+0x48]=0x8000
####   inStruct[0..104]:
####     00: 00 00 00 00 00 00 00 00 00 80 01 00 01 00 00 00
####     10: 01 01 00 01 30 04 00 00 00 00 00 00 00 00 00 00
####     20: 00 00 00 00 00 00 00 00 00 00 00 00 00 00 00 00
####     30: 00 00 00 00 00 00 00 00 00 00 00 00 00 00 00 00
####     40: 00 80 00 00 00 00 00 00 00 00 00 00 00 00 00 00
####     50: 00 00 00 08 00 00 00 00 00 00 00 00 00 00 00 00
####     60: 00 00 00 00 00 00 00 00
####   ResCreate OK type=0 clientID=0 +0x30=0 +0x38=0 +0x40=0x8000 +0x58=0 OUT[+0]=0x15005f0000 OUT[+0x08]=0x10c3bc000 OUT[+0x10]=0x1017e55c0 OUT[+0x48]=0x8000
####   inStruct[0..104]:
####     00: 00 00 00 00 00 00 00 00 00 80 01 00 01 00 00 00
####     10: 01 01 00 01 30 04 00 00 00 00 00 00 00 00 00 00
####     20: 00 00 00 00 00 00 00 00 00 00 00 00 00 00 00 00
####     30: 00 00 00 00 00 00 00 00 00 00 00 00 00 00 00 00
####     40: 00 80 00 00 00 00 00 00 00 00 00 00 00 00 00 00
####     50: 00 00 00 08 00 00 00 00 00 00 00 00 00 00 00 00
####     60: 00 00 00 00 00 00 00 00
####   ResCreate OK type=0 clientID=0 +0x30=0 +0x38=0 +0x40=0x8000 +0x58=0 OUT[+0]=0x1500600000 OUT[+0x08]=0x10c3c4000 OUT[+0x10]=0x1017e5680 OUT[+0x48]=0x8000
####   inStruct[0..104]:
####     00: 00 00 00 00 00 00 00 00 00 80 01 00 01 00 00 00
####     10: 01 01 00 01 30 04 00 00 00 00 00 00 00 00 00 00
####     20: 00 00 00 00 00 00 00 00 00 00 00 00 00 00 00 00
####     30: 00 00 00 00 00 00 00 00 00 00 00 00 00 00 00 00
####     40: 00 80 00 00 00 00 00 00 00 00 00 00 00 00 00 00
####     50: 00 00 00 08 00 00 00 00 00 00 00 00 00 00 00 00
####     60: 00 00 00 00 00 00 00 00
####   ResCreate OK type=0 clientID=0 +0x30=0 +0x38=0 +0x40=0xff80 +0x58=0 OUT[+0]=0x1500610000 OUT[+0x08]=0x10c3cc000 OUT[+0x10]=0x1017e5740 OUT[+0x48]=0x10000
####   inStruct[0..104]:
####     00: 00 00 00 00 00 00 00 00 80 ff 01 00 01 00 00 00
####     10: 01 01 00 01 30 04 00 00 00 00 00 00 00 00 00 00
####     20: 00 00 00 00 00 00 00 00 00 00 00 00 00 00 00 00
####     30: 00 00 00 00 00 00 00 00 00 00 00 00 00 00 00 00
####     40: 80 ff 00 00 00 00 00 00 00 00 00 00 00 00 00 00
####     50: 00 00 00 18 00 00 00 00 00 00 00 00 00 00 00 00
####     60: 00 00 00 00 00 00 00 00
####   ResCreate OK type=0 clientID=0 +0x30=0 +0x38=0 +0x40=0xc0000 +0x58=0 OUT[+0]=0x1500628000 OUT[+0x08]=0x10c3dc000 OUT[+0x10]=0x1017e5800 OUT[+0x48]=0xc0000
####   inStruct[0..104]:
####     00: 00 00 00 00 00 00 00 00 00 00 01 00 01 00 00 00
####     10: 01 01 00 01 30 04 00 00 00 00 00 00 00 00 00 00
####     20: 00 00 00 00 00 00 00 00 00 00 00 00 00 00 00 00
####     30: 00 00 00 00 00 00 00 00 00 00 00 00 00 00 00 00
####     40: 00 00 0c 00 00 00 00 00 00 00 00 00 00 00 00 00
####     50: 00 00 00 08 00 00 00 00 00 00 00 00 00 00 00 00
####     60: 00 00 00 00 00 00 00 00
#### AGX_SUBMIT_DIAG #1 subtype1-predicate scalar0=0x1 legacy-scalar-gate=1 total=0x840/1 seglen=0x130/1 seghdr=1 cmdtotal=1 d8=1 pad1=1 f1=1 sent1=1 pad2=1 f2=1 sent2=1
#### AGX_SUBMIT_DIAG #1 descriptor[0] KCMD-type1-observed save /tmp/macws_submit_kcmd_1_0_type1-observed.bin failed errno=17
#### AGX_SUBMIT_DIAG #1 descriptor[0] segment save /tmp/macws_submit_segment_1_0.bin failed errno=17
#### AGXIOC type0 exact initFull length: +0x58=0 low32=0 -> +0x40=0x8000
#### AGX_SUBMIT_DIAG #1 TEMP-KCMD-ABI-FIX subtype1-clear pads=0x1c0,0x4c0 total=0x840->0x820 size=0x7e8->0x7c8 end=0x818->0x7f8 segment-span=0x820
####   ResCreate OK type=0 clientID=0 +0x30=0x40 +0x38=0 +0x40=0x8000 +0x58=0 OUT[+0]=0x15006f0000 OUT[+0x08]=0x10c49c000 OUT[+0x10]=0x1017e58c0 OUT[+0x48]=0x8000
####   inStruct[0..104]:
####     00: 00 00 00 00 00 00 00 00 01 00 01 00 01 00 00 00
####     10: 01 01 00 01 70 04 00 00 00 00 00 00 00 00 00 00
####     20: 00 00 00 00 00 00 00 00 00 00 00 00 00 00 00 00
####     30: 40 00 00 00 00 00 00 00 00 00 00 00 00 00 00 00
####     40: 00 80 00 00 00 00 00 00 00 00 00 00 00 00 00 00
####     50: 00 00 00 00 00 00 00 00 00 00 00 00 00 00 00 00
####     60: d8 df 5b 3f 02 00 00 00
#### TRACE -[AGXBuffer initFull] self=0x6002ad680 dev=0x600282000 len=32768 align=1→64 opt=0 subDis=0→1 resIn=0x16f12a708 pin=0x0 -> 0x6002ad680
#### AGXIOC type0 exact initFull length: +0x58=0 low32=0 -> +0x40=0xc000
#### AGXIOC Method sel=0x1e->0x1a inCnt=4 inSC=56 outSC=0 -> 0x0
####   ResCreate OK type=0 clientID=0 +0x30=0x40 +0x38=0 +0x40=0xc000 +0x58=0 OUT[+0]=0x15008a0000 OUT[+0x08]=0x10c4e8000 OUT[+0x10]=0x1017e5d40 OUT[+0x48]=0xc000
####   inStruct[0..104]:
####     00: 00 00 00 00 00 00 00 00 01 00 01 00 01 00 00 00
####     10: 01 01 00 01 70 04 00 00 00 00 00 00 00 00 00 00
####     20: 00 00 00 00 00 00 00 00 00 00 00 00 00 00 00 00
####     30: 40 00 00 00 00 00 00 00 00 00 00 00 00 00 00 00
####     40: 00 c0 00 00 00 00 00 00 00 00 00 00 00 00 00 00
####     50: 00 00 00 00 00 00 00 00 00 00 00 00 00 00 00 00
####     60: a8 a8 12 6f 01 00 00 00
#### TRACE -[AGXBuffer initFull] self=0x6002adf80 dev=0x600282000 len=49152 align=1→64 opt=0 subDis=0→1 resIn=0x16f12a808 pin=0x0 -> 0x6002adf80
#### CBRI_HOOK self=0x600164980 cls=AGXG13GFamilyCommandBuffer → resourceInfo=0x6002d9600
####   ResCreate OK type=0 clientID=0 +0x30=0 +0x38=0 +0x40=0xff80 +0x58=0 OUT[+0]=0x15008b0000 OUT[+0x08]=0x10c6dc000 OUT[+0x10]=0x1017e5e00 OUT[+0x48]=0x10000
####   inStruct[0..104]:
####     00: 00 00 00 00 00 00 00 00 80 ff 01 00 01 00 00 00
####     10: 01 01 00 01 30 04 00 00 00 00 00 00 00 00 00 00
####     20: 00 00 00 00 00 00 00 00 00 00 00 00 00 00 00 00
####     30: 00 00 00 00 00 00 00 00 00 00 00 00 00 00 00 00
####     40: 80 ff 00 00 00 00 00 00 00 00 00 00 00 00 00 00
####     50: 00 00 00 18 00 00 00 00 00 00 00 00 00 00 00 00
####     60: 00 00 00 00 00 00 00 00
#### AGX_SUBMIT_DIAG #2 TEMP-KCMD-TRAILING-WRAPPER-FIX match=1 subtype1=0..0x840->0..0x820 wrappers=2 range=0x840..0x870->0x820..0x850
#### AGXIOC Method sel=0x1e->0x1a inCnt=4 inSC=56 outSC=0 -> 0x0
#### MTL_TEX entry self class=AGXG13GFamilyDevice
#### MTL_TEX TLS set iosurface=0x600038ba0 id=0xa5 plane=0 compressionHeaderSpan=0 (thread=0x1fdb69e00 addr=0x0)
#### MACWS_AGX_NATIVE supportsMemorylessRenderTargets CALLED on instance=0x600282000 class=AGXG13GFamilyDevice -> YES
#### AGXIOC type=0x82 patch #3: f14=0x430 +0x30 0→0xa5 +0x38 0xa5→0 +0x40 0→0 +0x50 0→0x180888f00 +0x58 0x180888f00→0
#### AGX_LIFE type82 CREATE stack #3 resourceID=0x24 surf=0xa5 (16 frames):
0   libmachook_arm64.dylib              0x0000000100e0b3bc IOConnectCallMethod_new + 6708
1   IOGPU                               0x00000001bf8c218c IOGPUResourceCreate + 236
2   IOGPU                               0x00000001bf8bc138 -[IOGPUMetalResource initWithDevice:remoteStorageResource:options:args:argsSize:] + 460
3   libmachook_arm64.dylib              0x0000000100e00eb0 __loadImageCallback_block_invoke_20 + 112
4   IOGPU                               0x00000001bf8be5ec -[IOGPUMetalTexture initWithDevice:descriptor:iosurface:plane:field:args:argsSize:] + 824
5   AGXMetal13_3                        0x00000002081c6f38 -[AGXTexture initWithDevice:desc:iosurface:plane:] + 288
6   libmachook_arm64.dylib              0x0000000100e2f124 -[MTLFakeDevice hooked_newTextureWithDescriptor:iosurface:plane:] + 1932
7   libGLESv2.dylib                     0x0000000108ed3754 glStartTilingQCOM + 2731860
8   libGLESv2.dylib                     0x0000000108ea79b8 glStartTilingQCOM + 2552248
9   libGLESv2.dylib                     0x0000000108ea7824 glStartTilingQCOM + 2551844
10  libGLESv2.dylib                     0x0000000108da5fd4 glStartTilingQCOM + 1497044
11  libGLESv2.dylib                     0x0000000108c015fc libGLESv2.dylib + 38396
12  libGLESv2.dylib                     0x0000000108c04d60 EGL_BindTexImage + 144
13  Electron Framework                  0x0000000112d02528 rust_bmp$cxxbridge1$194$Reader$image_data_loaded + 582280
14  Electron Framework                  0x0000000112d059cc rust_bmp$cxxbridge1$194$Reader$image_data_loaded + 595756
15  Electron Framework                  0x0000000112d03830 rust_bmp$cxxbridge1$194$Reader$image_data_loaded + 587152
####   ResCreate OK type=0x82 clientID=0 +0x30=0xa5 +0x38=0 +0x40=0 +0x58=0 OUT[+0]=0x1500910000 OUT[+0x08]=0 OUT[+0x10]=0x1017e5ec0 OUT[+0x48]=0x3d0000
####   inStruct[0..104]:
####     00: 82 00 00 00 00 00 00 00 60 09 a0 01 01 00 00 00
####     10: 01 01 00 04 30 04 00 00 00 00 00 00 00 00 00 00
####     20: 00 00 00 00 00 00 00 00 00 00 00 00 00 00 00 00
####     30: a5 00 00 00 00 00 00 00 00 00 00 00 00 00 00 00
####     40: 00 00 00 00 00 00 00 00 00 00 00 00 00 00 00 00
####     50: 00 8f 88 80 01 00 00 00 00 00 00 00 00 00 00 00
####     60: 00 00 00 00 00 00 00 00
#### AGX_MAP_AUDIT #3 tex=0x600a16e00 impl=0x600a16b80 iosurface(arg=0x600038ba0 bound=0x600038ba0) plane=0 cpu130=0x118044000 gpu40=0x1500910000 descriptorOff=0x190 descriptorLayout=0 compressed=0 extended=0 match=1
#### AGXIOC Method sel=0x1e->0x1a inCnt=4 inSC=56 outSC=0 -> 0x0
#### AGXIOC Method sel=0xf->0xd inCnt=2 inSC=0 outSC=16 -> 0x0
#### AGXIOC Method sel=0xf->0xd inCnt=2 inSC=0 outSC=16 -> 0x0
#### CBRI_HOOK self=0x600165780 cls=AGXG13GFamilyCommandBuffer → resourceInfo=0x6002e9a00
#### AGX_SUBMIT_DIAG #4 TEMP-KCMD-TRAILING-WRAPPER-FIX match=2 subtype1=0..0x840->0..0x820 wrappers=1 range=0x840..0x858->0x820..0x838
#### AGXIOC Method sel=0x1e->0x1a inCnt=4 inSC=56 outSC=0 -> 0x0
#### MTL_TEX entry self class=AGXG13GFamilyDevice
#### MTL_TEX TLS set iosurface=0x60003e160 id=0xa7 plane=0 compressionHeaderSpan=0 (thread=0x1fdb69e00 addr=0x0)
#### MACWS_AGX_NATIVE supportsMemorylessRenderTargets CALLED on instance=0x600282000 class=AGXG13GFamilyDevice -> YES
#### AGXIOC type=0x82 patch #4: f14=0x430 +0x30 0→0xa7 +0x38 0xa7→0 +0x40 0→0 +0x50 0→0x180888f00 +0x58 0x180888f00→0
#### AGX_LIFE type82 CREATE stack #4 resourceID=0x25 surf=0xa7 (16 frames):
0   libmachook_arm64.dylib              0x0000000100e0b3bc IOConnectCallMethod_new + 6708
1   IOGPU                               0x00000001bf8c218c IOGPUResourceCreate + 236
2   IOGPU                               0x00000001bf8bc138 -[IOGPUMetalResource initWithDevice:remoteStorageResource:options:args:argsSize:] + 460
3   libmachook_arm64.dylib              0x0000000100e00eb0 __loadImageCallback_block_invoke_20 + 112
4   IOGPU                               0x00000001bf8be5ec -[IOGPUMetalTexture initWithDevice:descriptor:iosurface:plane:field:args:argsSize:] + 824
5   AGXMetal13_3                        0x00000002081c6f38 -[AGXTexture initWithDevice:desc:iosurface:plane:] + 288
6   libmachook_arm64.dylib              0x0000000100e2f124 -[MTLFakeDevice hooked_newTextureWithDescriptor:iosurface:plane:] + 1932
7   libGLESv2.dylib                     0x0000000108ed3754 glStartTilingQCOM + 2731860
8   libGLESv2.dylib                     0x0000000108ea79b8 glStartTilingQCOM + 2552248
9   libGLESv2.dylib                     0x0000000108ea7824 glStartTilingQCOM + 2551844
10  libGLESv2.dylib                     0x0000000108da5fd4 glStartTilingQCOM + 1497044
11  libGLESv2.dylib                     0x0000000108c015fc libGLESv2.dylib + 38396
12  libGLESv2.dylib                     0x0000000108c04d60 EGL_BindTexImage + 144
13  Electron Framework                  0x0000000112d02528 rust_bmp$cxxbridge1$194$Reader$image_data_loaded + 582280
14  Electron Framework                  0x0000000112d059cc rust_bmp$cxxbridge1$194$Reader$image_data_loaded + 595756
15  Electron Framework                  0x0000000112d03830 rust_bmp$cxxbridge1$194$Reader$image_data_loaded + 587152
####   ResCreate OK type=0x82 clientID=0 +0x30=0xa7 +0x38=0 +0x40=0 +0x58=0 OUT[+0]=0x1500ce8000 OUT[+0x08]=0 OUT[+0x10]=0x1017e5f80 OUT[+0x48]=0x3d0000
####   inStruct[0..104]:
####     00: 82 00 00 00 00 00 00 00 60 09 a0 01 01 00 00 00
####     10: 01 01 00 04 30 04 00 00 00 00 00 00 00 00 00 00
####     20: 00 00 00 00 00 00 00 00 00 00 00 00 00 00 00 00
####     30: a7 00 00 00 00 00 00 00 00 00 00 00 00 00 00 00
####     40: 00 00 00 00 00 00 00 00 00 00 00 00 00 00 00 00
####     50: 00 8f 88 80 01 00 00 00 00 00 00 00 00 00 00 00
####     60: 00 00 00 00 00 00 00 00
#### AGX_MAP_AUDIT #4 tex=0x600a17a80 impl=0x600a17800 iosurface(arg=0x60003e160 bound=0x60003e160) plane=0 cpu130=0x118414000 gpu40=0x1500ce8000 descriptorOff=0x190 descriptorLayout=0 compressed=0 extended=0 match=1
#### AGXIOC Method sel=0x1e->0x1a inCnt=4 inSC=56 outSC=0 -> 0x0
#### CBRI_HOOK self=0x600165e80 cls=AGXG13GFamilyCommandBuffer → resourceInfo=0x6002d9600
#### AGX_SUBMIT_DIAG #6 TEMP-KCMD-TRAILING-WRAPPER-FIX match=3 subtype1=0..0x840->0..0x820 wrappers=1 range=0x840..0x858->0x820..0x838
#### AGXIOC Method sel=0x1e->0x1a inCnt=4 inSC=56 outSC=0 -> 0x0
#### MTL_TEX TLS set iosurface=0x60003d2a0 id=0xa8 plane=0 compressionHeaderSpan=0 (thread=0x1fdb69e00 addr=0x0)
#### MACWS_AGX_NATIVE supportsMemorylessRenderTargets CALLED on instance=0x600282000 class=AGXG13GFamilyDevice -> YES
#### AGXIOC type=0x82 patch #5: f14=0x430 +0x30 0→0xa8 +0x38 0xa8→0 +0x40 0→0 +0x50 0→0x180888f00 +0x58 0x180888f00→0
####   ResCreate OK type=0x82 clientID=0 +0x30=0xa8 +0x38=0 +0x40=0 +0x58=0 OUT[+0]=0x15010c0000 OUT[+0x08]=0 OUT[+0x10]=0x1017e6040 OUT[+0x48]=0x3d0000
####   inStruct[0..104]:
####     00: 82 00 00 00 00 00 00 00 60 09 a0 01 01 00 00 00
####     10: 01 01 00 04 30 04 00 00 00 00 00 00 00 00 00 00
####     20: 00 00 00 00 00 00 00 00 00 00 00 00 00 00 00 00
####     30: a8 00 00 00 00 00 00 00 00 00 00 00 00 00 00 00
####     40: 00 00 00 00 00 00 00 00 00 00 00 00 00 00 00 00
####     50: 00 8f 88 80 01 00 00 00 00 00 00 00 00 00 00 00
####     60: 00 00 00 00 00 00 00 00
#### AGX_MAP_AUDIT #5 tex=0x600a18480 impl=0x600a18200 iosurface(arg=0x60003d2a0 bound=0x60003d2a0) plane=0 cpu130=0x1187e4000 gpu40=0x15010c0000 descriptorOff=0x190 descriptorLayout=0 compressed=0 extended=0 match=1
#### AGXIOC Method sel=0x1e->0x1a inCnt=4 inSC=56 outSC=0 -> 0x0
#### CBRI_HOOK self=0x600166580 cls=AGXG13GFamilyCommandBuffer → resourceInfo=0x6002ecc00
#### AGX_SUBMIT_DIAG #8 TEMP-KCMD-TRAILING-WRAPPER-FIX match=4 subtype1=0..0x840->0..0x820 wrappers=1 range=0x840..0x858->0x820..0x838
#### AGXIOC Method sel=0x1e->0x1a inCnt=4 inSC=56 outSC=0 -> 0x0
#### AGXIOC Method sel=0xd->0xc inCnt=2 inSC=0 outSC=0 -> 0x0
#### JIT-MPROTECT flip #1024 ranges=1 prot=RX writers=1 exec_waits=302 late_retries=17
#### JIT-MPROTECT flip #2048 ranges=1 prot=RX writers=1 exec_waits=527 late_retries=33
#### JIT-MPROTECT flip #3072 ranges=1 prot=RX writers=1 exec_waits=767 late_retries=45
#### MTL_TEX TLS set iosurface=0x60003d340 id=0xa9 plane=0 compressionHeaderSpan=0 (thread=0x1fdb69e00 addr=0x0)
#### AGXIOC type=0x82 patch #6: f14=0x430 +0x30 0→0xa9 +0x38 0xa9→0 +0x40 0→0 +0x50 0→0x180888f00 +0x58 0x180888f00→0
####   ResCreate OK type=0x82 clientID=0 +0x30=0xa9 +0x38=0 +0x40=0 +0x58=0 OUT[+0]=0x1501498000 OUT[+0x08]=0 OUT[+0x10]=0x1017e6100 OUT[+0x48]=0x30000
####   inStruct[0..104]:
####     00: 82 00 00 00 00 00 00 00 2c 01 96 00 01 00 00 00
####     10: 01 01 00 04 30 04 00 00 00 00 00 00 00 00 00 00
####     20: 00 00 00 00 00 00 00 00 00 00 00 00 00 00 00 00
####     30: a9 00 00 00 00 00 00 00 00 00 00 00 00 00 00 00
####     40: 00 00 00 00 00 00 00 00 00 00 00 00 00 00 00 00
####     50: 00 8f 88 80 01 00 00 00 00 00 00 00 00 00 00 00
####     60: 00 00 00 00 00 00 00 00
#### AGX_MAP_AUDIT #6 tex=0x600a19380 impl=0x600a19100 iosurface(arg=0x60003d340 bound=0x60003d340) plane=0 cpu130=0x118bb4000 gpu40=0x1501498000 descriptorOff=0x190 descriptorLayout=0 compressed=0 extended=0 match=1
#### CBRI_HOOK self=0x600166c80 cls=AGXG13GFamilyCommandBuffer → resourceInfo=0x6002d9600
####   ResCreate OK type=0 clientID=0 +0x30=0 +0x38=0 +0x40=0x8000 +0x58=0 OUT[+0]=0x1500850000 OUT[+0x08]=0x10c4dc000 OUT[+0x10]=0x1017e61c0 OUT[+0x48]=0x8000
####   inStruct[0..104]:
####     00: 00 00 00 00 00 00 00 00 00 80 01 00 01 00 00 00
####     10: 01 01 00 01 30 04 00 00 00 00 00 00 00 00 00 00
####     20: 00 00 00 00 00 00 00 00 00 00 00 00 00 00 00 00
####     30: 00 00 00 00 00 00 00 00 00 00 00 00 00 00 00 00
####     40: 00 80 00 00 00 00 00 00 00 00 00 00 00 00 00 00
####     50: 00 00 00 08 00 00 00 00 00 00 00 00 00 00 00 00
####     60: 00 00 00 00 00 00 00 00
####   ResCreate OK type=0 clientID=0 +0x30=0 +0x38=0 +0x40=0x8000 +0x58=0 OUT[+0]=0x1500860000 OUT[+0x08]=0x10c838000 OUT[+0x10]=0x1017e6280 OUT[+0x48]=0x8000
####   inStruct[0..104]:
####     00: 00 00 00 00 00 00 00 00 00 80 01 00 01 00 00 00
####     10: 01 01 00 01 30 04 00 00 00 00 00 00 00 00 00 00
####     20: 00 00 00 00 00 00 00 00 00 00 00 00 00 00 00 00
####     30: 00 00 00 00 00 00 00 00 00 00 00 00 00 00 00 00
####     40: 00 80 00 00 00 00 00 00 00 00 00 00 00 00 00 00
####     50: 00 00 00 08 00 00 00 00 00 00 00 00 00 00 00 00
####     60: 00 00 00 00 00 00 00 00
####   ResCreate OK type=0 clientID=0 +0x30=0 +0x38=0 +0x40=0x8000 +0x58=0 OUT[+0]=0x15014d0000 OUT[+0x08]=0x118be4000 OUT[+0x10]=0x1017e6340 OUT[+0x48]=0x8000
####   inStruct[0..104]:
####     00: 00 00 00 00 00 00 00 00 00 80 01 00 01 00 00 00
####     10: 01 01 00 01 30 04 00 00 00 00 00 00 00 00 00 00
####     20: 00 00 00 00 00 00 00 00 00 00 00 00 00 00 00 00
####     30: 00 00 00 00 00 00 00 00 00 00 00 00 00 00 00 00
####     40: 00 80 00 00 00 00 00 00 00 00 00 00 00 00 00 00
####     50: 00 00 00 08 00 00 00 00 00 00 00 00 00 00 00 00
####     60: 00 00 00 00 00 00 00 00
####   ResCreate OK type=0 clientID=0 +0x30=0 +0x38=0 +0x40=0x8000 +0x58=0 OUT[+0]=0x15014e0000 OUT[+0x08]=0x118bec000 OUT[+0x10]=0x1017e6400 OUT[+0x48]=0x8000
####   inStruct[0..104]:
####     00: 00 00 00 00 00 00 00 00 00 80 01 00 01 00 00 00
####     10: 01 01 00 01 30 04 00 00 00 00 00 00 00 00 00 00
####     20: 00 00 00 00 00 00 00 00 00 00 00 00 00 00 00 00
####     30: 00 00 00 00 00 00 00 00 00 00 00 00 00 00 00 00
####     40: 00 80 00 00 00 00 00 00 00 00 00 00 00 00 00 00
####     50: 00 00 00 08 00 00 00 00 00 00 00 00 00 00 00 00
####     60: 00 00 00 00 00 00 00 00
####   ResCreate OK type=0 clientID=0 +0x30=0 +0x38=0 +0x40=0x8000 +0x58=0 OUT[+0]=0x15014f0000 OUT[+0x08]=0x118bf4000 OUT[+0x10]=0x1017e64c0 OUT[+0x48]=0x8000
####   inStruct[0..104]:
####     00: 00 00 00 00 00 00 00 00 00 80 01 00 01 00 00 00
####     10: 01 01 00 01 30 04 00 00 00 00 00 00 00 00 00 00
####     20: 00 00 00 00 00 00 00 00 00 00 00 00 00 00 00 00
####     30: 00 00 00 00 00 00 00 00 00 00 00 00 00 00 00 00
####     40: 00 80 00 00 00 00 00 00 00 00 00 00 00 00 00 00
####     50: 00 00 00 08 00 00 00 00 00 00 00 00 00 00 00 00
####     60: 00 00 00 00 00 00 00 00
####   ResCreate OK type=0 clientID=0 +0x30=0 +0x38=0 +0x40=0x8000 +0x58=0 OUT[+0]=0x90000 OUT[+0x08]=0x118bfc000 OUT[+0x10]=0x1017e6580 OUT[+0x48]=0x8000
####   inStruct[0..104]:
####     00: 00 00 00 00 00 00 00 00 00 80 01 00 01 00 00 00
####     10: 01 01 00 01 30 84 00 00 00 00 00 00 00 00 00 00
####     20: 00 00 00 00 00 00 00 00 00 00 00 00 00 00 00 00
####     30: 00 00 00 00 00 00 00 00 00 00 00 00 00 00 00 00
####     40: 00 80 00 00 00 00 00 00 00 00 00 00 00 00 00 00
####     50: 00 00 00 48 00 00 00 00 00 00 00 00 00 00 00 00
####     60: 00 00 00 00 00 00 00 00
####   ResCreate OK type=0 clientID=0 +0x30=0 +0x38=0 +0x40=0x8000 +0x58=0 OUT[+0]=0xa0000 OUT[+0x08]=0x118c04000 OUT[+0x10]=0x1017e6640 OUT[+0x48]=0x8000
####   inStruct[0..104]:
####     00: 00 00 00 00 00 00 00 00 00 80 01 00 01 00 00 00
####     10: 01 01 00 01 30 84 00 00 00 00 00 00 00 00 00 00
####     20: 00 00 00 00 00 00 00 00 00 00 00 00 00 00 00 00
####     30: 00 00 00 00 00 00 00 00 00 00 00 00 00 00 00 00
####     40: 00 80 00 00 00 00 00 00 00 00 00 00 00 00 00 00
####     50: 00 00 00 48 00 00 00 00 00 00 00 00 00 00 00 00
####     60: 00 00 00 00 00 00 00 00
####   ResCreate OK type=0 clientID=0 +0x30=0 +0x38=0 +0x40=0x100000 +0x58=0 OUT[+0]=0x1501500000 OUT[+0x08]=0x118c0c000 OUT[+0x10]=0x1017e6700 OUT[+0x48]=0x100000
####   inStruct[0..104]:
####     00: 00 00 00 00 00 00 00 00 00 00 01 00 01 00 00 00
####     10: 01 01 00 01 30 04 00 00 00 00 00 00 00 00 00 00
####     20: 00 00 00 00 00 00 00 00 00 00 00 00 00 00 00 00
####     30: 00 00 00 00 00 00 00 00 00 00 00 00 00 00 00 00
####     40: 00 00 10 00 00 00 00 00 00 00 00 00 00 00 00 00
####     50: 00 00 00 18 00 00 00 00 00 00 00 00 00 00 00 00
####     60: 00 00 00 00 00 00 00 00
####   ResCreate OK type=0 clientID=0 +0x30=0 +0x38=0 +0x40=0x8000 +0x58=0 OUT[+0]=0x1501608000 OUT[+0x08]=0x118d0c000 OUT[+0x10]=0x1017e67c0 OUT[+0x48]=0x8000
####   inStruct[0..104]:
####     00: 00 00 00 00 00 00 00 00 00 80 01 00 01 00 00 00
####     10: 01 01 00 01 30 04 00 00 00 00 00 00 00 00 00 00
####     20: 00 00 00 00 00 00 00 00 00 00 00 00 00 00 00 00
####     30: 00 00 00 00 00 00 00 00 00 00 00 00 00 00 00 00
####     40: 00 80 00 00 00 00 00 00 00 00 00 00 00 00 00 00
####     50: 00 00 00 08 00 00 00 00 00 00 00 00 00 00 00 00
####     60: 00 00 00 00 00 00 00 00
#### AGXIOC Method sel=0xf->0xd inCnt=2 inSC=0 outSC=16 -> 0x0
#### AGXIOC Method sel=0xf->0xd inCnt=2 inSC=0 outSC=16 -> 0x0
#### AGX_SUBMIT_DIAG #10 TEMP-KCMD-TRAILING-WRAPPER-FIX match=5 subtype1=0..0x840->0..0x820 wrappers=1 range=0x840..0x858->0x820..0x838
#### CBRI_HOOK self=0x600167380 cls=AGXG13GFamilyCommandBuffer → resourceInfo=0x6002ef400
#### AGXIOC Method sel=0xd->0xc inCnt=2 inSC=0 outSC=0 -> 0x0
#### AGX_SUBMIT_DIAG #11 TEMP-KCMD-TRAILING-WRAPPER-FIX match=6 subtype1=0..0x840->0..0x820 wrappers=1 range=0x840..0x858->0x820..0x838
#### JIT-MPROTECT flip #4096 ranges=1 prot=RX writers=1 exec_waits=1069 late_retries=61
#### JIT-MPROTECT flip #5120 ranges=1 prot=RX writers=1 exec_waits=1402 late_retries=70
[72365:0728/061232.538264:VERBOSE1:net/base/network_delegate.cc:38] NetworkDelegate::NotifyBeforeURLRequest: https://main.vscode-cdn.net/extensions/chat.json
#### JIT-MPROTECT flip #6144 ranges=1 prot=RX writers=1 exec_waits=1739 late_retries=82
#### JIT-MPROTECT flip #7168 ranges=1 prot=RX writers=1 exec_waits=2100 late_retries=93
#### JIT-MPROTECT flip #8192 ranges=1 prot=RX writers=1 exec_waits=2422 late_retries=97
[72325:0728/061232.924152:VERBOSE1:content/browser/loader/file_url_loader_factory.cc:474] FileURLLoader::Start: file:///Applications/Visual%20Studio%20Code.app/Contents/Resources/app/out/media/sessions-icon.svg
[72325:0728/061232.925608:VERBOSE1:content/browser/loader/file_url_loader_factory.cc:474] FileURLLoader::Start: file:///Applications/Visual%20Studio%20Code.app/Contents/Resources/app/out/media/code-icon.svg
[72325:0728/061232.969142:VERBOSE1:content/browser/loader/file_url_loader_factory.cc:474] FileURLLoader::Start: file:///Applications/Visual%20Studio%20Code.app/Contents/Resources/app/extensions/theme-seti/icons/seti.woff
#### JIT-MPROTECT flip #9216 ranges=1 prot=RX writers=1 exec_waits=2789 late_retries=103
#### MTL_TEX TLS set iosurface=0x60003e0a0 id=0xaa plane=0 compressionHeaderSpan=0 (thread=0x1fdb69e00 addr=0x0)
#### AGXIOC type=0x82 patch #7: f14=0x430 +0x30 0→0xaa +0x38 0xaa→0 +0x40 0→0 +0x50 0→0x180888f00 +0x58 0x180888f00→0
#### AGX_MAP_AUDIT #7 tex=0x600a1a500 impl=0x600a1a280 iosurface(arg=0x60003e0a0 bound=0x60003e0a0) plane=0 cpu130=0x118f50000 gpu40=0x1501678000 descriptorOff=0x190 descriptorLayout=0 compressed=0 extended=0 match=1
#### CBRI_HOOK self=0x600166900 cls=AGXG13GFamilyCommandBuffer → resourceInfo=0x6002de600
#### AGX_SUBMIT_DIAG #13 TEMP-KCMD-TRAILING-WRAPPER-FIX match=7 subtype1=0..0x840->0..0x820 wrappers=1 range=0x840..0x858->0x820..0x838
#### MTL_TEX TLS set iosurface=0x600a92580 id=0xab plane=0 compressionHeaderSpan=0 (thread=0x1fdb69e00 addr=0x0)
#### AGXIOC type=0x82 patch #8: f14=0x430 +0x30 0→0xab +0x38 0xab→0 +0x40 0→0 +0x50 0→0x180888f00 +0x58 0x180888f00→0
#### AGX_MAP_AUDIT #8 tex=0x600a1af00 impl=0x600a1ac80 iosurface(arg=0x600a92580 bound=0x600a92580) plane=0 cpu130=0x1190a8000 gpu40=0x15017e0000 descriptorOff=0x190 descriptorLayout=0 compressed=0 extended=0 match=1
#### CBRI_HOOK self=0x600167e00 cls=AGXG13GFamilyCommandBuffer → resourceInfo=0x6002f2600
#### AGX_SUBMIT_DIAG #15 TEMP-KCMD-TRAILING-WRAPPER-FIX match=8 subtype1=0..0x840->0..0x820 wrappers=1 range=0x840..0x858->0x820..0x838
#### MTL_TEX TLS set iosurface=0x600a924c0 id=0xac plane=0 compressionHeaderSpan=0 (thread=0x1fdb69e00 addr=0x0)
#### AGXIOC type=0x82 patch #9: f14=0x430 +0x30 0→0xac +0x38 0xac→0 +0x40 0→0 +0x50 0→0x180888f00 +0x58 0x180888f00→0
#### AGX_MAP_AUDIT #9 tex=0x600a1aa00 impl=0x600a19880 iosurface(arg=0x600a924c0 bound=0x600a924c0) plane=0 cpu130=0x119138000 gpu40=0x1501878000 descriptorOff=0x190 descriptorLayout=0 compressed=0 extended=0 match=1
#### MTL_TEX POOL-NEW: key=128x1-pf10-bpe1-fcc1278226488 → IOSurface=0x600a92ce0 (bpr=128 alloc=16 KB, map=EXPLICIT)
#### AGXIOC type=0x82 patch #10: f14=0x430 +0x30 0→0x9f +0x38 0x9f→0 +0x40 0→0 +0x50 0→0x180888c00 +0x58 0x180888c00→0
#### MTL_TEX TEX-CACHE-NEW: surf=0x600a92ce0 → tex=0x600a1c080
#### AGX_MAP_AUDIT #10 tex=0x600a1c080 impl=0x600a1be00 iosurface(arg=0x600a92ce0 bound=0x600a92ce0) plane=0 cpu130=0x119508000 gpu40=0x1500870000 descriptorOff=0x190 descriptorLayout=0 compressed=0 extended=0 match=1
#### MTL_TEX plain ROUTE-IOSURF result: 0x600a1c080
#### AGXIOC type0 exact initFull length: +0x58=0 low32=0 -> +0x40=0x80
#### CBRI_HOOK self=0x600168500 cls=AGXG13GFamilyCommandBuffer → resourceInfo=0x6002de600
#### MTL_TEX POOL-NEW: key=8x8-pf10-bpe1-fcc1278226488 → IOSurface=0x600a943e0 (bpr=128 alloc=16 KB, map=EXPLICIT)
#### AGXIOC type=0x82 patch #11: f14=0x430 +0x30 0→0xae +0x38 0xae→0 +0x40 0→0 +0x50 0→0x180888c00 +0x58 0x180888c00→0
#### MTL_TEX TEX-CACHE-NEW: surf=0x600a943e0 → tex=0x600a1e880
#### AGX_MAP_AUDIT #11 tex=0x600a1e880 impl=0x600a1e600 iosurface(arg=0x600a943e0 bound=0x600a943e0) plane=0 cpu130=0x119520000 gpu40=0x1501c68000 descriptorOff=0x190 descriptorLayout=0 compressed=0 extended=0 match=1
#### MTL_TEX plain ROUTE-IOSURF result: 0x600a1e880
#### AGXIOC type0 exact initFull length: +0x58=0 low32=0 -> +0x40=0x40
#### AGXIOC type0 exact initFull length: +0x58=0xc00000000 low32=0 -> +0x40=0x300
#### TRACE -[AGXBuffer initUntracked] self=0x600b59780 dev=0x600282000 len=768 opt=0 -> 0x600b59780
#### AGX_LIFE DESTROY id=0x2 type=0 surf=0 bytes=0x4000 kr=0 okC=65 failC=0 okD=1 failD=0 unmatchedD=0 full=0 live=64/25MB [t0=53/5MB t80=0/0MB t82=11/20MB]
#### AGXIOC type0 exact initFull length: +0x58=0xc00000000 low32=0 -> +0x40=0x300
#### TRACE -[AGXBuffer initUntracked] self=0x6002a1f80 dev=0x600282000 len=768 opt=0 -> 0x6002a1f80
#### AGX_LIFE DESTROY id=0x3 type=0 surf=0 bytes=0x4000 kr=0 okC=66 failC=0 okD=2 failD=0 unmatchedD=0 full=0 live=64/25MB [t0=53/5MB t80=0/0MB t82=11/20MB]
#### TRACE -[AGXBuffer initUntracked] self=0x6002a5d00 dev=0x600282000 len=128 opt=0 -> 0x6002a5d00
#### AGX_LIFE DESTROY id=0x4 type=0 surf=0 bytes=0x4000 kr=0 okC=67 failC=0 okD=3 failD=0 unmatchedD=0 full=0 live=64/25MB [t0=53/5MB t80=0/0MB t82=11/20MB]
#### MTL_TEX POOL-NEW: key=128x128-pf10-bpe1-fcc1278226488 → IOSurface=0x600a945e0 (bpr=128 alloc=16 KB, map=EXPLICIT)
#### AGXIOC type=0x82 patch #12: f14=0x430 +0x30 0→0xaf +0x38 0xaf→0 +0x40 0→0 +0x50 0→0x180888c00 +0x58 0x180888c00→0
#### MTL_TEX TEX-CACHE-NEW: surf=0x600a945e0 → tex=0x600cd0280
#### AGX_MAP_AUDIT #12 tex=0x600cd0280 impl=0x600cd0000 iosurface(arg=0x600a945e0 bound=0x600a945e0) plane=0 cpu130=0x108838000 gpu40=0x1500010000 descriptorOff=0x190 descriptorLayout=0 compressed=0 extended=0 match=1
#### MTL_TEX plain ROUTE-IOSURF result: 0x600cd0280
#### MTL_TEX POOL-NEW: key=512x256-pf10-bpe1-fcc1278226488 → IOSurface=0x600a946e0 (bpr=512 alloc=128 KB, map=EXPLICIT)
#### AGXIOC type=0x82 patch #13: f14=0x430 +0x30 0→0xb0 +0x38 0xb0→0 +0x40 0→0 +0x50 0→0x180888c00 +0x58 0x180888c00→0
#### MTL_TEX TEX-CACHE-NEW: surf=0x600a946e0 → tex=0x600cd0a00
#### AGX_MAP_AUDIT #13 tex=0x600cd0a00 impl=0x600cd0780 iosurface(arg=0x600a946e0 bound=0x600a946e0) plane=0 cpu130=0x11952c000 gpu40=0x1501c80000 descriptorOff=0x190 descriptorLayout=0 compressed=0 extended=0 match=1
#### MTL_TEX plain ROUTE-IOSURF result: 0x600cd0a00
#### MTL_TEX POOL-NEW: key=256x128-pf10-bpe1-fcc1278226488 → IOSurface=0x600a94680 (bpr=256 alloc=32 KB, map=EXPLICIT)
#### AGXIOC type=0x82 patch #14: f14=0x430 +0x30 0→0xb1 +0x38 0xb1→0 +0x40 0→0 +0x50 0→0x180888c00 +0x58 0x180888c00→0
#### MTL_TEX TEX-CACHE-NEW: surf=0x600a94680 → tex=0x600cd1180
#### AGX_MAP_AUDIT #14 tex=0x600cd1180 impl=0x600cd0f00 iosurface(arg=0x600a94680 bound=0x600a94680) plane=0 cpu130=0x11954c000 gpu40=0x1501ca8000 descriptorOff=0x190 descriptorLayout=0 compressed=0 extended=0 match=1
#### MTL_TEX plain ROUTE-IOSURF result: 0x600cd1180
#### MTL_TEX POOL-NEW: key=128x64-pf10-bpe1-fcc1278226488 → IOSurface=0x600a946c0 (bpr=128 alloc=16 KB, map=EXPLICIT)
#### AGXIOC type=0x82 patch #15: f14=0x430 +0x30 0→0xb2 +0x38 0xb2→0 +0x40 0→0 +0x50 0→0x180888c00 +0x58 0x180888c00→0
#### MTL_TEX TEX-CACHE-NEW: surf=0x600a946c0 → tex=0x600cd1900
#### AGX_MAP_AUDIT #15 tex=0x600cd1900 impl=0x600cd1680 iosurface(arg=0x600a946c0 bound=0x600a946c0) plane=0 cpu130=0x119554000 gpu40=0x1501cb8000 descriptorOff=0x190 descriptorLayout=0 compressed=0 extended=0 match=1
#### MTL_TEX plain ROUTE-IOSURF result: 0x600cd1900
#### MTL_TEX POOL-HIT: key=128x64-pf10-bpe1-fcc1278226488 → IOSurface=0x600a946c0
#### AGX_MAP_AUDIT #16 tex=0x600cd1900 impl=0x600cd1680 iosurface(arg=0x600a946c0 bound=0x600a946c0) plane=0 cpu130=0x119554000 gpu40=0x1501cb8000 descriptorOff=0x190 descriptorLayout=0 compressed=0 extended=0 match=1
#### MTL_TEX plain ROUTE-IOSURF result: 0x600cd1900
#### MTL_TEX POOL-NEW: key=32x32-pf80-bpe4-fcc1111970369 → IOSurface=0x600a946a0 (bpr=128 alloc=16 KB, map=EXPLICIT)
#### AGXIOC type=0x82 patch #16: f14=0x430 +0x30 0→0xb3 +0x38 0xb3→0 +0x40 0→0 +0x50 0→0x180888f00 +0x58 0x180888f00→0
#### AGX_MAP_AUDIT #17 tex=0x600cd2300 impl=0x600cd2080 iosurface(arg=0x600a946a0 bound=0x600a946a0) plane=0 cpu130=0x119558000 gpu40=0x1501cc0000 descriptorOff=0x190 descriptorLayout=0 compressed=0 extended=0 match=1
#### MTL_TEX plain ROUTE-IOSURF result: 0x600cd2300
#### MTL_TEX POOL-NEW: key=64x32-pf80-bpe4-fcc1111970369 → IOSurface=0x600a94660 (bpr=256 alloc=16 KB, map=EXPLICIT)
#### JIT-MPROTECT flip #10240 ranges=1 prot=RX writers=1 exec_waits=3167 late_retries=107
#### AGX_MAP_AUDIT #18 tex=0x600cd2a80 impl=0x600cd2800 iosurface(arg=0x600a94660 bound=0x600a94660) plane=0 cpu130=0x11955c000 gpu40=0x1501cc8000 descriptorOff=0x190 descriptorLayout=0 compressed=0 extended=0 match=1
#### MTL_TEX plain ROUTE-IOSURF result: 0x600cd2a80
#### MTL_TEX POOL-HIT: key=64x32-pf80-bpe4-fcc1111970369 → IOSurface=0x600a94660
#### AGX_MAP_AUDIT #19 tex=0x600cd2a80 impl=0x600cd2800 iosurface(arg=0x600a94660 bound=0x600a94660) plane=0 cpu130=0x11955c000 gpu40=0x1501cc8000 descriptorOff=0x190 descriptorLayout=0 compressed=0 extended=0 match=1
#### MTL_TEX plain ROUTE-IOSURF result: 0x600cd2a80
#### MTL_TEX POOL-HIT: key=64x32-pf80-bpe4-fcc1111970369 → IOSurface=0x600a94660
#### AGX_MAP_AUDIT #20 tex=0x600cd2a80 impl=0x600cd2800 iosurface(arg=0x600a94660 bound=0x600a94660) plane=0 cpu130=0x11955c000 gpu40=0x1501cc8000 descriptorOff=0x190 descriptorLayout=0 compressed=0 extended=0 match=1
#### MTL_TEX plain ROUTE-IOSURF result: 0x600cd2a80
#### MTL_TEX POOL-NEW: key=32x64-pf80-bpe4-fcc1111970369 → IOSurface=0x600a94640 (bpr=128 alloc=16 KB, map=EXPLICIT)
#### AGX_MAP_AUDIT #21 tex=0x600cd3700 impl=0x600cd3480 iosurface(arg=0x600a94640 bound=0x600a94640) plane=0 cpu130=0x119560000 gpu40=0x1501cd0000 descriptorOff=0x190 descriptorLayout=0 compressed=0 extended=0 match=1
#### MTL_TEX plain ROUTE-IOSURF result: 0x600cd3700
#### MTL_TEX POOL-HIT: key=32x64-pf80-bpe4-fcc1111970369 → IOSurface=0x600a94640
#### AGX_MAP_AUDIT #22 tex=0x600cd3700 impl=0x600cd3480 iosurface(arg=0x600a94640 bound=0x600a94640) plane=0 cpu130=0x119560000 gpu40=0x1501cd0000 descriptorOff=0x190 descriptorLayout=0 compressed=0 extended=0 match=1
#### MTL_TEX plain ROUTE-IOSURF result: 0x600cd3700
#### MTL_TEX POOL-NEW: key=16x64-pf80-bpe4-fcc1111970369 → IOSurface=0x600a94620 (bpr=128 alloc=16 KB, map=EXPLICIT)
#### AGX_MAP_AUDIT #23 tex=0x600cd4100 impl=0x600cd3e80 iosurface(arg=0x600a94620 bound=0x600a94620) plane=0 cpu130=0x119564000 gpu40=0x1501cd8000 descriptorOff=0x190 descriptorLayout=0 compressed=0 extended=0 match=1
#### AGX_MAP_AUDIT #24 tex=0x600cd4100 impl=0x600cd3e80 iosurface(arg=0x600a94620 bound=0x600a94620) plane=0 cpu130=0x119564000 gpu40=0x1501cd8000 descriptorOff=0x190 descriptorLayout=0 compressed=0 extended=0 match=1
#### AGX_MAP_AUDIT #25 tex=0x600cd2300 impl=0x600cd2080 iosurface(arg=0x600a946a0 bound=0x600a946a0) plane=0 cpu130=0x119558000 gpu40=0x1501cc0000 descriptorOff=0x190 descriptorLayout=0 compressed=0 extended=0 match=1
#### AGX_MAP_AUDIT #26 tex=0x600cd2300 impl=0x600cd2080 iosurface(arg=0x600a946a0 bound=0x600a946a0) plane=0 cpu130=0x119558000 gpu40=0x1501cc0000 descriptorOff=0x190 descriptorLayout=0 compressed=0 extended=0 match=1
#### AGX_MAP_AUDIT #27 tex=0x600cd5000 impl=0x600cd4d80 iosurface(arg=0x600a94600 bound=0x600a94600) plane=0 cpu130=0x119568000 gpu40=0x1501ce0000 descriptorOff=0x190 descriptorLayout=0 compressed=0 extended=0 match=1
#### AGX_MAP_AUDIT #28 tex=0x600cd5a00 impl=0x600cd5780 iosurface(arg=0x600a949e0 bound=0x600a949e0) plane=0 cpu130=0x119574000 gpu40=0x1501cf8000 descriptorOff=0x190 descriptorLayout=0 compressed=0 extended=0 match=1
[72325:0728/061233.232891:VERBOSE1:content/browser/loader/file_url_loader_factory.cc:474] FileURLLoader::Start: file:///Applications/Visual%20Studio%20Code.app/Contents/Resources/app/out/media/codicon.ttf
#### AGX_MAP_AUDIT #29 tex=0x600f40c80 impl=0x600f40500 iosurface(arg=0x600a967c0 bound=0x600a967c0) plane=0 cpu130=0x1199f8000 gpu40=0x15021c8000 descriptorOff=0x190 descriptorLayout=0 compressed=0 extended=0 match=1
#### MTL_TEX plain DEPTH-STENCIL: pf=253 routing to native AGX path (IOSurface backing is invalid)
#### TRACE -[AGXBuffer initUntracked] self=0x600eb3000 dev=0x600282000 len=1536 opt=0 -> 0x600eb3000
#### TRACE -[AGXBuffer initUntracked] self=0x600eb2e80 dev=0x600282000 len=1536 opt=0 -> 0x600eb2e80
#### TRACE -[AGXBuffer initUntracked] self=0x600eb2d00 dev=0x600282000 len=256 opt=0 -> 0x600eb2d00
#### AGXIOC sel=0x9 type=0 VA-shape +0x38=0x119a08000 → 0
#### AGXIOC sel=0x9 type=0 args+0x14=0x2c30 → 0x430 (stripped macOS-only bits 0x2800)
#### AGXIOC sel=0x9 type=0 VA-shape detected: args+0x40=0x119a08000 (>1GB) → using args+0x48=0x20000 as size, +0x58 0x380888c50 → 0
#### MTL_TEX plain DEPTH-STENCIL native result: 0x600f40a00 class=AGXG13GFamilyTexture
#### AGXIOC Scalar sel=0x10->0xe inCnt=1 -> 0x0
#### AGXIOC Scalar sel=0x10->0xe inCnt=1 -> 0x0
#### AGXIOC Method sel=0xf->0xd inCnt=2 inSC=0 outSC=16 -> 0x0
#### AGXIOC Scalar sel=0x10->0xe inCnt=1 -> 0x0
#### MTL_TEX plain DEPTH-STENCIL: pf=253 routing to native AGX path (IOSurface backing is invalid)
#### AGXIOC sel=0x9 type=0 args+0x14=0x2430 → 0x430 (stripped macOS-only bits 0x2800)
#### MTL_TEX plain DEPTH-STENCIL native result: 0x600cdfc80 class=AGXG13GFamilyTexture
#### MTL_TEX storageMode=Memoryless preserved for AGX-native descriptor=0x60002a560
#### MTL_TEX plain MEMORYLESS: routing to native AGX path (no IOSurface — tile-memory-only) w=128 h=128 pf=253
#### MTL_TEX storageMode=Memoryless preserved for AGX-native descriptor=0x60002a560
#### MTL_TEX storageMode=Memoryless preserved for AGX-native descriptor=0x60002a560
#### MTL_TEX storageMode=Memoryless preserved for AGX-native descriptor=0x60002a560
#### MTL_TEX plain MEMORYLESS native result: 0x600f41680 (class=AGXG13GFamilyTexture storageMode=3 length=999)
#### MTL_TEX plain MEMORYLESS: routing to native AGX path (no IOSurface — tile-memory-only) w=128 h=128 pf=10
#### MTL_TEX plain MEMORYLESS native result: 0x600f42300 (class=AGXG13GFamilyTexture storageMode=3 length=999)
#### AGXIOC Method sel=0xf->0xd inCnt=2 inSC=0 outSC=16 -> 0x0
#### AGXIOC Scalar sel=0x10->0xe inCnt=1 -> 0x0
#### AGX_SUBMIT_DIAG #17 TEMP-KCMD-MULTISEG-FIX segment=16/17 subtype=1 range=0x7e30..0x8670->0x8650 shrink=0x20 storage=0x8650 wrappedTail=NO
#### AGX_SUBMIT_DIAG #17 TEMP-KCMD-MULTISEG-FIX segment=15/17 subtype=1 range=0x75f0..0x7e30->0x7e10 shrink=0x20 storage=0x8630 wrappedTail=NO
#### AGX_SUBMIT_DIAG #17 TEMP-KCMD-MULTISEG-FIX segment=14/17 subtype=1 range=0x6db0..0x75f0->0x75d0 shrink=0x20 storage=0x8610 wrappedTail=NO
#### AGX_SUBMIT_DIAG #17 TEMP-KCMD-MULTISEG-FIX segment=13/17 subtype=1 range=0x6570..0x6db0->0x6d90 shrink=0x20 storage=0x85f0 wrappedTail=NO
#### AGX_SUBMIT_DIAG #17 TEMP-KCMD-MULTISEG-FIX segment=12/17 subtype=1 range=0x5d30..0x6570->0x6550 shrink=0x20 storage=0x85d0 wrappedTail=NO
#### AGX_SUBMIT_DIAG #17 TEMP-KCMD-MULTISEG-FIX segment=11/17 subtype=1 range=0x54c0..0x5d30->0x5d10 shrink=0x20 storage=0x85b0 wrappedTail=NO
#### AGX_SUBMIT_DIAG #17 TEMP-KCMD-MULTISEG-FIX segment=10/17 subtype=1 range=0x4c80..0x54c0->0x54a0 shrink=0x20 storage=0x8590 wrappedTail=NO
#### AGX_SUBMIT_DIAG #17 TEMP-KCMD-MULTISEG-FIX segment=9/17 subtype=1 range=0x4440..0x4c80->0x4c60 shrink=0x20 storage=0x8570 wrappedTail=NO
#### AGX_SUBMIT_DIAG #17 TEMP-KCMD-MULTISEG-FIX segment=8/17 subtype=1 range=0x3c00..0x4440->0x4420 shrink=0x20 storage=0x8550 wrappedTail=NO
#### AGX_SUBMIT_DIAG #17 TEMP-KCMD-MULTISEG-FIX segment=7/17 subtype=1 range=0x33c0..0x3c00->0x3be0 shrink=0x20 storage=0x8530 wrappedTail=NO
#### AGX_SUBMIT_DIAG #17 TEMP-KCMD-MULTISEG-FIX segment=6/17 subtype=1 range=0x2b80..0x33c0->0x33a0 shrink=0x20 storage=0x8510 wrappedTail=NO
#### AGX_SUBMIT_DIAG #17 TEMP-KCMD-MULTISEG-FIX segment=5/17 subtype=1 range=0x2340..0x2b80->0x2b60 shrink=0x20 storage=0x84f0 wrappedTail=NO
#### AGX_SUBMIT_DIAG #17 TEMP-KCMD-MULTISEG-FIX segment=4/17 subtype=1 range=0x1b00..0x2340->0x2320 shrink=0x20 storage=0x84d0 wrappedTail=NO
#### AGX_SUBMIT_DIAG #17 TEMP-KCMD-MULTISEG-FIX segment=3/17 subtype=1 range=0x12c0..0x1b00->0x1ae0 shrink=0x20 storage=0x84b0 wrappedTail=NO
#### AGX_SUBMIT_DIAG #17 TEMP-KCMD-MULTISEG-FIX segment=2/17 subtype=1 range=0xa80..0x12c0->0x12a0 shrink=0x20 storage=0x8490 wrappedTail=NO
#### AGX_SUBMIT_DIAG #17 TEMP-KCMD-MULTISEG-FIX segment=1/17 subtype=1 range=0x240..0xa80->0xa60 shrink=0x20 storage=0x8470 wrappedTail=NO
#### AGX_SUBMIT_DIAG #17 TEMP-KCMD-MULTISEG-FIX segment=0/17 subtype=3 range=0..0x240->0x230 shrink=0x10 storage=0x8460 wrappedTail=NO
#### AGX_LIFE DESTROY id=0x3c type=0 surf=0 bytes=0x4000 kr=0 okC=106 failC=0 okD=4 failD=0 unmatchedD=0 full=0 live=102/31MB [t0=80/6MB t80=0/0MB t82=22/24MB]
#### AGX_LIFE DESTROY id=0x40 type=0 surf=0 bytes=0x4000 kr=0 okC=106 failC=0 okD=5 failD=0 unmatchedD=0 full=0 live=101/31MB [t0=79/6MB t80=0/0MB t82=22/24MB]
#### AGX_LIFE DESTROY id=0x4f type=0 surf=0 bytes=0xc000 kr=0 okC=106 failC=0 okD=6 failD=0 unmatchedD=0 full=0 live=100/31MB [t0=78/6MB t80=0/0MB t82=22/24MB]
#### AGX_LIFE DESTROY id=0x5b type=0 surf=0 bytes=0x20000 kr=0 okC=106 failC=0 okD=7 failD=0 unmatchedD=0 full=0 live=99/31MB [t0=77/6MB t80=0/0MB t82=22/24MB]
#### AGX_LIFE DESTROY id=0x5c type=0 surf=0 bytes=0x20000 kr=0 okC=106 failC=0 okD=8 failD=0 unmatchedD=0 full=0 live=98/31MB [t0=76/6MB t80=0/0MB t82=22/24MB]
#### AGX_LIFE DESTROY id=0x41 type=0 surf=0 bytes=0x4000 kr=0 okC=106 failC=0 okD=9 failD=0 unmatchedD=0 full=0 live=97/31MB [t0=75/6MB t80=0/0MB t82=22/24MB]
#### AGX_LIFE DESTROY id=0x2 type=0 surf=0 bytes=0x4000 kr=0 okC=106 failC=0 okD=10 failD=0 unmatchedD=0 full=0 live=96/31MB [t0=74/6MB t80=0/0MB t82=22/24MB]
#### AGX_LIFE DESTROY id=0x3 type=0 surf=0 bytes=0x4000 kr=0 okC=106 failC=0 okD=11 failD=0 unmatchedD=0 full=0 live=95/31MB [t0=73/6MB t80=0/0MB t82=22/24MB]
#### AGX_SUBMIT_DIAG #18 TEMP-KCMD-MULTISEG-FIX segment=15/16 subtype=1 range=0x7bc0..0x8400->0x83e0 shrink=0x20 storage=0x83e0 wrappedTail=NO
#### AGX_SUBMIT_DIAG #18 TEMP-KCMD-MULTISEG-FIX segment=14/16 subtype=1 range=0x7380..0x7bc0->0x7ba0 shrink=0x20 storage=0x83c0 wrappedTail=NO
#### AGX_SUBMIT_DIAG #18 TEMP-KCMD-MULTISEG-FIX segment=13/16 subtype=1 range=0x6b40..0x7380->0x7360 shrink=0x20 storage=0x83a0 wrappedTail=NO
#### AGX_SUBMIT_DIAG #18 TEMP-KCMD-MULTISEG-FIX segment=12/16 subtype=1 range=0x6300..0x6b40->0x6b20 shrink=0x20 storage=0x8380 wrappedTail=NO
#### AGX_SUBMIT_DIAG #18 TEMP-KCMD-MULTISEG-FIX segment=11/16 subtype=1 range=0x5ac0..0x6300->0x62e0 shrink=0x20 storage=0x8360 wrappedTail=NO
#### AGX_SUBMIT_DIAG #18 TEMP-KCMD-MULTISEG-FIX segment=10/16 subtype=1 range=0x5280..0x5ac0->0x5aa0 shrink=0x20 storage=0x8340 wrappedTail=NO
#### AGX_SUBMIT_DIAG #18 TEMP-KCMD-MULTISEG-FIX segment=9/16 subtype=1 range=0x4a40..0x5280->0x5260 shrink=0x20 storage=0x8320 wrappedTail=NO
#### AGX_SUBMIT_DIAG #18 TEMP-KCMD-MULTISEG-FIX segment=8/16 subtype=1 range=0x4200..0x4a40->0x4a20 shrink=0x20 storage=0x8300 wrappedTail=NO
#### AGX_SUBMIT_DIAG #18 TEMP-KCMD-MULTISEG-FIX segment=7/16 subtype=1 range=0x39c0..0x4200->0x41e0 shrink=0x20 storage=0x82e0 wrappedTail=NO
#### AGX_SUBMIT_DIAG #18 TEMP-KCMD-MULTISEG-FIX segment=6/16 subtype=1 range=0x3180..0x39c0->0x39a0 shrink=0x20 storage=0x82c0 wrappedTail=NO
#### AGX_SUBMIT_DIAG #18 TEMP-KCMD-MULTISEG-FIX segment=5/16 subtype=1 range=0x2940..0x3180->0x3160 shrink=0x20 storage=0x82a0 wrappedTail=NO
#### AGX_SUBMIT_DIAG #18 TEMP-KCMD-MULTISEG-FIX segment=4/16 subtype=1 range=0x2100..0x2940->0x2920 shrink=0x20 storage=0x8280 wrappedTail=NO
#### AGX_SUBMIT_DIAG #18 TEMP-KCMD-MULTISEG-FIX segment=3/16 subtype=1 range=0x18c0..0x2100->0x20e0 shrink=0x20 storage=0x8260 wrappedTail=NO
#### AGX_SUBMIT_DIAG #18 TEMP-KCMD-MULTISEG-FIX segment=2/16 subtype=1 range=0x1080..0x18c0->0x18a0 shrink=0x20 storage=0x8240 wrappedTail=NO
#### AGX_SUBMIT_DIAG #18 TEMP-KCMD-MULTISEG-FIX segment=1/16 subtype=1 range=0x840..0x1080->0x1060 shrink=0x20 storage=0x8220 wrappedTail=NO
#### AGX_SUBMIT_DIAG #18 TEMP-KCMD-MULTISEG-FIX segment=0/16 subtype=1 range=0..0x840->0x820 shrink=0x20 storage=0x8200 wrappedTail=NO
#### AGX_SUBMIT_DIAG #19 TEMP-KCMD-MULTISEG-FIX segment=1/2 subtype=1 range=0x840..0x1080->0x1060 shrink=0x20 storage=0x1078 wrappedTail=YES
#### AGX_MAP_AUDIT #30 tex=0x600a1d200 impl=0x600a1d700 iosurface(arg=0x600a92400 bound=0x600a92400) plane=0 cpu130=0x119b34000 gpu40=0x1502320000 descriptorOff=0x190 descriptorLayout=0 compressed=0 extended=0 match=1
#### AGX_SUBMIT_DIAG #19 TEMP-KCMD-MULTISEG-FIX segment=0/2 subtype=1 range=0..0x840->0x820 shrink=0x20 storage=0x1058 wrappedTail=YES
#### AGX_MAP_AUDIT #31 tex=0x601320c80 impl=0x601320f00 iosurface(arg=0x600a92740 bound=0x600a92740) plane=0 cpu130=0x119f04000 gpu40=0x15026f8000 descriptorOff=0x190 descriptorLayout=0 compressed=0 extended=0 match=1
#### AGX_SUBMIT_DIAG #21 TEMP-KCMD-MULTISEG-FIX segment=1/2 subtype=1 range=0x210..0xa50->0xa30 shrink=0x20 storage=0xa48 wrappedTail=YES
#### AGX_SUBMIT_DIAG #21 TEMP-KCMD-MULTISEG-FIX segment=0/2 subtype=3 range=0..0x210->0x200 shrink=0x10 storage=0xa38 wrappedTail=YES
#### AGX_LIFE DESTROY id=0x40 type=0 surf=0 bytes=0x10000 kr=0 okC=119 failC=0 okD=12 failD=0 unmatchedD=0 full=0 live=107/42MB [t0=82/6MB t80=0/0MB t82=25/36MB]
#### AGX_LIFE DESTROY id=0x5b type=0 surf=0 bytes=0x4000 kr=0 okC=119 failC=0 okD=13 failD=0 unmatchedD=0 full=0 live=106/42MB [t0=81/6MB t80=0/0MB t82=25/36MB]
#### AGX_LIFE DESTROY id=0x6c type=0 surf=0 bytes=0x4000 kr=0 okC=121 failC=0 okD=14 failD=0 unmatchedD=0 full=0 live=107/46MB [t0=81/6MB t80=0/0MB t82=26/39MB]
#### AGX_LIFE DESTROY id=0x5b type=0 surf=0 bytes=0x8000 kr=0 okC=141 failC=0 okD=15 failD=0 unmatchedD=0 full=0 live=126/52MB [t0=99/8MB t80=0/0MB t82=27/43MB]
#### AGX_LIFE DESTROY id=0x6d type=0 surf=0 bytes=0x8000 kr=0 okC=142 failC=0 okD=16 failD=0 unmatchedD=0 full=0 live=126/56MB [t0=98/8MB t80=0/0MB t82=28/47MB]
#### TRACE -[AGXBuffer initUntracked] self=0x600ebd800 dev=0x600282000 len=3072 opt=0 -> 0x600ebd800
#### TRACE -[AGXBuffer initUntracked] self=0x600ebdb00 dev=0x600282000 len=3072 opt=0 -> 0x600ebdb00
#### TRACE -[AGXBuffer initUntracked] self=0x600ebd200 dev=0x600282000 len=512 opt=0 -> 0x600ebd200
#### AGX_SUBMIT_DIAG #35 subtype1-predicate scalar0=0x1 legacy-scalar-gate=1 total=0x840/1 seglen=0x170/1 seghdr=1 cmdtotal=1 d8=1 pad1=1 f1=1 sent1=1 pad2=1 f2=1 sent2=1
#### AGX_SUBMIT_DIAG #35 descriptor[0] KCMD-type1-observed save /tmp/macws_submit_kcmd_35_0_type1-observed.bin failed errno=17
#### AGX_SUBMIT_DIAG #35 descriptor[0] segment save /tmp/macws_submit_segment_35_0.bin failed errno=17
#### AGX_SUBMIT_DIAG #35 TEMP-KCMD-ABI-FIX subtype1-clear pads=0x1c0,0x4c0 total=0x840->0x820 size=0x7e8->0x7c8 end=0x818->0x7f8 segment-span=0x820
#### AGX_SUBMIT_DIAG #37 subtype1-predicate scalar0=0x1 legacy-scalar-gate=1 total=0x840/1 seglen=0x170/1 seghdr=1 cmdtotal=1 d8=1 pad1=1 f1=1 sent1=1 pad2=1 f2=1 sent2=1
#### AGX_SUBMIT_DIAG #37 descriptor[0] KCMD-type1-observed saved=0x840/0x840 path=/tmp/macws_submit_kcmd_37_0_type1-observed.bin errno=0
#### AGX_SUBMIT_DIAG #37 descriptor[0] segment saved=0x170/0x170 path=/tmp/macws_submit_segment_37_0.bin errno=0
#### AGX_SUBMIT_DIAG #37 TEMP-KCMD-ABI-FIX subtype1-clear pads=0x1c0,0x4c0 total=0x840->0x820 size=0x7e8->0x7c8 end=0x818->0x7f8 segment-span=0x820
#### JIT-MPROTECT flip #11264 ranges=1 prot=RX writers=1 exec_waits=3235 late_retries=121
#### IOSURFACE-RELEASE-ABI pair #1: conn=16135 surfaceID=169 sel=1 -> 0
#### IOSURFACE-RELEASE-ABI pair #2: conn=16135 surfaceID=265 sel=1 -> 0
#### JIT-MPROTECT flip #12288 ranges=1 prot=RX writers=1 exec_waits=3341 late_retries=132
#### IOSURFACE-RELEASE-ABI pair #3: conn=16135 surfaceID=266 sel=1 -> 0
#### JIT-MPROTECT flip #13312 ranges=1 prot=RX writers=1 exec_waits=3422 late_retries=144
[72325:0728/061235.223230:INFO:CONSOLE:5300] "Unable to resolve your shell environment: Unexpected exit code from spawned shell (code null, signal SIGABRT)", source: vscode-file://vscode-app/Applications/Visual%20Studio%20Code.app/Contents/Resources/app/out/vs/workbench/workbench.desktop.main.js (5300)
#### AGXIOC Method sel=0xd->0xc inCnt=2 inSC=0 outSC=0 -> 0x0
#### AGXIOC Method sel=0xd->0xc inCnt=2 inSC=0 outSC=0 -> 0x0
#### AGXIOC Method sel=0xd->0xc inCnt=2 inSC=0 outSC=0 -> 0x0
#### AGXIOC Method sel=0xd->0xc inCnt=2 inSC=0 outSC=0 -> 0x0
#### JIT-MPROTECT flip #6144 ranges=1 prot=RX writers=1 exec_waits=1686 late_retries=86
[91m[main 2026-07-28T13:12:36.574Z][0m ptyHost was unable to resolve shell environment Error: Unable to resolve your shell environment: Unexpected exit code from spawned shell (code null, signal SIGABRT)
    at file:///Applications/Visual%20Studio%20Code.app/Contents/Resources/app/out/main.js:474:34475
    at async file:///Applications/Visual%20Studio%20Code.app/Contents/Resources/app/out/main.js:434:92057
[72325:0728/061236.594202:INFO:CONSOLE:442] "%c INFO color: #33f [AgentHost:renderer] Acquiring MessagePort to agent host...", source: vscode-file://vscode-app/Applications/Visual%20Studio%20Code.app/Contents/Resources/app/out/vs/workbench/workbench.desktop.main.js (442)
[91m[main 2026-07-28T13:12:36.596Z][0m AgentHostStarter was unable to resolve shell environment Error: Unable to resolve your shell environment: Unexpected exit code from spawned shell (code null, signal SIGABRT)
    at file:///Applications/Visual%20Studio%20Code.app/Contents/Resources/app/out/main.js:474:34475
    at async file:///Applications/Visual%20Studio%20Code.app/Contents/Resources/app/out/main.js:434:92057
[90m[main 2026-07-28T13:12:36.602Z][0m AgentHostProcessManager: agent host started
[72325:0728/061236.613742:INFO:CONSOLE:442] "%c INFO color: #33f [AccountPolicyGate] apply: state=inactive, reason=undefined, isRestricted=false", source: vscode-file://vscode-app/Applications/Visual%20Studio%20Code.app/Contents/Resources/app/out/vs/workbench/workbench.desktop.main.js (442)
[72325:0728/061236.702723:VERBOSE1:content/browser/renderer_host/media/media_stream_manager.cc:1515] MSPL::OnSuspend([this=0x6000d2ea8])
[72325:0728/061236.706318:VERBOSE1:content/browser/renderer_host/media/media_stream_manager.cc:1515] MSPL::OnResume([this=0x6000d2ea8])
[72365:0728/061236.712960:VERBOSE1:net/base/network_delegate.cc:38] NetworkDelegate::NotifyBeforeURLRequest: https://default.exp-tas.com/vscode/ab
[72325:0728/061236.728739:INFO:CONSOLE:442] "%c INFO color: #33f [AgentHost:renderer] MessagePort acquired, creating client...", source: vscode-file://vscode-app/Applications/Visual%20Studio%20Code.app/Contents/Resources/app/out/vs/workbench/workbench.desktop.main.js (442)
[72325:0728/061236.746194:INFO:CONSOLE:442] "%c INFO color: #33f [AgentHost:renderer] Direct MessagePort connection established", source: vscode-file://vscode-app/Applications/Visual%20Studio%20Code.app/Contents/Resources/app/out/vs/workbench/workbench.desktop.main.js (442)
#### AGXIOC Method sel=0xd->0xc inCnt=2 inSC=0 outSC=0 -> 0x0
#### AGXIOC Method sel=0xd->0xc inCnt=2 inSC=0 outSC=0 -> 0x0
#### AGX_SUBMIT_DIAG #54 TEMP-KCMD-TRAILING-WRAPPER-FIX match=16 subtype1=0..0x840->0..0x820 wrappers=1 range=0x840..0x858->0x820..0x838
#### JIT-MPROTECT flip #14336 ranges=1 prot=RX writers=1 exec_waits=3524 late_retries=152
[91m[main 2026-07-28T13:12:38.759Z][0m [AgentHost:stderr] #### MACWS_HID_BYPASS installed SetMatchingMultiple → no-op (1) at 0x1a5cf9e8c — skips iOS-format CFBinaryPlist parse inside
####   IOHIDEventSystemClientCacheMatchingServices → IOHIDUnserializeAndVMDealloc → CFPropertyListCreateFromStream
####   that BUS_ADRALNs in the IOMFBServer thread.
#### MACWS_AGX_RENAMER_PATCH: off (set MACWS_AGX_RENAMER_PATCH=1 to enable)
#### MACWS_ASSERT_BYPASS DISABLED (set MACWS_KEEP_ASSERT_BYPASS=1 to restore lazy bypass) — real __assert_rtn now reaches abort
#### MACWS_AGX_NATIVE [ctor] pre-loaded IOGPU via /System/Library/PrivateFrameworks/IOGPU.framework/IOGPU -> 0x3ea2a4c10
#### XPC_BOOTSTRAP: fn=0x1a28b1140 dict=0x15000c5d0 (registering Metal/ViewBridge/HIServices)
#### XPC_BOOTSTRAP: called OK
#### COEXIST API SwapEnd hook installed target=0x1ad78f1cc trampoline=0x101014000
#### SkyLight PrepareForUse tolerate-nil hook installed at 0x1a7b70fc4
#### SkyLight StartCompositeForDisplayStream nil-skip hook installed at 0x1a7999d74
#### SkyLight StartComposite(WSCD) tolerate-nil + pop-on-bail hook installed at 0x1a7999358
#### SkyLight StartComposite(MTLTex) pop-on-bail hook installed at 0x1a7999fb8
#### SkyLight EndCurrentComposite(bool) completion hook installed at 0x1a799853c
#### SkyLight EndUpdate(bool) submission hook installed at 0x1a79980b0
#### SkyLight _state_stack pop_back resolved at 0x1a7996fa0
#### SkyLight WSCompositeDestinationCreateWithMetalTexture nil-tolerate hook installed at 0x1a799c53c
#### SkyLight MetalContext::StopCapture invalid-this guard installed at 0x1a79981bc
#### MACWS_AGX_NATIVE class_addMethod(MTLTextureDescriptor, validateWithDevice:) = 1
#### MACWS_AGX_NATIVE class_addMethod(IOGPUMetalTexture, isMemoryless) = 1
#### MACWS_AGX_NATIVE class_addMethod(IOGPUMetalTexture, getCPUSizeBytes) = 1
#### MACWS_AGX_NATIVE class_addMethod(IOGPUMetalTexture, getAlignment) = 1
#### MACWS_AGX_NATIVE class_addMethod(IOGPUMetalTexture, descriptorPrivate) = 1
#### MACWS_AGX_NATIVE class_addMethod(IOGPUMetalTexture, getBytesPerRow) = 1
#### MACWS_AGX_NATIVE class_addMethod(IOGPUMetalTexture, updateBindDataWithAddresses:gpuVirtualAddress:) = 1
#### MACWS_AGX_NATIVE class_addMethod(IOGPUMetalTexture, updateBindDataWithAddresses:gpuVirtualAddress:shouldInitMetadata:) = 1
#### MACWS_AGX_NATIVE class_addMethod(IOGPUMetalTexture, allocBufferSubDataWithLength:options:alignment:heapIndex:bufferIndex:bufferOffset:) = 1
#### MACWS_AGX_NATIVE class_addMethod(IOGPUMetalTexture, initNewTextureData:) = 1
#### MACWS_AGX_NATIVE class_addMethod(MTLTextureDescriptor, isMemoryless) = 1
#### MACWS_AGX_NATIVE class_addMethod(MTLTextureDescriptor, protectionOptions) = 1
#### MACWS_AGX_NATIVE class_addMethod(MTLTextureDescriptor, getCPUSizeBytes) = 1
#### MACWS_AGX_NATIVE class_addMethod(MTLTextureDescriptor, getAlignment) = 1
#### MACWS_AGX_NATIVE class_addMethod(MTLTextureDescriptor, descriptorPrivate) = 1
#### MACWS_AGX_NATIVE class_addMethod(MTLTextureDescriptor, getBytesPerRow) = 1
#### MACWS_AGX_NATIVE class_addMethod(MTLTextureDescriptor, updateBindDataWithAddresses:gpuVirtualAddress:) = 1
#### MACWS_AGX_NATIVE class_addMethod(MTLTextureDescriptor, updateBindDataWithAddresses:gpuVirtualAddress:shouldInitMetadata:) = 1
#### MACWS_AGX_NATIVE class_addMethod(MTLTextureDescriptor, allocBufferSubDataWithLength:options:alignment:heapIndex:bufferIndex:bufferOffset:) = 1
#### MACWS_AGX_NATIVE class_addMethod(MTLTextureDescriptor, initNewTextureData:) = 1
#### AMFI-POLICY-COMPAT policy=AMFI op=0x60 status=0x4 (iOS task ports are hard-immovable)
#### CSR-POLICY-COMPAT active_config=0x0 (conservative iOS compatibility value)
[72408:0728/061237.571161:ERROR:base/process/process_mac.cc:53] task_policy_set TASK_CATEGORY_POLICY: (os/kern) invalid argument (4)
#### JIT-MPROTECT range[0]=[0x280000000,0x290000000) source=MAP_JIT-EINVAL
#### JIT-MPROTECT execution barrier installed (W^X fetch-wait compatibility)
#### JIT-MPROTECT range[0]=[0x280000000,0x290000000) source=MAP_JIT-EINVAL
#### JIT-MPROTECT range[0]=[0x280000000,0x290000000) source=MAP_JIT-EINVAL
#### JIT-MPROTECT range[0]=[0x280000000,0x290000000) source=MAP_JIT-EINVAL
#### JIT-MPROTECT range[0]=[0x280000000,0x290000000) source=MAP_JIT-EINVAL
#### JIT-MPROTECT range[0]=[0x280000000,0x290000000) source=MAP_JIT-EINVAL
#### JIT-MPROTECT range[0]=[0x280000000,0x290000000) source=MAP_JIT-EINVAL
#### JIT-MPROTECT range[0]=[0x280000000,0x290000000) source=MAP_JIT-EINVAL
#### JIT-MPROTECT range[0]=[0x170000000,0x180000000) source=MAP_JIT-EINVAL
#### JIT-MPROTECT call #1 addr=0x170000000 size=0x10000000 requested=0x7 effective=0x3 result=0 errno=0 caller=0x112dd2334 image=/Applications/Visual Studio Code.app/Contents/Frameworks/Electron Framework.framework/Versions/A/Electron Framework offset=0x63b2334
#### JIT-MPROTECT remap decline #1 dst=0x177dc0000 size=0x208000 src=0x10f0c8000 requested=0x5 -> V8 copy fallback
#### JIT-MPROTECT flip #1 ranges=1 prot=RW writers=1 exec_waits=0 late_retries=0
#### JIT-MPROTECT flip #2 ranges=1 prot=RX writers=1 exec_waits=0 late_retries=0
#### JIT-MPROTECT flip #3 ranges=1 prot=RW writers=1 exec_waits=0 late_retries=0
#### JIT-MPROTECT flip #4 ranges=1 prot=RX writers=1 exec_waits=0 late_retries=0
#### JIT-MPROTECT flip #5 ranges=1 prot=RW writers=1 exec_waits=0 late_retries=0
#### JIT-MPROTECT flip #6 ranges=1 prot=RX writers=1 exec_waits=0 late_retries=0
#### JIT-MPROTECT flip #7 ranges=1 prot=RW writers=1 exec_waits=0 late_retries=0
#### JIT-MPROTECT flip #8 ranges=1 prot=RX writers=1 exec_waits=0 late_retries=0
#### JIT-MPROTECT flip #9 ranges=1 prot=RW writers=1 exec_waits=0 late_retries=0
#### JIT-MPROTECT flip #10 ranges=1 prot=RX writers=1 exec_waits=0 late_retries=0
#### JIT-MPROTECT flip #11 ranges=1 prot=RW writers=1 exec_waits=0 late_retries=0
#### JIT-MPROTECT flip #12 ranges=1 prot=RX writers=1 exec_waits=0 late_retries=0
#### JIT-MPROTECT flip #13 ranges=1 prot=RW writers=1 exec_waits=0 late_retries=0
#### JIT-MPROTECT flip #14 ranges=1 prot=RX writers=1 exec_waits=0 late_retries=0
#### JIT-MPROTECT flip #15 ranges=1 prot=RW writers=1 exec_waits=0 late_retries=0
#### JIT-MPROTECT flip #16 ranges=1 prot=RX writers=1 exec_waits=0 late_retries=0
#### JIT-MPROTECT flip #17 ranges=1 prot=RW writers=1 exec_waits=0 late_retries=0
#### JIT-MPROTECT flip #18 ranges=1 prot=RX writers=1 exec_waits=0 late_retries=0
#### JIT-MPROTECT flip #19 ranges=1 prot=RW writers=1 exec_waits=0 late_retries=0
#### JIT-MPROTECT flip #20 ranges=1 prot=RX writers=1 exec_waits=0 late_retries=0
#### JIT-MPROTECT flip #21 ranges=1 prot=RW writers=1 exec_waits=0 late_retries=1
#### JIT-MPROTECT flip #22 ranges=1 prot=RX writers=1 exec_waits=0 late_retries=1
#### JIT-MPROTECT flip #23 ranges=1 prot=RW writers=1 exec_waits=0 late_retries=1
#### JIT-MPROTECT flip #24 ranges=1 prot=RX writers=1 exec_waits=0 late_retries=1
#### JIT-MPROTECT flip #25 ranges=1 prot=RW writers=1 exec_waits=0 late_retries=1
#### JIT-MPROTECT flip #26 ranges=1 prot=RX writers=1 exec_waits=0 late_retries=1
#### JIT-MPROTECT flip #27 ranges=1 prot=RW writers=1 exec_waits=0 late_retries=1
#### JIT-MPROTECT flip #28 ranges=1 prot=RX writers=1 exec_waits=0 late_retries=1
#### JIT-MPROTECT flip #29 ranges=1 prot=RW writers=1 exec_waits=0 late_retries=1
#### JIT-MPROTECT flip #30 ranges=1 prot=RX writers=1 exec_waits=0 late_retries=1
#### JIT-MPROTECT flip #31 ranges=1 prot=RW writers=1 exec_waits=0 late_retries=1
#### JIT-MPROTECT flip #32 ranges=1 prot=RX writers=1 exec_waits=0 late_retries=1
#### JIT-MPROTECT flip #1024 ranges=1 prot=RX writers=1 exec_waits=266 late_retries=14
#### JIT-MPROTECT flip #2048 ranges=1 prot=RX writers=1 exec_waits=492 late_retries=27
#### JIT-MPROTECT flip #3072 ranges=1 prot=RX writers=1 exec_waits=769 late_retries=42

[91m[main 2026-07-28T13:12:38.766Z][0m ptyHost was unable to resolve shell environment Error: Unable to resolve your shell environment: Unexpected exit code from spawned shell (code null, signal SIGABRT)
    at file:///Applications/Visual%20Studio%20Code.app/Contents/Resources/app/out/main.js:474:34475
    at async file:///Applications/Visual%20Studio%20Code.app/Contents/Resources/app/out/main.js:434:92057
[72325:0728/061238.772251:INFO:CONSOLE:442] "%c INFO color: #33f Started local extension host with pid 72409.", source: vscode-file://vscode-app/Applications/Visual%20Studio%20Code.app/Contents/Resources/app/out/vs/workbench/workbench.desktop.main.js (442)
[72365:0728/061238.794414:VERBOSE1:net/base/network_delegate.cc:38] NetworkDelegate::NotifyBeforeURLRequest: https://main.vscode-cdn.net/core/stable.json
[91m[main 2026-07-28T13:12:39.421Z][0m [AgentHost:stderr] #### JIT-MPROTECT flip #4096 ranges=1 prot=RX writers=1 exec_waits=938 late_retries=53
#### JIT-MPROTECT flip #5120 ranges=1 prot=RX writers=1 exec_waits=1084 late_retries=59
#### JIT-MPROTECT flip #6144 ranges=1 prot=RX writers=1 exec_waits=1131 late_retries=59
(node:72408) [DEP0169] DeprecationWarning: `url.parse()` behavior is not standardized and prone to errors that have security implications. Use the WHATWG URL API instead. CVEs are not issued for `url.parse()` vulnerabilities.
(Use `Code Helper --trace-deprecation ...` to show where the warning was created)

[72325:0728/061239.448169:INFO:CONSOLE:5359] "Extension Host", source: vscode-file://vscode-app/Applications/Visual%20Studio%20Code.app/Contents/Resources/app/out/vs/workbench/workbench.desktop.main.js (5359)
[72325:0728/061239.448266:INFO:CONSOLE:5359] "%c#### MACWS_HID_BYPASS installed SetMatchingMultiple → no-op (1) at 0x1a5cf9e8c — skips iOS-format CFBinaryPlist parse inside
%c####   IOHIDEventSystemClientCacheMatchingServices → IOHIDUnserializeAndVMDealloc → CFPropertyListCreateFromStream
%c####   that BUS_ADRALNs in the IOMFBServer thread.
%c#### MACWS_AGX_RENAMER_PATCH: off (set MACWS_AGX_RENAMER_PATCH=1 to enable)
%c#### MACWS_ASSERT_BYPASS DISABLED (set MACWS_KEEP_ASSERT_BYPASS=1 to restore lazy bypass) — real __assert_rtn now reaches abort
%c#### MACWS_AGX_NATIVE [ctor] pre-loaded IOGPU via /System/Library/PrivateFrameworks/IOGPU.framework/IOGPU -> 0x3ea2a4c10
%c#### XPC_BOOTSTRAP: fn=0x1a28b1140 dict=0x125108750 (registering Metal/ViewBridge/HIServices)
%c#### XPC_BOOTSTRAP: called OK
%c#### COEXIST API SwapEnd hook installed target=0x1ad78f1cc trampoline=0x1027c0000
%c#### SkyLight PrepareForUse tolerate-nil hook installed at 0x1a7b70fc4
%c#### SkyLight StartCompositeForDisplayStream nil-skip hook installed at 0x1a7999d74
%c#### SkyLight StartComposite(WSCD) tolerate-nil + pop-on-bail hook installed at 0x1a7999358
%c#### SkyLight StartComposite(MTLTex) pop-on-bail hook installed at 0x1a7999fb8
%c#### SkyLight EndCurrentComposite(bool) completion hook installed at 0x1a799853c
%c#### SkyLight EndUpdate(bool) submission hook installed at 0x1a79980b0
%c#### SkyLight _state_stack pop_back resolved at 0x1a7996fa0
%c#### SkyLight WSCompositeDestinationCreateWithMetalTexture nil-tolerate hook installed at 0x1a799c53c
%c#### SkyLight MetalContext::StopCapture invalid-this guard installed at 0x1a79981bc
%c#### MACWS_AGX_NATIVE class_addMethod(MTLTextureDescriptor, validateWithDevice:) = 1
%c#### MACWS_AGX_NATIVE class_addMethod(IOGPUMetalTexture, isMemoryless) = 1
%c#### MACWS_AGX_NATIVE class_addMethod(IOGPUMetalTexture, getCPUSizeBytes) = 1
%c#### MACWS_AGX_NATIVE class_addMethod(IOGPUMetalTexture, getAlignment) = 1
%c#### MACWS_AGX_NATIVE class_addMethod(IOGPUMetalTexture, descriptorPrivate) = 1
%c#### MACWS_AGX_NATIVE class_addMethod(IOGPUMetalTexture, getBytesPerRow) = 1
%c#### MACWS_AGX_NATIVE class_addMethod(IOGPUMetalTexture, updateBindDataWithAddresses:gpuVirtualAddress:) = 1
%c#### MACWS_AGX_NATIVE class_addMethod(IOGPUMetalTexture, updateBindDataWithAddresses:gpuVirtualAddress:shouldInitMetadata:) = 1
%c#### MACWS_AGX_NATIVE class_addMethod(IOGPUMetalTexture, allocBufferSubDataWithLength:options:alignment:heapIndex:bufferIndex:bufferOffset:) = 1
%c#### MACWS_AGX_NATIVE class_addMethod(IOGPUMetalTexture, initNewTextureData:) = 1
%c#### MACWS_AGX_NATIVE class_addMethod(MTLTextureDescriptor, isMemoryless) = 1
%c#### MACWS_AGX_NATIVE class_addMethod(MTLTextureDescriptor, protectionOptions) = 1
%c#### MACWS_AGX_NATIVE class_addMethod(MTLTextureDescriptor, getCPUSizeBytes) = 1
%c#### MACWS_AGX_NATIVE class_addMethod(MTLTextureDescriptor, getAlignment) = 1
%c#### MACWS_AGX_NATIVE class_addMethod(MTLTextureDescriptor, descriptorPrivate) = 1
%c#### MACWS_AGX_NATIVE class_addMethod(MTLTextureDescriptor, getBytesPerRow) = 1
%c#### MACWS_AGX_NATIVE class_addMethod(MTLTextureDescriptor, updateBindDataWithAddresses:gpuVirtualAddress:) = 1
%c#### MACWS_AGX_NATIVE class_addMethod(MTLTextureDescriptor, updateBindDataWithAddresses:gpuVirtualAddress:shouldInitMetadata:) = 1
%c#### MACWS_AGX_NATIVE class_addMethod(MTLTextureDescriptor, allocBufferSubDataWithLength:options:alignment:heapIndex:bufferIndex:bufferOffset:) = 1
%c#### MACWS_AGX_NATIVE class_addMethod(MTLTextureDescriptor, initNewTextureData:) = 1
%c#### AMFI-POLICY-COMPAT policy=AMFI op=0x60 status=0x4 (iOS task ports are hard-immovable)
%c#### CSR-POLICY-COMPAT active_config=0x0 (conservative iOS compatibility value)
%c[72409:0728/061237.670858:ERROR:base/process/process_mac.cc:53] task_policy_set TASK_CATEGORY_POLICY: (os/kern) invalid argument (4)
%c#### JIT-MPROTECT range[0]=[0x280000000,0x290000000) source=MAP_JIT-EINVAL
%c#### JIT-MPROTECT execution barrier installed (W^X fetch-wait compatibility)
%c#### JIT-MPROTECT range[0]=[0x280000000,0x290000000) source=MAP_JIT-EINVAL
%c#### JIT-MPROTECT range[0]=[0x280000000,0x290000000) source=MAP_JIT-EINVAL
%c#### JIT-MPROTECT range[0]=[0x280000000,0x290000000) source=MAP_JIT-EINVAL
%c#### JIT-MPROTECT range[0]=[0x280000000,0x290000000) source=MAP_JIT-EINVAL
%c#### JIT-MPROTECT range[0]=[0x280000000,0x290000000) source=MAP_JIT-EINVAL
%c#### JIT-MPROTECT range[0]=[0x280000000,0x290000000) source=MAP_JIT-EINVAL
%c#### JIT-MPROTECT range[0]=[0x280000000,0x290000000) source=MAP_JIT-EINVAL
%c#### JIT-MPROTECT range[0]=[0x170000000,0x180000000) source=MAP_JIT-EINVAL
%c#### JIT-MPROTECT call #1 addr=0x170000000 size=0x10000000 requested=0x7 effective=0x3 result=0 errno=0 caller=0x1147aa334 image=/Applications/Visual Studio Code.app/Contents/Frameworks/Electron Framework.framework/Versions/A/Electron Framework offset=0x63b2334
%c#### JIT-MPROTECT remap decline #1 dst=0x177dc0000 size=0x208000 src=0x110aa0000 requested=0x5 -> V8 copy fallback
%c#### JIT-MPROTECT flip #1 ranges=1 prot=RW writers=1 exec_waits=0 late_retries=0
%c#### JIT-MPROTECT flip #2 ranges=1 prot=RX writers=1 exec_waits=0 late_retries=0
%c#### JIT-MPROTECT flip #3 ranges=1 prot=RW writers=1 exec_waits=0 late_retries=0
%c#### JIT-MPROTECT flip #4 ranges=1 prot=RX writers=1 exec_waits=0 late_retries=0
%c#### JIT-MPROTECT flip #5 ranges=1 prot=RW writers=1 exec_waits=0 late_retries=0
%c#### JIT-MPROTECT flip #6 ranges=1 prot=RX writers=1 exec_waits=0 late_retries=0
%c#### JIT-MPROTECT flip #7 ranges=1 prot=RW writers=1 exec_waits=0 late_retries=0
%c#### JIT-MPROTECT flip #8 ranges=1 prot=RX writers=1 exec_waits=0 late_retries=0
%c#### JIT-MPROTECT flip #9 ranges=1 prot=RW writers=1 exec_waits=0 late_retries=0
%c#### JIT-MPROTECT flip #10 ranges=1 prot=RX writers=1 exec_waits=0 late_retries=0
%c#### JIT-MPROTECT flip #11 ranges=1 prot=RW writers=1 exec_waits=0 late_retries=0
%c#### JIT-MPROTECT flip #12 ranges=1 prot=RX writers=1 exec_waits=0 late_retries=0
%c#### JIT-MPROTECT flip #13 ranges=1 prot=RW writers=1 exec_waits=0 late_retries=0
%c#### JIT-MPROTECT flip #14 ranges=1 prot=RX writers=1 exec_waits=0 late_retries=0
%c#### JIT-MPROTECT flip #15 ranges=1 prot=RW writers=1 exec_waits=0 late_retries=0
%c#### JIT-MPROTECT flip #16 ranges=1 prot=RX writers=1 exec_waits=0 late_retries=0
%c#### JIT-MPROTECT flip #17 ranges=1 prot=RW writers=1 exec_waits=0 late_retries=0
%c#### JIT-MPROTECT flip #18 ranges=1 prot=RX writers=1 exec_waits=0 late_retries=0
%c#### JIT-MPROTECT flip #19 ranges=1 prot=RW writers=1 exec_waits=0 late_retries=0
%c#### JIT-MPROTECT flip #20 ranges=1 prot=RX writers=1 exec_waits=0 late_retries=0
%c#### JIT-MPROTECT flip #21 ranges=1 prot=RW writers=1 exec_waits=0 late_retries=0
%c#### JIT-MPROTECT flip #22 ranges=1 prot=RX writers=1 exec_waits=0 late_retries=0
%c#### JIT-MPROTECT flip #23 ranges=1 prot=RW writers=1 exec_waits=0 late_retries=0
%c#### JIT-MPROTECT flip #24 ranges=1 prot=RX writers=1 exec_waits=0 late_retries=0
%c#### JIT-MPROTECT flip #25 ranges=1 prot=RW writers=1 exec_waits=0 late_retries=0
%c#### JIT-MPROTECT flip #26 ranges=1 prot=RX writers=1 exec_waits=0 late_retries=0
%c#### JIT-MPROTECT flip #27 ranges=1 prot=RW writers=1 exec_waits=0 late_retries=0
%c#### JIT-MPROTECT flip #28 ranges=1 prot=RX writers=1 exec_waits=0 late_retries=0
%c#### JIT-MPROTECT flip #29 ranges=1 prot=RW writers=1 exec_waits=0 late_retries=0
%c#### JIT-MPROTECT flip #30 ranges=1 prot=RX writers=1 exec_waits=0 late_retries=0
%c#### JIT-MPROTECT flip #31 ranges=1 prot=RW writers=1 exec_waits=0 late_retries=0
%c#### JIT-MPROTECT flip #32 ranges=1 prot=RX writers=1 exec_waits=0 late_retries=0
%c#### JIT-MPROTECT flip #1024 ranges=1 prot=RX writers=1 exec_waits=272 late_retries=15
%c#### JIT-MPROTECT flip #2048 ranges=1 prot=RX writers=1 exec_waits=532 late_retries=28
%c#### JIT-MPROTECT flip #3072 ranges=1 prot=RX writers=1 exec_waits=731 late_retries=41
 color: red color: red color: red color: red color: red color: red color: red color: red color: red color: red color: red color: red color: red color: red color: red color: red color: red color: red color: red color: red color: red color: red color: red color: red color: red color: red color: red color: red color: red color: red color: red color: red color: red color: red color: red color: red color: red color: red color: red color: red color: red color: red color: red color: red color: red color: red color: red color: red color: red color: red color: red color: red color: red color: red color: red color: red color: red color: red color: red color: red color: red color: red color: red color: red color: red color: red color: red color: red color: red color: red color: red color: red color: red color: red color: red color: red color: red color: red color: red color: red color: red color: red color: red color: red color: red color: red color: red color: red", source: vscode-file://vscode-app/Applications/Visual%20Studio%20Code.app/Contents/Resources/app/out/vs/workbench/workbench.desktop.main.js (5359)
[72325:0728/061239.448359:INFO:CONSOLE:5359] "console.groupEnd", source: vscode-file://vscode-app/Applications/Visual%20Studio%20Code.app/Contents/Resources/app/out/vs/workbench/workbench.desktop.main.js (5359)
[72325:0728/061239.448859:INFO:CONSOLE:442] "%c INFO color: #33f [AgentHost] No token resolved for resource: https://api.github.com", source: vscode-file://vscode-app/Applications/Visual%20Studio%20Code.app/Contents/Resources/app/out/vs/workbench/workbench.desktop.main.js (442)
[72325:0728/061239.449136:INFO:CONSOLE:442] "%c INFO color: #33f [AgentHost] No token resolved for resource: https://api.github.com/repos", source: vscode-file://vscode-app/Applications/Visual%20Studio%20Code.app/Contents/Resources/app/out/vs/workbench/workbench.desktop.main.js (442)
[72325:0728/061239.450912:INFO:CONSOLE:442] "%c INFO color: #33f [AgentHost] No token resolved for resource: https://api.github.com", source: vscode-file://vscode-app/Applications/Visual%20Studio%20Code.app/Contents/Resources/app/out/vs/workbench/workbench.desktop.main.js (442)
[72325:0728/061239.451406:INFO:CONSOLE:442] "%c INFO color: #33f [AgentHost] No token resolved for resource: https://api.github.com/repos", source: vscode-file://vscode-app/Applications/Visual%20Studio%20Code.app/Contents/Resources/app/out/vs/workbench/workbench.desktop.main.js (442)
[72325:0728/061239.451666:INFO:CONSOLE:442] "%c INFO color: #33f [AgentHost] No token resolved for resource: https://api.github.com", source: vscode-file://vscode-app/Applications/Visual%20Studio%20Code.app/Contents/Resources/app/out/vs/workbench/workbench.desktop.main.js (442)
[72325:0728/061239.451957:INFO:CONSOLE:442] "%c INFO color: #33f [AgentHost] No token resolved for resource: https://api.github.com/repos", source: vscode-file://vscode-app/Applications/Visual%20Studio%20Code.app/Contents/Resources/app/out/vs/workbench/workbench.desktop.main.js (442)
[72325:0728/061239.452219:INFO:CONSOLE:442] "%c INFO color: #33f [AgentHost] No token resolved for resource: https://api.github.com", source: vscode-file://vscode-app/Applications/Visual%20Studio%20Code.app/Contents/Resources/app/out/vs/workbench/workbench.desktop.main.js (442)
[72325:0728/061239.452486:INFO:CONSOLE:442] "%c INFO color: #33f [AgentHost] No token resolved for resource: https://api.github.com/repos", source: vscode-file://vscode-app/Applications/Visual%20Studio%20Code.app/Contents/Resources/app/out/vs/workbench/workbench.desktop.main.js (442)
[72325:0728/061239.452766:INFO:CONSOLE:442] "%c INFO color: #33f [AgentHost] No token resolved for resource: https://api.github.com", source: vscode-file://vscode-app/Applications/Visual%20Studio%20Code.app/Contents/Resources/app/out/vs/workbench/workbench.desktop.main.js (442)
[72325:0728/061239.452982:INFO:CONSOLE:442] "%c INFO color: #33f [AgentHost] No token resolved for resource: https://api.github.com/repos", source: vscode-file://vscode-app/Applications/Visual%20Studio%20Code.app/Contents/Resources/app/out/vs/workbench/workbench.desktop.main.js (442)
[72325:0728/061239.454704:INFO:CONSOLE:442] "%c INFO color: #33f [AgentHost] No token resolved for resource: https://api.github.com", source: vscode-file://vscode-app/Applications/Visual%20Studio%20Code.app/Contents/Resources/app/out/vs/workbench/workbench.desktop.main.js (442)
[72325:0728/061239.455055:INFO:CONSOLE:442] "%c INFO color: #33f [AgentHost] No token resolved for resource: https://api.github.com/repos", source: vscode-file://vscode-app/Applications/Visual%20Studio%20Code.app/Contents/Resources/app/out/vs/workbench/workbench.desktop.main.js (442)
[72325:0728/061239.455430:INFO:CONSOLE:442] "%c INFO color: #33f [AgentHost] No token resolved for resource: https://api.github.com", source: vscode-file://vscode-app/Applications/Visual%20Studio%20Code.app/Contents/Resources/app/out/vs/workbench/workbench.desktop.main.js (442)
[72325:0728/061239.455749:INFO:CONSOLE:442] "%c INFO color: #33f [AgentHost] No token resolved for resource: https://api.github.com/repos", source: vscode-file://vscode-app/Applications/Visual%20Studio%20Code.app/Contents/Resources/app/out/vs/workbench/workbench.desktop.main.js (442)
[72325:0728/061239.456104:INFO:CONSOLE:442] "%c INFO color: #33f [AgentHost] No token resolved for resource: https://api.github.com", source: vscode-file://vscode-app/Applications/Visual%20Studio%20Code.app/Contents/Resources/app/out/vs/workbench/workbench.desktop.main.js (442)
[72325:0728/061239.456357:INFO:CONSOLE:442] "%c INFO color: #33f [AgentHost] No token resolved for resource: https://api.github.com/repos", source: vscode-file://vscode-app/Applications/Visual%20Studio%20Code.app/Contents/Resources/app/out/vs/workbench/workbench.desktop.main.js (442)
[72325:0728/061239.456750:INFO:CONSOLE:442] "%c INFO color: #33f [AgentHost] No token resolved for resource: https://api.github.com", source: vscode-file://vscode-app/Applications/Visual%20Studio%20Code.app/Contents/Resources/app/out/vs/workbench/workbench.desktop.main.js (442)
[72325:0728/061239.457972:INFO:CONSOLE:442] "%c INFO color: #33f [AgentHost] No token resolved for resource: https://api.github.com/repos", source: vscode-file://vscode-app/Applications/Visual%20Studio%20Code.app/Contents/Resources/app/out/vs/workbench/workbench.desktop.main.js (442)
[72325:0728/061239.458324:INFO:CONSOLE:442] "%c INFO color: #33f [AgentHost] No token resolved for resource: https://api.github.com", source: vscode-file://vscode-app/Applications/Visual%20Studio%20Code.app/Contents/Resources/app/out/vs/workbench/workbench.desktop.main.js (442)
[72325:0728/061239.458936:INFO:CONSOLE:442] "%c INFO color: #33f [AgentHost] No token resolved for resource: https://api.github.com/repos", source: vscode-file://vscode-app/Applications/Visual%20Studio%20Code.app/Contents/Resources/app/out/vs/workbench/workbench.desktop.main.js (442)
[72325:0728/061239.459488:INFO:CONSOLE:442] "%c INFO color: #33f [AgentHost] No token resolved for resource: https://api.github.com", source: vscode-file://vscode-app/Applications/Visual%20Studio%20Code.app/Contents/Resources/app/out/vs/workbench/workbench.desktop.main.js (442)
[72325:0728/061239.459840:INFO:CONSOLE:442] "%c INFO color: #33f [AgentHost] No token resolved for resource: https://api.github.com/repos", source: vscode-file://vscode-app/Applications/Visual%20Studio%20Code.app/Contents/Resources/app/out/vs/workbench/workbench.desktop.main.js (442)
[72325:0728/061239.460082:INFO:CONSOLE:442] "%c INFO color: #33f [AgentHost] No token resolved for resource: https://api.github.com", source: vscode-file://vscode-app/Applications/Visual%20Studio%20Code.app/Contents/Resources/app/out/vs/workbench/workbench.desktop.main.js (442)
[72325:0728/061239.460345:INFO:CONSOLE:442] "%c INFO color: #33f [AgentHost] No token resolved for resource: https://api.github.com/repos", source: vscode-file://vscode-app/Applications/Visual%20Studio%20Code.app/Contents/Resources/app/out/vs/workbench/workbench.desktop.main.js (442)
[72325:0728/061239.460582:INFO:CONSOLE:442] "%c INFO color: #33f [AgentHost] No token resolved for resource: https://api.github.com", source: vscode-file://vscode-app/Applications/Visual%20Studio%20Code.app/Contents/Resources/app/out/vs/workbench/workbench.desktop.main.js (442)
[72325:0728/061239.460936:INFO:CONSOLE:442] "%c INFO color: #33f [AgentHost] No token resolved for resource: https://api.github.com/repos", source: vscode-file://vscode-app/Applications/Visual%20Studio%20Code.app/Contents/Resources/app/out/vs/workbench/workbench.desktop.main.js (442)
[72325:0728/061239.462201:INFO:CONSOLE:442] "%c INFO color: #33f [AgentHost] No token resolved for resource: https://api.github.com", source: vscode-file://vscode-app/Applications/Visual%20Studio%20Code.app/Contents/Resources/app/out/vs/workbench/workbench.desktop.main.js (442)
[72325:0728/061239.462525:INFO:CONSOLE:442] "%c INFO color: #33f [AgentHost] No token resolved for resource: https://api.github.com/repos", source: vscode-file://vscode-app/Applications/Visual%20Studio%20Code.app/Contents/Resources/app/out/vs/workbench/workbench.desktop.main.js (442)
[72325:0728/061239.462763:INFO:CONSOLE:442] "%c INFO color: #33f [AgentHost] No token resolved for resource: https://api.github.com", source: vscode-file://vscode-app/Applications/Visual%20Studio%20Code.app/Contents/Resources/app/out/vs/workbench/workbench.desktop.main.js (442)
[72325:0728/061239.462975:INFO:CONSOLE:442] "%c INFO color: #33f [AgentHost] No token resolved for resource: https://api.github.com/repos", source: vscode-file://vscode-app/Applications/Visual%20Studio%20Code.app/Contents/Resources/app/out/vs/workbench/workbench.desktop.main.js (442)
[72325:0728/061239.463226:INFO:CONSOLE:442] "%c INFO color: #33f [AgentHost] No token resolved for resource: https://api.github.com", source: vscode-file://vscode-app/Applications/Visual%20Studio%20Code.app/Contents/Resources/app/out/vs/workbench/workbench.desktop.main.js (442)
[72325:0728/061239.463443:INFO:CONSOLE:442] "%c INFO color: #33f [AgentHost] No token resolved for resource: https://api.github.com/repos", source: vscode-file://vscode-app/Applications/Visual%20Studio%20Code.app/Contents/Resources/app/out/vs/workbench/workbench.desktop.main.js (442)
[72325:0728/061239.463643:INFO:CONSOLE:442] "%c INFO color: #33f [AgentHost] No token resolved for resource: https://api.github.com", source: vscode-file://vscode-app/Applications/Visual%20Studio%20Code.app/Contents/Resources/app/out/vs/workbench/workbench.desktop.main.js (442)
[72325:0728/061239.463844:INFO:CONSOLE:442] "%c INFO color: #33f [AgentHost] No token resolved for resource: https://api.github.com/repos", source: vscode-file://vscode-app/Applications/Visual%20Studio%20Code.app/Contents/Resources/app/out/vs/workbench/workbench.desktop.main.js (442)
[72325:0728/061239.464372:INFO:CONSOLE:442] "%c INFO color: #33f [AgentHost] No token resolved for resource: https://api.github.com", source: vscode-file://vscode-app/Applications/Visual%20Studio%20Code.app/Contents/Resources/app/out/vs/workbench/workbench.desktop.main.js (442)
[72325:0728/061239.464801:INFO:CONSOLE:442] "%c INFO color: #33f [AgentHost] No token resolved for resource: https://api.github.com/repos", source: vscode-file://vscode-app/Applications/Visual%20Studio%20Code.app/Contents/Resources/app/out/vs/workbench/workbench.desktop.main.js (442)
[72325:0728/061239.497256:ERROR:net/cert/internal/trust_store_mac.cc:773] SecItemCopyMatching error: Error Domain=NSOSStatusErrorDomain Code=-50 "paramErr: error in user parameter list" (-50)
#### JIT-MPROTECT flip #7168 ranges=1 prot=RX writers=1 exec_waits=1772 late_retries=99
#### JIT-MPROTECT flip #15360 ranges=1 prot=RX writers=1 exec_waits=3669 late_retries=157
[72365:0728/061239.648062:VERBOSE1:net/base/network_delegate.cc:38] NetworkDelegate::NotifyBeforeURLRequest: https://default.exp-tas.com/vscode/ab
[72325:0728/061239.648537:INFO:CONSOLE:442] "%c  ERR color: #f33 [vscode.mermaid-markdown-features]: Extension 'vscode.mermaid-markdown-features' CANNOT use 'legacyToolReferenceFullNames' without the 'chatParticipantPrivate' API proposal enabled", source: vscode-file://vscode-app/Applications/Visual%20Studio%20Code.app/Contents/Resources/app/out/vs/workbench/workbench.desktop.main.js (442)
#### JIT-MPROTECT flip #16384 ranges=1 prot=RX writers=1 exec_waits=3823 late_retries=175
#### JIT-MPROTECT flip #17408 ranges=1 prot=RX writers=1 exec_waits=3975 late_retries=194
#### IOSURFACE-RELEASE-ABI pair #4: conn=16135 surfaceID=162 sel=1 -> 0
#### IOSURFACE-RELEASE-ABI pair #5: conn=16135 surfaceID=165 sel=1 -> 0
#### IOSURFACE-RELEASE-ABI pair #6: conn=16135 surfaceID=250 sel=1 -> 0
#### JIT-MPROTECT flip #18432 ranges=1 prot=RX writers=1 exec_waits=4144 late_retries=201
#### MTL_TEX plain DEPTH-STENCIL: pf=253 routing to native AGX path (IOSurface backing is invalid)
#### AGXIOC sel=0x9 type=0 args+0x14=0x2430 → 0x430 (stripped macOS-only bits 0x2800)
#### MTL_TEX plain DEPTH-STENCIL native result: 0x600cd0500 class=AGXG13GFamilyTexture
#### MTL_TEX plain MEMORYLESS: routing to native AGX path (no IOSurface — tile-memory-only) w=128 h=128 pf=253
#### MTL_TEX plain MEMORYLESS native result: 0x600cd8e80 (class=AGXG13GFamilyTexture storageMode=3 length=999)
#### MTL_TEX plain MEMORYLESS: routing to native AGX path (no IOSurface — tile-memory-only) w=128 h=128 pf=10
#### MTL_TEX plain MEMORYLESS native result: 0x600cd1b80 (class=AGXG13GFamilyTexture storageMode=3 length=999)
Unknown channel: agentHostClientByokLm
Unknown channel: agentHostClientProxy
[72325:0728/061240.613437:INFO:CONSOLE:442] "%c INFO color: #33f [AccountPolicyGate] apply: state=inactive, reason=undefined, isRestricted=false", source: vscode-file://vscode-app/Applications/Visual%20Studio%20Code.app/Contents/Resources/app/out/vs/workbench/workbench.desktop.main.js (442)
[72325:0728/061240.712829:VERBOSE1:content/browser/renderer_host/media/media_stream_manager.cc:1515] MSPL::OnSuspend([this=0x6000d2ea8])
#### JIT-MPROTECT flip #19456 ranges=1 prot=RX writers=1 exec_waits=4192 late_retries=215
[72325:0728/061241.052736:INFO:CONSOLE:442] "%c INFO color: #33f Settings Sync: Account status changed from uninitialized to unavailable", source: vscode-file://vscode-app/Applications/Visual%20Studio%20Code.app/Contents/Resources/app/out/vs/workbench/workbench.desktop.main.js (442)
[72325:0728/061241.123888:INFO:CONSOLE:5359] "Extension Host", source: vscode-file://vscode-app/Applications/Visual%20Studio%20Code.app/Contents/Resources/app/out/vs/workbench/workbench.desktop.main.js (5359)
[72325:0728/061241.124047:INFO:CONSOLE:5359] "%c#### JIT-MPROTECT flip #4096 ranges=1 prot=RX writers=1 exec_waits=932 late_retries=47
 color: red", source: vscode-file://vscode-app/Applications/Visual%20Studio%20Code.app/Contents/Resources/app/out/vs/workbench/workbench.desktop.main.js (5359)
[72325:0728/061241.124150:INFO:CONSOLE:5359] "console.groupEnd", source: vscode-file://vscode-app/Applications/Visual%20Studio%20Code.app/Contents/Resources/app/out/vs/workbench/workbench.desktop.main.js (5359)
#### JIT-MPROTECT flip #20480 ranges=1 prot=RX writers=1 exec_waits=4268 late_retries=226
[72325:0728/061242.730237:ERROR:components/os_crypt/common/keychain_password_mac.mm:148] Keychain lookup failed: Error Domain=NSOSStatusErrorDomain Code=-50 "paramErr: error in user parameter list" (-50)
[72325:0728/061242.832980:INFO:CONSOLE:5359] "Extension Host", source: vscode-file://vscode-app/Applications/Visual%20Studio%20Code.app/Contents/Resources/app/out/vs/workbench/workbench.desktop.main.js (5359)
[72325:0728/061242.833098:INFO:CONSOLE:5359] "%c#### JIT-MPROTECT flip #5120 ranges=1 prot=RX writers=1 exec_waits=994 late_retries=57
 color: red", source: vscode-file://vscode-app/Applications/Visual%20Studio%20Code.app/Contents/Resources/app/out/vs/workbench/workbench.desktop.main.js (5359)
[72325:0728/061242.833152:INFO:CONSOLE:5359] "console.groupEnd", source: vscode-file://vscode-app/Applications/Visual%20Studio%20Code.app/Contents/Resources/app/out/vs/workbench/workbench.desktop.main.js (5359)
[91m[main 2026-07-28T13:12:42.836Z][0m [AgentHost:stderr] [CLI subprocess] #### MACWS_HID_BYPASS installed SetMatchingMultiple → no-op (1) at 0x1a5cf9e8c — skips iOS-format CFBinaryPlist parse inside
[CLI subprocess] ####   IOHIDEventSystemClientCacheMatchingServices → IOHIDUnserializeAndVMDealloc → CFPropertyListCreateFromStream
[CLI subprocess] ####   that BUS_ADRALNs in the IOMFBServer thread.
[CLI subprocess] #### MACWS_AGX_RENAMER_PATCH: off (set MACWS_AGX_RENAMER_PATCH=1 to enable)
[CLI subprocess] #### MACWS_ASSERT_BYPASS DISABLED (set MACWS_KEEP_ASSERT_BYPASS=1 to restore lazy bypass) — real __assert_rtn now reaches abort
[CLI subprocess] #### MACWS_AGX_NATIVE [ctor] pre-loaded IOGPU via /System/Library/PrivateFrameworks/IOGPU.framework/IOGPU -> 0x3ea2a4c10
[CLI subprocess] #### XPC_BOOTSTRAP: fn=0x1a28b1140 dict=0x120908e90 (registering Metal/ViewBridge/HIServices)
[CLI subprocess] #### XPC_BOOTSTRAP: called OK
[CLI subprocess] #### COEXIST API SwapEnd hook installed target=0x1ad78f1cc trampoline=0x100c24000
[CLI subprocess] #### SkyLight PrepareForUse tolerate-nil hook installed at 0x1a7b70fc4
[CLI subprocess] #### SkyLight StartCompositeForDisplayStream nil-skip hook installed at 0x1a7999d74
[CLI subprocess] #### SkyLight StartComposite(WSCD) tolerate-nil + pop-on-bail hook installed at 0x1a7999358

[72325:0728/061242.837924:VERBOSE1:content/browser/renderer_host/media/media_stream_manager.cc:1515] MSPL::OnResume([this=0x6000d2ea8])
#### IOSURFACE-RELEASE-ABI pair #7: conn=16135 surfaceID=263 sel=1 -> 0
#### IOSURFACE-RELEASE-ABI pair #8: conn=16135 surfaceID=172 sel=1 -> 0
[91m[main 2026-07-28T13:12:42.860Z][0m [AgentHost:stderr] [CLI subprocess] #### SkyLight StartComposite(MTLTex) pop-on-bail hook installed at 0x1a7999fb8
[CLI subprocess] #### SkyLight EndCurrentComposite(bool) completion hook installed at 0x1a799853c
[CLI subprocess] #### SkyLight EndUpdate(bool) submission hook installed at 0x1a79980b0
[CLI subprocess] #### SkyLight _state_stack pop_back resolved at 0x1a7996fa0
[CLI subprocess] #### SkyLight WSCompositeDestinationCreateWithMetalTexture nil-tolerate hook installed at 0x1a799c53c
[CLI subprocess] #### SkyLight MetalContext::StopCapture invalid-this guard installed at 0x1a79981bc
[CLI subprocess] #### MACWS_AGX_NATIVE class_addMethod(MTLTextureDescriptor, validateWithDevice:) = 1
[CLI subprocess] #### MACWS_AGX_NATIVE class_addMethod(IOGPUMetalTexture, isMemoryless) = 1
[CLI subprocess] #### MACWS_AGX_NATIVE class_addMethod(IOGPUMetalTexture, getCPUSizeBytes) = 1
[CLI subprocess] #### MACWS_AGX_NATIVE class_addMethod(IOGPUMetalTexture, getAlignment) = 1
[CLI subprocess] #### MACWS_AGX_NATIVE class_addMethod(IOGPUMetalTexture, descriptorPrivate) = 1
[CLI subprocess] #### MACWS_AGX_NATIVE class_addMethod(IOGPUMetalTexture, getBytesPerRow) = 1
[CLI subprocess] #### MACWS_AGX_NATIVE class_addMethod(IOGPUMetalTexture, updateBindDataWithAddresses:gpuVirtualAddress:) = 1
[CLI subprocess] #### MACWS_AGX_NATIVE class_addMethod(IOGPUMetalTexture, updateBindDataWithAddresses:gpuVirtualAddress:shouldInitMetadata:) = 1
[CLI subprocess] #### MACWS_AGX_NATIVE class_addMethod(IOGPUMetalTexture, allocBufferSubDataWithLength:options:alignment:heapIndex:bufferIndex:bufferOffset:) = 1
[CLI subprocess] #### MACWS_AGX_NATIVE class_addMethod(IOGPUMetalTexture, initNewTextureData:) = 1
[CLI subprocess] #### MACWS_AGX_NATIVE class_addMethod(MTLTextureDescriptor, isMemoryless) = 1
[CLI subprocess] #### MACWS_AGX_NATIVE class_addMethod(MTLTextureDescriptor, protectionOptions) = 1
[CLI subprocess] #### MACWS_AGX_NATIVE class_addMethod(MTLTextureDescriptor, getCPUSizeBytes) = 1
[CLI subprocess] #### MACWS_AGX_NATIVE class_addMethod(MTLTextureDescriptor, getAlignment) = 1
[CLI subprocess] #### MACWS_AGX_NATIVE class_addMethod(MTLTextureDescriptor, descriptorPrivate) = 1
[CLI subprocess] #### MACWS_AGX_NATIVE class_addMethod(MTLTextureDescriptor, getBytesPerRow) = 1
[CLI subprocess] #### MACWS_AGX_NATIVE class_addMethod(MTLTextureDescriptor, updateBindDataWithAddresses:gpuVirtualAddress:) = 1
[CLI subprocess] #### MACWS_AGX_NATIVE class_addMethod(MTLTextureDescriptor, updateBindDataWithAddresses:gpuVirtualAddress:shouldInitMetadata:) = 1
[CLI subprocess] #### MACWS_AGX_NATIVE class_addMethod(MTLTextureDescriptor, allocBufferSubDataWithLength:options:alignment:heapIndex:bufferIndex:bufferOffset:) = 1
[CLI subprocess] #### MACWS_AGX_NATIVE class_addMethod(MTLTextureDescriptor, initNewTextureData:) = 1

#### IOSURFACE-RELEASE-ABI pair #9: conn=16135 surfaceID=283 sel=1 -> 0
#### AGX_SUBMIT_DIAG #98 subtype1-predicate scalar0=0x1 legacy-scalar-gate=1 total=0x840/1 seglen=0x170/1 seghdr=1 cmdtotal=1 d8=1 pad1=1 f1=1 sent1=1 pad2=1 f2=1 sent2=1
#### AGX_SUBMIT_DIAG #98 descriptor[4] KCMD-type1-observed saved=0x840/0x840 path=/tmp/macws_submit_kcmd_98_4_type1-observed.bin errno=0
#### AGX_SUBMIT_DIAG #98 descriptor[4] segment saved=0x170/0x170 path=/tmp/macws_submit_segment_98_4.bin errno=0
#### AGX_SUBMIT_DIAG #98 TEMP-KCMD-ABI-FIX subtype1-clear pads=0x1c0,0x4c0 total=0x840->0x820 size=0x7e8->0x7c8 end=0x818->0x7f8 segment-span=0x820
#### AGX_SUBMIT_DIAG #99 subtype1-predicate scalar0=0x1 legacy-scalar-gate=1 total=0x840/1 seglen=0x170/1 seghdr=1 cmdtotal=1 d8=1 pad1=1 f1=1 sent1=1 pad2=1 f2=1 sent2=1
#### AGX_SUBMIT_DIAG #99 descriptor[0] KCMD-type1-observed saved=0x840/0x840 path=/tmp/macws_submit_kcmd_99_0_type1-observed.bin errno=0
#### AGX_SUBMIT_DIAG #99 descriptor[0] segment saved=0x170/0x170 path=/tmp/macws_submit_segment_99_0.bin errno=0
#### AGX_SUBMIT_DIAG #99 TEMP-KCMD-ABI-FIX subtype1-clear pads=0x1c0,0x4c0 total=0x840->0x820 size=0x7e8->0x7c8 end=0x818->0x7f8 segment-span=0x820
#### AGX_SUBMIT_DIAG #100 subtype1-predicate scalar0=0x1 legacy-scalar-gate=1 total=0x840/1 seglen=0x170/1 seghdr=1 cmdtotal=1 d8=1 pad1=1 f1=1 sent1=1 pad2=1 f2=1 sent2=1
#### AGX_SUBMIT_DIAG #100 descriptor[0] KCMD-type1-observed saved=0x840/0x840 path=/tmp/macws_submit_kcmd_100_0_type1-observed.bin errno=0
#### AGX_SUBMIT_DIAG #100 descriptor[0] segment saved=0x170/0x170 path=/tmp/macws_submit_segment_100_0.bin errno=0
#### AGX_SUBMIT_DIAG #100 TEMP-KCMD-ABI-FIX subtype1-clear pads=0x1c0,0x4c0 total=0x840->0x820 size=0x7e8->0x7c8 end=0x818->0x7f8 segment-span=0x820
#### AGX_SUBMIT_DIAG #101 subtype1-predicate scalar0=0x1 legacy-scalar-gate=1 total=0x840/1 seglen=0x170/1 seghdr=1 cmdtotal=1 d8=1 pad1=1 f1=1 sent1=1 pad2=1 f2=1 sent2=1
#### AGX_SUBMIT_DIAG #101 descriptor[0] KCMD-type1-observed saved=0x840/0x840 path=/tmp/macws_submit_kcmd_101_0_type1-observed.bin errno=0
#### AGX_SUBMIT_DIAG #101 descriptor[0] segment saved=0x170/0x170 path=/tmp/macws_submit_segment_101_0.bin errno=0
#### AGX_SUBMIT_DIAG #101 TEMP-KCMD-ABI-FIX subtype1-clear pads=0x1c0,0x4c0 total=0x840->0x820 size=0x7e8->0x7c8 end=0x818->0x7f8 segment-span=0x820
#### IOSURFACE-RELEASE-ABI pair #10: conn=16135 surfaceID=289 sel=1 -> 0
#### JIT-MPROTECT flip #21504 ranges=1 prot=RX writers=1 exec_waits=4328 late_retries=232
[72365:0728/061243.833174:VERBOSE1:net/base/network_delegate.cc:38] NetworkDelegate::NotifyBeforeURLRequest: https://main.vscode-cdn.net/extensions/marketplace.json
[72365:0728/061243.838006:VERBOSE1:net/base/network_delegate.cc:38] NetworkDelegate::NotifyBeforeURLRequest: https://mobile.events.data.microsoft.com/OneCollector/1.0?cors=true&content-type=application/x-json-stream
[91m[main 2026-07-28T13:12:44.338Z][0m [AgentHost:stderr] [CLI subprocess] #
[CLI subprocess] # Fatal error
[CLI subprocess] # Oilpan: Out of memory (Oilpan: CagedHeap reservation.)
[CLI subprocess] #
[CLI subprocess] #
[CLI subprocess] #
[CLI subprocess] #FailureMessage Object: 0x16f6ded28

[72325:0728/061244.346053:INFO:CONSOLE:442] "%c INFO color: #33f [AgentHost] No token resolved for resource: https://api.github.com", source: vscode-file://vscode-app/Applications/Visual%20Studio%20Code.app/Contents/Resources/app/out/vs/workbench/workbench.desktop.main.js (442)
[72325:0728/061244.347112:INFO:CONSOLE:442] "%c INFO color: #33f [AgentHost] No token resolved for resource: https://api.github.com/repos", source: vscode-file://vscode-app/Applications/Visual%20Studio%20Code.app/Contents/Resources/app/out/vs/workbench/workbench.desktop.main.js (442)
[72325:0728/061244.349657:INFO:CONSOLE:442] "%c INFO color: #33f [AgentHost] No token resolved for resource: https://api.github.com", source: vscode-file://vscode-app/Applications/Visual%20Studio%20Code.app/Contents/Resources/app/out/vs/workbench/workbench.desktop.main.js (442)
[72325:0728/061244.349989:INFO:CONSOLE:442] "%c INFO color: #33f [AgentHost] No token resolved for resource: https://api.github.com/repos", source: vscode-file://vscode-app/Applications/Visual%20Studio%20Code.app/Contents/Resources/app/out/vs/workbench/workbench.desktop.main.js (442)
[72325:0728/061244.631244:INFO:CONSOLE:5359] "Extension Host", source: vscode-file://vscode-app/Applications/Visual%20Studio%20Code.app/Contents/Resources/app/out/vs/workbench/workbench.desktop.main.js (5359)
[72325:0728/061244.631343:INFO:CONSOLE:5359] "%c#### JIT-MPROTECT flip #6144 ranges=1 prot=RX writers=1 exec_waits=1010 late_retries=64
%c#### JIT-MPROTECT flip #7168 ranges=1 prot=RX writers=1 exec_waits=1087 late_retries=75
 color: red color: red", source: vscode-file://vscode-app/Applications/Visual%20Studio%20Code.app/Contents/Resources/app/out/vs/workbench/workbench.desktop.main.js (5359)
[72325:0728/061244.631540:INFO:CONSOLE:5359] "console.groupEnd", source: vscode-file://vscode-app/Applications/Visual%20Studio%20Code.app/Contents/Resources/app/out/vs/workbench/workbench.desktop.main.js (5359)
#### JIT-MPROTECT flip #8192 ranges=1 prot=RX writers=1 exec_waits=1892 late_retries=115
[72325:0728/061245.338527:INFO:CONSOLE:442] "%c INFO color: #33f [perf] Render performance baseline is 159ms", source: vscode-file://vscode-app/Applications/Visual%20Studio%20Code.app/Contents/Resources/app/out/vs/workbench/workbench.desktop.main.js (442)
#### JIT-MPROTECT flip #22528 ranges=1 prot=RX writers=1 exec_waits=4343 late_retries=242
[72365:0728/061246.254269:VERBOSE1:net/base/network_delegate.cc:38] NetworkDelegate::NotifyBeforeURLRequest: https://marketplace.visualstudio.com/_apis/public/gallery/vscode/github/copilot-chat/latest
[72325:0728/061246.303734:INFO:CONSOLE:1092] "%c[Extension Host] %cGit installation not found. color: blue color: ", source: vscode-file://vscode-app/Applications/Visual%20Studio%20Code.app/Contents/Resources/app/out/vs/workbench/workbench.desktop.main.js (1092)
#### MTL_TEX plain DEPTH-STENCIL: pf=253 routing to native AGX path (IOSurface backing is invalid)
#### MTL_TEX plain DEPTH-STENCIL native result: 0x601322080 class=AGXG13GFamilyTexture
#### MTL_TEX plain MEMORYLESS native result: 0x60132af00 (class=AGXG13GFamilyTexture storageMode=3 length=999)
[72325:0728/061246.882935:VERBOSE1:content/browser/renderer_host/media/media_stream_manager.cc:1515] MSPL::OnSuspend([this=0x6000d2ea8])
[72365:0728/061246.883251:VERBOSE1:net/base/network_delegate.cc:38] NetworkDelegate::NotifyBeforeURLRequest: https://marketplace.visualstudio.com/_apis/public/gallery/vscode/github/copilot-chat/latest
[72365:0728/061246.933728:VERBOSE1:net/base/network_delegate.cc:38] NetworkDelegate::NotifyBeforeURLRequest: https://mobile.events.data.microsoft.com/OneCollector/1.0?cors=true&content-type=application/x-json-stream
[72325:0728/061247.214440:VERBOSE1:content/browser/renderer_host/media/media_stream_manager.cc:1515] MSPL::OnResume([this=0x6000d2ea8])
#### IOSURFACE-RELEASE-ABI pair #11: conn=16135 surfaceID=167 sel=1 -> 0
#### IOSURFACE-RELEASE-ABI pair #12: conn=16135 surfaceID=168 sel=1 -> 0
#### IOSURFACE-RELEASE-ABI pair #13: conn=16135 surfaceID=281 sel=1 -> 0
#### IOSURFACE-RELEASE-ABI pair #14: conn=16135 surfaceID=266 sel=1 -> 0
#### IOSURFACE-RELEASE-ABI pair #15: conn=16135 surfaceID=169 sel=1 -> 0
#### JIT-MPROTECT flip #9216 ranges=1 prot=RX writers=1 exec_waits=2021 late_retries=123
[91m[main 2026-07-28T13:12:48.999Z][0m ProxyResolver#loadSystemCertificates error 206
[72325:0728/061249.006977:INFO:CONSOLE:442] "%c  ERR color: #f33 [Extension Host] (node:72409) [DEP0169] DeprecationWarning: `url.parse()` behavior is not standardized and prone to errors that have security implications. Use the WHATWG URL API instead. CVEs are not issued for `url.parse()` vulnerabilities.
(Use `Code Helper (Plugin) --trace-deprecation ...` to show where the warning was created)", source: vscode-file://vscode-app/Applications/Visual%20Studio%20Code.app/Contents/Resources/app/out/vs/workbench/workbench.desktop.main.js (442)
[72325:0728/061249.007148:INFO:CONSOLE:1092] "%c[Extension Host] %c(node:72409) [DEP0169] DeprecationWarning: `url.parse()` behavior is not standardized and prone to errors that have security implications. Use the WHATWG URL API instead. CVEs are not issued for `url.parse()` vulnerabilities.
(Use `Code Helper (Plugin) --trace-deprecation ...` to show where the warning was created) color: blue color: ", source: vscode-file://vscode-app/Applications/Visual%20Studio%20Code.app/Contents/Resources/app/out/vs/workbench/workbench.desktop.main.js (1092)
#### IOSURFACE-RELEASE-ABI pair #16: conn=16135 surfaceID=173 sel=1 -> 0
[72325:0728/061249.202309:INFO:CONSOLE:5359] "Extension Host", source: vscode-file://vscode-app/Applications/Visual%20Studio%20Code.app/Contents/Resources/app/out/vs/workbench/workbench.desktop.main.js (5359)
[72325:0728/061249.202419:INFO:CONSOLE:5359] "%c#### JIT-MPROTECT flip #8192 ranges=1 prot=RX writers=1 exec_waits=1279 late_retries=83
 color: red", source: vscode-file://vscode-app/Applications/Visual%20Studio%20Code.app/Contents/Resources/app/out/vs/workbench/workbench.desktop.main.js (5359)
[72325:0728/061249.202482:INFO:CONSOLE:5359] "console.groupEnd", source: vscode-file://vscode-app/Applications/Visual%20Studio%20Code.app/Contents/Resources/app/out/vs/workbench/workbench.desktop.main.js (5359)
[72365:0728/061249.687500:VERBOSE1:net/base/network_delegate.cc:38] NetworkDelegate::NotifyBeforeURLRequest: https://mobile.events.data.microsoft.com/OneCollector/1.0?cors=true&content-type=application/x-json-stream
[72325:0728/061251.410151:VERBOSE1:content/browser/renderer_host/media/media_stream_manager.cc:1515] MSPL::OnSuspend([this=0x6000d2ea8])
[72325:0728/061252.245319:VERBOSE1:content/browser/renderer_host/media/media_stream_manager.cc:1515] MSPL::OnResume([this=0x6000d2ea8])
[72365:0728/061252.289409:VERBOSE1:net/base/network_delegate.cc:38] NetworkDelegate::NotifyBeforeURLRequest: https://mobile.events.data.microsoft.com/OneCollector/1.0?cors=true&content-type=application/x-json-stream
[72365:0728/061254.014792:VERBOSE1:net/base/network_delegate.cc:38] NetworkDelegate::NotifyBeforeURLRequest: https://mobile.events.data.microsoft.com/OneCollector/1.0?cors=true&content-type=application/x-json-stream
[72325:0728/061256.455677:VERBOSE1:content/browser/renderer_host/media/media_stream_manager.cc:1515] MSPL::OnSuspend([this=0x6000d2ea8])
[72325:0728/061257.508625:VERBOSE1:content/browser/renderer_host/media/media_stream_manager.cc:1515] MSPL::OnResume([this=0x6000d2ea8])
#### JIT-MPROTECT flip #10240 ranges=1 prot=RX writers=1 exec_waits=2040 late_retries=126
#### IOSURFACE-RELEASE-ABI pair #1: conn=18255 surfaceID=164 sel=1 -> 0
[72365:0728/061259.823711:VERBOSE1:net/base/network_delegate.cc:38] NetworkDelegate::NotifyBeforeURLRequest: https://mobile.events.data.microsoft.com/OneCollector/1.0?cors=true&content-type=application/x-json-stream
[72325:0728/061301.707062:VERBOSE1:content/browser/renderer_host/media/media_stream_manager.cc:1515] MSPL::OnSuspend([this=0x6000d2ea8])
[72325:0728/061302.747348:VERBOSE1:content/browser/renderer_host/media/media_stream_manager.cc:1515] MSPL::OnResume([this=0x6000d2ea8])
#### JIT-MPROTECT flip #23552 ranges=1 prot=RX writers=1 exec_waits=4576 late_retries=250
#### JIT-MPROTECT flip #24576 ranges=1 prot=RX writers=1 exec_waits=4576 late_retries=250
[72325:0728/061306.946418:VERBOSE1:content/browser/renderer_host/media/media_stream_manager.cc:1515] MSPL::OnSuspend([this=0x6000d2ea8])
[72325:0728/061307.999019:VERBOSE1:content/browser/renderer_host/media/media_stream_manager.cc:1515] MSPL::OnResume([this=0x6000d2ea8])
[72325:0728/061312.209458:VERBOSE1:content/browser/renderer_host/media/media_stream_manager.cc:1515] MSPL::OnSuspend([this=0x6000d2ea8])
[72325:0728/061313.249563:VERBOSE1:content/browser/renderer_host/media/media_stream_manager.cc:1515] MSPL::OnResume([this=0x6000d2ea8])
[72365:0728/061317.299989:VERBOSE1:net/base/network_delegate.cc:38] NetworkDelegate::NotifyBeforeURLRequest: https://webglsamples.org/aquarium/aquarium.html
[72365:0728/061317.329096:VERBOSE1:net/third_party/quiche/src/quiche/quic/core/tls_handshaker.cc:109] TlsClient: Continuing handshake
[72365:0728/061317.623212:VERBOSE1:net/third_party/quiche/src/quiche/quic/core/tls_handshaker.cc:109] TlsClient: Continuing handshake
#### MACWS_HID_BYPASS installed SetMatchingMultiple → no-op (1) at 0x1a5cf9e8c — skips iOS-format CFBinaryPlist parse inside
####   IOHIDEventSystemClientCacheMatchingServices → IOHIDUnserializeAndVMDealloc → CFPropertyListCreateFromStream
####   that BUS_ADRALNs in the IOMFBServer thread.
#### MACWS_AGX_RENAMER_PATCH: off (set MACWS_AGX_RENAMER_PATCH=1 to enable)
#### MACWS_ASSERT_BYPASS DISABLED (set MACWS_KEEP_ASSERT_BYPASS=1 to restore lazy bypass) — real __assert_rtn now reaches abort
#### MACWS_AGX_NATIVE [ctor] pre-loaded IOGPU via /System/Library/PrivateFrameworks/IOGPU.framework/IOGPU -> 0x3ea2a4c10
#### XPC_BOOTSTRAP: fn=0x1a28b1140 dict=0x135906940 (registering Metal/ViewBridge/HIServices)
#### XPC_BOOTSTRAP: called OK
#### COEXIST API SwapEnd hook installed target=0x1ad78f1cc trampoline=0x100170000
#### SkyLight PrepareForUse tolerate-nil hook installed at 0x1a7b70fc4
#### SkyLight StartCompositeForDisplayStream nil-skip hook installed at 0x1a7999d74
#### SkyLight StartComposite(WSCD) tolerate-nil + pop-on-bail hook installed at 0x1a7999358
#### SkyLight StartComposite(MTLTex) pop-on-bail hook installed at 0x1a7999fb8
#### SkyLight EndCurrentComposite(bool) completion hook installed at 0x1a799853c
#### SkyLight EndUpdate(bool) submission hook installed at 0x1a79980b0
#### SkyLight _state_stack pop_back resolved at 0x1a7996fa0
#### SkyLight WSCompositeDestinationCreateWithMetalTexture nil-tolerate hook installed at 0x1a799c53c
#### SkyLight MetalContext::StopCapture invalid-this guard installed at 0x1a79981bc
#### MACWS_AGX_NATIVE class_addMethod(MTLTextureDescriptor, validateWithDevice:) = 1
#### MACWS_AGX_NATIVE class_addMethod(IOGPUMetalTexture, isMemoryless) = 1
#### MACWS_AGX_NATIVE class_addMethod(IOGPUMetalTexture, getCPUSizeBytes) = 1
#### MACWS_AGX_NATIVE class_addMethod(IOGPUMetalTexture, getAlignment) = 1
#### MACWS_AGX_NATIVE class_addMethod(IOGPUMetalTexture, descriptorPrivate) = 1
#### MACWS_AGX_NATIVE class_addMethod(IOGPUMetalTexture, getBytesPerRow) = 1
#### MACWS_AGX_NATIVE class_addMethod(IOGPUMetalTexture, updateBindDataWithAddresses:gpuVirtualAddress:) = 1
#### MACWS_AGX_NATIVE class_addMethod(IOGPUMetalTexture, updateBindDataWithAddresses:gpuVirtualAddress:shouldInitMetadata:) = 1
#### MACWS_AGX_NATIVE class_addMethod(IOGPUMetalTexture, allocBufferSubDataWithLength:options:alignment:heapIndex:bufferIndex:bufferOffset:) = 1
#### MACWS_AGX_NATIVE class_addMethod(IOGPUMetalTexture, initNewTextureData:) = 1
#### MACWS_AGX_NATIVE class_addMethod(MTLTextureDescriptor, isMemoryless) = 1
#### MACWS_AGX_NATIVE class_addMethod(MTLTextureDescriptor, protectionOptions) = 1
#### MACWS_AGX_NATIVE class_addMethod(MTLTextureDescriptor, getCPUSizeBytes) = 1
#### MACWS_AGX_NATIVE class_addMethod(MTLTextureDescriptor, getAlignment) = 1
#### MACWS_AGX_NATIVE class_addMethod(MTLTextureDescriptor, descriptorPrivate) = 1
#### MACWS_AGX_NATIVE class_addMethod(MTLTextureDescriptor, getBytesPerRow) = 1
#### MACWS_AGX_NATIVE class_addMethod(MTLTextureDescriptor, updateBindDataWithAddresses:gpuVirtualAddress:) = 1
#### MACWS_AGX_NATIVE class_addMethod(MTLTextureDescriptor, updateBindDataWithAddresses:gpuVirtualAddress:shouldInitMetadata:) = 1
#### MACWS_AGX_NATIVE class_addMethod(MTLTextureDescriptor, allocBufferSubDataWithLength:options:alignment:heapIndex:bufferIndex:bufferOffset:) = 1
#### MACWS_AGX_NATIVE class_addMethod(MTLTextureDescriptor, initNewTextureData:) = 1
#### AMFI-POLICY-COMPAT policy=AMFI op=0x60 status=0x4 (iOS task ports are hard-immovable)
#### CSR-POLICY-COMPAT active_config=0x0 (conservative iOS compatibility value)
[72550:0728/061318.297312:ERROR:base/process/process_mac.cc:53] task_policy_set TASK_CATEGORY_POLICY: (os/kern) invalid argument (4)
[72550:0728/061318.301652:INFO:third_party/webrtc/rtc_base/cpu_info.cc:77] Available number of cores: 8
2026-07-28 06:13:18.318 Code Helper (Renderer)[72550:8267298] XType: Using static font registry.
#### JIT-MPROTECT range[0]=[0x280000000,0x290000000) source=MAP_JIT-EINVAL
#### JIT-MPROTECT execution barrier installed (W^X fetch-wait compatibility)
#### JIT-MPROTECT range[0]=[0x280000000,0x290000000) source=MAP_JIT-EINVAL
#### JIT-MPROTECT range[0]=[0x280000000,0x290000000) source=MAP_JIT-EINVAL
#### JIT-MPROTECT range[0]=[0x280000000,0x290000000) source=MAP_JIT-EINVAL
#### JIT-MPROTECT range[0]=[0x280000000,0x290000000) source=MAP_JIT-EINVAL
#### JIT-MPROTECT range[0]=[0x280000000,0x290000000) source=MAP_JIT-EINVAL
#### JIT-MPROTECT range[0]=[0x280000000,0x290000000) source=MAP_JIT-EINVAL
#### JIT-MPROTECT range[0]=[0x280000000,0x290000000) source=MAP_JIT-EINVAL
#### JIT-MPROTECT range[0]=[0x280000000,0x290000000) source=MAP_JIT-EINVAL
#### JIT-MPROTECT range[0]=[0x280000000,0x290000000) source=MAP_JIT-EINVAL
#### JIT-MPROTECT range[0]=[0x150000000,0x160000000) source=MAP_JIT-EINVAL
#### JIT-MPROTECT call #1 addr=0x150000000 size=0x10000000 requested=0x7 effective=0x3 result=0 errno=0 caller=0x11207e334 image=/Applications/Visual Studio Code.app/Contents/Frameworks/Electron Framework.framework/Versions/A/Electron Framework offset=0x63b2334
#### JIT-MPROTECT remap decline #1 dst=0x157dc0000 size=0x208000 src=0x10e374000 requested=0x5 -> V8 copy fallback
#### JIT-MPROTECT flip #1 ranges=1 prot=RW writers=1 exec_waits=0 late_retries=0
#### JIT-MPROTECT flip #2 ranges=1 prot=RX writers=1 exec_waits=0 late_retries=0
[72325:0728/061318.446111:VERBOSE1:content/browser/renderer_host/back_forward_cache_impl.cc:853] BackForwardCacheImpl::GetCurrentBackForwardCacheEligibility: vscode-file://vscode-app/Applications/Visual%20Studio%20Code.app/Contents/Resources/app/out/vs/code/electron-browser/workbench/workbench.html : No: scheme is not HTTP or HTTPS, BackForwardCache is not supported by delegate
[72325:0728/061318.446194:VERBOSE1:content/browser/renderer_host/back_forward_cache_impl.cc:853] BackForwardCacheImpl::GetCompleteBackForwardCacheEligibilityForReporting: vscode-file://vscode-app/Applications/Visual%20Studio%20Code.app/Contents/Resources/app/out/vs/code/electron-browser/workbench/workbench.html : No: scheme is not HTTP or HTTPS, BackForwardCache is not supported by delegate
[72370:0728/061318.452034:VERBOSE1:extensions/renderer/dispatcher.cc:689] Num tracked contexts: 1
[72370:0728/061318.452444:VERBOSE1:extensions/renderer/dispatcher.cc:689] Num tracked contexts: 0
[72550:0728/061318.469784:VERBOSE1:extensions/renderer/script_context.cc:150] Created context:
  extension id:           (none)
  frame:                  0xe020308d0
  URL:                    
  context_type:           WEB_PAGE
  effective extension id: (none)
  effective context type: WEB_PAGE
[72550:0728/061318.470991:VERBOSE1:extensions/renderer/script_context.cc:150] Created context:
  extension id:           (none)
  frame:                  (nil)
  URL:                    
  context_type:           UNSPECIFIED
  effective extension id: (none)
  effective context type: UNSPECIFIED
[72550:0728/061318.472399:VERBOSE1:extensions/renderer/dispatcher.cc:493] Num tracked contexts: 1
[72370:0728/061318.476186:VERBOSE1:extensions/renderer/script_context.cc:163] Destroyed context for extension
  extension id: 
  effective extension id: 
[72370:0728/061318.476277:VERBOSE1:extensions/renderer/script_context.cc:163] Destroyed context for extension
  extension id: 
  effective extension id: 
[72370:0728/061318.476336:VERBOSE1:extensions/renderer/script_context.cc:163] Destroyed context for extension
  extension id: 
  effective extension id: 
[72370:0728/061318.476438:VERBOSE1:extensions/renderer/script_context.cc:163] Destroyed context for extension
  extension id: 
  effective extension id: 
[72550:0728/061318.477921:VERBOSE1:extensions/renderer/script_context.cc:150] Created context:
  extension id:           (none)
  frame:                  0xe020308d0
  URL:                    
  context_type:           WEB_PAGE
  effective extension id: (none)
  effective context type: WEB_PAGE
[72550:0728/061318.478015:VERBOSE1:extensions/renderer/script_context.cc:150] Created context:
  extension id:           (none)
  frame:                  (nil)
  URL:                    
  context_type:           UNSPECIFIED
  effective extension id: (none)
  effective context type: UNSPECIFIED
[72550:0728/061318.478131:VERBOSE1:extensions/renderer/dispatcher.cc:493] Num tracked contexts: 2
[72365:0728/061318.480770:VERBOSE1:net/base/network_delegate.cc:38] NetworkDelegate::NotifyBeforeURLRequest: https://webglsamples.org/jquery-ui-1.8.2.custom/css/ui-lightness/jquery-ui-1.8.2.custom.css
[72365:0728/061318.484589:VERBOSE1:net/base/network_delegate.cc:38] NetworkDelegate::NotifyBeforeURLRequest: https://webglsamples.org/jquery-ui-1.8.2.custom/js/jquery-1.4.2.min.js
[72365:0728/061318.485039:VERBOSE1:net/base/network_delegate.cc:38] NetworkDelegate::NotifyBeforeURLRequest: https://webglsamples.org/jquery-ui-1.8.2.custom/js/jquery-ui-1.8.2.custom.min.js
[72365:0728/061318.485289:VERBOSE1:net/base/network_delegate.cc:38] NetworkDelegate::NotifyBeforeURLRequest: https://webglsamples.org/khronos/webgl-debug.js
[72365:0728/061318.485763:VERBOSE1:net/base/network_delegate.cc:38] NetworkDelegate::NotifyBeforeURLRequest: https://webglsamples.org/tdl/base.js
[72365:0728/061318.485971:VERBOSE1:net/base/network_delegate.cc:38] NetworkDelegate::NotifyBeforeURLRequest: https://webglsamples.org/aquarium/aquarium-config.js
[72365:0728/061318.486290:VERBOSE1:net/base/network_delegate.cc:38] NetworkDelegate::NotifyBeforeURLRequest: https://webglsamples.org/aquarium/aquarium-common.js
[72365:0728/061318.486575:VERBOSE1:net/base/network_delegate.cc:38] NetworkDelegate::NotifyBeforeURLRequest: https://webglsamples.org/aquarium/aquarium.js
#### JIT-MPROTECT flip #3 ranges=1 prot=RW writers=1 exec_waits=0 late_retries=0
#### JIT-MPROTECT flip #4 ranges=1 prot=RX writers=1 exec_waits=0 late_retries=0
#### JIT-MPROTECT flip #5 ranges=1 prot=RW writers=1 exec_waits=0 late_retries=0
#### JIT-MPROTECT flip #6 ranges=1 prot=RX writers=1 exec_waits=0 late_retries=0
#### JIT-MPROTECT flip #7 ranges=1 prot=RW writers=1 exec_waits=0 late_retries=0
#### JIT-MPROTECT flip #8 ranges=1 prot=RX writers=1 exec_waits=0 late_retries=0
#### JIT-MPROTECT flip #9 ranges=1 prot=RW writers=1 exec_waits=0 late_retries=0
#### JIT-MPROTECT flip #10 ranges=1 prot=RX writers=1 exec_waits=0 late_retries=0
#### JIT-MPROTECT flip #11 ranges=1 prot=RW writers=1 exec_waits=0 late_retries=0
#### JIT-MPROTECT flip #12 ranges=1 prot=RX writers=1 exec_waits=0 late_retries=0
#### JIT-MPROTECT flip #13 ranges=1 prot=RW writers=1 exec_waits=0 late_retries=0
#### JIT-MPROTECT flip #14 ranges=1 prot=RX writers=1 exec_waits=0 late_retries=0
#### JIT-MPROTECT flip #15 ranges=1 prot=RW writers=1 exec_waits=0 late_retries=0
#### JIT-MPROTECT flip #16 ranges=1 prot=RX writers=1 exec_waits=0 late_retries=0
#### JIT-MPROTECT flip #17 ranges=1 prot=RW writers=1 exec_waits=0 late_retries=0
#### JIT-MPROTECT flip #18 ranges=1 prot=RX writers=1 exec_waits=0 late_retries=0
#### JIT-MPROTECT flip #19 ranges=1 prot=RW writers=1 exec_waits=0 late_retries=0
#### JIT-MPROTECT flip #20 ranges=1 prot=RX writers=1 exec_waits=0 late_retries=0
#### JIT-MPROTECT flip #21 ranges=1 prot=RW writers=1 exec_waits=0 late_retries=0
#### JIT-MPROTECT flip #22 ranges=1 prot=RX writers=1 exec_waits=0 late_retries=0
#### JIT-MPROTECT flip #23 ranges=1 prot=RW writers=1 exec_waits=0 late_retries=0
#### JIT-MPROTECT flip #24 ranges=1 prot=RX writers=1 exec_waits=0 late_retries=0
#### JIT-MPROTECT flip #25 ranges=1 prot=RW writers=1 exec_waits=0 late_retries=0
#### JIT-MPROTECT flip #26 ranges=1 prot=RX writers=1 exec_waits=0 late_retries=0
#### JIT-MPROTECT flip #27 ranges=1 prot=RW writers=1 exec_waits=0 late_retries=0
#### JIT-MPROTECT flip #28 ranges=1 prot=RX writers=1 exec_waits=0 late_retries=0
#### JIT-MPROTECT flip #29 ranges=1 prot=RW writers=1 exec_waits=0 late_retries=0
#### JIT-MPROTECT flip #30 ranges=1 prot=RX writers=1 exec_waits=0 late_retries=0
[72365:0728/061318.519005:VERBOSE1:net/third_party/quiche/src/quiche/quic/core/tls_handshaker.cc:109] TlsClient: Continuing handshake
[72365:0728/061318.521067:VERBOSE1:net/third_party/quiche/src/quiche/quic/core/tls_handshaker.cc:109] TlsClient: Continuing handshake
[72365:0728/061318.521155:VERBOSE1:net/third_party/quiche/src/quiche/quic/core/tls_handshaker.cc:109] TlsClient: Continuing handshake
[91m[main 2026-07-28T13:13:18.524Z][0m [uncaught exception in main]: Refused to handle ipcMain event for channel 'vscode:b111800d-a136-4728-b9fa-e958954f4e31' because of a bad origin of 'webglsamples.org'.
Error occurred in handler for 'vscode:b111800d-a136-4728-b9fa-e958954f4e31': Invalid channel 'vscode:b111800d-a136-4728-b9fa-e958954f4e31' or sender for ipcMain.handle() usage.
[91m[main 2026-07-28T13:13:18.525Z][0m [uncaught exception in main]: Refused to handle ipcMain event for channel 'vscode:fetchShellEnv' because of a bad origin of 'webglsamples.org'.
Error occurred in handler for 'vscode:fetchShellEnv': Invalid channel 'vscode:fetchShellEnv' or sender for ipcMain.handle() usage.
[72365:0728/061318.533126:VERBOSE1:net/third_party/quiche/src/quiche/quic/core/tls_handshaker.cc:109] TlsClient: Continuing handshake
[90m[main 2026-07-28T13:13:18.541Z][0m Extension host with pid 72409 exited with code: 0, signal: unknown.
#### JIT-MPROTECT flip #31 ranges=1 prot=RW writers=1 exec_waits=0 late_retries=0
#### JIT-MPROTECT flip #32 ranges=1 prot=RX writers=1 exec_waits=1 late_retries=0
[72325:0728/061318.569268:INFO:CONSOLE:4] "Uncaught (in promise) Error: Preload: unable to fetch vscode-window-config: Error: Error invoking remote method 'vscode:b111800d-a136-4728-b9fa-e958954f4e31': Invalid channel 'vscode:b111800d-a136-4728-b9fa-e958954f4e31' or sender for ipcMain.handle() usage.", source: /Applications/Visual Studio Code.app/Contents/Resources/app/out/vs/base/parts/sandbox/electron-browser/preload.js (4)
[72365:0728/061318.583158:VERBOSE1:net/base/network_delegate.cc:38] NetworkDelegate::NotifyBeforeURLRequest: https://webglsamples.org/tdl/io.js
[72365:0728/061318.583447:VERBOSE1:net/base/network_delegate.cc:38] NetworkDelegate::NotifyBeforeURLRequest: https://webglsamples.org/tdl/log.js
[72365:0728/061318.583592:VERBOSE1:net/base/network_delegate.cc:38] NetworkDelegate::NotifyBeforeURLRequest: https://webglsamples.org/tdl/sync.js
[72365:0728/061318.587978:VERBOSE1:net/base/network_delegate.cc:38] NetworkDelegate::NotifyBeforeURLRequest: https://webglsamples.org/tdl/string.js
[72365:0728/061318.591240:VERBOSE1:net/base/network_delegate.cc:38] NetworkDelegate::NotifyBeforeURLRequest: https://webglsamples.org/tdl/misc.js
[72365:0728/061318.594038:VERBOSE1:net/base/network_delegate.cc:38] NetworkDelegate::NotifyBeforeURLRequest: https://webglsamples.org/tdl/buffers.js
[72365:0728/061318.594426:VERBOSE1:net/base/network_delegate.cc:38] NetworkDelegate::NotifyBeforeURLRequest: https://webglsamples.org/tdl/clock.js
[72365:0728/061318.594818:VERBOSE1:net/base/network_delegate.cc:38] NetworkDelegate::NotifyBeforeURLRequest: https://webglsamples.org/tdl/fast.js
[72365:0728/061318.595122:VERBOSE1:net/base/network_delegate.cc:38] NetworkDelegate::NotifyBeforeURLRequest: https://webglsamples.org/tdl/fps.js
[72365:0728/061318.596370:VERBOSE1:net/base/network_delegate.cc:38] NetworkDelegate::NotifyBeforeURLRequest: https://webglsamples.org/tdl/math.js
[72365:0728/061318.596601:VERBOSE1:net/base/network_delegate.cc:38] NetworkDelegate::NotifyBeforeURLRequest: https://webglsamples.org/tdl/models.js
[72365:0728/061318.596821:VERBOSE1:net/base/network_delegate.cc:38] NetworkDelegate::NotifyBeforeURLRequest: https://webglsamples.org/tdl/particles.js
[72365:0728/061318.597339:VERBOSE1:net/base/network_delegate.cc:38] NetworkDelegate::NotifyBeforeURLRequest: https://webglsamples.org/tdl/primitives.js
[72365:0728/061318.597581:VERBOSE1:net/base/network_delegate.cc:38] NetworkDelegate::NotifyBeforeURLRequest: https://webglsamples.org/tdl/programs.js
[72365:0728/061318.597853:VERBOSE1:net/base/network_delegate.cc:38] NetworkDelegate::NotifyBeforeURLRequest: https://webglsamples.org/tdl/screenshot.js
[72365:0728/061318.598092:VERBOSE1:net/base/network_delegate.cc:38] NetworkDelegate::NotifyBeforeURLRequest: https://webglsamples.org/tdl/textures.js
[72365:0728/061318.598454:VERBOSE1:net/base/network_delegate.cc:38] NetworkDelegate::NotifyBeforeURLRequest: https://webglsamples.org/tdl/webgl.js
[72365:0728/061318.624813:VERBOSE1:net/base/network_delegate.cc:38] NetworkDelegate::NotifyBeforeURLRequest: https://webglsamples.org/tdl/shader.js
#### AGX_LIFE CREATE id=0x3a type=0x82 surf=0xad bytes=0x1f0000 kr=0 okC=250 failC=0 okD=76 failD=0 unmatchedD=0 full=0 live=174/45MB [t0=136/12MB t80=0/0MB t82=38/33MB]
[72365:0728/061318.702702:VERBOSE1:net/base/network_delegate.cc:38] NetworkDelegate::NotifyBeforeURLRequest: https://webglsamples.org/jquery-ui-1.8.2.custom/css/ui-lightness/images/ui-bg_highlight-soft_100_eeeeee_1x100.png
[72365:0728/061318.702962:VERBOSE1:net/base/network_delegate.cc:38] NetworkDelegate::NotifyBeforeURLRequest: https://webglsamples.org/jquery-ui-1.8.2.custom/css/ui-lightness/images/ui-bg_glass_100_f6f6f6_1x400.png
#### AGX_SUBMIT_DIAG #126 subtype1-predicate scalar0=0x1 legacy-scalar-gate=1 total=0x840/1 seglen=0x130/1 seghdr=1 cmdtotal=1 d8=1 pad1=1 f1=1 sent1=1 pad2=1 f2=1 sent2=1
#### AGX_SUBMIT_DIAG #126 descriptor[0] KCMD-type1-observed saved=0x840/0x840 path=/tmp/macws_submit_kcmd_126_0_type1-observed.bin errno=0
#### AGX_SUBMIT_DIAG #126 descriptor[0] segment saved=0x130/0x130 path=/tmp/macws_submit_segment_126_0.bin errno=0
#### AGX_SUBMIT_DIAG #126 TEMP-KCMD-ABI-FIX subtype1-clear pads=0x1c0,0x4c0 total=0x840->0x820 size=0x7e8->0x7c8 end=0x818->0x7f8 segment-span=0x820
#### MTL_TEX plain DEPTH-STENCIL: pf=260 routing to native AGX path (IOSurface backing is invalid)
#### MTL_TEX plain DEPTH-STENCIL native result: 0x600a19d80 class=AGXG13GFamilyTexture
[72365:0728/061318.749111:VERBOSE1:net/base/network_delegate.cc:38] NetworkDelegate::NotifyBeforeURLRequest: https://webglsamples.org/aquarium/assets/PropPlacement.js
[72365:0728/061318.749400:VERBOSE1:net/base/network_delegate.cc:38] NetworkDelegate::NotifyBeforeURLRequest: https://webglsamples.org/aquarium/assets/SmallFishA.js
[72365:0728/061318.749807:VERBOSE1:net/base/network_delegate.cc:38] NetworkDelegate::NotifyBeforeURLRequest: https://webglsamples.org/aquarium/assets/MediumFishA.js
[72365:0728/061318.750015:VERBOSE1:net/base/network_delegate.cc:38] NetworkDelegate::NotifyBeforeURLRequest: https://webglsamples.org/aquarium/assets/MediumFishB.js
[72365:0728/061318.750162:VERBOSE1:net/base/network_delegate.cc:38] NetworkDelegate::NotifyBeforeURLRequest: https://webglsamples.org/aquarium/assets/BigFishA.js
[72365:0728/061318.750300:VERBOSE1:net/base/network_delegate.cc:38] NetworkDelegate::NotifyBeforeURLRequest: https://webglsamples.org/aquarium/assets/BigFishB.js
[72365:0728/061318.750498:VERBOSE1:net/base/network_delegate.cc:38] NetworkDelegate::NotifyBeforeURLRequest: https://webglsamples.org/aquarium/assets/Arch.js
[72365:0728/061318.751071:VERBOSE1:net/base/network_delegate.cc:38] NetworkDelegate::NotifyBeforeURLRequest: https://webglsamples.org/aquarium/assets/Coral.js
[72365:0728/061318.751280:VERBOSE1:net/base/network_delegate.cc:38] NetworkDelegate::NotifyBeforeURLRequest: https://webglsamples.org/aquarium/assets/CoralStoneA.js
[72365:0728/061318.751429:VERBOSE1:net/base/network_delegate.cc:38] NetworkDelegate::NotifyBeforeURLRequest: https://webglsamples.org/aquarium/assets/CoralStoneB.js
[72365:0728/061318.751672:VERBOSE1:net/base/network_delegate.cc:38] NetworkDelegate::NotifyBeforeURLRequest: https://webglsamples.org/aquarium/assets/EnvironmentBox.js
[72365:0728/061318.751850:VERBOSE1:net/base/network_delegate.cc:38] NetworkDelegate::NotifyBeforeURLRequest: https://webglsamples.org/aquarium/assets/FloorBase_Baked.js
[72365:0728/061318.751985:VERBOSE1:net/base/network_delegate.cc:38] NetworkDelegate::NotifyBeforeURLRequest: https://webglsamples.org/aquarium/assets/FloorCenter.js
[72365:0728/061318.752173:VERBOSE1:net/base/network_delegate.cc:38] NetworkDelegate::NotifyBeforeURLRequest: https://webglsamples.org/aquarium/assets/GlobeBase.js
[72365:0728/061318.752535:VERBOSE1:net/base/network_delegate.cc:38] NetworkDelegate::NotifyBeforeURLRequest: https://webglsamples.org/aquarium/assets/GlobeInner.js
[72365:0728/061318.770127:VERBOSE1:net/base/network_delegate.cc:38] NetworkDelegate::NotifyBeforeURLRequest: https://webglsamples.org/aquarium/assets/GlobeOuter.js
[72365:0728/061318.770751:VERBOSE1:net/base/network_delegate.cc:38] NetworkDelegate::NotifyBeforeURLRequest: https://webglsamples.org/aquarium/assets/RockA.js
[72365:0728/061318.771151:VERBOSE1:net/base/network_delegate.cc:38] NetworkDelegate::NotifyBeforeURLRequest: https://webglsamples.org/aquarium/assets/RockB.js
[72365:0728/061318.771362:VERBOSE1:net/base/network_delegate.cc:38] NetworkDelegate::NotifyBeforeURLRequest: https://webglsamples.org/aquarium/assets/RockC.js
[72365:0728/061318.771695:VERBOSE1:net/base/network_delegate.cc:38] NetworkDelegate::NotifyBeforeURLRequest: https://webglsamples.org/aquarium/assets/RuinColumn.js
[72365:0728/061318.771953:VERBOSE1:net/base/network_delegate.cc:38] NetworkDelegate::NotifyBeforeURLRequest: https://webglsamples.org/aquarium/assets/Skybox.js
[72365:0728/061318.772162:VERBOSE1:net/base/network_delegate.cc:38] NetworkDelegate::NotifyBeforeURLRequest: https://webglsamples.org/aquarium/assets/Stone.js
[72325:0728/061318.772517:INFO:CONSOLE:55] "--Setup Laser----------------------------------------", source: https://webglsamples.org/tdl/log.js (55)
[72365:0728/061318.773038:VERBOSE1:net/base/network_delegate.cc:38] NetworkDelegate::NotifyBeforeURLRequest: https://webglsamples.org/aquarium/assets/Stones.js
[72365:0728/061318.773276:VERBOSE1:net/base/network_delegate.cc:38] NetworkDelegate::NotifyBeforeURLRequest: https://webglsamples.org/aquarium/assets/SunknShip.js
[72365:0728/061318.773548:VERBOSE1:net/base/network_delegate.cc:38] NetworkDelegate::NotifyBeforeURLRequest: https://webglsamples.org/aquarium/assets/SunknSub.js
[72365:0728/061318.773862:VERBOSE1:net/base/network_delegate.cc:38] NetworkDelegate::NotifyBeforeURLRequest: https://webglsamples.org/aquarium/assets/SupportBeams.js
[72365:0728/061318.774064:VERBOSE1:net/base/network_delegate.cc:38] NetworkDelegate::NotifyBeforeURLRequest: https://webglsamples.org/aquarium/assets/SeaweedA.js
[72365:0728/061318.774501:VERBOSE1:net/base/network_delegate.cc:38] NetworkDelegate::NotifyBeforeURLRequest: https://webglsamples.org/aquarium/assets/SeaweedB.js
[72365:0728/061318.774714:VERBOSE1:net/base/network_delegate.cc:38] NetworkDelegate::NotifyBeforeURLRequest: https://webglsamples.org/aquarium/assets/TreasureChest.js
[72325:0728/061318.834909:INFO:CONSOLE:55] "--Draw Fish---------------------------------------", source: https://webglsamples.org/tdl/log.js (55)
[72365:0728/061318.837650:VERBOSE1:net/base/network_delegate.cc:38] NetworkDelegate::NotifyBeforeURLRequest: https://webglsamples.org/aquarium/static_assets/beam.png
[72365:0728/061318.837982:VERBOSE1:net/base/network_delegate.cc:38] NetworkDelegate::NotifyBeforeURLRequest: https://webglsamples.org/aquarium/static_assets/bubble.png
[72365:0728/061318.838207:VERBOSE1:net/base/network_delegate.cc:38] NetworkDelegate::NotifyBeforeURLRequest: https://webglsamples.org/aquarium/assets/LightRay.png
#### AGX_SUBMIT_DIAG #132 TEMP-KCMD-TRAILING-WRAPPER-FIX match=32 subtype1=0..0x840->0..0x820 wrappers=1 range=0x840..0x858->0x820..0x838
#### AGXIOC Method sel=0x18->0x18 inCnt=0 inSC=0 outSC=0 -> 0xe00002c2
#### MACWS-NEW-EVENT #1 original=nil sharedEvent=0x601236cc0 class=_MTLSharedEvent device=0x600282000 deviceClass=AGXG13GFamilyDevice
[72325:0728/061318.877639:INFO:CONSOLE:55] "assets/SmallFishA.js: custom", source: https://webglsamples.org/tdl/log.js (55)
[72365:0728/061318.880819:VERBOSE1:net/base/network_delegate.cc:38] NetworkDelegate::NotifyBeforeURLRequest: https://webglsamples.org/aquarium/assets/SmallFishA_NM.png
[72365:0728/061318.881358:VERBOSE1:net/base/network_delegate.cc:38] NetworkDelegate::NotifyBeforeURLRequest: https://webglsamples.org/aquarium/assets/SmallFishA_DM.jpg
[72365:0728/061318.881552:VERBOSE1:net/base/network_delegate.cc:38] NetworkDelegate::NotifyBeforeURLRequest: https://webglsamples.org/aquarium/assets/SmallFishA_RM.jpg
[72365:0728/061318.881796:VERBOSE1:net/base/network_delegate.cc:38] NetworkDelegate::NotifyBeforeURLRequest: https://webglsamples.org/aquarium/assets/GlobeOuter_EM_positive_x.jpg
[72365:0728/061318.881978:VERBOSE1:net/base/network_delegate.cc:38] NetworkDelegate::NotifyBeforeURLRequest: https://webglsamples.org/aquarium/assets/GlobeOuter_EM_negative_x.jpg
[72365:0728/061318.882134:VERBOSE1:net/base/network_delegate.cc:38] NetworkDelegate::NotifyBeforeURLRequest: https://webglsamples.org/aquarium/assets/GlobeOuter_EM_positive_y.jpg
[72365:0728/061318.882310:VERBOSE1:net/base/network_delegate.cc:38] NetworkDelegate::NotifyBeforeURLRequest: https://webglsamples.org/aquarium/assets/GlobeOuter_EM_negative_y.jpg
[72365:0728/061318.882526:VERBOSE1:net/base/network_delegate.cc:38] NetworkDelegate::NotifyBeforeURLRequest: https://webglsamples.org/aquarium/assets/GlobeOuter_EM_positive_z.jpg
[72365:0728/061318.882686:VERBOSE1:net/base/network_delegate.cc:38] NetworkDelegate::NotifyBeforeURLRequest: https://webglsamples.org/aquarium/assets/GlobeOuter_EM_negative_z.jpg
[72325:0728/061318.889646:INFO:CONSOLE:55] "assets/MediumFishA.js: custom", source: https://webglsamples.org/tdl/log.js (55)
[72365:0728/061318.891494:VERBOSE1:net/base/network_delegate.cc:38] NetworkDelegate::NotifyBeforeURLRequest: https://webglsamples.org/aquarium/assets/MediumFishA_NM.png
[72365:0728/061318.891773:VERBOSE1:net/base/network_delegate.cc:38] NetworkDelegate::NotifyBeforeURLRequest: https://webglsamples.org/aquarium/assets/MediumFishA_DM.jpg
[72325:0728/061318.894232:INFO:CONSOLE:55] "assets/MediumFishB.js: custom", source: https://webglsamples.org/tdl/log.js (55)
#### JIT-MPROTECT flip #1024 ranges=1 prot=RX writers=1 exec_waits=194 late_retries=18
[72365:0728/061318.895540:VERBOSE1:net/base/network_delegate.cc:38] NetworkDelegate::NotifyBeforeURLRequest: https://webglsamples.org/aquarium/assets/MediumFishB_NM.png
[72365:0728/061318.895831:VERBOSE1:net/base/network_delegate.cc:38] NetworkDelegate::NotifyBeforeURLRequest: https://webglsamples.org/aquarium/assets/MediumFishB_DM.jpg
[72365:0728/061318.896012:VERBOSE1:net/base/network_delegate.cc:38] NetworkDelegate::NotifyBeforeURLRequest: https://webglsamples.org/aquarium/assets/MediumFishB_RM.jpg
[72325:0728/061318.900313:INFO:CONSOLE:55] "assets/BigFishA.js: custom", source: https://webglsamples.org/tdl/log.js (55)
[72365:0728/061318.902904:VERBOSE1:net/base/network_delegate.cc:38] NetworkDelegate::NotifyBeforeURLRequest: https://webglsamples.org/aquarium/assets/BigFishA_NM.png
[72365:0728/061318.903253:VERBOSE1:net/base/network_delegate.cc:38] NetworkDelegate::NotifyBeforeURLRequest: https://webglsamples.org/aquarium/assets/BigFishA_DM.jpg
[72325:0728/061318.923047:INFO:CONSOLE:55] "assets/BigFishB.js: custom", source: https://webglsamples.org/tdl/log.js (55)
[72365:0728/061318.924649:VERBOSE1:net/base/network_delegate.cc:38] NetworkDelegate::NotifyBeforeURLRequest: https://webglsamples.org/aquarium/assets/BigFishB_NM.png
[72365:0728/061318.924891:VERBOSE1:net/base/network_delegate.cc:38] NetworkDelegate::NotifyBeforeURLRequest: https://webglsamples.org/aquarium/assets/BigFishB_DM.jpg
[72325:0728/061318.935474:INFO:CONSOLE:55] "assets/Arch.js: normalMap", source: https://webglsamples.org/tdl/log.js (55)
[72365:0728/061318.936148:VERBOSE1:net/base/network_delegate.cc:38] NetworkDelegate::NotifyBeforeURLRequest: https://webglsamples.org/aquarium/assets/Arch_NM.png
[72365:0728/061318.936557:VERBOSE1:net/base/network_delegate.cc:38] NetworkDelegate::NotifyBeforeURLRequest: https://webglsamples.org/aquarium/assets/Arch_DM.jpg
[72325:0728/061318.937488:INFO:CONSOLE:55] "assets/Coral.js: normalMap", source: https://webglsamples.org/tdl/log.js (55)
[72365:0728/061318.939186:VERBOSE1:net/base/network_delegate.cc:38] NetworkDelegate::NotifyBeforeURLRequest: https://webglsamples.org/aquarium/assets/Coral_NM.png
[72325:0728/061318.939338:INFO:CONSOLE:55] "assets/CoralStoneA.js: normalMap", source: https://webglsamples.org/tdl/log.js (55)
[72365:0728/061318.939391:VERBOSE1:net/base/network_delegate.cc:38] NetworkDelegate::NotifyBeforeURLRequest: https://webglsamples.org/aquarium/assets/Coral_DM.jpg
[72365:0728/061318.940236:VERBOSE1:net/base/network_delegate.cc:38] NetworkDelegate::NotifyBeforeURLRequest: https://webglsamples.org/aquarium/assets/CoralReef_NM.png
[72325:0728/061318.940351:INFO:CONSOLE:55] "assets/CoralStoneB.js: normalMap", source: https://webglsamples.org/tdl/log.js (55)
[72365:0728/061318.940543:VERBOSE1:net/base/network_delegate.cc:38] NetworkDelegate::NotifyBeforeURLRequest: https://webglsamples.org/aquarium/assets/CoralReef_DM.jpg
[72325:0728/061318.949053:INFO:CONSOLE:55] "assets/EnvironmentBox.js: custom", source: https://webglsamples.org/tdl/log.js (55)
[72325:0728/061318.950330:INFO:CONSOLE:55] "assets/EnvironmentBox.js: custom", source: https://webglsamples.org/tdl/log.js (55)
[72325:0728/061318.950641:INFO:CONSOLE:55] "assets/EnvironmentBox.js: custom", source: https://webglsamples.org/tdl/log.js (55)
[72325:0728/061318.950862:INFO:CONSOLE:55] "assets/EnvironmentBox.js: custom", source: https://webglsamples.org/tdl/log.js (55)
[72325:0728/061318.951135:INFO:CONSOLE:55] "assets/EnvironmentBox.js: custom", source: https://webglsamples.org/tdl/log.js (55)
[72325:0728/061318.951446:INFO:CONSOLE:55] "assets/EnvironmentBox.js: custom", source: https://webglsamples.org/tdl/log.js (55)
[72325:0728/061318.985526:INFO:CONSOLE:55] "assets/FloorBase_Baked.js: normalMap", source: https://webglsamples.org/tdl/log.js (55)
#### AGXIOC Method sel=0x18->0x18 inCnt=0 inSC=0 outSC=0 -> 0xe00002c2
#### MACWS-NEW-EVENT #2 original=nil sharedEvent=0x6012392e0 class=_MTLSharedEvent device=0x600282000 deviceClass=AGXG13GFamilyDevice
[72365:0728/061318.988204:VERBOSE1:net/base/network_delegate.cc:38] NetworkDelegate::NotifyBeforeURLRequest: https://webglsamples.org/aquarium/assets/FloorBaseA_NM.png
[72365:0728/061318.988400:VERBOSE1:net/base/network_delegate.cc:38] NetworkDelegate::NotifyBeforeURLRequest: https://webglsamples.org/aquarium/assets/FloorBaseA_DM.jpg
[72325:0728/061318.993736:INFO:CONSOLE:55] "assets/FloorCenter.js: diffuse", source: https://webglsamples.org/tdl/log.js (55)
[72365:0728/061318.994823:VERBOSE1:net/base/network_delegate.cc:38] NetworkDelegate::NotifyBeforeURLRequest: https://webglsamples.org/aquarium/assets/FloorTile_01_DM.jpg
[72325:0728/061318.996144:INFO:CONSOLE:55] "assets/GlobeBase.js: custom", source: https://webglsamples.org/tdl/log.js (55)
[72365:0728/061318.997362:VERBOSE1:net/base/network_delegate.cc:38] NetworkDelegate::NotifyBeforeURLRequest: https://webglsamples.org/aquarium/assets/GlobeOuter_NM.png
[72365:0728/061318.997542:VERBOSE1:net/base/network_delegate.cc:38] NetworkDelegate::NotifyBeforeURLRequest: https://webglsamples.org/aquarium/assets/GlobeOuter_DM.png
[72365:0728/061318.997800:VERBOSE1:net/base/network_delegate.cc:38] NetworkDelegate::NotifyBeforeURLRequest: https://webglsamples.org/aquarium/assets/GlobeOuter_RM.jpg
#### AGX_SUBMIT_DIAG #143 TEMP-KCMD-ABI-FIX off=0 size=0x1b8->0x1a8 end=0x1e8->0x1d8 moved=0x14 new-total=0x1e0
[72325:0728/061319.021286:INFO:CONSOLE:55] "assets/GlobeInner.js: custom", source: https://webglsamples.org/tdl/log.js (55)
[72365:0728/061319.022216:VERBOSE1:net/base/network_delegate.cc:38] NetworkDelegate::NotifyBeforeURLRequest: https://webglsamples.org/aquarium/assets/GlobeInner_NM.png
[72365:0728/061319.022499:VERBOSE1:net/base/network_delegate.cc:38] NetworkDelegate::NotifyBeforeURLRequest: https://webglsamples.org/aquarium/assets/GlobeInner_DM.png
[72365:0728/061319.022668:VERBOSE1:net/base/network_delegate.cc:38] NetworkDelegate::NotifyBeforeURLRequest: https://webglsamples.org/aquarium/assets/GlobeInner_RM.jpg
[72325:0728/061319.032697:INFO:CONSOLE:55] "assets/GlobeOuter.js: custom", source: https://webglsamples.org/tdl/log.js (55)
[72325:0728/061319.037543:INFO:CONSOLE:55] "assets/RockA.js: normalMap", source: https://webglsamples.org/tdl/log.js (55)
[72365:0728/061319.038296:VERBOSE1:net/base/network_delegate.cc:38] NetworkDelegate::NotifyBeforeURLRequest: https://webglsamples.org/aquarium/assets/Rock01_NM.png
[72365:0728/061319.038537:VERBOSE1:net/base/network_delegate.cc:38] NetworkDelegate::NotifyBeforeURLRequest: https://webglsamples.org/aquarium/assets/Rock01_DM.jpg
[72325:0728/061319.039987:INFO:CONSOLE:55] "assets/RockB.js: normalMap", source: https://webglsamples.org/tdl/log.js (55)
[72325:0728/061319.041702:INFO:CONSOLE:55] "assets/RockC.js: normalMap", source: https://webglsamples.org/tdl/log.js (55)
#### AGX_SUBMIT_DIAG #144 TEMP-KCMD-ABI-FIX off=0 size=0x1b8->0x1a8 end=0x1e8->0x1d8 moved=0x14 new-total=0x1e0
[72325:0728/061319.043235:INFO:CONSOLE:55] "assets/RuinColumn.js: normalMap", source: https://webglsamples.org/tdl/log.js (55)
[72325:0728/061319.043659:INFO:CONSOLE:55] "assets/Skybox.js: custom", source: https://webglsamples.org/tdl/log.js (55)
[72365:0728/061319.044296:VERBOSE1:net/base/network_delegate.cc:38] NetworkDelegate::NotifyBeforeURLRequest: https://webglsamples.org/aquarium/assets/GlobeOuter_Sky.jpg
[72325:0728/061319.044522:INFO:CONSOLE:55] "assets/Stone.js: normalMap", source: https://webglsamples.org/tdl/log.js (55)
[72365:0728/061319.045425:VERBOSE1:net/base/network_delegate.cc:38] NetworkDelegate::NotifyBeforeURLRequest: https://webglsamples.org/aquarium/assets/StoneA_NM.png
[72365:0728/061319.045602:VERBOSE1:net/base/network_delegate.cc:38] NetworkDelegate::NotifyBeforeURLRequest: https://webglsamples.org/aquarium/assets/StoneA_DM.jpg
[72325:0728/061319.046285:INFO:CONSOLE:55] "assets/Stones.js: normalMap", source: https://webglsamples.org/tdl/log.js (55)
[72325:0728/061319.047652:INFO:CONSOLE:55] "assets/SunknShip.js: normalMap", source: https://webglsamples.org/tdl/log.js (55)
[72325:0728/061319.047976:INFO:CONSOLE:55] "assets/SunknShip.js: normalMap", source: https://webglsamples.org/tdl/log.js (55)
[72325:0728/061319.048227:INFO:CONSOLE:55] "assets/SunknShip.js: normalMap", source: https://webglsamples.org/tdl/log.js (55)
#### AGX_LIFE CREATE id=0x15f type=0 surf=0 bytes=0x4000 kr=0 okC=500 failC=0 okD=149 failD=0 unmatchedD=0 full=0 live=351/53MB [t0=310/20MB t80=0/0MB t82=41/32MB]
[72365:0728/061319.048848:VERBOSE1:net/base/network_delegate.cc:38] NetworkDelegate::NotifyBeforeURLRequest: https://webglsamples.org/aquarium/assets/SunknShipBoxes_NM.png
[72365:0728/061319.049008:VERBOSE1:net/base/network_delegate.cc:38] NetworkDelegate::NotifyBeforeURLRequest: https://webglsamples.org/aquarium/assets/SunknShipBoxes_DM.jpg
[72365:0728/061319.049924:VERBOSE1:net/base/network_delegate.cc:38] NetworkDelegate::NotifyBeforeURLRequest: https://webglsamples.org/aquarium/assets/SunknShipDeck_NM.png
[72365:0728/061319.050105:VERBOSE1:net/base/network_delegate.cc:38] NetworkDelegate::NotifyBeforeURLRequest: https://webglsamples.org/aquarium/assets/SunknShipDeck_DM.jpg
[72365:0728/061319.050262:VERBOSE1:net/base/network_delegate.cc:38] NetworkDelegate::NotifyBeforeURLRequest: https://webglsamples.org/aquarium/assets/SunknShipHull_NM.png
[72365:0728/061319.050445:VERBOSE1:net/base/network_delegate.cc:38] NetworkDelegate::NotifyBeforeURLRequest: https://webglsamples.org/aquarium/assets/SunknShipHull_DM.jpg
[72325:0728/061319.050698:INFO:CONSOLE:55] "assets/SunknSub.js: normalMap", source: https://webglsamples.org/tdl/log.js (55)
[72325:0728/061319.051861:INFO:CONSOLE:55] "assets/SunknSub.js: normalMap", source: https://webglsamples.org/tdl/log.js (55)
[72365:0728/061319.053033:VERBOSE1:net/base/network_delegate.cc:38] NetworkDelegate::NotifyBeforeURLRequest: https://webglsamples.org/aquarium/assets/SunknSubDetail_NM.png
[72365:0728/061319.069497:VERBOSE1:net/base/network_delegate.cc:38] NetworkDelegate::NotifyBeforeURLRequest: https://webglsamples.org/aquarium/assets/SunknSubDetail_DM.jpg
[72365:0728/061319.069682:VERBOSE1:net/base/network_delegate.cc:38] NetworkDelegate::NotifyBeforeURLRequest: https://webglsamples.org/aquarium/assets/SunknSubHull_NM.png
[72365:0728/061319.069893:VERBOSE1:net/base/network_delegate.cc:38] NetworkDelegate::NotifyBeforeURLRequest: https://webglsamples.org/aquarium/assets/SunknSubHull_DM.jpg
[72325:0728/061319.078835:INFO:CONSOLE:55] "assets/SeaweedA.js: custom", source: https://webglsamples.org/tdl/log.js (55)
[72365:0728/061319.079539:VERBOSE1:net/base/network_delegate.cc:38] NetworkDelegate::NotifyBeforeURLRequest: https://webglsamples.org/aquarium/assets/Seeweeds.png
#### MTL_TEX plain NON-2D: texType=5 → downgrading to 2D (IOSurface backing is 2D-only; native AGXTexture init's cascade returns a corrupt non-2D texture that SIGSEGVs in setFragmentTexture). The result is a real bindable 2D AGXG13GFamilyTexture; CA's placeholder bind needs a non-nil tex but doesn't actually sample it.
[72325:0728/061319.086236:INFO:CONSOLE:55] "assets/SupportBeams.js: diffuse", source: https://webglsamples.org/tdl/log.js (55)
[72365:0728/061319.087850:VERBOSE1:net/base/network_delegate.cc:38] NetworkDelegate::NotifyBeforeURLRequest: https://webglsamples.org/aquarium/assets/BaseSupport_DM.jpg
[72325:0728/061319.090130:INFO:CONSOLE:55] "assets/SeaweedB.js: custom", source: https://webglsamples.org/tdl/log.js (55)
[72325:0728/061319.091416:INFO:CONSOLE:55] "assets/TreasureChest.js: normalMap", source: https://webglsamples.org/tdl/log.js (55)
[72365:0728/061319.092846:VERBOSE1:net/base/network_delegate.cc:38] NetworkDelegate::NotifyBeforeURLRequest: https://webglsamples.org/aquarium/assets/Chest_NM.png
[72365:0728/061319.093186:VERBOSE1:net/base/network_delegate.cc:38] NetworkDelegate::NotifyBeforeURLRequest: https://webglsamples.org/aquarium/assets/Chest_DM.jpg
[72325:0728/061319.094364:INFO:CONSOLE:55] "loaded image: assets/GlobeOuter_EM_positive_x.jpg", source: https://webglsamples.org/tdl/log.js (55)
[72325:0728/061319.094460:INFO:CONSOLE:55] "loaded image: assets/GlobeOuter_EM_negative_x.jpg", source: https://webglsamples.org/tdl/log.js (55)
[72325:0728/061319.095749:INFO:CONSOLE:55] "loaded image: assets/GlobeOuter_EM_negative_y.jpg", source: https://webglsamples.org/tdl/log.js (55)
[72325:0728/061319.095863:INFO:CONSOLE:55] "loaded image: assets/GlobeOuter_EM_positive_z.jpg", source: https://webglsamples.org/tdl/log.js (55)
[72325:0728/061319.095910:INFO:CONSOLE:55] "loaded image: assets/GlobeOuter_EM_negative_z.jpg", source: https://webglsamples.org/tdl/log.js (55)
[72325:0728/061319.095954:INFO:CONSOLE:55] "loaded image: assets/GlobeOuter_EM_positive_y.jpg", source: https://webglsamples.org/tdl/log.js (55)
#### AGXIOC Method sel=0x18->0x18 inCnt=0 inSC=0 outSC=0 -> 0xe00002c2
#### MACWS-NEW-EVENT #3 original=nil sharedEvent=0x601239b50 class=_MTLSharedEvent device=0x600282000 deviceClass=AGXG13GFamilyDevice
#### AGXIOC heap map #500 clientID 0x4000 -> resourceID 0x174 size 0x120
#### AGX_SUBMIT_DIAG #152 TEMP-KCMD-ABI-FIX off=0 size=0x1b8->0x1a8 end=0x1e8->0x1d8 moved=0x94 new-total=0x260
#### MTL_TEX plain NON-2D: texType=5 → downgrading to 2D (IOSurface backing is 2D-only; native AGXTexture init's cascade returns a corrupt non-2D texture that SIGSEGVs in setFragmentTexture). The result is a real bindable 2D AGXG13GFamilyTexture; CA's placeholder bind needs a non-nil tex but doesn't actually sample it.
#### AGXIOC Method sel=0x18->0x18 inCnt=0 inSC=0 outSC=0 -> 0xe00002c2
#### MACWS-NEW-EVENT #4 original=nil sharedEvent=0x60123aaa0 class=_MTLSharedEvent device=0x600282000 deviceClass=AGXG13GFamilyDevice
#### AGXIOC Method sel=0x18->0x18 inCnt=0 inSC=0 outSC=0 -> 0xe00002c2
#### MACWS-NEW-EVENT #5 original=nil sharedEvent=0x60123b180 class=_MTLSharedEvent device=0x600282000 deviceClass=AGXG13GFamilyDevice
#### AGXIOC Method sel=0x18->0x18 inCnt=0 inSC=0 outSC=0 -> 0xe00002c2
#### MACWS-NEW-EVENT #6 original=nil sharedEvent=0x60123b770 class=_MTLSharedEvent device=0x600282000 deviceClass=AGXG13GFamilyDevice
#### AGXIOC Method sel=0x18->0x18 inCnt=0 inSC=0 outSC=0 -> 0xe00002c2
#### MACWS-NEW-EVENT #7 original=nil sharedEvent=0x60123b4a0 class=_MTLSharedEvent device=0x600282000 deviceClass=AGXG13GFamilyDevice
#### AGXIOC Method sel=0x18->0x18 inCnt=0 inSC=0 outSC=0 -> 0xe00002c2
#### MACWS-NEW-EVENT #8 original=nil sharedEvent=0x600533bb0 class=_MTLSharedEvent device=0x600282000 deviceClass=AGXG13GFamilyDevice
#### AGX_LIFE DESTROY id=0x1a7 type=0 surf=0 bytes=0x40000 kr=0 okC=693 failC=0 okD=250 failD=0 unmatchedD=0 full=0 live=443/74MB [t0=387/25MB t80=0/0MB t82=56/48MB]
#### AGXIOC Method sel=0x18->0x18 inCnt=0 inSC=0 outSC=0 -> 0xe00002c2
#### MACWS-NEW-EVENT #9 original=nil sharedEvent=0x60123b9a0 class=_MTLSharedEvent device=0x600282000 deviceClass=AGXG13GFamilyDevice
#### AGXIOC Method sel=0x18->0x18 inCnt=0 inSC=0 outSC=0 -> 0xe00002c2
#### MACWS-NEW-EVENT #10 original=nil sharedEvent=0x60123c080 class=_MTLSharedEvent device=0x600282000 deviceClass=AGXG13GFamilyDevice
#### AGXIOC Method sel=0x18->0x18 inCnt=0 inSC=0 outSC=0 -> 0xe00002c2
#### MACWS-NEW-EVENT #11 original=nil sharedEvent=0x60123c7b0 class=_MTLSharedEvent device=0x600282000 deviceClass=AGXG13GFamilyDevice
[72325:0728/061321.422105:VERBOSE1:content/browser/renderer_host/media/media_stream_manager.cc:1515] MSPL::OnSuspend([this=0x6000d2ea8])
[72325:0728/061322.620907:VERBOSE1:content/browser/renderer_host/media/media_stream_manager.cc:1515] MSPL::OnResume([this=0x6000d2ea8])
#### AGX_SUBMIT_DIAG #273 TEMP-KCMD-TRAILING-WRAPPER-FIX match=64 subtype1=0..0x840->0..0x820 wrappers=1 range=0x840..0x858->0x820..0x838
[72365:0728/061325.471728:VERBOSE1:net/base/network_delegate.cc:38] NetworkDelegate::NotifyBeforeURLRequest: https://mobile.events.data.microsoft.com/OneCollector/1.0?cors=true&content-type=application/x-json-stream
[72365:0728/061326.801713:ERROR:net/socket/ssl_client_socket_impl.cc:924] handshake failed; returned -1, SSL error code 1, net_error -331
[72325:0728/061326.801794:VERBOSE1:content/browser/renderer_host/media/media_stream_manager.cc:1515] MSPL::OnSuspend([this=0x6000d2ea8])
[72365:0728/061326.801939:ERROR:net/socket/ssl_client_socket_impl.cc:924] handshake failed; returned -1, SSL error code 1, net_error -331
[72325:0728/061327.933875:VERBOSE1:content/browser/renderer_host/media/media_stream_manager.cc:1515] MSPL::OnResume([this=0x6000d2ea8])
#### AGX_SUBMIT_DIAG #460 TEMP-KCMD-TRAILING-WRAPPER-FIX match=128 subtype1=0..0x840->0..0x820 wrappers=1 range=0x840..0x858->0x820..0x838
[72365:0728/061331.075259:VERBOSE1:net/base/network_delegate.cc:38] NetworkDelegate::NotifyBeforeURLRequest: https://mobile.events.data.microsoft.com/OneCollector/1.0?cors=true&content-type=application/x-json-stream
[72325:0728/061332.111540:VERBOSE1:content/browser/renderer_host/media/media_stream_manager.cc:1515] MSPL::OnSuspend([this=0x6000d2ea8])
[72365:0728/061332.112056:ERROR:net/socket/ssl_client_socket_impl.cc:924] handshake failed; returned -1, SSL error code 1, net_error -331
[72325:0728/061332.638301:VERBOSE1:content/browser/renderer_host/media/media_stream_manager.cc:1515] MSPL::OnResume([this=0x6000d2ea8])
[72325:0728/061336.818249:VERBOSE1:content/browser/renderer_host/media/media_stream_manager.cc:1515] MSPL::OnSuspend([this=0x6000d2ea8])
[72325:0728/061337.415303:VERBOSE1:content/browser/renderer_host/media/media_stream_manager.cc:1515] MSPL::OnResume([this=0x6000d2ea8])
#### AGX_SUBMIT_DIAG #850 TEMP-KCMD-TRAILING-WRAPPER-FIX match=256 subtype1=0..0x840->0..0x820 wrappers=1 range=0x840..0x858->0x820..0x838
[72325:0728/061341.626214:VERBOSE1:content/browser/renderer_host/media/media_stream_manager.cc:1515] MSPL::OnSuspend([this=0x6000d2ea8])
[72325:0728/061342.669897:VERBOSE1:content/browser/renderer_host/media/media_stream_manager.cc:1515] MSPL::OnResume([this=0x6000d2ea8])
#### AGXIOC Method sel=0x1e->0x1a inCnt=4 inSC=56 outSC=0 -> 0x0
[72325:0728/061346.897208:VERBOSE1:content/browser/renderer_host/media/media_stream_manager.cc:1515] MSPL::OnSuspend([this=0x6000d2ea8])
[72325:0728/061347.928069:VERBOSE1:content/browser/renderer_host/media/media_stream_manager.cc:1515] MSPL::OnResume([this=0x6000d2ea8])
[72325:0728/061352.146315:VERBOSE1:content/browser/renderer_host/media/media_stream_manager.cc:1515] MSPL::OnSuspend([this=0x6000d2ea8])
[72325:0728/061353.177822:VERBOSE1:content/browser/renderer_host/media/media_stream_manager.cc:1515] MSPL::OnResume([this=0x6000d2ea8])
[72325:0728/061357.397656:VERBOSE1:content/browser/renderer_host/media/media_stream_manager.cc:1515] MSPL::OnSuspend([this=0x6000d2ea8])
[72325:0728/061358.429045:VERBOSE1:content/browser/renderer_host/media/media_stream_manager.cc:1515] MSPL::OnResume([this=0x6000d2ea8])
#### AGX_SUBMIT_DIAG #1600 TEMP-KCMD-TRAILING-WRAPPER-FIX match=512 subtype1=0..0x840->0..0x820 wrappers=1 range=0x840..0x858->0x820..0x838
[72325:0728/061402.635473:VERBOSE1:content/browser/renderer_host/media/media_stream_manager.cc:1515] MSPL::OnSuspend([this=0x6000d2ea8])
[72325:0728/061403.695150:VERBOSE1:content/browser/renderer_host/media/media_stream_manager.cc:1515] MSPL::OnResume([this=0x6000d2ea8])
[72325:0728/061409.490452:VERBOSE1:content/browser/renderer_host/media/media_stream_manager.cc:1515] MSPL::OnSuspend([this=0x6000d2ea8])
[72325:0728/061409.987071:VERBOSE1:content/browser/renderer_host/media/media_stream_manager.cc:1515] MSPL::OnResume([this=0x6000d2ea8])
#### AGXIOC Method sel=0x1e->0x1a inCnt=4 inSC=56 outSC=0 -> 0x0
[72325:0728/061414.177398:VERBOSE1:content/browser/renderer_host/media/media_stream_manager.cc:1515] MSPL::OnSuspend([this=0x6000d2ea8])
[72325:0728/061415.242527:VERBOSE1:content/browser/renderer_host/media/media_stream_manager.cc:1515] MSPL::OnResume([this=0x6000d2ea8])
[72365:0728/061417.660947:VERBOSE1:net/base/network_delegate.cc:38] NetworkDelegate::NotifyBeforeURLRequest: https://mobile.events.data.microsoft.com/OneCollector/1.0?cors=true&content-type=application/x-json-stream
[72325:0728/061419.412085:VERBOSE1:content/browser/renderer_host/media/media_stream_manager.cc:1515] MSPL::OnSuspend([this=0x6000d2ea8])
[72325:0728/061420.464515:VERBOSE1:content/browser/renderer_host/media/media_stream_manager.cc:1515] MSPL::OnResume([this=0x6000d2ea8])
[72365:0728/061421.962668:VERBOSE1:net/base/network_delegate.cc:38] NetworkDelegate::NotifyBeforeURLRequest: https://mobile.events.data.microsoft.com/OneCollector/1.0?cors=true&content-type=application/x-json-stream
[72325:0728/061424.676115:VERBOSE1:content/browser/renderer_host/media/media_stream_manager.cc:1515] MSPL::OnSuspend([this=0x6000d2ea8])
[72325:0728/061424.681362:VERBOSE1:content/browser/renderer_host/media/media_stream_manager.cc:1515] MSPL::OnResume([this=0x6000d2ea8])
[91m[main 2026-07-28T13:14:24.881Z][0m [AgentHost:stderr] #### JIT-MPROTECT flip #7168 ranges=1 prot=RX writers=1 exec_waits=1327 late_retries=63

[72325:0728/061430.010266:VERBOSE1:content/browser/renderer_host/media/media_stream_manager.cc:1515] MSPL::OnSuspend([this=0x6000d2ea8])
[72325:0728/061430.998590:VERBOSE1:content/browser/renderer_host/media/media_stream_manager.cc:1515] MSPL::OnResume([this=0x6000d2ea8])
[72325:0728/061435.163306:VERBOSE1:content/browser/renderer_host/media/media_stream_manager.cc:1515] MSPL::OnSuspend([this=0x6000d2ea8])
[72325:0728/061436.254440:VERBOSE1:content/browser/renderer_host/media/media_stream_manager.cc:1515] MSPL::OnResume([this=0x6000d2ea8])
[72365:0728/061436.892485:VERBOSE1:net/base/network_delegate.cc:38] NetworkDelegate::NotifyBeforeURLRequest: https://webglsamples.org/aquarium/aquarium.html
#### AGX_LIFE DESTROY id=0xeb type=0 surf=0 bytes=0x4000 kr=0 okC=746 failC=0 okD=500 failD=0 unmatchedD=0 full=0 live=246/68MB [t0=189/19MB t80=0/0MB t82=57/48MB]
[72550:0728/061436.929342:VERBOSE1:extensions/renderer/dispatcher.cc:689] Num tracked contexts: 1
[72550:0728/061436.929495:VERBOSE1:extensions/renderer/dispatcher.cc:689] Num tracked contexts: 0
[72325:0728/061436.932533:VERBOSE1:content/browser/renderer_host/back_forward_cache_impl.cc:853] BackForwardCacheImpl::GetCurrentBackForwardCacheEligibility: https://webglsamples.org/aquarium/aquarium.html : No: Browsing instance is not swapped, BackForwardCache is not supported by delegate
[72325:0728/061436.932596:VERBOSE1:content/browser/renderer_host/back_forward_cache_impl.cc:853] BackForwardCacheImpl::GetCompleteBackForwardCacheEligibilityForReporting: https://webglsamples.org/aquarium/aquarium.html : No: blocklisted features: WebXR, Browsing instance is not swapped, BackForwardCache is not supported by delegate
[72550:0728/061436.933282:VERBOSE1:extensions/renderer/script_context.cc:150] Created context:
  extension id:           (none)
  frame:                  0xe0274b368
  URL:                    
  context_type:           WEB_PAGE
  effective extension id: (none)
  effective context type: WEB_PAGE
[72550:0728/061436.933343:VERBOSE1:extensions/renderer/script_context.cc:150] Created context:
  extension id:           (none)
  frame:                  (nil)
  URL:                    
  context_type:           UNSPECIFIED
  effective extension id: (none)
  effective context type: UNSPECIFIED
[72550:0728/061436.933443:VERBOSE1:extensions/renderer/dispatcher.cc:493] Num tracked contexts: 1
[72550:0728/061436.935166:VERBOSE1:extensions/renderer/script_context.cc:150] Created context:
  extension id:           (none)
  frame:                  0xe0274b368
  URL:                    
  context_type:           WEB_PAGE
  effective extension id: (none)
  effective context type: WEB_PAGE
[72550:0728/061436.935235:VERBOSE1:extensions/renderer/script_context.cc:150] Created context:
  extension id:           (none)
  frame:                  (nil)
  URL:                    
  context_type:           UNSPECIFIED
  effective extension id: (none)
  effective context type: UNSPECIFIED
[72550:0728/061436.935303:VERBOSE1:extensions/renderer/dispatcher.cc:493] Num tracked contexts: 2
[72550:0728/061436.939198:VERBOSE1:extensions/renderer/script_context.cc:163] Destroyed context for extension
  extension id: 
  effective extension id: 
[72550:0728/061436.939254:VERBOSE1:extensions/renderer/script_context.cc:163] Destroyed context for extension
  extension id: 
  effective extension id: 
[72550:0728/061436.939276:VERBOSE1:extensions/renderer/script_context.cc:163] Destroyed context for extension
  extension id: 
  effective extension id: 
[72550:0728/061436.939297:VERBOSE1:extensions/renderer/script_context.cc:163] Destroyed context for extension
  extension id: 
  effective extension id: 
[91m[main 2026-07-28T13:14:36.957Z][0m [uncaught exception in main]: Refused to handle ipcMain event for channel 'vscode:b111800d-a136-4728-b9fa-e958954f4e31' because of a bad origin of 'webglsamples.org'.
Error occurred in handler for 'vscode:b111800d-a136-4728-b9fa-e958954f4e31': Invalid channel 'vscode:b111800d-a136-4728-b9fa-e958954f4e31' or sender for ipcMain.handle() usage.
[91m[main 2026-07-28T13:14:36.957Z][0m [uncaught exception in main]: Refused to handle ipcMain event for channel 'vscode:fetchShellEnv' because of a bad origin of 'webglsamples.org'.
Error occurred in handler for 'vscode:fetchShellEnv': Invalid channel 'vscode:fetchShellEnv' or sender for ipcMain.handle() usage.
#### MTL_TEX plain DEPTH-STENCIL: pf=260 routing to native AGX path (IOSurface backing is invalid)
#### MTL_TEX plain DEPTH-STENCIL native result: 0x600cd8e80 class=AGXG13GFamilyTexture
[72365:0728/061437.000401:VERBOSE1:net/base/network_delegate.cc:38] NetworkDelegate::NotifyBeforeURLRequest: https://webglsamples.org/aquarium/assets/PropPlacement.js
[72365:0728/061437.000693:VERBOSE1:net/base/network_delegate.cc:38] NetworkDelegate::NotifyBeforeURLRequest: https://webglsamples.org/aquarium/assets/SmallFishA.js
[72365:0728/061437.001448:VERBOSE1:net/base/network_delegate.cc:38] NetworkDelegate::NotifyBeforeURLRequest: https://webglsamples.org/aquarium/assets/MediumFishA.js
[72365:0728/061437.001634:VERBOSE1:net/base/network_delegate.cc:38] NetworkDelegate::NotifyBeforeURLRequest: https://webglsamples.org/aquarium/assets/MediumFishB.js
[72365:0728/061437.001790:VERBOSE1:net/base/network_delegate.cc:38] NetworkDelegate::NotifyBeforeURLRequest: https://webglsamples.org/aquarium/assets/BigFishA.js
[72365:0728/061437.001939:VERBOSE1:net/base/network_delegate.cc:38] NetworkDelegate::NotifyBeforeURLRequest: https://webglsamples.org/aquarium/assets/BigFishB.js
[72365:0728/061437.002071:VERBOSE1:net/base/network_delegate.cc:38] NetworkDelegate::NotifyBeforeURLRequest: https://webglsamples.org/aquarium/assets/Arch.js
[72365:0728/061437.002203:VERBOSE1:net/base/network_delegate.cc:38] NetworkDelegate::NotifyBeforeURLRequest: https://webglsamples.org/aquarium/assets/Coral.js
[72365:0728/061437.002340:VERBOSE1:net/base/network_delegate.cc:38] NetworkDelegate::NotifyBeforeURLRequest: https://webglsamples.org/aquarium/assets/CoralStoneA.js
[72365:0728/061437.002474:VERBOSE1:net/base/network_delegate.cc:38] NetworkDelegate::NotifyBeforeURLRequest: https://webglsamples.org/aquarium/assets/CoralStoneB.js
[72365:0728/061437.002606:VERBOSE1:net/base/network_delegate.cc:38] NetworkDelegate::NotifyBeforeURLRequest: https://webglsamples.org/aquarium/assets/EnvironmentBox.js
[72365:0728/061437.002797:VERBOSE1:net/base/network_delegate.cc:38] NetworkDelegate::NotifyBeforeURLRequest: https://webglsamples.org/aquarium/assets/FloorBase_Baked.js
[72365:0728/061437.003394:VERBOSE1:net/base/network_delegate.cc:38] NetworkDelegate::NotifyBeforeURLRequest: https://webglsamples.org/aquarium/assets/FloorCenter.js
[72325:0728/061437.003455:INFO:CONSOLE:55] "--Setup Laser----------------------------------------", source: https://webglsamples.org/tdl/log.js (55)
[72365:0728/061437.003643:VERBOSE1:net/base/network_delegate.cc:38] NetworkDelegate::NotifyBeforeURLRequest: https://webglsamples.org/aquarium/assets/GlobeBase.js
[72365:0728/061437.003796:VERBOSE1:net/base/network_delegate.cc:38] NetworkDelegate::NotifyBeforeURLRequest: https://webglsamples.org/aquarium/assets/GlobeInner.js
[72365:0728/061437.003951:VERBOSE1:net/base/network_delegate.cc:38] NetworkDelegate::NotifyBeforeURLRequest: https://webglsamples.org/aquarium/assets/GlobeOuter.js
[72365:0728/061437.004211:VERBOSE1:net/base/network_delegate.cc:38] NetworkDelegate::NotifyBeforeURLRequest: https://webglsamples.org/aquarium/assets/RockA.js
[72365:0728/061437.004366:VERBOSE1:net/base/network_delegate.cc:38] NetworkDelegate::NotifyBeforeURLRequest: https://webglsamples.org/aquarium/assets/RockB.js
[72365:0728/061437.004512:VERBOSE1:net/base/network_delegate.cc:38] NetworkDelegate::NotifyBeforeURLRequest: https://webglsamples.org/aquarium/assets/RockC.js
[72365:0728/061437.004655:VERBOSE1:net/base/network_delegate.cc:38] NetworkDelegate::NotifyBeforeURLRequest: https://webglsamples.org/aquarium/assets/RuinColumn.js
[72365:0728/061437.004845:VERBOSE1:net/base/network_delegate.cc:38] NetworkDelegate::NotifyBeforeURLRequest: https://webglsamples.org/aquarium/assets/Skybox.js
[72365:0728/061437.004996:VERBOSE1:net/base/network_delegate.cc:38] NetworkDelegate::NotifyBeforeURLRequest: https://webglsamples.org/aquarium/assets/Stone.js
[72365:0728/061437.005125:VERBOSE1:net/base/network_delegate.cc:38] NetworkDelegate::NotifyBeforeURLRequest: https://webglsamples.org/aquarium/assets/Stones.js
[72365:0728/061437.005252:VERBOSE1:net/base/network_delegate.cc:38] NetworkDelegate::NotifyBeforeURLRequest: https://webglsamples.org/aquarium/assets/SunknShip.js
[72365:0728/061437.005402:VERBOSE1:net/base/network_delegate.cc:38] NetworkDelegate::NotifyBeforeURLRequest: https://webglsamples.org/aquarium/assets/SunknSub.js
[72365:0728/061437.005545:VERBOSE1:net/base/network_delegate.cc:38] NetworkDelegate::NotifyBeforeURLRequest: https://webglsamples.org/aquarium/assets/SupportBeams.js
[72365:0728/061437.005680:VERBOSE1:net/base/network_delegate.cc:38] NetworkDelegate::NotifyBeforeURLRequest: https://webglsamples.org/aquarium/assets/SeaweedA.js
[72365:0728/061437.005811:VERBOSE1:net/base/network_delegate.cc:38] NetworkDelegate::NotifyBeforeURLRequest: https://webglsamples.org/aquarium/assets/SeaweedB.js
[72365:0728/061437.006037:VERBOSE1:net/base/network_delegate.cc:38] NetworkDelegate::NotifyBeforeURLRequest: https://webglsamples.org/aquarium/assets/TreasureChest.js
#### AGX_LIFE CREATE id=0x3c type=0 surf=0 bytes=0x4000 kr=0 okC=750 failC=0 okD=538 failD=0 unmatchedD=0 full=0 live=212/57MB [t0=158/18MB t80=0/0MB t82=54/38MB]
[72325:0728/061437.050001:INFO:CONSOLE:55] "--Draw Fish---------------------------------------", source: https://webglsamples.org/tdl/log.js (55)
#### AGXIOC Method sel=0x18->0x18 inCnt=0 inSC=0 outSC=0 -> 0xe00002c2
#### MACWS-NEW-EVENT #12 original=nil sharedEvent=0x600ab83e0 class=_MTLSharedEvent device=0x600282000 deviceClass=AGXG13GFamilyDevice
#### AGX_SUBMIT_DIAG #2914 TEMP-KCMD-ABI-FIX off=0 size=0x1b8->0x1a8 end=0x1e8->0x1d8 moved=0x34 new-total=0x200
[72325:0728/061437.082428:INFO:CONSOLE:55] "assets/SmallFishA.js: custom", source: https://webglsamples.org/tdl/log.js (55)
[72325:0728/061437.090478:INFO:CONSOLE:55] "assets/MediumFishA.js: custom", source: https://webglsamples.org/tdl/log.js (55)
[72325:0728/061437.093000:INFO:CONSOLE:55] "assets/MediumFishB.js: custom", source: https://webglsamples.org/tdl/log.js (55)
[72325:0728/061437.097418:INFO:CONSOLE:55] "assets/BigFishA.js: custom", source: https://webglsamples.org/tdl/log.js (55)
[72325:0728/061437.101780:INFO:CONSOLE:55] "assets/BigFishB.js: custom", source: https://webglsamples.org/tdl/log.js (55)
[72325:0728/061437.110236:INFO:CONSOLE:55] "assets/Arch.js: normalMap", source: https://webglsamples.org/tdl/log.js (55)
[72325:0728/061437.111818:INFO:CONSOLE:55] "assets/Coral.js: normalMap", source: https://webglsamples.org/tdl/log.js (55)
[72325:0728/061437.112835:INFO:CONSOLE:55] "assets/CoralStoneA.js: normalMap", source: https://webglsamples.org/tdl/log.js (55)
[72325:0728/061437.129134:INFO:CONSOLE:55] "assets/CoralStoneB.js: normalMap", source: https://webglsamples.org/tdl/log.js (55)
[72325:0728/061437.136666:INFO:CONSOLE:55] "assets/EnvironmentBox.js: custom", source: https://webglsamples.org/tdl/log.js (55)
[72325:0728/061437.137373:INFO:CONSOLE:55] "assets/EnvironmentBox.js: custom", source: https://webglsamples.org/tdl/log.js (55)
[72325:0728/061437.137766:INFO:CONSOLE:55] "assets/EnvironmentBox.js: custom", source: https://webglsamples.org/tdl/log.js (55)
[72325:0728/061437.138057:INFO:CONSOLE:55] "assets/EnvironmentBox.js: custom", source: https://webglsamples.org/tdl/log.js (55)
[72325:0728/061437.138501:INFO:CONSOLE:55] "assets/EnvironmentBox.js: custom", source: https://webglsamples.org/tdl/log.js (55)
[72325:0728/061437.138619:INFO:CONSOLE:55] "assets/EnvironmentBox.js: custom", source: https://webglsamples.org/tdl/log.js (55)
#### AGX_SUBMIT_DIAG #2919 TEMP-KCMD-ABI-FIX off=0 size=0x1b8->0x1a8 end=0x1e8->0x1d8 moved=0x14 new-total=0x1e0
[72325:0728/061437.140357:INFO:CONSOLE:55] "assets/GlobeBase.js: custom", source: https://webglsamples.org/tdl/log.js (55)
[72325:0728/061437.153472:INFO:CONSOLE:55] "assets/GlobeInner.js: custom", source: https://webglsamples.org/tdl/log.js (55)
#### MTL_TEX plain NON-2D: texType=5 → downgrading to 2D (IOSurface backing is 2D-only; native AGXTexture init's cascade returns a corrupt non-2D texture that SIGSEGVs in setFragmentTexture). The result is a real bindable 2D AGXG13GFamilyTexture; CA's placeholder bind needs a non-nil tex but doesn't actually sample it.
#### AGXIOC Method sel=0x18->0x18 inCnt=0 inSC=0 outSC=0 -> 0xe00002c2
#### MACWS-NEW-EVENT #13 original=nil sharedEvent=0x60053e920 class=_MTLSharedEvent device=0x600282000 deviceClass=AGXG13GFamilyDevice
#### AGX_SUBMIT_DIAG #2924 TEMP-KCMD-ABI-FIX off=0 size=0x1b8->0x1a8 end=0x1e8->0x1d8 moved=0x14 new-total=0x1e0
[72325:0728/061437.185692:INFO:CONSOLE:55] "assets/GlobeOuter.js: custom", source: https://webglsamples.org/tdl/log.js (55)
[72325:0728/061437.187587:INFO:CONSOLE:55] "assets/RockA.js: normalMap", source: https://webglsamples.org/tdl/log.js (55)
[72325:0728/061437.188880:INFO:CONSOLE:55] "assets/RockB.js: normalMap", source: https://webglsamples.org/tdl/log.js (55)
[72325:0728/061437.189876:INFO:CONSOLE:55] "assets/RockC.js: normalMap", source: https://webglsamples.org/tdl/log.js (55)
[72325:0728/061437.191725:INFO:CONSOLE:55] "assets/RuinColumn.js: normalMap", source: https://webglsamples.org/tdl/log.js (55)
[72325:0728/061437.192807:INFO:CONSOLE:55] "assets/Skybox.js: custom", source: https://webglsamples.org/tdl/log.js (55)
[72325:0728/061437.205181:INFO:CONSOLE:55] "assets/FloorBase_Baked.js: normalMap", source: https://webglsamples.org/tdl/log.js (55)
#### AGX_SUBMIT_DIAG #2927 TEMP-KCMD-ABI-FIX off=0 size=0x1b8->0x1a8 end=0x1e8->0x1d8 moved=0x14 new-total=0x1e0
[72325:0728/061437.212261:INFO:CONSOLE:55] "assets/FloorCenter.js: diffuse", source: https://webglsamples.org/tdl/log.js (55)
[72325:0728/061437.213520:INFO:CONSOLE:55] "assets/Stone.js: normalMap", source: https://webglsamples.org/tdl/log.js (55)
[72325:0728/061437.230144:INFO:CONSOLE:55] "assets/Stones.js: normalMap", source: https://webglsamples.org/tdl/log.js (55)
[72325:0728/061437.231474:INFO:CONSOLE:55] "assets/SunknShip.js: normalMap", source: https://webglsamples.org/tdl/log.js (55)
[72325:0728/061437.231799:INFO:CONSOLE:55] "assets/SunknShip.js: normalMap", source: https://webglsamples.org/tdl/log.js (55)
[72325:0728/061437.232251:INFO:CONSOLE:55] "assets/SunknShip.js: normalMap", source: https://webglsamples.org/tdl/log.js (55)
#### AGX_LIFE CREATE id=0x160 type=0 surf=0 bytes=0x4000 kr=0 okC=1000 failC=0 okD=612 failD=0 unmatchedD=0 full=0 live=388/68MB [t0=330/21MB t80=0/0MB t82=58/47MB]
[72325:0728/061437.234178:INFO:CONSOLE:55] "assets/SunknSub.js: normalMap", source: https://webglsamples.org/tdl/log.js (55)
[72325:0728/061437.234639:INFO:CONSOLE:55] "assets/SunknSub.js: normalMap", source: https://webglsamples.org/tdl/log.js (55)
[72325:0728/061437.235930:INFO:CONSOLE:55] "assets/SupportBeams.js: diffuse", source: https://webglsamples.org/tdl/log.js (55)
#### AGX_SUBMIT_DIAG #2928 TEMP-KCMD-ABI-FIX off=0 size=0x1b8->0x1a8 end=0x1e8->0x1d8 moved=0x14 new-total=0x1e0
[72325:0728/061437.245022:INFO:CONSOLE:55] "assets/SeaweedA.js: custom", source: https://webglsamples.org/tdl/log.js (55)
[72325:0728/061437.246085:INFO:CONSOLE:55] "assets/SeaweedB.js: custom", source: https://webglsamples.org/tdl/log.js (55)
[72325:0728/061437.246812:INFO:CONSOLE:55] "assets/TreasureChest.js: normalMap", source: https://webglsamples.org/tdl/log.js (55)
[72325:0728/061437.250011:INFO:CONSOLE:4] "Uncaught (in promise) Error: Preload: unable to fetch vscode-window-config: Error: Error invoking remote method 'vscode:b111800d-a136-4728-b9fa-e958954f4e31': Invalid channel 'vscode:b111800d-a136-4728-b9fa-e958954f4e31' or sender for ipcMain.handle() usage.", source: /Applications/Visual Studio Code.app/Contents/Resources/app/out/vs/base/parts/sandbox/electron-browser/preload.js (4)
[72325:0728/061437.252222:INFO:CONSOLE:55] "loaded image: assets/GlobeOuter_EM_positive_x.jpg", source: https://webglsamples.org/tdl/log.js (55)
[72325:0728/061437.252415:INFO:CONSOLE:55] "loaded image: assets/GlobeOuter_EM_negative_x.jpg", source: https://webglsamples.org/tdl/log.js (55)
[72325:0728/061437.252485:INFO:CONSOLE:55] "loaded image: assets/GlobeOuter_EM_positive_y.jpg", source: https://webglsamples.org/tdl/log.js (55)
[72325:0728/061437.252548:INFO:CONSOLE:55] "loaded image: assets/GlobeOuter_EM_negative_y.jpg", source: https://webglsamples.org/tdl/log.js (55)
[72325:0728/061437.252616:INFO:CONSOLE:55] "loaded image: assets/GlobeOuter_EM_positive_z.jpg", source: https://webglsamples.org/tdl/log.js (55)
[72325:0728/061437.252676:INFO:CONSOLE:55] "loaded image: assets/GlobeOuter_EM_negative_z.jpg", source: https://webglsamples.org/tdl/log.js (55)
#### MTL_TEX plain NON-2D: texType=5 → downgrading to 2D (IOSurface backing is 2D-only; native AGXTexture init's cascade returns a corrupt non-2D texture that SIGSEGVs in setFragmentTexture). The result is a real bindable 2D AGXG13GFamilyTexture; CA's placeholder bind needs a non-nil tex but doesn't actually sample it.
#### AGXIOC Method sel=0x18->0x18 inCnt=0 inSC=0 outSC=0 -> 0xe00002c2
#### MACWS-NEW-EVENT #14 original=nil sharedEvent=0x601239510 class=_MTLSharedEvent device=0x600282000 deviceClass=AGXG13GFamilyDevice
#### AGXIOC heap map #1000 clientID 0x100000 -> resourceID 0x1d0 size 0x100000
#### AGXIOC Method sel=0x18->0x18 inCnt=0 inSC=0 outSC=0 -> 0xe00002c2
#### MACWS-NEW-EVENT #15 original=nil sharedEvent=0x601234e70 class=_MTLSharedEvent device=0x600282000 deviceClass=AGXG13GFamilyDevice
#### AGXIOC Method sel=0x18->0x18 inCnt=0 inSC=0 outSC=0 -> 0xe00002c2
#### MACWS-NEW-EVENT #16 original=nil sharedEvent=0x601235aa0 class=_MTLSharedEvent device=0x600282000 deviceClass=AGXG13GFamilyDevice
#### AGXIOC Method sel=0x18->0x18 inCnt=0 inSC=0 outSC=0 -> 0xe00002c2
#### MACWS-NEW-EVENT #17 original=nil sharedEvent=0x60123c7b0 class=_MTLSharedEvent device=0x600282000 deviceClass=AGXG13GFamilyDevice
#### AGXIOC Method sel=0x18->0x18 inCnt=0 inSC=0 outSC=0 -> 0xe00002c2
#### MACWS-NEW-EVENT #18 original=nil sharedEvent=0x601235730 class=_MTLSharedEvent device=0x600282000 deviceClass=AGXG13GFamilyDevice
#### AGXIOC Method sel=0x18->0x18 inCnt=0 inSC=0 outSC=0 -> 0xe00002c2
#### MACWS-NEW-EVENT #19 original=nil sharedEvent=0x601235690 class=_MTLSharedEvent device=0x600282000 deviceClass=AGXG13GFamilyDevice
#### AGXIOC Method sel=0x18->0x18 inCnt=0 inSC=0 outSC=0 -> 0xe00002c2
#### MACWS-NEW-EVENT #20 original=nil sharedEvent=0x601233de0 class=_MTLSharedEvent device=0x600282000 deviceClass=AGXG13GFamilyDevice
#### AGXIOC Method sel=0x18->0x18 inCnt=0 inSC=0 outSC=0 -> 0xe00002c2
#### MACWS-NEW-EVENT #21 original=nil sharedEvent=0x6012373f0 class=_MTLSharedEvent device=0x600282000 deviceClass=AGXG13GFamilyDevice
#### AGXIOC Method sel=0x18->0x18 inCnt=0 inSC=0 outSC=0 -> 0xe00002c2
#### MACWS-NEW-EVENT #22 original=nil sharedEvent=0x6012388e0 class=_MTLSharedEvent device=0x600282000 deviceClass=AGXG13GFamilyDevice
#### AGXIOC Method sel=0x18->0x18 inCnt=0 inSC=0 outSC=0 -> 0xe00002c2
#### MACWS-NEW-EVENT #23 original=nil sharedEvent=0x601237800 class=_MTLSharedEvent device=0x600282000 deviceClass=AGXG13GFamilyDevice
#### AGXIOC Method sel=0x18->0x18 inCnt=0 inSC=0 outSC=0 -> 0xe00002c2
#### MACWS-NEW-EVENT #24 original=nil sharedEvent=0x6012392e0 class=_MTLSharedEvent device=0x600282000 deviceClass=AGXG13GFamilyDevice
#### AGXIOC Method sel=0x18->0x18 inCnt=0 inSC=0 outSC=0 -> 0xe00002c2
#### MACWS-NEW-EVENT #25 original=nil sharedEvent=0x601238ac0 class=_MTLSharedEvent device=0x600282000 deviceClass=AGXG13GFamilyDevice
#### AGXIOC Method sel=0x18->0x18 inCnt=0 inSC=0 outSC=0 -> 0xe00002c2
#### MACWS-NEW-EVENT #26 original=nil sharedEvent=0x60053ce40 class=_MTLSharedEvent device=0x600282000 deviceClass=AGXG13GFamilyDevice
#### AGXIOC Method sel=0x1e->0x1a inCnt=4 inSC=56 outSC=0 -> 0x0
#### AGXIOC Method sel=0x18->0x18 inCnt=0 inSC=0 outSC=0 -> 0xe00002c2
#### MACWS-NEW-EVENT #27 original=nil sharedEvent=0x60053e240 class=_MTLSharedEvent device=0x600282000 deviceClass=AGXG13GFamilyDevice
#### AGXIOC Method sel=0x18->0x18 inCnt=0 inSC=0 outSC=0 -> 0xe00002c2
#### MACWS-NEW-EVENT #28 original=nil sharedEvent=0x6005a0f50 class=_MTLSharedEvent device=0x600282000 deviceClass=AGXG13GFamilyDevice
#### AGXIOC Method sel=0x18->0x18 inCnt=0 inSC=0 outSC=0 -> 0xe00002c2
#### MACWS-NEW-EVENT #29 original=nil sharedEvent=0x6012394c0 class=_MTLSharedEvent device=0x600282000 deviceClass=AGXG13GFamilyDevice
#### AGXIOC Method sel=0x18->0x18 inCnt=0 inSC=0 outSC=0 -> 0xe00002c2
#### MACWS-NEW-EVENT #30 original=nil sharedEvent=0x60053b630 class=_MTLSharedEvent device=0x600282000 deviceClass=AGXG13GFamilyDevice
#### AGXIOC Method sel=0x18->0x18 inCnt=0 inSC=0 outSC=0 -> 0xe00002c2
#### MACWS-NEW-EVENT #31 original=nil sharedEvent=0x601239dd0 class=_MTLSharedEvent device=0x600282000 deviceClass=AGXG13GFamilyDevice
#### AGXIOC Method sel=0x18->0x18 inCnt=0 inSC=0 outSC=0 -> 0xe00002c2
#### MACWS-NEW-EVENT #32 original=nil sharedEvent=0x601239920 class=_MTLSharedEvent device=0x600282000 deviceClass=AGXG13GFamilyDevice
#### AGXIOC Method sel=0x18->0x18 inCnt=0 inSC=0 outSC=0 -> 0xe00002c2
#### AGXIOC Method sel=0x18->0x18 inCnt=0 inSC=0 outSC=0 -> 0xe00002c2
#### AGXIOC Method sel=0x18->0x18 inCnt=0 inSC=0 outSC=0 -> 0xe00002c2
#### AGXIOC Method sel=0x18->0x18 inCnt=0 inSC=0 outSC=0 -> 0xe00002c2
#### AGXIOC Method sel=0x18->0x18 inCnt=0 inSC=0 outSC=0 -> 0xe00002c2
#### AGXIOC Method sel=0x18->0x18 inCnt=0 inSC=0 outSC=0 -> 0xe00002c2
#### AGXIOC Method sel=0x18->0x18 inCnt=0 inSC=0 outSC=0 -> 0xe00002c2
#### AGXIOC Method sel=0x18->0x18 inCnt=0 inSC=0 outSC=0 -> 0xe00002c2
#### JIT-MPROTECT flip #2048 ranges=1 prot=RX writers=1 exec_waits=388 late_retries=32
#### AGXIOC Method sel=0x18->0x18 inCnt=0 inSC=0 outSC=0 -> 0xe00002c2
#### AGXIOC Method sel=0x18->0x18 inCnt=0 inSC=0 outSC=0 -> 0xe00002c2
#### AGXIOC Method sel=0x18->0x18 inCnt=0 inSC=0 outSC=0 -> 0xe00002c2
#### AGXIOC Method sel=0x18->0x18 inCnt=0 inSC=0 outSC=0 -> 0xe00002c2
#### AGXIOC Method sel=0x18->0x18 inCnt=0 inSC=0 outSC=0 -> 0xe00002c2
#### AGXIOC Method sel=0x18->0x18 inCnt=0 inSC=0 outSC=0 -> 0xe00002c2
#### AGXIOC Method sel=0x18->0x18 inCnt=0 inSC=0 outSC=0 -> 0xe00002c2
#### AGXIOC Method sel=0x18->0x18 inCnt=0 inSC=0 outSC=0 -> 0xe00002c2
#### AGXIOC Method sel=0x18->0x18 inCnt=0 inSC=0 outSC=0 -> 0xe00002c2
#### AGXIOC Method sel=0x18->0x18 inCnt=0 inSC=0 outSC=0 -> 0xe00002c2
#### AGXIOC Method sel=0x18->0x18 inCnt=0 inSC=0 outSC=0 -> 0xe00002c2
#### AGXIOC Method sel=0x18->0x18 inCnt=0 inSC=0 outSC=0 -> 0xe00002c2
#### AGXIOC Method sel=0x18->0x18 inCnt=0 inSC=0 outSC=0 -> 0xe00002c2
#### AGXIOC Method sel=0x18->0x18 inCnt=0 inSC=0 outSC=0 -> 0xe00002c2
[72325:0728/061440.480903:VERBOSE1:content/browser/renderer_host/media/media_stream_manager.cc:1515] MSPL::OnSuspend([this=0x6000d2ea8])
#### AGXIOC Method sel=0x18->0x18 inCnt=0 inSC=0 outSC=0 -> 0xe00002c2
[72325:0728/061440.807215:VERBOSE1:content/browser/renderer_host/media/media_stream_manager.cc:1515] MSPL::OnResume([this=0x6000d2ea8])
#### AGXIOC Method sel=0x18->0x18 inCnt=0 inSC=0 outSC=0 -> 0xe00002c2
#### AGXIOC Method sel=0x18->0x18 inCnt=0 inSC=0 outSC=0 -> 0xe00002c2
#### AGXIOC Method sel=0x18->0x18 inCnt=0 inSC=0 outSC=0 -> 0xe00002c2
#### AGXIOC Method sel=0x18->0x18 inCnt=0 inSC=0 outSC=0 -> 0xe00002c2
#### AGXIOC Method sel=0x18->0x18 inCnt=0 inSC=0 outSC=0 -> 0xe00002c2
#### AGXIOC Method sel=0x18->0x18 inCnt=0 inSC=0 outSC=0 -> 0xe00002c2
#### AGXIOC Method sel=0x18->0x18 inCnt=0 inSC=0 outSC=0 -> 0xe00002c2
#### AGXIOC Method sel=0x18->0x18 inCnt=0 inSC=0 outSC=0 -> 0xe00002c2
#### AGXIOC Method sel=0x18->0x18 inCnt=0 inSC=0 outSC=0 -> 0xe00002c2
#### AGXIOC Method sel=0x18->0x18 inCnt=0 inSC=0 outSC=0 -> 0xe00002c2
#### AGXIOC Method sel=0x18->0x18 inCnt=0 inSC=0 outSC=0 -> 0xe00002c2
#### AGXIOC Method sel=0x18->0x18 inCnt=0 inSC=0 outSC=0 -> 0xe00002c2
#### AGXIOC Method sel=0x18->0x18 inCnt=0 inSC=0 outSC=0 -> 0xe00002c2
#### AGXIOC Method sel=0x18->0x18 inCnt=0 inSC=0 outSC=0 -> 0xe00002c2
#### AGXIOC Method sel=0x18->0x18 inCnt=0 inSC=0 outSC=0 -> 0xe00002c2
#### AGXIOC Method sel=0x18->0x18 inCnt=0 inSC=0 outSC=0 -> 0xe00002c2
#### AGXIOC Method sel=0x18->0x18 inCnt=0 inSC=0 outSC=0 -> 0xe00002c2
#### AGXIOC Method sel=0x18->0x18 inCnt=0 inSC=0 outSC=0 -> 0xe00002c2
#### AGXIOC Method sel=0x18->0x18 inCnt=0 inSC=0 outSC=0 -> 0xe00002c2
#### AGX_SUBMIT_DIAG #3243 TEMP-KCMD-TRAILING-WRAPPER-FIX match=1024 subtype1=0..0x840->0..0x820 wrappers=1 range=0x840..0x858->0x820..0x838
#### AGXIOC Method sel=0x18->0x18 inCnt=0 inSC=0 outSC=0 -> 0xe00002c2
#### AGXIOC Method sel=0x18->0x18 inCnt=0 inSC=0 outSC=0 -> 0xe00002c2
#### AGXIOC Method sel=0x18->0x18 inCnt=0 inSC=0 outSC=0 -> 0xe00002c2
#### AGXIOC Method sel=0x18->0x18 inCnt=0 inSC=0 outSC=0 -> 0xe00002c2
#### AGXIOC Method sel=0x18->0x18 inCnt=0 inSC=0 outSC=0 -> 0xe00002c2
#### AGXIOC Method sel=0x18->0x18 inCnt=0 inSC=0 outSC=0 -> 0xe00002c2
#### AGXIOC Method sel=0x18->0x18 inCnt=0 inSC=0 outSC=0 -> 0xe00002c2
#### AGXIOC Method sel=0x18->0x18 inCnt=0 inSC=0 outSC=0 -> 0xe00002c2
#### AGXIOC Method sel=0x18->0x18 inCnt=0 inSC=0 outSC=0 -> 0xe00002c2
#### AGXIOC Method sel=0x18->0x18 inCnt=0 inSC=0 outSC=0 -> 0xe00002c2
#### AGXIOC Method sel=0x18->0x18 inCnt=0 inSC=0 outSC=0 -> 0xe00002c2
#### AGXIOC Method sel=0x18->0x18 inCnt=0 inSC=0 outSC=0 -> 0xe00002c2
#### AGXIOC Method sel=0x18->0x18 inCnt=0 inSC=0 outSC=0 -> 0xe00002c2
#### AGXIOC Method sel=0x18->0x18 inCnt=0 inSC=0 outSC=0 -> 0xe00002c2
#### AGXIOC Method sel=0x18->0x18 inCnt=0 inSC=0 outSC=0 -> 0xe00002c2
#### AGXIOC Method sel=0x18->0x18 inCnt=0 inSC=0 outSC=0 -> 0xe00002c2
#### AGXIOC Method sel=0x18->0x18 inCnt=0 inSC=0 outSC=0 -> 0xe00002c2
#### AGXIOC Method sel=0x18->0x18 inCnt=0 inSC=0 outSC=0 -> 0xe00002c2
#### AGXIOC Method sel=0x18->0x18 inCnt=0 inSC=0 outSC=0 -> 0xe00002c2
#### AGXIOC Method sel=0x18->0x18 inCnt=0 inSC=0 outSC=0 -> 0xe00002c2
#### AGXIOC Method sel=0x18->0x18 inCnt=0 inSC=0 outSC=0 -> 0xe00002c2
#### AGXIOC Method sel=0x18->0x18 inCnt=0 inSC=0 outSC=0 -> 0xe00002c2
#### AGXIOC Method sel=0x18->0x18 inCnt=0 inSC=0 outSC=0 -> 0xe00002c2
#### AGXIOC Method sel=0x18->0x18 inCnt=0 inSC=0 outSC=0 -> 0xe00002c2
#### AGXIOC Method sel=0x18->0x18 inCnt=0 inSC=0 outSC=0 -> 0xe00002c2
#### AGXIOC Method sel=0x18->0x18 inCnt=0 inSC=0 outSC=0 -> 0xe00002c2
#### AGXIOC Method sel=0x18->0x18 inCnt=0 inSC=0 outSC=0 -> 0xe00002c2
#### AGXIOC Method sel=0x18->0x18 inCnt=0 inSC=0 outSC=0 -> 0xe00002c2
#### AGXIOC Method sel=0x18->0x18 inCnt=0 inSC=0 outSC=0 -> 0xe00002c2
#### AGXIOC Method sel=0x18->0x18 inCnt=0 inSC=0 outSC=0 -> 0xe00002c2
#### AGXIOC Method sel=0x18->0x18 inCnt=0 inSC=0 outSC=0 -> 0xe00002c2
#### AGXIOC Method sel=0x18->0x18 inCnt=0 inSC=0 outSC=0 -> 0xe00002c2
#### AGXIOC Method sel=0x18->0x18 inCnt=0 inSC=0 outSC=0 -> 0xe00002c2
#### AGXIOC Method sel=0x18->0x18 inCnt=0 inSC=0 outSC=0 -> 0xe00002c2
#### AGXIOC Method sel=0x18->0x18 inCnt=0 inSC=0 outSC=0 -> 0xe00002c2
#### AGXIOC Method sel=0x18->0x18 inCnt=0 inSC=0 outSC=0 -> 0xe00002c2
#### AGXIOC Method sel=0x18->0x18 inCnt=0 inSC=0 outSC=0 -> 0xe00002c2
#### AGXIOC Method sel=0x18->0x18 inCnt=0 inSC=0 outSC=0 -> 0xe00002c2
#### AGXIOC Method sel=0x18->0x18 inCnt=0 inSC=0 outSC=0 -> 0xe00002c2
#### AGXIOC Method sel=0x18->0x18 inCnt=0 inSC=0 outSC=0 -> 0xe00002c2
#### AGXIOC Method sel=0x18->0x18 inCnt=0 inSC=0 outSC=0 -> 0xe00002c2
#### AGXIOC Method sel=0x18->0x18 inCnt=0 inSC=0 outSC=0 -> 0xe00002c2
#### AGXIOC Method sel=0x18->0x18 inCnt=0 inSC=0 outSC=0 -> 0xe00002c2
#### AGXIOC Method sel=0x18->0x18 inCnt=0 inSC=0 outSC=0 -> 0xe00002c2
#### AGXIOC Method sel=0x18->0x18 inCnt=0 inSC=0 outSC=0 -> 0xe00002c2
#### AGXIOC Method sel=0x18->0x18 inCnt=0 inSC=0 outSC=0 -> 0xe00002c2
#### AGXIOC Method sel=0x18->0x18 inCnt=0 inSC=0 outSC=0 -> 0xe00002c2
#### AGXIOC Method sel=0x18->0x18 inCnt=0 inSC=0 outSC=0 -> 0xe00002c2
#### AGXIOC Method sel=0x18->0x18 inCnt=0 inSC=0 outSC=0 -> 0xe00002c2
#### AGXIOC Method sel=0x18->0x18 inCnt=0 inSC=0 outSC=0 -> 0xe00002c2
#### AGXIOC Method sel=0x18->0x18 inCnt=0 inSC=0 outSC=0 -> 0xe00002c2
#### AGXIOC Method sel=0x18->0x18 inCnt=0 inSC=0 outSC=0 -> 0xe00002c2
#### AGXIOC Method sel=0x18->0x18 inCnt=0 inSC=0 outSC=0 -> 0xe00002c2
#### AGXIOC Method sel=0x18->0x18 inCnt=0 inSC=0 outSC=0 -> 0xe00002c2
#### AGXIOC Method sel=0x18->0x18 inCnt=0 inSC=0 outSC=0 -> 0xe00002c2
#### AGXIOC Method sel=0x18->0x18 inCnt=0 inSC=0 outSC=0 -> 0xe00002c2
#### AGXIOC Method sel=0x18->0x18 inCnt=0 inSC=0 outSC=0 -> 0xe00002c2
#### AGXIOC Method sel=0x18->0x18 inCnt=0 inSC=0 outSC=0 -> 0xe00002c2
#### AGXIOC Method sel=0x18->0x18 inCnt=0 inSC=0 outSC=0 -> 0xe00002c2
#### AGXIOC Method sel=0x18->0x18 inCnt=0 inSC=0 outSC=0 -> 0xe00002c2
#### AGXIOC Method sel=0x18->0x18 inCnt=0 inSC=0 outSC=0 -> 0xe00002c2
#### AGXIOC Method sel=0x18->0x18 inCnt=0 inSC=0 outSC=0 -> 0xe00002c2
#### AGXIOC Method sel=0x18->0x18 inCnt=0 inSC=0 outSC=0 -> 0xe00002c2
#### AGXIOC Method sel=0x18->0x18 inCnt=0 inSC=0 outSC=0 -> 0xe00002c2
#### AGXIOC Method sel=0x18->0x18 inCnt=0 inSC=0 outSC=0 -> 0xe00002c2
#### AGXIOC Method sel=0x18->0x18 inCnt=0 inSC=0 outSC=0 -> 0xe00002c2
#### AGXIOC Method sel=0x18->0x18 inCnt=0 inSC=0 outSC=0 -> 0xe00002c2
#### AGXIOC Method sel=0x18->0x18 inCnt=0 inSC=0 outSC=0 -> 0xe00002c2
#### AGXIOC Method sel=0x18->0x18 inCnt=0 inSC=0 outSC=0 -> 0xe00002c2
#### AGXIOC Method sel=0x18->0x18 inCnt=0 inSC=0 outSC=0 -> 0xe00002c2
#### AGXIOC Method sel=0x18->0x18 inCnt=0 inSC=0 outSC=0 -> 0xe00002c2
#### AGXIOC Method sel=0x18->0x18 inCnt=0 inSC=0 outSC=0 -> 0xe00002c2
#### AGXIOC Method sel=0x18->0x18 inCnt=0 inSC=0 outSC=0 -> 0xe00002c2
#### AGXIOC Method sel=0xd->0xc inCnt=2 inSC=0 outSC=0 -> 0x0
#### AGXIOC Method sel=0x18->0x18 inCnt=0 inSC=0 outSC=0 -> 0xe00002c2
#### AGXIOC Method sel=0x18->0x18 inCnt=0 inSC=0 outSC=0 -> 0xe00002c2
#### AGXIOC Method sel=0x18->0x18 inCnt=0 inSC=0 outSC=0 -> 0xe00002c2
#### AGXIOC Method sel=0x18->0x18 inCnt=0 inSC=0 outSC=0 -> 0xe00002c2
#### AGXIOC Method sel=0x18->0x18 inCnt=0 inSC=0 outSC=0 -> 0xe00002c2
#### AGXIOC Method sel=0x18->0x18 inCnt=0 inSC=0 outSC=0 -> 0xe00002c2
#### AGXIOC Method sel=0x18->0x18 inCnt=0 inSC=0 outSC=0 -> 0xe00002c2
#### AGXIOC Method sel=0x18->0x18 inCnt=0 inSC=0 outSC=0 -> 0xe00002c2
#### AGXIOC Method sel=0x18->0x18 inCnt=0 inSC=0 outSC=0 -> 0xe00002c2
#### AGXIOC Method sel=0x18->0x18 inCnt=0 inSC=0 outSC=0 -> 0xe00002c2
#### AGXIOC Method sel=0x18->0x18 inCnt=0 inSC=0 outSC=0 -> 0xe00002c2
#### AGXIOC Method sel=0x18->0x18 inCnt=0 inSC=0 outSC=0 -> 0xe00002c2
#### AGXIOC Method sel=0x18->0x18 inCnt=0 inSC=0 outSC=0 -> 0xe00002c2
#### AGXIOC Method sel=0x18->0x18 inCnt=0 inSC=0 outSC=0 -> 0xe00002c2
#### AGXIOC Method sel=0x18->0x18 inCnt=0 inSC=0 outSC=0 -> 0xe00002c2
#### AGXIOC Method sel=0x18->0x18 inCnt=0 inSC=0 outSC=0 -> 0xe00002c2
#### AGXIOC Method sel=0x18->0x18 inCnt=0 inSC=0 outSC=0 -> 0xe00002c2
#### AGXIOC Method sel=0x18->0x18 inCnt=0 inSC=0 outSC=0 -> 0xe00002c2
#### JIT-MPROTECT flip #3072 ranges=1 prot=RX writers=1 exec_waits=391 late_retries=34
#### AGXIOC Method sel=0x18->0x18 inCnt=0 inSC=0 outSC=0 -> 0xe00002c2
#### AGXIOC Method sel=0x18->0x18 inCnt=0 inSC=0 outSC=0 -> 0xe00002c2
#### AGXIOC Method sel=0x18->0x18 inCnt=0 inSC=0 outSC=0 -> 0xe00002c2
#### AGXIOC Method sel=0x18->0x18 inCnt=0 inSC=0 outSC=0 -> 0xe00002c2
#### AGXIOC Method sel=0x18->0x18 inCnt=0 inSC=0 outSC=0 -> 0xe00002c2
#### AGXIOC Method sel=0x18->0x18 inCnt=0 inSC=0 outSC=0 -> 0xe00002c2
#### AGXIOC Method sel=0x18->0x18 inCnt=0 inSC=0 outSC=0 -> 0xe00002c2
#### AGXIOC Method sel=0x18->0x18 inCnt=0 inSC=0 outSC=0 -> 0xe00002c2
#### AGXIOC Method sel=0x18->0x18 inCnt=0 inSC=0 outSC=0 -> 0xe00002c2
#### AGXIOC Method sel=0x18->0x18 inCnt=0 inSC=0 outSC=0 -> 0xe00002c2
#### AGXIOC Method sel=0x18->0x18 inCnt=0 inSC=0 outSC=0 -> 0xe00002c2
#### AGXIOC Method sel=0x18->0x18 inCnt=0 inSC=0 outSC=0 -> 0xe00002c2
#### AGXIOC Method sel=0x18->0x18 inCnt=0 inSC=0 outSC=0 -> 0xe00002c2
#### AGXIOC Method sel=0x18->0x18 inCnt=0 inSC=0 outSC=0 -> 0xe00002c2
#### AGXIOC Method sel=0x18->0x18 inCnt=0 inSC=0 outSC=0 -> 0xe00002c2
#### AGXIOC Method sel=0x18->0x18 inCnt=0 inSC=0 outSC=0 -> 0xe00002c2
#### AGXIOC Method sel=0x18->0x18 inCnt=0 inSC=0 outSC=0 -> 0xe00002c2
#### AGXIOC Method sel=0x18->0x18 inCnt=0 inSC=0 outSC=0 -> 0xe00002c2
#### AGXIOC Method sel=0x18->0x18 inCnt=0 inSC=0 outSC=0 -> 0xe00002c2
[72325:0728/061450.335982:VERBOSE1:content/browser/renderer_host/media/media_stream_manager.cc:1515] MSPL::OnSuspend([this=0x6000d2ea8])
#### AGXIOC Method sel=0x18->0x18 inCnt=0 inSC=0 outSC=0 -> 0xe00002c2
[72325:0728/061450.961048:VERBOSE1:content/browser/renderer_host/media/media_stream_manager.cc:1515] MSPL::OnResume([this=0x6000d2ea8])
#### AGXIOC Method sel=0x18->0x18 inCnt=0 inSC=0 outSC=0 -> 0xe00002c2
#### AGXIOC Method sel=0x18->0x18 inCnt=0 inSC=0 outSC=0 -> 0xe00002c2
#### AGXIOC Method sel=0x18->0x18 inCnt=0 inSC=0 outSC=0 -> 0xe00002c2
#### AGXIOC Method sel=0x18->0x18 inCnt=0 inSC=0 outSC=0 -> 0xe00002c2
#### AGXIOC Method sel=0x18->0x18 inCnt=0 inSC=0 outSC=0 -> 0xe00002c2
#### AGXIOC Method sel=0x18->0x18 inCnt=0 inSC=0 outSC=0 -> 0xe00002c2
#### AGXIOC Method sel=0x18->0x18 inCnt=0 inSC=0 outSC=0 -> 0xe00002c2
#### AGXIOC Method sel=0x18->0x18 inCnt=0 inSC=0 outSC=0 -> 0xe00002c2
#### AGXIOC Method sel=0x18->0x18 inCnt=0 inSC=0 outSC=0 -> 0xe00002c2
#### AGXIOC Method sel=0x18->0x18 inCnt=0 inSC=0 outSC=0 -> 0xe00002c2
#### AGXIOC Method sel=0x18->0x18 inCnt=0 inSC=0 outSC=0 -> 0xe00002c2
#### AGXIOC Method sel=0x18->0x18 inCnt=0 inSC=0 outSC=0 -> 0xe00002c2
#### AGXIOC Method sel=0x18->0x18 inCnt=0 inSC=0 outSC=0 -> 0xe00002c2
#### AGXIOC Method sel=0x18->0x18 inCnt=0 inSC=0 outSC=0 -> 0xe00002c2
#### AGXIOC Method sel=0x18->0x18 inCnt=0 inSC=0 outSC=0 -> 0xe00002c2
#### AGXIOC Method sel=0x18->0x18 inCnt=0 inSC=0 outSC=0 -> 0xe00002c2
#### AGXIOC Method sel=0x18->0x18 inCnt=0 inSC=0 outSC=0 -> 0xe00002c2
#### AGXIOC Method sel=0x18->0x18 inCnt=0 inSC=0 outSC=0 -> 0xe00002c2
#### AGXIOC Method sel=0x18->0x18 inCnt=0 inSC=0 outSC=0 -> 0xe00002c2
#### AGXIOC Method sel=0x18->0x18 inCnt=0 inSC=0 outSC=0 -> 0xe00002c2
#### AGXIOC Method sel=0x18->0x18 inCnt=0 inSC=0 outSC=0 -> 0xe00002c2
#### AGXIOC Method sel=0x18->0x18 inCnt=0 inSC=0 outSC=0 -> 0xe00002c2
#### AGXIOC Method sel=0x18->0x18 inCnt=0 inSC=0 outSC=0 -> 0xe00002c2
#### AGXIOC Method sel=0x18->0x18 inCnt=0 inSC=0 outSC=0 -> 0xe00002c2
#### AGXIOC Method sel=0x18->0x18 inCnt=0 inSC=0 outSC=0 -> 0xe00002c2
#### AGXIOC Method sel=0x18->0x18 inCnt=0 inSC=0 outSC=0 -> 0xe00002c2
#### AGXIOC Method sel=0x18->0x18 inCnt=0 inSC=0 outSC=0 -> 0xe00002c2
#### AGXIOC Method sel=0x18->0x18 inCnt=0 inSC=0 outSC=0 -> 0xe00002c2
#### AGXIOC Method sel=0x18->0x18 inCnt=0 inSC=0 outSC=0 -> 0xe00002c2
#### AGXIOC Method sel=0x18->0x18 inCnt=0 inSC=0 outSC=0 -> 0xe00002c2
#### AGXIOC Method sel=0x18->0x18 inCnt=0 inSC=0 outSC=0 -> 0xe00002c2
#### AGXIOC Method sel=0x18->0x18 inCnt=0 inSC=0 outSC=0 -> 0xe00002c2
#### AGXIOC Method sel=0x18->0x18 inCnt=0 inSC=0 outSC=0 -> 0xe00002c2
#### AGXIOC Method sel=0x18->0x18 inCnt=0 inSC=0 outSC=0 -> 0xe00002c2
#### AGXIOC Method sel=0x18->0x18 inCnt=0 inSC=0 outSC=0 -> 0xe00002c2
#### AGXIOC Method sel=0x18->0x18 inCnt=0 inSC=0 outSC=0 -> 0xe00002c2
#### AGXIOC Method sel=0x18->0x18 inCnt=0 inSC=0 outSC=0 -> 0xe00002c2
#### AGXIOC Method sel=0x18->0x18 inCnt=0 inSC=0 outSC=0 -> 0xe00002c2
#### AGXIOC Method sel=0x18->0x18 inCnt=0 inSC=0 outSC=0 -> 0xe00002c2
#### AGXIOC Method sel=0x18->0x18 inCnt=0 inSC=0 outSC=0 -> 0xe00002c2
#### AGXIOC Method sel=0x18->0x18 inCnt=0 inSC=0 outSC=0 -> 0xe00002c2
#### AGXIOC Method sel=0x18->0x18 inCnt=0 inSC=0 outSC=0 -> 0xe00002c2
#### AGXIOC Method sel=0x1e->0x1a inCnt=4 inSC=56 outSC=0 -> 0x0
#### AGXIOC Method sel=0x18->0x18 inCnt=0 inSC=0 outSC=0 -> 0xe00002c2
#### AGXIOC Method sel=0x18->0x18 inCnt=0 inSC=0 outSC=0 -> 0xe00002c2
#### AGXIOC Method sel=0x18->0x18 inCnt=0 inSC=0 outSC=0 -> 0xe00002c2
#### AGXIOC Method sel=0x18->0x18 inCnt=0 inSC=0 outSC=0 -> 0xe00002c2
#### AGXIOC Method sel=0x18->0x18 inCnt=0 inSC=0 outSC=0 -> 0xe00002c2
#### AGXIOC Method sel=0x18->0x18 inCnt=0 inSC=0 outSC=0 -> 0xe00002c2
#### AGXIOC Method sel=0x18->0x18 inCnt=0 inSC=0 outSC=0 -> 0xe00002c2
#### AGXIOC Method sel=0x18->0x18 inCnt=0 inSC=0 outSC=0 -> 0xe00002c2
#### AGXIOC Method sel=0x18->0x18 inCnt=0 inSC=0 outSC=0 -> 0xe00002c2
#### AGXIOC Method sel=0x18->0x18 inCnt=0 inSC=0 outSC=0 -> 0xe00002c2
#### AGXIOC Method sel=0x18->0x18 inCnt=0 inSC=0 outSC=0 -> 0xe00002c2
#### AGXIOC Method sel=0x18->0x18 inCnt=0 inSC=0 outSC=0 -> 0xe00002c2
#### AGXIOC Method sel=0x18->0x18 inCnt=0 inSC=0 outSC=0 -> 0xe00002c2
#### AGXIOC Method sel=0x18->0x18 inCnt=0 inSC=0 outSC=0 -> 0xe00002c2
#### AGXIOC Method sel=0x18->0x18 inCnt=0 inSC=0 outSC=0 -> 0xe00002c2
#### AGXIOC Method sel=0x18->0x18 inCnt=0 inSC=0 outSC=0 -> 0xe00002c2
#### AGXIOC Method sel=0x18->0x18 inCnt=0 inSC=0 outSC=0 -> 0xe00002c2
#### AGXIOC Method sel=0x18->0x18 inCnt=0 inSC=0 outSC=0 -> 0xe00002c2
#### AGXIOC Method sel=0x18->0x18 inCnt=0 inSC=0 outSC=0 -> 0xe00002c2
#### AGXIOC Method sel=0x18->0x18 inCnt=0 inSC=0 outSC=0 -> 0xe00002c2
#### AGXIOC Method sel=0x18->0x18 inCnt=0 inSC=0 outSC=0 -> 0xe00002c2
#### AGXIOC Method sel=0x18->0x18 inCnt=0 inSC=0 outSC=0 -> 0xe00002c2
#### AGXIOC Method sel=0x18->0x18 inCnt=0 inSC=0 outSC=0 -> 0xe00002c2
#### AGXIOC Method sel=0x18->0x18 inCnt=0 inSC=0 outSC=0 -> 0xe00002c2
#### AGXIOC Method sel=0x18->0x18 inCnt=0 inSC=0 outSC=0 -> 0xe00002c2
#### AGXIOC Method sel=0x18->0x18 inCnt=0 inSC=0 outSC=0 -> 0xe00002c2
#### AGXIOC Method sel=0x18->0x18 inCnt=0 inSC=0 outSC=0 -> 0xe00002c2
#### AGXIOC Method sel=0x18->0x18 inCnt=0 inSC=0 outSC=0 -> 0xe00002c2
#### AGXIOC Method sel=0x18->0x18 inCnt=0 inSC=0 outSC=0 -> 0xe00002c2
#### AGXIOC Method sel=0x18->0x18 inCnt=0 inSC=0 outSC=0 -> 0xe00002c2
[72325:0728/061455.145362:VERBOSE1:content/browser/renderer_host/media/media_stream_manager.cc:1515] MSPL::OnSuspend([this=0x6000d2ea8])
#### AGXIOC Method sel=0x18->0x18 inCnt=0 inSC=0 outSC=0 -> 0xe00002c2
#### AGXIOC Method sel=0x18->0x18 inCnt=0 inSC=0 outSC=0 -> 0xe00002c2
[72325:0728/061456.214913:VERBOSE1:content/browser/renderer_host/media/media_stream_manager.cc:1515] MSPL::OnResume([this=0x6000d2ea8])
#### AGXIOC Method sel=0x18->0x18 inCnt=0 inSC=0 outSC=0 -> 0xe00002c2
#### AGXIOC Method sel=0x18->0x18 inCnt=0 inSC=0 outSC=0 -> 0xe00002c2
#### AGXIOC Method sel=0x18->0x18 inCnt=0 inSC=0 outSC=0 -> 0xe00002c2
#### AGXIOC Method sel=0x18->0x18 inCnt=0 inSC=0 outSC=0 -> 0xe00002c2
#### AGXIOC Method sel=0x18->0x18 inCnt=0 inSC=0 outSC=0 -> 0xe00002c2
#### AGXIOC Method sel=0x18->0x18 inCnt=0 inSC=0 outSC=0 -> 0xe00002c2
#### AGXIOC Method sel=0x18->0x18 inCnt=0 inSC=0 outSC=0 -> 0xe00002c2
#### AGXIOC Method sel=0x18->0x18 inCnt=0 inSC=0 outSC=0 -> 0xe00002c2
#### AGXIOC Method sel=0x18->0x18 inCnt=0 inSC=0 outSC=0 -> 0xe00002c2
#### AGXIOC Method sel=0x18->0x18 inCnt=0 inSC=0 outSC=0 -> 0xe00002c2
#### AGXIOC Method sel=0x18->0x18 inCnt=0 inSC=0 outSC=0 -> 0xe00002c2
#### AGXIOC Method sel=0x18->0x18 inCnt=0 inSC=0 outSC=0 -> 0xe00002c2
#### AGXIOC Method sel=0x18->0x18 inCnt=0 inSC=0 outSC=0 -> 0xe00002c2
#### AGXIOC Method sel=0x18->0x18 inCnt=0 inSC=0 outSC=0 -> 0xe00002c2
#### AGXIOC Method sel=0x18->0x18 inCnt=0 inSC=0 outSC=0 -> 0xe00002c2
#### AGXIOC Method sel=0x18->0x18 inCnt=0 inSC=0 outSC=0 -> 0xe00002c2
#### AGXIOC Method sel=0x18->0x18 inCnt=0 inSC=0 outSC=0 -> 0xe00002c2
#### AGXIOC Method sel=0x18->0x18 inCnt=0 inSC=0 outSC=0 -> 0xe00002c2
#### AGXIOC Method sel=0x18->0x18 inCnt=0 inSC=0 outSC=0 -> 0xe00002c2
#### AGXIOC Method sel=0x18->0x18 inCnt=0 inSC=0 outSC=0 -> 0xe00002c2
#### AGXIOC Method sel=0x18->0x18 inCnt=0 inSC=0 outSC=0 -> 0xe00002c2
#### AGXIOC Method sel=0x18->0x18 inCnt=0 inSC=0 outSC=0 -> 0xe00002c2
#### AGXIOC Method sel=0x18->0x18 inCnt=0 inSC=0 outSC=0 -> 0xe00002c2
#### AGXIOC Method sel=0x18->0x18 inCnt=0 inSC=0 outSC=0 -> 0xe00002c2
#### AGXIOC Method sel=0x18->0x18 inCnt=0 inSC=0 outSC=0 -> 0xe00002c2
#### AGXIOC Method sel=0x18->0x18 inCnt=0 inSC=0 outSC=0 -> 0xe00002c2
#### AGXIOC Method sel=0x18->0x18 inCnt=0 inSC=0 outSC=0 -> 0xe00002c2
#### AGXIOC Method sel=0x18->0x18 inCnt=0 inSC=0 outSC=0 -> 0xe00002c2
#### AGXIOC Method sel=0x18->0x18 inCnt=0 inSC=0 outSC=0 -> 0xe00002c2
#### AGXIOC Method sel=0x18->0x18 inCnt=0 inSC=0 outSC=0 -> 0xe00002c2
#### AGXIOC Method sel=0x18->0x18 inCnt=0 inSC=0 outSC=0 -> 0xe00002c2
#### AGXIOC Method sel=0x18->0x18 inCnt=0 inSC=0 outSC=0 -> 0xe00002c2
#### AGXIOC Method sel=0x18->0x18 inCnt=0 inSC=0 outSC=0 -> 0xe00002c2
#### AGXIOC Method sel=0x18->0x18 inCnt=0 inSC=0 outSC=0 -> 0xe00002c2
#### AGXIOC Method sel=0x18->0x18 inCnt=0 inSC=0 outSC=0 -> 0xe00002c2
#### AGXIOC Method sel=0x18->0x18 inCnt=0 inSC=0 outSC=0 -> 0xe00002c2
#### AGXIOC Method sel=0x18->0x18 inCnt=0 inSC=0 outSC=0 -> 0xe00002c2
#### AGXIOC Method sel=0x18->0x18 inCnt=0 inSC=0 outSC=0 -> 0xe00002c2
#### AGXIOC Method sel=0x18->0x18 inCnt=0 inSC=0 outSC=0 -> 0xe00002c2
#### AGXIOC Method sel=0x18->0x18 inCnt=0 inSC=0 outSC=0 -> 0xe00002c2
#### AGXIOC Method sel=0x18->0x18 inCnt=0 inSC=0 outSC=0 -> 0xe00002c2
#### AGXIOC Method sel=0x18->0x18 inCnt=0 inSC=0 outSC=0 -> 0xe00002c2
#### AGXIOC Method sel=0x18->0x18 inCnt=0 inSC=0 outSC=0 -> 0xe00002c2
#### AGXIOC Method sel=0x18->0x18 inCnt=0 inSC=0 outSC=0 -> 0xe00002c2
#### AGXIOC Method sel=0x18->0x18 inCnt=0 inSC=0 outSC=0 -> 0xe00002c2
#### AGXIOC Method sel=0x18->0x18 inCnt=0 inSC=0 outSC=0 -> 0xe00002c2
#### AGXIOC Method sel=0x18->0x18 inCnt=0 inSC=0 outSC=0 -> 0xe00002c2
#### AGXIOC Method sel=0x18->0x18 inCnt=0 inSC=0 outSC=0 -> 0xe00002c2
#### AGXIOC Method sel=0x18->0x18 inCnt=0 inSC=0 outSC=0 -> 0xe00002c2
#### AGXIOC Method sel=0x18->0x18 inCnt=0 inSC=0 outSC=0 -> 0xe00002c2
#### AGXIOC Method sel=0x18->0x18 inCnt=0 inSC=0 outSC=0 -> 0xe00002c2
#### AGXIOC Method sel=0x18->0x18 inCnt=0 inSC=0 outSC=0 -> 0xe00002c2
#### AGXIOC Method sel=0x18->0x18 inCnt=0 inSC=0 outSC=0 -> 0xe00002c2
#### AGXIOC Method sel=0x18->0x18 inCnt=0 inSC=0 outSC=0 -> 0xe00002c2
#### AGXIOC Method sel=0x18->0x18 inCnt=0 inSC=0 outSC=0 -> 0xe00002c2
#### AGXIOC Method sel=0x18->0x18 inCnt=0 inSC=0 outSC=0 -> 0xe00002c2
#### AGXIOC Method sel=0x18->0x18 inCnt=0 inSC=0 outSC=0 -> 0xe00002c2
#### AGXIOC Method sel=0x18->0x18 inCnt=0 inSC=0 outSC=0 -> 0xe00002c2
#### AGXIOC Method sel=0x18->0x18 inCnt=0 inSC=0 outSC=0 -> 0xe00002c2
#### AGXIOC Method sel=0x18->0x18 inCnt=0 inSC=0 outSC=0 -> 0xe00002c2
#### AGXIOC Method sel=0x18->0x18 inCnt=0 inSC=0 outSC=0 -> 0xe00002c2
[72325:0728/061500.388705:VERBOSE1:content/browser/renderer_host/media/media_stream_manager.cc:1515] MSPL::OnSuspend([this=0x6000d2ea8])
#### AGXIOC Method sel=0x18->0x18 inCnt=0 inSC=0 outSC=0 -> 0xe00002c2
[72325:0728/061501.465211:VERBOSE1:content/browser/renderer_host/media/media_stream_manager.cc:1515] MSPL::OnResume([this=0x6000d2ea8])
#### AGXIOC Method sel=0x18->0x18 inCnt=0 inSC=0 outSC=0 -> 0xe00002c2
#### AGXIOC Method sel=0x18->0x18 inCnt=0 inSC=0 outSC=0 -> 0xe00002c2
#### AGXIOC Method sel=0x18->0x18 inCnt=0 inSC=0 outSC=0 -> 0xe00002c2
#### AGXIOC Method sel=0x18->0x18 inCnt=0 inSC=0 outSC=0 -> 0xe00002c2
#### AGXIOC Method sel=0x18->0x18 inCnt=0 inSC=0 outSC=0 -> 0xe00002c2
#### AGXIOC Method sel=0x18->0x18 inCnt=0 inSC=0 outSC=0 -> 0xe00002c2
#### AGXIOC Method sel=0x18->0x18 inCnt=0 inSC=0 outSC=0 -> 0xe00002c2
#### AGXIOC Method sel=0x18->0x18 inCnt=0 inSC=0 outSC=0 -> 0xe00002c2
#### AGXIOC Method sel=0x18->0x18 inCnt=0 inSC=0 outSC=0 -> 0xe00002c2
#### AGXIOC Method sel=0x18->0x18 inCnt=0 inSC=0 outSC=0 -> 0xe00002c2
#### AGXIOC Method sel=0x18->0x18 inCnt=0 inSC=0 outSC=0 -> 0xe00002c2
#### AGXIOC Method sel=0x18->0x18 inCnt=0 inSC=0 outSC=0 -> 0xe00002c2
#### AGXIOC Method sel=0x18->0x18 inCnt=0 inSC=0 outSC=0 -> 0xe00002c2
#### AGXIOC Method sel=0x18->0x18 inCnt=0 inSC=0 outSC=0 -> 0xe00002c2
#### AGXIOC Method sel=0x18->0x18 inCnt=0 inSC=0 outSC=0 -> 0xe00002c2
#### AGXIOC Method sel=0x18->0x18 inCnt=0 inSC=0 outSC=0 -> 0xe00002c2
#### AGXIOC Method sel=0x18->0x18 inCnt=0 inSC=0 outSC=0 -> 0xe00002c2
#### AGXIOC Method sel=0x18->0x18 inCnt=0 inSC=0 outSC=0 -> 0xe00002c2
#### AGXIOC Method sel=0x18->0x18 inCnt=0 inSC=0 outSC=0 -> 0xe00002c2
#### AGXIOC Method sel=0x18->0x18 inCnt=0 inSC=0 outSC=0 -> 0xe00002c2
#### AGXIOC Method sel=0x18->0x18 inCnt=0 inSC=0 outSC=0 -> 0xe00002c2
#### AGXIOC Method sel=0x18->0x18 inCnt=0 inSC=0 outSC=0 -> 0xe00002c2
#### AGXIOC Method sel=0x18->0x18 inCnt=0 inSC=0 outSC=0 -> 0xe00002c2
#### AGXIOC Method sel=0x18->0x18 inCnt=0 inSC=0 outSC=0 -> 0xe00002c2
#### AGXIOC Method sel=0x18->0x18 inCnt=0 inSC=0 outSC=0 -> 0xe00002c2
#### AGXIOC Method sel=0x18->0x18 inCnt=0 inSC=0 outSC=0 -> 0xe00002c2
#### AGXIOC Method sel=0x18->0x18 inCnt=0 inSC=0 outSC=0 -> 0xe00002c2
#### AGXIOC Method sel=0x18->0x18 inCnt=0 inSC=0 outSC=0 -> 0xe00002c2
#### AGXIOC Method sel=0x18->0x18 inCnt=0 inSC=0 outSC=0 -> 0xe00002c2
#### AGXIOC Method sel=0x18->0x18 inCnt=0 inSC=0 outSC=0 -> 0xe00002c2
#### AGXIOC Method sel=0x18->0x18 inCnt=0 inSC=0 outSC=0 -> 0xe00002c2
#### AGXIOC Method sel=0x18->0x18 inCnt=0 inSC=0 outSC=0 -> 0xe00002c2
#### AGXIOC Method sel=0x18->0x18 inCnt=0 inSC=0 outSC=0 -> 0xe00002c2
#### AGXIOC Method sel=0x18->0x18 inCnt=0 inSC=0 outSC=0 -> 0xe00002c2
#### AGXIOC Method sel=0x18->0x18 inCnt=0 inSC=0 outSC=0 -> 0xe00002c2
#### AGXIOC Method sel=0x18->0x18 inCnt=0 inSC=0 outSC=0 -> 0xe00002c2
#### AGXIOC Method sel=0x18->0x18 inCnt=0 inSC=0 outSC=0 -> 0xe00002c2
#### AGXIOC Method sel=0x18->0x18 inCnt=0 inSC=0 outSC=0 -> 0xe00002c2
#### AGXIOC Method sel=0x18->0x18 inCnt=0 inSC=0 outSC=0 -> 0xe00002c2
#### AGXIOC Method sel=0x18->0x18 inCnt=0 inSC=0 outSC=0 -> 0xe00002c2
#### AGXIOC Method sel=0x18->0x18 inCnt=0 inSC=0 outSC=0 -> 0xe00002c2
#### AGXIOC Method sel=0x18->0x18 inCnt=0 inSC=0 outSC=0 -> 0xe00002c2
#### AGXIOC Method sel=0x18->0x18 inCnt=0 inSC=0 outSC=0 -> 0xe00002c2
#### AGXIOC Method sel=0x18->0x18 inCnt=0 inSC=0 outSC=0 -> 0xe00002c2
#### AGXIOC Method sel=0x18->0x18 inCnt=0 inSC=0 outSC=0 -> 0xe00002c2
#### AGXIOC Method sel=0x18->0x18 inCnt=0 inSC=0 outSC=0 -> 0xe00002c2
#### AGXIOC Method sel=0x18->0x18 inCnt=0 inSC=0 outSC=0 -> 0xe00002c2
#### AGXIOC Method sel=0x18->0x18 inCnt=0 inSC=0 outSC=0 -> 0xe00002c2
#### AGXIOC Method sel=0x18->0x18 inCnt=0 inSC=0 outSC=0 -> 0xe00002c2
#### AGXIOC Method sel=0x18->0x18 inCnt=0 inSC=0 outSC=0 -> 0xe00002c2
#### AGXIOC Method sel=0x18->0x18 inCnt=0 inSC=0 outSC=0 -> 0xe00002c2
#### AGXIOC Method sel=0x18->0x18 inCnt=0 inSC=0 outSC=0 -> 0xe00002c2
#### AGXIOC Method sel=0x18->0x18 inCnt=0 inSC=0 outSC=0 -> 0xe00002c2
#### AGXIOC Method sel=0x18->0x18 inCnt=0 inSC=0 outSC=0 -> 0xe00002c2
#### AGXIOC Method sel=0x18->0x18 inCnt=0 inSC=0 outSC=0 -> 0xe00002c2
#### AGXIOC Method sel=0x18->0x18 inCnt=0 inSC=0 outSC=0 -> 0xe00002c2
#### AGXIOC Method sel=0x18->0x18 inCnt=0 inSC=0 outSC=0 -> 0xe00002c2
#### AGXIOC Method sel=0x18->0x18 inCnt=0 inSC=0 outSC=0 -> 0xe00002c2
[72325:0728/061505.641126:VERBOSE1:content/browser/renderer_host/media/media_stream_manager.cc:1515] MSPL::OnSuspend([this=0x6000d2ea8])
#### AGXIOC Method sel=0x18->0x18 inCnt=0 inSC=0 outSC=0 -> 0xe00002c2
#### AGXIOC Method sel=0x18->0x18 inCnt=0 inSC=0 outSC=0 -> 0xe00002c2
[72325:0728/061506.720188:VERBOSE1:content/browser/renderer_host/media/media_stream_manager.cc:1515] MSPL::OnResume([this=0x6000d2ea8])
[72365:0728/061506.749143:VERBOSE1:net/base/network_delegate.cc:38] NetworkDelegate::NotifyBeforeURLRequest: https://mobile.events.data.microsoft.com/OneCollector/1.0?cors=true&content-type=application/x-json-stream
#### AGXIOC Method sel=0x18->0x18 inCnt=0 inSC=0 outSC=0 -> 0xe00002c2
#### AGXIOC Method sel=0x18->0x18 inCnt=0 inSC=0 outSC=0 -> 0xe00002c2
#### AGXIOC Method sel=0x18->0x18 inCnt=0 inSC=0 outSC=0 -> 0xe00002c2
#### AGXIOC Method sel=0x18->0x18 inCnt=0 inSC=0 outSC=0 -> 0xe00002c2
#### AGXIOC Method sel=0x18->0x18 inCnt=0 inSC=0 outSC=0 -> 0xe00002c2
#### AGXIOC Method sel=0x18->0x18 inCnt=0 inSC=0 outSC=0 -> 0xe00002c2
#### AGXIOC Method sel=0x18->0x18 inCnt=0 inSC=0 outSC=0 -> 0xe00002c2
#### AGXIOC Method sel=0x18->0x18 inCnt=0 inSC=0 outSC=0 -> 0xe00002c2
#### AGXIOC Method sel=0x18->0x18 inCnt=0 inSC=0 outSC=0 -> 0xe00002c2
#### AGXIOC Method sel=0x18->0x18 inCnt=0 inSC=0 outSC=0 -> 0xe00002c2
#### AGXIOC Method sel=0x18->0x18 inCnt=0 inSC=0 outSC=0 -> 0xe00002c2
#### AGXIOC Method sel=0x18->0x18 inCnt=0 inSC=0 outSC=0 -> 0xe00002c2
#### AGXIOC Method sel=0x18->0x18 inCnt=0 inSC=0 outSC=0 -> 0xe00002c2
#### AGXIOC Method sel=0x18->0x18 inCnt=0 inSC=0 outSC=0 -> 0xe00002c2
#### AGXIOC Method sel=0x18->0x18 inCnt=0 inSC=0 outSC=0 -> 0xe00002c2
#### AGXIOC Method sel=0x18->0x18 inCnt=0 inSC=0 outSC=0 -> 0xe00002c2
#### AGXIOC Method sel=0x18->0x18 inCnt=0 inSC=0 outSC=0 -> 0xe00002c2
#### AGXIOC Method sel=0x18->0x18 inCnt=0 inSC=0 outSC=0 -> 0xe00002c2
#### AGXIOC Method sel=0x18->0x18 inCnt=0 inSC=0 outSC=0 -> 0xe00002c2
#### AGXIOC Method sel=0x18->0x18 inCnt=0 inSC=0 outSC=0 -> 0xe00002c2
#### AGXIOC Method sel=0x18->0x18 inCnt=0 inSC=0 outSC=0 -> 0xe00002c2
#### AGXIOC Method sel=0x18->0x18 inCnt=0 inSC=0 outSC=0 -> 0xe00002c2
#### AGXIOC Method sel=0x18->0x18 inCnt=0 inSC=0 outSC=0 -> 0xe00002c2
#### AGXIOC Method sel=0x18->0x18 inCnt=0 inSC=0 outSC=0 -> 0xe00002c2
#### AGXIOC Method sel=0x18->0x18 inCnt=0 inSC=0 outSC=0 -> 0xe00002c2
#### AGXIOC Method sel=0x18->0x18 inCnt=0 inSC=0 outSC=0 -> 0xe00002c2
#### AGXIOC Method sel=0x18->0x18 inCnt=0 inSC=0 outSC=0 -> 0xe00002c2
#### AGXIOC Method sel=0x18->0x18 inCnt=0 inSC=0 outSC=0 -> 0xe00002c2
#### AGXIOC Method sel=0x18->0x18 inCnt=0 inSC=0 outSC=0 -> 0xe00002c2
#### AGXIOC Method sel=0x18->0x18 inCnt=0 inSC=0 outSC=0 -> 0xe00002c2
#### AGXIOC Method sel=0x18->0x18 inCnt=0 inSC=0 outSC=0 -> 0xe00002c2
#### AGXIOC Method sel=0x18->0x18 inCnt=0 inSC=0 outSC=0 -> 0xe00002c2
#### AGXIOC Method sel=0x18->0x18 inCnt=0 inSC=0 outSC=0 -> 0xe00002c2
#### AGXIOC Method sel=0x18->0x18 inCnt=0 inSC=0 outSC=0 -> 0xe00002c2
#### AGXIOC Method sel=0x18->0x18 inCnt=0 inSC=0 outSC=0 -> 0xe00002c2
#### AGXIOC Method sel=0x18->0x18 inCnt=0 inSC=0 outSC=0 -> 0xe00002c2
#### AGXIOC Method sel=0x18->0x18 inCnt=0 inSC=0 outSC=0 -> 0xe00002c2
#### AGXIOC Method sel=0x18->0x18 inCnt=0 inSC=0 outSC=0 -> 0xe00002c2
#### AGXIOC Method sel=0x18->0x18 inCnt=0 inSC=0 outSC=0 -> 0xe00002c2
#### AGXIOC Method sel=0x18->0x18 inCnt=0 inSC=0 outSC=0 -> 0xe00002c2
#### AGXIOC Method sel=0x18->0x18 inCnt=0 inSC=0 outSC=0 -> 0xe00002c2
#### AGXIOC Method sel=0x18->0x18 inCnt=0 inSC=0 outSC=0 -> 0xe00002c2
#### AGXIOC Method sel=0x18->0x18 inCnt=0 inSC=0 outSC=0 -> 0xe00002c2
#### AGXIOC Method sel=0x18->0x18 inCnt=0 inSC=0 outSC=0 -> 0xe00002c2
#### AGXIOC Method sel=0x18->0x18 inCnt=0 inSC=0 outSC=0 -> 0xe00002c2
#### AGXIOC Method sel=0x18->0x18 inCnt=0 inSC=0 outSC=0 -> 0xe00002c2
#### AGXIOC Method sel=0x18->0x18 inCnt=0 inSC=0 outSC=0 -> 0xe00002c2
#### AGXIOC Method sel=0x18->0x18 inCnt=0 inSC=0 outSC=0 -> 0xe00002c2
#### AGXIOC Method sel=0x18->0x18 inCnt=0 inSC=0 outSC=0 -> 0xe00002c2
#### AGXIOC Method sel=0x18->0x18 inCnt=0 inSC=0 outSC=0 -> 0xe00002c2
#### AGXIOC Method sel=0x1e->0x1a inCnt=4 inSC=112 outSC=0 -> 0x0
#### AGXIOC Method sel=0x18->0x18 inCnt=0 inSC=0 outSC=0 -> 0xe00002c2
#### AGXIOC Method sel=0x18->0x18 inCnt=0 inSC=0 outSC=0 -> 0xe00002c2
#### AGXIOC Method sel=0x18->0x18 inCnt=0 inSC=0 outSC=0 -> 0xe00002c2
#### AGXIOC Method sel=0x18->0x18 inCnt=0 inSC=0 outSC=0 -> 0xe00002c2
#### AGXIOC Method sel=0x18->0x18 inCnt=0 inSC=0 outSC=0 -> 0xe00002c2
#### AGXIOC Method sel=0x18->0x18 inCnt=0 inSC=0 outSC=0 -> 0xe00002c2
#### AGXIOC Method sel=0x18->0x18 inCnt=0 inSC=0 outSC=0 -> 0xe00002c2
#### AGXIOC Method sel=0x18->0x18 inCnt=0 inSC=0 outSC=0 -> 0xe00002c2
#### AGXIOC Method sel=0x18->0x18 inCnt=0 inSC=0 outSC=0 -> 0xe00002c2
#### AGXIOC Method sel=0x18->0x18 inCnt=0 inSC=0 outSC=0 -> 0xe00002c2
#### AGXIOC Method sel=0x18->0x18 inCnt=0 inSC=0 outSC=0 -> 0xe00002c2
#### AGXIOC Method sel=0x18->0x18 inCnt=0 inSC=0 outSC=0 -> 0xe00002c2
#### AGXIOC Method sel=0x18->0x18 inCnt=0 inSC=0 outSC=0 -> 0xe00002c2
[72325:0728/061510.909056:VERBOSE1:content/browser/renderer_host/media/media_stream_manager.cc:1515] MSPL::OnSuspend([this=0x6000d2ea8])
#### AGXIOC Method sel=0x18->0x18 inCnt=0 inSC=0 outSC=0 -> 0xe00002c2
[72325:0728/061511.244111:VERBOSE1:content/browser/renderer_host/media/media_stream_manager.cc:1515] MSPL::OnResume([this=0x6000d2ea8])
#### AGXIOC Method sel=0x18->0x18 inCnt=0 inSC=0 outSC=0 -> 0xe00002c2
#### AGXIOC Method sel=0x18->0x18 inCnt=0 inSC=0 outSC=0 -> 0xe00002c2
#### AGXIOC Method sel=0x18->0x18 inCnt=0 inSC=0 outSC=0 -> 0xe00002c2
#### AGXIOC Method sel=0x18->0x18 inCnt=0 inSC=0 outSC=0 -> 0xe00002c2
#### AGXIOC Method sel=0x18->0x18 inCnt=0 inSC=0 outSC=0 -> 0xe00002c2
#### AGXIOC Method sel=0x18->0x18 inCnt=0 inSC=0 outSC=0 -> 0xe00002c2
#### AGXIOC Method sel=0x18->0x18 inCnt=0 inSC=0 outSC=0 -> 0xe00002c2
#### AGXIOC Method sel=0x18->0x18 inCnt=0 inSC=0 outSC=0 -> 0xe00002c2
#### AGXIOC Method sel=0x18->0x18 inCnt=0 inSC=0 outSC=0 -> 0xe00002c2
#### AGXIOC Method sel=0x18->0x18 inCnt=0 inSC=0 outSC=0 -> 0xe00002c2
#### AGXIOC Method sel=0x18->0x18 inCnt=0 inSC=0 outSC=0 -> 0xe00002c2
#### AGXIOC Method sel=0x18->0x18 inCnt=0 inSC=0 outSC=0 -> 0xe00002c2
#### AGXIOC Method sel=0x18->0x18 inCnt=0 inSC=0 outSC=0 -> 0xe00002c2
#### AGXIOC Method sel=0x18->0x18 inCnt=0 inSC=0 outSC=0 -> 0xe00002c2
#### AGXIOC Method sel=0x18->0x18 inCnt=0 inSC=0 outSC=0 -> 0xe00002c2
#### AGXIOC Method sel=0x18->0x18 inCnt=0 inSC=0 outSC=0 -> 0xe00002c2
#### AGXIOC Method sel=0x18->0x18 inCnt=0 inSC=0 outSC=0 -> 0xe00002c2
#### AGXIOC Method sel=0x18->0x18 inCnt=0 inSC=0 outSC=0 -> 0xe00002c2
#### AGXIOC Method sel=0x18->0x18 inCnt=0 inSC=0 outSC=0 -> 0xe00002c2
#### AGXIOC Method sel=0x18->0x18 inCnt=0 inSC=0 outSC=0 -> 0xe00002c2
#### AGXIOC Method sel=0x18->0x18 inCnt=0 inSC=0 outSC=0 -> 0xe00002c2
#### AGXIOC Method sel=0x18->0x18 inCnt=0 inSC=0 outSC=0 -> 0xe00002c2
#### AGXIOC Method sel=0x18->0x18 inCnt=0 inSC=0 outSC=0 -> 0xe00002c2
#### AGXIOC Method sel=0x18->0x18 inCnt=0 inSC=0 outSC=0 -> 0xe00002c2
#### AGXIOC Method sel=0x18->0x18 inCnt=0 inSC=0 outSC=0 -> 0xe00002c2
#### AGXIOC Method sel=0x18->0x18 inCnt=0 inSC=0 outSC=0 -> 0xe00002c2
#### AGXIOC Method sel=0x18->0x18 inCnt=0 inSC=0 outSC=0 -> 0xe00002c2
#### AGXIOC Method sel=0x18->0x18 inCnt=0 inSC=0 outSC=0 -> 0xe00002c2
#### AGXIOC Method sel=0x18->0x18 inCnt=0 inSC=0 outSC=0 -> 0xe00002c2
#### AGXIOC Method sel=0x18->0x18 inCnt=0 inSC=0 outSC=0 -> 0xe00002c2
#### AGXIOC Method sel=0x18->0x18 inCnt=0 inSC=0 outSC=0 -> 0xe00002c2
[72365:0728/061513.024258:VERBOSE1:net/base/network_delegate.cc:38] NetworkDelegate::NotifyBeforeURLRequest: https://mobile.events.data.microsoft.com/OneCollector/1.0?cors=true&content-type=application/x-json-stream
#### AGXIOC Method sel=0x18->0x18 inCnt=0 inSC=0 outSC=0 -> 0xe00002c2
#### AGXIOC Method sel=0x18->0x18 inCnt=0 inSC=0 outSC=0 -> 0xe00002c2
#### AGXIOC Method sel=0x18->0x18 inCnt=0 inSC=0 outSC=0 -> 0xe00002c2
#### AGXIOC Method sel=0x18->0x18 inCnt=0 inSC=0 outSC=0 -> 0xe00002c2
#### AGXIOC Method sel=0x18->0x18 inCnt=0 inSC=0 outSC=0 -> 0xe00002c2
#### AGXIOC Method sel=0x18->0x18 inCnt=0 inSC=0 outSC=0 -> 0xe00002c2
#### AGXIOC Method sel=0x18->0x18 inCnt=0 inSC=0 outSC=0 -> 0xe00002c2
#### AGXIOC Method sel=0x18->0x18 inCnt=0 inSC=0 outSC=0 -> 0xe00002c2
#### AGXIOC Method sel=0x18->0x18 inCnt=0 inSC=0 outSC=0 -> 0xe00002c2
#### AGXIOC Method sel=0x18->0x18 inCnt=0 inSC=0 outSC=0 -> 0xe00002c2
#### AGXIOC Method sel=0x18->0x18 inCnt=0 inSC=0 outSC=0 -> 0xe00002c2
#### AGXIOC Method sel=0x18->0x18 inCnt=0 inSC=0 outSC=0 -> 0xe00002c2
#### AGXIOC Method sel=0x18->0x18 inCnt=0 inSC=0 outSC=0 -> 0xe00002c2
#### AGXIOC Method sel=0x18->0x18 inCnt=0 inSC=0 outSC=0 -> 0xe00002c2
#### AGXIOC Method sel=0x18->0x18 inCnt=0 inSC=0 outSC=0 -> 0xe00002c2
#### AGXIOC Method sel=0x18->0x18 inCnt=0 inSC=0 outSC=0 -> 0xe00002c2
#### AGXIOC Method sel=0x18->0x18 inCnt=0 inSC=0 outSC=0 -> 0xe00002c2
#### AGXIOC Method sel=0x18->0x18 inCnt=0 inSC=0 outSC=0 -> 0xe00002c2
#### AGXIOC Method sel=0x18->0x18 inCnt=0 inSC=0 outSC=0 -> 0xe00002c2
#### AGXIOC Method sel=0x18->0x18 inCnt=0 inSC=0 outSC=0 -> 0xe00002c2
#### AGXIOC Method sel=0x18->0x18 inCnt=0 inSC=0 outSC=0 -> 0xe00002c2
#### AGXIOC Method sel=0x18->0x18 inCnt=0 inSC=0 outSC=0 -> 0xe00002c2
#### AGXIOC Method sel=0x18->0x18 inCnt=0 inSC=0 outSC=0 -> 0xe00002c2
#### AGXIOC Method sel=0x18->0x18 inCnt=0 inSC=0 outSC=0 -> 0xe00002c2
#### MACWS-NEW-EVENT #500 original=nil sharedEvent=0x601233ac0 class=_MTLSharedEvent device=0x600282000 deviceClass=AGXG13GFamilyDevice
#### AGXIOC Method sel=0x18->0x18 inCnt=0 inSC=0 outSC=0 -> 0xe00002c2
#### AGXIOC Method sel=0x18->0x18 inCnt=0 inSC=0 outSC=0 -> 0xe00002c2
#### AGXIOC Method sel=0x18->0x18 inCnt=0 inSC=0 outSC=0 -> 0xe00002c2
#### AGXIOC Method sel=0x18->0x18 inCnt=0 inSC=0 outSC=0 -> 0xe00002c2
#### AGXIOC Method sel=0x18->0x18 inCnt=0 inSC=0 outSC=0 -> 0xe00002c2
#### AGXIOC Method sel=0x18->0x18 inCnt=0 inSC=0 outSC=0 -> 0xe00002c2
#### AGXIOC Method sel=0x18->0x18 inCnt=0 inSC=0 outSC=0 -> 0xe00002c2
#### AGXIOC Method sel=0x18->0x18 inCnt=0 inSC=0 outSC=0 -> 0xe00002c2
#### AGXIOC Method sel=0x18->0x18 inCnt=0 inSC=0 outSC=0 -> 0xe00002c2
#### AGXIOC Method sel=0x18->0x18 inCnt=0 inSC=0 outSC=0 -> 0xe00002c2
#### AGXIOC Method sel=0x18->0x18 inCnt=0 inSC=0 outSC=0 -> 0xe00002c2
[72325:0728/061515.472761:VERBOSE1:content/browser/renderer_host/media/media_stream_manager.cc:1515] MSPL::OnSuspend([this=0x6000d2ea8])
#### AGXIOC Method sel=0x18->0x18 inCnt=0 inSC=0 outSC=0 -> 0xe00002c2
[72325:0728/061515.803441:VERBOSE1:content/browser/renderer_host/media/media_stream_manager.cc:1515] MSPL::OnResume([this=0x6000d2ea8])
#### AGXIOC Method sel=0x18->0x18 inCnt=0 inSC=0 outSC=0 -> 0xe00002c2
#### AGXIOC Method sel=0x18->0x18 inCnt=0 inSC=0 outSC=0 -> 0xe00002c2
#### AGXIOC Method sel=0x18->0x18 inCnt=0 inSC=0 outSC=0 -> 0xe00002c2
#### AGXIOC Method sel=0x18->0x18 inCnt=0 inSC=0 outSC=0 -> 0xe00002c2
#### AGXIOC Method sel=0x18->0x18 inCnt=0 inSC=0 outSC=0 -> 0xe00002c2
#### AGXIOC Method sel=0x18->0x18 inCnt=0 inSC=0 outSC=0 -> 0xe00002c2
#### AGXIOC Method sel=0x18->0x18 inCnt=0 inSC=0 outSC=0 -> 0xe00002c2
#### AGXIOC Method sel=0x18->0x18 inCnt=0 inSC=0 outSC=0 -> 0xe00002c2
#### AGXIOC Method sel=0x18->0x18 inCnt=0 inSC=0 outSC=0 -> 0xe00002c2
#### AGXIOC Method sel=0x18->0x18 inCnt=0 inSC=0 outSC=0 -> 0xe00002c2
#### AGXIOC Method sel=0x18->0x18 inCnt=0 inSC=0 outSC=0 -> 0xe00002c2
#### AGXIOC Method sel=0x18->0x18 inCnt=0 inSC=0 outSC=0 -> 0xe00002c2
#### AGXIOC Method sel=0x18->0x18 inCnt=0 inSC=0 outSC=0 -> 0xe00002c2
#### AGXIOC Method sel=0x18->0x18 inCnt=0 inSC=0 outSC=0 -> 0xe00002c2
#### AGXIOC Method sel=0x18->0x18 inCnt=0 inSC=0 outSC=0 -> 0xe00002c2
#### AGXIOC Method sel=0x18->0x18 inCnt=0 inSC=0 outSC=0 -> 0xe00002c2
#### AGXIOC Method sel=0x18->0x18 inCnt=0 inSC=0 outSC=0 -> 0xe00002c2
#### AGXIOC Method sel=0x18->0x18 inCnt=0 inSC=0 outSC=0 -> 0xe00002c2
#### AGXIOC Method sel=0x18->0x18 inCnt=0 inSC=0 outSC=0 -> 0xe00002c2
#### AGXIOC Method sel=0x18->0x18 inCnt=0 inSC=0 outSC=0 -> 0xe00002c2
#### AGXIOC Method sel=0x18->0x18 inCnt=0 inSC=0 outSC=0 -> 0xe00002c2
#### AGXIOC Method sel=0x18->0x18 inCnt=0 inSC=0 outSC=0 -> 0xe00002c2
#### AGXIOC Method sel=0x18->0x18 inCnt=0 inSC=0 outSC=0 -> 0xe00002c2
#### AGXIOC Method sel=0x18->0x18 inCnt=0 inSC=0 outSC=0 -> 0xe00002c2
#### AGXIOC Method sel=0x18->0x18 inCnt=0 inSC=0 outSC=0 -> 0xe00002c2
#### AGXIOC Method sel=0x18->0x18 inCnt=0 inSC=0 outSC=0 -> 0xe00002c2
#### AGXIOC Method sel=0x18->0x18 inCnt=0 inSC=0 outSC=0 -> 0xe00002c2
[72365:0728/061517.480206:VERBOSE1:net/base/network_delegate.cc:38] NetworkDelegate::NotifyBeforeURLRequest: https://mobile.events.data.microsoft.com/OneCollector/1.0?cors=true&content-type=application/x-json-stream
#### AGXIOC Method sel=0x18->0x18 inCnt=0 inSC=0 outSC=0 -> 0xe00002c2
#### AGXIOC Method sel=0x18->0x18 inCnt=0 inSC=0 outSC=0 -> 0xe00002c2
#### AGXIOC Method sel=0x18->0x18 inCnt=0 inSC=0 outSC=0 -> 0xe00002c2
#### AGXIOC Method sel=0x18->0x18 inCnt=0 inSC=0 outSC=0 -> 0xe00002c2
#### AGXIOC Method sel=0x18->0x18 inCnt=0 inSC=0 outSC=0 -> 0xe00002c2
#### AGXIOC Method sel=0x18->0x18 inCnt=0 inSC=0 outSC=0 -> 0xe00002c2
#### AGXIOC Method sel=0x18->0x18 inCnt=0 inSC=0 outSC=0 -> 0xe00002c2
#### AGXIOC Method sel=0x18->0x18 inCnt=0 inSC=0 outSC=0 -> 0xe00002c2
#### AGXIOC Method sel=0x18->0x18 inCnt=0 inSC=0 outSC=0 -> 0xe00002c2
#### AGXIOC Method sel=0x18->0x18 inCnt=0 inSC=0 outSC=0 -> 0xe00002c2
#### AGXIOC Method sel=0x18->0x18 inCnt=0 inSC=0 outSC=0 -> 0xe00002c2
#### AGXIOC Method sel=0x18->0x18 inCnt=0 inSC=0 outSC=0 -> 0xe00002c2
#### AGXIOC Method sel=0x18->0x18 inCnt=0 inSC=0 outSC=0 -> 0xe00002c2
#### AGXIOC Method sel=0x18->0x18 inCnt=0 inSC=0 outSC=0 -> 0xe00002c2
#### AGXIOC Method sel=0x18->0x18 inCnt=0 inSC=0 outSC=0 -> 0xe00002c2
#### AGXIOC Method sel=0x18->0x18 inCnt=0 inSC=0 outSC=0 -> 0xe00002c2
#### AGXIOC Method sel=0x18->0x18 inCnt=0 inSC=0 outSC=0 -> 0xe00002c2
#### AGXIOC Method sel=0x18->0x18 inCnt=0 inSC=0 outSC=0 -> 0xe00002c2
#### AGXIOC Method sel=0x18->0x18 inCnt=0 inSC=0 outSC=0 -> 0xe00002c2
#### AGXIOC Method sel=0x18->0x18 inCnt=0 inSC=0 outSC=0 -> 0xe00002c2
#### AGXIOC Method sel=0x18->0x18 inCnt=0 inSC=0 outSC=0 -> 0xe00002c2
#### AGXIOC Method sel=0x18->0x18 inCnt=0 inSC=0 outSC=0 -> 0xe00002c2
#### AGXIOC Method sel=0x18->0x18 inCnt=0 inSC=0 outSC=0 -> 0xe00002c2
#### AGXIOC Method sel=0x18->0x18 inCnt=0 inSC=0 outSC=0 -> 0xe00002c2
#### AGXIOC Method sel=0x18->0x18 inCnt=0 inSC=0 outSC=0 -> 0xe00002c2
#### AGXIOC Method sel=0x18->0x18 inCnt=0 inSC=0 outSC=0 -> 0xe00002c2
#### AGXIOC Method sel=0x18->0x18 inCnt=0 inSC=0 outSC=0 -> 0xe00002c2
#### AGXIOC Method sel=0x18->0x18 inCnt=0 inSC=0 outSC=0 -> 0xe00002c2
#### AGXIOC Method sel=0x18->0x18 inCnt=0 inSC=0 outSC=0 -> 0xe00002c2
#### AGXIOC Method sel=0x18->0x18 inCnt=0 inSC=0 outSC=0 -> 0xe00002c2
#### AGXIOC Method sel=0x18->0x18 inCnt=0 inSC=0 outSC=0 -> 0xe00002c2
#### AGXIOC Method sel=0x18->0x18 inCnt=0 inSC=0 outSC=0 -> 0xe00002c2
#### AGXIOC Method sel=0x18->0x18 inCnt=0 inSC=0 outSC=0 -> 0xe00002c2
[72325:0728/061520.025630:VERBOSE1:content/browser/renderer_host/media/media_stream_manager.cc:1515] MSPL::OnSuspend([this=0x6000d2ea8])
[72325:0728/061520.352839:VERBOSE1:content/browser/renderer_host/media/media_stream_manager.cc:1515] MSPL::OnResume([this=0x6000d2ea8])
#### AGXIOC Method sel=0x18->0x18 inCnt=0 inSC=0 outSC=0 -> 0xe00002c2
#### AGXIOC Method sel=0x18->0x18 inCnt=0 inSC=0 outSC=0 -> 0xe00002c2
#### AGXIOC Method sel=0x18->0x18 inCnt=0 inSC=0 outSC=0 -> 0xe00002c2
#### AGXIOC Method sel=0x18->0x18 inCnt=0 inSC=0 outSC=0 -> 0xe00002c2
#### AGXIOC Method sel=0x18->0x18 inCnt=0 inSC=0 outSC=0 -> 0xe00002c2
#### AGXIOC Method sel=0x18->0x18 inCnt=0 inSC=0 outSC=0 -> 0xe00002c2
#### AGXIOC Method sel=0x18->0x18 inCnt=0 inSC=0 outSC=0 -> 0xe00002c2
#### AGXIOC Method sel=0x18->0x18 inCnt=0 inSC=0 outSC=0 -> 0xe00002c2
#### AGXIOC Method sel=0x18->0x18 inCnt=0 inSC=0 outSC=0 -> 0xe00002c2
#### AGXIOC Method sel=0x18->0x18 inCnt=0 inSC=0 outSC=0 -> 0xe00002c2
#### AGXIOC Method sel=0x18->0x18 inCnt=0 inSC=0 outSC=0 -> 0xe00002c2
#### AGXIOC Method sel=0x18->0x18 inCnt=0 inSC=0 outSC=0 -> 0xe00002c2
#### AGXIOC Method sel=0x18->0x18 inCnt=0 inSC=0 outSC=0 -> 0xe00002c2
#### AGXIOC Method sel=0x18->0x18 inCnt=0 inSC=0 outSC=0 -> 0xe00002c2
#### AGXIOC Method sel=0x18->0x18 inCnt=0 inSC=0 outSC=0 -> 0xe00002c2
#### AGXIOC Method sel=0x18->0x18 inCnt=0 inSC=0 outSC=0 -> 0xe00002c2
#### AGXIOC Method sel=0x18->0x18 inCnt=0 inSC=0 outSC=0 -> 0xe00002c2
#### AGXIOC Method sel=0x18->0x18 inCnt=0 inSC=0 outSC=0 -> 0xe00002c2
#### AGXIOC Method sel=0x18->0x18 inCnt=0 inSC=0 outSC=0 -> 0xe00002c2
#### AGXIOC Method sel=0x18->0x18 inCnt=0 inSC=0 outSC=0 -> 0xe00002c2
#### AGXIOC Method sel=0x18->0x18 inCnt=0 inSC=0 outSC=0 -> 0xe00002c2
#### AGXIOC Method sel=0x18->0x18 inCnt=0 inSC=0 outSC=0 -> 0xe00002c2
[72365:0728/061522.139298:VERBOSE1:net/base/network_delegate.cc:38] NetworkDelegate::NotifyBeforeURLRequest: https://mobile.events.data.microsoft.com/OneCollector/1.0?cors=true&content-type=application/x-json-stream
#### AGXIOC Method sel=0x18->0x18 inCnt=0 inSC=0 outSC=0 -> 0xe00002c2
#### AGXIOC Method sel=0x18->0x18 inCnt=0 inSC=0 outSC=0 -> 0xe00002c2
#### AGXIOC Method sel=0x18->0x18 inCnt=0 inSC=0 outSC=0 -> 0xe00002c2
#### AGXIOC Method sel=0x18->0x18 inCnt=0 inSC=0 outSC=0 -> 0xe00002c2
#### AGXIOC Method sel=0x18->0x18 inCnt=0 inSC=0 outSC=0 -> 0xe00002c2
#### AGXIOC Method sel=0x18->0x18 inCnt=0 inSC=0 outSC=0 -> 0xe00002c2
#### AGXIOC Method sel=0x18->0x18 inCnt=0 inSC=0 outSC=0 -> 0xe00002c2
#### AGXIOC Method sel=0x18->0x18 inCnt=0 inSC=0 outSC=0 -> 0xe00002c2
#### AGXIOC Method sel=0x18->0x18 inCnt=0 inSC=0 outSC=0 -> 0xe00002c2
#### AGXIOC Method sel=0x18->0x18 inCnt=0 inSC=0 outSC=0 -> 0xe00002c2
#### AGXIOC Method sel=0x18->0x18 inCnt=0 inSC=0 outSC=0 -> 0xe00002c2
#### AGXIOC Method sel=0x18->0x18 inCnt=0 inSC=0 outSC=0 -> 0xe00002c2
#### AGXIOC Method sel=0x18->0x18 inCnt=0 inSC=0 outSC=0 -> 0xe00002c2
#### AGXIOC Method sel=0x18->0x18 inCnt=0 inSC=0 outSC=0 -> 0xe00002c2
#### AGXIOC Method sel=0x18->0x18 inCnt=0 inSC=0 outSC=0 -> 0xe00002c2
#### AGXIOC Method sel=0x18->0x18 inCnt=0 inSC=0 outSC=0 -> 0xe00002c2
#### AGXIOC Method sel=0x18->0x18 inCnt=0 inSC=0 outSC=0 -> 0xe00002c2
#### AGXIOC Method sel=0x18->0x18 inCnt=0 inSC=0 outSC=0 -> 0xe00002c2
#### AGXIOC Method sel=0x18->0x18 inCnt=0 inSC=0 outSC=0 -> 0xe00002c2
#### AGXIOC Method sel=0x18->0x18 inCnt=0 inSC=0 outSC=0 -> 0xe00002c2
#### AGXIOC Method sel=0x18->0x18 inCnt=0 inSC=0 outSC=0 -> 0xe00002c2
#### AGXIOC Method sel=0x18->0x18 inCnt=0 inSC=0 outSC=0 -> 0xe00002c2
#### AGXIOC Method sel=0x18->0x18 inCnt=0 inSC=0 outSC=0 -> 0xe00002c2
#### AGXIOC Method sel=0x18->0x18 inCnt=0 inSC=0 outSC=0 -> 0xe00002c2
#### AGXIOC Method sel=0x18->0x18 inCnt=0 inSC=0 outSC=0 -> 0xe00002c2
#### AGXIOC Method sel=0x18->0x18 inCnt=0 inSC=0 outSC=0 -> 0xe00002c2
#### AGXIOC Method sel=0x18->0x18 inCnt=0 inSC=0 outSC=0 -> 0xe00002c2
#### AGXIOC Method sel=0x18->0x18 inCnt=0 inSC=0 outSC=0 -> 0xe00002c2
#### AGXIOC Method sel=0x18->0x18 inCnt=0 inSC=0 outSC=0 -> 0xe00002c2
#### AGXIOC Method sel=0x18->0x18 inCnt=0 inSC=0 outSC=0 -> 0xe00002c2
#### AGXIOC Method sel=0x18->0x18 inCnt=0 inSC=0 outSC=0 -> 0xe00002c2
#### AGXIOC Method sel=0x18->0x18 inCnt=0 inSC=0 outSC=0 -> 0xe00002c2
#### AGXIOC Method sel=0x18->0x18 inCnt=0 inSC=0 outSC=0 -> 0xe00002c2
#### AGXIOC Method sel=0x18->0x18 inCnt=0 inSC=0 outSC=0 -> 0xe00002c2
#### AGXIOC Method sel=0x18->0x18 inCnt=0 inSC=0 outSC=0 -> 0xe00002c2
[72325:0728/061524.549509:VERBOSE1:content/browser/renderer_host/media/media_stream_manager.cc:1515] MSPL::OnSuspend([this=0x6000d2ea8])
#### AGXIOC Method sel=0x18->0x18 inCnt=0 inSC=0 outSC=0 -> 0xe00002c2
[72325:0728/061524.903261:VERBOSE1:content/browser/renderer_host/media/media_stream_manager.cc:1515] MSPL::OnResume([this=0x6000d2ea8])
#### AGXIOC Method sel=0x18->0x18 inCnt=0 inSC=0 outSC=0 -> 0xe00002c2
#### AGXIOC Method sel=0x18->0x18 inCnt=0 inSC=0 outSC=0 -> 0xe00002c2
#### AGXIOC Method sel=0x18->0x18 inCnt=0 inSC=0 outSC=0 -> 0xe00002c2
#### AGXIOC Method sel=0x18->0x18 inCnt=0 inSC=0 outSC=0 -> 0xe00002c2
#### AGXIOC Method sel=0x18->0x18 inCnt=0 inSC=0 outSC=0 -> 0xe00002c2
#### AGXIOC Method sel=0x18->0x18 inCnt=0 inSC=0 outSC=0 -> 0xe00002c2
#### AGXIOC Method sel=0x1e->0x1a inCnt=4 inSC=56 outSC=0 -> 0x0
#### AGXIOC Method sel=0x18->0x18 inCnt=0 inSC=0 outSC=0 -> 0xe00002c2
#### AGXIOC Method sel=0x18->0x18 inCnt=0 inSC=0 outSC=0 -> 0xe00002c2
#### AGXIOC Method sel=0x18->0x18 inCnt=0 inSC=0 outSC=0 -> 0xe00002c2
#### AGXIOC Method sel=0x18->0x18 inCnt=0 inSC=0 outSC=0 -> 0xe00002c2
#### AGXIOC Method sel=0x18->0x18 inCnt=0 inSC=0 outSC=0 -> 0xe00002c2
#### AGXIOC Method sel=0x18->0x18 inCnt=0 inSC=0 outSC=0 -> 0xe00002c2
#### AGXIOC Method sel=0x18->0x18 inCnt=0 inSC=0 outSC=0 -> 0xe00002c2
#### AGXIOC Method sel=0x18->0x18 inCnt=0 inSC=0 outSC=0 -> 0xe00002c2
#### AGXIOC Method sel=0x18->0x18 inCnt=0 inSC=0 outSC=0 -> 0xe00002c2
#### AGXIOC Method sel=0x18->0x18 inCnt=0 inSC=0 outSC=0 -> 0xe00002c2
#### AGXIOC Method sel=0x18->0x18 inCnt=0 inSC=0 outSC=0 -> 0xe00002c2
#### AGXIOC Method sel=0x18->0x18 inCnt=0 inSC=0 outSC=0 -> 0xe00002c2
#### AGXIOC Method sel=0x18->0x18 inCnt=0 inSC=0 outSC=0 -> 0xe00002c2
#### AGXIOC Method sel=0x18->0x18 inCnt=0 inSC=0 outSC=0 -> 0xe00002c2
#### AGXIOC Method sel=0x18->0x18 inCnt=0 inSC=0 outSC=0 -> 0xe00002c2
#### AGXIOC Method sel=0x18->0x18 inCnt=0 inSC=0 outSC=0 -> 0xe00002c2
#### AGXIOC Method sel=0x18->0x18 inCnt=0 inSC=0 outSC=0 -> 0xe00002c2
#### AGXIOC Method sel=0x18->0x18 inCnt=0 inSC=0 outSC=0 -> 0xe00002c2
#### AGXIOC Method sel=0x18->0x18 inCnt=0 inSC=0 outSC=0 -> 0xe00002c2
#### AGXIOC Method sel=0x18->0x18 inCnt=0 inSC=0 outSC=0 -> 0xe00002c2
#### AGXIOC Method sel=0x18->0x18 inCnt=0 inSC=0 outSC=0 -> 0xe00002c2
#### AGXIOC Method sel=0x18->0x18 inCnt=0 inSC=0 outSC=0 -> 0xe00002c2
#### AGXIOC Method sel=0x18->0x18 inCnt=0 inSC=0 outSC=0 -> 0xe00002c2
[72365:0728/061526.681247:VERBOSE1:net/base/network_delegate.cc:38] NetworkDelegate::NotifyBeforeURLRequest: https://mobile.events.data.microsoft.com/OneCollector/1.0?cors=true&content-type=application/x-json-stream
#### AGXIOC Method sel=0x18->0x18 inCnt=0 inSC=0 outSC=0 -> 0xe00002c2
#### AGXIOC Method sel=0x18->0x18 inCnt=0 inSC=0 outSC=0 -> 0xe00002c2
#### AGXIOC Method sel=0x18->0x18 inCnt=0 inSC=0 outSC=0 -> 0xe00002c2
#### AGXIOC Method sel=0x18->0x18 inCnt=0 inSC=0 outSC=0 -> 0xe00002c2
#### AGXIOC Method sel=0x18->0x18 inCnt=0 inSC=0 outSC=0 -> 0xe00002c2
#### AGXIOC Method sel=0x18->0x18 inCnt=0 inSC=0 outSC=0 -> 0xe00002c2
#### AGXIOC Method sel=0x18->0x18 inCnt=0 inSC=0 outSC=0 -> 0xe00002c2
#### AGXIOC Method sel=0x18->0x18 inCnt=0 inSC=0 outSC=0 -> 0xe00002c2
#### AGXIOC Method sel=0x18->0x18 inCnt=0 inSC=0 outSC=0 -> 0xe00002c2
#### AGXIOC Method sel=0x18->0x18 inCnt=0 inSC=0 outSC=0 -> 0xe00002c2
#### AGXIOC Method sel=0x18->0x18 inCnt=0 inSC=0 outSC=0 -> 0xe00002c2
#### AGXIOC Method sel=0x18->0x18 inCnt=0 inSC=0 outSC=0 -> 0xe00002c2
#### AGXIOC Method sel=0x18->0x18 inCnt=0 inSC=0 outSC=0 -> 0xe00002c2
#### AGXIOC Method sel=0x18->0x18 inCnt=0 inSC=0 outSC=0 -> 0xe00002c2
#### AGXIOC Method sel=0x18->0x18 inCnt=0 inSC=0 outSC=0 -> 0xe00002c2
#### AGXIOC Method sel=0x18->0x18 inCnt=0 inSC=0 outSC=0 -> 0xe00002c2
#### AGXIOC Method sel=0x18->0x18 inCnt=0 inSC=0 outSC=0 -> 0xe00002c2
#### AGXIOC Method sel=0x18->0x18 inCnt=0 inSC=0 outSC=0 -> 0xe00002c2
#### AGXIOC Method sel=0x18->0x18 inCnt=0 inSC=0 outSC=0 -> 0xe00002c2
#### AGXIOC Method sel=0x18->0x18 inCnt=0 inSC=0 outSC=0 -> 0xe00002c2
#### AGXIOC Method sel=0x18->0x18 inCnt=0 inSC=0 outSC=0 -> 0xe00002c2
#### AGXIOC Method sel=0x18->0x18 inCnt=0 inSC=0 outSC=0 -> 0xe00002c2
#### AGXIOC Method sel=0x18->0x18 inCnt=0 inSC=0 outSC=0 -> 0xe00002c2
#### AGXIOC Method sel=0x18->0x18 inCnt=0 inSC=0 outSC=0 -> 0xe00002c2
#### AGXIOC Method sel=0x18->0x18 inCnt=0 inSC=0 outSC=0 -> 0xe00002c2
#### AGXIOC Method sel=0x18->0x18 inCnt=0 inSC=0 outSC=0 -> 0xe00002c2
#### AGXIOC Method sel=0x18->0x18 inCnt=0 inSC=0 outSC=0 -> 0xe00002c2
#### AGXIOC Method sel=0x18->0x18 inCnt=0 inSC=0 outSC=0 -> 0xe00002c2
[72325:0728/061529.096014:VERBOSE1:content/browser/renderer_host/media/media_stream_manager.cc:1515] MSPL::OnSuspend([this=0x6000d2ea8])
#### AGXIOC Method sel=0x18->0x18 inCnt=0 inSC=0 outSC=0 -> 0xe00002c2
[72325:0728/061529.842839:VERBOSE1:content/browser/renderer_host/media/media_stream_manager.cc:1515] MSPL::OnResume([this=0x6000d2ea8])
#### AGXIOC Method sel=0x18->0x18 inCnt=0 inSC=0 outSC=0 -> 0xe00002c2
#### AGXIOC Method sel=0x18->0x18 inCnt=0 inSC=0 outSC=0 -> 0xe00002c2
#### AGXIOC Method sel=0x18->0x18 inCnt=0 inSC=0 outSC=0 -> 0xe00002c2
#### AGXIOC Method sel=0x18->0x18 inCnt=0 inSC=0 outSC=0 -> 0xe00002c2
#### AGXIOC Method sel=0x18->0x18 inCnt=0 inSC=0 outSC=0 -> 0xe00002c2
#### AGXIOC Method sel=0x18->0x18 inCnt=0 inSC=0 outSC=0 -> 0xe00002c2
#### AGXIOC Method sel=0x18->0x18 inCnt=0 inSC=0 outSC=0 -> 0xe00002c2
#### AGXIOC Method sel=0x18->0x18 inCnt=0 inSC=0 outSC=0 -> 0xe00002c2
#### AGXIOC Method sel=0x18->0x18 inCnt=0 inSC=0 outSC=0 -> 0xe00002c2
#### AGXIOC Method sel=0x18->0x18 inCnt=0 inSC=0 outSC=0 -> 0xe00002c2
#### AGXIOC Method sel=0x18->0x18 inCnt=0 inSC=0 outSC=0 -> 0xe00002c2
#### AGXIOC Method sel=0x18->0x18 inCnt=0 inSC=0 outSC=0 -> 0xe00002c2
#### AGXIOC Method sel=0x18->0x18 inCnt=0 inSC=0 outSC=0 -> 0xe00002c2
#### AGXIOC Method sel=0x18->0x18 inCnt=0 inSC=0 outSC=0 -> 0xe00002c2
#### AGXIOC Method sel=0x18->0x18 inCnt=0 inSC=0 outSC=0 -> 0xe00002c2
#### AGXIOC Method sel=0x18->0x18 inCnt=0 inSC=0 outSC=0 -> 0xe00002c2
#### AGXIOC Method sel=0x18->0x18 inCnt=0 inSC=0 outSC=0 -> 0xe00002c2
#### AGXIOC Method sel=0x18->0x18 inCnt=0 inSC=0 outSC=0 -> 0xe00002c2
#### AGXIOC Method sel=0x18->0x18 inCnt=0 inSC=0 outSC=0 -> 0xe00002c2
#### AGXIOC Method sel=0x18->0x18 inCnt=0 inSC=0 outSC=0 -> 0xe00002c2
#### AGXIOC Method sel=0x18->0x18 inCnt=0 inSC=0 outSC=0 -> 0xe00002c2
#### AGXIOC Method sel=0x18->0x18 inCnt=0 inSC=0 outSC=0 -> 0xe00002c2
[72365:0728/061531.615057:VERBOSE1:net/base/network_delegate.cc:38] NetworkDelegate::NotifyBeforeURLRequest: https://mobile.events.data.microsoft.com/OneCollector/1.0?cors=true&content-type=application/x-json-stream
#### AGXIOC Method sel=0x18->0x18 inCnt=0 inSC=0 outSC=0 -> 0xe00002c2
#### AGXIOC Method sel=0x18->0x18 inCnt=0 inSC=0 outSC=0 -> 0xe00002c2
#### AGXIOC Method sel=0x18->0x18 inCnt=0 inSC=0 outSC=0 -> 0xe00002c2
#### AGXIOC Method sel=0x18->0x18 inCnt=0 inSC=0 outSC=0 -> 0xe00002c2
#### AGXIOC Method sel=0x18->0x18 inCnt=0 inSC=0 outSC=0 -> 0xe00002c2
#### AGXIOC Method sel=0x18->0x18 inCnt=0 inSC=0 outSC=0 -> 0xe00002c2
#### AGXIOC Method sel=0x18->0x18 inCnt=0 inSC=0 outSC=0 -> 0xe00002c2
#### AGXIOC Method sel=0x18->0x18 inCnt=0 inSC=0 outSC=0 -> 0xe00002c2
#### AGXIOC Method sel=0x18->0x18 inCnt=0 inSC=0 outSC=0 -> 0xe00002c2
#### AGXIOC Method sel=0x18->0x18 inCnt=0 inSC=0 outSC=0 -> 0xe00002c2
#### AGXIOC Method sel=0x18->0x18 inCnt=0 inSC=0 outSC=0 -> 0xe00002c2
#### AGXIOC Method sel=0x18->0x18 inCnt=0 inSC=0 outSC=0 -> 0xe00002c2
#### AGXIOC Method sel=0x18->0x18 inCnt=0 inSC=0 outSC=0 -> 0xe00002c2
#### AGXIOC Method sel=0x18->0x18 inCnt=0 inSC=0 outSC=0 -> 0xe00002c2
#### AGXIOC Method sel=0x18->0x18 inCnt=0 inSC=0 outSC=0 -> 0xe00002c2
#### AGXIOC Method sel=0x18->0x18 inCnt=0 inSC=0 outSC=0 -> 0xe00002c2
#### AGXIOC Method sel=0x18->0x18 inCnt=0 inSC=0 outSC=0 -> 0xe00002c2
#### AGXIOC Method sel=0x18->0x18 inCnt=0 inSC=0 outSC=0 -> 0xe00002c2
#### AGXIOC Method sel=0x18->0x18 inCnt=0 inSC=0 outSC=0 -> 0xe00002c2
#### AGXIOC Method sel=0x18->0x18 inCnt=0 inSC=0 outSC=0 -> 0xe00002c2
#### AGXIOC Method sel=0x18->0x18 inCnt=0 inSC=0 outSC=0 -> 0xe00002c2
#### AGXIOC Method sel=0x18->0x18 inCnt=0 inSC=0 outSC=0 -> 0xe00002c2
#### AGXIOC Method sel=0x18->0x18 inCnt=0 inSC=0 outSC=0 -> 0xe00002c2
#### AGXIOC Method sel=0x18->0x18 inCnt=0 inSC=0 outSC=0 -> 0xe00002c2
#### AGXIOC Method sel=0x18->0x18 inCnt=0 inSC=0 outSC=0 -> 0xe00002c2
#### AGXIOC Method sel=0x18->0x18 inCnt=0 inSC=0 outSC=0 -> 0xe00002c2
#### AGXIOC Method sel=0x18->0x18 inCnt=0 inSC=0 outSC=0 -> 0xe00002c2
#### AGXIOC Method sel=0x18->0x18 inCnt=0 inSC=0 outSC=0 -> 0xe00002c2
#### AGXIOC Method sel=0x18->0x18 inCnt=0 inSC=0 outSC=0 -> 0xe00002c2
#### AGXIOC Method sel=0x18->0x18 inCnt=0 inSC=0 outSC=0 -> 0xe00002c2
#### AGXIOC Method sel=0x18->0x18 inCnt=0 inSC=0 outSC=0 -> 0xe00002c2
#### AGXIOC Method sel=0x18->0x18 inCnt=0 inSC=0 outSC=0 -> 0xe00002c2
#### AGXIOC Method sel=0x18->0x18 inCnt=0 inSC=0 outSC=0 -> 0xe00002c2
#### AGXIOC Method sel=0x18->0x18 inCnt=0 inSC=0 outSC=0 -> 0xe00002c2
#### AGXIOC Method sel=0x18->0x18 inCnt=0 inSC=0 outSC=0 -> 0xe00002c2
#### AGXIOC Method sel=0x18->0x18 inCnt=0 inSC=0 outSC=0 -> 0xe00002c2
#### AGXIOC Method sel=0x18->0x18 inCnt=0 inSC=0 outSC=0 -> 0xe00002c2
#### AGXIOC Method sel=0x18->0x18 inCnt=0 inSC=0 outSC=0 -> 0xe00002c2
#### AGXIOC Method sel=0x18->0x18 inCnt=0 inSC=0 outSC=0 -> 0xe00002c2
#### AGXIOC Method sel=0x18->0x18 inCnt=0 inSC=0 outSC=0 -> 0xe00002c2
#### AGXIOC Method sel=0x18->0x18 inCnt=0 inSC=0 outSC=0 -> 0xe00002c2
#### AGXIOC Method sel=0x18->0x18 inCnt=0 inSC=0 outSC=0 -> 0xe00002c2
#### AGXIOC Method sel=0x18->0x18 inCnt=0 inSC=0 outSC=0 -> 0xe00002c2
#### AGXIOC Method sel=0x18->0x18 inCnt=0 inSC=0 outSC=0 -> 0xe00002c2
#### AGXIOC Method sel=0x18->0x18 inCnt=0 inSC=0 outSC=0 -> 0xe00002c2
#### AGXIOC Method sel=0x18->0x18 inCnt=0 inSC=0 outSC=0 -> 0xe00002c2
#### AGXIOC Method sel=0x18->0x18 inCnt=0 inSC=0 outSC=0 -> 0xe00002c2
#### AGXIOC Method sel=0x18->0x18 inCnt=0 inSC=0 outSC=0 -> 0xe00002c2
#### AGXIOC Method sel=0x18->0x18 inCnt=0 inSC=0 outSC=0 -> 0xe00002c2
#### AGXIOC Method sel=0x18->0x18 inCnt=0 inSC=0 outSC=0 -> 0xe00002c2
#### AGXIOC Method sel=0x18->0x18 inCnt=0 inSC=0 outSC=0 -> 0xe00002c2
#### AGXIOC Method sel=0x18->0x18 inCnt=0 inSC=0 outSC=0 -> 0xe00002c2
#### AGXIOC Method sel=0x18->0x18 inCnt=0 inSC=0 outSC=0 -> 0xe00002c2
#### AGXIOC Method sel=0x18->0x18 inCnt=0 inSC=0 outSC=0 -> 0xe00002c2
#### AGXIOC Method sel=0x18->0x18 inCnt=0 inSC=0 outSC=0 -> 0xe00002c2
#### AGXIOC Method sel=0x18->0x18 inCnt=0 inSC=0 outSC=0 -> 0xe00002c2
#### AGXIOC Method sel=0x18->0x18 inCnt=0 inSC=0 outSC=0 -> 0xe00002c2
#### AGXIOC Method sel=0x18->0x18 inCnt=0 inSC=0 outSC=0 -> 0xe00002c2
#### AGXIOC Method sel=0x18->0x18 inCnt=0 inSC=0 outSC=0 -> 0xe00002c2
#### AGXIOC Method sel=0x18->0x18 inCnt=0 inSC=0 outSC=0 -> 0xe00002c2
[72325:0728/061535.742668:VERBOSE1:content/browser/renderer_host/media/media_stream_manager.cc:1515] MSPL::OnSuspend([this=0x6000d2ea8])
#### AGXIOC Method sel=0x18->0x18 inCnt=0 inSC=0 outSC=0 -> 0xe00002c2
[72325:0728/061536.135930:VERBOSE1:content/browser/renderer_host/media/media_stream_manager.cc:1515] MSPL::OnResume([this=0x6000d2ea8])
#### AGXIOC Method sel=0x18->0x18 inCnt=0 inSC=0 outSC=0 -> 0xe00002c2
#### AGXIOC Method sel=0x18->0x18 inCnt=0 inSC=0 outSC=0 -> 0xe00002c2
#### AGXIOC Method sel=0x18->0x18 inCnt=0 inSC=0 outSC=0 -> 0xe00002c2
#### AGXIOC Method sel=0x18->0x18 inCnt=0 inSC=0 outSC=0 -> 0xe00002c2
#### AGXIOC Method sel=0x18->0x18 inCnt=0 inSC=0 outSC=0 -> 0xe00002c2
#### AGXIOC Method sel=0x18->0x18 inCnt=0 inSC=0 outSC=0 -> 0xe00002c2
#### AGXIOC Method sel=0x18->0x18 inCnt=0 inSC=0 outSC=0 -> 0xe00002c2
#### AGXIOC Method sel=0x18->0x18 inCnt=0 inSC=0 outSC=0 -> 0xe00002c2
#### AGXIOC Method sel=0x18->0x18 inCnt=0 inSC=0 outSC=0 -> 0xe00002c2
#### AGXIOC Method sel=0x18->0x18 inCnt=0 inSC=0 outSC=0 -> 0xe00002c2
#### AGXIOC Method sel=0x18->0x18 inCnt=0 inSC=0 outSC=0 -> 0xe00002c2
#### AGXIOC Method sel=0x18->0x18 inCnt=0 inSC=0 outSC=0 -> 0xe00002c2
#### AGXIOC Method sel=0x18->0x18 inCnt=0 inSC=0 outSC=0 -> 0xe00002c2
#### AGXIOC Method sel=0x18->0x18 inCnt=0 inSC=0 outSC=0 -> 0xe00002c2
#### AGXIOC Method sel=0x18->0x18 inCnt=0 inSC=0 outSC=0 -> 0xe00002c2
#### AGXIOC Method sel=0x18->0x18 inCnt=0 inSC=0 outSC=0 -> 0xe00002c2
#### AGXIOC Method sel=0x18->0x18 inCnt=0 inSC=0 outSC=0 -> 0xe00002c2
#### AGXIOC Method sel=0x18->0x18 inCnt=0 inSC=0 outSC=0 -> 0xe00002c2
#### AGXIOC Method sel=0x18->0x18 inCnt=0 inSC=0 outSC=0 -> 0xe00002c2
#### AGXIOC Method sel=0x18->0x18 inCnt=0 inSC=0 outSC=0 -> 0xe00002c2
#### AGXIOC Method sel=0x18->0x18 inCnt=0 inSC=0 outSC=0 -> 0xe00002c2
#### AGXIOC Method sel=0x18->0x18 inCnt=0 inSC=0 outSC=0 -> 0xe00002c2
#### AGXIOC Method sel=0x18->0x18 inCnt=0 inSC=0 outSC=0 -> 0xe00002c2
#### AGXIOC Method sel=0x18->0x18 inCnt=0 inSC=0 outSC=0 -> 0xe00002c2
#### AGXIOC Method sel=0x18->0x18 inCnt=0 inSC=0 outSC=0 -> 0xe00002c2
#### AGXIOC Method sel=0x18->0x18 inCnt=0 inSC=0 outSC=0 -> 0xe00002c2
#### AGXIOC Method sel=0x18->0x18 inCnt=0 inSC=0 outSC=0 -> 0xe00002c2
#### AGXIOC Method sel=0x18->0x18 inCnt=0 inSC=0 outSC=0 -> 0xe00002c2
#### AGXIOC Method sel=0x18->0x18 inCnt=0 inSC=0 outSC=0 -> 0xe00002c2
#### AGXIOC Method sel=0x18->0x18 inCnt=0 inSC=0 outSC=0 -> 0xe00002c2
[72365:0728/061537.921252:VERBOSE1:net/base/network_delegate.cc:38] NetworkDelegate::NotifyBeforeURLRequest: https://mobile.events.data.microsoft.com/OneCollector/1.0?cors=true&content-type=application/x-json-stream
#### AGXIOC Method sel=0x18->0x18 inCnt=0 inSC=0 outSC=0 -> 0xe00002c2
#### AGXIOC Method sel=0x18->0x18 inCnt=0 inSC=0 outSC=0 -> 0xe00002c2
#### AGXIOC Method sel=0x18->0x18 inCnt=0 inSC=0 outSC=0 -> 0xe00002c2
#### AGXIOC Method sel=0x18->0x18 inCnt=0 inSC=0 outSC=0 -> 0xe00002c2
#### AGXIOC Method sel=0x18->0x18 inCnt=0 inSC=0 outSC=0 -> 0xe00002c2
#### AGXIOC Method sel=0x18->0x18 inCnt=0 inSC=0 outSC=0 -> 0xe00002c2
#### AGXIOC Method sel=0x18->0x18 inCnt=0 inSC=0 outSC=0 -> 0xe00002c2
#### AGXIOC Method sel=0x18->0x18 inCnt=0 inSC=0 outSC=0 -> 0xe00002c2
#### AGXIOC Method sel=0x18->0x18 inCnt=0 inSC=0 outSC=0 -> 0xe00002c2
#### AGXIOC Method sel=0x18->0x18 inCnt=0 inSC=0 outSC=0 -> 0xe00002c2
#### AGXIOC Method sel=0x18->0x18 inCnt=0 inSC=0 outSC=0 -> 0xe00002c2
#### AGXIOC Method sel=0x18->0x18 inCnt=0 inSC=0 outSC=0 -> 0xe00002c2
#### AGXIOC Method sel=0x18->0x18 inCnt=0 inSC=0 outSC=0 -> 0xe00002c2
#### AGXIOC Method sel=0x18->0x18 inCnt=0 inSC=0 outSC=0 -> 0xe00002c2
#### AGXIOC Method sel=0x18->0x18 inCnt=0 inSC=0 outSC=0 -> 0xe00002c2
#### AGXIOC Method sel=0x18->0x18 inCnt=0 inSC=0 outSC=0 -> 0xe00002c2
#### AGXIOC Method sel=0x18->0x18 inCnt=0 inSC=0 outSC=0 -> 0xe00002c2
#### AGXIOC Method sel=0x18->0x18 inCnt=0 inSC=0 outSC=0 -> 0xe00002c2
#### AGXIOC Method sel=0x18->0x18 inCnt=0 inSC=0 outSC=0 -> 0xe00002c2
#### AGXIOC Method sel=0x18->0x18 inCnt=0 inSC=0 outSC=0 -> 0xe00002c2
#### AGXIOC Method sel=0x18->0x18 inCnt=0 inSC=0 outSC=0 -> 0xe00002c2
#### AGXIOC Method sel=0x18->0x18 inCnt=0 inSC=0 outSC=0 -> 0xe00002c2
#### AGXIOC Method sel=0x18->0x18 inCnt=0 inSC=0 outSC=0 -> 0xe00002c2
#### AGXIOC Method sel=0x18->0x18 inCnt=0 inSC=0 outSC=0 -> 0xe00002c2
#### AGXIOC Method sel=0x18->0x18 inCnt=0 inSC=0 outSC=0 -> 0xe00002c2
#### AGXIOC Method sel=0x18->0x18 inCnt=0 inSC=0 outSC=0 -> 0xe00002c2
#### AGXIOC Method sel=0x18->0x18 inCnt=0 inSC=0 outSC=0 -> 0xe00002c2
#### AGXIOC Method sel=0x18->0x18 inCnt=0 inSC=0 outSC=0 -> 0xe00002c2
#### AGXIOC Method sel=0x18->0x18 inCnt=0 inSC=0 outSC=0 -> 0xe00002c2
#### AGXIOC Method sel=0x18->0x18 inCnt=0 inSC=0 outSC=0 -> 0xe00002c2
#### AGXIOC Method sel=0x18->0x18 inCnt=0 inSC=0 outSC=0 -> 0xe00002c2
[72325:0728/061540.347497:VERBOSE1:content/browser/renderer_host/media/media_stream_manager.cc:1515] MSPL::OnSuspend([this=0x6000d2ea8])
[72325:0728/061541.396670:VERBOSE1:content/browser/renderer_host/media/media_stream_manager.cc:1515] MSPL::OnResume([this=0x6000d2ea8])
#### AGXIOC Method sel=0x18->0x18 inCnt=0 inSC=0 outSC=0 -> 0xe00002c2
#### AGXIOC Method sel=0x18->0x18 inCnt=0 inSC=0 outSC=0 -> 0xe00002c2
#### AGXIOC Method sel=0x18->0x18 inCnt=0 inSC=0 outSC=0 -> 0xe00002c2
#### AGXIOC Method sel=0x18->0x18 inCnt=0 inSC=0 outSC=0 -> 0xe00002c2
#### AGXIOC Method sel=0x18->0x18 inCnt=0 inSC=0 outSC=0 -> 0xe00002c2
#### AGXIOC Method sel=0x18->0x18 inCnt=0 inSC=0 outSC=0 -> 0xe00002c2
#### AGXIOC Method sel=0x18->0x18 inCnt=0 inSC=0 outSC=0 -> 0xe00002c2
#### AGXIOC Method sel=0x18->0x18 inCnt=0 inSC=0 outSC=0 -> 0xe00002c2
#### AGXIOC Method sel=0x1e->0x1a inCnt=4 inSC=56 outSC=0 -> 0x0
#### AGXIOC Method sel=0x18->0x18 inCnt=0 inSC=0 outSC=0 -> 0xe00002c2
#### AGXIOC Method sel=0x18->0x18 inCnt=0 inSC=0 outSC=0 -> 0xe00002c2
#### AGXIOC Method sel=0x18->0x18 inCnt=0 inSC=0 outSC=0 -> 0xe00002c2
#### AGXIOC Method sel=0x18->0x18 inCnt=0 inSC=0 outSC=0 -> 0xe00002c2
#### AGXIOC Method sel=0x18->0x18 inCnt=0 inSC=0 outSC=0 -> 0xe00002c2
#### AGXIOC Method sel=0x18->0x18 inCnt=0 inSC=0 outSC=0 -> 0xe00002c2
#### AGXIOC Method sel=0x18->0x18 inCnt=0 inSC=0 outSC=0 -> 0xe00002c2
#### AGXIOC Method sel=0x18->0x18 inCnt=0 inSC=0 outSC=0 -> 0xe00002c2
#### AGXIOC Method sel=0x18->0x18 inCnt=0 inSC=0 outSC=0 -> 0xe00002c2
#### AGXIOC Method sel=0x18->0x18 inCnt=0 inSC=0 outSC=0 -> 0xe00002c2
#### AGXIOC Method sel=0x18->0x18 inCnt=0 inSC=0 outSC=0 -> 0xe00002c2
#### AGXIOC Method sel=0x18->0x18 inCnt=0 inSC=0 outSC=0 -> 0xe00002c2
#### AGXIOC Method sel=0x18->0x18 inCnt=0 inSC=0 outSC=0 -> 0xe00002c2
#### AGXIOC Method sel=0x18->0x18 inCnt=0 inSC=0 outSC=0 -> 0xe00002c2
#### AGXIOC Method sel=0x18->0x18 inCnt=0 inSC=0 outSC=0 -> 0xe00002c2
#### AGXIOC Method sel=0x18->0x18 inCnt=0 inSC=0 outSC=0 -> 0xe00002c2
#### AGXIOC Method sel=0x18->0x18 inCnt=0 inSC=0 outSC=0 -> 0xe00002c2
#### AGXIOC Method sel=0x18->0x18 inCnt=0 inSC=0 outSC=0 -> 0xe00002c2
#### AGXIOC Method sel=0x18->0x18 inCnt=0 inSC=0 outSC=0 -> 0xe00002c2
#### AGXIOC Method sel=0x18->0x18 inCnt=0 inSC=0 outSC=0 -> 0xe00002c2
#### AGXIOC Method sel=0x18->0x18 inCnt=0 inSC=0 outSC=0 -> 0xe00002c2
#### AGXIOC Method sel=0x18->0x18 inCnt=0 inSC=0 outSC=0 -> 0xe00002c2
#### AGXIOC Method sel=0x18->0x18 inCnt=0 inSC=0 outSC=0 -> 0xe00002c2
#### AGXIOC Method sel=0x18->0x18 inCnt=0 inSC=0 outSC=0 -> 0xe00002c2
#### AGXIOC Method sel=0x18->0x18 inCnt=0 inSC=0 outSC=0 -> 0xe00002c2
#### AGXIOC Method sel=0x18->0x18 inCnt=0 inSC=0 outSC=0 -> 0xe00002c2
#### AGXIOC Method sel=0x18->0x18 inCnt=0 inSC=0 outSC=0 -> 0xe00002c2
#### AGXIOC Method sel=0x18->0x18 inCnt=0 inSC=0 outSC=0 -> 0xe00002c2
#### AGXIOC Method sel=0x18->0x18 inCnt=0 inSC=0 outSC=0 -> 0xe00002c2
#### AGXIOC Method sel=0x18->0x18 inCnt=0 inSC=0 outSC=0 -> 0xe00002c2
[72365:0728/061543.170630:VERBOSE1:net/base/network_delegate.cc:38] NetworkDelegate::NotifyBeforeURLRequest: https://mobile.events.data.microsoft.com/OneCollector/1.0?cors=true&content-type=application/x-json-stream
#### AGXIOC Method sel=0x18->0x18 inCnt=0 inSC=0 outSC=0 -> 0xe00002c2
#### AGXIOC Method sel=0x18->0x18 inCnt=0 inSC=0 outSC=0 -> 0xe00002c2
#### AGXIOC Method sel=0x18->0x18 inCnt=0 inSC=0 outSC=0 -> 0xe00002c2
#### AGXIOC Method sel=0x18->0x18 inCnt=0 inSC=0 outSC=0 -> 0xe00002c2
#### AGXIOC Method sel=0x18->0x18 inCnt=0 inSC=0 outSC=0 -> 0xe00002c2
#### AGXIOC Method sel=0x18->0x18 inCnt=0 inSC=0 outSC=0 -> 0xe00002c2
#### AGXIOC Method sel=0x18->0x18 inCnt=0 inSC=0 outSC=0 -> 0xe00002c2
#### AGXIOC Method sel=0x18->0x18 inCnt=0 inSC=0 outSC=0 -> 0xe00002c2
#### AGXIOC Method sel=0x18->0x18 inCnt=0 inSC=0 outSC=0 -> 0xe00002c2
#### AGXIOC Method sel=0x18->0x18 inCnt=0 inSC=0 outSC=0 -> 0xe00002c2
#### AGXIOC Method sel=0x18->0x18 inCnt=0 inSC=0 outSC=0 -> 0xe00002c2
#### AGXIOC Method sel=0x18->0x18 inCnt=0 inSC=0 outSC=0 -> 0xe00002c2
#### AGXIOC Method sel=0x18->0x18 inCnt=0 inSC=0 outSC=0 -> 0xe00002c2
#### AGXIOC Method sel=0x18->0x18 inCnt=0 inSC=0 outSC=0 -> 0xe00002c2
#### AGXIOC Method sel=0x18->0x18 inCnt=0 inSC=0 outSC=0 -> 0xe00002c2
#### AGXIOC Method sel=0x18->0x18 inCnt=0 inSC=0 outSC=0 -> 0xe00002c2
#### AGXIOC Method sel=0x18->0x18 inCnt=0 inSC=0 outSC=0 -> 0xe00002c2
#### AGXIOC Method sel=0x18->0x18 inCnt=0 inSC=0 outSC=0 -> 0xe00002c2
#### AGXIOC Method sel=0x18->0x18 inCnt=0 inSC=0 outSC=0 -> 0xe00002c2
#### AGXIOC Method sel=0x18->0x18 inCnt=0 inSC=0 outSC=0 -> 0xe00002c2
#### AGXIOC Method sel=0x18->0x18 inCnt=0 inSC=0 outSC=0 -> 0xe00002c2
#### AGXIOC Method sel=0x18->0x18 inCnt=0 inSC=0 outSC=0 -> 0xe00002c2
#### AGXIOC Method sel=0x18->0x18 inCnt=0 inSC=0 outSC=0 -> 0xe00002c2
#### AGXIOC Method sel=0x18->0x18 inCnt=0 inSC=0 outSC=0 -> 0xe00002c2
#### AGXIOC Method sel=0x18->0x18 inCnt=0 inSC=0 outSC=0 -> 0xe00002c2
#### AGXIOC Method sel=0x18->0x18 inCnt=0 inSC=0 outSC=0 -> 0xe00002c2
[72325:0728/061545.592207:VERBOSE1:content/browser/renderer_host/media/media_stream_manager.cc:1515] MSPL::OnSuspend([this=0x6000d2ea8])
#### AGXIOC Method sel=0x18->0x18 inCnt=0 inSC=0 outSC=0 -> 0xe00002c2
[72325:0728/061546.639852:VERBOSE1:content/browser/renderer_host/media/media_stream_manager.cc:1515] MSPL::OnResume([this=0x6000d2ea8])
#### AGXIOC Method sel=0x18->0x18 inCnt=0 inSC=0 outSC=0 -> 0xe00002c2
#### AGXIOC Method sel=0x18->0x18 inCnt=0 inSC=0 outSC=0 -> 0xe00002c2
#### AGXIOC Method sel=0x18->0x18 inCnt=0 inSC=0 outSC=0 -> 0xe00002c2
#### AGXIOC Method sel=0x18->0x18 inCnt=0 inSC=0 outSC=0 -> 0xe00002c2
#### AGXIOC Method sel=0x18->0x18 inCnt=0 inSC=0 outSC=0 -> 0xe00002c2
#### AGXIOC Method sel=0x18->0x18 inCnt=0 inSC=0 outSC=0 -> 0xe00002c2
#### AGXIOC Method sel=0x18->0x18 inCnt=0 inSC=0 outSC=0 -> 0xe00002c2
#### AGXIOC Method sel=0x18->0x18 inCnt=0 inSC=0 outSC=0 -> 0xe00002c2
#### AGXIOC Method sel=0x18->0x18 inCnt=0 inSC=0 outSC=0 -> 0xe00002c2
#### AGXIOC Method sel=0x18->0x18 inCnt=0 inSC=0 outSC=0 -> 0xe00002c2
#### AGXIOC Method sel=0x18->0x18 inCnt=0 inSC=0 outSC=0 -> 0xe00002c2
#### AGXIOC Method sel=0x18->0x18 inCnt=0 inSC=0 outSC=0 -> 0xe00002c2
#### AGXIOC Method sel=0x18->0x18 inCnt=0 inSC=0 outSC=0 -> 0xe00002c2
#### AGXIOC Method sel=0x18->0x18 inCnt=0 inSC=0 outSC=0 -> 0xe00002c2
#### AGXIOC Method sel=0x18->0x18 inCnt=0 inSC=0 outSC=0 -> 0xe00002c2
#### AGXIOC Method sel=0x18->0x18 inCnt=0 inSC=0 outSC=0 -> 0xe00002c2
#### AGXIOC Method sel=0x18->0x18 inCnt=0 inSC=0 outSC=0 -> 0xe00002c2
#### AGXIOC Method sel=0x18->0x18 inCnt=0 inSC=0 outSC=0 -> 0xe00002c2
#### AGXIOC Method sel=0x18->0x18 inCnt=0 inSC=0 outSC=0 -> 0xe00002c2
#### AGXIOC Method sel=0x18->0x18 inCnt=0 inSC=0 outSC=0 -> 0xe00002c2
#### AGXIOC Method sel=0x18->0x18 inCnt=0 inSC=0 outSC=0 -> 0xe00002c2
#### AGXIOC Method sel=0x18->0x18 inCnt=0 inSC=0 outSC=0 -> 0xe00002c2
#### AGXIOC Method sel=0x18->0x18 inCnt=0 inSC=0 outSC=0 -> 0xe00002c2
#### AGXIOC Method sel=0x18->0x18 inCnt=0 inSC=0 outSC=0 -> 0xe00002c2
#### AGXIOC Method sel=0x18->0x18 inCnt=0 inSC=0 outSC=0 -> 0xe00002c2
#### AGXIOC Method sel=0x18->0x18 inCnt=0 inSC=0 outSC=0 -> 0xe00002c2
#### AGXIOC Method sel=0x18->0x18 inCnt=0 inSC=0 outSC=0 -> 0xe00002c2
#### AGXIOC Method sel=0x18->0x18 inCnt=0 inSC=0 outSC=0 -> 0xe00002c2
#### AGXIOC Method sel=0x18->0x18 inCnt=0 inSC=0 outSC=0 -> 0xe00002c2
#### AGXIOC Method sel=0x18->0x18 inCnt=0 inSC=0 outSC=0 -> 0xe00002c2
#### AGXIOC Method sel=0x18->0x18 inCnt=0 inSC=0 outSC=0 -> 0xe00002c2
[72365:0728/061548.428061:VERBOSE1:net/base/network_delegate.cc:38] NetworkDelegate::NotifyBeforeURLRequest: https://mobile.events.data.microsoft.com/OneCollector/1.0?cors=true&content-type=application/x-json-stream
#### AGXIOC Method sel=0x18->0x18 inCnt=0 inSC=0 outSC=0 -> 0xe00002c2
#### AGXIOC Method sel=0x18->0x18 inCnt=0 inSC=0 outSC=0 -> 0xe00002c2
#### AGXIOC Method sel=0x18->0x18 inCnt=0 inSC=0 outSC=0 -> 0xe00002c2
#### AGXIOC Method sel=0x18->0x18 inCnt=0 inSC=0 outSC=0 -> 0xe00002c2
#### AGXIOC Method sel=0x18->0x18 inCnt=0 inSC=0 outSC=0 -> 0xe00002c2
#### AGXIOC Method sel=0x18->0x18 inCnt=0 inSC=0 outSC=0 -> 0xe00002c2
#### AGXIOC Method sel=0x18->0x18 inCnt=0 inSC=0 outSC=0 -> 0xe00002c2
#### AGXIOC Method sel=0x18->0x18 inCnt=0 inSC=0 outSC=0 -> 0xe00002c2
#### AGXIOC Method sel=0x18->0x18 inCnt=0 inSC=0 outSC=0 -> 0xe00002c2
#### AGXIOC Method sel=0x18->0x18 inCnt=0 inSC=0 outSC=0 -> 0xe00002c2
#### AGXIOC Method sel=0x18->0x18 inCnt=0 inSC=0 outSC=0 -> 0xe00002c2
#### AGXIOC Method sel=0x18->0x18 inCnt=0 inSC=0 outSC=0 -> 0xe00002c2
#### AGXIOC Method sel=0x18->0x18 inCnt=0 inSC=0 outSC=0 -> 0xe00002c2
#### AGXIOC Method sel=0x18->0x18 inCnt=0 inSC=0 outSC=0 -> 0xe00002c2
#### AGXIOC Method sel=0x18->0x18 inCnt=0 inSC=0 outSC=0 -> 0xe00002c2
#### AGXIOC Method sel=0x18->0x18 inCnt=0 inSC=0 outSC=0 -> 0xe00002c2
#### AGXIOC Method sel=0x18->0x18 inCnt=0 inSC=0 outSC=0 -> 0xe00002c2
#### AGXIOC Method sel=0x18->0x18 inCnt=0 inSC=0 outSC=0 -> 0xe00002c2
#### AGXIOC Method sel=0x18->0x18 inCnt=0 inSC=0 outSC=0 -> 0xe00002c2
#### AGXIOC Method sel=0x18->0x18 inCnt=0 inSC=0 outSC=0 -> 0xe00002c2
#### AGXIOC Method sel=0x18->0x18 inCnt=0 inSC=0 outSC=0 -> 0xe00002c2
#### AGXIOC Method sel=0x18->0x18 inCnt=0 inSC=0 outSC=0 -> 0xe00002c2
#### AGXIOC Method sel=0x18->0x18 inCnt=0 inSC=0 outSC=0 -> 0xe00002c2
#### AGXIOC Method sel=0x18->0x18 inCnt=0 inSC=0 outSC=0 -> 0xe00002c2
#### AGXIOC Method sel=0x18->0x18 inCnt=0 inSC=0 outSC=0 -> 0xe00002c2
#### AGXIOC Method sel=0x18->0x18 inCnt=0 inSC=0 outSC=0 -> 0xe00002c2
#### AGXIOC Method sel=0x18->0x18 inCnt=0 inSC=0 outSC=0 -> 0xe00002c2
#### AGXIOC Method sel=0x18->0x18 inCnt=0 inSC=0 outSC=0 -> 0xe00002c2
#### AGXIOC Method sel=0x18->0x18 inCnt=0 inSC=0 outSC=0 -> 0xe00002c2
#### AGXIOC Method sel=0x18->0x18 inCnt=0 inSC=0 outSC=0 -> 0xe00002c2
#### AGXIOC Method sel=0x18->0x18 inCnt=0 inSC=0 outSC=0 -> 0xe00002c2
#### AGXIOC Method sel=0x18->0x18 inCnt=0 inSC=0 outSC=0 -> 0xe00002c2
#### AGXIOC Method sel=0x18->0x18 inCnt=0 inSC=0 outSC=0 -> 0xe00002c2
#### AGXIOC Method sel=0x18->0x18 inCnt=0 inSC=0 outSC=0 -> 0xe00002c2
#### AGXIOC Method sel=0x18->0x18 inCnt=0 inSC=0 outSC=0 -> 0xe00002c2
[72325:0728/061550.874592:VERBOSE1:content/browser/renderer_host/media/media_stream_manager.cc:1515] MSPL::OnSuspend([this=0x6000d2ea8])
#### AGXIOC Method sel=0x18->0x18 inCnt=0 inSC=0 outSC=0 -> 0xe00002c2
[72325:0728/061551.910458:VERBOSE1:content/browser/renderer_host/media/media_stream_manager.cc:1515] MSPL::OnResume([this=0x6000d2ea8])
#### AGXIOC Method sel=0x18->0x18 inCnt=0 inSC=0 outSC=0 -> 0xe00002c2
#### AGXIOC Method sel=0x18->0x18 inCnt=0 inSC=0 outSC=0 -> 0xe00002c2
#### AGXIOC Method sel=0x18->0x18 inCnt=0 inSC=0 outSC=0 -> 0xe00002c2
#### AGXIOC Method sel=0x18->0x18 inCnt=0 inSC=0 outSC=0 -> 0xe00002c2
#### AGXIOC Method sel=0x18->0x18 inCnt=0 inSC=0 outSC=0 -> 0xe00002c2
#### AGXIOC Method sel=0x18->0x18 inCnt=0 inSC=0 outSC=0 -> 0xe00002c2
#### AGXIOC Method sel=0x18->0x18 inCnt=0 inSC=0 outSC=0 -> 0xe00002c2
#### AGXIOC Method sel=0x18->0x18 inCnt=0 inSC=0 outSC=0 -> 0xe00002c2
#### AGXIOC Method sel=0x18->0x18 inCnt=0 inSC=0 outSC=0 -> 0xe00002c2
#### AGXIOC Method sel=0x18->0x18 inCnt=0 inSC=0 outSC=0 -> 0xe00002c2
#### AGXIOC Method sel=0x18->0x18 inCnt=0 inSC=0 outSC=0 -> 0xe00002c2
#### AGXIOC Method sel=0x18->0x18 inCnt=0 inSC=0 outSC=0 -> 0xe00002c2
#### AGXIOC Method sel=0x18->0x18 inCnt=0 inSC=0 outSC=0 -> 0xe00002c2
#### AGXIOC Method sel=0x18->0x18 inCnt=0 inSC=0 outSC=0 -> 0xe00002c2
#### AGXIOC Method sel=0x18->0x18 inCnt=0 inSC=0 outSC=0 -> 0xe00002c2
#### AGXIOC Method sel=0x18->0x18 inCnt=0 inSC=0 outSC=0 -> 0xe00002c2
#### AGXIOC Method sel=0x18->0x18 inCnt=0 inSC=0 outSC=0 -> 0xe00002c2
#### AGXIOC Method sel=0x18->0x18 inCnt=0 inSC=0 outSC=0 -> 0xe00002c2
#### AGXIOC Method sel=0x18->0x18 inCnt=0 inSC=0 outSC=0 -> 0xe00002c2
#### AGXIOC Method sel=0x18->0x18 inCnt=0 inSC=0 outSC=0 -> 0xe00002c2
#### AGXIOC Method sel=0x18->0x18 inCnt=0 inSC=0 outSC=0 -> 0xe00002c2
#### AGXIOC Method sel=0x18->0x18 inCnt=0 inSC=0 outSC=0 -> 0xe00002c2
#### AGXIOC Method sel=0x18->0x18 inCnt=0 inSC=0 outSC=0 -> 0xe00002c2
#### AGXIOC Method sel=0x18->0x18 inCnt=0 inSC=0 outSC=0 -> 0xe00002c2
#### AGXIOC Method sel=0x18->0x18 inCnt=0 inSC=0 outSC=0 -> 0xe00002c2
#### AGXIOC Method sel=0x18->0x18 inCnt=0 inSC=0 outSC=0 -> 0xe00002c2
#### AGXIOC Method sel=0x18->0x18 inCnt=0 inSC=0 outSC=0 -> 0xe00002c2
#### AGXIOC Method sel=0x18->0x18 inCnt=0 inSC=0 outSC=0 -> 0xe00002c2
#### AGXIOC Method sel=0x18->0x18 inCnt=0 inSC=0 outSC=0 -> 0xe00002c2
#### AGXIOC Method sel=0x18->0x18 inCnt=0 inSC=0 outSC=0 -> 0xe00002c2
#### AGXIOC Method sel=0x18->0x18 inCnt=0 inSC=0 outSC=0 -> 0xe00002c2
#### AGXIOC Method sel=0x18->0x18 inCnt=0 inSC=0 outSC=0 -> 0xe00002c2
#### AGXIOC Method sel=0x18->0x18 inCnt=0 inSC=0 outSC=0 -> 0xe00002c2
#### AGXIOC Method sel=0x18->0x18 inCnt=0 inSC=0 outSC=0 -> 0xe00002c2
#### AGXIOC Method sel=0x18->0x18 inCnt=0 inSC=0 outSC=0 -> 0xe00002c2
#### AGXIOC Method sel=0x18->0x18 inCnt=0 inSC=0 outSC=0 -> 0xe00002c2
#### MACWS-NEW-EVENT #1000 original=nil sharedEvent=0x601233ac0 class=_MTLSharedEvent device=0x600282000 deviceClass=AGXG13GFamilyDevice
#### AGXIOC Method sel=0x18->0x18 inCnt=0 inSC=0 outSC=0 -> 0xe00002c2
#### AGXIOC Method sel=0x18->0x18 inCnt=0 inSC=0 outSC=0 -> 0xe00002c2
[72365:0728/061553.662759:VERBOSE1:net/base/network_delegate.cc:38] NetworkDelegate::NotifyBeforeURLRequest: https://mobile.events.data.microsoft.com/OneCollector/1.0?cors=true&content-type=application/x-json-stream
#### AGXIOC Method sel=0x18->0x18 inCnt=0 inSC=0 outSC=0 -> 0xe00002c2
#### AGXIOC Method sel=0x18->0x18 inCnt=0 inSC=0 outSC=0 -> 0xe00002c2
#### AGXIOC Method sel=0x18->0x18 inCnt=0 inSC=0 outSC=0 -> 0xe00002c2
#### AGXIOC Method sel=0x18->0x18 inCnt=0 inSC=0 outSC=0 -> 0xe00002c2
#### AGXIOC Method sel=0x18->0x18 inCnt=0 inSC=0 outSC=0 -> 0xe00002c2
#### AGXIOC Method sel=0x18->0x18 inCnt=0 inSC=0 outSC=0 -> 0xe00002c2
#### AGXIOC Method sel=0x18->0x18 inCnt=0 inSC=0 outSC=0 -> 0xe00002c2
#### AGXIOC Method sel=0x18->0x18 inCnt=0 inSC=0 outSC=0 -> 0xe00002c2
#### AGXIOC Method sel=0x18->0x18 inCnt=0 inSC=0 outSC=0 -> 0xe00002c2
#### AGXIOC Method sel=0x18->0x18 inCnt=0 inSC=0 outSC=0 -> 0xe00002c2
#### AGXIOC Method sel=0x18->0x18 inCnt=0 inSC=0 outSC=0 -> 0xe00002c2
#### AGXIOC Method sel=0x18->0x18 inCnt=0 inSC=0 outSC=0 -> 0xe00002c2
#### AGXIOC Method sel=0x18->0x18 inCnt=0 inSC=0 outSC=0 -> 0xe00002c2
#### AGXIOC Method sel=0x18->0x18 inCnt=0 inSC=0 outSC=0 -> 0xe00002c2
#### AGXIOC Method sel=0x18->0x18 inCnt=0 inSC=0 outSC=0 -> 0xe00002c2
#### AGXIOC Method sel=0x18->0x18 inCnt=0 inSC=0 outSC=0 -> 0xe00002c2
#### AGXIOC Method sel=0x18->0x18 inCnt=0 inSC=0 outSC=0 -> 0xe00002c2
#### AGXIOC Method sel=0x18->0x18 inCnt=0 inSC=0 outSC=0 -> 0xe00002c2
#### AGXIOC Method sel=0x18->0x18 inCnt=0 inSC=0 outSC=0 -> 0xe00002c2
#### AGXIOC Method sel=0x18->0x18 inCnt=0 inSC=0 outSC=0 -> 0xe00002c2
#### AGXIOC Method sel=0x18->0x18 inCnt=0 inSC=0 outSC=0 -> 0xe00002c2
#### AGXIOC Method sel=0x18->0x18 inCnt=0 inSC=0 outSC=0 -> 0xe00002c2
#### AGXIOC Method sel=0x18->0x18 inCnt=0 inSC=0 outSC=0 -> 0xe00002c2
#### AGXIOC Method sel=0x18->0x18 inCnt=0 inSC=0 outSC=0 -> 0xe00002c2
#### AGXIOC Method sel=0x18->0x18 inCnt=0 inSC=0 outSC=0 -> 0xe00002c2
#### AGXIOC Method sel=0x18->0x18 inCnt=0 inSC=0 outSC=0 -> 0xe00002c2
#### AGXIOC Method sel=0x18->0x18 inCnt=0 inSC=0 outSC=0 -> 0xe00002c2
#### AGXIOC Method sel=0x18->0x18 inCnt=0 inSC=0 outSC=0 -> 0xe00002c2
#### AGXIOC Method sel=0x18->0x18 inCnt=0 inSC=0 outSC=0 -> 0xe00002c2
#### AGXIOC Method sel=0x18->0x18 inCnt=0 inSC=0 outSC=0 -> 0xe00002c2
#### AGXIOC Method sel=0x18->0x18 inCnt=0 inSC=0 outSC=0 -> 0xe00002c2
#### AGXIOC Method sel=0x18->0x18 inCnt=0 inSC=0 outSC=0 -> 0xe00002c2
#### AGXIOC Method sel=0x18->0x18 inCnt=0 inSC=0 outSC=0 -> 0xe00002c2
#### AGXIOC Method sel=0x18->0x18 inCnt=0 inSC=0 outSC=0 -> 0xe00002c2
#### AGXIOC Method sel=0x18->0x18 inCnt=0 inSC=0 outSC=0 -> 0xe00002c2
#### AGXIOC Method sel=0x18->0x18 inCnt=0 inSC=0 outSC=0 -> 0xe00002c2
#### AGXIOC Method sel=0x18->0x18 inCnt=0 inSC=0 outSC=0 -> 0xe00002c2
[72325:0728/061556.098157:VERBOSE1:content/browser/renderer_host/media/media_stream_manager.cc:1515] MSPL::OnSuspend([this=0x6000d2ea8])
[72325:0728/061557.147837:VERBOSE1:content/browser/renderer_host/media/media_stream_manager.cc:1515] MSPL::OnResume([this=0x6000d2ea8])
#### AGXIOC Method sel=0x18->0x18 inCnt=0 inSC=0 outSC=0 -> 0xe00002c2
#### AGXIOC Method sel=0x18->0x18 inCnt=0 inSC=0 outSC=0 -> 0xe00002c2
#### AGXIOC Method sel=0x18->0x18 inCnt=0 inSC=0 outSC=0 -> 0xe00002c2
#### AGXIOC Method sel=0x18->0x18 inCnt=0 inSC=0 outSC=0 -> 0xe00002c2
#### AGXIOC Method sel=0x18->0x18 inCnt=0 inSC=0 outSC=0 -> 0xe00002c2
#### AGXIOC Method sel=0x1e->0x1a inCnt=4 inSC=56 outSC=0 -> 0x0
#### AGXIOC Method sel=0x18->0x18 inCnt=0 inSC=0 outSC=0 -> 0xe00002c2
#### AGXIOC Method sel=0x18->0x18 inCnt=0 inSC=0 outSC=0 -> 0xe00002c2
#### AGXIOC Method sel=0x18->0x18 inCnt=0 inSC=0 outSC=0 -> 0xe00002c2
#### AGXIOC Method sel=0x18->0x18 inCnt=0 inSC=0 outSC=0 -> 0xe00002c2
#### AGXIOC Method sel=0x18->0x18 inCnt=0 inSC=0 outSC=0 -> 0xe00002c2
#### AGXIOC Method sel=0x18->0x18 inCnt=0 inSC=0 outSC=0 -> 0xe00002c2
#### AGXIOC Method sel=0x18->0x18 inCnt=0 inSC=0 outSC=0 -> 0xe00002c2
#### AGXIOC Method sel=0x18->0x18 inCnt=0 inSC=0 outSC=0 -> 0xe00002c2
#### AGXIOC Method sel=0x18->0x18 inCnt=0 inSC=0 outSC=0 -> 0xe00002c2
#### AGXIOC Method sel=0x18->0x18 inCnt=0 inSC=0 outSC=0 -> 0xe00002c2
#### AGXIOC Method sel=0x18->0x18 inCnt=0 inSC=0 outSC=0 -> 0xe00002c2
#### AGXIOC Method sel=0x18->0x18 inCnt=0 inSC=0 outSC=0 -> 0xe00002c2
#### AGXIOC Method sel=0x18->0x18 inCnt=0 inSC=0 outSC=0 -> 0xe00002c2
#### AGXIOC Method sel=0x18->0x18 inCnt=0 inSC=0 outSC=0 -> 0xe00002c2
#### AGXIOC Method sel=0x18->0x18 inCnt=0 inSC=0 outSC=0 -> 0xe00002c2
#### AGXIOC Method sel=0x18->0x18 inCnt=0 inSC=0 outSC=0 -> 0xe00002c2
#### AGXIOC Method sel=0x18->0x18 inCnt=0 inSC=0 outSC=0 -> 0xe00002c2
#### AGXIOC Method sel=0x18->0x18 inCnt=0 inSC=0 outSC=0 -> 0xe00002c2
#### AGXIOC Method sel=0x18->0x18 inCnt=0 inSC=0 outSC=0 -> 0xe00002c2
#### AGXIOC Method sel=0x18->0x18 inCnt=0 inSC=0 outSC=0 -> 0xe00002c2
#### AGXIOC Method sel=0x18->0x18 inCnt=0 inSC=0 outSC=0 -> 0xe00002c2
#### AGXIOC Method sel=0x18->0x18 inCnt=0 inSC=0 outSC=0 -> 0xe00002c2
#### AGXIOC Method sel=0x18->0x18 inCnt=0 inSC=0 outSC=0 -> 0xe00002c2
#### AGXIOC Method sel=0x18->0x18 inCnt=0 inSC=0 outSC=0 -> 0xe00002c2
#### AGXIOC Method sel=0x18->0x18 inCnt=0 inSC=0 outSC=0 -> 0xe00002c2
#### AGXIOC Method sel=0x18->0x18 inCnt=0 inSC=0 outSC=0 -> 0xe00002c2
[72365:0728/061558.919852:VERBOSE1:net/base/network_delegate.cc:38] NetworkDelegate::NotifyBeforeURLRequest: https://mobile.events.data.microsoft.com/OneCollector/1.0?cors=true&content-type=application/x-json-stream
#### AGXIOC Method sel=0x18->0x18 inCnt=0 inSC=0 outSC=0 -> 0xe00002c2
#### AGXIOC Method sel=0x18->0x18 inCnt=0 inSC=0 outSC=0 -> 0xe00002c2
#### AGXIOC Method sel=0x18->0x18 inCnt=0 inSC=0 outSC=0 -> 0xe00002c2
#### AGXIOC Method sel=0x18->0x18 inCnt=0 inSC=0 outSC=0 -> 0xe00002c2
#### AGXIOC Method sel=0x18->0x18 inCnt=0 inSC=0 outSC=0 -> 0xe00002c2
#### AGXIOC Method sel=0x18->0x18 inCnt=0 inSC=0 outSC=0 -> 0xe00002c2
#### AGXIOC Method sel=0x18->0x18 inCnt=0 inSC=0 outSC=0 -> 0xe00002c2
#### AGXIOC Method sel=0x18->0x18 inCnt=0 inSC=0 outSC=0 -> 0xe00002c2
#### AGXIOC Method sel=0x18->0x18 inCnt=0 inSC=0 outSC=0 -> 0xe00002c2
#### AGXIOC Method sel=0x18->0x18 inCnt=0 inSC=0 outSC=0 -> 0xe00002c2
#### AGXIOC Method sel=0x18->0x18 inCnt=0 inSC=0 outSC=0 -> 0xe00002c2
#### AGXIOC Method sel=0x18->0x18 inCnt=0 inSC=0 outSC=0 -> 0xe00002c2
#### AGXIOC Method sel=0x18->0x18 inCnt=0 inSC=0 outSC=0 -> 0xe00002c2
#### AGXIOC Method sel=0x18->0x18 inCnt=0 inSC=0 outSC=0 -> 0xe00002c2
#### AGXIOC Method sel=0x18->0x18 inCnt=0 inSC=0 outSC=0 -> 0xe00002c2
#### AGXIOC Method sel=0x18->0x18 inCnt=0 inSC=0 outSC=0 -> 0xe00002c2
#### AGXIOC Method sel=0x18->0x18 inCnt=0 inSC=0 outSC=0 -> 0xe00002c2
#### AGXIOC Method sel=0x18->0x18 inCnt=0 inSC=0 outSC=0 -> 0xe00002c2
#### AGXIOC Method sel=0x18->0x18 inCnt=0 inSC=0 outSC=0 -> 0xe00002c2
#### AGXIOC Method sel=0x18->0x18 inCnt=0 inSC=0 outSC=0 -> 0xe00002c2
#### AGXIOC Method sel=0x18->0x18 inCnt=0 inSC=0 outSC=0 -> 0xe00002c2
#### AGXIOC Method sel=0x18->0x18 inCnt=0 inSC=0 outSC=0 -> 0xe00002c2
#### AGXIOC Method sel=0x18->0x18 inCnt=0 inSC=0 outSC=0 -> 0xe00002c2
#### AGXIOC Method sel=0x18->0x18 inCnt=0 inSC=0 outSC=0 -> 0xe00002c2
#### AGXIOC Method sel=0x18->0x18 inCnt=0 inSC=0 outSC=0 -> 0xe00002c2
#### AGX_SUBMIT_DIAG #8253 TEMP-KCMD-TRAILING-WRAPPER-FIX match=2048 subtype1=0..0x840->0..0x820 wrappers=1 range=0x840..0x858->0x820..0x838
#### AGXIOC Method sel=0x18->0x18 inCnt=0 inSC=0 outSC=0 -> 0xe00002c2
#### AGXIOC Method sel=0x18->0x18 inCnt=0 inSC=0 outSC=0 -> 0xe00002c2
#### AGXIOC Method sel=0x18->0x18 inCnt=0 inSC=0 outSC=0 -> 0xe00002c2
#### AGXIOC Method sel=0x18->0x18 inCnt=0 inSC=0 outSC=0 -> 0xe00002c2
#### AGXIOC Method sel=0x18->0x18 inCnt=0 inSC=0 outSC=0 -> 0xe00002c2
[72325:0728/061601.365529:VERBOSE1:content/browser/renderer_host/media/media_stream_manager.cc:1515] MSPL::OnSuspend([this=0x6000d2ea8])
#### AGXIOC Method sel=0x18->0x18 inCnt=0 inSC=0 outSC=0 -> 0xe00002c2
[72325:0728/061602.400354:VERBOSE1:content/browser/renderer_host/media/media_stream_manager.cc:1515] MSPL::OnResume([this=0x6000d2ea8])
#### AGXIOC Method sel=0x18->0x18 inCnt=0 inSC=0 outSC=0 -> 0xe00002c2
#### AGXIOC Method sel=0x18->0x18 inCnt=0 inSC=0 outSC=0 -> 0xe00002c2
#### AGXIOC Method sel=0x18->0x18 inCnt=0 inSC=0 outSC=0 -> 0xe00002c2
#### AGXIOC Method sel=0x18->0x18 inCnt=0 inSC=0 outSC=0 -> 0xe00002c2
#### AGXIOC Method sel=0x18->0x18 inCnt=0 inSC=0 outSC=0 -> 0xe00002c2
#### AGXIOC Method sel=0x18->0x18 inCnt=0 inSC=0 outSC=0 -> 0xe00002c2
#### AGXIOC Method sel=0x18->0x18 inCnt=0 inSC=0 outSC=0 -> 0xe00002c2
#### AGXIOC Method sel=0x18->0x18 inCnt=0 inSC=0 outSC=0 -> 0xe00002c2
#### AGXIOC Method sel=0x18->0x18 inCnt=0 inSC=0 outSC=0 -> 0xe00002c2
#### AGXIOC Method sel=0x18->0x18 inCnt=0 inSC=0 outSC=0 -> 0xe00002c2
#### AGXIOC Method sel=0x18->0x18 inCnt=0 inSC=0 outSC=0 -> 0xe00002c2
#### AGXIOC Method sel=0x18->0x18 inCnt=0 inSC=0 outSC=0 -> 0xe00002c2
#### AGXIOC Method sel=0x18->0x18 inCnt=0 inSC=0 outSC=0 -> 0xe00002c2
#### AGXIOC Method sel=0x18->0x18 inCnt=0 inSC=0 outSC=0 -> 0xe00002c2
#### AGXIOC Method sel=0x18->0x18 inCnt=0 inSC=0 outSC=0 -> 0xe00002c2
#### AGXIOC Method sel=0x18->0x18 inCnt=0 inSC=0 outSC=0 -> 0xe00002c2
#### AGXIOC Method sel=0x18->0x18 inCnt=0 inSC=0 outSC=0 -> 0xe00002c2
#### AGXIOC Method sel=0x18->0x18 inCnt=0 inSC=0 outSC=0 -> 0xe00002c2
#### AGXIOC Method sel=0x18->0x18 inCnt=0 inSC=0 outSC=0 -> 0xe00002c2
#### AGXIOC Method sel=0x18->0x18 inCnt=0 inSC=0 outSC=0 -> 0xe00002c2
#### AGXIOC Method sel=0x18->0x18 inCnt=0 inSC=0 outSC=0 -> 0xe00002c2
#### AGXIOC Method sel=0x18->0x18 inCnt=0 inSC=0 outSC=0 -> 0xe00002c2
#### AGXIOC Method sel=0x18->0x18 inCnt=0 inSC=0 outSC=0 -> 0xe00002c2
#### AGXIOC Method sel=0x18->0x18 inCnt=0 inSC=0 outSC=0 -> 0xe00002c2
#### AGXIOC Method sel=0x18->0x18 inCnt=0 inSC=0 outSC=0 -> 0xe00002c2
#### AGXIOC Method sel=0x18->0x18 inCnt=0 inSC=0 outSC=0 -> 0xe00002c2
#### AGXIOC Method sel=0x18->0x18 inCnt=0 inSC=0 outSC=0 -> 0xe00002c2
[72365:0728/061604.182568:VERBOSE1:net/base/network_delegate.cc:38] NetworkDelegate::NotifyBeforeURLRequest: https://mobile.events.data.microsoft.com/OneCollector/1.0?cors=true&content-type=application/x-json-stream
#### AGXIOC Method sel=0x18->0x18 inCnt=0 inSC=0 outSC=0 -> 0xe00002c2
#### AGXIOC Method sel=0x18->0x18 inCnt=0 inSC=0 outSC=0 -> 0xe00002c2
#### AGXIOC Method sel=0x18->0x18 inCnt=0 inSC=0 outSC=0 -> 0xe00002c2
#### AGXIOC Method sel=0x18->0x18 inCnt=0 inSC=0 outSC=0 -> 0xe00002c2
#### AGXIOC Method sel=0x18->0x18 inCnt=0 inSC=0 outSC=0 -> 0xe00002c2
#### AGXIOC Method sel=0x18->0x18 inCnt=0 inSC=0 outSC=0 -> 0xe00002c2
#### AGXIOC Method sel=0x18->0x18 inCnt=0 inSC=0 outSC=0 -> 0xe00002c2
#### AGXIOC Method sel=0x18->0x18 inCnt=0 inSC=0 outSC=0 -> 0xe00002c2
#### AGXIOC Method sel=0x18->0x18 inCnt=0 inSC=0 outSC=0 -> 0xe00002c2
#### AGXIOC Method sel=0x18->0x18 inCnt=0 inSC=0 outSC=0 -> 0xe00002c2
#### AGXIOC Method sel=0x18->0x18 inCnt=0 inSC=0 outSC=0 -> 0xe00002c2
#### AGXIOC Method sel=0x18->0x18 inCnt=0 inSC=0 outSC=0 -> 0xe00002c2
#### AGXIOC Method sel=0x18->0x18 inCnt=0 inSC=0 outSC=0 -> 0xe00002c2
#### AGXIOC Method sel=0x18->0x18 inCnt=0 inSC=0 outSC=0 -> 0xe00002c2
#### AGXIOC Method sel=0x18->0x18 inCnt=0 inSC=0 outSC=0 -> 0xe00002c2
#### AGXIOC Method sel=0x18->0x18 inCnt=0 inSC=0 outSC=0 -> 0xe00002c2
#### AGXIOC Method sel=0x18->0x18 inCnt=0 inSC=0 outSC=0 -> 0xe00002c2
#### AGXIOC Method sel=0x18->0x18 inCnt=0 inSC=0 outSC=0 -> 0xe00002c2
#### AGXIOC Method sel=0x18->0x18 inCnt=0 inSC=0 outSC=0 -> 0xe00002c2
#### AGXIOC Method sel=0x18->0x18 inCnt=0 inSC=0 outSC=0 -> 0xe00002c2
#### AGXIOC Method sel=0x18->0x18 inCnt=0 inSC=0 outSC=0 -> 0xe00002c2
#### AGXIOC Method sel=0x18->0x18 inCnt=0 inSC=0 outSC=0 -> 0xe00002c2
#### AGXIOC Method sel=0x18->0x18 inCnt=0 inSC=0 outSC=0 -> 0xe00002c2
#### AGXIOC Method sel=0x18->0x18 inCnt=0 inSC=0 outSC=0 -> 0xe00002c2
#### AGXIOC Method sel=0x18->0x18 inCnt=0 inSC=0 outSC=0 -> 0xe00002c2
#### AGXIOC Method sel=0x18->0x18 inCnt=0 inSC=0 outSC=0 -> 0xe00002c2
[91m[main 2026-07-28T13:16:06.177Z][0m [AgentHost:stderr] #### JIT-MPROTECT flip #8192 ranges=1 prot=RX writers=1 exec_waits=1327 late_retries=63

#### AGXIOC Method sel=0x18->0x18 inCnt=0 inSC=0 outSC=0 -> 0xe00002c2
#### AGXIOC Method sel=0x18->0x18 inCnt=0 inSC=0 outSC=0 -> 0xe00002c2
#### AGXIOC Method sel=0x18->0x18 inCnt=0 inSC=0 outSC=0 -> 0xe00002c2
#### AGXIOC Method sel=0x18->0x18 inCnt=0 inSC=0 outSC=0 -> 0xe00002c2
#### AGXIOC Method sel=0x18->0x18 inCnt=0 inSC=0 outSC=0 -> 0xe00002c2
#### AGXIOC Method sel=0x18->0x18 inCnt=0 inSC=0 outSC=0 -> 0xe00002c2
#### AGXIOC Method sel=0x18->0x18 inCnt=0 inSC=0 outSC=0 -> 0xe00002c2
[72325:0728/061606.628886:VERBOSE1:content/browser/renderer_host/media/media_stream_manager.cc:1515] MSPL::OnSuspend([this=0x6000d2ea8])
#### AGXIOC Method sel=0x18->0x18 inCnt=0 inSC=0 outSC=0 -> 0xe00002c2
[72325:0728/061607.651738:VERBOSE1:content/browser/renderer_host/media/media_stream_manager.cc:1515] MSPL::OnResume([this=0x6000d2ea8])
#### AGXIOC Method sel=0x18->0x18 inCnt=0 inSC=0 outSC=0 -> 0xe00002c2
#### AGXIOC Method sel=0x18->0x18 inCnt=0 inSC=0 outSC=0 -> 0xe00002c2
#### AGXIOC Method sel=0x18->0x18 inCnt=0 inSC=0 outSC=0 -> 0xe00002c2
#### AGXIOC Method sel=0x18->0x18 inCnt=0 inSC=0 outSC=0 -> 0xe00002c2
#### AGXIOC Method sel=0x18->0x18 inCnt=0 inSC=0 outSC=0 -> 0xe00002c2
#### AGXIOC Method sel=0x18->0x18 inCnt=0 inSC=0 outSC=0 -> 0xe00002c2
#### AGXIOC Method sel=0x18->0x18 inCnt=0 inSC=0 outSC=0 -> 0xe00002c2
#### AGXIOC Method sel=0x18->0x18 inCnt=0 inSC=0 outSC=0 -> 0xe00002c2
#### AGXIOC Method sel=0x18->0x18 inCnt=0 inSC=0 outSC=0 -> 0xe00002c2
#### AGXIOC Method sel=0x18->0x18 inCnt=0 inSC=0 outSC=0 -> 0xe00002c2
#### AGXIOC Method sel=0x18->0x18 inCnt=0 inSC=0 outSC=0 -> 0xe00002c2
#### AGXIOC Method sel=0x18->0x18 inCnt=0 inSC=0 outSC=0 -> 0xe00002c2
#### AGXIOC Method sel=0x18->0x18 inCnt=0 inSC=0 outSC=0 -> 0xe00002c2
#### AGXIOC Method sel=0x18->0x18 inCnt=0 inSC=0 outSC=0 -> 0xe00002c2
#### AGXIOC Method sel=0x18->0x18 inCnt=0 inSC=0 outSC=0 -> 0xe00002c2
#### AGXIOC Method sel=0x18->0x18 inCnt=0 inSC=0 outSC=0 -> 0xe00002c2
#### AGXIOC Method sel=0x18->0x18 inCnt=0 inSC=0 outSC=0 -> 0xe00002c2
#### AGXIOC Method sel=0x18->0x18 inCnt=0 inSC=0 outSC=0 -> 0xe00002c2
#### AGXIOC Method sel=0x18->0x18 inCnt=0 inSC=0 outSC=0 -> 0xe00002c2
#### AGXIOC Method sel=0x18->0x18 inCnt=0 inSC=0 outSC=0 -> 0xe00002c2
#### AGXIOC Method sel=0x18->0x18 inCnt=0 inSC=0 outSC=0 -> 0xe00002c2
#### AGXIOC Method sel=0x18->0x18 inCnt=0 inSC=0 outSC=0 -> 0xe00002c2
#### AGXIOC Method sel=0x18->0x18 inCnt=0 inSC=0 outSC=0 -> 0xe00002c2
#### AGXIOC Method sel=0x18->0x18 inCnt=0 inSC=0 outSC=0 -> 0xe00002c2
#### AGXIOC Method sel=0x18->0x18 inCnt=0 inSC=0 outSC=0 -> 0xe00002c2
#### AGXIOC Method sel=0x18->0x18 inCnt=0 inSC=0 outSC=0 -> 0xe00002c2
#### AGXIOC Method sel=0x18->0x18 inCnt=0 inSC=0 outSC=0 -> 0xe00002c2
#### AGXIOC Method sel=0x18->0x18 inCnt=0 inSC=0 outSC=0 -> 0xe00002c2
#### AGXIOC Method sel=0x18->0x18 inCnt=0 inSC=0 outSC=0 -> 0xe00002c2
#### AGXIOC Method sel=0x18->0x18 inCnt=0 inSC=0 outSC=0 -> 0xe00002c2
#### AGXIOC Method sel=0x18->0x18 inCnt=0 inSC=0 outSC=0 -> 0xe00002c2
#### AGXIOC Method sel=0x18->0x18 inCnt=0 inSC=0 outSC=0 -> 0xe00002c2
#### AGXIOC Method sel=0x18->0x18 inCnt=0 inSC=0 outSC=0 -> 0xe00002c2
#### AGXIOC Method sel=0x18->0x18 inCnt=0 inSC=0 outSC=0 -> 0xe00002c2
[72365:0728/061609.431709:VERBOSE1:net/base/network_delegate.cc:38] NetworkDelegate::NotifyBeforeURLRequest: https://mobile.events.data.microsoft.com/OneCollector/1.0?cors=true&content-type=application/x-json-stream
#### AGXIOC Method sel=0x18->0x18 inCnt=0 inSC=0 outSC=0 -> 0xe00002c2
#### AGXIOC Method sel=0x18->0x18 inCnt=0 inSC=0 outSC=0 -> 0xe00002c2
#### AGXIOC Method sel=0x18->0x18 inCnt=0 inSC=0 outSC=0 -> 0xe00002c2
#### AGXIOC Method sel=0x18->0x18 inCnt=0 inSC=0 outSC=0 -> 0xe00002c2
#### AGXIOC Method sel=0x18->0x18 inCnt=0 inSC=0 outSC=0 -> 0xe00002c2
#### AGXIOC Method sel=0x18->0x18 inCnt=0 inSC=0 outSC=0 -> 0xe00002c2
#### AGXIOC Method sel=0x18->0x18 inCnt=0 inSC=0 outSC=0 -> 0xe00002c2
#### AGXIOC Method sel=0x18->0x18 inCnt=0 inSC=0 outSC=0 -> 0xe00002c2
#### AGXIOC Method sel=0x18->0x18 inCnt=0 inSC=0 outSC=0 -> 0xe00002c2
#### AGXIOC Method sel=0x18->0x18 inCnt=0 inSC=0 outSC=0 -> 0xe00002c2
#### AGXIOC Method sel=0x18->0x18 inCnt=0 inSC=0 outSC=0 -> 0xe00002c2
#### AGXIOC Method sel=0x18->0x18 inCnt=0 inSC=0 outSC=0 -> 0xe00002c2
#### AGXIOC Method sel=0x18->0x18 inCnt=0 inSC=0 outSC=0 -> 0xe00002c2
#### AGXIOC Method sel=0x18->0x18 inCnt=0 inSC=0 outSC=0 -> 0xe00002c2
#### AGXIOC Method sel=0x18->0x18 inCnt=0 inSC=0 outSC=0 -> 0xe00002c2
#### AGXIOC Method sel=0x18->0x18 inCnt=0 inSC=0 outSC=0 -> 0xe00002c2
#### AGXIOC Method sel=0x18->0x18 inCnt=0 inSC=0 outSC=0 -> 0xe00002c2
#### AGXIOC Method sel=0x18->0x18 inCnt=0 inSC=0 outSC=0 -> 0xe00002c2
#### AGXIOC Method sel=0x18->0x18 inCnt=0 inSC=0 outSC=0 -> 0xe00002c2
#### AGXIOC Method sel=0x18->0x18 inCnt=0 inSC=0 outSC=0 -> 0xe00002c2
#### AGXIOC Method sel=0x18->0x18 inCnt=0 inSC=0 outSC=0 -> 0xe00002c2
#### AGXIOC Method sel=0x18->0x18 inCnt=0 inSC=0 outSC=0 -> 0xe00002c2
#### AGXIOC Method sel=0x18->0x18 inCnt=0 inSC=0 outSC=0 -> 0xe00002c2
#### AGXIOC Method sel=0x18->0x18 inCnt=0 inSC=0 outSC=0 -> 0xe00002c2
#### AGXIOC Method sel=0x18->0x18 inCnt=0 inSC=0 outSC=0 -> 0xe00002c2
#### AGXIOC Method sel=0x18->0x18 inCnt=0 inSC=0 outSC=0 -> 0xe00002c2
#### AGXIOC Method sel=0x18->0x18 inCnt=0 inSC=0 outSC=0 -> 0xe00002c2
#### AGXIOC Method sel=0x18->0x18 inCnt=0 inSC=0 outSC=0 -> 0xe00002c2
#### AGXIOC Method sel=0x18->0x18 inCnt=0 inSC=0 outSC=0 -> 0xe00002c2
#### AGXIOC Method sel=0x18->0x18 inCnt=0 inSC=0 outSC=0 -> 0xe00002c2
#### AGXIOC Method sel=0x18->0x18 inCnt=0 inSC=0 outSC=0 -> 0xe00002c2
[72325:0728/061611.877362:VERBOSE1:content/browser/renderer_host/media/media_stream_manager.cc:1515] MSPL::OnSuspend([this=0x6000d2ea8])
[72325:0728/061612.899855:VERBOSE1:content/browser/renderer_host/media/media_stream_manager.cc:1515] MSPL::OnResume([this=0x6000d2ea8])
#### AGXIOC Method sel=0x18->0x18 inCnt=0 inSC=0 outSC=0 -> 0xe00002c2
#### AGXIOC Method sel=0x18->0x18 inCnt=0 inSC=0 outSC=0 -> 0xe00002c2
#### AGXIOC Method sel=0x18->0x18 inCnt=0 inSC=0 outSC=0 -> 0xe00002c2
#### AGXIOC Method sel=0x18->0x18 inCnt=0 inSC=0 outSC=0 -> 0xe00002c2
#### AGXIOC Method sel=0x18->0x18 inCnt=0 inSC=0 outSC=0 -> 0xe00002c2
#### AGXIOC Method sel=0x18->0x18 inCnt=0 inSC=0 outSC=0 -> 0xe00002c2
#### AGXIOC Method sel=0x18->0x18 inCnt=0 inSC=0 outSC=0 -> 0xe00002c2
#### AGXIOC Method sel=0x18->0x18 inCnt=0 inSC=0 outSC=0 -> 0xe00002c2
#### AGXIOC Method sel=0x18->0x18 inCnt=0 inSC=0 outSC=0 -> 0xe00002c2
#### AGXIOC Method sel=0x18->0x18 inCnt=0 inSC=0 outSC=0 -> 0xe00002c2
#### AGXIOC Method sel=0x18->0x18 inCnt=0 inSC=0 outSC=0 -> 0xe00002c2
#### AGXIOC Method sel=0x18->0x18 inCnt=0 inSC=0 outSC=0 -> 0xe00002c2
#### AGXIOC Method sel=0x18->0x18 inCnt=0 inSC=0 outSC=0 -> 0xe00002c2
#### AGXIOC Method sel=0x18->0x18 inCnt=0 inSC=0 outSC=0 -> 0xe00002c2
#### AGXIOC Method sel=0x18->0x18 inCnt=0 inSC=0 outSC=0 -> 0xe00002c2
#### AGXIOC Method sel=0x18->0x18 inCnt=0 inSC=0 outSC=0 -> 0xe00002c2
#### AGXIOC Method sel=0x18->0x18 inCnt=0 inSC=0 outSC=0 -> 0xe00002c2
#### AGXIOC Method sel=0x18->0x18 inCnt=0 inSC=0 outSC=0 -> 0xe00002c2
#### AGXIOC Method sel=0x18->0x18 inCnt=0 inSC=0 outSC=0 -> 0xe00002c2
#### AGXIOC Method sel=0x18->0x18 inCnt=0 inSC=0 outSC=0 -> 0xe00002c2
#### AGXIOC Method sel=0x1e->0x1a inCnt=4 inSC=56 outSC=0 -> 0x0
#### AGXIOC Method sel=0x18->0x18 inCnt=0 inSC=0 outSC=0 -> 0xe00002c2
#### AGXIOC Method sel=0x18->0x18 inCnt=0 inSC=0 outSC=0 -> 0xe00002c2
#### AGXIOC Method sel=0x18->0x18 inCnt=0 inSC=0 outSC=0 -> 0xe00002c2
#### AGXIOC Method sel=0x18->0x18 inCnt=0 inSC=0 outSC=0 -> 0xe00002c2
#### AGXIOC Method sel=0x18->0x18 inCnt=0 inSC=0 outSC=0 -> 0xe00002c2
#### AGXIOC Method sel=0x18->0x18 inCnt=0 inSC=0 outSC=0 -> 0xe00002c2
[72365:0728/061614.682031:VERBOSE1:net/base/network_delegate.cc:38] NetworkDelegate::NotifyBeforeURLRequest: https://mobile.events.data.microsoft.com/OneCollector/1.0?cors=true&content-type=application/x-json-stream
#### AGXIOC Method sel=0x18->0x18 inCnt=0 inSC=0 outSC=0 -> 0xe00002c2
#### AGXIOC Method sel=0x18->0x18 inCnt=0 inSC=0 outSC=0 -> 0xe00002c2
#### AGXIOC Method sel=0x18->0x18 inCnt=0 inSC=0 outSC=0 -> 0xe00002c2
#### AGXIOC Method sel=0x18->0x18 inCnt=0 inSC=0 outSC=0 -> 0xe00002c2
#### AGXIOC Method sel=0x18->0x18 inCnt=0 inSC=0 outSC=0 -> 0xe00002c2
#### AGXIOC Method sel=0x18->0x18 inCnt=0 inSC=0 outSC=0 -> 0xe00002c2
#### AGXIOC Method sel=0x18->0x18 inCnt=0 inSC=0 outSC=0 -> 0xe00002c2
#### AGXIOC Method sel=0x18->0x18 inCnt=0 inSC=0 outSC=0 -> 0xe00002c2
#### AGXIOC Method sel=0x18->0x18 inCnt=0 inSC=0 outSC=0 -> 0xe00002c2
#### AGXIOC Method sel=0x18->0x18 inCnt=0 inSC=0 outSC=0 -> 0xe00002c2
#### AGXIOC Method sel=0x18->0x18 inCnt=0 inSC=0 outSC=0 -> 0xe00002c2
#### AGXIOC Method sel=0x18->0x18 inCnt=0 inSC=0 outSC=0 -> 0xe00002c2
#### AGXIOC Method sel=0x18->0x18 inCnt=0 inSC=0 outSC=0 -> 0xe00002c2
#### AGXIOC Method sel=0x18->0x18 inCnt=0 inSC=0 outSC=0 -> 0xe00002c2
#### AGXIOC Method sel=0x18->0x18 inCnt=0 inSC=0 outSC=0 -> 0xe00002c2
#### AGXIOC Method sel=0x18->0x18 inCnt=0 inSC=0 outSC=0 -> 0xe00002c2
#### AGXIOC Method sel=0x18->0x18 inCnt=0 inSC=0 outSC=0 -> 0xe00002c2
#### AGXIOC Method sel=0x18->0x18 inCnt=0 inSC=0 outSC=0 -> 0xe00002c2
#### AGXIOC Method sel=0x18->0x18 inCnt=0 inSC=0 outSC=0 -> 0xe00002c2
#### AGXIOC Method sel=0x18->0x18 inCnt=0 inSC=0 outSC=0 -> 0xe00002c2
#### AGXIOC Method sel=0x18->0x18 inCnt=0 inSC=0 outSC=0 -> 0xe00002c2
#### AGXIOC Method sel=0x18->0x18 inCnt=0 inSC=0 outSC=0 -> 0xe00002c2
#### AGXIOC Method sel=0x18->0x18 inCnt=0 inSC=0 outSC=0 -> 0xe00002c2
#### AGXIOC Method sel=0x18->0x18 inCnt=0 inSC=0 outSC=0 -> 0xe00002c2
#### AGXIOC Method sel=0x18->0x18 inCnt=0 inSC=0 outSC=0 -> 0xe00002c2
#### AGXIOC Method sel=0x18->0x18 inCnt=0 inSC=0 outSC=0 -> 0xe00002c2
#### AGXIOC Method sel=0x18->0x18 inCnt=0 inSC=0 outSC=0 -> 0xe00002c2
#### AGXIOC Method sel=0x18->0x18 inCnt=0 inSC=0 outSC=0 -> 0xe00002c2
#### AGXIOC Method sel=0x18->0x18 inCnt=0 inSC=0 outSC=0 -> 0xe00002c2
#### AGXIOC Method sel=0x18->0x18 inCnt=0 inSC=0 outSC=0 -> 0xe00002c2
#### AGXIOC Method sel=0x18->0x18 inCnt=0 inSC=0 outSC=0 -> 0xe00002c2
#### AGXIOC Method sel=0x18->0x18 inCnt=0 inSC=0 outSC=0 -> 0xe00002c2
#### AGXIOC Method sel=0x18->0x18 inCnt=0 inSC=0 outSC=0 -> 0xe00002c2
#### AGXIOC Method sel=0x18->0x18 inCnt=0 inSC=0 outSC=0 -> 0xe00002c2
#### AGXIOC Method sel=0x18->0x18 inCnt=0 inSC=0 outSC=0 -> 0xe00002c2
[72325:0728/061617.090325:VERBOSE1:content/browser/renderer_host/media/media_stream_manager.cc:1515] MSPL::OnSuspend([this=0x6000d2ea8])
#### AGXIOC Method sel=0x18->0x18 inCnt=0 inSC=0 outSC=0 -> 0xe00002c2
[72325:0728/061618.162675:VERBOSE1:content/browser/renderer_host/media/media_stream_manager.cc:1515] MSPL::OnResume([this=0x6000d2ea8])
#### AGXIOC Method sel=0x18->0x18 inCnt=0 inSC=0 outSC=0 -> 0xe00002c2
#### AGXIOC Method sel=0x18->0x18 inCnt=0 inSC=0 outSC=0 -> 0xe00002c2
#### AGXIOC Method sel=0x18->0x18 inCnt=0 inSC=0 outSC=0 -> 0xe00002c2
#### AGXIOC Method sel=0x18->0x18 inCnt=0 inSC=0 outSC=0 -> 0xe00002c2
#### AGXIOC Method sel=0x18->0x18 inCnt=0 inSC=0 outSC=0 -> 0xe00002c2
#### AGXIOC Method sel=0x18->0x18 inCnt=0 inSC=0 outSC=0 -> 0xe00002c2
#### AGXIOC Method sel=0x18->0x18 inCnt=0 inSC=0 outSC=0 -> 0xe00002c2
#### AGXIOC Method sel=0x18->0x18 inCnt=0 inSC=0 outSC=0 -> 0xe00002c2
#### AGXIOC Method sel=0x18->0x18 inCnt=0 inSC=0 outSC=0 -> 0xe00002c2
#### AGXIOC Method sel=0x18->0x18 inCnt=0 inSC=0 outSC=0 -> 0xe00002c2
#### AGXIOC Method sel=0x18->0x18 inCnt=0 inSC=0 outSC=0 -> 0xe00002c2
#### AGXIOC Method sel=0x18->0x18 inCnt=0 inSC=0 outSC=0 -> 0xe00002c2
#### AGXIOC Method sel=0x18->0x18 inCnt=0 inSC=0 outSC=0 -> 0xe00002c2
#### AGXIOC Method sel=0x18->0x18 inCnt=0 inSC=0 outSC=0 -> 0xe00002c2
#### AGXIOC Method sel=0x18->0x18 inCnt=0 inSC=0 outSC=0 -> 0xe00002c2
#### AGXIOC Method sel=0x18->0x18 inCnt=0 inSC=0 outSC=0 -> 0xe00002c2
#### AGXIOC Method sel=0x18->0x18 inCnt=0 inSC=0 outSC=0 -> 0xe00002c2
#### AGXIOC Method sel=0x18->0x18 inCnt=0 inSC=0 outSC=0 -> 0xe00002c2
#### AGXIOC Method sel=0x18->0x18 inCnt=0 inSC=0 outSC=0 -> 0xe00002c2
#### AGXIOC Method sel=0x18->0x18 inCnt=0 inSC=0 outSC=0 -> 0xe00002c2
#### AGXIOC Method sel=0x18->0x18 inCnt=0 inSC=0 outSC=0 -> 0xe00002c2
#### AGXIOC Method sel=0x18->0x18 inCnt=0 inSC=0 outSC=0 -> 0xe00002c2
#### AGXIOC Method sel=0x18->0x18 inCnt=0 inSC=0 outSC=0 -> 0xe00002c2
[72365:0728/061619.939598:VERBOSE1:net/base/network_delegate.cc:38] NetworkDelegate::NotifyBeforeURLRequest: https://mobile.events.data.microsoft.com/OneCollector/1.0?cors=true&content-type=application/x-json-stream
#### AGXIOC Method sel=0x18->0x18 inCnt=0 inSC=0 outSC=0 -> 0xe00002c2
#### AGXIOC Method sel=0x18->0x18 inCnt=0 inSC=0 outSC=0 -> 0xe00002c2
#### AGXIOC Method sel=0x18->0x18 inCnt=0 inSC=0 outSC=0 -> 0xe00002c2
#### AGXIOC Method sel=0x18->0x18 inCnt=0 inSC=0 outSC=0 -> 0xe00002c2
#### AGXIOC Method sel=0x18->0x18 inCnt=0 inSC=0 outSC=0 -> 0xe00002c2
#### AGXIOC Method sel=0x18->0x18 inCnt=0 inSC=0 outSC=0 -> 0xe00002c2
#### AGXIOC Method sel=0x18->0x18 inCnt=0 inSC=0 outSC=0 -> 0xe00002c2
#### AGXIOC Method sel=0x18->0x18 inCnt=0 inSC=0 outSC=0 -> 0xe00002c2
#### AGXIOC Method sel=0x18->0x18 inCnt=0 inSC=0 outSC=0 -> 0xe00002c2
#### AGXIOC Method sel=0x18->0x18 inCnt=0 inSC=0 outSC=0 -> 0xe00002c2
#### AGXIOC Method sel=0x18->0x18 inCnt=0 inSC=0 outSC=0 -> 0xe00002c2
#### AGXIOC Method sel=0x18->0x18 inCnt=0 inSC=0 outSC=0 -> 0xe00002c2
#### AGXIOC Method sel=0x18->0x18 inCnt=0 inSC=0 outSC=0 -> 0xe00002c2
#### AGXIOC Method sel=0x18->0x18 inCnt=0 inSC=0 outSC=0 -> 0xe00002c2
#### AGXIOC Method sel=0x18->0x18 inCnt=0 inSC=0 outSC=0 -> 0xe00002c2
#### AGXIOC Method sel=0x18->0x18 inCnt=0 inSC=0 outSC=0 -> 0xe00002c2
#### AGXIOC Method sel=0x18->0x18 inCnt=0 inSC=0 outSC=0 -> 0xe00002c2
#### AGXIOC Method sel=0x18->0x18 inCnt=0 inSC=0 outSC=0 -> 0xe00002c2
#### AGXIOC Method sel=0x18->0x18 inCnt=0 inSC=0 outSC=0 -> 0xe00002c2
#### AGXIOC Method sel=0x18->0x18 inCnt=0 inSC=0 outSC=0 -> 0xe00002c2
#### AGXIOC Method sel=0x18->0x18 inCnt=0 inSC=0 outSC=0 -> 0xe00002c2
#### AGXIOC Method sel=0x18->0x18 inCnt=0 inSC=0 outSC=0 -> 0xe00002c2
#### AGXIOC Method sel=0x18->0x18 inCnt=0 inSC=0 outSC=0 -> 0xe00002c2
#### AGXIOC Method sel=0x18->0x18 inCnt=0 inSC=0 outSC=0 -> 0xe00002c2
#### AGXIOC Method sel=0x18->0x18 inCnt=0 inSC=0 outSC=0 -> 0xe00002c2
#### AGXIOC Method sel=0x18->0x18 inCnt=0 inSC=0 outSC=0 -> 0xe00002c2
#### AGXIOC Method sel=0x18->0x18 inCnt=0 inSC=0 outSC=0 -> 0xe00002c2
#### AGXIOC Method sel=0x18->0x18 inCnt=0 inSC=0 outSC=0 -> 0xe00002c2
#### AGXIOC Method sel=0x18->0x18 inCnt=0 inSC=0 outSC=0 -> 0xe00002c2
#### AGXIOC Method sel=0x18->0x18 inCnt=0 inSC=0 outSC=0 -> 0xe00002c2
#### AGXIOC Method sel=0x18->0x18 inCnt=0 inSC=0 outSC=0 -> 0xe00002c2
[72325:0728/061622.359050:VERBOSE1:content/browser/renderer_host/media/media_stream_manager.cc:1515] MSPL::OnSuspend([this=0x6000d2ea8])
#### AGXIOC Method sel=0x18->0x18 inCnt=0 inSC=0 outSC=0 -> 0xe00002c2
[72325:0728/061623.405499:VERBOSE1:content/browser/renderer_host/media/media_stream_manager.cc:1515] MSPL::OnResume([this=0x6000d2ea8])
#### AGXIOC Method sel=0x18->0x18 inCnt=0 inSC=0 outSC=0 -> 0xe00002c2
#### AGXIOC Method sel=0x18->0x18 inCnt=0 inSC=0 outSC=0 -> 0xe00002c2
#### AGXIOC Method sel=0x18->0x18 inCnt=0 inSC=0 outSC=0 -> 0xe00002c2
#### AGXIOC Method sel=0x18->0x18 inCnt=0 inSC=0 outSC=0 -> 0xe00002c2
#### AGXIOC Method sel=0x18->0x18 inCnt=0 inSC=0 outSC=0 -> 0xe00002c2
#### AGXIOC Method sel=0x18->0x18 inCnt=0 inSC=0 outSC=0 -> 0xe00002c2
#### AGXIOC Method sel=0x18->0x18 inCnt=0 inSC=0 outSC=0 -> 0xe00002c2
#### AGXIOC Method sel=0x18->0x18 inCnt=0 inSC=0 outSC=0 -> 0xe00002c2
#### AGXIOC Method sel=0x18->0x18 inCnt=0 inSC=0 outSC=0 -> 0xe00002c2
#### AGXIOC Method sel=0x18->0x18 inCnt=0 inSC=0 outSC=0 -> 0xe00002c2
#### AGXIOC Method sel=0x18->0x18 inCnt=0 inSC=0 outSC=0 -> 0xe00002c2
#### AGXIOC Method sel=0x18->0x18 inCnt=0 inSC=0 outSC=0 -> 0xe00002c2
#### AGXIOC Method sel=0x18->0x18 inCnt=0 inSC=0 outSC=0 -> 0xe00002c2
#### AGXIOC Method sel=0x18->0x18 inCnt=0 inSC=0 outSC=0 -> 0xe00002c2
#### AGXIOC Method sel=0x18->0x18 inCnt=0 inSC=0 outSC=0 -> 0xe00002c2
#### AGXIOC Method sel=0x18->0x18 inCnt=0 inSC=0 outSC=0 -> 0xe00002c2
#### AGXIOC Method sel=0x18->0x18 inCnt=0 inSC=0 outSC=0 -> 0xe00002c2
#### AGXIOC Method sel=0x18->0x18 inCnt=0 inSC=0 outSC=0 -> 0xe00002c2
#### AGXIOC Method sel=0x18->0x18 inCnt=0 inSC=0 outSC=0 -> 0xe00002c2
#### AGXIOC Method sel=0x18->0x18 inCnt=0 inSC=0 outSC=0 -> 0xe00002c2
#### AGXIOC Method sel=0x18->0x18 inCnt=0 inSC=0 outSC=0 -> 0xe00002c2
#### AGXIOC Method sel=0x18->0x18 inCnt=0 inSC=0 outSC=0 -> 0xe00002c2
#### AGXIOC Method sel=0x18->0x18 inCnt=0 inSC=0 outSC=0 -> 0xe00002c2
#### AGXIOC Method sel=0x18->0x18 inCnt=0 inSC=0 outSC=0 -> 0xe00002c2
[72365:0728/061625.179868:VERBOSE1:net/base/network_delegate.cc:38] NetworkDelegate::NotifyBeforeURLRequest: https://mobile.events.data.microsoft.com/OneCollector/1.0?cors=true&content-type=application/x-json-stream
#### AGXIOC Method sel=0x18->0x18 inCnt=0 inSC=0 outSC=0 -> 0xe00002c2
#### AGXIOC Method sel=0x18->0x18 inCnt=0 inSC=0 outSC=0 -> 0xe00002c2
#### AGXIOC Method sel=0x18->0x18 inCnt=0 inSC=0 outSC=0 -> 0xe00002c2
#### AGXIOC Method sel=0x18->0x18 inCnt=0 inSC=0 outSC=0 -> 0xe00002c2
#### AGXIOC Method sel=0x18->0x18 inCnt=0 inSC=0 outSC=0 -> 0xe00002c2
#### AGXIOC Method sel=0x18->0x18 inCnt=0 inSC=0 outSC=0 -> 0xe00002c2
#### AGXIOC Method sel=0x18->0x18 inCnt=0 inSC=0 outSC=0 -> 0xe00002c2
#### AGXIOC Method sel=0x18->0x18 inCnt=0 inSC=0 outSC=0 -> 0xe00002c2
#### AGXIOC Method sel=0x18->0x18 inCnt=0 inSC=0 outSC=0 -> 0xe00002c2
#### AGXIOC Method sel=0x18->0x18 inCnt=0 inSC=0 outSC=0 -> 0xe00002c2
#### AGXIOC Method sel=0x18->0x18 inCnt=0 inSC=0 outSC=0 -> 0xe00002c2
#### AGXIOC Method sel=0x18->0x18 inCnt=0 inSC=0 outSC=0 -> 0xe00002c2
#### AGXIOC Method sel=0x18->0x18 inCnt=0 inSC=0 outSC=0 -> 0xe00002c2
#### AGXIOC Method sel=0x18->0x18 inCnt=0 inSC=0 outSC=0 -> 0xe00002c2
#### AGXIOC Method sel=0x18->0x18 inCnt=0 inSC=0 outSC=0 -> 0xe00002c2
#### AGXIOC Method sel=0x18->0x18 inCnt=0 inSC=0 outSC=0 -> 0xe00002c2
#### AGXIOC Method sel=0x18->0x18 inCnt=0 inSC=0 outSC=0 -> 0xe00002c2
#### AGXIOC Method sel=0x18->0x18 inCnt=0 inSC=0 outSC=0 -> 0xe00002c2
#### AGXIOC Method sel=0x18->0x18 inCnt=0 inSC=0 outSC=0 -> 0xe00002c2
#### AGXIOC Method sel=0x18->0x18 inCnt=0 inSC=0 outSC=0 -> 0xe00002c2
#### AGX_LIFE DESTROY id=0x26 type=0x82 surf=0xad bytes=0x108000 kr=0 okC=1185 failC=0 okD=750 failD=0 unmatchedD=0 full=0 live=435/72MB [t0=380/22MB t80=0/0MB t82=55/49MB]
#### AGXIOC Method sel=0x18->0x18 inCnt=0 inSC=0 outSC=0 -> 0xe00002c2
#### AGXIOC Method sel=0x18->0x18 inCnt=0 inSC=0 outSC=0 -> 0xe00002c2
#### AGXIOC Method sel=0x18->0x18 inCnt=0 inSC=0 outSC=0 -> 0xe00002c2
#### AGXIOC Method sel=0x18->0x18 inCnt=0 inSC=0 outSC=0 -> 0xe00002c2
#### AGXIOC Method sel=0x18->0x18 inCnt=0 inSC=0 outSC=0 -> 0xe00002c2
#### AGXIOC Method sel=0x18->0x18 inCnt=0 inSC=0 outSC=0 -> 0xe00002c2
#### AGXIOC Method sel=0x18->0x18 inCnt=0 inSC=0 outSC=0 -> 0xe00002c2
#### AGXIOC Method sel=0x18->0x18 inCnt=0 inSC=0 outSC=0 -> 0xe00002c2
#### AGXIOC Method sel=0x18->0x18 inCnt=0 inSC=0 outSC=0 -> 0xe00002c2
[72325:0728/061627.597375:VERBOSE1:content/browser/renderer_host/media/media_stream_manager.cc:1515] MSPL::OnSuspend([this=0x6000d2ea8])
#### AGXIOC Method sel=0x18->0x18 inCnt=0 inSC=0 outSC=0 -> 0xe00002c2
[72325:0728/061628.666704:VERBOSE1:content/browser/renderer_host/media/media_stream_manager.cc:1515] MSPL::OnResume([this=0x6000d2ea8])
#### AGXIOC Method sel=0x18->0x18 inCnt=0 inSC=0 outSC=0 -> 0xe00002c2
#### AGXIOC Method sel=0x18->0x18 inCnt=0 inSC=0 outSC=0 -> 0xe00002c2
#### AGXIOC Method sel=0x18->0x18 inCnt=0 inSC=0 outSC=0 -> 0xe00002c2
#### AGXIOC Method sel=0x18->0x18 inCnt=0 inSC=0 outSC=0 -> 0xe00002c2
#### AGXIOC Method sel=0x18->0x18 inCnt=0 inSC=0 outSC=0 -> 0xe00002c2
#### AGXIOC Method sel=0x18->0x18 inCnt=0 inSC=0 outSC=0 -> 0xe00002c2
#### AGXIOC Method sel=0x18->0x18 inCnt=0 inSC=0 outSC=0 -> 0xe00002c2
#### AGXIOC Method sel=0x18->0x18 inCnt=0 inSC=0 outSC=0 -> 0xe00002c2
#### AGXIOC Method sel=0x18->0x18 inCnt=0 inSC=0 outSC=0 -> 0xe00002c2
#### AGXIOC Method sel=0x18->0x18 inCnt=0 inSC=0 outSC=0 -> 0xe00002c2
#### AGXIOC Method sel=0x18->0x18 inCnt=0 inSC=0 outSC=0 -> 0xe00002c2
#### AGXIOC Method sel=0x18->0x18 inCnt=0 inSC=0 outSC=0 -> 0xe00002c2
#### AGXIOC Method sel=0x18->0x18 inCnt=0 inSC=0 outSC=0 -> 0xe00002c2
#### AGXIOC Method sel=0x18->0x18 inCnt=0 inSC=0 outSC=0 -> 0xe00002c2
#### AGXIOC Method sel=0x18->0x18 inCnt=0 inSC=0 outSC=0 -> 0xe00002c2
#### AGXIOC Method sel=0x18->0x18 inCnt=0 inSC=0 outSC=0 -> 0xe00002c2
#### AGXIOC Method sel=0x18->0x18 inCnt=0 inSC=0 outSC=0 -> 0xe00002c2
#### AGXIOC Method sel=0x18->0x18 inCnt=0 inSC=0 outSC=0 -> 0xe00002c2
#### AGXIOC Method sel=0x18->0x18 inCnt=0 inSC=0 outSC=0 -> 0xe00002c2
#### AGXIOC Method sel=0x18->0x18 inCnt=0 inSC=0 outSC=0 -> 0xe00002c2
#### AGXIOC Method sel=0x18->0x18 inCnt=0 inSC=0 outSC=0 -> 0xe00002c2
#### AGXIOC Method sel=0x18->0x18 inCnt=0 inSC=0 outSC=0 -> 0xe00002c2
#### AGXIOC Method sel=0x18->0x18 inCnt=0 inSC=0 outSC=0 -> 0xe00002c2
#### AGXIOC Method sel=0x18->0x18 inCnt=0 inSC=0 outSC=0 -> 0xe00002c2
#### AGXIOC Method sel=0x18->0x18 inCnt=0 inSC=0 outSC=0 -> 0xe00002c2
[72365:0728/061630.438009:VERBOSE1:net/base/network_delegate.cc:38] NetworkDelegate::NotifyBeforeURLRequest: https://mobile.events.data.microsoft.com/OneCollector/1.0?cors=true&content-type=application/x-json-stream
#### AGXIOC Method sel=0x18->0x18 inCnt=0 inSC=0 outSC=0 -> 0xe00002c2
#### AGXIOC Method sel=0x18->0x18 inCnt=0 inSC=0 outSC=0 -> 0xe00002c2
#### AGXIOC Method sel=0x18->0x18 inCnt=0 inSC=0 outSC=0 -> 0xe00002c2
#### AGXIOC Method sel=0x18->0x18 inCnt=0 inSC=0 outSC=0 -> 0xe00002c2
#### AGXIOC Method sel=0x18->0x18 inCnt=0 inSC=0 outSC=0 -> 0xe00002c2
#### AGXIOC Method sel=0x18->0x18 inCnt=0 inSC=0 outSC=0 -> 0xe00002c2
#### AGXIOC Method sel=0x18->0x18 inCnt=0 inSC=0 outSC=0 -> 0xe00002c2
#### AGXIOC Method sel=0x18->0x18 inCnt=0 inSC=0 outSC=0 -> 0xe00002c2
#### AGXIOC Method sel=0x18->0x18 inCnt=0 inSC=0 outSC=0 -> 0xe00002c2
#### AGXIOC Method sel=0x18->0x18 inCnt=0 inSC=0 outSC=0 -> 0xe00002c2
#### AGXIOC Method sel=0x18->0x18 inCnt=0 inSC=0 outSC=0 -> 0xe00002c2
#### AGXIOC Method sel=0x18->0x18 inCnt=0 inSC=0 outSC=0 -> 0xe00002c2
#### AGXIOC Method sel=0x18->0x18 inCnt=0 inSC=0 outSC=0 -> 0xe00002c2
#### AGXIOC Method sel=0x18->0x18 inCnt=0 inSC=0 outSC=0 -> 0xe00002c2
#### AGXIOC Method sel=0x18->0x18 inCnt=0 inSC=0 outSC=0 -> 0xe00002c2
#### AGXIOC Method sel=0x18->0x18 inCnt=0 inSC=0 outSC=0 -> 0xe00002c2
#### AGXIOC Method sel=0x18->0x18 inCnt=0 inSC=0 outSC=0 -> 0xe00002c2
#### AGXIOC Method sel=0x18->0x18 inCnt=0 inSC=0 outSC=0 -> 0xe00002c2
#### AGXIOC Method sel=0x18->0x18 inCnt=0 inSC=0 outSC=0 -> 0xe00002c2
#### AGXIOC Method sel=0x18->0x18 inCnt=0 inSC=0 outSC=0 -> 0xe00002c2
#### AGXIOC Method sel=0x18->0x18 inCnt=0 inSC=0 outSC=0 -> 0xe00002c2
#### AGXIOC Method sel=0x18->0x18 inCnt=0 inSC=0 outSC=0 -> 0xe00002c2
#### AGXIOC Method sel=0x18->0x18 inCnt=0 inSC=0 outSC=0 -> 0xe00002c2
#### AGXIOC Method sel=0x18->0x18 inCnt=0 inSC=0 outSC=0 -> 0xe00002c2
#### AGXIOC Method sel=0x18->0x18 inCnt=0 inSC=0 outSC=0 -> 0xe00002c2
#### AGXIOC Method sel=0x18->0x18 inCnt=0 inSC=0 outSC=0 -> 0xe00002c2
#### AGXIOC Method sel=0x1e->0x1a inCnt=4 inSC=56 outSC=0 -> 0x0
#### AGXIOC Method sel=0x18->0x18 inCnt=0 inSC=0 outSC=0 -> 0xe00002c2
#### AGXIOC Method sel=0x18->0x18 inCnt=0 inSC=0 outSC=0 -> 0xe00002c2
#### AGXIOC Method sel=0x18->0x18 inCnt=0 inSC=0 outSC=0 -> 0xe00002c2
#### AGXIOC Method sel=0x18->0x18 inCnt=0 inSC=0 outSC=0 -> 0xe00002c2
#### AGXIOC Method sel=0x18->0x18 inCnt=0 inSC=0 outSC=0 -> 0xe00002c2
#### AGXIOC Method sel=0x18->0x18 inCnt=0 inSC=0 outSC=0 -> 0xe00002c2
[72325:0728/061632.880472:VERBOSE1:content/browser/renderer_host/media/media_stream_manager.cc:1515] MSPL::OnSuspend([this=0x6000d2ea8])
#### AGXIOC Method sel=0x18->0x18 inCnt=0 inSC=0 outSC=0 -> 0xe00002c2
[72325:0728/061633.907191:VERBOSE1:content/browser/renderer_host/media/media_stream_manager.cc:1515] MSPL::OnResume([this=0x6000d2ea8])
#### AGXIOC Method sel=0x18->0x18 inCnt=0 inSC=0 outSC=0 -> 0xe00002c2
#### AGXIOC Method sel=0x18->0x18 inCnt=0 inSC=0 outSC=0 -> 0xe00002c2
#### AGXIOC Method sel=0x18->0x18 inCnt=0 inSC=0 outSC=0 -> 0xe00002c2
#### AGXIOC Method sel=0x18->0x18 inCnt=0 inSC=0 outSC=0 -> 0xe00002c2
#### AGXIOC Method sel=0x18->0x18 inCnt=0 inSC=0 outSC=0 -> 0xe00002c2
#### AGXIOC Method sel=0x18->0x18 inCnt=0 inSC=0 outSC=0 -> 0xe00002c2
#### AGXIOC Method sel=0x18->0x18 inCnt=0 inSC=0 outSC=0 -> 0xe00002c2
#### AGXIOC Method sel=0x18->0x18 inCnt=0 inSC=0 outSC=0 -> 0xe00002c2
#### AGXIOC Method sel=0x18->0x18 inCnt=0 inSC=0 outSC=0 -> 0xe00002c2
#### AGXIOC Method sel=0x18->0x18 inCnt=0 inSC=0 outSC=0 -> 0xe00002c2
#### AGXIOC Method sel=0x18->0x18 inCnt=0 inSC=0 outSC=0 -> 0xe00002c2
#### AGXIOC Method sel=0x18->0x18 inCnt=0 inSC=0 outSC=0 -> 0xe00002c2
#### AGXIOC Method sel=0x18->0x18 inCnt=0 inSC=0 outSC=0 -> 0xe00002c2
#### AGXIOC Method sel=0x18->0x18 inCnt=0 inSC=0 outSC=0 -> 0xe00002c2
#### AGXIOC Method sel=0x18->0x18 inCnt=0 inSC=0 outSC=0 -> 0xe00002c2
#### AGXIOC Method sel=0x18->0x18 inCnt=0 inSC=0 outSC=0 -> 0xe00002c2
#### AGXIOC Method sel=0x18->0x18 inCnt=0 inSC=0 outSC=0 -> 0xe00002c2
#### AGXIOC Method sel=0x18->0x18 inCnt=0 inSC=0 outSC=0 -> 0xe00002c2
#### AGXIOC Method sel=0x18->0x18 inCnt=0 inSC=0 outSC=0 -> 0xe00002c2
#### AGXIOC Method sel=0x18->0x18 inCnt=0 inSC=0 outSC=0 -> 0xe00002c2
#### AGXIOC Method sel=0x18->0x18 inCnt=0 inSC=0 outSC=0 -> 0xe00002c2
#### AGXIOC Method sel=0x18->0x18 inCnt=0 inSC=0 outSC=0 -> 0xe00002c2
#### AGXIOC Method sel=0x18->0x18 inCnt=0 inSC=0 outSC=0 -> 0xe00002c2
#### AGXIOC Method sel=0x18->0x18 inCnt=0 inSC=0 outSC=0 -> 0xe00002c2
[72365:0728/061635.687568:VERBOSE1:net/base/network_delegate.cc:38] NetworkDelegate::NotifyBeforeURLRequest: https://mobile.events.data.microsoft.com/OneCollector/1.0?cors=true&content-type=application/x-json-stream
#### AGXIOC Method sel=0x18->0x18 inCnt=0 inSC=0 outSC=0 -> 0xe00002c2
#### AGXIOC Method sel=0x18->0x18 inCnt=0 inSC=0 outSC=0 -> 0xe00002c2
#### AGXIOC Method sel=0x18->0x18 inCnt=0 inSC=0 outSC=0 -> 0xe00002c2
#### AGXIOC Method sel=0x18->0x18 inCnt=0 inSC=0 outSC=0 -> 0xe00002c2
#### AGXIOC Method sel=0x18->0x18 inCnt=0 inSC=0 outSC=0 -> 0xe00002c2
#### AGXIOC Method sel=0x18->0x18 inCnt=0 inSC=0 outSC=0 -> 0xe00002c2
#### AGXIOC Method sel=0x18->0x18 inCnt=0 inSC=0 outSC=0 -> 0xe00002c2
#### AGXIOC Method sel=0x18->0x18 inCnt=0 inSC=0 outSC=0 -> 0xe00002c2
#### AGXIOC Method sel=0x18->0x18 inCnt=0 inSC=0 outSC=0 -> 0xe00002c2
#### AGXIOC Method sel=0x18->0x18 inCnt=0 inSC=0 outSC=0 -> 0xe00002c2
#### AGXIOC Method sel=0x18->0x18 inCnt=0 inSC=0 outSC=0 -> 0xe00002c2
#### AGXIOC Method sel=0x18->0x18 inCnt=0 inSC=0 outSC=0 -> 0xe00002c2
#### AGXIOC Method sel=0x18->0x18 inCnt=0 inSC=0 outSC=0 -> 0xe00002c2
#### AGXIOC Method sel=0x18->0x18 inCnt=0 inSC=0 outSC=0 -> 0xe00002c2
#### AGXIOC Method sel=0x18->0x18 inCnt=0 inSC=0 outSC=0 -> 0xe00002c2
#### AGXIOC Method sel=0x18->0x18 inCnt=0 inSC=0 outSC=0 -> 0xe00002c2
#### AGXIOC Method sel=0x18->0x18 inCnt=0 inSC=0 outSC=0 -> 0xe00002c2
#### AGXIOC Method sel=0x18->0x18 inCnt=0 inSC=0 outSC=0 -> 0xe00002c2
#### AGXIOC Method sel=0x18->0x18 inCnt=0 inSC=0 outSC=0 -> 0xe00002c2
#### AGXIOC Method sel=0x18->0x18 inCnt=0 inSC=0 outSC=0 -> 0xe00002c2
#### MACWS-NEW-EVENT #1500 original=nil sharedEvent=0x6012389d0 class=_MTLSharedEvent device=0x600282000 deviceClass=AGXG13GFamilyDevice
#### AGXIOC Method sel=0x18->0x18 inCnt=0 inSC=0 outSC=0 -> 0xe00002c2
#### AGXIOC Method sel=0x18->0x18 inCnt=0 inSC=0 outSC=0 -> 0xe00002c2
#### AGXIOC Method sel=0x18->0x18 inCnt=0 inSC=0 outSC=0 -> 0xe00002c2
#### AGXIOC Method sel=0x18->0x18 inCnt=0 inSC=0 outSC=0 -> 0xe00002c2
#### AGXIOC Method sel=0x18->0x18 inCnt=0 inSC=0 outSC=0 -> 0xe00002c2
#### AGXIOC Method sel=0x18->0x18 inCnt=0 inSC=0 outSC=0 -> 0xe00002c2
#### AGXIOC Method sel=0x18->0x18 inCnt=0 inSC=0 outSC=0 -> 0xe00002c2
#### AGXIOC Method sel=0x18->0x18 inCnt=0 inSC=0 outSC=0 -> 0xe00002c2
#### AGXIOC Method sel=0x18->0x18 inCnt=0 inSC=0 outSC=0 -> 0xe00002c2
#### AGXIOC Method sel=0x18->0x18 inCnt=0 inSC=0 outSC=0 -> 0xe00002c2
#### AGXIOC Method sel=0x18->0x18 inCnt=0 inSC=0 outSC=0 -> 0xe00002c2
#### AGXIOC Method sel=0x18->0x18 inCnt=0 inSC=0 outSC=0 -> 0xe00002c2
[72325:0728/061638.091996:VERBOSE1:content/browser/renderer_host/media/media_stream_manager.cc:1515] MSPL::OnSuspend([this=0x6000d2ea8])
[72325:0728/061639.160736:VERBOSE1:content/browser/renderer_host/media/media_stream_manager.cc:1515] MSPL::OnResume([this=0x6000d2ea8])
#### AGXIOC Method sel=0x18->0x18 inCnt=0 inSC=0 outSC=0 -> 0xe00002c2
#### AGXIOC Method sel=0x18->0x18 inCnt=0 inSC=0 outSC=0 -> 0xe00002c2
#### AGXIOC Method sel=0x18->0x18 inCnt=0 inSC=0 outSC=0 -> 0xe00002c2
#### AGXIOC Method sel=0x18->0x18 inCnt=0 inSC=0 outSC=0 -> 0xe00002c2
#### AGXIOC Method sel=0x18->0x18 inCnt=0 inSC=0 outSC=0 -> 0xe00002c2
#### AGXIOC Method sel=0x18->0x18 inCnt=0 inSC=0 outSC=0 -> 0xe00002c2
#### AGXIOC Method sel=0x18->0x18 inCnt=0 inSC=0 outSC=0 -> 0xe00002c2
#### AGXIOC Method sel=0x18->0x18 inCnt=0 inSC=0 outSC=0 -> 0xe00002c2
#### AGXIOC Method sel=0x18->0x18 inCnt=0 inSC=0 outSC=0 -> 0xe00002c2
#### AGXIOC Method sel=0x18->0x18 inCnt=0 inSC=0 outSC=0 -> 0xe00002c2
#### AGXIOC Method sel=0x18->0x18 inCnt=0 inSC=0 outSC=0 -> 0xe00002c2
#### AGXIOC Method sel=0x18->0x18 inCnt=0 inSC=0 outSC=0 -> 0xe00002c2
#### AGXIOC Method sel=0x18->0x18 inCnt=0 inSC=0 outSC=0 -> 0xe00002c2
#### AGXIOC Method sel=0x18->0x18 inCnt=0 inSC=0 outSC=0 -> 0xe00002c2
#### AGXIOC Method sel=0x18->0x18 inCnt=0 inSC=0 outSC=0 -> 0xe00002c2
#### AGXIOC Method sel=0x18->0x18 inCnt=0 inSC=0 outSC=0 -> 0xe00002c2
#### AGXIOC Method sel=0x18->0x18 inCnt=0 inSC=0 outSC=0 -> 0xe00002c2
#### AGXIOC Method sel=0x18->0x18 inCnt=0 inSC=0 outSC=0 -> 0xe00002c2
#### AGXIOC Method sel=0x18->0x18 inCnt=0 inSC=0 outSC=0 -> 0xe00002c2
#### AGXIOC Method sel=0x18->0x18 inCnt=0 inSC=0 outSC=0 -> 0xe00002c2
#### AGXIOC Method sel=0x18->0x18 inCnt=0 inSC=0 outSC=0 -> 0xe00002c2
#### AGXIOC Method sel=0x18->0x18 inCnt=0 inSC=0 outSC=0 -> 0xe00002c2
#### AGXIOC Method sel=0x18->0x18 inCnt=0 inSC=0 outSC=0 -> 0xe00002c2
#### AGXIOC Method sel=0x18->0x18 inCnt=0 inSC=0 outSC=0 -> 0xe00002c2
#### AGXIOC Method sel=0x18->0x18 inCnt=0 inSC=0 outSC=0 -> 0xe00002c2
#### AGXIOC Method sel=0x18->0x18 inCnt=0 inSC=0 outSC=0 -> 0xe00002c2
#### AGXIOC Method sel=0x18->0x18 inCnt=0 inSC=0 outSC=0 -> 0xe00002c2
#### AGXIOC Method sel=0x18->0x18 inCnt=0 inSC=0 outSC=0 -> 0xe00002c2
#### AGXIOC Method sel=0x18->0x18 inCnt=0 inSC=0 outSC=0 -> 0xe00002c2
[72365:0728/061640.945410:VERBOSE1:net/base/network_delegate.cc:38] NetworkDelegate::NotifyBeforeURLRequest: https://mobile.events.data.microsoft.com/OneCollector/1.0?cors=true&content-type=application/x-json-stream
#### AGXIOC Method sel=0x18->0x18 inCnt=0 inSC=0 outSC=0 -> 0xe00002c2
#### AGXIOC Method sel=0x18->0x18 inCnt=0 inSC=0 outSC=0 -> 0xe00002c2
#### AGXIOC Method sel=0x18->0x18 inCnt=0 inSC=0 outSC=0 -> 0xe00002c2
#### AGXIOC Method sel=0x18->0x18 inCnt=0 inSC=0 outSC=0 -> 0xe00002c2
#### AGXIOC Method sel=0x18->0x18 inCnt=0 inSC=0 outSC=0 -> 0xe00002c2
#### AGXIOC Method sel=0x18->0x18 inCnt=0 inSC=0 outSC=0 -> 0xe00002c2
#### AGXIOC Method sel=0x18->0x18 inCnt=0 inSC=0 outSC=0 -> 0xe00002c2
#### AGXIOC Method sel=0x18->0x18 inCnt=0 inSC=0 outSC=0 -> 0xe00002c2
#### AGXIOC Method sel=0x18->0x18 inCnt=0 inSC=0 outSC=0 -> 0xe00002c2
#### AGXIOC Method sel=0x18->0x18 inCnt=0 inSC=0 outSC=0 -> 0xe00002c2
#### AGXIOC Method sel=0x18->0x18 inCnt=0 inSC=0 outSC=0 -> 0xe00002c2
#### AGXIOC Method sel=0x18->0x18 inCnt=0 inSC=0 outSC=0 -> 0xe00002c2
#### AGXIOC Method sel=0x18->0x18 inCnt=0 inSC=0 outSC=0 -> 0xe00002c2
#### AGXIOC Method sel=0x18->0x18 inCnt=0 inSC=0 outSC=0 -> 0xe00002c2
#### AGXIOC Method sel=0x18->0x18 inCnt=0 inSC=0 outSC=0 -> 0xe00002c2
#### AGXIOC Method sel=0x18->0x18 inCnt=0 inSC=0 outSC=0 -> 0xe00002c2
#### AGXIOC Method sel=0x18->0x18 inCnt=0 inSC=0 outSC=0 -> 0xe00002c2
#### AGXIOC Method sel=0x18->0x18 inCnt=0 inSC=0 outSC=0 -> 0xe00002c2
#### AGXIOC Method sel=0x18->0x18 inCnt=0 inSC=0 outSC=0 -> 0xe00002c2
#### AGXIOC Method sel=0x18->0x18 inCnt=0 inSC=0 outSC=0 -> 0xe00002c2
#### AGXIOC Method sel=0x18->0x18 inCnt=0 inSC=0 outSC=0 -> 0xe00002c2
#### AGXIOC Method sel=0x18->0x18 inCnt=0 inSC=0 outSC=0 -> 0xe00002c2
#### AGXIOC Method sel=0x18->0x18 inCnt=0 inSC=0 outSC=0 -> 0xe00002c2
#### AGXIOC Method sel=0x18->0x18 inCnt=0 inSC=0 outSC=0 -> 0xe00002c2
#### AGXIOC Method sel=0x18->0x18 inCnt=0 inSC=0 outSC=0 -> 0xe00002c2
#### AGXIOC Method sel=0x18->0x18 inCnt=0 inSC=0 outSC=0 -> 0xe00002c2
#### AGXIOC Method sel=0x18->0x18 inCnt=0 inSC=0 outSC=0 -> 0xe00002c2
#### AGXIOC Method sel=0x18->0x18 inCnt=0 inSC=0 outSC=0 -> 0xe00002c2
#### AGXIOC Method sel=0x18->0x18 inCnt=0 inSC=0 outSC=0 -> 0xe00002c2
#### AGXIOC Method sel=0x18->0x18 inCnt=0 inSC=0 outSC=0 -> 0xe00002c2
#### AGXIOC Method sel=0x18->0x18 inCnt=0 inSC=0 outSC=0 -> 0xe00002c2
#### AGXIOC Method sel=0x18->0x18 inCnt=0 inSC=0 outSC=0 -> 0xe00002c2
#### AGXIOC Method sel=0x18->0x18 inCnt=0 inSC=0 outSC=0 -> 0xe00002c2
#### AGXIOC Method sel=0x18->0x18 inCnt=0 inSC=0 outSC=0 -> 0xe00002c2
#### AGXIOC Method sel=0x18->0x18 inCnt=0 inSC=0 outSC=0 -> 0xe00002c2
#### AGXIOC Method sel=0x18->0x18 inCnt=0 inSC=0 outSC=0 -> 0xe00002c2
#### AGXIOC Method sel=0x18->0x18 inCnt=0 inSC=0 outSC=0 -> 0xe00002c2
#### AGXIOC Method sel=0x18->0x18 inCnt=0 inSC=0 outSC=0 -> 0xe00002c2
#### AGXIOC Method sel=0x18->0x18 inCnt=0 inSC=0 outSC=0 -> 0xe00002c2
#### AGXIOC Method sel=0x18->0x18 inCnt=0 inSC=0 outSC=0 -> 0xe00002c2
#### AGXIOC Method sel=0x18->0x18 inCnt=0 inSC=0 outSC=0 -> 0xe00002c2
#### AGXIOC Method sel=0x18->0x18 inCnt=0 inSC=0 outSC=0 -> 0xe00002c2
#### AGXIOC Method sel=0x18->0x18 inCnt=0 inSC=0 outSC=0 -> 0xe00002c2
#### AGXIOC Method sel=0x18->0x18 inCnt=0 inSC=0 outSC=0 -> 0xe00002c2
#### AGXIOC Method sel=0x18->0x18 inCnt=0 inSC=0 outSC=0 -> 0xe00002c2
#### AGXIOC Method sel=0x18->0x18 inCnt=0 inSC=0 outSC=0 -> 0xe00002c2
#### AGXIOC Method sel=0x18->0x18 inCnt=0 inSC=0 outSC=0 -> 0xe00002c2
#### AGXIOC Method sel=0x18->0x18 inCnt=0 inSC=0 outSC=0 -> 0xe00002c2
#### AGXIOC Method sel=0x18->0x18 inCnt=0 inSC=0 outSC=0 -> 0xe00002c2
#### AGXIOC Method sel=0x18->0x18 inCnt=0 inSC=0 outSC=0 -> 0xe00002c2
#### AGXIOC Method sel=0x18->0x18 inCnt=0 inSC=0 outSC=0 -> 0xe00002c2
#### AGXIOC Method sel=0x18->0x18 inCnt=0 inSC=0 outSC=0 -> 0xe00002c2
#### AGXIOC Method sel=0x18->0x18 inCnt=0 inSC=0 outSC=0 -> 0xe00002c2
#### AGXIOC Method sel=0x18->0x18 inCnt=0 inSC=0 outSC=0 -> 0xe00002c2
#### AGXIOC Method sel=0x18->0x18 inCnt=0 inSC=0 outSC=0 -> 0xe00002c2
#### AGXIOC Method sel=0x18->0x18 inCnt=0 inSC=0 outSC=0 -> 0xe00002c2
#### AGXIOC Method sel=0x18->0x18 inCnt=0 inSC=0 outSC=0 -> 0xe00002c2
#### AGXIOC Method sel=0x18->0x18 inCnt=0 inSC=0 outSC=0 -> 0xe00002c2
#### AGXIOC Method sel=0x18->0x18 inCnt=0 inSC=0 outSC=0 -> 0xe00002c2
#### AGXIOC Method sel=0x18->0x18 inCnt=0 inSC=0 outSC=0 -> 0xe00002c2
[72325:0728/061645.605778:VERBOSE1:content/browser/renderer_host/media/media_stream_manager.cc:1515] MSPL::OnSuspend([this=0x6000d2ea8])
[72325:0728/061646.518150:VERBOSE1:content/browser/renderer_host/media/media_stream_manager.cc:1515] MSPL::OnResume([this=0x6000d2ea8])
#### AGXIOC Method sel=0x18->0x18 inCnt=0 inSC=0 outSC=0 -> 0xe00002c2
#### AGXIOC Method sel=0x18->0x18 inCnt=0 inSC=0 outSC=0 -> 0xe00002c2
#### AGXIOC Method sel=0x18->0x18 inCnt=0 inSC=0 outSC=0 -> 0xe00002c2
#### AGXIOC Method sel=0x18->0x18 inCnt=0 inSC=0 outSC=0 -> 0xe00002c2
#### AGXIOC Method sel=0x18->0x18 inCnt=0 inSC=0 outSC=0 -> 0xe00002c2
#### AGXIOC Method sel=0x18->0x18 inCnt=0 inSC=0 outSC=0 -> 0xe00002c2
#### AGXIOC Method sel=0x18->0x18 inCnt=0 inSC=0 outSC=0 -> 0xe00002c2
#### AGXIOC Method sel=0x18->0x18 inCnt=0 inSC=0 outSC=0 -> 0xe00002c2
#### AGXIOC Method sel=0x18->0x18 inCnt=0 inSC=0 outSC=0 -> 0xe00002c2
#### AGXIOC Method sel=0x18->0x18 inCnt=0 inSC=0 outSC=0 -> 0xe00002c2
#### AGXIOC Method sel=0x18->0x18 inCnt=0 inSC=0 outSC=0 -> 0xe00002c2
#### AGXIOC Method sel=0x18->0x18 inCnt=0 inSC=0 outSC=0 -> 0xe00002c2
#### AGXIOC Method sel=0x18->0x18 inCnt=0 inSC=0 outSC=0 -> 0xe00002c2
#### AGXIOC Method sel=0x18->0x18 inCnt=0 inSC=0 outSC=0 -> 0xe00002c2
#### AGXIOC Method sel=0x18->0x18 inCnt=0 inSC=0 outSC=0 -> 0xe00002c2
#### AGXIOC Method sel=0x18->0x18 inCnt=0 inSC=0 outSC=0 -> 0xe00002c2
#### AGXIOC Method sel=0x18->0x18 inCnt=0 inSC=0 outSC=0 -> 0xe00002c2
#### AGXIOC Method sel=0x18->0x18 inCnt=0 inSC=0 outSC=0 -> 0xe00002c2
#### AGXIOC Method sel=0x18->0x18 inCnt=0 inSC=0 outSC=0 -> 0xe00002c2
#### AGXIOC Method sel=0x18->0x18 inCnt=0 inSC=0 outSC=0 -> 0xe00002c2
#### AGXIOC Method sel=0x18->0x18 inCnt=0 inSC=0 outSC=0 -> 0xe00002c2
#### AGXIOC Method sel=0x18->0x18 inCnt=0 inSC=0 outSC=0 -> 0xe00002c2
#### AGXIOC Method sel=0x18->0x18 inCnt=0 inSC=0 outSC=0 -> 0xe00002c2
#### AGXIOC Method sel=0x18->0x18 inCnt=0 inSC=0 outSC=0 -> 0xe00002c2
#### AGXIOC Method sel=0x18->0x18 inCnt=0 inSC=0 outSC=0 -> 0xe00002c2
#### AGXIOC Method sel=0x18->0x18 inCnt=0 inSC=0 outSC=0 -> 0xe00002c2
#### AGXIOC Method sel=0x18->0x18 inCnt=0 inSC=0 outSC=0 -> 0xe00002c2
#### AGXIOC Method sel=0x18->0x18 inCnt=0 inSC=0 outSC=0 -> 0xe00002c2
#### AGXIOC Method sel=0x18->0x18 inCnt=0 inSC=0 outSC=0 -> 0xe00002c2
#### AGXIOC Method sel=0x18->0x18 inCnt=0 inSC=0 outSC=0 -> 0xe00002c2
#### AGXIOC Method sel=0x18->0x18 inCnt=0 inSC=0 outSC=0 -> 0xe00002c2
#### AGXIOC Method sel=0x18->0x18 inCnt=0 inSC=0 outSC=0 -> 0xe00002c2
[72365:0728/061648.312732:VERBOSE1:net/base/network_delegate.cc:38] NetworkDelegate::NotifyBeforeURLRequest: https://mobile.events.data.microsoft.com/OneCollector/1.0?cors=true&content-type=application/x-json-stream
#### AGXIOC Method sel=0x18->0x18 inCnt=0 inSC=0 outSC=0 -> 0xe00002c2
#### AGXIOC Method sel=0x18->0x18 inCnt=0 inSC=0 outSC=0 -> 0xe00002c2
#### AGXIOC Method sel=0x18->0x18 inCnt=0 inSC=0 outSC=0 -> 0xe00002c2
#### AGXIOC Method sel=0x18->0x18 inCnt=0 inSC=0 outSC=0 -> 0xe00002c2
#### AGXIOC Method sel=0x18->0x18 inCnt=0 inSC=0 outSC=0 -> 0xe00002c2
#### AGXIOC Method sel=0x18->0x18 inCnt=0 inSC=0 outSC=0 -> 0xe00002c2
#### AGXIOC Method sel=0x18->0x18 inCnt=0 inSC=0 outSC=0 -> 0xe00002c2
#### AGXIOC Method sel=0x18->0x18 inCnt=0 inSC=0 outSC=0 -> 0xe00002c2
#### AGXIOC Method sel=0x18->0x18 inCnt=0 inSC=0 outSC=0 -> 0xe00002c2
#### AGXIOC Method sel=0x18->0x18 inCnt=0 inSC=0 outSC=0 -> 0xe00002c2
#### AGXIOC Method sel=0x18->0x18 inCnt=0 inSC=0 outSC=0 -> 0xe00002c2
#### AGXIOC Method sel=0x18->0x18 inCnt=0 inSC=0 outSC=0 -> 0xe00002c2
#### AGXIOC Method sel=0x18->0x18 inCnt=0 inSC=0 outSC=0 -> 0xe00002c2
#### AGXIOC Method sel=0x18->0x18 inCnt=0 inSC=0 outSC=0 -> 0xe00002c2
#### AGXIOC Method sel=0x18->0x18 inCnt=0 inSC=0 outSC=0 -> 0xe00002c2
#### AGXIOC Method sel=0x18->0x18 inCnt=0 inSC=0 outSC=0 -> 0xe00002c2
#### AGXIOC Method sel=0x18->0x18 inCnt=0 inSC=0 outSC=0 -> 0xe00002c2
#### AGXIOC Method sel=0x18->0x18 inCnt=0 inSC=0 outSC=0 -> 0xe00002c2
#### AGXIOC Method sel=0x18->0x18 inCnt=0 inSC=0 outSC=0 -> 0xe00002c2
#### AGXIOC Method sel=0x18->0x18 inCnt=0 inSC=0 outSC=0 -> 0xe00002c2
#### AGXIOC Method sel=0x18->0x18 inCnt=0 inSC=0 outSC=0 -> 0xe00002c2
#### AGXIOC Method sel=0x18->0x18 inCnt=0 inSC=0 outSC=0 -> 0xe00002c2
#### AGXIOC Method sel=0x1e->0x1a inCnt=4 inSC=56 outSC=0 -> 0x0
#### AGXIOC Method sel=0x18->0x18 inCnt=0 inSC=0 outSC=0 -> 0xe00002c2
#### AGXIOC Method sel=0x18->0x18 inCnt=0 inSC=0 outSC=0 -> 0xe00002c2
#### AGXIOC Method sel=0x18->0x18 inCnt=0 inSC=0 outSC=0 -> 0xe00002c2
#### AGXIOC Method sel=0x18->0x18 inCnt=0 inSC=0 outSC=0 -> 0xe00002c2
#### AGXIOC Method sel=0x18->0x18 inCnt=0 inSC=0 outSC=0 -> 0xe00002c2
#### AGXIOC Method sel=0x18->0x18 inCnt=0 inSC=0 outSC=0 -> 0xe00002c2
#### AGXIOC Method sel=0x18->0x18 inCnt=0 inSC=0 outSC=0 -> 0xe00002c2
#### AGXIOC Method sel=0x18->0x18 inCnt=0 inSC=0 outSC=0 -> 0xe00002c2
#### AGXIOC Method sel=0x18->0x18 inCnt=0 inSC=0 outSC=0 -> 0xe00002c2
#### AGXIOC Method sel=0x18->0x18 inCnt=0 inSC=0 outSC=0 -> 0xe00002c2
#### AGXIOC Method sel=0x18->0x18 inCnt=0 inSC=0 outSC=0 -> 0xe00002c2
#### AGXIOC Method sel=0x18->0x18 inCnt=0 inSC=0 outSC=0 -> 0xe00002c2
[72325:0728/061650.685182:VERBOSE1:content/browser/renderer_host/media/media_stream_manager.cc:1515] MSPL::OnSuspend([this=0x6000d2ea8])
#### AGXIOC Method sel=0x18->0x18 inCnt=0 inSC=0 outSC=0 -> 0xe00002c2
[72325:0728/061651.768572:VERBOSE1:content/browser/renderer_host/media/media_stream_manager.cc:1515] MSPL::OnResume([this=0x6000d2ea8])
#### AGXIOC Method sel=0x18->0x18 inCnt=0 inSC=0 outSC=0 -> 0xe00002c2
#### AGXIOC Method sel=0x18->0x18 inCnt=0 inSC=0 outSC=0 -> 0xe00002c2
#### AGXIOC Method sel=0x18->0x18 inCnt=0 inSC=0 outSC=0 -> 0xe00002c2
#### AGXIOC Method sel=0x18->0x18 inCnt=0 inSC=0 outSC=0 -> 0xe00002c2
#### AGXIOC Method sel=0x18->0x18 inCnt=0 inSC=0 outSC=0 -> 0xe00002c2
#### AGXIOC Method sel=0x18->0x18 inCnt=0 inSC=0 outSC=0 -> 0xe00002c2
#### AGXIOC Method sel=0x18->0x18 inCnt=0 inSC=0 outSC=0 -> 0xe00002c2
#### AGXIOC Method sel=0x18->0x18 inCnt=0 inSC=0 outSC=0 -> 0xe00002c2
#### AGXIOC Method sel=0x18->0x18 inCnt=0 inSC=0 outSC=0 -> 0xe00002c2
#### AGXIOC Method sel=0x18->0x18 inCnt=0 inSC=0 outSC=0 -> 0xe00002c2
#### AGXIOC Method sel=0x18->0x18 inCnt=0 inSC=0 outSC=0 -> 0xe00002c2
#### AGXIOC Method sel=0x18->0x18 inCnt=0 inSC=0 outSC=0 -> 0xe00002c2
#### AGXIOC Method sel=0x18->0x18 inCnt=0 inSC=0 outSC=0 -> 0xe00002c2
#### AGXIOC Method sel=0x18->0x18 inCnt=0 inSC=0 outSC=0 -> 0xe00002c2
#### AGXIOC Method sel=0x18->0x18 inCnt=0 inSC=0 outSC=0 -> 0xe00002c2
#### AGXIOC Method sel=0x18->0x18 inCnt=0 inSC=0 outSC=0 -> 0xe00002c2
#### AGXIOC Method sel=0x18->0x18 inCnt=0 inSC=0 outSC=0 -> 0xe00002c2
#### AGXIOC Method sel=0x18->0x18 inCnt=0 inSC=0 outSC=0 -> 0xe00002c2
#### AGXIOC Method sel=0x18->0x18 inCnt=0 inSC=0 outSC=0 -> 0xe00002c2
#### AGXIOC Method sel=0x18->0x18 inCnt=0 inSC=0 outSC=0 -> 0xe00002c2
#### AGXIOC Method sel=0x18->0x18 inCnt=0 inSC=0 outSC=0 -> 0xe00002c2
#### AGXIOC Method sel=0x18->0x18 inCnt=0 inSC=0 outSC=0 -> 0xe00002c2
#### AGXIOC Method sel=0x18->0x18 inCnt=0 inSC=0 outSC=0 -> 0xe00002c2
#### AGXIOC Method sel=0x18->0x18 inCnt=0 inSC=0 outSC=0 -> 0xe00002c2
#### AGXIOC Method sel=0x18->0x18 inCnt=0 inSC=0 outSC=0 -> 0xe00002c2
#### AGXIOC Method sel=0x18->0x18 inCnt=0 inSC=0 outSC=0 -> 0xe00002c2
#### AGXIOC Method sel=0x18->0x18 inCnt=0 inSC=0 outSC=0 -> 0xe00002c2
[72365:0728/061653.541244:VERBOSE1:net/base/network_delegate.cc:38] NetworkDelegate::NotifyBeforeURLRequest: https://mobile.events.data.microsoft.com/OneCollector/1.0?cors=true&content-type=application/x-json-stream
#### AGXIOC Method sel=0x18->0x18 inCnt=0 inSC=0 outSC=0 -> 0xe00002c2
#### AGXIOC Method sel=0x18->0x18 inCnt=0 inSC=0 outSC=0 -> 0xe00002c2
#### AGXIOC Method sel=0x18->0x18 inCnt=0 inSC=0 outSC=0 -> 0xe00002c2
#### AGXIOC Method sel=0x18->0x18 inCnt=0 inSC=0 outSC=0 -> 0xe00002c2
#### AGXIOC Method sel=0x18->0x18 inCnt=0 inSC=0 outSC=0 -> 0xe00002c2
#### AGXIOC Method sel=0x18->0x18 inCnt=0 inSC=0 outSC=0 -> 0xe00002c2
#### AGXIOC Method sel=0x18->0x18 inCnt=0 inSC=0 outSC=0 -> 0xe00002c2
#### AGXIOC Method sel=0x18->0x18 inCnt=0 inSC=0 outSC=0 -> 0xe00002c2
#### AGXIOC Method sel=0x18->0x18 inCnt=0 inSC=0 outSC=0 -> 0xe00002c2
#### AGXIOC Method sel=0x18->0x18 inCnt=0 inSC=0 outSC=0 -> 0xe00002c2
#### AGXIOC Method sel=0x18->0x18 inCnt=0 inSC=0 outSC=0 -> 0xe00002c2
#### AGXIOC Method sel=0x18->0x18 inCnt=0 inSC=0 outSC=0 -> 0xe00002c2
#### AGXIOC Method sel=0x18->0x18 inCnt=0 inSC=0 outSC=0 -> 0xe00002c2
#### AGXIOC Method sel=0x18->0x18 inCnt=0 inSC=0 outSC=0 -> 0xe00002c2
#### AGXIOC Method sel=0x18->0x18 inCnt=0 inSC=0 outSC=0 -> 0xe00002c2
#### AGXIOC Method sel=0x18->0x18 inCnt=0 inSC=0 outSC=0 -> 0xe00002c2
#### AGXIOC Method sel=0x18->0x18 inCnt=0 inSC=0 outSC=0 -> 0xe00002c2
#### AGXIOC Method sel=0x18->0x18 inCnt=0 inSC=0 outSC=0 -> 0xe00002c2
#### AGXIOC Method sel=0x18->0x18 inCnt=0 inSC=0 outSC=0 -> 0xe00002c2
#### AGXIOC Method sel=0x18->0x18 inCnt=0 inSC=0 outSC=0 -> 0xe00002c2
#### AGXIOC Method sel=0x18->0x18 inCnt=0 inSC=0 outSC=0 -> 0xe00002c2
#### AGXIOC Method sel=0x18->0x18 inCnt=0 inSC=0 outSC=0 -> 0xe00002c2
#### AGXIOC Method sel=0x18->0x18 inCnt=0 inSC=0 outSC=0 -> 0xe00002c2
#### AGXIOC Method sel=0x18->0x18 inCnt=0 inSC=0 outSC=0 -> 0xe00002c2
#### AGXIOC Method sel=0x18->0x18 inCnt=0 inSC=0 outSC=0 -> 0xe00002c2
#### AGXIOC Method sel=0x18->0x18 inCnt=0 inSC=0 outSC=0 -> 0xe00002c2
#### AGXIOC Method sel=0x18->0x18 inCnt=0 inSC=0 outSC=0 -> 0xe00002c2
#### AGXIOC Method sel=0x18->0x18 inCnt=0 inSC=0 outSC=0 -> 0xe00002c2
#### AGXIOC Method sel=0x18->0x18 inCnt=0 inSC=0 outSC=0 -> 0xe00002c2
#### AGXIOC Method sel=0x18->0x18 inCnt=0 inSC=0 outSC=0 -> 0xe00002c2
#### AGXIOC Method sel=0x18->0x18 inCnt=0 inSC=0 outSC=0 -> 0xe00002c2
#### AGXIOC Method sel=0x18->0x18 inCnt=0 inSC=0 outSC=0 -> 0xe00002c2
#### AGXIOC Method sel=0x18->0x18 inCnt=0 inSC=0 outSC=0 -> 0xe00002c2
#### AGXIOC Method sel=0x18->0x18 inCnt=0 inSC=0 outSC=0 -> 0xe00002c2
#### AGXIOC Method sel=0x18->0x18 inCnt=0 inSC=0 outSC=0 -> 0xe00002c2
[72325:0728/061655.965257:VERBOSE1:content/browser/renderer_host/media/media_stream_manager.cc:1515] MSPL::OnSuspend([this=0x6000d2ea8])
[72325:0728/061657.021496:VERBOSE1:content/browser/renderer_host/media/media_stream_manager.cc:1515] MSPL::OnResume([this=0x6000d2ea8])
#### AGXIOC Method sel=0x18->0x18 inCnt=0 inSC=0 outSC=0 -> 0xe00002c2
#### AGXIOC Method sel=0x18->0x18 inCnt=0 inSC=0 outSC=0 -> 0xe00002c2
#### AGXIOC Method sel=0x18->0x18 inCnt=0 inSC=0 outSC=0 -> 0xe00002c2
#### AGXIOC Method sel=0x18->0x18 inCnt=0 inSC=0 outSC=0 -> 0xe00002c2
#### AGXIOC Method sel=0x18->0x18 inCnt=0 inSC=0 outSC=0 -> 0xe00002c2
#### AGXIOC Method sel=0x18->0x18 inCnt=0 inSC=0 outSC=0 -> 0xe00002c2
#### AGXIOC Method sel=0x18->0x18 inCnt=0 inSC=0 outSC=0 -> 0xe00002c2
#### AGXIOC Method sel=0x18->0x18 inCnt=0 inSC=0 outSC=0 -> 0xe00002c2
#### AGXIOC Method sel=0x18->0x18 inCnt=0 inSC=0 outSC=0 -> 0xe00002c2
#### AGXIOC Method sel=0x18->0x18 inCnt=0 inSC=0 outSC=0 -> 0xe00002c2
#### AGXIOC Method sel=0x18->0x18 inCnt=0 inSC=0 outSC=0 -> 0xe00002c2
#### AGXIOC Method sel=0x18->0x18 inCnt=0 inSC=0 outSC=0 -> 0xe00002c2
#### AGXIOC Method sel=0x18->0x18 inCnt=0 inSC=0 outSC=0 -> 0xe00002c2
#### AGXIOC Method sel=0x18->0x18 inCnt=0 inSC=0 outSC=0 -> 0xe00002c2
#### AGXIOC Method sel=0x18->0x18 inCnt=0 inSC=0 outSC=0 -> 0xe00002c2
#### AGXIOC Method sel=0x18->0x18 inCnt=0 inSC=0 outSC=0 -> 0xe00002c2
#### AGXIOC Method sel=0x18->0x18 inCnt=0 inSC=0 outSC=0 -> 0xe00002c2
#### AGXIOC Method sel=0x18->0x18 inCnt=0 inSC=0 outSC=0 -> 0xe00002c2
#### AGXIOC Method sel=0x18->0x18 inCnt=0 inSC=0 outSC=0 -> 0xe00002c2
#### AGXIOC Method sel=0x18->0x18 inCnt=0 inSC=0 outSC=0 -> 0xe00002c2
#### AGXIOC Method sel=0x18->0x18 inCnt=0 inSC=0 outSC=0 -> 0xe00002c2
#### AGXIOC Method sel=0x18->0x18 inCnt=0 inSC=0 outSC=0 -> 0xe00002c2
#### AGXIOC Method sel=0x18->0x18 inCnt=0 inSC=0 outSC=0 -> 0xe00002c2
#### AGXIOC Method sel=0x18->0x18 inCnt=0 inSC=0 outSC=0 -> 0xe00002c2
#### AGXIOC Method sel=0x18->0x18 inCnt=0 inSC=0 outSC=0 -> 0xe00002c2
#### AGXIOC Method sel=0x18->0x18 inCnt=0 inSC=0 outSC=0 -> 0xe00002c2
#### AGXIOC Method sel=0x18->0x18 inCnt=0 inSC=0 outSC=0 -> 0xe00002c2
#### AGXIOC Method sel=0x18->0x18 inCnt=0 inSC=0 outSC=0 -> 0xe00002c2
[72365:0728/061658.802346:VERBOSE1:net/base/network_delegate.cc:38] NetworkDelegate::NotifyBeforeURLRequest: https://mobile.events.data.microsoft.com/OneCollector/1.0?cors=true&content-type=application/x-json-stream
#### AGXIOC Method sel=0x18->0x18 inCnt=0 inSC=0 outSC=0 -> 0xe00002c2
#### AGXIOC Method sel=0x18->0x18 inCnt=0 inSC=0 outSC=0 -> 0xe00002c2
#### AGXIOC Method sel=0x18->0x18 inCnt=0 inSC=0 outSC=0 -> 0xe00002c2
#### AGXIOC Method sel=0x18->0x18 inCnt=0 inSC=0 outSC=0 -> 0xe00002c2
#### AGXIOC Method sel=0x18->0x18 inCnt=0 inSC=0 outSC=0 -> 0xe00002c2
#### AGXIOC Method sel=0x18->0x18 inCnt=0 inSC=0 outSC=0 -> 0xe00002c2
#### AGXIOC Method sel=0x18->0x18 inCnt=0 inSC=0 outSC=0 -> 0xe00002c2
#### AGXIOC Method sel=0x18->0x18 inCnt=0 inSC=0 outSC=0 -> 0xe00002c2
#### AGXIOC Method sel=0x18->0x18 inCnt=0 inSC=0 outSC=0 -> 0xe00002c2
#### AGXIOC Method sel=0x18->0x18 inCnt=0 inSC=0 outSC=0 -> 0xe00002c2
#### AGXIOC Method sel=0x18->0x18 inCnt=0 inSC=0 outSC=0 -> 0xe00002c2
#### AGXIOC Method sel=0x18->0x18 inCnt=0 inSC=0 outSC=0 -> 0xe00002c2
#### AGXIOC Method sel=0x18->0x18 inCnt=0 inSC=0 outSC=0 -> 0xe00002c2
#### AGXIOC Method sel=0x18->0x18 inCnt=0 inSC=0 outSC=0 -> 0xe00002c2
#### AGXIOC Method sel=0x18->0x18 inCnt=0 inSC=0 outSC=0 -> 0xe00002c2
#### AGXIOC Method sel=0x18->0x18 inCnt=0 inSC=0 outSC=0 -> 0xe00002c2
#### AGXIOC Method sel=0x18->0x18 inCnt=0 inSC=0 outSC=0 -> 0xe00002c2
#### AGXIOC Method sel=0x18->0x18 inCnt=0 inSC=0 outSC=0 -> 0xe00002c2
#### AGXIOC Method sel=0x18->0x18 inCnt=0 inSC=0 outSC=0 -> 0xe00002c2
#### AGXIOC Method sel=0x18->0x18 inCnt=0 inSC=0 outSC=0 -> 0xe00002c2
#### AGXIOC Method sel=0x18->0x18 inCnt=0 inSC=0 outSC=0 -> 0xe00002c2
#### AGXIOC Method sel=0x18->0x18 inCnt=0 inSC=0 outSC=0 -> 0xe00002c2
#### AGXIOC Method sel=0x18->0x18 inCnt=0 inSC=0 outSC=0 -> 0xe00002c2
#### AGXIOC Method sel=0x18->0x18 inCnt=0 inSC=0 outSC=0 -> 0xe00002c2
#### AGXIOC Method sel=0x18->0x18 inCnt=0 inSC=0 outSC=0 -> 0xe00002c2
#### AGXIOC Method sel=0x18->0x18 inCnt=0 inSC=0 outSC=0 -> 0xe00002c2
#### AGXIOC Method sel=0x18->0x18 inCnt=0 inSC=0 outSC=0 -> 0xe00002c2
#### AGXIOC Method sel=0x18->0x18 inCnt=0 inSC=0 outSC=0 -> 0xe00002c2
#### AGXIOC Method sel=0x18->0x18 inCnt=0 inSC=0 outSC=0 -> 0xe00002c2
#### AGXIOC Method sel=0x18->0x18 inCnt=0 inSC=0 outSC=0 -> 0xe00002c2
#### AGXIOC Method sel=0x18->0x18 inCnt=0 inSC=0 outSC=0 -> 0xe00002c2
#### AGXIOC Method sel=0x18->0x18 inCnt=0 inSC=0 outSC=0 -> 0xe00002c2
[72325:0728/061701.196510:VERBOSE1:content/browser/renderer_host/media/media_stream_manager.cc:1515] MSPL::OnSuspend([this=0x6000d2ea8])
#### AGXIOC Method sel=0x18->0x18 inCnt=0 inSC=0 outSC=0 -> 0xe00002c2
[72325:0728/061702.276962:VERBOSE1:content/browser/renderer_host/media/media_stream_manager.cc:1515] MSPL::OnResume([this=0x6000d2ea8])
#### AGXIOC Method sel=0x18->0x18 inCnt=0 inSC=0 outSC=0 -> 0xe00002c2
#### AGXIOC Method sel=0x18->0x18 inCnt=0 inSC=0 outSC=0 -> 0xe00002c2
#### AGXIOC Method sel=0x18->0x18 inCnt=0 inSC=0 outSC=0 -> 0xe00002c2
#### AGXIOC Method sel=0x18->0x18 inCnt=0 inSC=0 outSC=0 -> 0xe00002c2
#### AGXIOC Method sel=0x18->0x18 inCnt=0 inSC=0 outSC=0 -> 0xe00002c2
#### AGXIOC Method sel=0x18->0x18 inCnt=0 inSC=0 outSC=0 -> 0xe00002c2
#### AGXIOC Method sel=0x18->0x18 inCnt=0 inSC=0 outSC=0 -> 0xe00002c2
#### AGXIOC Method sel=0x18->0x18 inCnt=0 inSC=0 outSC=0 -> 0xe00002c2
#### AGXIOC Method sel=0x18->0x18 inCnt=0 inSC=0 outSC=0 -> 0xe00002c2
#### AGXIOC Method sel=0x18->0x18 inCnt=0 inSC=0 outSC=0 -> 0xe00002c2
#### AGXIOC Method sel=0x18->0x18 inCnt=0 inSC=0 outSC=0 -> 0xe00002c2
#### AGXIOC Method sel=0x18->0x18 inCnt=0 inSC=0 outSC=0 -> 0xe00002c2
#### AGXIOC Method sel=0x18->0x18 inCnt=0 inSC=0 outSC=0 -> 0xe00002c2
#### AGXIOC Method sel=0x18->0x18 inCnt=0 inSC=0 outSC=0 -> 0xe00002c2
#### AGXIOC Method sel=0x18->0x18 inCnt=0 inSC=0 outSC=0 -> 0xe00002c2
#### AGXIOC Method sel=0x18->0x18 inCnt=0 inSC=0 outSC=0 -> 0xe00002c2
#### AGXIOC Method sel=0x18->0x18 inCnt=0 inSC=0 outSC=0 -> 0xe00002c2
#### AGXIOC Method sel=0x18->0x18 inCnt=0 inSC=0 outSC=0 -> 0xe00002c2
#### AGXIOC Method sel=0x18->0x18 inCnt=0 inSC=0 outSC=0 -> 0xe00002c2
#### AGXIOC Method sel=0x18->0x18 inCnt=0 inSC=0 outSC=0 -> 0xe00002c2
#### AGXIOC Method sel=0x18->0x18 inCnt=0 inSC=0 outSC=0 -> 0xe00002c2
#### AGXIOC Method sel=0x18->0x18 inCnt=0 inSC=0 outSC=0 -> 0xe00002c2
#### AGXIOC Method sel=0x18->0x18 inCnt=0 inSC=0 outSC=0 -> 0xe00002c2
#### AGXIOC Method sel=0x18->0x18 inCnt=0 inSC=0 outSC=0 -> 0xe00002c2
#### AGXIOC Method sel=0x18->0x18 inCnt=0 inSC=0 outSC=0 -> 0xe00002c2
#### AGXIOC Method sel=0x18->0x18 inCnt=0 inSC=0 outSC=0 -> 0xe00002c2
#### AGXIOC Method sel=0x18->0x18 inCnt=0 inSC=0 outSC=0 -> 0xe00002c2
#### AGXIOC Method sel=0x18->0x18 inCnt=0 inSC=0 outSC=0 -> 0xe00002c2
#### AGXIOC Method sel=0x18->0x18 inCnt=0 inSC=0 outSC=0 -> 0xe00002c2
#### AGXIOC Method sel=0x18->0x18 inCnt=0 inSC=0 outSC=0 -> 0xe00002c2
#### AGXIOC Method sel=0x18->0x18 inCnt=0 inSC=0 outSC=0 -> 0xe00002c2
[72365:0728/061704.050682:VERBOSE1:net/base/network_delegate.cc:38] NetworkDelegate::NotifyBeforeURLRequest: https://mobile.events.data.microsoft.com/OneCollector/1.0?cors=true&content-type=application/x-json-stream
#### AGXIOC Method sel=0x18->0x18 inCnt=0 inSC=0 outSC=0 -> 0xe00002c2
#### AGXIOC Method sel=0x18->0x18 inCnt=0 inSC=0 outSC=0 -> 0xe00002c2
#### AGXIOC Method sel=0x18->0x18 inCnt=0 inSC=0 outSC=0 -> 0xe00002c2
#### AGXIOC Method sel=0x18->0x18 inCnt=0 inSC=0 outSC=0 -> 0xe00002c2
#### AGXIOC Method sel=0x18->0x18 inCnt=0 inSC=0 outSC=0 -> 0xe00002c2
#### AGXIOC Method sel=0x18->0x18 inCnt=0 inSC=0 outSC=0 -> 0xe00002c2
#### AGXIOC Method sel=0x18->0x18 inCnt=0 inSC=0 outSC=0 -> 0xe00002c2
#### AGXIOC Method sel=0x18->0x18 inCnt=0 inSC=0 outSC=0 -> 0xe00002c2
#### AGXIOC Method sel=0x18->0x18 inCnt=0 inSC=0 outSC=0 -> 0xe00002c2
#### AGXIOC Method sel=0x18->0x18 inCnt=0 inSC=0 outSC=0 -> 0xe00002c2
#### AGXIOC Method sel=0x18->0x18 inCnt=0 inSC=0 outSC=0 -> 0xe00002c2
#### AGXIOC Method sel=0x18->0x18 inCnt=0 inSC=0 outSC=0 -> 0xe00002c2
#### AGXIOC Method sel=0x18->0x18 inCnt=0 inSC=0 outSC=0 -> 0xe00002c2
#### AGXIOC Method sel=0x18->0x18 inCnt=0 inSC=0 outSC=0 -> 0xe00002c2
#### AGXIOC Method sel=0x18->0x18 inCnt=0 inSC=0 outSC=0 -> 0xe00002c2
#### AGXIOC Method sel=0x18->0x18 inCnt=0 inSC=0 outSC=0 -> 0xe00002c2
#### AGXIOC Method sel=0x18->0x18 inCnt=0 inSC=0 outSC=0 -> 0xe00002c2
#### AGXIOC Method sel=0x18->0x18 inCnt=0 inSC=0 outSC=0 -> 0xe00002c2
#### AGXIOC Method sel=0x18->0x18 inCnt=0 inSC=0 outSC=0 -> 0xe00002c2
#### AGXIOC Method sel=0x18->0x18 inCnt=0 inSC=0 outSC=0 -> 0xe00002c2
#### AGXIOC Method sel=0x18->0x18 inCnt=0 inSC=0 outSC=0 -> 0xe00002c2
#### AGXIOC Method sel=0x18->0x18 inCnt=0 inSC=0 outSC=0 -> 0xe00002c2
#### AGXIOC Method sel=0x18->0x18 inCnt=0 inSC=0 outSC=0 -> 0xe00002c2
#### AGXIOC Method sel=0x18->0x18 inCnt=0 inSC=0 outSC=0 -> 0xe00002c2
#### AGXIOC Method sel=0x18->0x18 inCnt=0 inSC=0 outSC=0 -> 0xe00002c2
#### AGXIOC Method sel=0x18->0x18 inCnt=0 inSC=0 outSC=0 -> 0xe00002c2
#### AGXIOC Method sel=0x18->0x18 inCnt=0 inSC=0 outSC=0 -> 0xe00002c2
#### AGXIOC Method sel=0x18->0x18 inCnt=0 inSC=0 outSC=0 -> 0xe00002c2
#### AGXIOC Method sel=0x18->0x18 inCnt=0 inSC=0 outSC=0 -> 0xe00002c2
[72325:0728/061706.465690:VERBOSE1:content/browser/renderer_host/media/media_stream_manager.cc:1515] MSPL::OnSuspend([this=0x6000d2ea8])
#### AGXIOC Method sel=0x18->0x18 inCnt=0 inSC=0 outSC=0 -> 0xe00002c2
[72325:0728/061707.526212:VERBOSE1:content/browser/renderer_host/media/media_stream_manager.cc:1515] MSPL::OnResume([this=0x6000d2ea8])
#### AGXIOC Method sel=0x18->0x18 inCnt=0 inSC=0 outSC=0 -> 0xe00002c2
#### AGXIOC Method sel=0xd->0xc inCnt=2 inSC=0 outSC=0 -> 0x0
#### AGXIOC Method sel=0x18->0x18 inCnt=0 inSC=0 outSC=0 -> 0xe00002c2
#### AGXIOC Method sel=0x18->0x18 inCnt=0 inSC=0 outSC=0 -> 0xe00002c2
#### AGXIOC Method sel=0x18->0x18 inCnt=0 inSC=0 outSC=0 -> 0xe00002c2
#### AGXIOC Method sel=0x18->0x18 inCnt=0 inSC=0 outSC=0 -> 0xe00002c2
#### AGXIOC Method sel=0x18->0x18 inCnt=0 inSC=0 outSC=0 -> 0xe00002c2
[72365:0728/061707.902802:VERBOSE1:net/base/network_delegate.cc:38] NetworkDelegate::NotifyBeforeURLRequest: https://webglsamples.org/aquarium/aquarium.html
#### AGXIOC Method sel=0x18->0x18 inCnt=0 inSC=0 outSC=0 -> 0xe00002c2
[72550:0728/061707.945671:VERBOSE1:extensions/renderer/dispatcher.cc:689] Num tracked contexts: 1
[72550:0728/061707.945861:VERBOSE1:extensions/renderer/dispatcher.cc:689] Num tracked contexts: 0
[72325:0728/061707.949872:VERBOSE1:content/browser/renderer_host/back_forward_cache_impl.cc:853] BackForwardCacheImpl::GetCurrentBackForwardCacheEligibility: https://webglsamples.org/aquarium/aquarium.html : No: Browsing instance is not swapped, BackForwardCache is not supported by delegate
[72325:0728/061707.949965:VERBOSE1:content/browser/renderer_host/back_forward_cache_impl.cc:853] BackForwardCacheImpl::GetCompleteBackForwardCacheEligibilityForReporting: https://webglsamples.org/aquarium/aquarium.html : No: blocklisted features: WebXR, Browsing instance is not swapped, BackForwardCache is not supported by delegate
[72550:0728/061707.951781:VERBOSE1:extensions/renderer/script_context.cc:150] Created context:
  extension id:           (none)
  frame:                  0xe02928f18
  URL:                    
  context_type:           WEB_PAGE
  effective extension id: (none)
  effective context type: WEB_PAGE
[72550:0728/061707.951881:VERBOSE1:extensions/renderer/script_context.cc:150] Created context:
  extension id:           (none)
  frame:                  (nil)
  URL:                    
  context_type:           UNSPECIFIED
  effective extension id: (none)
  effective context type: UNSPECIFIED
[72550:0728/061707.951978:VERBOSE1:extensions/renderer/dispatcher.cc:493] Num tracked contexts: 1
[72550:0728/061707.955686:VERBOSE1:extensions/renderer/script_context.cc:150] Created context:
  extension id:           (none)
  frame:                  0xe02928f18
  URL:                    
  context_type:           WEB_PAGE
  effective extension id: (none)
  effective context type: WEB_PAGE
[72550:0728/061707.955791:VERBOSE1:extensions/renderer/script_context.cc:150] Created context:
  extension id:           (none)
  frame:                  (nil)
  URL:                    
  context_type:           UNSPECIFIED
  effective extension id: (none)
  effective context type: UNSPECIFIED
[72550:0728/061707.955898:VERBOSE1:extensions/renderer/dispatcher.cc:493] Num tracked contexts: 2
[72364:0728/061707.962418:ERROR:gpu/command_buffer/service/shared_image/shared_image_manager.cc:361] SharedImageManager::ProduceOverlay: Trying to Produce a Overlay representation from a non-existent mailbox.
[72364:0728/061707.962503:ERROR:components/viz/service/display_embedder/skia_output_device_buffer_queue.cc:258] Invalid mailbox.
[91m[main 2026-07-28T13:17:07.963Z][0m [uncaught exception in main]: Refused to handle ipcMain event for channel 'vscode:b111800d-a136-4728-b9fa-e958954f4e31' because of a bad origin of 'webglsamples.org'.
Error occurred in handler for 'vscode:b111800d-a136-4728-b9fa-e958954f4e31': Invalid channel 'vscode:b111800d-a136-4728-b9fa-e958954f4e31' or sender for ipcMain.handle() usage.
[91m[main 2026-07-28T13:17:07.964Z][0m [uncaught exception in main]: Refused to handle ipcMain event for channel 'vscode:fetchShellEnv' because of a bad origin of 'webglsamples.org'.
[72550:0728/061707.964682:VERBOSE1:extensions/renderer/script_context.cc:163] Destroyed context for extension
  extension id: 
  effective extension id: 
[72550:0728/061707.964732:VERBOSE1:extensions/renderer/script_context.cc:163] Destroyed context for extension
  extension id: 
  effective extension id: 
[72550:0728/061707.964752:VERBOSE1:extensions/renderer/script_context.cc:163] Destroyed context for extension
  extension id: 
  effective extension id: 
[72550:0728/061707.964778:VERBOSE1:extensions/renderer/script_context.cc:163] Destroyed context for extension
  extension id: 
  effective extension id: 
Error occurred in handler for 'vscode:fetchShellEnv': Invalid channel 'vscode:fetchShellEnv' or sender for ipcMain.handle() usage.
[72325:0728/061707.995549:INFO:CONSOLE:4] "Uncaught (in promise) Error: Preload: unable to fetch vscode-window-config: Error: Error invoking remote method 'vscode:b111800d-a136-4728-b9fa-e958954f4e31': Invalid channel 'vscode:b111800d-a136-4728-b9fa-e958954f4e31' or sender for ipcMain.handle() usage.", source: /Applications/Visual Studio Code.app/Contents/Resources/app/out/vs/base/parts/sandbox/electron-browser/preload.js (4)
#### MTL_TEX plain DEPTH-STENCIL: pf=260 routing to native AGX path (IOSurface backing is invalid)
#### MTL_TEX plain DEPTH-STENCIL native result: 0x600f46900 class=AGXG13GFamilyTexture
[72365:0728/061708.045222:VERBOSE1:net/base/network_delegate.cc:38] NetworkDelegate::NotifyBeforeURLRequest: https://webglsamples.org/aquarium/assets/PropPlacement.js
[72365:0728/061708.045822:VERBOSE1:net/base/network_delegate.cc:38] NetworkDelegate::NotifyBeforeURLRequest: https://webglsamples.org/aquarium/assets/SmallFishA.js
[72365:0728/061708.046085:VERBOSE1:net/base/network_delegate.cc:38] NetworkDelegate::NotifyBeforeURLRequest: https://webglsamples.org/aquarium/assets/MediumFishA.js
[72365:0728/061708.046244:VERBOSE1:net/base/network_delegate.cc:38] NetworkDelegate::NotifyBeforeURLRequest: https://webglsamples.org/aquarium/assets/MediumFishB.js
[72365:0728/061708.046380:VERBOSE1:net/base/network_delegate.cc:38] NetworkDelegate::NotifyBeforeURLRequest: https://webglsamples.org/aquarium/assets/BigFishA.js
[72365:0728/061708.046510:VERBOSE1:net/base/network_delegate.cc:38] NetworkDelegate::NotifyBeforeURLRequest: https://webglsamples.org/aquarium/assets/BigFishB.js
[72365:0728/061708.046750:VERBOSE1:net/base/network_delegate.cc:38] NetworkDelegate::NotifyBeforeURLRequest: https://webglsamples.org/aquarium/assets/Arch.js
[72365:0728/061708.047127:VERBOSE1:net/base/network_delegate.cc:38] NetworkDelegate::NotifyBeforeURLRequest: https://webglsamples.org/aquarium/assets/Coral.js
[72365:0728/061708.047426:VERBOSE1:net/base/network_delegate.cc:38] NetworkDelegate::NotifyBeforeURLRequest: https://webglsamples.org/aquarium/assets/CoralStoneA.js
[72365:0728/061708.047594:VERBOSE1:net/base/network_delegate.cc:38] NetworkDelegate::NotifyBeforeURLRequest: https://webglsamples.org/aquarium/assets/CoralStoneB.js
[72365:0728/061708.047825:VERBOSE1:net/base/network_delegate.cc:38] NetworkDelegate::NotifyBeforeURLRequest: https://webglsamples.org/aquarium/assets/EnvironmentBox.js
[72365:0728/061708.048173:VERBOSE1:net/base/network_delegate.cc:38] NetworkDelegate::NotifyBeforeURLRequest: https://webglsamples.org/aquarium/assets/FloorBase_Baked.js
[72365:0728/061708.048385:VERBOSE1:net/base/network_delegate.cc:38] NetworkDelegate::NotifyBeforeURLRequest: https://webglsamples.org/aquarium/assets/FloorCenter.js
[72365:0728/061708.048789:VERBOSE1:net/base/network_delegate.cc:38] NetworkDelegate::NotifyBeforeURLRequest: https://webglsamples.org/aquarium/assets/GlobeBase.js
[72365:0728/061708.049017:VERBOSE1:net/base/network_delegate.cc:38] NetworkDelegate::NotifyBeforeURLRequest: https://webglsamples.org/aquarium/assets/GlobeInner.js
[72365:0728/061708.049199:VERBOSE1:net/base/network_delegate.cc:38] NetworkDelegate::NotifyBeforeURLRequest: https://webglsamples.org/aquarium/assets/GlobeOuter.js
[72365:0728/061708.049370:VERBOSE1:net/base/network_delegate.cc:38] NetworkDelegate::NotifyBeforeURLRequest: https://webglsamples.org/aquarium/assets/RockA.js
[72325:0728/061708.049515:INFO:CONSOLE:55] "--Setup Laser----------------------------------------", source: https://webglsamples.org/tdl/log.js (55)
[72365:0728/061708.049535:VERBOSE1:net/base/network_delegate.cc:38] NetworkDelegate::NotifyBeforeURLRequest: https://webglsamples.org/aquarium/assets/RockB.js
[72365:0728/061708.049722:VERBOSE1:net/base/network_delegate.cc:38] NetworkDelegate::NotifyBeforeURLRequest: https://webglsamples.org/aquarium/assets/RockC.js
[72365:0728/061708.050118:VERBOSE1:net/base/network_delegate.cc:38] NetworkDelegate::NotifyBeforeURLRequest: https://webglsamples.org/aquarium/assets/RuinColumn.js
[72365:0728/061708.050296:VERBOSE1:net/base/network_delegate.cc:38] NetworkDelegate::NotifyBeforeURLRequest: https://webglsamples.org/aquarium/assets/Skybox.js
[72365:0728/061708.050462:VERBOSE1:net/base/network_delegate.cc:38] NetworkDelegate::NotifyBeforeURLRequest: https://webglsamples.org/aquarium/assets/Stone.js
[72365:0728/061708.050694:VERBOSE1:net/base/network_delegate.cc:38] NetworkDelegate::NotifyBeforeURLRequest: https://webglsamples.org/aquarium/assets/Stones.js
[72365:0728/061708.050984:VERBOSE1:net/base/network_delegate.cc:38] NetworkDelegate::NotifyBeforeURLRequest: https://webglsamples.org/aquarium/assets/SunknShip.js
[72365:0728/061708.051254:VERBOSE1:net/base/network_delegate.cc:38] NetworkDelegate::NotifyBeforeURLRequest: https://webglsamples.org/aquarium/assets/SunknSub.js
[72365:0728/061708.051454:VERBOSE1:net/base/network_delegate.cc:38] NetworkDelegate::NotifyBeforeURLRequest: https://webglsamples.org/aquarium/assets/SupportBeams.js
[72365:0728/061708.051633:VERBOSE1:net/base/network_delegate.cc:38] NetworkDelegate::NotifyBeforeURLRequest: https://webglsamples.org/aquarium/assets/SeaweedA.js
[72365:0728/061708.051819:VERBOSE1:net/base/network_delegate.cc:38] NetworkDelegate::NotifyBeforeURLRequest: https://webglsamples.org/aquarium/assets/SeaweedB.js
[72365:0728/061708.051990:VERBOSE1:net/base/network_delegate.cc:38] NetworkDelegate::NotifyBeforeURLRequest: https://webglsamples.org/aquarium/assets/TreasureChest.js
[72325:0728/061708.097694:INFO:CONSOLE:55] "--Draw Fish---------------------------------------", source: https://webglsamples.org/tdl/log.js (55)
#### AGXIOC Method sel=0x18->0x18 inCnt=0 inSC=0 outSC=0 -> 0xe00002c2
#### AGX_LIFE DESTROY id=0xb8 type=0 surf=0 bytes=0x4000 kr=0 okC=1216 failC=0 okD=1000 failD=0 unmatchedD=0 full=0 live=216/48MB [t0=166/18MB t80=0/0MB t82=50/29MB]
[72325:0728/061708.119117:INFO:CONSOLE:55] "assets/SmallFishA.js: custom", source: https://webglsamples.org/tdl/log.js (55)
[72325:0728/061708.125532:INFO:CONSOLE:55] "assets/MediumFishA.js: custom", source: https://webglsamples.org/tdl/log.js (55)
[72325:0728/061708.143123:INFO:CONSOLE:55] "assets/MediumFishB.js: custom", source: https://webglsamples.org/tdl/log.js (55)
[72325:0728/061708.147708:INFO:CONSOLE:55] "assets/BigFishA.js: custom", source: https://webglsamples.org/tdl/log.js (55)
[72325:0728/061708.152862:INFO:CONSOLE:55] "assets/BigFishB.js: custom", source: https://webglsamples.org/tdl/log.js (55)
#### AGX_LIFE CREATE id=0xd0 type=0 surf=0 bytes=0x4000 kr=0 okC=1250 failC=0 okD=1004 failD=0 unmatchedD=0 full=0 live=246/44MB [t0=196/18MB t80=0/0MB t82=50/25MB]
[72325:0728/061708.163456:INFO:CONSOLE:55] "assets/Arch.js: normalMap", source: https://webglsamples.org/tdl/log.js (55)
[72325:0728/061708.164800:INFO:CONSOLE:55] "assets/Coral.js: normalMap", source: https://webglsamples.org/tdl/log.js (55)
[72325:0728/061708.165993:INFO:CONSOLE:55] "assets/CoralStoneA.js: normalMap", source: https://webglsamples.org/tdl/log.js (55)
[72325:0728/061708.166829:INFO:CONSOLE:55] "assets/CoralStoneB.js: normalMap", source: https://webglsamples.org/tdl/log.js (55)
[72325:0728/061708.176004:INFO:CONSOLE:55] "assets/EnvironmentBox.js: custom", source: https://webglsamples.org/tdl/log.js (55)
[72325:0728/061708.176484:INFO:CONSOLE:55] "assets/EnvironmentBox.js: custom", source: https://webglsamples.org/tdl/log.js (55)
[72325:0728/061708.176702:INFO:CONSOLE:55] "assets/EnvironmentBox.js: custom", source: https://webglsamples.org/tdl/log.js (55)
[72325:0728/061708.176927:INFO:CONSOLE:55] "assets/EnvironmentBox.js: custom", source: https://webglsamples.org/tdl/log.js (55)
[72325:0728/061708.177203:INFO:CONSOLE:55] "assets/EnvironmentBox.js: custom", source: https://webglsamples.org/tdl/log.js (55)
[72325:0728/061708.192833:INFO:CONSOLE:55] "assets/EnvironmentBox.js: custom", source: https://webglsamples.org/tdl/log.js (55)
[72325:0728/061708.204416:INFO:CONSOLE:55] "assets/FloorBase_Baked.js: normalMap", source: https://webglsamples.org/tdl/log.js (55)
#### AGXIOC Method sel=0x18->0x18 inCnt=0 inSC=0 outSC=0 -> 0xe00002c2
[72325:0728/061708.245853:INFO:CONSOLE:55] "assets/FloorCenter.js: diffuse", source: https://webglsamples.org/tdl/log.js (55)
[72325:0728/061708.247956:INFO:CONSOLE:55] "assets/GlobeBase.js: custom", source: https://webglsamples.org/tdl/log.js (55)
[72325:0728/061708.257858:INFO:CONSOLE:55] "assets/GlobeInner.js: custom", source: https://webglsamples.org/tdl/log.js (55)
[72325:0728/061708.265392:INFO:CONSOLE:55] "assets/GlobeOuter.js: custom", source: https://webglsamples.org/tdl/log.js (55)
[72325:0728/061708.267160:INFO:CONSOLE:55] "assets/RockA.js: normalMap", source: https://webglsamples.org/tdl/log.js (55)
[72325:0728/061708.268949:INFO:CONSOLE:55] "assets/RockB.js: normalMap", source: https://webglsamples.org/tdl/log.js (55)
[72325:0728/061708.269902:INFO:CONSOLE:55] "assets/RockC.js: normalMap", source: https://webglsamples.org/tdl/log.js (55)
[72325:0728/061708.271634:INFO:CONSOLE:55] "assets/RuinColumn.js: normalMap", source: https://webglsamples.org/tdl/log.js (55)
[72325:0728/061708.272614:INFO:CONSOLE:55] "assets/Skybox.js: custom", source: https://webglsamples.org/tdl/log.js (55)
[72325:0728/061708.274123:INFO:CONSOLE:55] "assets/Stone.js: normalMap", source: https://webglsamples.org/tdl/log.js (55)
[72325:0728/061708.275297:INFO:CONSOLE:55] "assets/Stones.js: normalMap", source: https://webglsamples.org/tdl/log.js (55)
[72325:0728/061708.277698:INFO:CONSOLE:55] "assets/SunknShip.js: normalMap", source: https://webglsamples.org/tdl/log.js (55)
[72325:0728/061708.293164:INFO:CONSOLE:55] "assets/SunknShip.js: normalMap", source: https://webglsamples.org/tdl/log.js (55)
[72325:0728/061708.293824:INFO:CONSOLE:55] "assets/SunknShip.js: normalMap", source: https://webglsamples.org/tdl/log.js (55)
[72325:0728/061708.296698:INFO:CONSOLE:55] "assets/SunknSub.js: normalMap", source: https://webglsamples.org/tdl/log.js (55)
[72325:0728/061708.297352:INFO:CONSOLE:55] "assets/SunknSub.js: normalMap", source: https://webglsamples.org/tdl/log.js (55)
[72325:0728/061708.298761:INFO:CONSOLE:55] "assets/SupportBeams.js: diffuse", source: https://webglsamples.org/tdl/log.js (55)
[72325:0728/061708.311540:INFO:CONSOLE:55] "assets/SeaweedA.js: custom", source: https://webglsamples.org/tdl/log.js (55)
[72325:0728/061708.312235:INFO:CONSOLE:55] "assets/SeaweedB.js: custom", source: https://webglsamples.org/tdl/log.js (55)
#### AGX_LIFE CREATE id=0x1c1 type=0 surf=0 bytes=0x4000 kr=0 okC=1500 failC=0 okD=1051 failD=0 unmatchedD=0 full=0 live=449/53MB [t0=397/22MB t80=0/0MB t82=52/30MB]
[72325:0728/061708.313114:INFO:CONSOLE:55] "assets/TreasureChest.js: normalMap", source: https://webglsamples.org/tdl/log.js (55)
[72325:0728/061708.320471:INFO:CONSOLE:55] "loaded image: assets/GlobeOuter_EM_positive_x.jpg", source: https://webglsamples.org/tdl/log.js (55)
[72325:0728/061708.320635:INFO:CONSOLE:55] "loaded image: assets/GlobeOuter_EM_negative_x.jpg", source: https://webglsamples.org/tdl/log.js (55)
[72325:0728/061708.320814:INFO:CONSOLE:55] "loaded image: assets/GlobeOuter_EM_positive_y.jpg", source: https://webglsamples.org/tdl/log.js (55)
#### MTL_TEX plain NON-2D: texType=5 → downgrading to 2D (IOSurface backing is 2D-only; native AGXTexture init's cascade returns a corrupt non-2D texture that SIGSEGVs in setFragmentTexture). The result is a real bindable 2D AGXG13GFamilyTexture; CA's placeholder bind needs a non-nil tex but doesn't actually sample it.
[72325:0728/061708.321008:INFO:CONSOLE:55] "loaded image: assets/GlobeOuter_EM_negative_y.jpg", source: https://webglsamples.org/tdl/log.js (55)
[72325:0728/061708.321120:INFO:CONSOLE:55] "loaded image: assets/GlobeOuter_EM_positive_z.jpg", source: https://webglsamples.org/tdl/log.js (55)
[72325:0728/061708.321350:INFO:CONSOLE:55] "loaded image: assets/GlobeOuter_EM_negative_z.jpg", source: https://webglsamples.org/tdl/log.js (55)
#### AGXIOC Method sel=0x1e->0x1a inCnt=4 inSC=56 outSC=0 -> 0x0
#### AGXIOC Method sel=0x18->0x18 inCnt=0 inSC=0 outSC=0 -> 0xe00002c2
#### MTL_TEX plain NON-2D: texType=5 → downgrading to 2D (IOSurface backing is 2D-only; native AGXTexture init's cascade returns a corrupt non-2D texture that SIGSEGVs in setFragmentTexture). The result is a real bindable 2D AGXG13GFamilyTexture; CA's placeholder bind needs a non-nil tex but doesn't actually sample it.
#### AGXIOC Method sel=0x18->0x18 inCnt=0 inSC=0 outSC=0 -> 0xe00002c2
#### AGXIOC Method sel=0x18->0x18 inCnt=0 inSC=0 outSC=0 -> 0xe00002c2
#### AGXIOC Method sel=0x18->0x18 inCnt=0 inSC=0 outSC=0 -> 0xe00002c2
#### AGXIOC Method sel=0x18->0x18 inCnt=0 inSC=0 outSC=0 -> 0xe00002c2
#### AGXIOC Method sel=0x18->0x18 inCnt=0 inSC=0 outSC=0 -> 0xe00002c2
#### AGXIOC Method sel=0x18->0x18 inCnt=0 inSC=0 outSC=0 -> 0xe00002c2
#### AGXIOC Method sel=0x18->0x18 inCnt=0 inSC=0 outSC=0 -> 0xe00002c2
#### AGXIOC Method sel=0x18->0x18 inCnt=0 inSC=0 outSC=0 -> 0xe00002c2
#### AGXIOC Method sel=0x18->0x18 inCnt=0 inSC=0 outSC=0 -> 0xe00002c2
#### AGXIOC Method sel=0x18->0x18 inCnt=0 inSC=0 outSC=0 -> 0xe00002c2
#### AGXIOC Method sel=0x18->0x18 inCnt=0 inSC=0 outSC=0 -> 0xe00002c2
[72365:0728/061709.306749:VERBOSE1:net/base/network_delegate.cc:38] NetworkDelegate::NotifyBeforeURLRequest: https://mobile.events.data.microsoft.com/OneCollector/1.0?cors=true&content-type=application/x-json-stream
#### AGXIOC Method sel=0x18->0x18 inCnt=0 inSC=0 outSC=0 -> 0xe00002c2
#### AGXIOC Method sel=0x18->0x18 inCnt=0 inSC=0 outSC=0 -> 0xe00002c2
#### AGXIOC Method sel=0x18->0x18 inCnt=0 inSC=0 outSC=0 -> 0xe00002c2
#### AGXIOC Method sel=0x18->0x18 inCnt=0 inSC=0 outSC=0 -> 0xe00002c2
#### AGXIOC Method sel=0x18->0x18 inCnt=0 inSC=0 outSC=0 -> 0xe00002c2
#### AGXIOC Method sel=0x18->0x18 inCnt=0 inSC=0 outSC=0 -> 0xe00002c2
#### AGXIOC Method sel=0x18->0x18 inCnt=0 inSC=0 outSC=0 -> 0xe00002c2
#### AGXIOC Method sel=0x18->0x18 inCnt=0 inSC=0 outSC=0 -> 0xe00002c2
#### AGXIOC Method sel=0x18->0x18 inCnt=0 inSC=0 outSC=0 -> 0xe00002c2
#### AGXIOC Method sel=0x18->0x18 inCnt=0 inSC=0 outSC=0 -> 0xe00002c2
#### AGXIOC Method sel=0x18->0x18 inCnt=0 inSC=0 outSC=0 -> 0xe00002c2
#### AGXIOC Method sel=0x18->0x18 inCnt=0 inSC=0 outSC=0 -> 0xe00002c2
#### AGXIOC Method sel=0x18->0x18 inCnt=0 inSC=0 outSC=0 -> 0xe00002c2
#### AGXIOC Method sel=0x18->0x18 inCnt=0 inSC=0 outSC=0 -> 0xe00002c2
#### AGXIOC Method sel=0x18->0x18 inCnt=0 inSC=0 outSC=0 -> 0xe00002c2
#### AGXIOC Method sel=0x18->0x18 inCnt=0 inSC=0 outSC=0 -> 0xe00002c2
#### AGXIOC Method sel=0x18->0x18 inCnt=0 inSC=0 outSC=0 -> 0xe00002c2
#### AGXIOC Method sel=0x18->0x18 inCnt=0 inSC=0 outSC=0 -> 0xe00002c2
#### AGXIOC Method sel=0x18->0x18 inCnt=0 inSC=0 outSC=0 -> 0xe00002c2
#### AGXIOC Method sel=0x18->0x18 inCnt=0 inSC=0 outSC=0 -> 0xe00002c2
#### AGXIOC Method sel=0x18->0x18 inCnt=0 inSC=0 outSC=0 -> 0xe00002c2
#### AGXIOC Method sel=0x18->0x18 inCnt=0 inSC=0 outSC=0 -> 0xe00002c2
#### AGXIOC Method sel=0x18->0x18 inCnt=0 inSC=0 outSC=0 -> 0xe00002c2
#### AGXIOC Method sel=0x18->0x18 inCnt=0 inSC=0 outSC=0 -> 0xe00002c2
#### AGXIOC Method sel=0x18->0x18 inCnt=0 inSC=0 outSC=0 -> 0xe00002c2
#### AGXIOC Method sel=0x18->0x18 inCnt=0 inSC=0 outSC=0 -> 0xe00002c2
#### AGXIOC Method sel=0x18->0x18 inCnt=0 inSC=0 outSC=0 -> 0xe00002c2
#### AGXIOC Method sel=0x18->0x18 inCnt=0 inSC=0 outSC=0 -> 0xe00002c2
#### AGXIOC Method sel=0x18->0x18 inCnt=0 inSC=0 outSC=0 -> 0xe00002c2
#### AGXIOC Method sel=0x18->0x18 inCnt=0 inSC=0 outSC=0 -> 0xe00002c2
#### AGXIOC Method sel=0x18->0x18 inCnt=0 inSC=0 outSC=0 -> 0xe00002c2
#### AGXIOC Method sel=0x18->0x18 inCnt=0 inSC=0 outSC=0 -> 0xe00002c2
#### AGXIOC Method sel=0x18->0x18 inCnt=0 inSC=0 outSC=0 -> 0xe00002c2
#### AGXIOC Method sel=0x18->0x18 inCnt=0 inSC=0 outSC=0 -> 0xe00002c2
#### AGXIOC Method sel=0x18->0x18 inCnt=0 inSC=0 outSC=0 -> 0xe00002c2
#### AGXIOC Method sel=0x18->0x18 inCnt=0 inSC=0 outSC=0 -> 0xe00002c2
#### AGXIOC Method sel=0x18->0x18 inCnt=0 inSC=0 outSC=0 -> 0xe00002c2
[72325:0728/061711.723383:VERBOSE1:content/browser/renderer_host/media/media_stream_manager.cc:1515] MSPL::OnSuspend([this=0x6000d2ea8])
#### AGXIOC Method sel=0x18->0x18 inCnt=0 inSC=0 outSC=0 -> 0xe00002c2
[72325:0728/061712.779407:VERBOSE1:content/browser/renderer_host/media/media_stream_manager.cc:1515] MSPL::OnResume([this=0x6000d2ea8])
#### AGXIOC Method sel=0x18->0x18 inCnt=0 inSC=0 outSC=0 -> 0xe00002c2
#### AGXIOC Method sel=0x18->0x18 inCnt=0 inSC=0 outSC=0 -> 0xe00002c2
#### AGXIOC Method sel=0x18->0x18 inCnt=0 inSC=0 outSC=0 -> 0xe00002c2
#### AGXIOC Method sel=0x18->0x18 inCnt=0 inSC=0 outSC=0 -> 0xe00002c2
#### AGXIOC Method sel=0x18->0x18 inCnt=0 inSC=0 outSC=0 -> 0xe00002c2
#### AGXIOC Method sel=0x18->0x18 inCnt=0 inSC=0 outSC=0 -> 0xe00002c2
#### AGXIOC Method sel=0x18->0x18 inCnt=0 inSC=0 outSC=0 -> 0xe00002c2
#### AGXIOC Method sel=0x18->0x18 inCnt=0 inSC=0 outSC=0 -> 0xe00002c2
#### AGXIOC Method sel=0x18->0x18 inCnt=0 inSC=0 outSC=0 -> 0xe00002c2
#### AGXIOC Method sel=0x18->0x18 inCnt=0 inSC=0 outSC=0 -> 0xe00002c2
#### AGXIOC Method sel=0x18->0x18 inCnt=0 inSC=0 outSC=0 -> 0xe00002c2
#### AGXIOC Method sel=0x18->0x18 inCnt=0 inSC=0 outSC=0 -> 0xe00002c2
#### AGXIOC Method sel=0x18->0x18 inCnt=0 inSC=0 outSC=0 -> 0xe00002c2
#### AGXIOC Method sel=0x18->0x18 inCnt=0 inSC=0 outSC=0 -> 0xe00002c2
#### AGXIOC Method sel=0x18->0x18 inCnt=0 inSC=0 outSC=0 -> 0xe00002c2
#### AGXIOC Method sel=0x18->0x18 inCnt=0 inSC=0 outSC=0 -> 0xe00002c2
#### AGXIOC Method sel=0x18->0x18 inCnt=0 inSC=0 outSC=0 -> 0xe00002c2
#### AGXIOC Method sel=0x18->0x18 inCnt=0 inSC=0 outSC=0 -> 0xe00002c2
#### AGXIOC Method sel=0x18->0x18 inCnt=0 inSC=0 outSC=0 -> 0xe00002c2
#### AGXIOC Method sel=0x18->0x18 inCnt=0 inSC=0 outSC=0 -> 0xe00002c2
#### AGXIOC Method sel=0x18->0x18 inCnt=0 inSC=0 outSC=0 -> 0xe00002c2
#### AGXIOC Method sel=0x18->0x18 inCnt=0 inSC=0 outSC=0 -> 0xe00002c2
#### AGXIOC Method sel=0x18->0x18 inCnt=0 inSC=0 outSC=0 -> 0xe00002c2
#### AGXIOC Method sel=0x18->0x18 inCnt=0 inSC=0 outSC=0 -> 0xe00002c2
#### AGXIOC Method sel=0x18->0x18 inCnt=0 inSC=0 outSC=0 -> 0xe00002c2
[72365:0728/061714.575979:VERBOSE1:net/base/network_delegate.cc:38] NetworkDelegate::NotifyBeforeURLRequest: https://mobile.events.data.microsoft.com/OneCollector/1.0?cors=true&content-type=application/x-json-stream
#### AGXIOC Method sel=0x18->0x18 inCnt=0 inSC=0 outSC=0 -> 0xe00002c2
#### AGXIOC Method sel=0x18->0x18 inCnt=0 inSC=0 outSC=0 -> 0xe00002c2
#### AGXIOC Method sel=0x18->0x18 inCnt=0 inSC=0 outSC=0 -> 0xe00002c2
#### AGXIOC Method sel=0x18->0x18 inCnt=0 inSC=0 outSC=0 -> 0xe00002c2
#### AGXIOC Method sel=0x18->0x18 inCnt=0 inSC=0 outSC=0 -> 0xe00002c2
#### AGXIOC Method sel=0x18->0x18 inCnt=0 inSC=0 outSC=0 -> 0xe00002c2
#### AGXIOC Method sel=0x18->0x18 inCnt=0 inSC=0 outSC=0 -> 0xe00002c2
#### AGXIOC Method sel=0x18->0x18 inCnt=0 inSC=0 outSC=0 -> 0xe00002c2
#### AGXIOC Method sel=0x18->0x18 inCnt=0 inSC=0 outSC=0 -> 0xe00002c2
#### AGXIOC Method sel=0x18->0x18 inCnt=0 inSC=0 outSC=0 -> 0xe00002c2
#### AGXIOC Method sel=0x18->0x18 inCnt=0 inSC=0 outSC=0 -> 0xe00002c2
#### AGXIOC Method sel=0x18->0x18 inCnt=0 inSC=0 outSC=0 -> 0xe00002c2
#### AGXIOC Method sel=0x18->0x18 inCnt=0 inSC=0 outSC=0 -> 0xe00002c2
#### AGXIOC Method sel=0x18->0x18 inCnt=0 inSC=0 outSC=0 -> 0xe00002c2
#### AGXIOC Method sel=0x18->0x18 inCnt=0 inSC=0 outSC=0 -> 0xe00002c2
#### AGXIOC Method sel=0x18->0x18 inCnt=0 inSC=0 outSC=0 -> 0xe00002c2
#### AGXIOC Method sel=0x18->0x18 inCnt=0 inSC=0 outSC=0 -> 0xe00002c2
#### AGXIOC Method sel=0x18->0x18 inCnt=0 inSC=0 outSC=0 -> 0xe00002c2
#### AGXIOC Method sel=0x18->0x18 inCnt=0 inSC=0 outSC=0 -> 0xe00002c2
#### AGXIOC Method sel=0x18->0x18 inCnt=0 inSC=0 outSC=0 -> 0xe00002c2
#### AGXIOC Method sel=0x18->0x18 inCnt=0 inSC=0 outSC=0 -> 0xe00002c2
#### AGXIOC Method sel=0x18->0x18 inCnt=0 inSC=0 outSC=0 -> 0xe00002c2
#### AGXIOC Method sel=0x18->0x18 inCnt=0 inSC=0 outSC=0 -> 0xe00002c2
#### AGXIOC Method sel=0x18->0x18 inCnt=0 inSC=0 outSC=0 -> 0xe00002c2
#### AGXIOC Method sel=0x18->0x18 inCnt=0 inSC=0 outSC=0 -> 0xe00002c2
#### AGXIOC Method sel=0x18->0x18 inCnt=0 inSC=0 outSC=0 -> 0xe00002c2
#### AGXIOC Method sel=0x18->0x18 inCnt=0 inSC=0 outSC=0 -> 0xe00002c2
#### AGXIOC Method sel=0x18->0x18 inCnt=0 inSC=0 outSC=0 -> 0xe00002c2
#### AGXIOC Method sel=0x18->0x18 inCnt=0 inSC=0 outSC=0 -> 0xe00002c2
#### AGXIOC Method sel=0x18->0x18 inCnt=0 inSC=0 outSC=0 -> 0xe00002c2
#### AGXIOC Method sel=0x18->0x18 inCnt=0 inSC=0 outSC=0 -> 0xe00002c2
#### AGXIOC Method sel=0x18->0x18 inCnt=0 inSC=0 outSC=0 -> 0xe00002c2
#### AGXIOC Method sel=0x18->0x18 inCnt=0 inSC=0 outSC=0 -> 0xe00002c2
#### AGXIOC Method sel=0x18->0x18 inCnt=0 inSC=0 outSC=0 -> 0xe00002c2
#### AGXIOC Method sel=0x18->0x18 inCnt=0 inSC=0 outSC=0 -> 0xe00002c2
#### AGXIOC Method sel=0x18->0x18 inCnt=0 inSC=0 outSC=0 -> 0xe00002c2
[72325:0728/061716.983446:VERBOSE1:content/browser/renderer_host/media/media_stream_manager.cc:1515] MSPL::OnSuspend([this=0x6000d2ea8])
#### AGXIOC Method sel=0x18->0x18 inCnt=0 inSC=0 outSC=0 -> 0xe00002c2
[72325:0728/061718.030888:VERBOSE1:content/browser/renderer_host/media/media_stream_manager.cc:1515] MSPL::OnResume([this=0x6000d2ea8])
#### AGXIOC Method sel=0x18->0x18 inCnt=0 inSC=0 outSC=0 -> 0xe00002c2
#### AGXIOC Method sel=0x18->0x18 inCnt=0 inSC=0 outSC=0 -> 0xe00002c2
#### AGXIOC Method sel=0x18->0x18 inCnt=0 inSC=0 outSC=0 -> 0xe00002c2
#### AGXIOC Method sel=0x18->0x18 inCnt=0 inSC=0 outSC=0 -> 0xe00002c2
#### AGXIOC Method sel=0x18->0x18 inCnt=0 inSC=0 outSC=0 -> 0xe00002c2
#### AGXIOC Method sel=0x18->0x18 inCnt=0 inSC=0 outSC=0 -> 0xe00002c2
#### AGXIOC Method sel=0x18->0x18 inCnt=0 inSC=0 outSC=0 -> 0xe00002c2
#### AGXIOC Method sel=0x18->0x18 inCnt=0 inSC=0 outSC=0 -> 0xe00002c2
#### AGXIOC Method sel=0x18->0x18 inCnt=0 inSC=0 outSC=0 -> 0xe00002c2
#### AGXIOC Method sel=0x18->0x18 inCnt=0 inSC=0 outSC=0 -> 0xe00002c2
#### AGXIOC Method sel=0x18->0x18 inCnt=0 inSC=0 outSC=0 -> 0xe00002c2
#### AGXIOC Method sel=0x18->0x18 inCnt=0 inSC=0 outSC=0 -> 0xe00002c2
#### AGXIOC Method sel=0x18->0x18 inCnt=0 inSC=0 outSC=0 -> 0xe00002c2
#### AGXIOC Method sel=0x18->0x18 inCnt=0 inSC=0 outSC=0 -> 0xe00002c2
#### AGXIOC Method sel=0x18->0x18 inCnt=0 inSC=0 outSC=0 -> 0xe00002c2
#### AGXIOC Method sel=0x18->0x18 inCnt=0 inSC=0 outSC=0 -> 0xe00002c2
#### AGXIOC Method sel=0x18->0x18 inCnt=0 inSC=0 outSC=0 -> 0xe00002c2
#### AGXIOC Method sel=0x18->0x18 inCnt=0 inSC=0 outSC=0 -> 0xe00002c2
#### AGXIOC Method sel=0x18->0x18 inCnt=0 inSC=0 outSC=0 -> 0xe00002c2
#### AGXIOC Method sel=0x18->0x18 inCnt=0 inSC=0 outSC=0 -> 0xe00002c2
#### AGXIOC Method sel=0x18->0x18 inCnt=0 inSC=0 outSC=0 -> 0xe00002c2
#### AGXIOC Method sel=0x18->0x18 inCnt=0 inSC=0 outSC=0 -> 0xe00002c2
#### AGXIOC Method sel=0x18->0x18 inCnt=0 inSC=0 outSC=0 -> 0xe00002c2
#### AGXIOC Method sel=0x18->0x18 inCnt=0 inSC=0 outSC=0 -> 0xe00002c2
#### AGXIOC Method sel=0x18->0x18 inCnt=0 inSC=0 outSC=0 -> 0xe00002c2
#### AGXIOC Method sel=0x18->0x18 inCnt=0 inSC=0 outSC=0 -> 0xe00002c2
#### AGXIOC Method sel=0x18->0x18 inCnt=0 inSC=0 outSC=0 -> 0xe00002c2
#### MACWS-NEW-EVENT #2000 original=nil sharedEvent=0x60123aa00 class=_MTLSharedEvent device=0x600282000 deviceClass=AGXG13GFamilyDevice
#### AGXIOC Method sel=0x18->0x18 inCnt=0 inSC=0 outSC=0 -> 0xe00002c2
[72365:0728/061719.815236:VERBOSE1:net/base/network_delegate.cc:38] NetworkDelegate::NotifyBeforeURLRequest: https://mobile.events.data.microsoft.com/OneCollector/1.0?cors=true&content-type=application/x-json-stream
#### AGXIOC Method sel=0x18->0x18 inCnt=0 inSC=0 outSC=0 -> 0xe00002c2
[72365:0728/061719.917291:VERBOSE1:net/base/network_delegate.cc:38] NetworkDelegate::NotifyBeforeURLRequest: https://mobile.events.data.microsoft.com/OneCollector/1.0?cors=true&content-type=application/x-json-stream
#### AGXIOC Method sel=0x18->0x18 inCnt=0 inSC=0 outSC=0 -> 0xe00002c2
#### AGXIOC Method sel=0x18->0x18 inCnt=0 inSC=0 outSC=0 -> 0xe00002c2
#### AGXIOC Method sel=0x18->0x18 inCnt=0 inSC=0 outSC=0 -> 0xe00002c2
#### AGXIOC Method sel=0x18->0x18 inCnt=0 inSC=0 outSC=0 -> 0xe00002c2
#### AGXIOC Method sel=0x18->0x18 inCnt=0 inSC=0 outSC=0 -> 0xe00002c2
#### AGXIOC Method sel=0x18->0x18 inCnt=0 inSC=0 outSC=0 -> 0xe00002c2
#### AGXIOC Method sel=0x18->0x18 inCnt=0 inSC=0 outSC=0 -> 0xe00002c2
#### AGXIOC Method sel=0x18->0x18 inCnt=0 inSC=0 outSC=0 -> 0xe00002c2
#### AGXIOC Method sel=0x18->0x18 inCnt=0 inSC=0 outSC=0 -> 0xe00002c2
#### AGXIOC Method sel=0x18->0x18 inCnt=0 inSC=0 outSC=0 -> 0xe00002c2
#### AGXIOC Method sel=0x18->0x18 inCnt=0 inSC=0 outSC=0 -> 0xe00002c2
#### AGXIOC Method sel=0x18->0x18 inCnt=0 inSC=0 outSC=0 -> 0xe00002c2
#### AGXIOC Method sel=0x18->0x18 inCnt=0 inSC=0 outSC=0 -> 0xe00002c2
#### AGXIOC Method sel=0x18->0x18 inCnt=0 inSC=0 outSC=0 -> 0xe00002c2
#### AGXIOC Method sel=0x18->0x18 inCnt=0 inSC=0 outSC=0 -> 0xe00002c2
#### AGXIOC Method sel=0x18->0x18 inCnt=0 inSC=0 outSC=0 -> 0xe00002c2
#### AGXIOC Method sel=0x18->0x18 inCnt=0 inSC=0 outSC=0 -> 0xe00002c2
#### AGXIOC Method sel=0x18->0x18 inCnt=0 inSC=0 outSC=0 -> 0xe00002c2
#### AGXIOC Method sel=0x18->0x18 inCnt=0 inSC=0 outSC=0 -> 0xe00002c2
#### AGXIOC Method sel=0x18->0x18 inCnt=0 inSC=0 outSC=0 -> 0xe00002c2
#### AGXIOC Method sel=0x18->0x18 inCnt=0 inSC=0 outSC=0 -> 0xe00002c2
#### AGXIOC Method sel=0x18->0x18 inCnt=0 inSC=0 outSC=0 -> 0xe00002c2
#### AGXIOC Method sel=0x18->0x18 inCnt=0 inSC=0 outSC=0 -> 0xe00002c2
#### AGXIOC Method sel=0x18->0x18 inCnt=0 inSC=0 outSC=0 -> 0xe00002c2
#### AGXIOC Method sel=0x18->0x18 inCnt=0 inSC=0 outSC=0 -> 0xe00002c2
#### AGXIOC Method sel=0x18->0x18 inCnt=0 inSC=0 outSC=0 -> 0xe00002c2
#### AGXIOC Method sel=0x18->0x18 inCnt=0 inSC=0 outSC=0 -> 0xe00002c2
#### AGXIOC Method sel=0x18->0x18 inCnt=0 inSC=0 outSC=0 -> 0xe00002c2
#### AGXIOC Method sel=0x18->0x18 inCnt=0 inSC=0 outSC=0 -> 0xe00002c2
#### AGXIOC Method sel=0x18->0x18 inCnt=0 inSC=0 outSC=0 -> 0xe00002c2
#### AGXIOC Method sel=0x18->0x18 inCnt=0 inSC=0 outSC=0 -> 0xe00002c2
[72325:0728/061722.237190:VERBOSE1:content/browser/renderer_host/media/media_stream_manager.cc:1515] MSPL::OnSuspend([this=0x6000d2ea8])
#### AGXIOC Method sel=0x18->0x18 inCnt=0 inSC=0 outSC=0 -> 0xe00002c2
[72325:0728/061723.279071:VERBOSE1:content/browser/renderer_host/media/media_stream_manager.cc:1515] MSPL::OnResume([this=0x6000d2ea8])
#### AGXIOC Method sel=0x18->0x18 inCnt=0 inSC=0 outSC=0 -> 0xe00002c2
#### AGXIOC Method sel=0x18->0x18 inCnt=0 inSC=0 outSC=0 -> 0xe00002c2
#### AGXIOC Method sel=0x18->0x18 inCnt=0 inSC=0 outSC=0 -> 0xe00002c2
#### AGXIOC Method sel=0x18->0x18 inCnt=0 inSC=0 outSC=0 -> 0xe00002c2
#### AGXIOC Method sel=0x18->0x18 inCnt=0 inSC=0 outSC=0 -> 0xe00002c2
#### AGXIOC Method sel=0x18->0x18 inCnt=0 inSC=0 outSC=0 -> 0xe00002c2
#### AGXIOC Method sel=0x18->0x18 inCnt=0 inSC=0 outSC=0 -> 0xe00002c2
#### AGXIOC Method sel=0x18->0x18 inCnt=0 inSC=0 outSC=0 -> 0xe00002c2
#### AGXIOC Method sel=0x18->0x18 inCnt=0 inSC=0 outSC=0 -> 0xe00002c2
#### AGXIOC Method sel=0x18->0x18 inCnt=0 inSC=0 outSC=0 -> 0xe00002c2
#### AGXIOC Method sel=0x18->0x18 inCnt=0 inSC=0 outSC=0 -> 0xe00002c2
#### AGXIOC Method sel=0x18->0x18 inCnt=0 inSC=0 outSC=0 -> 0xe00002c2
#### AGXIOC Method sel=0x18->0x18 inCnt=0 inSC=0 outSC=0 -> 0xe00002c2
#### AGXIOC Method sel=0x18->0x18 inCnt=0 inSC=0 outSC=0 -> 0xe00002c2
#### AGXIOC Method sel=0x18->0x18 inCnt=0 inSC=0 outSC=0 -> 0xe00002c2
#### AGXIOC Method sel=0x18->0x18 inCnt=0 inSC=0 outSC=0 -> 0xe00002c2
#### AGXIOC Method sel=0x18->0x18 inCnt=0 inSC=0 outSC=0 -> 0xe00002c2
#### AGXIOC Method sel=0x18->0x18 inCnt=0 inSC=0 outSC=0 -> 0xe00002c2
#### AGXIOC Method sel=0x18->0x18 inCnt=0 inSC=0 outSC=0 -> 0xe00002c2
#### AGXIOC Method sel=0x18->0x18 inCnt=0 inSC=0 outSC=0 -> 0xe00002c2
[72365:0728/061725.070594:VERBOSE1:net/base/network_delegate.cc:38] NetworkDelegate::NotifyBeforeURLRequest: https://mobile.events.data.microsoft.com/OneCollector/1.0?cors=true&content-type=application/x-json-stream
#### AGXIOC Method sel=0x18->0x18 inCnt=0 inSC=0 outSC=0 -> 0xe00002c2
#### AGXIOC Method sel=0x18->0x18 inCnt=0 inSC=0 outSC=0 -> 0xe00002c2
#### AGXIOC Method sel=0x18->0x18 inCnt=0 inSC=0 outSC=0 -> 0xe00002c2
#### AGXIOC Method sel=0x18->0x18 inCnt=0 inSC=0 outSC=0 -> 0xe00002c2
#### AGXIOC Method sel=0x18->0x18 inCnt=0 inSC=0 outSC=0 -> 0xe00002c2
#### AGXIOC Method sel=0x18->0x18 inCnt=0 inSC=0 outSC=0 -> 0xe00002c2
#### AGXIOC Method sel=0x18->0x18 inCnt=0 inSC=0 outSC=0 -> 0xe00002c2
#### AGXIOC Method sel=0x18->0x18 inCnt=0 inSC=0 outSC=0 -> 0xe00002c2
#### AGXIOC Method sel=0x1e->0x1a inCnt=4 inSC=56 outSC=0 -> 0x0
#### AGXIOC Method sel=0x18->0x18 inCnt=0 inSC=0 outSC=0 -> 0xe00002c2
#### AGXIOC Method sel=0x18->0x18 inCnt=0 inSC=0 outSC=0 -> 0xe00002c2
#### AGXIOC Method sel=0x18->0x18 inCnt=0 inSC=0 outSC=0 -> 0xe00002c2
#### AGXIOC Method sel=0x18->0x18 inCnt=0 inSC=0 outSC=0 -> 0xe00002c2
#### AGXIOC Method sel=0x18->0x18 inCnt=0 inSC=0 outSC=0 -> 0xe00002c2
#### AGXIOC Method sel=0x18->0x18 inCnt=0 inSC=0 outSC=0 -> 0xe00002c2
#### AGXIOC Method sel=0x18->0x18 inCnt=0 inSC=0 outSC=0 -> 0xe00002c2
#### AGXIOC Method sel=0x18->0x18 inCnt=0 inSC=0 outSC=0 -> 0xe00002c2
#### AGXIOC Method sel=0x18->0x18 inCnt=0 inSC=0 outSC=0 -> 0xe00002c2
#### AGXIOC Method sel=0x18->0x18 inCnt=0 inSC=0 outSC=0 -> 0xe00002c2
#### AGXIOC Method sel=0x18->0x18 inCnt=0 inSC=0 outSC=0 -> 0xe00002c2
#### AGXIOC Method sel=0x18->0x18 inCnt=0 inSC=0 outSC=0 -> 0xe00002c2
#### AGXIOC Method sel=0x18->0x18 inCnt=0 inSC=0 outSC=0 -> 0xe00002c2
#### AGXIOC Method sel=0x18->0x18 inCnt=0 inSC=0 outSC=0 -> 0xe00002c2
#### AGXIOC Method sel=0x18->0x18 inCnt=0 inSC=0 outSC=0 -> 0xe00002c2
#### AGXIOC Method sel=0x18->0x18 inCnt=0 inSC=0 outSC=0 -> 0xe00002c2
#### AGXIOC Method sel=0x18->0x18 inCnt=0 inSC=0 outSC=0 -> 0xe00002c2
#### AGXIOC Method sel=0x18->0x18 inCnt=0 inSC=0 outSC=0 -> 0xe00002c2
#### AGXIOC Method sel=0x18->0x18 inCnt=0 inSC=0 outSC=0 -> 0xe00002c2
#### AGXIOC Method sel=0x18->0x18 inCnt=0 inSC=0 outSC=0 -> 0xe00002c2
#### AGXIOC Method sel=0x18->0x18 inCnt=0 inSC=0 outSC=0 -> 0xe00002c2
#### AGXIOC Method sel=0x18->0x18 inCnt=0 inSC=0 outSC=0 -> 0xe00002c2
#### AGXIOC Method sel=0x18->0x18 inCnt=0 inSC=0 outSC=0 -> 0xe00002c2
#### AGXIOC Method sel=0x18->0x18 inCnt=0 inSC=0 outSC=0 -> 0xe00002c2
#### AGXIOC Method sel=0x18->0x18 inCnt=0 inSC=0 outSC=0 -> 0xe00002c2
#### AGXIOC Method sel=0x18->0x18 inCnt=0 inSC=0 outSC=0 -> 0xe00002c2
#### AGXIOC Method sel=0x18->0x18 inCnt=0 inSC=0 outSC=0 -> 0xe00002c2
#### AGXIOC Method sel=0x18->0x18 inCnt=0 inSC=0 outSC=0 -> 0xe00002c2
[72325:0728/061727.492149:VERBOSE1:content/browser/renderer_host/media/media_stream_manager.cc:1515] MSPL::OnSuspend([this=0x6000d2ea8])
#### AGXIOC Method sel=0x18->0x18 inCnt=0 inSC=0 outSC=0 -> 0xe00002c2
#### AGXIOC Method sel=0x18->0x18 inCnt=0 inSC=0 outSC=0 -> 0xe00002c2
[72325:0728/061728.539743:VERBOSE1:content/browser/renderer_host/media/media_stream_manager.cc:1515] MSPL::OnResume([this=0x6000d2ea8])
#### AGXIOC Method sel=0x18->0x18 inCnt=0 inSC=0 outSC=0 -> 0xe00002c2
#### AGXIOC Method sel=0x18->0x18 inCnt=0 inSC=0 outSC=0 -> 0xe00002c2
#### AGXIOC Method sel=0x18->0x18 inCnt=0 inSC=0 outSC=0 -> 0xe00002c2
#### AGXIOC Method sel=0x18->0x18 inCnt=0 inSC=0 outSC=0 -> 0xe00002c2
#### AGXIOC Method sel=0x18->0x18 inCnt=0 inSC=0 outSC=0 -> 0xe00002c2
#### AGXIOC Method sel=0x18->0x18 inCnt=0 inSC=0 outSC=0 -> 0xe00002c2
#### AGXIOC Method sel=0x18->0x18 inCnt=0 inSC=0 outSC=0 -> 0xe00002c2
#### AGXIOC Method sel=0x18->0x18 inCnt=0 inSC=0 outSC=0 -> 0xe00002c2
#### AGXIOC Method sel=0x18->0x18 inCnt=0 inSC=0 outSC=0 -> 0xe00002c2
#### AGXIOC Method sel=0x18->0x18 inCnt=0 inSC=0 outSC=0 -> 0xe00002c2
#### AGXIOC Method sel=0x18->0x18 inCnt=0 inSC=0 outSC=0 -> 0xe00002c2
#### AGXIOC Method sel=0x18->0x18 inCnt=0 inSC=0 outSC=0 -> 0xe00002c2
#### AGXIOC Method sel=0x18->0x18 inCnt=0 inSC=0 outSC=0 -> 0xe00002c2
#### AGXIOC Method sel=0x18->0x18 inCnt=0 inSC=0 outSC=0 -> 0xe00002c2
#### AGXIOC Method sel=0x18->0x18 inCnt=0 inSC=0 outSC=0 -> 0xe00002c2
#### AGXIOC Method sel=0x18->0x18 inCnt=0 inSC=0 outSC=0 -> 0xe00002c2
#### AGXIOC Method sel=0x18->0x18 inCnt=0 inSC=0 outSC=0 -> 0xe00002c2
#### AGXIOC Method sel=0x18->0x18 inCnt=0 inSC=0 outSC=0 -> 0xe00002c2
#### AGXIOC Method sel=0x18->0x18 inCnt=0 inSC=0 outSC=0 -> 0xe00002c2
[72365:0728/061730.314273:VERBOSE1:net/base/network_delegate.cc:38] NetworkDelegate::NotifyBeforeURLRequest: https://mobile.events.data.microsoft.com/OneCollector/1.0?cors=true&content-type=application/x-json-stream
#### AGXIOC Method sel=0x18->0x18 inCnt=0 inSC=0 outSC=0 -> 0xe00002c2
#### AGXIOC Method sel=0x18->0x18 inCnt=0 inSC=0 outSC=0 -> 0xe00002c2
#### AGXIOC Method sel=0x18->0x18 inCnt=0 inSC=0 outSC=0 -> 0xe00002c2
#### AGXIOC Method sel=0x18->0x18 inCnt=0 inSC=0 outSC=0 -> 0xe00002c2
#### AGXIOC Method sel=0x18->0x18 inCnt=0 inSC=0 outSC=0 -> 0xe00002c2
#### AGXIOC Method sel=0x18->0x18 inCnt=0 inSC=0 outSC=0 -> 0xe00002c2
#### AGXIOC Method sel=0x18->0x18 inCnt=0 inSC=0 outSC=0 -> 0xe00002c2
#### AGXIOC Method sel=0x18->0x18 inCnt=0 inSC=0 outSC=0 -> 0xe00002c2
#### AGXIOC Method sel=0x18->0x18 inCnt=0 inSC=0 outSC=0 -> 0xe00002c2
#### AGXIOC Method sel=0x18->0x18 inCnt=0 inSC=0 outSC=0 -> 0xe00002c2
#### AGXIOC Method sel=0x18->0x18 inCnt=0 inSC=0 outSC=0 -> 0xe00002c2
#### AGXIOC Method sel=0x18->0x18 inCnt=0 inSC=0 outSC=0 -> 0xe00002c2
#### AGXIOC Method sel=0x18->0x18 inCnt=0 inSC=0 outSC=0 -> 0xe00002c2
#### AGXIOC Method sel=0x18->0x18 inCnt=0 inSC=0 outSC=0 -> 0xe00002c2
#### AGXIOC Method sel=0x18->0x18 inCnt=0 inSC=0 outSC=0 -> 0xe00002c2
#### AGXIOC Method sel=0x18->0x18 inCnt=0 inSC=0 outSC=0 -> 0xe00002c2
#### AGXIOC Method sel=0x18->0x18 inCnt=0 inSC=0 outSC=0 -> 0xe00002c2
#### AGXIOC Method sel=0x18->0x18 inCnt=0 inSC=0 outSC=0 -> 0xe00002c2
#### AGXIOC Method sel=0x18->0x18 inCnt=0 inSC=0 outSC=0 -> 0xe00002c2
#### AGXIOC Method sel=0x18->0x18 inCnt=0 inSC=0 outSC=0 -> 0xe00002c2
#### AGXIOC Method sel=0x18->0x18 inCnt=0 inSC=0 outSC=0 -> 0xe00002c2
#### AGXIOC Method sel=0x18->0x18 inCnt=0 inSC=0 outSC=0 -> 0xe00002c2
#### AGXIOC Method sel=0x18->0x18 inCnt=0 inSC=0 outSC=0 -> 0xe00002c2
#### AGXIOC Method sel=0x18->0x18 inCnt=0 inSC=0 outSC=0 -> 0xe00002c2
#### AGXIOC Method sel=0x18->0x18 inCnt=0 inSC=0 outSC=0 -> 0xe00002c2
#### AGXIOC Method sel=0x18->0x18 inCnt=0 inSC=0 outSC=0 -> 0xe00002c2
#### AGXIOC Method sel=0x18->0x18 inCnt=0 inSC=0 outSC=0 -> 0xe00002c2
#### AGXIOC Method sel=0x18->0x18 inCnt=0 inSC=0 outSC=0 -> 0xe00002c2
#### AGXIOC Method sel=0x18->0x18 inCnt=0 inSC=0 outSC=0 -> 0xe00002c2
#### AGXIOC Method sel=0x18->0x18 inCnt=0 inSC=0 outSC=0 -> 0xe00002c2
#### AGXIOC Method sel=0x18->0x18 inCnt=0 inSC=0 outSC=0 -> 0xe00002c2
#### AGXIOC Method sel=0x18->0x18 inCnt=0 inSC=0 outSC=0 -> 0xe00002c2
[72325:0728/061732.759053:VERBOSE1:content/browser/renderer_host/media/media_stream_manager.cc:1515] MSPL::OnSuspend([this=0x6000d2ea8])
[72325:0728/061732.768532:VERBOSE1:content/browser/renderer_host/media/media_stream_manager.cc:1515] MSPL::OnResume([this=0x6000d2ea8])
#### AGXIOC Method sel=0x18->0x18 inCnt=0 inSC=0 outSC=0 -> 0xe00002c2
#### AGXIOC Method sel=0x18->0x18 inCnt=0 inSC=0 outSC=0 -> 0xe00002c2
#### AGXIOC Method sel=0x18->0x18 inCnt=0 inSC=0 outSC=0 -> 0xe00002c2
#### AGXIOC Method sel=0x18->0x18 inCnt=0 inSC=0 outSC=0 -> 0xe00002c2
#### AGXIOC Method sel=0x18->0x18 inCnt=0 inSC=0 outSC=0 -> 0xe00002c2
#### AGXIOC Method sel=0x18->0x18 inCnt=0 inSC=0 outSC=0 -> 0xe00002c2
#### AGXIOC Method sel=0x18->0x18 inCnt=0 inSC=0 outSC=0 -> 0xe00002c2
#### AGXIOC Method sel=0x18->0x18 inCnt=0 inSC=0 outSC=0 -> 0xe00002c2
#### AGXIOC Method sel=0x18->0x18 inCnt=0 inSC=0 outSC=0 -> 0xe00002c2
#### AGXIOC Method sel=0x18->0x18 inCnt=0 inSC=0 outSC=0 -> 0xe00002c2
#### AGXIOC Method sel=0x18->0x18 inCnt=0 inSC=0 outSC=0 -> 0xe00002c2
#### AGXIOC Method sel=0x18->0x18 inCnt=0 inSC=0 outSC=0 -> 0xe00002c2
#### AGXIOC Method sel=0x18->0x18 inCnt=0 inSC=0 outSC=0 -> 0xe00002c2
#### AGXIOC Method sel=0x18->0x18 inCnt=0 inSC=0 outSC=0 -> 0xe00002c2
#### AGXIOC Method sel=0x18->0x18 inCnt=0 inSC=0 outSC=0 -> 0xe00002c2
#### AGXIOC Method sel=0x18->0x18 inCnt=0 inSC=0 outSC=0 -> 0xe00002c2
#### AGXIOC Method sel=0x18->0x18 inCnt=0 inSC=0 outSC=0 -> 0xe00002c2
#### AGXIOC Method sel=0x18->0x18 inCnt=0 inSC=0 outSC=0 -> 0xe00002c2
#### AGXIOC Method sel=0x18->0x18 inCnt=0 inSC=0 outSC=0 -> 0xe00002c2
#### AGXIOC Method sel=0x18->0x18 inCnt=0 inSC=0 outSC=0 -> 0xe00002c2
#### AGXIOC Method sel=0x18->0x18 inCnt=0 inSC=0 outSC=0 -> 0xe00002c2
#### AGXIOC Method sel=0x18->0x18 inCnt=0 inSC=0 outSC=0 -> 0xe00002c2
#### AGXIOC Method sel=0x18->0x18 inCnt=0 inSC=0 outSC=0 -> 0xe00002c2
#### AGXIOC Method sel=0x18->0x18 inCnt=0 inSC=0 outSC=0 -> 0xe00002c2
#### AGXIOC Method sel=0x18->0x18 inCnt=0 inSC=0 outSC=0 -> 0xe00002c2
#### AGXIOC Method sel=0x18->0x18 inCnt=0 inSC=0 outSC=0 -> 0xe00002c2
#### AGXIOC Method sel=0x18->0x18 inCnt=0 inSC=0 outSC=0 -> 0xe00002c2
#### AGXIOC Method sel=0x18->0x18 inCnt=0 inSC=0 outSC=0 -> 0xe00002c2
#### AGXIOC Method sel=0x18->0x18 inCnt=0 inSC=0 outSC=0 -> 0xe00002c2
#### AGXIOC Method sel=0x18->0x18 inCnt=0 inSC=0 outSC=0 -> 0xe00002c2
#### AGXIOC Method sel=0x18->0x18 inCnt=0 inSC=0 outSC=0 -> 0xe00002c2
[72365:0728/061734.764856:VERBOSE1:net/base/network_delegate.cc:38] NetworkDelegate::NotifyBeforeURLRequest: https://mobile.events.data.microsoft.com/OneCollector/1.0?cors=true&content-type=application/x-json-stream
#### AGXIOC Method sel=0x18->0x18 inCnt=0 inSC=0 outSC=0 -> 0xe00002c2
#### AGXIOC Method sel=0x18->0x18 inCnt=0 inSC=0 outSC=0 -> 0xe00002c2
#### AGXIOC Method sel=0x18->0x18 inCnt=0 inSC=0 outSC=0 -> 0xe00002c2
#### AGXIOC Method sel=0x18->0x18 inCnt=0 inSC=0 outSC=0 -> 0xe00002c2
#### AGXIOC Method sel=0x18->0x18 inCnt=0 inSC=0 outSC=0 -> 0xe00002c2
#### AGXIOC Method sel=0x18->0x18 inCnt=0 inSC=0 outSC=0 -> 0xe00002c2
#### AGXIOC Method sel=0x18->0x18 inCnt=0 inSC=0 outSC=0 -> 0xe00002c2
#### AGXIOC Method sel=0x18->0x18 inCnt=0 inSC=0 outSC=0 -> 0xe00002c2
#### AGXIOC Method sel=0x18->0x18 inCnt=0 inSC=0 outSC=0 -> 0xe00002c2
#### AGXIOC Method sel=0x18->0x18 inCnt=0 inSC=0 outSC=0 -> 0xe00002c2
#### AGXIOC Method sel=0x18->0x18 inCnt=0 inSC=0 outSC=0 -> 0xe00002c2
#### AGXIOC Method sel=0x18->0x18 inCnt=0 inSC=0 outSC=0 -> 0xe00002c2
#### AGXIOC Method sel=0x18->0x18 inCnt=0 inSC=0 outSC=0 -> 0xe00002c2
#### AGXIOC Method sel=0x18->0x18 inCnt=0 inSC=0 outSC=0 -> 0xe00002c2
#### AGXIOC Method sel=0x18->0x18 inCnt=0 inSC=0 outSC=0 -> 0xe00002c2
#### AGXIOC Method sel=0x18->0x18 inCnt=0 inSC=0 outSC=0 -> 0xe00002c2
#### AGXIOC Method sel=0x18->0x18 inCnt=0 inSC=0 outSC=0 -> 0xe00002c2
#### AGXIOC Method sel=0x18->0x18 inCnt=0 inSC=0 outSC=0 -> 0xe00002c2
#### AGXIOC Method sel=0x18->0x18 inCnt=0 inSC=0 outSC=0 -> 0xe00002c2
#### AGXIOC Method sel=0x18->0x18 inCnt=0 inSC=0 outSC=0 -> 0xe00002c2
#### AGXIOC Method sel=0x18->0x18 inCnt=0 inSC=0 outSC=0 -> 0xe00002c2
#### AGXIOC Method sel=0x18->0x18 inCnt=0 inSC=0 outSC=0 -> 0xe00002c2
#### AGXIOC Method sel=0x18->0x18 inCnt=0 inSC=0 outSC=0 -> 0xe00002c2
#### AGXIOC Method sel=0x18->0x18 inCnt=0 inSC=0 outSC=0 -> 0xe00002c2
#### AGXIOC Method sel=0x18->0x18 inCnt=0 inSC=0 outSC=0 -> 0xe00002c2
#### AGXIOC Method sel=0x18->0x18 inCnt=0 inSC=0 outSC=0 -> 0xe00002c2
#### AGXIOC Method sel=0x18->0x18 inCnt=0 inSC=0 outSC=0 -> 0xe00002c2
#### AGXIOC Method sel=0x18->0x18 inCnt=0 inSC=0 outSC=0 -> 0xe00002c2
#### AGXIOC Method sel=0x18->0x18 inCnt=0 inSC=0 outSC=0 -> 0xe00002c2
#### AGXIOC Method sel=0x18->0x18 inCnt=0 inSC=0 outSC=0 -> 0xe00002c2
#### AGXIOC Method sel=0x18->0x18 inCnt=0 inSC=0 outSC=0 -> 0xe00002c2
#### AGXIOC Method sel=0x18->0x18 inCnt=0 inSC=0 outSC=0 -> 0xe00002c2
#### AGXIOC Method sel=0x18->0x18 inCnt=0 inSC=0 outSC=0 -> 0xe00002c2
#### AGXIOC Method sel=0x18->0x18 inCnt=0 inSC=0 outSC=0 -> 0xe00002c2
#### AGXIOC Method sel=0x18->0x18 inCnt=0 inSC=0 outSC=0 -> 0xe00002c2
#### AGXIOC Method sel=0x18->0x18 inCnt=0 inSC=0 outSC=0 -> 0xe00002c2
#### AGXIOC Method sel=0x18->0x18 inCnt=0 inSC=0 outSC=0 -> 0xe00002c2
#### AGXIOC Method sel=0x18->0x18 inCnt=0 inSC=0 outSC=0 -> 0xe00002c2
#### AGXIOC Method sel=0x18->0x18 inCnt=0 inSC=0 outSC=0 -> 0xe00002c2
#### AGXIOC Method sel=0x18->0x18 inCnt=0 inSC=0 outSC=0 -> 0xe00002c2
#### AGXIOC Method sel=0x18->0x18 inCnt=0 inSC=0 outSC=0 -> 0xe00002c2
#### AGXIOC Method sel=0x18->0x18 inCnt=0 inSC=0 outSC=0 -> 0xe00002c2
#### AGXIOC Method sel=0x18->0x18 inCnt=0 inSC=0 outSC=0 -> 0xe00002c2
#### AGXIOC Method sel=0x18->0x18 inCnt=0 inSC=0 outSC=0 -> 0xe00002c2
#### AGXIOC Method sel=0x18->0x18 inCnt=0 inSC=0 outSC=0 -> 0xe00002c2
#### AGXIOC Method sel=0x18->0x18 inCnt=0 inSC=0 outSC=0 -> 0xe00002c2
#### AGXIOC Method sel=0x18->0x18 inCnt=0 inSC=0 outSC=0 -> 0xe00002c2
#### AGXIOC Method sel=0x18->0x18 inCnt=0 inSC=0 outSC=0 -> 0xe00002c2
#### AGXIOC Method sel=0x18->0x18 inCnt=0 inSC=0 outSC=0 -> 0xe00002c2
#### AGXIOC Method sel=0x18->0x18 inCnt=0 inSC=0 outSC=0 -> 0xe00002c2
#### AGXIOC Method sel=0x18->0x18 inCnt=0 inSC=0 outSC=0 -> 0xe00002c2
#### AGXIOC Method sel=0x18->0x18 inCnt=0 inSC=0 outSC=0 -> 0xe00002c2
#### AGXIOC Method sel=0x18->0x18 inCnt=0 inSC=0 outSC=0 -> 0xe00002c2
#### AGXIOC Method sel=0x18->0x18 inCnt=0 inSC=0 outSC=0 -> 0xe00002c2
#### AGXIOC Method sel=0x18->0x18 inCnt=0 inSC=0 outSC=0 -> 0xe00002c2
#### AGXIOC Method sel=0x18->0x18 inCnt=0 inSC=0 outSC=0 -> 0xe00002c2
#### AGXIOC Method sel=0x18->0x18 inCnt=0 inSC=0 outSC=0 -> 0xe00002c2
#### AGXIOC Method sel=0x18->0x18 inCnt=0 inSC=0 outSC=0 -> 0xe00002c2
#### AGXIOC Method sel=0x18->0x18 inCnt=0 inSC=0 outSC=0 -> 0xe00002c2
#### AGXIOC Method sel=0x18->0x18 inCnt=0 inSC=0 outSC=0 -> 0xe00002c2
#### AGXIOC Method sel=0x18->0x18 inCnt=0 inSC=0 outSC=0 -> 0xe00002c2
#### AGXIOC Method sel=0x18->0x18 inCnt=0 inSC=0 outSC=0 -> 0xe00002c2
#### AGXIOC Method sel=0x18->0x18 inCnt=0 inSC=0 outSC=0 -> 0xe00002c2
#### AGXIOC Method sel=0x18->0x18 inCnt=0 inSC=0 outSC=0 -> 0xe00002c2
#### AGXIOC Method sel=0x18->0x18 inCnt=0 inSC=0 outSC=0 -> 0xe00002c2
#### AGXIOC Method sel=0x18->0x18 inCnt=0 inSC=0 outSC=0 -> 0xe00002c2
#### AGXIOC Method sel=0x18->0x18 inCnt=0 inSC=0 outSC=0 -> 0xe00002c2
#### AGXIOC Method sel=0x18->0x18 inCnt=0 inSC=0 outSC=0 -> 0xe00002c2
#### AGXIOC Method sel=0x18->0x18 inCnt=0 inSC=0 outSC=0 -> 0xe00002c2
#### AGXIOC Method sel=0x18->0x18 inCnt=0 inSC=0 outSC=0 -> 0xe00002c2
#### AGXIOC Method sel=0x18->0x18 inCnt=0 inSC=0 outSC=0 -> 0xe00002c2
#### AGXIOC Method sel=0x18->0x18 inCnt=0 inSC=0 outSC=0 -> 0xe00002c2
#### AGXIOC Method sel=0x18->0x18 inCnt=0 inSC=0 outSC=0 -> 0xe00002c2
#### AGXIOC Method sel=0x18->0x18 inCnt=0 inSC=0 outSC=0 -> 0xe00002c2
#### AGXIOC Method sel=0x18->0x18 inCnt=0 inSC=0 outSC=0 -> 0xe00002c2
#### AGXIOC Method sel=0x18->0x18 inCnt=0 inSC=0 outSC=0 -> 0xe00002c2
#### AGXIOC Method sel=0x18->0x18 inCnt=0 inSC=0 outSC=0 -> 0xe00002c2
#### AGXIOC Method sel=0x18->0x18 inCnt=0 inSC=0 outSC=0 -> 0xe00002c2
#### AGXIOC Method sel=0x18->0x18 inCnt=0 inSC=0 outSC=0 -> 0xe00002c2
#### AGXIOC Method sel=0x18->0x18 inCnt=0 inSC=0 outSC=0 -> 0xe00002c2
#### AGXIOC Method sel=0x18->0x18 inCnt=0 inSC=0 outSC=0 -> 0xe00002c2
#### AGXIOC Method sel=0x18->0x18 inCnt=0 inSC=0 outSC=0 -> 0xe00002c2
#### AGXIOC Method sel=0x18->0x18 inCnt=0 inSC=0 outSC=0 -> 0xe00002c2
#### AGXIOC Method sel=0x18->0x18 inCnt=0 inSC=0 outSC=0 -> 0xe00002c2
#### AGXIOC Method sel=0x18->0x18 inCnt=0 inSC=0 outSC=0 -> 0xe00002c2
#### AGXIOC Method sel=0x18->0x18 inCnt=0 inSC=0 outSC=0 -> 0xe00002c2
#### AGXIOC Method sel=0x18->0x18 inCnt=0 inSC=0 outSC=0 -> 0xe00002c2
#### AGXIOC Method sel=0x18->0x18 inCnt=0 inSC=0 outSC=0 -> 0xe00002c2
#### JIT-MPROTECT flip #4096 ranges=1 prot=RX writers=1 exec_waits=430 late_retries=39
#### AGXIOC Method sel=0x18->0x18 inCnt=0 inSC=0 outSC=0 -> 0xe00002c2
#### AGXIOC Method sel=0x18->0x18 inCnt=0 inSC=0 outSC=0 -> 0xe00002c2
#### AGXIOC Method sel=0x18->0x18 inCnt=0 inSC=0 outSC=0 -> 0xe00002c2
#### AGXIOC Method sel=0x18->0x18 inCnt=0 inSC=0 outSC=0 -> 0xe00002c2
#### AGXIOC Method sel=0x18->0x18 inCnt=0 inSC=0 outSC=0 -> 0xe00002c2
#### AGXIOC Method sel=0x1e->0x1a inCnt=4 inSC=56 outSC=0 -> 0x0
#### AGXIOC Method sel=0x18->0x18 inCnt=0 inSC=0 outSC=0 -> 0xe00002c2
#### AGXIOC Method sel=0x18->0x18 inCnt=0 inSC=0 outSC=0 -> 0xe00002c2
#### AGXIOC Method sel=0x18->0x18 inCnt=0 inSC=0 outSC=0 -> 0xe00002c2
#### AGXIOC Method sel=0x18->0x18 inCnt=0 inSC=0 outSC=0 -> 0xe00002c2
#### AGXIOC Method sel=0x18->0x18 inCnt=0 inSC=0 outSC=0 -> 0xe00002c2
#### AGXIOC Method sel=0x18->0x18 inCnt=0 inSC=0 outSC=0 -> 0xe00002c2
#### AGXIOC Method sel=0x18->0x18 inCnt=0 inSC=0 outSC=0 -> 0xe00002c2
#### AGXIOC Method sel=0x18->0x18 inCnt=0 inSC=0 outSC=0 -> 0xe00002c2
#### AGXIOC Method sel=0x18->0x18 inCnt=0 inSC=0 outSC=0 -> 0xe00002c2
#### AGXIOC Method sel=0x18->0x18 inCnt=0 inSC=0 outSC=0 -> 0xe00002c2
#### AGXIOC Method sel=0x18->0x18 inCnt=0 inSC=0 outSC=0 -> 0xe00002c2
#### AGXIOC Method sel=0x18->0x18 inCnt=0 inSC=0 outSC=0 -> 0xe00002c2
#### AGXIOC Method sel=0x18->0x18 inCnt=0 inSC=0 outSC=0 -> 0xe00002c2
#### AGXIOC Method sel=0x18->0x18 inCnt=0 inSC=0 outSC=0 -> 0xe00002c2
#### AGXIOC Method sel=0x18->0x18 inCnt=0 inSC=0 outSC=0 -> 0xe00002c2
#### AGXIOC Method sel=0x18->0x18 inCnt=0 inSC=0 outSC=0 -> 0xe00002c2
#### AGXIOC Method sel=0x18->0x18 inCnt=0 inSC=0 outSC=0 -> 0xe00002c2
#### AGXIOC Method sel=0x18->0x18 inCnt=0 inSC=0 outSC=0 -> 0xe00002c2
#### AGXIOC Method sel=0x18->0x18 inCnt=0 inSC=0 outSC=0 -> 0xe00002c2
#### AGXIOC Method sel=0x18->0x18 inCnt=0 inSC=0 outSC=0 -> 0xe00002c2
#### AGXIOC Method sel=0x18->0x18 inCnt=0 inSC=0 outSC=0 -> 0xe00002c2
#### AGXIOC Method sel=0x18->0x18 inCnt=0 inSC=0 outSC=0 -> 0xe00002c2
#### AGXIOC Method sel=0x18->0x18 inCnt=0 inSC=0 outSC=0 -> 0xe00002c2
#### AGXIOC Method sel=0x18->0x18 inCnt=0 inSC=0 outSC=0 -> 0xe00002c2
#### AGXIOC Method sel=0x18->0x18 inCnt=0 inSC=0 outSC=0 -> 0xe00002c2
#### AGXIOC Method sel=0x18->0x18 inCnt=0 inSC=0 outSC=0 -> 0xe00002c2
#### AGXIOC Method sel=0x18->0x18 inCnt=0 inSC=0 outSC=0 -> 0xe00002c2
#### AGXIOC Method sel=0x18->0x18 inCnt=0 inSC=0 outSC=0 -> 0xe00002c2
#### AGXIOC Method sel=0x18->0x18 inCnt=0 inSC=0 outSC=0 -> 0xe00002c2
#### AGXIOC Method sel=0x18->0x18 inCnt=0 inSC=0 outSC=0 -> 0xe00002c2
#### AGXIOC Method sel=0x18->0x18 inCnt=0 inSC=0 outSC=0 -> 0xe00002c2
#### AGXIOC Method sel=0x18->0x18 inCnt=0 inSC=0 outSC=0 -> 0xe00002c2
#### AGXIOC Method sel=0x18->0x18 inCnt=0 inSC=0 outSC=0 -> 0xe00002c2
#### AGXIOC Method sel=0x18->0x18 inCnt=0 inSC=0 outSC=0 -> 0xe00002c2
#### AGXIOC Method sel=0x18->0x18 inCnt=0 inSC=0 outSC=0 -> 0xe00002c2
#### AGXIOC Method sel=0x18->0x18 inCnt=0 inSC=0 outSC=0 -> 0xe00002c2
#### AGXIOC Method sel=0x18->0x18 inCnt=0 inSC=0 outSC=0 -> 0xe00002c2
#### AGXIOC Method sel=0x18->0x18 inCnt=0 inSC=0 outSC=0 -> 0xe00002c2
#### AGXIOC Method sel=0x18->0x18 inCnt=0 inSC=0 outSC=0 -> 0xe00002c2
#### AGXIOC Method sel=0x18->0x18 inCnt=0 inSC=0 outSC=0 -> 0xe00002c2
#### AGXIOC Method sel=0x18->0x18 inCnt=0 inSC=0 outSC=0 -> 0xe00002c2
#### AGXIOC Method sel=0x18->0x18 inCnt=0 inSC=0 outSC=0 -> 0xe00002c2
#### AGXIOC Method sel=0x18->0x18 inCnt=0 inSC=0 outSC=0 -> 0xe00002c2
#### AGXIOC Method sel=0x18->0x18 inCnt=0 inSC=0 outSC=0 -> 0xe00002c2
#### AGXIOC Method sel=0x18->0x18 inCnt=0 inSC=0 outSC=0 -> 0xe00002c2
#### AGXIOC Method sel=0x18->0x18 inCnt=0 inSC=0 outSC=0 -> 0xe00002c2
#### AGXIOC Method sel=0x18->0x18 inCnt=0 inSC=0 outSC=0 -> 0xe00002c2
#### AGXIOC Method sel=0x18->0x18 inCnt=0 inSC=0 outSC=0 -> 0xe00002c2
#### AGXIOC Method sel=0x18->0x18 inCnt=0 inSC=0 outSC=0 -> 0xe00002c2
#### AGXIOC Method sel=0x18->0x18 inCnt=0 inSC=0 outSC=0 -> 0xe00002c2
#### AGXIOC Method sel=0x18->0x18 inCnt=0 inSC=0 outSC=0 -> 0xe00002c2
#### AGXIOC Method sel=0x18->0x18 inCnt=0 inSC=0 outSC=0 -> 0xe00002c2
#### AGXIOC Method sel=0x18->0x18 inCnt=0 inSC=0 outSC=0 -> 0xe00002c2
#### AGXIOC Method sel=0x18->0x18 inCnt=0 inSC=0 outSC=0 -> 0xe00002c2
#### AGXIOC Method sel=0x18->0x18 inCnt=0 inSC=0 outSC=0 -> 0xe00002c2
#### AGXIOC Method sel=0x18->0x18 inCnt=0 inSC=0 outSC=0 -> 0xe00002c2
#### AGXIOC Method sel=0x18->0x18 inCnt=0 inSC=0 outSC=0 -> 0xe00002c2
#### AGXIOC Method sel=0x18->0x18 inCnt=0 inSC=0 outSC=0 -> 0xe00002c2
#### AGXIOC Method sel=0x18->0x18 inCnt=0 inSC=0 outSC=0 -> 0xe00002c2
#### AGXIOC Method sel=0x18->0x18 inCnt=0 inSC=0 outSC=0 -> 0xe00002c2
#### AGXIOC Method sel=0x18->0x18 inCnt=0 inSC=0 outSC=0 -> 0xe00002c2
#### AGXIOC Method sel=0x18->0x18 inCnt=0 inSC=0 outSC=0 -> 0xe00002c2
#### AGXIOC Method sel=0x18->0x18 inCnt=0 inSC=0 outSC=0 -> 0xe00002c2
#### AGXIOC Method sel=0x18->0x18 inCnt=0 inSC=0 outSC=0 -> 0xe00002c2
#### AGXIOC Method sel=0x18->0x18 inCnt=0 inSC=0 outSC=0 -> 0xe00002c2
#### AGXIOC Method sel=0x18->0x18 inCnt=0 inSC=0 outSC=0 -> 0xe00002c2
#### AGXIOC Method sel=0x18->0x18 inCnt=0 inSC=0 outSC=0 -> 0xe00002c2
#### AGXIOC Method sel=0x18->0x18 inCnt=0 inSC=0 outSC=0 -> 0xe00002c2
#### AGXIOC Method sel=0x18->0x18 inCnt=0 inSC=0 outSC=0 -> 0xe00002c2
#### AGXIOC Method sel=0x18->0x18 inCnt=0 inSC=0 outSC=0 -> 0xe00002c2
#### AGXIOC Method sel=0x18->0x18 inCnt=0 inSC=0 outSC=0 -> 0xe00002c2
#### AGXIOC Method sel=0x18->0x18 inCnt=0 inSC=0 outSC=0 -> 0xe00002c2
#### AGXIOC Method sel=0x18->0x18 inCnt=0 inSC=0 outSC=0 -> 0xe00002c2
#### AGXIOC Method sel=0x18->0x18 inCnt=0 inSC=0 outSC=0 -> 0xe00002c2
#### AGXIOC Method sel=0x18->0x18 inCnt=0 inSC=0 outSC=0 -> 0xe00002c2
#### AGXIOC Method sel=0x18->0x18 inCnt=0 inSC=0 outSC=0 -> 0xe00002c2
#### AGXIOC Method sel=0x18->0x18 inCnt=0 inSC=0 outSC=0 -> 0xe00002c2
#### AGXIOC Method sel=0x18->0x18 inCnt=0 inSC=0 outSC=0 -> 0xe00002c2
#### AGXIOC Method sel=0x18->0x18 inCnt=0 inSC=0 outSC=0 -> 0xe00002c2
#### AGXIOC Method sel=0x18->0x18 inCnt=0 inSC=0 outSC=0 -> 0xe00002c2
#### AGXIOC Method sel=0x18->0x18 inCnt=0 inSC=0 outSC=0 -> 0xe00002c2
#### AGXIOC Method sel=0x18->0x18 inCnt=0 inSC=0 outSC=0 -> 0xe00002c2
#### AGXIOC Method sel=0x18->0x18 inCnt=0 inSC=0 outSC=0 -> 0xe00002c2
#### AGXIOC Method sel=0x18->0x18 inCnt=0 inSC=0 outSC=0 -> 0xe00002c2
#### AGXIOC Method sel=0x18->0x18 inCnt=0 inSC=0 outSC=0 -> 0xe00002c2
#### AGXIOC Method sel=0x18->0x18 inCnt=0 inSC=0 outSC=0 -> 0xe00002c2
#### AGXIOC Method sel=0x18->0x18 inCnt=0 inSC=0 outSC=0 -> 0xe00002c2
#### AGXIOC Method sel=0x18->0x18 inCnt=0 inSC=0 outSC=0 -> 0xe00002c2
#### AGXIOC Method sel=0x18->0x18 inCnt=0 inSC=0 outSC=0 -> 0xe00002c2
#### AGXIOC Method sel=0x18->0x18 inCnt=0 inSC=0 outSC=0 -> 0xe00002c2
#### AGXIOC Method sel=0x18->0x18 inCnt=0 inSC=0 outSC=0 -> 0xe00002c2
#### AGXIOC Method sel=0x18->0x18 inCnt=0 inSC=0 outSC=0 -> 0xe00002c2
#### AGXIOC Method sel=0x18->0x18 inCnt=0 inSC=0 outSC=0 -> 0xe00002c2
#### AGXIOC Method sel=0x18->0x18 inCnt=0 inSC=0 outSC=0 -> 0xe00002c2
#### AGXIOC Method sel=0x18->0x18 inCnt=0 inSC=0 outSC=0 -> 0xe00002c2
#### AGXIOC Method sel=0x18->0x18 inCnt=0 inSC=0 outSC=0 -> 0xe00002c2
#### AGXIOC Method sel=0x18->0x18 inCnt=0 inSC=0 outSC=0 -> 0xe00002c2
#### AGXIOC Method sel=0x18->0x18 inCnt=0 inSC=0 outSC=0 -> 0xe00002c2
#### AGXIOC Method sel=0x18->0x18 inCnt=0 inSC=0 outSC=0 -> 0xe00002c2
#### AGXIOC Method sel=0x18->0x18 inCnt=0 inSC=0 outSC=0 -> 0xe00002c2
#### AGXIOC Method sel=0x18->0x18 inCnt=0 inSC=0 outSC=0 -> 0xe00002c2
#### AGXIOC Method sel=0x18->0x18 inCnt=0 inSC=0 outSC=0 -> 0xe00002c2
#### AGXIOC Method sel=0x18->0x18 inCnt=0 inSC=0 outSC=0 -> 0xe00002c2
#### AGXIOC Method sel=0x18->0x18 inCnt=0 inSC=0 outSC=0 -> 0xe00002c2
#### AGXIOC Method sel=0x18->0x18 inCnt=0 inSC=0 outSC=0 -> 0xe00002c2
#### AGXIOC Method sel=0x18->0x18 inCnt=0 inSC=0 outSC=0 -> 0xe00002c2
#### AGXIOC Method sel=0x18->0x18 inCnt=0 inSC=0 outSC=0 -> 0xe00002c2
#### AGXIOC Method sel=0x18->0x18 inCnt=0 inSC=0 outSC=0 -> 0xe00002c2
#### AGXIOC Method sel=0x18->0x18 inCnt=0 inSC=0 outSC=0 -> 0xe00002c2
#### AGXIOC Method sel=0x18->0x18 inCnt=0 inSC=0 outSC=0 -> 0xe00002c2
#### AGXIOC Method sel=0x18->0x18 inCnt=0 inSC=0 outSC=0 -> 0xe00002c2
#### AGXIOC Method sel=0x18->0x18 inCnt=0 inSC=0 outSC=0 -> 0xe00002c2
#### AGXIOC Method sel=0x18->0x18 inCnt=0 inSC=0 outSC=0 -> 0xe00002c2
#### AGXIOC Method sel=0x18->0x18 inCnt=0 inSC=0 outSC=0 -> 0xe00002c2
#### AGXIOC Method sel=0x18->0x18 inCnt=0 inSC=0 outSC=0 -> 0xe00002c2
#### AGXIOC Method sel=0x18->0x18 inCnt=0 inSC=0 outSC=0 -> 0xe00002c2
#### AGXIOC Method sel=0x18->0x18 inCnt=0 inSC=0 outSC=0 -> 0xe00002c2
#### AGXIOC Method sel=0x18->0x18 inCnt=0 inSC=0 outSC=0 -> 0xe00002c2
#### AGXIOC Method sel=0x18->0x18 inCnt=0 inSC=0 outSC=0 -> 0xe00002c2
#### AGXIOC Method sel=0x18->0x18 inCnt=0 inSC=0 outSC=0 -> 0xe00002c2
#### AGXIOC Method sel=0x18->0x18 inCnt=0 inSC=0 outSC=0 -> 0xe00002c2
#### AGXIOC Method sel=0x18->0x18 inCnt=0 inSC=0 outSC=0 -> 0xe00002c2
#### AGXIOC Method sel=0x18->0x18 inCnt=0 inSC=0 outSC=0 -> 0xe00002c2
#### AGXIOC Method sel=0x18->0x18 inCnt=0 inSC=0 outSC=0 -> 0xe00002c2
#### AGXIOC Method sel=0x18->0x18 inCnt=0 inSC=0 outSC=0 -> 0xe00002c2
#### AGXIOC Method sel=0x18->0x18 inCnt=0 inSC=0 outSC=0 -> 0xe00002c2
#### AGXIOC Method sel=0x18->0x18 inCnt=0 inSC=0 outSC=0 -> 0xe00002c2
#### AGXIOC Method sel=0x18->0x18 inCnt=0 inSC=0 outSC=0 -> 0xe00002c2
#### AGXIOC Method sel=0x18->0x18 inCnt=0 inSC=0 outSC=0 -> 0xe00002c2
#### AGXIOC Method sel=0x18->0x18 inCnt=0 inSC=0 outSC=0 -> 0xe00002c2
#### AGXIOC Method sel=0x18->0x18 inCnt=0 inSC=0 outSC=0 -> 0xe00002c2
#### AGXIOC Method sel=0x18->0x18 inCnt=0 inSC=0 outSC=0 -> 0xe00002c2
#### AGXIOC Method sel=0x18->0x18 inCnt=0 inSC=0 outSC=0 -> 0xe00002c2
#### AGXIOC Method sel=0x18->0x18 inCnt=0 inSC=0 outSC=0 -> 0xe00002c2
#### AGXIOC Method sel=0x18->0x18 inCnt=0 inSC=0 outSC=0 -> 0xe00002c2
#### AGXIOC Method sel=0x18->0x18 inCnt=0 inSC=0 outSC=0 -> 0xe00002c2
#### AGXIOC Method sel=0x18->0x18 inCnt=0 inSC=0 outSC=0 -> 0xe00002c2
#### AGXIOC Method sel=0x18->0x18 inCnt=0 inSC=0 outSC=0 -> 0xe00002c2
#### AGXIOC Method sel=0x18->0x18 inCnt=0 inSC=0 outSC=0 -> 0xe00002c2
#### AGXIOC Method sel=0x18->0x18 inCnt=0 inSC=0 outSC=0 -> 0xe00002c2
#### AGXIOC Method sel=0x18->0x18 inCnt=0 inSC=0 outSC=0 -> 0xe00002c2
#### AGXIOC Method sel=0x18->0x18 inCnt=0 inSC=0 outSC=0 -> 0xe00002c2
#### AGXIOC Method sel=0x18->0x18 inCnt=0 inSC=0 outSC=0 -> 0xe00002c2
#### AGXIOC Method sel=0x18->0x18 inCnt=0 inSC=0 outSC=0 -> 0xe00002c2
#### AGXIOC Method sel=0x18->0x18 inCnt=0 inSC=0 outSC=0 -> 0xe00002c2
#### AGXIOC Method sel=0x18->0x18 inCnt=0 inSC=0 outSC=0 -> 0xe00002c2
#### AGXIOC Method sel=0x18->0x18 inCnt=0 inSC=0 outSC=0 -> 0xe00002c2
#### AGXIOC Method sel=0x18->0x18 inCnt=0 inSC=0 outSC=0 -> 0xe00002c2
#### AGXIOC Method sel=0x18->0x18 inCnt=0 inSC=0 outSC=0 -> 0xe00002c2
#### AGXIOC Method sel=0x18->0x18 inCnt=0 inSC=0 outSC=0 -> 0xe00002c2
#### AGXIOC Method sel=0x18->0x18 inCnt=0 inSC=0 outSC=0 -> 0xe00002c2
#### AGXIOC Method sel=0x18->0x18 inCnt=0 inSC=0 outSC=0 -> 0xe00002c2
#### AGXIOC Method sel=0x18->0x18 inCnt=0 inSC=0 outSC=0 -> 0xe00002c2
#### AGXIOC Method sel=0x18->0x18 inCnt=0 inSC=0 outSC=0 -> 0xe00002c2
#### AGXIOC Method sel=0x18->0x18 inCnt=0 inSC=0 outSC=0 -> 0xe00002c2
#### AGXIOC Method sel=0x18->0x18 inCnt=0 inSC=0 outSC=0 -> 0xe00002c2
#### AGXIOC Method sel=0x18->0x18 inCnt=0 inSC=0 outSC=0 -> 0xe00002c2
#### AGXIOC Method sel=0x18->0x18 inCnt=0 inSC=0 outSC=0 -> 0xe00002c2
#### AGXIOC Method sel=0x18->0x18 inCnt=0 inSC=0 outSC=0 -> 0xe00002c2
#### AGXIOC Method sel=0x18->0x18 inCnt=0 inSC=0 outSC=0 -> 0xe00002c2
#### AGXIOC Method sel=0x18->0x18 inCnt=0 inSC=0 outSC=0 -> 0xe00002c2
#### AGXIOC Method sel=0x18->0x18 inCnt=0 inSC=0 outSC=0 -> 0xe00002c2
#### AGXIOC Method sel=0x18->0x18 inCnt=0 inSC=0 outSC=0 -> 0xe00002c2
#### AGXIOC Method sel=0x18->0x18 inCnt=0 inSC=0 outSC=0 -> 0xe00002c2
#### AGXIOC Method sel=0x18->0x18 inCnt=0 inSC=0 outSC=0 -> 0xe00002c2
#### AGXIOC Method sel=0x18->0x18 inCnt=0 inSC=0 outSC=0 -> 0xe00002c2
#### AGXIOC Method sel=0x18->0x18 inCnt=0 inSC=0 outSC=0 -> 0xe00002c2
#### AGXIOC Method sel=0x18->0x18 inCnt=0 inSC=0 outSC=0 -> 0xe00002c2
#### AGXIOC Method sel=0x18->0x18 inCnt=0 inSC=0 outSC=0 -> 0xe00002c2
#### AGXIOC Method sel=0x18->0x18 inCnt=0 inSC=0 outSC=0 -> 0xe00002c2
#### AGXIOC Method sel=0x18->0x18 inCnt=0 inSC=0 outSC=0 -> 0xe00002c2
#### AGXIOC Method sel=0x18->0x18 inCnt=0 inSC=0 outSC=0 -> 0xe00002c2
#### AGXIOC Method sel=0x18->0x18 inCnt=0 inSC=0 outSC=0 -> 0xe00002c2
#### AGXIOC Method sel=0x18->0x18 inCnt=0 inSC=0 outSC=0 -> 0xe00002c2
#### AGXIOC Method sel=0x18->0x18 inCnt=0 inSC=0 outSC=0 -> 0xe00002c2
#### AGXIOC Method sel=0x18->0x18 inCnt=0 inSC=0 outSC=0 -> 0xe00002c2
#### AGXIOC Method sel=0x18->0x18 inCnt=0 inSC=0 outSC=0 -> 0xe00002c2
#### AGXIOC Method sel=0x18->0x18 inCnt=0 inSC=0 outSC=0 -> 0xe00002c2
#### AGXIOC Method sel=0x18->0x18 inCnt=0 inSC=0 outSC=0 -> 0xe00002c2
#### AGXIOC Method sel=0x18->0x18 inCnt=0 inSC=0 outSC=0 -> 0xe00002c2
#### AGXIOC Method sel=0x18->0x18 inCnt=0 inSC=0 outSC=0 -> 0xe00002c2
#### AGXIOC Method sel=0x18->0x18 inCnt=0 inSC=0 outSC=0 -> 0xe00002c2
#### AGXIOC Method sel=0x18->0x18 inCnt=0 inSC=0 outSC=0 -> 0xe00002c2
#### AGXIOC Method sel=0x18->0x18 inCnt=0 inSC=0 outSC=0 -> 0xe00002c2
#### AGXIOC Method sel=0x18->0x18 inCnt=0 inSC=0 outSC=0 -> 0xe00002c2
#### AGXIOC Method sel=0x18->0x18 inCnt=0 inSC=0 outSC=0 -> 0xe00002c2
#### AGXIOC Method sel=0x18->0x18 inCnt=0 inSC=0 outSC=0 -> 0xe00002c2
#### AGXIOC Method sel=0x18->0x18 inCnt=0 inSC=0 outSC=0 -> 0xe00002c2
#### AGXIOC Method sel=0x18->0x18 inCnt=0 inSC=0 outSC=0 -> 0xe00002c2
#### AGXIOC Method sel=0x18->0x18 inCnt=0 inSC=0 outSC=0 -> 0xe00002c2
#### AGXIOC Method sel=0x18->0x18 inCnt=0 inSC=0 outSC=0 -> 0xe00002c2
#### AGXIOC Method sel=0x18->0x18 inCnt=0 inSC=0 outSC=0 -> 0xe00002c2
#### AGXIOC Method sel=0x18->0x18 inCnt=0 inSC=0 outSC=0 -> 0xe00002c2
#### AGXIOC Method sel=0x18->0x18 inCnt=0 inSC=0 outSC=0 -> 0xe00002c2
#### AGXIOC Method sel=0x18->0x18 inCnt=0 inSC=0 outSC=0 -> 0xe00002c2
#### AGXIOC Method sel=0x18->0x18 inCnt=0 inSC=0 outSC=0 -> 0xe00002c2
[72325:0728/061755.202683:VERBOSE1:content/browser/renderer_host/media/media_stream_manager.cc:1515] MSPL::OnSuspend([this=0x6000d2ea8])
#### AGXIOC Method sel=0x18->0x18 inCnt=0 inSC=0 outSC=0 -> 0xe00002c2
[72325:0728/061755.847750:VERBOSE1:content/browser/renderer_host/media/media_stream_manager.cc:1515] MSPL::OnResume([this=0x6000d2ea8])
#### AGXIOC Method sel=0x18->0x18 inCnt=0 inSC=0 outSC=0 -> 0xe00002c2
#### AGXIOC Method sel=0x18->0x18 inCnt=0 inSC=0 outSC=0 -> 0xe00002c2
#### AGXIOC Method sel=0x18->0x18 inCnt=0 inSC=0 outSC=0 -> 0xe00002c2
#### AGXIOC Method sel=0x18->0x18 inCnt=0 inSC=0 outSC=0 -> 0xe00002c2
#### AGXIOC Method sel=0x18->0x18 inCnt=0 inSC=0 outSC=0 -> 0xe00002c2
#### AGXIOC Method sel=0x18->0x18 inCnt=0 inSC=0 outSC=0 -> 0xe00002c2
#### AGXIOC Method sel=0x18->0x18 inCnt=0 inSC=0 outSC=0 -> 0xe00002c2
#### AGXIOC Method sel=0x18->0x18 inCnt=0 inSC=0 outSC=0 -> 0xe00002c2
#### AGXIOC Method sel=0x18->0x18 inCnt=0 inSC=0 outSC=0 -> 0xe00002c2
#### AGXIOC Method sel=0x18->0x18 inCnt=0 inSC=0 outSC=0 -> 0xe00002c2
#### AGXIOC Method sel=0x1e->0x1a inCnt=4 inSC=56 outSC=0 -> 0x0
#### AGXIOC Method sel=0x18->0x18 inCnt=0 inSC=0 outSC=0 -> 0xe00002c2
#### AGXIOC Method sel=0x18->0x18 inCnt=0 inSC=0 outSC=0 -> 0xe00002c2
#### AGXIOC Method sel=0x18->0x18 inCnt=0 inSC=0 outSC=0 -> 0xe00002c2
#### AGXIOC Method sel=0x18->0x18 inCnt=0 inSC=0 outSC=0 -> 0xe00002c2
#### AGXIOC Method sel=0x18->0x18 inCnt=0 inSC=0 outSC=0 -> 0xe00002c2
#### AGXIOC Method sel=0x18->0x18 inCnt=0 inSC=0 outSC=0 -> 0xe00002c2
#### AGXIOC Method sel=0x18->0x18 inCnt=0 inSC=0 outSC=0 -> 0xe00002c2
#### AGXIOC Method sel=0x18->0x18 inCnt=0 inSC=0 outSC=0 -> 0xe00002c2
#### AGXIOC Method sel=0x18->0x18 inCnt=0 inSC=0 outSC=0 -> 0xe00002c2
#### AGXIOC Method sel=0x18->0x18 inCnt=0 inSC=0 outSC=0 -> 0xe00002c2
#### AGXIOC Method sel=0x18->0x18 inCnt=0 inSC=0 outSC=0 -> 0xe00002c2
#### AGXIOC Method sel=0x18->0x18 inCnt=0 inSC=0 outSC=0 -> 0xe00002c2
#### AGXIOC Method sel=0x18->0x18 inCnt=0 inSC=0 outSC=0 -> 0xe00002c2
#### AGXIOC Method sel=0x18->0x18 inCnt=0 inSC=0 outSC=0 -> 0xe00002c2
#### AGXIOC Method sel=0x18->0x18 inCnt=0 inSC=0 outSC=0 -> 0xe00002c2
#### AGXIOC Method sel=0x18->0x18 inCnt=0 inSC=0 outSC=0 -> 0xe00002c2
[72365:0728/061757.636588:VERBOSE1:net/base/network_delegate.cc:38] NetworkDelegate::NotifyBeforeURLRequest: https://mobile.events.data.microsoft.com/OneCollector/1.0?cors=true&content-type=application/x-json-stream
#### AGXIOC Method sel=0x18->0x18 inCnt=0 inSC=0 outSC=0 -> 0xe00002c2
#### AGXIOC Method sel=0x18->0x18 inCnt=0 inSC=0 outSC=0 -> 0xe00002c2
#### AGXIOC Method sel=0x18->0x18 inCnt=0 inSC=0 outSC=0 -> 0xe00002c2
#### AGXIOC Method sel=0x18->0x18 inCnt=0 inSC=0 outSC=0 -> 0xe00002c2
#### AGXIOC Method sel=0x18->0x18 inCnt=0 inSC=0 outSC=0 -> 0xe00002c2
#### AGXIOC Method sel=0x18->0x18 inCnt=0 inSC=0 outSC=0 -> 0xe00002c2
#### AGXIOC Method sel=0x18->0x18 inCnt=0 inSC=0 outSC=0 -> 0xe00002c2
#### AGXIOC Method sel=0x18->0x18 inCnt=0 inSC=0 outSC=0 -> 0xe00002c2
#### AGXIOC Method sel=0x18->0x18 inCnt=0 inSC=0 outSC=0 -> 0xe00002c2
#### AGXIOC Method sel=0x18->0x18 inCnt=0 inSC=0 outSC=0 -> 0xe00002c2
#### MACWS-NEW-EVENT #2500 original=nil sharedEvent=0x60053faa0 class=_MTLSharedEvent device=0x600282000 deviceClass=AGXG13GFamilyDevice
#### AGXIOC Method sel=0x18->0x18 inCnt=0 inSC=0 outSC=0 -> 0xe00002c2
#### AGXIOC Method sel=0x18->0x18 inCnt=0 inSC=0 outSC=0 -> 0xe00002c2
#### AGXIOC Method sel=0x18->0x18 inCnt=0 inSC=0 outSC=0 -> 0xe00002c2
#### AGXIOC Method sel=0x18->0x18 inCnt=0 inSC=0 outSC=0 -> 0xe00002c2
#### AGXIOC Method sel=0x18->0x18 inCnt=0 inSC=0 outSC=0 -> 0xe00002c2
#### AGXIOC Method sel=0x18->0x18 inCnt=0 inSC=0 outSC=0 -> 0xe00002c2
#### AGXIOC Method sel=0x18->0x18 inCnt=0 inSC=0 outSC=0 -> 0xe00002c2
#### AGXIOC Method sel=0x18->0x18 inCnt=0 inSC=0 outSC=0 -> 0xe00002c2
#### AGXIOC Method sel=0x18->0x18 inCnt=0 inSC=0 outSC=0 -> 0xe00002c2
#### AGXIOC Method sel=0x18->0x18 inCnt=0 inSC=0 outSC=0 -> 0xe00002c2
#### AGXIOC Method sel=0x18->0x18 inCnt=0 inSC=0 outSC=0 -> 0xe00002c2
#### AGXIOC Method sel=0x18->0x18 inCnt=0 inSC=0 outSC=0 -> 0xe00002c2
#### AGXIOC Method sel=0x18->0x18 inCnt=0 inSC=0 outSC=0 -> 0xe00002c2
#### AGXIOC Method sel=0x18->0x18 inCnt=0 inSC=0 outSC=0 -> 0xe00002c2
#### AGXIOC Method sel=0x18->0x18 inCnt=0 inSC=0 outSC=0 -> 0xe00002c2
#### AGXIOC Method sel=0x18->0x18 inCnt=0 inSC=0 outSC=0 -> 0xe00002c2
#### AGXIOC Method sel=0x18->0x18 inCnt=0 inSC=0 outSC=0 -> 0xe00002c2
#### AGXIOC Method sel=0x18->0x18 inCnt=0 inSC=0 outSC=0 -> 0xe00002c2
#### AGXIOC Method sel=0x18->0x18 inCnt=0 inSC=0 outSC=0 -> 0xe00002c2
#### AGXIOC Method sel=0x18->0x18 inCnt=0 inSC=0 outSC=0 -> 0xe00002c2
#### AGXIOC Method sel=0x18->0x18 inCnt=0 inSC=0 outSC=0 -> 0xe00002c2
#### AGXIOC Method sel=0x18->0x18 inCnt=0 inSC=0 outSC=0 -> 0xe00002c2
#### AGXIOC Method sel=0x18->0x18 inCnt=0 inSC=0 outSC=0 -> 0xe00002c2
[72325:0728/061800.069549:VERBOSE1:content/browser/renderer_host/media/media_stream_manager.cc:1515] MSPL::OnSuspend([this=0x6000d2ea8])
#### AGXIOC Method sel=0x18->0x18 inCnt=0 inSC=0 outSC=0 -> 0xe00002c2
[72325:0728/061801.095345:VERBOSE1:content/browser/renderer_host/media/media_stream_manager.cc:1515] MSPL::OnResume([this=0x6000d2ea8])
#### AGXIOC Method sel=0x18->0x18 inCnt=0 inSC=0 outSC=0 -> 0xe00002c2
#### AGXIOC Method sel=0x18->0x18 inCnt=0 inSC=0 outSC=0 -> 0xe00002c2
#### AGXIOC Method sel=0x18->0x18 inCnt=0 inSC=0 outSC=0 -> 0xe00002c2
#### AGXIOC Method sel=0x18->0x18 inCnt=0 inSC=0 outSC=0 -> 0xe00002c2
#### AGXIOC Method sel=0x18->0x18 inCnt=0 inSC=0 outSC=0 -> 0xe00002c2
#### AGXIOC Method sel=0x18->0x18 inCnt=0 inSC=0 outSC=0 -> 0xe00002c2
#### AGXIOC Method sel=0x18->0x18 inCnt=0 inSC=0 outSC=0 -> 0xe00002c2
#### AGXIOC Method sel=0x18->0x18 inCnt=0 inSC=0 outSC=0 -> 0xe00002c2
#### AGXIOC Method sel=0x18->0x18 inCnt=0 inSC=0 outSC=0 -> 0xe00002c2
#### AGXIOC Method sel=0x18->0x18 inCnt=0 inSC=0 outSC=0 -> 0xe00002c2
#### AGXIOC Method sel=0x18->0x18 inCnt=0 inSC=0 outSC=0 -> 0xe00002c2
#### AGXIOC Method sel=0x18->0x18 inCnt=0 inSC=0 outSC=0 -> 0xe00002c2
#### AGXIOC Method sel=0x18->0x18 inCnt=0 inSC=0 outSC=0 -> 0xe00002c2
#### AGXIOC Method sel=0x18->0x18 inCnt=0 inSC=0 outSC=0 -> 0xe00002c2
#### AGXIOC Method sel=0x18->0x18 inCnt=0 inSC=0 outSC=0 -> 0xe00002c2
#### AGXIOC Method sel=0x18->0x18 inCnt=0 inSC=0 outSC=0 -> 0xe00002c2
#### AGXIOC Method sel=0x18->0x18 inCnt=0 inSC=0 outSC=0 -> 0xe00002c2
#### AGXIOC Method sel=0x18->0x18 inCnt=0 inSC=0 outSC=0 -> 0xe00002c2
#### AGXIOC Method sel=0x18->0x18 inCnt=0 inSC=0 outSC=0 -> 0xe00002c2
#### AGXIOC Method sel=0x18->0x18 inCnt=0 inSC=0 outSC=0 -> 0xe00002c2
#### AGXIOC Method sel=0x18->0x18 inCnt=0 inSC=0 outSC=0 -> 0xe00002c2
#### AGXIOC Method sel=0x18->0x18 inCnt=0 inSC=0 outSC=0 -> 0xe00002c2
#### AGXIOC Method sel=0x18->0x18 inCnt=0 inSC=0 outSC=0 -> 0xe00002c2
#### AGXIOC Method sel=0x18->0x18 inCnt=0 inSC=0 outSC=0 -> 0xe00002c2
#### AGXIOC Method sel=0x18->0x18 inCnt=0 inSC=0 outSC=0 -> 0xe00002c2
#### AGXIOC Method sel=0x18->0x18 inCnt=0 inSC=0 outSC=0 -> 0xe00002c2
#### AGXIOC Method sel=0x18->0x18 inCnt=0 inSC=0 outSC=0 -> 0xe00002c2
#### AGXIOC Method sel=0x18->0x18 inCnt=0 inSC=0 outSC=0 -> 0xe00002c2
[72365:0728/061802.878556:VERBOSE1:net/base/network_delegate.cc:38] NetworkDelegate::NotifyBeforeURLRequest: https://mobile.events.data.microsoft.com/OneCollector/1.0?cors=true&content-type=application/x-json-stream
#### AGXIOC Method sel=0x18->0x18 inCnt=0 inSC=0 outSC=0 -> 0xe00002c2
#### AGXIOC Method sel=0x18->0x18 inCnt=0 inSC=0 outSC=0 -> 0xe00002c2
#### AGXIOC Method sel=0x18->0x18 inCnt=0 inSC=0 outSC=0 -> 0xe00002c2
#### AGXIOC Method sel=0x18->0x18 inCnt=0 inSC=0 outSC=0 -> 0xe00002c2
#### AGXIOC Method sel=0x18->0x18 inCnt=0 inSC=0 outSC=0 -> 0xe00002c2
#### AGXIOC Method sel=0x18->0x18 inCnt=0 inSC=0 outSC=0 -> 0xe00002c2
#### AGXIOC Method sel=0x18->0x18 inCnt=0 inSC=0 outSC=0 -> 0xe00002c2
#### AGXIOC Method sel=0x18->0x18 inCnt=0 inSC=0 outSC=0 -> 0xe00002c2
#### AGXIOC Method sel=0x18->0x18 inCnt=0 inSC=0 outSC=0 -> 0xe00002c2
#### AGXIOC Method sel=0x18->0x18 inCnt=0 inSC=0 outSC=0 -> 0xe00002c2
#### AGXIOC Method sel=0x18->0x18 inCnt=0 inSC=0 outSC=0 -> 0xe00002c2
#### AGXIOC Method sel=0x18->0x18 inCnt=0 inSC=0 outSC=0 -> 0xe00002c2
#### AGXIOC Method sel=0x18->0x18 inCnt=0 inSC=0 outSC=0 -> 0xe00002c2
#### AGXIOC Method sel=0x18->0x18 inCnt=0 inSC=0 outSC=0 -> 0xe00002c2
#### AGXIOC Method sel=0x18->0x18 inCnt=0 inSC=0 outSC=0 -> 0xe00002c2
#### AGXIOC Method sel=0x18->0x18 inCnt=0 inSC=0 outSC=0 -> 0xe00002c2
#### AGXIOC Method sel=0x18->0x18 inCnt=0 inSC=0 outSC=0 -> 0xe00002c2
#### AGXIOC Method sel=0x18->0x18 inCnt=0 inSC=0 outSC=0 -> 0xe00002c2
#### AGXIOC Method sel=0x18->0x18 inCnt=0 inSC=0 outSC=0 -> 0xe00002c2
#### AGXIOC Method sel=0x18->0x18 inCnt=0 inSC=0 outSC=0 -> 0xe00002c2
#### AGXIOC Method sel=0x18->0x18 inCnt=0 inSC=0 outSC=0 -> 0xe00002c2
#### AGXIOC Method sel=0x18->0x18 inCnt=0 inSC=0 outSC=0 -> 0xe00002c2
#### AGXIOC Method sel=0x18->0x18 inCnt=0 inSC=0 outSC=0 -> 0xe00002c2
#### AGXIOC Method sel=0x18->0x18 inCnt=0 inSC=0 outSC=0 -> 0xe00002c2
#### AGXIOC Method sel=0x18->0x18 inCnt=0 inSC=0 outSC=0 -> 0xe00002c2
#### AGXIOC Method sel=0x18->0x18 inCnt=0 inSC=0 outSC=0 -> 0xe00002c2
#### AGXIOC Method sel=0x18->0x18 inCnt=0 inSC=0 outSC=0 -> 0xe00002c2
#### AGXIOC Method sel=0x18->0x18 inCnt=0 inSC=0 outSC=0 -> 0xe00002c2
#### AGXIOC Method sel=0x18->0x18 inCnt=0 inSC=0 outSC=0 -> 0xe00002c2
#### AGXIOC Method sel=0x18->0x18 inCnt=0 inSC=0 outSC=0 -> 0xe00002c2
#### AGXIOC Method sel=0x18->0x18 inCnt=0 inSC=0 outSC=0 -> 0xe00002c2
#### AGXIOC Method sel=0x18->0x18 inCnt=0 inSC=0 outSC=0 -> 0xe00002c2
#### AGXIOC Method sel=0x18->0x18 inCnt=0 inSC=0 outSC=0 -> 0xe00002c2
#### AGXIOC Method sel=0x18->0x18 inCnt=0 inSC=0 outSC=0 -> 0xe00002c2
[72325:0728/061805.297836:VERBOSE1:content/browser/renderer_host/media/media_stream_manager.cc:1515] MSPL::OnSuspend([this=0x6000d2ea8])
#### AGXIOC Method sel=0x18->0x18 inCnt=0 inSC=0 outSC=0 -> 0xe00002c2
[72325:0728/061806.346845:VERBOSE1:content/browser/renderer_host/media/media_stream_manager.cc:1515] MSPL::OnResume([this=0x6000d2ea8])
#### AGXIOC Method sel=0x18->0x18 inCnt=0 inSC=0 outSC=0 -> 0xe00002c2
#### AGXIOC Method sel=0x18->0x18 inCnt=0 inSC=0 outSC=0 -> 0xe00002c2
#### AGXIOC Method sel=0x18->0x18 inCnt=0 inSC=0 outSC=0 -> 0xe00002c2
#### AGXIOC Method sel=0x18->0x18 inCnt=0 inSC=0 outSC=0 -> 0xe00002c2
#### AGXIOC Method sel=0x18->0x18 inCnt=0 inSC=0 outSC=0 -> 0xe00002c2
#### AGXIOC Method sel=0x18->0x18 inCnt=0 inSC=0 outSC=0 -> 0xe00002c2
#### AGXIOC Method sel=0x18->0x18 inCnt=0 inSC=0 outSC=0 -> 0xe00002c2
#### AGXIOC Method sel=0x18->0x18 inCnt=0 inSC=0 outSC=0 -> 0xe00002c2
#### AGXIOC Method sel=0x18->0x18 inCnt=0 inSC=0 outSC=0 -> 0xe00002c2
#### AGXIOC Method sel=0x18->0x18 inCnt=0 inSC=0 outSC=0 -> 0xe00002c2
#### AGXIOC Method sel=0x18->0x18 inCnt=0 inSC=0 outSC=0 -> 0xe00002c2
#### AGXIOC Method sel=0x18->0x18 inCnt=0 inSC=0 outSC=0 -> 0xe00002c2
#### AGXIOC Method sel=0x18->0x18 inCnt=0 inSC=0 outSC=0 -> 0xe00002c2
#### AGXIOC Method sel=0x18->0x18 inCnt=0 inSC=0 outSC=0 -> 0xe00002c2
#### AGXIOC Method sel=0x18->0x18 inCnt=0 inSC=0 outSC=0 -> 0xe00002c2
#### AGXIOC Method sel=0x18->0x18 inCnt=0 inSC=0 outSC=0 -> 0xe00002c2
#### AGXIOC Method sel=0x18->0x18 inCnt=0 inSC=0 outSC=0 -> 0xe00002c2
#### AGXIOC Method sel=0x18->0x18 inCnt=0 inSC=0 outSC=0 -> 0xe00002c2
#### AGXIOC Method sel=0x18->0x18 inCnt=0 inSC=0 outSC=0 -> 0xe00002c2
#### AGXIOC Method sel=0x18->0x18 inCnt=0 inSC=0 outSC=0 -> 0xe00002c2
#### AGXIOC Method sel=0x18->0x18 inCnt=0 inSC=0 outSC=0 -> 0xe00002c2
#### AGXIOC Method sel=0x18->0x18 inCnt=0 inSC=0 outSC=0 -> 0xe00002c2
#### AGXIOC Method sel=0x18->0x18 inCnt=0 inSC=0 outSC=0 -> 0xe00002c2
#### AGXIOC Method sel=0x18->0x18 inCnt=0 inSC=0 outSC=0 -> 0xe00002c2
#### AGXIOC Method sel=0x18->0x18 inCnt=0 inSC=0 outSC=0 -> 0xe00002c2
#### AGXIOC Method sel=0x18->0x18 inCnt=0 inSC=0 outSC=0 -> 0xe00002c2
#### AGXIOC Method sel=0x18->0x18 inCnt=0 inSC=0 outSC=0 -> 0xe00002c2
#### AGXIOC Method sel=0x18->0x18 inCnt=0 inSC=0 outSC=0 -> 0xe00002c2
#### AGXIOC Method sel=0x18->0x18 inCnt=0 inSC=0 outSC=0 -> 0xe00002c2
[72365:0728/061808.119596:VERBOSE1:net/base/network_delegate.cc:38] NetworkDelegate::NotifyBeforeURLRequest: https://mobile.events.data.microsoft.com/OneCollector/1.0?cors=true&content-type=application/x-json-stream
#### AGXIOC Method sel=0x18->0x18 inCnt=0 inSC=0 outSC=0 -> 0xe00002c2
#### AGXIOC Method sel=0x18->0x18 inCnt=0 inSC=0 outSC=0 -> 0xe00002c2
#### AGXIOC Method sel=0x18->0x18 inCnt=0 inSC=0 outSC=0 -> 0xe00002c2
#### AGXIOC Method sel=0x18->0x18 inCnt=0 inSC=0 outSC=0 -> 0xe00002c2
#### AGXIOC Method sel=0x18->0x18 inCnt=0 inSC=0 outSC=0 -> 0xe00002c2
#### AGXIOC Method sel=0x18->0x18 inCnt=0 inSC=0 outSC=0 -> 0xe00002c2
#### AGXIOC Method sel=0x18->0x18 inCnt=0 inSC=0 outSC=0 -> 0xe00002c2
#### AGXIOC Method sel=0x18->0x18 inCnt=0 inSC=0 outSC=0 -> 0xe00002c2
#### AGXIOC Method sel=0x18->0x18 inCnt=0 inSC=0 outSC=0 -> 0xe00002c2
#### AGXIOC Method sel=0x18->0x18 inCnt=0 inSC=0 outSC=0 -> 0xe00002c2
#### AGXIOC Method sel=0x18->0x18 inCnt=0 inSC=0 outSC=0 -> 0xe00002c2
#### AGXIOC Method sel=0x18->0x18 inCnt=0 inSC=0 outSC=0 -> 0xe00002c2
#### AGXIOC Method sel=0x18->0x18 inCnt=0 inSC=0 outSC=0 -> 0xe00002c2
#### AGXIOC Method sel=0x18->0x18 inCnt=0 inSC=0 outSC=0 -> 0xe00002c2
#### AGXIOC Method sel=0x18->0x18 inCnt=0 inSC=0 outSC=0 -> 0xe00002c2
#### AGXIOC Method sel=0x18->0x18 inCnt=0 inSC=0 outSC=0 -> 0xe00002c2
#### AGXIOC Method sel=0x18->0x18 inCnt=0 inSC=0 outSC=0 -> 0xe00002c2
#### AGXIOC Method sel=0x18->0x18 inCnt=0 inSC=0 outSC=0 -> 0xe00002c2
#### AGXIOC Method sel=0x18->0x18 inCnt=0 inSC=0 outSC=0 -> 0xe00002c2
#### AGXIOC Method sel=0x18->0x18 inCnt=0 inSC=0 outSC=0 -> 0xe00002c2
#### AGXIOC Method sel=0x18->0x18 inCnt=0 inSC=0 outSC=0 -> 0xe00002c2
#### AGXIOC Method sel=0x18->0x18 inCnt=0 inSC=0 outSC=0 -> 0xe00002c2
#### AGXIOC Method sel=0x18->0x18 inCnt=0 inSC=0 outSC=0 -> 0xe00002c2
#### AGXIOC Method sel=0x18->0x18 inCnt=0 inSC=0 outSC=0 -> 0xe00002c2
#### AGXIOC Method sel=0x18->0x18 inCnt=0 inSC=0 outSC=0 -> 0xe00002c2
#### AGXIOC Method sel=0x18->0x18 inCnt=0 inSC=0 outSC=0 -> 0xe00002c2
#### AGXIOC Method sel=0x18->0x18 inCnt=0 inSC=0 outSC=0 -> 0xe00002c2
#### AGXIOC Method sel=0x18->0x18 inCnt=0 inSC=0 outSC=0 -> 0xe00002c2
#### AGXIOC Method sel=0x18->0x18 inCnt=0 inSC=0 outSC=0 -> 0xe00002c2
[72325:0728/061810.548669:VERBOSE1:content/browser/renderer_host/media/media_stream_manager.cc:1515] MSPL::OnSuspend([this=0x6000d2ea8])
[72325:0728/061811.600477:VERBOSE1:content/browser/renderer_host/media/media_stream_manager.cc:1515] MSPL::OnResume([this=0x6000d2ea8])
#### AGXIOC Method sel=0x18->0x18 inCnt=0 inSC=0 outSC=0 -> 0xe00002c2
#### AGXIOC Method sel=0x18->0x18 inCnt=0 inSC=0 outSC=0 -> 0xe00002c2
#### AGXIOC Method sel=0x18->0x18 inCnt=0 inSC=0 outSC=0 -> 0xe00002c2
#### AGXIOC Method sel=0x18->0x18 inCnt=0 inSC=0 outSC=0 -> 0xe00002c2
#### AGXIOC Method sel=0x18->0x18 inCnt=0 inSC=0 outSC=0 -> 0xe00002c2
#### AGXIOC Method sel=0x18->0x18 inCnt=0 inSC=0 outSC=0 -> 0xe00002c2
#### AGXIOC Method sel=0x18->0x18 inCnt=0 inSC=0 outSC=0 -> 0xe00002c2
#### AGXIOC Method sel=0x18->0x18 inCnt=0 inSC=0 outSC=0 -> 0xe00002c2
#### AGXIOC Method sel=0x18->0x18 inCnt=0 inSC=0 outSC=0 -> 0xe00002c2
#### AGXIOC Method sel=0x18->0x18 inCnt=0 inSC=0 outSC=0 -> 0xe00002c2
#### AGXIOC Method sel=0x18->0x18 inCnt=0 inSC=0 outSC=0 -> 0xe00002c2
#### AGXIOC Method sel=0x18->0x18 inCnt=0 inSC=0 outSC=0 -> 0xe00002c2
#### AGXIOC Method sel=0x18->0x18 inCnt=0 inSC=0 outSC=0 -> 0xe00002c2
#### AGXIOC Method sel=0x18->0x18 inCnt=0 inSC=0 outSC=0 -> 0xe00002c2
#### AGXIOC Method sel=0x18->0x18 inCnt=0 inSC=0 outSC=0 -> 0xe00002c2
#### AGXIOC Method sel=0x18->0x18 inCnt=0 inSC=0 outSC=0 -> 0xe00002c2
#### AGXIOC Method sel=0x18->0x18 inCnt=0 inSC=0 outSC=0 -> 0xe00002c2
#### AGXIOC Method sel=0x18->0x18 inCnt=0 inSC=0 outSC=0 -> 0xe00002c2
#### AGXIOC Method sel=0x18->0x18 inCnt=0 inSC=0 outSC=0 -> 0xe00002c2
#### AGXIOC Method sel=0x18->0x18 inCnt=0 inSC=0 outSC=0 -> 0xe00002c2
#### AGXIOC Method sel=0x18->0x18 inCnt=0 inSC=0 outSC=0 -> 0xe00002c2
#### AGXIOC Method sel=0x18->0x18 inCnt=0 inSC=0 outSC=0 -> 0xe00002c2
#### AGXIOC Method sel=0x18->0x18 inCnt=0 inSC=0 outSC=0 -> 0xe00002c2
#### AGXIOC Method sel=0x18->0x18 inCnt=0 inSC=0 outSC=0 -> 0xe00002c2
#### AGXIOC Method sel=0x18->0x18 inCnt=0 inSC=0 outSC=0 -> 0xe00002c2
#### AGXIOC Method sel=0x18->0x18 inCnt=0 inSC=0 outSC=0 -> 0xe00002c2
#### AGXIOC Method sel=0x18->0x18 inCnt=0 inSC=0 outSC=0 -> 0xe00002c2
#### AGXIOC Method sel=0x18->0x18 inCnt=0 inSC=0 outSC=0 -> 0xe00002c2
#### AGXIOC Method sel=0x18->0x18 inCnt=0 inSC=0 outSC=0 -> 0xe00002c2
[72365:0728/061813.382972:VERBOSE1:net/base/network_delegate.cc:38] NetworkDelegate::NotifyBeforeURLRequest: https://mobile.events.data.microsoft.com/OneCollector/1.0?cors=true&content-type=application/x-json-stream
#### AGXIOC Method sel=0x18->0x18 inCnt=0 inSC=0 outSC=0 -> 0xe00002c2
#### AGXIOC Method sel=0x18->0x18 inCnt=0 inSC=0 outSC=0 -> 0xe00002c2
#### AGXIOC Method sel=0x18->0x18 inCnt=0 inSC=0 outSC=0 -> 0xe00002c2
#### AGXIOC Method sel=0x18->0x18 inCnt=0 inSC=0 outSC=0 -> 0xe00002c2
#### AGXIOC Method sel=0x18->0x18 inCnt=0 inSC=0 outSC=0 -> 0xe00002c2
#### AGXIOC Method sel=0x1e->0x1a inCnt=4 inSC=56 outSC=0 -> 0x0
#### AGXIOC Method sel=0x18->0x18 inCnt=0 inSC=0 outSC=0 -> 0xe00002c2
#### AGXIOC Method sel=0x18->0x18 inCnt=0 inSC=0 outSC=0 -> 0xe00002c2
#### AGXIOC Method sel=0x18->0x18 inCnt=0 inSC=0 outSC=0 -> 0xe00002c2
#### AGXIOC Method sel=0x18->0x18 inCnt=0 inSC=0 outSC=0 -> 0xe00002c2
#### AGXIOC Method sel=0x18->0x18 inCnt=0 inSC=0 outSC=0 -> 0xe00002c2
#### AGXIOC Method sel=0x18->0x18 inCnt=0 inSC=0 outSC=0 -> 0xe00002c2
#### AGXIOC Method sel=0x18->0x18 inCnt=0 inSC=0 outSC=0 -> 0xe00002c2
#### AGXIOC Method sel=0x18->0x18 inCnt=0 inSC=0 outSC=0 -> 0xe00002c2
#### AGXIOC Method sel=0x18->0x18 inCnt=0 inSC=0 outSC=0 -> 0xe00002c2
#### AGXIOC Method sel=0x18->0x18 inCnt=0 inSC=0 outSC=0 -> 0xe00002c2
#### AGXIOC Method sel=0x18->0x18 inCnt=0 inSC=0 outSC=0 -> 0xe00002c2
#### AGXIOC Method sel=0x18->0x18 inCnt=0 inSC=0 outSC=0 -> 0xe00002c2
#### AGXIOC Method sel=0x18->0x18 inCnt=0 inSC=0 outSC=0 -> 0xe00002c2
#### AGXIOC Method sel=0x18->0x18 inCnt=0 inSC=0 outSC=0 -> 0xe00002c2
#### AGXIOC Method sel=0x18->0x18 inCnt=0 inSC=0 outSC=0 -> 0xe00002c2
#### AGXIOC Method sel=0x18->0x18 inCnt=0 inSC=0 outSC=0 -> 0xe00002c2
#### AGXIOC Method sel=0x18->0x18 inCnt=0 inSC=0 outSC=0 -> 0xe00002c2
#### AGXIOC Method sel=0x18->0x18 inCnt=0 inSC=0 outSC=0 -> 0xe00002c2
#### AGXIOC Method sel=0x18->0x18 inCnt=0 inSC=0 outSC=0 -> 0xe00002c2
#### AGXIOC Method sel=0x18->0x18 inCnt=0 inSC=0 outSC=0 -> 0xe00002c2
#### AGXIOC Method sel=0x18->0x18 inCnt=0 inSC=0 outSC=0 -> 0xe00002c2
#### AGXIOC Method sel=0x18->0x18 inCnt=0 inSC=0 outSC=0 -> 0xe00002c2
#### AGXIOC Method sel=0x18->0x18 inCnt=0 inSC=0 outSC=0 -> 0xe00002c2
#### AGXIOC Method sel=0x18->0x18 inCnt=0 inSC=0 outSC=0 -> 0xe00002c2
#### AGXIOC Method sel=0x18->0x18 inCnt=0 inSC=0 outSC=0 -> 0xe00002c2
#### AGXIOC Method sel=0x18->0x18 inCnt=0 inSC=0 outSC=0 -> 0xe00002c2
#### AGXIOC Method sel=0x18->0x18 inCnt=0 inSC=0 outSC=0 -> 0xe00002c2
#### AGXIOC Method sel=0x18->0x18 inCnt=0 inSC=0 outSC=0 -> 0xe00002c2
#### AGXIOC Method sel=0x18->0x18 inCnt=0 inSC=0 outSC=0 -> 0xe00002c2
[72325:0728/061815.783633:VERBOSE1:content/browser/renderer_host/media/media_stream_manager.cc:1515] MSPL::OnSuspend([this=0x6000d2ea8])
#### AGXIOC Method sel=0x18->0x18 inCnt=0 inSC=0 outSC=0 -> 0xe00002c2
[72325:0728/061816.847421:VERBOSE1:content/browser/renderer_host/media/media_stream_manager.cc:1515] MSPL::OnResume([this=0x6000d2ea8])
#### AGXIOC Method sel=0x18->0x18 inCnt=0 inSC=0 outSC=0 -> 0xe00002c2
#### AGXIOC Method sel=0x18->0x18 inCnt=0 inSC=0 outSC=0 -> 0xe00002c2
#### AGXIOC Method sel=0x18->0x18 inCnt=0 inSC=0 outSC=0 -> 0xe00002c2
#### AGXIOC Method sel=0x18->0x18 inCnt=0 inSC=0 outSC=0 -> 0xe00002c2
#### AGXIOC Method sel=0x18->0x18 inCnt=0 inSC=0 outSC=0 -> 0xe00002c2
#### AGXIOC Method sel=0x18->0x18 inCnt=0 inSC=0 outSC=0 -> 0xe00002c2
#### AGXIOC Method sel=0x18->0x18 inCnt=0 inSC=0 outSC=0 -> 0xe00002c2
#### AGXIOC Method sel=0x18->0x18 inCnt=0 inSC=0 outSC=0 -> 0xe00002c2
#### AGXIOC Method sel=0x18->0x18 inCnt=0 inSC=0 outSC=0 -> 0xe00002c2
#### AGXIOC Method sel=0x18->0x18 inCnt=0 inSC=0 outSC=0 -> 0xe00002c2
#### AGXIOC Method sel=0x18->0x18 inCnt=0 inSC=0 outSC=0 -> 0xe00002c2
#### AGXIOC Method sel=0x18->0x18 inCnt=0 inSC=0 outSC=0 -> 0xe00002c2
#### AGXIOC Method sel=0x18->0x18 inCnt=0 inSC=0 outSC=0 -> 0xe00002c2
#### AGXIOC Method sel=0x18->0x18 inCnt=0 inSC=0 outSC=0 -> 0xe00002c2
#### AGXIOC Method sel=0x18->0x18 inCnt=0 inSC=0 outSC=0 -> 0xe00002c2
#### AGXIOC Method sel=0x18->0x18 inCnt=0 inSC=0 outSC=0 -> 0xe00002c2
#### AGXIOC Method sel=0x18->0x18 inCnt=0 inSC=0 outSC=0 -> 0xe00002c2
#### AGXIOC Method sel=0x18->0x18 inCnt=0 inSC=0 outSC=0 -> 0xe00002c2
#### AGXIOC Method sel=0x18->0x18 inCnt=0 inSC=0 outSC=0 -> 0xe00002c2
#### AGXIOC Method sel=0x18->0x18 inCnt=0 inSC=0 outSC=0 -> 0xe00002c2
#### AGXIOC Method sel=0x18->0x18 inCnt=0 inSC=0 outSC=0 -> 0xe00002c2
#### AGXIOC Method sel=0x18->0x18 inCnt=0 inSC=0 outSC=0 -> 0xe00002c2
#### AGXIOC Method sel=0x18->0x18 inCnt=0 inSC=0 outSC=0 -> 0xe00002c2
#### AGXIOC Method sel=0x18->0x18 inCnt=0 inSC=0 outSC=0 -> 0xe00002c2
#### AGXIOC Method sel=0x18->0x18 inCnt=0 inSC=0 outSC=0 -> 0xe00002c2
#### AGXIOC Method sel=0x18->0x18 inCnt=0 inSC=0 outSC=0 -> 0xe00002c2
[72365:0728/061818.624202:VERBOSE1:net/base/network_delegate.cc:38] NetworkDelegate::NotifyBeforeURLRequest: https://mobile.events.data.microsoft.com/OneCollector/1.0?cors=true&content-type=application/x-json-stream
#### AGXIOC Method sel=0x18->0x18 inCnt=0 inSC=0 outSC=0 -> 0xe00002c2
#### AGXIOC Method sel=0x18->0x18 inCnt=0 inSC=0 outSC=0 -> 0xe00002c2
#### AGXIOC Method sel=0x18->0x18 inCnt=0 inSC=0 outSC=0 -> 0xe00002c2
#### AGXIOC Method sel=0x18->0x18 inCnt=0 inSC=0 outSC=0 -> 0xe00002c2
#### AGXIOC Method sel=0x18->0x18 inCnt=0 inSC=0 outSC=0 -> 0xe00002c2
#### AGXIOC Method sel=0x18->0x18 inCnt=0 inSC=0 outSC=0 -> 0xe00002c2
#### AGXIOC Method sel=0x18->0x18 inCnt=0 inSC=0 outSC=0 -> 0xe00002c2
#### AGXIOC Method sel=0x18->0x18 inCnt=0 inSC=0 outSC=0 -> 0xe00002c2
#### AGXIOC Method sel=0x18->0x18 inCnt=0 inSC=0 outSC=0 -> 0xe00002c2
#### AGXIOC Method sel=0x18->0x18 inCnt=0 inSC=0 outSC=0 -> 0xe00002c2
#### AGXIOC Method sel=0x18->0x18 inCnt=0 inSC=0 outSC=0 -> 0xe00002c2
#### AGXIOC Method sel=0x18->0x18 inCnt=0 inSC=0 outSC=0 -> 0xe00002c2
#### AGXIOC Method sel=0x18->0x18 inCnt=0 inSC=0 outSC=0 -> 0xe00002c2
#### AGXIOC Method sel=0x18->0x18 inCnt=0 inSC=0 outSC=0 -> 0xe00002c2
#### AGXIOC Method sel=0x18->0x18 inCnt=0 inSC=0 outSC=0 -> 0xe00002c2
#### AGXIOC Method sel=0x18->0x18 inCnt=0 inSC=0 outSC=0 -> 0xe00002c2
#### AGXIOC Method sel=0x18->0x18 inCnt=0 inSC=0 outSC=0 -> 0xe00002c2
#### AGXIOC Method sel=0x18->0x18 inCnt=0 inSC=0 outSC=0 -> 0xe00002c2
#### AGXIOC Method sel=0x18->0x18 inCnt=0 inSC=0 outSC=0 -> 0xe00002c2
#### AGXIOC Method sel=0x18->0x18 inCnt=0 inSC=0 outSC=0 -> 0xe00002c2
#### AGXIOC Method sel=0x18->0x18 inCnt=0 inSC=0 outSC=0 -> 0xe00002c2
#### AGXIOC Method sel=0x18->0x18 inCnt=0 inSC=0 outSC=0 -> 0xe00002c2
#### AGXIOC Method sel=0x18->0x18 inCnt=0 inSC=0 outSC=0 -> 0xe00002c2
#### AGXIOC Method sel=0x18->0x18 inCnt=0 inSC=0 outSC=0 -> 0xe00002c2
#### AGXIOC Method sel=0x18->0x18 inCnt=0 inSC=0 outSC=0 -> 0xe00002c2
#### AGXIOC Method sel=0x18->0x18 inCnt=0 inSC=0 outSC=0 -> 0xe00002c2
#### AGXIOC Method sel=0x18->0x18 inCnt=0 inSC=0 outSC=0 -> 0xe00002c2
#### AGXIOC Method sel=0x18->0x18 inCnt=0 inSC=0 outSC=0 -> 0xe00002c2
#### AGXIOC Method sel=0x18->0x18 inCnt=0 inSC=0 outSC=0 -> 0xe00002c2
#### AGXIOC Method sel=0x18->0x18 inCnt=0 inSC=0 outSC=0 -> 0xe00002c2
#### AGXIOC Method sel=0x18->0x18 inCnt=0 inSC=0 outSC=0 -> 0xe00002c2
[72325:0728/061821.037511:VERBOSE1:content/browser/renderer_host/media/media_stream_manager.cc:1515] MSPL::OnSuspend([this=0x6000d2ea8])
#### AGXIOC Method sel=0x18->0x18 inCnt=0 inSC=0 outSC=0 -> 0xe00002c2
[72325:0728/061822.103193:VERBOSE1:content/browser/renderer_host/media/media_stream_manager.cc:1515] MSPL::OnResume([this=0x6000d2ea8])
#### AGXIOC Method sel=0x18->0x18 inCnt=0 inSC=0 outSC=0 -> 0xe00002c2
#### AGXIOC Method sel=0x18->0x18 inCnt=0 inSC=0 outSC=0 -> 0xe00002c2
#### AGXIOC Method sel=0x18->0x18 inCnt=0 inSC=0 outSC=0 -> 0xe00002c2
#### AGXIOC Method sel=0x18->0x18 inCnt=0 inSC=0 outSC=0 -> 0xe00002c2
#### AGXIOC Method sel=0x18->0x18 inCnt=0 inSC=0 outSC=0 -> 0xe00002c2
#### AGXIOC Method sel=0x18->0x18 inCnt=0 inSC=0 outSC=0 -> 0xe00002c2
#### AGXIOC Method sel=0x18->0x18 inCnt=0 inSC=0 outSC=0 -> 0xe00002c2
#### AGXIOC Method sel=0x18->0x18 inCnt=0 inSC=0 outSC=0 -> 0xe00002c2
#### AGXIOC Method sel=0x18->0x18 inCnt=0 inSC=0 outSC=0 -> 0xe00002c2
#### AGXIOC Method sel=0x18->0x18 inCnt=0 inSC=0 outSC=0 -> 0xe00002c2
#### AGXIOC Method sel=0x18->0x18 inCnt=0 inSC=0 outSC=0 -> 0xe00002c2
#### AGXIOC Method sel=0x18->0x18 inCnt=0 inSC=0 outSC=0 -> 0xe00002c2
#### AGXIOC Method sel=0x18->0x18 inCnt=0 inSC=0 outSC=0 -> 0xe00002c2
#### AGXIOC Method sel=0x18->0x18 inCnt=0 inSC=0 outSC=0 -> 0xe00002c2
#### AGXIOC Method sel=0x18->0x18 inCnt=0 inSC=0 outSC=0 -> 0xe00002c2
#### AGXIOC Method sel=0x18->0x18 inCnt=0 inSC=0 outSC=0 -> 0xe00002c2
#### AGXIOC Method sel=0x18->0x18 inCnt=0 inSC=0 outSC=0 -> 0xe00002c2
#### AGXIOC Method sel=0x18->0x18 inCnt=0 inSC=0 outSC=0 -> 0xe00002c2
#### AGXIOC Method sel=0x18->0x18 inCnt=0 inSC=0 outSC=0 -> 0xe00002c2
#### AGXIOC Method sel=0x18->0x18 inCnt=0 inSC=0 outSC=0 -> 0xe00002c2
#### AGXIOC Method sel=0x18->0x18 inCnt=0 inSC=0 outSC=0 -> 0xe00002c2
#### AGXIOC Method sel=0x18->0x18 inCnt=0 inSC=0 outSC=0 -> 0xe00002c2
#### AGXIOC Method sel=0x18->0x18 inCnt=0 inSC=0 outSC=0 -> 0xe00002c2
#### AGXIOC Method sel=0x18->0x18 inCnt=0 inSC=0 outSC=0 -> 0xe00002c2
#### AGXIOC Method sel=0x18->0x18 inCnt=0 inSC=0 outSC=0 -> 0xe00002c2
#### AGXIOC Method sel=0x18->0x18 inCnt=0 inSC=0 outSC=0 -> 0xe00002c2
#### AGXIOC Method sel=0x18->0x18 inCnt=0 inSC=0 outSC=0 -> 0xe00002c2
#### AGXIOC Method sel=0x18->0x18 inCnt=0 inSC=0 outSC=0 -> 0xe00002c2
#### AGXIOC Method sel=0x18->0x18 inCnt=0 inSC=0 outSC=0 -> 0xe00002c2
#### AGXIOC Method sel=0x18->0x18 inCnt=0 inSC=0 outSC=0 -> 0xe00002c2
[72365:0728/061823.876794:VERBOSE1:net/base/network_delegate.cc:38] NetworkDelegate::NotifyBeforeURLRequest: https://mobile.events.data.microsoft.com/OneCollector/1.0?cors=true&content-type=application/x-json-stream
#### AGXIOC Method sel=0x18->0x18 inCnt=0 inSC=0 outSC=0 -> 0xe00002c2
#### AGXIOC Method sel=0x18->0x18 inCnt=0 inSC=0 outSC=0 -> 0xe00002c2
#### AGXIOC Method sel=0x18->0x18 inCnt=0 inSC=0 outSC=0 -> 0xe00002c2
#### AGXIOC Method sel=0x18->0x18 inCnt=0 inSC=0 outSC=0 -> 0xe00002c2
#### AGXIOC Method sel=0x18->0x18 inCnt=0 inSC=0 outSC=0 -> 0xe00002c2
#### AGXIOC Method sel=0x18->0x18 inCnt=0 inSC=0 outSC=0 -> 0xe00002c2
#### AGXIOC Method sel=0x18->0x18 inCnt=0 inSC=0 outSC=0 -> 0xe00002c2
#### AGXIOC Method sel=0x18->0x18 inCnt=0 inSC=0 outSC=0 -> 0xe00002c2
#### AGXIOC Method sel=0x18->0x18 inCnt=0 inSC=0 outSC=0 -> 0xe00002c2
#### AGXIOC Method sel=0x18->0x18 inCnt=0 inSC=0 outSC=0 -> 0xe00002c2
#### AGXIOC Method sel=0x18->0x18 inCnt=0 inSC=0 outSC=0 -> 0xe00002c2
#### AGXIOC Method sel=0x18->0x18 inCnt=0 inSC=0 outSC=0 -> 0xe00002c2
#### AGXIOC Method sel=0x18->0x18 inCnt=0 inSC=0 outSC=0 -> 0xe00002c2
#### AGXIOC Method sel=0x18->0x18 inCnt=0 inSC=0 outSC=0 -> 0xe00002c2
#### AGXIOC Method sel=0x18->0x18 inCnt=0 inSC=0 outSC=0 -> 0xe00002c2
#### AGXIOC Method sel=0x18->0x18 inCnt=0 inSC=0 outSC=0 -> 0xe00002c2
#### AGXIOC Method sel=0x18->0x18 inCnt=0 inSC=0 outSC=0 -> 0xe00002c2
#### AGXIOC Method sel=0x18->0x18 inCnt=0 inSC=0 outSC=0 -> 0xe00002c2
#### AGXIOC Method sel=0x18->0x18 inCnt=0 inSC=0 outSC=0 -> 0xe00002c2
#### AGXIOC Method sel=0x18->0x18 inCnt=0 inSC=0 outSC=0 -> 0xe00002c2
#### AGXIOC Method sel=0x18->0x18 inCnt=0 inSC=0 outSC=0 -> 0xe00002c2
#### AGXIOC Method sel=0x18->0x18 inCnt=0 inSC=0 outSC=0 -> 0xe00002c2
#### AGXIOC Method sel=0x18->0x18 inCnt=0 inSC=0 outSC=0 -> 0xe00002c2
#### AGXIOC Method sel=0x18->0x18 inCnt=0 inSC=0 outSC=0 -> 0xe00002c2
#### AGXIOC Method sel=0x18->0x18 inCnt=0 inSC=0 outSC=0 -> 0xe00002c2
#### AGXIOC Method sel=0x18->0x18 inCnt=0 inSC=0 outSC=0 -> 0xe00002c2
#### AGXIOC Method sel=0x18->0x18 inCnt=0 inSC=0 outSC=0 -> 0xe00002c2
#### AGXIOC Method sel=0x18->0x18 inCnt=0 inSC=0 outSC=0 -> 0xe00002c2
#### AGXIOC Method sel=0x18->0x18 inCnt=0 inSC=0 outSC=0 -> 0xe00002c2
#### AGXIOC Method sel=0x18->0x18 inCnt=0 inSC=0 outSC=0 -> 0xe00002c2
#### AGXIOC Method sel=0x18->0x18 inCnt=0 inSC=0 outSC=0 -> 0xe00002c2
#### AGXIOC Method sel=0x18->0x18 inCnt=0 inSC=0 outSC=0 -> 0xe00002c2
#### AGXIOC Method sel=0x18->0x18 inCnt=0 inSC=0 outSC=0 -> 0xe00002c2
#### AGXIOC Method sel=0x18->0x18 inCnt=0 inSC=0 outSC=0 -> 0xe00002c2
[72325:0728/061826.311228:VERBOSE1:content/browser/renderer_host/media/media_stream_manager.cc:1515] MSPL::OnSuspend([this=0x6000d2ea8])
#### AGXIOC Method sel=0x18->0x18 inCnt=0 inSC=0 outSC=0 -> 0xe00002c2
[72325:0728/061827.369230:VERBOSE1:content/browser/renderer_host/media/media_stream_manager.cc:1515] MSPL::OnResume([this=0x6000d2ea8])
#### AGXIOC Method sel=0x18->0x18 inCnt=0 inSC=0 outSC=0 -> 0xe00002c2
#### AGXIOC Method sel=0x18->0x18 inCnt=0 inSC=0 outSC=0 -> 0xe00002c2
#### AGXIOC Method sel=0x18->0x18 inCnt=0 inSC=0 outSC=0 -> 0xe00002c2
#### AGXIOC Method sel=0x18->0x18 inCnt=0 inSC=0 outSC=0 -> 0xe00002c2
#### AGXIOC Method sel=0x18->0x18 inCnt=0 inSC=0 outSC=0 -> 0xe00002c2
#### AGXIOC Method sel=0x18->0x18 inCnt=0 inSC=0 outSC=0 -> 0xe00002c2
#### AGXIOC Method sel=0x18->0x18 inCnt=0 inSC=0 outSC=0 -> 0xe00002c2
#### AGXIOC Method sel=0x18->0x18 inCnt=0 inSC=0 outSC=0 -> 0xe00002c2
#### AGXIOC Method sel=0x18->0x18 inCnt=0 inSC=0 outSC=0 -> 0xe00002c2
#### AGXIOC Method sel=0x18->0x18 inCnt=0 inSC=0 outSC=0 -> 0xe00002c2
#### AGXIOC Method sel=0x18->0x18 inCnt=0 inSC=0 outSC=0 -> 0xe00002c2
#### AGXIOC Method sel=0x18->0x18 inCnt=0 inSC=0 outSC=0 -> 0xe00002c2
#### AGXIOC Method sel=0x18->0x18 inCnt=0 inSC=0 outSC=0 -> 0xe00002c2
#### AGXIOC Method sel=0x18->0x18 inCnt=0 inSC=0 outSC=0 -> 0xe00002c2
#### AGXIOC Method sel=0x18->0x18 inCnt=0 inSC=0 outSC=0 -> 0xe00002c2
#### AGXIOC Method sel=0x18->0x18 inCnt=0 inSC=0 outSC=0 -> 0xe00002c2
#### AGXIOC Method sel=0x18->0x18 inCnt=0 inSC=0 outSC=0 -> 0xe00002c2
#### AGXIOC Method sel=0x18->0x18 inCnt=0 inSC=0 outSC=0 -> 0xe00002c2
#### AGXIOC Method sel=0x18->0x18 inCnt=0 inSC=0 outSC=0 -> 0xe00002c2
#### AGXIOC Method sel=0x18->0x18 inCnt=0 inSC=0 outSC=0 -> 0xe00002c2
#### AGXIOC Method sel=0x18->0x18 inCnt=0 inSC=0 outSC=0 -> 0xe00002c2
#### AGXIOC Method sel=0x18->0x18 inCnt=0 inSC=0 outSC=0 -> 0xe00002c2
#### AGXIOC Method sel=0x18->0x18 inCnt=0 inSC=0 outSC=0 -> 0xe00002c2
#### AGXIOC Method sel=0x18->0x18 inCnt=0 inSC=0 outSC=0 -> 0xe00002c2
#### AGXIOC Method sel=0x18->0x18 inCnt=0 inSC=0 outSC=0 -> 0xe00002c2
#### AGXIOC Method sel=0x18->0x18 inCnt=0 inSC=0 outSC=0 -> 0xe00002c2
#### AGXIOC Method sel=0x18->0x18 inCnt=0 inSC=0 outSC=0 -> 0xe00002c2
#### AGXIOC Method sel=0x18->0x18 inCnt=0 inSC=0 outSC=0 -> 0xe00002c2
#### AGXIOC Method sel=0x18->0x18 inCnt=0 inSC=0 outSC=0 -> 0xe00002c2
#### AGXIOC Method sel=0x18->0x18 inCnt=0 inSC=0 outSC=0 -> 0xe00002c2
[72365:0728/061829.133139:VERBOSE1:net/base/network_delegate.cc:38] NetworkDelegate::NotifyBeforeURLRequest: https://mobile.events.data.microsoft.com/OneCollector/1.0?cors=true&content-type=application/x-json-stream
#### AGXIOC Method sel=0x18->0x18 inCnt=0 inSC=0 outSC=0 -> 0xe00002c2
#### AGXIOC Method sel=0x18->0x18 inCnt=0 inSC=0 outSC=0 -> 0xe00002c2
#### AGXIOC Method sel=0x18->0x18 inCnt=0 inSC=0 outSC=0 -> 0xe00002c2
#### AGXIOC Method sel=0x18->0x18 inCnt=0 inSC=0 outSC=0 -> 0xe00002c2
#### AGXIOC Method sel=0x18->0x18 inCnt=0 inSC=0 outSC=0 -> 0xe00002c2
#### AGXIOC Method sel=0x18->0x18 inCnt=0 inSC=0 outSC=0 -> 0xe00002c2
#### AGXIOC Method sel=0x18->0x18 inCnt=0 inSC=0 outSC=0 -> 0xe00002c2
#### AGXIOC Method sel=0x18->0x18 inCnt=0 inSC=0 outSC=0 -> 0xe00002c2
#### AGXIOC Method sel=0x18->0x18 inCnt=0 inSC=0 outSC=0 -> 0xe00002c2
#### AGXIOC Method sel=0x18->0x18 inCnt=0 inSC=0 outSC=0 -> 0xe00002c2
#### AGXIOC Method sel=0x18->0x18 inCnt=0 inSC=0 outSC=0 -> 0xe00002c2
#### AGXIOC Method sel=0x18->0x18 inCnt=0 inSC=0 outSC=0 -> 0xe00002c2
#### AGXIOC Method sel=0x18->0x18 inCnt=0 inSC=0 outSC=0 -> 0xe00002c2
#### AGXIOC Method sel=0x18->0x18 inCnt=0 inSC=0 outSC=0 -> 0xe00002c2
#### AGXIOC Method sel=0x18->0x18 inCnt=0 inSC=0 outSC=0 -> 0xe00002c2
#### AGXIOC Method sel=0x18->0x18 inCnt=0 inSC=0 outSC=0 -> 0xe00002c2
#### AGXIOC Method sel=0x18->0x18 inCnt=0 inSC=0 outSC=0 -> 0xe00002c2
#### AGXIOC Method sel=0x18->0x18 inCnt=0 inSC=0 outSC=0 -> 0xe00002c2
#### AGXIOC Method sel=0x18->0x18 inCnt=0 inSC=0 outSC=0 -> 0xe00002c2
#### AGXIOC Method sel=0x18->0x18 inCnt=0 inSC=0 outSC=0 -> 0xe00002c2
#### AGXIOC Method sel=0x18->0x18 inCnt=0 inSC=0 outSC=0 -> 0xe00002c2
#### AGXIOC Method sel=0x18->0x18 inCnt=0 inSC=0 outSC=0 -> 0xe00002c2
#### AGXIOC Method sel=0x1e->0x1a inCnt=4 inSC=56 outSC=0 -> 0x0
#### AGXIOC Method sel=0x18->0x18 inCnt=0 inSC=0 outSC=0 -> 0xe00002c2
#### AGXIOC Method sel=0x18->0x18 inCnt=0 inSC=0 outSC=0 -> 0xe00002c2
#### AGXIOC Method sel=0x18->0x18 inCnt=0 inSC=0 outSC=0 -> 0xe00002c2
#### AGXIOC Method sel=0x18->0x18 inCnt=0 inSC=0 outSC=0 -> 0xe00002c2
#### AGXIOC Method sel=0x18->0x18 inCnt=0 inSC=0 outSC=0 -> 0xe00002c2
#### AGXIOC Method sel=0x18->0x18 inCnt=0 inSC=0 outSC=0 -> 0xe00002c2
#### AGXIOC Method sel=0x18->0x18 inCnt=0 inSC=0 outSC=0 -> 0xe00002c2
#### AGXIOC Method sel=0x18->0x18 inCnt=0 inSC=0 outSC=0 -> 0xe00002c2
#### AGXIOC Method sel=0x18->0x18 inCnt=0 inSC=0 outSC=0 -> 0xe00002c2
#### AGXIOC Method sel=0x18->0x18 inCnt=0 inSC=0 outSC=0 -> 0xe00002c2
#### AGXIOC Method sel=0x18->0x18 inCnt=0 inSC=0 outSC=0 -> 0xe00002c2
#### AGXIOC Method sel=0x18->0x18 inCnt=0 inSC=0 outSC=0 -> 0xe00002c2
#### AGXIOC Method sel=0x18->0x18 inCnt=0 inSC=0 outSC=0 -> 0xe00002c2
#### AGXIOC Method sel=0x18->0x18 inCnt=0 inSC=0 outSC=0 -> 0xe00002c2
#### AGXIOC Method sel=0x18->0x18 inCnt=0 inSC=0 outSC=0 -> 0xe00002c2
#### AGXIOC Method sel=0x18->0x18 inCnt=0 inSC=0 outSC=0 -> 0xe00002c2
[72325:0728/061831.587159:VERBOSE1:content/browser/renderer_host/media/media_stream_manager.cc:1515] MSPL::OnSuspend([this=0x6000d2ea8])
#### AGXIOC Method sel=0x18->0x18 inCnt=0 inSC=0 outSC=0 -> 0xe00002c2
[72325:0728/061832.607507:VERBOSE1:content/browser/renderer_host/media/media_stream_manager.cc:1515] MSPL::OnResume([this=0x6000d2ea8])
#### AGXIOC Method sel=0x18->0x18 inCnt=0 inSC=0 outSC=0 -> 0xe00002c2
#### AGXIOC Method sel=0x18->0x18 inCnt=0 inSC=0 outSC=0 -> 0xe00002c2
#### AGXIOC Method sel=0x18->0x18 inCnt=0 inSC=0 outSC=0 -> 0xe00002c2
#### AGXIOC Method sel=0x18->0x18 inCnt=0 inSC=0 outSC=0 -> 0xe00002c2
#### AGXIOC Method sel=0x18->0x18 inCnt=0 inSC=0 outSC=0 -> 0xe00002c2
#### AGXIOC Method sel=0x18->0x18 inCnt=0 inSC=0 outSC=0 -> 0xe00002c2
#### AGXIOC Method sel=0x18->0x18 inCnt=0 inSC=0 outSC=0 -> 0xe00002c2
#### AGXIOC Method sel=0x18->0x18 inCnt=0 inSC=0 outSC=0 -> 0xe00002c2
#### AGXIOC Method sel=0x18->0x18 inCnt=0 inSC=0 outSC=0 -> 0xe00002c2
#### AGXIOC Method sel=0x18->0x18 inCnt=0 inSC=0 outSC=0 -> 0xe00002c2
#### AGXIOC Method sel=0x18->0x18 inCnt=0 inSC=0 outSC=0 -> 0xe00002c2
#### AGXIOC Method sel=0x18->0x18 inCnt=0 inSC=0 outSC=0 -> 0xe00002c2
#### AGXIOC Method sel=0x18->0x18 inCnt=0 inSC=0 outSC=0 -> 0xe00002c2
#### AGXIOC Method sel=0x18->0x18 inCnt=0 inSC=0 outSC=0 -> 0xe00002c2
#### AGXIOC Method sel=0x18->0x18 inCnt=0 inSC=0 outSC=0 -> 0xe00002c2
#### AGXIOC Method sel=0x18->0x18 inCnt=0 inSC=0 outSC=0 -> 0xe00002c2
#### AGXIOC Method sel=0x18->0x18 inCnt=0 inSC=0 outSC=0 -> 0xe00002c2
#### AGXIOC Method sel=0x18->0x18 inCnt=0 inSC=0 outSC=0 -> 0xe00002c2
#### AGXIOC Method sel=0x18->0x18 inCnt=0 inSC=0 outSC=0 -> 0xe00002c2
#### AGXIOC Method sel=0x18->0x18 inCnt=0 inSC=0 outSC=0 -> 0xe00002c2
#### AGXIOC Method sel=0x18->0x18 inCnt=0 inSC=0 outSC=0 -> 0xe00002c2
#### AGXIOC Method sel=0x18->0x18 inCnt=0 inSC=0 outSC=0 -> 0xe00002c2
#### AGXIOC Method sel=0x18->0x18 inCnt=0 inSC=0 outSC=0 -> 0xe00002c2
#### AGXIOC Method sel=0x18->0x18 inCnt=0 inSC=0 outSC=0 -> 0xe00002c2
#### AGXIOC Method sel=0x18->0x18 inCnt=0 inSC=0 outSC=0 -> 0xe00002c2
#### AGXIOC Method sel=0x18->0x18 inCnt=0 inSC=0 outSC=0 -> 0xe00002c2
[72365:0728/061834.389164:VERBOSE1:net/base/network_delegate.cc:38] NetworkDelegate::NotifyBeforeURLRequest: https://mobile.events.data.microsoft.com/OneCollector/1.0?cors=true&content-type=application/x-json-stream
#### AGXIOC Method sel=0x18->0x18 inCnt=0 inSC=0 outSC=0 -> 0xe00002c2
#### AGXIOC Method sel=0x18->0x18 inCnt=0 inSC=0 outSC=0 -> 0xe00002c2
#### AGXIOC Method sel=0x18->0x18 inCnt=0 inSC=0 outSC=0 -> 0xe00002c2
#### AGXIOC Method sel=0x18->0x18 inCnt=0 inSC=0 outSC=0 -> 0xe00002c2
#### AGXIOC Method sel=0x18->0x18 inCnt=0 inSC=0 outSC=0 -> 0xe00002c2
#### AGXIOC Method sel=0x18->0x18 inCnt=0 inSC=0 outSC=0 -> 0xe00002c2
#### AGXIOC Method sel=0x18->0x18 inCnt=0 inSC=0 outSC=0 -> 0xe00002c2
#### AGXIOC Method sel=0x18->0x18 inCnt=0 inSC=0 outSC=0 -> 0xe00002c2
#### AGXIOC Method sel=0x18->0x18 inCnt=0 inSC=0 outSC=0 -> 0xe00002c2
#### AGXIOC Method sel=0x18->0x18 inCnt=0 inSC=0 outSC=0 -> 0xe00002c2
#### AGXIOC Method sel=0x18->0x18 inCnt=0 inSC=0 outSC=0 -> 0xe00002c2
#### AGXIOC Method sel=0x18->0x18 inCnt=0 inSC=0 outSC=0 -> 0xe00002c2
#### AGXIOC Method sel=0x18->0x18 inCnt=0 inSC=0 outSC=0 -> 0xe00002c2
#### AGXIOC Method sel=0x18->0x18 inCnt=0 inSC=0 outSC=0 -> 0xe00002c2
#### AGXIOC Method sel=0x18->0x18 inCnt=0 inSC=0 outSC=0 -> 0xe00002c2
#### AGXIOC Method sel=0x18->0x18 inCnt=0 inSC=0 outSC=0 -> 0xe00002c2
#### AGXIOC Method sel=0x18->0x18 inCnt=0 inSC=0 outSC=0 -> 0xe00002c2
#### AGXIOC Method sel=0x18->0x18 inCnt=0 inSC=0 outSC=0 -> 0xe00002c2
#### AGXIOC Method sel=0x18->0x18 inCnt=0 inSC=0 outSC=0 -> 0xe00002c2
#### AGXIOC Method sel=0x18->0x18 inCnt=0 inSC=0 outSC=0 -> 0xe00002c2
#### AGXIOC Method sel=0x18->0x18 inCnt=0 inSC=0 outSC=0 -> 0xe00002c2
#### AGXIOC Method sel=0x18->0x18 inCnt=0 inSC=0 outSC=0 -> 0xe00002c2
#### AGXIOC Method sel=0x18->0x18 inCnt=0 inSC=0 outSC=0 -> 0xe00002c2
#### AGXIOC Method sel=0x18->0x18 inCnt=0 inSC=0 outSC=0 -> 0xe00002c2
#### AGXIOC Method sel=0x18->0x18 inCnt=0 inSC=0 outSC=0 -> 0xe00002c2
#### AGXIOC Method sel=0x18->0x18 inCnt=0 inSC=0 outSC=0 -> 0xe00002c2
#### AGXIOC Method sel=0x18->0x18 inCnt=0 inSC=0 outSC=0 -> 0xe00002c2
#### AGXIOC Method sel=0x18->0x18 inCnt=0 inSC=0 outSC=0 -> 0xe00002c2
#### AGXIOC Method sel=0x18->0x18 inCnt=0 inSC=0 outSC=0 -> 0xe00002c2
#### AGXIOC Method sel=0x18->0x18 inCnt=0 inSC=0 outSC=0 -> 0xe00002c2
#### AGXIOC Method sel=0x18->0x18 inCnt=0 inSC=0 outSC=0 -> 0xe00002c2
#### AGXIOC Method sel=0x18->0x18 inCnt=0 inSC=0 outSC=0 -> 0xe00002c2
#### AGXIOC Method sel=0x18->0x18 inCnt=0 inSC=0 outSC=0 -> 0xe00002c2
#### AGXIOC Method sel=0x18->0x18 inCnt=0 inSC=0 outSC=0 -> 0xe00002c2
#### AGXIOC Method sel=0x18->0x18 inCnt=0 inSC=0 outSC=0 -> 0xe00002c2
#### AGXIOC Method sel=0x18->0x18 inCnt=0 inSC=0 outSC=0 -> 0xe00002c2
[72325:0728/061836.831173:VERBOSE1:content/browser/renderer_host/media/media_stream_manager.cc:1515] MSPL::OnSuspend([this=0x6000d2ea8])
#### AGXIOC Method sel=0x18->0x18 inCnt=0 inSC=0 outSC=0 -> 0xe00002c2
[72325:0728/061837.856743:VERBOSE1:content/browser/renderer_host/media/media_stream_manager.cc:1515] MSPL::OnResume([this=0x6000d2ea8])
#### AGXIOC Method sel=0x18->0x18 inCnt=0 inSC=0 outSC=0 -> 0xe00002c2
#### AGXIOC Method sel=0x18->0x18 inCnt=0 inSC=0 outSC=0 -> 0xe00002c2
#### AGXIOC Method sel=0x18->0x18 inCnt=0 inSC=0 outSC=0 -> 0xe00002c2
#### AGXIOC Method sel=0x18->0x18 inCnt=0 inSC=0 outSC=0 -> 0xe00002c2
#### AGXIOC Method sel=0x18->0x18 inCnt=0 inSC=0 outSC=0 -> 0xe00002c2
#### AGXIOC Method sel=0x18->0x18 inCnt=0 inSC=0 outSC=0 -> 0xe00002c2
#### AGXIOC Method sel=0x18->0x18 inCnt=0 inSC=0 outSC=0 -> 0xe00002c2
#### AGXIOC Method sel=0x18->0x18 inCnt=0 inSC=0 outSC=0 -> 0xe00002c2
#### AGXIOC Method sel=0x18->0x18 inCnt=0 inSC=0 outSC=0 -> 0xe00002c2
#### AGXIOC Method sel=0x18->0x18 inCnt=0 inSC=0 outSC=0 -> 0xe00002c2
#### AGXIOC Method sel=0x18->0x18 inCnt=0 inSC=0 outSC=0 -> 0xe00002c2
#### AGXIOC Method sel=0x18->0x18 inCnt=0 inSC=0 outSC=0 -> 0xe00002c2
#### AGXIOC Method sel=0x18->0x18 inCnt=0 inSC=0 outSC=0 -> 0xe00002c2
#### AGXIOC Method sel=0x18->0x18 inCnt=0 inSC=0 outSC=0 -> 0xe00002c2
#### AGXIOC Method sel=0x18->0x18 inCnt=0 inSC=0 outSC=0 -> 0xe00002c2
#### AGXIOC Method sel=0x18->0x18 inCnt=0 inSC=0 outSC=0 -> 0xe00002c2
#### AGXIOC Method sel=0x18->0x18 inCnt=0 inSC=0 outSC=0 -> 0xe00002c2
#### AGXIOC Method sel=0x18->0x18 inCnt=0 inSC=0 outSC=0 -> 0xe00002c2
#### AGXIOC Method sel=0x18->0x18 inCnt=0 inSC=0 outSC=0 -> 0xe00002c2
#### AGXIOC Method sel=0x18->0x18 inCnt=0 inSC=0 outSC=0 -> 0xe00002c2
#### AGXIOC Method sel=0x18->0x18 inCnt=0 inSC=0 outSC=0 -> 0xe00002c2
#### AGXIOC Method sel=0x18->0x18 inCnt=0 inSC=0 outSC=0 -> 0xe00002c2
#### AGXIOC Method sel=0x18->0x18 inCnt=0 inSC=0 outSC=0 -> 0xe00002c2
#### AGXIOC Method sel=0x18->0x18 inCnt=0 inSC=0 outSC=0 -> 0xe00002c2
[72365:0728/061839.636073:VERBOSE1:net/base/network_delegate.cc:38] NetworkDelegate::NotifyBeforeURLRequest: https://mobile.events.data.microsoft.com/OneCollector/1.0?cors=true&content-type=application/x-json-stream
#### AGXIOC Method sel=0x18->0x18 inCnt=0 inSC=0 outSC=0 -> 0xe00002c2
#### AGXIOC Method sel=0x18->0x18 inCnt=0 inSC=0 outSC=0 -> 0xe00002c2
#### AGXIOC Method sel=0x18->0x18 inCnt=0 inSC=0 outSC=0 -> 0xe00002c2
#### AGXIOC Method sel=0x18->0x18 inCnt=0 inSC=0 outSC=0 -> 0xe00002c2
#### AGXIOC Method sel=0x18->0x18 inCnt=0 inSC=0 outSC=0 -> 0xe00002c2
#### AGXIOC Method sel=0x18->0x18 inCnt=0 inSC=0 outSC=0 -> 0xe00002c2
[72365:0728/061840.008212:VERBOSE1:net/base/network_delegate.cc:38] NetworkDelegate::NotifyBeforeURLRequest: https://webglsamples.org/aquarium/aquarium.html
#### AGXIOC Method sel=0x18->0x18 inCnt=0 inSC=0 outSC=0 -> 0xe00002c2
#### AGX_LIFE DESTROY id=0x157 type=0 surf=0 bytes=0x4000 kr=0 okC=1622 failC=0 okD=1250 failD=0 unmatchedD=0 full=0 live=372/57MB [t0=319/21MB t80=0/0MB t82=53/35MB]
[72550:0728/061840.047997:VERBOSE1:extensions/renderer/dispatcher.cc:689] Num tracked contexts: 1
[72550:0728/061840.048171:VERBOSE1:extensions/renderer/dispatcher.cc:689] Num tracked contexts: 0
[72325:0728/061840.052041:VERBOSE1:content/browser/renderer_host/back_forward_cache_impl.cc:853] BackForwardCacheImpl::GetCurrentBackForwardCacheEligibility: https://webglsamples.org/aquarium/aquarium.html : No: Browsing instance is not swapped, BackForwardCache is not supported by delegate
[72325:0728/061840.052121:VERBOSE1:content/browser/renderer_host/back_forward_cache_impl.cc:853] BackForwardCacheImpl::GetCompleteBackForwardCacheEligibilityForReporting: https://webglsamples.org/aquarium/aquarium.html : No: blocklisted features: WebXR, Browsing instance is not swapped, BackForwardCache is not supported by delegate
[72550:0728/061840.052553:VERBOSE1:extensions/renderer/script_context.cc:150] Created context:
  extension id:           (none)
  frame:                  0xe0298cfa0
  URL:                    
  context_type:           WEB_PAGE
  effective extension id: (none)
  effective context type: WEB_PAGE
[72550:0728/061840.052738:VERBOSE1:extensions/renderer/script_context.cc:150] Created context:
  extension id:           (none)
  frame:                  (nil)
  URL:                    
  context_type:           UNSPECIFIED
  effective extension id: (none)
  effective context type: UNSPECIFIED
[72550:0728/061840.052822:VERBOSE1:extensions/renderer/dispatcher.cc:493] Num tracked contexts: 1
[72550:0728/061840.054650:VERBOSE1:extensions/renderer/script_context.cc:150] Created context:
  extension id:           (none)
  frame:                  0xe0298cfa0
  URL:                    
  context_type:           WEB_PAGE
  effective extension id: (none)
  effective context type: WEB_PAGE
[72550:0728/061840.054723:VERBOSE1:extensions/renderer/script_context.cc:150] Created context:
  extension id:           (none)
  frame:                  (nil)
  URL:                    
  context_type:           UNSPECIFIED
  effective extension id: (none)
  effective context type: UNSPECIFIED
[72550:0728/061840.054799:VERBOSE1:extensions/renderer/dispatcher.cc:493] Num tracked contexts: 2
[72550:0728/061840.057773:VERBOSE1:extensions/renderer/script_context.cc:163] Destroyed context for extension
  extension id: 
  effective extension id: 
[72550:0728/061840.057827:VERBOSE1:extensions/renderer/script_context.cc:163] Destroyed context for extension
  extension id: 
  effective extension id: 
[72550:0728/061840.057845:VERBOSE1:extensions/renderer/script_context.cc:163] Destroyed context for extension
  extension id: 
  effective extension id: 
[72550:0728/061840.057864:VERBOSE1:extensions/renderer/script_context.cc:163] Destroyed context for extension
  extension id: 
  effective extension id: 
[72364:0728/061840.094439:ERROR:gpu/command_buffer/service/shared_image/shared_image_manager.cc:361] SharedImageManager::ProduceOverlay: Trying to Produce a Overlay representation from a non-existent mailbox.
[72364:0728/061840.094494:ERROR:components/viz/service/display_embedder/skia_output_device_buffer_queue.cc:258] Invalid mailbox.
#### MTL_TEX plain DEPTH-STENCIL: pf=260 routing to native AGX path (IOSurface backing is invalid)
#### MTL_TEX plain DEPTH-STENCIL native result: 0x600a1e380 class=AGXG13GFamilyTexture
[91m[main 2026-07-28T13:18:40.185Z][0m [uncaught exception in main]: Refused to handle ipcMain event for channel 'vscode:b111800d-a136-4728-b9fa-e958954f4e31' because of a bad origin of 'webglsamples.org'.
Error occurred in handler for 'vscode:b111800d-a136-4728-b9fa-e958954f4e31': Invalid channel 'vscode:b111800d-a136-4728-b9fa-e958954f4e31' or sender for ipcMain.handle() usage.
[91m[main 2026-07-28T13:18:40.187Z][0m [uncaught exception in main]: Refused to handle ipcMain event for channel 'vscode:fetchShellEnv' because of a bad origin of 'webglsamples.org'.
Error occurred in handler for 'vscode:fetchShellEnv': Invalid channel 'vscode:fetchShellEnv' or sender for ipcMain.handle() usage.
[72325:0728/061840.189877:INFO:CONSOLE:55] "--Setup Laser----------------------------------------", source: https://webglsamples.org/tdl/log.js (55)
[72325:0728/061840.190515:INFO:CONSOLE:55] "--Draw Fish---------------------------------------", source: https://webglsamples.org/tdl/log.js (55)
[72325:0728/061840.192357:INFO:CONSOLE:4] "Uncaught (in promise) Error: Preload: unable to fetch vscode-window-config: Error: Error invoking remote method 'vscode:b111800d-a136-4728-b9fa-e958954f4e31': Invalid channel 'vscode:b111800d-a136-4728-b9fa-e958954f4e31' or sender for ipcMain.handle() usage.", source: /Applications/Visual Studio Code.app/Contents/Resources/app/out/vs/base/parts/sandbox/electron-browser/preload.js (4)
[72365:0728/061840.194127:VERBOSE1:net/base/network_delegate.cc:38] NetworkDelegate::NotifyBeforeURLRequest: https://webglsamples.org/aquarium/assets/PropPlacement.js
[72365:0728/061840.197443:VERBOSE1:net/base/network_delegate.cc:38] NetworkDelegate::NotifyBeforeURLRequest: https://webglsamples.org/aquarium/assets/SmallFishA.js
[72365:0728/061840.197779:VERBOSE1:net/base/network_delegate.cc:38] NetworkDelegate::NotifyBeforeURLRequest: https://webglsamples.org/aquarium/assets/MediumFishA.js
[72365:0728/061840.197977:VERBOSE1:net/base/network_delegate.cc:38] NetworkDelegate::NotifyBeforeURLRequest: https://webglsamples.org/aquarium/assets/MediumFishB.js
[72365:0728/061840.198180:VERBOSE1:net/base/network_delegate.cc:38] NetworkDelegate::NotifyBeforeURLRequest: https://webglsamples.org/aquarium/assets/BigFishA.js
[72365:0728/061840.198356:VERBOSE1:net/base/network_delegate.cc:38] NetworkDelegate::NotifyBeforeURLRequest: https://webglsamples.org/aquarium/assets/BigFishB.js
[72365:0728/061840.198527:VERBOSE1:net/base/network_delegate.cc:38] NetworkDelegate::NotifyBeforeURLRequest: https://webglsamples.org/aquarium/assets/Arch.js
[72365:0728/061840.198695:VERBOSE1:net/base/network_delegate.cc:38] NetworkDelegate::NotifyBeforeURLRequest: https://webglsamples.org/aquarium/assets/Coral.js
[72365:0728/061840.198856:VERBOSE1:net/base/network_delegate.cc:38] NetworkDelegate::NotifyBeforeURLRequest: https://webglsamples.org/aquarium/assets/CoralStoneA.js
[72365:0728/061840.198969:VERBOSE1:net/base/network_delegate.cc:38] NetworkDelegate::NotifyBeforeURLRequest: https://webglsamples.org/aquarium/assets/CoralStoneB.js
[72365:0728/061840.199135:VERBOSE1:net/base/network_delegate.cc:38] NetworkDelegate::NotifyBeforeURLRequest: https://webglsamples.org/aquarium/assets/EnvironmentBox.js
[72364:0728/061840.199156:ERROR:gpu/command_buffer/service/shared_image/shared_image_manager.cc:361] SharedImageManager::ProduceOverlay: Trying to Produce a Overlay representation from a non-existent mailbox.
[72364:0728/061840.199185:ERROR:components/viz/service/display_embedder/skia_output_device_buffer_queue.cc:258] Invalid mailbox.
[72365:0728/061840.199281:VERBOSE1:net/base/network_delegate.cc:38] NetworkDelegate::NotifyBeforeURLRequest: https://webglsamples.org/aquarium/assets/FloorBase_Baked.js
[72365:0728/061840.199402:VERBOSE1:net/base/network_delegate.cc:38] NetworkDelegate::NotifyBeforeURLRequest: https://webglsamples.org/aquarium/assets/FloorCenter.js
[72365:0728/061840.199516:VERBOSE1:net/base/network_delegate.cc:38] NetworkDelegate::NotifyBeforeURLRequest: https://webglsamples.org/aquarium/assets/GlobeBase.js
[72365:0728/061840.199631:VERBOSE1:net/base/network_delegate.cc:38] NetworkDelegate::NotifyBeforeURLRequest: https://webglsamples.org/aquarium/assets/GlobeInner.js
[72365:0728/061840.199745:VERBOSE1:net/base/network_delegate.cc:38] NetworkDelegate::NotifyBeforeURLRequest: https://webglsamples.org/aquarium/assets/GlobeOuter.js
[72365:0728/061840.199859:VERBOSE1:net/base/network_delegate.cc:38] NetworkDelegate::NotifyBeforeURLRequest: https://webglsamples.org/aquarium/assets/RockA.js
[72365:0728/061840.199967:VERBOSE1:net/base/network_delegate.cc:38] NetworkDelegate::NotifyBeforeURLRequest: https://webglsamples.org/aquarium/assets/RockB.js
[72365:0728/061840.200072:VERBOSE1:net/base/network_delegate.cc:38] NetworkDelegate::NotifyBeforeURLRequest: https://webglsamples.org/aquarium/assets/RockC.js
[72365:0728/061840.200201:VERBOSE1:net/base/network_delegate.cc:38] NetworkDelegate::NotifyBeforeURLRequest: https://webglsamples.org/aquarium/assets/RuinColumn.js
[72365:0728/061840.200444:VERBOSE1:net/base/network_delegate.cc:38] NetworkDelegate::NotifyBeforeURLRequest: https://webglsamples.org/aquarium/assets/Skybox.js
[72365:0728/061840.200619:VERBOSE1:net/base/network_delegate.cc:38] NetworkDelegate::NotifyBeforeURLRequest: https://webglsamples.org/aquarium/assets/Stone.js
[72365:0728/061840.200777:VERBOSE1:net/base/network_delegate.cc:38] NetworkDelegate::NotifyBeforeURLRequest: https://webglsamples.org/aquarium/assets/Stones.js
[72365:0728/061840.200946:VERBOSE1:net/base/network_delegate.cc:38] NetworkDelegate::NotifyBeforeURLRequest: https://webglsamples.org/aquarium/assets/SunknShip.js
[72365:0728/061840.201185:VERBOSE1:net/base/network_delegate.cc:38] NetworkDelegate::NotifyBeforeURLRequest: https://webglsamples.org/aquarium/assets/SunknSub.js
[72365:0728/061840.201370:VERBOSE1:net/base/network_delegate.cc:38] NetworkDelegate::NotifyBeforeURLRequest: https://webglsamples.org/aquarium/assets/SupportBeams.js
[72365:0728/061840.201540:VERBOSE1:net/base/network_delegate.cc:38] NetworkDelegate::NotifyBeforeURLRequest: https://webglsamples.org/aquarium/assets/SeaweedA.js
[72365:0728/061840.201741:VERBOSE1:net/base/network_delegate.cc:38] NetworkDelegate::NotifyBeforeURLRequest: https://webglsamples.org/aquarium/assets/SeaweedB.js
[72365:0728/061840.201926:VERBOSE1:net/base/network_delegate.cc:38] NetworkDelegate::NotifyBeforeURLRequest: https://webglsamples.org/aquarium/assets/TreasureChest.js
#### AGXIOC Method sel=0x18->0x18 inCnt=0 inSC=0 outSC=0 -> 0xe00002c2
#### AGXIOC heap map #1500 clientID 0x4000 -> resourceID 0xb7 size 0x4
[72325:0728/061840.247750:INFO:CONSOLE:55] "assets/SmallFishA.js: custom", source: https://webglsamples.org/tdl/log.js (55)
[72325:0728/061840.257620:INFO:CONSOLE:55] "assets/RuinColumn.js: normalMap", source: https://webglsamples.org/tdl/log.js (55)
[72325:0728/061840.282773:INFO:CONSOLE:55] "assets/Skybox.js: custom", source: https://webglsamples.org/tdl/log.js (55)
[72325:0728/061840.284107:INFO:CONSOLE:55] "assets/Stone.js: normalMap", source: https://webglsamples.org/tdl/log.js (55)
[72325:0728/061840.285373:INFO:CONSOLE:55] "assets/Stones.js: normalMap", source: https://webglsamples.org/tdl/log.js (55)
[72325:0728/061840.286132:INFO:CONSOLE:55] "loaded image: assets/GlobeOuter_EM_positive_x.jpg", source: https://webglsamples.org/tdl/log.js (55)
[72325:0728/061840.286235:INFO:CONSOLE:55] "loaded image: assets/GlobeOuter_EM_negative_x.jpg", source: https://webglsamples.org/tdl/log.js (55)
[72325:0728/061840.286374:INFO:CONSOLE:55] "loaded image: assets/GlobeOuter_EM_positive_y.jpg", source: https://webglsamples.org/tdl/log.js (55)
[72325:0728/061840.286469:INFO:CONSOLE:55] "loaded image: assets/GlobeOuter_EM_negative_y.jpg", source: https://webglsamples.org/tdl/log.js (55)
[72325:0728/061840.286622:INFO:CONSOLE:55] "loaded image: assets/GlobeOuter_EM_positive_z.jpg", source: https://webglsamples.org/tdl/log.js (55)
[72325:0728/061840.286702:INFO:CONSOLE:55] "loaded image: assets/GlobeOuter_EM_negative_z.jpg", source: https://webglsamples.org/tdl/log.js (55)
[72325:0728/061840.343205:INFO:CONSOLE:55] "assets/SunknShip.js: normalMap", source: https://webglsamples.org/tdl/log.js (55)
[72325:0728/061840.344197:INFO:CONSOLE:55] "assets/SunknShip.js: normalMap", source: https://webglsamples.org/tdl/log.js (55)
[72325:0728/061840.344649:INFO:CONSOLE:55] "assets/SunknShip.js: normalMap", source: https://webglsamples.org/tdl/log.js (55)
[72325:0728/061840.346900:INFO:CONSOLE:55] "assets/SunknSub.js: normalMap", source: https://webglsamples.org/tdl/log.js (55)
[72325:0728/061840.347509:INFO:CONSOLE:55] "assets/SunknSub.js: normalMap", source: https://webglsamples.org/tdl/log.js (55)
[72325:0728/061840.349711:INFO:CONSOLE:55] "assets/SupportBeams.js: diffuse", source: https://webglsamples.org/tdl/log.js (55)
#### AGXIOC Method sel=0x18->0x18 inCnt=0 inSC=0 outSC=0 -> 0xe00002c2
#### AGX_LIFE CREATE id=0xfd type=0 surf=0 bytes=0x4000 kr=0 okC=1750 failC=0 okD=1459 failD=0 unmatchedD=0 full=0 live=291/51MB [t0=238/19MB t80=0/0MB t82=53/32MB]
[72325:0728/061840.363286:INFO:CONSOLE:55] "assets/SeaweedA.js: custom", source: https://webglsamples.org/tdl/log.js (55)
[72325:0728/061840.364064:INFO:CONSOLE:55] "assets/CoralStoneA.js: normalMap", source: https://webglsamples.org/tdl/log.js (55)
[72325:0728/061840.364671:INFO:CONSOLE:55] "assets/SeaweedB.js: custom", source: https://webglsamples.org/tdl/log.js (55)
[72325:0728/061840.365195:INFO:CONSOLE:55] "assets/TreasureChest.js: normalMap", source: https://webglsamples.org/tdl/log.js (55)
[72325:0728/061840.365814:INFO:CONSOLE:55] "assets/CoralStoneB.js: normalMap", source: https://webglsamples.org/tdl/log.js (55)
[72325:0728/061840.381552:INFO:CONSOLE:55] "assets/EnvironmentBox.js: custom", source: https://webglsamples.org/tdl/log.js (55)
[72325:0728/061840.382047:INFO:CONSOLE:55] "assets/EnvironmentBox.js: custom", source: https://webglsamples.org/tdl/log.js (55)
[72325:0728/061840.382344:INFO:CONSOLE:55] "assets/EnvironmentBox.js: custom", source: https://webglsamples.org/tdl/log.js (55)
[72325:0728/061840.382559:INFO:CONSOLE:55] "assets/EnvironmentBox.js: custom", source: https://webglsamples.org/tdl/log.js (55)
[72325:0728/061840.382939:INFO:CONSOLE:55] "assets/EnvironmentBox.js: custom", source: https://webglsamples.org/tdl/log.js (55)
[72325:0728/061840.383243:INFO:CONSOLE:55] "assets/EnvironmentBox.js: custom", source: https://webglsamples.org/tdl/log.js (55)
[72325:0728/061840.390652:INFO:CONSOLE:55] "assets/FloorCenter.js: diffuse", source: https://webglsamples.org/tdl/log.js (55)
[72325:0728/061840.391926:INFO:CONSOLE:55] "assets/MediumFishB.js: custom", source: https://webglsamples.org/tdl/log.js (55)
[72325:0728/061840.393549:INFO:CONSOLE:55] "assets/Coral.js: normalMap", source: https://webglsamples.org/tdl/log.js (55)
[72325:0728/061840.401050:INFO:CONSOLE:55] "assets/MediumFishA.js: custom", source: https://webglsamples.org/tdl/log.js (55)
[72325:0728/061840.402191:INFO:CONSOLE:55] "assets/GlobeBase.js: custom", source: https://webglsamples.org/tdl/log.js (55)
[72325:0728/061840.409607:INFO:CONSOLE:55] "assets/GlobeInner.js: custom", source: https://webglsamples.org/tdl/log.js (55)
[72325:0728/061840.410917:INFO:CONSOLE:55] "assets/RockC.js: normalMap", source: https://webglsamples.org/tdl/log.js (55)
[72325:0728/061840.412030:INFO:CONSOLE:55] "assets/RockB.js: normalMap", source: https://webglsamples.org/tdl/log.js (55)
[72325:0728/061840.413208:INFO:CONSOLE:55] "assets/RockA.js: normalMap", source: https://webglsamples.org/tdl/log.js (55)
[72325:0728/061840.414454:INFO:CONSOLE:55] "assets/Arch.js: normalMap", source: https://webglsamples.org/tdl/log.js (55)
[72325:0728/061840.437805:INFO:CONSOLE:55] "assets/GlobeOuter.js: custom", source: https://webglsamples.org/tdl/log.js (55)
[72325:0728/061840.441421:INFO:CONSOLE:55] "assets/BigFishA.js: custom", source: https://webglsamples.org/tdl/log.js (55)
[72325:0728/061840.453683:INFO:CONSOLE:55] "assets/BigFishB.js: custom", source: https://webglsamples.org/tdl/log.js (55)
#### AGX_LIFE DESTROY id=0x16c type=0 surf=0 bytes=0x4000 kr=0 okC=1946 failC=0 okD=1500 failD=0 unmatchedD=0 full=0 live=446/55MB [t0=392/22MB t80=0/0MB t82=54/33MB]
#### AGXIOC Method sel=0x18->0x18 inCnt=0 inSC=0 outSC=0 -> 0xe00002c2
[72325:0728/061840.465831:INFO:CONSOLE:55] "assets/FloorBase_Baked.js: normalMap", source: https://webglsamples.org/tdl/log.js (55)
#### AGXIOC Method sel=0x18->0x18 inCnt=0 inSC=0 outSC=0 -> 0xe00002c2
#### AGX_LIFE CREATE id=0xe7 type=0 surf=0 bytes=0x100000 kr=0 okC=2000 failC=0 okD=1563 failD=0 unmatchedD=0 full=0 live=437/64MB [t0=381/23MB t80=0/0MB t82=56/41MB]
#### AGXIOC Method sel=0x18->0x18 inCnt=0 inSC=0 outSC=0 -> 0xe00002c2
#### MACWS-NEW-EVENT #3000 original=nil sharedEvent=0x601239dd0 class=_MTLSharedEvent device=0x600282000 deviceClass=AGXG13GFamilyDevice
#### AGXIOC Method sel=0x18->0x18 inCnt=0 inSC=0 outSC=0 -> 0xe00002c2
#### AGXIOC Method sel=0x18->0x18 inCnt=0 inSC=0 outSC=0 -> 0xe00002c2
#### AGXIOC Method sel=0x18->0x18 inCnt=0 inSC=0 outSC=0 -> 0xe00002c2
#### AGXIOC Method sel=0x18->0x18 inCnt=0 inSC=0 outSC=0 -> 0xe00002c2
#### AGXIOC Method sel=0x18->0x18 inCnt=0 inSC=0 outSC=0 -> 0xe00002c2
#### AGXIOC Method sel=0x18->0x18 inCnt=0 inSC=0 outSC=0 -> 0xe00002c2
#### AGXIOC Method sel=0x18->0x18 inCnt=0 inSC=0 outSC=0 -> 0xe00002c2
#### AGXIOC Method sel=0x18->0x18 inCnt=0 inSC=0 outSC=0 -> 0xe00002c2
#### AGXIOC Method sel=0x18->0x18 inCnt=0 inSC=0 outSC=0 -> 0xe00002c2
#### AGXIOC Method sel=0x18->0x18 inCnt=0 inSC=0 outSC=0 -> 0xe00002c2
#### AGXIOC Method sel=0x18->0x18 inCnt=0 inSC=0 outSC=0 -> 0xe00002c2
#### AGXIOC Method sel=0x18->0x18 inCnt=0 inSC=0 outSC=0 -> 0xe00002c2
#### AGXIOC Method sel=0x18->0x18 inCnt=0 inSC=0 outSC=0 -> 0xe00002c2
#### AGXIOC Method sel=0x18->0x18 inCnt=0 inSC=0 outSC=0 -> 0xe00002c2
#### AGXIOC Method sel=0x18->0x18 inCnt=0 inSC=0 outSC=0 -> 0xe00002c2
#### AGXIOC Method sel=0x18->0x18 inCnt=0 inSC=0 outSC=0 -> 0xe00002c2
#### AGXIOC Method sel=0x18->0x18 inCnt=0 inSC=0 outSC=0 -> 0xe00002c2
[72325:0728/061842.083762:VERBOSE1:content/browser/renderer_host/media/media_stream_manager.cc:1515] MSPL::OnSuspend([this=0x6000d2ea8])
#### AGXIOC Method sel=0x18->0x18 inCnt=0 inSC=0 outSC=0 -> 0xe00002c2
[72325:0728/061842.416899:VERBOSE1:content/browser/renderer_host/media/media_stream_manager.cc:1515] MSPL::OnResume([this=0x6000d2ea8])
#### AGXIOC Method sel=0x18->0x18 inCnt=0 inSC=0 outSC=0 -> 0xe00002c2
#### AGXIOC Method sel=0x18->0x18 inCnt=0 inSC=0 outSC=0 -> 0xe00002c2
#### AGXIOC Method sel=0x18->0x18 inCnt=0 inSC=0 outSC=0 -> 0xe00002c2
#### AGXIOC Method sel=0x18->0x18 inCnt=0 inSC=0 outSC=0 -> 0xe00002c2
#### AGXIOC Method sel=0x18->0x18 inCnt=0 inSC=0 outSC=0 -> 0xe00002c2
#### AGXIOC Method sel=0x18->0x18 inCnt=0 inSC=0 outSC=0 -> 0xe00002c2
#### AGXIOC Method sel=0x18->0x18 inCnt=0 inSC=0 outSC=0 -> 0xe00002c2
#### AGXIOC Method sel=0x18->0x18 inCnt=0 inSC=0 outSC=0 -> 0xe00002c2
#### AGXIOC Method sel=0x18->0x18 inCnt=0 inSC=0 outSC=0 -> 0xe00002c2
#### AGXIOC Method sel=0x18->0x18 inCnt=0 inSC=0 outSC=0 -> 0xe00002c2
#### AGXIOC Method sel=0x18->0x18 inCnt=0 inSC=0 outSC=0 -> 0xe00002c2
#### AGXIOC Method sel=0x18->0x18 inCnt=0 inSC=0 outSC=0 -> 0xe00002c2
#### AGXIOC Method sel=0x18->0x18 inCnt=0 inSC=0 outSC=0 -> 0xe00002c2
#### AGXIOC Method sel=0x18->0x18 inCnt=0 inSC=0 outSC=0 -> 0xe00002c2
#### AGXIOC Method sel=0x18->0x18 inCnt=0 inSC=0 outSC=0 -> 0xe00002c2
#### AGXIOC Method sel=0x18->0x18 inCnt=0 inSC=0 outSC=0 -> 0xe00002c2
#### AGXIOC Method sel=0x18->0x18 inCnt=0 inSC=0 outSC=0 -> 0xe00002c2
#### AGXIOC Method sel=0x18->0x18 inCnt=0 inSC=0 outSC=0 -> 0xe00002c2
#### AGXIOC Method sel=0x18->0x18 inCnt=0 inSC=0 outSC=0 -> 0xe00002c2
#### AGXIOC Method sel=0x18->0x18 inCnt=0 inSC=0 outSC=0 -> 0xe00002c2
#### AGXIOC Method sel=0x18->0x18 inCnt=0 inSC=0 outSC=0 -> 0xe00002c2
#### AGXIOC Method sel=0x18->0x18 inCnt=0 inSC=0 outSC=0 -> 0xe00002c2
#### AGXIOC Method sel=0x18->0x18 inCnt=0 inSC=0 outSC=0 -> 0xe00002c2
#### AGXIOC Method sel=0x18->0x18 inCnt=0 inSC=0 outSC=0 -> 0xe00002c2
#### AGXIOC Method sel=0x18->0x18 inCnt=0 inSC=0 outSC=0 -> 0xe00002c2
#### AGXIOC Method sel=0x18->0x18 inCnt=0 inSC=0 outSC=0 -> 0xe00002c2
#### AGXIOC Method sel=0x18->0x18 inCnt=0 inSC=0 outSC=0 -> 0xe00002c2
[72365:0728/061844.199368:VERBOSE1:net/base/network_delegate.cc:38] NetworkDelegate::NotifyBeforeURLRequest: https://mobile.events.data.microsoft.com/OneCollector/1.0?cors=true&content-type=application/x-json-stream
#### AGXIOC Method sel=0x18->0x18 inCnt=0 inSC=0 outSC=0 -> 0xe00002c2
#### AGXIOC Method sel=0x18->0x18 inCnt=0 inSC=0 outSC=0 -> 0xe00002c2
#### AGXIOC Method sel=0x18->0x18 inCnt=0 inSC=0 outSC=0 -> 0xe00002c2
#### AGXIOC Method sel=0x18->0x18 inCnt=0 inSC=0 outSC=0 -> 0xe00002c2
#### AGXIOC Method sel=0x18->0x18 inCnt=0 inSC=0 outSC=0 -> 0xe00002c2
#### AGXIOC Method sel=0x18->0x18 inCnt=0 inSC=0 outSC=0 -> 0xe00002c2
#### AGXIOC Method sel=0x18->0x18 inCnt=0 inSC=0 outSC=0 -> 0xe00002c2
#### AGXIOC Method sel=0x18->0x18 inCnt=0 inSC=0 outSC=0 -> 0xe00002c2
#### AGXIOC Method sel=0x18->0x18 inCnt=0 inSC=0 outSC=0 -> 0xe00002c2
#### AGXIOC Method sel=0x18->0x18 inCnt=0 inSC=0 outSC=0 -> 0xe00002c2
#### AGXIOC Method sel=0x18->0x18 inCnt=0 inSC=0 outSC=0 -> 0xe00002c2
#### AGXIOC Method sel=0x18->0x18 inCnt=0 inSC=0 outSC=0 -> 0xe00002c2
#### AGXIOC Method sel=0x18->0x18 inCnt=0 inSC=0 outSC=0 -> 0xe00002c2
#### AGXIOC Method sel=0x18->0x18 inCnt=0 inSC=0 outSC=0 -> 0xe00002c2
#### AGXIOC Method sel=0x18->0x18 inCnt=0 inSC=0 outSC=0 -> 0xe00002c2
#### AGXIOC Method sel=0x18->0x18 inCnt=0 inSC=0 outSC=0 -> 0xe00002c2
#### AGXIOC Method sel=0x18->0x18 inCnt=0 inSC=0 outSC=0 -> 0xe00002c2
#### AGXIOC Method sel=0x18->0x18 inCnt=0 inSC=0 outSC=0 -> 0xe00002c2
#### AGXIOC Method sel=0x18->0x18 inCnt=0 inSC=0 outSC=0 -> 0xe00002c2
#### AGXIOC Method sel=0x18->0x18 inCnt=0 inSC=0 outSC=0 -> 0xe00002c2
#### AGXIOC Method sel=0x18->0x18 inCnt=0 inSC=0 outSC=0 -> 0xe00002c2
#### AGXIOC Method sel=0x18->0x18 inCnt=0 inSC=0 outSC=0 -> 0xe00002c2
#### AGXIOC Method sel=0x18->0x18 inCnt=0 inSC=0 outSC=0 -> 0xe00002c2
#### AGXIOC Method sel=0x18->0x18 inCnt=0 inSC=0 outSC=0 -> 0xe00002c2
#### AGXIOC Method sel=0x18->0x18 inCnt=0 inSC=0 outSC=0 -> 0xe00002c2
#### AGXIOC Method sel=0x18->0x18 inCnt=0 inSC=0 outSC=0 -> 0xe00002c2
#### AGXIOC Method sel=0x18->0x18 inCnt=0 inSC=0 outSC=0 -> 0xe00002c2
#### AGXIOC Method sel=0x18->0x18 inCnt=0 inSC=0 outSC=0 -> 0xe00002c2
#### AGXIOC Method sel=0x18->0x18 inCnt=0 inSC=0 outSC=0 -> 0xe00002c2
#### AGXIOC Method sel=0x18->0x18 inCnt=0 inSC=0 outSC=0 -> 0xe00002c2
#### AGXIOC Method sel=0x18->0x18 inCnt=0 inSC=0 outSC=0 -> 0xe00002c2
#### AGXIOC Method sel=0x18->0x18 inCnt=0 inSC=0 outSC=0 -> 0xe00002c2
[72325:0728/061846.610241:VERBOSE1:content/browser/renderer_host/media/media_stream_manager.cc:1515] MSPL::OnSuspend([this=0x6000d2ea8])
[72325:0728/061847.320462:VERBOSE1:content/browser/renderer_host/media/media_stream_manager.cc:1515] MSPL::OnResume([this=0x6000d2ea8])
#### AGXIOC Method sel=0x18->0x18 inCnt=0 inSC=0 outSC=0 -> 0xe00002c2
#### AGXIOC Method sel=0x18->0x18 inCnt=0 inSC=0 outSC=0 -> 0xe00002c2
#### AGXIOC Method sel=0x18->0x18 inCnt=0 inSC=0 outSC=0 -> 0xe00002c2
#### AGXIOC Method sel=0x18->0x18 inCnt=0 inSC=0 outSC=0 -> 0xe00002c2
#### AGXIOC Method sel=0x18->0x18 inCnt=0 inSC=0 outSC=0 -> 0xe00002c2
#### AGXIOC Method sel=0x18->0x18 inCnt=0 inSC=0 outSC=0 -> 0xe00002c2
#### AGXIOC Method sel=0x1e->0x1a inCnt=4 inSC=56 outSC=0 -> 0x0
#### AGXIOC Method sel=0x18->0x18 inCnt=0 inSC=0 outSC=0 -> 0xe00002c2
#### AGXIOC Method sel=0x18->0x18 inCnt=0 inSC=0 outSC=0 -> 0xe00002c2
#### AGXIOC Method sel=0x18->0x18 inCnt=0 inSC=0 outSC=0 -> 0xe00002c2
#### AGXIOC Method sel=0x18->0x18 inCnt=0 inSC=0 outSC=0 -> 0xe00002c2
#### AGXIOC Method sel=0x18->0x18 inCnt=0 inSC=0 outSC=0 -> 0xe00002c2
#### AGXIOC Method sel=0x18->0x18 inCnt=0 inSC=0 outSC=0 -> 0xe00002c2
#### AGXIOC Method sel=0x18->0x18 inCnt=0 inSC=0 outSC=0 -> 0xe00002c2
#### AGXIOC Method sel=0x18->0x18 inCnt=0 inSC=0 outSC=0 -> 0xe00002c2
#### AGXIOC Method sel=0x18->0x18 inCnt=0 inSC=0 outSC=0 -> 0xe00002c2
#### AGXIOC Method sel=0x18->0x18 inCnt=0 inSC=0 outSC=0 -> 0xe00002c2
#### AGXIOC Method sel=0x18->0x18 inCnt=0 inSC=0 outSC=0 -> 0xe00002c2
#### AGXIOC Method sel=0x18->0x18 inCnt=0 inSC=0 outSC=0 -> 0xe00002c2
#### AGXIOC Method sel=0x18->0x18 inCnt=0 inSC=0 outSC=0 -> 0xe00002c2
#### AGXIOC Method sel=0x18->0x18 inCnt=0 inSC=0 outSC=0 -> 0xe00002c2
[72365:0728/061848.618621:VERBOSE1:net/base/network_delegate.cc:38] NetworkDelegate::NotifyBeforeURLRequest: https://mobile.events.data.microsoft.com/OneCollector/1.0?cors=true&content-type=application/x-json-stream
#### AGXIOC Method sel=0x18->0x18 inCnt=0 inSC=0 outSC=0 -> 0xe00002c2
#### AGXIOC Method sel=0x18->0x18 inCnt=0 inSC=0 outSC=0 -> 0xe00002c2
#### AGXIOC Method sel=0x18->0x18 inCnt=0 inSC=0 outSC=0 -> 0xe00002c2
#### AGXIOC Method sel=0x18->0x18 inCnt=0 inSC=0 outSC=0 -> 0xe00002c2
#### AGXIOC Method sel=0x18->0x18 inCnt=0 inSC=0 outSC=0 -> 0xe00002c2
#### AGXIOC Method sel=0x18->0x18 inCnt=0 inSC=0 outSC=0 -> 0xe00002c2
#### AGXIOC Method sel=0x18->0x18 inCnt=0 inSC=0 outSC=0 -> 0xe00002c2
#### AGXIOC Method sel=0x18->0x18 inCnt=0 inSC=0 outSC=0 -> 0xe00002c2
#### AGXIOC Method sel=0x18->0x18 inCnt=0 inSC=0 outSC=0 -> 0xe00002c2
#### AGXIOC Method sel=0x18->0x18 inCnt=0 inSC=0 outSC=0 -> 0xe00002c2
#### AGXIOC Method sel=0x18->0x18 inCnt=0 inSC=0 outSC=0 -> 0xe00002c2
#### AGXIOC Method sel=0x18->0x18 inCnt=0 inSC=0 outSC=0 -> 0xe00002c2
#### AGXIOC Method sel=0x18->0x18 inCnt=0 inSC=0 outSC=0 -> 0xe00002c2
#### AGXIOC Method sel=0x18->0x18 inCnt=0 inSC=0 outSC=0 -> 0xe00002c2
#### AGXIOC Method sel=0x18->0x18 inCnt=0 inSC=0 outSC=0 -> 0xe00002c2
#### AGXIOC Method sel=0x18->0x18 inCnt=0 inSC=0 outSC=0 -> 0xe00002c2
#### AGXIOC Method sel=0x18->0x18 inCnt=0 inSC=0 outSC=0 -> 0xe00002c2
#### AGXIOC Method sel=0x18->0x18 inCnt=0 inSC=0 outSC=0 -> 0xe00002c2
#### AGXIOC Method sel=0x18->0x18 inCnt=0 inSC=0 outSC=0 -> 0xe00002c2
#### AGXIOC Method sel=0x18->0x18 inCnt=0 inSC=0 outSC=0 -> 0xe00002c2
#### AGXIOC Method sel=0x18->0x18 inCnt=0 inSC=0 outSC=0 -> 0xe00002c2
#### AGXIOC Method sel=0x18->0x18 inCnt=0 inSC=0 outSC=0 -> 0xe00002c2
#### AGXIOC Method sel=0x18->0x18 inCnt=0 inSC=0 outSC=0 -> 0xe00002c2
#### AGXIOC Method sel=0x18->0x18 inCnt=0 inSC=0 outSC=0 -> 0xe00002c2
#### AGXIOC Method sel=0x18->0x18 inCnt=0 inSC=0 outSC=0 -> 0xe00002c2
#### AGXIOC Method sel=0x18->0x18 inCnt=0 inSC=0 outSC=0 -> 0xe00002c2
#### AGXIOC Method sel=0x18->0x18 inCnt=0 inSC=0 outSC=0 -> 0xe00002c2
#### AGXIOC Method sel=0x18->0x18 inCnt=0 inSC=0 outSC=0 -> 0xe00002c2
#### AGXIOC Method sel=0x18->0x18 inCnt=0 inSC=0 outSC=0 -> 0xe00002c2
#### AGXIOC Method sel=0x18->0x18 inCnt=0 inSC=0 outSC=0 -> 0xe00002c2
#### AGX_SUBMIT_DIAG #18221 TEMP-KCMD-TRAILING-WRAPPER-FIX match=4096 subtype1=0..0x840->0..0x820 wrappers=1 range=0x840..0x858->0x820..0x838
#### AGXIOC Method sel=0x18->0x18 inCnt=0 inSC=0 outSC=0 -> 0xe00002c2
#### AGXIOC Method sel=0x18->0x18 inCnt=0 inSC=0 outSC=0 -> 0xe00002c2
#### AGXIOC Method sel=0x18->0x18 inCnt=0 inSC=0 outSC=0 -> 0xe00002c2
#### AGXIOC Method sel=0x18->0x18 inCnt=0 inSC=0 outSC=0 -> 0xe00002c2
#### AGXIOC Method sel=0x18->0x18 inCnt=0 inSC=0 outSC=0 -> 0xe00002c2
#### AGXIOC Method sel=0x18->0x18 inCnt=0 inSC=0 outSC=0 -> 0xe00002c2
#### AGXIOC Method sel=0x18->0x18 inCnt=0 inSC=0 outSC=0 -> 0xe00002c2
#### AGXIOC Method sel=0x18->0x18 inCnt=0 inSC=0 outSC=0 -> 0xe00002c2
#### AGXIOC Method sel=0x18->0x18 inCnt=0 inSC=0 outSC=0 -> 0xe00002c2
#### AGXIOC Method sel=0x18->0x18 inCnt=0 inSC=0 outSC=0 -> 0xe00002c2
#### AGXIOC Method sel=0x18->0x18 inCnt=0 inSC=0 outSC=0 -> 0xe00002c2
[72325:0728/061851.467107:VERBOSE1:content/browser/renderer_host/media/media_stream_manager.cc:1515] MSPL::OnSuspend([this=0x6000d2ea8])
#### AGXIOC Method sel=0x18->0x18 inCnt=0 inSC=0 outSC=0 -> 0xe00002c2
[72325:0728/061852.573772:VERBOSE1:content/browser/renderer_host/media/media_stream_manager.cc:1515] MSPL::OnResume([this=0x6000d2ea8])
#### AGXIOC Method sel=0x18->0x18 inCnt=0 inSC=0 outSC=0 -> 0xe00002c2
#### AGXIOC Method sel=0x18->0x18 inCnt=0 inSC=0 outSC=0 -> 0xe00002c2
#### AGXIOC Method sel=0x18->0x18 inCnt=0 inSC=0 outSC=0 -> 0xe00002c2
#### AGXIOC Method sel=0x18->0x18 inCnt=0 inSC=0 outSC=0 -> 0xe00002c2
#### AGXIOC Method sel=0x18->0x18 inCnt=0 inSC=0 outSC=0 -> 0xe00002c2
#### AGXIOC Method sel=0x18->0x18 inCnt=0 inSC=0 outSC=0 -> 0xe00002c2
#### AGXIOC Method sel=0x18->0x18 inCnt=0 inSC=0 outSC=0 -> 0xe00002c2
#### AGXIOC Method sel=0x18->0x18 inCnt=0 inSC=0 outSC=0 -> 0xe00002c2
#### AGXIOC Method sel=0x18->0x18 inCnt=0 inSC=0 outSC=0 -> 0xe00002c2
#### AGXIOC Method sel=0x18->0x18 inCnt=0 inSC=0 outSC=0 -> 0xe00002c2
#### AGXIOC Method sel=0x18->0x18 inCnt=0 inSC=0 outSC=0 -> 0xe00002c2
#### AGXIOC Method sel=0x18->0x18 inCnt=0 inSC=0 outSC=0 -> 0xe00002c2
#### AGXIOC Method sel=0x18->0x18 inCnt=0 inSC=0 outSC=0 -> 0xe00002c2
#### AGXIOC Method sel=0x18->0x18 inCnt=0 inSC=0 outSC=0 -> 0xe00002c2
#### AGXIOC Method sel=0x18->0x18 inCnt=0 inSC=0 outSC=0 -> 0xe00002c2
#### AGXIOC Method sel=0x18->0x18 inCnt=0 inSC=0 outSC=0 -> 0xe00002c2
#### AGXIOC Method sel=0x18->0x18 inCnt=0 inSC=0 outSC=0 -> 0xe00002c2
#### AGXIOC Method sel=0x18->0x18 inCnt=0 inSC=0 outSC=0 -> 0xe00002c2
#### AGXIOC Method sel=0x18->0x18 inCnt=0 inSC=0 outSC=0 -> 0xe00002c2
#### AGXIOC Method sel=0x18->0x18 inCnt=0 inSC=0 outSC=0 -> 0xe00002c2
#### AGXIOC Method sel=0x18->0x18 inCnt=0 inSC=0 outSC=0 -> 0xe00002c2
#### AGXIOC Method sel=0x18->0x18 inCnt=0 inSC=0 outSC=0 -> 0xe00002c2
#### AGXIOC Method sel=0x18->0x18 inCnt=0 inSC=0 outSC=0 -> 0xe00002c2
#### AGXIOC Method sel=0x18->0x18 inCnt=0 inSC=0 outSC=0 -> 0xe00002c2
#### AGXIOC Method sel=0x18->0x18 inCnt=0 inSC=0 outSC=0 -> 0xe00002c2
#### AGXIOC Method sel=0x18->0x18 inCnt=0 inSC=0 outSC=0 -> 0xe00002c2
#### AGXIOC Method sel=0x18->0x18 inCnt=0 inSC=0 outSC=0 -> 0xe00002c2
#### AGXIOC Method sel=0x18->0x18 inCnt=0 inSC=0 outSC=0 -> 0xe00002c2
[72365:0728/061854.340717:VERBOSE1:net/base/network_delegate.cc:38] NetworkDelegate::NotifyBeforeURLRequest: https://mobile.events.data.microsoft.com/OneCollector/1.0?cors=true&content-type=application/x-json-stream
#### AGXIOC Method sel=0x18->0x18 inCnt=0 inSC=0 outSC=0 -> 0xe00002c2
#### AGXIOC Method sel=0x18->0x18 inCnt=0 inSC=0 outSC=0 -> 0xe00002c2
#### AGXIOC Method sel=0x18->0x18 inCnt=0 inSC=0 outSC=0 -> 0xe00002c2
#### AGXIOC Method sel=0x18->0x18 inCnt=0 inSC=0 outSC=0 -> 0xe00002c2
#### AGXIOC Method sel=0x18->0x18 inCnt=0 inSC=0 outSC=0 -> 0xe00002c2
#### AGXIOC Method sel=0x18->0x18 inCnt=0 inSC=0 outSC=0 -> 0xe00002c2
#### AGXIOC Method sel=0x18->0x18 inCnt=0 inSC=0 outSC=0 -> 0xe00002c2
#### AGXIOC Method sel=0x18->0x18 inCnt=0 inSC=0 outSC=0 -> 0xe00002c2
#### AGXIOC Method sel=0x18->0x18 inCnt=0 inSC=0 outSC=0 -> 0xe00002c2
#### AGXIOC Method sel=0x18->0x18 inCnt=0 inSC=0 outSC=0 -> 0xe00002c2
#### AGXIOC Method sel=0x18->0x18 inCnt=0 inSC=0 outSC=0 -> 0xe00002c2
#### AGXIOC Method sel=0x18->0x18 inCnt=0 inSC=0 outSC=0 -> 0xe00002c2
#### AGXIOC Method sel=0x18->0x18 inCnt=0 inSC=0 outSC=0 -> 0xe00002c2
#### AGXIOC Method sel=0x18->0x18 inCnt=0 inSC=0 outSC=0 -> 0xe00002c2
#### AGXIOC Method sel=0x18->0x18 inCnt=0 inSC=0 outSC=0 -> 0xe00002c2
#### AGXIOC Method sel=0x18->0x18 inCnt=0 inSC=0 outSC=0 -> 0xe00002c2
#### AGXIOC Method sel=0x18->0x18 inCnt=0 inSC=0 outSC=0 -> 0xe00002c2
#### AGXIOC Method sel=0x18->0x18 inCnt=0 inSC=0 outSC=0 -> 0xe00002c2
#### AGXIOC Method sel=0x18->0x18 inCnt=0 inSC=0 outSC=0 -> 0xe00002c2
#### AGXIOC Method sel=0x18->0x18 inCnt=0 inSC=0 outSC=0 -> 0xe00002c2
#### AGXIOC Method sel=0x18->0x18 inCnt=0 inSC=0 outSC=0 -> 0xe00002c2
#### AGXIOC Method sel=0x18->0x18 inCnt=0 inSC=0 outSC=0 -> 0xe00002c2
#### AGXIOC Method sel=0x18->0x18 inCnt=0 inSC=0 outSC=0 -> 0xe00002c2
#### AGXIOC Method sel=0x18->0x18 inCnt=0 inSC=0 outSC=0 -> 0xe00002c2
#### AGXIOC Method sel=0x18->0x18 inCnt=0 inSC=0 outSC=0 -> 0xe00002c2
#### AGXIOC Method sel=0x18->0x18 inCnt=0 inSC=0 outSC=0 -> 0xe00002c2
#### AGXIOC Method sel=0x18->0x18 inCnt=0 inSC=0 outSC=0 -> 0xe00002c2
[72325:0728/061856.785901:VERBOSE1:content/browser/renderer_host/media/media_stream_manager.cc:1515] MSPL::OnSuspend([this=0x6000d2ea8])
#### AGXIOC Method sel=0x18->0x18 inCnt=0 inSC=0 outSC=0 -> 0xe00002c2
[72325:0728/061857.824350:VERBOSE1:content/browser/renderer_host/media/media_stream_manager.cc:1515] MSPL::OnResume([this=0x6000d2ea8])
#### AGXIOC Method sel=0x18->0x18 inCnt=0 inSC=0 outSC=0 -> 0xe00002c2
#### AGXIOC Method sel=0x18->0x18 inCnt=0 inSC=0 outSC=0 -> 0xe00002c2
#### AGXIOC Method sel=0x18->0x18 inCnt=0 inSC=0 outSC=0 -> 0xe00002c2
#### AGXIOC Method sel=0x18->0x18 inCnt=0 inSC=0 outSC=0 -> 0xe00002c2
#### AGXIOC Method sel=0x18->0x18 inCnt=0 inSC=0 outSC=0 -> 0xe00002c2
#### AGXIOC Method sel=0x18->0x18 inCnt=0 inSC=0 outSC=0 -> 0xe00002c2
#### AGXIOC Method sel=0x18->0x18 inCnt=0 inSC=0 outSC=0 -> 0xe00002c2
#### AGXIOC Method sel=0x18->0x18 inCnt=0 inSC=0 outSC=0 -> 0xe00002c2
#### AGXIOC Method sel=0x18->0x18 inCnt=0 inSC=0 outSC=0 -> 0xe00002c2
#### AGXIOC Method sel=0x18->0x18 inCnt=0 inSC=0 outSC=0 -> 0xe00002c2
#### AGXIOC Method sel=0x18->0x18 inCnt=0 inSC=0 outSC=0 -> 0xe00002c2
#### AGXIOC Method sel=0x18->0x18 inCnt=0 inSC=0 outSC=0 -> 0xe00002c2
#### AGXIOC Method sel=0x18->0x18 inCnt=0 inSC=0 outSC=0 -> 0xe00002c2
#### AGXIOC Method sel=0x18->0x18 inCnt=0 inSC=0 outSC=0 -> 0xe00002c2
#### AGXIOC Method sel=0x18->0x18 inCnt=0 inSC=0 outSC=0 -> 0xe00002c2
#### AGXIOC Method sel=0x18->0x18 inCnt=0 inSC=0 outSC=0 -> 0xe00002c2
#### AGXIOC Method sel=0x18->0x18 inCnt=0 inSC=0 outSC=0 -> 0xe00002c2
#### AGXIOC Method sel=0x18->0x18 inCnt=0 inSC=0 outSC=0 -> 0xe00002c2
#### AGXIOC Method sel=0x18->0x18 inCnt=0 inSC=0 outSC=0 -> 0xe00002c2
#### AGXIOC Method sel=0x18->0x18 inCnt=0 inSC=0 outSC=0 -> 0xe00002c2
[72365:0728/061859.128460:VERBOSE1:net/base/network_delegate.cc:38] NetworkDelegate::NotifyBeforeURLRequest: https://mobile.events.data.microsoft.com/OneCollector/1.0?cors=true&content-type=application/x-json-stream
#### AGXIOC Method sel=0x18->0x18 inCnt=0 inSC=0 outSC=0 -> 0xe00002c2
#### AGXIOC Method sel=0x18->0x18 inCnt=0 inSC=0 outSC=0 -> 0xe00002c2
#### AGXIOC Method sel=0x18->0x18 inCnt=0 inSC=0 outSC=0 -> 0xe00002c2
#### AGXIOC Method sel=0x18->0x18 inCnt=0 inSC=0 outSC=0 -> 0xe00002c2
#### AGXIOC Method sel=0x18->0x18 inCnt=0 inSC=0 outSC=0 -> 0xe00002c2
#### AGXIOC Method sel=0x18->0x18 inCnt=0 inSC=0 outSC=0 -> 0xe00002c2
#### AGXIOC Method sel=0x18->0x18 inCnt=0 inSC=0 outSC=0 -> 0xe00002c2
#### AGXIOC Method sel=0x18->0x18 inCnt=0 inSC=0 outSC=0 -> 0xe00002c2
#### AGXIOC Method sel=0x18->0x18 inCnt=0 inSC=0 outSC=0 -> 0xe00002c2
#### AGXIOC Method sel=0x18->0x18 inCnt=0 inSC=0 outSC=0 -> 0xe00002c2
#### AGXIOC Method sel=0x18->0x18 inCnt=0 inSC=0 outSC=0 -> 0xe00002c2
#### AGXIOC Method sel=0x18->0x18 inCnt=0 inSC=0 outSC=0 -> 0xe00002c2
#### AGXIOC Method sel=0x18->0x18 inCnt=0 inSC=0 outSC=0 -> 0xe00002c2
#### AGXIOC Method sel=0x18->0x18 inCnt=0 inSC=0 outSC=0 -> 0xe00002c2
#### AGXIOC Method sel=0x18->0x18 inCnt=0 inSC=0 outSC=0 -> 0xe00002c2
#### AGXIOC Method sel=0x18->0x18 inCnt=0 inSC=0 outSC=0 -> 0xe00002c2
#### AGXIOC Method sel=0x18->0x18 inCnt=0 inSC=0 outSC=0 -> 0xe00002c2
#### AGXIOC Method sel=0x18->0x18 inCnt=0 inSC=0 outSC=0 -> 0xe00002c2
#### AGXIOC Method sel=0x18->0x18 inCnt=0 inSC=0 outSC=0 -> 0xe00002c2
#### AGXIOC Method sel=0x18->0x18 inCnt=0 inSC=0 outSC=0 -> 0xe00002c2
#### AGXIOC Method sel=0x18->0x18 inCnt=0 inSC=0 outSC=0 -> 0xe00002c2
#### AGXIOC Method sel=0x18->0x18 inCnt=0 inSC=0 outSC=0 -> 0xe00002c2
#### AGXIOC Method sel=0x18->0x18 inCnt=0 inSC=0 outSC=0 -> 0xe00002c2
#### AGXIOC Method sel=0x18->0x18 inCnt=0 inSC=0 outSC=0 -> 0xe00002c2
#### AGXIOC Method sel=0x18->0x18 inCnt=0 inSC=0 outSC=0 -> 0xe00002c2
#### AGXIOC Method sel=0x18->0x18 inCnt=0 inSC=0 outSC=0 -> 0xe00002c2
#### AGXIOC Method sel=0x18->0x18 inCnt=0 inSC=0 outSC=0 -> 0xe00002c2
#### AGXIOC Method sel=0x18->0x18 inCnt=0 inSC=0 outSC=0 -> 0xe00002c2
#### AGXIOC Method sel=0x18->0x18 inCnt=0 inSC=0 outSC=0 -> 0xe00002c2
#### AGXIOC Method sel=0x18->0x18 inCnt=0 inSC=0 outSC=0 -> 0xe00002c2
#### AGXIOC Method sel=0x18->0x18 inCnt=0 inSC=0 outSC=0 -> 0xe00002c2
#### AGXIOC Method sel=0x18->0x18 inCnt=0 inSC=0 outSC=0 -> 0xe00002c2
#### AGXIOC Method sel=0x18->0x18 inCnt=0 inSC=0 outSC=0 -> 0xe00002c2
#### AGXIOC Method sel=0x18->0x18 inCnt=0 inSC=0 outSC=0 -> 0xe00002c2
#### AGXIOC Method sel=0x18->0x18 inCnt=0 inSC=0 outSC=0 -> 0xe00002c2
#### AGXIOC Method sel=0x18->0x18 inCnt=0 inSC=0 outSC=0 -> 0xe00002c2
#### AGXIOC Method sel=0x18->0x18 inCnt=0 inSC=0 outSC=0 -> 0xe00002c2
#### AGXIOC Method sel=0x18->0x18 inCnt=0 inSC=0 outSC=0 -> 0xe00002c2
#### AGXIOC Method sel=0x18->0x18 inCnt=0 inSC=0 outSC=0 -> 0xe00002c2
[72325:0728/061902.024849:VERBOSE1:content/browser/renderer_host/media/media_stream_manager.cc:1515] MSPL::OnSuspend([this=0x6000d2ea8])
#### AGXIOC Method sel=0x18->0x18 inCnt=0 inSC=0 outSC=0 -> 0xe00002c2
[72325:0728/061903.063229:VERBOSE1:content/browser/renderer_host/media/media_stream_manager.cc:1515] MSPL::OnResume([this=0x6000d2ea8])
#### AGXIOC Method sel=0x18->0x18 inCnt=0 inSC=0 outSC=0 -> 0xe00002c2
#### AGXIOC Method sel=0x18->0x18 inCnt=0 inSC=0 outSC=0 -> 0xe00002c2
#### AGXIOC Method sel=0x18->0x18 inCnt=0 inSC=0 outSC=0 -> 0xe00002c2
#### AGXIOC Method sel=0x18->0x18 inCnt=0 inSC=0 outSC=0 -> 0xe00002c2
#### AGXIOC Method sel=0x18->0x18 inCnt=0 inSC=0 outSC=0 -> 0xe00002c2
#### AGXIOC Method sel=0x18->0x18 inCnt=0 inSC=0 outSC=0 -> 0xe00002c2
#### AGXIOC Method sel=0x18->0x18 inCnt=0 inSC=0 outSC=0 -> 0xe00002c2
#### AGXIOC Method sel=0x18->0x18 inCnt=0 inSC=0 outSC=0 -> 0xe00002c2
#### AGXIOC Method sel=0x18->0x18 inCnt=0 inSC=0 outSC=0 -> 0xe00002c2
#### AGXIOC Method sel=0x18->0x18 inCnt=0 inSC=0 outSC=0 -> 0xe00002c2
#### AGXIOC Method sel=0x18->0x18 inCnt=0 inSC=0 outSC=0 -> 0xe00002c2
#### AGXIOC Method sel=0x18->0x18 inCnt=0 inSC=0 outSC=0 -> 0xe00002c2
#### AGXIOC Method sel=0x18->0x18 inCnt=0 inSC=0 outSC=0 -> 0xe00002c2
#### AGXIOC Method sel=0x18->0x18 inCnt=0 inSC=0 outSC=0 -> 0xe00002c2
#### AGXIOC Method sel=0x18->0x18 inCnt=0 inSC=0 outSC=0 -> 0xe00002c2
#### AGXIOC Method sel=0x18->0x18 inCnt=0 inSC=0 outSC=0 -> 0xe00002c2
#### AGXIOC Method sel=0x18->0x18 inCnt=0 inSC=0 outSC=0 -> 0xe00002c2
#### AGXIOC Method sel=0x18->0x18 inCnt=0 inSC=0 outSC=0 -> 0xe00002c2
#### AGXIOC Method sel=0x18->0x18 inCnt=0 inSC=0 outSC=0 -> 0xe00002c2
#### AGXIOC Method sel=0x18->0x18 inCnt=0 inSC=0 outSC=0 -> 0xe00002c2
#### AGXIOC Method sel=0x18->0x18 inCnt=0 inSC=0 outSC=0 -> 0xe00002c2
#### AGXIOC Method sel=0x18->0x18 inCnt=0 inSC=0 outSC=0 -> 0xe00002c2
#### AGXIOC Method sel=0x18->0x18 inCnt=0 inSC=0 outSC=0 -> 0xe00002c2
#### AGXIOC Method sel=0x18->0x18 inCnt=0 inSC=0 outSC=0 -> 0xe00002c2
[72365:0728/061904.858922:VERBOSE1:net/base/network_delegate.cc:38] NetworkDelegate::NotifyBeforeURLRequest: https://mobile.events.data.microsoft.com/OneCollector/1.0?cors=true&content-type=application/x-json-stream
#### AGXIOC Method sel=0x18->0x18 inCnt=0 inSC=0 outSC=0 -> 0xe00002c2
#### AGXIOC Method sel=0x18->0x18 inCnt=0 inSC=0 outSC=0 -> 0xe00002c2
#### AGXIOC Method sel=0x18->0x18 inCnt=0 inSC=0 outSC=0 -> 0xe00002c2
#### AGXIOC Method sel=0x18->0x18 inCnt=0 inSC=0 outSC=0 -> 0xe00002c2
#### AGXIOC Method sel=0x18->0x18 inCnt=0 inSC=0 outSC=0 -> 0xe00002c2
#### AGXIOC Method sel=0x1e->0x1a inCnt=4 inSC=56 outSC=0 -> 0x0
#### AGXIOC Method sel=0x18->0x18 inCnt=0 inSC=0 outSC=0 -> 0xe00002c2
#### AGXIOC Method sel=0x18->0x18 inCnt=0 inSC=0 outSC=0 -> 0xe00002c2
#### AGXIOC Method sel=0x18->0x18 inCnt=0 inSC=0 outSC=0 -> 0xe00002c2
#### AGXIOC Method sel=0x18->0x18 inCnt=0 inSC=0 outSC=0 -> 0xe00002c2
#### AGXIOC Method sel=0x18->0x18 inCnt=0 inSC=0 outSC=0 -> 0xe00002c2
#### AGXIOC Method sel=0x18->0x18 inCnt=0 inSC=0 outSC=0 -> 0xe00002c2
#### AGXIOC Method sel=0x18->0x18 inCnt=0 inSC=0 outSC=0 -> 0xe00002c2
#### AGXIOC Method sel=0x18->0x18 inCnt=0 inSC=0 outSC=0 -> 0xe00002c2
#### AGXIOC Method sel=0x18->0x18 inCnt=0 inSC=0 outSC=0 -> 0xe00002c2
#### AGXIOC Method sel=0x18->0x18 inCnt=0 inSC=0 outSC=0 -> 0xe00002c2
#### AGXIOC Method sel=0x18->0x18 inCnt=0 inSC=0 outSC=0 -> 0xe00002c2
#### AGXIOC Method sel=0x18->0x18 inCnt=0 inSC=0 outSC=0 -> 0xe00002c2
#### AGXIOC Method sel=0x18->0x18 inCnt=0 inSC=0 outSC=0 -> 0xe00002c2
#### AGXIOC Method sel=0x18->0x18 inCnt=0 inSC=0 outSC=0 -> 0xe00002c2
#### AGXIOC Method sel=0x18->0x18 inCnt=0 inSC=0 outSC=0 -> 0xe00002c2
#### AGXIOC Method sel=0x18->0x18 inCnt=0 inSC=0 outSC=0 -> 0xe00002c2
#### AGXIOC Method sel=0x18->0x18 inCnt=0 inSC=0 outSC=0 -> 0xe00002c2
#### AGXIOC Method sel=0x18->0x18 inCnt=0 inSC=0 outSC=0 -> 0xe00002c2
#### AGXIOC Method sel=0x18->0x18 inCnt=0 inSC=0 outSC=0 -> 0xe00002c2
#### AGXIOC Method sel=0x18->0x18 inCnt=0 inSC=0 outSC=0 -> 0xe00002c2
#### AGXIOC Method sel=0x18->0x18 inCnt=0 inSC=0 outSC=0 -> 0xe00002c2
#### AGXIOC Method sel=0x18->0x18 inCnt=0 inSC=0 outSC=0 -> 0xe00002c2
#### AGXIOC Method sel=0x18->0x18 inCnt=0 inSC=0 outSC=0 -> 0xe00002c2
#### AGXIOC Method sel=0x18->0x18 inCnt=0 inSC=0 outSC=0 -> 0xe00002c2
#### AGXIOC Method sel=0x18->0x18 inCnt=0 inSC=0 outSC=0 -> 0xe00002c2
#### AGXIOC Method sel=0x18->0x18 inCnt=0 inSC=0 outSC=0 -> 0xe00002c2
#### AGXIOC Method sel=0x18->0x18 inCnt=0 inSC=0 outSC=0 -> 0xe00002c2
#### AGXIOC Method sel=0x18->0x18 inCnt=0 inSC=0 outSC=0 -> 0xe00002c2
[72325:0728/061907.276113:VERBOSE1:content/browser/renderer_host/media/media_stream_manager.cc:1515] MSPL::OnSuspend([this=0x6000d2ea8])
#### AGXIOC Method sel=0x18->0x18 inCnt=0 inSC=0 outSC=0 -> 0xe00002c2
[72325:0728/061908.331039:VERBOSE1:content/browser/renderer_host/media/media_stream_manager.cc:1515] MSPL::OnResume([this=0x6000d2ea8])
#### AGXIOC Method sel=0x18->0x18 inCnt=0 inSC=0 outSC=0 -> 0xe00002c2
#### AGXIOC Method sel=0x18->0x18 inCnt=0 inSC=0 outSC=0 -> 0xe00002c2
#### AGXIOC Method sel=0x18->0x18 inCnt=0 inSC=0 outSC=0 -> 0xe00002c2
#### AGXIOC Method sel=0x18->0x18 inCnt=0 inSC=0 outSC=0 -> 0xe00002c2
#### AGXIOC Method sel=0x18->0x18 inCnt=0 inSC=0 outSC=0 -> 0xe00002c2
#### AGXIOC Method sel=0x18->0x18 inCnt=0 inSC=0 outSC=0 -> 0xe00002c2
#### AGXIOC Method sel=0x18->0x18 inCnt=0 inSC=0 outSC=0 -> 0xe00002c2
#### AGXIOC Method sel=0x18->0x18 inCnt=0 inSC=0 outSC=0 -> 0xe00002c2
#### AGXIOC Method sel=0x18->0x18 inCnt=0 inSC=0 outSC=0 -> 0xe00002c2
#### AGXIOC Method sel=0x18->0x18 inCnt=0 inSC=0 outSC=0 -> 0xe00002c2
#### AGXIOC Method sel=0x18->0x18 inCnt=0 inSC=0 outSC=0 -> 0xe00002c2
#### AGXIOC Method sel=0x18->0x18 inCnt=0 inSC=0 outSC=0 -> 0xe00002c2
#### AGXIOC Method sel=0x18->0x18 inCnt=0 inSC=0 outSC=0 -> 0xe00002c2
#### AGXIOC Method sel=0x18->0x18 inCnt=0 inSC=0 outSC=0 -> 0xe00002c2
#### AGXIOC Method sel=0x18->0x18 inCnt=0 inSC=0 outSC=0 -> 0xe00002c2
#### AGXIOC Method sel=0x18->0x18 inCnt=0 inSC=0 outSC=0 -> 0xe00002c2
#### AGXIOC Method sel=0x18->0x18 inCnt=0 inSC=0 outSC=0 -> 0xe00002c2
#### AGXIOC Method sel=0x18->0x18 inCnt=0 inSC=0 outSC=0 -> 0xe00002c2
#### AGXIOC Method sel=0x18->0x18 inCnt=0 inSC=0 outSC=0 -> 0xe00002c2
#### AGXIOC Method sel=0x18->0x18 inCnt=0 inSC=0 outSC=0 -> 0xe00002c2
#### AGXIOC Method sel=0x18->0x18 inCnt=0 inSC=0 outSC=0 -> 0xe00002c2
#### AGXIOC Method sel=0x18->0x18 inCnt=0 inSC=0 outSC=0 -> 0xe00002c2
#### AGXIOC Method sel=0x18->0x18 inCnt=0 inSC=0 outSC=0 -> 0xe00002c2
#### AGXIOC Method sel=0x18->0x18 inCnt=0 inSC=0 outSC=0 -> 0xe00002c2
#### AGXIOC Method sel=0x18->0x18 inCnt=0 inSC=0 outSC=0 -> 0xe00002c2
#### AGXIOC Method sel=0x18->0x18 inCnt=0 inSC=0 outSC=0 -> 0xe00002c2
#### AGXIOC Method sel=0x18->0x18 inCnt=0 inSC=0 outSC=0 -> 0xe00002c2
#### AGXIOC Method sel=0x18->0x18 inCnt=0 inSC=0 outSC=0 -> 0xe00002c2
#### AGXIOC Method sel=0x18->0x18 inCnt=0 inSC=0 outSC=0 -> 0xe00002c2
#### AGXIOC Method sel=0x18->0x18 inCnt=0 inSC=0 outSC=0 -> 0xe00002c2
[72365:0728/061910.099792:VERBOSE1:net/base/network_delegate.cc:38] NetworkDelegate::NotifyBeforeURLRequest: https://mobile.events.data.microsoft.com/OneCollector/1.0?cors=true&content-type=application/x-json-stream
#### AGXIOC Method sel=0x18->0x18 inCnt=0 inSC=0 outSC=0 -> 0xe00002c2
#### AGXIOC Method sel=0x18->0x18 inCnt=0 inSC=0 outSC=0 -> 0xe00002c2
#### AGXIOC Method sel=0x18->0x18 inCnt=0 inSC=0 outSC=0 -> 0xe00002c2
#### AGXIOC Method sel=0x18->0x18 inCnt=0 inSC=0 outSC=0 -> 0xe00002c2
#### AGXIOC Method sel=0x18->0x18 inCnt=0 inSC=0 outSC=0 -> 0xe00002c2
#### AGXIOC Method sel=0x18->0x18 inCnt=0 inSC=0 outSC=0 -> 0xe00002c2
#### AGXIOC Method sel=0x18->0x18 inCnt=0 inSC=0 outSC=0 -> 0xe00002c2
#### AGXIOC Method sel=0x18->0x18 inCnt=0 inSC=0 outSC=0 -> 0xe00002c2
#### AGXIOC Method sel=0x18->0x18 inCnt=0 inSC=0 outSC=0 -> 0xe00002c2
#### AGXIOC Method sel=0x18->0x18 inCnt=0 inSC=0 outSC=0 -> 0xe00002c2
#### AGXIOC Method sel=0x18->0x18 inCnt=0 inSC=0 outSC=0 -> 0xe00002c2
#### AGXIOC Method sel=0x18->0x18 inCnt=0 inSC=0 outSC=0 -> 0xe00002c2
#### AGXIOC Method sel=0x18->0x18 inCnt=0 inSC=0 outSC=0 -> 0xe00002c2
#### AGXIOC Method sel=0x18->0x18 inCnt=0 inSC=0 outSC=0 -> 0xe00002c2
#### AGXIOC Method sel=0x18->0x18 inCnt=0 inSC=0 outSC=0 -> 0xe00002c2
#### AGXIOC Method sel=0x18->0x18 inCnt=0 inSC=0 outSC=0 -> 0xe00002c2
#### AGXIOC Method sel=0x18->0x18 inCnt=0 inSC=0 outSC=0 -> 0xe00002c2
#### AGXIOC Method sel=0x18->0x18 inCnt=0 inSC=0 outSC=0 -> 0xe00002c2
#### AGXIOC Method sel=0x18->0x18 inCnt=0 inSC=0 outSC=0 -> 0xe00002c2
#### AGXIOC Method sel=0x18->0x18 inCnt=0 inSC=0 outSC=0 -> 0xe00002c2
#### AGXIOC Method sel=0x18->0x18 inCnt=0 inSC=0 outSC=0 -> 0xe00002c2
#### AGXIOC Method sel=0x18->0x18 inCnt=0 inSC=0 outSC=0 -> 0xe00002c2
#### AGXIOC Method sel=0x18->0x18 inCnt=0 inSC=0 outSC=0 -> 0xe00002c2
#### AGXIOC Method sel=0x18->0x18 inCnt=0 inSC=0 outSC=0 -> 0xe00002c2
#### AGXIOC Method sel=0x18->0x18 inCnt=0 inSC=0 outSC=0 -> 0xe00002c2
#### AGXIOC Method sel=0x18->0x18 inCnt=0 inSC=0 outSC=0 -> 0xe00002c2
#### AGXIOC Method sel=0x18->0x18 inCnt=0 inSC=0 outSC=0 -> 0xe00002c2
#### AGXIOC Method sel=0x18->0x18 inCnt=0 inSC=0 outSC=0 -> 0xe00002c2
#### AGXIOC Method sel=0x18->0x18 inCnt=0 inSC=0 outSC=0 -> 0xe00002c2
#### AGXIOC Method sel=0x18->0x18 inCnt=0 inSC=0 outSC=0 -> 0xe00002c2
#### AGXIOC Method sel=0x18->0x18 inCnt=0 inSC=0 outSC=0 -> 0xe00002c2
#### AGXIOC Method sel=0x18->0x18 inCnt=0 inSC=0 outSC=0 -> 0xe00002c2
#### AGXIOC Method sel=0x18->0x18 inCnt=0 inSC=0 outSC=0 -> 0xe00002c2
#### AGXIOC Method sel=0x18->0x18 inCnt=0 inSC=0 outSC=0 -> 0xe00002c2
#### AGXIOC Method sel=0x18->0x18 inCnt=0 inSC=0 outSC=0 -> 0xe00002c2
#### AGXIOC Method sel=0x18->0x18 inCnt=0 inSC=0 outSC=0 -> 0xe00002c2
#### AGXIOC Method sel=0x18->0x18 inCnt=0 inSC=0 outSC=0 -> 0xe00002c2
#### AGXIOC Method sel=0x18->0x18 inCnt=0 inSC=0 outSC=0 -> 0xe00002c2
#### AGXIOC Method sel=0x18->0x18 inCnt=0 inSC=0 outSC=0 -> 0xe00002c2
#### AGXIOC Method sel=0x18->0x18 inCnt=0 inSC=0 outSC=0 -> 0xe00002c2
[72325:0728/061912.538565:VERBOSE1:content/browser/renderer_host/media/media_stream_manager.cc:1515] MSPL::OnSuspend([this=0x6000d2ea8])
#### AGXIOC Method sel=0x18->0x18 inCnt=0 inSC=0 outSC=0 -> 0xe00002c2
[72325:0728/061912.888933:VERBOSE1:content/browser/renderer_host/media/media_stream_manager.cc:1515] MSPL::OnResume([this=0x6000d2ea8])
#### AGXIOC Method sel=0x18->0x18 inCnt=0 inSC=0 outSC=0 -> 0xe00002c2
#### AGXIOC Method sel=0x18->0x18 inCnt=0 inSC=0 outSC=0 -> 0xe00002c2
#### AGXIOC Method sel=0x18->0x18 inCnt=0 inSC=0 outSC=0 -> 0xe00002c2
#### AGXIOC Method sel=0x18->0x18 inCnt=0 inSC=0 outSC=0 -> 0xe00002c2
#### AGXIOC Method sel=0x18->0x18 inCnt=0 inSC=0 outSC=0 -> 0xe00002c2
#### AGXIOC Method sel=0x18->0x18 inCnt=0 inSC=0 outSC=0 -> 0xe00002c2
#### AGXIOC Method sel=0x18->0x18 inCnt=0 inSC=0 outSC=0 -> 0xe00002c2
#### AGXIOC Method sel=0x18->0x18 inCnt=0 inSC=0 outSC=0 -> 0xe00002c2
#### AGXIOC Method sel=0x18->0x18 inCnt=0 inSC=0 outSC=0 -> 0xe00002c2
#### AGXIOC Method sel=0x18->0x18 inCnt=0 inSC=0 outSC=0 -> 0xe00002c2
#### AGXIOC Method sel=0x18->0x18 inCnt=0 inSC=0 outSC=0 -> 0xe00002c2
#### AGXIOC Method sel=0x18->0x18 inCnt=0 inSC=0 outSC=0 -> 0xe00002c2
#### AGXIOC Method sel=0x18->0x18 inCnt=0 inSC=0 outSC=0 -> 0xe00002c2
#### AGXIOC Method sel=0x18->0x18 inCnt=0 inSC=0 outSC=0 -> 0xe00002c2
#### AGXIOC Method sel=0x18->0x18 inCnt=0 inSC=0 outSC=0 -> 0xe00002c2
#### AGXIOC Method sel=0x18->0x18 inCnt=0 inSC=0 outSC=0 -> 0xe00002c2
#### AGXIOC Method sel=0x18->0x18 inCnt=0 inSC=0 outSC=0 -> 0xe00002c2
#### AGXIOC Method sel=0x18->0x18 inCnt=0 inSC=0 outSC=0 -> 0xe00002c2
#### AGXIOC Method sel=0x18->0x18 inCnt=0 inSC=0 outSC=0 -> 0xe00002c2
#### AGXIOC Method sel=0x18->0x18 inCnt=0 inSC=0 outSC=0 -> 0xe00002c2
#### AGXIOC Method sel=0x18->0x18 inCnt=0 inSC=0 outSC=0 -> 0xe00002c2
#### AGXIOC Method sel=0x18->0x18 inCnt=0 inSC=0 outSC=0 -> 0xe00002c2
#### AGXIOC Method sel=0x18->0x18 inCnt=0 inSC=0 outSC=0 -> 0xe00002c2
[72365:0728/061914.651061:VERBOSE1:net/base/network_delegate.cc:38] NetworkDelegate::NotifyBeforeURLRequest: https://mobile.events.data.microsoft.com/OneCollector/1.0?cors=true&content-type=application/x-json-stream
#### AGXIOC Method sel=0x18->0x18 inCnt=0 inSC=0 outSC=0 -> 0xe00002c2
#### AGXIOC Method sel=0x18->0x18 inCnt=0 inSC=0 outSC=0 -> 0xe00002c2
#### AGXIOC Method sel=0x18->0x18 inCnt=0 inSC=0 outSC=0 -> 0xe00002c2
#### AGXIOC Method sel=0x18->0x18 inCnt=0 inSC=0 outSC=0 -> 0xe00002c2
#### AGXIOC Method sel=0x18->0x18 inCnt=0 inSC=0 outSC=0 -> 0xe00002c2
#### AGXIOC Method sel=0x18->0x18 inCnt=0 inSC=0 outSC=0 -> 0xe00002c2
#### AGXIOC Method sel=0x18->0x18 inCnt=0 inSC=0 outSC=0 -> 0xe00002c2
#### AGXIOC Method sel=0x18->0x18 inCnt=0 inSC=0 outSC=0 -> 0xe00002c2
#### AGXIOC Method sel=0x18->0x18 inCnt=0 inSC=0 outSC=0 -> 0xe00002c2
#### AGXIOC Method sel=0x18->0x18 inCnt=0 inSC=0 outSC=0 -> 0xe00002c2
#### AGXIOC Method sel=0x18->0x18 inCnt=0 inSC=0 outSC=0 -> 0xe00002c2
#### AGXIOC Method sel=0x18->0x18 inCnt=0 inSC=0 outSC=0 -> 0xe00002c2
#### AGXIOC Method sel=0x18->0x18 inCnt=0 inSC=0 outSC=0 -> 0xe00002c2
#### AGXIOC Method sel=0x18->0x18 inCnt=0 inSC=0 outSC=0 -> 0xe00002c2
#### AGXIOC Method sel=0x18->0x18 inCnt=0 inSC=0 outSC=0 -> 0xe00002c2
#### AGXIOC Method sel=0x18->0x18 inCnt=0 inSC=0 outSC=0 -> 0xe00002c2
#### AGXIOC Method sel=0x18->0x18 inCnt=0 inSC=0 outSC=0 -> 0xe00002c2
#### AGXIOC Method sel=0x18->0x18 inCnt=0 inSC=0 outSC=0 -> 0xe00002c2
#### AGXIOC Method sel=0x18->0x18 inCnt=0 inSC=0 outSC=0 -> 0xe00002c2
#### AGXIOC Method sel=0x18->0x18 inCnt=0 inSC=0 outSC=0 -> 0xe00002c2
#### AGXIOC Method sel=0x18->0x18 inCnt=0 inSC=0 outSC=0 -> 0xe00002c2
#### AGXIOC Method sel=0x18->0x18 inCnt=0 inSC=0 outSC=0 -> 0xe00002c2
#### AGXIOC Method sel=0x18->0x18 inCnt=0 inSC=0 outSC=0 -> 0xe00002c2
#### AGXIOC Method sel=0x18->0x18 inCnt=0 inSC=0 outSC=0 -> 0xe00002c2
#### AGXIOC Method sel=0x18->0x18 inCnt=0 inSC=0 outSC=0 -> 0xe00002c2
#### AGXIOC Method sel=0x18->0x18 inCnt=0 inSC=0 outSC=0 -> 0xe00002c2
#### AGXIOC Method sel=0x18->0x18 inCnt=0 inSC=0 outSC=0 -> 0xe00002c2
#### AGXIOC Method sel=0x18->0x18 inCnt=0 inSC=0 outSC=0 -> 0xe00002c2
#### AGXIOC Method sel=0x18->0x18 inCnt=0 inSC=0 outSC=0 -> 0xe00002c2
#### AGXIOC Method sel=0x18->0x18 inCnt=0 inSC=0 outSC=0 -> 0xe00002c2
#### AGXIOC Method sel=0xd->0xc inCnt=2 inSC=0 outSC=0 -> 0x0
#### AGXIOC Method sel=0x18->0x18 inCnt=0 inSC=0 outSC=0 -> 0xe00002c2
#### AGXIOC Method sel=0x18->0x18 inCnt=0 inSC=0 outSC=0 -> 0xe00002c2
#### AGXIOC Method sel=0x18->0x18 inCnt=0 inSC=0 outSC=0 -> 0xe00002c2
[72325:0728/061917.088485:VERBOSE1:content/browser/renderer_host/media/media_stream_manager.cc:1515] MSPL::OnSuspend([this=0x6000d2ea8])
[72325:0728/061917.449776:VERBOSE1:content/browser/renderer_host/media/media_stream_manager.cc:1515] MSPL::OnResume([this=0x6000d2ea8])
#### AGXIOC Method sel=0x18->0x18 inCnt=0 inSC=0 outSC=0 -> 0xe00002c2
#### AGXIOC Method sel=0x18->0x18 inCnt=0 inSC=0 outSC=0 -> 0xe00002c2
#### AGXIOC Method sel=0x18->0x18 inCnt=0 inSC=0 outSC=0 -> 0xe00002c2
#### AGXIOC Method sel=0x18->0x18 inCnt=0 inSC=0 outSC=0 -> 0xe00002c2
#### AGXIOC Method sel=0x18->0x18 inCnt=0 inSC=0 outSC=0 -> 0xe00002c2
#### AGXIOC Method sel=0x18->0x18 inCnt=0 inSC=0 outSC=0 -> 0xe00002c2
#### AGXIOC Method sel=0x18->0x18 inCnt=0 inSC=0 outSC=0 -> 0xe00002c2
#### AGXIOC Method sel=0x18->0x18 inCnt=0 inSC=0 outSC=0 -> 0xe00002c2
#### AGXIOC Method sel=0x18->0x18 inCnt=0 inSC=0 outSC=0 -> 0xe00002c2
#### AGXIOC Method sel=0x18->0x18 inCnt=0 inSC=0 outSC=0 -> 0xe00002c2
#### AGXIOC Method sel=0x18->0x18 inCnt=0 inSC=0 outSC=0 -> 0xe00002c2
#### AGXIOC Method sel=0x18->0x18 inCnt=0 inSC=0 outSC=0 -> 0xe00002c2
#### AGXIOC Method sel=0x18->0x18 inCnt=0 inSC=0 outSC=0 -> 0xe00002c2
#### AGXIOC Method sel=0x18->0x18 inCnt=0 inSC=0 outSC=0 -> 0xe00002c2
#### AGXIOC Method sel=0x18->0x18 inCnt=0 inSC=0 outSC=0 -> 0xe00002c2
#### AGXIOC Method sel=0x18->0x18 inCnt=0 inSC=0 outSC=0 -> 0xe00002c2
#### AGXIOC Method sel=0x18->0x18 inCnt=0 inSC=0 outSC=0 -> 0xe00002c2
#### AGXIOC Method sel=0x18->0x18 inCnt=0 inSC=0 outSC=0 -> 0xe00002c2
#### AGXIOC Method sel=0x18->0x18 inCnt=0 inSC=0 outSC=0 -> 0xe00002c2
#### AGXIOC Method sel=0x18->0x18 inCnt=0 inSC=0 outSC=0 -> 0xe00002c2
#### AGXIOC Method sel=0x18->0x18 inCnt=0 inSC=0 outSC=0 -> 0xe00002c2
#### AGXIOC Method sel=0x18->0x18 inCnt=0 inSC=0 outSC=0 -> 0xe00002c2
#### AGXIOC Method sel=0x18->0x18 inCnt=0 inSC=0 outSC=0 -> 0xe00002c2
#### AGXIOC Method sel=0x18->0x18 inCnt=0 inSC=0 outSC=0 -> 0xe00002c2
#### AGXIOC Method sel=0x18->0x18 inCnt=0 inSC=0 outSC=0 -> 0xe00002c2
#### AGXIOC Method sel=0x18->0x18 inCnt=0 inSC=0 outSC=0 -> 0xe00002c2
#### AGXIOC Method sel=0x18->0x18 inCnt=0 inSC=0 outSC=0 -> 0xe00002c2
#### AGXIOC Method sel=0x18->0x18 inCnt=0 inSC=0 outSC=0 -> 0xe00002c2
#### AGXIOC Method sel=0x18->0x18 inCnt=0 inSC=0 outSC=0 -> 0xe00002c2
#### AGXIOC Method sel=0x18->0x18 inCnt=0 inSC=0 outSC=0 -> 0xe00002c2
[72365:0728/061919.201797:VERBOSE1:net/base/network_delegate.cc:38] NetworkDelegate::NotifyBeforeURLRequest: https://mobile.events.data.microsoft.com/OneCollector/1.0?cors=true&content-type=application/x-json-stream
#### AGXIOC Method sel=0x18->0x18 inCnt=0 inSC=0 outSC=0 -> 0xe00002c2
#### AGXIOC Method sel=0x18->0x18 inCnt=0 inSC=0 outSC=0 -> 0xe00002c2
#### AGXIOC Method sel=0x18->0x18 inCnt=0 inSC=0 outSC=0 -> 0xe00002c2
#### AGXIOC Method sel=0x18->0x18 inCnt=0 inSC=0 outSC=0 -> 0xe00002c2
#### AGXIOC Method sel=0x18->0x18 inCnt=0 inSC=0 outSC=0 -> 0xe00002c2
#### AGXIOC Method sel=0x18->0x18 inCnt=0 inSC=0 outSC=0 -> 0xe00002c2
#### AGXIOC Method sel=0x18->0x18 inCnt=0 inSC=0 outSC=0 -> 0xe00002c2
#### AGXIOC Method sel=0x18->0x18 inCnt=0 inSC=0 outSC=0 -> 0xe00002c2
#### AGXIOC Method sel=0x18->0x18 inCnt=0 inSC=0 outSC=0 -> 0xe00002c2
#### AGXIOC Method sel=0x18->0x18 inCnt=0 inSC=0 outSC=0 -> 0xe00002c2
#### AGXIOC Method sel=0x18->0x18 inCnt=0 inSC=0 outSC=0 -> 0xe00002c2
#### AGXIOC Method sel=0x18->0x18 inCnt=0 inSC=0 outSC=0 -> 0xe00002c2
#### AGXIOC Method sel=0x18->0x18 inCnt=0 inSC=0 outSC=0 -> 0xe00002c2
#### AGXIOC Method sel=0x18->0x18 inCnt=0 inSC=0 outSC=0 -> 0xe00002c2
#### AGXIOC Method sel=0x18->0x18 inCnt=0 inSC=0 outSC=0 -> 0xe00002c2
#### AGXIOC Method sel=0x18->0x18 inCnt=0 inSC=0 outSC=0 -> 0xe00002c2
#### AGXIOC Method sel=0x18->0x18 inCnt=0 inSC=0 outSC=0 -> 0xe00002c2
#### AGXIOC Method sel=0x18->0x18 inCnt=0 inSC=0 outSC=0 -> 0xe00002c2
#### AGXIOC Method sel=0x1e->0x1a inCnt=4 inSC=56 outSC=0 -> 0x0
#### AGXIOC Method sel=0x18->0x18 inCnt=0 inSC=0 outSC=0 -> 0xe00002c2
#### AGXIOC Method sel=0x18->0x18 inCnt=0 inSC=0 outSC=0 -> 0xe00002c2
#### AGXIOC Method sel=0x18->0x18 inCnt=0 inSC=0 outSC=0 -> 0xe00002c2
#### AGXIOC Method sel=0x18->0x18 inCnt=0 inSC=0 outSC=0 -> 0xe00002c2
#### AGXIOC Method sel=0x18->0x18 inCnt=0 inSC=0 outSC=0 -> 0xe00002c2
#### AGXIOC Method sel=0x18->0x18 inCnt=0 inSC=0 outSC=0 -> 0xe00002c2
#### AGXIOC Method sel=0x18->0x18 inCnt=0 inSC=0 outSC=0 -> 0xe00002c2
#### AGXIOC Method sel=0x18->0x18 inCnt=0 inSC=0 outSC=0 -> 0xe00002c2
#### AGXIOC Method sel=0x18->0x18 inCnt=0 inSC=0 outSC=0 -> 0xe00002c2
#### AGXIOC Method sel=0x18->0x18 inCnt=0 inSC=0 outSC=0 -> 0xe00002c2
#### AGXIOC Method sel=0x18->0x18 inCnt=0 inSC=0 outSC=0 -> 0xe00002c2
#### AGXIOC Method sel=0x18->0x18 inCnt=0 inSC=0 outSC=0 -> 0xe00002c2
#### MACWS-NEW-EVENT #3500 original=nil sharedEvent=0x60123a6e0 class=_MTLSharedEvent device=0x600282000 deviceClass=AGXG13GFamilyDevice
#### AGXIOC Method sel=0x18->0x18 inCnt=0 inSC=0 outSC=0 -> 0xe00002c2
#### AGXIOC Method sel=0x18->0x18 inCnt=0 inSC=0 outSC=0 -> 0xe00002c2
#### AGXIOC Method sel=0x18->0x18 inCnt=0 inSC=0 outSC=0 -> 0xe00002c2
#### AGXIOC Method sel=0x18->0x18 inCnt=0 inSC=0 outSC=0 -> 0xe00002c2
[72325:0728/061921.642316:VERBOSE1:content/browser/renderer_host/media/media_stream_manager.cc:1515] MSPL::OnSuspend([this=0x6000d2ea8])
#### AGXIOC Method sel=0x18->0x18 inCnt=0 inSC=0 outSC=0 -> 0xe00002c2
[72325:0728/061921.988813:VERBOSE1:content/browser/renderer_host/media/media_stream_manager.cc:1515] MSPL::OnResume([this=0x6000d2ea8])
#### AGXIOC Method sel=0x18->0x18 inCnt=0 inSC=0 outSC=0 -> 0xe00002c2
#### AGXIOC Method sel=0x18->0x18 inCnt=0 inSC=0 outSC=0 -> 0xe00002c2
#### AGXIOC Method sel=0x18->0x18 inCnt=0 inSC=0 outSC=0 -> 0xe00002c2
#### AGXIOC Method sel=0x18->0x18 inCnt=0 inSC=0 outSC=0 -> 0xe00002c2
#### AGXIOC Method sel=0x18->0x18 inCnt=0 inSC=0 outSC=0 -> 0xe00002c2
#### AGXIOC Method sel=0x18->0x18 inCnt=0 inSC=0 outSC=0 -> 0xe00002c2
#### AGXIOC Method sel=0x18->0x18 inCnt=0 inSC=0 outSC=0 -> 0xe00002c2
#### AGXIOC Method sel=0x18->0x18 inCnt=0 inSC=0 outSC=0 -> 0xe00002c2
#### AGXIOC Method sel=0x18->0x18 inCnt=0 inSC=0 outSC=0 -> 0xe00002c2
#### AGXIOC Method sel=0x18->0x18 inCnt=0 inSC=0 outSC=0 -> 0xe00002c2
#### AGXIOC Method sel=0x18->0x18 inCnt=0 inSC=0 outSC=0 -> 0xe00002c2
#### AGXIOC Method sel=0x18->0x18 inCnt=0 inSC=0 outSC=0 -> 0xe00002c2
#### AGXIOC Method sel=0x18->0x18 inCnt=0 inSC=0 outSC=0 -> 0xe00002c2
#### AGXIOC Method sel=0x18->0x18 inCnt=0 inSC=0 outSC=0 -> 0xe00002c2
#### AGXIOC Method sel=0x18->0x18 inCnt=0 inSC=0 outSC=0 -> 0xe00002c2
#### AGXIOC Method sel=0x18->0x18 inCnt=0 inSC=0 outSC=0 -> 0xe00002c2
#### AGXIOC Method sel=0x18->0x18 inCnt=0 inSC=0 outSC=0 -> 0xe00002c2
#### AGXIOC Method sel=0x18->0x18 inCnt=0 inSC=0 outSC=0 -> 0xe00002c2
#### AGXIOC Method sel=0x18->0x18 inCnt=0 inSC=0 outSC=0 -> 0xe00002c2
#### AGXIOC Method sel=0x18->0x18 inCnt=0 inSC=0 outSC=0 -> 0xe00002c2
#### AGXIOC Method sel=0x18->0x18 inCnt=0 inSC=0 outSC=0 -> 0xe00002c2
#### AGXIOC Method sel=0x18->0x18 inCnt=0 inSC=0 outSC=0 -> 0xe00002c2
#### AGXIOC Method sel=0x18->0x18 inCnt=0 inSC=0 outSC=0 -> 0xe00002c2
#### AGXIOC Method sel=0x18->0x18 inCnt=0 inSC=0 outSC=0 -> 0xe00002c2
#### AGXIOC Method sel=0x18->0x18 inCnt=0 inSC=0 outSC=0 -> 0xe00002c2
#### AGXIOC Method sel=0x18->0x18 inCnt=0 inSC=0 outSC=0 -> 0xe00002c2
#### AGXIOC Method sel=0x18->0x18 inCnt=0 inSC=0 outSC=0 -> 0xe00002c2
#### AGXIOC Method sel=0x18->0x18 inCnt=0 inSC=0 outSC=0 -> 0xe00002c2
#### AGXIOC Method sel=0x18->0x18 inCnt=0 inSC=0 outSC=0 -> 0xe00002c2
#### AGXIOC Method sel=0x18->0x18 inCnt=0 inSC=0 outSC=0 -> 0xe00002c2
#### AGXIOC Method sel=0x18->0x18 inCnt=0 inSC=0 outSC=0 -> 0xe00002c2
#### AGXIOC Method sel=0x18->0x18 inCnt=0 inSC=0 outSC=0 -> 0xe00002c2
#### AGXIOC Method sel=0x18->0x18 inCnt=0 inSC=0 outSC=0 -> 0xe00002c2
#### AGXIOC Method sel=0x18->0x18 inCnt=0 inSC=0 outSC=0 -> 0xe00002c2
#### AGXIOC Method sel=0x18->0x18 inCnt=0 inSC=0 outSC=0 -> 0xe00002c2
#### AGXIOC Method sel=0x18->0x18 inCnt=0 inSC=0 outSC=0 -> 0xe00002c2
#### AGXIOC Method sel=0x18->0x18 inCnt=0 inSC=0 outSC=0 -> 0xe00002c2
#### AGXIOC Method sel=0x18->0x18 inCnt=0 inSC=0 outSC=0 -> 0xe00002c2
#### AGXIOC Method sel=0x18->0x18 inCnt=0 inSC=0 outSC=0 -> 0xe00002c2
[72365:0728/061923.652981:VERBOSE1:net/base/network_delegate.cc:38] NetworkDelegate::NotifyBeforeURLRequest: https://mobile.events.data.microsoft.com/OneCollector/1.0?cors=true&content-type=application/x-json-stream
#### AGXIOC Method sel=0x18->0x18 inCnt=0 inSC=0 outSC=0 -> 0xe00002c2
#### AGXIOC Method sel=0x18->0x18 inCnt=0 inSC=0 outSC=0 -> 0xe00002c2
#### AGXIOC Method sel=0x18->0x18 inCnt=0 inSC=0 outSC=0 -> 0xe00002c2
#### AGXIOC Method sel=0x18->0x18 inCnt=0 inSC=0 outSC=0 -> 0xe00002c2
#### AGXIOC Method sel=0x18->0x18 inCnt=0 inSC=0 outSC=0 -> 0xe00002c2
#### AGXIOC Method sel=0x18->0x18 inCnt=0 inSC=0 outSC=0 -> 0xe00002c2
#### AGXIOC Method sel=0x18->0x18 inCnt=0 inSC=0 outSC=0 -> 0xe00002c2
#### AGXIOC Method sel=0x18->0x18 inCnt=0 inSC=0 outSC=0 -> 0xe00002c2
#### AGXIOC Method sel=0x18->0x18 inCnt=0 inSC=0 outSC=0 -> 0xe00002c2
#### AGXIOC Method sel=0x18->0x18 inCnt=0 inSC=0 outSC=0 -> 0xe00002c2
#### AGXIOC Method sel=0x18->0x18 inCnt=0 inSC=0 outSC=0 -> 0xe00002c2
#### AGXIOC Method sel=0x18->0x18 inCnt=0 inSC=0 outSC=0 -> 0xe00002c2
#### AGXIOC Method sel=0x18->0x18 inCnt=0 inSC=0 outSC=0 -> 0xe00002c2
#### AGXIOC Method sel=0x18->0x18 inCnt=0 inSC=0 outSC=0 -> 0xe00002c2
#### AGXIOC Method sel=0x18->0x18 inCnt=0 inSC=0 outSC=0 -> 0xe00002c2
#### AGXIOC Method sel=0x18->0x18 inCnt=0 inSC=0 outSC=0 -> 0xe00002c2
#### AGXIOC Method sel=0x18->0x18 inCnt=0 inSC=0 outSC=0 -> 0xe00002c2
#### AGXIOC Method sel=0x18->0x18 inCnt=0 inSC=0 outSC=0 -> 0xe00002c2
#### AGXIOC Method sel=0x18->0x18 inCnt=0 inSC=0 outSC=0 -> 0xe00002c2
#### AGXIOC Method sel=0x18->0x18 inCnt=0 inSC=0 outSC=0 -> 0xe00002c2
#### AGXIOC Method sel=0x18->0x18 inCnt=0 inSC=0 outSC=0 -> 0xe00002c2
#### AGXIOC Method sel=0x18->0x18 inCnt=0 inSC=0 outSC=0 -> 0xe00002c2
#### AGXIOC Method sel=0x18->0x18 inCnt=0 inSC=0 outSC=0 -> 0xe00002c2
#### AGXIOC Method sel=0x18->0x18 inCnt=0 inSC=0 outSC=0 -> 0xe00002c2
#### AGXIOC Method sel=0x18->0x18 inCnt=0 inSC=0 outSC=0 -> 0xe00002c2
#### AGXIOC Method sel=0x18->0x18 inCnt=0 inSC=0 outSC=0 -> 0xe00002c2
#### AGXIOC Method sel=0x18->0x18 inCnt=0 inSC=0 outSC=0 -> 0xe00002c2
#### AGXIOC Method sel=0x18->0x18 inCnt=0 inSC=0 outSC=0 -> 0xe00002c2
#### AGXIOC Method sel=0x18->0x18 inCnt=0 inSC=0 outSC=0 -> 0xe00002c2
#### AGXIOC Method sel=0x18->0x18 inCnt=0 inSC=0 outSC=0 -> 0xe00002c2
#### AGXIOC Method sel=0x18->0x18 inCnt=0 inSC=0 outSC=0 -> 0xe00002c2
#### AGXIOC Method sel=0x18->0x18 inCnt=0 inSC=0 outSC=0 -> 0xe00002c2
#### AGXIOC Method sel=0x18->0x18 inCnt=0 inSC=0 outSC=0 -> 0xe00002c2
[72325:0728/061926.153088:VERBOSE1:content/browser/renderer_host/media/media_stream_manager.cc:1515] MSPL::OnSuspend([this=0x6000d2ea8])
#### AGXIOC Method sel=0x18->0x18 inCnt=0 inSC=0 outSC=0 -> 0xe00002c2
[72325:0728/061927.231858:VERBOSE1:content/browser/renderer_host/media/media_stream_manager.cc:1515] MSPL::OnResume([this=0x6000d2ea8])
#### AGXIOC Method sel=0x18->0x18 inCnt=0 inSC=0 outSC=0 -> 0xe00002c2
#### AGXIOC Method sel=0x18->0x18 inCnt=0 inSC=0 outSC=0 -> 0xe00002c2
#### AGXIOC Method sel=0x18->0x18 inCnt=0 inSC=0 outSC=0 -> 0xe00002c2
#### AGXIOC Method sel=0x18->0x18 inCnt=0 inSC=0 outSC=0 -> 0xe00002c2
#### AGXIOC Method sel=0x18->0x18 inCnt=0 inSC=0 outSC=0 -> 0xe00002c2
#### AGXIOC Method sel=0x18->0x18 inCnt=0 inSC=0 outSC=0 -> 0xe00002c2
#### AGXIOC Method sel=0x18->0x18 inCnt=0 inSC=0 outSC=0 -> 0xe00002c2
#### AGXIOC Method sel=0x18->0x18 inCnt=0 inSC=0 outSC=0 -> 0xe00002c2
#### AGXIOC Method sel=0x18->0x18 inCnt=0 inSC=0 outSC=0 -> 0xe00002c2
#### AGXIOC Method sel=0x18->0x18 inCnt=0 inSC=0 outSC=0 -> 0xe00002c2
#### AGXIOC Method sel=0x18->0x18 inCnt=0 inSC=0 outSC=0 -> 0xe00002c2
#### AGXIOC Method sel=0x18->0x18 inCnt=0 inSC=0 outSC=0 -> 0xe00002c2
#### AGXIOC Method sel=0x18->0x18 inCnt=0 inSC=0 outSC=0 -> 0xe00002c2
#### AGXIOC Method sel=0x18->0x18 inCnt=0 inSC=0 outSC=0 -> 0xe00002c2
#### AGXIOC Method sel=0x18->0x18 inCnt=0 inSC=0 outSC=0 -> 0xe00002c2
#### AGXIOC Method sel=0x18->0x18 inCnt=0 inSC=0 outSC=0 -> 0xe00002c2
#### AGXIOC Method sel=0x18->0x18 inCnt=0 inSC=0 outSC=0 -> 0xe00002c2
#### AGXIOC Method sel=0x18->0x18 inCnt=0 inSC=0 outSC=0 -> 0xe00002c2
#### AGXIOC Method sel=0x18->0x18 inCnt=0 inSC=0 outSC=0 -> 0xe00002c2
#### AGXIOC Method sel=0x18->0x18 inCnt=0 inSC=0 outSC=0 -> 0xe00002c2
#### AGXIOC Method sel=0x18->0x18 inCnt=0 inSC=0 outSC=0 -> 0xe00002c2
#### AGXIOC Method sel=0x18->0x18 inCnt=0 inSC=0 outSC=0 -> 0xe00002c2
#### AGXIOC Method sel=0x18->0x18 inCnt=0 inSC=0 outSC=0 -> 0xe00002c2
#### AGXIOC Method sel=0x18->0x18 inCnt=0 inSC=0 outSC=0 -> 0xe00002c2
#### AGXIOC Method sel=0x18->0x18 inCnt=0 inSC=0 outSC=0 -> 0xe00002c2
#### AGXIOC Method sel=0x18->0x18 inCnt=0 inSC=0 outSC=0 -> 0xe00002c2
[72365:0728/061929.003017:VERBOSE1:net/base/network_delegate.cc:38] NetworkDelegate::NotifyBeforeURLRequest: https://mobile.events.data.microsoft.com/OneCollector/1.0?cors=true&content-type=application/x-json-stream
#### AGXIOC Method sel=0x18->0x18 inCnt=0 inSC=0 outSC=0 -> 0xe00002c2
#### AGXIOC Method sel=0x18->0x18 inCnt=0 inSC=0 outSC=0 -> 0xe00002c2
#### AGXIOC Method sel=0x18->0x18 inCnt=0 inSC=0 outSC=0 -> 0xe00002c2
#### AGXIOC Method sel=0x18->0x18 inCnt=0 inSC=0 outSC=0 -> 0xe00002c2
#### AGXIOC Method sel=0x18->0x18 inCnt=0 inSC=0 outSC=0 -> 0xe00002c2
#### AGXIOC Method sel=0x18->0x18 inCnt=0 inSC=0 outSC=0 -> 0xe00002c2
#### AGXIOC Method sel=0x18->0x18 inCnt=0 inSC=0 outSC=0 -> 0xe00002c2
#### AGXIOC Method sel=0x18->0x18 inCnt=0 inSC=0 outSC=0 -> 0xe00002c2
#### AGXIOC Method sel=0x18->0x18 inCnt=0 inSC=0 outSC=0 -> 0xe00002c2
#### AGXIOC Method sel=0x18->0x18 inCnt=0 inSC=0 outSC=0 -> 0xe00002c2
#### AGXIOC Method sel=0x18->0x18 inCnt=0 inSC=0 outSC=0 -> 0xe00002c2
#### AGXIOC Method sel=0x18->0x18 inCnt=0 inSC=0 outSC=0 -> 0xe00002c2
#### AGXIOC Method sel=0x18->0x18 inCnt=0 inSC=0 outSC=0 -> 0xe00002c2
#### AGXIOC Method sel=0x18->0x18 inCnt=0 inSC=0 outSC=0 -> 0xe00002c2
#### AGXIOC Method sel=0x18->0x18 inCnt=0 inSC=0 outSC=0 -> 0xe00002c2
#### AGXIOC Method sel=0x18->0x18 inCnt=0 inSC=0 outSC=0 -> 0xe00002c2
#### AGXIOC Method sel=0x18->0x18 inCnt=0 inSC=0 outSC=0 -> 0xe00002c2
#### AGXIOC Method sel=0x18->0x18 inCnt=0 inSC=0 outSC=0 -> 0xe00002c2
#### AGXIOC Method sel=0x18->0x18 inCnt=0 inSC=0 outSC=0 -> 0xe00002c2
#### AGXIOC Method sel=0x18->0x18 inCnt=0 inSC=0 outSC=0 -> 0xe00002c2
#### AGXIOC Method sel=0x18->0x18 inCnt=0 inSC=0 outSC=0 -> 0xe00002c2
#### AGXIOC Method sel=0x18->0x18 inCnt=0 inSC=0 outSC=0 -> 0xe00002c2
#### AGXIOC Method sel=0x18->0x18 inCnt=0 inSC=0 outSC=0 -> 0xe00002c2
#### AGXIOC Method sel=0x18->0x18 inCnt=0 inSC=0 outSC=0 -> 0xe00002c2
#### AGXIOC Method sel=0x18->0x18 inCnt=0 inSC=0 outSC=0 -> 0xe00002c2
#### AGXIOC Method sel=0x18->0x18 inCnt=0 inSC=0 outSC=0 -> 0xe00002c2
#### AGXIOC Method sel=0x18->0x18 inCnt=0 inSC=0 outSC=0 -> 0xe00002c2
#### AGXIOC Method sel=0x18->0x18 inCnt=0 inSC=0 outSC=0 -> 0xe00002c2
#### AGXIOC Method sel=0x18->0x18 inCnt=0 inSC=0 outSC=0 -> 0xe00002c2
#### AGXIOC Method sel=0x18->0x18 inCnt=0 inSC=0 outSC=0 -> 0xe00002c2
#### AGXIOC Method sel=0x18->0x18 inCnt=0 inSC=0 outSC=0 -> 0xe00002c2
#### AGXIOC Method sel=0x18->0x18 inCnt=0 inSC=0 outSC=0 -> 0xe00002c2
#### AGXIOC Method sel=0x18->0x18 inCnt=0 inSC=0 outSC=0 -> 0xe00002c2
[72325:0728/061931.435505:VERBOSE1:content/browser/renderer_host/media/media_stream_manager.cc:1515] MSPL::OnSuspend([this=0x6000d2ea8])
#### AGXIOC Method sel=0x18->0x18 inCnt=0 inSC=0 outSC=0 -> 0xe00002c2
[72325:0728/061931.765942:VERBOSE1:content/browser/renderer_host/media/media_stream_manager.cc:1515] MSPL::OnResume([this=0x6000d2ea8])
#### AGXIOC Method sel=0x18->0x18 inCnt=0 inSC=0 outSC=0 -> 0xe00002c2
#### AGXIOC Method sel=0x18->0x18 inCnt=0 inSC=0 outSC=0 -> 0xe00002c2
#### AGXIOC Method sel=0x18->0x18 inCnt=0 inSC=0 outSC=0 -> 0xe00002c2
#### AGXIOC Method sel=0x18->0x18 inCnt=0 inSC=0 outSC=0 -> 0xe00002c2
#### AGXIOC Method sel=0x18->0x18 inCnt=0 inSC=0 outSC=0 -> 0xe00002c2
#### AGXIOC Method sel=0x18->0x18 inCnt=0 inSC=0 outSC=0 -> 0xe00002c2
#### AGXIOC Method sel=0x18->0x18 inCnt=0 inSC=0 outSC=0 -> 0xe00002c2
#### AGXIOC Method sel=0x18->0x18 inCnt=0 inSC=0 outSC=0 -> 0xe00002c2
#### AGXIOC Method sel=0x18->0x18 inCnt=0 inSC=0 outSC=0 -> 0xe00002c2
#### AGXIOC Method sel=0x18->0x18 inCnt=0 inSC=0 outSC=0 -> 0xe00002c2
#### AGXIOC Method sel=0x18->0x18 inCnt=0 inSC=0 outSC=0 -> 0xe00002c2
#### AGXIOC Method sel=0x18->0x18 inCnt=0 inSC=0 outSC=0 -> 0xe00002c2
#### AGXIOC Method sel=0x18->0x18 inCnt=0 inSC=0 outSC=0 -> 0xe00002c2
#### AGXIOC Method sel=0x18->0x18 inCnt=0 inSC=0 outSC=0 -> 0xe00002c2
#### AGXIOC Method sel=0x18->0x18 inCnt=0 inSC=0 outSC=0 -> 0xe00002c2
#### AGXIOC Method sel=0x18->0x18 inCnt=0 inSC=0 outSC=0 -> 0xe00002c2
#### AGXIOC Method sel=0x18->0x18 inCnt=0 inSC=0 outSC=0 -> 0xe00002c2
#### AGXIOC Method sel=0x18->0x18 inCnt=0 inSC=0 outSC=0 -> 0xe00002c2
#### AGXIOC Method sel=0x18->0x18 inCnt=0 inSC=0 outSC=0 -> 0xe00002c2
#### AGXIOC Method sel=0x18->0x18 inCnt=0 inSC=0 outSC=0 -> 0xe00002c2
#### AGXIOC Method sel=0x18->0x18 inCnt=0 inSC=0 outSC=0 -> 0xe00002c2
#### AGXIOC Method sel=0x18->0x18 inCnt=0 inSC=0 outSC=0 -> 0xe00002c2
#### AGXIOC Method sel=0x18->0x18 inCnt=0 inSC=0 outSC=0 -> 0xe00002c2
#### AGXIOC Method sel=0x18->0x18 inCnt=0 inSC=0 outSC=0 -> 0xe00002c2
#### AGXIOC Method sel=0x18->0x18 inCnt=0 inSC=0 outSC=0 -> 0xe00002c2
#### AGXIOC Method sel=0x18->0x18 inCnt=0 inSC=0 outSC=0 -> 0xe00002c2
[72365:0728/061933.550364:VERBOSE1:net/base/network_delegate.cc:38] NetworkDelegate::NotifyBeforeURLRequest: https://mobile.events.data.microsoft.com/OneCollector/1.0?cors=true&content-type=application/x-json-stream
#### AGXIOC Method sel=0x18->0x18 inCnt=0 inSC=0 outSC=0 -> 0xe00002c2
#### AGXIOC Method sel=0x18->0x18 inCnt=0 inSC=0 outSC=0 -> 0xe00002c2
#### AGXIOC Method sel=0x18->0x18 inCnt=0 inSC=0 outSC=0 -> 0xe00002c2
#### AGXIOC Method sel=0x18->0x18 inCnt=0 inSC=0 outSC=0 -> 0xe00002c2
#### AGXIOC Method sel=0x18->0x18 inCnt=0 inSC=0 outSC=0 -> 0xe00002c2
#### AGXIOC Method sel=0x18->0x18 inCnt=0 inSC=0 outSC=0 -> 0xe00002c2
#### AGXIOC Method sel=0x18->0x18 inCnt=0 inSC=0 outSC=0 -> 0xe00002c2
#### AGXIOC Method sel=0x18->0x18 inCnt=0 inSC=0 outSC=0 -> 0xe00002c2
#### AGXIOC Method sel=0x18->0x18 inCnt=0 inSC=0 outSC=0 -> 0xe00002c2
#### AGXIOC Method sel=0x18->0x18 inCnt=0 inSC=0 outSC=0 -> 0xe00002c2
#### AGXIOC Method sel=0x18->0x18 inCnt=0 inSC=0 outSC=0 -> 0xe00002c2
#### AGXIOC Method sel=0x18->0x18 inCnt=0 inSC=0 outSC=0 -> 0xe00002c2
#### AGXIOC Method sel=0x18->0x18 inCnt=0 inSC=0 outSC=0 -> 0xe00002c2
#### AGXIOC Method sel=0x18->0x18 inCnt=0 inSC=0 outSC=0 -> 0xe00002c2
#### AGXIOC Method sel=0x18->0x18 inCnt=0 inSC=0 outSC=0 -> 0xe00002c2
#### AGXIOC Method sel=0x18->0x18 inCnt=0 inSC=0 outSC=0 -> 0xe00002c2
#### AGXIOC Method sel=0x18->0x18 inCnt=0 inSC=0 outSC=0 -> 0xe00002c2
#### AGXIOC Method sel=0x18->0x18 inCnt=0 inSC=0 outSC=0 -> 0xe00002c2
#### AGXIOC Method sel=0x18->0x18 inCnt=0 inSC=0 outSC=0 -> 0xe00002c2
#### AGXIOC Method sel=0x18->0x18 inCnt=0 inSC=0 outSC=0 -> 0xe00002c2
#### AGXIOC Method sel=0x18->0x18 inCnt=0 inSC=0 outSC=0 -> 0xe00002c2
#### AGXIOC Method sel=0x18->0x18 inCnt=0 inSC=0 outSC=0 -> 0xe00002c2
#### AGXIOC Method sel=0x18->0x18 inCnt=0 inSC=0 outSC=0 -> 0xe00002c2
#### AGXIOC Method sel=0x18->0x18 inCnt=0 inSC=0 outSC=0 -> 0xe00002c2
#### AGXIOC Method sel=0x18->0x18 inCnt=0 inSC=0 outSC=0 -> 0xe00002c2
#### AGXIOC Method sel=0x18->0x18 inCnt=0 inSC=0 outSC=0 -> 0xe00002c2
#### AGXIOC Method sel=0x1e->0x1a inCnt=4 inSC=56 outSC=0 -> 0x0
#### AGXIOC Method sel=0x18->0x18 inCnt=0 inSC=0 outSC=0 -> 0xe00002c2
#### AGXIOC Method sel=0x18->0x18 inCnt=0 inSC=0 outSC=0 -> 0xe00002c2
#### AGXIOC Method sel=0x18->0x18 inCnt=0 inSC=0 outSC=0 -> 0xe00002c2
#### AGXIOC Method sel=0x18->0x18 inCnt=0 inSC=0 outSC=0 -> 0xe00002c2
#### AGXIOC Method sel=0x18->0x18 inCnt=0 inSC=0 outSC=0 -> 0xe00002c2
#### AGXIOC Method sel=0x18->0x18 inCnt=0 inSC=0 outSC=0 -> 0xe00002c2
[72325:0728/061935.940665:VERBOSE1:content/browser/renderer_host/media/media_stream_manager.cc:1515] MSPL::OnSuspend([this=0x6000d2ea8])
#### AGXIOC Method sel=0x18->0x18 inCnt=0 inSC=0 outSC=0 -> 0xe00002c2
#### AGXIOC Method sel=0x18->0x18 inCnt=0 inSC=0 outSC=0 -> 0xe00002c2
[72325:0728/061936.280984:VERBOSE1:content/browser/renderer_host/media/media_stream_manager.cc:1515] MSPL::OnResume([this=0x6000d2ea8])
#### AGXIOC Method sel=0x18->0x18 inCnt=0 inSC=0 outSC=0 -> 0xe00002c2
#### AGXIOC Method sel=0x18->0x18 inCnt=0 inSC=0 outSC=0 -> 0xe00002c2
#### AGXIOC Method sel=0x18->0x18 inCnt=0 inSC=0 outSC=0 -> 0xe00002c2
#### AGXIOC Method sel=0x18->0x18 inCnt=0 inSC=0 outSC=0 -> 0xe00002c2
#### AGXIOC Method sel=0x18->0x18 inCnt=0 inSC=0 outSC=0 -> 0xe00002c2
#### AGXIOC Method sel=0x18->0x18 inCnt=0 inSC=0 outSC=0 -> 0xe00002c2
#### AGXIOC Method sel=0x18->0x18 inCnt=0 inSC=0 outSC=0 -> 0xe00002c2
#### AGXIOC Method sel=0x18->0x18 inCnt=0 inSC=0 outSC=0 -> 0xe00002c2
#### AGXIOC Method sel=0x18->0x18 inCnt=0 inSC=0 outSC=0 -> 0xe00002c2
#### AGXIOC Method sel=0x18->0x18 inCnt=0 inSC=0 outSC=0 -> 0xe00002c2
#### AGXIOC Method sel=0x18->0x18 inCnt=0 inSC=0 outSC=0 -> 0xe00002c2
#### AGXIOC Method sel=0x18->0x18 inCnt=0 inSC=0 outSC=0 -> 0xe00002c2
#### AGXIOC Method sel=0x18->0x18 inCnt=0 inSC=0 outSC=0 -> 0xe00002c2
#### AGXIOC Method sel=0x18->0x18 inCnt=0 inSC=0 outSC=0 -> 0xe00002c2
#### AGXIOC Method sel=0x18->0x18 inCnt=0 inSC=0 outSC=0 -> 0xe00002c2
#### AGXIOC Method sel=0x18->0x18 inCnt=0 inSC=0 outSC=0 -> 0xe00002c2
#### AGXIOC Method sel=0x18->0x18 inCnt=0 inSC=0 outSC=0 -> 0xe00002c2
#### AGXIOC Method sel=0x18->0x18 inCnt=0 inSC=0 outSC=0 -> 0xe00002c2
#### AGXIOC Method sel=0x18->0x18 inCnt=0 inSC=0 outSC=0 -> 0xe00002c2
#### AGXIOC Method sel=0x18->0x18 inCnt=0 inSC=0 outSC=0 -> 0xe00002c2
#### AGXIOC Method sel=0x18->0x18 inCnt=0 inSC=0 outSC=0 -> 0xe00002c2
#### AGXIOC Method sel=0x18->0x18 inCnt=0 inSC=0 outSC=0 -> 0xe00002c2
#### AGXIOC Method sel=0x18->0x18 inCnt=0 inSC=0 outSC=0 -> 0xe00002c2
#### AGXIOC Method sel=0x18->0x18 inCnt=0 inSC=0 outSC=0 -> 0xe00002c2
#### AGXIOC Method sel=0x18->0x18 inCnt=0 inSC=0 outSC=0 -> 0xe00002c2
#### AGXIOC Method sel=0x18->0x18 inCnt=0 inSC=0 outSC=0 -> 0xe00002c2
#### AGXIOC Method sel=0x18->0x18 inCnt=0 inSC=0 outSC=0 -> 0xe00002c2
#### AGXIOC Method sel=0x18->0x18 inCnt=0 inSC=0 outSC=0 -> 0xe00002c2
[72365:0728/061937.944661:VERBOSE1:net/base/network_delegate.cc:38] NetworkDelegate::NotifyBeforeURLRequest: https://mobile.events.data.microsoft.com/OneCollector/1.0?cors=true&content-type=application/x-json-stream
#### AGXIOC Method sel=0x18->0x18 inCnt=0 inSC=0 outSC=0 -> 0xe00002c2
#### AGXIOC Method sel=0x18->0x18 inCnt=0 inSC=0 outSC=0 -> 0xe00002c2
#### AGXIOC Method sel=0x18->0x18 inCnt=0 inSC=0 outSC=0 -> 0xe00002c2
#### AGXIOC Method sel=0x18->0x18 inCnt=0 inSC=0 outSC=0 -> 0xe00002c2
#### AGXIOC Method sel=0x18->0x18 inCnt=0 inSC=0 outSC=0 -> 0xe00002c2
#### AGXIOC Method sel=0x18->0x18 inCnt=0 inSC=0 outSC=0 -> 0xe00002c2
#### AGXIOC Method sel=0x18->0x18 inCnt=0 inSC=0 outSC=0 -> 0xe00002c2
#### AGXIOC Method sel=0x18->0x18 inCnt=0 inSC=0 outSC=0 -> 0xe00002c2
#### AGXIOC Method sel=0x18->0x18 inCnt=0 inSC=0 outSC=0 -> 0xe00002c2
#### AGXIOC Method sel=0x18->0x18 inCnt=0 inSC=0 outSC=0 -> 0xe00002c2
#### AGXIOC Method sel=0x18->0x18 inCnt=0 inSC=0 outSC=0 -> 0xe00002c2
#### AGXIOC Method sel=0x18->0x18 inCnt=0 inSC=0 outSC=0 -> 0xe00002c2
#### AGXIOC Method sel=0x18->0x18 inCnt=0 inSC=0 outSC=0 -> 0xe00002c2
#### AGXIOC Method sel=0x18->0x18 inCnt=0 inSC=0 outSC=0 -> 0xe00002c2
#### AGXIOC Method sel=0x18->0x18 inCnt=0 inSC=0 outSC=0 -> 0xe00002c2
#### AGXIOC Method sel=0x18->0x18 inCnt=0 inSC=0 outSC=0 -> 0xe00002c2
#### AGXIOC Method sel=0x18->0x18 inCnt=0 inSC=0 outSC=0 -> 0xe00002c2
#### AGXIOC Method sel=0x18->0x18 inCnt=0 inSC=0 outSC=0 -> 0xe00002c2
#### AGXIOC Method sel=0x18->0x18 inCnt=0 inSC=0 outSC=0 -> 0xe00002c2
#### AGXIOC Method sel=0x18->0x18 inCnt=0 inSC=0 outSC=0 -> 0xe00002c2
#### AGXIOC Method sel=0x18->0x18 inCnt=0 inSC=0 outSC=0 -> 0xe00002c2
#### AGXIOC Method sel=0x18->0x18 inCnt=0 inSC=0 outSC=0 -> 0xe00002c2
#### AGXIOC Method sel=0x18->0x18 inCnt=0 inSC=0 outSC=0 -> 0xe00002c2
#### AGXIOC Method sel=0x18->0x18 inCnt=0 inSC=0 outSC=0 -> 0xe00002c2
#### AGXIOC Method sel=0x18->0x18 inCnt=0 inSC=0 outSC=0 -> 0xe00002c2
#### AGXIOC Method sel=0x18->0x18 inCnt=0 inSC=0 outSC=0 -> 0xe00002c2
#### AGXIOC Method sel=0x18->0x18 inCnt=0 inSC=0 outSC=0 -> 0xe00002c2
#### AGXIOC Method sel=0x18->0x18 inCnt=0 inSC=0 outSC=0 -> 0xe00002c2
#### AGXIOC Method sel=0x18->0x18 inCnt=0 inSC=0 outSC=0 -> 0xe00002c2
#### AGXIOC Method sel=0x18->0x18 inCnt=0 inSC=0 outSC=0 -> 0xe00002c2
#### AGXIOC Method sel=0x18->0x18 inCnt=0 inSC=0 outSC=0 -> 0xe00002c2
#### AGXIOC Method sel=0x18->0x18 inCnt=0 inSC=0 outSC=0 -> 0xe00002c2
#### AGXIOC Method sel=0x18->0x18 inCnt=0 inSC=0 outSC=0 -> 0xe00002c2
#### AGXIOC Method sel=0x18->0x18 inCnt=0 inSC=0 outSC=0 -> 0xe00002c2
#### AGXIOC Method sel=0x18->0x18 inCnt=0 inSC=0 outSC=0 -> 0xe00002c2
#### AGXIOC Method sel=0x18->0x18 inCnt=0 inSC=0 outSC=0 -> 0xe00002c2
#### AGXIOC Method sel=0x18->0x18 inCnt=0 inSC=0 outSC=0 -> 0xe00002c2
#### AGXIOC Method sel=0x18->0x18 inCnt=0 inSC=0 outSC=0 -> 0xe00002c2
[72325:0728/061940.517237:VERBOSE1:content/browser/renderer_host/media/media_stream_manager.cc:1515] MSPL::OnSuspend([this=0x6000d2ea8])
#### AGXIOC Method sel=0x18->0x18 inCnt=0 inSC=0 outSC=0 -> 0xe00002c2
[72325:0728/061940.526296:VERBOSE1:content/browser/renderer_host/media/media_stream_manager.cc:1515] MSPL::OnResume([this=0x6000d2ea8])
#### AGXIOC Method sel=0x18->0x18 inCnt=0 inSC=0 outSC=0 -> 0xe00002c2
#### AGXIOC Method sel=0x18->0x18 inCnt=0 inSC=0 outSC=0 -> 0xe00002c2
#### AGXIOC Method sel=0x18->0x18 inCnt=0 inSC=0 outSC=0 -> 0xe00002c2
#### AGXIOC Method sel=0x18->0x18 inCnt=0 inSC=0 outSC=0 -> 0xe00002c2
#### AGXIOC Method sel=0x18->0x18 inCnt=0 inSC=0 outSC=0 -> 0xe00002c2
#### AGXIOC Method sel=0x18->0x18 inCnt=0 inSC=0 outSC=0 -> 0xe00002c2
#### AGXIOC Method sel=0x18->0x18 inCnt=0 inSC=0 outSC=0 -> 0xe00002c2
#### AGXIOC Method sel=0x18->0x18 inCnt=0 inSC=0 outSC=0 -> 0xe00002c2
#### AGXIOC Method sel=0x18->0x18 inCnt=0 inSC=0 outSC=0 -> 0xe00002c2
#### AGXIOC Method sel=0x18->0x18 inCnt=0 inSC=0 outSC=0 -> 0xe00002c2
#### AGXIOC Method sel=0x18->0x18 inCnt=0 inSC=0 outSC=0 -> 0xe00002c2
#### AGXIOC Method sel=0x18->0x18 inCnt=0 inSC=0 outSC=0 -> 0xe00002c2
#### AGXIOC Method sel=0x18->0x18 inCnt=0 inSC=0 outSC=0 -> 0xe00002c2
#### AGXIOC Method sel=0x18->0x18 inCnt=0 inSC=0 outSC=0 -> 0xe00002c2
#### AGXIOC Method sel=0x18->0x18 inCnt=0 inSC=0 outSC=0 -> 0xe00002c2
#### AGXIOC Method sel=0x18->0x18 inCnt=0 inSC=0 outSC=0 -> 0xe00002c2
#### AGXIOC Method sel=0x18->0x18 inCnt=0 inSC=0 outSC=0 -> 0xe00002c2
#### AGXIOC Method sel=0x18->0x18 inCnt=0 inSC=0 outSC=0 -> 0xe00002c2
#### AGXIOC Method sel=0x18->0x18 inCnt=0 inSC=0 outSC=0 -> 0xe00002c2
#### AGXIOC Method sel=0x18->0x18 inCnt=0 inSC=0 outSC=0 -> 0xe00002c2
#### AGXIOC Method sel=0x18->0x18 inCnt=0 inSC=0 outSC=0 -> 0xe00002c2
#### AGXIOC Method sel=0x18->0x18 inCnt=0 inSC=0 outSC=0 -> 0xe00002c2
#### AGXIOC Method sel=0x18->0x18 inCnt=0 inSC=0 outSC=0 -> 0xe00002c2
#### AGXIOC Method sel=0x18->0x18 inCnt=0 inSC=0 outSC=0 -> 0xe00002c2
#### AGXIOC Method sel=0x18->0x18 inCnt=0 inSC=0 outSC=0 -> 0xe00002c2
#### AGXIOC Method sel=0x18->0x18 inCnt=0 inSC=0 outSC=0 -> 0xe00002c2
[72365:0728/061942.525083:VERBOSE1:net/base/network_delegate.cc:38] NetworkDelegate::NotifyBeforeURLRequest: https://mobile.events.data.microsoft.com/OneCollector/1.0?cors=true&content-type=application/x-json-stream
#### AGXIOC Method sel=0x18->0x18 inCnt=0 inSC=0 outSC=0 -> 0xe00002c2
#### AGXIOC Method sel=0x18->0x18 inCnt=0 inSC=0 outSC=0 -> 0xe00002c2
#### AGXIOC Method sel=0x18->0x18 inCnt=0 inSC=0 outSC=0 -> 0xe00002c2
#### AGXIOC Method sel=0x18->0x18 inCnt=0 inSC=0 outSC=0 -> 0xe00002c2
#### AGXIOC Method sel=0x18->0x18 inCnt=0 inSC=0 outSC=0 -> 0xe00002c2
#### AGXIOC Method sel=0x18->0x18 inCnt=0 inSC=0 outSC=0 -> 0xe00002c2
#### AGXIOC Method sel=0x18->0x18 inCnt=0 inSC=0 outSC=0 -> 0xe00002c2
#### AGXIOC Method sel=0x18->0x18 inCnt=0 inSC=0 outSC=0 -> 0xe00002c2
#### AGXIOC Method sel=0x18->0x18 inCnt=0 inSC=0 outSC=0 -> 0xe00002c2
#### AGXIOC Method sel=0x18->0x18 inCnt=0 inSC=0 outSC=0 -> 0xe00002c2
#### AGXIOC Method sel=0x18->0x18 inCnt=0 inSC=0 outSC=0 -> 0xe00002c2
#### AGXIOC Method sel=0x18->0x18 inCnt=0 inSC=0 outSC=0 -> 0xe00002c2
#### AGXIOC Method sel=0x18->0x18 inCnt=0 inSC=0 outSC=0 -> 0xe00002c2
#### AGXIOC Method sel=0x18->0x18 inCnt=0 inSC=0 outSC=0 -> 0xe00002c2
#### AGXIOC Method sel=0x18->0x18 inCnt=0 inSC=0 outSC=0 -> 0xe00002c2
#### AGXIOC Method sel=0x18->0x18 inCnt=0 inSC=0 outSC=0 -> 0xe00002c2
#### AGXIOC Method sel=0x18->0x18 inCnt=0 inSC=0 outSC=0 -> 0xe00002c2
#### AGXIOC Method sel=0x18->0x18 inCnt=0 inSC=0 outSC=0 -> 0xe00002c2
#### AGXIOC Method sel=0x18->0x18 inCnt=0 inSC=0 outSC=0 -> 0xe00002c2
#### AGXIOC Method sel=0x18->0x18 inCnt=0 inSC=0 outSC=0 -> 0xe00002c2
#### AGXIOC Method sel=0x18->0x18 inCnt=0 inSC=0 outSC=0 -> 0xe00002c2
#### AGXIOC Method sel=0x18->0x18 inCnt=0 inSC=0 outSC=0 -> 0xe00002c2
#### AGXIOC Method sel=0x18->0x18 inCnt=0 inSC=0 outSC=0 -> 0xe00002c2
#### AGXIOC Method sel=0x18->0x18 inCnt=0 inSC=0 outSC=0 -> 0xe00002c2
#### AGXIOC Method sel=0x18->0x18 inCnt=0 inSC=0 outSC=0 -> 0xe00002c2
#### AGXIOC Method sel=0x18->0x18 inCnt=0 inSC=0 outSC=0 -> 0xe00002c2
#### AGXIOC Method sel=0x18->0x18 inCnt=0 inSC=0 outSC=0 -> 0xe00002c2
#### AGXIOC Method sel=0x18->0x18 inCnt=0 inSC=0 outSC=0 -> 0xe00002c2
#### AGXIOC Method sel=0x18->0x18 inCnt=0 inSC=0 outSC=0 -> 0xe00002c2
#### AGXIOC Method sel=0x18->0x18 inCnt=0 inSC=0 outSC=0 -> 0xe00002c2
#### AGXIOC Method sel=0x18->0x18 inCnt=0 inSC=0 outSC=0 -> 0xe00002c2
#### AGXIOC Method sel=0x18->0x18 inCnt=0 inSC=0 outSC=0 -> 0xe00002c2
#### AGXIOC Method sel=0x18->0x18 inCnt=0 inSC=0 outSC=0 -> 0xe00002c2
#### AGXIOC Method sel=0x18->0x18 inCnt=0 inSC=0 outSC=0 -> 0xe00002c2
#### AGXIOC Method sel=0x18->0x18 inCnt=0 inSC=0 outSC=0 -> 0xe00002c2
#### AGXIOC Method sel=0x18->0x18 inCnt=0 inSC=0 outSC=0 -> 0xe00002c2
[72325:0728/061945.148129:VERBOSE1:content/browser/renderer_host/media/media_stream_manager.cc:1515] MSPL::OnSuspend([this=0x6000d2ea8])
#### AGXIOC Method sel=0x18->0x18 inCnt=0 inSC=0 outSC=0 -> 0xe00002c2
#### AGXIOC Method sel=0x18->0x18 inCnt=0 inSC=0 outSC=0 -> 0xe00002c2
[72325:0728/061945.498766:VERBOSE1:content/browser/renderer_host/media/media_stream_manager.cc:1515] MSPL::OnResume([this=0x6000d2ea8])
#### AGXIOC Method sel=0x18->0x18 inCnt=0 inSC=0 outSC=0 -> 0xe00002c2
#### AGXIOC Method sel=0x18->0x18 inCnt=0 inSC=0 outSC=0 -> 0xe00002c2
#### AGXIOC Method sel=0x18->0x18 inCnt=0 inSC=0 outSC=0 -> 0xe00002c2
#### AGXIOC Method sel=0x18->0x18 inCnt=0 inSC=0 outSC=0 -> 0xe00002c2
#### AGXIOC Method sel=0x18->0x18 inCnt=0 inSC=0 outSC=0 -> 0xe00002c2
#### AGXIOC Method sel=0x18->0x18 inCnt=0 inSC=0 outSC=0 -> 0xe00002c2
#### AGXIOC Method sel=0x18->0x18 inCnt=0 inSC=0 outSC=0 -> 0xe00002c2
#### AGXIOC Method sel=0x18->0x18 inCnt=0 inSC=0 outSC=0 -> 0xe00002c2
#### AGXIOC Method sel=0x18->0x18 inCnt=0 inSC=0 outSC=0 -> 0xe00002c2
#### AGXIOC Method sel=0x18->0x18 inCnt=0 inSC=0 outSC=0 -> 0xe00002c2
#### AGXIOC Method sel=0x18->0x18 inCnt=0 inSC=0 outSC=0 -> 0xe00002c2
#### AGXIOC Method sel=0x18->0x18 inCnt=0 inSC=0 outSC=0 -> 0xe00002c2
#### AGXIOC Method sel=0x18->0x18 inCnt=0 inSC=0 outSC=0 -> 0xe00002c2
#### AGXIOC Method sel=0x18->0x18 inCnt=0 inSC=0 outSC=0 -> 0xe00002c2
#### AGXIOC Method sel=0x18->0x18 inCnt=0 inSC=0 outSC=0 -> 0xe00002c2
#### AGXIOC Method sel=0x18->0x18 inCnt=0 inSC=0 outSC=0 -> 0xe00002c2
#### AGXIOC Method sel=0x18->0x18 inCnt=0 inSC=0 outSC=0 -> 0xe00002c2
#### AGXIOC Method sel=0x18->0x18 inCnt=0 inSC=0 outSC=0 -> 0xe00002c2
#### AGXIOC Method sel=0x18->0x18 inCnt=0 inSC=0 outSC=0 -> 0xe00002c2
#### AGXIOC Method sel=0x18->0x18 inCnt=0 inSC=0 outSC=0 -> 0xe00002c2
#### AGXIOC Method sel=0x18->0x18 inCnt=0 inSC=0 outSC=0 -> 0xe00002c2
#### AGXIOC Method sel=0x18->0x18 inCnt=0 inSC=0 outSC=0 -> 0xe00002c2
#### AGXIOC Method sel=0x18->0x18 inCnt=0 inSC=0 outSC=0 -> 0xe00002c2
#### AGXIOC Method sel=0x18->0x18 inCnt=0 inSC=0 outSC=0 -> 0xe00002c2
#### AGXIOC Method sel=0x18->0x18 inCnt=0 inSC=0 outSC=0 -> 0xe00002c2
#### AGXIOC Method sel=0x18->0x18 inCnt=0 inSC=0 outSC=0 -> 0xe00002c2
#### AGXIOC Method sel=0x18->0x18 inCnt=0 inSC=0 outSC=0 -> 0xe00002c2
[72365:0728/061947.276442:VERBOSE1:net/base/network_delegate.cc:38] NetworkDelegate::NotifyBeforeURLRequest: https://mobile.events.data.microsoft.com/OneCollector/1.0?cors=true&content-type=application/x-json-stream
#### AGXIOC Method sel=0x18->0x18 inCnt=0 inSC=0 outSC=0 -> 0xe00002c2
#### AGXIOC Method sel=0x18->0x18 inCnt=0 inSC=0 outSC=0 -> 0xe00002c2
#### AGXIOC Method sel=0x18->0x18 inCnt=0 inSC=0 outSC=0 -> 0xe00002c2
#### AGXIOC Method sel=0x18->0x18 inCnt=0 inSC=0 outSC=0 -> 0xe00002c2
#### AGXIOC Method sel=0x18->0x18 inCnt=0 inSC=0 outSC=0 -> 0xe00002c2
#### AGXIOC Method sel=0x18->0x18 inCnt=0 inSC=0 outSC=0 -> 0xe00002c2
#### AGXIOC Method sel=0x18->0x18 inCnt=0 inSC=0 outSC=0 -> 0xe00002c2
#### AGXIOC Method sel=0x18->0x18 inCnt=0 inSC=0 outSC=0 -> 0xe00002c2
#### AGXIOC Method sel=0x18->0x18 inCnt=0 inSC=0 outSC=0 -> 0xe00002c2
#### AGXIOC Method sel=0x18->0x18 inCnt=0 inSC=0 outSC=0 -> 0xe00002c2
#### AGXIOC Method sel=0x18->0x18 inCnt=0 inSC=0 outSC=0 -> 0xe00002c2
#### AGXIOC Method sel=0x18->0x18 inCnt=0 inSC=0 outSC=0 -> 0xe00002c2
#### AGXIOC Method sel=0x18->0x18 inCnt=0 inSC=0 outSC=0 -> 0xe00002c2
#### AGXIOC Method sel=0x18->0x18 inCnt=0 inSC=0 outSC=0 -> 0xe00002c2
#### AGXIOC Method sel=0x18->0x18 inCnt=0 inSC=0 outSC=0 -> 0xe00002c2
#### AGXIOC Method sel=0x18->0x18 inCnt=0 inSC=0 outSC=0 -> 0xe00002c2
#### AGXIOC Method sel=0x18->0x18 inCnt=0 inSC=0 outSC=0 -> 0xe00002c2
#### AGXIOC Method sel=0x18->0x18 inCnt=0 inSC=0 outSC=0 -> 0xe00002c2
#### AGXIOC Method sel=0x18->0x18 inCnt=0 inSC=0 outSC=0 -> 0xe00002c2
#### AGXIOC Method sel=0x18->0x18 inCnt=0 inSC=0 outSC=0 -> 0xe00002c2
#### AGXIOC Method sel=0x18->0x18 inCnt=0 inSC=0 outSC=0 -> 0xe00002c2
#### AGXIOC Method sel=0x18->0x18 inCnt=0 inSC=0 outSC=0 -> 0xe00002c2
#### AGXIOC Method sel=0x18->0x18 inCnt=0 inSC=0 outSC=0 -> 0xe00002c2
#### AGXIOC Method sel=0x18->0x18 inCnt=0 inSC=0 outSC=0 -> 0xe00002c2
#### AGXIOC Method sel=0x18->0x18 inCnt=0 inSC=0 outSC=0 -> 0xe00002c2
#### AGXIOC Method sel=0x18->0x18 inCnt=0 inSC=0 outSC=0 -> 0xe00002c2
#### AGXIOC Method sel=0x18->0x18 inCnt=0 inSC=0 outSC=0 -> 0xe00002c2
#### AGXIOC Method sel=0x18->0x18 inCnt=0 inSC=0 outSC=0 -> 0xe00002c2
#### AGXIOC Method sel=0x18->0x18 inCnt=0 inSC=0 outSC=0 -> 0xe00002c2
#### AGXIOC Method sel=0x18->0x18 inCnt=0 inSC=0 outSC=0 -> 0xe00002c2
[72325:0728/061949.694387:VERBOSE1:content/browser/renderer_host/media/media_stream_manager.cc:1515] MSPL::OnSuspend([this=0x6000d2ea8])
[72325:0728/061950.036202:VERBOSE1:content/browser/renderer_host/media/media_stream_manager.cc:1515] MSPL::OnResume([this=0x6000d2ea8])
#### AGXIOC Method sel=0x18->0x18 inCnt=0 inSC=0 outSC=0 -> 0xe00002c2
#### AGXIOC Method sel=0x18->0x18 inCnt=0 inSC=0 outSC=0 -> 0xe00002c2
#### AGXIOC Method sel=0x18->0x18 inCnt=0 inSC=0 outSC=0 -> 0xe00002c2
#### AGXIOC Method sel=0x18->0x18 inCnt=0 inSC=0 outSC=0 -> 0xe00002c2
#### AGXIOC Method sel=0x18->0x18 inCnt=0 inSC=0 outSC=0 -> 0xe00002c2
#### AGXIOC Method sel=0x18->0x18 inCnt=0 inSC=0 outSC=0 -> 0xe00002c2
#### AGXIOC Method sel=0x18->0x18 inCnt=0 inSC=0 outSC=0 -> 0xe00002c2
#### AGXIOC Method sel=0x18->0x18 inCnt=0 inSC=0 outSC=0 -> 0xe00002c2
#### AGXIOC Method sel=0x18->0x18 inCnt=0 inSC=0 outSC=0 -> 0xe00002c2
#### AGXIOC Method sel=0x18->0x18 inCnt=0 inSC=0 outSC=0 -> 0xe00002c2
#### AGXIOC Method sel=0x18->0x18 inCnt=0 inSC=0 outSC=0 -> 0xe00002c2
#### AGXIOC Method sel=0x1e->0x1a inCnt=4 inSC=56 outSC=0 -> 0x0
#### AGXIOC Method sel=0x18->0x18 inCnt=0 inSC=0 outSC=0 -> 0xe00002c2
#### AGXIOC Method sel=0x18->0x18 inCnt=0 inSC=0 outSC=0 -> 0xe00002c2
#### AGXIOC Method sel=0x18->0x18 inCnt=0 inSC=0 outSC=0 -> 0xe00002c2
#### AGXIOC Method sel=0x18->0x18 inCnt=0 inSC=0 outSC=0 -> 0xe00002c2
#### AGXIOC Method sel=0x18->0x18 inCnt=0 inSC=0 outSC=0 -> 0xe00002c2
#### AGXIOC Method sel=0x18->0x18 inCnt=0 inSC=0 outSC=0 -> 0xe00002c2
#### AGXIOC Method sel=0x18->0x18 inCnt=0 inSC=0 outSC=0 -> 0xe00002c2
#### AGXIOC Method sel=0x18->0x18 inCnt=0 inSC=0 outSC=0 -> 0xe00002c2
#### AGXIOC Method sel=0x18->0x18 inCnt=0 inSC=0 outSC=0 -> 0xe00002c2
#### AGXIOC Method sel=0x18->0x18 inCnt=0 inSC=0 outSC=0 -> 0xe00002c2
#### AGXIOC Method sel=0x18->0x18 inCnt=0 inSC=0 outSC=0 -> 0xe00002c2
#### AGXIOC Method sel=0x18->0x18 inCnt=0 inSC=0 outSC=0 -> 0xe00002c2
#### AGXIOC Method sel=0x18->0x18 inCnt=0 inSC=0 outSC=0 -> 0xe00002c2
#### AGXIOC Method sel=0x18->0x18 inCnt=0 inSC=0 outSC=0 -> 0xe00002c2
#### AGXIOC Method sel=0x18->0x18 inCnt=0 inSC=0 outSC=0 -> 0xe00002c2
#### AGXIOC Method sel=0x18->0x18 inCnt=0 inSC=0 outSC=0 -> 0xe00002c2
#### AGXIOC Method sel=0x18->0x18 inCnt=0 inSC=0 outSC=0 -> 0xe00002c2
#### AGXIOC Method sel=0x18->0x18 inCnt=0 inSC=0 outSC=0 -> 0xe00002c2
#### AGXIOC Method sel=0x18->0x18 inCnt=0 inSC=0 outSC=0 -> 0xe00002c2
#### AGXIOC Method sel=0x18->0x18 inCnt=0 inSC=0 outSC=0 -> 0xe00002c2
#### AGXIOC Method sel=0x18->0x18 inCnt=0 inSC=0 outSC=0 -> 0xe00002c2
#### AGXIOC Method sel=0x18->0x18 inCnt=0 inSC=0 outSC=0 -> 0xe00002c2
[72365:0728/061951.808229:VERBOSE1:net/base/network_delegate.cc:38] NetworkDelegate::NotifyBeforeURLRequest: https://mobile.events.data.microsoft.com/OneCollector/1.0?cors=true&content-type=application/x-json-stream
#### AGXIOC Method sel=0x18->0x18 inCnt=0 inSC=0 outSC=0 -> 0xe00002c2
#### AGXIOC Method sel=0x18->0x18 inCnt=0 inSC=0 outSC=0 -> 0xe00002c2
#### AGXIOC Method sel=0x18->0x18 inCnt=0 inSC=0 outSC=0 -> 0xe00002c2
#### AGXIOC Method sel=0x18->0x18 inCnt=0 inSC=0 outSC=0 -> 0xe00002c2
#### AGXIOC Method sel=0x18->0x18 inCnt=0 inSC=0 outSC=0 -> 0xe00002c2
#### AGXIOC Method sel=0x18->0x18 inCnt=0 inSC=0 outSC=0 -> 0xe00002c2
#### AGXIOC Method sel=0x18->0x18 inCnt=0 inSC=0 outSC=0 -> 0xe00002c2
#### AGXIOC Method sel=0x18->0x18 inCnt=0 inSC=0 outSC=0 -> 0xe00002c2
#### AGXIOC Method sel=0x18->0x18 inCnt=0 inSC=0 outSC=0 -> 0xe00002c2
#### AGXIOC Method sel=0x18->0x18 inCnt=0 inSC=0 outSC=0 -> 0xe00002c2
#### AGXIOC Method sel=0x18->0x18 inCnt=0 inSC=0 outSC=0 -> 0xe00002c2
#### AGXIOC Method sel=0x18->0x18 inCnt=0 inSC=0 outSC=0 -> 0xe00002c2
#### AGXIOC Method sel=0x18->0x18 inCnt=0 inSC=0 outSC=0 -> 0xe00002c2
#### AGXIOC Method sel=0x18->0x18 inCnt=0 inSC=0 outSC=0 -> 0xe00002c2
#### AGXIOC Method sel=0x18->0x18 inCnt=0 inSC=0 outSC=0 -> 0xe00002c2
#### AGXIOC Method sel=0x18->0x18 inCnt=0 inSC=0 outSC=0 -> 0xe00002c2
#### AGXIOC Method sel=0x18->0x18 inCnt=0 inSC=0 outSC=0 -> 0xe00002c2
#### AGXIOC Method sel=0x18->0x18 inCnt=0 inSC=0 outSC=0 -> 0xe00002c2
#### AGXIOC Method sel=0x18->0x18 inCnt=0 inSC=0 outSC=0 -> 0xe00002c2
#### AGXIOC Method sel=0x18->0x18 inCnt=0 inSC=0 outSC=0 -> 0xe00002c2
#### AGXIOC Method sel=0x18->0x18 inCnt=0 inSC=0 outSC=0 -> 0xe00002c2
#### AGXIOC Method sel=0x18->0x18 inCnt=0 inSC=0 outSC=0 -> 0xe00002c2
#### AGXIOC Method sel=0x18->0x18 inCnt=0 inSC=0 outSC=0 -> 0xe00002c2
#### AGXIOC Method sel=0x18->0x18 inCnt=0 inSC=0 outSC=0 -> 0xe00002c2
#### AGXIOC Method sel=0x18->0x18 inCnt=0 inSC=0 outSC=0 -> 0xe00002c2
#### AGXIOC Method sel=0x18->0x18 inCnt=0 inSC=0 outSC=0 -> 0xe00002c2
#### AGXIOC Method sel=0x18->0x18 inCnt=0 inSC=0 outSC=0 -> 0xe00002c2
#### AGXIOC Method sel=0x18->0x18 inCnt=0 inSC=0 outSC=0 -> 0xe00002c2
#### AGXIOC Method sel=0x18->0x18 inCnt=0 inSC=0 outSC=0 -> 0xe00002c2
#### AGXIOC Method sel=0x18->0x18 inCnt=0 inSC=0 outSC=0 -> 0xe00002c2
#### AGXIOC Method sel=0x18->0x18 inCnt=0 inSC=0 outSC=0 -> 0xe00002c2
#### AGXIOC Method sel=0x18->0x18 inCnt=0 inSC=0 outSC=0 -> 0xe00002c2
#### AGXIOC Method sel=0x18->0x18 inCnt=0 inSC=0 outSC=0 -> 0xe00002c2
[72325:0728/061954.214751:VERBOSE1:content/browser/renderer_host/media/media_stream_manager.cc:1515] MSPL::OnSuspend([this=0x6000d2ea8])
#### AGXIOC Method sel=0x18->0x18 inCnt=0 inSC=0 outSC=0 -> 0xe00002c2
[72325:0728/061954.560135:VERBOSE1:content/browser/renderer_host/media/media_stream_manager.cc:1515] MSPL::OnResume([this=0x6000d2ea8])
#### AGXIOC Method sel=0x18->0x18 inCnt=0 inSC=0 outSC=0 -> 0xe00002c2
#### AGXIOC Method sel=0x18->0x18 inCnt=0 inSC=0 outSC=0 -> 0xe00002c2
#### AGXIOC Method sel=0x18->0x18 inCnt=0 inSC=0 outSC=0 -> 0xe00002c2
#### AGXIOC Method sel=0x18->0x18 inCnt=0 inSC=0 outSC=0 -> 0xe00002c2
#### AGXIOC Method sel=0x18->0x18 inCnt=0 inSC=0 outSC=0 -> 0xe00002c2
#### AGXIOC Method sel=0x18->0x18 inCnt=0 inSC=0 outSC=0 -> 0xe00002c2
#### AGXIOC Method sel=0x18->0x18 inCnt=0 inSC=0 outSC=0 -> 0xe00002c2
#### AGXIOC Method sel=0x18->0x18 inCnt=0 inSC=0 outSC=0 -> 0xe00002c2
#### AGXIOC Method sel=0x18->0x18 inCnt=0 inSC=0 outSC=0 -> 0xe00002c2
#### AGXIOC Method sel=0x18->0x18 inCnt=0 inSC=0 outSC=0 -> 0xe00002c2
#### AGXIOC Method sel=0x18->0x18 inCnt=0 inSC=0 outSC=0 -> 0xe00002c2
#### AGXIOC Method sel=0x18->0x18 inCnt=0 inSC=0 outSC=0 -> 0xe00002c2
#### AGXIOC Method sel=0x18->0x18 inCnt=0 inSC=0 outSC=0 -> 0xe00002c2
#### AGXIOC Method sel=0x18->0x18 inCnt=0 inSC=0 outSC=0 -> 0xe00002c2
#### AGXIOC Method sel=0x18->0x18 inCnt=0 inSC=0 outSC=0 -> 0xe00002c2
#### AGXIOC Method sel=0x18->0x18 inCnt=0 inSC=0 outSC=0 -> 0xe00002c2
#### AGXIOC Method sel=0x18->0x18 inCnt=0 inSC=0 outSC=0 -> 0xe00002c2
#### AGXIOC Method sel=0x18->0x18 inCnt=0 inSC=0 outSC=0 -> 0xe00002c2
#### AGXIOC Method sel=0x18->0x18 inCnt=0 inSC=0 outSC=0 -> 0xe00002c2
#### AGXIOC Method sel=0x18->0x18 inCnt=0 inSC=0 outSC=0 -> 0xe00002c2
#### AGXIOC Method sel=0x18->0x18 inCnt=0 inSC=0 outSC=0 -> 0xe00002c2
#### AGXIOC Method sel=0x18->0x18 inCnt=0 inSC=0 outSC=0 -> 0xe00002c2
#### AGXIOC Method sel=0x18->0x18 inCnt=0 inSC=0 outSC=0 -> 0xe00002c2
#### AGXIOC Method sel=0x18->0x18 inCnt=0 inSC=0 outSC=0 -> 0xe00002c2
#### AGXIOC Method sel=0x18->0x18 inCnt=0 inSC=0 outSC=0 -> 0xe00002c2
#### AGXIOC Method sel=0x18->0x18 inCnt=0 inSC=0 outSC=0 -> 0xe00002c2
#### AGXIOC Method sel=0x18->0x18 inCnt=0 inSC=0 outSC=0 -> 0xe00002c2
[72365:0728/061956.329508:VERBOSE1:net/base/network_delegate.cc:38] NetworkDelegate::NotifyBeforeURLRequest: https://mobile.events.data.microsoft.com/OneCollector/1.0?cors=true&content-type=application/x-json-stream
#### AGXIOC Method sel=0x18->0x18 inCnt=0 inSC=0 outSC=0 -> 0xe00002c2
#### AGXIOC Method sel=0x18->0x18 inCnt=0 inSC=0 outSC=0 -> 0xe00002c2
#### AGXIOC Method sel=0x18->0x18 inCnt=0 inSC=0 outSC=0 -> 0xe00002c2
#### AGXIOC Method sel=0x18->0x18 inCnt=0 inSC=0 outSC=0 -> 0xe00002c2
#### AGXIOC Method sel=0x18->0x18 inCnt=0 inSC=0 outSC=0 -> 0xe00002c2
#### AGXIOC Method sel=0x18->0x18 inCnt=0 inSC=0 outSC=0 -> 0xe00002c2
#### AGXIOC Method sel=0x18->0x18 inCnt=0 inSC=0 outSC=0 -> 0xe00002c2
#### AGXIOC Method sel=0x18->0x18 inCnt=0 inSC=0 outSC=0 -> 0xe00002c2
#### AGXIOC Method sel=0x18->0x18 inCnt=0 inSC=0 outSC=0 -> 0xe00002c2
#### AGXIOC Method sel=0x18->0x18 inCnt=0 inSC=0 outSC=0 -> 0xe00002c2
#### AGXIOC Method sel=0x18->0x18 inCnt=0 inSC=0 outSC=0 -> 0xe00002c2
#### AGXIOC Method sel=0x18->0x18 inCnt=0 inSC=0 outSC=0 -> 0xe00002c2
#### AGXIOC Method sel=0x18->0x18 inCnt=0 inSC=0 outSC=0 -> 0xe00002c2
#### AGXIOC Method sel=0x18->0x18 inCnt=0 inSC=0 outSC=0 -> 0xe00002c2
#### AGXIOC Method sel=0x18->0x18 inCnt=0 inSC=0 outSC=0 -> 0xe00002c2
#### AGXIOC Method sel=0x18->0x18 inCnt=0 inSC=0 outSC=0 -> 0xe00002c2
#### AGXIOC Method sel=0x18->0x18 inCnt=0 inSC=0 outSC=0 -> 0xe00002c2
#### AGXIOC Method sel=0x18->0x18 inCnt=0 inSC=0 outSC=0 -> 0xe00002c2
#### AGXIOC Method sel=0x18->0x18 inCnt=0 inSC=0 outSC=0 -> 0xe00002c2
#### AGXIOC Method sel=0x18->0x18 inCnt=0 inSC=0 outSC=0 -> 0xe00002c2
#### MACWS-NEW-EVENT #4000 original=nil sharedEvent=0x60053ded0 class=_MTLSharedEvent device=0x600282000 deviceClass=AGXG13GFamilyDevice
#### AGXIOC Method sel=0x18->0x18 inCnt=0 inSC=0 outSC=0 -> 0xe00002c2
#### AGXIOC Method sel=0x18->0x18 inCnt=0 inSC=0 outSC=0 -> 0xe00002c2
#### AGXIOC Method sel=0x18->0x18 inCnt=0 inSC=0 outSC=0 -> 0xe00002c2
#### AGXIOC Method sel=0x18->0x18 inCnt=0 inSC=0 outSC=0 -> 0xe00002c2
#### AGXIOC Method sel=0x18->0x18 inCnt=0 inSC=0 outSC=0 -> 0xe00002c2
#### AGXIOC Method sel=0x18->0x18 inCnt=0 inSC=0 outSC=0 -> 0xe00002c2
#### AGXIOC Method sel=0x18->0x18 inCnt=0 inSC=0 outSC=0 -> 0xe00002c2
#### AGXIOC Method sel=0x18->0x18 inCnt=0 inSC=0 outSC=0 -> 0xe00002c2
#### AGXIOC Method sel=0x18->0x18 inCnt=0 inSC=0 outSC=0 -> 0xe00002c2
#### AGXIOC Method sel=0x18->0x18 inCnt=0 inSC=0 outSC=0 -> 0xe00002c2
#### AGXIOC Method sel=0x18->0x18 inCnt=0 inSC=0 outSC=0 -> 0xe00002c2
#### AGXIOC Method sel=0x18->0x18 inCnt=0 inSC=0 outSC=0 -> 0xe00002c2
#### AGXIOC Method sel=0x18->0x18 inCnt=0 inSC=0 outSC=0 -> 0xe00002c2
#### AGXIOC Method sel=0x18->0x18 inCnt=0 inSC=0 outSC=0 -> 0xe00002c2
#### AGXIOC Method sel=0x18->0x18 inCnt=0 inSC=0 outSC=0 -> 0xe00002c2
#### AGXIOC Method sel=0x18->0x18 inCnt=0 inSC=0 outSC=0 -> 0xe00002c2
[72325:0728/061958.774364:VERBOSE1:content/browser/renderer_host/media/media_stream_manager.cc:1515] MSPL::OnSuspend([this=0x6000d2ea8])
#### AGXIOC Method sel=0x18->0x18 inCnt=0 inSC=0 outSC=0 -> 0xe00002c2
[72325:0728/061959.788070:VERBOSE1:content/browser/renderer_host/media/media_stream_manager.cc:1515] MSPL::OnResume([this=0x6000d2ea8])
#### AGXIOC Method sel=0x18->0x18 inCnt=0 inSC=0 outSC=0 -> 0xe00002c2
#### AGXIOC Method sel=0x18->0x18 inCnt=0 inSC=0 outSC=0 -> 0xe00002c2
#### AGXIOC Method sel=0x18->0x18 inCnt=0 inSC=0 outSC=0 -> 0xe00002c2
#### AGXIOC Method sel=0x18->0x18 inCnt=0 inSC=0 outSC=0 -> 0xe00002c2
#### AGXIOC Method sel=0x18->0x18 inCnt=0 inSC=0 outSC=0 -> 0xe00002c2
#### AGXIOC Method sel=0x18->0x18 inCnt=0 inSC=0 outSC=0 -> 0xe00002c2
#### AGXIOC Method sel=0x18->0x18 inCnt=0 inSC=0 outSC=0 -> 0xe00002c2
#### AGXIOC Method sel=0x18->0x18 inCnt=0 inSC=0 outSC=0 -> 0xe00002c2
#### AGXIOC Method sel=0x18->0x18 inCnt=0 inSC=0 outSC=0 -> 0xe00002c2
#### AGXIOC Method sel=0x18->0x18 inCnt=0 inSC=0 outSC=0 -> 0xe00002c2
#### AGXIOC Method sel=0x18->0x18 inCnt=0 inSC=0 outSC=0 -> 0xe00002c2
#### AGXIOC Method sel=0x18->0x18 inCnt=0 inSC=0 outSC=0 -> 0xe00002c2
#### AGXIOC Method sel=0x18->0x18 inCnt=0 inSC=0 outSC=0 -> 0xe00002c2
#### AGXIOC Method sel=0x18->0x18 inCnt=0 inSC=0 outSC=0 -> 0xe00002c2
#### AGXIOC Method sel=0x18->0x18 inCnt=0 inSC=0 outSC=0 -> 0xe00002c2
#### AGXIOC Method sel=0x18->0x18 inCnt=0 inSC=0 outSC=0 -> 0xe00002c2
#### AGXIOC Method sel=0x18->0x18 inCnt=0 inSC=0 outSC=0 -> 0xe00002c2
#### AGXIOC Method sel=0x18->0x18 inCnt=0 inSC=0 outSC=0 -> 0xe00002c2
#### AGXIOC Method sel=0x18->0x18 inCnt=0 inSC=0 outSC=0 -> 0xe00002c2
#### AGXIOC Method sel=0x18->0x18 inCnt=0 inSC=0 outSC=0 -> 0xe00002c2
#### AGXIOC Method sel=0x18->0x18 inCnt=0 inSC=0 outSC=0 -> 0xe00002c2
#### AGXIOC Method sel=0x18->0x18 inCnt=0 inSC=0 outSC=0 -> 0xe00002c2
#### AGXIOC Method sel=0x18->0x18 inCnt=0 inSC=0 outSC=0 -> 0xe00002c2
[72365:0728/062001.486521:VERBOSE1:net/base/network_delegate.cc:38] NetworkDelegate::NotifyBeforeURLRequest: https://mobile.events.data.microsoft.com/OneCollector/1.0?cors=true&content-type=application/x-json-stream
#### AGXIOC Method sel=0x18->0x18 inCnt=0 inSC=0 outSC=0 -> 0xe00002c2
#### AGXIOC Method sel=0x18->0x18 inCnt=0 inSC=0 outSC=0 -> 0xe00002c2
#### AGXIOC Method sel=0x18->0x18 inCnt=0 inSC=0 outSC=0 -> 0xe00002c2
#### AGXIOC Method sel=0x18->0x18 inCnt=0 inSC=0 outSC=0 -> 0xe00002c2
#### AGXIOC Method sel=0x18->0x18 inCnt=0 inSC=0 outSC=0 -> 0xe00002c2
#### AGXIOC Method sel=0x18->0x18 inCnt=0 inSC=0 outSC=0 -> 0xe00002c2
#### AGXIOC Method sel=0x18->0x18 inCnt=0 inSC=0 outSC=0 -> 0xe00002c2
#### AGXIOC Method sel=0x18->0x18 inCnt=0 inSC=0 outSC=0 -> 0xe00002c2
#### AGXIOC Method sel=0x18->0x18 inCnt=0 inSC=0 outSC=0 -> 0xe00002c2
#### AGXIOC Method sel=0x18->0x18 inCnt=0 inSC=0 outSC=0 -> 0xe00002c2
#### AGXIOC Method sel=0x18->0x18 inCnt=0 inSC=0 outSC=0 -> 0xe00002c2
#### AGXIOC Method sel=0x18->0x18 inCnt=0 inSC=0 outSC=0 -> 0xe00002c2
#### AGXIOC Method sel=0x18->0x18 inCnt=0 inSC=0 outSC=0 -> 0xe00002c2
#### AGXIOC Method sel=0x18->0x18 inCnt=0 inSC=0 outSC=0 -> 0xe00002c2
#### AGXIOC Method sel=0x18->0x18 inCnt=0 inSC=0 outSC=0 -> 0xe00002c2
#### AGXIOC Method sel=0x18->0x18 inCnt=0 inSC=0 outSC=0 -> 0xe00002c2
#### AGXIOC Method sel=0x18->0x18 inCnt=0 inSC=0 outSC=0 -> 0xe00002c2
#### AGXIOC Method sel=0x18->0x18 inCnt=0 inSC=0 outSC=0 -> 0xe00002c2
#### AGXIOC Method sel=0x18->0x18 inCnt=0 inSC=0 outSC=0 -> 0xe00002c2
#### AGXIOC Method sel=0x18->0x18 inCnt=0 inSC=0 outSC=0 -> 0xe00002c2
#### AGXIOC Method sel=0x18->0x18 inCnt=0 inSC=0 outSC=0 -> 0xe00002c2
#### AGXIOC Method sel=0x18->0x18 inCnt=0 inSC=0 outSC=0 -> 0xe00002c2
#### AGXIOC Method sel=0x18->0x18 inCnt=0 inSC=0 outSC=0 -> 0xe00002c2
#### AGXIOC Method sel=0x18->0x18 inCnt=0 inSC=0 outSC=0 -> 0xe00002c2
#### AGXIOC Method sel=0x18->0x18 inCnt=0 inSC=0 outSC=0 -> 0xe00002c2
#### AGXIOC Method sel=0x18->0x18 inCnt=0 inSC=0 outSC=0 -> 0xe00002c2
#### AGXIOC Method sel=0x18->0x18 inCnt=0 inSC=0 outSC=0 -> 0xe00002c2
#### AGXIOC Method sel=0x18->0x18 inCnt=0 inSC=0 outSC=0 -> 0xe00002c2
#### AGXIOC Method sel=0x18->0x18 inCnt=0 inSC=0 outSC=0 -> 0xe00002c2
#### AGXIOC Method sel=0x18->0x18 inCnt=0 inSC=0 outSC=0 -> 0xe00002c2
#### AGXIOC Method sel=0x18->0x18 inCnt=0 inSC=0 outSC=0 -> 0xe00002c2
#### AGXIOC Method sel=0x18->0x18 inCnt=0 inSC=0 outSC=0 -> 0xe00002c2
#### AGXIOC Method sel=0x18->0x18 inCnt=0 inSC=0 outSC=0 -> 0xe00002c2
#### AGXIOC Method sel=0x18->0x18 inCnt=0 inSC=0 outSC=0 -> 0xe00002c2
#### AGXIOC Method sel=0x18->0x18 inCnt=0 inSC=0 outSC=0 -> 0xe00002c2
#### AGXIOC Method sel=0x18->0x18 inCnt=0 inSC=0 outSC=0 -> 0xe00002c2
#### AGXIOC Method sel=0x18->0x18 inCnt=0 inSC=0 outSC=0 -> 0xe00002c2
#### AGXIOC Method sel=0x18->0x18 inCnt=0 inSC=0 outSC=0 -> 0xe00002c2
#### AGXIOC Method sel=0x18->0x18 inCnt=0 inSC=0 outSC=0 -> 0xe00002c2
[72325:0728/062003.952666:VERBOSE1:content/browser/renderer_host/media/media_stream_manager.cc:1515] MSPL::OnSuspend([this=0x6000d2ea8])
#### AGXIOC Method sel=0x18->0x18 inCnt=0 inSC=0 outSC=0 -> 0xe00002c2
[72325:0728/062004.299356:VERBOSE1:content/browser/renderer_host/media/media_stream_manager.cc:1515] MSPL::OnResume([this=0x6000d2ea8])
#### AGXIOC Method sel=0x18->0x18 inCnt=0 inSC=0 outSC=0 -> 0xe00002c2
#### AGXIOC Method sel=0x18->0x18 inCnt=0 inSC=0 outSC=0 -> 0xe00002c2
#### AGXIOC Method sel=0x18->0x18 inCnt=0 inSC=0 outSC=0 -> 0xe00002c2
#### AGXIOC Method sel=0x18->0x18 inCnt=0 inSC=0 outSC=0 -> 0xe00002c2
#### AGXIOC Method sel=0x18->0x18 inCnt=0 inSC=0 outSC=0 -> 0xe00002c2
#### AGXIOC Method sel=0x18->0x18 inCnt=0 inSC=0 outSC=0 -> 0xe00002c2
#### AGXIOC Method sel=0x18->0x18 inCnt=0 inSC=0 outSC=0 -> 0xe00002c2
#### AGXIOC Method sel=0x18->0x18 inCnt=0 inSC=0 outSC=0 -> 0xe00002c2
#### AGXIOC Method sel=0x18->0x18 inCnt=0 inSC=0 outSC=0 -> 0xe00002c2
#### AGXIOC Method sel=0x18->0x18 inCnt=0 inSC=0 outSC=0 -> 0xe00002c2
#### AGXIOC Method sel=0x18->0x18 inCnt=0 inSC=0 outSC=0 -> 0xe00002c2
#### AGXIOC Method sel=0x18->0x18 inCnt=0 inSC=0 outSC=0 -> 0xe00002c2
#### AGXIOC Method sel=0x18->0x18 inCnt=0 inSC=0 outSC=0 -> 0xe00002c2
#### AGXIOC Method sel=0x18->0x18 inCnt=0 inSC=0 outSC=0 -> 0xe00002c2
#### AGXIOC Method sel=0x18->0x18 inCnt=0 inSC=0 outSC=0 -> 0xe00002c2
#### AGXIOC Method sel=0x18->0x18 inCnt=0 inSC=0 outSC=0 -> 0xe00002c2
#### AGXIOC Method sel=0x18->0x18 inCnt=0 inSC=0 outSC=0 -> 0xe00002c2
#### AGXIOC Method sel=0x18->0x18 inCnt=0 inSC=0 outSC=0 -> 0xe00002c2
#### AGXIOC Method sel=0x18->0x18 inCnt=0 inSC=0 outSC=0 -> 0xe00002c2
#### AGXIOC Method sel=0x18->0x18 inCnt=0 inSC=0 outSC=0 -> 0xe00002c2
#### AGXIOC Method sel=0x18->0x18 inCnt=0 inSC=0 outSC=0 -> 0xe00002c2
#### AGXIOC Method sel=0x18->0x18 inCnt=0 inSC=0 outSC=0 -> 0xe00002c2
#### AGXIOC Method sel=0x18->0x18 inCnt=0 inSC=0 outSC=0 -> 0xe00002c2
#### AGXIOC Method sel=0x18->0x18 inCnt=0 inSC=0 outSC=0 -> 0xe00002c2
#### AGXIOC Method sel=0x1e->0x1a inCnt=4 inSC=56 outSC=0 -> 0x0
#### AGXIOC Method sel=0x18->0x18 inCnt=0 inSC=0 outSC=0 -> 0xe00002c2
#### AGXIOC Method sel=0x18->0x18 inCnt=0 inSC=0 outSC=0 -> 0xe00002c2
#### AGXIOC Method sel=0x18->0x18 inCnt=0 inSC=0 outSC=0 -> 0xe00002c2
#### AGXIOC Method sel=0x18->0x18 inCnt=0 inSC=0 outSC=0 -> 0xe00002c2
#### AGXIOC Method sel=0x18->0x18 inCnt=0 inSC=0 outSC=0 -> 0xe00002c2
#### AGXIOC Method sel=0x18->0x18 inCnt=0 inSC=0 outSC=0 -> 0xe00002c2
#### AGXIOC Method sel=0x18->0x18 inCnt=0 inSC=0 outSC=0 -> 0xe00002c2
[72365:0728/062006.066314:VERBOSE1:net/base/network_delegate.cc:38] NetworkDelegate::NotifyBeforeURLRequest: https://mobile.events.data.microsoft.com/OneCollector/1.0?cors=true&content-type=application/x-json-stream
#### AGXIOC Method sel=0x18->0x18 inCnt=0 inSC=0 outSC=0 -> 0xe00002c2
#### AGXIOC Method sel=0x18->0x18 inCnt=0 inSC=0 outSC=0 -> 0xe00002c2
#### AGXIOC Method sel=0x18->0x18 inCnt=0 inSC=0 outSC=0 -> 0xe00002c2
#### AGXIOC Method sel=0x18->0x18 inCnt=0 inSC=0 outSC=0 -> 0xe00002c2
#### AGXIOC Method sel=0x18->0x18 inCnt=0 inSC=0 outSC=0 -> 0xe00002c2
#### AGXIOC Method sel=0x18->0x18 inCnt=0 inSC=0 outSC=0 -> 0xe00002c2
#### AGXIOC Method sel=0x18->0x18 inCnt=0 inSC=0 outSC=0 -> 0xe00002c2
#### AGXIOC Method sel=0x18->0x18 inCnt=0 inSC=0 outSC=0 -> 0xe00002c2
#### AGXIOC Method sel=0x18->0x18 inCnt=0 inSC=0 outSC=0 -> 0xe00002c2
#### AGXIOC Method sel=0x18->0x18 inCnt=0 inSC=0 outSC=0 -> 0xe00002c2
#### AGXIOC Method sel=0x18->0x18 inCnt=0 inSC=0 outSC=0 -> 0xe00002c2
#### AGXIOC Method sel=0x18->0x18 inCnt=0 inSC=0 outSC=0 -> 0xe00002c2
#### AGXIOC Method sel=0x18->0x18 inCnt=0 inSC=0 outSC=0 -> 0xe00002c2
#### AGXIOC Method sel=0x18->0x18 inCnt=0 inSC=0 outSC=0 -> 0xe00002c2
#### AGXIOC Method sel=0x18->0x18 inCnt=0 inSC=0 outSC=0 -> 0xe00002c2
#### AGXIOC Method sel=0x18->0x18 inCnt=0 inSC=0 outSC=0 -> 0xe00002c2
#### AGXIOC Method sel=0x18->0x18 inCnt=0 inSC=0 outSC=0 -> 0xe00002c2
#### AGXIOC Method sel=0x18->0x18 inCnt=0 inSC=0 outSC=0 -> 0xe00002c2
#### AGXIOC Method sel=0x18->0x18 inCnt=0 inSC=0 outSC=0 -> 0xe00002c2
#### AGXIOC Method sel=0x18->0x18 inCnt=0 inSC=0 outSC=0 -> 0xe00002c2
#### AGXIOC Method sel=0x18->0x18 inCnt=0 inSC=0 outSC=0 -> 0xe00002c2
#### AGXIOC Method sel=0x18->0x18 inCnt=0 inSC=0 outSC=0 -> 0xe00002c2
#### AGXIOC Method sel=0x18->0x18 inCnt=0 inSC=0 outSC=0 -> 0xe00002c2
#### AGXIOC Method sel=0x18->0x18 inCnt=0 inSC=0 outSC=0 -> 0xe00002c2
#### AGXIOC Method sel=0x18->0x18 inCnt=0 inSC=0 outSC=0 -> 0xe00002c2
#### AGXIOC Method sel=0x18->0x18 inCnt=0 inSC=0 outSC=0 -> 0xe00002c2
#### AGXIOC Method sel=0x18->0x18 inCnt=0 inSC=0 outSC=0 -> 0xe00002c2
#### AGXIOC Method sel=0x18->0x18 inCnt=0 inSC=0 outSC=0 -> 0xe00002c2
#### AGXIOC Method sel=0x18->0x18 inCnt=0 inSC=0 outSC=0 -> 0xe00002c2
[72325:0728/062008.497620:VERBOSE1:content/browser/renderer_host/media/media_stream_manager.cc:1515] MSPL::OnSuspend([this=0x6000d2ea8])
#### AGXIOC Method sel=0x18->0x18 inCnt=0 inSC=0 outSC=0 -> 0xe00002c2
[72325:0728/062008.852696:VERBOSE1:content/browser/renderer_host/media/media_stream_manager.cc:1515] MSPL::OnResume([this=0x6000d2ea8])
#### AGXIOC Method sel=0x18->0x18 inCnt=0 inSC=0 outSC=0 -> 0xe00002c2
#### AGXIOC Method sel=0x18->0x18 inCnt=0 inSC=0 outSC=0 -> 0xe00002c2
#### AGXIOC Method sel=0x18->0x18 inCnt=0 inSC=0 outSC=0 -> 0xe00002c2
#### AGXIOC Method sel=0x18->0x18 inCnt=0 inSC=0 outSC=0 -> 0xe00002c2
#### AGXIOC Method sel=0x18->0x18 inCnt=0 inSC=0 outSC=0 -> 0xe00002c2
#### AGXIOC Method sel=0x18->0x18 inCnt=0 inSC=0 outSC=0 -> 0xe00002c2
#### AGXIOC Method sel=0x18->0x18 inCnt=0 inSC=0 outSC=0 -> 0xe00002c2
#### AGXIOC Method sel=0x18->0x18 inCnt=0 inSC=0 outSC=0 -> 0xe00002c2
#### AGXIOC Method sel=0x18->0x18 inCnt=0 inSC=0 outSC=0 -> 0xe00002c2
#### AGXIOC Method sel=0x18->0x18 inCnt=0 inSC=0 outSC=0 -> 0xe00002c2
#### AGXIOC Method sel=0x18->0x18 inCnt=0 inSC=0 outSC=0 -> 0xe00002c2
#### AGXIOC Method sel=0x18->0x18 inCnt=0 inSC=0 outSC=0 -> 0xe00002c2
#### AGXIOC Method sel=0x18->0x18 inCnt=0 inSC=0 outSC=0 -> 0xe00002c2
#### AGXIOC Method sel=0x18->0x18 inCnt=0 inSC=0 outSC=0 -> 0xe00002c2
#### AGXIOC Method sel=0x18->0x18 inCnt=0 inSC=0 outSC=0 -> 0xe00002c2
#### AGXIOC Method sel=0x18->0x18 inCnt=0 inSC=0 outSC=0 -> 0xe00002c2
#### AGXIOC Method sel=0x18->0x18 inCnt=0 inSC=0 outSC=0 -> 0xe00002c2
#### AGXIOC Method sel=0x18->0x18 inCnt=0 inSC=0 outSC=0 -> 0xe00002c2
#### AGXIOC Method sel=0x18->0x18 inCnt=0 inSC=0 outSC=0 -> 0xe00002c2
#### AGXIOC Method sel=0x18->0x18 inCnt=0 inSC=0 outSC=0 -> 0xe00002c2
#### AGXIOC Method sel=0x18->0x18 inCnt=0 inSC=0 outSC=0 -> 0xe00002c2
#### AGXIOC Method sel=0x18->0x18 inCnt=0 inSC=0 outSC=0 -> 0xe00002c2
#### AGXIOC Method sel=0x18->0x18 inCnt=0 inSC=0 outSC=0 -> 0xe00002c2
#### AGXIOC Method sel=0x18->0x18 inCnt=0 inSC=0 outSC=0 -> 0xe00002c2
#### AGXIOC Method sel=0x18->0x18 inCnt=0 inSC=0 outSC=0 -> 0xe00002c2
#### AGXIOC Method sel=0x18->0x18 inCnt=0 inSC=0 outSC=0 -> 0xe00002c2
#### AGXIOC Method sel=0x18->0x18 inCnt=0 inSC=0 outSC=0 -> 0xe00002c2
#### AGXIOC Method sel=0x18->0x18 inCnt=0 inSC=0 outSC=0 -> 0xe00002c2
[72365:0728/062010.610104:VERBOSE1:net/base/network_delegate.cc:38] NetworkDelegate::NotifyBeforeURLRequest: https://mobile.events.data.microsoft.com/OneCollector/1.0?cors=true&content-type=application/x-json-stream
#### AGXIOC Method sel=0x18->0x18 inCnt=0 inSC=0 outSC=0 -> 0xe00002c2
#### AGXIOC Method sel=0x18->0x18 inCnt=0 inSC=0 outSC=0 -> 0xe00002c2
#### AGXIOC Method sel=0x18->0x18 inCnt=0 inSC=0 outSC=0 -> 0xe00002c2
#### AGXIOC Method sel=0x18->0x18 inCnt=0 inSC=0 outSC=0 -> 0xe00002c2
#### AGXIOC Method sel=0x18->0x18 inCnt=0 inSC=0 outSC=0 -> 0xe00002c2
#### AGXIOC Method sel=0x18->0x18 inCnt=0 inSC=0 outSC=0 -> 0xe00002c2
#### AGXIOC Method sel=0x18->0x18 inCnt=0 inSC=0 outSC=0 -> 0xe00002c2
#### AGXIOC Method sel=0x18->0x18 inCnt=0 inSC=0 outSC=0 -> 0xe00002c2
#### AGXIOC Method sel=0x18->0x18 inCnt=0 inSC=0 outSC=0 -> 0xe00002c2
#### AGXIOC Method sel=0x18->0x18 inCnt=0 inSC=0 outSC=0 -> 0xe00002c2
#### AGXIOC Method sel=0x18->0x18 inCnt=0 inSC=0 outSC=0 -> 0xe00002c2
#### AGXIOC Method sel=0x18->0x18 inCnt=0 inSC=0 outSC=0 -> 0xe00002c2
#### AGXIOC Method sel=0x18->0x18 inCnt=0 inSC=0 outSC=0 -> 0xe00002c2
#### AGXIOC Method sel=0x18->0x18 inCnt=0 inSC=0 outSC=0 -> 0xe00002c2
#### AGXIOC Method sel=0x18->0x18 inCnt=0 inSC=0 outSC=0 -> 0xe00002c2
#### AGXIOC Method sel=0x18->0x18 inCnt=0 inSC=0 outSC=0 -> 0xe00002c2
#### AGXIOC Method sel=0x18->0x18 inCnt=0 inSC=0 outSC=0 -> 0xe00002c2
#### AGXIOC Method sel=0x18->0x18 inCnt=0 inSC=0 outSC=0 -> 0xe00002c2
#### AGXIOC Method sel=0x18->0x18 inCnt=0 inSC=0 outSC=0 -> 0xe00002c2
#### AGXIOC Method sel=0x18->0x18 inCnt=0 inSC=0 outSC=0 -> 0xe00002c2
#### AGXIOC Method sel=0x18->0x18 inCnt=0 inSC=0 outSC=0 -> 0xe00002c2
#### AGXIOC Method sel=0x18->0x18 inCnt=0 inSC=0 outSC=0 -> 0xe00002c2
#### AGXIOC Method sel=0x18->0x18 inCnt=0 inSC=0 outSC=0 -> 0xe00002c2
#### AGXIOC Method sel=0x18->0x18 inCnt=0 inSC=0 outSC=0 -> 0xe00002c2
#### AGXIOC Method sel=0x18->0x18 inCnt=0 inSC=0 outSC=0 -> 0xe00002c2
#### AGXIOC Method sel=0x18->0x18 inCnt=0 inSC=0 outSC=0 -> 0xe00002c2
#### AGXIOC Method sel=0x18->0x18 inCnt=0 inSC=0 outSC=0 -> 0xe00002c2
#### AGXIOC Method sel=0x18->0x18 inCnt=0 inSC=0 outSC=0 -> 0xe00002c2
#### AGXIOC Method sel=0x18->0x18 inCnt=0 inSC=0 outSC=0 -> 0xe00002c2
#### AGXIOC Method sel=0x18->0x18 inCnt=0 inSC=0 outSC=0 -> 0xe00002c2
[72325:0728/062013.004551:VERBOSE1:content/browser/renderer_host/media/media_stream_manager.cc:1515] MSPL::OnSuspend([this=0x6000d2ea8])
#### AGXIOC Method sel=0x18->0x18 inCnt=0 inSC=0 outSC=0 -> 0xe00002c2
[72325:0728/062013.361095:VERBOSE1:content/browser/renderer_host/media/media_stream_manager.cc:1515] MSPL::OnResume([this=0x6000d2ea8])
#### AGXIOC Method sel=0x18->0x18 inCnt=0 inSC=0 outSC=0 -> 0xe00002c2
#### AGXIOC Method sel=0x18->0x18 inCnt=0 inSC=0 outSC=0 -> 0xe00002c2
#### AGXIOC Method sel=0x18->0x18 inCnt=0 inSC=0 outSC=0 -> 0xe00002c2
#### AGXIOC Method sel=0x18->0x18 inCnt=0 inSC=0 outSC=0 -> 0xe00002c2
#### AGXIOC Method sel=0x18->0x18 inCnt=0 inSC=0 outSC=0 -> 0xe00002c2
#### AGXIOC Method sel=0x18->0x18 inCnt=0 inSC=0 outSC=0 -> 0xe00002c2
#### AGXIOC Method sel=0x18->0x18 inCnt=0 inSC=0 outSC=0 -> 0xe00002c2
#### AGXIOC Method sel=0x18->0x18 inCnt=0 inSC=0 outSC=0 -> 0xe00002c2
#### AGXIOC Method sel=0x18->0x18 inCnt=0 inSC=0 outSC=0 -> 0xe00002c2
#### AGXIOC Method sel=0x18->0x18 inCnt=0 inSC=0 outSC=0 -> 0xe00002c2
#### AGXIOC Method sel=0x18->0x18 inCnt=0 inSC=0 outSC=0 -> 0xe00002c2
#### AGXIOC Method sel=0x18->0x18 inCnt=0 inSC=0 outSC=0 -> 0xe00002c2
#### AGXIOC Method sel=0x18->0x18 inCnt=0 inSC=0 outSC=0 -> 0xe00002c2
#### AGXIOC Method sel=0x18->0x18 inCnt=0 inSC=0 outSC=0 -> 0xe00002c2
#### AGXIOC Method sel=0x18->0x18 inCnt=0 inSC=0 outSC=0 -> 0xe00002c2
#### AGXIOC Method sel=0x18->0x18 inCnt=0 inSC=0 outSC=0 -> 0xe00002c2
#### AGXIOC Method sel=0x18->0x18 inCnt=0 inSC=0 outSC=0 -> 0xe00002c2
#### AGXIOC Method sel=0x18->0x18 inCnt=0 inSC=0 outSC=0 -> 0xe00002c2
#### AGXIOC Method sel=0x18->0x18 inCnt=0 inSC=0 outSC=0 -> 0xe00002c2
#### AGXIOC Method sel=0x18->0x18 inCnt=0 inSC=0 outSC=0 -> 0xe00002c2
#### AGXIOC Method sel=0x18->0x18 inCnt=0 inSC=0 outSC=0 -> 0xe00002c2
#### AGXIOC Method sel=0x18->0x18 inCnt=0 inSC=0 outSC=0 -> 0xe00002c2
[72365:0728/062015.065894:VERBOSE1:net/base/network_delegate.cc:38] NetworkDelegate::NotifyBeforeURLRequest: https://mobile.events.data.microsoft.com/OneCollector/1.0?cors=true&content-type=application/x-json-stream
#### AGXIOC Method sel=0x18->0x18 inCnt=0 inSC=0 outSC=0 -> 0xe00002c2
#### AGXIOC Method sel=0x18->0x18 inCnt=0 inSC=0 outSC=0 -> 0xe00002c2
#### AGXIOC Method sel=0x18->0x18 inCnt=0 inSC=0 outSC=0 -> 0xe00002c2
#### AGXIOC Method sel=0x18->0x18 inCnt=0 inSC=0 outSC=0 -> 0xe00002c2
#### AGXIOC Method sel=0x18->0x18 inCnt=0 inSC=0 outSC=0 -> 0xe00002c2
#### AGXIOC Method sel=0x18->0x18 inCnt=0 inSC=0 outSC=0 -> 0xe00002c2
#### AGXIOC Method sel=0x18->0x18 inCnt=0 inSC=0 outSC=0 -> 0xe00002c2
#### AGXIOC Method sel=0x18->0x18 inCnt=0 inSC=0 outSC=0 -> 0xe00002c2
#### AGXIOC Method sel=0x18->0x18 inCnt=0 inSC=0 outSC=0 -> 0xe00002c2
#### AGXIOC Method sel=0x18->0x18 inCnt=0 inSC=0 outSC=0 -> 0xe00002c2
#### AGXIOC Method sel=0x18->0x18 inCnt=0 inSC=0 outSC=0 -> 0xe00002c2
#### AGXIOC Method sel=0x18->0x18 inCnt=0 inSC=0 outSC=0 -> 0xe00002c2
#### AGXIOC Method sel=0x18->0x18 inCnt=0 inSC=0 outSC=0 -> 0xe00002c2
#### AGXIOC Method sel=0x18->0x18 inCnt=0 inSC=0 outSC=0 -> 0xe00002c2
#### AGXIOC Method sel=0x18->0x18 inCnt=0 inSC=0 outSC=0 -> 0xe00002c2
#### AGXIOC Method sel=0x18->0x18 inCnt=0 inSC=0 outSC=0 -> 0xe00002c2
#### AGXIOC Method sel=0x18->0x18 inCnt=0 inSC=0 outSC=0 -> 0xe00002c2
#### AGXIOC Method sel=0x18->0x18 inCnt=0 inSC=0 outSC=0 -> 0xe00002c2
#### AGXIOC Method sel=0x18->0x18 inCnt=0 inSC=0 outSC=0 -> 0xe00002c2
#### AGXIOC Method sel=0x18->0x18 inCnt=0 inSC=0 outSC=0 -> 0xe00002c2
#### AGXIOC Method sel=0x18->0x18 inCnt=0 inSC=0 outSC=0 -> 0xe00002c2
#### AGXIOC Method sel=0x18->0x18 inCnt=0 inSC=0 outSC=0 -> 0xe00002c2
#### AGXIOC Method sel=0x18->0x18 inCnt=0 inSC=0 outSC=0 -> 0xe00002c2
#### AGXIOC Method sel=0x18->0x18 inCnt=0 inSC=0 outSC=0 -> 0xe00002c2
#### AGXIOC Method sel=0x18->0x18 inCnt=0 inSC=0 outSC=0 -> 0xe00002c2
#### AGXIOC Method sel=0x18->0x18 inCnt=0 inSC=0 outSC=0 -> 0xe00002c2
#### AGXIOC Method sel=0x18->0x18 inCnt=0 inSC=0 outSC=0 -> 0xe00002c2
#### AGXIOC Method sel=0x18->0x18 inCnt=0 inSC=0 outSC=0 -> 0xe00002c2
#### AGXIOC Method sel=0x18->0x18 inCnt=0 inSC=0 outSC=0 -> 0xe00002c2
#### AGXIOC Method sel=0x18->0x18 inCnt=0 inSC=0 outSC=0 -> 0xe00002c2
[72325:0728/062017.517199:VERBOSE1:content/browser/renderer_host/media/media_stream_manager.cc:1515] MSPL::OnSuspend([this=0x6000d2ea8])
#### AGXIOC Method sel=0x18->0x18 inCnt=0 inSC=0 outSC=0 -> 0xe00002c2
[72325:0728/062018.673215:VERBOSE1:content/browser/renderer_host/media/media_stream_manager.cc:1515] MSPL::OnResume([this=0x6000d2ea8])
#### AGXIOC Method sel=0x18->0x18 inCnt=0 inSC=0 outSC=0 -> 0xe00002c2
#### AGXIOC Method sel=0x18->0x18 inCnt=0 inSC=0 outSC=0 -> 0xe00002c2
#### AGXIOC Method sel=0x18->0x18 inCnt=0 inSC=0 outSC=0 -> 0xe00002c2
#### AGXIOC Method sel=0x18->0x18 inCnt=0 inSC=0 outSC=0 -> 0xe00002c2
#### AGXIOC Method sel=0x18->0x18 inCnt=0 inSC=0 outSC=0 -> 0xe00002c2
#### AGXIOC Method sel=0x18->0x18 inCnt=0 inSC=0 outSC=0 -> 0xe00002c2
#### AGXIOC Method sel=0x18->0x18 inCnt=0 inSC=0 outSC=0 -> 0xe00002c2
#### AGXIOC Method sel=0x18->0x18 inCnt=0 inSC=0 outSC=0 -> 0xe00002c2
#### AGXIOC Method sel=0x18->0x18 inCnt=0 inSC=0 outSC=0 -> 0xe00002c2
#### AGXIOC Method sel=0x18->0x18 inCnt=0 inSC=0 outSC=0 -> 0xe00002c2
#### AGXIOC Method sel=0x18->0x18 inCnt=0 inSC=0 outSC=0 -> 0xe00002c2
#### AGXIOC Method sel=0x18->0x18 inCnt=0 inSC=0 outSC=0 -> 0xe00002c2
#### AGXIOC Method sel=0x18->0x18 inCnt=0 inSC=0 outSC=0 -> 0xe00002c2
#### AGXIOC Method sel=0x18->0x18 inCnt=0 inSC=0 outSC=0 -> 0xe00002c2
#### AGXIOC Method sel=0x18->0x18 inCnt=0 inSC=0 outSC=0 -> 0xe00002c2
#### AGXIOC Method sel=0x18->0x18 inCnt=0 inSC=0 outSC=0 -> 0xe00002c2
#### AGXIOC Method sel=0x18->0x18 inCnt=0 inSC=0 outSC=0 -> 0xe00002c2
#### AGXIOC Method sel=0x18->0x18 inCnt=0 inSC=0 outSC=0 -> 0xe00002c2
#### AGXIOC Method sel=0x18->0x18 inCnt=0 inSC=0 outSC=0 -> 0xe00002c2
#### AGXIOC Method sel=0x18->0x18 inCnt=0 inSC=0 outSC=0 -> 0xe00002c2
#### AGXIOC Method sel=0x18->0x18 inCnt=0 inSC=0 outSC=0 -> 0xe00002c2
#### AGXIOC Method sel=0x18->0x18 inCnt=0 inSC=0 outSC=0 -> 0xe00002c2
#### AGXIOC Method sel=0x18->0x18 inCnt=0 inSC=0 outSC=0 -> 0xe00002c2
#### AGXIOC Method sel=0x18->0x18 inCnt=0 inSC=0 outSC=0 -> 0xe00002c2
#### AGXIOC Method sel=0x18->0x18 inCnt=0 inSC=0 outSC=0 -> 0xe00002c2
#### AGXIOC Method sel=0x18->0x18 inCnt=0 inSC=0 outSC=0 -> 0xe00002c2
#### AGXIOC Method sel=0x18->0x18 inCnt=0 inSC=0 outSC=0 -> 0xe00002c2
#### AGXIOC Method sel=0x18->0x18 inCnt=0 inSC=0 outSC=0 -> 0xe00002c2
#### AGXIOC Method sel=0x18->0x18 inCnt=0 inSC=0 outSC=0 -> 0xe00002c2
#### AGXIOC Method sel=0x18->0x18 inCnt=0 inSC=0 outSC=0 -> 0xe00002c2
#### AGXIOC Method sel=0x18->0x18 inCnt=0 inSC=0 outSC=0 -> 0xe00002c2
[72365:0728/062020.436021:VERBOSE1:net/base/network_delegate.cc:38] NetworkDelegate::NotifyBeforeURLRequest: https://mobile.events.data.microsoft.com/OneCollector/1.0?cors=true&content-type=application/x-json-stream
#### AGXIOC Method sel=0x18->0x18 inCnt=0 inSC=0 outSC=0 -> 0xe00002c2
#### AGXIOC Method sel=0x18->0x18 inCnt=0 inSC=0 outSC=0 -> 0xe00002c2
#### AGXIOC Method sel=0x18->0x18 inCnt=0 inSC=0 outSC=0 -> 0xe00002c2
#### AGXIOC Method sel=0x18->0x18 inCnt=0 inSC=0 outSC=0 -> 0xe00002c2
#### AGXIOC Method sel=0x18->0x18 inCnt=0 inSC=0 outSC=0 -> 0xe00002c2
#### AGXIOC Method sel=0x18->0x18 inCnt=0 inSC=0 outSC=0 -> 0xe00002c2
#### AGXIOC Method sel=0x18->0x18 inCnt=0 inSC=0 outSC=0 -> 0xe00002c2
#### AGXIOC Method sel=0x18->0x18 inCnt=0 inSC=0 outSC=0 -> 0xe00002c2
#### AGXIOC Method sel=0x18->0x18 inCnt=0 inSC=0 outSC=0 -> 0xe00002c2
#### AGXIOC Method sel=0x18->0x18 inCnt=0 inSC=0 outSC=0 -> 0xe00002c2
#### AGXIOC Method sel=0x18->0x18 inCnt=0 inSC=0 outSC=0 -> 0xe00002c2
#### AGXIOC Method sel=0x18->0x18 inCnt=0 inSC=0 outSC=0 -> 0xe00002c2
#### AGXIOC Method sel=0x18->0x18 inCnt=0 inSC=0 outSC=0 -> 0xe00002c2
#### AGXIOC Method sel=0x18->0x18 inCnt=0 inSC=0 outSC=0 -> 0xe00002c2
#### AGXIOC Method sel=0x18->0x18 inCnt=0 inSC=0 outSC=0 -> 0xe00002c2
#### AGXIOC Method sel=0x18->0x18 inCnt=0 inSC=0 outSC=0 -> 0xe00002c2
#### AGXIOC Method sel=0x18->0x18 inCnt=0 inSC=0 outSC=0 -> 0xe00002c2
#### AGXIOC Method sel=0x18->0x18 inCnt=0 inSC=0 outSC=0 -> 0xe00002c2
#### AGXIOC Method sel=0x18->0x18 inCnt=0 inSC=0 outSC=0 -> 0xe00002c2
#### AGXIOC Method sel=0x18->0x18 inCnt=0 inSC=0 outSC=0 -> 0xe00002c2
#### AGXIOC Method sel=0x18->0x18 inCnt=0 inSC=0 outSC=0 -> 0xe00002c2
#### AGXIOC Method sel=0x18->0x18 inCnt=0 inSC=0 outSC=0 -> 0xe00002c2
#### AGXIOC Method sel=0x18->0x18 inCnt=0 inSC=0 outSC=0 -> 0xe00002c2
#### AGXIOC Method sel=0x1e->0x1a inCnt=4 inSC=56 outSC=0 -> 0x0
#### AGXIOC Method sel=0x18->0x18 inCnt=0 inSC=0 outSC=0 -> 0xe00002c2
#### AGXIOC Method sel=0x18->0x18 inCnt=0 inSC=0 outSC=0 -> 0xe00002c2
#### AGXIOC Method sel=0x18->0x18 inCnt=0 inSC=0 outSC=0 -> 0xe00002c2
#### AGXIOC Method sel=0x18->0x18 inCnt=0 inSC=0 outSC=0 -> 0xe00002c2
#### AGXIOC Method sel=0x18->0x18 inCnt=0 inSC=0 outSC=0 -> 0xe00002c2
#### AGXIOC Method sel=0x18->0x18 inCnt=0 inSC=0 outSC=0 -> 0xe00002c2
#### AGXIOC Method sel=0x18->0x18 inCnt=0 inSC=0 outSC=0 -> 0xe00002c2
#### AGXIOC Method sel=0x18->0x18 inCnt=0 inSC=0 outSC=0 -> 0xe00002c2
#### AGXIOC Method sel=0x18->0x18 inCnt=0 inSC=0 outSC=0 -> 0xe00002c2
#### AGXIOC Method sel=0x18->0x18 inCnt=0 inSC=0 outSC=0 -> 0xe00002c2
[72325:0728/062022.872788:VERBOSE1:content/browser/renderer_host/media/media_stream_manager.cc:1515] MSPL::OnSuspend([this=0x6000d2ea8])
#### AGXIOC Method sel=0x18->0x18 inCnt=0 inSC=0 outSC=0 -> 0xe00002c2
#### AGXIOC Method sel=0x18->0x18 inCnt=0 inSC=0 outSC=0 -> 0xe00002c2
[72325:0728/062023.927662:VERBOSE1:content/browser/renderer_host/media/media_stream_manager.cc:1515] MSPL::OnResume([this=0x6000d2ea8])
#### AGXIOC Method sel=0x18->0x18 inCnt=0 inSC=0 outSC=0 -> 0xe00002c2
#### AGXIOC Method sel=0x18->0x18 inCnt=0 inSC=0 outSC=0 -> 0xe00002c2
#### AGXIOC Method sel=0x18->0x18 inCnt=0 inSC=0 outSC=0 -> 0xe00002c2
#### AGXIOC Method sel=0x18->0x18 inCnt=0 inSC=0 outSC=0 -> 0xe00002c2
#### AGXIOC Method sel=0x18->0x18 inCnt=0 inSC=0 outSC=0 -> 0xe00002c2
#### AGXIOC Method sel=0x18->0x18 inCnt=0 inSC=0 outSC=0 -> 0xe00002c2
#### AGXIOC Method sel=0x18->0x18 inCnt=0 inSC=0 outSC=0 -> 0xe00002c2
#### AGXIOC Method sel=0x18->0x18 inCnt=0 inSC=0 outSC=0 -> 0xe00002c2
#### AGXIOC Method sel=0x18->0x18 inCnt=0 inSC=0 outSC=0 -> 0xe00002c2
#### AGXIOC Method sel=0x18->0x18 inCnt=0 inSC=0 outSC=0 -> 0xe00002c2
#### AGXIOC Method sel=0x18->0x18 inCnt=0 inSC=0 outSC=0 -> 0xe00002c2
#### AGXIOC Method sel=0x18->0x18 inCnt=0 inSC=0 outSC=0 -> 0xe00002c2
#### AGXIOC Method sel=0x18->0x18 inCnt=0 inSC=0 outSC=0 -> 0xe00002c2
#### AGXIOC Method sel=0x18->0x18 inCnt=0 inSC=0 outSC=0 -> 0xe00002c2
#### AGXIOC Method sel=0x18->0x18 inCnt=0 inSC=0 outSC=0 -> 0xe00002c2
#### AGXIOC Method sel=0x18->0x18 inCnt=0 inSC=0 outSC=0 -> 0xe00002c2
#### AGXIOC Method sel=0x18->0x18 inCnt=0 inSC=0 outSC=0 -> 0xe00002c2
#### AGXIOC Method sel=0x18->0x18 inCnt=0 inSC=0 outSC=0 -> 0xe00002c2
#### AGXIOC Method sel=0x18->0x18 inCnt=0 inSC=0 outSC=0 -> 0xe00002c2
#### AGXIOC Method sel=0x18->0x18 inCnt=0 inSC=0 outSC=0 -> 0xe00002c2
#### AGXIOC Method sel=0x18->0x18 inCnt=0 inSC=0 outSC=0 -> 0xe00002c2
#### AGXIOC Method sel=0x18->0x18 inCnt=0 inSC=0 outSC=0 -> 0xe00002c2
#### AGXIOC Method sel=0x18->0x18 inCnt=0 inSC=0 outSC=0 -> 0xe00002c2
#### AGXIOC Method sel=0x18->0x18 inCnt=0 inSC=0 outSC=0 -> 0xe00002c2
#### AGXIOC Method sel=0x18->0x18 inCnt=0 inSC=0 outSC=0 -> 0xe00002c2
#### AGXIOC Method sel=0x18->0x18 inCnt=0 inSC=0 outSC=0 -> 0xe00002c2
#### AGXIOC Method sel=0x18->0x18 inCnt=0 inSC=0 outSC=0 -> 0xe00002c2
#### AGXIOC Method sel=0x18->0x18 inCnt=0 inSC=0 outSC=0 -> 0xe00002c2
#### AGXIOC Method sel=0x18->0x18 inCnt=0 inSC=0 outSC=0 -> 0xe00002c2
#### AGXIOC Method sel=0x18->0x18 inCnt=0 inSC=0 outSC=0 -> 0xe00002c2
[72365:0728/062025.711330:VERBOSE1:net/base/network_delegate.cc:38] NetworkDelegate::NotifyBeforeURLRequest: https://mobile.events.data.microsoft.com/OneCollector/1.0?cors=true&content-type=application/x-json-stream
#### AGXIOC Method sel=0x18->0x18 inCnt=0 inSC=0 outSC=0 -> 0xe00002c2
#### AGXIOC Method sel=0x18->0x18 inCnt=0 inSC=0 outSC=0 -> 0xe00002c2
#### AGXIOC Method sel=0x18->0x18 inCnt=0 inSC=0 outSC=0 -> 0xe00002c2
#### AGXIOC Method sel=0x18->0x18 inCnt=0 inSC=0 outSC=0 -> 0xe00002c2
#### AGXIOC Method sel=0x18->0x18 inCnt=0 inSC=0 outSC=0 -> 0xe00002c2
#### AGXIOC Method sel=0x18->0x18 inCnt=0 inSC=0 outSC=0 -> 0xe00002c2
#### AGXIOC Method sel=0x18->0x18 inCnt=0 inSC=0 outSC=0 -> 0xe00002c2
#### AGXIOC Method sel=0x18->0x18 inCnt=0 inSC=0 outSC=0 -> 0xe00002c2
#### AGXIOC Method sel=0x18->0x18 inCnt=0 inSC=0 outSC=0 -> 0xe00002c2
#### AGXIOC Method sel=0x18->0x18 inCnt=0 inSC=0 outSC=0 -> 0xe00002c2
#### AGXIOC Method sel=0x18->0x18 inCnt=0 inSC=0 outSC=0 -> 0xe00002c2
#### AGXIOC Method sel=0x18->0x18 inCnt=0 inSC=0 outSC=0 -> 0xe00002c2
#### AGXIOC Method sel=0x18->0x18 inCnt=0 inSC=0 outSC=0 -> 0xe00002c2
#### AGXIOC Method sel=0x18->0x18 inCnt=0 inSC=0 outSC=0 -> 0xe00002c2
#### AGXIOC Method sel=0x18->0x18 inCnt=0 inSC=0 outSC=0 -> 0xe00002c2
#### AGXIOC Method sel=0x18->0x18 inCnt=0 inSC=0 outSC=0 -> 0xe00002c2
#### AGXIOC Method sel=0x18->0x18 inCnt=0 inSC=0 outSC=0 -> 0xe00002c2
#### AGXIOC Method sel=0x18->0x18 inCnt=0 inSC=0 outSC=0 -> 0xe00002c2
#### AGXIOC Method sel=0x18->0x18 inCnt=0 inSC=0 outSC=0 -> 0xe00002c2
#### AGXIOC Method sel=0x18->0x18 inCnt=0 inSC=0 outSC=0 -> 0xe00002c2
#### AGXIOC Method sel=0x18->0x18 inCnt=0 inSC=0 outSC=0 -> 0xe00002c2
#### AGXIOC Method sel=0x18->0x18 inCnt=0 inSC=0 outSC=0 -> 0xe00002c2
#### AGXIOC Method sel=0x18->0x18 inCnt=0 inSC=0 outSC=0 -> 0xe00002c2
#### AGXIOC Method sel=0x18->0x18 inCnt=0 inSC=0 outSC=0 -> 0xe00002c2
#### AGXIOC Method sel=0x18->0x18 inCnt=0 inSC=0 outSC=0 -> 0xe00002c2
#### AGXIOC Method sel=0x18->0x18 inCnt=0 inSC=0 outSC=0 -> 0xe00002c2
#### AGXIOC Method sel=0x18->0x18 inCnt=0 inSC=0 outSC=0 -> 0xe00002c2
#### AGXIOC Method sel=0x18->0x18 inCnt=0 inSC=0 outSC=0 -> 0xe00002c2
#### AGXIOC Method sel=0x18->0x18 inCnt=0 inSC=0 outSC=0 -> 0xe00002c2
#### AGXIOC Method sel=0x18->0x18 inCnt=0 inSC=0 outSC=0 -> 0xe00002c2
#### AGXIOC Method sel=0x18->0x18 inCnt=0 inSC=0 outSC=0 -> 0xe00002c2
#### AGXIOC Method sel=0x18->0x18 inCnt=0 inSC=0 outSC=0 -> 0xe00002c2
#### AGXIOC Method sel=0x18->0x18 inCnt=0 inSC=0 outSC=0 -> 0xe00002c2
#### AGXIOC Method sel=0x18->0x18 inCnt=0 inSC=0 outSC=0 -> 0xe00002c2
#### AGXIOC Method sel=0x18->0x18 inCnt=0 inSC=0 outSC=0 -> 0xe00002c2
[72325:0728/062028.152021:VERBOSE1:content/browser/renderer_host/media/media_stream_manager.cc:1515] MSPL::OnSuspend([this=0x6000d2ea8])
#### AGXIOC Method sel=0x18->0x18 inCnt=0 inSC=0 outSC=0 -> 0xe00002c2
[72325:0728/062029.180412:VERBOSE1:content/browser/renderer_host/media/media_stream_manager.cc:1515] MSPL::OnResume([this=0x6000d2ea8])
#### AGXIOC Method sel=0x18->0x18 inCnt=0 inSC=0 outSC=0 -> 0xe00002c2
#### AGXIOC Method sel=0x18->0x18 inCnt=0 inSC=0 outSC=0 -> 0xe00002c2
#### AGXIOC Method sel=0x18->0x18 inCnt=0 inSC=0 outSC=0 -> 0xe00002c2
#### AGXIOC Method sel=0x18->0x18 inCnt=0 inSC=0 outSC=0 -> 0xe00002c2
#### AGXIOC Method sel=0x18->0x18 inCnt=0 inSC=0 outSC=0 -> 0xe00002c2
#### AGXIOC Method sel=0x18->0x18 inCnt=0 inSC=0 outSC=0 -> 0xe00002c2
#### AGXIOC Method sel=0x18->0x18 inCnt=0 inSC=0 outSC=0 -> 0xe00002c2
#### AGXIOC Method sel=0x18->0x18 inCnt=0 inSC=0 outSC=0 -> 0xe00002c2
#### AGXIOC Method sel=0x18->0x18 inCnt=0 inSC=0 outSC=0 -> 0xe00002c2
#### AGXIOC Method sel=0x18->0x18 inCnt=0 inSC=0 outSC=0 -> 0xe00002c2
#### AGXIOC Method sel=0x18->0x18 inCnt=0 inSC=0 outSC=0 -> 0xe00002c2
#### AGXIOC Method sel=0x18->0x18 inCnt=0 inSC=0 outSC=0 -> 0xe00002c2
#### AGXIOC Method sel=0x18->0x18 inCnt=0 inSC=0 outSC=0 -> 0xe00002c2
#### AGXIOC Method sel=0x18->0x18 inCnt=0 inSC=0 outSC=0 -> 0xe00002c2
#### AGXIOC Method sel=0x18->0x18 inCnt=0 inSC=0 outSC=0 -> 0xe00002c2
#### AGXIOC Method sel=0x18->0x18 inCnt=0 inSC=0 outSC=0 -> 0xe00002c2
#### AGXIOC Method sel=0x18->0x18 inCnt=0 inSC=0 outSC=0 -> 0xe00002c2
#### AGXIOC Method sel=0x18->0x18 inCnt=0 inSC=0 outSC=0 -> 0xe00002c2
#### AGXIOC Method sel=0x18->0x18 inCnt=0 inSC=0 outSC=0 -> 0xe00002c2
#### AGXIOC Method sel=0x18->0x18 inCnt=0 inSC=0 outSC=0 -> 0xe00002c2
#### AGXIOC Method sel=0x18->0x18 inCnt=0 inSC=0 outSC=0 -> 0xe00002c2
#### AGXIOC Method sel=0x18->0x18 inCnt=0 inSC=0 outSC=0 -> 0xe00002c2
#### AGXIOC Method sel=0x18->0x18 inCnt=0 inSC=0 outSC=0 -> 0xe00002c2
#### AGXIOC Method sel=0x18->0x18 inCnt=0 inSC=0 outSC=0 -> 0xe00002c2
#### AGXIOC Method sel=0x18->0x18 inCnt=0 inSC=0 outSC=0 -> 0xe00002c2
#### AGXIOC Method sel=0x18->0x18 inCnt=0 inSC=0 outSC=0 -> 0xe00002c2
#### AGXIOC Method sel=0x18->0x18 inCnt=0 inSC=0 outSC=0 -> 0xe00002c2
#### AGXIOC Method sel=0x18->0x18 inCnt=0 inSC=0 outSC=0 -> 0xe00002c2
#### AGXIOC Method sel=0x18->0x18 inCnt=0 inSC=0 outSC=0 -> 0xe00002c2
[72365:0728/062030.968749:VERBOSE1:net/base/network_delegate.cc:38] NetworkDelegate::NotifyBeforeURLRequest: https://mobile.events.data.microsoft.com/OneCollector/1.0?cors=true&content-type=application/x-json-stream
#### AGXIOC Method sel=0x18->0x18 inCnt=0 inSC=0 outSC=0 -> 0xe00002c2
#### AGXIOC Method sel=0x18->0x18 inCnt=0 inSC=0 outSC=0 -> 0xe00002c2
#### AGXIOC Method sel=0x18->0x18 inCnt=0 inSC=0 outSC=0 -> 0xe00002c2
#### AGXIOC Method sel=0x18->0x18 inCnt=0 inSC=0 outSC=0 -> 0xe00002c2
#### AGXIOC Method sel=0x18->0x18 inCnt=0 inSC=0 outSC=0 -> 0xe00002c2
#### AGXIOC Method sel=0x18->0x18 inCnt=0 inSC=0 outSC=0 -> 0xe00002c2
#### AGXIOC Method sel=0x18->0x18 inCnt=0 inSC=0 outSC=0 -> 0xe00002c2
#### AGXIOC Method sel=0x18->0x18 inCnt=0 inSC=0 outSC=0 -> 0xe00002c2
#### AGXIOC Method sel=0x18->0x18 inCnt=0 inSC=0 outSC=0 -> 0xe00002c2
#### AGXIOC Method sel=0x18->0x18 inCnt=0 inSC=0 outSC=0 -> 0xe00002c2
#### AGXIOC Method sel=0x18->0x18 inCnt=0 inSC=0 outSC=0 -> 0xe00002c2
#### AGXIOC Method sel=0x18->0x18 inCnt=0 inSC=0 outSC=0 -> 0xe00002c2
#### AGXIOC Method sel=0x18->0x18 inCnt=0 inSC=0 outSC=0 -> 0xe00002c2
#### AGXIOC Method sel=0x18->0x18 inCnt=0 inSC=0 outSC=0 -> 0xe00002c2
#### AGXIOC Method sel=0x18->0x18 inCnt=0 inSC=0 outSC=0 -> 0xe00002c2
#### AGXIOC Method sel=0x18->0x18 inCnt=0 inSC=0 outSC=0 -> 0xe00002c2
#### AGXIOC Method sel=0x18->0x18 inCnt=0 inSC=0 outSC=0 -> 0xe00002c2
#### AGXIOC Method sel=0x18->0x18 inCnt=0 inSC=0 outSC=0 -> 0xe00002c2
#### AGXIOC Method sel=0x18->0x18 inCnt=0 inSC=0 outSC=0 -> 0xe00002c2
#### AGXIOC Method sel=0x18->0x18 inCnt=0 inSC=0 outSC=0 -> 0xe00002c2
#### AGXIOC Method sel=0x18->0x18 inCnt=0 inSC=0 outSC=0 -> 0xe00002c2
#### AGXIOC Method sel=0x18->0x18 inCnt=0 inSC=0 outSC=0 -> 0xe00002c2
#### AGXIOC Method sel=0x18->0x18 inCnt=0 inSC=0 outSC=0 -> 0xe00002c2
#### AGXIOC Method sel=0x18->0x18 inCnt=0 inSC=0 outSC=0 -> 0xe00002c2
#### AGXIOC Method sel=0x18->0x18 inCnt=0 inSC=0 outSC=0 -> 0xe00002c2
#### AGXIOC Method sel=0x18->0x18 inCnt=0 inSC=0 outSC=0 -> 0xe00002c2
#### AGXIOC Method sel=0x18->0x18 inCnt=0 inSC=0 outSC=0 -> 0xe00002c2
#### AGXIOC Method sel=0x18->0x18 inCnt=0 inSC=0 outSC=0 -> 0xe00002c2
#### AGXIOC Method sel=0x18->0x18 inCnt=0 inSC=0 outSC=0 -> 0xe00002c2
#### AGXIOC Method sel=0x18->0x18 inCnt=0 inSC=0 outSC=0 -> 0xe00002c2
#### AGXIOC Method sel=0x18->0x18 inCnt=0 inSC=0 outSC=0 -> 0xe00002c2
#### AGXIOC Method sel=0x18->0x18 inCnt=0 inSC=0 outSC=0 -> 0xe00002c2
#### AGXIOC Method sel=0x18->0x18 inCnt=0 inSC=0 outSC=0 -> 0xe00002c2
#### AGXIOC Method sel=0x18->0x18 inCnt=0 inSC=0 outSC=0 -> 0xe00002c2
[72325:0728/062033.399750:VERBOSE1:content/browser/renderer_host/media/media_stream_manager.cc:1515] MSPL::OnSuspend([this=0x6000d2ea8])
[72325:0728/062034.431072:VERBOSE1:content/browser/renderer_host/media/media_stream_manager.cc:1515] MSPL::OnResume([this=0x6000d2ea8])
#### AGXIOC Method sel=0x18->0x18 inCnt=0 inSC=0 outSC=0 -> 0xe00002c2
#### AGXIOC Method sel=0x18->0x18 inCnt=0 inSC=0 outSC=0 -> 0xe00002c2
#### AGXIOC Method sel=0x18->0x18 inCnt=0 inSC=0 outSC=0 -> 0xe00002c2
#### AGXIOC Method sel=0x18->0x18 inCnt=0 inSC=0 outSC=0 -> 0xe00002c2
#### AGXIOC Method sel=0x18->0x18 inCnt=0 inSC=0 outSC=0 -> 0xe00002c2
#### AGXIOC Method sel=0x18->0x18 inCnt=0 inSC=0 outSC=0 -> 0xe00002c2
#### AGXIOC Method sel=0x18->0x18 inCnt=0 inSC=0 outSC=0 -> 0xe00002c2
#### AGXIOC Method sel=0x18->0x18 inCnt=0 inSC=0 outSC=0 -> 0xe00002c2
#### AGXIOC Method sel=0x18->0x18 inCnt=0 inSC=0 outSC=0 -> 0xe00002c2
#### AGXIOC Method sel=0x18->0x18 inCnt=0 inSC=0 outSC=0 -> 0xe00002c2
#### AGXIOC Method sel=0x18->0x18 inCnt=0 inSC=0 outSC=0 -> 0xe00002c2
#### AGXIOC Method sel=0x18->0x18 inCnt=0 inSC=0 outSC=0 -> 0xe00002c2
#### AGXIOC Method sel=0x18->0x18 inCnt=0 inSC=0 outSC=0 -> 0xe00002c2
#### AGXIOC Method sel=0x18->0x18 inCnt=0 inSC=0 outSC=0 -> 0xe00002c2
#### AGXIOC Method sel=0x18->0x18 inCnt=0 inSC=0 outSC=0 -> 0xe00002c2
#### AGXIOC Method sel=0x18->0x18 inCnt=0 inSC=0 outSC=0 -> 0xe00002c2
#### AGXIOC Method sel=0x18->0x18 inCnt=0 inSC=0 outSC=0 -> 0xe00002c2
#### AGXIOC Method sel=0x18->0x18 inCnt=0 inSC=0 outSC=0 -> 0xe00002c2
#### AGXIOC Method sel=0x18->0x18 inCnt=0 inSC=0 outSC=0 -> 0xe00002c2
#### AGXIOC Method sel=0x18->0x18 inCnt=0 inSC=0 outSC=0 -> 0xe00002c2
#### AGXIOC Method sel=0x18->0x18 inCnt=0 inSC=0 outSC=0 -> 0xe00002c2
#### AGXIOC Method sel=0x18->0x18 inCnt=0 inSC=0 outSC=0 -> 0xe00002c2
#### AGXIOC Method sel=0x18->0x18 inCnt=0 inSC=0 outSC=0 -> 0xe00002c2
#### AGXIOC Method sel=0x18->0x18 inCnt=0 inSC=0 outSC=0 -> 0xe00002c2
#### AGXIOC Method sel=0x18->0x18 inCnt=0 inSC=0 outSC=0 -> 0xe00002c2
#### AGXIOC Method sel=0x18->0x18 inCnt=0 inSC=0 outSC=0 -> 0xe00002c2
#### AGXIOC Method sel=0x18->0x18 inCnt=0 inSC=0 outSC=0 -> 0xe00002c2
[72365:0728/062036.216616:VERBOSE1:net/base/network_delegate.cc:38] NetworkDelegate::NotifyBeforeURLRequest: https://mobile.events.data.microsoft.com/OneCollector/1.0?cors=true&content-type=application/x-json-stream
#### AGXIOC Method sel=0x18->0x18 inCnt=0 inSC=0 outSC=0 -> 0xe00002c2
#### AGXIOC Method sel=0x18->0x18 inCnt=0 inSC=0 outSC=0 -> 0xe00002c2
#### AGXIOC Method sel=0x18->0x18 inCnt=0 inSC=0 outSC=0 -> 0xe00002c2
#### AGXIOC Method sel=0x18->0x18 inCnt=0 inSC=0 outSC=0 -> 0xe00002c2
#### AGXIOC Method sel=0x18->0x18 inCnt=0 inSC=0 outSC=0 -> 0xe00002c2
#### AGXIOC Method sel=0x18->0x18 inCnt=0 inSC=0 outSC=0 -> 0xe00002c2
#### AGXIOC Method sel=0x18->0x18 inCnt=0 inSC=0 outSC=0 -> 0xe00002c2
#### AGXIOC Method sel=0x18->0x18 inCnt=0 inSC=0 outSC=0 -> 0xe00002c2
#### AGXIOC Method sel=0x18->0x18 inCnt=0 inSC=0 outSC=0 -> 0xe00002c2
#### AGXIOC Method sel=0x18->0x18 inCnt=0 inSC=0 outSC=0 -> 0xe00002c2
#### AGXIOC Method sel=0x18->0x18 inCnt=0 inSC=0 outSC=0 -> 0xe00002c2
#### AGXIOC Method sel=0x18->0x18 inCnt=0 inSC=0 outSC=0 -> 0xe00002c2
#### AGXIOC Method sel=0x18->0x18 inCnt=0 inSC=0 outSC=0 -> 0xe00002c2
#### AGXIOC Method sel=0x18->0x18 inCnt=0 inSC=0 outSC=0 -> 0xe00002c2
#### AGXIOC Method sel=0x18->0x18 inCnt=0 inSC=0 outSC=0 -> 0xe00002c2
#### AGXIOC Method sel=0x18->0x18 inCnt=0 inSC=0 outSC=0 -> 0xe00002c2
#### AGXIOC Method sel=0x18->0x18 inCnt=0 inSC=0 outSC=0 -> 0xe00002c2
#### AGXIOC Method sel=0x18->0x18 inCnt=0 inSC=0 outSC=0 -> 0xe00002c2
#### AGXIOC Method sel=0x18->0x18 inCnt=0 inSC=0 outSC=0 -> 0xe00002c2
#### AGXIOC Method sel=0x18->0x18 inCnt=0 inSC=0 outSC=0 -> 0xe00002c2
#### AGXIOC Method sel=0x18->0x18 inCnt=0 inSC=0 outSC=0 -> 0xe00002c2
#### AGXIOC Method sel=0x18->0x18 inCnt=0 inSC=0 outSC=0 -> 0xe00002c2
#### AGXIOC Method sel=0x18->0x18 inCnt=0 inSC=0 outSC=0 -> 0xe00002c2
#### AGXIOC Method sel=0x18->0x18 inCnt=0 inSC=0 outSC=0 -> 0xe00002c2
#### AGXIOC Method sel=0x18->0x18 inCnt=0 inSC=0 outSC=0 -> 0xe00002c2
#### MACWS-NEW-EVENT #4500 original=nil sharedEvent=0x600532f80 class=_MTLSharedEvent device=0x600282000 deviceClass=AGXG13GFamilyDevice
#### AGXIOC Method sel=0x18->0x18 inCnt=0 inSC=0 outSC=0 -> 0xe00002c2
#### AGXIOC Method sel=0x18->0x18 inCnt=0 inSC=0 outSC=0 -> 0xe00002c2
#### AGXIOC Method sel=0x18->0x18 inCnt=0 inSC=0 outSC=0 -> 0xe00002c2
#### AGXIOC Method sel=0x18->0x18 inCnt=0 inSC=0 outSC=0 -> 0xe00002c2
#### AGXIOC Method sel=0x18->0x18 inCnt=0 inSC=0 outSC=0 -> 0xe00002c2
#### AGXIOC Method sel=0x18->0x18 inCnt=0 inSC=0 outSC=0 -> 0xe00002c2
#### AGXIOC Method sel=0x18->0x18 inCnt=0 inSC=0 outSC=0 -> 0xe00002c2
#### AGXIOC Method sel=0x18->0x18 inCnt=0 inSC=0 outSC=0 -> 0xe00002c2
#### AGXIOC Method sel=0x18->0x18 inCnt=0 inSC=0 outSC=0 -> 0xe00002c2
#### AGXIOC Method sel=0x18->0x18 inCnt=0 inSC=0 outSC=0 -> 0xe00002c2
#### AGXIOC Method sel=0x18->0x18 inCnt=0 inSC=0 outSC=0 -> 0xe00002c2
#### AGXIOC Method sel=0x18->0x18 inCnt=0 inSC=0 outSC=0 -> 0xe00002c2
#### AGXIOC Method sel=0x1e->0x1a inCnt=4 inSC=56 outSC=0 -> 0x0
[72325:0728/062038.636751:VERBOSE1:content/browser/renderer_host/media/media_stream_manager.cc:1515] MSPL::OnSuspend([this=0x6000d2ea8])
#### AGXIOC Method sel=0x18->0x18 inCnt=0 inSC=0 outSC=0 -> 0xe00002c2
[72325:0728/062039.694181:VERBOSE1:content/browser/renderer_host/media/media_stream_manager.cc:1515] MSPL::OnResume([this=0x6000d2ea8])
#### AGXIOC Method sel=0x18->0x18 inCnt=0 inSC=0 outSC=0 -> 0xe00002c2
#### AGXIOC Method sel=0x18->0x18 inCnt=0 inSC=0 outSC=0 -> 0xe00002c2
#### AGXIOC Method sel=0x18->0x18 inCnt=0 inSC=0 outSC=0 -> 0xe00002c2
#### AGXIOC Method sel=0x18->0x18 inCnt=0 inSC=0 outSC=0 -> 0xe00002c2
#### AGXIOC Method sel=0x18->0x18 inCnt=0 inSC=0 outSC=0 -> 0xe00002c2
#### AGXIOC Method sel=0x18->0x18 inCnt=0 inSC=0 outSC=0 -> 0xe00002c2
#### AGXIOC Method sel=0x18->0x18 inCnt=0 inSC=0 outSC=0 -> 0xe00002c2
#### AGXIOC Method sel=0x18->0x18 inCnt=0 inSC=0 outSC=0 -> 0xe00002c2
#### AGXIOC Method sel=0x18->0x18 inCnt=0 inSC=0 outSC=0 -> 0xe00002c2
#### AGXIOC Method sel=0x18->0x18 inCnt=0 inSC=0 outSC=0 -> 0xe00002c2
#### AGXIOC Method sel=0x18->0x18 inCnt=0 inSC=0 outSC=0 -> 0xe00002c2
#### AGXIOC Method sel=0x18->0x18 inCnt=0 inSC=0 outSC=0 -> 0xe00002c2
#### AGXIOC Method sel=0x18->0x18 inCnt=0 inSC=0 outSC=0 -> 0xe00002c2
#### AGXIOC Method sel=0x18->0x18 inCnt=0 inSC=0 outSC=0 -> 0xe00002c2
#### AGXIOC Method sel=0x18->0x18 inCnt=0 inSC=0 outSC=0 -> 0xe00002c2
#### AGXIOC Method sel=0x18->0x18 inCnt=0 inSC=0 outSC=0 -> 0xe00002c2
#### AGXIOC Method sel=0x18->0x18 inCnt=0 inSC=0 outSC=0 -> 0xe00002c2
#### AGXIOC Method sel=0x18->0x18 inCnt=0 inSC=0 outSC=0 -> 0xe00002c2
#### AGXIOC Method sel=0x18->0x18 inCnt=0 inSC=0 outSC=0 -> 0xe00002c2
#### AGXIOC Method sel=0x18->0x18 inCnt=0 inSC=0 outSC=0 -> 0xe00002c2
#### AGXIOC Method sel=0x18->0x18 inCnt=0 inSC=0 outSC=0 -> 0xe00002c2
#### AGXIOC Method sel=0x18->0x18 inCnt=0 inSC=0 outSC=0 -> 0xe00002c2
#### AGXIOC Method sel=0x18->0x18 inCnt=0 inSC=0 outSC=0 -> 0xe00002c2
#### AGXIOC Method sel=0x18->0x18 inCnt=0 inSC=0 outSC=0 -> 0xe00002c2
#### AGXIOC Method sel=0x18->0x18 inCnt=0 inSC=0 outSC=0 -> 0xe00002c2
#### AGXIOC Method sel=0x18->0x18 inCnt=0 inSC=0 outSC=0 -> 0xe00002c2
#### AGXIOC Method sel=0x18->0x18 inCnt=0 inSC=0 outSC=0 -> 0xe00002c2
#### AGXIOC Method sel=0x18->0x18 inCnt=0 inSC=0 outSC=0 -> 0xe00002c2
#### AGXIOC Method sel=0x18->0x18 inCnt=0 inSC=0 outSC=0 -> 0xe00002c2
[72365:0728/062041.464462:VERBOSE1:net/base/network_delegate.cc:38] NetworkDelegate::NotifyBeforeURLRequest: https://mobile.events.data.microsoft.com/OneCollector/1.0?cors=true&content-type=application/x-json-stream
#### AGXIOC Method sel=0x18->0x18 inCnt=0 inSC=0 outSC=0 -> 0xe00002c2
#### AGXIOC Method sel=0x18->0x18 inCnt=0 inSC=0 outSC=0 -> 0xe00002c2
#### AGXIOC Method sel=0x18->0x18 inCnt=0 inSC=0 outSC=0 -> 0xe00002c2
#### AGXIOC Method sel=0x18->0x18 inCnt=0 inSC=0 outSC=0 -> 0xe00002c2
#### AGXIOC Method sel=0x18->0x18 inCnt=0 inSC=0 outSC=0 -> 0xe00002c2
#### AGXIOC Method sel=0x18->0x18 inCnt=0 inSC=0 outSC=0 -> 0xe00002c2
#### AGXIOC Method sel=0x18->0x18 inCnt=0 inSC=0 outSC=0 -> 0xe00002c2
[72365:0728/062041.991840:VERBOSE1:net/base/network_delegate.cc:38] NetworkDelegate::NotifyBeforeURLRequest: https://mobile.events.data.microsoft.com/OneCollector/1.0?cors=true&content-type=application/x-json-stream
#### AGXIOC Method sel=0x18->0x18 inCnt=0 inSC=0 outSC=0 -> 0xe00002c2
#### AGXIOC Method sel=0x18->0x18 inCnt=0 inSC=0 outSC=0 -> 0xe00002c2
#### AGXIOC Method sel=0x18->0x18 inCnt=0 inSC=0 outSC=0 -> 0xe00002c2
#### AGXIOC Method sel=0x18->0x18 inCnt=0 inSC=0 outSC=0 -> 0xe00002c2
#### AGXIOC Method sel=0x18->0x18 inCnt=0 inSC=0 outSC=0 -> 0xe00002c2
#### AGXIOC Method sel=0x18->0x18 inCnt=0 inSC=0 outSC=0 -> 0xe00002c2
#### AGXIOC Method sel=0x18->0x18 inCnt=0 inSC=0 outSC=0 -> 0xe00002c2
#### AGXIOC Method sel=0x18->0x18 inCnt=0 inSC=0 outSC=0 -> 0xe00002c2
#### AGXIOC Method sel=0x18->0x18 inCnt=0 inSC=0 outSC=0 -> 0xe00002c2
#### AGXIOC Method sel=0x18->0x18 inCnt=0 inSC=0 outSC=0 -> 0xe00002c2
#### AGXIOC Method sel=0x18->0x18 inCnt=0 inSC=0 outSC=0 -> 0xe00002c2
#### AGXIOC Method sel=0x18->0x18 inCnt=0 inSC=0 outSC=0 -> 0xe00002c2
#### AGXIOC Method sel=0x18->0x18 inCnt=0 inSC=0 outSC=0 -> 0xe00002c2
#### AGXIOC Method sel=0x18->0x18 inCnt=0 inSC=0 outSC=0 -> 0xe00002c2
#### AGXIOC Method sel=0x18->0x18 inCnt=0 inSC=0 outSC=0 -> 0xe00002c2
#### AGXIOC Method sel=0x18->0x18 inCnt=0 inSC=0 outSC=0 -> 0xe00002c2
#### AGXIOC Method sel=0x18->0x18 inCnt=0 inSC=0 outSC=0 -> 0xe00002c2
#### AGXIOC Method sel=0x18->0x18 inCnt=0 inSC=0 outSC=0 -> 0xe00002c2
#### AGXIOC Method sel=0x18->0x18 inCnt=0 inSC=0 outSC=0 -> 0xe00002c2
#### AGXIOC Method sel=0x18->0x18 inCnt=0 inSC=0 outSC=0 -> 0xe00002c2
#### AGXIOC Method sel=0x18->0x18 inCnt=0 inSC=0 outSC=0 -> 0xe00002c2
#### AGXIOC Method sel=0x18->0x18 inCnt=0 inSC=0 outSC=0 -> 0xe00002c2
#### AGXIOC Method sel=0x18->0x18 inCnt=0 inSC=0 outSC=0 -> 0xe00002c2
#### AGXIOC Method sel=0x18->0x18 inCnt=0 inSC=0 outSC=0 -> 0xe00002c2
#### AGXIOC Method sel=0x18->0x18 inCnt=0 inSC=0 outSC=0 -> 0xe00002c2
#### AGXIOC Method sel=0x18->0x18 inCnt=0 inSC=0 outSC=0 -> 0xe00002c2
#### AGXIOC Method sel=0x18->0x18 inCnt=0 inSC=0 outSC=0 -> 0xe00002c2
#### AGXIOC Method sel=0x18->0x18 inCnt=0 inSC=0 outSC=0 -> 0xe00002c2
#### AGXIOC Method sel=0x18->0x18 inCnt=0 inSC=0 outSC=0 -> 0xe00002c2
#### AGXIOC Method sel=0x18->0x18 inCnt=0 inSC=0 outSC=0 -> 0xe00002c2
[72325:0728/062043.880464:VERBOSE1:content/browser/renderer_host/media/media_stream_manager.cc:1515] MSPL::OnSuspend([this=0x6000d2ea8])
[72325:0728/062044.937862:VERBOSE1:content/browser/renderer_host/media/media_stream_manager.cc:1515] MSPL::OnResume([this=0x6000d2ea8])
#### AGXIOC Method sel=0x18->0x18 inCnt=0 inSC=0 outSC=0 -> 0xe00002c2
#### AGXIOC Method sel=0x18->0x18 inCnt=0 inSC=0 outSC=0 -> 0xe00002c2
#### AGXIOC Method sel=0x18->0x18 inCnt=0 inSC=0 outSC=0 -> 0xe00002c2
#### AGXIOC Method sel=0x18->0x18 inCnt=0 inSC=0 outSC=0 -> 0xe00002c2
#### AGXIOC Method sel=0x18->0x18 inCnt=0 inSC=0 outSC=0 -> 0xe00002c2
#### AGXIOC Method sel=0x18->0x18 inCnt=0 inSC=0 outSC=0 -> 0xe00002c2
#### AGXIOC Method sel=0x18->0x18 inCnt=0 inSC=0 outSC=0 -> 0xe00002c2
#### AGXIOC Method sel=0x18->0x18 inCnt=0 inSC=0 outSC=0 -> 0xe00002c2
#### AGXIOC Method sel=0x18->0x18 inCnt=0 inSC=0 outSC=0 -> 0xe00002c2
#### AGXIOC Method sel=0x18->0x18 inCnt=0 inSC=0 outSC=0 -> 0xe00002c2
#### AGXIOC Method sel=0x18->0x18 inCnt=0 inSC=0 outSC=0 -> 0xe00002c2
#### AGXIOC Method sel=0x18->0x18 inCnt=0 inSC=0 outSC=0 -> 0xe00002c2
#### AGXIOC Method sel=0x18->0x18 inCnt=0 inSC=0 outSC=0 -> 0xe00002c2
#### AGXIOC Method sel=0x18->0x18 inCnt=0 inSC=0 outSC=0 -> 0xe00002c2
#### AGXIOC Method sel=0x18->0x18 inCnt=0 inSC=0 outSC=0 -> 0xe00002c2
#### AGXIOC Method sel=0x18->0x18 inCnt=0 inSC=0 outSC=0 -> 0xe00002c2
#### AGXIOC Method sel=0x18->0x18 inCnt=0 inSC=0 outSC=0 -> 0xe00002c2
#### AGXIOC Method sel=0x18->0x18 inCnt=0 inSC=0 outSC=0 -> 0xe00002c2
#### AGXIOC Method sel=0x18->0x18 inCnt=0 inSC=0 outSC=0 -> 0xe00002c2
#### AGXIOC Method sel=0x18->0x18 inCnt=0 inSC=0 outSC=0 -> 0xe00002c2
#### AGXIOC Method sel=0x18->0x18 inCnt=0 inSC=0 outSC=0 -> 0xe00002c2
#### AGXIOC Method sel=0x18->0x18 inCnt=0 inSC=0 outSC=0 -> 0xe00002c2
#### AGXIOC Method sel=0x18->0x18 inCnt=0 inSC=0 outSC=0 -> 0xe00002c2
#### AGXIOC Method sel=0x18->0x18 inCnt=0 inSC=0 outSC=0 -> 0xe00002c2
#### AGXIOC Method sel=0x18->0x18 inCnt=0 inSC=0 outSC=0 -> 0xe00002c2
#### AGXIOC Method sel=0x18->0x18 inCnt=0 inSC=0 outSC=0 -> 0xe00002c2
#### AGXIOC Method sel=0x18->0x18 inCnt=0 inSC=0 outSC=0 -> 0xe00002c2
#### AGXIOC Method sel=0x18->0x18 inCnt=0 inSC=0 outSC=0 -> 0xe00002c2
#### AGXIOC Method sel=0x18->0x18 inCnt=0 inSC=0 outSC=0 -> 0xe00002c2
#### AGXIOC Method sel=0x18->0x18 inCnt=0 inSC=0 outSC=0 -> 0xe00002c2
#### AGXIOC Method sel=0x18->0x18 inCnt=0 inSC=0 outSC=0 -> 0xe00002c2
#### AGXIOC Method sel=0x18->0x18 inCnt=0 inSC=0 outSC=0 -> 0xe00002c2
#### AGXIOC Method sel=0x18->0x18 inCnt=0 inSC=0 outSC=0 -> 0xe00002c2
#### AGXIOC Method sel=0x18->0x18 inCnt=0 inSC=0 outSC=0 -> 0xe00002c2
#### AGXIOC Method sel=0x18->0x18 inCnt=0 inSC=0 outSC=0 -> 0xe00002c2
#### AGXIOC Method sel=0x18->0x18 inCnt=0 inSC=0 outSC=0 -> 0xe00002c2
[72365:0728/062046.710889:VERBOSE1:net/base/network_delegate.cc:38] NetworkDelegate::NotifyBeforeURLRequest: https://mobile.events.data.microsoft.com/OneCollector/1.0?cors=true&content-type=application/x-json-stream
#### AGXIOC Method sel=0x18->0x18 inCnt=0 inSC=0 outSC=0 -> 0xe00002c2
#### AGXIOC Method sel=0x18->0x18 inCnt=0 inSC=0 outSC=0 -> 0xe00002c2
#### AGXIOC Method sel=0x18->0x18 inCnt=0 inSC=0 outSC=0 -> 0xe00002c2
#### AGXIOC Method sel=0x18->0x18 inCnt=0 inSC=0 outSC=0 -> 0xe00002c2
#### AGXIOC Method sel=0x18->0x18 inCnt=0 inSC=0 outSC=0 -> 0xe00002c2
#### AGXIOC Method sel=0x18->0x18 inCnt=0 inSC=0 outSC=0 -> 0xe00002c2
#### AGXIOC Method sel=0x18->0x18 inCnt=0 inSC=0 outSC=0 -> 0xe00002c2
#### AGXIOC Method sel=0x18->0x18 inCnt=0 inSC=0 outSC=0 -> 0xe00002c2
#### AGXIOC Method sel=0x18->0x18 inCnt=0 inSC=0 outSC=0 -> 0xe00002c2
#### AGXIOC Method sel=0x18->0x18 inCnt=0 inSC=0 outSC=0 -> 0xe00002c2
#### AGXIOC Method sel=0x18->0x18 inCnt=0 inSC=0 outSC=0 -> 0xe00002c2
#### AGXIOC Method sel=0x18->0x18 inCnt=0 inSC=0 outSC=0 -> 0xe00002c2
#### AGXIOC Method sel=0x18->0x18 inCnt=0 inSC=0 outSC=0 -> 0xe00002c2
#### AGXIOC Method sel=0x18->0x18 inCnt=0 inSC=0 outSC=0 -> 0xe00002c2
#### AGXIOC Method sel=0x18->0x18 inCnt=0 inSC=0 outSC=0 -> 0xe00002c2
#### AGXIOC Method sel=0x18->0x18 inCnt=0 inSC=0 outSC=0 -> 0xe00002c2
#### AGXIOC Method sel=0x18->0x18 inCnt=0 inSC=0 outSC=0 -> 0xe00002c2
#### AGXIOC Method sel=0x18->0x18 inCnt=0 inSC=0 outSC=0 -> 0xe00002c2
#### AGXIOC Method sel=0x18->0x18 inCnt=0 inSC=0 outSC=0 -> 0xe00002c2
#### AGXIOC Method sel=0x18->0x18 inCnt=0 inSC=0 outSC=0 -> 0xe00002c2
#### AGXIOC Method sel=0x18->0x18 inCnt=0 inSC=0 outSC=0 -> 0xe00002c2
#### AGXIOC Method sel=0x18->0x18 inCnt=0 inSC=0 outSC=0 -> 0xe00002c2
#### AGXIOC Method sel=0x18->0x18 inCnt=0 inSC=0 outSC=0 -> 0xe00002c2
#### AGXIOC Method sel=0x18->0x18 inCnt=0 inSC=0 outSC=0 -> 0xe00002c2
#### AGXIOC Method sel=0x18->0x18 inCnt=0 inSC=0 outSC=0 -> 0xe00002c2
#### AGXIOC Method sel=0x18->0x18 inCnt=0 inSC=0 outSC=0 -> 0xe00002c2
#### AGXIOC Method sel=0x18->0x18 inCnt=0 inSC=0 outSC=0 -> 0xe00002c2
#### AGXIOC Method sel=0x18->0x18 inCnt=0 inSC=0 outSC=0 -> 0xe00002c2
#### AGXIOC Method sel=0x18->0x18 inCnt=0 inSC=0 outSC=0 -> 0xe00002c2
#### AGXIOC Method sel=0x18->0x18 inCnt=0 inSC=0 outSC=0 -> 0xe00002c2
#### AGXIOC Method sel=0x18->0x18 inCnt=0 inSC=0 outSC=0 -> 0xe00002c2
#### AGXIOC Method sel=0x18->0x18 inCnt=0 inSC=0 outSC=0 -> 0xe00002c2
#### AGXIOC Method sel=0x18->0x18 inCnt=0 inSC=0 outSC=0 -> 0xe00002c2
#### AGXIOC Method sel=0x18->0x18 inCnt=0 inSC=0 outSC=0 -> 0xe00002c2
#### AGXIOC Method sel=0x18->0x18 inCnt=0 inSC=0 outSC=0 -> 0xe00002c2
#### AGXIOC Method sel=0x18->0x18 inCnt=0 inSC=0 outSC=0 -> 0xe00002c2
#### AGXIOC Method sel=0x18->0x18 inCnt=0 inSC=0 outSC=0 -> 0xe00002c2
#### AGXIOC Method sel=0x18->0x18 inCnt=0 inSC=0 outSC=0 -> 0xe00002c2
#### AGXIOC Method sel=0x18->0x18 inCnt=0 inSC=0 outSC=0 -> 0xe00002c2
#### AGXIOC Method sel=0x18->0x18 inCnt=0 inSC=0 outSC=0 -> 0xe00002c2
#### AGXIOC Method sel=0x18->0x18 inCnt=0 inSC=0 outSC=0 -> 0xe00002c2
#### AGXIOC Method sel=0x18->0x18 inCnt=0 inSC=0 outSC=0 -> 0xe00002c2
#### AGXIOC Method sel=0x18->0x18 inCnt=0 inSC=0 outSC=0 -> 0xe00002c2
#### AGXIOC Method sel=0x18->0x18 inCnt=0 inSC=0 outSC=0 -> 0xe00002c2
#### AGXIOC Method sel=0x18->0x18 inCnt=0 inSC=0 outSC=0 -> 0xe00002c2
#### AGXIOC Method sel=0x18->0x18 inCnt=0 inSC=0 outSC=0 -> 0xe00002c2
#### AGXIOC Method sel=0x18->0x18 inCnt=0 inSC=0 outSC=0 -> 0xe00002c2
#### AGXIOC Method sel=0x18->0x18 inCnt=0 inSC=0 outSC=0 -> 0xe00002c2
#### AGXIOC Method sel=0x18->0x18 inCnt=0 inSC=0 outSC=0 -> 0xe00002c2
#### AGXIOC Method sel=0x18->0x18 inCnt=0 inSC=0 outSC=0 -> 0xe00002c2
#### AGXIOC Method sel=0x18->0x18 inCnt=0 inSC=0 outSC=0 -> 0xe00002c2
#### AGXIOC Method sel=0x18->0x18 inCnt=0 inSC=0 outSC=0 -> 0xe00002c2
#### AGXIOC Method sel=0x18->0x18 inCnt=0 inSC=0 outSC=0 -> 0xe00002c2
#### AGXIOC Method sel=0x18->0x18 inCnt=0 inSC=0 outSC=0 -> 0xe00002c2
#### AGXIOC Method sel=0x18->0x18 inCnt=0 inSC=0 outSC=0 -> 0xe00002c2
#### AGXIOC Method sel=0x18->0x18 inCnt=0 inSC=0 outSC=0 -> 0xe00002c2
#### AGXIOC Method sel=0x18->0x18 inCnt=0 inSC=0 outSC=0 -> 0xe00002c2
#### AGXIOC Method sel=0x18->0x18 inCnt=0 inSC=0 outSC=0 -> 0xe00002c2
#### AGXIOC Method sel=0x18->0x18 inCnt=0 inSC=0 outSC=0 -> 0xe00002c2
#### AGXIOC Method sel=0x18->0x18 inCnt=0 inSC=0 outSC=0 -> 0xe00002c2
#### AGXIOC Method sel=0x18->0x18 inCnt=0 inSC=0 outSC=0 -> 0xe00002c2
[72325:0728/062051.551567:VERBOSE1:content/browser/renderer_host/media/media_stream_manager.cc:1515] MSPL::OnSuspend([this=0x6000d2ea8])
#### AGXIOC Method sel=0x18->0x18 inCnt=0 inSC=0 outSC=0 -> 0xe00002c2
[72325:0728/062052.299204:VERBOSE1:content/browser/renderer_host/media/media_stream_manager.cc:1515] MSPL::OnResume([this=0x6000d2ea8])
#### AGXIOC Method sel=0x18->0x18 inCnt=0 inSC=0 outSC=0 -> 0xe00002c2
#### AGXIOC Method sel=0x18->0x18 inCnt=0 inSC=0 outSC=0 -> 0xe00002c2
#### AGXIOC Method sel=0x18->0x18 inCnt=0 inSC=0 outSC=0 -> 0xe00002c2
#### AGXIOC Method sel=0x18->0x18 inCnt=0 inSC=0 outSC=0 -> 0xe00002c2
#### AGXIOC Method sel=0x18->0x18 inCnt=0 inSC=0 outSC=0 -> 0xe00002c2
#### AGXIOC Method sel=0x18->0x18 inCnt=0 inSC=0 outSC=0 -> 0xe00002c2
#### AGXIOC Method sel=0x18->0x18 inCnt=0 inSC=0 outSC=0 -> 0xe00002c2
#### AGXIOC Method sel=0x18->0x18 inCnt=0 inSC=0 outSC=0 -> 0xe00002c2
#### AGXIOC Method sel=0x18->0x18 inCnt=0 inSC=0 outSC=0 -> 0xe00002c2
#### AGXIOC Method sel=0x18->0x18 inCnt=0 inSC=0 outSC=0 -> 0xe00002c2
#### AGXIOC Method sel=0x18->0x18 inCnt=0 inSC=0 outSC=0 -> 0xe00002c2
#### AGXIOC Method sel=0x18->0x18 inCnt=0 inSC=0 outSC=0 -> 0xe00002c2
#### AGXIOC Method sel=0x18->0x18 inCnt=0 inSC=0 outSC=0 -> 0xe00002c2
#### AGXIOC Method sel=0x18->0x18 inCnt=0 inSC=0 outSC=0 -> 0xe00002c2
#### AGXIOC Method sel=0x18->0x18 inCnt=0 inSC=0 outSC=0 -> 0xe00002c2
#### AGXIOC Method sel=0x18->0x18 inCnt=0 inSC=0 outSC=0 -> 0xe00002c2
#### AGXIOC Method sel=0x18->0x18 inCnt=0 inSC=0 outSC=0 -> 0xe00002c2
#### AGXIOC Method sel=0x18->0x18 inCnt=0 inSC=0 outSC=0 -> 0xe00002c2
#### AGXIOC Method sel=0x18->0x18 inCnt=0 inSC=0 outSC=0 -> 0xe00002c2
#### AGXIOC Method sel=0x18->0x18 inCnt=0 inSC=0 outSC=0 -> 0xe00002c2
#### AGXIOC Method sel=0x18->0x18 inCnt=0 inSC=0 outSC=0 -> 0xe00002c2
#### AGXIOC Method sel=0x18->0x18 inCnt=0 inSC=0 outSC=0 -> 0xe00002c2
#### AGXIOC Method sel=0x18->0x18 inCnt=0 inSC=0 outSC=0 -> 0xe00002c2
#### AGXIOC Method sel=0x18->0x18 inCnt=0 inSC=0 outSC=0 -> 0xe00002c2
#### AGXIOC Method sel=0x18->0x18 inCnt=0 inSC=0 outSC=0 -> 0xe00002c2
#### AGXIOC Method sel=0x18->0x18 inCnt=0 inSC=0 outSC=0 -> 0xe00002c2
#### AGXIOC Method sel=0x18->0x18 inCnt=0 inSC=0 outSC=0 -> 0xe00002c2
#### AGXIOC Method sel=0x18->0x18 inCnt=0 inSC=0 outSC=0 -> 0xe00002c2
#### AGXIOC Method sel=0x18->0x18 inCnt=0 inSC=0 outSC=0 -> 0xe00002c2
#### AGXIOC Method sel=0x18->0x18 inCnt=0 inSC=0 outSC=0 -> 0xe00002c2
#### AGXIOC Method sel=0x18->0x18 inCnt=0 inSC=0 outSC=0 -> 0xe00002c2
#### AGXIOC Method sel=0x18->0x18 inCnt=0 inSC=0 outSC=0 -> 0xe00002c2
#### AGXIOC Method sel=0x18->0x18 inCnt=0 inSC=0 outSC=0 -> 0xe00002c2
[72365:0728/062054.070118:VERBOSE1:net/base/network_delegate.cc:38] NetworkDelegate::NotifyBeforeURLRequest: https://mobile.events.data.microsoft.com/OneCollector/1.0?cors=true&content-type=application/x-json-stream
#### AGXIOC Method sel=0x18->0x18 inCnt=0 inSC=0 outSC=0 -> 0xe00002c2
#### AGXIOC Method sel=0x18->0x18 inCnt=0 inSC=0 outSC=0 -> 0xe00002c2
#### AGXIOC Method sel=0x18->0x18 inCnt=0 inSC=0 outSC=0 -> 0xe00002c2
#### AGXIOC Method sel=0x18->0x18 inCnt=0 inSC=0 outSC=0 -> 0xe00002c2
#### AGXIOC Method sel=0x18->0x18 inCnt=0 inSC=0 outSC=0 -> 0xe00002c2
#### AGXIOC Method sel=0x1e->0x1a inCnt=4 inSC=56 outSC=0 -> 0x0
#### AGXIOC Method sel=0x18->0x18 inCnt=0 inSC=0 outSC=0 -> 0xe00002c2
#### AGXIOC Method sel=0x18->0x18 inCnt=0 inSC=0 outSC=0 -> 0xe00002c2
#### AGXIOC Method sel=0x18->0x18 inCnt=0 inSC=0 outSC=0 -> 0xe00002c2
#### AGXIOC Method sel=0x18->0x18 inCnt=0 inSC=0 outSC=0 -> 0xe00002c2
#### AGXIOC Method sel=0x18->0x18 inCnt=0 inSC=0 outSC=0 -> 0xe00002c2
#### AGXIOC Method sel=0x18->0x18 inCnt=0 inSC=0 outSC=0 -> 0xe00002c2
#### AGXIOC Method sel=0x18->0x18 inCnt=0 inSC=0 outSC=0 -> 0xe00002c2
#### AGXIOC Method sel=0x18->0x18 inCnt=0 inSC=0 outSC=0 -> 0xe00002c2
#### AGXIOC Method sel=0x18->0x18 inCnt=0 inSC=0 outSC=0 -> 0xe00002c2
#### AGXIOC Method sel=0x18->0x18 inCnt=0 inSC=0 outSC=0 -> 0xe00002c2
#### AGXIOC Method sel=0x18->0x18 inCnt=0 inSC=0 outSC=0 -> 0xe00002c2
#### AGXIOC Method sel=0x18->0x18 inCnt=0 inSC=0 outSC=0 -> 0xe00002c2
#### AGXIOC Method sel=0x18->0x18 inCnt=0 inSC=0 outSC=0 -> 0xe00002c2
#### AGXIOC Method sel=0x18->0x18 inCnt=0 inSC=0 outSC=0 -> 0xe00002c2
#### AGXIOC Method sel=0x18->0x18 inCnt=0 inSC=0 outSC=0 -> 0xe00002c2
#### AGXIOC Method sel=0x18->0x18 inCnt=0 inSC=0 outSC=0 -> 0xe00002c2
#### AGXIOC Method sel=0x18->0x18 inCnt=0 inSC=0 outSC=0 -> 0xe00002c2
#### AGXIOC Method sel=0x18->0x18 inCnt=0 inSC=0 outSC=0 -> 0xe00002c2
#### AGXIOC Method sel=0x18->0x18 inCnt=0 inSC=0 outSC=0 -> 0xe00002c2
#### AGXIOC Method sel=0x18->0x18 inCnt=0 inSC=0 outSC=0 -> 0xe00002c2
#### AGXIOC Method sel=0x18->0x18 inCnt=0 inSC=0 outSC=0 -> 0xe00002c2
#### AGXIOC Method sel=0x18->0x18 inCnt=0 inSC=0 outSC=0 -> 0xe00002c2
#### AGXIOC Method sel=0x18->0x18 inCnt=0 inSC=0 outSC=0 -> 0xe00002c2
#### AGXIOC Method sel=0x18->0x18 inCnt=0 inSC=0 outSC=0 -> 0xe00002c2
#### AGXIOC Method sel=0x18->0x18 inCnt=0 inSC=0 outSC=0 -> 0xe00002c2
#### AGXIOC Method sel=0x18->0x18 inCnt=0 inSC=0 outSC=0 -> 0xe00002c2
#### AGXIOC Method sel=0x18->0x18 inCnt=0 inSC=0 outSC=0 -> 0xe00002c2
#### AGXIOC Method sel=0x18->0x18 inCnt=0 inSC=0 outSC=0 -> 0xe00002c2
#### AGXIOC Method sel=0x18->0x18 inCnt=0 inSC=0 outSC=0 -> 0xe00002c2
#### AGXIOC Method sel=0x18->0x18 inCnt=0 inSC=0 outSC=0 -> 0xe00002c2
[72325:0728/062056.513112:VERBOSE1:content/browser/renderer_host/media/media_stream_manager.cc:1515] MSPL::OnSuspend([this=0x6000d2ea8])
[72325:0728/062057.534077:VERBOSE1:content/browser/renderer_host/media/media_stream_manager.cc:1515] MSPL::OnResume([this=0x6000d2ea8])
#### AGXIOC Method sel=0x18->0x18 inCnt=0 inSC=0 outSC=0 -> 0xe00002c2
#### AGXIOC Method sel=0x18->0x18 inCnt=0 inSC=0 outSC=0 -> 0xe00002c2
#### AGXIOC Method sel=0x18->0x18 inCnt=0 inSC=0 outSC=0 -> 0xe00002c2
#### AGXIOC Method sel=0x18->0x18 inCnt=0 inSC=0 outSC=0 -> 0xe00002c2
#### AGXIOC Method sel=0x18->0x18 inCnt=0 inSC=0 outSC=0 -> 0xe00002c2
#### AGXIOC Method sel=0x18->0x18 inCnt=0 inSC=0 outSC=0 -> 0xe00002c2
#### AGXIOC Method sel=0x18->0x18 inCnt=0 inSC=0 outSC=0 -> 0xe00002c2
#### AGXIOC Method sel=0x18->0x18 inCnt=0 inSC=0 outSC=0 -> 0xe00002c2
#### AGXIOC Method sel=0x18->0x18 inCnt=0 inSC=0 outSC=0 -> 0xe00002c2
#### AGXIOC Method sel=0x18->0x18 inCnt=0 inSC=0 outSC=0 -> 0xe00002c2
#### AGXIOC Method sel=0x18->0x18 inCnt=0 inSC=0 outSC=0 -> 0xe00002c2
#### AGXIOC Method sel=0x18->0x18 inCnt=0 inSC=0 outSC=0 -> 0xe00002c2
#### AGXIOC Method sel=0x18->0x18 inCnt=0 inSC=0 outSC=0 -> 0xe00002c2
#### AGXIOC Method sel=0x18->0x18 inCnt=0 inSC=0 outSC=0 -> 0xe00002c2
#### AGXIOC Method sel=0x18->0x18 inCnt=0 inSC=0 outSC=0 -> 0xe00002c2
#### AGXIOC Method sel=0x18->0x18 inCnt=0 inSC=0 outSC=0 -> 0xe00002c2
#### AGXIOC Method sel=0x18->0x18 inCnt=0 inSC=0 outSC=0 -> 0xe00002c2
#### AGXIOC Method sel=0x18->0x18 inCnt=0 inSC=0 outSC=0 -> 0xe00002c2
#### AGXIOC Method sel=0x18->0x18 inCnt=0 inSC=0 outSC=0 -> 0xe00002c2
#### AGXIOC Method sel=0x18->0x18 inCnt=0 inSC=0 outSC=0 -> 0xe00002c2
#### AGXIOC Method sel=0x18->0x18 inCnt=0 inSC=0 outSC=0 -> 0xe00002c2
#### AGXIOC Method sel=0x18->0x18 inCnt=0 inSC=0 outSC=0 -> 0xe00002c2
#### AGXIOC Method sel=0x18->0x18 inCnt=0 inSC=0 outSC=0 -> 0xe00002c2
#### AGXIOC Method sel=0x18->0x18 inCnt=0 inSC=0 outSC=0 -> 0xe00002c2
#### AGXIOC Method sel=0x18->0x18 inCnt=0 inSC=0 outSC=0 -> 0xe00002c2
#### AGXIOC Method sel=0x18->0x18 inCnt=0 inSC=0 outSC=0 -> 0xe00002c2
#### AGXIOC Method sel=0x18->0x18 inCnt=0 inSC=0 outSC=0 -> 0xe00002c2
#### AGXIOC Method sel=0x18->0x18 inCnt=0 inSC=0 outSC=0 -> 0xe00002c2
#### AGXIOC Method sel=0x18->0x18 inCnt=0 inSC=0 outSC=0 -> 0xe00002c2
[72365:0728/062059.319339:VERBOSE1:net/base/network_delegate.cc:38] NetworkDelegate::NotifyBeforeURLRequest: https://mobile.events.data.microsoft.com/OneCollector/1.0?cors=true&content-type=application/x-json-stream
#### AGXIOC Method sel=0x18->0x18 inCnt=0 inSC=0 outSC=0 -> 0xe00002c2
#### AGXIOC Method sel=0x18->0x18 inCnt=0 inSC=0 outSC=0 -> 0xe00002c2
#### AGXIOC Method sel=0x18->0x18 inCnt=0 inSC=0 outSC=0 -> 0xe00002c2
#### AGXIOC Method sel=0x18->0x18 inCnt=0 inSC=0 outSC=0 -> 0xe00002c2
#### AGXIOC Method sel=0x18->0x18 inCnt=0 inSC=0 outSC=0 -> 0xe00002c2
#### AGXIOC Method sel=0x18->0x18 inCnt=0 inSC=0 outSC=0 -> 0xe00002c2
#### AGXIOC Method sel=0x18->0x18 inCnt=0 inSC=0 outSC=0 -> 0xe00002c2
#### AGXIOC Method sel=0x18->0x18 inCnt=0 inSC=0 outSC=0 -> 0xe00002c2
#### AGXIOC Method sel=0x18->0x18 inCnt=0 inSC=0 outSC=0 -> 0xe00002c2
#### AGXIOC Method sel=0x18->0x18 inCnt=0 inSC=0 outSC=0 -> 0xe00002c2
#### AGXIOC Method sel=0x18->0x18 inCnt=0 inSC=0 outSC=0 -> 0xe00002c2
#### AGXIOC Method sel=0x18->0x18 inCnt=0 inSC=0 outSC=0 -> 0xe00002c2
#### AGXIOC Method sel=0x18->0x18 inCnt=0 inSC=0 outSC=0 -> 0xe00002c2
#### AGXIOC Method sel=0x18->0x18 inCnt=0 inSC=0 outSC=0 -> 0xe00002c2
#### AGXIOC Method sel=0x18->0x18 inCnt=0 inSC=0 outSC=0 -> 0xe00002c2
#### AGXIOC Method sel=0x18->0x18 inCnt=0 inSC=0 outSC=0 -> 0xe00002c2
#### AGXIOC Method sel=0x18->0x18 inCnt=0 inSC=0 outSC=0 -> 0xe00002c2
#### AGXIOC Method sel=0x18->0x18 inCnt=0 inSC=0 outSC=0 -> 0xe00002c2
#### AGXIOC Method sel=0x18->0x18 inCnt=0 inSC=0 outSC=0 -> 0xe00002c2
#### AGXIOC Method sel=0x18->0x18 inCnt=0 inSC=0 outSC=0 -> 0xe00002c2
#### AGXIOC Method sel=0x18->0x18 inCnt=0 inSC=0 outSC=0 -> 0xe00002c2
#### AGXIOC Method sel=0x18->0x18 inCnt=0 inSC=0 outSC=0 -> 0xe00002c2
#### AGXIOC Method sel=0x18->0x18 inCnt=0 inSC=0 outSC=0 -> 0xe00002c2
#### AGXIOC Method sel=0x18->0x18 inCnt=0 inSC=0 outSC=0 -> 0xe00002c2
#### AGXIOC Method sel=0x18->0x18 inCnt=0 inSC=0 outSC=0 -> 0xe00002c2
#### AGXIOC Method sel=0x18->0x18 inCnt=0 inSC=0 outSC=0 -> 0xe00002c2
#### AGXIOC Method sel=0x18->0x18 inCnt=0 inSC=0 outSC=0 -> 0xe00002c2
#### AGXIOC Method sel=0x18->0x18 inCnt=0 inSC=0 outSC=0 -> 0xe00002c2
#### AGXIOC Method sel=0x18->0x18 inCnt=0 inSC=0 outSC=0 -> 0xe00002c2
#### AGXIOC Method sel=0x18->0x18 inCnt=0 inSC=0 outSC=0 -> 0xe00002c2
#### AGXIOC Method sel=0x18->0x18 inCnt=0 inSC=0 outSC=0 -> 0xe00002c2
[72325:0728/062101.767992:VERBOSE1:content/browser/renderer_host/media/media_stream_manager.cc:1515] MSPL::OnSuspend([this=0x6000d2ea8])
#### AGXIOC Method sel=0x18->0x18 inCnt=0 inSC=0 outSC=0 -> 0xe00002c2
[72325:0728/062102.788626:VERBOSE1:content/browser/renderer_host/media/media_stream_manager.cc:1515] MSPL::OnResume([this=0x6000d2ea8])
#### AGXIOC Method sel=0x18->0x18 inCnt=0 inSC=0 outSC=0 -> 0xe00002c2
#### AGXIOC Method sel=0x18->0x18 inCnt=0 inSC=0 outSC=0 -> 0xe00002c2
#### AGXIOC Method sel=0x18->0x18 inCnt=0 inSC=0 outSC=0 -> 0xe00002c2
#### AGXIOC Method sel=0x18->0x18 inCnt=0 inSC=0 outSC=0 -> 0xe00002c2
#### AGXIOC Method sel=0x18->0x18 inCnt=0 inSC=0 outSC=0 -> 0xe00002c2
#### AGXIOC Method sel=0x18->0x18 inCnt=0 inSC=0 outSC=0 -> 0xe00002c2
#### AGXIOC Method sel=0x18->0x18 inCnt=0 inSC=0 outSC=0 -> 0xe00002c2
#### AGXIOC Method sel=0x18->0x18 inCnt=0 inSC=0 outSC=0 -> 0xe00002c2
#### AGXIOC Method sel=0x18->0x18 inCnt=0 inSC=0 outSC=0 -> 0xe00002c2
[72365:0728/062103.223205:VERBOSE1:net/base/network_delegate.cc:38] NetworkDelegate::NotifyBeforeURLRequest: https://webglsamples.org/aquarium/aquarium.html
#### AGXIOC Method sel=0x18->0x18 inCnt=0 inSC=0 outSC=0 -> 0xe00002c2
#### AGX_LIFE DESTROY id=0x168 type=0 surf=0 bytes=0x4000 kr=0 okC=2060 failC=0 okD=1750 failD=0 unmatchedD=0 full=0 live=310/60MB [t0=256/20MB t80=0/0MB t82=54/39MB]
[72550:0728/062103.264864:VERBOSE1:extensions/renderer/dispatcher.cc:689] Num tracked contexts: 1
[72550:0728/062103.265035:VERBOSE1:extensions/renderer/dispatcher.cc:689] Num tracked contexts: 0
[72325:0728/062103.268743:VERBOSE1:content/browser/renderer_host/back_forward_cache_impl.cc:853] BackForwardCacheImpl::GetCurrentBackForwardCacheEligibility: https://webglsamples.org/aquarium/aquarium.html : No: Browsing instance is not swapped, BackForwardCache is not supported by delegate
[72325:0728/062103.268835:VERBOSE1:content/browser/renderer_host/back_forward_cache_impl.cc:853] BackForwardCacheImpl::GetCompleteBackForwardCacheEligibilityForReporting: https://webglsamples.org/aquarium/aquarium.html : No: blocklisted features: WebXR, Browsing instance is not swapped, BackForwardCache is not supported by delegate
[72550:0728/062103.269293:VERBOSE1:extensions/renderer/script_context.cc:150] Created context:
  extension id:           (none)
  frame:                  0xe026851b0
  URL:                    
  context_type:           WEB_PAGE
  effective extension id: (none)
  effective context type: WEB_PAGE
[72550:0728/062103.269371:VERBOSE1:extensions/renderer/script_context.cc:150] Created context:
  extension id:           (none)
  frame:                  (nil)
  URL:                    
  context_type:           UNSPECIFIED
  effective extension id: (none)
  effective context type: UNSPECIFIED
[72550:0728/062103.269461:VERBOSE1:extensions/renderer/dispatcher.cc:493] Num tracked contexts: 1
[72550:0728/062103.271282:VERBOSE1:extensions/renderer/script_context.cc:150] Created context:
  extension id:           (none)
  frame:                  0xe026851b0
  URL:                    
  context_type:           WEB_PAGE
  effective extension id: (none)
  effective context type: WEB_PAGE
[72550:0728/062103.271363:VERBOSE1:extensions/renderer/script_context.cc:150] Created context:
  extension id:           (none)
  frame:                  (nil)
  URL:                    
  context_type:           UNSPECIFIED
  effective extension id: (none)
  effective context type: UNSPECIFIED
[72550:0728/062103.271438:VERBOSE1:extensions/renderer/dispatcher.cc:493] Num tracked contexts: 2
[72550:0728/062103.274698:VERBOSE1:extensions/renderer/script_context.cc:163] Destroyed context for extension
  extension id: 
  effective extension id: 
[72550:0728/062103.274756:VERBOSE1:extensions/renderer/script_context.cc:163] Destroyed context for extension
  extension id: 
  effective extension id: 
[72550:0728/062103.274775:VERBOSE1:extensions/renderer/script_context.cc:163] Destroyed context for extension
  extension id: 
  effective extension id: 
[72550:0728/062103.274794:VERBOSE1:extensions/renderer/script_context.cc:163] Destroyed context for extension
  extension id: 
  effective extension id: 
[72364:0728/062103.278208:ERROR:gpu/command_buffer/service/shared_image/shared_image_manager.cc:361] SharedImageManager::ProduceOverlay: Trying to Produce a Overlay representation from a non-existent mailbox.
[72364:0728/062103.278283:ERROR:components/viz/service/display_embedder/skia_output_device_buffer_queue.cc:258] Invalid mailbox.
[91m[main 2026-07-28T13:21:03.287Z][0m [uncaught exception in main]: Refused to handle ipcMain event for channel 'vscode:b111800d-a136-4728-b9fa-e958954f4e31' because of a bad origin of 'webglsamples.org'.
Error occurred in handler for 'vscode:b111800d-a136-4728-b9fa-e958954f4e31': Invalid channel 'vscode:b111800d-a136-4728-b9fa-e958954f4e31' or sender for ipcMain.handle() usage.
[91m[main 2026-07-28T13:21:03.289Z][0m [uncaught exception in main]: Refused to handle ipcMain event for channel 'vscode:fetchShellEnv' because of a bad origin of 'webglsamples.org'.
Error occurred in handler for 'vscode:fetchShellEnv': Invalid channel 'vscode:fetchShellEnv' or sender for ipcMain.handle() usage.
[72325:0728/062103.297612:INFO:CONSOLE:4] "Uncaught (in promise) Error: Preload: unable to fetch vscode-window-config: Error: Error invoking remote method 'vscode:b111800d-a136-4728-b9fa-e958954f4e31': Invalid channel 'vscode:b111800d-a136-4728-b9fa-e958954f4e31' or sender for ipcMain.handle() usage.", source: /Applications/Visual Studio Code.app/Contents/Resources/app/out/vs/base/parts/sandbox/electron-browser/preload.js (4)
[72364:0728/062103.327175:ERROR:gpu/command_buffer/service/shared_image/shared_image_manager.cc:361] SharedImageManager::ProduceOverlay: Trying to Produce a Overlay representation from a non-existent mailbox.
[72364:0728/062103.327367:ERROR:components/viz/service/display_embedder/skia_output_device_buffer_queue.cc:258] Invalid mailbox.
#### MTL_TEX plain DEPTH-STENCIL native result: 0x600f4b180 class=AGXG13GFamilyTexture
[72365:0728/062103.342333:VERBOSE1:net/base/network_delegate.cc:38] NetworkDelegate::NotifyBeforeURLRequest: https://webglsamples.org/aquarium/assets/PropPlacement.js
[72365:0728/062103.343431:VERBOSE1:net/base/network_delegate.cc:38] NetworkDelegate::NotifyBeforeURLRequest: https://webglsamples.org/aquarium/assets/SmallFishA.js
[72365:0728/062103.343602:VERBOSE1:net/base/network_delegate.cc:38] NetworkDelegate::NotifyBeforeURLRequest: https://webglsamples.org/aquarium/assets/MediumFishA.js
[72365:0728/062103.343734:VERBOSE1:net/base/network_delegate.cc:38] NetworkDelegate::NotifyBeforeURLRequest: https://webglsamples.org/aquarium/assets/MediumFishB.js
[72365:0728/062103.343853:VERBOSE1:net/base/network_delegate.cc:38] NetworkDelegate::NotifyBeforeURLRequest: https://webglsamples.org/aquarium/assets/BigFishA.js
[72365:0728/062103.343967:VERBOSE1:net/base/network_delegate.cc:38] NetworkDelegate::NotifyBeforeURLRequest: https://webglsamples.org/aquarium/assets/BigFishB.js
[72325:0728/062103.344073:INFO:CONSOLE:55] "--Setup Laser----------------------------------------", source: https://webglsamples.org/tdl/log.js (55)
[72365:0728/062103.344141:VERBOSE1:net/base/network_delegate.cc:38] NetworkDelegate::NotifyBeforeURLRequest: https://webglsamples.org/aquarium/assets/Arch.js
[72365:0728/062103.344274:VERBOSE1:net/base/network_delegate.cc:38] NetworkDelegate::NotifyBeforeURLRequest: https://webglsamples.org/aquarium/assets/Coral.js
[72365:0728/062103.344394:VERBOSE1:net/base/network_delegate.cc:38] NetworkDelegate::NotifyBeforeURLRequest: https://webglsamples.org/aquarium/assets/CoralStoneA.js
[72365:0728/062103.344507:VERBOSE1:net/base/network_delegate.cc:38] NetworkDelegate::NotifyBeforeURLRequest: https://webglsamples.org/aquarium/assets/CoralStoneB.js
[72365:0728/062103.344721:VERBOSE1:net/base/network_delegate.cc:38] NetworkDelegate::NotifyBeforeURLRequest: https://webglsamples.org/aquarium/assets/EnvironmentBox.js
[72365:0728/062103.345090:VERBOSE1:net/base/network_delegate.cc:38] NetworkDelegate::NotifyBeforeURLRequest: https://webglsamples.org/aquarium/assets/FloorBase_Baked.js
[72365:0728/062103.345238:VERBOSE1:net/base/network_delegate.cc:38] NetworkDelegate::NotifyBeforeURLRequest: https://webglsamples.org/aquarium/assets/FloorCenter.js
[72365:0728/062103.345379:VERBOSE1:net/base/network_delegate.cc:38] NetworkDelegate::NotifyBeforeURLRequest: https://webglsamples.org/aquarium/assets/GlobeBase.js
[72365:0728/062103.345578:VERBOSE1:net/base/network_delegate.cc:38] NetworkDelegate::NotifyBeforeURLRequest: https://webglsamples.org/aquarium/assets/GlobeInner.js
[72365:0728/062103.345811:VERBOSE1:net/base/network_delegate.cc:38] NetworkDelegate::NotifyBeforeURLRequest: https://webglsamples.org/aquarium/assets/GlobeOuter.js
[72365:0728/062103.345932:VERBOSE1:net/base/network_delegate.cc:38] NetworkDelegate::NotifyBeforeURLRequest: https://webglsamples.org/aquarium/assets/RockA.js
[72365:0728/062103.346069:VERBOSE1:net/base/network_delegate.cc:38] NetworkDelegate::NotifyBeforeURLRequest: https://webglsamples.org/aquarium/assets/RockB.js
[72365:0728/062103.346188:VERBOSE1:net/base/network_delegate.cc:38] NetworkDelegate::NotifyBeforeURLRequest: https://webglsamples.org/aquarium/assets/RockC.js
[72365:0728/062103.346301:VERBOSE1:net/base/network_delegate.cc:38] NetworkDelegate::NotifyBeforeURLRequest: https://webglsamples.org/aquarium/assets/RuinColumn.js
[72365:0728/062103.346417:VERBOSE1:net/base/network_delegate.cc:38] NetworkDelegate::NotifyBeforeURLRequest: https://webglsamples.org/aquarium/assets/Skybox.js
[72365:0728/062103.346526:VERBOSE1:net/base/network_delegate.cc:38] NetworkDelegate::NotifyBeforeURLRequest: https://webglsamples.org/aquarium/assets/Stone.js
[72365:0728/062103.346637:VERBOSE1:net/base/network_delegate.cc:38] NetworkDelegate::NotifyBeforeURLRequest: https://webglsamples.org/aquarium/assets/Stones.js
[72365:0728/062103.346759:VERBOSE1:net/base/network_delegate.cc:38] NetworkDelegate::NotifyBeforeURLRequest: https://webglsamples.org/aquarium/assets/SunknShip.js
[72365:0728/062103.346877:VERBOSE1:net/base/network_delegate.cc:38] NetworkDelegate::NotifyBeforeURLRequest: https://webglsamples.org/aquarium/assets/SunknSub.js
[72365:0728/062103.347141:VERBOSE1:net/base/network_delegate.cc:38] NetworkDelegate::NotifyBeforeURLRequest: https://webglsamples.org/aquarium/assets/SupportBeams.js
[72365:0728/062103.347387:VERBOSE1:net/base/network_delegate.cc:38] NetworkDelegate::NotifyBeforeURLRequest: https://webglsamples.org/aquarium/assets/SeaweedA.js
[72365:0728/062103.347496:VERBOSE1:net/base/network_delegate.cc:38] NetworkDelegate::NotifyBeforeURLRequest: https://webglsamples.org/aquarium/assets/SeaweedB.js
[72365:0728/062103.347608:VERBOSE1:net/base/network_delegate.cc:38] NetworkDelegate::NotifyBeforeURLRequest: https://webglsamples.org/aquarium/assets/TreasureChest.js
[72325:0728/062103.386799:INFO:CONSOLE:55] "--Draw Fish---------------------------------------", source: https://webglsamples.org/tdl/log.js (55)
#### AGXIOC Method sel=0x18->0x18 inCnt=0 inSC=0 outSC=0 -> 0xe00002c2
[72325:0728/062103.420012:INFO:CONSOLE:55] "assets/SmallFishA.js: custom", source: https://webglsamples.org/tdl/log.js (55)
[72325:0728/062103.425658:INFO:CONSOLE:55] "assets/MediumFishA.js: custom", source: https://webglsamples.org/tdl/log.js (55)
[72325:0728/062103.427663:INFO:CONSOLE:55] "assets/MediumFishB.js: custom", source: https://webglsamples.org/tdl/log.js (55)
[72325:0728/062103.431609:INFO:CONSOLE:55] "assets/BigFishA.js: custom", source: https://webglsamples.org/tdl/log.js (55)
[72325:0728/062103.435593:INFO:CONSOLE:55] "assets/BigFishB.js: custom", source: https://webglsamples.org/tdl/log.js (55)
[72325:0728/062103.444439:INFO:CONSOLE:55] "assets/Arch.js: normalMap", source: https://webglsamples.org/tdl/log.js (55)
[72325:0728/062103.445409:INFO:CONSOLE:55] "assets/Coral.js: normalMap", source: https://webglsamples.org/tdl/log.js (55)
[72325:0728/062103.445891:INFO:CONSOLE:55] "assets/CoralStoneA.js: normalMap", source: https://webglsamples.org/tdl/log.js (55)
[72325:0728/062103.446486:INFO:CONSOLE:55] "assets/CoralStoneB.js: normalMap", source: https://webglsamples.org/tdl/log.js (55)
[72325:0728/062103.468478:INFO:CONSOLE:55] "assets/EnvironmentBox.js: custom", source: https://webglsamples.org/tdl/log.js (55)
[72325:0728/062103.469095:INFO:CONSOLE:55] "assets/EnvironmentBox.js: custom", source: https://webglsamples.org/tdl/log.js (55)
[72325:0728/062103.469460:INFO:CONSOLE:55] "assets/EnvironmentBox.js: custom", source: https://webglsamples.org/tdl/log.js (55)
[72325:0728/062103.469731:INFO:CONSOLE:55] "assets/EnvironmentBox.js: custom", source: https://webglsamples.org/tdl/log.js (55)
[72325:0728/062103.470128:INFO:CONSOLE:55] "assets/EnvironmentBox.js: custom", source: https://webglsamples.org/tdl/log.js (55)
[72325:0728/062103.470384:INFO:CONSOLE:55] "assets/EnvironmentBox.js: custom", source: https://webglsamples.org/tdl/log.js (55)
#### AGXIOC heap map #2000 clientID 0x4000 -> resourceID 0x109 size 0xb0
[72325:0728/062103.480428:INFO:CONSOLE:55] "assets/FloorBase_Baked.js: normalMap", source: https://webglsamples.org/tdl/log.js (55)
[72325:0728/062103.489095:INFO:CONSOLE:55] "assets/FloorCenter.js: diffuse", source: https://webglsamples.org/tdl/log.js (55)
[72325:0728/062103.491435:INFO:CONSOLE:55] "assets/GlobeBase.js: custom", source: https://webglsamples.org/tdl/log.js (55)
#### AGXIOC Method sel=0x18->0x18 inCnt=0 inSC=0 outSC=0 -> 0xe00002c2
[72325:0728/062103.534415:INFO:CONSOLE:55] "assets/GlobeInner.js: custom", source: https://webglsamples.org/tdl/log.js (55)
#### AGX_LIFE CREATE id=0xd1 type=0 surf=0 bytes=0x4000 kr=0 okC=2250 failC=0 okD=1919 failD=0 unmatchedD=0 full=0 live=331/51MB [t0=279/20MB t80=0/0MB t82=52/30MB]
[72325:0728/062103.541399:INFO:CONSOLE:55] "assets/GlobeOuter.js: custom", source: https://webglsamples.org/tdl/log.js (55)
[72325:0728/062103.543226:INFO:CONSOLE:55] "assets/RockA.js: normalMap", source: https://webglsamples.org/tdl/log.js (55)
[72325:0728/062103.544815:INFO:CONSOLE:55] "assets/RockB.js: normalMap", source: https://webglsamples.org/tdl/log.js (55)
[72325:0728/062103.545893:INFO:CONSOLE:55] "assets/RockC.js: normalMap", source: https://webglsamples.org/tdl/log.js (55)
[72325:0728/062103.547660:INFO:CONSOLE:55] "assets/RuinColumn.js: normalMap", source: https://webglsamples.org/tdl/log.js (55)
[72325:0728/062103.563820:INFO:CONSOLE:55] "assets/Skybox.js: custom", source: https://webglsamples.org/tdl/log.js (55)
[72325:0728/062103.564505:INFO:CONSOLE:55] "assets/Stone.js: normalMap", source: https://webglsamples.org/tdl/log.js (55)
[72325:0728/062103.565575:INFO:CONSOLE:55] "assets/Stones.js: normalMap", source: https://webglsamples.org/tdl/log.js (55)
[72325:0728/062103.566818:INFO:CONSOLE:55] "assets/SunknShip.js: normalMap", source: https://webglsamples.org/tdl/log.js (55)
[72325:0728/062103.567252:INFO:CONSOLE:55] "assets/SunknShip.js: normalMap", source: https://webglsamples.org/tdl/log.js (55)
[72325:0728/062103.567627:INFO:CONSOLE:55] "assets/SunknShip.js: normalMap", source: https://webglsamples.org/tdl/log.js (55)
[72325:0728/062103.569196:INFO:CONSOLE:55] "assets/SunknSub.js: normalMap", source: https://webglsamples.org/tdl/log.js (55)
[72325:0728/062103.569748:INFO:CONSOLE:55] "assets/SunknSub.js: normalMap", source: https://webglsamples.org/tdl/log.js (55)
[72325:0728/062103.571510:INFO:CONSOLE:55] "assets/SupportBeams.js: diffuse", source: https://webglsamples.org/tdl/log.js (55)
[72325:0728/062103.580672:INFO:CONSOLE:55] "assets/SeaweedA.js: custom", source: https://webglsamples.org/tdl/log.js (55)
[72325:0728/062103.581645:INFO:CONSOLE:55] "assets/SeaweedB.js: custom", source: https://webglsamples.org/tdl/log.js (55)
[72325:0728/062103.582356:INFO:CONSOLE:55] "assets/TreasureChest.js: normalMap", source: https://webglsamples.org/tdl/log.js (55)
[72325:0728/062103.586198:INFO:CONSOLE:55] "loaded image: assets/GlobeOuter_EM_positive_x.jpg", source: https://webglsamples.org/tdl/log.js (55)
[72325:0728/062103.586359:INFO:CONSOLE:55] "loaded image: assets/GlobeOuter_EM_negative_x.jpg", source: https://webglsamples.org/tdl/log.js (55)
[72325:0728/062103.586902:INFO:CONSOLE:55] "loaded image: assets/GlobeOuter_EM_positive_y.jpg", source: https://webglsamples.org/tdl/log.js (55)
[72325:0728/062103.587014:INFO:CONSOLE:55] "loaded image: assets/GlobeOuter_EM_negative_y.jpg", source: https://webglsamples.org/tdl/log.js (55)
[72325:0728/062103.587408:INFO:CONSOLE:55] "loaded image: assets/GlobeOuter_EM_positive_z.jpg", source: https://webglsamples.org/tdl/log.js (55)
[72325:0728/062103.587498:INFO:CONSOLE:55] "loaded image: assets/GlobeOuter_EM_negative_z.jpg", source: https://webglsamples.org/tdl/log.js (55)
#### AGXIOC Method sel=0x18->0x18 inCnt=0 inSC=0 outSC=0 -> 0xe00002c2
#### AGXIOC Method sel=0x18->0x18 inCnt=0 inSC=0 outSC=0 -> 0xe00002c2
#### AGX_LIFE DESTROY id=0x159 type=0 surf=0 bytes=0x100000 kr=0 okC=2436 failC=0 okD=2000 failD=0 unmatchedD=0 full=0 live=436/63MB [t0=381/23MB t80=0/0MB t82=55/40MB]
#### AGXIOC Method sel=0x18->0x18 inCnt=0 inSC=0 outSC=0 -> 0xe00002c2
#### AGXIOC Method sel=0x18->0x18 inCnt=0 inSC=0 outSC=0 -> 0xe00002c2
#### AGXIOC Method sel=0x18->0x18 inCnt=0 inSC=0 outSC=0 -> 0xe00002c2
#### AGXIOC Method sel=0x18->0x18 inCnt=0 inSC=0 outSC=0 -> 0xe00002c2
#### AGXIOC Method sel=0x18->0x18 inCnt=0 inSC=0 outSC=0 -> 0xe00002c2
#### AGXIOC Method sel=0x18->0x18 inCnt=0 inSC=0 outSC=0 -> 0xe00002c2
#### AGXIOC Method sel=0x18->0x18 inCnt=0 inSC=0 outSC=0 -> 0xe00002c2
#### AGXIOC Method sel=0x18->0x18 inCnt=0 inSC=0 outSC=0 -> 0xe00002c2
[72365:0728/062104.573074:VERBOSE1:net/base/network_delegate.cc:38] NetworkDelegate::NotifyBeforeURLRequest: https://mobile.events.data.microsoft.com/OneCollector/1.0?cors=true&content-type=application/x-json-stream
#### AGXIOC Method sel=0x18->0x18 inCnt=0 inSC=0 outSC=0 -> 0xe00002c2
#### AGXIOC Method sel=0x18->0x18 inCnt=0 inSC=0 outSC=0 -> 0xe00002c2
#### AGXIOC Method sel=0x18->0x18 inCnt=0 inSC=0 outSC=0 -> 0xe00002c2
#### AGXIOC Method sel=0x18->0x18 inCnt=0 inSC=0 outSC=0 -> 0xe00002c2
#### AGXIOC Method sel=0x18->0x18 inCnt=0 inSC=0 outSC=0 -> 0xe00002c2
#### AGXIOC Method sel=0x18->0x18 inCnt=0 inSC=0 outSC=0 -> 0xe00002c2
#### AGXIOC Method sel=0x18->0x18 inCnt=0 inSC=0 outSC=0 -> 0xe00002c2
#### AGXIOC Method sel=0x18->0x18 inCnt=0 inSC=0 outSC=0 -> 0xe00002c2
#### AGXIOC Method sel=0x18->0x18 inCnt=0 inSC=0 outSC=0 -> 0xe00002c2
#### AGXIOC Method sel=0x18->0x18 inCnt=0 inSC=0 outSC=0 -> 0xe00002c2
#### AGXIOC Method sel=0x18->0x18 inCnt=0 inSC=0 outSC=0 -> 0xe00002c2
#### AGXIOC Method sel=0x18->0x18 inCnt=0 inSC=0 outSC=0 -> 0xe00002c2
#### AGXIOC Method sel=0x18->0x18 inCnt=0 inSC=0 outSC=0 -> 0xe00002c2
#### AGXIOC Method sel=0x18->0x18 inCnt=0 inSC=0 outSC=0 -> 0xe00002c2
#### AGXIOC Method sel=0xd->0xc inCnt=2 inSC=0 outSC=0 -> 0x0
#### AGXIOC Method sel=0x18->0x18 inCnt=0 inSC=0 outSC=0 -> 0xe00002c2
#### AGXIOC Method sel=0x18->0x18 inCnt=0 inSC=0 outSC=0 -> 0xe00002c2
#### AGXIOC Method sel=0x18->0x18 inCnt=0 inSC=0 outSC=0 -> 0xe00002c2
#### JIT-MPROTECT flip #5120 ranges=1 prot=RX writers=1 exec_waits=523 late_retries=46
#### AGXIOC Method sel=0x18->0x18 inCnt=0 inSC=0 outSC=0 -> 0xe00002c2
#### AGXIOC Method sel=0x18->0x18 inCnt=0 inSC=0 outSC=0 -> 0xe00002c2
#### AGXIOC Method sel=0x18->0x18 inCnt=0 inSC=0 outSC=0 -> 0xe00002c2
#### AGXIOC Method sel=0x18->0x18 inCnt=0 inSC=0 outSC=0 -> 0xe00002c2
#### AGXIOC Method sel=0x18->0x18 inCnt=0 inSC=0 outSC=0 -> 0xe00002c2
#### AGXIOC Method sel=0x18->0x18 inCnt=0 inSC=0 outSC=0 -> 0xe00002c2
#### AGXIOC Method sel=0x18->0x18 inCnt=0 inSC=0 outSC=0 -> 0xe00002c2
#### AGXIOC Method sel=0x18->0x18 inCnt=0 inSC=0 outSC=0 -> 0xe00002c2
#### AGXIOC Method sel=0x18->0x18 inCnt=0 inSC=0 outSC=0 -> 0xe00002c2
#### AGXIOC Method sel=0x18->0x18 inCnt=0 inSC=0 outSC=0 -> 0xe00002c2
#### AGXIOC Method sel=0x18->0x18 inCnt=0 inSC=0 outSC=0 -> 0xe00002c2
#### AGXIOC Method sel=0x18->0x18 inCnt=0 inSC=0 outSC=0 -> 0xe00002c2
#### AGXIOC Method sel=0x18->0x18 inCnt=0 inSC=0 outSC=0 -> 0xe00002c2
#### AGXIOC Method sel=0x18->0x18 inCnt=0 inSC=0 outSC=0 -> 0xe00002c2
#### AGXIOC Method sel=0x18->0x18 inCnt=0 inSC=0 outSC=0 -> 0xe00002c2
#### AGXIOC Method sel=0x18->0x18 inCnt=0 inSC=0 outSC=0 -> 0xe00002c2
#### AGXIOC Method sel=0x18->0x18 inCnt=0 inSC=0 outSC=0 -> 0xe00002c2
[72325:0728/062106.921988:VERBOSE1:content/browser/renderer_host/media/media_stream_manager.cc:1515] MSPL::OnSuspend([this=0x6000d2ea8])
#### AGXIOC Method sel=0x18->0x18 inCnt=0 inSC=0 outSC=0 -> 0xe00002c2
[72325:0728/062107.253150:VERBOSE1:content/browser/renderer_host/media/media_stream_manager.cc:1515] MSPL::OnResume([this=0x6000d2ea8])
#### AGXIOC Method sel=0x18->0x18 inCnt=0 inSC=0 outSC=0 -> 0xe00002c2
#### AGXIOC Method sel=0x18->0x18 inCnt=0 inSC=0 outSC=0 -> 0xe00002c2
#### AGXIOC Method sel=0x18->0x18 inCnt=0 inSC=0 outSC=0 -> 0xe00002c2
#### AGXIOC Method sel=0x18->0x18 inCnt=0 inSC=0 outSC=0 -> 0xe00002c2
#### AGXIOC Method sel=0x18->0x18 inCnt=0 inSC=0 outSC=0 -> 0xe00002c2
#### AGXIOC Method sel=0x18->0x18 inCnt=0 inSC=0 outSC=0 -> 0xe00002c2
#### AGXIOC Method sel=0x18->0x18 inCnt=0 inSC=0 outSC=0 -> 0xe00002c2
#### AGXIOC Method sel=0x18->0x18 inCnt=0 inSC=0 outSC=0 -> 0xe00002c2
#### AGXIOC Method sel=0x18->0x18 inCnt=0 inSC=0 outSC=0 -> 0xe00002c2
#### AGXIOC Method sel=0x18->0x18 inCnt=0 inSC=0 outSC=0 -> 0xe00002c2
#### AGXIOC Method sel=0x18->0x18 inCnt=0 inSC=0 outSC=0 -> 0xe00002c2
#### AGXIOC Method sel=0x18->0x18 inCnt=0 inSC=0 outSC=0 -> 0xe00002c2
#### AGXIOC Method sel=0x18->0x18 inCnt=0 inSC=0 outSC=0 -> 0xe00002c2
#### AGXIOC Method sel=0x18->0x18 inCnt=0 inSC=0 outSC=0 -> 0xe00002c2
#### AGXIOC Method sel=0x18->0x18 inCnt=0 inSC=0 outSC=0 -> 0xe00002c2
#### AGXIOC Method sel=0x18->0x18 inCnt=0 inSC=0 outSC=0 -> 0xe00002c2
#### AGXIOC Method sel=0x18->0x18 inCnt=0 inSC=0 outSC=0 -> 0xe00002c2
#### AGXIOC Method sel=0x18->0x18 inCnt=0 inSC=0 outSC=0 -> 0xe00002c2
#### AGXIOC Method sel=0x18->0x18 inCnt=0 inSC=0 outSC=0 -> 0xe00002c2
#### AGXIOC Method sel=0x18->0x18 inCnt=0 inSC=0 outSC=0 -> 0xe00002c2
#### AGXIOC Method sel=0x18->0x18 inCnt=0 inSC=0 outSC=0 -> 0xe00002c2
#### AGXIOC Method sel=0x18->0x18 inCnt=0 inSC=0 outSC=0 -> 0xe00002c2
#### AGXIOC Method sel=0x18->0x18 inCnt=0 inSC=0 outSC=0 -> 0xe00002c2
#### AGXIOC Method sel=0x18->0x18 inCnt=0 inSC=0 outSC=0 -> 0xe00002c2
#### AGXIOC Method sel=0x18->0x18 inCnt=0 inSC=0 outSC=0 -> 0xe00002c2
#### AGXIOC Method sel=0x18->0x18 inCnt=0 inSC=0 outSC=0 -> 0xe00002c2
#### AGXIOC Method sel=0x18->0x18 inCnt=0 inSC=0 outSC=0 -> 0xe00002c2
#### AGXIOC Method sel=0x18->0x18 inCnt=0 inSC=0 outSC=0 -> 0xe00002c2
#### AGXIOC Method sel=0x18->0x18 inCnt=0 inSC=0 outSC=0 -> 0xe00002c2
#### AGXIOC Method sel=0x18->0x18 inCnt=0 inSC=0 outSC=0 -> 0xe00002c2
[72365:0728/062109.038481:VERBOSE1:net/base/network_delegate.cc:38] NetworkDelegate::NotifyBeforeURLRequest: https://mobile.events.data.microsoft.com/OneCollector/1.0?cors=true&content-type=application/x-json-stream
#### AGXIOC Method sel=0x18->0x18 inCnt=0 inSC=0 outSC=0 -> 0xe00002c2
#### AGXIOC Method sel=0x18->0x18 inCnt=0 inSC=0 outSC=0 -> 0xe00002c2
#### AGXIOC Method sel=0x18->0x18 inCnt=0 inSC=0 outSC=0 -> 0xe00002c2
#### AGXIOC Method sel=0x18->0x18 inCnt=0 inSC=0 outSC=0 -> 0xe00002c2
#### AGXIOC Method sel=0x18->0x18 inCnt=0 inSC=0 outSC=0 -> 0xe00002c2
#### AGXIOC Method sel=0x18->0x18 inCnt=0 inSC=0 outSC=0 -> 0xe00002c2
#### AGXIOC Method sel=0x18->0x18 inCnt=0 inSC=0 outSC=0 -> 0xe00002c2
#### AGXIOC Method sel=0x18->0x18 inCnt=0 inSC=0 outSC=0 -> 0xe00002c2
#### AGXIOC Method sel=0x18->0x18 inCnt=0 inSC=0 outSC=0 -> 0xe00002c2
#### AGXIOC Method sel=0x18->0x18 inCnt=0 inSC=0 outSC=0 -> 0xe00002c2
#### AGXIOC Method sel=0x18->0x18 inCnt=0 inSC=0 outSC=0 -> 0xe00002c2
#### AGXIOC Method sel=0x18->0x18 inCnt=0 inSC=0 outSC=0 -> 0xe00002c2
#### AGXIOC Method sel=0x18->0x18 inCnt=0 inSC=0 outSC=0 -> 0xe00002c2
#### AGXIOC Method sel=0x18->0x18 inCnt=0 inSC=0 outSC=0 -> 0xe00002c2
#### AGXIOC Method sel=0x18->0x18 inCnt=0 inSC=0 outSC=0 -> 0xe00002c2
#### AGXIOC Method sel=0x18->0x18 inCnt=0 inSC=0 outSC=0 -> 0xe00002c2
#### AGXIOC Method sel=0x18->0x18 inCnt=0 inSC=0 outSC=0 -> 0xe00002c2
#### AGXIOC Method sel=0x18->0x18 inCnt=0 inSC=0 outSC=0 -> 0xe00002c2
#### AGXIOC Method sel=0x18->0x18 inCnt=0 inSC=0 outSC=0 -> 0xe00002c2
#### AGXIOC Method sel=0x18->0x18 inCnt=0 inSC=0 outSC=0 -> 0xe00002c2
#### AGXIOC Method sel=0x18->0x18 inCnt=0 inSC=0 outSC=0 -> 0xe00002c2
#### AGXIOC Method sel=0x18->0x18 inCnt=0 inSC=0 outSC=0 -> 0xe00002c2
#### AGXIOC Method sel=0x1e->0x1a inCnt=4 inSC=56 outSC=0 -> 0x0
#### AGXIOC Method sel=0x18->0x18 inCnt=0 inSC=0 outSC=0 -> 0xe00002c2
#### AGXIOC Method sel=0x18->0x18 inCnt=0 inSC=0 outSC=0 -> 0xe00002c2
#### AGXIOC Method sel=0x18->0x18 inCnt=0 inSC=0 outSC=0 -> 0xe00002c2
#### AGXIOC Method sel=0x18->0x18 inCnt=0 inSC=0 outSC=0 -> 0xe00002c2
#### AGXIOC Method sel=0x18->0x18 inCnt=0 inSC=0 outSC=0 -> 0xe00002c2
#### AGXIOC Method sel=0x18->0x18 inCnt=0 inSC=0 outSC=0 -> 0xe00002c2
#### AGXIOC Method sel=0x18->0x18 inCnt=0 inSC=0 outSC=0 -> 0xe00002c2
#### AGXIOC Method sel=0x18->0x18 inCnt=0 inSC=0 outSC=0 -> 0xe00002c2
#### AGXIOC Method sel=0x18->0x18 inCnt=0 inSC=0 outSC=0 -> 0xe00002c2
#### AGXIOC Method sel=0x18->0x18 inCnt=0 inSC=0 outSC=0 -> 0xe00002c2
#### AGXIOC Method sel=0x18->0x18 inCnt=0 inSC=0 outSC=0 -> 0xe00002c2
#### AGXIOC Method sel=0x18->0x18 inCnt=0 inSC=0 outSC=0 -> 0xe00002c2
#### AGXIOC Method sel=0x18->0x18 inCnt=0 inSC=0 outSC=0 -> 0xe00002c2
#### AGXIOC Method sel=0x18->0x18 inCnt=0 inSC=0 outSC=0 -> 0xe00002c2
#### AGXIOC Method sel=0x18->0x18 inCnt=0 inSC=0 outSC=0 -> 0xe00002c2
#### AGXIOC Method sel=0x18->0x18 inCnt=0 inSC=0 outSC=0 -> 0xe00002c2
#### AGXIOC Method sel=0x18->0x18 inCnt=0 inSC=0 outSC=0 -> 0xe00002c2
[72325:0728/062111.447292:VERBOSE1:content/browser/renderer_host/media/media_stream_manager.cc:1515] MSPL::OnSuspend([this=0x6000d2ea8])
[72325:0728/062112.246457:VERBOSE1:content/browser/renderer_host/media/media_stream_manager.cc:1515] MSPL::OnResume([this=0x6000d2ea8])
#### AGXIOC Method sel=0x18->0x18 inCnt=0 inSC=0 outSC=0 -> 0xe00002c2
#### AGXIOC Method sel=0x18->0x18 inCnt=0 inSC=0 outSC=0 -> 0xe00002c2
#### AGXIOC Method sel=0x18->0x18 inCnt=0 inSC=0 outSC=0 -> 0xe00002c2
#### AGXIOC Method sel=0x18->0x18 inCnt=0 inSC=0 outSC=0 -> 0xe00002c2
#### AGXIOC Method sel=0x18->0x18 inCnt=0 inSC=0 outSC=0 -> 0xe00002c2
#### AGXIOC Method sel=0x18->0x18 inCnt=0 inSC=0 outSC=0 -> 0xe00002c2
#### AGXIOC Method sel=0x18->0x18 inCnt=0 inSC=0 outSC=0 -> 0xe00002c2
#### AGXIOC Method sel=0x18->0x18 inCnt=0 inSC=0 outSC=0 -> 0xe00002c2
#### AGXIOC Method sel=0x18->0x18 inCnt=0 inSC=0 outSC=0 -> 0xe00002c2
#### AGXIOC Method sel=0x18->0x18 inCnt=0 inSC=0 outSC=0 -> 0xe00002c2
#### AGXIOC Method sel=0x18->0x18 inCnt=0 inSC=0 outSC=0 -> 0xe00002c2
#### AGXIOC Method sel=0x18->0x18 inCnt=0 inSC=0 outSC=0 -> 0xe00002c2
#### AGXIOC Method sel=0x18->0x18 inCnt=0 inSC=0 outSC=0 -> 0xe00002c2
#### AGXIOC Method sel=0x18->0x18 inCnt=0 inSC=0 outSC=0 -> 0xe00002c2
#### AGXIOC Method sel=0x18->0x18 inCnt=0 inSC=0 outSC=0 -> 0xe00002c2
#### AGXIOC Method sel=0x18->0x18 inCnt=0 inSC=0 outSC=0 -> 0xe00002c2
#### AGXIOC Method sel=0x18->0x18 inCnt=0 inSC=0 outSC=0 -> 0xe00002c2
#### AGXIOC Method sel=0x18->0x18 inCnt=0 inSC=0 outSC=0 -> 0xe00002c2
#### AGXIOC Method sel=0x18->0x18 inCnt=0 inSC=0 outSC=0 -> 0xe00002c2
#### AGXIOC Method sel=0x18->0x18 inCnt=0 inSC=0 outSC=0 -> 0xe00002c2
#### AGXIOC Method sel=0x18->0x18 inCnt=0 inSC=0 outSC=0 -> 0xe00002c2
#### AGXIOC Method sel=0x18->0x18 inCnt=0 inSC=0 outSC=0 -> 0xe00002c2
#### AGXIOC Method sel=0x18->0x18 inCnt=0 inSC=0 outSC=0 -> 0xe00002c2
[72365:0728/062113.451831:VERBOSE1:net/base/network_delegate.cc:38] NetworkDelegate::NotifyBeforeURLRequest: https://mobile.events.data.microsoft.com/OneCollector/1.0?cors=true&content-type=application/x-json-stream
#### AGXIOC Method sel=0x18->0x18 inCnt=0 inSC=0 outSC=0 -> 0xe00002c2
#### AGXIOC Method sel=0x18->0x18 inCnt=0 inSC=0 outSC=0 -> 0xe00002c2
#### AGXIOC Method sel=0x18->0x18 inCnt=0 inSC=0 outSC=0 -> 0xe00002c2
#### AGXIOC Method sel=0x18->0x18 inCnt=0 inSC=0 outSC=0 -> 0xe00002c2
#### AGXIOC Method sel=0x18->0x18 inCnt=0 inSC=0 outSC=0 -> 0xe00002c2
#### AGXIOC Method sel=0x18->0x18 inCnt=0 inSC=0 outSC=0 -> 0xe00002c2
#### AGXIOC Method sel=0x18->0x18 inCnt=0 inSC=0 outSC=0 -> 0xe00002c2
#### AGXIOC Method sel=0x18->0x18 inCnt=0 inSC=0 outSC=0 -> 0xe00002c2
#### AGXIOC Method sel=0x18->0x18 inCnt=0 inSC=0 outSC=0 -> 0xe00002c2
#### AGXIOC Method sel=0x18->0x18 inCnt=0 inSC=0 outSC=0 -> 0xe00002c2
#### AGXIOC Method sel=0x18->0x18 inCnt=0 inSC=0 outSC=0 -> 0xe00002c2
#### AGXIOC Method sel=0x18->0x18 inCnt=0 inSC=0 outSC=0 -> 0xe00002c2
#### AGXIOC Method sel=0x18->0x18 inCnt=0 inSC=0 outSC=0 -> 0xe00002c2
#### AGXIOC Method sel=0x18->0x18 inCnt=0 inSC=0 outSC=0 -> 0xe00002c2
#### AGXIOC Method sel=0x18->0x18 inCnt=0 inSC=0 outSC=0 -> 0xe00002c2
#### AGXIOC Method sel=0x18->0x18 inCnt=0 inSC=0 outSC=0 -> 0xe00002c2
#### AGXIOC Method sel=0x18->0x18 inCnt=0 inSC=0 outSC=0 -> 0xe00002c2
#### AGXIOC Method sel=0x18->0x18 inCnt=0 inSC=0 outSC=0 -> 0xe00002c2
#### AGXIOC Method sel=0x18->0x18 inCnt=0 inSC=0 outSC=0 -> 0xe00002c2
#### AGXIOC Method sel=0x18->0x18 inCnt=0 inSC=0 outSC=0 -> 0xe00002c2
#### AGXIOC Method sel=0x18->0x18 inCnt=0 inSC=0 outSC=0 -> 0xe00002c2
#### AGXIOC Method sel=0x18->0x18 inCnt=0 inSC=0 outSC=0 -> 0xe00002c2
#### AGXIOC Method sel=0x18->0x18 inCnt=0 inSC=0 outSC=0 -> 0xe00002c2
#### AGXIOC Method sel=0x18->0x18 inCnt=0 inSC=0 outSC=0 -> 0xe00002c2
#### AGXIOC Method sel=0x18->0x18 inCnt=0 inSC=0 outSC=0 -> 0xe00002c2
#### AGXIOC Method sel=0x18->0x18 inCnt=0 inSC=0 outSC=0 -> 0xe00002c2
#### AGXIOC Method sel=0x18->0x18 inCnt=0 inSC=0 outSC=0 -> 0xe00002c2
#### AGXIOC Method sel=0x18->0x18 inCnt=0 inSC=0 outSC=0 -> 0xe00002c2
#### AGXIOC Method sel=0x18->0x18 inCnt=0 inSC=0 outSC=0 -> 0xe00002c2
#### AGXIOC Method sel=0x18->0x18 inCnt=0 inSC=0 outSC=0 -> 0xe00002c2
#### AGXIOC Method sel=0x18->0x18 inCnt=0 inSC=0 outSC=0 -> 0xe00002c2
#### AGXIOC Method sel=0x18->0x18 inCnt=0 inSC=0 outSC=0 -> 0xe00002c2
#### AGXIOC Method sel=0x18->0x18 inCnt=0 inSC=0 outSC=0 -> 0xe00002c2
#### AGXIOC Method sel=0x18->0x18 inCnt=0 inSC=0 outSC=0 -> 0xe00002c2
#### AGXIOC Method sel=0x18->0x18 inCnt=0 inSC=0 outSC=0 -> 0xe00002c2
#### AGXIOC Method sel=0x18->0x18 inCnt=0 inSC=0 outSC=0 -> 0xe00002c2
#### AGXIOC Method sel=0x18->0x18 inCnt=0 inSC=0 outSC=0 -> 0xe00002c2
#### AGXIOC Method sel=0x18->0x18 inCnt=0 inSC=0 outSC=0 -> 0xe00002c2
#### AGXIOC Method sel=0x18->0x18 inCnt=0 inSC=0 outSC=0 -> 0xe00002c2
[72325:0728/062116.434850:VERBOSE1:content/browser/renderer_host/media/media_stream_manager.cc:1515] MSPL::OnSuspend([this=0x6000d2ea8])
[72325:0728/062117.505439:VERBOSE1:content/browser/renderer_host/media/media_stream_manager.cc:1515] MSPL::OnResume([this=0x6000d2ea8])
#### AGXIOC Method sel=0x18->0x18 inCnt=0 inSC=0 outSC=0 -> 0xe00002c2
#### AGXIOC Method sel=0x18->0x18 inCnt=0 inSC=0 outSC=0 -> 0xe00002c2
#### AGXIOC Method sel=0x18->0x18 inCnt=0 inSC=0 outSC=0 -> 0xe00002c2
#### AGXIOC Method sel=0x18->0x18 inCnt=0 inSC=0 outSC=0 -> 0xe00002c2
#### AGXIOC Method sel=0x18->0x18 inCnt=0 inSC=0 outSC=0 -> 0xe00002c2
#### AGXIOC Method sel=0x18->0x18 inCnt=0 inSC=0 outSC=0 -> 0xe00002c2
#### MACWS-NEW-EVENT #5000 original=nil sharedEvent=0x601235c80 class=_MTLSharedEvent device=0x600282000 deviceClass=AGXG13GFamilyDevice
#### AGXIOC Method sel=0x18->0x18 inCnt=0 inSC=0 outSC=0 -> 0xe00002c2
#### AGXIOC Method sel=0x18->0x18 inCnt=0 inSC=0 outSC=0 -> 0xe00002c2
#### AGXIOC Method sel=0x18->0x18 inCnt=0 inSC=0 outSC=0 -> 0xe00002c2
#### AGXIOC Method sel=0x18->0x18 inCnt=0 inSC=0 outSC=0 -> 0xe00002c2
#### AGXIOC Method sel=0x18->0x18 inCnt=0 inSC=0 outSC=0 -> 0xe00002c2
#### AGXIOC Method sel=0x18->0x18 inCnt=0 inSC=0 outSC=0 -> 0xe00002c2
#### AGXIOC Method sel=0x18->0x18 inCnt=0 inSC=0 outSC=0 -> 0xe00002c2
#### AGXIOC Method sel=0x18->0x18 inCnt=0 inSC=0 outSC=0 -> 0xe00002c2
#### AGXIOC Method sel=0x18->0x18 inCnt=0 inSC=0 outSC=0 -> 0xe00002c2
#### AGXIOC Method sel=0x18->0x18 inCnt=0 inSC=0 outSC=0 -> 0xe00002c2
#### AGXIOC Method sel=0x18->0x18 inCnt=0 inSC=0 outSC=0 -> 0xe00002c2
#### AGXIOC Method sel=0x18->0x18 inCnt=0 inSC=0 outSC=0 -> 0xe00002c2
#### AGXIOC Method sel=0x18->0x18 inCnt=0 inSC=0 outSC=0 -> 0xe00002c2
#### AGXIOC Method sel=0x18->0x18 inCnt=0 inSC=0 outSC=0 -> 0xe00002c2
#### AGXIOC Method sel=0x18->0x18 inCnt=0 inSC=0 outSC=0 -> 0xe00002c2
#### AGXIOC Method sel=0x18->0x18 inCnt=0 inSC=0 outSC=0 -> 0xe00002c2
#### AGXIOC Method sel=0x18->0x18 inCnt=0 inSC=0 outSC=0 -> 0xe00002c2
#### AGXIOC Method sel=0x18->0x18 inCnt=0 inSC=0 outSC=0 -> 0xe00002c2
#### AGXIOC Method sel=0x18->0x18 inCnt=0 inSC=0 outSC=0 -> 0xe00002c2
#### AGXIOC Method sel=0x18->0x18 inCnt=0 inSC=0 outSC=0 -> 0xe00002c2
#### AGXIOC Method sel=0x18->0x18 inCnt=0 inSC=0 outSC=0 -> 0xe00002c2
#### AGXIOC Method sel=0x18->0x18 inCnt=0 inSC=0 outSC=0 -> 0xe00002c2
#### AGXIOC Method sel=0x18->0x18 inCnt=0 inSC=0 outSC=0 -> 0xe00002c2
#### AGXIOC Method sel=0x18->0x18 inCnt=0 inSC=0 outSC=0 -> 0xe00002c2
[72365:0728/062119.272140:VERBOSE1:net/base/network_delegate.cc:38] NetworkDelegate::NotifyBeforeURLRequest: https://mobile.events.data.microsoft.com/OneCollector/1.0?cors=true&content-type=application/x-json-stream
#### AGXIOC Method sel=0x18->0x18 inCnt=0 inSC=0 outSC=0 -> 0xe00002c2
#### AGXIOC Method sel=0x18->0x18 inCnt=0 inSC=0 outSC=0 -> 0xe00002c2
#### AGXIOC Method sel=0x18->0x18 inCnt=0 inSC=0 outSC=0 -> 0xe00002c2
#### AGXIOC Method sel=0x18->0x18 inCnt=0 inSC=0 outSC=0 -> 0xe00002c2
#### AGXIOC Method sel=0x18->0x18 inCnt=0 inSC=0 outSC=0 -> 0xe00002c2
#### AGXIOC Method sel=0x18->0x18 inCnt=0 inSC=0 outSC=0 -> 0xe00002c2
#### AGXIOC Method sel=0x18->0x18 inCnt=0 inSC=0 outSC=0 -> 0xe00002c2
#### AGXIOC Method sel=0x18->0x18 inCnt=0 inSC=0 outSC=0 -> 0xe00002c2
#### AGXIOC Method sel=0x18->0x18 inCnt=0 inSC=0 outSC=0 -> 0xe00002c2
#### AGXIOC Method sel=0x18->0x18 inCnt=0 inSC=0 outSC=0 -> 0xe00002c2
#### AGXIOC Method sel=0x18->0x18 inCnt=0 inSC=0 outSC=0 -> 0xe00002c2
#### AGXIOC Method sel=0x18->0x18 inCnt=0 inSC=0 outSC=0 -> 0xe00002c2
#### AGXIOC Method sel=0x18->0x18 inCnt=0 inSC=0 outSC=0 -> 0xe00002c2
#### AGXIOC Method sel=0x18->0x18 inCnt=0 inSC=0 outSC=0 -> 0xe00002c2
#### AGXIOC Method sel=0x18->0x18 inCnt=0 inSC=0 outSC=0 -> 0xe00002c2
#### AGXIOC Method sel=0x18->0x18 inCnt=0 inSC=0 outSC=0 -> 0xe00002c2
#### AGXIOC Method sel=0x18->0x18 inCnt=0 inSC=0 outSC=0 -> 0xe00002c2
#### AGXIOC Method sel=0x18->0x18 inCnt=0 inSC=0 outSC=0 -> 0xe00002c2
#### AGXIOC Method sel=0x18->0x18 inCnt=0 inSC=0 outSC=0 -> 0xe00002c2
#### AGXIOC Method sel=0x18->0x18 inCnt=0 inSC=0 outSC=0 -> 0xe00002c2
#### AGXIOC Method sel=0x18->0x18 inCnt=0 inSC=0 outSC=0 -> 0xe00002c2
#### AGXIOC Method sel=0x18->0x18 inCnt=0 inSC=0 outSC=0 -> 0xe00002c2
#### AGXIOC Method sel=0x18->0x18 inCnt=0 inSC=0 outSC=0 -> 0xe00002c2
#### AGXIOC Method sel=0x18->0x18 inCnt=0 inSC=0 outSC=0 -> 0xe00002c2
#### AGXIOC Method sel=0x18->0x18 inCnt=0 inSC=0 outSC=0 -> 0xe00002c2
#### AGXIOC Method sel=0x18->0x18 inCnt=0 inSC=0 outSC=0 -> 0xe00002c2
#### AGXIOC Method sel=0x18->0x18 inCnt=0 inSC=0 outSC=0 -> 0xe00002c2
#### AGXIOC Method sel=0x18->0x18 inCnt=0 inSC=0 outSC=0 -> 0xe00002c2
#### AGXIOC Method sel=0x18->0x18 inCnt=0 inSC=0 outSC=0 -> 0xe00002c2
#### AGXIOC Method sel=0x18->0x18 inCnt=0 inSC=0 outSC=0 -> 0xe00002c2
#### AGXIOC Method sel=0x18->0x18 inCnt=0 inSC=0 outSC=0 -> 0xe00002c2
#### AGXIOC Method sel=0x18->0x18 inCnt=0 inSC=0 outSC=0 -> 0xe00002c2
#### AGXIOC Method sel=0x18->0x18 inCnt=0 inSC=0 outSC=0 -> 0xe00002c2
#### AGXIOC Method sel=0x18->0x18 inCnt=0 inSC=0 outSC=0 -> 0xe00002c2
#### AGXIOC Method sel=0x18->0x18 inCnt=0 inSC=0 outSC=0 -> 0xe00002c2
#### AGXIOC Method sel=0x18->0x18 inCnt=0 inSC=0 outSC=0 -> 0xe00002c2
#### AGXIOC Method sel=0x18->0x18 inCnt=0 inSC=0 outSC=0 -> 0xe00002c2
#### AGXIOC Method sel=0x18->0x18 inCnt=0 inSC=0 outSC=0 -> 0xe00002c2
#### AGXIOC Method sel=0x18->0x18 inCnt=0 inSC=0 outSC=0 -> 0xe00002c2
#### AGXIOC Method sel=0x18->0x18 inCnt=0 inSC=0 outSC=0 -> 0xe00002c2
#### AGXIOC Method sel=0x18->0x18 inCnt=0 inSC=0 outSC=0 -> 0xe00002c2
#### AGXIOC Method sel=0x18->0x18 inCnt=0 inSC=0 outSC=0 -> 0xe00002c2
#### AGXIOC Method sel=0x18->0x18 inCnt=0 inSC=0 outSC=0 -> 0xe00002c2
#### AGXIOC Method sel=0x18->0x18 inCnt=0 inSC=0 outSC=0 -> 0xe00002c2
#### AGXIOC Method sel=0x18->0x18 inCnt=0 inSC=0 outSC=0 -> 0xe00002c2
#### AGXIOC Method sel=0x18->0x18 inCnt=0 inSC=0 outSC=0 -> 0xe00002c2
#### AGXIOC Method sel=0x18->0x18 inCnt=0 inSC=0 outSC=0 -> 0xe00002c2
#### AGXIOC Method sel=0x18->0x18 inCnt=0 inSC=0 outSC=0 -> 0xe00002c2
#### AGXIOC Method sel=0x18->0x18 inCnt=0 inSC=0 outSC=0 -> 0xe00002c2
#### AGXIOC Method sel=0x18->0x18 inCnt=0 inSC=0 outSC=0 -> 0xe00002c2
#### AGXIOC Method sel=0x18->0x18 inCnt=0 inSC=0 outSC=0 -> 0xe00002c2
#### AGXIOC Method sel=0x18->0x18 inCnt=0 inSC=0 outSC=0 -> 0xe00002c2
#### AGXIOC Method sel=0x18->0x18 inCnt=0 inSC=0 outSC=0 -> 0xe00002c2
#### AGXIOC Method sel=0x18->0x18 inCnt=0 inSC=0 outSC=0 -> 0xe00002c2
#### AGXIOC Method sel=0x18->0x18 inCnt=0 inSC=0 outSC=0 -> 0xe00002c2
#### AGXIOC Method sel=0x18->0x18 inCnt=0 inSC=0 outSC=0 -> 0xe00002c2
#### AGXIOC Method sel=0x18->0x18 inCnt=0 inSC=0 outSC=0 -> 0xe00002c2
#### AGXIOC Method sel=0x18->0x18 inCnt=0 inSC=0 outSC=0 -> 0xe00002c2
#### AGXIOC Method sel=0x18->0x18 inCnt=0 inSC=0 outSC=0 -> 0xe00002c2
#### AGXIOC Method sel=0x18->0x18 inCnt=0 inSC=0 outSC=0 -> 0xe00002c2
#### AGXIOC Method sel=0x18->0x18 inCnt=0 inSC=0 outSC=0 -> 0xe00002c2
#### AGXIOC Method sel=0x18->0x18 inCnt=0 inSC=0 outSC=0 -> 0xe00002c2
#### AGXIOC Method sel=0x18->0x18 inCnt=0 inSC=0 outSC=0 -> 0xe00002c2
#### AGXIOC Method sel=0x18->0x18 inCnt=0 inSC=0 outSC=0 -> 0xe00002c2
#### AGXIOC Method sel=0x18->0x18 inCnt=0 inSC=0 outSC=0 -> 0xe00002c2
#### AGXIOC Method sel=0x18->0x18 inCnt=0 inSC=0 outSC=0 -> 0xe00002c2
#### AGXIOC Method sel=0x18->0x18 inCnt=0 inSC=0 outSC=0 -> 0xe00002c2
#### AGXIOC Method sel=0x18->0x18 inCnt=0 inSC=0 outSC=0 -> 0xe00002c2
#### AGXIOC Method sel=0x18->0x18 inCnt=0 inSC=0 outSC=0 -> 0xe00002c2
#### AGXIOC Method sel=0x18->0x18 inCnt=0 inSC=0 outSC=0 -> 0xe00002c2
#### AGXIOC Method sel=0x18->0x18 inCnt=0 inSC=0 outSC=0 -> 0xe00002c2
#### AGXIOC Method sel=0x18->0x18 inCnt=0 inSC=0 outSC=0 -> 0xe00002c2
#### AGXIOC Method sel=0x18->0x18 inCnt=0 inSC=0 outSC=0 -> 0xe00002c2
#### AGXIOC Method sel=0x18->0x18 inCnt=0 inSC=0 outSC=0 -> 0xe00002c2
#### AGXIOC Method sel=0x18->0x18 inCnt=0 inSC=0 outSC=0 -> 0xe00002c2
#### AGXIOC Method sel=0x18->0x18 inCnt=0 inSC=0 outSC=0 -> 0xe00002c2
#### AGXIOC Method sel=0x18->0x18 inCnt=0 inSC=0 outSC=0 -> 0xe00002c2
#### AGXIOC Method sel=0x18->0x18 inCnt=0 inSC=0 outSC=0 -> 0xe00002c2
#### AGXIOC Method sel=0x18->0x18 inCnt=0 inSC=0 outSC=0 -> 0xe00002c2
#### AGXIOC Method sel=0x18->0x18 inCnt=0 inSC=0 outSC=0 -> 0xe00002c2
#### AGXIOC Method sel=0x18->0x18 inCnt=0 inSC=0 outSC=0 -> 0xe00002c2
#### AGXIOC Method sel=0x18->0x18 inCnt=0 inSC=0 outSC=0 -> 0xe00002c2
#### AGXIOC Method sel=0x18->0x18 inCnt=0 inSC=0 outSC=0 -> 0xe00002c2
#### AGXIOC Method sel=0x18->0x18 inCnt=0 inSC=0 outSC=0 -> 0xe00002c2
#### AGXIOC Method sel=0x18->0x18 inCnt=0 inSC=0 outSC=0 -> 0xe00002c2
#### AGXIOC Method sel=0x18->0x18 inCnt=0 inSC=0 outSC=0 -> 0xe00002c2
#### AGXIOC Method sel=0x18->0x18 inCnt=0 inSC=0 outSC=0 -> 0xe00002c2
#### AGXIOC Method sel=0x18->0x18 inCnt=0 inSC=0 outSC=0 -> 0xe00002c2
#### AGXIOC Method sel=0x18->0x18 inCnt=0 inSC=0 outSC=0 -> 0xe00002c2
#### AGXIOC Method sel=0x18->0x18 inCnt=0 inSC=0 outSC=0 -> 0xe00002c2
#### AGXIOC Method sel=0x18->0x18 inCnt=0 inSC=0 outSC=0 -> 0xe00002c2
#### AGXIOC Method sel=0x18->0x18 inCnt=0 inSC=0 outSC=0 -> 0xe00002c2
#### AGXIOC Method sel=0x1e->0x1a inCnt=4 inSC=56 outSC=0 -> 0x0
#### AGXIOC Method sel=0x18->0x18 inCnt=0 inSC=0 outSC=0 -> 0xe00002c2
#### AGXIOC Method sel=0x18->0x18 inCnt=0 inSC=0 outSC=0 -> 0xe00002c2
#### AGXIOC Method sel=0x18->0x18 inCnt=0 inSC=0 outSC=0 -> 0xe00002c2
#### AGXIOC Method sel=0x18->0x18 inCnt=0 inSC=0 outSC=0 -> 0xe00002c2
#### AGXIOC Method sel=0x18->0x18 inCnt=0 inSC=0 outSC=0 -> 0xe00002c2
#### AGXIOC Method sel=0x18->0x18 inCnt=0 inSC=0 outSC=0 -> 0xe00002c2
#### AGXIOC Method sel=0x18->0x18 inCnt=0 inSC=0 outSC=0 -> 0xe00002c2
#### AGXIOC Method sel=0x18->0x18 inCnt=0 inSC=0 outSC=0 -> 0xe00002c2
#### AGXIOC Method sel=0x18->0x18 inCnt=0 inSC=0 outSC=0 -> 0xe00002c2
#### AGXIOC Method sel=0x18->0x18 inCnt=0 inSC=0 outSC=0 -> 0xe00002c2
[72325:0728/062155.686637:VERBOSE1:content/browser/renderer_host/media/media_stream_manager.cc:1515] MSPL::OnSuspend([this=0x6000d2ea8])
[72325:0728/062156.366742:VERBOSE1:content/browser/renderer_host/media/media_stream_manager.cc:1515] MSPL::OnResume([this=0x6000d2ea8])
[72365:0728/062158.122109:VERBOSE1:net/base/network_delegate.cc:38] NetworkDelegate::NotifyBeforeURLRequest: https://mobile.events.data.microsoft.com/OneCollector/1.0?cors=true&content-type=application/x-json-stream
[72325:0728/062200.531469:VERBOSE1:content/browser/renderer_host/media/media_stream_manager.cc:1515] MSPL::OnSuspend([this=0x6000d2ea8])
[72325:0728/062201.616767:VERBOSE1:content/browser/renderer_host/media/media_stream_manager.cc:1515] MSPL::OnResume([this=0x6000d2ea8])
[72365:0728/062203.382067:VERBOSE1:net/base/network_delegate.cc:38] NetworkDelegate::NotifyBeforeURLRequest: https://mobile.events.data.microsoft.com/OneCollector/1.0?cors=true&content-type=application/x-json-stream
[72325:0728/062205.804648:VERBOSE1:content/browser/renderer_host/media/media_stream_manager.cc:1515] MSPL::OnSuspend([this=0x6000d2ea8])
[72325:0728/062206.852159:VERBOSE1:content/browser/renderer_host/media/media_stream_manager.cc:1515] MSPL::OnResume([this=0x6000d2ea8])
[72365:0728/062208.626834:VERBOSE1:net/base/network_delegate.cc:38] NetworkDelegate::NotifyBeforeURLRequest: https://mobile.events.data.microsoft.com/OneCollector/1.0?cors=true&content-type=application/x-json-stream
[72325:0728/062211.048241:VERBOSE1:content/browser/renderer_host/media/media_stream_manager.cc:1515] MSPL::OnSuspend([this=0x6000d2ea8])
[72325:0728/062212.097980:VERBOSE1:content/browser/renderer_host/media/media_stream_manager.cc:1515] MSPL::OnResume([this=0x6000d2ea8])
[72365:0728/062213.885289:VERBOSE1:net/base/network_delegate.cc:38] NetworkDelegate::NotifyBeforeURLRequest: https://mobile.events.data.microsoft.com/OneCollector/1.0?cors=true&content-type=application/x-json-stream
[72325:0728/062216.325282:VERBOSE1:content/browser/renderer_host/media/media_stream_manager.cc:1515] MSPL::OnSuspend([this=0x6000d2ea8])
[72325:0728/062217.349627:VERBOSE1:content/browser/renderer_host/media/media_stream_manager.cc:1515] MSPL::OnResume([this=0x6000d2ea8])
[72365:0728/062219.123454:VERBOSE1:net/base/network_delegate.cc:38] NetworkDelegate::NotifyBeforeURLRequest: https://mobile.events.data.microsoft.com/OneCollector/1.0?cors=true&content-type=application/x-json-stream
[72325:0728/062221.592612:VERBOSE1:content/browser/renderer_host/media/media_stream_manager.cc:1515] MSPL::OnSuspend([this=0x6000d2ea8])
[72325:0728/062221.921808:VERBOSE1:content/browser/renderer_host/media/media_stream_manager.cc:1515] MSPL::OnResume([this=0x6000d2ea8])
[72365:0728/062223.704718:VERBOSE1:net/base/network_delegate.cc:38] NetworkDelegate::NotifyBeforeURLRequest: https://mobile.events.data.microsoft.com/OneCollector/1.0?cors=true&content-type=application/x-json-stream
[72325:0728/062226.151817:VERBOSE1:content/browser/renderer_host/media/media_stream_manager.cc:1515] MSPL::OnSuspend([this=0x6000d2ea8])
[72325:0728/062226.804227:VERBOSE1:content/browser/renderer_host/media/media_stream_manager.cc:1515] MSPL::OnResume([this=0x6000d2ea8])
[72365:0728/062228.157161:VERBOSE1:net/base/network_delegate.cc:38] NetworkDelegate::NotifyBeforeURLRequest: https://mobile.events.data.microsoft.com/OneCollector/1.0?cors=true&content-type=application/x-json-stream
[72325:0728/062231.004170:VERBOSE1:content/browser/renderer_host/media/media_stream_manager.cc:1515] MSPL::OnSuspend([this=0x6000d2ea8])
[72325:0728/062232.054284:VERBOSE1:content/browser/renderer_host/media/media_stream_manager.cc:1515] MSPL::OnResume([this=0x6000d2ea8])
[72365:0728/062233.836025:VERBOSE1:net/base/network_delegate.cc:38] NetworkDelegate::NotifyBeforeURLRequest: https://mobile.events.data.microsoft.com/OneCollector/1.0?cors=true&content-type=application/x-json-stream
[72325:0728/062236.259150:VERBOSE1:content/browser/renderer_host/media/media_stream_manager.cc:1515] MSPL::OnSuspend([this=0x6000d2ea8])
[72325:0728/062237.299192:VERBOSE1:content/browser/renderer_host/media/media_stream_manager.cc:1515] MSPL::OnResume([this=0x6000d2ea8])
[72365:0728/062238.634716:VERBOSE1:net/base/network_delegate.cc:38] NetworkDelegate::NotifyBeforeURLRequest: https://mobile.events.data.microsoft.com/OneCollector/1.0?cors=true&content-type=application/x-json-stream
[72325:0728/062242.902846:VERBOSE1:content/browser/renderer_host/media/media_stream_manager.cc:1515] MSPL::OnSuspend([this=0x6000d2ea8])
[72325:0728/062243.612482:VERBOSE1:content/browser/renderer_host/media/media_stream_manager.cc:1515] MSPL::OnResume([this=0x6000d2ea8])
[72365:0728/062245.383106:VERBOSE1:net/base/network_delegate.cc:38] NetworkDelegate::NotifyBeforeURLRequest: https://mobile.events.data.microsoft.com/OneCollector/1.0?cors=true&content-type=application/x-json-stream
[72365:0728/062246.726078:VERBOSE1:net/base/network_delegate.cc:38] NetworkDelegate::NotifyBeforeURLRequest: https://webglsamples.org/aquarium/aquarium.html
#### AGXIOC Method sel=0x18->0x18 inCnt=0 inSC=0 outSC=0 -> 0xe00002c2
#### AGX_LIFE DESTROY id=0x180 type=0 surf=0 bytes=0x4000 kr=0 okC=2491 failC=0 okD=2250 failD=0 unmatchedD=0 full=0 live=241/50MB [t0=193/19MB t80=0/0MB t82=48/30MB]
[72550:0728/062246.767059:VERBOSE1:extensions/renderer/dispatcher.cc:689] Num tracked contexts: 1
[72550:0728/062246.767215:VERBOSE1:extensions/renderer/dispatcher.cc:689] Num tracked contexts: 0
[72325:0728/062246.770948:VERBOSE1:content/browser/renderer_host/back_forward_cache_impl.cc:853] BackForwardCacheImpl::GetCurrentBackForwardCacheEligibility: https://webglsamples.org/aquarium/aquarium.html : No: Browsing instance is not swapped, BackForwardCache is not supported by delegate
[72325:0728/062246.771026:VERBOSE1:content/browser/renderer_host/back_forward_cache_impl.cc:853] BackForwardCacheImpl::GetCompleteBackForwardCacheEligibilityForReporting: https://webglsamples.org/aquarium/aquarium.html : No: blocklisted features: WebXR, Browsing instance is not swapped, BackForwardCache is not supported by delegate
[72550:0728/062246.771394:VERBOSE1:extensions/renderer/script_context.cc:150] Created context:
  extension id:           (none)
  frame:                  0xe029b6048
  URL:                    
  context_type:           WEB_PAGE
  effective extension id: (none)
  effective context type: WEB_PAGE
[72550:0728/062246.771466:VERBOSE1:extensions/renderer/script_context.cc:150] Created context:
  extension id:           (none)
  frame:                  (nil)
  URL:                    
  context_type:           UNSPECIFIED
  effective extension id: (none)
  effective context type: UNSPECIFIED
[72550:0728/062246.771545:VERBOSE1:extensions/renderer/dispatcher.cc:493] Num tracked contexts: 1
[72550:0728/062246.773158:VERBOSE1:extensions/renderer/script_context.cc:150] Created context:
  extension id:           (none)
  frame:                  0xe029b6048
  URL:                    
  context_type:           WEB_PAGE
  effective extension id: (none)
  effective context type: WEB_PAGE
[72550:0728/062246.773242:VERBOSE1:extensions/renderer/script_context.cc:150] Created context:
  extension id:           (none)
  frame:                  (nil)
  URL:                    
  context_type:           UNSPECIFIED
  effective extension id: (none)
  effective context type: UNSPECIFIED
[72550:0728/062246.773310:VERBOSE1:extensions/renderer/dispatcher.cc:493] Num tracked contexts: 2
[72550:0728/062246.776356:VERBOSE1:extensions/renderer/script_context.cc:163] Destroyed context for extension
  extension id: 
  effective extension id: 
[72550:0728/062246.776419:VERBOSE1:extensions/renderer/script_context.cc:163] Destroyed context for extension
  extension id: 
  effective extension id: 
[72550:0728/062246.776442:VERBOSE1:extensions/renderer/script_context.cc:163] Destroyed context for extension
  extension id: 
  effective extension id: 
[72550:0728/062246.776469:VERBOSE1:extensions/renderer/script_context.cc:163] Destroyed context for extension
  extension id: 
  effective extension id: 
[91m[main 2026-07-28T13:22:46.793Z][0m [uncaught exception in main]: Refused to handle ipcMain event for channel 'vscode:b111800d-a136-4728-b9fa-e958954f4e31' because of a bad origin of 'webglsamples.org'.
Error occurred in handler for 'vscode:b111800d-a136-4728-b9fa-e958954f4e31': Invalid channel 'vscode:b111800d-a136-4728-b9fa-e958954f4e31' or sender for ipcMain.handle() usage.
[91m[main 2026-07-28T13:22:46.794Z][0m [uncaught exception in main]: Refused to handle ipcMain event for channel 'vscode:fetchShellEnv' because of a bad origin of 'webglsamples.org'.
Error occurred in handler for 'vscode:fetchShellEnv': Invalid channel 'vscode:fetchShellEnv' or sender for ipcMain.handle() usage.
[72365:0728/062246.839466:VERBOSE1:net/base/network_delegate.cc:38] NetworkDelegate::NotifyBeforeURLRequest: https://webglsamples.org/aquarium/assets/PropPlacement.js
[72365:0728/062246.839910:VERBOSE1:net/base/network_delegate.cc:38] NetworkDelegate::NotifyBeforeURLRequest: https://webglsamples.org/aquarium/assets/SmallFishA.js
[72365:0728/062246.840175:VERBOSE1:net/base/network_delegate.cc:38] NetworkDelegate::NotifyBeforeURLRequest: https://webglsamples.org/aquarium/assets/MediumFishA.js
[72365:0728/062246.840329:VERBOSE1:net/base/network_delegate.cc:38] NetworkDelegate::NotifyBeforeURLRequest: https://webglsamples.org/aquarium/assets/MediumFishB.js
[72365:0728/062246.840466:VERBOSE1:net/base/network_delegate.cc:38] NetworkDelegate::NotifyBeforeURLRequest: https://webglsamples.org/aquarium/assets/BigFishA.js
[72365:0728/062246.840605:VERBOSE1:net/base/network_delegate.cc:38] NetworkDelegate::NotifyBeforeURLRequest: https://webglsamples.org/aquarium/assets/BigFishB.js
[72365:0728/062246.840760:VERBOSE1:net/base/network_delegate.cc:38] NetworkDelegate::NotifyBeforeURLRequest: https://webglsamples.org/aquarium/assets/Arch.js
[72365:0728/062246.840899:VERBOSE1:net/base/network_delegate.cc:38] NetworkDelegate::NotifyBeforeURLRequest: https://webglsamples.org/aquarium/assets/Coral.js
[72365:0728/062246.841030:VERBOSE1:net/base/network_delegate.cc:38] NetworkDelegate::NotifyBeforeURLRequest: https://webglsamples.org/aquarium/assets/CoralStoneA.js
[72365:0728/062246.841209:VERBOSE1:net/base/network_delegate.cc:38] NetworkDelegate::NotifyBeforeURLRequest: https://webglsamples.org/aquarium/assets/CoralStoneB.js
[72365:0728/062246.841340:VERBOSE1:net/base/network_delegate.cc:38] NetworkDelegate::NotifyBeforeURLRequest: https://webglsamples.org/aquarium/assets/EnvironmentBox.js
[72365:0728/062246.841523:VERBOSE1:net/base/network_delegate.cc:38] NetworkDelegate::NotifyBeforeURLRequest: https://webglsamples.org/aquarium/assets/FloorBase_Baked.js
[72365:0728/062246.841717:VERBOSE1:net/base/network_delegate.cc:38] NetworkDelegate::NotifyBeforeURLRequest: https://webglsamples.org/aquarium/assets/FloorCenter.js
[72365:0728/062246.841884:VERBOSE1:net/base/network_delegate.cc:38] NetworkDelegate::NotifyBeforeURLRequest: https://webglsamples.org/aquarium/assets/GlobeBase.js
[72365:0728/062246.843427:VERBOSE1:net/base/network_delegate.cc:38] NetworkDelegate::NotifyBeforeURLRequest: https://webglsamples.org/aquarium/assets/GlobeInner.js
[72365:0728/062246.843753:VERBOSE1:net/base/network_delegate.cc:38] NetworkDelegate::NotifyBeforeURLRequest: https://webglsamples.org/aquarium/assets/GlobeOuter.js
[72365:0728/062246.844350:VERBOSE1:net/base/network_delegate.cc:38] NetworkDelegate::NotifyBeforeURLRequest: https://webglsamples.org/aquarium/assets/RockA.js
[72365:0728/062246.844590:VERBOSE1:net/base/network_delegate.cc:38] NetworkDelegate::NotifyBeforeURLRequest: https://webglsamples.org/aquarium/assets/RockB.js
[72365:0728/062246.845048:VERBOSE1:net/base/network_delegate.cc:38] NetworkDelegate::NotifyBeforeURLRequest: https://webglsamples.org/aquarium/assets/RockC.js
[72365:0728/062246.845213:VERBOSE1:net/base/network_delegate.cc:38] NetworkDelegate::NotifyBeforeURLRequest: https://webglsamples.org/aquarium/assets/RuinColumn.js
[72325:0728/062246.860667:INFO:CONSOLE:55] "--Setup Laser----------------------------------------", source: https://webglsamples.org/tdl/log.js (55)
[72365:0728/062246.860742:VERBOSE1:net/base/network_delegate.cc:38] NetworkDelegate::NotifyBeforeURLRequest: https://webglsamples.org/aquarium/assets/Skybox.js
[72365:0728/062246.860929:VERBOSE1:net/base/network_delegate.cc:38] NetworkDelegate::NotifyBeforeURLRequest: https://webglsamples.org/aquarium/assets/Stone.js
[72365:0728/062246.861192:VERBOSE1:net/base/network_delegate.cc:38] NetworkDelegate::NotifyBeforeURLRequest: https://webglsamples.org/aquarium/assets/Stones.js
[72365:0728/062246.861430:VERBOSE1:net/base/network_delegate.cc:38] NetworkDelegate::NotifyBeforeURLRequest: https://webglsamples.org/aquarium/assets/SunknShip.js
[72365:0728/062246.861593:VERBOSE1:net/base/network_delegate.cc:38] NetworkDelegate::NotifyBeforeURLRequest: https://webglsamples.org/aquarium/assets/SunknSub.js
[72365:0728/062246.861915:VERBOSE1:net/base/network_delegate.cc:38] NetworkDelegate::NotifyBeforeURLRequest: https://webglsamples.org/aquarium/assets/SupportBeams.js
[72365:0728/062246.862171:VERBOSE1:net/base/network_delegate.cc:38] NetworkDelegate::NotifyBeforeURLRequest: https://webglsamples.org/aquarium/assets/SeaweedA.js
[72365:0728/062246.862422:VERBOSE1:net/base/network_delegate.cc:38] NetworkDelegate::NotifyBeforeURLRequest: https://webglsamples.org/aquarium/assets/SeaweedB.js
[72365:0728/062246.862636:VERBOSE1:net/base/network_delegate.cc:38] NetworkDelegate::NotifyBeforeURLRequest: https://webglsamples.org/aquarium/assets/TreasureChest.js
#### AGX_LIFE CREATE id=0x40 type=0 surf=0 bytes=0x4000 kr=0 okC=2500 failC=0 okD=2291 failD=0 unmatchedD=0 full=0 live=209/41MB [t0=163/18MB t80=0/0MB t82=46/22MB]
[72325:0728/062246.888949:INFO:CONSOLE:55] "--Draw Fish---------------------------------------", source: https://webglsamples.org/tdl/log.js (55)
#### AGXIOC Method sel=0x18->0x18 inCnt=0 inSC=0 outSC=0 -> 0xe00002c2
[72325:0728/062246.923256:INFO:CONSOLE:55] "assets/SmallFishA.js: custom", source: https://webglsamples.org/tdl/log.js (55)
[72325:0728/062246.929407:INFO:CONSOLE:55] "assets/MediumFishA.js: custom", source: https://webglsamples.org/tdl/log.js (55)
[72325:0728/062246.931251:INFO:CONSOLE:55] "assets/MediumFishB.js: custom", source: https://webglsamples.org/tdl/log.js (55)
[72325:0728/062246.934534:INFO:CONSOLE:55] "assets/BigFishA.js: custom", source: https://webglsamples.org/tdl/log.js (55)
[72325:0728/062246.939103:INFO:CONSOLE:55] "assets/BigFishB.js: custom", source: https://webglsamples.org/tdl/log.js (55)
[72325:0728/062246.962866:INFO:CONSOLE:55] "assets/Arch.js: normalMap", source: https://webglsamples.org/tdl/log.js (55)
[72325:0728/062246.964278:INFO:CONSOLE:55] "assets/Coral.js: normalMap", source: https://webglsamples.org/tdl/log.js (55)
[72325:0728/062246.965030:INFO:CONSOLE:55] "assets/CoralStoneA.js: normalMap", source: https://webglsamples.org/tdl/log.js (55)
[72325:0728/062246.965911:INFO:CONSOLE:55] "assets/CoralStoneB.js: normalMap", source: https://webglsamples.org/tdl/log.js (55)
[72325:0728/062246.976626:INFO:CONSOLE:55] "assets/EnvironmentBox.js: custom", source: https://webglsamples.org/tdl/log.js (55)
[72325:0728/062246.977157:INFO:CONSOLE:55] "assets/EnvironmentBox.js: custom", source: https://webglsamples.org/tdl/log.js (55)
[72325:0728/062246.977718:INFO:CONSOLE:55] "assets/EnvironmentBox.js: custom", source: https://webglsamples.org/tdl/log.js (55)
[72325:0728/062246.978522:INFO:CONSOLE:55] "assets/EnvironmentBox.js: custom", source: https://webglsamples.org/tdl/log.js (55)
[72325:0728/062246.978779:INFO:CONSOLE:55] "assets/EnvironmentBox.js: custom", source: https://webglsamples.org/tdl/log.js (55)
[72325:0728/062246.979529:INFO:CONSOLE:55] "assets/EnvironmentBox.js: custom", source: https://webglsamples.org/tdl/log.js (55)
[72325:0728/062246.987604:INFO:CONSOLE:55] "assets/FloorBase_Baked.js: normalMap", source: https://webglsamples.org/tdl/log.js (55)
[72325:0728/062247.011282:INFO:CONSOLE:55] "assets/FloorCenter.js: diffuse", source: https://webglsamples.org/tdl/log.js (55)
[72325:0728/062247.022925:INFO:CONSOLE:55] "assets/GlobeBase.js: custom", source: https://webglsamples.org/tdl/log.js (55)
#### AGXIOC Method sel=0x18->0x18 inCnt=0 inSC=0 outSC=0 -> 0xe00002c2
[72325:0728/062247.036677:INFO:CONSOLE:55] "assets/GlobeInner.js: custom", source: https://webglsamples.org/tdl/log.js (55)
[72325:0728/062247.042688:INFO:CONSOLE:55] "assets/GlobeOuter.js: custom", source: https://webglsamples.org/tdl/log.js (55)
[72325:0728/062247.044025:INFO:CONSOLE:55] "assets/RockA.js: normalMap", source: https://webglsamples.org/tdl/log.js (55)
[72325:0728/062247.045172:INFO:CONSOLE:55] "assets/RockB.js: normalMap", source: https://webglsamples.org/tdl/log.js (55)
#### AGXIOC heap map #2500 clientID 0x4000 -> resourceID 0x133 size 0xe50
[72325:0728/062247.061910:INFO:CONSOLE:55] "assets/RockC.js: normalMap", source: https://webglsamples.org/tdl/log.js (55)
[72325:0728/062247.063803:INFO:CONSOLE:55] "assets/RuinColumn.js: normalMap", source: https://webglsamples.org/tdl/log.js (55)
[72325:0728/062247.065151:INFO:CONSOLE:55] "assets/Skybox.js: custom", source: https://webglsamples.org/tdl/log.js (55)
[72325:0728/062247.066518:INFO:CONSOLE:55] "assets/Stone.js: normalMap", source: https://webglsamples.org/tdl/log.js (55)
[72325:0728/062247.067742:INFO:CONSOLE:55] "assets/Stones.js: normalMap", source: https://webglsamples.org/tdl/log.js (55)
[72325:0728/062247.069177:INFO:CONSOLE:55] "assets/SunknShip.js: normalMap", source: https://webglsamples.org/tdl/log.js (55)
[72325:0728/062247.069462:INFO:CONSOLE:55] "assets/SunknShip.js: normalMap", source: https://webglsamples.org/tdl/log.js (55)
[72325:0728/062247.070093:INFO:CONSOLE:55] "assets/SunknShip.js: normalMap", source: https://webglsamples.org/tdl/log.js (55)
#### AGX_LIFE CREATE id=0x169 type=0 surf=0 bytes=0x4000 kr=0 okC=2750 failC=0 okD=2357 failD=0 unmatchedD=0 full=0 live=393/50MB [t0=343/21MB t80=0/0MB t82=50/28MB]
[72325:0728/062247.071794:INFO:CONSOLE:55] "assets/SunknSub.js: normalMap", source: https://webglsamples.org/tdl/log.js (55)
[72325:0728/062247.072095:INFO:CONSOLE:55] "assets/SunknSub.js: normalMap", source: https://webglsamples.org/tdl/log.js (55)
[72325:0728/062247.073298:INFO:CONSOLE:55] "assets/SupportBeams.js: diffuse", source: https://webglsamples.org/tdl/log.js (55)
[72325:0728/062247.082351:INFO:CONSOLE:55] "assets/SeaweedA.js: custom", source: https://webglsamples.org/tdl/log.js (55)
[72325:0728/062247.083032:INFO:CONSOLE:55] "assets/SeaweedB.js: custom", source: https://webglsamples.org/tdl/log.js (55)
[72325:0728/062247.083582:INFO:CONSOLE:55] "assets/TreasureChest.js: normalMap", source: https://webglsamples.org/tdl/log.js (55)
[72325:0728/062247.085690:INFO:CONSOLE:4] "Uncaught (in promise) Error: Preload: unable to fetch vscode-window-config: Error: Error invoking remote method 'vscode:b111800d-a136-4728-b9fa-e958954f4e31': Invalid channel 'vscode:b111800d-a136-4728-b9fa-e958954f4e31' or sender for ipcMain.handle() usage.", source: /Applications/Visual Studio Code.app/Contents/Resources/app/out/vs/base/parts/sandbox/electron-browser/preload.js (4)
[72325:0728/062247.086651:INFO:CONSOLE:55] "loaded image: assets/GlobeOuter_EM_positive_x.jpg", source: https://webglsamples.org/tdl/log.js (55)
[72325:0728/062247.086755:INFO:CONSOLE:55] "loaded image: assets/GlobeOuter_EM_negative_x.jpg", source: https://webglsamples.org/tdl/log.js (55)
[72325:0728/062247.086863:INFO:CONSOLE:55] "loaded image: assets/GlobeOuter_EM_positive_y.jpg", source: https://webglsamples.org/tdl/log.js (55)
[72325:0728/062247.086957:INFO:CONSOLE:55] "loaded image: assets/GlobeOuter_EM_negative_y.jpg", source: https://webglsamples.org/tdl/log.js (55)
[72325:0728/062247.087059:INFO:CONSOLE:55] "loaded image: assets/GlobeOuter_EM_positive_z.jpg", source: https://webglsamples.org/tdl/log.js (55)
[72325:0728/062247.087171:INFO:CONSOLE:55] "loaded image: assets/GlobeOuter_EM_negative_z.jpg", source: https://webglsamples.org/tdl/log.js (55)
#### AGXIOC Method sel=0x18->0x18 inCnt=0 inSC=0 outSC=0 -> 0xe00002c2
#### AGXIOC Method sel=0x18->0x18 inCnt=0 inSC=0 outSC=0 -> 0xe00002c2
#### AGXIOC Method sel=0x18->0x18 inCnt=0 inSC=0 outSC=0 -> 0xe00002c2
#### AGXIOC Method sel=0x18->0x18 inCnt=0 inSC=0 outSC=0 -> 0xe00002c2
#### AGXIOC Method sel=0x18->0x18 inCnt=0 inSC=0 outSC=0 -> 0xe00002c2
#### AGXIOC Method sel=0x18->0x18 inCnt=0 inSC=0 outSC=0 -> 0xe00002c2
[72325:0728/062247.810907:VERBOSE1:content/browser/renderer_host/media/media_stream_manager.cc:1515] MSPL::OnSuspend([this=0x6000d2ea8])
#### AGXIOC Method sel=0x18->0x18 inCnt=0 inSC=0 outSC=0 -> 0xe00002c2
[72325:0728/062248.869503:VERBOSE1:content/browser/renderer_host/media/media_stream_manager.cc:1515] MSPL::OnResume([this=0x6000d2ea8])
#### AGXIOC Method sel=0x18->0x18 inCnt=0 inSC=0 outSC=0 -> 0xe00002c2
#### AGXIOC Method sel=0x18->0x18 inCnt=0 inSC=0 outSC=0 -> 0xe00002c2
#### AGXIOC Method sel=0x18->0x18 inCnt=0 inSC=0 outSC=0 -> 0xe00002c2
#### AGXIOC Method sel=0x18->0x18 inCnt=0 inSC=0 outSC=0 -> 0xe00002c2
#### AGXIOC Method sel=0x18->0x18 inCnt=0 inSC=0 outSC=0 -> 0xe00002c2
#### AGXIOC Method sel=0x18->0x18 inCnt=0 inSC=0 outSC=0 -> 0xe00002c2
#### AGXIOC Method sel=0x18->0x18 inCnt=0 inSC=0 outSC=0 -> 0xe00002c2
#### AGXIOC Method sel=0x18->0x18 inCnt=0 inSC=0 outSC=0 -> 0xe00002c2
#### AGXIOC Method sel=0x18->0x18 inCnt=0 inSC=0 outSC=0 -> 0xe00002c2
#### AGXIOC Method sel=0x18->0x18 inCnt=0 inSC=0 outSC=0 -> 0xe00002c2
#### AGXIOC Method sel=0x18->0x18 inCnt=0 inSC=0 outSC=0 -> 0xe00002c2
#### AGXIOC Method sel=0x18->0x18 inCnt=0 inSC=0 outSC=0 -> 0xe00002c2
#### AGXIOC Method sel=0x18->0x18 inCnt=0 inSC=0 outSC=0 -> 0xe00002c2
#### AGXIOC Method sel=0x18->0x18 inCnt=0 inSC=0 outSC=0 -> 0xe00002c2
#### AGXIOC Method sel=0x18->0x18 inCnt=0 inSC=0 outSC=0 -> 0xe00002c2
#### AGXIOC Method sel=0x18->0x18 inCnt=0 inSC=0 outSC=0 -> 0xe00002c2
#### AGXIOC Method sel=0x18->0x18 inCnt=0 inSC=0 outSC=0 -> 0xe00002c2
#### AGXIOC Method sel=0x18->0x18 inCnt=0 inSC=0 outSC=0 -> 0xe00002c2
#### AGXIOC Method sel=0x18->0x18 inCnt=0 inSC=0 outSC=0 -> 0xe00002c2
#### AGXIOC Method sel=0x18->0x18 inCnt=0 inSC=0 outSC=0 -> 0xe00002c2
#### AGXIOC Method sel=0x18->0x18 inCnt=0 inSC=0 outSC=0 -> 0xe00002c2
#### AGXIOC Method sel=0x18->0x18 inCnt=0 inSC=0 outSC=0 -> 0xe00002c2
#### AGXIOC Method sel=0x18->0x18 inCnt=0 inSC=0 outSC=0 -> 0xe00002c2
#### AGXIOC Method sel=0x18->0x18 inCnt=0 inSC=0 outSC=0 -> 0xe00002c2
#### AGXIOC Method sel=0x18->0x18 inCnt=0 inSC=0 outSC=0 -> 0xe00002c2
[72365:0728/062250.622823:VERBOSE1:net/base/network_delegate.cc:38] NetworkDelegate::NotifyBeforeURLRequest: https://mobile.events.data.microsoft.com/OneCollector/1.0?cors=true&content-type=application/x-json-stream
#### AGXIOC Method sel=0x18->0x18 inCnt=0 inSC=0 outSC=0 -> 0xe00002c2
#### AGXIOC Method sel=0x18->0x18 inCnt=0 inSC=0 outSC=0 -> 0xe00002c2
#### AGXIOC Method sel=0x18->0x18 inCnt=0 inSC=0 outSC=0 -> 0xe00002c2
#### AGXIOC Method sel=0x18->0x18 inCnt=0 inSC=0 outSC=0 -> 0xe00002c2
#### AGXIOC Method sel=0x18->0x18 inCnt=0 inSC=0 outSC=0 -> 0xe00002c2
#### AGXIOC Method sel=0x18->0x18 inCnt=0 inSC=0 outSC=0 -> 0xe00002c2
#### AGXIOC Method sel=0x18->0x18 inCnt=0 inSC=0 outSC=0 -> 0xe00002c2
#### AGXIOC Method sel=0x18->0x18 inCnt=0 inSC=0 outSC=0 -> 0xe00002c2
#### AGXIOC Method sel=0x18->0x18 inCnt=0 inSC=0 outSC=0 -> 0xe00002c2
#### AGXIOC Method sel=0x18->0x18 inCnt=0 inSC=0 outSC=0 -> 0xe00002c2
#### AGXIOC Method sel=0x18->0x18 inCnt=0 inSC=0 outSC=0 -> 0xe00002c2
#### AGXIOC Method sel=0x18->0x18 inCnt=0 inSC=0 outSC=0 -> 0xe00002c2
#### AGXIOC Method sel=0x18->0x18 inCnt=0 inSC=0 outSC=0 -> 0xe00002c2
#### AGXIOC Method sel=0x18->0x18 inCnt=0 inSC=0 outSC=0 -> 0xe00002c2
#### AGXIOC Method sel=0x18->0x18 inCnt=0 inSC=0 outSC=0 -> 0xe00002c2
#### AGXIOC Method sel=0x18->0x18 inCnt=0 inSC=0 outSC=0 -> 0xe00002c2
#### AGXIOC Method sel=0x18->0x18 inCnt=0 inSC=0 outSC=0 -> 0xe00002c2
#### AGXIOC Method sel=0x18->0x18 inCnt=0 inSC=0 outSC=0 -> 0xe00002c2
#### AGXIOC Method sel=0x18->0x18 inCnt=0 inSC=0 outSC=0 -> 0xe00002c2
#### AGXIOC Method sel=0x18->0x18 inCnt=0 inSC=0 outSC=0 -> 0xe00002c2
#### AGXIOC Method sel=0x18->0x18 inCnt=0 inSC=0 outSC=0 -> 0xe00002c2
#### AGXIOC Method sel=0x18->0x18 inCnt=0 inSC=0 outSC=0 -> 0xe00002c2
#### AGXIOC Method sel=0x18->0x18 inCnt=0 inSC=0 outSC=0 -> 0xe00002c2
#### AGXIOC Method sel=0x18->0x18 inCnt=0 inSC=0 outSC=0 -> 0xe00002c2
#### AGXIOC Method sel=0x18->0x18 inCnt=0 inSC=0 outSC=0 -> 0xe00002c2
#### AGXIOC Method sel=0x18->0x18 inCnt=0 inSC=0 outSC=0 -> 0xe00002c2
#### AGXIOC Method sel=0x18->0x18 inCnt=0 inSC=0 outSC=0 -> 0xe00002c2
#### AGXIOC Method sel=0x18->0x18 inCnt=0 inSC=0 outSC=0 -> 0xe00002c2
#### AGXIOC Method sel=0x18->0x18 inCnt=0 inSC=0 outSC=0 -> 0xe00002c2
#### AGXIOC Method sel=0x18->0x18 inCnt=0 inSC=0 outSC=0 -> 0xe00002c2
#### AGXIOC Method sel=0x18->0x18 inCnt=0 inSC=0 outSC=0 -> 0xe00002c2
#### AGXIOC Method sel=0x18->0x18 inCnt=0 inSC=0 outSC=0 -> 0xe00002c2
#### AGXIOC Method sel=0x18->0x18 inCnt=0 inSC=0 outSC=0 -> 0xe00002c2
#### AGXIOC Method sel=0x18->0x18 inCnt=0 inSC=0 outSC=0 -> 0xe00002c2
#### AGXIOC Method sel=0x18->0x18 inCnt=0 inSC=0 outSC=0 -> 0xe00002c2
#### AGXIOC Method sel=0x18->0x18 inCnt=0 inSC=0 outSC=0 -> 0xe00002c2
#### AGXIOC Method sel=0x18->0x18 inCnt=0 inSC=0 outSC=0 -> 0xe00002c2
#### AGXIOC Method sel=0x18->0x18 inCnt=0 inSC=0 outSC=0 -> 0xe00002c2
#### AGXIOC Method sel=0x18->0x18 inCnt=0 inSC=0 outSC=0 -> 0xe00002c2
#### AGXIOC Method sel=0x18->0x18 inCnt=0 inSC=0 outSC=0 -> 0xe00002c2
#### AGXIOC Method sel=0x18->0x18 inCnt=0 inSC=0 outSC=0 -> 0xe00002c2
#### AGXIOC Method sel=0x18->0x18 inCnt=0 inSC=0 outSC=0 -> 0xe00002c2
#### AGXIOC Method sel=0x18->0x18 inCnt=0 inSC=0 outSC=0 -> 0xe00002c2
#### AGXIOC Method sel=0x18->0x18 inCnt=0 inSC=0 outSC=0 -> 0xe00002c2
#### AGXIOC Method sel=0x18->0x18 inCnt=0 inSC=0 outSC=0 -> 0xe00002c2
#### AGXIOC Method sel=0x18->0x18 inCnt=0 inSC=0 outSC=0 -> 0xe00002c2
#### AGXIOC Method sel=0x18->0x18 inCnt=0 inSC=0 outSC=0 -> 0xe00002c2
#### AGXIOC Method sel=0x18->0x18 inCnt=0 inSC=0 outSC=0 -> 0xe00002c2
#### AGXIOC Method sel=0x18->0x18 inCnt=0 inSC=0 outSC=0 -> 0xe00002c2
#### AGXIOC Method sel=0x18->0x18 inCnt=0 inSC=0 outSC=0 -> 0xe00002c2
#### AGXIOC Method sel=0x18->0x18 inCnt=0 inSC=0 outSC=0 -> 0xe00002c2
#### AGXIOC Method sel=0x18->0x18 inCnt=0 inSC=0 outSC=0 -> 0xe00002c2
#### AGXIOC Method sel=0x18->0x18 inCnt=0 inSC=0 outSC=0 -> 0xe00002c2
#### AGXIOC Method sel=0x18->0x18 inCnt=0 inSC=0 outSC=0 -> 0xe00002c2
#### AGXIOC Method sel=0x18->0x18 inCnt=0 inSC=0 outSC=0 -> 0xe00002c2
#### AGXIOC Method sel=0x18->0x18 inCnt=0 inSC=0 outSC=0 -> 0xe00002c2
#### AGXIOC Method sel=0x18->0x18 inCnt=0 inSC=0 outSC=0 -> 0xe00002c2
#### AGXIOC Method sel=0x18->0x18 inCnt=0 inSC=0 outSC=0 -> 0xe00002c2
#### AGXIOC Method sel=0x18->0x18 inCnt=0 inSC=0 outSC=0 -> 0xe00002c2
#### AGXIOC Method sel=0x18->0x18 inCnt=0 inSC=0 outSC=0 -> 0xe00002c2
#### AGXIOC Method sel=0x18->0x18 inCnt=0 inSC=0 outSC=0 -> 0xe00002c2
#### AGXIOC Method sel=0x18->0x18 inCnt=0 inSC=0 outSC=0 -> 0xe00002c2
#### AGXIOC Method sel=0x18->0x18 inCnt=0 inSC=0 outSC=0 -> 0xe00002c2
#### AGXIOC Method sel=0x18->0x18 inCnt=0 inSC=0 outSC=0 -> 0xe00002c2
#### AGXIOC Method sel=0x18->0x18 inCnt=0 inSC=0 outSC=0 -> 0xe00002c2
#### AGXIOC Method sel=0x18->0x18 inCnt=0 inSC=0 outSC=0 -> 0xe00002c2
#### AGXIOC Method sel=0x18->0x18 inCnt=0 inSC=0 outSC=0 -> 0xe00002c2
#### AGXIOC Method sel=0x18->0x18 inCnt=0 inSC=0 outSC=0 -> 0xe00002c2
#### AGXIOC Method sel=0x18->0x18 inCnt=0 inSC=0 outSC=0 -> 0xe00002c2
#### AGXIOC Method sel=0x18->0x18 inCnt=0 inSC=0 outSC=0 -> 0xe00002c2
#### AGXIOC Method sel=0x18->0x18 inCnt=0 inSC=0 outSC=0 -> 0xe00002c2
#### AGXIOC Method sel=0x18->0x18 inCnt=0 inSC=0 outSC=0 -> 0xe00002c2
#### AGXIOC Method sel=0x18->0x18 inCnt=0 inSC=0 outSC=0 -> 0xe00002c2
#### AGXIOC Method sel=0x18->0x18 inCnt=0 inSC=0 outSC=0 -> 0xe00002c2
#### AGXIOC Method sel=0x18->0x18 inCnt=0 inSC=0 outSC=0 -> 0xe00002c2
#### AGXIOC Method sel=0x18->0x18 inCnt=0 inSC=0 outSC=0 -> 0xe00002c2
#### AGXIOC Method sel=0x18->0x18 inCnt=0 inSC=0 outSC=0 -> 0xe00002c2
#### AGXIOC Method sel=0x18->0x18 inCnt=0 inSC=0 outSC=0 -> 0xe00002c2
#### AGXIOC Method sel=0x18->0x18 inCnt=0 inSC=0 outSC=0 -> 0xe00002c2
#### AGXIOC Method sel=0x18->0x18 inCnt=0 inSC=0 outSC=0 -> 0xe00002c2
#### AGXIOC Method sel=0x18->0x18 inCnt=0 inSC=0 outSC=0 -> 0xe00002c2
#### AGXIOC Method sel=0x18->0x18 inCnt=0 inSC=0 outSC=0 -> 0xe00002c2
#### AGXIOC Method sel=0x18->0x18 inCnt=0 inSC=0 outSC=0 -> 0xe00002c2
#### AGXIOC Method sel=0x18->0x18 inCnt=0 inSC=0 outSC=0 -> 0xe00002c2
#### AGXIOC Method sel=0x18->0x18 inCnt=0 inSC=0 outSC=0 -> 0xe00002c2
#### AGXIOC Method sel=0x18->0x18 inCnt=0 inSC=0 outSC=0 -> 0xe00002c2
#### AGXIOC Method sel=0x18->0x18 inCnt=0 inSC=0 outSC=0 -> 0xe00002c2
#### AGXIOC Method sel=0x18->0x18 inCnt=0 inSC=0 outSC=0 -> 0xe00002c2
#### AGXIOC Method sel=0x18->0x18 inCnt=0 inSC=0 outSC=0 -> 0xe00002c2
#### AGXIOC Method sel=0x18->0x18 inCnt=0 inSC=0 outSC=0 -> 0xe00002c2
#### AGXIOC Method sel=0x18->0x18 inCnt=0 inSC=0 outSC=0 -> 0xe00002c2
#### AGXIOC Method sel=0x18->0x18 inCnt=0 inSC=0 outSC=0 -> 0xe00002c2
#### AGXIOC Method sel=0x18->0x18 inCnt=0 inSC=0 outSC=0 -> 0xe00002c2
#### AGXIOC Method sel=0x18->0x18 inCnt=0 inSC=0 outSC=0 -> 0xe00002c2
#### AGXIOC Method sel=0x18->0x18 inCnt=0 inSC=0 outSC=0 -> 0xe00002c2
#### AGXIOC Method sel=0x18->0x18 inCnt=0 inSC=0 outSC=0 -> 0xe00002c2
#### AGXIOC Method sel=0x18->0x18 inCnt=0 inSC=0 outSC=0 -> 0xe00002c2
#### AGXIOC Method sel=0x18->0x18 inCnt=0 inSC=0 outSC=0 -> 0xe00002c2
#### AGXIOC Method sel=0x18->0x18 inCnt=0 inSC=0 outSC=0 -> 0xe00002c2
#### AGXIOC Method sel=0x18->0x18 inCnt=0 inSC=0 outSC=0 -> 0xe00002c2
#### AGXIOC Method sel=0x18->0x18 inCnt=0 inSC=0 outSC=0 -> 0xe00002c2
#### AGXIOC Method sel=0x18->0x18 inCnt=0 inSC=0 outSC=0 -> 0xe00002c2
#### AGXIOC Method sel=0x18->0x18 inCnt=0 inSC=0 outSC=0 -> 0xe00002c2
#### AGXIOC Method sel=0x18->0x18 inCnt=0 inSC=0 outSC=0 -> 0xe00002c2
#### AGXIOC Method sel=0x18->0x18 inCnt=0 inSC=0 outSC=0 -> 0xe00002c2
#### AGXIOC Method sel=0x18->0x18 inCnt=0 inSC=0 outSC=0 -> 0xe00002c2
#### AGXIOC Method sel=0x18->0x18 inCnt=0 inSC=0 outSC=0 -> 0xe00002c2
#### AGXIOC Method sel=0x18->0x18 inCnt=0 inSC=0 outSC=0 -> 0xe00002c2
#### AGXIOC Method sel=0x18->0x18 inCnt=0 inSC=0 outSC=0 -> 0xe00002c2
#### AGXIOC Method sel=0x18->0x18 inCnt=0 inSC=0 outSC=0 -> 0xe00002c2
#### AGXIOC Method sel=0x18->0x18 inCnt=0 inSC=0 outSC=0 -> 0xe00002c2
#### AGXIOC Method sel=0x18->0x18 inCnt=0 inSC=0 outSC=0 -> 0xe00002c2
#### AGXIOC Method sel=0x18->0x18 inCnt=0 inSC=0 outSC=0 -> 0xe00002c2
#### AGXIOC Method sel=0x18->0x18 inCnt=0 inSC=0 outSC=0 -> 0xe00002c2
#### AGXIOC Method sel=0x18->0x18 inCnt=0 inSC=0 outSC=0 -> 0xe00002c2
#### AGXIOC Method sel=0x18->0x18 inCnt=0 inSC=0 outSC=0 -> 0xe00002c2
#### AGXIOC Method sel=0x18->0x18 inCnt=0 inSC=0 outSC=0 -> 0xe00002c2
#### AGXIOC Method sel=0x18->0x18 inCnt=0 inSC=0 outSC=0 -> 0xe00002c2
#### AGXIOC Method sel=0x18->0x18 inCnt=0 inSC=0 outSC=0 -> 0xe00002c2
#### AGXIOC Method sel=0x18->0x18 inCnt=0 inSC=0 outSC=0 -> 0xe00002c2
#### AGXIOC Method sel=0x18->0x18 inCnt=0 inSC=0 outSC=0 -> 0xe00002c2
#### AGXIOC Method sel=0x18->0x18 inCnt=0 inSC=0 outSC=0 -> 0xe00002c2
#### AGXIOC Method sel=0x18->0x18 inCnt=0 inSC=0 outSC=0 -> 0xe00002c2
#### AGXIOC Method sel=0x18->0x18 inCnt=0 inSC=0 outSC=0 -> 0xe00002c2
#### AGXIOC Method sel=0x18->0x18 inCnt=0 inSC=0 outSC=0 -> 0xe00002c2
#### AGXIOC Method sel=0x18->0x18 inCnt=0 inSC=0 outSC=0 -> 0xe00002c2
#### AGXIOC Method sel=0x18->0x18 inCnt=0 inSC=0 outSC=0 -> 0xe00002c2
#### AGXIOC Method sel=0x18->0x18 inCnt=0 inSC=0 outSC=0 -> 0xe00002c2
#### AGXIOC Method sel=0x18->0x18 inCnt=0 inSC=0 outSC=0 -> 0xe00002c2
#### AGXIOC Method sel=0x18->0x18 inCnt=0 inSC=0 outSC=0 -> 0xe00002c2
#### AGXIOC Method sel=0x18->0x18 inCnt=0 inSC=0 outSC=0 -> 0xe00002c2
#### AGXIOC Method sel=0x18->0x18 inCnt=0 inSC=0 outSC=0 -> 0xe00002c2
#### AGXIOC Method sel=0x18->0x18 inCnt=0 inSC=0 outSC=0 -> 0xe00002c2
#### AGXIOC Method sel=0x18->0x18 inCnt=0 inSC=0 outSC=0 -> 0xe00002c2
#### AGXIOC Method sel=0x18->0x18 inCnt=0 inSC=0 outSC=0 -> 0xe00002c2
#### AGXIOC Method sel=0x18->0x18 inCnt=0 inSC=0 outSC=0 -> 0xe00002c2
#### AGXIOC Method sel=0x18->0x18 inCnt=0 inSC=0 outSC=0 -> 0xe00002c2
#### AGXIOC Method sel=0x18->0x18 inCnt=0 inSC=0 outSC=0 -> 0xe00002c2
#### AGXIOC Method sel=0x18->0x18 inCnt=0 inSC=0 outSC=0 -> 0xe00002c2
#### AGXIOC Method sel=0x18->0x18 inCnt=0 inSC=0 outSC=0 -> 0xe00002c2
#### AGXIOC Method sel=0x18->0x18 inCnt=0 inSC=0 outSC=0 -> 0xe00002c2
#### AGXIOC Method sel=0x18->0x18 inCnt=0 inSC=0 outSC=0 -> 0xe00002c2
#### AGXIOC Method sel=0x18->0x18 inCnt=0 inSC=0 outSC=0 -> 0xe00002c2
#### AGXIOC Method sel=0x18->0x18 inCnt=0 inSC=0 outSC=0 -> 0xe00002c2
#### AGXIOC Method sel=0x18->0x18 inCnt=0 inSC=0 outSC=0 -> 0xe00002c2
#### AGXIOC Method sel=0x18->0x18 inCnt=0 inSC=0 outSC=0 -> 0xe00002c2
#### AGXIOC Method sel=0x18->0x18 inCnt=0 inSC=0 outSC=0 -> 0xe00002c2
#### AGXIOC Method sel=0x18->0x18 inCnt=0 inSC=0 outSC=0 -> 0xe00002c2
#### AGXIOC Method sel=0x18->0x18 inCnt=0 inSC=0 outSC=0 -> 0xe00002c2
#### AGXIOC Method sel=0x18->0x18 inCnt=0 inSC=0 outSC=0 -> 0xe00002c2
#### AGXIOC Method sel=0x18->0x18 inCnt=0 inSC=0 outSC=0 -> 0xe00002c2
#### AGXIOC Method sel=0x18->0x18 inCnt=0 inSC=0 outSC=0 -> 0xe00002c2
#### AGXIOC Method sel=0x18->0x18 inCnt=0 inSC=0 outSC=0 -> 0xe00002c2
#### AGXIOC Method sel=0x1e->0x1a inCnt=4 inSC=56 outSC=0 -> 0x0
#### AGXIOC Method sel=0x18->0x18 inCnt=0 inSC=0 outSC=0 -> 0xe00002c2
#### AGXIOC Method sel=0x18->0x18 inCnt=0 inSC=0 outSC=0 -> 0xe00002c2
#### JIT-MPROTECT flip #6144 ranges=1 prot=RX writers=1 exec_waits=584 late_retries=52
#### AGXIOC Method sel=0x18->0x18 inCnt=0 inSC=0 outSC=0 -> 0xe00002c2
#### AGXIOC Method sel=0x18->0x18 inCnt=0 inSC=0 outSC=0 -> 0xe00002c2
#### AGXIOC Method sel=0x18->0x18 inCnt=0 inSC=0 outSC=0 -> 0xe00002c2
#### AGXIOC Method sel=0x18->0x18 inCnt=0 inSC=0 outSC=0 -> 0xe00002c2
#### AGXIOC Method sel=0x18->0x18 inCnt=0 inSC=0 outSC=0 -> 0xe00002c2
#### AGXIOC Method sel=0x18->0x18 inCnt=0 inSC=0 outSC=0 -> 0xe00002c2
#### AGXIOC Method sel=0x18->0x18 inCnt=0 inSC=0 outSC=0 -> 0xe00002c2
#### AGXIOC Method sel=0x18->0x18 inCnt=0 inSC=0 outSC=0 -> 0xe00002c2
#### AGXIOC Method sel=0x18->0x18 inCnt=0 inSC=0 outSC=0 -> 0xe00002c2
#### AGXIOC Method sel=0x18->0x18 inCnt=0 inSC=0 outSC=0 -> 0xe00002c2
#### AGXIOC Method sel=0x18->0x18 inCnt=0 inSC=0 outSC=0 -> 0xe00002c2
#### AGXIOC Method sel=0x18->0x18 inCnt=0 inSC=0 outSC=0 -> 0xe00002c2
#### AGXIOC Method sel=0x18->0x18 inCnt=0 inSC=0 outSC=0 -> 0xe00002c2
#### AGXIOC Method sel=0x18->0x18 inCnt=0 inSC=0 outSC=0 -> 0xe00002c2
#### AGXIOC Method sel=0x18->0x18 inCnt=0 inSC=0 outSC=0 -> 0xe00002c2
#### AGXIOC Method sel=0x18->0x18 inCnt=0 inSC=0 outSC=0 -> 0xe00002c2
#### AGXIOC Method sel=0x18->0x18 inCnt=0 inSC=0 outSC=0 -> 0xe00002c2
#### AGXIOC Method sel=0x18->0x18 inCnt=0 inSC=0 outSC=0 -> 0xe00002c2
#### AGXIOC Method sel=0x18->0x18 inCnt=0 inSC=0 outSC=0 -> 0xe00002c2
#### AGXIOC Method sel=0x18->0x18 inCnt=0 inSC=0 outSC=0 -> 0xe00002c2
#### AGXIOC Method sel=0x18->0x18 inCnt=0 inSC=0 outSC=0 -> 0xe00002c2
#### AGXIOC Method sel=0x18->0x18 inCnt=0 inSC=0 outSC=0 -> 0xe00002c2
#### AGXIOC Method sel=0x18->0x18 inCnt=0 inSC=0 outSC=0 -> 0xe00002c2
#### AGXIOC Method sel=0x18->0x18 inCnt=0 inSC=0 outSC=0 -> 0xe00002c2
#### AGXIOC Method sel=0x18->0x18 inCnt=0 inSC=0 outSC=0 -> 0xe00002c2
[72325:0728/062303.361833:VERBOSE1:content/browser/renderer_host/media/media_stream_manager.cc:1515] MSPL::OnSuspend([this=0x6000d2ea8])
[72325:0728/062304.543613:VERBOSE1:content/browser/renderer_host/media/media_stream_manager.cc:1515] MSPL::OnResume([this=0x6000d2ea8])
#### AGXIOC Method sel=0x18->0x18 inCnt=0 inSC=0 outSC=0 -> 0xe00002c2
#### AGXIOC Method sel=0x18->0x18 inCnt=0 inSC=0 outSC=0 -> 0xe00002c2
#### AGXIOC Method sel=0x18->0x18 inCnt=0 inSC=0 outSC=0 -> 0xe00002c2
#### AGXIOC Method sel=0x18->0x18 inCnt=0 inSC=0 outSC=0 -> 0xe00002c2
#### AGXIOC Method sel=0x18->0x18 inCnt=0 inSC=0 outSC=0 -> 0xe00002c2
#### AGXIOC Method sel=0x18->0x18 inCnt=0 inSC=0 outSC=0 -> 0xe00002c2
#### AGXIOC Method sel=0x18->0x18 inCnt=0 inSC=0 outSC=0 -> 0xe00002c2
#### AGXIOC Method sel=0x18->0x18 inCnt=0 inSC=0 outSC=0 -> 0xe00002c2
#### AGXIOC Method sel=0x18->0x18 inCnt=0 inSC=0 outSC=0 -> 0xe00002c2
#### AGXIOC Method sel=0x18->0x18 inCnt=0 inSC=0 outSC=0 -> 0xe00002c2
#### AGXIOC Method sel=0x18->0x18 inCnt=0 inSC=0 outSC=0 -> 0xe00002c2
#### AGXIOC Method sel=0x18->0x18 inCnt=0 inSC=0 outSC=0 -> 0xe00002c2
#### AGXIOC Method sel=0x18->0x18 inCnt=0 inSC=0 outSC=0 -> 0xe00002c2
#### AGXIOC Method sel=0x18->0x18 inCnt=0 inSC=0 outSC=0 -> 0xe00002c2
#### AGXIOC Method sel=0x18->0x18 inCnt=0 inSC=0 outSC=0 -> 0xe00002c2
#### AGXIOC Method sel=0x18->0x18 inCnt=0 inSC=0 outSC=0 -> 0xe00002c2
#### AGXIOC Method sel=0x18->0x18 inCnt=0 inSC=0 outSC=0 -> 0xe00002c2
#### AGXIOC Method sel=0x18->0x18 inCnt=0 inSC=0 outSC=0 -> 0xe00002c2
#### AGXIOC Method sel=0x18->0x18 inCnt=0 inSC=0 outSC=0 -> 0xe00002c2
#### AGXIOC Method sel=0x18->0x18 inCnt=0 inSC=0 outSC=0 -> 0xe00002c2
#### AGXIOC Method sel=0x18->0x18 inCnt=0 inSC=0 outSC=0 -> 0xe00002c2
#### AGXIOC Method sel=0x18->0x18 inCnt=0 inSC=0 outSC=0 -> 0xe00002c2
#### AGXIOC Method sel=0x18->0x18 inCnt=0 inSC=0 outSC=0 -> 0xe00002c2
#### AGXIOC Method sel=0x18->0x18 inCnt=0 inSC=0 outSC=0 -> 0xe00002c2
#### AGXIOC Method sel=0x18->0x18 inCnt=0 inSC=0 outSC=0 -> 0xe00002c2
#### AGXIOC Method sel=0x18->0x18 inCnt=0 inSC=0 outSC=0 -> 0xe00002c2
#### AGXIOC Method sel=0x18->0x18 inCnt=0 inSC=0 outSC=0 -> 0xe00002c2
#### AGXIOC Method sel=0x18->0x18 inCnt=0 inSC=0 outSC=0 -> 0xe00002c2
#### AGXIOC Method sel=0x18->0x18 inCnt=0 inSC=0 outSC=0 -> 0xe00002c2
[72365:0728/062306.320813:VERBOSE1:net/base/network_delegate.cc:38] NetworkDelegate::NotifyBeforeURLRequest: https://mobile.events.data.microsoft.com/OneCollector/1.0?cors=true&content-type=application/x-json-stream
#### AGXIOC Method sel=0x18->0x18 inCnt=0 inSC=0 outSC=0 -> 0xe00002c2
#### AGXIOC Method sel=0x18->0x18 inCnt=0 inSC=0 outSC=0 -> 0xe00002c2
#### AGXIOC Method sel=0x18->0x18 inCnt=0 inSC=0 outSC=0 -> 0xe00002c2
#### AGXIOC Method sel=0x18->0x18 inCnt=0 inSC=0 outSC=0 -> 0xe00002c2
#### AGXIOC Method sel=0x18->0x18 inCnt=0 inSC=0 outSC=0 -> 0xe00002c2
#### AGXIOC Method sel=0x18->0x18 inCnt=0 inSC=0 outSC=0 -> 0xe00002c2
#### AGXIOC Method sel=0x18->0x18 inCnt=0 inSC=0 outSC=0 -> 0xe00002c2
#### AGXIOC Method sel=0x18->0x18 inCnt=0 inSC=0 outSC=0 -> 0xe00002c2
#### AGXIOC Method sel=0x18->0x18 inCnt=0 inSC=0 outSC=0 -> 0xe00002c2
#### AGXIOC Method sel=0x18->0x18 inCnt=0 inSC=0 outSC=0 -> 0xe00002c2
#### AGXIOC Method sel=0x18->0x18 inCnt=0 inSC=0 outSC=0 -> 0xe00002c2
#### AGXIOC Method sel=0x18->0x18 inCnt=0 inSC=0 outSC=0 -> 0xe00002c2
#### AGXIOC Method sel=0x18->0x18 inCnt=0 inSC=0 outSC=0 -> 0xe00002c2
#### AGXIOC Method sel=0x18->0x18 inCnt=0 inSC=0 outSC=0 -> 0xe00002c2
#### AGXIOC Method sel=0x18->0x18 inCnt=0 inSC=0 outSC=0 -> 0xe00002c2
#### AGXIOC Method sel=0x18->0x18 inCnt=0 inSC=0 outSC=0 -> 0xe00002c2
#### AGXIOC Method sel=0x18->0x18 inCnt=0 inSC=0 outSC=0 -> 0xe00002c2
#### AGXIOC Method sel=0x18->0x18 inCnt=0 inSC=0 outSC=0 -> 0xe00002c2
#### AGXIOC Method sel=0x18->0x18 inCnt=0 inSC=0 outSC=0 -> 0xe00002c2
#### AGXIOC Method sel=0x18->0x18 inCnt=0 inSC=0 outSC=0 -> 0xe00002c2
#### AGXIOC Method sel=0x18->0x18 inCnt=0 inSC=0 outSC=0 -> 0xe00002c2
#### AGXIOC Method sel=0x18->0x18 inCnt=0 inSC=0 outSC=0 -> 0xe00002c2
#### AGXIOC Method sel=0x18->0x18 inCnt=0 inSC=0 outSC=0 -> 0xe00002c2
#### AGXIOC Method sel=0x18->0x18 inCnt=0 inSC=0 outSC=0 -> 0xe00002c2
#### AGXIOC Method sel=0x18->0x18 inCnt=0 inSC=0 outSC=0 -> 0xe00002c2
#### AGXIOC Method sel=0x18->0x18 inCnt=0 inSC=0 outSC=0 -> 0xe00002c2
#### AGXIOC Method sel=0x18->0x18 inCnt=0 inSC=0 outSC=0 -> 0xe00002c2
#### AGXIOC Method sel=0x18->0x18 inCnt=0 inSC=0 outSC=0 -> 0xe00002c2
#### AGXIOC Method sel=0x18->0x18 inCnt=0 inSC=0 outSC=0 -> 0xe00002c2
#### AGXIOC Method sel=0x18->0x18 inCnt=0 inSC=0 outSC=0 -> 0xe00002c2
[72325:0728/062308.740727:VERBOSE1:content/browser/renderer_host/media/media_stream_manager.cc:1515] MSPL::OnSuspend([this=0x6000d2ea8])
[72325:0728/062309.854365:VERBOSE1:content/browser/renderer_host/media/media_stream_manager.cc:1515] MSPL::OnResume([this=0x6000d2ea8])
#### AGXIOC Method sel=0x18->0x18 inCnt=0 inSC=0 outSC=0 -> 0xe00002c2
#### AGXIOC Method sel=0x18->0x18 inCnt=0 inSC=0 outSC=0 -> 0xe00002c2
#### AGXIOC Method sel=0x18->0x18 inCnt=0 inSC=0 outSC=0 -> 0xe00002c2
#### AGXIOC Method sel=0x18->0x18 inCnt=0 inSC=0 outSC=0 -> 0xe00002c2
#### AGXIOC Method sel=0x18->0x18 inCnt=0 inSC=0 outSC=0 -> 0xe00002c2
#### AGXIOC Method sel=0x18->0x18 inCnt=0 inSC=0 outSC=0 -> 0xe00002c2
#### AGXIOC Method sel=0x18->0x18 inCnt=0 inSC=0 outSC=0 -> 0xe00002c2
#### AGXIOC Method sel=0x18->0x18 inCnt=0 inSC=0 outSC=0 -> 0xe00002c2
#### AGXIOC Method sel=0x18->0x18 inCnt=0 inSC=0 outSC=0 -> 0xe00002c2
#### AGXIOC Method sel=0x18->0x18 inCnt=0 inSC=0 outSC=0 -> 0xe00002c2
#### AGXIOC Method sel=0x18->0x18 inCnt=0 inSC=0 outSC=0 -> 0xe00002c2
#### AGXIOC Method sel=0x18->0x18 inCnt=0 inSC=0 outSC=0 -> 0xe00002c2
#### AGXIOC Method sel=0x18->0x18 inCnt=0 inSC=0 outSC=0 -> 0xe00002c2
#### AGXIOC Method sel=0x18->0x18 inCnt=0 inSC=0 outSC=0 -> 0xe00002c2
#### AGXIOC Method sel=0x18->0x18 inCnt=0 inSC=0 outSC=0 -> 0xe00002c2
#### AGX_LIFE DESTROY id=0x41 type=0x82 surf=0xf8 bytes=0x108000 kr=0 okC=2934 failC=0 okD=2500 failD=0 unmatchedD=0 full=0 live=434/68MB [t0=380/22MB t80=0/0MB t82=54/45MB]
#### AGXIOC Method sel=0x18->0x18 inCnt=0 inSC=0 outSC=0 -> 0xe00002c2
#### AGXIOC Method sel=0x18->0x18 inCnt=0 inSC=0 outSC=0 -> 0xe00002c2
#### AGXIOC Method sel=0x18->0x18 inCnt=0 inSC=0 outSC=0 -> 0xe00002c2
#### AGXIOC Method sel=0x18->0x18 inCnt=0 inSC=0 outSC=0 -> 0xe00002c2
#### AGXIOC Method sel=0x18->0x18 inCnt=0 inSC=0 outSC=0 -> 0xe00002c2
#### AGXIOC Method sel=0x18->0x18 inCnt=0 inSC=0 outSC=0 -> 0xe00002c2
[72365:0728/062311.631730:VERBOSE1:net/base/network_delegate.cc:38] NetworkDelegate::NotifyBeforeURLRequest: https://mobile.events.data.microsoft.com/OneCollector/1.0?cors=true&content-type=application/x-json-stream
[72325:0728/062314.056500:VERBOSE1:content/browser/renderer_host/media/media_stream_manager.cc:1515] MSPL::OnSuspend([this=0x6000d2ea8])
[72325:0728/062315.100956:VERBOSE1:content/browser/renderer_host/media/media_stream_manager.cc:1515] MSPL::OnResume([this=0x6000d2ea8])
[72365:0728/062316.879404:VERBOSE1:net/base/network_delegate.cc:38] NetworkDelegate::NotifyBeforeURLRequest: https://mobile.events.data.microsoft.com/OneCollector/1.0?cors=true&content-type=application/x-json-stream
[72325:0728/062319.275237:VERBOSE1:content/browser/renderer_host/media/media_stream_manager.cc:1515] MSPL::OnSuspend([this=0x6000d2ea8])
[72325:0728/062320.349387:VERBOSE1:content/browser/renderer_host/media/media_stream_manager.cc:1515] MSPL::OnResume([this=0x6000d2ea8])
[72365:0728/062322.139443:VERBOSE1:net/base/network_delegate.cc:38] NetworkDelegate::NotifyBeforeURLRequest: https://mobile.events.data.microsoft.com/OneCollector/1.0?cors=true&content-type=application/x-json-stream
[72325:0728/062324.583789:VERBOSE1:content/browser/renderer_host/media/media_stream_manager.cc:1515] MSPL::OnSuspend([this=0x6000d2ea8])
[72325:0728/062325.601565:VERBOSE1:content/browser/renderer_host/media/media_stream_manager.cc:1515] MSPL::OnResume([this=0x6000d2ea8])
[72365:0728/062327.387810:VERBOSE1:net/base/network_delegate.cc:38] NetworkDelegate::NotifyBeforeURLRequest: https://mobile.events.data.microsoft.com/OneCollector/1.0?cors=true&content-type=application/x-json-stream
[72325:0728/062329.831344:VERBOSE1:content/browser/renderer_host/media/media_stream_manager.cc:1515] MSPL::OnSuspend([this=0x6000d2ea8])
[72325:0728/062330.855203:VERBOSE1:content/browser/renderer_host/media/media_stream_manager.cc:1515] MSPL::OnResume([this=0x6000d2ea8])
[72365:0728/062332.632292:VERBOSE1:net/base/network_delegate.cc:38] NetworkDelegate::NotifyBeforeURLRequest: https://mobile.events.data.microsoft.com/OneCollector/1.0?cors=true&content-type=application/x-json-stream
[72325:0728/062335.077154:VERBOSE1:content/browser/renderer_host/media/media_stream_manager.cc:1515] MSPL::OnSuspend([this=0x6000d2ea8])
[72325:0728/062336.104562:VERBOSE1:content/browser/renderer_host/media/media_stream_manager.cc:1515] MSPL::OnResume([this=0x6000d2ea8])
[72365:0728/062337.886064:VERBOSE1:net/base/network_delegate.cc:38] NetworkDelegate::NotifyBeforeURLRequest: https://mobile.events.data.microsoft.com/OneCollector/1.0?cors=true&content-type=application/x-json-stream
[72325:0728/062340.331893:VERBOSE1:content/browser/renderer_host/media/media_stream_manager.cc:1515] MSPL::OnSuspend([this=0x6000d2ea8])
[72325:0728/062341.355999:VERBOSE1:content/browser/renderer_host/media/media_stream_manager.cc:1515] MSPL::OnResume([this=0x6000d2ea8])
[72365:0728/062342.357513:VERBOSE1:net/base/network_delegate.cc:38] NetworkDelegate::NotifyBeforeURLRequest: https://mobile.events.data.microsoft.com/OneCollector/1.0?cors=true&content-type=application/x-json-stream
[72325:0728/062345.525222:VERBOSE1:content/browser/renderer_host/media/media_stream_manager.cc:1515] MSPL::OnSuspend([this=0x6000d2ea8])
[72325:0728/062346.605253:VERBOSE1:content/browser/renderer_host/media/media_stream_manager.cc:1515] MSPL::OnResume([this=0x6000d2ea8])
[72365:0728/062348.393642:VERBOSE1:net/base/network_delegate.cc:38] NetworkDelegate::NotifyBeforeURLRequest: https://mobile.events.data.microsoft.com/OneCollector/1.0?cors=true&content-type=application/x-json-stream
[72365:0728/062351.654910:VERBOSE1:net/base/network_delegate.cc:38] NetworkDelegate::NotifyBeforeURLRequest: https://webglsamples.org/aquarium/aquarium.html
[72365:0728/062351.663765:VERBOSE1:net/third_party/quiche/src/quiche/quic/core/tls_handshaker.cc:109] TlsClient: Continuing handshake
[72365:0728/062351.845046:VERBOSE1:net/third_party/quiche/src/quiche/quic/core/tls_handshaker.cc:109] TlsClient: Continuing handshake
[72365:0728/062351.845143:VERBOSE1:net/third_party/quiche/src/quiche/quic/core/tls_handshaker.cc:109] TlsClient: Continuing handshake
[72365:0728/062351.845518:VERBOSE1:net/third_party/quiche/src/quiche/quic/core/tls_handshaker.cc:109] TlsClient: Continuing handshake
[72365:0728/062351.845555:VERBOSE1:net/third_party/quiche/src/quiche/quic/core/tls_handshaker.cc:109] TlsClient: Continuing handshake
[72365:0728/062351.846527:VERBOSE1:net/third_party/quiche/src/quiche/quic/core/tls_handshaker.cc:109] TlsClient: Continuing handshake
[72365:0728/062351.846625:VERBOSE1:net/third_party/quiche/src/quiche/quic/core/tls_handshaker.cc:162] SSL_do_handshake failed; SSL_get_error returns 1, SSLErrorStack: [handshake.cc:298] error:1000007d:SSL routines:OPENSSL_internal:CERTIFICATE_VERIFY_FAILED
#### AGXIOC Method sel=0x18->0x18 inCnt=0 inSC=0 outSC=0 -> 0xe00002c2
[72550:0728/062352.715011:VERBOSE1:extensions/renderer/dispatcher.cc:689] Num tracked contexts: 1
[72550:0728/062352.715208:VERBOSE1:extensions/renderer/dispatcher.cc:689] Num tracked contexts: 0
[72325:0728/062352.717924:VERBOSE1:content/browser/renderer_host/back_forward_cache_impl.cc:853] BackForwardCacheImpl::GetCurrentBackForwardCacheEligibility: https://webglsamples.org/aquarium/aquarium.html : No: Browsing instance is not swapped, BackForwardCache is not supported by delegate
[72325:0728/062352.717992:VERBOSE1:content/browser/renderer_host/back_forward_cache_impl.cc:853] BackForwardCacheImpl::GetCompleteBackForwardCacheEligibilityForReporting: https://webglsamples.org/aquarium/aquarium.html : No: blocklisted features: WebXR, Browsing instance is not swapped, BackForwardCache is not supported by delegate
[72550:0728/062352.718700:VERBOSE1:extensions/renderer/script_context.cc:150] Created context:
  extension id:           (none)
  frame:                  0xe02683070
  URL:                    
  context_type:           WEB_PAGE
  effective extension id: (none)
  effective context type: WEB_PAGE
[72550:0728/062352.718782:VERBOSE1:extensions/renderer/script_context.cc:150] Created context:
  extension id:           (none)
  frame:                  (nil)
  URL:                    
  context_type:           UNSPECIFIED
  effective extension id: (none)
  effective context type: UNSPECIFIED
[72550:0728/062352.718845:VERBOSE1:extensions/renderer/dispatcher.cc:493] Num tracked contexts: 1
[72550:0728/062352.720250:VERBOSE1:extensions/renderer/script_context.cc:150] Created context:
  extension id:           (none)
  frame:                  0xe02683070
  URL:                    
  context_type:           WEB_PAGE
  effective extension id: (none)
  effective context type: WEB_PAGE
[72550:0728/062352.720335:VERBOSE1:extensions/renderer/script_context.cc:150] Created context:
  extension id:           (none)
  frame:                  (nil)
  URL:                    
  context_type:           UNSPECIFIED
  effective extension id: (none)
  effective context type: UNSPECIFIED
[72550:0728/062352.720414:VERBOSE1:extensions/renderer/dispatcher.cc:493] Num tracked contexts: 2
[72550:0728/062352.724234:VERBOSE1:extensions/renderer/script_context.cc:163] Destroyed context for extension
  extension id: 
  effective extension id: 
[72550:0728/062352.724323:VERBOSE1:extensions/renderer/script_context.cc:163] Destroyed context for extension
  extension id: 
  effective extension id: 
[72550:0728/062352.724362:VERBOSE1:extensions/renderer/script_context.cc:163] Destroyed context for extension
  extension id: 
  effective extension id: 
[72550:0728/062352.724400:VERBOSE1:extensions/renderer/script_context.cc:163] Destroyed context for extension
  extension id: 
  effective extension id: 
[91m[main 2026-07-28T13:23:52.743Z][0m [uncaught exception in main]: Refused to handle ipcMain event for channel 'vscode:b111800d-a136-4728-b9fa-e958954f4e31' because of a bad origin of 'webglsamples.org'.
Error occurred in handler for 'vscode:b111800d-a136-4728-b9fa-e958954f4e31': Invalid channel 'vscode:b111800d-a136-4728-b9fa-e958954f4e31' or sender for ipcMain.handle() usage.
[91m[main 2026-07-28T13:23:52.744Z][0m [uncaught exception in main]: Refused to handle ipcMain event for channel 'vscode:fetchShellEnv' because of a bad origin of 'webglsamples.org'.
Error occurred in handler for 'vscode:fetchShellEnv': Invalid channel 'vscode:fetchShellEnv' or sender for ipcMain.handle() usage.
[72325:0728/062352.756167:INFO:CONSOLE:4] "Uncaught (in promise) Error: Preload: unable to fetch vscode-window-config: Error: Error invoking remote method 'vscode:b111800d-a136-4728-b9fa-e958954f4e31': Invalid channel 'vscode:b111800d-a136-4728-b9fa-e958954f4e31' or sender for ipcMain.handle() usage.", source: /Applications/Visual Studio Code.app/Contents/Resources/app/out/vs/base/parts/sandbox/electron-browser/preload.js (4)
[72365:0728/062352.812215:VERBOSE1:net/base/network_delegate.cc:38] NetworkDelegate::NotifyBeforeURLRequest: https://webglsamples.org/aquarium/assets/PropPlacement.js
[72365:0728/062352.812720:VERBOSE1:net/base/network_delegate.cc:38] NetworkDelegate::NotifyBeforeURLRequest: https://webglsamples.org/aquarium/assets/SmallFishA.js
[72365:0728/062352.813185:VERBOSE1:net/base/network_delegate.cc:38] NetworkDelegate::NotifyBeforeURLRequest: https://webglsamples.org/aquarium/assets/MediumFishA.js
[72365:0728/062352.813620:VERBOSE1:net/base/network_delegate.cc:38] NetworkDelegate::NotifyBeforeURLRequest: https://webglsamples.org/aquarium/assets/MediumFishB.js
[72365:0728/062352.813842:VERBOSE1:net/base/network_delegate.cc:38] NetworkDelegate::NotifyBeforeURLRequest: https://webglsamples.org/aquarium/assets/BigFishA.js
[72365:0728/062352.814028:VERBOSE1:net/base/network_delegate.cc:38] NetworkDelegate::NotifyBeforeURLRequest: https://webglsamples.org/aquarium/assets/BigFishB.js
[72365:0728/062352.814263:VERBOSE1:net/base/network_delegate.cc:38] NetworkDelegate::NotifyBeforeURLRequest: https://webglsamples.org/aquarium/assets/Arch.js
[72365:0728/062352.814676:VERBOSE1:net/base/network_delegate.cc:38] NetworkDelegate::NotifyBeforeURLRequest: https://webglsamples.org/aquarium/assets/Coral.js
[72365:0728/062352.814874:VERBOSE1:net/base/network_delegate.cc:38] NetworkDelegate::NotifyBeforeURLRequest: https://webglsamples.org/aquarium/assets/CoralStoneA.js
[72325:0728/062352.815034:INFO:CONSOLE:55] "--Setup Laser----------------------------------------", source: https://webglsamples.org/tdl/log.js (55)
[72365:0728/062352.815050:VERBOSE1:net/base/network_delegate.cc:38] NetworkDelegate::NotifyBeforeURLRequest: https://webglsamples.org/aquarium/assets/CoralStoneB.js
[72365:0728/062352.815666:VERBOSE1:net/base/network_delegate.cc:38] NetworkDelegate::NotifyBeforeURLRequest: https://webglsamples.org/aquarium/assets/EnvironmentBox.js
[72365:0728/062352.816278:VERBOSE1:net/base/network_delegate.cc:38] NetworkDelegate::NotifyBeforeURLRequest: https://webglsamples.org/aquarium/assets/FloorBase_Baked.js
[72365:0728/062352.816722:VERBOSE1:net/base/network_delegate.cc:38] NetworkDelegate::NotifyBeforeURLRequest: https://webglsamples.org/aquarium/assets/FloorCenter.js
[72365:0728/062352.817180:VERBOSE1:net/base/network_delegate.cc:38] NetworkDelegate::NotifyBeforeURLRequest: https://webglsamples.org/aquarium/assets/GlobeBase.js
[72365:0728/062352.817515:VERBOSE1:net/base/network_delegate.cc:38] NetworkDelegate::NotifyBeforeURLRequest: https://webglsamples.org/aquarium/assets/GlobeInner.js
[72365:0728/062352.817704:VERBOSE1:net/base/network_delegate.cc:38] NetworkDelegate::NotifyBeforeURLRequest: https://webglsamples.org/aquarium/assets/GlobeOuter.js
[72365:0728/062352.818161:VERBOSE1:net/base/network_delegate.cc:38] NetworkDelegate::NotifyBeforeURLRequest: https://webglsamples.org/aquarium/assets/RockA.js
[72365:0728/062352.818379:VERBOSE1:net/base/network_delegate.cc:38] NetworkDelegate::NotifyBeforeURLRequest: https://webglsamples.org/aquarium/assets/RockB.js
[72365:0728/062352.818556:VERBOSE1:net/base/network_delegate.cc:38] NetworkDelegate::NotifyBeforeURLRequest: https://webglsamples.org/aquarium/assets/RockC.js
[72365:0728/062352.818773:VERBOSE1:net/base/network_delegate.cc:38] NetworkDelegate::NotifyBeforeURLRequest: https://webglsamples.org/aquarium/assets/RuinColumn.js
[72365:0728/062352.818962:VERBOSE1:net/base/network_delegate.cc:38] NetworkDelegate::NotifyBeforeURLRequest: https://webglsamples.org/aquarium/assets/Skybox.js
[72365:0728/062352.819220:VERBOSE1:net/base/network_delegate.cc:38] NetworkDelegate::NotifyBeforeURLRequest: https://webglsamples.org/aquarium/assets/Stone.js
[72365:0728/062352.819431:VERBOSE1:net/base/network_delegate.cc:38] NetworkDelegate::NotifyBeforeURLRequest: https://webglsamples.org/aquarium/assets/Stones.js
[72365:0728/062352.819617:VERBOSE1:net/base/network_delegate.cc:38] NetworkDelegate::NotifyBeforeURLRequest: https://webglsamples.org/aquarium/assets/SunknShip.js
[72365:0728/062352.820552:VERBOSE1:net/base/network_delegate.cc:38] NetworkDelegate::NotifyBeforeURLRequest: https://webglsamples.org/aquarium/assets/SunknSub.js
[72365:0728/062352.820888:VERBOSE1:net/base/network_delegate.cc:38] NetworkDelegate::NotifyBeforeURLRequest: https://webglsamples.org/aquarium/assets/SupportBeams.js
[72365:0728/062352.821127:VERBOSE1:net/base/network_delegate.cc:38] NetworkDelegate::NotifyBeforeURLRequest: https://webglsamples.org/aquarium/assets/SeaweedA.js
[72365:0728/062352.821418:VERBOSE1:net/base/network_delegate.cc:38] NetworkDelegate::NotifyBeforeURLRequest: https://webglsamples.org/aquarium/assets/SeaweedB.js
[72365:0728/062352.821606:VERBOSE1:net/base/network_delegate.cc:38] NetworkDelegate::NotifyBeforeURLRequest: https://webglsamples.org/aquarium/assets/TreasureChest.js
[72325:0728/062352.869949:INFO:CONSOLE:55] "--Draw Fish---------------------------------------", source: https://webglsamples.org/tdl/log.js (55)
#### AGXIOC Method sel=0x18->0x18 inCnt=0 inSC=0 outSC=0 -> 0xe00002c2
[72325:0728/062352.908182:INFO:CONSOLE:55] "assets/SmallFishA.js: custom", source: https://webglsamples.org/tdl/log.js (55)
[72325:0728/062352.913543:INFO:CONSOLE:55] "assets/MediumFishA.js: custom", source: https://webglsamples.org/tdl/log.js (55)
[72325:0728/062352.915486:INFO:CONSOLE:55] "assets/MediumFishB.js: custom", source: https://webglsamples.org/tdl/log.js (55)
[72325:0728/062352.918712:INFO:CONSOLE:55] "assets/BigFishA.js: custom", source: https://webglsamples.org/tdl/log.js (55)
[72325:0728/062352.923110:INFO:CONSOLE:55] "assets/BigFishB.js: custom", source: https://webglsamples.org/tdl/log.js (55)
#### AGX_LIFE CREATE id=0xdd type=0 surf=0 bytes=0x8000 kr=0 okC=3000 failC=0 okD=2742 failD=0 unmatchedD=0 full=0 live=258/47MB [t0=209/19MB t80=0/0MB t82=49/27MB]
[72325:0728/062352.948097:INFO:CONSOLE:55] "assets/Arch.js: normalMap", source: https://webglsamples.org/tdl/log.js (55)
[72325:0728/062352.949541:INFO:CONSOLE:55] "assets/Coral.js: normalMap", source: https://webglsamples.org/tdl/log.js (55)
[72325:0728/062352.950481:INFO:CONSOLE:55] "assets/CoralStoneA.js: normalMap", source: https://webglsamples.org/tdl/log.js (55)
[72325:0728/062352.952889:INFO:CONSOLE:55] "assets/CoralStoneB.js: normalMap", source: https://webglsamples.org/tdl/log.js (55)
[72325:0728/062352.961009:INFO:CONSOLE:55] "assets/EnvironmentBox.js: custom", source: https://webglsamples.org/tdl/log.js (55)
[72325:0728/062352.961391:INFO:CONSOLE:55] "assets/EnvironmentBox.js: custom", source: https://webglsamples.org/tdl/log.js (55)
[72325:0728/062352.961644:INFO:CONSOLE:55] "assets/EnvironmentBox.js: custom", source: https://webglsamples.org/tdl/log.js (55)
[72325:0728/062352.962162:INFO:CONSOLE:55] "assets/EnvironmentBox.js: custom", source: https://webglsamples.org/tdl/log.js (55)
[72325:0728/062352.962435:INFO:CONSOLE:55] "assets/EnvironmentBox.js: custom", source: https://webglsamples.org/tdl/log.js (55)
[72325:0728/062352.962737:INFO:CONSOLE:55] "assets/EnvironmentBox.js: custom", source: https://webglsamples.org/tdl/log.js (55)
[72325:0728/062352.972417:INFO:CONSOLE:55] "assets/FloorBase_Baked.js: normalMap", source: https://webglsamples.org/tdl/log.js (55)
#### AGX_LIFE DESTROY id=0xb0 type=0 surf=0 bytes=0x4000 kr=0 okC=3098 failC=0 okD=2750 failD=0 unmatchedD=0 full=0 live=348/48MB [t0=299/20MB t80=0/0MB t82=49/27MB]
#### AGXIOC Method sel=0x18->0x18 inCnt=0 inSC=0 outSC=0 -> 0xe00002c2
[72325:0728/062353.010778:INFO:CONSOLE:55] "assets/FloorCenter.js: diffuse", source: https://webglsamples.org/tdl/log.js (55)
[72325:0728/062353.011952:INFO:CONSOLE:55] "assets/GlobeBase.js: custom", source: https://webglsamples.org/tdl/log.js (55)
[72325:0728/062353.018690:INFO:CONSOLE:55] "assets/GlobeInner.js: custom", source: https://webglsamples.org/tdl/log.js (55)
[72325:0728/062353.025098:INFO:CONSOLE:55] "assets/GlobeOuter.js: custom", source: https://webglsamples.org/tdl/log.js (55)
[72325:0728/062353.041625:INFO:CONSOLE:55] "assets/RockA.js: normalMap", source: https://webglsamples.org/tdl/log.js (55)
[72325:0728/062353.042656:INFO:CONSOLE:55] "assets/RockB.js: normalMap", source: https://webglsamples.org/tdl/log.js (55)
[72325:0728/062353.043591:INFO:CONSOLE:55] "assets/RockC.js: normalMap", source: https://webglsamples.org/tdl/log.js (55)
[72325:0728/062353.044641:INFO:CONSOLE:55] "assets/RuinColumn.js: normalMap", source: https://webglsamples.org/tdl/log.js (55)
[72325:0728/062353.045611:INFO:CONSOLE:55] "assets/Skybox.js: custom", source: https://webglsamples.org/tdl/log.js (55)
[72325:0728/062353.046576:INFO:CONSOLE:55] "assets/Stone.js: normalMap", source: https://webglsamples.org/tdl/log.js (55)
[72325:0728/062353.047462:INFO:CONSOLE:55] "assets/Stones.js: normalMap", source: https://webglsamples.org/tdl/log.js (55)
[72325:0728/062353.048994:INFO:CONSOLE:55] "assets/SunknShip.js: normalMap", source: https://webglsamples.org/tdl/log.js (55)
[72325:0728/062353.049444:INFO:CONSOLE:55] "assets/SunknShip.js: normalMap", source: https://webglsamples.org/tdl/log.js (55)
[72325:0728/062353.049737:INFO:CONSOLE:55] "assets/SunknShip.js: normalMap", source: https://webglsamples.org/tdl/log.js (55)
#### AGXIOC heap map #3000 clientID 0x4000 -> resourceID 0x17b size 0xf0
[72325:0728/062353.051326:INFO:CONSOLE:55] "assets/SunknSub.js: normalMap", source: https://webglsamples.org/tdl/log.js (55)
[72325:0728/062353.051897:INFO:CONSOLE:55] "assets/SunknSub.js: normalMap", source: https://webglsamples.org/tdl/log.js (55)
[72325:0728/062353.053482:INFO:CONSOLE:55] "assets/SupportBeams.js: diffuse", source: https://webglsamples.org/tdl/log.js (55)
[72325:0728/062353.063749:INFO:CONSOLE:55] "assets/SeaweedA.js: custom", source: https://webglsamples.org/tdl/log.js (55)
[72325:0728/062353.064326:INFO:CONSOLE:55] "assets/SeaweedB.js: custom", source: https://webglsamples.org/tdl/log.js (55)
#### AGX_LIFE CREATE id=0x18f type=0 surf=0 bytes=0x4000 kr=0 okC=3250 failC=0 okD=2821 failD=0 unmatchedD=0 full=0 live=429/51MB [t0=379/22MB t80=0/0MB t82=50/28MB]
[72325:0728/062353.065050:INFO:CONSOLE:55] "assets/TreasureChest.js: normalMap", source: https://webglsamples.org/tdl/log.js (55)
[72325:0728/062353.067132:INFO:CONSOLE:55] "loaded image: assets/GlobeOuter_EM_positive_x.jpg", source: https://webglsamples.org/tdl/log.js (55)
[72325:0728/062353.067231:INFO:CONSOLE:55] "loaded image: assets/GlobeOuter_EM_negative_x.jpg", source: https://webglsamples.org/tdl/log.js (55)
[72325:0728/062353.067294:INFO:CONSOLE:55] "loaded image: assets/GlobeOuter_EM_positive_y.jpg", source: https://webglsamples.org/tdl/log.js (55)
[72325:0728/062353.067361:INFO:CONSOLE:55] "loaded image: assets/GlobeOuter_EM_negative_y.jpg", source: https://webglsamples.org/tdl/log.js (55)
[72325:0728/062353.067430:INFO:CONSOLE:55] "loaded image: assets/GlobeOuter_EM_positive_z.jpg", source: https://webglsamples.org/tdl/log.js (55)
[72325:0728/062353.067520:INFO:CONSOLE:55] "loaded image: assets/GlobeOuter_EM_negative_z.jpg", source: https://webglsamples.org/tdl/log.js (55)
#### AGXIOC Method sel=0x18->0x18 inCnt=0 inSC=0 outSC=0 -> 0xe00002c2
#### AGXIOC Method sel=0x18->0x18 inCnt=0 inSC=0 outSC=0 -> 0xe00002c2
#### AGXIOC Method sel=0x18->0x18 inCnt=0 inSC=0 outSC=0 -> 0xe00002c2
#### AGXIOC Method sel=0x18->0x18 inCnt=0 inSC=0 outSC=0 -> 0xe00002c2
#### AGXIOC Method sel=0x18->0x18 inCnt=0 inSC=0 outSC=0 -> 0xe00002c2
#### AGXIOC Method sel=0x18->0x18 inCnt=0 inSC=0 outSC=0 -> 0xe00002c2
#### AGXIOC Method sel=0x18->0x18 inCnt=0 inSC=0 outSC=0 -> 0xe00002c2
#### AGXIOC Method sel=0x18->0x18 inCnt=0 inSC=0 outSC=0 -> 0xe00002c2
#### AGXIOC Method sel=0x18->0x18 inCnt=0 inSC=0 outSC=0 -> 0xe00002c2
#### AGXIOC Method sel=0x18->0x18 inCnt=0 inSC=0 outSC=0 -> 0xe00002c2
#### AGXIOC Method sel=0x18->0x18 inCnt=0 inSC=0 outSC=0 -> 0xe00002c2
#### AGXIOC Method sel=0x18->0x18 inCnt=0 inSC=0 outSC=0 -> 0xe00002c2
#### AGXIOC Method sel=0x18->0x18 inCnt=0 inSC=0 outSC=0 -> 0xe00002c2
#### AGXIOC Method sel=0x18->0x18 inCnt=0 inSC=0 outSC=0 -> 0xe00002c2
#### AGXIOC Method sel=0x18->0x18 inCnt=0 inSC=0 outSC=0 -> 0xe00002c2
#### AGXIOC Method sel=0x18->0x18 inCnt=0 inSC=0 outSC=0 -> 0xe00002c2
#### AGXIOC Method sel=0x18->0x18 inCnt=0 inSC=0 outSC=0 -> 0xe00002c2
#### AGXIOC Method sel=0x18->0x18 inCnt=0 inSC=0 outSC=0 -> 0xe00002c2
#### AGXIOC Method sel=0x18->0x18 inCnt=0 inSC=0 outSC=0 -> 0xe00002c2
#### AGXIOC Method sel=0x18->0x18 inCnt=0 inSC=0 outSC=0 -> 0xe00002c2
#### AGXIOC Method sel=0x18->0x18 inCnt=0 inSC=0 outSC=0 -> 0xe00002c2
#### AGXIOC Method sel=0x18->0x18 inCnt=0 inSC=0 outSC=0 -> 0xe00002c2
#### AGXIOC Method sel=0x18->0x18 inCnt=0 inSC=0 outSC=0 -> 0xe00002c2
#### AGXIOC Method sel=0x18->0x18 inCnt=0 inSC=0 outSC=0 -> 0xe00002c2
#### AGXIOC Method sel=0x18->0x18 inCnt=0 inSC=0 outSC=0 -> 0xe00002c2
#### AGXIOC Method sel=0x18->0x18 inCnt=0 inSC=0 outSC=0 -> 0xe00002c2
#### AGXIOC Method sel=0x18->0x18 inCnt=0 inSC=0 outSC=0 -> 0xe00002c2
#### AGXIOC Method sel=0x18->0x18 inCnt=0 inSC=0 outSC=0 -> 0xe00002c2
#### AGXIOC Method sel=0x18->0x18 inCnt=0 inSC=0 outSC=0 -> 0xe00002c2
#### AGXIOC Method sel=0x18->0x18 inCnt=0 inSC=0 outSC=0 -> 0xe00002c2
#### AGXIOC Method sel=0x18->0x18 inCnt=0 inSC=0 outSC=0 -> 0xe00002c2
#### AGXIOC Method sel=0x18->0x18 inCnt=0 inSC=0 outSC=0 -> 0xe00002c2
#### AGXIOC Method sel=0x18->0x18 inCnt=0 inSC=0 outSC=0 -> 0xe00002c2
#### AGXIOC Method sel=0x18->0x18 inCnt=0 inSC=0 outSC=0 -> 0xe00002c2
#### AGXIOC Method sel=0x18->0x18 inCnt=0 inSC=0 outSC=0 -> 0xe00002c2
#### AGXIOC Method sel=0x18->0x18 inCnt=0 inSC=0 outSC=0 -> 0xe00002c2
#### AGXIOC Method sel=0x18->0x18 inCnt=0 inSC=0 outSC=0 -> 0xe00002c2
#### AGXIOC Method sel=0x18->0x18 inCnt=0 inSC=0 outSC=0 -> 0xe00002c2
#### AGXIOC Method sel=0x18->0x18 inCnt=0 inSC=0 outSC=0 -> 0xe00002c2
#### AGXIOC Method sel=0x18->0x18 inCnt=0 inSC=0 outSC=0 -> 0xe00002c2
#### AGXIOC Method sel=0x18->0x18 inCnt=0 inSC=0 outSC=0 -> 0xe00002c2
#### AGXIOC Method sel=0x18->0x18 inCnt=0 inSC=0 outSC=0 -> 0xe00002c2
#### AGXIOC Method sel=0x18->0x18 inCnt=0 inSC=0 outSC=0 -> 0xe00002c2
[72325:0728/062356.295468:VERBOSE1:content/browser/renderer_host/media/media_stream_manager.cc:1515] MSPL::OnSuspend([this=0x6000d2ea8])
#### AGXIOC Method sel=0x18->0x18 inCnt=0 inSC=0 outSC=0 -> 0xe00002c2
[72325:0728/062357.101882:VERBOSE1:content/browser/renderer_host/media/media_stream_manager.cc:1515] MSPL::OnResume([this=0x6000d2ea8])
#### AGXIOC Method sel=0x18->0x18 inCnt=0 inSC=0 outSC=0 -> 0xe00002c2
#### AGXIOC Method sel=0x18->0x18 inCnt=0 inSC=0 outSC=0 -> 0xe00002c2
#### AGXIOC Method sel=0x18->0x18 inCnt=0 inSC=0 outSC=0 -> 0xe00002c2
#### AGXIOC Method sel=0x18->0x18 inCnt=0 inSC=0 outSC=0 -> 0xe00002c2
#### AGXIOC Method sel=0x18->0x18 inCnt=0 inSC=0 outSC=0 -> 0xe00002c2
#### AGXIOC Method sel=0x18->0x18 inCnt=0 inSC=0 outSC=0 -> 0xe00002c2
#### AGXIOC Method sel=0x18->0x18 inCnt=0 inSC=0 outSC=0 -> 0xe00002c2
#### AGXIOC Method sel=0x18->0x18 inCnt=0 inSC=0 outSC=0 -> 0xe00002c2
#### AGXIOC Method sel=0x18->0x18 inCnt=0 inSC=0 outSC=0 -> 0xe00002c2
#### AGXIOC Method sel=0x18->0x18 inCnt=0 inSC=0 outSC=0 -> 0xe00002c2
#### AGXIOC Method sel=0x18->0x18 inCnt=0 inSC=0 outSC=0 -> 0xe00002c2
#### AGXIOC Method sel=0x18->0x18 inCnt=0 inSC=0 outSC=0 -> 0xe00002c2
#### AGXIOC Method sel=0x18->0x18 inCnt=0 inSC=0 outSC=0 -> 0xe00002c2
#### AGXIOC Method sel=0x18->0x18 inCnt=0 inSC=0 outSC=0 -> 0xe00002c2
#### AGXIOC Method sel=0x18->0x18 inCnt=0 inSC=0 outSC=0 -> 0xe00002c2
#### AGXIOC Method sel=0x18->0x18 inCnt=0 inSC=0 outSC=0 -> 0xe00002c2
#### AGXIOC Method sel=0x18->0x18 inCnt=0 inSC=0 outSC=0 -> 0xe00002c2
#### AGXIOC Method sel=0x18->0x18 inCnt=0 inSC=0 outSC=0 -> 0xe00002c2
#### AGXIOC Method sel=0x18->0x18 inCnt=0 inSC=0 outSC=0 -> 0xe00002c2
#### AGXIOC Method sel=0x18->0x18 inCnt=0 inSC=0 outSC=0 -> 0xe00002c2
#### AGXIOC Method sel=0x18->0x18 inCnt=0 inSC=0 outSC=0 -> 0xe00002c2
#### AGXIOC Method sel=0x18->0x18 inCnt=0 inSC=0 outSC=0 -> 0xe00002c2
#### AGXIOC Method sel=0x18->0x18 inCnt=0 inSC=0 outSC=0 -> 0xe00002c2
#### AGXIOC Method sel=0x18->0x18 inCnt=0 inSC=0 outSC=0 -> 0xe00002c2
#### AGXIOC Method sel=0x18->0x18 inCnt=0 inSC=0 outSC=0 -> 0xe00002c2
#### AGXIOC Method sel=0x18->0x18 inCnt=0 inSC=0 outSC=0 -> 0xe00002c2
[72365:0728/062358.883215:VERBOSE1:net/base/network_delegate.cc:38] NetworkDelegate::NotifyBeforeURLRequest: https://mobile.events.data.microsoft.com/OneCollector/1.0?cors=true&content-type=application/x-json-stream
#### AGXIOC Method sel=0x18->0x18 inCnt=0 inSC=0 outSC=0 -> 0xe00002c2
#### AGXIOC Method sel=0x18->0x18 inCnt=0 inSC=0 outSC=0 -> 0xe00002c2
#### AGXIOC Method sel=0x18->0x18 inCnt=0 inSC=0 outSC=0 -> 0xe00002c2
#### AGXIOC Method sel=0x18->0x18 inCnt=0 inSC=0 outSC=0 -> 0xe00002c2
#### AGXIOC Method sel=0x18->0x18 inCnt=0 inSC=0 outSC=0 -> 0xe00002c2
#### AGXIOC Method sel=0x18->0x18 inCnt=0 inSC=0 outSC=0 -> 0xe00002c2
#### MACWS-NEW-EVENT #5500 original=nil sharedEvent=0x60123a500 class=_MTLSharedEvent device=0x600282000 deviceClass=AGXG13GFamilyDevice
#### AGXIOC Method sel=0x18->0x18 inCnt=0 inSC=0 outSC=0 -> 0xe00002c2
#### AGXIOC Method sel=0x18->0x18 inCnt=0 inSC=0 outSC=0 -> 0xe00002c2
#### AGXIOC Method sel=0x18->0x18 inCnt=0 inSC=0 outSC=0 -> 0xe00002c2
#### AGXIOC Method sel=0x18->0x18 inCnt=0 inSC=0 outSC=0 -> 0xe00002c2
#### AGXIOC Method sel=0x18->0x18 inCnt=0 inSC=0 outSC=0 -> 0xe00002c2
#### AGXIOC Method sel=0x18->0x18 inCnt=0 inSC=0 outSC=0 -> 0xe00002c2
#### AGXIOC Method sel=0x18->0x18 inCnt=0 inSC=0 outSC=0 -> 0xe00002c2
#### AGXIOC Method sel=0x18->0x18 inCnt=0 inSC=0 outSC=0 -> 0xe00002c2
#### AGXIOC Method sel=0x18->0x18 inCnt=0 inSC=0 outSC=0 -> 0xe00002c2
#### AGXIOC Method sel=0x18->0x18 inCnt=0 inSC=0 outSC=0 -> 0xe00002c2
#### AGXIOC Method sel=0x18->0x18 inCnt=0 inSC=0 outSC=0 -> 0xe00002c2
#### AGXIOC Method sel=0x18->0x18 inCnt=0 inSC=0 outSC=0 -> 0xe00002c2
#### AGXIOC Method sel=0x18->0x18 inCnt=0 inSC=0 outSC=0 -> 0xe00002c2
#### AGXIOC Method sel=0x18->0x18 inCnt=0 inSC=0 outSC=0 -> 0xe00002c2
#### AGXIOC Method sel=0x18->0x18 inCnt=0 inSC=0 outSC=0 -> 0xe00002c2
#### AGXIOC Method sel=0x1e->0x1a inCnt=4 inSC=56 outSC=0 -> 0x0
#### AGXIOC Method sel=0x18->0x18 inCnt=0 inSC=0 outSC=0 -> 0xe00002c2
#### AGXIOC Method sel=0x18->0x18 inCnt=0 inSC=0 outSC=0 -> 0xe00002c2
#### AGXIOC Method sel=0x18->0x18 inCnt=0 inSC=0 outSC=0 -> 0xe00002c2
#### AGXIOC Method sel=0x18->0x18 inCnt=0 inSC=0 outSC=0 -> 0xe00002c2
#### AGXIOC Method sel=0x18->0x18 inCnt=0 inSC=0 outSC=0 -> 0xe00002c2
#### AGXIOC Method sel=0x18->0x18 inCnt=0 inSC=0 outSC=0 -> 0xe00002c2
#### AGXIOC Method sel=0x18->0x18 inCnt=0 inSC=0 outSC=0 -> 0xe00002c2
#### AGXIOC Method sel=0x18->0x18 inCnt=0 inSC=0 outSC=0 -> 0xe00002c2
#### AGXIOC Method sel=0x18->0x18 inCnt=0 inSC=0 outSC=0 -> 0xe00002c2
#### AGXIOC Method sel=0x18->0x18 inCnt=0 inSC=0 outSC=0 -> 0xe00002c2
#### AGXIOC Method sel=0x18->0x18 inCnt=0 inSC=0 outSC=0 -> 0xe00002c2
#### AGXIOC Method sel=0x18->0x18 inCnt=0 inSC=0 outSC=0 -> 0xe00002c2
[72325:0728/062401.276895:VERBOSE1:content/browser/renderer_host/media/media_stream_manager.cc:1515] MSPL::OnSuspend([this=0x6000d2ea8])
[72365:0728/062401.277478:ERROR:net/socket/ssl_client_socket_impl.cc:924] handshake failed; returned -1, SSL error code 1, net_error -331
[72325:0728/062402.116219:VERBOSE1:content/browser/renderer_host/media/media_stream_manager.cc:1515] MSPL::OnResume([this=0x6000d2ea8])
#### AGXIOC Method sel=0x18->0x18 inCnt=0 inSC=0 outSC=0 -> 0xe00002c2
#### AGXIOC Method sel=0x18->0x18 inCnt=0 inSC=0 outSC=0 -> 0xe00002c2
#### AGXIOC Method sel=0x18->0x18 inCnt=0 inSC=0 outSC=0 -> 0xe00002c2
#### AGXIOC Method sel=0x18->0x18 inCnt=0 inSC=0 outSC=0 -> 0xe00002c2
#### AGXIOC Method sel=0x18->0x18 inCnt=0 inSC=0 outSC=0 -> 0xe00002c2
#### AGXIOC Method sel=0x18->0x18 inCnt=0 inSC=0 outSC=0 -> 0xe00002c2
#### AGXIOC Method sel=0x18->0x18 inCnt=0 inSC=0 outSC=0 -> 0xe00002c2
#### AGXIOC Method sel=0x18->0x18 inCnt=0 inSC=0 outSC=0 -> 0xe00002c2
#### AGXIOC Method sel=0x18->0x18 inCnt=0 inSC=0 outSC=0 -> 0xe00002c2
#### AGXIOC Method sel=0x18->0x18 inCnt=0 inSC=0 outSC=0 -> 0xe00002c2
#### AGXIOC Method sel=0x18->0x18 inCnt=0 inSC=0 outSC=0 -> 0xe00002c2
#### AGXIOC Method sel=0x18->0x18 inCnt=0 inSC=0 outSC=0 -> 0xe00002c2
#### AGXIOC Method sel=0x18->0x18 inCnt=0 inSC=0 outSC=0 -> 0xe00002c2
#### AGXIOC Method sel=0x18->0x18 inCnt=0 inSC=0 outSC=0 -> 0xe00002c2
#### AGXIOC Method sel=0x18->0x18 inCnt=0 inSC=0 outSC=0 -> 0xe00002c2
#### AGXIOC Method sel=0x18->0x18 inCnt=0 inSC=0 outSC=0 -> 0xe00002c2
#### AGXIOC Method sel=0x18->0x18 inCnt=0 inSC=0 outSC=0 -> 0xe00002c2
#### AGXIOC Method sel=0x18->0x18 inCnt=0 inSC=0 outSC=0 -> 0xe00002c2
#### AGXIOC Method sel=0x18->0x18 inCnt=0 inSC=0 outSC=0 -> 0xe00002c2
#### AGXIOC Method sel=0x18->0x18 inCnt=0 inSC=0 outSC=0 -> 0xe00002c2
#### AGXIOC Method sel=0x18->0x18 inCnt=0 inSC=0 outSC=0 -> 0xe00002c2
#### AGXIOC Method sel=0x18->0x18 inCnt=0 inSC=0 outSC=0 -> 0xe00002c2
#### AGXIOC Method sel=0x18->0x18 inCnt=0 inSC=0 outSC=0 -> 0xe00002c2
#### AGXIOC Method sel=0x18->0x18 inCnt=0 inSC=0 outSC=0 -> 0xe00002c2
#### AGXIOC Method sel=0x18->0x18 inCnt=0 inSC=0 outSC=0 -> 0xe00002c2
#### AGXIOC Method sel=0x18->0x18 inCnt=0 inSC=0 outSC=0 -> 0xe00002c2
#### AGXIOC Method sel=0x18->0x18 inCnt=0 inSC=0 outSC=0 -> 0xe00002c2
#### AGXIOC Method sel=0x18->0x18 inCnt=0 inSC=0 outSC=0 -> 0xe00002c2
[72365:0728/062403.882825:VERBOSE1:net/base/network_delegate.cc:38] NetworkDelegate::NotifyBeforeURLRequest: https://mobile.events.data.microsoft.com/OneCollector/1.0?cors=true&content-type=application/x-json-stream
#### AGXIOC Method sel=0x18->0x18 inCnt=0 inSC=0 outSC=0 -> 0xe00002c2
#### AGXIOC Method sel=0x18->0x18 inCnt=0 inSC=0 outSC=0 -> 0xe00002c2
[72365:0728/062403.932454:VERBOSE1:net/base/network_delegate.cc:38] NetworkDelegate::NotifyBeforeURLRequest: https://mobile.events.data.microsoft.com/OneCollector/1.0?cors=true&content-type=application/x-json-stream
#### AGXIOC Method sel=0x18->0x18 inCnt=0 inSC=0 outSC=0 -> 0xe00002c2
#### AGXIOC Method sel=0x18->0x18 inCnt=0 inSC=0 outSC=0 -> 0xe00002c2
#### AGXIOC Method sel=0x18->0x18 inCnt=0 inSC=0 outSC=0 -> 0xe00002c2
#### AGXIOC Method sel=0x18->0x18 inCnt=0 inSC=0 outSC=0 -> 0xe00002c2
#### AGXIOC Method sel=0x18->0x18 inCnt=0 inSC=0 outSC=0 -> 0xe00002c2
#### AGXIOC Method sel=0x18->0x18 inCnt=0 inSC=0 outSC=0 -> 0xe00002c2
#### AGXIOC Method sel=0x18->0x18 inCnt=0 inSC=0 outSC=0 -> 0xe00002c2
#### AGXIOC Method sel=0x18->0x18 inCnt=0 inSC=0 outSC=0 -> 0xe00002c2
#### AGXIOC Method sel=0x18->0x18 inCnt=0 inSC=0 outSC=0 -> 0xe00002c2
#### AGXIOC Method sel=0x18->0x18 inCnt=0 inSC=0 outSC=0 -> 0xe00002c2
#### AGXIOC Method sel=0x18->0x18 inCnt=0 inSC=0 outSC=0 -> 0xe00002c2
#### AGXIOC Method sel=0x18->0x18 inCnt=0 inSC=0 outSC=0 -> 0xe00002c2
#### AGXIOC Method sel=0x18->0x18 inCnt=0 inSC=0 outSC=0 -> 0xe00002c2
#### AGXIOC Method sel=0x18->0x18 inCnt=0 inSC=0 outSC=0 -> 0xe00002c2
#### AGXIOC Method sel=0x18->0x18 inCnt=0 inSC=0 outSC=0 -> 0xe00002c2
#### AGXIOC Method sel=0x18->0x18 inCnt=0 inSC=0 outSC=0 -> 0xe00002c2
#### AGXIOC Method sel=0x18->0x18 inCnt=0 inSC=0 outSC=0 -> 0xe00002c2
#### AGXIOC Method sel=0x18->0x18 inCnt=0 inSC=0 outSC=0 -> 0xe00002c2
#### AGXIOC Method sel=0x18->0x18 inCnt=0 inSC=0 outSC=0 -> 0xe00002c2
#### AGXIOC Method sel=0x18->0x18 inCnt=0 inSC=0 outSC=0 -> 0xe00002c2
#### AGXIOC Method sel=0x18->0x18 inCnt=0 inSC=0 outSC=0 -> 0xe00002c2
#### AGXIOC Method sel=0x18->0x18 inCnt=0 inSC=0 outSC=0 -> 0xe00002c2
#### AGXIOC Method sel=0x18->0x18 inCnt=0 inSC=0 outSC=0 -> 0xe00002c2
#### AGXIOC Method sel=0x18->0x18 inCnt=0 inSC=0 outSC=0 -> 0xe00002c2
#### AGXIOC Method sel=0x18->0x18 inCnt=0 inSC=0 outSC=0 -> 0xe00002c2
#### AGXIOC Method sel=0x18->0x18 inCnt=0 inSC=0 outSC=0 -> 0xe00002c2
#### AGXIOC Method sel=0x18->0x18 inCnt=0 inSC=0 outSC=0 -> 0xe00002c2
#### AGXIOC Method sel=0x18->0x18 inCnt=0 inSC=0 outSC=0 -> 0xe00002c2
#### AGXIOC Method sel=0x18->0x18 inCnt=0 inSC=0 outSC=0 -> 0xe00002c2
#### AGXIOC Method sel=0x18->0x18 inCnt=0 inSC=0 outSC=0 -> 0xe00002c2
#### AGXIOC Method sel=0x18->0x18 inCnt=0 inSC=0 outSC=0 -> 0xe00002c2
#### AGXIOC Method sel=0x18->0x18 inCnt=0 inSC=0 outSC=0 -> 0xe00002c2
#### AGXIOC Method sel=0x18->0x18 inCnt=0 inSC=0 outSC=0 -> 0xe00002c2
#### AGXIOC Method sel=0x18->0x18 inCnt=0 inSC=0 outSC=0 -> 0xe00002c2
#### AGXIOC Method sel=0x18->0x18 inCnt=0 inSC=0 outSC=0 -> 0xe00002c2
#### AGXIOC Method sel=0x18->0x18 inCnt=0 inSC=0 outSC=0 -> 0xe00002c2
#### AGXIOC Method sel=0x18->0x18 inCnt=0 inSC=0 outSC=0 -> 0xe00002c2
#### AGXIOC Method sel=0x18->0x18 inCnt=0 inSC=0 outSC=0 -> 0xe00002c2
#### AGXIOC Method sel=0x18->0x18 inCnt=0 inSC=0 outSC=0 -> 0xe00002c2
#### AGXIOC Method sel=0x18->0x18 inCnt=0 inSC=0 outSC=0 -> 0xe00002c2
#### AGXIOC Method sel=0x18->0x18 inCnt=0 inSC=0 outSC=0 -> 0xe00002c2
#### AGXIOC Method sel=0x18->0x18 inCnt=0 inSC=0 outSC=0 -> 0xe00002c2
#### AGXIOC Method sel=0x18->0x18 inCnt=0 inSC=0 outSC=0 -> 0xe00002c2
#### AGXIOC Method sel=0x18->0x18 inCnt=0 inSC=0 outSC=0 -> 0xe00002c2
#### AGXIOC Method sel=0x18->0x18 inCnt=0 inSC=0 outSC=0 -> 0xe00002c2
#### AGXIOC Method sel=0x18->0x18 inCnt=0 inSC=0 outSC=0 -> 0xe00002c2
#### AGXIOC Method sel=0x18->0x18 inCnt=0 inSC=0 outSC=0 -> 0xe00002c2
#### AGXIOC Method sel=0x18->0x18 inCnt=0 inSC=0 outSC=0 -> 0xe00002c2
#### AGXIOC Method sel=0x18->0x18 inCnt=0 inSC=0 outSC=0 -> 0xe00002c2
#### AGXIOC Method sel=0x18->0x18 inCnt=0 inSC=0 outSC=0 -> 0xe00002c2
#### AGXIOC Method sel=0x18->0x18 inCnt=0 inSC=0 outSC=0 -> 0xe00002c2
#### AGXIOC Method sel=0x18->0x18 inCnt=0 inSC=0 outSC=0 -> 0xe00002c2
#### AGXIOC Method sel=0x18->0x18 inCnt=0 inSC=0 outSC=0 -> 0xe00002c2
#### AGXIOC Method sel=0x18->0x18 inCnt=0 inSC=0 outSC=0 -> 0xe00002c2
#### AGXIOC Method sel=0x18->0x18 inCnt=0 inSC=0 outSC=0 -> 0xe00002c2
#### AGXIOC Method sel=0x18->0x18 inCnt=0 inSC=0 outSC=0 -> 0xe00002c2
#### AGXIOC Method sel=0x18->0x18 inCnt=0 inSC=0 outSC=0 -> 0xe00002c2
#### AGXIOC Method sel=0x18->0x18 inCnt=0 inSC=0 outSC=0 -> 0xe00002c2
#### AGXIOC Method sel=0x18->0x18 inCnt=0 inSC=0 outSC=0 -> 0xe00002c2
#### AGXIOC Method sel=0x18->0x18 inCnt=0 inSC=0 outSC=0 -> 0xe00002c2
#### AGXIOC Method sel=0x18->0x18 inCnt=0 inSC=0 outSC=0 -> 0xe00002c2
#### AGXIOC Method sel=0x18->0x18 inCnt=0 inSC=0 outSC=0 -> 0xe00002c2
#### AGXIOC Method sel=0x18->0x18 inCnt=0 inSC=0 outSC=0 -> 0xe00002c2
#### AGXIOC Method sel=0x18->0x18 inCnt=0 inSC=0 outSC=0 -> 0xe00002c2
#### AGXIOC Method sel=0x18->0x18 inCnt=0 inSC=0 outSC=0 -> 0xe00002c2
#### AGXIOC Method sel=0x18->0x18 inCnt=0 inSC=0 outSC=0 -> 0xe00002c2
#### AGXIOC Method sel=0x18->0x18 inCnt=0 inSC=0 outSC=0 -> 0xe00002c2
#### AGXIOC Method sel=0x18->0x18 inCnt=0 inSC=0 outSC=0 -> 0xe00002c2
#### AGXIOC Method sel=0x18->0x18 inCnt=0 inSC=0 outSC=0 -> 0xe00002c2
#### AGXIOC Method sel=0x18->0x18 inCnt=0 inSC=0 outSC=0 -> 0xe00002c2
#### AGXIOC Method sel=0x18->0x18 inCnt=0 inSC=0 outSC=0 -> 0xe00002c2
#### AGXIOC Method sel=0x18->0x18 inCnt=0 inSC=0 outSC=0 -> 0xe00002c2
#### AGXIOC Method sel=0x18->0x18 inCnt=0 inSC=0 outSC=0 -> 0xe00002c2
#### AGXIOC Method sel=0x18->0x18 inCnt=0 inSC=0 outSC=0 -> 0xe00002c2
#### AGXIOC Method sel=0x18->0x18 inCnt=0 inSC=0 outSC=0 -> 0xe00002c2
#### AGXIOC Method sel=0x18->0x18 inCnt=0 inSC=0 outSC=0 -> 0xe00002c2
#### AGXIOC Method sel=0x18->0x18 inCnt=0 inSC=0 outSC=0 -> 0xe00002c2
#### AGXIOC Method sel=0x18->0x18 inCnt=0 inSC=0 outSC=0 -> 0xe00002c2
#### AGXIOC Method sel=0x18->0x18 inCnt=0 inSC=0 outSC=0 -> 0xe00002c2
#### AGXIOC Method sel=0x18->0x18 inCnt=0 inSC=0 outSC=0 -> 0xe00002c2
#### AGXIOC Method sel=0x18->0x18 inCnt=0 inSC=0 outSC=0 -> 0xe00002c2
#### AGXIOC Method sel=0x18->0x18 inCnt=0 inSC=0 outSC=0 -> 0xe00002c2
#### AGXIOC Method sel=0x18->0x18 inCnt=0 inSC=0 outSC=0 -> 0xe00002c2
#### AGXIOC Method sel=0x18->0x18 inCnt=0 inSC=0 outSC=0 -> 0xe00002c2
#### AGXIOC Method sel=0x18->0x18 inCnt=0 inSC=0 outSC=0 -> 0xe00002c2
#### AGXIOC Method sel=0x18->0x18 inCnt=0 inSC=0 outSC=0 -> 0xe00002c2
#### AGXIOC Method sel=0x18->0x18 inCnt=0 inSC=0 outSC=0 -> 0xe00002c2
#### AGXIOC Method sel=0x18->0x18 inCnt=0 inSC=0 outSC=0 -> 0xe00002c2
#### AGXIOC Method sel=0x18->0x18 inCnt=0 inSC=0 outSC=0 -> 0xe00002c2
#### AGXIOC Method sel=0x18->0x18 inCnt=0 inSC=0 outSC=0 -> 0xe00002c2
#### AGXIOC Method sel=0x18->0x18 inCnt=0 inSC=0 outSC=0 -> 0xe00002c2
#### AGXIOC Method sel=0x18->0x18 inCnt=0 inSC=0 outSC=0 -> 0xe00002c2
#### AGXIOC Method sel=0x18->0x18 inCnt=0 inSC=0 outSC=0 -> 0xe00002c2
#### AGXIOC Method sel=0x18->0x18 inCnt=0 inSC=0 outSC=0 -> 0xe00002c2
#### AGXIOC Method sel=0x18->0x18 inCnt=0 inSC=0 outSC=0 -> 0xe00002c2
#### AGXIOC Method sel=0x18->0x18 inCnt=0 inSC=0 outSC=0 -> 0xe00002c2
#### AGXIOC Method sel=0x18->0x18 inCnt=0 inSC=0 outSC=0 -> 0xe00002c2
#### AGXIOC Method sel=0x18->0x18 inCnt=0 inSC=0 outSC=0 -> 0xe00002c2
#### AGXIOC Method sel=0x18->0x18 inCnt=0 inSC=0 outSC=0 -> 0xe00002c2
#### AGXIOC Method sel=0x18->0x18 inCnt=0 inSC=0 outSC=0 -> 0xe00002c2
#### AGXIOC Method sel=0x18->0x18 inCnt=0 inSC=0 outSC=0 -> 0xe00002c2
#### AGXIOC Method sel=0x18->0x18 inCnt=0 inSC=0 outSC=0 -> 0xe00002c2
#### AGXIOC Method sel=0x18->0x18 inCnt=0 inSC=0 outSC=0 -> 0xe00002c2
#### AGXIOC Method sel=0x18->0x18 inCnt=0 inSC=0 outSC=0 -> 0xe00002c2
#### AGXIOC Method sel=0x18->0x18 inCnt=0 inSC=0 outSC=0 -> 0xe00002c2
#### AGXIOC Method sel=0x18->0x18 inCnt=0 inSC=0 outSC=0 -> 0xe00002c2
#### AGXIOC Method sel=0x18->0x18 inCnt=0 inSC=0 outSC=0 -> 0xe00002c2
#### AGXIOC Method sel=0x18->0x18 inCnt=0 inSC=0 outSC=0 -> 0xe00002c2
#### AGXIOC Method sel=0x18->0x18 inCnt=0 inSC=0 outSC=0 -> 0xe00002c2
#### AGXIOC Method sel=0x18->0x18 inCnt=0 inSC=0 outSC=0 -> 0xe00002c2
#### AGXIOC Method sel=0x18->0x18 inCnt=0 inSC=0 outSC=0 -> 0xe00002c2
#### AGXIOC Method sel=0x18->0x18 inCnt=0 inSC=0 outSC=0 -> 0xe00002c2
#### AGXIOC Method sel=0x18->0x18 inCnt=0 inSC=0 outSC=0 -> 0xe00002c2
#### AGXIOC Method sel=0x18->0x18 inCnt=0 inSC=0 outSC=0 -> 0xe00002c2
#### AGXIOC Method sel=0x18->0x18 inCnt=0 inSC=0 outSC=0 -> 0xe00002c2
#### AGXIOC Method sel=0x18->0x18 inCnt=0 inSC=0 outSC=0 -> 0xe00002c2
#### AGXIOC Method sel=0x18->0x18 inCnt=0 inSC=0 outSC=0 -> 0xe00002c2
#### AGXIOC Method sel=0x18->0x18 inCnt=0 inSC=0 outSC=0 -> 0xe00002c2
#### AGXIOC Method sel=0x18->0x18 inCnt=0 inSC=0 outSC=0 -> 0xe00002c2
#### AGXIOC Method sel=0x18->0x18 inCnt=0 inSC=0 outSC=0 -> 0xe00002c2
#### AGXIOC Method sel=0x18->0x18 inCnt=0 inSC=0 outSC=0 -> 0xe00002c2
#### AGXIOC Method sel=0x18->0x18 inCnt=0 inSC=0 outSC=0 -> 0xe00002c2
#### AGXIOC Method sel=0x18->0x18 inCnt=0 inSC=0 outSC=0 -> 0xe00002c2
#### AGXIOC Method sel=0x18->0x18 inCnt=0 inSC=0 outSC=0 -> 0xe00002c2
#### AGXIOC Method sel=0x18->0x18 inCnt=0 inSC=0 outSC=0 -> 0xe00002c2
#### AGXIOC Method sel=0x18->0x18 inCnt=0 inSC=0 outSC=0 -> 0xe00002c2
#### AGXIOC Method sel=0x18->0x18 inCnt=0 inSC=0 outSC=0 -> 0xe00002c2
#### AGXIOC Method sel=0x18->0x18 inCnt=0 inSC=0 outSC=0 -> 0xe00002c2
#### AGXIOC Method sel=0x18->0x18 inCnt=0 inSC=0 outSC=0 -> 0xe00002c2
#### AGXIOC Method sel=0x18->0x18 inCnt=0 inSC=0 outSC=0 -> 0xe00002c2
#### AGXIOC Method sel=0x18->0x18 inCnt=0 inSC=0 outSC=0 -> 0xe00002c2
#### AGXIOC Method sel=0x18->0x18 inCnt=0 inSC=0 outSC=0 -> 0xe00002c2
#### AGXIOC Method sel=0x18->0x18 inCnt=0 inSC=0 outSC=0 -> 0xe00002c2
#### AGXIOC Method sel=0x18->0x18 inCnt=0 inSC=0 outSC=0 -> 0xe00002c2
#### AGXIOC Method sel=0x18->0x18 inCnt=0 inSC=0 outSC=0 -> 0xe00002c2
#### AGXIOC Method sel=0x18->0x18 inCnt=0 inSC=0 outSC=0 -> 0xe00002c2
#### AGXIOC Method sel=0x18->0x18 inCnt=0 inSC=0 outSC=0 -> 0xe00002c2
#### AGXIOC Method sel=0x18->0x18 inCnt=0 inSC=0 outSC=0 -> 0xe00002c2
#### AGXIOC Method sel=0x18->0x18 inCnt=0 inSC=0 outSC=0 -> 0xe00002c2
#### AGXIOC Method sel=0x18->0x18 inCnt=0 inSC=0 outSC=0 -> 0xe00002c2
#### AGXIOC Method sel=0x18->0x18 inCnt=0 inSC=0 outSC=0 -> 0xe00002c2
#### AGXIOC Method sel=0x18->0x18 inCnt=0 inSC=0 outSC=0 -> 0xe00002c2
#### AGXIOC Method sel=0x18->0x18 inCnt=0 inSC=0 outSC=0 -> 0xe00002c2
#### AGXIOC Method sel=0x18->0x18 inCnt=0 inSC=0 outSC=0 -> 0xe00002c2
#### AGXIOC Method sel=0x18->0x18 inCnt=0 inSC=0 outSC=0 -> 0xe00002c2
#### AGXIOC Method sel=0x18->0x18 inCnt=0 inSC=0 outSC=0 -> 0xe00002c2
#### AGXIOC Method sel=0x18->0x18 inCnt=0 inSC=0 outSC=0 -> 0xe00002c2
#### AGXIOC Method sel=0x18->0x18 inCnt=0 inSC=0 outSC=0 -> 0xe00002c2
#### AGXIOC Method sel=0x18->0x18 inCnt=0 inSC=0 outSC=0 -> 0xe00002c2
#### AGXIOC Method sel=0x18->0x18 inCnt=0 inSC=0 outSC=0 -> 0xe00002c2
#### AGXIOC Method sel=0x18->0x18 inCnt=0 inSC=0 outSC=0 -> 0xe00002c2
#### JIT-MPROTECT flip #7168 ranges=1 prot=RX writers=1 exec_waits=614 late_retries=55
[72365:0728/062433.126445:VERBOSE1:net/base/network_delegate.cc:38] NetworkDelegate::NotifyBeforeURLRequest: https://webglsamples.org/aquarium/aquarium.html
#### AGXIOC Method sel=0x18->0x18 inCnt=0 inSC=0 outSC=0 -> 0xe00002c2
#### AGX_LIFE DESTROY id=0x174 type=0 surf=0 bytes=0x4000 kr=0 okC=3385 failC=0 okD=3000 failD=0 unmatchedD=0 full=0 live=385/48MB [t0=338/21MB t80=0/0MB t82=47/26MB]
[72550:0728/062433.165032:VERBOSE1:extensions/renderer/dispatcher.cc:689] Num tracked contexts: 1
[72550:0728/062433.165275:VERBOSE1:extensions/renderer/dispatcher.cc:689] Num tracked contexts: 0
[72325:0728/062433.167829:VERBOSE1:content/browser/renderer_host/back_forward_cache_impl.cc:853] BackForwardCacheImpl::GetCurrentBackForwardCacheEligibility: https://webglsamples.org/aquarium/aquarium.html : No: Browsing instance is not swapped, BackForwardCache is not supported by delegate
[72325:0728/062433.167903:VERBOSE1:content/browser/renderer_host/back_forward_cache_impl.cc:853] BackForwardCacheImpl::GetCompleteBackForwardCacheEligibilityForReporting: https://webglsamples.org/aquarium/aquarium.html : No: blocklisted features: WebXR, Browsing instance is not swapped, BackForwardCache is not supported by delegate
[72550:0728/062433.168478:VERBOSE1:extensions/renderer/script_context.cc:150] Created context:
  extension id:           (none)
  frame:                  0xe029b7548
  URL:                    
  context_type:           WEB_PAGE
  effective extension id: (none)
  effective context type: WEB_PAGE
[72550:0728/062433.168563:VERBOSE1:extensions/renderer/script_context.cc:150] Created context:
  extension id:           (none)
  frame:                  (nil)
  URL:                    
  context_type:           UNSPECIFIED
  effective extension id: (none)
  effective context type: UNSPECIFIED
[72550:0728/062433.168638:VERBOSE1:extensions/renderer/dispatcher.cc:493] Num tracked contexts: 1
[72550:0728/062433.170202:VERBOSE1:extensions/renderer/script_context.cc:150] Created context:
  extension id:           (none)
  frame:                  0xe029b7548
  URL:                    
  context_type:           WEB_PAGE
  effective extension id: (none)
  effective context type: WEB_PAGE
[72550:0728/062433.170326:VERBOSE1:extensions/renderer/script_context.cc:150] Created context:
  extension id:           (none)
  frame:                  (nil)
  URL:                    
  context_type:           UNSPECIFIED
  effective extension id: (none)
  effective context type: UNSPECIFIED
[72550:0728/062433.170407:VERBOSE1:extensions/renderer/dispatcher.cc:493] Num tracked contexts: 2
[72550:0728/062433.174359:VERBOSE1:extensions/renderer/script_context.cc:163] Destroyed context for extension
  extension id: 
  effective extension id: 
[72550:0728/062433.174439:VERBOSE1:extensions/renderer/script_context.cc:163] Destroyed context for extension
  extension id: 
  effective extension id: 
[72550:0728/062433.174471:VERBOSE1:extensions/renderer/script_context.cc:163] Destroyed context for extension
  extension id: 
  effective extension id: 
[72550:0728/062433.174499:VERBOSE1:extensions/renderer/script_context.cc:163] Destroyed context for extension
  extension id: 
  effective extension id: 
[91m[main 2026-07-28T13:24:33.178Z][0m [uncaught exception in main]: Refused to handle ipcMain event for channel 'vscode:b111800d-a136-4728-b9fa-e958954f4e31' because of a bad origin of 'webglsamples.org'.
Error occurred in handler for 'vscode:b111800d-a136-4728-b9fa-e958954f4e31': Invalid channel 'vscode:b111800d-a136-4728-b9fa-e958954f4e31' or sender for ipcMain.handle() usage.
[91m[main 2026-07-28T13:24:33.179Z][0m [uncaught exception in main]: Refused to handle ipcMain event for channel 'vscode:fetchShellEnv' because of a bad origin of 'webglsamples.org'.
Error occurred in handler for 'vscode:fetchShellEnv': Invalid channel 'vscode:fetchShellEnv' or sender for ipcMain.handle() usage.
[72325:0728/062433.191020:INFO:CONSOLE:4] "Uncaught (in promise) Error: Preload: unable to fetch vscode-window-config: Error: Error invoking remote method 'vscode:b111800d-a136-4728-b9fa-e958954f4e31': Invalid channel 'vscode:b111800d-a136-4728-b9fa-e958954f4e31' or sender for ipcMain.handle() usage.", source: /Applications/Visual Studio Code.app/Contents/Resources/app/out/vs/base/parts/sandbox/electron-browser/preload.js (4)
[72365:0728/062433.241097:VERBOSE1:net/base/network_delegate.cc:38] NetworkDelegate::NotifyBeforeURLRequest: https://webglsamples.org/aquarium/assets/PropPlacement.js
[72365:0728/062433.242315:VERBOSE1:net/base/network_delegate.cc:38] NetworkDelegate::NotifyBeforeURLRequest: https://webglsamples.org/aquarium/assets/SmallFishA.js
[72365:0728/062433.242512:VERBOSE1:net/base/network_delegate.cc:38] NetworkDelegate::NotifyBeforeURLRequest: https://webglsamples.org/aquarium/assets/MediumFishA.js
[72365:0728/062433.242726:VERBOSE1:net/base/network_delegate.cc:38] NetworkDelegate::NotifyBeforeURLRequest: https://webglsamples.org/aquarium/assets/MediumFishB.js
[72365:0728/062433.242901:VERBOSE1:net/base/network_delegate.cc:38] NetworkDelegate::NotifyBeforeURLRequest: https://webglsamples.org/aquarium/assets/BigFishA.js
[72365:0728/062433.243052:VERBOSE1:net/base/network_delegate.cc:38] NetworkDelegate::NotifyBeforeURLRequest: https://webglsamples.org/aquarium/assets/BigFishB.js
[72365:0728/062433.243213:VERBOSE1:net/base/network_delegate.cc:38] NetworkDelegate::NotifyBeforeURLRequest: https://webglsamples.org/aquarium/assets/Arch.js
[72365:0728/062433.243410:VERBOSE1:net/base/network_delegate.cc:38] NetworkDelegate::NotifyBeforeURLRequest: https://webglsamples.org/aquarium/assets/Coral.js
[72365:0728/062433.243598:VERBOSE1:net/base/network_delegate.cc:38] NetworkDelegate::NotifyBeforeURLRequest: https://webglsamples.org/aquarium/assets/CoralStoneA.js
[72365:0728/062433.243731:VERBOSE1:net/base/network_delegate.cc:38] NetworkDelegate::NotifyBeforeURLRequest: https://webglsamples.org/aquarium/assets/CoralStoneB.js
[72365:0728/062433.243876:VERBOSE1:net/base/network_delegate.cc:38] NetworkDelegate::NotifyBeforeURLRequest: https://webglsamples.org/aquarium/assets/EnvironmentBox.js
[72365:0728/062433.244025:VERBOSE1:net/base/network_delegate.cc:38] NetworkDelegate::NotifyBeforeURLRequest: https://webglsamples.org/aquarium/assets/FloorBase_Baked.js
[72365:0728/062433.244565:VERBOSE1:net/base/network_delegate.cc:38] NetworkDelegate::NotifyBeforeURLRequest: https://webglsamples.org/aquarium/assets/FloorCenter.js
[72325:0728/062433.244572:INFO:CONSOLE:55] "--Setup Laser----------------------------------------", source: https://webglsamples.org/tdl/log.js (55)
[72365:0728/062433.244738:VERBOSE1:net/base/network_delegate.cc:38] NetworkDelegate::NotifyBeforeURLRequest: https://webglsamples.org/aquarium/assets/GlobeBase.js
[72365:0728/062433.260365:VERBOSE1:net/base/network_delegate.cc:38] NetworkDelegate::NotifyBeforeURLRequest: https://webglsamples.org/aquarium/assets/GlobeInner.js
[72365:0728/062433.260862:VERBOSE1:net/base/network_delegate.cc:38] NetworkDelegate::NotifyBeforeURLRequest: https://webglsamples.org/aquarium/assets/GlobeOuter.js
[72365:0728/062433.261079:VERBOSE1:net/base/network_delegate.cc:38] NetworkDelegate::NotifyBeforeURLRequest: https://webglsamples.org/aquarium/assets/RockA.js
[72365:0728/062433.261284:VERBOSE1:net/base/network_delegate.cc:38] NetworkDelegate::NotifyBeforeURLRequest: https://webglsamples.org/aquarium/assets/RockB.js
[72365:0728/062433.261540:VERBOSE1:net/base/network_delegate.cc:38] NetworkDelegate::NotifyBeforeURLRequest: https://webglsamples.org/aquarium/assets/RockC.js
[72365:0728/062433.261731:VERBOSE1:net/base/network_delegate.cc:38] NetworkDelegate::NotifyBeforeURLRequest: https://webglsamples.org/aquarium/assets/RuinColumn.js
[72365:0728/062433.262057:VERBOSE1:net/base/network_delegate.cc:38] NetworkDelegate::NotifyBeforeURLRequest: https://webglsamples.org/aquarium/assets/Skybox.js
[72365:0728/062433.262251:VERBOSE1:net/base/network_delegate.cc:38] NetworkDelegate::NotifyBeforeURLRequest: https://webglsamples.org/aquarium/assets/Stone.js
[72365:0728/062433.262575:VERBOSE1:net/base/network_delegate.cc:38] NetworkDelegate::NotifyBeforeURLRequest: https://webglsamples.org/aquarium/assets/Stones.js
[72365:0728/062433.262738:VERBOSE1:net/base/network_delegate.cc:38] NetworkDelegate::NotifyBeforeURLRequest: https://webglsamples.org/aquarium/assets/SunknShip.js
[72365:0728/062433.263175:VERBOSE1:net/base/network_delegate.cc:38] NetworkDelegate::NotifyBeforeURLRequest: https://webglsamples.org/aquarium/assets/SunknSub.js
[72365:0728/062433.263393:VERBOSE1:net/base/network_delegate.cc:38] NetworkDelegate::NotifyBeforeURLRequest: https://webglsamples.org/aquarium/assets/SupportBeams.js
[72365:0728/062433.263544:VERBOSE1:net/base/network_delegate.cc:38] NetworkDelegate::NotifyBeforeURLRequest: https://webglsamples.org/aquarium/assets/SeaweedA.js
[72365:0728/062433.263865:VERBOSE1:net/base/network_delegate.cc:38] NetworkDelegate::NotifyBeforeURLRequest: https://webglsamples.org/aquarium/assets/SeaweedB.js
[72365:0728/062433.264031:VERBOSE1:net/base/network_delegate.cc:38] NetworkDelegate::NotifyBeforeURLRequest: https://webglsamples.org/aquarium/assets/TreasureChest.js
[72325:0728/062433.291681:INFO:CONSOLE:55] "--Draw Fish---------------------------------------", source: https://webglsamples.org/tdl/log.js (55)
#### AGXIOC Method sel=0x18->0x18 inCnt=0 inSC=0 outSC=0 -> 0xe00002c2
[72325:0728/062433.328076:INFO:CONSOLE:55] "assets/SmallFishA.js: custom", source: https://webglsamples.org/tdl/log.js (55)
[72325:0728/062433.334227:INFO:CONSOLE:55] "assets/MediumFishA.js: custom", source: https://webglsamples.org/tdl/log.js (55)
[72325:0728/062433.336976:INFO:CONSOLE:55] "assets/MediumFishB.js: custom", source: https://webglsamples.org/tdl/log.js (55)
[72325:0728/062433.340737:INFO:CONSOLE:55] "assets/BigFishA.js: custom", source: https://webglsamples.org/tdl/log.js (55)
[72325:0728/062433.360967:INFO:CONSOLE:55] "assets/BigFishB.js: custom", source: https://webglsamples.org/tdl/log.js (55)
[72325:0728/062433.370947:INFO:CONSOLE:55] "assets/Arch.js: normalMap", source: https://webglsamples.org/tdl/log.js (55)
[72325:0728/062433.372316:INFO:CONSOLE:55] "assets/Coral.js: normalMap", source: https://webglsamples.org/tdl/log.js (55)
[72325:0728/062433.372924:INFO:CONSOLE:55] "assets/CoralStoneA.js: normalMap", source: https://webglsamples.org/tdl/log.js (55)
[72325:0728/062433.373571:INFO:CONSOLE:55] "assets/CoralStoneB.js: normalMap", source: https://webglsamples.org/tdl/log.js (55)
[72325:0728/062433.381018:INFO:CONSOLE:55] "assets/EnvironmentBox.js: custom", source: https://webglsamples.org/tdl/log.js (55)
[72325:0728/062433.381179:INFO:CONSOLE:55] "assets/EnvironmentBox.js: custom", source: https://webglsamples.org/tdl/log.js (55)
[72325:0728/062433.381398:INFO:CONSOLE:55] "assets/EnvironmentBox.js: custom", source: https://webglsamples.org/tdl/log.js (55)
[72325:0728/062433.381720:INFO:CONSOLE:55] "assets/EnvironmentBox.js: custom", source: https://webglsamples.org/tdl/log.js (55)
#### AGX_LIFE CREATE id=0x104 type=0 surf=0 bytes=0x4000 kr=0 okC=3500 failC=0 okD=3198 failD=0 unmatchedD=0 full=0 live=302/47MB [t0=253/19MB t80=0/0MB t82=49/27MB]
[72325:0728/062433.382053:INFO:CONSOLE:55] "assets/EnvironmentBox.js: custom", source: https://webglsamples.org/tdl/log.js (55)
[72325:0728/062433.382372:INFO:CONSOLE:55] "assets/EnvironmentBox.js: custom", source: https://webglsamples.org/tdl/log.js (55)
[72325:0728/062433.392407:INFO:CONSOLE:55] "assets/FloorBase_Baked.js: normalMap", source: https://webglsamples.org/tdl/log.js (55)
#### AGXIOC Method sel=0x18->0x18 inCnt=0 inSC=0 outSC=0 -> 0xe00002c2
[72325:0728/062433.432520:INFO:CONSOLE:55] "assets/FloorCenter.js: diffuse", source: https://webglsamples.org/tdl/log.js (55)
[72325:0728/062433.433907:INFO:CONSOLE:55] "assets/GlobeBase.js: custom", source: https://webglsamples.org/tdl/log.js (55)
[72325:0728/062433.442206:INFO:CONSOLE:55] "assets/GlobeInner.js: custom", source: https://webglsamples.org/tdl/log.js (55)
[72325:0728/062433.465722:INFO:CONSOLE:55] "assets/GlobeOuter.js: custom", source: https://webglsamples.org/tdl/log.js (55)
[72325:0728/062433.467015:INFO:CONSOLE:55] "assets/RockA.js: normalMap", source: https://webglsamples.org/tdl/log.js (55)
[72325:0728/062433.468836:INFO:CONSOLE:55] "assets/RockB.js: normalMap", source: https://webglsamples.org/tdl/log.js (55)
[72325:0728/062433.470005:INFO:CONSOLE:55] "assets/RockC.js: normalMap", source: https://webglsamples.org/tdl/log.js (55)
[72325:0728/062433.471979:INFO:CONSOLE:55] "assets/RuinColumn.js: normalMap", source: https://webglsamples.org/tdl/log.js (55)
[72325:0728/062433.473345:INFO:CONSOLE:55] "assets/Skybox.js: custom", source: https://webglsamples.org/tdl/log.js (55)
[72325:0728/062433.474730:INFO:CONSOLE:55] "assets/Stone.js: normalMap", source: https://webglsamples.org/tdl/log.js (55)
[72325:0728/062433.475865:INFO:CONSOLE:55] "assets/Stones.js: normalMap", source: https://webglsamples.org/tdl/log.js (55)
[72325:0728/062433.477731:INFO:CONSOLE:55] "assets/SunknShip.js: normalMap", source: https://webglsamples.org/tdl/log.js (55)
[72325:0728/062433.477965:INFO:CONSOLE:55] "assets/SunknShip.js: normalMap", source: https://webglsamples.org/tdl/log.js (55)
[72325:0728/062433.478493:INFO:CONSOLE:55] "assets/SunknShip.js: normalMap", source: https://webglsamples.org/tdl/log.js (55)
[72325:0728/062433.480371:INFO:CONSOLE:55] "assets/SunknSub.js: normalMap", source: https://webglsamples.org/tdl/log.js (55)
[72325:0728/062433.480957:INFO:CONSOLE:55] "assets/SunknSub.js: normalMap", source: https://webglsamples.org/tdl/log.js (55)
[72325:0728/062433.482083:INFO:CONSOLE:55] "assets/SupportBeams.js: diffuse", source: https://webglsamples.org/tdl/log.js (55)
[72325:0728/062433.490409:INFO:CONSOLE:55] "assets/SeaweedA.js: custom", source: https://webglsamples.org/tdl/log.js (55)
[72325:0728/062433.491258:INFO:CONSOLE:55] "assets/SeaweedB.js: custom", source: https://webglsamples.org/tdl/log.js (55)
[72325:0728/062433.491958:INFO:CONSOLE:55] "assets/TreasureChest.js: normalMap", source: https://webglsamples.org/tdl/log.js (55)
[72325:0728/062433.494502:INFO:CONSOLE:55] "loaded image: assets/GlobeOuter_EM_positive_x.jpg", source: https://webglsamples.org/tdl/log.js (55)
[72325:0728/062433.494628:INFO:CONSOLE:55] "loaded image: assets/GlobeOuter_EM_negative_x.jpg", source: https://webglsamples.org/tdl/log.js (55)
[72325:0728/062433.494727:INFO:CONSOLE:55] "loaded image: assets/GlobeOuter_EM_positive_y.jpg", source: https://webglsamples.org/tdl/log.js (55)
[72325:0728/062433.509970:INFO:CONSOLE:55] "loaded image: assets/GlobeOuter_EM_negative_y.jpg", source: https://webglsamples.org/tdl/log.js (55)
[72325:0728/062433.510202:INFO:CONSOLE:55] "loaded image: assets/GlobeOuter_EM_positive_z.jpg", source: https://webglsamples.org/tdl/log.js (55)
[72325:0728/062433.510276:INFO:CONSOLE:55] "loaded image: assets/GlobeOuter_EM_negative_z.jpg", source: https://webglsamples.org/tdl/log.js (55)
#### AGXIOC heap map #3500 clientID 0x100000 -> resourceID 0x1de size 0x100000
#### AGX_LIFE DESTROY id=0xf8 type=0 surf=0 bytes=0x4000 kr=0 okC=3726 failC=0 okD=3250 failD=0 unmatchedD=0 full=0 live=475/58MB [t0=425/29MB t80=0/0MB t82=50/28MB]
#### AGXIOC Method sel=0x18->0x18 inCnt=0 inSC=0 outSC=0 -> 0xe00002c2
#### AGX_LIFE CREATE id=0x18f type=0 surf=0 bytes=0x100000 kr=0 okC=3750 failC=0 okD=3291 failD=0 unmatchedD=0 full=0 live=458/65MB [t0=406/31MB t80=0/0MB t82=52/33MB]
#### AGXIOC Method sel=0x18->0x18 inCnt=0 inSC=0 outSC=0 -> 0xe00002c2
#### AGXIOC Method sel=0x18->0x18 inCnt=0 inSC=0 outSC=0 -> 0xe00002c2
#### AGXIOC Method sel=0x18->0x18 inCnt=0 inSC=0 outSC=0 -> 0xe00002c2
#### AGXIOC Method sel=0x18->0x18 inCnt=0 inSC=0 outSC=0 -> 0xe00002c2
#### AGXIOC Method sel=0x18->0x18 inCnt=0 inSC=0 outSC=0 -> 0xe00002c2
#### AGXIOC Method sel=0x18->0x18 inCnt=0 inSC=0 outSC=0 -> 0xe00002c2
#### AGXIOC Method sel=0x18->0x18 inCnt=0 inSC=0 outSC=0 -> 0xe00002c2
#### AGXIOC Method sel=0x18->0x18 inCnt=0 inSC=0 outSC=0 -> 0xe00002c2
#### AGXIOC Method sel=0x18->0x18 inCnt=0 inSC=0 outSC=0 -> 0xe00002c2
#### AGXIOC Method sel=0x18->0x18 inCnt=0 inSC=0 outSC=0 -> 0xe00002c2
#### AGXIOC Method sel=0x18->0x18 inCnt=0 inSC=0 outSC=0 -> 0xe00002c2
#### AGXIOC Method sel=0x18->0x18 inCnt=0 inSC=0 outSC=0 -> 0xe00002c2
#### AGXIOC Method sel=0x18->0x18 inCnt=0 inSC=0 outSC=0 -> 0xe00002c2
#### AGXIOC Method sel=0x18->0x18 inCnt=0 inSC=0 outSC=0 -> 0xe00002c2
#### AGXIOC Method sel=0x1e->0x1a inCnt=4 inSC=56 outSC=0 -> 0x0
#### AGXIOC Method sel=0x18->0x18 inCnt=0 inSC=0 outSC=0 -> 0xe00002c2
#### AGXIOC Method sel=0x18->0x18 inCnt=0 inSC=0 outSC=0 -> 0xe00002c2
#### AGXIOC Method sel=0x18->0x18 inCnt=0 inSC=0 outSC=0 -> 0xe00002c2
#### AGXIOC Method sel=0x18->0x18 inCnt=0 inSC=0 outSC=0 -> 0xe00002c2
#### AGXIOC Method sel=0xd->0xc inCnt=2 inSC=0 outSC=0 -> 0x0
#### AGXIOC Method sel=0x18->0x18 inCnt=0 inSC=0 outSC=0 -> 0xe00002c2
#### AGXIOC Method sel=0x18->0x18 inCnt=0 inSC=0 outSC=0 -> 0xe00002c2
#### AGXIOC Method sel=0x18->0x18 inCnt=0 inSC=0 outSC=0 -> 0xe00002c2
#### AGXIOC Method sel=0x18->0x18 inCnt=0 inSC=0 outSC=0 -> 0xe00002c2
#### AGXIOC Method sel=0x18->0x18 inCnt=0 inSC=0 outSC=0 -> 0xe00002c2
#### AGXIOC Method sel=0x18->0x18 inCnt=0 inSC=0 outSC=0 -> 0xe00002c2
#### AGXIOC Method sel=0x18->0x18 inCnt=0 inSC=0 outSC=0 -> 0xe00002c2
#### AGXIOC Method sel=0x18->0x18 inCnt=0 inSC=0 outSC=0 -> 0xe00002c2
#### AGXIOC Method sel=0x18->0x18 inCnt=0 inSC=0 outSC=0 -> 0xe00002c2
#### AGXIOC Method sel=0x18->0x18 inCnt=0 inSC=0 outSC=0 -> 0xe00002c2
#### AGXIOC Method sel=0x18->0x18 inCnt=0 inSC=0 outSC=0 -> 0xe00002c2
#### AGXIOC Method sel=0x18->0x18 inCnt=0 inSC=0 outSC=0 -> 0xe00002c2
#### AGXIOC Method sel=0x18->0x18 inCnt=0 inSC=0 outSC=0 -> 0xe00002c2
#### AGXIOC Method sel=0x18->0x18 inCnt=0 inSC=0 outSC=0 -> 0xe00002c2
#### AGXIOC Method sel=0x18->0x18 inCnt=0 inSC=0 outSC=0 -> 0xe00002c2
#### AGXIOC Method sel=0x18->0x18 inCnt=0 inSC=0 outSC=0 -> 0xe00002c2
#### AGXIOC Method sel=0x18->0x18 inCnt=0 inSC=0 outSC=0 -> 0xe00002c2
#### AGXIOC Method sel=0x18->0x18 inCnt=0 inSC=0 outSC=0 -> 0xe00002c2
#### AGXIOC Method sel=0x18->0x18 inCnt=0 inSC=0 outSC=0 -> 0xe00002c2
#### AGXIOC Method sel=0x18->0x18 inCnt=0 inSC=0 outSC=0 -> 0xe00002c2
#### AGXIOC Method sel=0x18->0x18 inCnt=0 inSC=0 outSC=0 -> 0xe00002c2
#### AGXIOC Method sel=0x18->0x18 inCnt=0 inSC=0 outSC=0 -> 0xe00002c2
#### AGXIOC Method sel=0x18->0x18 inCnt=0 inSC=0 outSC=0 -> 0xe00002c2
#### AGXIOC Method sel=0x18->0x18 inCnt=0 inSC=0 outSC=0 -> 0xe00002c2
#### AGXIOC Method sel=0x18->0x18 inCnt=0 inSC=0 outSC=0 -> 0xe00002c2
#### AGXIOC Method sel=0x18->0x18 inCnt=0 inSC=0 outSC=0 -> 0xe00002c2
#### AGXIOC Method sel=0x18->0x18 inCnt=0 inSC=0 outSC=0 -> 0xe00002c2
#### AGXIOC Method sel=0x18->0x18 inCnt=0 inSC=0 outSC=0 -> 0xe00002c2
#### AGXIOC Method sel=0x18->0x18 inCnt=0 inSC=0 outSC=0 -> 0xe00002c2
#### AGXIOC Method sel=0x18->0x18 inCnt=0 inSC=0 outSC=0 -> 0xe00002c2
#### AGXIOC Method sel=0x18->0x18 inCnt=0 inSC=0 outSC=0 -> 0xe00002c2
#### AGXIOC Method sel=0x18->0x18 inCnt=0 inSC=0 outSC=0 -> 0xe00002c2
#### AGXIOC Method sel=0x18->0x18 inCnt=0 inSC=0 outSC=0 -> 0xe00002c2
#### AGXIOC Method sel=0x18->0x18 inCnt=0 inSC=0 outSC=0 -> 0xe00002c2
#### AGXIOC Method sel=0x18->0x18 inCnt=0 inSC=0 outSC=0 -> 0xe00002c2
#### AGXIOC Method sel=0x18->0x18 inCnt=0 inSC=0 outSC=0 -> 0xe00002c2
#### AGXIOC Method sel=0x18->0x18 inCnt=0 inSC=0 outSC=0 -> 0xe00002c2
#### AGXIOC Method sel=0x18->0x18 inCnt=0 inSC=0 outSC=0 -> 0xe00002c2
#### AGXIOC Method sel=0x18->0x18 inCnt=0 inSC=0 outSC=0 -> 0xe00002c2
#### AGXIOC Method sel=0x18->0x18 inCnt=0 inSC=0 outSC=0 -> 0xe00002c2
#### AGXIOC Method sel=0x18->0x18 inCnt=0 inSC=0 outSC=0 -> 0xe00002c2
#### AGXIOC Method sel=0x18->0x18 inCnt=0 inSC=0 outSC=0 -> 0xe00002c2
#### AGXIOC Method sel=0x18->0x18 inCnt=0 inSC=0 outSC=0 -> 0xe00002c2
#### AGXIOC Method sel=0x18->0x18 inCnt=0 inSC=0 outSC=0 -> 0xe00002c2
#### AGXIOC Method sel=0x18->0x18 inCnt=0 inSC=0 outSC=0 -> 0xe00002c2
#### AGXIOC Method sel=0x18->0x18 inCnt=0 inSC=0 outSC=0 -> 0xe00002c2
#### AGXIOC Method sel=0x18->0x18 inCnt=0 inSC=0 outSC=0 -> 0xe00002c2
#### AGXIOC Method sel=0x18->0x18 inCnt=0 inSC=0 outSC=0 -> 0xe00002c2
#### AGXIOC Method sel=0x18->0x18 inCnt=0 inSC=0 outSC=0 -> 0xe00002c2
#### AGXIOC Method sel=0x18->0x18 inCnt=0 inSC=0 outSC=0 -> 0xe00002c2
#### AGXIOC Method sel=0x18->0x18 inCnt=0 inSC=0 outSC=0 -> 0xe00002c2
#### AGXIOC Method sel=0x18->0x18 inCnt=0 inSC=0 outSC=0 -> 0xe00002c2
#### AGXIOC Method sel=0x18->0x18 inCnt=0 inSC=0 outSC=0 -> 0xe00002c2
#### AGXIOC Method sel=0x18->0x18 inCnt=0 inSC=0 outSC=0 -> 0xe00002c2
#### AGXIOC Method sel=0x18->0x18 inCnt=0 inSC=0 outSC=0 -> 0xe00002c2
#### AGXIOC Method sel=0x18->0x18 inCnt=0 inSC=0 outSC=0 -> 0xe00002c2
#### AGXIOC Method sel=0x18->0x18 inCnt=0 inSC=0 outSC=0 -> 0xe00002c2
#### AGXIOC Method sel=0x18->0x18 inCnt=0 inSC=0 outSC=0 -> 0xe00002c2
#### AGXIOC Method sel=0x18->0x18 inCnt=0 inSC=0 outSC=0 -> 0xe00002c2
#### AGXIOC Method sel=0x18->0x18 inCnt=0 inSC=0 outSC=0 -> 0xe00002c2
#### AGXIOC Method sel=0x18->0x18 inCnt=0 inSC=0 outSC=0 -> 0xe00002c2
#### AGXIOC Method sel=0x18->0x18 inCnt=0 inSC=0 outSC=0 -> 0xe00002c2
#### AGXIOC Method sel=0x18->0x18 inCnt=0 inSC=0 outSC=0 -> 0xe00002c2
#### AGXIOC Method sel=0x18->0x18 inCnt=0 inSC=0 outSC=0 -> 0xe00002c2
#### AGXIOC Method sel=0x18->0x18 inCnt=0 inSC=0 outSC=0 -> 0xe00002c2
#### AGXIOC Method sel=0x18->0x18 inCnt=0 inSC=0 outSC=0 -> 0xe00002c2
#### AGXIOC Method sel=0x18->0x18 inCnt=0 inSC=0 outSC=0 -> 0xe00002c2
#### AGXIOC Method sel=0x18->0x18 inCnt=0 inSC=0 outSC=0 -> 0xe00002c2
#### AGXIOC Method sel=0x18->0x18 inCnt=0 inSC=0 outSC=0 -> 0xe00002c2
#### AGXIOC Method sel=0x18->0x18 inCnt=0 inSC=0 outSC=0 -> 0xe00002c2
#### AGXIOC Method sel=0x18->0x18 inCnt=0 inSC=0 outSC=0 -> 0xe00002c2
#### AGXIOC Method sel=0x18->0x18 inCnt=0 inSC=0 outSC=0 -> 0xe00002c2
#### AGXIOC Method sel=0x18->0x18 inCnt=0 inSC=0 outSC=0 -> 0xe00002c2
#### AGXIOC Method sel=0x18->0x18 inCnt=0 inSC=0 outSC=0 -> 0xe00002c2
#### AGXIOC Method sel=0x18->0x18 inCnt=0 inSC=0 outSC=0 -> 0xe00002c2
#### AGXIOC Method sel=0x18->0x18 inCnt=0 inSC=0 outSC=0 -> 0xe00002c2
#### AGXIOC Method sel=0x18->0x18 inCnt=0 inSC=0 outSC=0 -> 0xe00002c2
#### AGXIOC Method sel=0x18->0x18 inCnt=0 inSC=0 outSC=0 -> 0xe00002c2
#### AGXIOC Method sel=0x18->0x18 inCnt=0 inSC=0 outSC=0 -> 0xe00002c2
#### AGXIOC Method sel=0x18->0x18 inCnt=0 inSC=0 outSC=0 -> 0xe00002c2
#### AGXIOC Method sel=0x18->0x18 inCnt=0 inSC=0 outSC=0 -> 0xe00002c2
#### AGXIOC Method sel=0x18->0x18 inCnt=0 inSC=0 outSC=0 -> 0xe00002c2
#### AGXIOC Method sel=0x18->0x18 inCnt=0 inSC=0 outSC=0 -> 0xe00002c2
#### AGXIOC Method sel=0x18->0x18 inCnt=0 inSC=0 outSC=0 -> 0xe00002c2
#### AGXIOC Method sel=0x18->0x18 inCnt=0 inSC=0 outSC=0 -> 0xe00002c2
#### AGXIOC Method sel=0x18->0x18 inCnt=0 inSC=0 outSC=0 -> 0xe00002c2
#### AGXIOC Method sel=0x18->0x18 inCnt=0 inSC=0 outSC=0 -> 0xe00002c2
#### AGXIOC Method sel=0x18->0x18 inCnt=0 inSC=0 outSC=0 -> 0xe00002c2
#### AGXIOC Method sel=0x18->0x18 inCnt=0 inSC=0 outSC=0 -> 0xe00002c2
#### AGXIOC Method sel=0x18->0x18 inCnt=0 inSC=0 outSC=0 -> 0xe00002c2
#### AGXIOC Method sel=0x18->0x18 inCnt=0 inSC=0 outSC=0 -> 0xe00002c2
#### AGXIOC Method sel=0x18->0x18 inCnt=0 inSC=0 outSC=0 -> 0xe00002c2
#### AGXIOC Method sel=0x18->0x18 inCnt=0 inSC=0 outSC=0 -> 0xe00002c2
#### AGXIOC Method sel=0x18->0x18 inCnt=0 inSC=0 outSC=0 -> 0xe00002c2
#### AGXIOC Method sel=0x18->0x18 inCnt=0 inSC=0 outSC=0 -> 0xe00002c2
#### AGXIOC Method sel=0x18->0x18 inCnt=0 inSC=0 outSC=0 -> 0xe00002c2
#### AGXIOC Method sel=0x18->0x18 inCnt=0 inSC=0 outSC=0 -> 0xe00002c2
#### AGXIOC Method sel=0x18->0x18 inCnt=0 inSC=0 outSC=0 -> 0xe00002c2
#### AGXIOC Method sel=0x18->0x18 inCnt=0 inSC=0 outSC=0 -> 0xe00002c2
#### AGXIOC Method sel=0x18->0x18 inCnt=0 inSC=0 outSC=0 -> 0xe00002c2
#### AGXIOC Method sel=0x18->0x18 inCnt=0 inSC=0 outSC=0 -> 0xe00002c2
#### AGXIOC Method sel=0x18->0x18 inCnt=0 inSC=0 outSC=0 -> 0xe00002c2
#### AGXIOC Method sel=0x18->0x18 inCnt=0 inSC=0 outSC=0 -> 0xe00002c2
#### AGXIOC Method sel=0x18->0x18 inCnt=0 inSC=0 outSC=0 -> 0xe00002c2
#### AGXIOC Method sel=0x18->0x18 inCnt=0 inSC=0 outSC=0 -> 0xe00002c2
#### AGXIOC Method sel=0x18->0x18 inCnt=0 inSC=0 outSC=0 -> 0xe00002c2
#### AGXIOC Method sel=0x18->0x18 inCnt=0 inSC=0 outSC=0 -> 0xe00002c2
#### AGXIOC Method sel=0x18->0x18 inCnt=0 inSC=0 outSC=0 -> 0xe00002c2
#### AGXIOC Method sel=0x18->0x18 inCnt=0 inSC=0 outSC=0 -> 0xe00002c2
#### AGXIOC Method sel=0x18->0x18 inCnt=0 inSC=0 outSC=0 -> 0xe00002c2
#### AGXIOC Method sel=0x18->0x18 inCnt=0 inSC=0 outSC=0 -> 0xe00002c2
#### AGXIOC Method sel=0x18->0x18 inCnt=0 inSC=0 outSC=0 -> 0xe00002c2
#### AGXIOC Method sel=0x18->0x18 inCnt=0 inSC=0 outSC=0 -> 0xe00002c2
#### AGXIOC Method sel=0x18->0x18 inCnt=0 inSC=0 outSC=0 -> 0xe00002c2
#### AGXIOC Method sel=0x18->0x18 inCnt=0 inSC=0 outSC=0 -> 0xe00002c2
#### AGXIOC Method sel=0x18->0x18 inCnt=0 inSC=0 outSC=0 -> 0xe00002c2
#### AGXIOC Method sel=0x18->0x18 inCnt=0 inSC=0 outSC=0 -> 0xe00002c2
#### AGXIOC Method sel=0x18->0x18 inCnt=0 inSC=0 outSC=0 -> 0xe00002c2
#### AGXIOC Method sel=0x18->0x18 inCnt=0 inSC=0 outSC=0 -> 0xe00002c2
#### AGXIOC Method sel=0x18->0x18 inCnt=0 inSC=0 outSC=0 -> 0xe00002c2
#### AGXIOC Method sel=0x18->0x18 inCnt=0 inSC=0 outSC=0 -> 0xe00002c2
#### AGXIOC Method sel=0x18->0x18 inCnt=0 inSC=0 outSC=0 -> 0xe00002c2
#### AGXIOC Method sel=0x18->0x18 inCnt=0 inSC=0 outSC=0 -> 0xe00002c2
#### AGXIOC Method sel=0x18->0x18 inCnt=0 inSC=0 outSC=0 -> 0xe00002c2
#### AGXIOC Method sel=0x18->0x18 inCnt=0 inSC=0 outSC=0 -> 0xe00002c2
#### AGXIOC Method sel=0x18->0x18 inCnt=0 inSC=0 outSC=0 -> 0xe00002c2
#### AGXIOC Method sel=0x18->0x18 inCnt=0 inSC=0 outSC=0 -> 0xe00002c2
#### AGXIOC Method sel=0x18->0x18 inCnt=0 inSC=0 outSC=0 -> 0xe00002c2
#### AGXIOC Method sel=0x18->0x18 inCnt=0 inSC=0 outSC=0 -> 0xe00002c2
#### AGXIOC Method sel=0x18->0x18 inCnt=0 inSC=0 outSC=0 -> 0xe00002c2
#### AGXIOC Method sel=0x18->0x18 inCnt=0 inSC=0 outSC=0 -> 0xe00002c2
#### AGXIOC Method sel=0x18->0x18 inCnt=0 inSC=0 outSC=0 -> 0xe00002c2
#### AGXIOC Method sel=0x18->0x18 inCnt=0 inSC=0 outSC=0 -> 0xe00002c2
#### AGXIOC Method sel=0x18->0x18 inCnt=0 inSC=0 outSC=0 -> 0xe00002c2
#### AGXIOC Method sel=0x18->0x18 inCnt=0 inSC=0 outSC=0 -> 0xe00002c2
#### AGXIOC Method sel=0x18->0x18 inCnt=0 inSC=0 outSC=0 -> 0xe00002c2
#### AGXIOC Method sel=0x18->0x18 inCnt=0 inSC=0 outSC=0 -> 0xe00002c2
#### AGXIOC Method sel=0x18->0x18 inCnt=0 inSC=0 outSC=0 -> 0xe00002c2
#### AGXIOC Method sel=0x18->0x18 inCnt=0 inSC=0 outSC=0 -> 0xe00002c2
#### AGXIOC Method sel=0x18->0x18 inCnt=0 inSC=0 outSC=0 -> 0xe00002c2
#### AGXIOC Method sel=0x18->0x18 inCnt=0 inSC=0 outSC=0 -> 0xe00002c2
#### AGXIOC Method sel=0x18->0x18 inCnt=0 inSC=0 outSC=0 -> 0xe00002c2
#### AGXIOC Method sel=0x18->0x18 inCnt=0 inSC=0 outSC=0 -> 0xe00002c2
#### AGXIOC Method sel=0x18->0x18 inCnt=0 inSC=0 outSC=0 -> 0xe00002c2
#### AGXIOC Method sel=0x18->0x18 inCnt=0 inSC=0 outSC=0 -> 0xe00002c2
#### AGXIOC Method sel=0x18->0x18 inCnt=0 inSC=0 outSC=0 -> 0xe00002c2
#### AGXIOC Method sel=0x18->0x18 inCnt=0 inSC=0 outSC=0 -> 0xe00002c2
#### AGXIOC Method sel=0x18->0x18 inCnt=0 inSC=0 outSC=0 -> 0xe00002c2
#### AGXIOC Method sel=0x18->0x18 inCnt=0 inSC=0 outSC=0 -> 0xe00002c2
#### AGXIOC Method sel=0x18->0x18 inCnt=0 inSC=0 outSC=0 -> 0xe00002c2
#### AGXIOC Method sel=0x18->0x18 inCnt=0 inSC=0 outSC=0 -> 0xe00002c2
#### AGXIOC Method sel=0x18->0x18 inCnt=0 inSC=0 outSC=0 -> 0xe00002c2
#### AGXIOC Method sel=0x18->0x18 inCnt=0 inSC=0 outSC=0 -> 0xe00002c2
#### AGXIOC Method sel=0x18->0x18 inCnt=0 inSC=0 outSC=0 -> 0xe00002c2
#### AGXIOC Method sel=0x18->0x18 inCnt=0 inSC=0 outSC=0 -> 0xe00002c2
#### AGXIOC Method sel=0x18->0x18 inCnt=0 inSC=0 outSC=0 -> 0xe00002c2
#### AGXIOC Method sel=0x18->0x18 inCnt=0 inSC=0 outSC=0 -> 0xe00002c2
#### AGXIOC Method sel=0x18->0x18 inCnt=0 inSC=0 outSC=0 -> 0xe00002c2
#### AGXIOC Method sel=0x18->0x18 inCnt=0 inSC=0 outSC=0 -> 0xe00002c2
#### AGXIOC Method sel=0x18->0x18 inCnt=0 inSC=0 outSC=0 -> 0xe00002c2
#### AGXIOC Method sel=0x18->0x18 inCnt=0 inSC=0 outSC=0 -> 0xe00002c2
#### AGXIOC Method sel=0x18->0x18 inCnt=0 inSC=0 outSC=0 -> 0xe00002c2
#### AGXIOC Method sel=0x18->0x18 inCnt=0 inSC=0 outSC=0 -> 0xe00002c2
#### AGXIOC Method sel=0x18->0x18 inCnt=0 inSC=0 outSC=0 -> 0xe00002c2
#### AGXIOC Method sel=0x18->0x18 inCnt=0 inSC=0 outSC=0 -> 0xe00002c2
#### AGXIOC Method sel=0x18->0x18 inCnt=0 inSC=0 outSC=0 -> 0xe00002c2
#### AGXIOC Method sel=0x18->0x18 inCnt=0 inSC=0 outSC=0 -> 0xe00002c2
#### AGXIOC Method sel=0x18->0x18 inCnt=0 inSC=0 outSC=0 -> 0xe00002c2
#### AGXIOC Method sel=0x18->0x18 inCnt=0 inSC=0 outSC=0 -> 0xe00002c2
#### AGXIOC Method sel=0x18->0x18 inCnt=0 inSC=0 outSC=0 -> 0xe00002c2
#### AGXIOC Method sel=0x18->0x18 inCnt=0 inSC=0 outSC=0 -> 0xe00002c2
#### AGXIOC Method sel=0x18->0x18 inCnt=0 inSC=0 outSC=0 -> 0xe00002c2
#### AGXIOC Method sel=0x18->0x18 inCnt=0 inSC=0 outSC=0 -> 0xe00002c2
#### AGXIOC Method sel=0x18->0x18 inCnt=0 inSC=0 outSC=0 -> 0xe00002c2
#### AGXIOC Method sel=0x18->0x18 inCnt=0 inSC=0 outSC=0 -> 0xe00002c2
#### AGXIOC Method sel=0x18->0x18 inCnt=0 inSC=0 outSC=0 -> 0xe00002c2
#### AGXIOC Method sel=0x18->0x18 inCnt=0 inSC=0 outSC=0 -> 0xe00002c2
#### AGXIOC Method sel=0x18->0x18 inCnt=0 inSC=0 outSC=0 -> 0xe00002c2
#### AGXIOC Method sel=0x18->0x18 inCnt=0 inSC=0 outSC=0 -> 0xe00002c2
#### AGXIOC Method sel=0x18->0x18 inCnt=0 inSC=0 outSC=0 -> 0xe00002c2
#### AGXIOC Method sel=0x18->0x18 inCnt=0 inSC=0 outSC=0 -> 0xe00002c2
#### AGXIOC Method sel=0x18->0x18 inCnt=0 inSC=0 outSC=0 -> 0xe00002c2
#### AGXIOC Method sel=0x18->0x18 inCnt=0 inSC=0 outSC=0 -> 0xe00002c2
#### AGXIOC Method sel=0x18->0x18 inCnt=0 inSC=0 outSC=0 -> 0xe00002c2
#### AGXIOC Method sel=0x18->0x18 inCnt=0 inSC=0 outSC=0 -> 0xe00002c2
#### AGXIOC Method sel=0x18->0x18 inCnt=0 inSC=0 outSC=0 -> 0xe00002c2
#### AGXIOC Method sel=0x18->0x18 inCnt=0 inSC=0 outSC=0 -> 0xe00002c2
#### AGXIOC Method sel=0x18->0x18 inCnt=0 inSC=0 outSC=0 -> 0xe00002c2
#### AGXIOC Method sel=0x18->0x18 inCnt=0 inSC=0 outSC=0 -> 0xe00002c2
#### AGXIOC Method sel=0x18->0x18 inCnt=0 inSC=0 outSC=0 -> 0xe00002c2
#### AGXIOC Method sel=0x18->0x18 inCnt=0 inSC=0 outSC=0 -> 0xe00002c2
#### AGXIOC Method sel=0x18->0x18 inCnt=0 inSC=0 outSC=0 -> 0xe00002c2
#### AGXIOC Method sel=0x18->0x18 inCnt=0 inSC=0 outSC=0 -> 0xe00002c2
#### AGXIOC Method sel=0x18->0x18 inCnt=0 inSC=0 outSC=0 -> 0xe00002c2
#### AGXIOC Method sel=0x18->0x18 inCnt=0 inSC=0 outSC=0 -> 0xe00002c2
#### AGXIOC Method sel=0x18->0x18 inCnt=0 inSC=0 outSC=0 -> 0xe00002c2
#### AGXIOC Method sel=0x18->0x18 inCnt=0 inSC=0 outSC=0 -> 0xe00002c2
#### AGXIOC Method sel=0x1e->0x1a inCnt=4 inSC=56 outSC=0 -> 0x0
#### AGXIOC Method sel=0x18->0x18 inCnt=0 inSC=0 outSC=0 -> 0xe00002c2
#### AGXIOC Method sel=0x18->0x18 inCnt=0 inSC=0 outSC=0 -> 0xe00002c2
#### AGXIOC Method sel=0x18->0x18 inCnt=0 inSC=0 outSC=0 -> 0xe00002c2
#### AGXIOC Method sel=0x18->0x18 inCnt=0 inSC=0 outSC=0 -> 0xe00002c2
#### AGXIOC Method sel=0x18->0x18 inCnt=0 inSC=0 outSC=0 -> 0xe00002c2
#### AGXIOC Method sel=0x18->0x18 inCnt=0 inSC=0 outSC=0 -> 0xe00002c2
#### AGXIOC Method sel=0x18->0x18 inCnt=0 inSC=0 outSC=0 -> 0xe00002c2
#### AGXIOC Method sel=0x18->0x18 inCnt=0 inSC=0 outSC=0 -> 0xe00002c2
#### AGXIOC Method sel=0x18->0x18 inCnt=0 inSC=0 outSC=0 -> 0xe00002c2
#### AGXIOC Method sel=0x18->0x18 inCnt=0 inSC=0 outSC=0 -> 0xe00002c2
#### AGXIOC Method sel=0x18->0x18 inCnt=0 inSC=0 outSC=0 -> 0xe00002c2
#### AGXIOC Method sel=0x18->0x18 inCnt=0 inSC=0 outSC=0 -> 0xe00002c2
#### AGXIOC Method sel=0x18->0x18 inCnt=0 inSC=0 outSC=0 -> 0xe00002c2
#### AGXIOC Method sel=0x18->0x18 inCnt=0 inSC=0 outSC=0 -> 0xe00002c2
#### AGXIOC Method sel=0x18->0x18 inCnt=0 inSC=0 outSC=0 -> 0xe00002c2
#### AGXIOC Method sel=0x18->0x18 inCnt=0 inSC=0 outSC=0 -> 0xe00002c2
#### AGXIOC Method sel=0x18->0x18 inCnt=0 inSC=0 outSC=0 -> 0xe00002c2
#### AGXIOC Method sel=0x18->0x18 inCnt=0 inSC=0 outSC=0 -> 0xe00002c2
#### AGXIOC Method sel=0x18->0x18 inCnt=0 inSC=0 outSC=0 -> 0xe00002c2
#### AGXIOC Method sel=0x18->0x18 inCnt=0 inSC=0 outSC=0 -> 0xe00002c2
#### AGXIOC Method sel=0x18->0x18 inCnt=0 inSC=0 outSC=0 -> 0xe00002c2
#### AGXIOC Method sel=0x18->0x18 inCnt=0 inSC=0 outSC=0 -> 0xe00002c2
#### AGXIOC Method sel=0x18->0x18 inCnt=0 inSC=0 outSC=0 -> 0xe00002c2
#### AGXIOC Method sel=0x18->0x18 inCnt=0 inSC=0 outSC=0 -> 0xe00002c2
#### AGXIOC Method sel=0x18->0x18 inCnt=0 inSC=0 outSC=0 -> 0xe00002c2
#### AGXIOC Method sel=0x18->0x18 inCnt=0 inSC=0 outSC=0 -> 0xe00002c2
#### AGXIOC Method sel=0x18->0x18 inCnt=0 inSC=0 outSC=0 -> 0xe00002c2
#### AGXIOC Method sel=0x18->0x18 inCnt=0 inSC=0 outSC=0 -> 0xe00002c2
#### AGXIOC Method sel=0x18->0x18 inCnt=0 inSC=0 outSC=0 -> 0xe00002c2
#### AGXIOC Method sel=0x18->0x18 inCnt=0 inSC=0 outSC=0 -> 0xe00002c2
#### AGXIOC Method sel=0x18->0x18 inCnt=0 inSC=0 outSC=0 -> 0xe00002c2
#### AGXIOC Method sel=0x18->0x18 inCnt=0 inSC=0 outSC=0 -> 0xe00002c2
#### AGXIOC Method sel=0x18->0x18 inCnt=0 inSC=0 outSC=0 -> 0xe00002c2
#### AGXIOC Method sel=0x18->0x18 inCnt=0 inSC=0 outSC=0 -> 0xe00002c2
#### AGXIOC Method sel=0x18->0x18 inCnt=0 inSC=0 outSC=0 -> 0xe00002c2
#### AGXIOC Method sel=0x18->0x18 inCnt=0 inSC=0 outSC=0 -> 0xe00002c2
#### AGXIOC Method sel=0x18->0x18 inCnt=0 inSC=0 outSC=0 -> 0xe00002c2
#### AGXIOC Method sel=0x18->0x18 inCnt=0 inSC=0 outSC=0 -> 0xe00002c2
#### AGXIOC Method sel=0x18->0x18 inCnt=0 inSC=0 outSC=0 -> 0xe00002c2
#### AGXIOC Method sel=0x18->0x18 inCnt=0 inSC=0 outSC=0 -> 0xe00002c2
#### AGXIOC Method sel=0x18->0x18 inCnt=0 inSC=0 outSC=0 -> 0xe00002c2
#### AGXIOC Method sel=0x18->0x18 inCnt=0 inSC=0 outSC=0 -> 0xe00002c2
#### AGXIOC Method sel=0x18->0x18 inCnt=0 inSC=0 outSC=0 -> 0xe00002c2
#### AGXIOC Method sel=0x18->0x18 inCnt=0 inSC=0 outSC=0 -> 0xe00002c2
#### AGXIOC Method sel=0x18->0x18 inCnt=0 inSC=0 outSC=0 -> 0xe00002c2
#### AGXIOC Method sel=0x18->0x18 inCnt=0 inSC=0 outSC=0 -> 0xe00002c2
#### AGXIOC Method sel=0x18->0x18 inCnt=0 inSC=0 outSC=0 -> 0xe00002c2
#### AGXIOC Method sel=0x18->0x18 inCnt=0 inSC=0 outSC=0 -> 0xe00002c2
#### AGXIOC Method sel=0x18->0x18 inCnt=0 inSC=0 outSC=0 -> 0xe00002c2
#### AGXIOC Method sel=0x18->0x18 inCnt=0 inSC=0 outSC=0 -> 0xe00002c2
#### AGXIOC Method sel=0x18->0x18 inCnt=0 inSC=0 outSC=0 -> 0xe00002c2
#### AGXIOC Method sel=0x18->0x18 inCnt=0 inSC=0 outSC=0 -> 0xe00002c2
#### AGXIOC Method sel=0x18->0x18 inCnt=0 inSC=0 outSC=0 -> 0xe00002c2
#### AGXIOC Method sel=0x18->0x18 inCnt=0 inSC=0 outSC=0 -> 0xe00002c2
#### AGXIOC Method sel=0x18->0x18 inCnt=0 inSC=0 outSC=0 -> 0xe00002c2
#### AGXIOC Method sel=0x18->0x18 inCnt=0 inSC=0 outSC=0 -> 0xe00002c2
#### AGXIOC Method sel=0x18->0x18 inCnt=0 inSC=0 outSC=0 -> 0xe00002c2
#### AGXIOC Method sel=0x18->0x18 inCnt=0 inSC=0 outSC=0 -> 0xe00002c2
#### AGXIOC Method sel=0x18->0x18 inCnt=0 inSC=0 outSC=0 -> 0xe00002c2
#### AGXIOC Method sel=0x18->0x18 inCnt=0 inSC=0 outSC=0 -> 0xe00002c2
#### AGXIOC Method sel=0x18->0x18 inCnt=0 inSC=0 outSC=0 -> 0xe00002c2
#### AGXIOC Method sel=0x18->0x18 inCnt=0 inSC=0 outSC=0 -> 0xe00002c2
#### AGXIOC Method sel=0x18->0x18 inCnt=0 inSC=0 outSC=0 -> 0xe00002c2
#### AGXIOC Method sel=0x18->0x18 inCnt=0 inSC=0 outSC=0 -> 0xe00002c2
#### AGXIOC Method sel=0x18->0x18 inCnt=0 inSC=0 outSC=0 -> 0xe00002c2
#### AGXIOC Method sel=0x18->0x18 inCnt=0 inSC=0 outSC=0 -> 0xe00002c2
#### AGXIOC Method sel=0x18->0x18 inCnt=0 inSC=0 outSC=0 -> 0xe00002c2
#### AGXIOC Method sel=0x18->0x18 inCnt=0 inSC=0 outSC=0 -> 0xe00002c2
#### AGXIOC Method sel=0x18->0x18 inCnt=0 inSC=0 outSC=0 -> 0xe00002c2
#### AGXIOC Method sel=0x18->0x18 inCnt=0 inSC=0 outSC=0 -> 0xe00002c2
#### AGXIOC Method sel=0x18->0x18 inCnt=0 inSC=0 outSC=0 -> 0xe00002c2
#### AGXIOC Method sel=0x18->0x18 inCnt=0 inSC=0 outSC=0 -> 0xe00002c2
#### AGXIOC Method sel=0x18->0x18 inCnt=0 inSC=0 outSC=0 -> 0xe00002c2
#### MACWS-NEW-EVENT #6000 original=nil sharedEvent=0x60053fb40 class=_MTLSharedEvent device=0x600282000 deviceClass=AGXG13GFamilyDevice
#### AGXIOC Method sel=0x18->0x18 inCnt=0 inSC=0 outSC=0 -> 0xe00002c2
#### AGXIOC Method sel=0x18->0x18 inCnt=0 inSC=0 outSC=0 -> 0xe00002c2
#### AGXIOC Method sel=0x18->0x18 inCnt=0 inSC=0 outSC=0 -> 0xe00002c2
#### AGXIOC Method sel=0x18->0x18 inCnt=0 inSC=0 outSC=0 -> 0xe00002c2
#### AGXIOC Method sel=0x18->0x18 inCnt=0 inSC=0 outSC=0 -> 0xe00002c2
#### AGXIOC Method sel=0x18->0x18 inCnt=0 inSC=0 outSC=0 -> 0xe00002c2
#### JIT-MPROTECT flip #8192 ranges=1 prot=RX writers=1 exec_waits=646 late_retries=66
