[launchdchrootexec] target=/System/Library/PrivateFrameworks/SkyLight.framework/Resources/WindowServer arch=arm64 insert=/usr/local/lib/libmachook_arm64.dylib
getppid = 1
#### MACWS_HID_BYPASS installed SetMatchingMultiple → no-op (1) at 0x1aa7e5e8c — skips iOS-format CFBinaryPlist parse inside
####   IOHIDEventSystemClientCacheMatchingServices → IOHIDUnserializeAndVMDealloc → CFPropertyListCreateFromStream
####   that BUS_ADRALNs in the IOMFBServer thread.
#### MACWS_AGX_RENAMER_PATCH: off (set MACWS_AGX_RENAMER_PATCH=1 to enable)
#### MACWS_ASSERT_BYPASS DISABLED (set MACWS_KEEP_ASSERT_BYPASS=1 to restore lazy bypass) — real __assert_rtn now reaches abort
#### MACWS_AGX_NATIVE [ctor] pre-loaded IOGPU via /System/Library/PrivateFrameworks/IOGPU.framework/IOGPU -> 0x3ea76cc10
#### SkyLight PrepareForUse tolerate-nil hook installed at 0x1ac65cfc4
#### SkyLight StartCompositeForDisplayStream nil-skip hook installed at 0x1ac485d74
#### SkyLight StartComposite(WSCD) tolerate-nil + pop-on-bail hook installed at 0x1ac485358
#### SkyLight StartComposite(MTLTex) pop-on-bail hook installed at 0x1ac485fb8
#### SkyLight EndCurrentComposite(bool) completion hook installed at 0x1ac48453c
#### SkyLight EndUpdate(bool) submission hook installed at 0x1ac4840b0
#### SkyLight _state_stack pop_back resolved at 0x1ac482fa0
#### SkyLight WSCompositeDestinationCreateWithMetalTexture nil-tolerate hook installed at 0x1ac48853c
#### SkyLight MetalContext::StopCapture invalid-this guard installed at 0x1ac4841bc
#### COEXIST API SwapEnd hook installed target=0x1b227b1cc trampoline=0x1050a4000
#### COEXIST: verified kern_SwapEnd BL; SwapEnd(sel5) -> SwapCancel(sel0x34) translation armed
#### MACWS_AGX_NATIVE class_addMethod(MTLTextureDescriptor, validateWithDevice:) = 1
#### MACWS_AGX_NATIVE class_addMethod(IOGPUMetalTexture, isMemoryless) = 1
#### MACWS_AGX_NATIVE class_addMethod(IOGPUMetalTexture, getCPUSizeBytes) = 1
#### MACWS_AGX_NATIVE class_addMethod(IOGPUMetalTexture, getAlignment) = 1
#### MACWS_AGX_NATIVE class_addMethod(IOGPUMetalTexture, descriptorPrivate) = 1
#### MACWS_AGX_NATIVE class_addMethod(IOGPUMetalTexture, getBytesPerRow) = 1
#### MACWS_AGX_NATIVE class_addMethod(IOGPUMetalTexture, updateBindDataWithAddresses:gpuVirtualAddress:) = 1
#### MACWS_AGX_NATIVE class_addMethod(IOGPUMetalTexture, updateBindDataWithAddresses:gpuVirtualAddress:shouldInitMetadata:) = 1
#### MACWS_AGX_NATIVE class_addMethod(IOGPUMetalTexture, allocBufferSubDataWithLength:options:alignment:heapIndex:bufferIndex:bufferOffset:) = 1
#### MACWS_AGX_NATIVE class_addMethod(IOGPUMetalTexture, initNewTextureData:) = 1
#### MACWS_AGX_NATIVE class_addMethod(MTLTextureDescriptor, isMemoryless) = 1
#### MACWS_AGX_NATIVE class_addMethod(MTLTextureDescriptor, protectionOptions) = 1
#### MACWS_AGX_NATIVE class_addMethod(MTLTextureDescriptor, getCPUSizeBytes) = 1
#### MACWS_AGX_NATIVE class_addMethod(MTLTextureDescriptor, getAlignment) = 1
#### MACWS_AGX_NATIVE class_addMethod(MTLTextureDescriptor, descriptorPrivate) = 1
#### MACWS_AGX_NATIVE class_addMethod(MTLTextureDescriptor, getBytesPerRow) = 1
#### MACWS_AGX_NATIVE class_addMethod(MTLTextureDescriptor, updateBindDataWithAddresses:gpuVirtualAddress:) = 1
#### MACWS_AGX_NATIVE class_addMethod(MTLTextureDescriptor, updateBindDataWithAddresses:gpuVirtualAddress:shouldInitMetadata:) = 1
#### MACWS_AGX_NATIVE class_addMethod(MTLTextureDescriptor, allocBufferSubDataWithLength:options:alignment:heapIndex:bufferIndex:bufferOffset:) = 1
#### MACWS_AGX_NATIVE class_addMethod(MTLTextureDescriptor, initNewTextureData:) = 1
#### IOMFB CANCEL-COMPLETION QuartzCore observer enable-tag-list=0x1aeea885c trampoline=0x1050b0000 callback=0x1aeea809c
#### COEXIST pre-lock pacing installed begin=0x1aeea7288/0x1051c0000 finish=0x1aeea7220/0x1051cc000
#### MACWS_CHROOT_ROOT installed FSNode isVolume repair class=0x202673398 original=0x1a7ba237c
#### XPC_BOOTSTRAP: fn=0x1a739d140 dict=0x12c707a70 (registering Metal compiler service)
#### XPC_BOOTSTRAP: result=0
#### QC-DESKTOP-TARGET installed class=_MTLLibrary selector=newFunctionWithName: original=0x1b0abb104
#### QC-DESKTOP-TARGET installed class=_MTLLibrary selector=newFunctionWithName:constantValues:error: original=0x1b0ac4360
#### QC-DESKTOP-TARGET installed class=_MTLLibrary selector=newFunctionWithName:constantValues:functionCache:error: original=0x1b0ac4370
#### QC-DESKTOP-TARGET installed class=_MTLLibrary selector=newFunctionWithName:constantValues:pipelineLibrary:error: original=0x1b0b8abc0
#### QC-DESKTOP-TARGET installed class=_MTLLibrary selector=newFunctionWithName:constantValues:functionCache:specializedName:error: original=0x1b0b8aa10
#### MACWS-METAL-TARGET installed class=_MTLFunctionInternal selector=newSpecializedFunctionWithDescriptor:destinationArchive:functionCache:error: original=0x1b0b91b00 types=@48@0:8@16@24@32^@40
#### MACWS-METAL-TARGET installed class=_MTLFunctionInternal selector=newSpecializedFunctionWithDescriptor:destinationArchive:functionCache:sync:completionHandler: original=0x1b0b910c4 types=v52@0:8@16@24@32B40@?44
#### IOMFB CANCEL-COMPLETION observed enabled registration fb=0x12d009200 client=8975 callback=0x1aeea809c context=0x11d0040d0 flags=0x622040980ff44804 slot=0 vsync=0 source=0x2 displayTimer=0x0 fallbackTimer=0x0 runLoop=0x0
#### IOMFB CANCEL-COMPLETION observed enabled registration fb=0x12d009200 client=8975 callback=0x1aeea809c context=0x11d0040d0 flags=0x622040980ff44804 slot=0 vsync=0 source=0x2 displayTimer=0x0 fallbackTimer=0x0 runLoop=0x0
#### IOMFB CANCEL-COMPLETION observed enabled registration fb=0x11d80a600 client=59651 callback=0x1aeea809c context=0x11d1042e0 flags=0x600000b807f44904 slot=1 vsync=0 source=0x2 displayTimer=0x0 fallbackTimer=0x0 runLoop=0x0
#### IOMFB CANCEL-COMPLETION observed enabled registration fb=0x11d80a600 client=59651 callback=0x1aeea809c context=0x11d1042e0 flags=0x600000b807f44904 slot=1 vsync=0 source=0x2 displayTimer=0x0 fallbackTimer=0x0 runLoop=0x0
#### MACWS_AGX_NATIVE pre-loaded IOGPU via /System/Library/PrivateFrameworks/IOGPU.framework/IOGPU -> 0x3ea76cc10
#### MACWS_AGX_NATIVE dlsym(IOGPUResourceCreate) = 0x1c43ae0a0
#### MACWS_AGX_NATIVE dlsym(IOGPUMetalCommonResourceCreate) = 0x0
#### MACWS_AGX_NATIVE dlsym(IOGPUDeviceCreateWithAPIProperty) = 0x1c43ac0fc
#### MACWS_AGX_NATIVE dlsym(_IOGPUMetalAllocateResource) = 0x0
#### MACWS_AGX_NATIVE dlsym(IOGPUMetalAllocateResource) = 0x0
#### MACWS_AGX_STUB_FIX objc_msgSendSuper2 repaired-early stub=0x20ccb5fc0 target=0x1a72bde00 new=[d29bc010 f2b4e570 f2c00030 d61f0200]
#### AGX_CLASSREF_DIAG newTexture iosurface alloc class @0x241b01298 = 0x2440aa5f0 name=AGXG13GFamilyTexture
#### AGX_CLASSREF_DIAG initImpl method m=0x20ccb93ad imp=0x20cca2284 expected stub=0x20ccb2880 real=0x20cca2284 WHICH=AGXG13GFamilyTexture-real
#### MACWS_AGX_OBJC_AUTDA_PATCH msgSendSuper2=0x1a72bde00 code=0x1a72bde00 autda@0x1a72bde10 insn=0xdac11a30
####   PATCHED autda x16,x17 → xpacd x16 (0xdac11a30 → 0xdac147f0)
#### MACWS_AGX_SEL_DIAG super-init SEL static=0x1cffc6f26 slid=0x1f721ef26 readable=1
####   bytes="initWithDevice:descriptor:iosurface:plane:field:args:argsSize:"
####   sel_registerName(...) = 0x1f721ef26 name="initWithDevice:descriptor:iosurface:plane:field:args:argsSize:"
####   objc_getClass(IOGPUMetalTexture) = 0x202840fb0
####   IOGPUMetalTexture method count = 71
####     - initNewTextureData:
####     - updateBindDataWithAddresses:gpuVirtualAddress:shouldInitMetadata:
####     - initWithBuffer:descriptor:offset:bytesPerRow:
####     - initWithBuffer:descriptor:sysMemOffset:sysMemRowBytes:vidMemSize:vidMemRowBytes:args:argsSize:
####     - initWithBuffer:descriptor:sysMemOffset:sysMemRowBytes:vidMemSize:vidMemRowBytes:args:argsSize:isStrideTexture:
####     - initWithDevice:descriptor:iosurface:plane:field:args:argsSize:
####     - initWithDevice:descriptor:sysMemSize:sysMemRowBytes:vidMemSize:vidMemRowBytes:args:argsSize:
####     - initWithDevice:remoteStorageTexture:args:argsSize:
####     - initWithHeap:resource:offset:length:device:descriptor:
####     - initWithTexture:pixelFormat:
####     - initWithTexture:pixelFormat:textureType:levels:slices:
####     - initWithTexture:pixelFormat:textureType:levels:slices:swizzle:
####     - initWithTextureInternal:pixelFormat:textureType:levels:slices:swizzle:compressedView:
####     - initWithPrimaryBuffer:heapIndex:bufferIndex:bufferOffset:length:descriptor:sysMemRowBytes:vidMemSize:vidMemRowBytes:args:argsSize:
####   AGXTexture super class = 0x0 ((nil))
####   super responds to "initWithDevice:desc:iosurface:plane:" = 0 (Method=0x0)
####   super responds to "initWithDevice:descriptor:iosurface:plane:" = 0 (Method=0x0)
####   super responds to "initWithDevice:descriptor:iosurface:plane:field:args:argsSize:" = 0 (Method=0x0)
####   super responds to "initImplWithDevice:Descriptor:iosurface:plane:buffer:bytesPerRow:allowNPOT:sparsePageSize:isCompressedIOSurface:isHeapBacked:" = 0 (Method=0x0)
#### MACWS_AGX_NATIVE objc_getClass(AGXBuffer) = 0x0
#### MACWS_AGX_NATIVE __objc_classlist: 52 entries
####   classlist[0] = 0x2440aa6b8 name=AGXBuffer registered=0x0
####   classlist[1] = 0x2440aa2f8 name=AGXG13GFamilyBinaryArchive registered=0x0
####   classlist[2] = 0x2440aa168 name=AGXG13GFamilyBlitContext registered=0x0
####   classlist[3] = 0x2440a97e0 name=AGXG13GFamilyResourceStateContext registered=0x0
####   classlist[4] = 0x2440a9fd8 name=AGXG13GFamilyBuffer registered=0x0
####   classlist[5] = 0x2440a9830 name=AGXG13GFamilyCommandBuffer registered=0x0
#### MACWS_AGX_NATIVE objc_duplicateClass=0x1a72e3cb8
#### MACWS_AGX_NATIVE imageinfo=0x23e814a58 sz=8
#### PREREGISTER image[308] AGXMetal13_3: 52/52 realized
#### PREREGISTER image[309] GPURawCounter: 6/6 realized
#### MACWS_AGX_NATIVE register pass 0: 0 new (total 58)
#### MACWS_AGX_NATIVE realized 58/52 classes
#### MACWS_AGX_NATIVE AGXBuffer after register: 0x2440aa6b8
#### MACWS_AGX_NATIVE [AGXBuffer alloc] = 0x12c6f5380
#### debugbydcmmc IOServiceOpen agx connect=70407 type=0x1 (requested=0x5)
#### AGXIOC Struct sel=0x5->0x4 inSC=0 outSC=32 -> 0x0
#### AGXIOC Scalar sel=0x25->0x21 inCnt=2 -> 0x0
#### MACWS_AGX_NATIVE swizzled initUntrackedInternalBufferWithDevice:length:options:
#### MACWS_AGX_NATIVE swizzled initWithDevice:length:alignment:options:isSuballocDisabled:resourceInArgs:pinnedGPULocation:
#### MACWS_AGX_NATIVE tracing -[AGXBuffer initWithDevice:options:args:argsSize:] (nil preserved)
#### LIBOBJC dlsym(objc_constructInstance) = 0x1a72cac08
#### LIBOBJC dlsym(_dyld_objc_notify_register) = 0x1a765f480
#### LIBOBJC dlsym(_dyld_objc_register_callbacks) = 0x1a7661abc
#### LIBOBJC dlsym(objc_readClassPair) = 0x1a72d0bdc
#### LIBOBJC dlsym(objc_registerClassPair) = 0x1a72c1a3c
#### LIBOBJC dlsym(_objc_realizeClassFromSwift) = 0x1a72d0d34
#### LIBOBJC dlsym(objc_addLoadImageFunc) = 0x1a72d07c8
#### LIBOBJC dlsym(_objc_init) = 0x1a72b6004
#### CLASS_DETAIL [0] 0x2440aa6b8 name=AGXBuffer super=0x2028407e0 (IOGPUMetalBuffer) meta=0
#### CLASS_DETAIL [1] 0x2440aa2f8 name=AGXG13GFamilyBinaryArchive super=0x202bd73b8 (_MTLBinaryArchive) meta=0
#### CLASS_DETAIL [2] 0x2440aa168 name=AGXG13GFamilyBlitContext super=0x2028407b8 (IOGPUMetalBlitCommandEncoder) meta=0
#### CLASS_DETAIL [3] 0x2440a97e0 name=AGXG13GFamilyResourceStateContext super=0x202840f88 (IOGPUMetalResourceStateCommandEncoder) meta=0
#### CLASS_DETAIL [4] 0x2440a9fd8 name=AGXG13GFamilyBuffer super=0x2440aa6b8 (AGXBuffer) meta=0
#### CLASS_DETAIL [5] 0x2440a9830 name=AGXG13GFamilyCommandBuffer super=0x202840830 (IOGPUMetalCommandBuffer) meta=0
#### CLASS_DETAIL [6] 0x2440aa208 name=AGXG13GFamilyCommandQueue super=0x2028408d0 (IOGPUMetalCommandQueue) meta=0
#### CLASS_DETAIL [7] 0x2440aa118 name=AGXG13GFamilyComputePipeline super=0x202bd5d88 (_MTLComputePipelineState) meta=0
#### CLASS_DETAIL [8] 0x2440aa0c8 name=AGXG13GFamilyDeadlineProfile super=0x202652e70 (NSObject) meta=0
#### CLASS_DETAIL [9] 0x2440a98d0 name=AGXG13GFamilyDebugContext super=0x202840970 (IOGPUMetalDebugCommandEncoder) meta=0
#### CLASS_DETAIL [10] 0x2440aa000 name=AGXG13GFamilyDepthStencilState super=0x202bd5db0 (_MTLDepthStencilState) meta=0
#### CLASS_DETAIL [11] 0x2440aa2d0 name=AGXG13GFamilyDynamicLibrary super=0x202bd7db8 (_MTLDynamicLibrary) meta=0
#### CLASS_DETAIL [12] 0x2440aa1b8 name=AGXG13GFamilyComputeContext super=0x202840948 (IOGPUMetalComputeCommandEncoder) meta=0
#### CLASS_DETAIL [13] 0x2440a9e70 name=AGXG13GFamilyFunctionHandle super=0x202bd79a8 (_MTLFunctionHandle) meta=0
#### CLASS_DETAIL [14] 0x2440aa2a8 name=AGXG13GFamilyHeap super=0x202840bf0 (IOGPUMetalHeap) meta=0
#### CLASS_DETAIL [15] 0x2440aa280 name=AGXG13GFamilySparseHeap super=0x202bd8e48 (_MTLHeap) meta=0
#### MACWS_AGX_NATIVE __objc_classrefs: 105 entries, 0 null
####   class AGXBuffer = 0x2440aa6b8
####   class AGXCommandQueue = 0x0
####   class AGXCommandBuffer = 0x0
####   class AGXMetalCommandQueue = 0x0
####   class AGXMetalCommandBuffer = 0x0
####   class AGXMetalBuffer = 0x0
####   class AGXMetalTexture = 0x0
####   class AGXMetalHeap = 0x0
####   class AGXMetalResource = 0x0
####   class AGXMetalDevice = 0x0
####   class AGXMetalFence = 0x0
####   class AGXTexture = 0x2440aa708
####   class IOGPUMetalBuffer = 0x2028407e0
####   class IOGPUMetalCommandBuffer = 0x202840830
####   class IOGPUMetalCommandQueue = 0x2028408d0
####   class IOGPUMetalDevice = 0x2028409c0
####   class IOGPUMetalHeap = 0x202840bf0
####   class IOGPUMetalResource = 0x202840ec0
####   class IOGPUMetalTexture = 0x202840fb0
####   class IOGPUMetalFence = 0x202840b50
####   class IOGPUMTLLateEvalEvent = 0x202cf3c70
#### CLASSREF [0] @0x241b01250 -> 0x202bd5428 name=MTLCompiler
#### CLASSREF [1] @0x241b01258 -> 0x2026716e0 name=NSDictionary
#### CLASSREF [2] @0x241b01260 -> 0x202678348 name=NSError
#### CLASSREF [3] @0x241b01268 -> 0x2440aa4b0 name=AGXG13GFamilyComputeOrFragmentOrTileProgram
#### CLASSREF [4] @0x241b01270 -> 0x2440aa4d8 name=AGXG13GFamilyFragmentProgram
#### CLASSREF [5] @0x241b01278 -> 0x2440aa550 name=AGXG13GFamilyVertexProgram
#### CLASSREF [6] @0x241b01280 -> 0x202671848 name=NSMutableDictionary
#### CLASSREF [7] @0x241b01288 -> 0x2440aa5a0 name=AGXG13GFamilyTileProgram
#### CLASSREF [8] @0x241b01290 -> 0x2440aa578 name=AGXG13GFamilyComputeProgram
#### CLASSREF [9] @0x241b01298 -> 0x2440aa5f0 name=AGXG13GFamilyTexture
#### CLASSREF [10] @0x241b012a0 -> 0x202bd5bd0 name=MTLTextureDescriptor
#### CLASSREF [11] @0x241b012a8 -> 0x2440aa168 name=AGXG13GFamilyBlitContext
#### CLASSREF [12] @0x241b012b0 -> 0x2440a97e0 name=AGXG13GFamilyResourceStateContext
#### CLASSREF [13] @0x241b012b8 -> 0x2440a9d58 name=AGXG13GFamilyRayTracingGPUBuilder
#### CLASSREF [14] @0x241b012c0 -> 0x2440aa190 name=AGXG13GFamilyRenderContext
#### CLASSREF [15] @0x241b012c8 -> 0x2440aa1b8 name=AGXG13GFamilyComputeContext
#### CLASSREF [16] @0x241b012d0 -> 0x2440aa1e0 name=AGXG13GFamilyThreadedRenderPass
#### CLASSREF [17] @0x241b012d8 -> 0x2440a9dd0 name=AGXG13GFamilySampledRenderContext
#### CLASSREF [18] @0x241b012e0 -> 0x2440a9e98 name=AGXG13GFamilySampledComputeContext
#### CLASSREF [19] @0x241b012e8 -> 0x202671668 name=NSData
#### CLASSREF [20] @0x241b012f0 -> 0x2440a9830 name=AGXG13GFamilyCommandBuffer
#### CLASSREF [21] @0x241b012f8 -> 0x202bd81c8 name=_MTLProgramAddressTableMappedBinary
#### CLASSREF [22] @0x241b01300 -> 0x202bd8178 name=_MTLPipelineStateBinary
#### CLASSREF [23] @0x241b01308 -> 0x2026715a0 name=NSArray
#### MACWS_GOT AGXMetal13_3: symtab=8331 syms, strtab=461166853 bytes, indirect=555 entries
####   sect[0] __DATA_CONST,__got type=0 entries=97 indirect_start=228 auth=0
####   bind[1] _MTLCommonCounterSetTimestamp -> 0x1fb335290 (slot=0x23e8139e0 auth=0)
####   bind[2] _MTLCommonCounterTimestamp -> 0x1fb3351a0 (slot=0x23e8139e8 auth=0)
####   bind[3] _MTLCompileTimeStatisticsKeyBackend -> 0x1ffee8f60 (slot=0x23e8139f0 auth=0)
####   bind[4] _MTLCompileTimeStatisticsKeyCachedFunction -> 0x1ffee8f10 (slot=0x23e8139f8 auth=0)
####   bind[5] _MTLCompileTimeStatisticsKeyCompilerTotal -> 0x1ffee8f48 (slot=0x23e813a00 auth=0)
####   bind[6] _MTLCompileTimeStatisticsKeyDriverTotal -> 0x1ffee8f40 (slot=0x23e813a08 auth=0)
####   bind[7] _MTLCompileTimeStatisticsKeyFunctionName -> 0x1ffee8f08 (slot=0x23e813a10 auth=0)
####   bind[8] _MTLCompileTimeStatisticsKeyMTLCompilerService -> 0x1ffee8f20 (slot=0x23e813a18 auth=0)
####   bind[9] _MTLCompileTimeStatisticsKeyOptimization -> 0x1ffee8f58 (slot=0x23e813a20 auth=0)
####   bind[10] _MTLCompileTimeStatisticsKeyPipelineTotal -> 0x1ffee8f18 (slot=0x23e813a28 auth=0)
####   bind[11] _MTLCompileTimeStatisticsKeyPipelinesCompute -> 0x1ffee7e30 (slot=0x23e813a30 auth=0)
####   IOGPU-CRITICAL _OBJC_IVAR_$_IOGPUMTLLateEvalEvent._eventName = 0x2003ca9d0 (slot=0x23e813b28 auth=0)
####   IOGPU-CRITICAL _OBJC_IVAR_$_IOGPUMetalBuffer._primaryBuffer = 0x2003ca91c (slot=0x23e813b30 auth=0)
####   IOGPU-CRITICAL _OBJC_IVAR_$_IOGPUMetalCommandQueue._commandQueue = 0x2003ca960 (slot=0x23e813b38 auth=0)
####   IOGPU-CRITICAL _OBJC_IVAR_$_IOGPUMetalDevice._segmentByteThreshold = 0x2003caa2c (slot=0x23e813b40 auth=0)
####   IOGPU-CRITICAL _OBJC_IVAR_$_IOGPUMetalFence._fenceIndex = 0x2003caaa8 (slot=0x23e813b48 auth=0)
####   IOGPU-CRITICAL _OBJC_IVAR_$_IOGPUMetalHeap._resource = 0x2003caac4 (slot=0x23e813b50 auth=0)
####   IOGPU-CRITICAL _OBJC_IVAR_$_IOGPUMetalResource._res = 0x2003caaf4 (slot=0x23e813b58 auth=0)
####   IOGPU-CRITICAL _OBJC_IVAR_$_IOGPUMetalTexture._arrayLength = 0x2003cab38 (slot=0x23e813b60 auth=0)
####   IOGPU-CRITICAL _OBJC_IVAR_$_IOGPUMetalTexture._depth = 0x2003cab34 (slot=0x23e813b68 auth=0)
####   IOGPU-CRITICAL _OBJC_IVAR_$_IOGPUMetalTexture._height = 0x2003cab30 (slot=0x23e813b70 auth=0)
####   IOGPU-CRITICAL _OBJC_IVAR_$_IOGPUMetalTexture._isCompressed = 0x2003cab54 (slot=0x23e813b78 auth=0)
####   IOGPU-CRITICAL _OBJC_IVAR_$_IOGPUMetalTexture._mipmapLevelCount = 0x2003cab3c (slot=0x23e813b80 auth=0)
####   IOGPU-CRITICAL _OBJC_IVAR_$_IOGPUMetalTexture._numFaces = 0x2003cab8c (slot=0x23e813b88 auth=0)
####   IOGPU-CRITICAL _OBJC_IVAR_$_IOGPUMetalTexture._parentTexture = 0x2003cab58 (slot=0x23e813b90 auth=0)
####   IOGPU-CRITICAL _OBJC_IVAR_$_IOGPUMetalTexture._pixelFormat = 0x2003cab28 (slot=0x23e813b98 auth=0)
####   IOGPU-CRITICAL _OBJC_IVAR_$_IOGPUMetalTexture._sampleCount = 0x2003cab40 (slot=0x23e813ba0 auth=0)
####   IOGPU-CRITICAL _OBJC_IVAR_$_IOGPUMetalTexture._textureType = 0x2003cab24 (slot=0x23e813ba8 auth=0)
####   IOGPU-CRITICAL _OBJC_IVAR_$_IOGPUMetalTexture._width = 0x2003cab2c (slot=0x23e813bb0 auth=0)
####   sect[7] __AUTH_CONST,__auth_got type=0 entries=230 indirect_start=325 auth=1
####   IOGPU-CRITICAL _IOGPUCommandQueueGetConnect = 0x1c43adb88 (slot=0x245a5f448 auth=1)
####   IOGPU-CRITICAL _IOGPUCommandQueueGetID = 0x1c43adbd0 (slot=0x245a5f450 auth=1)
####   IOGPU-CRITICAL _IOGPUDeviceGetConnect = 0x1c43ac654 (slot=0x245a5f458 auth=1)
####   IOGPU-CRITICAL _IOGPUDeviceGetNextGlobalTraceID = 0x1c43ac7f0 (slot=0x245a5f460 auth=1)
####   IOGPU-CRITICAL _IOGPUDeviceTraceEvent = 0x1c43ac8bc (slot=0x245a5f468 auth=1)
####   IOGPU-CRITICAL _IOGPUMetalCommandBufferStorageBeginKernelCommands = 0x1c439cad8 (slot=0x245a5f470 auth=1)
####   IOGPU-CRITICAL _IOGPUMetalCommandBufferStorageEndKernelCommands = 0x1c439cc2c (slot=0x245a5f478 auth=1)
####   IOGPU-CRITICAL _IOGPUResourceListAddResource = 0x1c43af1c8 (slot=0x245a5f480 auth=1)
####   IOGPU-CRITICAL _IOGPUResourceListMerge = 0x1c43af278 (slot=0x245a5f488 auth=1)
####   IOGPU-CRITICAL _IOGPUResourceListMergeLists = 0x1c43af354 (slot=0x245a5f490 auth=1)
####   bind[131] _IOSurfaceGetAddressFormatOfPlane -> 0x1052522c8 (slot=0x245a5f4c8 auth=1 FORCE)
####   bind[133] _IOSurfaceGetBaseAddressOfPlane -> 0x1052520b0 (slot=0x245a5f4d8 auth=1 FORCE)
####   bind[135] _IOSurfaceGetBytesPerRowOfPlane -> 0x1052510c0 (slot=0x245a5f4e8 auth=1 FORCE)
####   bind[136] _IOSurfaceGetBytesPerTileDataOfPlane -> 0x1052519d4 (slot=0x245a5f4f0 auth=1 FORCE)
####   bind[141] _IOSurfaceGetCompressionTypeOfPlane -> 0x105250b88 (slot=0x245a5f518 auth=1 FORCE)
####   bind[142] _IOSurfaceGetHeightInCompressedTilesOfPlane -> 0x105250d48 (slot=0x245a5f520 auth=1 FORCE)
####   bind[143] _IOSurfaceGetHeightOfPlane -> 0x105250994 (slot=0x245a5f528 auth=1 FORCE)
#### AGXIOC Scalar sel=0x25->0x21 inCnt=2 -> 0x0
####   bind[145] _IOSurfaceGetWidthInCompressedTilesOfPlane -> 0x105250f00 (slot=0x245a5f538 auth=1 FORCE)
####   bind[286] _objc_alloc -> 0x10524e284 (slot=0x245a5f9c0 auth=1 FORCE)
####   IOGPU-CRITICAL _objc_autoreleasePoolPop = 0x1a72c0a7c (slot=0x245a5f9d8 auth=1)
####   IOGPU-CRITICAL _objc_autoreleasePoolPush = 0x1a72c0934 (slot=0x245a5f9e0 auth=1)
#### MACWS_GOT AGXMetal13_3: indirect_slots=327 patched=323 failed=0
#### MACWS_AGX_NATIVE __auth_got section NOT FOUND
#### MACWS_AGX_NATIVE __got: 97 entries, 0 null, 97 non-null
#### AGXIOC Scalar sel=0x25->0x21 inCnt=2 -> 0x0
#### MACWS_AGX_NATIVE dlopen AGXMetal13_3 OK h=0x3ea70b950
#### MACWS_AGX_NATIVE +[NSBundle bundleWithPath:AGXMetal13_3.bundle] = 0x12c6f5a40 id=com.apple.AGXMetal13-3
#### MACWS_AGX_NATIVE bundle loadAndReturnError: 1 (err=nil) loaded=1
#### MACWS_AGX_NATIVE bundle pathForResource:ds.g13g = /System/Library/Extensions/AGXMetal13_3.bundle/Contents/Resources/ds.g13g
#### MACWS_AGX_NATIVE getMetalPluginClassForService: returning class AGXG13GFamilyDevice = 0x2440aa0f0
#### CBRI_HOOK: installed (orig=0x1c439ad84)
#### RENDER-PIPELINE diagnostic installed selector=newRenderPipelineStateWithDescriptor:error: class=AGXG13GFamilyDevice original=0x20c99cabc subclassOverride=NO types=@32@0:8@16^@24
#### RENDER-PIPELINE diagnostic installed selector=newRenderPipelineStateWithDescriptor:options:reflection:error: class=AGXG13GFamilyDevice original=0x20c99c8e0 subclassOverride=NO types=@48@0:8@16Q24^@32^@40
#### RENDER-PIPELINE diagnostic installed selector=newRenderPipelineStateWithDescriptor:completionHandler: class=AGXG13GFamilyDevice original=0x20c99c988 subclassOverride=NO types=v32@0:8@16@?24
#### RENDER-PIPELINE diagnostic installed selector=newRenderPipelineStateWithDescriptor:options:completionHandler: class=AGXG13GFamilyDevice original=0x20c9902d4 subclassOverride=NO types=v40@0:8@16Q24@?32
#### RENDER-PIPELINE diagnostic installed selector=newComputePipelineStateWithFunction:error: class=AGXG13GFamilyDevice original=0x1b0ac4b7c subclassOverride=YES types=@32@0:8@16^@24
#### MACWS-NEW-EVENT adapter installed deviceClass=AGXG13GFamilyDevice owner=IOGPUMetalDevice orig=0x1c43a1ef4 added=1
#### MACWS_AGX_NATIVE class_addMethod(AGXG13GFamilyDevice, initWithAcceleratorPort:) = 1
#### MACWS_AGX_NATIVE memoryless witness installed class=AGXG13GFamilyDevice original=0x20c9ae8a8
#### MACWS_AGX_NATIVE memoryless witness total=1 (original results preserved)
#### MACWS_AGX_NATIVE tile-pipeline probe wrapped AGXG13GFamilyDevice (orig=0x20c98d5e4)
#### MACWS_AGX_NATIVE tile-pipeline probe: 1 class(es) wrapped
#### MACWS_AGX_NATIVE nil-guard wrapped setFragmentTexture:atIndex: on AGXG13GFamilyRenderContext (orig=0x20c9409e0)
#### MACWS_AGX_NATIVE nil-guard: class AGXG13GRenderContext NOT registered
#### MACWS_AGX_NATIVE nil-guard: class AGXRenderContext NOT registered
#### MACWS_AGX_NATIVE nil-guard: class AGXG13GComputeContext NOT registered
#### MACWS_AGX_NATIVE nil-guard setFragmentTexture:atIndex:: 1 class(es) wrapped
#### MACWS_AGX_NATIVE nil-guard wrapped setVertexTexture:atIndex: on AGXG13GFamilyRenderContext (orig=0x20c9475e8)
#### MACWS_AGX_NATIVE nil-guard: class AGXG13GRenderContext NOT registered
#### MACWS_AGX_NATIVE nil-guard: class AGXRenderContext NOT registered
#### MACWS_AGX_NATIVE nil-guard: class AGXG13GComputeContext NOT registered
#### MACWS_AGX_NATIVE nil-guard setVertexTexture:atIndex:: 1 class(es) wrapped
#### MACWS_AGX_NATIVE swizzled AGXG13GFamilyDevice newTextureWithDescriptor:iosurface:plane:
#### MACWS_AGX_NATIVE swizzled AGXG13GFamilyDevice newTextureWithDescriptor:
#### MACWS_AGX_NATIVE swizzled -[AGXBuffer initWithDevice:bytes:length:options:deallocator:pinnedGPUAddress:]
#### MACWS_AGX_NATIVE noop'd alertCommandBufferActivityStart
#### MACWS_AGX_NATIVE noop'd alertCommandBufferActivityComplete
#### objc_alloc(AGXG13GFamilyDevice) -> 0x12d02b000
#### MACWS_AGX_NATIVE redirecting AGXG13GFamilyDevice init(port=43787) → 2-arg variant
#### debugbydcmmc IOServiceOpen agx connect=70659 type=0x100001 (requested=0x100005)
#### AGXIOC Struct sel=0x7->0x6 inSC=16 outSC=0 -> 0x1
#### AGXIOC Struct sel=0x5->0x4 inSC=0 outSC=32 -> 0x0
#### AGXIOC ASYNC-REGISTER #1 conn=70659 sel=0x107->0x107 wake=70923 ref=0x16ae80930 refCnt=3 inCnt=0 caller=0x20c9b3468 image=/System/Library/Extensions/AGXMetal13_3.bundle/Contents/MacOS/AGXMetal13_3 symbol=-[AGXG13GFamilyDevice initWithAcceleratorPort:simultaneousInstances:]
#### AGXIOC ASYNC-REFERENCE registration=1 index=0 value=0 image=(none) symbol=(none) symbolAddress=0x0
#### AGXIOC ASYNC-REFERENCE registration=1 index=1 value=0x20c9b5a08 image=/System/Library/Extensions/AGXMetal13_3.bundle/Contents/MacOS/AGXMetal13_3 symbol=_ZN3AGX6DeviceINS_3G138EncodersENS1_7ClassesENS1_10ObjClassesEE26deviceNotificationCallbackEPviyy symbolAddress=0x20c9b5a08
#### AGXIOC ASYNC-REFERENCE registration=1 index=2 value=0x12d01f600 image=(none) symbol=(none) symbolAddress=0x0
#### AGXIOC AsyncScalar sel=0x107->0x107 inCnt=0 -> 0x0
#### AGX_LIFE CREATE id=0x1 type=0 surf=0 bytes=0x10000 kr=0 okC=1 failC=0 okD=0 failD=0 unmatchedD=0 full=0 live=1/0MB [t0=1/0MB t80=0/0MB t82=0/0MB]
#### AGXIOC heap map #1 clientID 0x10000 -> resourceID 0x1 size 0x10000
####   ResCreate OK type=0 clientID=0 +0x30=0 +0x38=0 +0x40=0x10000 +0x58=0 OUT[+0]=0 OUT[+0x08]=0x10e8cc000 OUT[+0x10]=0x10e7680c0 OUT[+0x48]=0x10000
####   inStruct[0..104]:
####     00: 00 00 00 00 00 00 00 00 01 00 01 00 01 00 00 00
####     10: 01 01 00 01 30 84 00 00 00 00 00 00 00 00 00 00
####     20: 00 00 00 00 00 00 00 00 00 00 00 00 00 00 00 00
####     30: 00 00 00 00 00 00 00 00 00 00 00 00 00 00 00 00
####     40: 00 00 01 00 00 00 00 00 00 00 00 00 00 00 00 00
####     50: 00 00 00 38 00 00 00 00 00 00 00 00 00 00 00 00
####     60: 00 00 00 00 00 00 00 00
#### MACWS_AGX_NATIVE setupCompiler:0x30010 fired (Device=0x12d02b000)
#### MACWS_AGX_NATIVE memoryless witness #1 instance=0x12d02b000 class=AGXG13GFamilyDevice original=0x20c9ae8a8 -> YES
#### AGXIOC Scalar sel=0x25->0x21 inCnt=2 -> 0x0
#### MACWS_UTTYPE installed CoreTypes compatibility (966 IDs)
#### tile-encoder forwards: class MTLSimRenderCommandEncoder NOT found
#### IOGPU-CALLBACK-DIAG installed queueClass=0x2028408d0 method=0x0 orig=0x0 bufferClass=0x202840830 method=0x1c43b79a5 orig=0x1c439abe8 errorMethod=0x1b0bf3e01 errorOrig=0x1b0ac5dcc (file-gated)
#### AGXIOC Scalar sel=0x25->0x21 inCnt=2 -> 0x0
#### AGXIOC Scalar sel=0x25->0x21 inCnt=2 -> 0x0
#### objc_alloc(AGXG13GFamilyHeap) -> 0x12c724ac0
#### AGXIOC sel=0x9 type=0 args+0x14=0x2430 → 0x430 (stripped macOS-only bits 0x2800)
#### AGX_LIFE CREATE id=0x2 type=0 surf=0 bytes=0x4000 kr=0 okC=2 failC=0 okD=0 failD=0 unmatchedD=0 full=0 live=2/0MB [t0=2/0MB t80=0/0MB t82=0/0MB]
#### AGXIOC heap map #2 clientID 0x4000 -> resourceID 0x2 size 0x4000
####   ResCreate OK type=0 clientID=0 +0x30=0 +0x38=0 +0x40=0x4000 +0x58=0 OUT[+0]=0x1500000000 OUT[+0x08]=0x10edac000 OUT[+0x10]=0x10e768180 OUT[+0x48]=0x4000
####   inStruct[0..104]:
####     00: 00 00 00 00 00 00 00 00 01 00 01 00 01 00 00 00
####     10: 01 01 00 01 30 04 00 00 00 00 00 00 00 00 00 00
####     20: 00 00 00 00 00 00 00 00 00 40 00 00 00 00 00 00
####     30: 00 00 00 00 00 00 00 00 00 00 00 00 00 00 00 00
####     40: 00 40 00 00 00 00 00 00 00 00 00 00 00 00 00 00
####     50: 00 00 00 00 00 00 00 00 00 00 00 00 00 00 00 00
####     60: 00 00 00 00 00 00 00 00
#### AGXIOC Method sel=0xd->0xc inCnt=2 inSC=0 outSC=0 -> 0x0
#### objc_alloc(AGXG13GFamilyCommandQueue) -> 0x12d017e00
#### AGXIOC Method sel=0x8->0x7 inCnt=0 inSC=1032 outSC=16 -> 0x0
#### AGXIOC Method sel=0x11->0xf inCnt=2 inSC=0 outSC=16 -> 0x0
#### AGXIOC Method sel=0x1d->0x19 inCnt=2 inSC=0 outSC=0 -> 0x0
#### AGXIOC Method sel=0x1f->0x1b inCnt=1 inSC=12 outSC=0 -> 0x0
#### objc_alloc(AGXBuffer) -> 0x12c72c810
#### AGXIOC type0 exact initFull length: +0x58=0xc00000000 low32=0 -> +0x40=0x180
#### AGX_LIFE CREATE id=0x3 type=0 surf=0 bytes=0x4000 kr=0 okC=3 failC=0 okD=0 failD=0 unmatchedD=0 full=0 live=3/0MB [t0=3/0MB t80=0/0MB t82=0/0MB]
#### AGXIOC heap map #3 clientID 0x4000 -> resourceID 0x3 size 0x180
####   ResCreate OK type=0 clientID=0 +0x30=0x40 +0x38=0 +0x40=0x180 +0x58=0 OUT[+0]=0x1500008000 OUT[+0x08]=0x10edb4000 OUT[+0x10]=0x10e768240 OUT[+0x48]=0x4000
####   inStruct[0..104]:
####     00: 00 00 00 00 00 00 00 00 01 00 01 00 01 00 00 00
####     10: 01 01 00 01 70 04 00 00 00 00 00 00 00 00 00 00
####     20: 00 00 00 00 00 00 00 00 00 00 00 00 00 00 00 00
####     30: 40 00 00 00 00 00 00 00 00 00 00 00 00 00 00 00
####     40: 80 01 00 00 00 00 00 00 00 00 00 00 00 00 00 00
####     50: 00 00 00 00 00 00 00 00 00 00 00 00 00 00 00 00
####     60: 00 00 00 00 00 10 8a 40
#### TRACE -[AGXBuffer initFull] self=0x12c72c810 dev=0x12d02b000 len=384 align=1→64 opt=0 subDis=0→1 resIn=0x16ae711e8 pin=0x0 -> 0x12c72c810
#### TRACE -[AGXBuffer initUntracked] self=0x12c72c810 dev=0x12d02b000 len=384 opt=0 -> 0x12c72c810
#### objc_alloc(AGXBuffer) -> 0x12c72cab0
#### AGXIOC type0 exact initFull length: +0x58=0xc00000000 low32=0 -> +0x40=0x180
#### AGX_LIFE CREATE id=0x4 type=0 surf=0 bytes=0x4000 kr=0 okC=4 failC=0 okD=0 failD=0 unmatchedD=0 full=0 live=4/0MB [t0=4/0MB t80=0/0MB t82=0/0MB]
#### AGXIOC heap map #4 clientID 0x4000 -> resourceID 0x4 size 0x180
####   ResCreate OK type=0 clientID=0 +0x30=0x40 +0x38=0 +0x40=0x180 +0x58=0 OUT[+0]=0x1500010000 OUT[+0x08]=0x10edb8000 OUT[+0x10]=0x10e768300 OUT[+0x48]=0x4000
####   inStruct[0..104]:
####     00: 00 00 00 00 00 00 00 00 01 00 01 00 01 00 00 00
####     10: 01 01 00 01 70 04 00 00 00 00 00 00 00 00 00 00
####     20: 00 00 00 00 00 00 00 00 00 00 00 00 00 00 00 00
####     30: 40 00 00 00 00 00 00 00 00 00 00 00 00 00 00 00
####     40: 80 01 00 00 00 00 00 00 00 00 00 00 00 00 00 00
####     50: 00 00 00 00 00 00 00 00 00 00 00 00 00 00 00 00
####     60: 00 00 00 00 00 10 8a 40
#### TRACE -[AGXBuffer initFull] self=0x12c72cab0 dev=0x12d02b000 len=384 align=1→64 opt=0 subDis=0→1 resIn=0x16ae711e8 pin=0x0 -> 0x12c72cab0
#### TRACE -[AGXBuffer initUntracked] self=0x12c72cab0 dev=0x12d02b000 len=384 opt=0 -> 0x12c72cab0
#### objc_alloc(AGXBuffer) -> 0x12c72ccd0
#### AGXIOC type0 exact initFull length: +0x58=0xc00000000 low32=0 -> +0x40=0x40
#### AGX_LIFE CREATE id=0x5 type=0 surf=0 bytes=0x4000 kr=0 okC=5 failC=0 okD=0 failD=0 unmatchedD=0 full=0 live=5/0MB [t0=5/0MB t80=0/0MB t82=0/0MB]
#### AGXIOC heap map #5 clientID 0x4000 -> resourceID 0x5 size 0x40
####   ResCreate OK type=0 clientID=0 +0x30=0x40 +0x38=0 +0x40=0x40 +0x58=0 OUT[+0]=0x1500018000 OUT[+0x08]=0x10edbc000 OUT[+0x10]=0x10e7683c0 OUT[+0x48]=0x4000
####   inStruct[0..104]:
####     00: 00 00 00 00 00 00 00 00 01 00 01 00 01 00 00 00
####     10: 01 01 00 01 70 04 00 00 00 00 00 00 00 00 00 00
####     20: 00 00 00 00 00 00 00 00 00 00 00 00 00 00 00 00
####     30: 40 00 00 00 00 00 00 00 00 00 00 00 00 00 00 00
####     40: 40 00 00 00 00 00 00 00 00 00 00 00 00 00 00 00
####     50: 00 00 00 00 00 00 00 00 00 00 00 00 00 00 00 00
####     60: 8c 0b 24 05 01 80 5b 20
#### TRACE -[AGXBuffer initFull] self=0x12c72ccd0 dev=0x12d02b000 len=64 align=1→64 opt=0 subDis=0→1 resIn=0x16ae711e8 pin=0x0 -> 0x12c72ccd0
#### TRACE -[AGXBuffer initUntracked] self=0x12c72ccd0 dev=0x12d02b000 len=64 opt=0 -> 0x12c72ccd0
#### AGXIOC type0 exact initFull length: +0x58=0xc00000000 low32=0 -> +0x40=0x2000
#### AGX_LIFE CREATE id=0x6 type=0 surf=0 bytes=0x4000 kr=0 okC=6 failC=0 okD=0 failD=0 unmatchedD=0 full=0 live=6/0MB [t0=6/0MB t80=0/0MB t82=0/0MB]
#### AGXIOC heap map #6 clientID 0x4000 -> resourceID 0x6 size 0x2000
####   ResCreate OK type=0 clientID=0 +0x30=0x40 +0x38=0 +0x40=0x2000 +0x58=0 OUT[+0]=0x1500020000 OUT[+0x08]=0x10edc0000 OUT[+0x10]=0x10e768480 OUT[+0x48]=0x4000
####   inStruct[0..104]:
####     00: 00 00 00 00 00 00 00 00 01 00 01 00 01 00 00 00
####     10: 01 01 00 01 70 04 00 00 00 00 00 00 00 00 00 00
####     20: 00 00 00 00 00 00 00 00 00 00 00 00 00 00 00 00
####     30: 40 00 00 00 00 00 00 00 00 00 00 00 00 00 00 00
####     40: 00 20 00 00 00 00 00 00 00 00 00 00 00 00 00 00
####     50: 00 00 00 00 00 00 00 00 00 00 00 00 00 00 00 00
####     60: 00 00 80 3f 00 00 00 00
#### TRACE -[AGXBuffer initFull] self=0x12c72ceb0 dev=0x12d02b000 len=8192 align=1→64 opt=0 subDis=0→1 resIn=0x16ae71238 pin=0x0 -> 0x12c72ceb0
#### TRACE -[AGXBuffer initUntracked] self=0x12c72ceb0 dev=0x12d02b000 len=8192 opt=0 -> 0x12c72ceb0
#### AGXIOC type0 exact initFull length: +0x58=0xc00000000 low32=0 -> +0x40=0x80
#### AGX_LIFE CREATE id=0x7 type=0 surf=0 bytes=0x4000 kr=0 okC=7 failC=0 okD=0 failD=0 unmatchedD=0 full=0 live=7/0MB [t0=7/0MB t80=0/0MB t82=0/0MB]
#### AGXIOC heap map #7 clientID 0x4000 -> resourceID 0x7 size 0x80
####   ResCreate OK type=0 clientID=0 +0x30=0x40 +0x38=0 +0x40=0x80 +0x58=0 OUT[+0]=0x1500028000 OUT[+0x08]=0x10edc4000 OUT[+0x10]=0x10e768540 OUT[+0x48]=0x4000
####   inStruct[0..104]:
####     00: 00 00 00 00 00 00 00 00 01 00 01 00 01 00 00 00
####     10: 01 01 00 01 70 04 00 00 00 00 00 00 00 00 00 00
####     20: 00 00 00 00 00 00 00 00 00 00 00 00 00 00 00 00
####     30: 40 00 00 00 00 00 00 00 00 00 00 00 00 00 00 00
####     40: 80 00 00 00 00 00 00 00 00 00 00 00 00 00 00 00
####     50: 00 00 00 00 00 00 00 00 00 00 00 00 00 00 00 00
####     60: 01 00 00 00 00 00 00 00
#### TRACE -[AGXBuffer initFull] self=0x12c72d110 dev=0x12d02b000 len=128 align=1→64 opt=0 subDis=0→1 resIn=0x16ae71228 pin=0x0 -> 0x12c72d110
#### TRACE -[AGXBuffer initUntracked] self=0x12c72d110 dev=0x12d02b000 len=128 opt=0 -> 0x12c72d110
#### AGXIOC type0 exact initFull length: +0x58=0xc00000000 low32=0 -> +0x40=0x100
#### AGX_LIFE CREATE id=0x8 type=0 surf=0 bytes=0x4000 kr=0 okC=8 failC=0 okD=0 failD=0 unmatchedD=0 full=0 live=8/0MB [t0=8/0MB t80=0/0MB t82=0/0MB]
#### AGXIOC heap map #8 clientID 0x4000 -> resourceID 0x8 size 0x100
####   ResCreate OK type=0 clientID=0 +0x30=0x40 +0x38=0 +0x40=0x100 +0x58=0 OUT[+0]=0x1500030000 OUT[+0x08]=0x10edc8000 OUT[+0x10]=0x10e768600 OUT[+0x48]=0x4000
####   inStruct[0..104]:
####     00: 00 00 00 00 00 00 00 00 01 00 01 00 01 00 00 00
####     10: 01 01 00 01 70 04 00 00 00 00 00 00 00 00 00 00
####     20: 00 00 00 00 00 00 00 00 00 00 00 00 00 00 00 00
####     30: 40 00 00 00 00 00 00 00 00 00 00 00 00 00 00 00
####     40: 00 01 00 00 00 00 00 00 00 00 00 00 00 00 00 00
####     50: 00 00 00 00 00 00 00 00 00 00 00 00 00 00 00 00
####     60: 01 00 00 00 00 00 00 00
#### TRACE -[AGXBuffer initFull] self=0x12c72d2f0 dev=0x12d02b000 len=256 align=1→64 opt=0 subDis=0→1 resIn=0x16ae71228 pin=0x0 -> 0x12c72d2f0
#### TRACE -[AGXBuffer initUntracked] self=0x12c72d2f0 dev=0x12d02b000 len=256 opt=0 -> 0x12c72d2f0
#### AGXIOC type0 exact initFull length: +0x58=0xc00000000 low32=0 -> +0x40=0x100
#### AGX_LIFE CREATE id=0x9 type=0 surf=0 bytes=0x4000 kr=0 okC=9 failC=0 okD=0 failD=0 unmatchedD=0 full=0 live=9/0MB [t0=9/0MB t80=0/0MB t82=0/0MB]
#### AGXIOC heap map #9 clientID 0x4000 -> resourceID 0x9 size 0x100
####   ResCreate OK type=0 clientID=0 +0x30=0x40 +0x38=0 +0x40=0x100 +0x58=0 OUT[+0]=0x1500038000 OUT[+0x08]=0x10edcc000 OUT[+0x10]=0x10e7686c0 OUT[+0x48]=0x4000
####   inStruct[0..104]:
####     00: 00 00 00 00 00 00 00 00 01 00 01 00 01 00 00 00
####     10: 01 01 00 01 70 04 00 00 00 00 00 00 00 00 00 00
####     20: 00 00 00 00 00 00 00 00 00 00 00 00 00 00 00 00
####     30: 40 00 00 00 00 00 00 00 00 00 00 00 00 00 00 00
####     40: 00 01 00 00 00 00 00 00 00 00 00 00 00 00 00 00
####     50: 00 00 00 00 00 00 00 00 00 00 00 00 00 00 00 00
####     60: 01 00 00 00 00 00 00 00
#### TRACE -[AGXBuffer initFull] self=0x12c72d4d0 dev=0x12d02b000 len=256 align=1→64 opt=0 subDis=0→1 resIn=0x16ae71228 pin=0x0 -> 0x12c72d4d0
#### TRACE -[AGXBuffer initUntracked] self=0x12c72d4d0 dev=0x12d02b000 len=256 opt=0 -> 0x12c72d4d0
#### AGXIOC Scalar sel=0x25->0x21 inCnt=2 -> 0x0
#### AGXIOC type0 exact initFull length: +0x58=0xc00000000 low32=0 -> +0x40=0x100
#### AGX_LIFE CREATE id=0xa type=0 surf=0 bytes=0x4000 kr=0 okC=10 failC=0 okD=0 failD=0 unmatchedD=0 full=0 live=10/0MB [t0=10/0MB t80=0/0MB t82=0/0MB]
#### AGXIOC heap map #10 clientID 0x4000 -> resourceID 0xa size 0x100
####   ResCreate OK type=0 clientID=0 +0x30=0x40 +0x38=0 +0x40=0x100 +0x58=0 OUT[+0]=0x1500040000 OUT[+0x08]=0x10edd0000 OUT[+0x10]=0x10e768780 OUT[+0x48]=0x4000
####   inStruct[0..104]:
####     00: 00 00 00 00 00 00 00 00 01 00 01 00 01 00 00 00
####     10: 01 01 00 01 70 04 00 00 00 00 00 00 00 00 00 00
####     20: 00 00 00 00 00 00 00 00 00 00 00 00 00 00 00 00
####     30: 40 00 00 00 00 00 00 00 00 00 00 00 00 00 00 00
####     40: 00 01 00 00 00 00 00 00 00 00 00 00 00 00 00 00
####     50: 00 00 00 00 00 00 00 00 00 00 00 00 00 00 00 00
####     60: 01 00 00 00 00 00 00 00
#### TRACE -[AGXBuffer initFull] self=0x12c72d6b0 dev=0x12d02b000 len=256 align=1→64 opt=0 subDis=0→1 resIn=0x16ae71228 pin=0x0 -> 0x12c72d6b0
#### TRACE -[AGXBuffer initUntracked] self=0x12c72d6b0 dev=0x12d02b000 len=256 opt=0 -> 0x12c72d6b0
#### AGX_LIFE CREATE id=0xb type=0 surf=0 bytes=0x10000 kr=0 okC=11 failC=0 okD=0 failD=0 unmatchedD=0 full=0 live=11/0MB [t0=11/0MB t80=0/0MB t82=0/0MB]
#### AGXIOC heap map #11 clientID 0x10000 -> resourceID 0xb size 0x10000
####   ResCreate OK type=0 clientID=0 +0x30=0 +0x38=0 +0x40=0x10000 +0x58=0 OUT[+0]=0x1500048000 OUT[+0x08]=0x10edd4000 OUT[+0x10]=0x10e768840 OUT[+0x48]=0x10000
####   inStruct[0..104]:
####     00: 00 00 00 00 00 00 00 00 01 00 01 00 01 00 00 00
####     10: 01 01 00 01 30 04 00 00 00 00 00 00 00 00 00 00
####     20: 00 00 00 00 00 00 00 00 00 00 00 00 00 00 00 00
####     30: 00 00 00 00 00 00 00 00 00 00 00 00 00 00 00 00
####     40: 00 00 01 00 00 00 00 00 00 00 00 00 00 00 00 00
####     50: 00 00 00 08 00 00 00 00 00 00 00 00 00 00 00 00
####     60: 00 00 00 00 00 00 00 00
#### AGXIOC type0 exact initFull length: +0x58=0xc00000000 low32=0 -> +0x40=0x2000
#### AGX_LIFE CREATE id=0xc type=0 surf=0 bytes=0x4000 kr=0 okC=12 failC=0 okD=0 failD=0 unmatchedD=0 full=0 live=12/0MB [t0=12/0MB t80=0/0MB t82=0/0MB]
#### AGXIOC heap map #12 clientID 0x4000 -> resourceID 0xc size 0x2000
####   ResCreate OK type=0 clientID=0 +0x30=0x40 +0x38=0 +0x40=0x2000 +0x58=0 OUT[+0]=0x1500060000 OUT[+0x08]=0x10ede4000 OUT[+0x10]=0x10e768900 OUT[+0x48]=0x4000
####   inStruct[0..104]:
####     00: 00 00 00 00 00 00 00 00 01 00 01 00 01 00 00 00
####     10: 01 01 00 01 70 04 00 00 00 00 00 00 00 00 00 00
####     20: 00 00 00 00 00 00 00 00 00 00 00 00 00 00 00 00
####     30: 40 00 00 00 00 00 00 00 00 00 00 00 00 00 00 00
####     40: 00 20 00 00 00 00 00 00 00 00 00 00 00 00 00 00
####     50: 00 00 00 00 00 00 00 00 00 00 00 00 00 00 00 00
####     60: cc 2e 3a dc 65 17 f8 ac
#### TRACE -[AGXBuffer initFull] self=0x12c6fab20 dev=0x12d02b000 len=8192 align=1→64 opt=0 subDis=0→1 resIn=0x16ae70f88 pin=0x0 -> 0x12c6fab20
#### TRACE -[AGXBuffer initUntracked] self=0x12c6fab20 dev=0x12d02b000 len=8192 opt=0 -> 0x12c6fab20
#### AGXIOC type0 exact initFull length: +0x58=0xc00000000 low32=0 -> +0x40=0x80
#### AGXIOC sel=0x9 type=0 args+0x14=0x2470 → 0x470 (stripped macOS-only bits 0x2800)
#### AGX_LIFE CREATE id=0xd type=0 surf=0 bytes=0x4000 kr=0 okC=13 failC=0 okD=0 failD=0 unmatchedD=0 full=0 live=13/0MB [t0=13/0MB t80=0/0MB t82=0/0MB]
#### AGXIOC heap map #13 clientID 0x4000 -> resourceID 0xd size 0x80
####   ResCreate OK type=0 clientID=0 +0x30=0x40 +0x38=0 +0x40=0x80 +0x58=0 OUT[+0]=0x1500068000 OUT[+0x08]=0x10ede8000 OUT[+0x10]=0x10e7689c0 OUT[+0x48]=0x4000
####   inStruct[0..104]:
####     00: 00 00 00 00 00 00 00 00 01 00 01 00 01 00 00 00
####     10: 01 01 00 01 70 04 00 00 00 00 00 00 00 00 00 00
####     20: 00 00 00 00 00 00 00 00 00 00 00 00 00 00 00 00
####     30: 40 00 00 00 00 00 00 00 00 00 00 00 00 00 00 00
####     40: 80 00 00 00 00 00 00 00 00 00 00 00 00 00 00 00
####     50: 00 00 00 00 00 00 00 00 00 00 00 00 00 00 00 00
####     60: 00 00 00 00 00 00 00 00
#### TRACE -[AGXBuffer initFull] self=0x12c6fc9a0 dev=0x12d02b000 len=128 align=1→64 opt=32 subDis=0→1 resIn=0x16ae71268 pin=0x0 -> 0x12c6fc9a0
#### TRACE -[AGXBuffer initUntracked] self=0x12c6fc9a0 dev=0x12d02b000 len=128 opt=32 -> 0x12c6fc9a0
#### AGXIOC Method sel=0x1f->0x1b inCnt=1 inSC=12 outSC=0 -> 0x0
#### MACWS_AGX_NATIVE memoryless witness #2 instance=0x12d02b000 class=AGXG13GFamilyDevice original=0x20c9ae8a8 -> YES
#### MACWS_AGX_NATIVE memoryless witness #3 instance=0x12d02b000 class=AGXG13GFamilyDevice original=0x20c9ae8a8 -> YES
#### MACWS_AGX_NATIVE memoryless witness #4 instance=0x12d02b000 class=AGXG13GFamilyDevice original=0x20c9ae8a8 -> YES
#### VIRTUAL-DISPLAY-COMPAT completion pace: 100000 us source=diagnostic-file (synthetic completion; not a refresh-rate implementation)
#### COEXIST DIAGNOSTIC activity pace: mode=idle pace=100000 us idle=100000 us window=1000ms
#### COEXIST pre-lock completion pace #1: interval=100000 us slept=101146 us server=0x11d0040d0
#### IOSURF_STATS n=1 cumulative_bytes=15 MB this_size=15559 KB caller1=_ZN2CA11SurfaceUtil17CAIOSurfaceCreateEjjjjjjyNS0_16SurfaceAlignmentEPK10__CFString caller2=_ZN2CA12WindowServer9IOSurface18allocate_iosurfaceEPNS0_7DisplayEjjjjNS0_21SurfaceColorPrimariesEjjyPK10__CFString
#### IOSURFACE-COMPAT baseAddress plane=0 original=0x128825800 base=0x128800000 propertyOffset=0 corrected=0x128800000 recovery=1
#### IOSURFACE-COMPAT bytesPerRow plane=0 original=16390144 property=153600 recovery=1
#### IOSURFACE-COMPAT baseAddress plane=1 original=0x128809600 base=0x128800000 propertyOffset=16390144 corrected=0x1297a1800 recovery=2
#### IOSURFACE-COMPAT bytesPerRow plane=1 original=4294144 property=38400 recovery=2
#### AGXIOC Method sel=0x8->0x7 inCnt=0 inSC=1032 outSC=16 -> 0x0
#### AGXIOC Method sel=0x11->0xf inCnt=2 inSC=0 outSC=16 -> 0x0
#### AGXIOC Method sel=0x1d->0x19 inCnt=2 inSC=0 outSC=0 -> 0x0
#### AGXIOC Method sel=0x1f->0x1b inCnt=1 inSC=12 outSC=0 -> 0x0
#### MACWS_AGX_NATIVE memoryless witness #5 instance=0x12d02b000 class=AGXG13GFamilyDevice original=0x20c9ae8a8 -> YES
#### MACWS_AGX_NATIVE memoryless witness #6 instance=0x12d02b000 class=AGXG13GFamilyDevice original=0x20c9ae8a8 -> YES
#### MACWS_AGX_NATIVE memoryless witness #7 instance=0x12d02b000 class=AGXG13GFamilyDevice original=0x20c9ae8a8 -> YES
#### AGXIOC Method sel=0x1f->0x1b inCnt=1 inSC=12 outSC=0 -> 0x0
#### MTL_TEX entry self class=AGXG13GFamilyDevice
#### MTL_TEX TLS set iosurface=0x10e205a70 id=0x9f plane=0 compressionHeaderSpan=0x40000 (thread=0x202655e00 addr=0x0)
#### IOSURFACE-COMPAT compression plane=0 original=0 property=3 recovery=1
#### IOSURFACE-COMPAT bytesPerRow plane=0 original=16390144 property=153600 recovery=3
#### MACWS_AGX_NATIVE memoryless witness #8 instance=0x12d02b000 class=AGXG13GFamilyDevice original=0x20c9ae8a8 -> YES
#### IOSURFACE-COMPAT addressFormat plane=0 original=0 property=5 recovery=1
#### IOSURFACE-COMPAT heightInTiles plane=0 original=0 property=105 recovery=1
#### IOSURFACE-COMPAT widthInTiles plane=0 original=105 property=150 recovery=1
#### IOSURFACE-COMPAT bytesPerTileData plane=0 original=153600 property=1024 recovery=1
#### IOSURFACE-COMPAT heightInTiles plane=0 original=0 property=105 recovery=2
#### IOSURFACE-COMPAT widthInTiles plane=0 original=105 property=150 recovery=2
#### IOSURFACE-COMPAT bytesPerTileData plane=0 original=153600 property=1024 recovery=2
#### IOSURFACE-COMPAT heightInTiles plane=1 original=0 property=105 recovery=3
#### IOSURFACE-COMPAT widthInTiles plane=1 original=105 property=150 recovery=3
#### IOSURFACE-COMPAT bytesPerTileData plane=1 original=38400 property=256 recovery=3
#### IOSURFACE-COMPAT heightInTiles plane=0 original=0 property=105 recovery=4
#### IOSURFACE-COMPAT widthInTiles plane=0 original=105 property=150 recovery=4
#### IOSURFACE-COMPAT bytesPerTileData plane=0 original=153600 property=1024 recovery=4
#### IOSURFACE-COMPAT heightInTiles plane=0 original=0 property=105 recovery=5
#### IOSURFACE-COMPAT widthInTiles plane=0 original=105 property=150 recovery=5
#### IOSURFACE-COMPAT bytesPerTileData plane=0 original=153600 property=1024 recovery=5
#### IOSURFACE-COMPAT heightInTiles plane=1 original=0 property=105 recovery=6
#### IOSURFACE-COMPAT widthInTiles plane=1 original=105 property=150 recovery=6
#### IOSURFACE-COMPAT bytesPerTileData plane=1 original=38400 property=256 recovery=6
#### IOSURFACE-COMPAT heightInTiles plane=0 original=0 property=105 recovery=7
#### IOSURFACE-COMPAT widthInTiles plane=0 original=105 property=150 recovery=7
#### IOSURFACE-COMPAT bytesPerTileData plane=0 original=153600 property=1024 recovery=7
#### IOSURFACE-COMPAT heightInTiles plane=1 original=0 property=105 recovery=8
#### IOSURFACE-COMPAT widthInTiles plane=1 original=105 property=150 recovery=8
#### IOSURFACE-COMPAT bytesPerTileData plane=1 original=38400 property=256 recovery=8
#### IOSURFACE-COMPAT widthInTiles plane=0 original=105 property=150 recovery=9
#### IOSURFACE-COMPAT bytesPerTileData plane=0 original=153600 property=1024 recovery=9
#### AGXIOC RAW DUMP sel=0x9 type=0x82 inStructCnt=104 (PRE-patch):
    +0000: 82 00 00 00 00 00 00 00 54 09 84 06 01 00 00 00
    +0x10: 01 01 00 02 30 04 00 00 00 00 00 00 00 00 00 00
    +0x20: 00 00 00 00 00 00 00 00 00 00 00 00 00 00 00 00
    +0x30: 00 00 00 00 00 00 00 00 9f 00 00 00 00 00 00 00
    +0x40: 00 00 00 00 00 00 00 00 00 00 00 00 00 00 00 00
    +0x50: 00 00 00 00 00 00 00 00 00 83 88 80 03 00 00 00
    +0x60: 00 40 00 00 00 00 00 00
####   key fields: +0x14=0x430 +0x15(byte)=0x4 +0x30=0 +0x34=0 +0x38=0x9f +0x40=0 +0x48=0 +0x58=0x380888300
#### AGXIOC type=0x82 patch #1: scopeID=0x9f scopePlane=0 f14=0x430 +0x30 {0,0}→{0x9f,0} +0x38 {0x9f,0}→0 +0x40 0→0 +0x50 0→0x380888300 +0x58 0x380888300→0x40000
#### AGX_LIFE CREATE id=0xe type=0x82 surf=0x9f bytes=0x13bc000 kr=0 okC=14 failC=0 okD=0 failD=0 unmatchedD=0 full=0 live=14/20MB [t0=13/0MB t80=0/0MB t82=1/19MB]
#### AGX_LIFE type82 CREATE stack #1 resourceID=0xe surf=0x9f (16 frames):
0   libmachook_arm64.dylib              0x0000000105259458 IOConnectCallMethod_new + 9180
1   IOGPU                               0x00000001c43ae18c IOGPUResourceCreate + 236
2   IOGPU                               0x00000001c43a8138 -[IOGPUMetalResource initWithDevice:remoteStorageResource:options:args:argsSize:] + 460
3   libmachook_arm64.dylib              0x00000001052479a8 __loadImageCallback_block_invoke_19 + 100
4   IOGPU                               0x00000001c43aa5ec -[IOGPUMetalTexture initWithDevice:descriptor:iosurface:plane:field:args:argsSize:] + 824
5   AGXMetal13_3                        0x000000020ccb2f38 -[AGXTexture initWithDevice:desc:iosurface:plane:] + 288
6   libmachook_arm64.dylib              0x0000000105299f10 -[MTLFakeDevice hooked_newTextureWithDescriptor:iosurface:plane:] + 2384
7   QuartzCore                          0x00000001aedfc648 _ZN2CA3OGL12MetalContext11get_surfaceEPNS_12WindowServer7SurfaceEb + 1356
8   QuartzCore                          0x00000001aedfc038 _ZN2CA3OGL12MetalContext19make_buffer_currentEPNS_12WindowServer7SurfaceE + 44
9   QuartzCore                          0x00000001aedfbe10 _ZN2CA3OGL12MetalContext13clear_surfaceEPNS_12WindowServer7SurfaceE + 96
10  QuartzCore                          0x00000001aeef2cf8 _ZN2CA12WindowServer12IOMFBDisplay20current_page_surfaceEbbbbyb + 952
11  QuartzCore                          0x00000001aee82e0c -[CAWindowServerDisplay currentSurface:protection:needsClear:readOnly:vsyncOff:] + 116
12  SkyLight                            0x00000001ac4b8abc _ZN2WS8Displays11SLCADisplay12begin_updateERNS0_6UpdateE + 3044
13  SkyLight                            0x00000001ac5d4ba4 _ZN2WS7UpdaterL14UpdateDisplaysEP13CGXConnectionb + 13148
14  SkyLight                            0x00000001ac5c7264 _ZL23update_display_callbackPvd + 1368
15  SkyLight                            0x00000001ac63b14c run_timer_pass + 504
####   ResCreate OK type=0x82 clientID=0 +0x30=0x9f +0x38=0 +0x40=0 +0x58=0x40000 OUT[+0]=0x1500070000 OUT[+0x08]=0 OUT[+0x10]=0x10e768a80 OUT[+0x48]=0x13bc000
####   inStruct[0..104]:
####     00: 82 00 00 00 00 00 00 00 54 09 84 06 01 00 00 00
####     10: 01 01 00 02 30 04 00 00 00 00 00 00 00 00 00 00
####     20: 00 00 00 00 00 00 00 00 00 00 00 00 00 00 00 00
####     30: 9f 00 00 00 00 00 00 00 00 00 00 00 00 00 00 00
####     40: 00 00 00 00 00 00 00 00 00 00 00 00 00 00 00 00
####     50: 00 83 88 80 03 00 00 00 00 00 04 00 00 00 00 00
####     60: 00 40 00 00 00 00 00 00
#### IOSURFACE-COMPAT baseAddress plane=0 original=0x128825800 base=0x128800000 propertyOffset=0 corrected=0x128800000 recovery=3
#### IOSURFACE-COMPAT heightInTiles plane=0 original=0 property=105 recovery=9
#### IOSURFACE-COMPAT widthInTiles plane=0 original=105 property=150 recovery=10
#### IOSURFACE-COMPAT bytesPerTileData plane=0 original=153600 property=1024 recovery=10
#### IOSURFACE-COMPAT widthInTiles plane=0 original=105 property=150 recovery=11
#### IOSURFACE-COMPAT widthInTiles plane=1 original=105 property=150 recovery=12
#### IOSURFACE-COMPAT baseAddress plane=0 original=0x128825800 base=0x128800000 propertyOffset=0 corrected=0x128800000 recovery=4
#### IOSURFACE-COMPAT baseAddress plane=1 original=0x128809600 base=0x128800000 propertyOffset=16390144 corrected=0x1297a1800 recovery=5
#### IOSURFACE-COMPAT baseAddress plane=0 original=0x128825800 base=0x128800000 propertyOffset=0 corrected=0x128800000 recovery=6
#### IOSURFACE-COMPAT baseAddress plane=0 original=0x128825800 base=0x128800000 propertyOffset=0 corrected=0x128800000 recovery=7
#### IOSURFACE-COMPAT baseAddress plane=0 original=0x128825800 base=0x128800000 propertyOffset=0 corrected=0x128800000 recovery=8
#### IOSURFACE-COMPAT baseAddress plane=1 original=0x128809600 base=0x128800000 propertyOffset=16390144 corrected=0x1297a1800 recovery=9
#### IOSURFACE-COMPAT baseAddress plane=0 original=0x128825800 base=0x128800000 propertyOffset=0 corrected=0x128800000 recovery=10
#### IOSURFACE-COMPAT baseAddress plane=0 original=0x128825800 base=0x128800000 propertyOffset=0 corrected=0x128800000 recovery=11
#### IOSURFACE-COMPAT widthInTiles plane=0 original=105 property=150 recovery=13
#### IOSURFACE-COMPAT widthInTiles plane=1 original=105 property=150 recovery=14
#### AGX_MAP_AUDIT: _impl ivar offset = 0x208
#### AGX_MAP_AUDIT #0 tex=0x10e213910 impl=0x10e213b20 iosurface(arg=0x10e205a70 bound=0x10e205a70) requested=2388x1668 pf=550 plane(arg=0 bound=0) cpu130=0x128800000 gpu40=0x1500070000 descriptorOff=0x190 address=0x1500070000 descriptorLayout=3 compressed=1 extended=1 match=1
#### MTL_TEX storageMode=Memoryless preserved for AGX-native descriptor=0x10e213d30
#### MTL_TEX plain MEMORYLESS: routing to native AGX path (no IOSurface — tile-memory-only) w=2388 h=1668 pf=115
#### MTL_TEX storageMode=Memoryless preserved for AGX-native descriptor=0x10e213d30
#### MACWS_AGX_NATIVE memoryless witness #9 instance=0x12d02b000 class=AGXG13GFamilyDevice original=0x20c9ae8a8 -> YES
#### MTL_TEX storageMode=Memoryless preserved for AGX-native descriptor=0x10e213d30
#### MTL_TEX plain MEMORYLESS native result: 0x10e213e00 (class=AGXG13GFamilyTexture storageMode=3 length=999)
#### AGXIOC Method sel=0xf->0xd inCnt=2 inSC=0 outSC=16 -> 0x0
#### AGXIOC Method sel=0xf->0xd inCnt=2 inSC=0 outSC=16 -> 0x0
#### AGXIOC Struct sel=0x6->0x5 inSC=0 outSC=16 -> 0x0
#### IOSURFACE-COMPAT baseAddress plane=0 original=0x128825800 base=0x128800000 propertyOffset=0 corrected=0x128800000 recovery=12
#### IOSURFACE-COMPAT baseAddress plane=0 original=0x128825800 base=0x128800000 propertyOffset=0 corrected=0x128800000 recovery=13
#### IOSURFACE-COMPAT baseAddress plane=0 original=0x128825800 base=0x128800000 propertyOffset=0 corrected=0x128800000 recovery=14
#### IOSURFACE-COMPAT baseAddress plane=0 original=0x128825800 base=0x128800000 propertyOffset=0 corrected=0x128800000 recovery=15
#### IOSURFACE-COMPAT baseAddress plane=0 original=0x128825800 base=0x128800000 propertyOffset=0 corrected=0x128800000 recovery=16
#### IOSURFACE-COMPAT widthInTiles plane=0 original=105 property=150 recovery=15
#### IOSURFACE-COMPAT widthInTiles plane=1 original=105 property=150 recovery=16
#### AGX_LIFE CREATE id=0xf type=0 surf=0 bytes=0x50000 kr=0 okC=15 failC=0 okD=0 failD=0 unmatchedD=0 full=0 live=15/20MB [t0=14/0MB t80=0/0MB t82=1/19MB]
#### AGXIOC heap map #14 clientID 0x50000 -> resourceID 0xf size 0x50000
####   ResCreate OK type=0 clientID=0 +0x30=0 +0x38=0 +0x40=0x50000 +0x58=0 OUT[+0]=0x18000 OUT[+0x08]=0x10f67c000 OUT[+0x10]=0x10e768b40 OUT[+0x48]=0x50000
####   inStruct[0..104]:
####     00: 00 00 00 00 00 00 00 00 01 00 01 00 01 00 00 00
####     10: 01 01 00 01 30 84 00 00 00 00 00 00 00 00 00 00
####     20: 00 00 00 00 00 00 00 00 00 00 00 00 00 00 00 00
####     30: 00 00 00 00 00 00 00 00 00 00 00 00 00 00 00 00
####     40: 00 00 05 00 00 00 00 00 00 00 00 00 00 00 00 00
####     50: 00 00 00 38 00 00 00 00 00 00 00 00 00 00 00 00
####     60: 00 00 00 00 00 00 00 00
#### CBRI_HOOK self=0x10e2147c0 cls=AGXG13GFamilyCommandBuffer → resourceInfo=0x118819200
#### IOSURFACE-COMPAT heightInTiles plane=0 original=0 property=105 recovery=10
#### IOSURFACE-COMPAT bytesPerTileData plane=0 original=153600 property=1024 recovery=11
#### AGX_LIFE CREATE id=0x10 type=0 surf=0 bytes=0x8000 kr=0 okC=16 failC=0 okD=0 failD=0 unmatchedD=0 full=0 live=16/20MB [t0=15/0MB t80=0/0MB t82=1/19MB]
#### AGXIOC heap map #15 clientID 0x8000 -> resourceID 0x10 size 0x8000
####   ResCreate OK type=0 clientID=0 +0x30=0 +0x38=0 +0x40=0x8000 +0x58=0 OUT[+0]=0x1501430000 OUT[+0x08]=0x10ef00000 OUT[+0x10]=0x10e768c00 OUT[+0x48]=0x8000
####   inStruct[0..104]:
####     00: 00 00 00 00 00 00 00 00 00 80 01 00 01 00 00 00
####     10: 01 01 00 01 30 04 00 00 00 00 00 00 00 00 00 00
####     20: 00 00 00 00 00 00 00 00 00 00 00 00 00 00 00 00
####     30: 00 00 00 00 00 00 00 00 00 00 00 00 00 00 00 00
####     40: 00 80 00 00 00 00 00 00 00 00 00 00 00 00 00 00
####     50: 00 00 00 08 00 00 00 00 00 00 00 00 00 00 00 00
####     60: 00 00 00 00 00 00 00 00
#### AGXIOC heap map #16 clientID 0x8000 -> resourceID 0x11 size 0x8000
####   ResCreate OK type=0 clientID=0 +0x30=0 +0x38=0 +0x40=0x8000 +0x58=0 OUT[+0]=0x1501440000 OUT[+0x08]=0x10ef08000 OUT[+0x10]=0x10e768cc0 OUT[+0x48]=0x8000
####   inStruct[0..104]:
####     00: 00 00 00 00 00 00 00 00 00 80 01 00 01 00 00 00
####     10: 01 01 00 01 30 04 00 00 00 00 00 00 00 00 00 00
####     20: 00 00 00 00 00 00 00 00 00 00 00 00 00 00 00 00
####     30: 00 00 00 00 00 00 00 00 00 00 00 00 00 00 00 00
####     40: 00 80 00 00 00 00 00 00 00 00 00 00 00 00 00 00
####     50: 00 00 00 08 00 00 00 00 00 00 00 00 00 00 00 00
####     60: 00 00 00 00 00 00 00 00
####   ResCreate OK type=0 clientID=0 +0x30=0 +0x38=0 +0x40=0x8000 +0x58=0 OUT[+0]=0x1501450000 OUT[+0x08]=0x10ef10000 OUT[+0x10]=0x10e768d80 OUT[+0x48]=0x8000
####   inStruct[0..104]:
####     00: 00 00 00 00 00 00 00 00 00 80 01 00 01 00 00 00
####     10: 01 01 00 01 30 04 00 00 00 00 00 00 00 00 00 00
####     20: 00 00 00 00 00 00 00 00 00 00 00 00 00 00 00 00
####     30: 00 00 00 00 00 00 00 00 00 00 00 00 00 00 00 00
####     40: 00 80 00 00 00 00 00 00 00 00 00 00 00 00 00 00
####     50: 00 00 00 08 00 00 00 00 00 00 00 00 00 00 00 00
####     60: 00 00 00 00 00 00 00 00
####   ResCreate OK type=0 clientID=0 +0x30=0 +0x38=0 +0x40=0x8000 +0x58=0 OUT[+0]=0x1501460000 OUT[+0x08]=0x10ef18000 OUT[+0x10]=0x10e768e40 OUT[+0x48]=0x8000
####   inStruct[0..104]:
####     00: 00 00 00 00 00 00 00 00 00 80 01 00 01 00 00 00
####     10: 01 01 00 01 30 04 00 00 00 00 00 00 00 00 00 00
####     20: 00 00 00 00 00 00 00 00 00 00 00 00 00 00 00 00
####     30: 00 00 00 00 00 00 00 00 00 00 00 00 00 00 00 00
####     40: 00 80 00 00 00 00 00 00 00 00 00 00 00 00 00 00
####     50: 00 00 00 08 00 00 00 00 00 00 00 00 00 00 00 00
####     60: 00 00 00 00 00 00 00 00
####   ResCreate OK type=0 clientID=0 +0x30=0 +0x38=0 +0x40=0x8000 +0x58=0 OUT[+0]=0x1501470000 OUT[+0x08]=0x10ef20000 OUT[+0x10]=0x10e768f00 OUT[+0x48]=0x8000
####   inStruct[0..104]:
####     00: 00 00 00 00 00 00 00 00 00 80 01 00 01 00 00 00
####     10: 01 01 00 01 30 04 00 00 00 00 00 00 00 00 00 00
####     20: 00 00 00 00 00 00 00 00 00 00 00 00 00 00 00 00
####     30: 00 00 00 00 00 00 00 00 00 00 00 00 00 00 00 00
####     40: 00 80 00 00 00 00 00 00 00 00 00 00 00 00 00 00
####     50: 00 00 00 08 00 00 00 00 00 00 00 00 00 00 00 00
####     60: 00 00 00 00 00 00 00 00
####   ResCreate OK type=0 clientID=0 +0x30=0 +0x38=0 +0x40=0x8000 +0x58=0 OUT[+0]=0x70000 OUT[+0x08]=0x10ef28000 OUT[+0x10]=0x10e768fc0 OUT[+0x48]=0x8000
####   inStruct[0..104]:
####     00: 00 00 00 00 00 00 00 00 00 80 01 00 01 00 00 00
####     10: 01 01 00 01 30 84 00 00 00 00 00 00 00 00 00 00
####     20: 00 00 00 00 00 00 00 00 00 00 00 00 00 00 00 00
####     30: 00 00 00 00 00 00 00 00 00 00 00 00 00 00 00 00
####     40: 00 80 00 00 00 00 00 00 00 00 00 00 00 00 00 00
####     50: 00 00 00 48 00 00 00 00 00 00 00 00 00 00 00 00
####     60: 00 00 00 00 00 00 00 00
####   ResCreate OK type=0 clientID=0 +0x30=0 +0x38=0 +0x40=0x8000 +0x58=0 OUT[+0]=0x80000 OUT[+0x08]=0x10f6cc000 OUT[+0x10]=0x10e769080 OUT[+0x48]=0x8000
####   inStruct[0..104]:
####     00: 00 00 00 00 00 00 00 00 00 80 01 00 01 00 00 00
####     10: 01 01 00 01 30 84 00 00 00 00 00 00 00 00 00 00
####     20: 00 00 00 00 00 00 00 00 00 00 00 00 00 00 00 00
####     30: 00 00 00 00 00 00 00 00 00 00 00 00 00 00 00 00
####     40: 00 80 00 00 00 00 00 00 00 00 00 00 00 00 00 00
####     50: 00 00 00 48 00 00 00 00 00 00 00 00 00 00 00 00
####     60: 00 00 00 00 00 00 00 00
####   ResCreate OK type=0 clientID=0 +0x30=0 +0x38=0 +0x40=0x100000 +0x58=0 OUT[+0]=0x1501480000 OUT[+0x08]=0x11d200000 OUT[+0x10]=0x10e769140 OUT[+0x48]=0x100000
####   inStruct[0..104]:
####     00: 00 00 00 00 00 00 00 00 00 00 01 00 01 00 00 00
####     10: 01 01 00 01 30 04 00 00 00 00 00 00 00 00 00 00
####     20: 00 00 00 00 00 00 00 00 00 00 00 00 00 00 00 00
####     30: 00 00 00 00 00 00 00 00 00 00 00 00 00 00 00 00
####     40: 00 00 10 00 00 00 00 00 00 00 00 00 00 00 00 00
####     50: 00 00 00 18 00 00 00 00 00 00 00 00 00 00 00 00
####     60: 00 00 00 00 00 00 00 00
####   ResCreate OK type=0 clientID=0 +0x30=0 +0x38=0 +0x40=0x8000 +0x58=0 OUT[+0]=0x1501588000 OUT[+0x08]=0x10f6d4000 OUT[+0x10]=0x10e769200 OUT[+0x48]=0x8000
####   inStruct[0..104]:
####     00: 00 00 00 00 00 00 00 00 00 80 01 00 01 00 00 00
####     10: 01 01 00 01 30 04 00 00 00 00 00 00 00 00 00 00
####     20: 00 00 00 00 00 00 00 00 00 00 00 00 00 00 00 00
####     30: 00 00 00 00 00 00 00 00 00 00 00 00 00 00 00 00
####     40: 00 80 00 00 00 00 00 00 00 00 00 00 00 00 00 00
####     50: 00 00 00 08 00 00 00 00 00 00 00 00 00 00 00 00
####     60: 00 00 00 00 00 00 00 00
####   ResCreate OK type=0 clientID=0 +0x30=0 +0x38=0 +0x40=0x8000 +0x58=0 OUT[+0]=0x1501598000 OUT[+0x08]=0x10f6dc000 OUT[+0x10]=0x10e7692c0 OUT[+0x48]=0x8000
####   inStruct[0..104]:
####     00: 00 00 00 00 00 00 00 00 00 80 01 00 01 00 00 00
####     10: 01 01 00 01 30 04 00 00 00 00 00 00 00 00 00 00
####     20: 00 00 00 00 00 00 00 00 00 00 00 00 00 00 00 00
####     30: 00 00 00 00 00 00 00 00 00 00 00 00 00 00 00 00
####     40: 00 80 00 00 00 00 00 00 00 00 00 00 00 00 00 00
####     50: 00 00 00 18 00 00 00 00 00 00 00 00 00 00 00 00
####     60: 00 00 00 00 00 00 00 00
####   ResCreate OK type=0 clientID=0 +0x30=0 +0x38=0 +0x40=0x8000 +0x58=0 OUT[+0]=0x15015a8000 OUT[+0x08]=0x10f6e4000 OUT[+0x10]=0x10e769380 OUT[+0x48]=0x8000
####   inStruct[0..104]:
####     00: 00 00 00 00 00 00 00 00 00 80 01 00 01 00 00 00
####     10: 01 01 00 01 30 04 00 00 00 00 00 00 00 00 00 00
####     20: 00 00 00 00 00 00 00 00 00 00 00 00 00 00 00 00
####     30: 00 00 00 00 00 00 00 00 00 00 00 00 00 00 00 00
####     40: 00 80 00 00 00 00 00 00 00 00 00 00 00 00 00 00
####     50: 00 00 00 08 00 00 00 00 00 00 00 00 00 00 00 00
####     60: 00 00 00 00 00 00 00 00
####   ResCreate OK type=0 clientID=0 +0x30=0 +0x38=0 +0x40=0x8000 +0x58=0 OUT[+0]=0x15015b8000 OUT[+0x08]=0x10f6ec000 OUT[+0x10]=0x10e769440 OUT[+0x48]=0x8000
####   inStruct[0..104]:
####     00: 00 00 00 00 00 00 00 00 00 80 01 00 01 00 00 00
####     10: 01 01 00 01 30 04 00 00 00 00 00 00 00 00 00 00
####     20: 00 00 00 00 00 00 00 00 00 00 00 00 00 00 00 00
####     30: 00 00 00 00 00 00 00 00 00 00 00 00 00 00 00 00
####     40: 00 80 00 00 00 00 00 00 00 00 00 00 00 00 00 00
####     50: 00 00 00 08 00 00 00 00 00 00 00 00 00 00 00 00
####     60: 00 00 00 00 00 00 00 00
####   ResCreate OK type=0 clientID=0 +0x30=0 +0x38=0 +0x40=0x8000 +0x58=0 OUT[+0]=0x15015c8000 OUT[+0x08]=0x10f6f4000 OUT[+0x10]=0x10e769500 OUT[+0x48]=0x8000
####   inStruct[0..104]:
####     00: 00 00 00 00 00 00 00 00 00 80 01 00 01 00 00 00
####     10: 01 01 00 01 30 04 00 00 00 00 00 00 00 00 00 00
####     20: 00 00 00 00 00 00 00 00 00 00 00 00 00 00 00 00
####     30: 00 00 00 00 00 00 00 00 00 00 00 00 00 00 00 00
####     40: 00 80 00 00 00 00 00 00 00 00 00 00 00 00 00 00
####     50: 00 00 00 08 00 00 00 00 00 00 00 00 00 00 00 00
####     60: 00 00 00 00 00 00 00 00
####   ResCreate OK type=0 clientID=0 +0x30=0 +0x38=0 +0x40=0x8000 +0x58=0 OUT[+0]=0x15015d8000 OUT[+0x08]=0x11b748000 OUT[+0x10]=0x10e7695c0 OUT[+0x48]=0x8000
####   inStruct[0..104]:
####     00: 00 00 00 00 00 00 00 00 00 80 01 00 01 00 00 00
####     10: 01 01 00 01 30 04 00 00 00 00 00 00 00 00 00 00
####     20: 00 00 00 00 00 00 00 00 00 00 00 00 00 00 00 00
####     30: 00 00 00 00 00 00 00 00 00 00 00 00 00 00 00 00
####     40: 00 80 00 00 00 00 00 00 00 00 00 00 00 00 00 00
####     50: 00 00 00 08 00 00 00 00 00 00 00 00 00 00 00 00
####     60: 00 00 00 00 00 00 00 00
####   ResCreate OK type=0 clientID=0 +0x30=0 +0x38=0 +0x40=0x8000 +0x58=0 OUT[+0]=0x15015e8000 OUT[+0x08]=0x11b750000 OUT[+0x10]=0x10e769680 OUT[+0x48]=0x8000
####   inStruct[0..104]:
####     00: 00 00 00 00 00 00 00 00 00 80 01 00 01 00 00 00
####     10: 01 01 00 01 30 04 00 00 00 00 00 00 00 00 00 00
####     20: 00 00 00 00 00 00 00 00 00 00 00 00 00 00 00 00
####     30: 00 00 00 00 00 00 00 00 00 00 00 00 00 00 00 00
####     40: 00 80 00 00 00 00 00 00 00 00 00 00 00 00 00 00
####     50: 00 00 00 08 00 00 00 00 00 00 00 00 00 00 00 00
####     60: 00 00 00 00 00 00 00 00
####   ResCreate OK type=0 clientID=0 +0x30=0 +0x38=0 +0x40=0xff80 +0x58=0 OUT[+0]=0x15015f8000 OUT[+0x08]=0x11b758000 OUT[+0x10]=0x10e769740 OUT[+0x48]=0x10000
####   inStruct[0..104]:
####     00: 00 00 00 00 00 00 00 00 80 ff 01 00 01 00 00 00
####     10: 01 01 00 01 30 04 00 00 00 00 00 00 00 00 00 00
####     20: 00 00 00 00 00 00 00 00 00 00 00 00 00 00 00 00
####     30: 00 00 00 00 00 00 00 00 00 00 00 00 00 00 00 00
####     40: 80 ff 00 00 00 00 00 00 00 00 00 00 00 00 00 00
####     50: 00 00 00 18 00 00 00 00 00 00 00 00 00 00 00 00
####     60: 00 00 00 00 00 00 00 00
####   ResCreate OK type=0 clientID=0 +0x30=0 +0x38=0 +0x40=0xc0000 +0x58=0 OUT[+0]=0x1501610000 OUT[+0x08]=0x11c53c000 OUT[+0x10]=0x10e769800 OUT[+0x48]=0xc0000
####   inStruct[0..104]:
####     00: 00 00 00 00 00 00 00 00 00 00 01 00 01 00 00 00
####     10: 01 01 00 01 30 04 00 00 00 00 00 00 00 00 00 00
####     20: 00 00 00 00 00 00 00 00 00 00 00 00 00 00 00 00
####     30: 00 00 00 00 00 00 00 00 00 00 00 00 00 00 00 00
####     40: 00 00 0c 00 00 00 00 00 00 00 00 00 00 00 00 00
####     50: 00 00 00 08 00 00 00 00 00 00 00 00 00 00 00 00
####     60: 00 00 00 00 00 00 00 00
#### QC-DESKTOP-TARGET library=0x10e21a330 class=_MTLLibrary error=(nil)
#### MACWS-METAL-TARGET specialized-internal selector=newSpecializedFunctionWithDescriptor:destinationArchive:functionCache:error: name=fixed_frag_lph_cpf descriptor=0x10e92d370 archive=0x0 cache=0x0 function=0x10e226650
#### MACWS-METAL-TARGET specialized-internal selector=newSpecializedFunctionWithDescriptor:destinationArchive:functionCache:error: name=fixed_vert_lph_spc descriptor=0x10e226b50 archive=0x0 cache=0x0 function=0x10e227ce0
#### RENDER-PIPELINE #1 variant=error device=AGXG13GFamilyDevice options=0 label=com.apple.coreanimation.draw.Pb3a8Xm_A2Xhfcx vertex=fixed_vert_lph_spc fragment=fixed_frag_lph_cpf colors=550,115,0,0 depth=0 stencil=0 samples=1 result=0x118833800 class=AGXG13GFamilyRenderPipeline errorDomain=(not-requested-or-nil) errorCode=0 description=(nil) userInfo=(nil)
#### AGXIOC type0 exact initFull length: +0x58=0 low32=0 -> +0x40=0x40000
####   ResCreate OK type=0 clientID=0 +0x30=0x40 +0x38=0 +0x40=0x40000 +0x58=0 OUT[+0]=0x15016d8000 OUT[+0x08]=0x11b768000 OUT[+0x10]=0x10e7698c0 OUT[+0x48]=0x40000
####   inStruct[0..104]:
####     00: 00 00 00 00 00 00 00 00 01 00 01 00 01 00 00 00
####     10: 01 01 00 01 70 04 00 00 00 00 00 00 00 00 00 00
####     20: 00 00 00 00 00 00 00 00 00 00 00 00 00 00 00 00
####     30: 40 00 00 00 00 00 00 00 00 00 00 00 00 00 00 00
####     40: 00 00 04 00 00 00#### MACWS-METAL-TARGET specialized-internal selector=newSpecializedFunctionWithDescriptor:destinationArchive:functionCache:error: name=fixed_frag_lph_cpf descriptor=0x10e92c5b0 archive=0x0 cache=0x0 function=0x10e92fb60
 00 00 00 00 00 00 00 00 00 00
####     50: 00 00 00 00 00 00 00#### MACWS-METAL-TARGET specialized-internal selector=newSpecializedFunctionWithDescriptor:destinationArchive:functionCache:error: name=fixed_vert_lph_gen descriptor=0x10e92bf90 archive=0x0 cache=0x0 function=0x10e9306b0
 00 00 00 00 00 00 00 00 00
####     60: d8 9f 0a 44 02 00 00 00
#### TRACE -[AGXBuffer initFull] self=0x10e22b0a0 dev=0x12d02b000 len=262144 align=1→64 opt=16 subDis=0→0 resIn=0x16ae6fc88 pin=0x0 -> 0x10e22b0a0
####   ResCreate OK type=0 clientID=0 +0x30=0 +0x38=0 +0x40=0x28000 +0x58=0 OUT[+0]=0x90000 OUT[+0x08]=0x11b7a8000 OUT[+0x10]=0x10e769980 OUT[+0x48]=0x28000
####   inStruct[0..104]:
####     00: 00 00 00 00 00 00 00 00 01 00 01 00 01 00 00 00
####     10: 01 01 00 01 30 84 00 00 00 00 00 00 00 00 00 00
####     20: 00 00 00 00 00 00 00 00 00 00 00 00 00 00 00 00
####     30: 00 00 00 00 00 00 00 00 00 00 00 00 00 00 00 00
####     40: 00 80 02 00 00 00 00 00 00 00 00 00 00 00 00 00
####     50: 00 00 00 38 00 00 00 00 00 00 00 00 00 00 00 00
####     60:#### AGX_SUBMIT_DIAG #1 TEMP-KCMD-WRAPPED-FIX match=1 type9=0x10 subtype1@0x10 span=0x858->0x838 range=0x10..0x868->0x848 storage=0x868->0x848 flatten=iOS-direct final=0x820
 00 00 00 00 00 00 00 00
#### AGXIOC Method sel=0x1e->0x1a inCnt=4 inSC=56 outSC=0 -> 0x0
#### IOGPU-CALLBACK-BUFFER commandBuffer=0x10e2147c0 class=AGXG13GFamilyCommandBuffer submitSerial=1 fixed=1 target=0x0 errorCode=1 start=0x35e58ccf6bb end=0x35e58ccf6c7 error=0x12c717c90 errorClass=NSError
#### IOGPU-CALLBACK-OBJECT role=buffer-error object=0x12c717c90 dynamicClass=NSError instanceSize=0x28
#### IOGPU-CALLBACK-CLASS role=buffer-error depth=0 class=NSError ivars=4
#### RENDER-PIPELINE #2 variant=error device=AGXG13GFamilyDevice options=0 label=com.apple.coreanimation.draw.Pb3a8Xm_A2Xghfc vertex=fixed_vert_lph_gen fragment=fixed_frag_lph_cpf colors=550,115,0,0 depth=0 stencil=0 samples=1 result=0x11d80d000 class=AGXG13GFamilyRenderPipeline errorDomain=(not-requested-or-nil) errorCode=0 description=(nil) userInfo=(nil)
#### IOGPU-CALLBACK-IVAR role=buffer-error class=NSError offset=0x8 name=_reserved type=^v raw64=0
#### IOGPU-CALLBACK-IVAR role=buffer-error class=NSError offset=0x10 name=_code type=q raw64=0x1
#### IOGPU-CALLBACK-IVAR role=buffer-error class=NSError offset=0x18 name=_domain type=@"NSString" raw64=0x2048d0a90
#### IOGPU-CALLBACK-IVAR role=buffer-error class=NSError offset=0x20 name=_userInfo type=@"NSDictionary" raw64=0x12c717ed0
#### IOGPU-CALLBACK-CLASS role=buffer-error depth=1 class=NSObject ivars=1
#### IOGPU-CALLBACK-IVAR role=buffer-error class=NSObject offset=0 name=isa type=# raw64=0x100000202678349
#### IOGPU-CALLBACK-BYTES role=buffer-error base=0x12c717c90 offset=0 bytes=498367020200000100000000000000000100000000000000900a8d0402000000
#### IOGPU-CALLBACK-BYTES role=buffer-error base=0x12c717c90 offset=0x20 bytes=d07e712c01000000
#### IOGPU-CALLBACK-ERROR domain=MTLCommandBufferErrorDomain code=1 userInfo=0x12c717ed0 userInfoClass=__NSSingleEntryDictionaryI
#### IOGPU-CALLBACK-OBJECT role=buffer-error-user-info object=0x12c717ed0 dynamicClass=__NSSingleEntryDictionaryI instanceSize=0x18
#### IOGPU-CALLBACK-CLASS role=buffer-error-user-info depth=0 class=__NSSingleEntryDictionaryI ivars=2
#### IOGPU-CALLBACK-IVAR role=buffer-error-user-info class=__NSSingleEntryDictionaryI offset=0x8 name=_obj type=@ raw64=0x12c7182e0
#### IOGPU-CALLBACK-IVAR role=buffer-error-user-info class=__NSSingleEntryDictionaryI offset=0x10 name=_key type=@ raw64=0x203644200
#### IOGPU-CALLBACK-CLASS role=buffer-error-user-info depth=1 class=NSDictionary ivars=0
#### IOGPU-CALLBACK-CLASS role=buffer-error-user-info depth=2 class=NSObject ivars=1
#### IOGPU-CALLBACK-IVAR role=buffer-error-user-info class=NSObject offset=0 name=isa type=# raw64=0x300000202670471
#### IOGPU-CALLBACK-BYTES role=buffer-error-user-info base=0x12c717ed0 offset=0 bytes=7104670202000003e082712c010000000042640302000000
#### IOGPU-CALLBACK-USERINFO count=1 limit=1
#### IOGPU-CALLBACK-USERINFO-ENTRY index=0 key=NSLocalizedDescription value=0x12c7182e0 class=__NSCFString string=Internal Error (00000100:Internal Error)
#### IOGPU-CALLBACK-STORAGE role=buffer-before-original commandBuffer=0x10e2147c0 class=AGXG13GFamilyCommandBuffer ivarOffset=0x250 storage=0x10e214b90
#### IOGPU-CALLBACK-BYTES role=command-storage base=0x10e214b90 offset=0 bytes=00b0022d01000000703a722c0100000000000000000000000000000000000000
#### IOGPU-CALLBACK-BYTES role=command-storage base=0x10e214b90 offset=0x20 bytes=1051210e010000000080df0e010000002088df0e0100000000c0df0e01000000
#### IOGPU-CALLBACK-BYTES role=command-storage base=0x10e214b90 offset=0x40 bytes=0000000000000000000000000000000000000000000000000000000000000000
#### IOGPU-CALLBACK-BYTES role=command-storage base=0x10e214b90 offset=0x60 bytes=104f210e010000000040df0e010000000080df0e010000000000000000000000
#### IOGPU-CALLBACK-BYTES role=command-storage base=0x10e214b90 offset=0x80 bytes=0000000000000000000000000000000000000000000000000000000000000000
#### IOGPU-CALLBACK-BYTES role=command-storage base=0x10e214b90 offset=0xa0 bytes=0000000000000000000000000000000000000000000000000000000000000000
#### IOGPU-CALLBACK-BYTES role=command-storage base=0x10e214b90 offset=0xc0 bytes=0000000000000000000000000000000000000000000000000000000000000000
#### IOGPU-CALLBACK-BYTES role=command-storage base=0x10e214b90 offset=0xe0 bytes=0000000000000000000000000000000000000000000000000000000000000000
#### IOGPU-CALLBACK-BYTES role=command-storage base=0x10e214b90 offset=0x100 bytes=0000000000000000000000000000000000000000000000000000000000000000
#### IOGPU-CALLBACK-BYTES role=command-storage base=0x10e214b90 offset=0x120 bytes=0000000000000000000000000000000000000000000000000000000000000000
#### IOGPU-CALLBACK-BYTES role=command-storage base=0x10e214b90 offset=0x140 bytes=0000000000000000000000000000000000000000000000000000000000000000
#### IOGPU-CALLBACK-BYTES role=command-storage base=0x10e214b90 offset=0x160 bytes=0000000000000000000000000000000000000000000000000000000000000000
#### IOGPU-CALLBACK-BYTES role=command-storage base=0x10e214b90 offset=0x180 bytes=0000000000000000000000000000000000000000000000000000000000000000
#### IOGPU-CALLBACK-BYTES role=command-storage base=0x10e214b90 offset=0x1a0 bytes=0000000000000000000000000000000000000000000000000000000000000000
#### IOGPU-CALLBACK-BYTES role=command-storage base=0x10e214b90 offset=0x1c0 bytes=0000000000000000000000000000000000000000000000000000000000000000
#### IOGPU-CALLBACK-BYTES role=command-storage base=0x10e214b90 offset=0x1e0 bytes=0000000000000000000000000000000000000000000000000000000000000000
#### IOGPU-CALLBACK-BYTES role=command-storage base=0x10e214b90 offset=0x200 bytes=0000000000000000000000000000000000000000000000000000000000000000
#### IOGPU-CALLBACK-BYTES role=command-storage base=0x10e214b90 offset=0x220 bytes=0000000000000000000000000000000000000000000000000000000000000000
#### IOGPU-CALLBACK-BYTES role=command-storage base=0x10e214b90 offset=0x240 bytes=0000000000000000000000000000000000000000000000000032811801000000
#### IOGPU-CALLBACK-BYTES role=command-storage base=0x10e214b90 offset=0x260 bytes=1050210e01000000005281180100000000080000000000000b00000000080000
#### IOGPU-CALLBACK-BYTES role=command-storage base=0x10e214b90 offset=0x280 bytes=1f0000000500000003000000000000004840df0e0100000000e049d501000000
#### IOGPU-CALLBACK-BYTES role=command-storage base=0x10e214b90 offset=0x2a0 bytes=00c0b4d601000000fe0000001700000004000000170000000000000000000000
#### IOGPU-CALLBACK-BYTES role=command-storage base=0x10e214b90 offset=0x2c0 bytes=020000000000000050c239c401000000904b210e010000000080013801000000
#### IOGPU-CALLBACK-BYTES role=command-storage base=0x10e214b90 offset=0x2e0 bytes=0080003801000000000000000000000000000000000000000000000000000000
#### AGX_FAST_RING dumped reason=iogpu-raw-callback-error commandBuffer=0x10e2147c0 requested=1 matched=1 entries=1 byteEntries=1 range=1..1 path=/tmp/macws_fast_submit_error_26891_1
#### IOGPU-ERROR-GETTER observation=1 commandBuffer=0x10e2147c0 class=AGXG13GFamilyCommandBuffer submitSerial=1 fixed=1 domain=MTLCommandBufferErrorDomain code=1 description=Internal Error (00000100:Internal Error)
#### IOGPU-CALLBACK-OBJECT role=getter-error object=0x12c717c90 dynamicClass=NSError instanceSize=0x28
#### IOGPU-CALLBACK-CLASS role=getter-error depth=0 class=NSError ivars=4
#### IOGPU-CALLBACK-IVAR role=getter-error class=NSError offset=0x8 name=_reserved type=^v raw64=0
#### IOGPU-CALLBACK-IVAR role=getter-error class=NSError offset=0x10 name=_code type=q raw64=0x1
#### IOGPU-CALLBACK-IVAR role=getter-error class=NSError offset=0x18 name=_domain type=@"NSString" raw64=0x2048d0a90
#### IOGPU-CALLBACK-IVAR role=getter-error class=NSError offset=0x20 name=_userInfo type=@"NSDictionary" raw64=0x12c717ed0
#### IOGPU-CALLBACK-CLASS role=getter-error depth=1 class=NSObject ivars=1
#### IOGPU-CALLBACK-IVAR role=getter-error class=NSObject offset=0 name=isa type=# raw64=0x200000202678349
#### IOGPU-CALLBACK-BYTES role=getter-error base=0x12c717c90 offset=0 bytes=498367020200000200000000000000000100000000000000900a8d0402000000
#### IOGPU-CALLBACK-BYTES role=getter-error base=0x12c717c90 offset=0x20 bytes=d07e712c01000000
#### IOGPU-CALLBACK-ERROR domain=MTLCommandBufferErrorDomain code=1 userInfo=0x12c717ed0 userInfoClass=__NSSingleEntryDictionaryI
#### IOGPU-CALLBACK-OBJECT role=buffer-error-user-info object=0x12c717ed0 dynamicClass=__NSSingleEntryDictionaryI instanceSize=0x18
#### IOGPU-CALLBACK-CLASS role=buffer-error-user-info depth=0 class=__NSSingleEntryDictionaryI ivars=2
#### IOGPU-CALLBACK-IVAR role=buffer-error-user-info class=__NSSingleEntryDictionaryI offset=0x8 name=_obj type=@ raw64=0x12c7182e0
#### IOGPU-CALLBACK-IVAR role=buffer-error-user-info class=__NSSingleEntryDictionaryI offset=0x10 name=_key type=@ raw64=0x203644200
#### IOGPU-CALLBACK-CLASS role=buffer-error-user-info depth=1 class=NSDictionary ivars=0
#### IOGPU-CALLBACK-CLASS role=buffer-error-user-info depth=2 class=NSObject ivars=1
#### IOGPU-CALLBACK-IVAR role=buffer-error-user-info class=NSObject offset=0 name=isa type=# raw64=0x700000202670471
#### IOGPU-CALLBACK-BYTES role=buffer-error-user-info base=0x12c717ed0 offset=0 bytes=7104670202000007e082712c010000000042640302000000
#### IOGPU-CALLBACK-USERINFO count=1 limit=1
#### IOGPU-CALLBACK-USERINFO-ENTRY index=0 key=NSLocalizedDescription value=0x12c7182e0 class=__NSCFString string=Internal Error (00000100:Internal Error)
#### IOGPU-CALLBACK-STORAGE role=getter-error commandBuffer=0x10e2147c0 class=AGXG13GFamilyCommandBuffer ivarOffset=0x250 storage=0x10e214b90
#### IOGPU-CALLBACK-BYTES role=command-storage base=0x10e214b90 offset=0 bytes=00b0022d01000000703a722c0100000000000000000000000000000000000000
#### IOGPU-CALLBACK-BYTES role=command-storage base=0x10e214b90 offset=0x20 bytes=1051210e010000000080df0e010000002088df0e0100000000c0df0e01000000
#### IOGPU-CALLBACK-BYTES role=command-storage base=0x10e214b90 offset=0x40 bytes=0000000000000000000000000000000000000000000000000000000000000000
#### IOGPU-CALLBACK-BYTES role=command-storage base=0x10e214b90 offset=0x60 bytes=104f210e010000000040df0e010000000080df0e010000000000000000000000
#### IOGPU-CALLBACK-BYTES role=command-storage base=0x10e214b90 offset=0x80 bytes=0000000000000000000000000000000000000000000000000000000000000000
#### IOGPU-CALLBACK-BYTES role=command-storage base=0x10e214b90 offset=0xa0 bytes=0000000000000000000000000000000000000000000000000000000000000000
#### IOGPU-CALLBACK-BYTES role=command-storage base=0x10e214b90 offset=0xc0 bytes=0000000000000000000000000000000000000000000000000000000000000000
#### IOGPU-CALLBACK-BYTES role=command-storage base=0x10e214b90 offset=0xe0 bytes=0000000000000000000000000000000000000000000000000000000000000000
#### IOGPU-CALLBACK-BYTES role=command-storage base=0x10e214b90 offset=0x100 bytes=0000000000000000000000000000000000000000000000000000000000000000
#### IOGPU-CALLBACK-BYTES role=command-storage base=0x10e214b90 offset=0x120 bytes=0000000000000000000000000000000000000000000000000000000000000000
#### IOGPU-CALLBACK-BYTES role=command-storage base=0x10e214b90 offset=0x140 bytes=0000000000000000000000000000000000000000000000000000000000000000
#### IOGPU-CALLBACK-BYTES role=command-storage base=0x10e214b90 offset=0x160 bytes=0000000000000000000000000000000000000000000000000000000000000000
#### IOGPU-CALLBACK-BYTES role=command-storage base=0x10e214b90 offset=0x180 bytes=0000000000000000000000000000000000000000000000000000000000000000
#### IOGPU-CALLBACK-BYTES role=command-storage base=0x10e214b90 offset=0x1a0 bytes=0000000000000000000000000000000000000000000000000000000000000000
#### IOGPU-CALLBACK-BYTES role=command-storage base=0x10e214b90 offset=0x1c0 bytes=0000000000000000000000000000000000000000000000000000000000000000
#### IOGPU-CALLBACK-BYTES role=command-storage base=0x10e214b90 offset=0x1e0 bytes=0000000000000000000000000000000000000000000000000000000000000000
#### IOGPU-CALLBACK-BYTES role=command-storage base=0x10e214b90 offset=0x200 bytes=0000000000000000000000000000000000000000000000000000000000000000
#### IOGPU-CALLBACK-BYTES role=command-storage base=0x10e214b90 offset=0x220 bytes=0000000000000000000000000000000000000000000000000000000000000000
#### IOGPU-CALLBACK-BYTES role=command-storage base=0x10e214b90 offset=0x240 bytes=0000000000000000000000000000000000000000000000000032811801000000
#### IOGPU-CALLBACK-BYTES role=command-storage base=0x10e214b90 offset=0x260 bytes=1050210e01000000005281180100000000080000000000000b00000000080000
#### IOGPU-CALLBACK-BYTES role=command-storage base=0x10e214b90 offset=0x280 bytes=1f0000000500000003000000000000004840df0e0100000000e049d501000000
#### IOGPU-CALLBACK-BYTES role=command-storage base=0x10e214b90 offset=0x2a0 bytes=00c0b4d601000000fe0000001700000004000000170000000000000000000000
#### IOGPU-CALLBACK-BYTES role=command-storage base=0x10e214b90 offset=0x2c0 bytes=020000000000000050c239c401000000904b210e010000000080013801000000
#### IOGPU-CALLBACK-BYTES role=command-storage base=0x10e214b90 offset=0x2e0 bytes=0080003801000000000000000000000000000000000000000000000000000000
#### IOGPU-ERROR-GETTER observation=2 commandBuffer=0x10e2147c0 class=AGXG13GFamilyCommandBuffer submitSerial=1 fixed=1 domain=MTLCommandBufferErrorDomain code=1 description=Internal Error (00000100:Internal Error)
#### AGX_LIFE DESTROY id=0x21 type=0 surf=0 bytes=0x40000 kr=0 okC=34 failC=0 okD=1 failD=0 unmatchedD=0 full=0 live=33/22MB [t0=32/3MB t80=0/0MB t82=1/19MB]
#### MTL_TEX entry self class=AGXG13GFamilyDevice
#### MTL_TEX TLS set iosurface=0x10e205a70 id=0x9f plane=0 compressionHeaderSpan=0x40000 (thread=0x202655e00 addr=0x0)
#### IOSURFACE-COMPAT compression plane=0 original=0 property=3 recovery=2
#### IOSURFACE-COMPAT bytesPerRow plane=0 original=16390144 property=153600 recovery=4
#### MACWS_AGX_NATIVE memoryless witness #10 instance=0x12d02b000 class=AGXG13GFamilyDevice original=0x20c9ae8a8 -> YES
#### IOSURFACE-COMPAT addressFormat plane=0 original=0 property=5 recovery=2
#### IOSURFACE-COMPAT heightInTiles plane=0 original=0 property=105 recovery=11
#### IOSURFACE-COMPAT bytesPerTileData plane=0 original=153600 property=1024 recovery=12
#### IOSURFACE-COMPAT heightInTiles plane=0 original=0 property=105 recovery=12
#### IOSURFACE-COMPAT bytesPerTileData plane=0 original=153600 property=1024 recovery=13
#### IOSURFACE-COMPAT heightInTiles plane=1 original=0 property=105 recovery=13
#### IOSURFACE-COMPAT bytesPerTileData plane=1 original=38400 property=256 recovery=14
#### IOSURFACE-COMPAT heightInTiles plane=0 original=0 property=105 recovery=14
#### IOSURFACE-COMPAT bytesPerTileData plane=0 original=153600 property=1024 recovery=15
#### IOSURFACE-COMPAT heightInTiles plane=0 original=0 property=105 recovery=15
#### IOSURFACE-COMPAT bytesPerTileData plane=0 original=153600 property=1024 recovery=16
#### IOSURFACE-COMPAT heightInTiles plane=1 original=0 property=105 recovery=16
#### AGXIOC type=0x82 patch #2: scopeID=0x9f scopePlane=0 f14=0x430 +0x30 {0,0}→{0x9f,0} +0x38 {0x9f,0}→0 +0x40 0→0 +0x50 0→0x380888300 +0x58 0x380888300→0x40000
#### AGX_LIFE type82 CREATE stack #2 resourceID=0x21 surf=0x9f (16 frames):
0   libmachook_arm64.dylib              0x0000000105259458 IOConnectCallMethod_new + 9180
1   IOGPU                               0x00000001c43ae18c IOGPUResourceCreate + 236
2   IOGPU                               0x00000001c43a8138 -[IOGPUMetalResource initWithDevice:remoteStorageResource:options:args:argsSize:] + 460
3   libmachook_arm64.dylib              0x00000001052479a8 __loadImageCallback_block_invoke_19 + 100
4   IOGPU                               0x00000001c43aa5ec -[IOGPUMetalTexture initWithDevice:descriptor:iosurface:plane:field:args:argsSize:] + 824
5   AGXMetal13_3                        0x000000020ccb2f38 -[AGXTexture initWithDevice:desc:iosurface:plane:] + 288
6   libmachook_arm64.dylib              0x0000000105299f10 -[MTLFakeDevice hooked_newTextureWithDescriptor:iosurface:plane:] + 2384
7   SkyLight                            0x00000001ac4b4dec _ZN2WS8Displays9CASurface13metal_textureEPU19objcproto9MTLDevice11objc_object + 156
8   SkyLight                            0x00000001ac4b7204 _ZN2WS8Displays11SLCADisplay13render_updateERNS0_6UpdateEP10CompositorjP22WSCompositeSourceLayer + 1884
9   SkyLight                            0x00000001ac5d5920 _ZN2WS7UpdaterL14UpdateDisplaysEP13CGXConnectionb + 16600
10  SkyLight                            0x00000001ac5c7264 _ZL23update_display_callbackPvd + 1368
11  SkyLight                            0x00000001ac63b14c run_timer_pass + 504
12  SkyLight                            0x00000001ac63b258 non_coalesced_timer_handler + 24
13  SkyLight                            0x00000001ac679f60 post_port_data + 280
14  SkyLight                            0x00000001ac679bb8 CGXRunOneServicesPass + 1404
15  SkyLight                            0x00000001ac67a6c4 server_loop + 140
####   ResCreate OK type=0x82 clientID=0 +0x30=0x9f +0x38=0 +0x40=0 +0x58=0x40000 OUT[+0]=0x1500070000 OUT[+0x08]=0 OUT[+0x10]=0x10e7698c0 OUT[+0x48]=0x13bc000
####   inStruct[0..104]:
####     00: 82 00 00 00 00 00 00 00 54 09 84 06 01 00 00 00
####     10: 01 01 00 02 30 04 00 00 00 00 00 00 00 00 00 00
####     20: 00 00 00 00 00 00 00 00 00 00 00 00 00 00 00 00
####     30: 9f 00 00 00 00 00 00 00 00 00 00 00 00 00 00 00
####     40: 00 00 00 00 00 00 00 00 00 00 00 00 00 00 00 00
####     50: 00 83 88 80 03 00 00 00 00 00 04 00 00 00 00 00
####     60: 00 40 00 00 00 00 00 00
#### AGX_MAP_AUDIT #1 tex=0x12c71ac00 impl=0x12c71ae10 iosurface(arg=0x10e205a70 bound=0x10e205a70) requested=2388x1668 pf=550 plane(arg=0 bound=0) cpu130=0x128800000 gpu40=0x1500070000 descriptorOff=0x190 address=0x1500070000 descriptorLayout=3 compressed=1 extended=1 match=1
#### WSCD-MAP insert #1 dest=0x12c71b100 tex=0x12c71ac00 count=1
#### MACWS_AGX_NATIVE memoryless witness #11 instance=0x12d02b000 class=AGXG13GFamilyDevice original=0x20c9ae8a8 -> YES
#### MTL_TEX storageMode=Memoryless preserved for AGX-native descriptor=0x12c71b230
#### MTL_TEX plain MEMORYLESS: routing to native AGX path (no IOSurface — tile-memory-only) w=2388 h=1668 pf=115
#### MACWS_AGX_NATIVE memoryless witness #12 instance=0x12d02b000 class=AGXG13GFamilyDevice original=0x20c9ae8a8 -> YES
#### MTL_TEX plain MEMORYLESS native result: 0x12c71b300 (class=AGXG13GFamilyTexture storageMode=3 length=999)
#### CBRI_HOOK self=0x12c71bb20 cls=AGXG13GFamilyCommandBuffer → resourceInfo=0x118819200
####   ResCreate OK type=0 clientID=0 +0x30=0 +0x38=0 +0x40=0xff80 +0x58=0 OUT[+0]=0x15016d8000 OUT[+0x08]=0x11b774000 OUT[+0x10]=0x10e769a40 OUT[+0x48]=0x10000
####   inStruct[0..104]:
####     00: 00 00 00 00 00 00 00 00 80 ff 01 00 01 00 00 00
####     10: 01 01 00 01 30 04 00 00 00 00 00 00 00 00 00 00
####     20: 00 00 00 00 00 00 00 00 00 00 00 00 00 00 00 00
####     30: 00 00 00 00 00 00 00 00 00 00 00 00 00 00 00 00
####     40: 80 ff 00 00 00 00 00 00 00 00 00 00 00 00 00 00
####     50: 00 00 00 18 00 00 00 00 00 00 00 00 00 00 00 00
####     60: 00 00 00 00 00 00 00 00
#### WSCD-MAP consume #1 dest=0x12c71b100 tex=0x12c71ac00 count=1->0
#### AGXBuffer init-bytes ENTRY self=0x12c71c7a0 dev=0x12d02b000 bytes=0x11a800000 len=16023552 opt=16 pin=0 malloc_size=0
#### AGXBuffer init-bytes REDIRECT-iOS-NATIVE: self=0x12c71c7a0 dev=0x12d02b000 len=16023552 opt=0x10 pin=0 -> [dev newBufferWithLength:16023552 options:0x10]
#### AGXIOC type0 exact initFull length: +0x58=0 low32=0 -> +0x40=0xf48000
####   ResCreate OK type=0 clientID=0 +0x30=0x40 +0x38=0 +0x40=0xf48000 +0x58=0 OUT[+0]=0x15016f0000 OUT[+0x08]=0x129bbc000 OUT[+0x10]=0x10e769b00 OUT[+0x48]=0xf48000
####   inStruct[0..104]:
####     00: 00 00 00 00 00 00 00 00 01 00 01 00 01 00 00 00
####     10: 01 01 00 01 70 04 00 00 00 00 00 00 00 00 00 00
####     20: 00 00 00 00 00 00 00 00 00 00 00 00 00 00 00 00
####     30: 40 00 00 00 00 00 00 00 00 00 00 00 00 00 00 00
####     40: 00 80 f4 00 00 00 00 00 00 00 00 00 00 00 00 00
####     50: 00 00 00 00 00 00 00 00 00 00 00 00 00 00 00 00
####     60: 80 25 00 00 00 00 00 00
#### TRACE -[AGXBuffer initFull] self=0x12c71c900 dev=0x12d02b000 len=16023552 align=1→64 opt=16 subDis=0→0 resIn=0x16ae6e0d8 pin=0x0 -> 0x12c71c900
#### AGXBuffer init-bytes REDIRECT-iOS-NATIVE result: 0x12c71c900 class=AGXG13GFamilyBuffer len=16023552 gpuAddr=0x15016f0000 queried=YES
#### MACWS_AGX_NATIVE memoryless witness #13 instance=0x12d02b000 class=AGXG13GFamilyDevice original=0x20c9ae8a8 -> YES
#### MACWS-METAL-TARGET specialized-internal selector=newSpecializedFunctionWithDescriptor:destinationArchive:functionCache:error: name=fixed_frag_lph_cpf descriptor=0x11c043760 archive=0x0 cache=0x0 function=0x11c0453a0
#### MACWS-METAL-TARGET specialized-internal selector=newSpecializedFunctionWithDescriptor:destinationArchive:functionCache:error: name=fixed_vert_lph_spc descriptor=0x11c042420 archive=0x0 cache=0x0 function=0x11c0424a0
#### RENDER-PIPELINE #3 variant=error device=AGXG13GFamilyDevice options=0 label=com.apple.coreanimation.draw.Pb3a8Xm_TimgA2Xhfcx_Ixrg vertex=fixed_vert_lph_spc fragment=fixed_frag_lph_cpf colors=550,115,0,0 depth=0 stencil=0 samples=1 result=0x12c84e800 class=AGXG13GFamilyRenderPipeline errorDomain=(not-requested-or-nil) errorCode=0 description=(nil) userInfo=(nil)
#### AGXIOC type0 exact initFull length: +0x58=0 low32=0 -> +0x40=0x40000
####   ResCreate OK type=0 clientID=0 +0x30=0x40 +0x38=0 +0x40=0x40000 +0x58=0 OUT[+0]=0x1502640000 OUT[+0x08]=0x11d308000 OUT[+0x10]=0x10e769bc0 OUT[+0x48]=0x40000
####   inStruct[0..104]:
####     00: 00 00 00 00 00 00 00 00 01 00 01 00 01 00 00 00
####     10: 01 01 00 01 70 04 00 00 00 00 00 00 00 00 00 00
####     20: 00 00 00 00 00 00 00 00 00 00 00 00 00 00 00 00
####     30: 40 00 00 00 00 00 00 00 00 00 00 00 00 00 00 00
####     40: 00 00 04 00 00 00 00 00 00 00 00 00 00 00 00 00
####     50: 00 00 00 00 00 00 00 00 00 00 00 00 00 00 00 00
####     60: d8 9f 0a 44 02 00 00 00
#### MACWS-METAL-TARGET specialized-internal selector=newSpecializedFunctionWithDescriptor:destinationArchive:functionCache:error: name=fixed_frag_lph_cpf descriptor=0x11c6222d0 archive=0x0 cache=0x0 function=0x11c622e10
#### MACWS-METAL-TARGET specialized-internal selector=newSpecializedFunctionWithDescriptor:destinationArchive:functionCache:error: name=fixed_vert_lph_gen descriptor=0x11c6219d0 archive=0x0 cache=0x0 function=0x11c61f1a0
#### AGXBuffer init-bytes ENTRY self=0x11c042310 dev=0x12d02b000 bytes=0x10e8ec000 len=16384 opt=0 pin=0 malloc_size=0
#### AGXBuffer init-bytes REDIRECT-iOS-NATIVE: self=0x11c042310 dev=0x12d02b000 len=16384 opt=0 pin=0 -> [dev newBufferWithLength:16384 options:0]
#### AGXIOC type0 exact initFull length: +0x58=0 low32=0 -> +0x40=0x4000
####   ResCreate OK type=0 clientID=0 +0x30=0x40 +0x38=0 +0x40=0x4000 +0x58=0 OUT[+0]=0x1502688000 OUT[+0x08]=0x11d348000 OUT[+0x10]=0x10e769c80 OUT[+0x48]=0x4000
####   inStruct[0..104]:
####     00: 00 00 00 00 00 00 00 00 01 00 01 00 01 00 00 00
####     10: 01 01 00 01 70 04 00 00 00 00 00 00 00 00 00 00
####     20: 00 00 00 00 00 00 00 00 00 00 00 00 00 00 00 00
####     30: 40 00 00 00 00 00 00 00 00 00 00 00 00 00 00 00
####     40: 00 40 00 00 00 00 00 00 00 00 00 00 00 00 00 00
####     50: 00 00 00 00 00 00 00 00 00 00 00 00 00 00 00 00
####     60: 30 2a 04 1c 01 00 00 00
####   ResCreate OK type=0 clientID=0 +0x30=0 +0x38=0 +0x40=0x28000 +0x58=0 OUT[+0]=0xc0000 OUT[+0x08]=0x11d34c000 OUT[+0x10]=0x10e769d40 OUT[+0x48]=0x28000
####   inStruct[0..104]:
####     00: 00 00 00 00 00 00 00 00 01 00 01 00 01 00 00 00
####     10: 01 01 00 01 30 84 00 00 00 00 00 00 00 00 00 00
####     20: 00 00 00 00 00 00 00 00 00 00 00 00 00 00 00 00
####     30: 00 00 00 00 00 00 00 00 00 00 00 00 00 00 00 00
####     40: 00 80 02 00 00 00 00 00 00 00 00 00 00 00 00 00
####     50: 00 00 00 38 00 00 00 00 00 00 00 00 00 00 00 00
####     60: 00 00 00 00 00 00 00 00
#### AGXBuffer init-bytes REDIRECT-iOS-NATIVE result: 0x11c0459c0 class=AGXG13GFamilyBuffer len=16384 gpuAddr=0x1502688000 queried=YES
#### RENDER-PIPELINE #4 variant=error device=AGXG13GFamilyDevice options=0 label=com.apple.coreanimation.draw.Pb3a8Xm_A2Xghfc vertex=fixed_vert_lph_gen fragment=fixed_frag_lph_cpf colors=550,115,0,0 depth=0 stencil=0 samples=1 result=0x11d821000 class=AGXG13GFamilyRenderPipeline errorDomain=(not-requested-or-nil) errorCode=0 description=(nil) userInfo=(nil)
#### MACWS_AGX_NATIVE memoryless witness #14 instance=0x12d02b000 class=AGXG13GFamilyDevice original=0x20c9ae8a8 -> YES
#### AGXIOC sel=0x9 type=0x82 args+0x14=0x2430 → 0x430 (stripped macOS-only bits 0x2800)
#### AGXIOC type=0x82 patch #3: scopeID=0 scopePlane=0 f14=0x2430 +0x30 {0,0}→{0xa1,0} +0x38 {0xa1,0}→0 +0x40 0→0 +0x50 0→0x180888f00 +0x58 0x180888f00→0
#### AGX_LIFE type82 CREATE stack #3 resourceID=0x28 surf=0xa1 (16 frames):
0   libmachook_arm64.dylib              0x0000000105259458 IOConnectCallMethod_new + 9180
1   IOGPU                               0x00000001c43ae18c IOGPUResourceCreate + 236
2   IOGPU                               0x00000001c43a8138 -[IOGPUMetalResource initWithDevice:remoteStorageResource:options:args:argsSize:] + 460
3   libmachook_arm64.dylib              0x00000001052479a8 __loadImageCallback_block_invoke_19 + 100
4   IOGPU                               0x00000001c43aa5ec -[IOGPUMetalTexture initWithDevice:descriptor:iosurface:plane:field:args:argsSize:] + 824
5   AGXMetal13_3                        0x000000020ccb2f38 -[AGXTexture initWithDevice:desc:iosurface:plane:] + 288
6   libmachook_arm64.dylib              0x00000001052a0210 -[MTLFakeDevice hooked_newTextureWithDescriptor:] + 6132
7   SkyLight                            0x00000001ac6615bc _ZN17MetalTiledBacking13PrepareForUseEP12MetalContexty + 528
8   SkyLight                            0x00000001ac662e64 _ZN17MetalTiledBacking19RenderToDestinationEP12MetalContextP22WSCompositeSourceLayerP22WSCompositeDestination + 232
9   SkyLight                            0x00000001ac66a458 MetalCompositeLayers + 56
10  SkyLight                            0x00000001ac66a058 _ZN15CompositorMetal9compositeEP22WSCompositeSourceLayerP22WSCompositeDestinationbb + 348
11  SkyLight                            0x00000001ac669ed8 _ZN15CompositorMetal28CompositeLayersToDestinationEP22WSCompositeSourceLayerP22WSCompositeDestinationy + 276
12  SkyLight                            0x00000001ac4b6d8c _ZN2WS8Displays11SLCADisplay13render_updateERNS0_6UpdateEP10CompositorjP22WSCompositeSourceLayer + 740
13  SkyLight                            0x00000001ac5d5920 _ZN2WS7UpdaterL14UpdateDisplaysEP13CGXConnectionb + 16600
14  SkyLight                            0x00000001ac5c7264 _ZL23update_display_callbackPvd + 1368
15  SkyLight                            0x00000001ac63b14c run_timer_pass + 504
####   ResCreate OK type=0x82 clientID=0 +0x30=0xa1 +0x38=0 +0x40=0 +0x58=0 OUT[+0]=0x1502690000 OUT[+0x08]=0 OUT[+0x10]=0x10e769e00 OUT[+0x48]=0x4000
####   inStruct[0..104]:
####     00: 82 00 00 00 00 00 00 00 22 00 2e 00 01 00 00 00
####     10: 01 01 00 04 30 04 00 00 00 00 00 00 00 00 00 00
####     20: 00 00 00 00 00 00 00 00 00 00 00 00 00 00 00 00
####     30: a1 00 00 00 00 00 00 00 00 00 00 00 00 00 00 00
####     40: 00 00 00 00 00 00 00 00 00 00 00 00 00 00 00 00
####     50: 00 8f 88 80 01 00 00 00 00 00 00 00 00 00 00 00
####     60: 00 00 00 00 00 00 00 00
#### MTL_TEX LEASE-NEW #1 key=34x46-pf80-bpe4-fcc1111970369 entry=0x11c0462a0 surf=0x11c042fc0 tex=0x11c0418e0 retain=2 baseline=1 bpr=256 alloc=16KB shapeEntries=1 pool=0MB map=LINEAR
#### AGX_MAP_AUDIT #2 tex=0x11c0418e0 impl=0x11c043760 iosurface(arg=0x11c042fc0 bound=0x11c042fc0) requested=34x46 pf=80 plane(arg=0 bound=0) cpu130=0x11d374000 gpu40=0x1502690000 descriptorOff=0x190 address=0x1502690000 descriptorLayout=0 compressed=0 extended=0 match=1
#### CBRI_HOOK self=0x12c71bb20 cls=AGXG13GFamilyCommandBuffer → resourceInfo=0x118819200
####   ResCreate OK type=0 clientID=0 +0x30=0 +0x38=0 +0x40=0x8000 +0x58=0 OUT[+0]=0x11000f0000 OUT[+0x08]=0x11d378000 OUT[+0x10]=0x10e769ec0 OUT[+0x48]=0x8000
####   inStruct[0..104]:
####     00: 00 00 00 00 00 00 00 00 00 80 01 00 01 00 00 00
####     10: 01 01 00 01 30 84 00 00 00 00 00 00 00 00 00 00
####     20: 00 00 00 00 00 00 00 00 00 00 00 00 00 00 00 00
####     30: 00 00 00 00 00 00 00 00 00 00 00 00 00 00 00 00
####     40: 00 80 00 00 00 00 00 00 00 00 00 00 00 00 00 00
####     50: 00 00 00 28 00 00 00 00 00 00 00 00 00 00 00 00
####     60: 00 00 00 00 00 00 00 00
####   ResCreate OK type=0 clientID=0 +0x30=0 +0x38=0 +0x40=0x8000 +0x58=0 OUT[+0]=0x1502698000 OUT[+0x08]=0x11d380000 OUT[+0x10]=0x10e769f80 OUT[+0x48]=0x8000
####   inStruct[0..104]:
####     00: 00 00 00 00 00 00 00 00 00 80 01 00 01 00 00 00
####     10: 01 01 00 01 30 04 00 00 00 00 00 00 00 00 00 00
####     20: 00 00 00 00 00 00 00 00 00 00 00 00 00 00 00 00
####     30: 00 00 00 00 00 00 00 00 00 00 00 00 00 00 00 00
####     40: 00 80 00 00 00 00 00 00 00 00 00 00 00 00 00 00
####     50: 00 00 00 08 00 00 00 00 00 00 00 00 00 00 00 00
####     60: 00 00 00 00 00 00 00 00
#### RENDER-PIPELINE #5 variant=error device=AGXG13GFamilyDevice options=0 label=(nil) vertex=UberCompositeVertex fragment=UberCompositeFragment colors=550,115,0,0 depth=0 stencil=0 samples=1 result=0x12c857400 class=AGXG13GFamilyRenderPipeline errorDomain=(not-requested-or-nil) errorCode=0 description=(nil) userInfo=(nil)
#### RENDER-PIPELINE #6 variant=error device=AGXG13GFamilyDevice options=0 label=(nil) vertex=UberCompositeVertex fragment=UberCompositeFragment colors=550,115,0,0 depth=0 stencil=0 samples=1 result=0x12c85a400 class=AGXG13GFamilyRenderPipeline errorDomain=(not-requested-or-nil) errorCode=0 description=(nil) userInfo=(nil)
#### CBRI_HOOK self=0x12c71bb20 cls=AGXG13GFamilyCommandBuffer → resourceInfo=0x118819200
####   ResCreate OK type=0 clientID=0 +0x30=0 +0x38=0 +0x40=0xff80 +0x58=0 OUT[+0]=0x15026a8000 OUT[+0x08]=0x11d388000 OUT[+0x10]=0x10e76a040 OUT[+0x48]=0x10000
####   inStruct[0..104]:
####     00: 00 00 00 00 00 00 00 00 80 ff 01 00 01 00 00 00
####     10: 01 01 00 01 30 04 00 00 00 00 00 00 00 00 00 00
####     20: 00 00 00 00 00 00 00 00 00 00 00 00 00 00 00 00
####     30: 00 00 00 00 00 00 00 00 00 00 00 00 00 00 00 00
####     40: 80 ff 00 00 00 00 00 00 00 00 00 00 00 00 00 00
####     50: 00 00 00 18 00 00 00 00 00 00 00 00 00 00 00 00
####     60: 00 00 00 00 00 00 00 00
#### AGXIOC type0 exact initFull length: +0x58=0 low32=0 -> +0x40=0x40000
####   ResCreate OK type=0 clientID=0 +0x30=0x40 +0x38=0 +0x40=0x40000 +0x58=0 OUT[+0]=0x15026c0000 OUT[+0x08]=0x11d398000 OUT[+0x10]=0x10e76a100 OUT[+0x48]=0x40000
####   inStruct[0..104]:
####     00: 00 00 00 00 00 00 00 00 01 00 01 00 01 00 00 00
####     10: 01 01 00 01 70 04 00 00 00 00 00 00 00 00 00 00
####     20: 00 00 00 00 00 00 00 00 00 00 00 00 00 00 00 00
####     30: 40 00 00 00 00 00 00 00 00 00 00 00 00 00 00 00
####     40: 00 00 04 00 00 00 00 00 00 00 00 00 00 00 00 00
####     50: 00 00 00 00 00 00 00 00 00 00 00 00 00 00 00 00
####     60: 90 00 00 00 00 00 00 00
#### AGX_SUBMIT_DIAG #2 TEMP-KCMD-SEGMENT-LIST-FIX segment=2/3 subtype=1 range=0xa68..0x12c0->0x12a0 shrink=0x20 storage=0x12a0 wrappedTail=NO
#### AGX_SUBMIT_DIAG #2 TEMP-KCMD-SEGMENT-LIST-FIX segment=1/3 subtype=3 range=0x858..0xa68->0xa58 shrink=0x10 storage=0x1290 wrappedTail=NO
#### AGX_SUBMIT_DIAG #2 TEMP-KCMD-SEGMENT-LIST-FIX segment=0/3 subtype=1 range=0..0x858->0x838 shrink=0x20 storage=0x1270 wrappedTail=NO
#### AGXIOC Method sel=0x1e->0x1a inCnt=4 inSC=56 outSC=0 -> 0x0
#### COEXIST API SwapCancel #1: fb=0x12d009200 swapID=807451 -> 0 (SwapEnd tail skipped)
#### IOMFB CANCEL-COMPLETION schedule #1 swapID=807451 client=8975 fb=0x12d009200
#### COEXIST completion pace #1: interval=0 us slept=0 us pre-lock=YES before swapID=807451
#### AGX_LIFE DESTROY id=0x21 type=0x82 surf=0x9f bytes=0x13bc000 kr=0 okC=45 failC=0 okD=2 failD=0 unmatchedD=0 full=0 live=43/38MB [t0=41/19MB t80=0/0MB t82=2/19MB]
#### AGXBuffer init-bytes ENTRY self=0x11c045d30 dev=0x12d02b000 bytes=0x10ed38000 len=262144 opt=0 pin=0 malloc_size=0
#### AGXBuffer init-bytes REDIRECT-iOS-NATIVE: self=0x11c045d30 dev=0x12d02b000 len=262144 opt=0 pin=0 -> [dev newBufferWithLength:262144 options:0]
#### AGXIOC type0 exact initFull length: +0x58=0 low32=0 -> +0x40=0x40000
####   ResCreate OK type=0 clientID=0 +0x30=0x40 +0x38=0 +0x40=0x40000 +0x58=0 OUT[+0]=0x1502cd8000 OUT[+0x08]=0x11d7ac000 OUT[+0x10]=0x10e7698c0 OUT[+0x48]=0x40000
####   inStruct[0..104]:
####     00: 00 00 00 00 00 00 00 00 01 00 01 00 01 00 00 00
####     10: 01 01 00 01 70 04 00 00 00 00 00 00 00 00 00 00
####     20: 00 00 00 00 00 00 00 00 00 00 00 00 00 00 00 00
####     30: 40 00 00 00 00 00 00 00 00 00 00 00 00 00 00 00
####     40: 00 00 04 00 00 00 00 00 00 00 00 00 00 00 00 00
####     50: 00 00 00 00 00 00 00 00 00 00 00 00 00 00 00 00
####     60: 50 46 72 2c 01 00 00 00
#### AGXBuffer init-bytes REDIRECT-iOS-NATIVE result: 0x11c0491b0 class=AGXG13GFamilyBuffer len=262144 gpuAddr=0x1502cd8000 queried=YES
#### MACWS_AGX_NATIVE memoryless witness #15 instance=0x12d02b000 class=AGXG13GFamilyDevice original=0x20c9ae8a8 -> YES
#### AGXIOC sel=0x9 type=0x82 args+0x14=0x2430 → 0x430 (stripped macOS-only bits 0x2800)
#### AGXIOC type=0x82 patch #4: scopeID=0 scopePlane=0 f14=0x2430 +0x30 {0,0}→{0xa2,0} +0x38 {0xa2,0}→0 +0x40 0→0 +0x50 0→0x180888f00 +0x58 0x180888f00→0
#### AGX_LIFE type82 CREATE stack #4 resourceID=0x2d surf=0xa2 (15 frames):
0   libmachook_arm64.dylib              0x0000000105259458 IOConnectCallMethod_new + 9180
1   IOGPU                               0x00000001c43ae18c IOGPUResourceCreate + 236
2   IOGPU                               0x00000001c43a8138 -[IOGPUMetalResource initWithDevice:remoteStorageResource:options:args:argsSize:] + 460
3   libmachook_arm64.dylib              0x00000001052479a8 __loadImageCallback_block_invoke_19 + 100
4   IOGPU                               0x00000001c43aa5ec -[IOGPUMetalTexture initWithDevice:descriptor:iosurface:plane:field:args:argsSize:] + 824
5   AGXMetal13_3                        0x000000020ccb2f38 -[AGXTexture initWithDevice:desc:iosurface:plane:] + 288
6   libmachook_arm64.dylib              0x00000001052a0210 -[MTLFakeDevice hooked_newTextureWithDescriptor:] + 6132
7   SkyLight                            0x00000001ac38e114 _ZN2WS11SurfacePool7AcquireEjj14MTLPixelFormatmybb + 920
8   SkyLight                            0x00000001ac38aa7c _ZL29desktop_window_effects_updateP9CGXWindowb + 804
9   SkyLight                            0x00000001ac63b14c run_timer_pass + 504
10  SkyLight                            0x00000001ac679738 CGXRunOneServicesPass + 252
11  SkyLight                            0x00000001ac67a6c4 server_loop + 140
12  SkyLight                            0x00000001ac67a504 SLXServer + 1332
13  WindowServer                        0x0000000104f7f3bc WindowServer + 13244
14  dyld                                0x00000001a72fff28 start + 2236
####   ResCreate OK type=0x82 clientID=0 +0x30=0xa2 +0x38=0 +0x40=0 +0x58=0 OUT[+0]=0x1502d20000 OUT[+0x08]=0 OUT[+0x10]=0x10e76a580 OUT[+0x48]=0x460000
####   inStruct[0..104]:
####     00: 82 00 00 00 00 00 00 00 00 05 80 03 01 00 00 00
####     10: 01 01 00 04 30 04 00 00 00 00 00 00 00 00 00 00
####     20: 00 00 00 00 00 00 00 00 00 00 00 00 00 00 00 00
####     30: a2 00 00 00 00 00 00 00 00 00 00 00 00 00 00 00
####     40: 00 00 00 00 00 00 00 00 00 00 00 00 00 00 00 00
####     50: 00 8f 88 80 01 00 00 00 00 00 00 00 00 00 00 00
####     60: 00 00 00 00 00 00 00 00
#### MTL_TEX LEASE-NEW #2 key=1280x896-pf70-bpe4-fcc1380401729 entry=0x11c049460 surf=0x11c048350 tex=0x11c0074b0 retain=2 baseline=1 bpr=5120 alloc=4480KB shapeEntries=1 pool=4MB map=LINEAR
#### AGX_MAP_AUDIT #3 tex=0x11c0074b0 impl=0x11c0484c0 iosurface(arg=0x11c048350 bound=0x11c048350) requested=1280x896 pf=70 plane(arg=0 bound=0) cpu130=0x11fb40000 gpu40=0x1502d20000 descriptorOff=0x190 address=0x1502d20000 descriptorLayout=0 compressed=0 extended=0 match=1
#### MACWS_AGX_NATIVE memoryless witness #16 instance=0x12d02b000 class=AGXG13GFamilyDevice original=0x20c9ae8a8 -> YES
#### AGXIOC type=0x82 patch #5: scopeID=0 scopePlane=0 f14=0x2430 +0x30 {0,0}→{0xa4,0} +0x38 {0xa4,0}→0 +0x40 0→0 +0x50 0→0x180888f00 +0x58 0x180888f00→0
####   ResCreate OK type=0x82 clientID=0 +0x30=0xa4 +0x38=0 +0x40=0 +0x58=0 OUT[+0]=0x1503188000 OUT[+0x08]=0 OUT[+0x10]=0x10e76a640 OUT[+0x48]=0x20000
####   inStruct[0..104]:
####     00: 82 00 00 00 00 00 00 00 00 01 80 00 01 00 00 00
####     10: 01 01 00 04 30 04 00 00 00 00 00 00 00 00 00 00
####     20: 00 00 00 00 00 00 00 00 00 00 00 00 00 00 00 00
####     30: a4 00 00 00 00 00 00 00 00 00 00 00 00 00 00 00
####     40: 00 00 00 00 00 00 00 00 00 00 00 00 00 00 00 00
####     50: 00 8f 88 80 01 00 00 00 00 00 00 00 00 00 00 00
####     60: 00 00 00 00 00 00 00 00
#### MTL_TEX LEASE-NEW #3 key=256x128-pf70-bpe4-fcc1380401729 entry=0x11c046220 surf=0x11c047960 tex=0x11c049d00 retain=2 baseline=1 bpr=1024 alloc=128KB shapeEntries=1 pool=4MB map=LINEAR
#### AGX_MAP_AUDIT #4 tex=0x11c049d00 impl=0x11c049fe0 iosurface(arg=0x11c047960 bound=0x11c047960) requested=256x128 pf=70 plane(arg=0 bound=0) cpu130=0x11ffa0000 gpu40=0x1503188000 descriptorOff=0x190 address=0x1503188000 descriptorLayout=0 compressed=0 extended=0 match=1
#### AGXIOC type=0x82 patch #6: scopeID=0 scopePlane=0 f14=0x2430 +0x30 {0,0}→{0xa5,0} +0x38 {0xa5,0}→0 +0x40 0→0 +0x50 0→0x180888f00 +0x58 0x180888f00→0
#### MTL_TEX LEASE-NEW #4 key=256x128-pf125-bpe16-fcc1380410945 entry=0x11c0489a0 surf=0x11c0489c0 tex=0x11c04a600 retain=2 baseline=1 bpr=4096 alloc=512KB shapeEntries=1 pool=5MB map=LINEAR
#### AGX_MAP_AUDIT #5 tex=0x11c04a600 impl=0x11c04aae0 iosurface(arg=0x11c0489c0 bound=0x11c0489c0) requested=256x128 pf=125 plane(arg=0 bound=0) cpu130=0x12ab04000 gpu40=0x15031b0000 descriptorOff=0x190 address=0x15031b0000 descriptorLayout=0 compressed=0 extended=0 match=1
#### WSCD-MAP insert #2 dest=0x11c04b0a0 tex=0x11c0074b0 count=1
#### MTL_TEX plain MEMORYLESS: routing to native AGX path (no IOSurface — tile-memory-only) w=1280 h=896 pf=115
#### MTL_TEX plain MEMORYLESS native result: 0x11c04bf80 (class=AGXG13GFamilyTexture storageMode=3 length=999)
#### WSCD-MAP consume #2 dest=0x11c04b0a0 tex=0x11c0074b0 count=1->0
#### CBRI_HOOK self=0x11c04dea0 cls=AGXG13GFamilyCommandBuffer → resourceInfo=0x12c867000
#### MACWS-METAL-TARGET specialized-internal selector=newSpecializedFunctionWithDescriptor:destinationArchive:functionCache:error: name=fixed_frag_lph_cpf descriptor=0x11c051d70 archive=0x0 cache=0x0 function=0x11c0535c0
#### RENDER-PIPELINE #7 variant=error device=AGXG13GFamilyDevice options=0 label=com.apple.coreanimation.draw.PRGBAXm_TimgA2Xhfc_Ixrg vertex=fixed_vert_lph_spc fragment=fixed_frag_lph_cpf colors=70,115,0,0 depth=0 stencil=0 samples=1 result=0x12c869200 class=AGXG13GFamilyRenderPipeline errorDomain=(not-requested-or-nil) errorCode=0 description=(nil) userInfo=(nil)
#### AGX_SUBMIT_DIAG #3 subtype1-predicate scalar0=0x1 legacy-scalar-gate=1 total=0x858/1 seglen=0x130/1 seghdr=1 cmdtotal=1 d8=1 pad1=1 f1=1 sent1=1 pad2=1 f2=1 sent2=1
#### RENDER-PIPELINE #8 variant=error device=AGXG13GFamilyDevice options=0 label=com.apple.coreanimation.draw.PRGBAXm_A2Xghfc vertex=fixed_vert_lph_gen fragment=fixed_frag_lph_cpf colors=70,115,0,0 depth=0 stencil=0 samples=1 result=0x11d825200 class=AGXG13GFamilyRenderPipeline errorDomain=(not-requested-or-nil) errorCode=0 description=(nil) userInfo=(nil)
#### AGX_SUBMIT_DIAG #3 descriptor[0] KCMD-type1-observed saved=0x858/0x858 path=/tmp/macws_submit_kcmd_3_0_type1-observed.bin errno=0
#### AGX_SUBMIT_DIAG #3 descriptor[0] segment saved=0x130/0x130 path=/tmp/macws_submit_segment_3_0.bin errno=0
#### AGX_SUBMIT_DIAG #3 TEMP-KCMD-ABI-FIX subtype1-clear pads=0x1c0,0x4c0 total=0x858->0x838 size=0x7e8->0x7c8 end=0x818->0x7f8 segment-span=0x838
#### AGXIOC Method sel=0x1e->0x1a inCnt=4 inSC=56 outSC=0 -> 0x0
#### WSCD-MAP insert #3 dest=0x11c04b0a0 tex=0x11c049d00 count=1
#### MTL_TEX plain MEMORYLESS: routing to native AGX path (no IOSurface — tile-memory-only) w=256 h=128 pf=115
#### MTL_TEX plain MEMORYLESS native result: 0x11c04f560 (class=AGXG13GFamilyTexture storageMode=3 length=999)
#### WSCD-MAP consume #3 dest=0x11c04b0a0 tex=0x11c049d00 count=1->0
#### MACWS-METAL-TARGET library=0x12c71def0 path=/usr/local/share/macws/skylight/SkyLightShaders-desktop-effects-macabi.metallib error=(nil)
#### MACWS-METAL-TARGET base-function selector=newFunctionWithName: name=SimpleVertex function=0x12c71df30
#### MACWS-METAL-TARGET base-function selector=newFunctionWithName: name=SimpleTextureFragment function=0x12c71e0d0
#### RENDER-PIPELINE #9 variant=error device=AGXG13GFamilyDevice options=0 label=(nil) vertex=SimpleVertex fragment=SimpleTextureFragment colors=70,115,0,0 depth=0 stencil=0 samples=1 result=0x12d030a00 class=AGXG13GFamilyRenderPipeline errorDomain=(not-requested-or-nil) errorCode=0 description=(nil) userInfo=(nil)
#### CBRI_HOOK self=0x12c71e2f0 cls=AGXG13GFamilyCommandBuffer → resourceInfo=0x12c867000
#### AGX_SUBMIT_DIAG #4 subtype1-predicate scalar0=0x1 legacy-scalar-gate=1 total=0x858/1 seglen=0x130/1 seghdr=1 cmdtotal=1 d8=1 pad1=1 f1=1 sent1=1 pad2=1 f2=1 sent2=1
#### AGX_SUBMIT_DIAG #4 descriptor[0] KCMD-type1-observed saved=0x858/0x858 path=/tmp/macws_submit_kcmd_4_0_type1-observed.bin errno=0
#### AGX_SUBMIT_DIAG #4 descriptor[0] segment saved=0x130/0x130 path=/tmp/macws_submit_segment_4_0.bin errno=0
#### AGX_SUBMIT_DIAG #4 TEMP-KCMD-ABI-FIX subtype1-clear pads=0x1c0,0x4c0 total=0x858->0x838 size=0x7e8->0x7c8 end=0x818->0x7f8 segment-span=0x838
#### AGXIOC Method sel=0x1e->0x1a inCnt=4 inSC=56 outSC=0 -> 0x0
#### AGXIOC Method sel=0xf->0xd inCnt=2 inSC=0 outSC=16 -> 0x0
#### AGXIOC Method sel=0xf->0xd inCnt=2 inSC=0 outSC=16 -> 0x0
#### CBRI_HOOK self=0x12c71e620 cls=AGXG13GFamilyCommandBuffer → resourceInfo=0x12d03f400
#### MACWS-METAL-TARGET library=0x12c76be40 path=/usr/local/share/macws/mpsimage/default-desktop-effects-macabi.metallib error=(nil)
#### MACWS-METAL-TARGET base-function selector=newFunctionWithName: name=sum_rgba_columns function=0x12c76be80
#### MACWS-METAL-TARGET base-function selector=newFunctionWithName: name=sum_rgba_rows function=0x12c76cc10
#### CBRI_HOOK self=0x12c71e620 cls=AGXG13GFamilyCommandBuffer → resourceInfo=0x12d03f400
#### AGX_SUBMIT_DIAG #5 TEMP-KCMD-SEGMENT-LIST-FIX segment=1/2 subtype=3 range=0x228..0x438->0x428 shrink=0x10 storage=0x428 wrappedTail=NO
#### AGXIOC Method sel=0x1e->0x1a inCnt=4 inSC=56 outSC=0 -> 0x0
#### IOGPU-ERROR-GETTER observation=3 commandBuffer=0x12c71e620 class=AGXG13GFamilyCommandBuffer submitSerial=0 fixed=0 domain=MTLCommandBufferErrorDomain code=1 description=Internal Error (00000103:Internal Error)
#### IOGPU-ERROR-GETTER observation=4 commandBuffer=0x12c71e620 class=AGXG13GFamilyCommandBuffer submitSerial=0 fixed=0 domain=MTLCommandBufferErrorDomain code=1 description=Internal Error (00000103:Internal Error)
Error: command buffer exited with error status.
	The Metal Performance Shaders operations encoded on it may not have completed.
	Error:
	(null)
	Internal Error (00000103:Internal Error)
	<AGXG13GFamilyCommandBuffer: 0x12c71e620>
    label = <none>
    device = <AGXG13GFamilyDevice: 0x12d02b000>
        name = Apple M1
    commandQueue = <AGXG13GFamilyCommandQueue: 0x12d017e00>
        label = com.apple.SkyLight
        device = <AGXG13GFamilyDevice: 0x12d02b000>
            name = Apple M1
    retainedReferences = 1
#### AGXIOC Method sel=0xd->0xc inCnt=2 inSC=0 outSC=0 -> 0x0
#### AGX_LIFE DESTROY id=0x21 type=0 surf=0 bytes=0x40000 kr=0 okC=54 failC=0 okD=3 failD=0 unmatchedD=0 full=0 live=51/46MB [t0=46/21MB t80=0/0MB t82=5/24MB]
#### IOMFB CANCEL-COMPLETION delivered #1 swapID=807451 client=8975 requested=3703752870770 presentation=3703755099065 delta=2228295 pending=0->0
#### COEXIST pre-lock completion pace #2: interval=100000 us slept=0 us server=0x11d0040d0
#### IOSURFACE-COMPAT bytesPerRow plane=0 original=16390144 property=153600 recovery=5
#### IOSURFACE-COMPAT bytesPerRow plane=1 original=4294144 property=38400 recovery=6
#### MTL_TEX entry self class=AGXG13GFamilyDevice
#### MTL_TEX TLS set iosurface=0x12c71ec20 id=0xa6 plane=0 compressionHeaderSpan=0x40000 (thread=0x202655e00 addr=0x0)
#### IOSURFACE-COMPAT compression plane=0 original=0 property=3 recovery=3
#### IOSURFACE-COMPAT bytesPerRow plane=0 original=16390144 property=153600 recovery=7
#### IOSURFACE-COMPAT addressFormat plane=0 original=0 property=5 recovery=3
#### AGXIOC type=0x82 patch #7: scopeID=0xa6 scopePlane=0 f14=0x430 +0x30 {0,0}→{0xa6,0} +0x38 {0xa6,0}→0 +0x40 0→0 +0x50 0→0x380888300 +0x58 0x380888300→0x40000
#### AGX_MAP_AUDIT #6 tex=0x12c772230 impl=0x12c771f20 iosurface(arg=0x12c71ec20 bound=0x12c71ec20) requested=2388x1668 pf=550 plane(arg=0 bound=0) cpu130=0x12ae6c000 gpu40=0x15034a8000 descriptorOff=0x190 address=0x15034a8000 descriptorLayout=3 compressed=1 extended=1 match=1
#### MTL_TEX plain MEMORYLESS native result: 0x12c7727a0 (class=AGXG13GFamilyTexture storageMode=3 length=999)
#### CBRI_HOOK self=0x12c772bc0 cls=AGXG13GFamilyCommandBuffer → resourceInfo=0x12d03f400
#### AGX_SUBMIT_DIAG #6 TEMP-KCMD-WRAPPED-FIX match=2 type9=0x10 subtype1@0x10 span=0x858->0x838 range=0x10..0x868->0x848 storage=0x868->0x848 flatten=iOS-direct final=0x820
#### AGXIOC Method sel=0x1e->0x1a inCnt=4 inSC=56 outSC=0 -> 0x0
#### IOGPU-ERROR-GETTER observation=5 commandBuffer=0x12c772bc0 class=AGXG13GFamilyCommandBuffer submitSerial=0 fixed=0 domain=MTLCommandBufferErrorDomain code=1 description=Internal Error (00000100:Internal Error)
#### IOGPU-ERROR-GETTER observation=6 commandBuffer=0x12c772bc0 class=AGXG13GFamilyCommandBuffer submitSerial=0 fixed=0 domain=MTLCommandBufferErrorDomain code=1 description=Internal Error (00000100:Internal Error)
#### AGX_LIFE DESTROY id=0x35 type=0 surf=0 bytes=0x40000 kr=0 okC=56 failC=0 okD=4 failD=0 unmatchedD=0 full=0 live=52/66MB [t0=46/21MB t80=0/0MB t82=6/44MB]
#### MTL_TEX TLS set iosurface=0x12c71ec20 id=0xa6 plane=0 compressionHeaderSpan=0x40000 (thread=0x202655e00 addr=0x0)
#### IOSURFACE-COMPAT compression plane=0 original=0 property=3 recovery=4
#### IOSURFACE-COMPAT bytesPerRow plane=0 original=16390144 property=153600 recovery=8
#### IOSURFACE-COMPAT addressFormat plane=0 original=0 property=5 recovery=4
#### TRACE -[AGXBuffer initUntracked] self=0x11c092ad0 dev=0x12d02b000 len=768 opt=0 -> 0x11c092ad0
#### AGX_LIFE DESTROY id=0x3 type=0 surf=0 bytes=0x4000 kr=0 okC=57 failC=0 okD=5 failD=0 unmatchedD=0 full=0 live=52/66MB [t0=46/21MB t80=0/0MB t82=6/44MB]
#### TRACE -[AGXBuffer initUntracked] self=0x11c097d00 dev=0x12d02b000 len=768 opt=0 -> 0x11c097d00
#### AGX_LIFE DESTROY id=0x4 type=0 surf=0 bytes=0x4000 kr=0 okC=58 failC=0 okD=6 failD=0 unmatchedD=0 full=0 live=52/66MB [t0=46/21MB t80=0/0MB t82=6/44MB]
#### TRACE -[AGXBuffer initUntracked] self=0x11c097ee0 dev=0x12d02b000 len=128 opt=0 -> 0x11c097ee0
#### AGX_LIFE DESTROY id=0x5 type=0 surf=0 bytes=0x4000 kr=0 okC=59 failC=0 okD=7 failD=0 unmatchedD=0 full=0 live=52/66MB [t0=46/21MB t80=0/0MB t82=6/44MB]
#### AGXIOC type=0x82 patch #8: scopeID=0xa6 scopePlane=0 f14=0x430 +0x30 {0,0}→{0xa6,0} +0x38 {0xa6,0}→0 +0x40 0→0 +0x50 0→0x380888300 +0x58 0x380888300→0x40000
#### AGX_MAP_AUDIT #7 tex=0x11c097860 impl=0x11c097a70 iosurface(arg=0x12c71ec20 bound=0x12c71ec20) requested=2388x1668 pf=550 plane(arg=0 bound=0) cpu130=0x12ae6c000 gpu40=0x15034a8000 descriptorOff=0x190 address=0x15034a8000 descriptorLayout=3 compressed=1 extended=1 match=1
#### WSCD-MAP insert #4 dest=0x11c0981c0 tex=0x11c097860 count=1
#### CBRI_HOOK self=0x11c098a50 cls=AGXG13GFamilyCommandBuffer → resourceInfo=0x12c863c00
#### WSCD-MAP consume #4 dest=0x11c0981c0 tex=0x11c097860 count=1->0
#### AGX_SUBMIT_DIAG #7 subtype1-predicate scalar0=0x1 legacy-scalar-gate=1 total=0x858/1 seglen=0x170/1 seghdr=1 cmdtotal=1 d8=1 pad1=1 f1=1 sent1=1 pad2=1 f2=1 sent2=1
#### AGX_SUBMIT_DIAG #7 descriptor[0] KCMD-type1-observed saved=0x858/0x858 path=/tmp/macws_submit_kcmd_7_0_type1-observed.bin errno=0
#### AGX_SUBMIT_DIAG #7 descriptor[0] segment saved=0x170/0x170 path=/tmp/macws_submit_segment_7_0.bin errno=0
#### AGX_SUBMIT_DIAG #7 TEMP-KCMD-ABI-FIX subtype1-clear pads=0x1c0,0x4c0 total=0x858->0x838 size=0x7e8->0x7c8 end=0x818->0x7f8 segment-span=0x838
#### AGXIOC Method sel=0x1e->0x1a inCnt=4 inSC=56 outSC=0 -> 0x0
#### COEXIST API SwapCancel #2: fb=0x12d009200 swapID=807453 -> 0 (SwapEnd tail skipped)
#### IOMFB CANCEL-COMPLETION schedule #2 swapID=807453 client=8975 fb=0x12d009200
#### COEXIST completion pace #2: interval=0 us slept=0 us pre-lock=YES before swapID=807453
#### AGX_LIFE DESTROY id=0x5 type=0x82 surf=0xa6 bytes=0x13bc000 kr=0 okC=60 failC=0 okD=8 failD=0 unmatchedD=0 full=0 live=52/66MB [t0=46/21MB t80=0/0MB t82=6/44MB]
#### IOMFB CANCEL-COMPLETION delivered #2 swapID=807453 client=8975 requested=3703755179023 presentation=3703755191482 delta=92417 pending=1->0
#### COEXIST pre-lock completion pace #3: interval=100000 us slept=94015 us server=0x11d0040d0
#### IOSURFACE-COMPAT bytesPerRow plane=0 original=16390144 property=153600 recovery=9
#### IOSURFACE-COMPAT bytesPerRow plane=1 original=4294144 property=38400 recovery=10
#### MTL_TEX TLS set iosurface=0x11c08fc90 id=0xa7 plane=0 compressionHeaderSpan=0x40000 (thread=0x202655e00 addr=0x0)
#### IOSURFACE-COMPAT compression plane=0 original=0 property=3 recovery=5
#### IOSURFACE-COMPAT bytesPerRow plane=0 original=16390144 property=153600 recovery=11
#### IOSURFACE-COMPAT addressFormat plane=0 original=0 property=5 recovery=5
#### AGXIOC type=0x82 patch #9: scopeID=0xa7 scopePlane=0 f14=0x430 +0x30 {0,0}→{0xa7,0} +0x38 {0xa7,0}→0 +0x40 0→0 +0x50 0→0x380888300 +0x58 0x380888300→0x40000
#### AGX_MAP_AUDIT #8 tex=0x11c096a80 impl=0x11c096e80 iosurface(arg=0x11c08fc90 bound=0x11c08fc90) requested=2388x1668 pf=550 plane(arg=0 bound=0) cpu130=0x12d800000 gpu40=0x1504868000 descriptorOff=0x190 address=0x1504868000 descriptorLayout=3 compressed=1 extended=1 match=1
#### AGX_SUBMIT_DIAG #8 TEMP-KCMD-WRAPPED-FIX match=3 type9=0x10 subtype1@0x10 span=0x858->0x838 range=0x10..0x868->0x848 storage=0x868->0x848 flatten=iOS-direct final=0x820
#### AGXIOC Method sel=0x1e->0x1a inCnt=4 inSC=56 outSC=0 -> 0x0
#### IOGPU-ERROR-GETTER observation=7 commandBuffer=0x11c095cc0 class=AGXG13GFamilyCommandBuffer submitSerial=0 fixed=0 domain=MTLCommandBufferErrorDomain code=1 description=Internal Error (00000100:Internal Error)
#### IOGPU-ERROR-GETTER observation=8 commandBuffer=0x11c095cc0 class=AGXG13GFamilyCommandBuffer submitSerial=0 fixed=0 domain=MTLCommandBufferErrorDomain code=1 description=Internal Error (00000100:Internal Error)
#### AGX_LIFE DESTROY id=0x36 type=0 surf=0 bytes=0x40000 kr=0 okC=62 failC=0 okD=9 failD=0 unmatchedD=0 full=0 live=53/85MB [t0=46/21MB t80=0/0MB t82=7/64MB]
#### MTL_TEX TLS set iosurface=0x11c08fc90 id=0xa7 plane=0 compressionHeaderSpan=0x40000 (thread=0x202655e00 addr=0x0)
#### IOSURFACE-COMPAT compression plane=0 original=0 property=3 recovery=6
#### IOSURFACE-COMPAT bytesPerRow plane=0 original=16390144 property=153600 recovery=12
#### IOSURFACE-COMPAT addressFormat plane=0 original=0 property=5 recovery=6
#### AGXIOC type=0x82 patch #10: scopeID=0xa7 scopePlane=0 f14=0x430 +0x30 {0,0}→{0xa7,0} +0x38 {0xa7,0}→0 +0x40 0→0 +0x50 0→0x380888300 +0x58 0x380888300→0x40000
#### AGX_MAP_AUDIT #9 tex=0x12c72cc50 impl=0x12c71f330 iosurface(arg=0x11c08fc90 bound=0x11c08fc90) requested=2388x1668 pf=550 plane(arg=0 bound=0) cpu130=0x12d800000 gpu40=0x1504868000 descriptorOff=0x190 address=0x1504868000 descriptorLayout=3 compressed=1 extended=1 match=1
#### WSCD-MAP insert #5 dest=0x12c72cab0 tex=0x12c72cc50 count=1
#### WSCD-MAP consume #5 dest=0x12c72cab0 tex=0x12c72cc50 count=1->0
#### AGX_SUBMIT_DIAG #9 subtype1-predicate scalar0=0x1 legacy-scalar-gate=1 total=0x858/1 seglen=0x170/1 seghdr=1 cmdtotal=1 d8=1 pad1=1 f1=1 sent1=1 pad2=1 f2=1 sent2=1
#### AGX_SUBMIT_DIAG #9 descriptor[0] KCMD-type1-observed saved=0x858/0x858 path=/tmp/macws_submit_kcmd_9_0_type1-observed.bin errno=0
#### AGX_SUBMIT_DIAG #9 descriptor[0] segment saved=0x170/0x170 path=/tmp/macws_submit_segment_9_0.bin errno=0
#### AGX_SUBMIT_DIAG #9 TEMP-KCMD-ABI-FIX subtype1-clear pads=0x1c0,0x4c0 total=0x858->0x838 size=0x7e8->0x7c8 end=0x818->0x7f8 segment-span=0x838
#### COEXIST API SwapCancel #3: fb=0x12d009200 swapID=807455 -> 0 (SwapEnd tail skipped)
#### IOMFB CANCEL-COMPLETION schedule #3 swapID=807455 client=8975 fb=0x12d009200
#### COEXIST completion pace #3: interval=0 us slept=0 us pre-lock=YES before swapID=807455
#### AGX_LIFE DESTROY id=0xe type=0x82 surf=0x9f bytes=0x13bc000 kr=0 okC=64 failC=0 okD=10 failD=0 unmatchedD=0 full=0 live=54/86MB [t0=47/21MB t80=0/0MB t82=7/64MB]
#### IOMFB CANCEL-COMPLETION delivered #3 swapID=807455 client=8975 requested=3703757651155 presentation=3703757659479 delta=2467997 pending=1->0
#### AGX_LIFE DESTROY id=0x36 type=0x82 surf=0xa7 bytes=0x13bc000 kr=0 okC=64 failC=0 okD=11 failD=0 unmatchedD=0 full=0 live=53/66MB [t0=47/21MB t80=0/0MB t82=6/44MB]
#### COEXIST pre-lock completion pace #4: interval=100000 us slept=95017 us server=0x11d0040d0
#### IOSURFACE-COMPAT bytesPerRow plane=0 original=16390144 property=153600 recovery=13
#### IOSURFACE-COMPAT bytesPerRow plane=1 original=4294144 property=38400 recovery=14
#### MTL_TEX TLS set iosurface=0x12c717830 id=0xa8 plane=0 compressionHeaderSpan=0x40000 (thread=0x202655e00 addr=0x0)
#### IOSURFACE-COMPAT compression plane=0 original=0 property=3 recovery=7
#### IOSURFACE-COMPAT bytesPerRow plane=0 original=16390144 property=153600 recovery=15
#### IOSURFACE-COMPAT addressFormat plane=0 original=0 property=5 recovery=7
#### AGXIOC type=0x82 patch #11: scopeID=0xa8 scopePlane=0 f14=0x430 +0x30 {0,0}→{0xa8,0} +0x38 {0xa8,0}→0 +0x40 0→0 +0x50 0→0x380888300 +0x58 0x380888300→0x40000
#### AGX_MAP_AUDIT #10 tex=0x12c72cc50 impl=0x12c773720 iosurface(arg=0x12c717830 bound=0x12c717830) requested=2388x1668 pf=550 plane(arg=0 bound=0) cpu130=0x12ebbc000 gpu40=0x1500070000 descriptorOff=0x190 address=0x1500070000 descriptorLayout=3 compressed=1 extended=1 match=1
#### AGX_SUBMIT_DIAG #10 TEMP-KCMD-WRAPPED-FIX match=4 type9=0x10 subtype1@0x10 span=0x858->0x838 range=0x10..0x868->0x848 storage=0x868->0x848 flatten=iOS-direct final=0x820
#### IOGPU-ERROR-GETTER observation=9 commandBuffer=0x12c7740e0 class=AGXG13GFamilyCommandBuffer submitSerial=0 fixed=0 domain=MTLCommandBufferErrorDomain code=1 description=Internal Error (00000100:Internal Error)
#### IOGPU-ERROR-GETTER observation=10 commandBuffer=0x12c7740e0 class=AGXG13GFamilyCommandBuffer submitSerial=0 fixed=0 domain=MTLCommandBufferErrorDomain code=1 description=Internal Error (00000100:Internal Error)
#### AGX_LIFE DESTROY id=0x36 type=0 surf=0 bytes=0x40000 kr=0 okC=66 failC=0 okD=12 failD=0 unmatchedD=0 full=0 live=54/86MB [t0=47/21MB t80=0/0MB t82=7/64MB]
#### MTL_TEX TLS set iosurface=0x12c717830 id=0xa8 plane=0 compressionHeaderSpan=0x40000 (thread=0x202655e00 addr=0x0)
#### IOSURFACE-COMPAT compression plane=0 original=0 property=3 recovery=8
#### IOSURFACE-COMPAT bytesPerRow plane=0 original=16390144 property=153600 recovery=16
#### IOSURFACE-COMPAT addressFormat plane=0 original=0 property=5 recovery=8
#### AGXIOC type=0x82 patch #12: scopeID=0xa8 scopePlane=0 f14=0x430 +0x30 {0,0}→{0xa8,0} +0x38 {0xa8,0}→0 +0x40 0→0 +0x50 0→0x380888300 +0x58 0x380888300→0x40000
#### AGX_MAP_AUDIT #11 tex=0x12c774410 impl=0x12c774620 iosurface(arg=0x12c717830 bound=0x12c717830) requested=2388x1668 pf=550 plane(arg=0 bound=0) cpu130=0x12ebbc000 gpu40=0x1500070000 descriptorOff=0x190 address=0x1500070000 descriptorLayout=3 compressed=1 extended=1 match=1
#### WSCD-MAP insert #6 dest=0x12c720280 tex=0x12c774410 count=1
#### WSCD-MAP consume #6 dest=0x12c720280 tex=0x12c774410 count=1->0
#### AGX_SUBMIT_DIAG #11 subtype1-predicate scalar0=0x1 legacy-scalar-gate=1 total=0x858/1 seglen=0x170/1 seghdr=1 cmdtotal=1 d8=1 pad1=1 f1=1 sent1=1 pad2=1 f2=1 sent2=1
#### AGX_SUBMIT_DIAG #11 descriptor[0] KCMD-type1-observed saved=0x858/0x858 path=/tmp/macws_submit_kcmd_11_0_type1-observed.bin errno=0
#### AGX_SUBMIT_DIAG #11 descriptor[0] segment saved=0x170/0x170 path=/tmp/macws_submit_segment_11_0.bin errno=0
#### AGX_SUBMIT_DIAG #11 TEMP-KCMD-ABI-FIX subtype1-clear pads=0x1c0,0x4c0 total=0x858->0x838 size=0x7e8->0x7c8 end=0x818->0x7f8 segment-span=0x838
#### COEXIST API SwapCancel #4: fb=0x12d009200 swapID=807456 -> 0 (SwapEnd tail skipped)
#### IOMFB CANCEL-COMPLETION schedule #4 swapID=807456 client=8975 fb=0x12d009200
#### COEXIST completion pace #4: interval=0 us slept=0 us pre-lock=YES before swapID=807456
#### AGX_LIFE DESTROY id=0x21 type=0x82 surf=0xa6 bytes=0x13bc000 kr=0 okC=67 failC=0 okD=13 failD=0 unmatchedD=0 full=0 live=54/86MB [t0=47/21MB t80=0/0MB t82=7/64MB]
#### AGX_LIFE DESTROY id=0x36 type=0x82 surf=0xa8 bytes=0x13bc000 kr=0 okC=67 failC=0 okD=14 failD=0 unmatchedD=0 full=0 live=53/66MB [t0=47/21MB t80=0/0MB t82=6/44MB]
#### IOMFB CANCEL-COMPLETION delivered #4 swapID=807456 client=8975 requested=3703760257233 presentation=3703760277615 delta=2618136 pending=1->0
#### IOSURFACE-COMPAT compression plane=0 original=0 property=3 recovery=9
#### IOSURFACE-COMPAT addressFormat plane=0 original=0 property=5 recovery=9
#### AGXIOC type=0x82 patch #13: scopeID=0xa9 scopePlane=0 f14=0x430 +0x30 {0,0}→{0xa9,0} +0x38 {0xa9,0}→0 +0x40 0→0 +0x50 0→0x380888300 +0x58 0x380888300→0x40000
#### AGX_MAP_AUDIT #12 tex=0x12c71e620 impl=0x12c771f20 iosurface(arg=0x12c76fe90 bound=0x12c76fe90) requested=2388x1668 pf=550 plane(arg=0 bound=0) cpu130=0x14e5fc000 gpu40=0x15034a8000 descriptorOff=0x190 address=0x15034a8000 descriptorLayout=3 compressed=1 extended=1 match=1
#### IOGPU-ERROR-GETTER observation=11 commandBuffer=0x12c771470 class=AGXG13GFamilyCommandBuffer submitSerial=0 fixed=0 domain=MTLCommandBufferErrorDomain code=1 description=Internal Error (00000100:Internal Error)
#### IOGPU-ERROR-GETTER observation=12 commandBuffer=0x12c771470 class=AGXG13GFamilyCommandBuffer submitSerial=0 fixed=0 domain=MTLCommandBufferErrorDomain code=1 description=Internal Error (00000100:Internal Error)
#### AGX_LIFE DESTROY id=0x36 type=0 surf=0 bytes=0x40000 kr=0 okC=69 failC=0 okD=15 failD=0 unmatchedD=0 full=0 live=54/86MB [t0=47/21MB t80=0/0MB t82=7/64MB]
#### IOSURFACE-COMPAT compression plane=0 original=0 property=3 recovery=10
#### IOSURFACE-COMPAT addressFormat plane=0 original=0 property=5 recovery=10
#### AGXIOC type=0x82 patch #14: scopeID=0xa9 scopePlane=0 f14=0x430 +0x30 {0,0}→{0xa9,0} +0x38 {0xa9,0}→0 +0x40 0→0 +0x50 0→0x380888300 +0x58 0x380888300→0x40000
#### AGX_MAP_AUDIT #13 tex=0x11c622450 impl=0x11c622660 iosurface(arg=0x12c76fe90 bound=0x12c76fe90) requested=2388x1668 pf=550 plane(arg=0 bound=0) cpu130=0x14e5fc000 gpu40=0x15034a8000 descriptorOff=0x190 address=0x15034a8000 descriptorLayout=3 compressed=1 extended=1 match=1
#### WSCD-MAP insert #7 dest=0x11c621a00 tex=0x11c622450 count=1
#### WSCD-MAP consume #7 dest=0x11c621a00 tex=0x11c622450 count=1->0
#### AGX_SUBMIT_DIAG #13 subtype1-predicate scalar0=0x1 legacy-scalar-gate=1 total=0x858/1 seglen=0x170/1 seghdr=1 cmdtotal=1 d8=1 pad1=1 f1=1 sent1=1 pad2=1 f2=1 sent2=1
#### AGX_SUBMIT_DIAG #13 descriptor[0] KCMD-type1-observed saved=0x858/0x858 path=/tmp/macws_submit_kcmd_13_0_type1-observed.bin errno=0
#### AGX_SUBMIT_DIAG #13 descriptor[0] segment saved=0x170/0x170 path=/tmp/macws_submit_segment_13_0.bin errno=0
#### AGX_SUBMIT_DIAG #13 TEMP-KCMD-ABI-FIX subtype1-clear pads=0x1c0,0x4c0 total=0x858->0x838 size=0x7e8->0x7c8 end=0x818->0x7f8 segment-span=0x838
#### COEXIST API SwapCancel #5: fb=0x12d009200 swapID=807457 -> 0 (SwapEnd tail skipped)
#### IOMFB CANCEL-COMPLETION schedule #5 swapID=807457 client=8975 fb=0x12d009200
#### AGX_LIFE DESTROY id=0x5 type=0x82 surf=0xa7 bytes=0x13bc000 kr=0 okC=70 failC=0 okD=16 failD=0 unmatchedD=0 full=0 live=54/86MB [t0=47/21MB t80=0/0MB t82=7/64MB]
#### IOMFB CANCEL-COMPLETION delivered #5 swapID=807457 client=8975 requested=3703762516953 presentation=3703762529584 delta=2251969 pending=1->0
#### IOSURFACE-COMPAT compression plane=0 original=0 property=3 recovery=11
#### IOSURFACE-COMPAT addressFormat plane=0 original=0 property=5 recovery=11
#### AGXIOC type=0x82 patch #15: scopeID=0xaa scopePlane=0 f14=0x430 +0x30 {0,0}→{0xaa,0} +0x38 {0xaa,0}→0 +0x40 0→0 +0x50 0→0x380888300 +0x58 0x380888300→0x40000
#### AGX_MAP_AUDIT #14 tex=0x12c772ca0 impl=0x12c7742f0 iosurface(arg=0x12c71f780 bound=0x12c71f780) requested=2388x1668 pf=550 plane(arg=0 bound=0) cpu130=0x14f9b8000 gpu40=0x1504868000 descriptorOff=0x190 address=0x1504868000 descriptorLayout=3 compressed=1 extended=1 match=1
#### IOGPU-ERROR-GETTER observation=13 commandBuffer=0x12c774fc0 class=AGXG13GFamilyCommandBuffer submitSerial=0 fixed=0 domain=MTLCommandBufferErrorDomain code=1 description=Internal Error (00000100:Internal Error)
#### IOGPU-ERROR-GETTER observation=14 commandBuffer=0x12c774fc0 class=AGXG13GFamilyCommandBuffer submitSerial=0 fixed=0 domain=MTLCommandBufferErrorDomain code=1 description=Internal Error (00000100:Internal Error)
#### IOSURFACE-COMPAT compression plane=0 original=0 property=3 recovery=12
#### IOSURFACE-COMPAT addressFormat plane=0 original=0 property=5 recovery=12
#### AGXIOC type=0x82 patch #16: scopeID=0xaa scopePlane=0 f14=0x430 +0x30 {0,0}→{0xaa,0} +0x38 {0xaa,0}→0 +0x40 0→0 +0x50 0→0x380888300 +0x58 0x380888300→0x40000
#### AGX_MAP_AUDIT #15 tex=0x12c771470 impl=0x12c775620 iosurface(arg=0x12c71f780 bound=0x12c71f780) requested=2388x1668 pf=550 plane(arg=0 bound=0) cpu130=0x14f9b8000 gpu40=0x1504868000 descriptorOff=0x190 address=0x1504868000 descriptorLayout=3 compressed=1 extended=1 match=1
#### WSCD-MAP insert #8 dest=0x12c71ee50 tex=0x12c771470 count=1
#### WSCD-MAP consume #8 dest=0x12c71ee50 tex=0x12c771470 count=1->0
#### AGX_SUBMIT_DIAG #15 subtype1-predicate scalar0=0x1 legacy-scalar-gate=1 total=0x858/1 seglen=0x170/1 seghdr=1 cmdtotal=1 d8=1 pad1=1 f1=1 sent1=1 pad2=1 f2=1 sent2=1
#### AGX_SUBMIT_DIAG #15 descriptor[0] KCMD-type1-observed saved=0x858/0x858 path=/tmp/macws_submit_kcmd_15_0_type1-observed.bin errno=0
#### AGX_SUBMIT_DIAG #15 descriptor[0] segment saved=0x170/0x170 path=/tmp/macws_submit_segment_15_0.bin errno=0
#### AGX_SUBMIT_DIAG #15 TEMP-KCMD-ABI-FIX subtype1-clear pads=0x1c0,0x4c0 total=0x858->0x838 size=0x7e8->0x7c8 end=0x818->0x7f8 segment-span=0x838
#### COEXIST API SwapCancel #6: fb=0x12d009200 swapID=807458 -> 0 (SwapEnd tail skipped)
#### IOMFB CANCEL-COMPLETION schedule #6 swapID=807458 client=8975 fb=0x12d009200
#### IOMFB CANCEL-COMPLETION delivered #6 swapID=807458 client=8975 requested=3703765002395 presentation=3703765009915 delta=2480331 pending=1->0
#### IOSURFACE-COMPAT compression plane=0 original=0 property=3 recovery=13
#### IOSURFACE-COMPAT addressFormat plane=0 original=0 property=5 recovery=13
#### AGX_MAP_AUDIT #16 tex=0x12c773ed0 impl=0x12c775cc0 iosurface(arg=0x12c728300 bound=0x12c728300) requested=2388x1668 pf=550 plane(arg=0 bound=0) cpu130=0x150d74000 gpu40=0x1500070000 descriptorOff=0x190 address=0x1500070000 descriptorLayout=3 compressed=1 extended=1 match=1
#### IOGPU-ERROR-GETTER observation=15 commandBuffer=0x12c776690 class=AGXG13GFamilyCommandBuffer submitSerial=0 fixed=0 domain=MTLCommandBufferErrorDomain code=1 description=Internal Error (00000100:Internal Error)
#### IOGPU-ERROR-GETTER observation=16 commandBuffer=0x12c776690 class=AGXG13GFamilyCommandBuffer submitSerial=0 fixed=0 domain=MTLCommandBufferErrorDomain code=1 description=Internal Error (00000100:Internal Error)
#### IOSURFACE-COMPAT compression plane=0 original=0 property=3 recovery=14
#### IOSURFACE-COMPAT addressFormat plane=0 original=0 property=5 recovery=14
#### AGX_MAP_AUDIT #17 tex=0x12c776990 impl=0x12c776ba0 iosurface(arg=0x12c728300 bound=0x12c728300) requested=2388x1668 pf=550 plane(arg=0 bound=0) cpu130=0x150d74000 gpu40=0x1500070000 descriptorOff=0x190 address=0x1500070000 descriptorLayout=3 compressed=1 extended=1 match=1
#### WSCD-MAP insert #9 dest=0x12c7707b0 tex=0x12c776990 count=1
#### WSCD-MAP consume #9 dest=0x12c7707b0 tex=0x12c776990 count=1->0
#### AGX_SUBMIT_DIAG #17 subtype1-predicate scalar0=0x1 legacy-scalar-gate=1 total=0x858/1 seglen=0x170/1 seghdr=1 cmdtotal=1 d8=1 pad1=1 f1=1 sent1=1 pad2=1 f2=1 sent2=1
#### AGX_SUBMIT_DIAG #17 descriptor[0] KCMD-type1-observed saved=0x858/0x858 path=/tmp/macws_submit_kcmd_17_0_type1-observed.bin errno=0
#### AGX_SUBMIT_DIAG #17 descriptor[0] segment saved=0x170/0x170 path=/tmp/macws_submit_segment_17_0.bin errno=0
#### AGX_SUBMIT_DIAG #17 TEMP-KCMD-ABI-FIX subtype1-clear pads=0x1c0,0x4c0 total=0x858->0x838 size=0x7e8->0x7c8 end=0x818->0x7f8 segment-span=0x838
#### COEXIST API SwapCancel #7: fb=0x12d009200 swapID=807459 -> 0 (SwapEnd tail skipped)
#### IOMFB CANCEL-COMPLETION schedule #7 swapID=807459 client=8975 fb=0x12d009200
#### IOSURFACE-RELEASE-ABI pair #1: conn=43527 surfaceID=159 sel=1 -> 0
#### IOMFB CANCEL-COMPLETION delivered #7 swapID=807459 client=8975 requested=3703767383144 presentation=3703767389358 delta=2379443 pending=1->0
#### IOSURFACE-COMPAT compression plane=0 original=0 property=3 recovery=15
#### IOSURFACE-COMPAT addressFormat plane=0 original=0 property=5 recovery=15
#### AGX_MAP_AUDIT #18 tex=0x11c625480 impl=0x11c625790 iosurface(arg=0x11c6245c0 bound=0x11c6245c0) requested=2388x1668 pf=550 plane(arg=0 bound=0) cpu130=0x128800000 gpu40=0x15034a8000 descriptorOff=0x190 address=0x15034a8000 descriptorLayout=3 compressed=1 extended=1 match=1
#### AGX_SUBMIT_DIAG #18 TEMP-KCMD-WRAPPED-FIX match=8 type9=0x10 subtype1@0x10 span=0x858->0x838 range=0x10..0x868->0x848 storage=0x868->0x848 flatten=iOS-direct final=0x820
#### IOGPU-ERROR-GETTER observation=17 commandBuffer=0x11c626540 class=AGXG13GFamilyCommandBuffer submitSerial=0 fixed=0 domain=MTLCommandBufferErrorDomain code=1 description=Internal Error (00000100:Internal Error)
#### IOGPU-ERROR-GETTER observation=18 commandBuffer=0x11c626540 class=AGXG13GFamilyCommandBuffer submitSerial=0 fixed=0 domain=MTLCommandBufferErrorDomain code=1 description=Internal Error (00000100:Internal Error)
#### IOSURFACE-COMPAT compression plane=0 original=0 property=3 recovery=16
#### IOSURFACE-COMPAT addressFormat plane=0 original=0 property=5 recovery=16
#### AGX_MAP_AUDIT #19 tex=0x12c7740e0 impl=0x12c71e620 iosurface(arg=0x11c6245c0 bound=0x11c6245c0) requested=2388x1668 pf=550 plane(arg=0 bound=0) cpu130=0x128800000 gpu40=0x15034a8000 descriptorOff=0x190 address=0x15034a8000 descriptorLayout=3 compressed=1 extended=1 match=1
#### WSCD-MAP insert #10 dest=0x12c71ee50 tex=0x12c7740e0 count=1
#### IOSURFACE-COMPAT baseAddress plane=0 original=0x128825800 base=0x128800000 propertyOffset=0 corrected=0x128800000 recovery=500
#### WSCD-MAP consume #10 dest=0x12c71ee50 tex=0x12c7740e0 count=1->0
#### COEXIST API SwapCancel #8: fb=0x12d009200 swapID=807460 -> 0 (SwapEnd tail skipped)
#### IOMFB CANCEL-COMPLETION schedule #8 swapID=807460 client=8975 fb=0x12d009200
#### IOSURFACE-RELEASE-ABI pair #2: conn=43527 surfaceID=166 sel=1 -> 0
#### IOMFB CANCEL-COMPLETION delivered #8 swapID=807460 client=8975 requested=3703769759105 presentation=3703769766742 delta=2377384 pending=1->0
#### AGX_MAP_AUDIT #20 tex=0x11c626a40 impl=0x11c626f60 iosurface(arg=0x11c60dcd0 bound=0x11c60dcd0) requested=2388x1668 pf=550 plane(arg=0 bound=0) cpu130=0x12ae6c000 gpu40=0x1504868000 descriptorOff=0x190 address=0x1504868000 descriptorLayout=3 compressed=1 extended=1 match=1
#### IOGPU-ERROR-GETTER observation=19 commandBuffer=0x11c627c60 class=AGXG13GFamilyCommandBuffer submitSerial=0 fixed=0 domain=MTLCommandBufferErrorDomain code=1 description=Internal Error (00000100:Internal Error)
#### IOGPU-ERROR-GETTER observation=20 commandBuffer=0x11c627c60 class=AGXG13GFamilyCommandBuffer submitSerial=0 fixed=0 domain=MTLCommandBufferErrorDomain code=1 description=Internal Error (00000100:Internal Error)
#### AGX_MAP_AUDIT #21 tex=0x11c6282c0 impl=0x11c6284d0 iosurface(arg=0x11c60dcd0 bound=0x11c60dcd0) requested=2388x1668 pf=550 plane(arg=0 bound=0) cpu130=0x12ae6c000 gpu40=0x1504868000 descriptorOff=0x190 address=0x1504868000 descriptorLayout=3 compressed=1 extended=1 match=1
#### WSCD-MAP insert #11 dest=0x11c6286e0 tex=0x11c6282c0 count=1
#### WSCD-MAP consume #11 dest=0x11c6286e0 tex=0x11c6282c0 count=1->0
#### COEXIST API SwapCancel #9: fb=0x12d009200 swapID=807461 -> 0 (SwapEnd tail skipped)
#### IOMFB CANCEL-COMPLETION schedule #9 swapID=807461 client=8975 fb=0x12d009200
#### IOSURFACE-RELEASE-ABI pair #3: conn=43527 surfaceID=167 sel=1 -> 0
#### IOMFB CANCEL-COMPLETION delivered #9 swapID=807461 client=8975 requested=3703772182959 presentation=3703772219250 delta=2452508 pending=1->0
#### AGXIOC Scalar sel=0x25->0x21 inCnt=2 -> 0x0
#### AGX_MAP_AUDIT #22 tex=0x12c71e620 impl=0x12c774b20 iosurface(arg=0x12c7729f0 bound=0x12c7729f0) requested=2388x1668 pf=550 plane(arg=0 bound=0) cpu130=0x12d800000 gpu40=0x1500070000 descriptorOff=0x190 address=0x1500070000 descriptorLayout=3 compressed=1 extended=1 match=1
#### IOGPU-ERROR-GETTER observation=21 commandBuffer=0x12c774fc0 class=AGXG13GFamilyCommandBuffer submitSerial=0 fixed=0 domain=MTLCommandBufferErrorDomain code=1 description=Internal Error (00000100:Internal Error)
#### IOGPU-ERROR-GETTER observation=22 commandBuffer=0x12c774fc0 class=AGXG13GFamilyCommandBuffer submitSerial=0 fixed=0 domain=MTLCommandBufferErrorDomain code=1 description=Internal Error (00000100:Internal Error)
#### AGX_MAP_AUDIT #23 tex=0x12c773720 impl=0x12c771470 iosurface(arg=0x12c7729f0 bound=0x12c7729f0) requested=2388x1668 pf=550 plane(arg=0 bound=0) cpu130=0x12d800000 gpu40=0x1500070000 descriptorOff=0x190 address=0x1500070000 descriptorLayout=3 compressed=1 extended=1 match=1
#### WSCD-MAP insert #12 dest=0x12c771d80 tex=0x12c773720 count=1
#### WSCD-MAP consume #12 dest=0x12c771d80 tex=0x12c773720 count=1->0
#### COEXIST API SwapCancel #10: fb=0x12d009200 swapID=807462 -> 0 (SwapEnd tail skipped)
#### IOMFB CANCEL-COMPLETION schedule #10 swapID=807462 client=8975 fb=0x12d009200
#### IOSURFACE-RELEASE-ABI pair #4: conn=43527 surfaceID=168 sel=1 -> 0
#### IOMFB CANCEL-COMPLETION delivered #10 swapID=807462 client=8975 requested=3703774654921 presentation=3703774692244 delta=2472994 pending=1->0
#### AGX_MAP_AUDIT #24 tex=0x12c773230 impl=0x12c771280 iosurface(arg=0x12c770b40 bound=0x12c770b40) requested=2388x1668 pf=550 plane(arg=0 bound=0) cpu130=0x12ebbc000 gpu40=0x15034a8000 descriptorOff=0x190 address=0x15034a8000 descriptorLayout=3 compressed=1 extended=1 match=1
#### IOGPU-ERROR-GETTER observation=23 commandBuffer=0x12c773c40 class=AGXG13GFamilyCommandBuffer submitSerial=0 fixed=0 domain=MTLCommandBufferErrorDomain code=1 description=Internal Error (00000100:Internal Error)
#### IOGPU-ERROR-GETTER observation=24 commandBuffer=0x12c773c40 class=AGXG13GFamilyCommandBuffer submitSerial=0 fixed=0 domain=MTLCommandBufferErrorDomain code=1 description=Internal Error (00000100:Internal Error)
#### AGX_MAP_AUDIT #25 tex=0x12c775cc0 impl=0x12c775ed0 iosurface(arg=0x12c770b40 bound=0x12c770b40) requested=2388x1668 pf=550 plane(arg=0 bound=0) cpu130=0x12ebbc000 gpu40=0x15034a8000 descriptorOff=0x190 address=0x15034a8000 descriptorLayout=3 compressed=1 extended=1 match=1
#### WSCD-MAP insert #13 dest=0x12c71ee50 tex=0x12c775cc0 count=1
#### WSCD-MAP consume #13 dest=0x12c71ee50 tex=0x12c775cc0 count=1->0
#### COEXIST API SwapCancel #11: fb=0x12d009200 swapID=807463 -> 0 (SwapEnd tail skipped)
#### IOMFB CANCEL-COMPLETION schedule #11 swapID=807463 client=8975 fb=0x12d009200
#### IOSURFACE-RELEASE-ABI pair #5: conn=43527 surfaceID=169 sel=1 -> 0
#### IOMFB CANCEL-COMPLETION delivered #11 swapID=807463 client=8975 requested=3703777106949 presentation=3703777141787 delta=2449543 pending=1->0
#### AGXIOC Method sel=0xd->0xc inCnt=2 inSC=0 outSC=0 -> 0x0
#### AGX_MAP_AUDIT #26 tex=0x12c774890 impl=0x12c773c40 iosurface(arg=0x12c773220 bound=0x12c773220) requested=2388x1668 pf=550 plane(arg=0 bound=0) cpu130=0x14e5fc000 gpu40=0x1504868000 descriptorOff=0x190 address=0x1504868000 descriptorLayout=3 compressed=1 extended=1 match=1
#### IOGPU-ERROR-GETTER observation=25 commandBuffer=0x12c775cc0 class=AGXG13GFamilyCommandBuffer submitSerial=0 fixed=0 domain=MTLCommandBufferErrorDomain code=1 description=Internal Error (00000100:Internal Error)
#### IOGPU-ERROR-GETTER observation=26 commandBuffer=0x12c775cc0 class=AGXG13GFamilyCommandBuffer submitSerial=0 fixed=0 domain=MTLCommandBufferErrorDomain code=1 description=Internal Error (00000100:Internal Error)
#### AGX_MAP_AUDIT #27 tex=0x12c776830 impl=0x12c776a40 iosurface(arg=0x12c773220 bound=0x12c773220) requested=2388x1668 pf=550 plane(arg=0 bound=0) cpu130=0x14e5fc000 gpu40=0x1504868000 descriptorOff=0x190 address=0x1504868000 descriptorLayout=3 compressed=1 extended=1 match=1
#### WSCD-MAP insert #14 dest=0x12c71ee50 tex=0x12c776830 count=1
#### WSCD-MAP consume #14 dest=0x12c71ee50 tex=0x12c776830 count=1->0
#### COEXIST API SwapCancel #12: fb=0x12d009200 swapID=807466 -> 0 (SwapEnd tail skipped)
#### IOMFB CANCEL-COMPLETION schedule #12 swapID=807466 client=8975 fb=0x12d009200
#### IOSURFACE-RELEASE-ABI pair #6: conn=43527 surfaceID=170 sel=1 -> 0
#### IOMFB CANCEL-COMPLETION delivered #12 swapID=807466 client=8975 requested=3703779533351 presentation=3703779567336 delta=2425549 pending=1->0
#### AGX_MAP_AUDIT #28 tex=0x12c772ca0 impl=0x12c774db0 iosurface(arg=0x12c731ca0 bound=0x12c731ca0) requested=2388x1668 pf=550 plane(arg=0 bound=0) cpu130=0x14f9b8000 gpu40=0x1500070000 descriptorOff=0x190 address=0x1500070000 descriptorLayout=3 compressed=1 extended=1 match=1
#### IOGPU-ERROR-GETTER observation=27 commandBuffer=0x12c775cc0 class=AGXG13GFamilyCommandBuffer submitSerial=0 fixed=0 domain=MTLCommandBufferErrorDomain code=1 description=Internal Error (00000100:Internal Error)
#### IOGPU-ERROR-GETTER observation=28 commandBuffer=0x12c775cc0 class=AGXG13GFamilyCommandBuffer submitSerial=0 fixed=0 domain=MTLCommandBufferErrorDomain code=1 description=Internal Error (00000100:Internal Error)
#### AGX_MAP_AUDIT #29 tex=0x12c776320 impl=0x12c776530 iosurface(arg=0x12c731ca0 bound=0x12c731ca0) requested=2388x1668 pf=550 plane(arg=0 bound=0) cpu130=0x14f9b8000 gpu40=0x1500070000 descriptorOff=0x190 address=0x1500070000 descriptorLayout=3 compressed=1 extended=1 match=1
#### WSCD-MAP insert #15 dest=0x12c772070 tex=0x12c776320 count=1
#### WSCD-MAP consume #15 dest=0x12c772070 tex=0x12c776320 count=1->0
#### COEXIST API SwapCancel #13: fb=0x12d009200 swapID=807467 -> 0 (SwapEnd tail skipped)
#### IOMFB CANCEL-COMPLETION schedule #13 swapID=807467 client=8975 fb=0x12d009200
#### IOSURFACE-RELEASE-ABI pair #7: conn=43527 surfaceID=172 sel=1 -> 0
#### IOMFB CANCEL-COMPLETION delivered #13 swapID=807467 client=8975 requested=3703781956674 presentation=3703781987587 delta=2420251 pending=1->0
#### AGX_MAP_AUDIT #30 tex=0x12c773230 impl=0x12c71f540 iosurface(arg=0x12c728300 bound=0x12c728300) requested=2388x1668 pf=550 plane(arg=0 bound=0) cpu130=0x150d74000 gpu40=0x15034a8000 descriptorOff=0x190 address=0x15034a8000 descriptorLayout=3 compressed=1 extended=1 match=1
#### IOGPU-ERROR-GETTER observation=29 commandBuffer=0x12c775c30 class=AGXG13GFamilyCommandBuffer submitSerial=0 fixed=0 domain=MTLCommandBufferErrorDomain code=1 description=Internal Error (00000100:Internal Error)
#### IOGPU-ERROR-GETTER observation=30 commandBuffer=0x12c775c30 class=AGXG13GFamilyCommandBuffer submitSerial=0 fixed=0 domain=MTLCommandBufferErrorDomain code=1 description=Internal Error (00000100:Internal Error)
#### AGX_MAP_AUDIT #31 tex=0x12c775f60 impl=0x12c776170 iosurface(arg=0x12c728300 bound=0x12c728300) requested=2388x1668 pf=550 plane(arg=0 bound=0) cpu130=0x150d74000 gpu40=0x15034a8000 descriptorOff=0x190 address=0x15034a8000 descriptorLayout=3 compressed=1 extended=1 match=1
#### WSCD-MAP insert #16 dest=0x12c71f330 tex=0x12c775f60 count=1
#### WSCD-MAP consume #16 dest=0x12c71f330 tex=0x12c775f60 count=1->0
#### COEXIST API SwapCancel #14: fb=0x12d009200 swapID=807468 -> 0 (SwapEnd tail skipped)
#### IOMFB CANCEL-COMPLETION schedule #14 swapID=807468 client=8975 fb=0x12d009200
#### IOSURFACE-RELEASE-ABI pair #8: conn=43527 surfaceID=159 sel=1 -> 0
#### IOMFB CANCEL-COMPLETION delivered #14 swapID=807468 client=8975 requested=3703784401853 presentation=3703784408951 delta=2421364 pending=1->0
#### IOGPU-ERROR-GETTER observation=31 commandBuffer=0x12c777370 class=AGXG13GFamilyCommandBuffer submitSerial=0 fixed=0 domain=MTLCommandBufferErrorDomain code=1 description=Internal Error (00000100:Internal Error)
#### IOGPU-ERROR-GETTER observation=32 commandBuffer=0x12c777370 class=AGXG13GFamilyCommandBuffer submitSerial=0 fixed=0 domain=MTLCommandBufferErrorDomain code=1 description=Internal Error (00000100:Internal Error)
#### IOSURFACE-COMPAT widthInTiles plane=0 original=105 property=150 recovery=500
#### WSCD-MAP insert #17 dest=0x11c622780 tex=0x11c6218e0 count=1
#### WSCD-MAP consume #17 dest=0x11c622780 tex=0x11c6218e0 count=1->0
#### COEXIST API SwapCancel #15: fb=0x12d009200 swapID=807469 -> 0 (SwapEnd tail skipped)
#### IOMFB CANCEL-COMPLETION schedule #15 swapID=807469 client=8975 fb=0x12d009200
#### IOSURFACE-RELEASE-ABI pair #9: conn=43527 surfaceID=166 sel=1 -> 0
#### IOMFB CANCEL-COMPLETION delivered #15 swapID=807469 client=8975 requested=3703786793409 presentation=3703786800918 delta=2391967 pending=1->0
#### AGX_SUBMIT_DIAG #34 TEMP-KCMD-WRAPPED-FIX match=16 type9=0x10 subtype1@0x10 span=0x858->0x838 range=0x10..0x868->0x848 storage=0x868->0x848 flatten=iOS-direct final=0x820
#### IOGPU-ERROR-GETTER observation=33 commandBuffer=0x12c777370 class=AGXG13GFamilyCommandBuffer submitSerial=0 fixed=0 domain=MTLCommandBufferErrorDomain code=1 description=Internal Error (00000100:Internal Error)
#### IOGPU-ERROR-GETTER observation=34 commandBuffer=0x12c777370 class=AGXG13GFamilyCommandBuffer submitSerial=0 fixed=0 domain=MTLCommandBufferErrorDomain code=1 description=Internal Error (00000100:Internal Error)
#### WSCD-MAP insert #18 dest=0x12c774160 tex=0x12c775190 count=1
#### WSCD-MAP consume #18 dest=0x12c774160 tex=0x12c775190 count=1->0
#### COEXIST API SwapCancel #16: fb=0x12d009200 swapID=807470 -> 0 (SwapEnd tail skipped)
#### IOMFB CANCEL-COMPLETION schedule #16 swapID=807470 client=8975 fb=0x12d009200
#### IOSURFACE-RELEASE-ABI pair #10: conn=43527 surfaceID=167 sel=1 -> 0
#### IOMFB CANCEL-COMPLETION delivered #16 swapID=807470 client=8975 requested=3703789220843 presentation=3703789260550 delta=2459632 pending=1->0
#### IOSURFACE-COMPAT baseAddress plane=0 original=0x12d825800 base=0x12d800000 propertyOffset=0 corrected=0x12d800000 recovery=1000
#### IOGPU-ERROR-GETTER observation=35 commandBuffer=0x12c779010 class=AGXG13GFamilyCommandBuffer submitSerial=0 fixed=0 domain=MTLCommandBufferErrorDomain code=1 description=Internal Error (00000100:Internal Error)
#### IOGPU-ERROR-GETTER observation=36 commandBuffer=0x12c779010 class=AGXG13GFamilyCommandBuffer submitSerial=0 fixed=0 domain=MTLCommandBufferErrorDomain code=1 description=Internal Error (00000100:Internal Error)
#### WSCD-MAP insert #19 dest=0x12c7791e0 tex=0x12c779340 count=1
#### WSCD-MAP consume #19 dest=0x12c7791e0 tex=0x12c779340 count=1->0
#### IOSURFACE-RELEASE-ABI pair #11: conn=43527 surfaceID=168 sel=1 -> 0
#### IOGPU-ERROR-GETTER observation=37 commandBuffer=0x12c777370 class=AGXG13GFamilyCommandBuffer submitSerial=0 fixed=0 domain=MTLCommandBufferErrorDomain code=1 description=Internal Error (00000100:Internal Error)
#### IOGPU-ERROR-GETTER observation=38 commandBuffer=0x12c777370 class=AGXG13GFamilyCommandBuffer submitSerial=0 fixed=0 domain=MTLCommandBufferErrorDomain code=1 description=Internal Error (00000100:Internal Error)
#### WSCD-MAP insert #20 dest=0x11c625cd0 tex=0x11c6218e0 count=1
#### WSCD-MAP consume #20 dest=0x11c625cd0 tex=0x11c6218e0 count=1->0
#### IOSURFACE-RELEASE-ABI pair #12: conn=43527 surfaceID=169 sel=1 -> 0
#### IOGPU-ERROR-GETTER observation=39 commandBuffer=0x12c772ca0 class=AGXG13GFamilyCommandBuffer submitSerial=0 fixed=0 domain=MTLCommandBufferErrorDomain code=1 description=Internal Error (00000100:Internal Error)
#### IOGPU-ERROR-GETTER observation=40 commandBuffer=0x12c772ca0 class=AGXG13GFamilyCommandBuffer submitSerial=0 fixed=0 domain=MTLCommandBufferErrorDomain code=1 description=Internal Error (00000100:Internal Error)
#### WSCD-MAP insert #21 dest=0x11c625ca0 tex=0x11c625a90 count=1
#### WSCD-MAP consume #21 dest=0x11c625ca0 tex=0x11c625a90 count=1->0
#### MTL_TEX LEASE-NEW #5 key=285x15-pf552-bpe8-fcc1999908961 entry=0x11c6147e0 surf=0x11c6245c0 tex=0x11c628220 retain=2 baseline=1 bpr=2304 alloc=48KB shapeEntries=1 pool=5MB map=LINEAR
#### RENDER-PIPELINE #10 variant=error device=AGXG13GFamilyDevice options=0 label=com.apple.coreanimation.draw.Pw40aXm_Tds8A2Xhf_Isrc vertex=downsample_blur_vert_lph fragment=downsample_8_frag_lph colors=552,115,0,0 depth=0 stencil=0 samples=1 result=0x11d838a00 class=AGXG13GFamilyRenderPipeline errorDomain=(not-requested-or-nil) errorCode=0 description=(nil) userInfo=(nil)
#### MACWS-METAL-TARGET specialized-internal selector=newSpecializedFunctionWithDescriptor:destinationArchive:functionCache:error: name=fixed_frag_lph_cpf descriptor=0x11c62d4a0 archive=0x0 cache=0x0 function=0x11c62ecc0
#### MACWS-METAL-TARGET specialized-internal selector=newSpecializedFunctionWithDescriptor:destinationArchive:functionCache:error: name=fixed_vert_lph_spc descriptor=0x11c62c6e0 archive=0x0 cache=0x0 function=0x11c62b6c0
#### RENDER-PIPELINE #11 variant=error device=AGXG13GFamilyDevice options=0 label=com.apple.coreanimation.draw.Pw40aXm_A2Xhfcx vertex=fixed_vert_lph_spc fragment=fixed_frag_lph_cpf colors=552,115,0,0 depth=0 stencil=0 samples=1 result=0x11d83dc00 class=AGXG13GFamilyRenderPipeline errorDomain=(not-requested-or-nil) errorCode=0 description=(nil) userInfo=(nil)
#### RENDER-PIPELINE #12 variant=error device=AGXG13GFamilyDevice options=0 label=com.apple.coreanimation.draw.Pw40aXm_A2Xghfc vertex=fixed_vert_lph_gen fragment=fixed_frag_lph_cpf colors=552,115,0,0 depth=0 stencil=0 samples=1 result=0x12d041600 class=AGXG13GFamilyRenderPipeline errorDomain=(not-requested-or-nil) errorCode=0 description=(nil) userInfo=(nil)
#### MTL_TEX LEASE-NEW #6 key=285x15-pf552-bpe8-fcc1999908961 entry=0x11c62aa10 surf=0x11c62f350 tex=0x11c62f790 retain=2 baseline=1 bpr=2304 alloc=48KB shapeEntries=2 pool=5MB map=LINEAR
#### MTL_TEX LEASE-NEW #7 key=1x1-pf80-bpe4-fcc1111970369 entry=0x11c62eb70 surf=0x11c62bb80 tex=0x11c630640 retain=2 baseline=1 bpr=128 alloc=16KB shapeEntries=1 pool=5MB map=LINEAR
#### MTL_TEX plain NON-2D: texType=7 → downgrading to 2D (IOSurface backing is 2D-only; native AGXTexture init's cascade returns a corrupt non-2D texture that SIGSEGVs in setFragmentTexture). The result is a real bindable 2D AGXG13GFamilyTexture; CA's placeholder bind needs a non-nil tex but doesn't actually sample it.
#### MTL_TEX LEASE-NEW #8 key=1x1-pf80-bpe4-fcc1111970369 entry=0x11c62d280 surf=0x11c62fb10 tex=0x11c631020 retain=2 baseline=1 bpr=128 alloc=16KB shapeEntries=2 pool=5MB map=LINEAR
#### MACWS-METAL-TARGET specialized-internal selector=newSpecializedFunctionWithDescriptor:destinationArchive:functionCache:error: name=fixed_frag_lph_cpf descriptor=0x12c778f70 archive=0x0 cache=0x0 function=0x12c77ac70
#### MTL_TEX LEASE-NEW #9 key=32x32-pf80-bpe4-fcc1111970369 entry=0x11c630ec0 surf=0x11c6312e0 tex=0x11c6319d0 retain=2 baseline=1 bpr=128 alloc=16KB shapeEntries=1 pool=5MB map=LINEAR
#### RENDER-PIPELINE #13 variant=error device=AGXG13GFamilyDevice options=0 label=com.apple.coreanimation.draw.Pw40aXm_Tc33A2Xhfcx_Idst vertex=fixed_vert_lph_spc fragment=fixed_frag_lph_cpf colors=552,115,0,0 depth=0 stencil=0 samples=1 result=0x12d045e00 class=AGXG13GFamilyRenderPipeline errorDomain=(not-requested-or-nil) errorCode=0 description=(nil) userInfo=(nil)
#### MTL_TEX LEASE-NEW #10 key=74x6-pf552-bpe8-fcc1999908961 entry=0x11c630cf0 surf=0x11c630d50 tex=0x11c632850 retain=2 baseline=1 bpr=640 alloc=16KB shapeEntries=1 pool=5MB map=LINEAR
#### AGXIOC Method sel=0xd->0xc inCnt=2 inSC=0 outSC=0 -> 0x0
#### RENDER-PIPELINE #14 variant=error device=AGXG13GFamilyDevice options=0 label=com.apple.coreanimation.draw.Pw40aXm_Tds4A2Xhf_Isrc vertex=downsample_blur_vert_lph fragment=downsample_4_frag_lph colors=552,115,0,0 depth=0 stencil=0 samples=1 result=0x11d83fa00 class=AGXG13GFamilyRenderPipeline errorDomain=(not-requested-or-nil) errorCode=0 description=(nil) userInfo=(nil)
#### MTL_TEX LEASE-NEW #11 key=76x8-pf552-bpe8-fcc1999908961 entry=0x11c634490 surf=0x11c6346f0 tex=0x11c635160 retain=2 baseline=1 bpr=640 alloc=16KB shapeEntries=1 pool=5MB map=LINEAR
#### TRACE -[AGXBuffer initUntracked] self=0x11c635aa0 dev=0x12d02b000 len=1536 opt=0 -> 0x11c635aa0
#### TRACE -[AGXBuffer initUntracked] self=0x11c635c80 dev=0x12d02b000 len=1536 opt=0 -> 0x11c635c80
#### TRACE -[AGXBuffer initUntracked] self=0x11c635e60 dev=0x12d02b000 len=256 opt=0 -> 0x11c635e60
#### RENDER-PIPELINE #15 variant=error device=AGXG13GFamilyDevice options=0 label=com.apple.coreanimation.draw.Pw40aXm_Tn11A2Xhf_Isrc vertex=downsample_blur_vert_lph fragment=narrow_blur_11_frag_lph colors=552,115,0,0 depth=0 stencil=0 samples=1 result=0x11d846200 class=AGXG13GFamilyRenderPipeline errorDomain=(not-requested-or-nil) errorCode=0 description=(nil) userInfo=(nil)
#### MACWS-METAL-TARGET specialized-internal selector=newSpecializedFunctionWithDescriptor:destinationArchive:functionCache:error: name=fixed_frag_lph_cpf descriptor=0x12c7796a0 archive=0x0 cache=0x0 function=0x12c77bb70
#### AGXBuffer init-bytes ENTRY self=0x11c637cf0 dev=0x12d02b000 bytes=0x12f1c4000 len=16384 opt=16 pin=0 malloc_size=0
#### AGXBuffer init-bytes REDIRECT-iOS-NATIVE: self=0x11c637cf0 dev=0x12d02b000 len=16384 opt=0x10 pin=0 -> [dev newBufferWithLength:16384 options:0x10]
#### AGXBuffer init-bytes REDIRECT-iOS-NATIVE result: 0x11c637e50 class=AGXG13GFamilyBuffer len=16384 gpuAddr=0x1505ce0000 queried=YES
#### RENDER-PIPELINE #16 variant=error device=AGXG13GFamilyDevice options=0 label=com.apple.coreanimation.draw.Pw40aXm_Tc3bA2Xhfcx_Idst vertex=fixed_vert_lph_spc fragment=fixed_frag_lph_cpf colors=552,115,0,0 depth=0 stencil=0 samples=1 result=0x12d070400 class=AGXG13GFamilyRenderPipeline errorDomain=(not-requested-or-nil) errorCode=0 description=(nil) userInfo=(nil)
#### AGXBuffer init-bytes REDIRECT-iOS-NATIVE: self=0x11c6396a0 dev=0x12d02b000 len=16384 opt=0x10 pin=0 -> [dev newBufferWithLength:16384 options:0x10]
#### AGXBuffer init-bytes REDIRECT-iOS-NATIVE result: 0x11c639800 class=AGXG13GFamilyBuffer len=16384 gpuAddr=0x1505d00000 queried=YES
#### MTL_TEX MIP-NATIVE attempt=1 w=256 h=256 pf=80 mips=6 storage=0 usage=0x1
0   libmachook_arm64.dylib              0x000000010529ee74 -[MTLFakeDevice hooked_newTextureWithDescriptor:] + 1112
#### MACWS-METAL-TARGET specialized-internal selector=newSpecializedFunctionWithDescriptor:destinationArchive:functionCache:error: name=fixed_frag_lph_cpf descriptor=0x12c7798c0 archive=0x0 cache=0x0 function=0x12c77c730
1   QuartzCore                          0x00000001aec85954 _ZN2CA3OGL12MetalContext12update_imageEPNS0_10MetalImageEPNS_6Render5ImageEjPKc + 516
2   QuartzCore                          0x00000001aec85154 _ZN2CA3OGL12MetalContext15bind_image_implEjPNS_6Render7TextureEjNS0_13TextureFilterES5_fNS0_15TextureEdgeModeEPfPKc + 552
3   QuartzCore                          0x00000001aec8446c _ZN2CA3OGL7Context10bind_imageEjPNS_6Render7TextureEjNS0_13TextureFilterES5_fNS0_15TextureEdgeModeEPKNS0_16ContentsGeometryEPfPKc + 320
4   QuartzCore                          0x00000001aecb30f0 _ZN2CA3OGL26render_contents_backgroundERNS0_8RendererEPKNS0_5LayerE + 5124
5   QuartzCore                          0x00000001aecb1848 _ZN2CA3OGL9LayerNode5applyEfPPNS0_7SurfaceEPf + 84
6   QuartzCore                          0x00000001aecb0b98 _ZN2CA3OGL11ImagingNode6renderEPNS1_13RenderClosureEj + 764
7   QuartzCore                          0x00000001aecb07b0 _ZN2CA3OGL13render_layersERNS0_8RendererEPNS0_5LayerE + 264
8   QuartzCore                          0x00000001aecb18c4 _ZN2CA3OGL9LayerNode5applyEfPPNS0_7SurfaceEPf + 208
#### RENDER-PIPELINE #17 variant=error device=AGXG13GFamilyDevice options=0 label=com.apple.coreanimation.draw.Pb3a8BsovXm_TcimA2Xhfcx_Ialp vertex=fixed_vert_lph_spc fragment=fixed_frag_lph_cpf colors=550,115,0,0 depth=0 stencil=0 samples=1 result=0x12d077800 class=AGXG13GFamilyRenderPipeline errorDomain=(not-requested-or-nil) errorCode=0 description=(nil) userInfo=(nil)
9   QuartzCore                          0x00000001aecb0b98 _ZN2CA3OGL11ImagingNode6renderEPNS1_13RenderClosureEj + 764
10  QuartzCore                          0x00000001aecb07b0 _ZN2CA3OGL13render_layersERNS0_8RendererEPNS0_5LayerE + 264
11  QuartzCore                          0x00000001aecb18c4 _ZN2CA3OGL9LayerNode5applyEfPPNS0_7SurfaceEPf + 208
12  QuartzCore                          0x00000001aecb0b98 _ZN2CA3OGL11ImagingNode6renderEPNS1_13RenderClosureEj + 764
13  QuartzCore                          0x00000001aecb07b0 _ZN2CA3OGL13render_layersERNS0_8RendererEPNS0_5LayerE + 264
14  QuartzCore                          0x00000001aed35454 _ZN2CA3OGL22render_prepared_layersERNS0_8RendererERNS0_5LayerEPS3_RKNS0_6GstateE + 120
15  QuartzCore                          0x00000001aed0cba8 _ZN2CA3OGL8Renderer6renderEPKNS_6Render6UpdateEm + 2224
16  QuartzCore                          0x00000001aed0d018 _ZN2CA3OGL6renderERNS0_8RendererEPNS_6Render6UpdateEm + 452
#### MACWS-METAL-TARGET specialized-internal selector=newSpecializedFunctionWithDescriptor:destinationArchive:functionCache:error: name=fixed_frag_lph_cpf descriptor=0x12c77e660 archive=0x0 cache=0x0 function=0x12c780290
17  QuartzCore                          0x00000001aedb3208 CARenderOGLRenderDisplayWithOptions + 200
18  SkyLight                            0x00000001ac3cf0d4 MetalCompositeCoreAnimation + 1728
#### MACWS-METAL-TARGET specialized-internal selector=newSpecializedFunctionWithDescriptor:destinationArchive:functionCache:error: name=fixed_vert_lph_spc descriptor=0x12c77e030 archive=0x0 cache=0x0 function=0x12c77d6d0
19  SkyLight                            0x00000001ac66a8bc MetalCompositeLayer + 1060
#### MTL_TEX MIP-NATIVE result attempt=1 tex=0x11c63a670 class=AGXG13GFamilyTexture
#### RENDER-PIPELINE #18 variant=error device=AGXG13GFamilyDevice options=0 label=com.apple.coreanimation.draw.Pb3a8BsovXm_TmuaA2Xhfcx_IsrcCcl_Isup vertex=fixed_vert_lph_spc fragment=fixed_frag_lph_cpf colors=550,115,0,0 depth=0 stencil=0 samples=1 result=0x12d080c00 class=AGXG13GFamilyRenderPipeline errorDomain=(not-requested-or-nil) errorCode=0 description=(nil) userInfo=(nil)
#### RENDER-PIPELINE #19 variant=error device=AGXG13GFamilyDevice options=0 label=com.apple.coreanimation.draw.Pb3a8BsovXm_A2Xhfcx vertex=fixed_vert_lph_spc fragment=fixed_frag_lph_cpf colors=550,115,0,0 depth=0 stencil=0 samples=1 result=0x12d082c00 class=AGXG13GFamilyRenderPipeline errorDomain=(not-requested-or-nil) errorCode=0 description=(nil) userInfo=(nil)
#### MTL_TEX MIP-NATIVE attempt=2 w=256 h=256 pf=80 mips=6 storage=0 usage=0x1
0   libmachook_arm64.dylib              0x000000010529ee74 -[MTLFakeDevice hooked_newTextureWithDescriptor:] + 1112
1   QuartzCore                          0x00000001aec85954 _ZN2CA3OGL12MetalContext12update_imageEPNS0_10MetalImageEPNS_6Render5ImageEjPKc + 516
2   QuartzCore                          0x00000001aec85154 _ZN2CA3OGL12MetalContext15bind_image_implEjPNS_6Render7TextureEjNS0_13TextureFilterES5_fNS0_15TextureEdgeModeEPfPKc + 552
3   QuartzCore                          0x00000001aec8446c _ZN2CA3OGL7Context10bind_imageEjPNS_6Render7TextureEjNS0_13TextureFilterES5_fNS0_15TextureEdgeModeEPKNS0_16ContentsGeometryEPfPKc + 320
#### MACWS-METAL-TARGET specialized-internal selector=newSpecializedFunctionWithDescriptor:destinationArchive:functionCache:error: name=fixed_frag_lph_cpf descriptor=0x12c784170 archive=0x0 cache=0x0 function=0x12c785db0
4   QuartzCore                          0x00000001aecb30f0 _ZN2CA3OGL26render_contents_backgroundERNS0_8RendererEPKNS0_5LayerE + 5124
5   QuartzCore                          0x00000001aecb1848 _ZN2CA3OGL9LayerNode5applyEfPPNS0_7SurfaceEPf + 84
6   QuartzCore                          0x00000001aecb0b98 _ZN2CA3OGL11ImagingNode6renderEPNS1_13RenderClosureEj + 764
7   QuartzCore                          0x00000001aecb07b0 _ZN2CA3OGL13render_layersERNS0_8RendererEPNS0_5LayerE + 264
8   QuartzCore                          0x00000001aecb18c4 _ZN2CA3OGL9LayerNode5applyEfPPNS0_7SurfaceEPf + 208
9   QuartzCore                          0x00000001aecb0b98 _ZN2CA3OGL11ImagingNode6renderEPNS1_13RenderClosureEj + 764
#### RENDER-PIPELINE #20 variant=error device=AGXG13GFamilyDevice options=0 label=com.apple.coreanimation.draw.Pb3a8BsovXm_TcimA2Xhfcx_Isup vertex=fixed_vert_lph_spc fragment=fixed_frag_lph_cpf colors=550,115,0,0 depth=0 stencil=0 samples=1 result=0x12d08aa00 class=AGXG13GFamilyRenderPipeline errorDomain=(not-requested-or-nil) errorCode=0 description=(nil) userInfo=(nil)
10  QuartzCore                          0x00000001aecb07b0 _ZN2CA3OGL13render_layersERNS0_8RendererEPNS0_5LayerE + 264
11  QuartzCore                          0x00000001aecb18c4 _ZN2CA3OGL9LayerNode5applyEfPPNS0_7SurfaceEPf + 208
12  QuartzCore                          0x00000001aecb0b98 _ZN2CA3OGL11ImagingNode6renderEPNS1_13RenderClosureEj + 764
13  QuartzCore                          0x00000001aecb07b0 _ZN2CA3OGL13render_layersERNS0_8RendererEPNS0_5LayerE + 264
14  QuartzCore                          0x00000001aed35454 _ZN2CA3OGL22render_prepared_layersERNS0_8RendererERNS0_5LayerEPS3_RKNS0_6GstateE + 120
15  QuartzCore                          0x00000001aed0cba8 _ZN2CA3OGL8Renderer6renderEPKNS_6Render6UpdateEm + 2224
16  QuartzCore                          0x00000001aed0d018 _ZN2CA3OGL6renderERNS0_8RendererEPNS_6Render6UpdateEm + 452
17  QuartzCore                          0x00000001aedb3208 CARenderOGLRenderDisplayWithOptions + 200
#### MACWS-METAL-TARGET specialized-internal selector=newSpecializedFunctionWithDescriptor:destinationArchive:functionCache:error: name=fixed_frag_lph_cpf descriptor=0x12c787950 archive=0x0 cache=0x0 function=0x12c7894c0
18  SkyLight                            0x00000001ac3cf0d4 MetalCompositeCoreAnimation + 1728
19  SkyLight                            0x00000001ac66a8bc MetalCompositeLayer + 1060
#### MTL_TEX MIP-NATIVE result attempt=2 tex=0x11c63ae80 class=AGXG13GFamilyTexture
#### RENDER-PIPELINE #21 variant=error device=AGXG13GFamilyDevice options=0 label=com.apple.coreanimation.draw.Pb3a8BsovXm_Tm1aA2Xhfcx_Isup_Isup vertex=fixed_vert_lph_spc fragment=fixed_frag_lph_cpf colors=550,115,0,0 depth=0 stencil=0 samples=1 result=0x12d091800 class=AGXG13GFamilyRenderPipeline errorDomain=(not-requested-or-nil) errorCode=0 description=(nil) userInfo=(nil)
#### MTL_TEX MIP-NATIVE attempt=3 w=256 h=256 pf=80 mips=6 storage=0 usage=0x1
0   libmachook_arm64.dylib              0x000000010529ee74 -[MTLFakeDevice hooked_newTextureWithDescriptor:] + 1112
#### MACWS-METAL-TARGET specialized-internal selector=newSpecializedFunctionWithDescriptor:destinationArchive:functionCache:error: name=fixed_frag_lph_cpf descriptor=0x12c78af60 archive=0x0 cache=0x0 function=0x12c78cb30
1   QuartzCore                          0x00000001aec85954 _ZN2CA3OGL12MetalContext12update_imageEPNS0_10MetalImageEPNS_6Render5ImageEjPKc + 516
2   QuartzCore                          0x00000001aec85154 _ZN2CA3OGL12MetalContext15bind_image_implEjPNS_6Render7TextureEjNS0_13TextureFilterES5_fNS0_15TextureEdgeModeEPfPKc + 552
3   QuartzCore                          0x00000001aec8446c _ZN2CA3OGL7Context10bind_imageEjPNS_6Render7TextureEjNS0_13TextureFilterES5_fNS0_15TextureEdgeModeEPKNS0_16ContentsGeometryEPfPKc + 320
4   QuartzCore                          0x00000001aecb30f0 _ZN2CA3OGL26render_contents_backgroundERNS0_8RendererEPKNS0_5LayerE + 5124
5   QuartzCore                          0x00000001aecb1848 _ZN2CA3OGL9LayerNode5applyEfPPNS0_7SurfaceEPf + 84
6   QuartzCore                          0x00000001aecb0b98 _ZN2CA3OGL11ImagingNode6renderEPNS1_13RenderClosureEj + 764
#### RENDER-PIPELINE #22 variant=error device=AGXG13GFamilyDevice options=0 label=com.apple.coreanimation.draw.Pb3a8Xm_BpldA2Xhfcx vertex=fixed_vert_lph_spc fragment=fixed_frag_lph_cpf colors=550,115,0,0 depth=0 stencil=0 samples=1 result=0x12d094600 class=AGXG13GFamilyRenderPipeline errorDomain=(not-requested-or-nil) errorCode=0 description=(nil) userInfo=(nil)
7   QuartzCore                          0x00000001aecb07b0 _ZN2CA3OGL13render_layersERNS0_8RendererEPNS0_5LayerE + 264
8   QuartzCore                          0x00000001aecb18c4 _ZN2CA3OGL9LayerNode5applyEfPPNS0_7SurfaceEPf + 208
9   QuartzCore                          0x00000001aecb0b98 _ZN2CA3OGL11ImagingNode6renderEPNS1_13RenderClosureEj + 764
10  QuartzCore                          0x00000001aecb07b0 _ZN2CA3OGL13render_layersERNS0_8RendererEPNS0_5LayerE + 264
11  QuartzCore                          0x00000001aecb18c4 _ZN2CA3OGL9LayerNode5applyEfPPNS0_7SurfaceEPf + 208
12  QuartzCore                          0x00000001aecb0b98 _ZN2CA3OGL11ImagingNode6renderEPNS1_13RenderClosureEj + 764
13  QuartzCore                          0x00000001aecb07b0 _ZN2CA3OGL13render_layersERNS0_8RendererEPNS0_5LayerE + 264
14  QuartzCore                          0x00000001aed35454 _ZN2CA3OGL22render_prepared_layersERNS0_8RendererERNS0_5LayerEPS3_RKNS0_6GstateE + 120
#### MACWS-METAL-TARGET specialized-internal selector=newSpecializedFunctionWithDescriptor:destinationArchive:functionCache:error: name=fixed_frag_lph_cpf descriptor=0x12c78e5f0 archive=0x0 cache=0x0 function=0x12c7900f0
15  QuartzCore                          0x00000001aed0cba8 _ZN2CA3OGL8Renderer6renderEPKNS_6Render6UpdateEm + 2224
16  QuartzCore                          0x00000001aed0d018 _ZN2CA3OGL6renderERNS0_8RendererEPNS_6Render6UpdateEm + 452
17  QuartzCore                          0x00000001aedb3208 CARenderOGLRenderDisplayWithOptions + 200
18  SkyLight                            0x00000001ac3cf0d4 MetalCompositeCoreAnimation + 1728
19  SkyLight                            0x00000001ac66a8bc MetalCompositeLayer + 1060
#### RENDER-PIPELINE #23 variant=error device=AGXG13GFamilyDevice options=0 label=com.apple.coreanimation.draw.Pb3a8Xm_TcimBpldA2Xhfcx_Icir vertex=fixed_vert_lph_spc fragment=fixed_frag_lph_cpf colors=550,115,0,0 depth=0 stencil=0 samples=1 result=0x12d09a400 class=AGXG13GFamilyRenderPipeline errorDomain=(not-requested-or-nil) errorCode=0 description=(nil) userInfo=(nil)
#### MTL_TEX MIP-NATIVE result attempt=3 tex=0x11c63b370 class=AGXG13GFamilyTexture
#### MACWS-METAL-TARGET specialized-internal selector=newSpecializedFunctionWithDescriptor:destinationArchive:functionCache:error: name=fixed_frag_lph_cpf descriptor=0x12c791c00 archive=0x0 cache=0x0 function=0x12c7937d0
#### MTL_TEX MIP-NATIVE attempt=4 w=256 h=256 pf=80 mips=6 storage=0 usage=0x1
0   libmachook_arm64.dylib              0x000000010529ee74 -[MTLFakeDevice hooked_newTextureWithDescriptor:] + 1112
#### RENDER-PIPELINE #24 variant=error device=AGXG13GFamilyDevice options=0 label=com.apple.coreanimation.draw.Pb3a8BsovXm_TimgA2Xhfcx_IsrcFmb vertex=fixed_vert_lph_spc fragment=fixed_frag_lph_cpf colors=550,115,0,0 depth=0 stencil=0 samples=1 result=0x12d0a3200 class=AGXG13GFamilyRenderPipeline errorDomain=(not-requested-or-nil) errorCode=0 description=(nil) userInfo=(nil)
1   QuartzCore                          0x00000001aec85954 _ZN2CA3OGL12MetalContext12update_imageEPNS0_10MetalImageEPNS_6Render5ImageEjPKc + 516
2   QuartzCore                          0x00000001aec85154 _ZN2CA3OGL12MetalContext15bind_image_implEjPNS_6Render7TextureEjNS0_13TextureFilterES5_fNS0_15TextureEdgeModeEPfPKc + 552
3   QuartzCore                          0x00000001aec8446c _ZN2CA3OGL7Context10bind_imageEjPNS_6Render7TextureEjNS0_13TextureFilterES5_fNS0_15TextureEdgeModeEPKNS0_16ContentsGeometryEPfPKc + 320
4   QuartzCore                          0x00000001aecb30f0 _ZN2CA3OGL26render_contents_backgroundERNS0_8RendererEPKNS0_5LayerE + 5124
5   QuartzCore                          0x00000001aecb1848 _ZN2CA3OGL9LayerNode5applyEfPPNS0_7SurfaceEPf + 84
6   QuartzCore                          0x00000001aecb0b98 _ZN2CA3OGL11ImagingNode6renderEPNS1_13RenderClosureEj + 764
7   QuartzCore                          0x00000001aecb07b0 _ZN2CA3OGL13render_layersERNS0_8RendererEPNS0_5LayerE + 264
8   QuartzCore                          0x00000001aecb18c4 _ZN2CA3OGL9LayerNode5applyEfPPNS0_7SurfaceEPf + 208
9   QuartzCore                          0x00000001aecb0b98 _ZN2CA3OGL11ImagingNode6renderEPNS1_13RenderClosureEj + 764
10  QuartzCore                          0x00000001aecb07b0 _ZN2CA3OGL13render_layersERNS0_8RendererEPNS0_5LayerE + 264
11  QuartzCore                          0x00000001aecb18c4 _ZN2CA3OGL9LayerNode5applyEfPPNS0_7SurfaceEPf + 208
12  QuartzCore                          0x00000001aecb0b98 _ZN2CA3OGL11ImagingNode6renderEPNS1_13RenderClosureEj + 764
13  QuartzCore                          0x00000001aecb07b0 _ZN2CA3OGL13render_layersERNS0_8RendererEPNS0_5LayerE + 264
14  QuartzCore                          0x00000001aed35454 _ZN2CA3OGL22render_prepared_layersERNS0_8RendererERNS0_5LayerEPS3_RKNS0_6GstateE + 120
15  QuartzCore                          0x00000001aed0cba8 _ZN2CA3OGL8Renderer6renderEPKNS_6Render6UpdateEm + 2224
16  QuartzCore                          0x00000001aed0d018 _ZN2CA3OGL6renderERNS0_8RendererEPNS_6Render6UpdateEm + 452
17  QuartzCore                          0x00000001aedb3208 CARenderOGLRenderDisplayWithOptions + 200
18  SkyLight                            0x00000001ac3cf0d4 MetalCompositeCoreAnimation + 1728
19  SkyLight                            0x00000001ac66a8bc MetalCompositeLayer + 1060
#### MTL_TEX MIP-NATIVE result attempt=4 tex=0x11c63b8e0 class=AGXG13GFamilyTexture
#### MTL_TEX MIP-NATIVE attempt=5 w=256 h=256 pf=80 mips=6 storage=0 usage=0x1
0   libmachook_arm64.dylib              0x000000010529ee74 -[MTLFakeDevice hooked_newTextureWithDescriptor:] + 1112
1   QuartzCore                          0x00000001aec85954 _ZN2CA3OGL12MetalContext12update_imageEPNS0_10MetalImageEPNS_6Render5ImageEjPKc + 516
2   QuartzCore                          0x00000001aec85154 _ZN2CA3OGL12MetalContext15bind_image_implEjPNS_6Render7TextureEjNS0_13TextureFilterES5_fNS0_15TextureEdgeModeEPfPKc + 552
3   QuartzCore                          0x00000001aec8446c _ZN2CA3OGL7Context10bind_imageEjPNS_6Render7TextureEjNS0_13TextureFilterES5_fNS0_15TextureEdgeModeEPKNS0_16ContentsGeometryEPfPKc + 320
4   QuartzCore                          0x00000001aecb30f0 _ZN2CA3OGL26render_contents_backgroundERNS0_8RendererEPKNS0_5LayerE + 5124
5   QuartzCore                          0x00000001aecb1848 _ZN2CA3OGL9LayerNode5applyEfPPNS0_7SurfaceEPf + 84
6   QuartzCore                          0x00000001aecb0b98 _ZN2CA3OGL11ImagingNode6renderEPNS1_13RenderClosureEj + 764
7   QuartzCore                          0x00000001aecb07b0 _ZN2CA3OGL13render_layersERNS0_8RendererEPNS0_5LayerE + 264
8   QuartzCore                          0x00000001aecb18c4 _ZN2CA3OGL9LayerNode5applyEfPPNS0_7SurfaceEPf + 208
9   QuartzCore                          0x00000001aecb0b98 _ZN2CA3OGL11ImagingNode6renderEPNS1_13RenderClosureEj + 764
10  QuartzCore                          0x00000001aecb07b0 _ZN2CA3OGL13render_layersERNS0_8RendererEPNS0_5LayerE + 264
11  QuartzCore                          0x00000001aecb18c4 _ZN2CA3OGL9LayerNode5applyEfPPNS0_7SurfaceEPf + 208
12  QuartzCore                          0x00000001aecb0b98 _ZN2CA3OGL11ImagingNode6renderEPNS1_13RenderClosureEj + 764
13  QuartzCore                          0x00000001aecb07b0 _ZN2CA3OGL13render_layersERNS0_8RendererEPNS0_5LayerE + 264
14  QuartzCore                          0x00000001aed35454 _ZN2CA3OGL22render_prepared_layersERNS0_8RendererERNS0_5LayerEPS3_RKNS0_6GstateE + 120
15  QuartzCore                          0x00000001aed0cba8 _ZN2CA3OGL8Renderer6renderEPKNS_6Render6UpdateEm + 2224
16  QuartzCore                          0x00000001aed0d018 _ZN2CA3OGL6renderERNS0_8RendererEPNS_6Render6UpdateEm + 452
17  QuartzCore                          0x00000001aedb3208 CARenderOGLRenderDisplayWithOptions + 200
18  SkyLight                            0x00000001ac3cf0d4 MetalCompositeCoreAnimation + 1728
19  SkyLight                            0x00000001ac66a8bc MetalCompositeLayer + 1060
#### MTL_TEX MIP-NATIVE result attempt=5 tex=0x11c63be50 class=AGXG13GFamilyTexture
#### MTL_TEX MIP-NATIVE attempt=6 w=256 h=256 pf=80 mips=6 storage=0 usage=0x1
0   libmachook_arm64.dylib              0x000000010529ee74 -[MTLFakeDevice hooked_newTextureWithDescriptor:] + 1112
1   QuartzCore                          0x00000001aec85954 _ZN2CA3OGL12MetalContext12update_imageEPNS0_10MetalImageEPNS_6Render5ImageEjPKc + 516
2   QuartzCore                          0x00000001aec85154 _ZN2CA3OGL12MetalContext15bind_image_implEjPNS_6Render7TextureEjNS0_13TextureFilterES5_fNS0_15TextureEdgeModeEPfPKc + 552
3   QuartzCore                          0x00000001aec8446c _ZN2CA3OGL7Context10bind_imageEjPNS_6Render7TextureEjNS0_13TextureFilterES5_fNS0_15TextureEdgeModeEPKNS0_16ContentsGeometryEPfPKc + 320
4   QuartzCore                          0x00000001aecb30f0 _ZN2CA3OGL26render_contents_backgroundERNS0_8RendererEPKNS0_5LayerE + 5124
5   QuartzCore                          0x00000001aecb1848 _ZN2CA3OGL9LayerNode5applyEfPPNS0_7SurfaceEPf + 84
6   QuartzCore                          0x00000001aecb0b98 _ZN2CA3OGL11ImagingNode6renderEPNS1_13RenderClosureEj + 764
7   QuartzCore                          0x00000001aecb07b0 _ZN2CA3OGL13render_layersERNS0_8RendererEPNS0_5LayerE + 264
8   QuartzCore                          0x00000001aecb18c4 _ZN2CA3OGL9LayerNode5applyEfPPNS0_7SurfaceEPf + 208
9   QuartzCore                          0x00000001aecb0b98 _ZN2CA3OGL11ImagingNode6renderEPNS1_13RenderClosureEj + 764
10  QuartzCore                          0x00000001aecb07b0 _ZN2CA3OGL13render_layersERNS0_8RendererEPNS0_5LayerE + 264
11  QuartzCore                          0x00000001aecb18c4 _ZN2CA3OGL9LayerNode5applyEfPPNS0_7SurfaceEPf + 208
12  QuartzCore                          0x00000001aecb0b98 _ZN2CA3OGL11ImagingNode6renderEPNS1_13RenderClosureEj + 764
13  QuartzCore                          0x00000001aecb07b0 _ZN2CA3OGL13render_layersERNS0_8RendererEPNS0_5LayerE + 264
14  QuartzCore                          0x00000001aed35454 _ZN2CA3OGL22render_prepared_layersERNS0_8RendererERNS0_5LayerEPS3_RKNS0_6GstateE + 120
15  QuartzCore                          0x00000001aed0cba8 _ZN2CA3OGL8Renderer6renderEPKNS_6Render6UpdateEm + 2224
16  QuartzCore                          0x00000001aed0d018 _ZN2CA3OGL6renderERNS0_8RendererEPNS_6Render6UpdateEm + 452
17  QuartzCore                          0x00000001aedb3208 CARenderOGLRenderDisplayWithOptions + 200
18  SkyLight                            0x00000001ac3cf0d4 MetalCompositeCoreAnimation + 1728
19  SkyLight                            0x00000001ac66a8bc MetalCompositeLayer + 1060
#### MTL_TEX MIP-NATIVE result attempt=6 tex=0x11c63c3c0 class=AGXG13GFamilyTexture
#### MTL_TEX MIP-NATIVE attempt=7 w=256 h=256 pf=80 mips=6 storage=0 usage=0x1
0   libmachook_arm64.dylib              0x000000010529ee74 -[MTLFakeDevice hooked_newTextureWithDescriptor:] + 1112
1   QuartzCore                          0x00000001aec85954 _ZN2CA3OGL12MetalContext12update_imageEPNS0_10MetalImageEPNS_6Render5ImageEjPKc + 516
2   QuartzCore                          0x00000001aec85154 _ZN2CA3OGL12MetalContext15bind_image_implEjPNS_6Render7TextureEjNS0_13TextureFilterES5_fNS0_15TextureEdgeModeEPfPKc + 552
3   QuartzCore                          0x00000001aec8446c _ZN2CA3OGL7Context10bind_imageEjPNS_6Render7TextureEjNS0_13TextureFilterES5_fNS0_15TextureEdgeModeEPKNS0_16ContentsGeometryEPfPKc + 320
4   QuartzCore                          0x00000001aecb30f0 _ZN2CA3OGL26render_contents_backgroundERNS0_8RendererEPKNS0_5LayerE + 5124
5   QuartzCore                          0x00000001aecb1848 _ZN2CA3OGL9LayerNode5applyEfPPNS0_7SurfaceEPf + 84
6   QuartzCore                          0x00000001aecb0b98 _ZN2CA3OGL11ImagingNode6renderEPNS1_13RenderClosureEj + 764
7   QuartzCore                          0x00000001aecb07b0 _ZN2CA3OGL13render_layersERNS0_8RendererEPNS0_5LayerE + 264
8   QuartzCore                          0x00000001aecb18c4 _ZN2CA3OGL9LayerNode5applyEfPPNS0_7SurfaceEPf + 208
9   QuartzCore                          0x00000001aecb0b98 _ZN2CA3OGL11ImagingNode6renderEPNS1_13RenderClosureEj + 764
10  QuartzCore                          0x00000001aecb07b0 _ZN2CA3OGL13render_layersERNS0_8RendererEPNS0_5LayerE + 264
11  QuartzCore                          0x00000001aecb18c4 _ZN2CA3OGL9LayerNode5applyEfPPNS0_7SurfaceEPf + 208
12  QuartzCore                          0x00000001aecb0b98 _ZN2CA3OGL11ImagingNode6renderEPNS1_13RenderClosureEj + 764
13  QuartzCore                          0x00000001aecb07b0 _ZN2CA3OGL13render_layersERNS0_8RendererEPNS0_5LayerE + 264
14  QuartzCore                          0x00000001aed35454 _ZN2CA3OGL22render_prepared_layersERNS0_8RendererERNS0_5LayerEPS3_RKNS0_6GstateE + 120
15  QuartzCore                          0x00000001aed0cba8 _ZN2CA3OGL8Renderer6renderEPKNS_6Render6UpdateEm + 2224
16  QuartzCore                          0x00000001aed0d018 _ZN2CA3OGL6renderERNS0_8RendererEPNS_6Render6UpdateEm + 452
17  QuartzCore                          0x00000001aedb3208 CARenderOGLRenderDisplayWithOptions + 200
18  SkyLight                            0x00000001ac3cf0d4 MetalCompositeCoreAnimation + 1728
19  SkyLight                            0x00000001ac66a8bc MetalCompositeLayer + 1060
#### MTL_TEX MIP-NATIVE result attempt=7 tex=0x11c63c930 class=AGXG13GFamilyTexture
#### MTL_TEX MIP-NATIVE attempt=8 w=256 h=256 pf=80 mips=6 storage=0 usage=0x1
0   libmachook_arm64.dylib              0x000000010529ee74 -[MTLFakeDevice hooked_newTextureWithDescriptor:] + 1112
1   QuartzCore                          0x00000001aec85954 _ZN2CA3OGL12MetalContext12update_imageEPNS0_10MetalImageEPNS_6Render5ImageEjPKc + 516
2   QuartzCore                          0x00000001aec85154 _ZN2CA3OGL12MetalContext15bind_image_implEjPNS_6Render7TextureEjNS0_13TextureFilterES5_fNS0_15TextureEdgeModeEPfPKc + 552
3   QuartzCore                          0x00000001aec8446c _ZN2CA3OGL7Context10bind_imageEjPNS_6Render7TextureEjNS0_13TextureFilterES5_fNS0_15TextureEdgeModeEPKNS0_16ContentsGeometryEPfPKc + 320
4   QuartzCore                          0x00000001aecb30f0 _ZN2CA3OGL26render_contents_backgroundERNS0_8RendererEPKNS0_5LayerE + 5124
5   QuartzCore                          0x00000001aecb1848 _ZN2CA3OGL9LayerNode5applyEfPPNS0_7SurfaceEPf + 84
6   QuartzCore                          0x00000001aecb0b98 _ZN2CA3OGL11ImagingNode6renderEPNS1_13RenderClosureEj + 764
7   QuartzCore                          0x00000001aecb07b0 _ZN2CA3OGL13render_layersERNS0_8RendererEPNS0_5LayerE + 264
8   QuartzCore                          0x00000001aecb18c4 _ZN2CA3OGL9LayerNode5applyEfPPNS0_7SurfaceEPf + 208
9   QuartzCore                          0x00000001aecb0b98 _ZN2CA3OGL11ImagingNode6renderEPNS1_13RenderClosureEj + 764
10  QuartzCore                          0x00000001aecb07b0 _ZN2CA3OGL13render_layersERNS0_8RendererEPNS0_5LayerE + 264
11  QuartzCore                          0x00000001aecb18c4 _ZN2CA3OGL9LayerNode5applyEfPPNS0_7SurfaceEPf + 208
12  QuartzCore                          0x00000001aecb0b98 _ZN2CA3OGL11ImagingNode6renderEPNS1_13RenderClosureEj + 764
13  QuartzCore                          0x00000001aecb07b0 _ZN2CA3OGL13render_layersERNS0_8RendererEPNS0_5LayerE + 264
14  QuartzCore                          0x00000001aed35454 _ZN2CA3OGL22render_prepared_layersERNS0_8RendererERNS0_5LayerEPS3_RKNS0_6GstateE + 120
15  QuartzCore                          0x00000001aed0cba8 _ZN2CA3OGL8Renderer6renderEPKNS_6Render6UpdateEm + 2224
16  QuartzCore                          0x00000001aed0d018 _ZN2CA3OGL6renderERNS0_8RendererEPNS_6Render6UpdateEm + 452
17  QuartzCore                          0x00000001aedb3208 CARenderOGLRenderDisplayWithOptions + 200
18  SkyLight                            0x00000001ac3cf0d4 MetalCompositeCoreAnimation + 1728
19  SkyLight                            0x00000001ac66a8bc MetalCompositeLayer + 1060
#### MTL_TEX MIP-NATIVE result attempt=8 tex=0x11c63cea0 class=AGXG13GFamilyTexture
#### MTL_TEX MIP-NATIVE attempt=9 w=256 h=256 pf=80 mips=6 storage=0 usage=0x1
0   libmachook_arm64.dylib              0x000000010529ee74 -[MTLFakeDevice hooked_newTextureWithDescriptor:] + 1112
1   QuartzCore                          0x00000001aec85954 _ZN2CA3OGL12MetalContext12update_imageEPNS0_10MetalImageEPNS_6Render5ImageEjPKc + 516
2   QuartzCore                          0x00000001aec85154 _ZN2CA3OGL12MetalContext15bind_image_implEjPNS_6Render7TextureEjNS0_13TextureFilterES5_fNS0_15TextureEdgeModeEPfPKc + 552
3   QuartzCore                          0x00000001aec8446c _ZN2CA3OGL7Context10bind_imageEjPNS_6Render7TextureEjNS0_13TextureFilterES5_fNS0_15TextureEdgeModeEPKNS0_16ContentsGeometryEPfPKc + 320
4   QuartzCore                          0x00000001aecb30f0 _ZN2CA3OGL26render_contents_backgroundERNS0_8RendererEPKNS0_5LayerE + 5124
5   QuartzCore                          0x00000001aecb1848 _ZN2CA3OGL9LayerNode5applyEfPPNS0_7SurfaceEPf + 84
6   QuartzCore                          0x00000001aecb0b98 _ZN2CA3OGL11ImagingNode6renderEPNS1_13RenderClosureEj + 764
7   QuartzCore                          0x00000001aecb07b0 _ZN2CA3OGL13render_layersERNS0_8RendererEPNS0_5LayerE + 264
8   QuartzCore                          0x00000001aecb18c4 _ZN2CA3OGL9LayerNode5applyEfPPNS0_7SurfaceEPf + 208
9   QuartzCore                          0x00000001aecb0b98 _ZN2CA3OGL11ImagingNode6renderEPNS1_13RenderClosureEj + 764
10  QuartzCore                          0x00000001aecb07b0 _ZN2CA3OGL13render_layersERNS0_8RendererEPNS0_5LayerE + 264
11  QuartzCore                          0x00000001aecb18c4 _ZN2CA3OGL9LayerNode5applyEfPPNS0_7SurfaceEPf + 208
12  QuartzCore                          0x00000001aecb0b98 _ZN2CA3OGL11ImagingNode6renderEPNS1_13RenderClosureEj + 764
13  QuartzCore                          0x00000001aecb07b0 _ZN2CA3OGL13render_layersERNS0_8RendererEPNS0_5LayerE + 264
14  QuartzCore                          0x00000001aed35454 _ZN2CA3OGL22render_prepared_layersERNS0_8RendererERNS0_5LayerEPS3_RKNS0_6GstateE + 120
15  QuartzCore                          0x00000001aed0cba8 _ZN2CA3OGL8Renderer6renderEPKNS_6Render6UpdateEm + 2224
16  QuartzCore                          0x00000001aed0d018 _ZN2CA3OGL6renderERNS0_8RendererEPNS_6Render6UpdateEm + 452
17  QuartzCore                          0x00000001aedb3208 CARenderOGLRenderDisplayWithOptions + 200
18  SkyLight                            0x00000001ac3cf0d4 MetalCompositeCoreAnimation + 1728
19  SkyLight                            0x00000001ac66a8bc MetalCompositeLayer + 1060
#### MTL_TEX MIP-NATIVE result attempt=9 tex=0x11c63d410 class=AGXG13GFamilyTexture
#### MTL_TEX MIP-NATIVE attempt=10 w=256 h=256 pf=80 mips=6 storage=0 usage=0x1
0   libmachook_arm64.dylib              0x000000010529ee74 -[MTLFakeDevice hooked_newTextureWithDescriptor:] + 1112
1   QuartzCore                          0x00000001aec85954 _ZN2CA3OGL12MetalContext12update_imageEPNS0_10MetalImageEPNS_6Render5ImageEjPKc + 516
2   QuartzCore                          0x00000001aec85154 _ZN2CA3OGL12MetalContext15bind_image_implEjPNS_6Render7TextureEjNS0_13TextureFilterES5_fNS0_15TextureEdgeModeEPfPKc + 552
3   QuartzCore                          0x00000001aec8446c _ZN2CA3OGL7Context10bind_imageEjPNS_6Render7TextureEjNS0_13TextureFilterES5_fNS0_15TextureEdgeModeEPKNS0_16ContentsGeometryEPfPKc + 320
4   QuartzCore                          0x00000001aecb30f0 _ZN2CA3OGL26render_contents_backgroundERNS0_8RendererEPKNS0_5LayerE + 5124
5   QuartzCore                          0x00000001aecb1848 _ZN2CA3OGL9LayerNode5applyEfPPNS0_7SurfaceEPf + 84
6   QuartzCore                          0x00000001aecb0b98 _ZN2CA3OGL11ImagingNode6renderEPNS1_13RenderClosureEj + 764
7   QuartzCore                          0x00000001aecb07b0 _ZN2CA3OGL13render_layersERNS0_8RendererEPNS0_5LayerE + 264
8   QuartzCore                          0x00000001aecb18c4 _ZN2CA3OGL9LayerNode5applyEfPPNS0_7SurfaceEPf + 208
9   QuartzCore                          0x00000001aecb0b98 _ZN2CA3OGL11ImagingNode6renderEPNS1_13RenderClosureEj + 764
10  QuartzCore                          0x00000001aecb07b0 _ZN2CA3OGL13render_layersERNS0_8RendererEPNS0_5LayerE + 264
11  QuartzCore                          0x00000001aecb18c4 _ZN2CA3OGL9LayerNode5applyEfPPNS0_7SurfaceEPf + 208
12  QuartzCore                          0x00000001aecb0b98 _ZN2CA3OGL11ImagingNode6renderEPNS1_13RenderClosureEj + 764
13  QuartzCore                          0x00000001aecb07b0 _ZN2CA3OGL13render_layersERNS0_8RendererEPNS0_5LayerE + 264
14  QuartzCore                          0x00000001aed35454 _ZN2CA3OGL22render_prepared_layersERNS0_8RendererERNS0_5LayerEPS3_RKNS0_6GstateE + 120
15  QuartzCore                          0x00000001aed0cba8 _ZN2CA3OGL8Renderer6renderEPKNS_6Render6UpdateEm + 2224
16  QuartzCore                          0x00000001aed0d018 _ZN2CA3OGL6renderERNS0_8RendererEPNS_6Render6UpdateEm + 452
17  QuartzCore                          0x00000001aedb3208 CARenderOGLRenderDisplayWithOptions + 200
18  SkyLight                            0x00000001ac3cf0d4 MetalCompositeCoreAnimation + 1728
19  SkyLight                            0x00000001ac66a8bc MetalCompositeLayer + 1060
#### MTL_TEX MIP-NATIVE result attempt=10 tex=0x11c63d980 class=AGXG13GFamilyTexture
#### MTL_TEX MIP-NATIVE attempt=11 w=256 h=256 pf=80 mips=6 storage=0 usage=0x1
0   libmachook_arm64.dylib              0x000000010529ee74 -[MTLFakeDevice hooked_newTextureWithDescriptor:] + 1112
1   QuartzCore                          0x00000001aec85954 _ZN2CA3OGL12MetalContext12update_imageEPNS0_10MetalImageEPNS_6Render5ImageEjPKc + 516
2   QuartzCore                          0x00000001aec85154 _ZN2CA3OGL12MetalContext15bind_image_implEjPNS_6Render7TextureEjNS0_13TextureFilterES5_fNS0_15TextureEdgeModeEPfPKc + 552
3   QuartzCore                          0x00000001aec8446c _ZN2CA3OGL7Context10bind_imageEjPNS_6Render7TextureEjNS0_13TextureFilterES5_fNS0_15TextureEdgeModeEPKNS0_16ContentsGeometryEPfPKc + 320
4   QuartzCore                          0x00000001aecb30f0 _ZN2CA3OGL26render_contents_backgroundERNS0_8RendererEPKNS0_5LayerE + 5124
5   QuartzCore                          0x00000001aecb1848 _ZN2CA3OGL9LayerNode5applyEfPPNS0_7SurfaceEPf + 84
6   QuartzCore                          0x00000001aecb0b98 _ZN2CA3OGL11ImagingNode6renderEPNS1_13RenderClosureEj + 764
7   QuartzCore                          0x00000001aecb07b0 _ZN2CA3OGL13render_layersERNS0_8RendererEPNS0_5LayerE + 264
8   QuartzCore                          0x00000001aecb18c4 _ZN2CA3OGL9LayerNode5applyEfPPNS0_7SurfaceEPf + 208
9   QuartzCore                          0x00000001aecb0b98 _ZN2CA3OGL11ImagingNode6renderEPNS1_13RenderClosureEj + 764
10  QuartzCore                          0x00000001aecb07b0 _ZN2CA3OGL13render_layersERNS0_8RendererEPNS0_5LayerE + 264
11  QuartzCore                          0x00000001aecb18c4 _ZN2CA3OGL9LayerNode5applyEfPPNS0_7SurfaceEPf + 208
12  QuartzCore                          0x00000001aecb0b98 _ZN2CA3OGL11ImagingNode6renderEPNS1_13RenderClosureEj + 764
13  QuartzCore                          0x00000001aecb07b0 _ZN2CA3OGL13render_layersERNS0_8RendererEPNS0_5LayerE + 264
14  QuartzCore                          0x00000001aed35454 _ZN2CA3OGL22render_prepared_layersERNS0_8RendererERNS0_5LayerEPS3_RKNS0_6GstateE + 120
15  QuartzCore                          0x00000001aed0cba8 _ZN2CA3OGL8Renderer6renderEPKNS_6Render6UpdateEm + 2224
16  QuartzCore                          0x00000001aed0d018 _ZN2CA3OGL6renderERNS0_8RendererEPNS_6Render6UpdateEm + 452
17  QuartzCore                          0x00000001aedb3208 CARenderOGLRenderDisplayWithOptions + 200
18  SkyLight                            0x00000001ac3cf0d4 MetalCompositeCoreAnimation + 1728
19  SkyLight                            0x00000001ac66a8bc MetalCompositeLayer + 1060
#### MTL_TEX MIP-NATIVE result attempt=11 tex=0x11c63def0 class=AGXG13GFamilyTexture
#### MTL_TEX MIP-NATIVE attempt=12 w=256 h=256 pf=80 mips=6 storage=0 usage=0x1
0   libmachook_arm64.dylib              0x000000010529ee74 -[MTLFakeDevice hooked_newTextureWithDescriptor:] + 1112
1   QuartzCore                          0x00000001aec85954 _ZN2CA3OGL12MetalContext12update_imageEPNS0_10MetalImageEPNS_6Render5ImageEjPKc + 516
2   QuartzCore                          0x00000001aec85154 _ZN2CA3OGL12MetalContext15bind_image_implEjPNS_6Render7TextureEjNS0_13TextureFilterES5_fNS0_15TextureEdgeModeEPfPKc + 552
3   QuartzCore                          0x00000001aec8446c _ZN2CA3OGL7Context10bind_imageEjPNS_6Render7TextureEjNS0_13TextureFilterES5_fNS0_15TextureEdgeModeEPKNS0_16ContentsGeometryEPfPKc + 320
4   QuartzCore                          0x00000001aecb30f0 _ZN2CA3OGL26render_contents_backgroundERNS0_8RendererEPKNS0_5LayerE + 5124
5   QuartzCore                          0x00000001aecb1848 _ZN2CA3OGL9LayerNode5applyEfPPNS0_7SurfaceEPf + 84
6   QuartzCore                          0x00000001aecb0b98 _ZN2CA3OGL11ImagingNode6renderEPNS1_13RenderClosureEj + 764
7   QuartzCore                          0x00000001aecb07b0 _ZN2CA3OGL13render_layersERNS0_8RendererEPNS0_5LayerE + 264
8   QuartzCore                          0x00000001aecb18c4 _ZN2CA3OGL9LayerNode5applyEfPPNS0_7SurfaceEPf + 208
9   QuartzCore                          0x00000001aecb0b98 _ZN2CA3OGL11ImagingNode6renderEPNS1_13RenderClosureEj + 764
10  QuartzCore                          0x00000001aecb07b0 _ZN2CA3OGL13render_layersERNS0_8RendererEPNS0_5LayerE + 264
11  QuartzCore                          0x00000001aecb18c4 _ZN2CA3OGL9LayerNode5applyEfPPNS0_7SurfaceEPf + 208
12  QuartzCore                          0x00000001aecb0b98 _ZN2CA3OGL11ImagingNode6renderEPNS1_13RenderClosureEj + 764
13  QuartzCore                          0x00000001aecb07b0 _ZN2CA3OGL13render_layersERNS0_8RendererEPNS0_5LayerE + 264
14  QuartzCore                          0x00000001aed35454 _ZN2CA3OGL22render_prepared_layersERNS0_8RendererERNS0_5LayerEPS3_RKNS0_6GstateE + 120
15  QuartzCore                          0x00000001aed0cba8 _ZN2CA3OGL8Renderer6renderEPKNS_6Render6UpdateEm + 2224
16  QuartzCore                          0x00000001aed0d018 _ZN2CA3OGL6renderERNS0_8RendererEPNS_6Render6UpdateEm + 452
17  QuartzCore                          0x00000001aedb3208 CARenderOGLRenderDisplayWithOptions + 200
18  SkyLight                            0x00000001ac3cf0d4 MetalCompositeCoreAnimation + 1728
19  SkyLight                            0x00000001ac66a8bc MetalCompositeLayer + 1060
#### MTL_TEX MIP-NATIVE result attempt=12 tex=0x11c63e460 class=AGXG13GFamilyTexture
#### MTL_TEX MIP-NATIVE result attempt=13 tex=0x11c63e9d0 class=AGXG13GFamilyTexture
#### MTL_TEX MIP-NATIVE result attempt=14 tex=0x11c63ef40 class=AGXG13GFamilyTexture
#### TRACE -[AGXBuffer initUntracked] self=0x11c63f8d0 dev=0x12d02b000 len=3072 opt=0 -> 0x11c63f8d0
#### TRACE -[AGXBuffer initUntracked] self=0x11c63fab0 dev=0x12d02b000 len=3072 opt=0 -> 0x11c63fab0
#### TRACE -[AGXBuffer initUntracked] self=0x11c63fc90 dev=0x12d02b000 len=512 opt=0 -> 0x11c63fc90
#### MTL_TEX MIP-NATIVE result attempt=15 tex=0x11c63f4b0 class=AGXG13GFamilyTexture
#### MTL_TEX MIP-NATIVE result attempt=16 tex=0x11c63ffc0 class=AGXG13GFamilyTexture
#### MTL_TEX MIP-NATIVE result attempt=17 tex=0x11c640530 class=AGXG13GFamilyTexture
#### MTL_TEX MIP-NATIVE result attempt=18 tex=0x11c640aa0 class=AGXG13GFamilyTexture
#### MTL_TEX MIP-NATIVE result attempt=19 tex=0x11c641010 class=AGXG13GFamilyTexture
#### MTL_TEX MIP-NATIVE result attempt=20 tex=0x11c641580 class=AGXG13GFamilyTexture
#### MTL_TEX MIP-NATIVE result attempt=21 tex=0x11c641af0 class=AGXG13GFamilyTexture
#### MTL_TEX MIP-NATIVE result attempt=22 tex=0x11c642060 class=AGXG13GFamilyTexture
#### MTL_TEX MIP-NATIVE result attempt=23 tex=0x11c6425d0 class=AGXG13GFamilyTexture
#### MTL_TEX MIP-NATIVE result attempt=24 tex=0x11c642b40 class=AGXG13GFamilyTexture
#### MTL_TEX MIP-NATIVE result attempt=25 tex=0x10e2123d0 class=AGXG13GFamilyTexture
#### MTL_TEX MIP-NATIVE result attempt=26 tex=0x10e20e4c0 class=AGXG13GFamilyTexture
#### AGX_SUBMIT_DIAG #41 TEMP-KCMD-SEGMENT-LIST-FIX segment=5/6 subtype=1 range=0x29b8..0x3210->0x31f0 shrink=0x20 storage=0x31f0 wrappedTail=NO
#### AGX_SUBMIT_DIAG #41 TEMP-KCMD-SEGMENT-LIST-FIX segment=4/6 subtype=1 range=0x2160..0x29b8->0x2998 shrink=0x20 storage=0x31d0 wrappedTail=NO
#### AGX_SUBMIT_DIAG #41 TEMP-KCMD-SEGMENT-LIST-FIX segment=3/6 subtype=1 range=0x1908..0x2160->0x2140 shrink=0x20 storage=0x31b0 wrappedTail=NO
#### AGX_SUBMIT_DIAG #41 TEMP-KCMD-SEGMENT-LIST-FIX segment=2/6 subtype=1 range=0x10b0..0x1908->0x18e8 shrink=0x20 storage=0x3190 wrappedTail=NO
#### AGX_SUBMIT_DIAG #41 TEMP-KCMD-SEGMENT-LIST-FIX segment=1/6 subtype=1 range=0x858..0x10b0->0x1090 shrink=0x20 storage=0x3170 wrappedTail=NO
#### AGX_SUBMIT_DIAG #41 TEMP-KCMD-SEGMENT-LIST-FIX segment=0/6 subtype=1 range=0..0x858->0x838 shrink=0x20 storage=0x3150 wrappedTail=NO
#### IOSURFACE-RELEASE-ABI pair #13: conn=43527 surfaceID=170 sel=1 -> 0
#### IOGPU-ERROR-GETTER observation=41 commandBuffer=0x12c782410 class=AGXG13GFamilyCommandBuffer submitSerial=0 fixed=0 domain=MTLCommandBufferErrorDomain code=1 description=Internal Error (00000100:Internal Error)
#### IOGPU-ERROR-GETTER observation=42 commandBuffer=0x12c782410 class=AGXG13GFamilyCommandBuffer submitSerial=0 fixed=0 domain=MTLCommandBufferErrorDomain code=1 description=Internal Error (00000100:Internal Error)
#### WSCD-MAP insert #22 dest=0x12c774270 tex=0x12c774b20 count=1
#### WSCD-MAP consume #22 dest=0x12c774270 tex=0x12c774b20 count=1->0
#### AGX_SUBMIT_DIAG #43 TEMP-KCMD-SEGMENT-LIST-FIX segment=5/6 subtype=1 range=0x29b8..0x3210->0x31f0 shrink=0x20 storage=0x31f0 wrappedTail=NO
#### AGX_SUBMIT_DIAG #43 TEMP-KCMD-SEGMENT-LIST-FIX segment=4/6 subtype=1 range=0x2160..0x29b8->0x2998 shrink=0x20 storage=0x31d0 wrappedTail=NO
#### AGX_SUBMIT_DIAG #43 TEMP-KCMD-SEGMENT-LIST-FIX segment=3/6 subtype=1 range=0x1908..0x2160->0x2140 shrink=0x20 storage=0x31b0 wrappedTail=NO
#### AGX_SUBMIT_DIAG #43 TEMP-KCMD-SEGMENT-LIST-FIX segment=2/6 subtype=1 range=0x10b0..0x1908->0x18e8 shrink=0x20 storage=0x3190 wrappedTail=NO
#### AGX_SUBMIT_DIAG #43 TEMP-KCMD-SEGMENT-LIST-FIX segment=1/6 subtype=1 range=0x858..0x10b0->0x1090 shrink=0x20 storage=0x3170 wrappedTail=NO
#### AGX_SUBMIT_DIAG #43 TEMP-KCMD-SEGMENT-LIST-FIX segment=0/6 subtype=1 range=0..0x858->0x838 shrink=0x20 storage=0x3150 wrappedTail=NO
#### IOSURFACE-RELEASE-ABI pair #14: conn=43527 surfaceID=172 sel=1 -> 0
#### QC-DESKTOP-TARGET specialized selector=newFunctionWithName:constantValues:error: name=SimpleVertex function=0x12c71df30 constantValues=0x11c041f00
#### RENDER-PIPELINE #25 variant=error device=AGXG13GFamilyDevice options=0 label=(nil) vertex=SimpleVertex fragment=UberResampleLanczosFragmentBGRA colors=80,0,0,0 depth=0 stencil=0 samples=1 result=0x118039000 class=AGXG13GFamilyRenderPipeline errorDomain=(not-requested-or-nil) errorCode=0 description=(nil) userInfo=(nil)
#### WSCD-MAP insert #23 dest=0x10ea1d2c0 tex=0x10ea2bab0 count=1
#### WSCD-MAP consume #23 dest=0x10ea1d2c0 tex=0x10ea2bab0 count=1->0
#### RENDER-PIPELINE #26 variant=error device=AGXG13GFamilyDevice options=0 label=com.apple.coreanimation.draw.PBGRAXm_TimgA2Xhfc_Ixrg vertex=fixed_vert_lph_spc fragment=fixed_frag_lph_cpf colors=80,115,0,0 depth=0 stencil=0 samples=1 result=0x11901e400 class=AGXG13GFamilyRenderPipeline errorDomain=(not-requested-or-nil) errorCode=0 description=(nil) userInfo=(nil)
#### RENDER-PIPELINE #27 variant=error device=AGXG13GFamilyDevice options=0 label=com.apple.coreanimation.draw.PBGRAXm_A2Xghfc vertex=fixed_vert_lph_gen fragment=fixed_frag_lph_cpf colors=80,115,0,0 depth=0 stencil=0 samples=1 result=0x10f814200 class=AGXG13GFamilyRenderPipeline errorDomain=(not-requested-or-nil) errorCode=0 description=(nil) userInfo=(nil)
#### MTL_TEX LEASE-NEW #12 key=301x8-pf80-bpe4-fcc1111970369 entry=0x10ea05c90 surf=0x10ea14b20 tex=0x10ea2e200 retain=2 baseline=1 bpr=1280 alloc=16KB shapeEntries=1 pool=5MB map=LINEAR
#### RENDER-PIPELINE #28 variant=error device=AGXG13GFamilyDevice options=0 label=com.apple.coreanimation.draw.PBGRAXm_Tds8A2Xhf_Isrc vertex=downsample_blur_vert_lph fragment=downsample_8_frag_lph colors=80,115,0,0 depth=0 stencil=0 samples=1 result=0x119021e00 class=AGXG13GFamilyRenderPipeline errorDomain=(not-requested-or-nil) errorCode=0 description=(nil) userInfo=(nil)
#### MTL_TEX LEASE-NEW #13 key=301x8-pf80-bpe4-fcc1111970369 entry=0x10ea175d0 surf=0x10ea04b80 tex=0x10ea2f040 retain=2 baseline=1 bpr=1280 alloc=16KB shapeEntries=2 pool=5MB map=LINEAR
#### MACWS-METAL-TARGET specialized-internal selector=newSpecializedFunctionWithDescriptor:destinationArchive:functionCache:error: name=fixed_frag_lph_cpf descriptor=0x10e31bcd0 archive=0x0 cache=0x0 function=0x10e31d4d0
#### MTL_TEX LEASE-NEW #14 key=64x64-pf115-bpe8-fcc1380411457 entry=0x10ea08ad0 surf=0x10ea051c0 tex=0x10ea2fb90 retain=2 baseline=1 bpr=512 alloc=32KB shapeEntries=1 pool=5MB map=LINEAR
#### RENDER-PIPELINE #29 variant=error device=AGXG13GFamilyDevice options=0 label=com.apple.coreanimation.draw.PBGRAXm_A2Xhfc vertex=fixed_vert_lph_spc fragment=fixed_frag_lph_cpf colors=80,115,0,0 depth=0 stencil=0 samples=1 result=0x10f817e00 class=AGXG13GFamilyRenderPipeline errorDomain=(not-requested-or-nil) errorCode=0 description=(nil) userInfo=(nil)
#### MACWS-METAL-TARGET specialized-internal selector=newSpecializedFunctionWithDescriptor:destinationArchive:functionCache:error: name=fixed_frag_lph_cpf descriptor=0x10e31ee00 archive=0x0 cache=0x0 function=0x10e318620
#### MACWS-METAL-TARGET specialized-internal selector=newSpecializedFunctionWithDescriptor:destinationArchive:functionCache:error: name=fixed_frag_lph_cpf descriptor=0x10ea071c0 archive=0x0 cache=0x0 function=0x10ea15680
#### RENDER-PIPELINE #30 variant=error device=AGXG13GFamilyDevice options=0 label=com.apple.coreanimation.draw.PBGRAXm_Tc33A2Xhfc_Idst vertex=fixed_vert_lph_spc fragment=fixed_frag_lph_cpf colors=80,115,0,0 depth=0 stencil=0 samples=1 result=0x10f81c000 class=AGXG13GFamilyRenderPipeline errorDomain=(not-requested-or-nil) errorCode=0 description=(nil) userInfo=(nil)
#### RENDER-PIPELINE #31 variant=error device=AGXG13GFamilyDevice options=0 label=com.apple.coreanimation.draw.PRGhAXm_A2Xhfcu vertex=fixed_vert_lph_spc fragment=fixed_frag_lph_cpf colors=115,115,0,0 depth=0 stencil=0 samples=1 result=0x119025000 class=AGXG13GFamilyRenderPipeline errorDomain=(not-requested-or-nil) errorCode=0 description=(nil) userInfo=(nil)
#### RENDER-PIPELINE #33 variant=error device=AGXG13GFamilyDevice options=0 label=com.apple.coreanimation.draw.PRGhAXm_Tds8A2Xhf_Isrc vertex=downsample_blur_vert_lph fragment=downsample_8_frag_lph colors=115,115,0,0 depth=0 stencil=0 samples=1 result=0x11883b000 class=AGXG13GFamilyRenderPipeline errorDomain=(not-requested-or-nil) errorCode=0 description=(nil) userInfo=(nil)
#### RENDER-PIPELINE #32 variant=error device=AGXG13GFamilyDevice options=0 label=com.apple.coreanimation.draw.PRGhAXm_A2Xghfc vertex=fixed_vert_lph_gen fragment=fixed_frag_lph_cpf colors=115,115,0,0 depth=0 stencil=0 samples=1 result=0x10f81f200 class=AGXG13GFamilyRenderPipeline errorDomain=(not-requested-or-nil) errorCode=0 description=(nil) userInfo=(nil)
#### MTL_TEX LEASE-NEW #15 key=64x64-pf115-bpe8-fcc1380411457 entry=0x10e20ef10 surf=0x10e22b450 tex=0x10e20ad60 retain=2 baseline=1 bpr=512 alloc=32KB shapeEntries=2 pool=5MB map=LINEAR
#### RENDER-PIPELINE #34 variant=error device=AGXG13GFamilyDevice options=0 label=com.apple.coreanimation.draw.PRGhAXm_Tds4A2Xhf_Isrc vertex=downsample_blur_vert_lph fragment=downsample_4_frag_lph colors=115,115,0,0 depth=0 stencil=0 samples=1 result=0x11883ba00 class=AGXG13GFamilyRenderPipeline errorDomain=(not-requested-or-nil) errorCode=0 description=(nil) userInfo=(nil)
#### RENDER-PIPELINE #35 variant=error device=AGXG13GFamilyDevice options=0 label=com.apple.coreanimation.draw.PRGhAXm_Tn19A2Xhf_Isrc vertex=downsample_blur_vert_lph fragment=narrow_blur_19_frag_lph colors=115,115,0,0 depth=0 stencil=0 samples=1 result=0x118817a00 class=AGXG13GFamilyRenderPipeline errorDomain=(not-requested-or-nil) errorCode=0 description=(nil) userInfo=(nil)
#### RENDER-PIPELINE #36 variant=error device=AGXG13GFamilyDevice options=0 label=com.apple.coreanimation.draw.PBGRAXm_Tn19A2Xhf_Isrc vertex=downsample_blur_vert_lph fragment=narrow_blur_19_frag_lph colors=80,115,0,0 depth=0 stencil=0 samples=1 result=0x118819000 class=AGXG13GFamilyRenderPipeline errorDomain=(not-requested-or-nil) errorCode=0 description=(nil) userInfo=(nil)
#### MACWS-METAL-TARGET specialized-internal selector=newSpecializedFunctionWithDescriptor:destinationArchive:functionCache:error: name=fixed_frag_lph_cpf descriptor=0x10e31cab0 archive=0x0 cache=0x0 function=0x10e31ef10
#### RENDER-PIPELINE #37 variant=error device=AGXG13GFamilyDevice options=0 label=com.apple.coreanimation.draw.PBGRAXm_TimgA2Xhfcn_IsrcCcl vertex=fixed_vert_lph_spc fragment=fixed_frag_lph_cpf colors=80,115,0,0 depth=0 stencil=0 samples=1 result=0x10f825400 class=AGXG13GFamilyRenderPipeline errorDomain=(not-requested-or-nil) errorCode=0 description=(nil) userInfo=(nil)
#### IOGPU-ERROR-GETTER observation=43 commandBuffer=0x12c771710 class=AGXG13GFamilyCommandBuffer submitSerial=0 fixed=0 domain=MTLCommandBufferErrorDomain code=1 description=Internal Error (00000100:Internal Error)
#### IOGPU-ERROR-GETTER observation=44 commandBuffer=0x12c771710 class=AGXG13GFamilyCommandBuffer submitSerial=0 fixed=0 domain=MTLCommandBufferErrorDomain code=1 description=Internal Error (00000100:Internal Error)
#### WSCD-MAP insert #24 dest=0x12c7782f0 tex=0x12c775a20 count=1
#### WSCD-MAP consume #24 dest=0x12c7782f0 tex=0x12c775a20 count=1->0
#### MTL_TEX LEASE-HIT #1 key=74x6-pf552-bpe8-fcc1999908961 entry=0x11c630cf0 surf=0x11c630d50 tex=0x11c632850 retain=1 baseline=1 shapeEntries=1 pool=5MB
#### MTL_TEX LEASE-HIT #2 key=76x8-pf552-bpe8-fcc1999908961 entry=0x11c634490 surf=0x11c6346f0 tex=0x11c635160 retain=1 baseline=1 shapeEntries=1 pool=5MB
#### MTL_TEX LEASE-NEW #16 key=2418x79-pf552-bpe8-fcc1999908961 entry=0x12c7730d0 surf=0x12c71e910 tex=0x12c77a2e0 retain=2 baseline=1 bpr=19456 alloc=1504KB shapeEntries=1 pool=6MB map=LINEAR
#### MTL_TEX LEASE-NEW #17 key=2425x85-pf552-bpe8-fcc1999908961 entry=0x12c7805c0 surf=0x12c71f780 tex=0x12c77e660 retain=2 baseline=1 bpr=19456 alloc=1616KB shapeEntries=1 pool=8MB map=LINEAR
#### MTL_TEX LEASE-NEW #18 key=1198x28-pf552-bpe8-fcc1999908961 entry=0x12c77e230 surf=0x12c77db30 tex=0x12c77f2c0 retain=2 baseline=1 bpr=9600 alloc=272KB shapeEntries=1 pool=8MB map=LINEAR
#### TILE-PIPE in: dev=AGXG13GFamilyDevice descClass=MTLTileRenderPipelineDescriptorInternal rasterSample=1 thgrpMem=0 tile=0x0
#### MACWS-METAL-TARGET specialized-internal selector=newSpecializedFunctionWithDescriptor:destinationArchive:functionCache:error: name=fixed_frag_lph_cpf descriptor=0x11c098df0 archive=0x0 cache=0x0 function=0x12c77fb00
#### TILE-PIPE out: pipeline=0x12c864600 class=AGXG13GFamilyTileRenderPipeline err=(nil)
#### RENDER-PIPELINE #38 variant=error device=AGXG13GFamilyDevice options=0 label=com.apple.coreanimation.draw.Pw40aBsovXm_TimgA2Xhfcx_Isrc vertex=fixed_vert_lph_spc fragment=fixed_frag_lph_cpf colors=552,115,0,0 depth=0 stencil=0 samples=1 result=0x12d0b9a00 class=AGXG13GFamilyRenderPipeline errorDomain=(not-requested-or-nil) errorCode=0 description=(nil) userInfo=(nil)
#### MTL_TEX LEASE-NEW #19 key=1214x44-pf552-bpe8-fcc1999908961 entry=0x11c0980e0 surf=0x11c096fd0 tex=0x11c097520 retain=2 baseline=1 bpr=9728 alloc=432KB shapeEntries=1 pool=9MB map=LINEAR
#### AGXIOC Scalar sel=0x10->0xe inCnt=1 -> 0x0
#### AGXIOC Method sel=0xf->0xd inCnt=2 inSC=0 outSC=16 -> 0x0
#### AGXIOC Scalar sel=0x10->0xe inCnt=1 -> 0x0
#### RENDER-PIPELINE #39 variant=error device=AGXG13GFamilyDevice options=0 label=com.apple.coreanimation.draw.Pw40aXm_Tn15A2Xhf_Isrc vertex=downsample_blur_vert_lph fragment=narrow_blur_15_frag_lph colors=552,115,0,0 depth=0 stencil=0 samples=1 result=0x12c87c800 class=AGXG13GFamilyRenderPipeline errorDomain=(not-requested-or-nil) errorCode=0 description=(nil) userInfo=(nil)
#### MTL_TEX LEASE-NEW #20 key=1214x44-pf552-bpe8-fcc1999908961 entry=0x11c099a10 surf=0x11c09b290 tex=0x11c099eb0 retain=2 baseline=1 bpr=9728 alloc=432KB shapeEntries=2 pool=9MB map=LINEAR
#### MACWS-METAL-TARGET specialized-internal selector=newSpecializedFunctionWithDescriptor:destinationArchive:functionCache:error: name=fixed_frag_lph_cpf descriptor=0x12c7854e0 archive=0x0 cache=0x0 function=0x12c788ca0
#### RENDER-PIPELINE #40 variant=error device=AGXG13GFamilyDevice options=0 label=com.apple.coreanimation.draw.Pw40aXm_TsplA2Xhfcx_Isrc vertex=fixed_vert_lph_spc fragment=fixed_frag_lph_cpf colors=552,115,0,0 depth=0 stencil=0 samples=1 result=0x12d0bdc00 class=AGXG13GFamilyRenderPipeline errorDomain=(not-requested-or-nil) errorCode=0 description=(nil) userInfo=(nil)
#### MACWS-METAL-TARGET specialized-internal selector=newSpecializedFunctionWithDescriptor:destinationArchive:functionCache:error: name=fixed_frag_lph_cpf descriptor=0x12c78a140 archive=0x0 cache=0x0 function=0x12c78e3c0
#### RENDER-PIPELINE #41 variant=error device=AGXG13GFamilyDevice options=0 label=com.apple.coreanimation.draw.Pb3a8Xm_BdrkA2Xhfcx vertex=fixed_vert_lph_spc fragment=fixed_frag_lph_cpf colors=550,115,0,0 depth=0 stencil=0 samples=1 result=0x12d0c1000 class=AGXG13GFamilyRenderPipeline errorDomain=(not-requested-or-nil) errorCode=0 description=(nil) userInfo=(nil)
#### RENDER-PIPELINE #42 variant=error device=AGXG13GFamilyDevice options=0 label=com.apple.coreanimation.draw.Pb3a8BsovXm_TimgA2Xhfcx_Isrc vertex=fixed_vert_lph_spc fragment=fixed_frag_lph_cpf colors=550,115,0,0 depth=0 stencil=0 samples=1 result=0x12d0c3400 class=AGXG13GFamilyRenderPipeline errorDomain=(not-requested-or-nil) errorCode=0 description=(nil) userInfo=(nil)
#### MACWS-METAL-TARGET specialized-internal selector=newSpecializedFunctionWithDescriptor:destinationArchive:functionCache:error: name=fixed_frag_lph_cpf descriptor=0x12c791330 archive=0x0 cache=0x0 function=0x12c792600
#### RENDER-PIPELINE #43 variant=error device=AGXG13GFamilyDevice options=0 label=com.apple.coreanimation.draw.Pb3a8BsovXm_TcimA2Xhfcx_Isrc vertex=fixed_vert_lph_spc fragment=fixed_frag_lph_cpf colors=550,115,0,0 depth=0 stencil=0 samples=1 result=0x12d0ca200 class=AGXG13GFamilyRenderPipeline errorDomain=(not-requested-or-nil) errorCode=0 description=(nil) userInfo=(nil)
#### AGXIOC Method sel=0xd->0xc inCnt=2 inSC=0 outSC=0 -> 0x0
#### AGXIOC Method sel=0xd->0xc inCnt=2 inSC=0 outSC=0 -> 0x0
#### AGXIOC Method sel=0xd->0xc inCnt=2 inSC=0 outSC=0 -> 0x0
#### AGXIOC Method sel=0xd->0xc inCnt=2 inSC=0 outSC=0 -> 0x0
#### IOSURFACE-RELEASE-ABI pair #15: conn=43527 surfaceID=159 sel=1 -> 0
#### AGXIOC Method sel=0xf->0xd inCnt=2 inSC=0 outSC=16 -> 0x0
#### IOGPU-ERROR-GETTER observation=45 commandBuffer=0x12c777fc0 class=AGXG13GFamilyCommandBuffer submitSerial=0 fixed=0 domain=MTLCommandBufferErrorDomain code=1 description=Internal Error (00000100:Internal Error)
#### IOGPU-ERROR-GETTER observation=46 commandBuffer=0x12c777fc0 class=AGXG13GFamilyCommandBuffer submitSerial=0 fixed=0 domain=MTLCommandBufferErrorDomain code=1 description=Internal Error (00000100:Internal Error)
#### IOSURFACE-RELEASE-ABI pair #16: conn=43527 surfaceID=181 sel=1 -> 0
#### IOSURFACE-COMPAT bytesPerTileData plane=0 original=153600 property=1024 recovery=500
#### IOGPU-ERROR-GETTER observation=47 commandBuffer=0x12c785150 class=AGXG13GFamilyCommandBuffer submitSerial=0 fixed=0 domain=MTLCommandBufferErrorDomain code=1 description=Internal Error (00000100:Internal Error)
#### IOGPU-ERROR-GETTER observation=48 commandBuffer=0x12c785150 class=AGXG13GFamilyCommandBuffer submitSerial=0 fixed=0 domain=MTLCommandBufferErrorDomain code=1 description=Internal Error (00000100:Internal Error)
#### IOSURFACE-COMPAT baseAddress plane=0 original=0x12ae91800 base=0x12ae6c000 propertyOffset=0 corrected=0x12ae6c000 recovery=1500
#### IOGPU-ERROR-GETTER observation=49 commandBuffer=0x12c773c40 class=AGXG13GFamilyCommandBuffer submitSerial=0 fixed=0 domain=MTLCommandBufferErrorDomain code=1 description=Internal Error (00000100:Internal Error)
#### IOGPU-ERROR-GETTER observation=50 commandBuffer=0x12c773c40 class=AGXG13GFamilyCommandBuffer submitSerial=0 fixed=0 domain=MTLCommandBufferErrorDomain code=1 description=Internal Error (00000100:Internal Error)
#### IOGPU-ERROR-GETTER observation=51 commandBuffer=0x12c7784e0 class=AGXG13GFamilyCommandBuffer submitSerial=0 fixed=0 domain=MTLCommandBufferErrorDomain code=1 description=Internal Error (00000100:Internal Error)
#### IOGPU-ERROR-GETTER observation=52 commandBuffer=0x12c7784e0 class=AGXG13GFamilyCommandBuffer submitSerial=0 fixed=0 domain=MTLCommandBufferErrorDomain code=1 description=Internal Error (00000100:Internal Error)
#### IOSURFACE-COMPAT heightInTiles plane=0 original=0 property=105 recovery=500
#### IOGPU-ERROR-GETTER observation=53 commandBuffer=0x12c77ea80 class=AGXG13GFamilyCommandBuffer submitSerial=0 fixed=0 domain=MTLCommandBufferErrorDomain code=1 description=Internal Error (00000100:Internal Error)
#### IOGPU-ERROR-GETTER observation=54 commandBuffer=0x12c77ea80 class=AGXG13GFamilyCommandBuffer submitSerial=0 fixed=0 domain=MTLCommandBufferErrorDomain code=1 description=Internal Error (00000100:Internal Error)
#### IOGPU-ERROR-GETTER observation=55 commandBuffer=0x12c773ef0 class=AGXG13GFamilyCommandBuffer submitSerial=0 fixed=0 domain=MTLCommandBufferErrorDomain code=1 description=Internal Error (00000100:Internal Error)
#### IOGPU-ERROR-GETTER observation=56 commandBuffer=0x12c773ef0 class=AGXG13GFamilyCommandBuffer submitSerial=0 fixed=0 domain=MTLCommandBufferErrorDomain code=1 description=Internal Error (00000100:Internal Error)
#### IOGPU-ERROR-GETTER observation=57 commandBuffer=0x12c782410 class=AGXG13GFamilyCommandBuffer submitSerial=0 fixed=0 domain=MTLCommandBufferErrorDomain code=1 description=Internal Error (00000100:Internal Error)
#### IOGPU-ERROR-GETTER observation=58 commandBuffer=0x12c782410 class=AGXG13GFamilyCommandBuffer submitSerial=0 fixed=0 domain=MTLCommandBufferErrorDomain code=1 description=Internal Error (00000100:Internal Error)
#### IOSURFACE-COMPAT widthInTiles plane=0 original=105 property=150 recovery=1000
#### IOGPU-ERROR-GETTER observation=59 commandBuffer=0x12c777c80 class=AGXG13GFamilyCommandBuffer submitSerial=0 fixed=0 domain=MTLCommandBufferErrorDomain code=1 description=Internal Error (00000100:Internal Error)
#### IOGPU-ERROR-GETTER observation=60 commandBuffer=0x12c777c80 class=AGXG13GFamilyCommandBuffer submitSerial=0 fixed=0 domain=MTLCommandBufferErrorDomain code=1 description=Internal Error (00000100:Internal Error)
#### IOSURFACE-COMPAT baseAddress plane=0 original=0x153731800 base=0x15370c000 propertyOffset=0 corrected=0x15370c000 recovery=2000
#### IOGPU-ERROR-GETTER observation=61 commandBuffer=0x12c772a00 class=AGXG13GFamilyCommandBuffer submitSerial=0 fixed=0 domain=MTLCommandBufferErrorDomain code=1 description=Internal Error (00000100:Internal Error)
#### IOGPU-ERROR-GETTER observation=62 commandBuffer=0x12c772a00 class=AGXG13GFamilyCommandBuffer submitSerial=0 fixed=0 domain=MTLCommandBufferErrorDomain code=1 description=Internal Error (00000100:Internal Error)
#### IOGPU-ERROR-GETTER observation=63 commandBuffer=0x11c09ef20 class=AGXG13GFamilyCommandBuffer submitSerial=0 fixed=0 domain=MTLCommandBufferErrorDomain code=1 description=Internal Error (00000100:Internal Error)
#### IOGPU-ERROR-GETTER observation=64 commandBuffer=0x11c09ef20 class=AGXG13GFamilyCommandBuffer submitSerial=0 fixed=0 domain=MTLCommandBufferErrorDomain code=1 description=Internal Error (00000100:Internal Error)
#### AGX_SUBMIT_DIAG #71 TEMP-KCMD-WRAPPED-FIX match=32 type9=0x10 subtype1@0x10 span=0x858->0x838 range=0x10..0x868->0x848 storage=0x868->0x848 flatten=iOS-direct final=0x820
#### AGX_LIFE CREATE id=0x66 type=0 surf=0 bytes=0x40000 kr=0 okC=250 failC=0 okD=119 failD=0 unmatchedD=0 full=0 live=131/104MB [t0=103/34MB t80=0/0MB t82=28/70MB]
#### IOSURFACE-COMPAT baseAddress plane=0 original=0x150d99800 base=0x150d74000 propertyOffset=0 corrected=0x150d74000 recovery=2500
#### IOSURFACE-COMPAT baseAddress plane=0 original=0x150d99800 base=0x150d74000 propertyOffset=0 corrected=0x150d74000 recovery=3000
#### IOSURFACE-COMPAT widthInTiles plane=0 original=105 property=150 recovery=1500
#### MTL_TEX LEASE-NEW #21 key=128x64-pf552-bpe8-fcc1999908961 entry=0x12c771370 surf=0x12c780570 tex=0x12c78ef80 retain=2 baseline=1 bpr=1024 alloc=64KB shapeEntries=1 pool=9MB map=LINEAR
#### MTL_TEX LEASE-NEW #22 key=110x69-pf552-bpe8-fcc1999908961 entry=0x12c774430 surf=0x12c78ed50 tex=0x12c78d4a0 retain=2 baseline=1 bpr=896 alloc=64KB shapeEntries=1 pool=9MB map=LINEAR
#### AGXBuffer init-bytes REDIRECT-iOS-NATIVE: self=0x12c791e30 dev=0x12d02b000 len=16384 opt=0x10 pin=0 -> [dev newBufferWithLength:16384 options:0x10]
#### AGXBuffer init-bytes REDIRECT-iOS-NATIVE result: 0x12c790860 class=AGXG13GFamilyBuffer len=16384 gpuAddr=0x15003b0000 queried=YES
#### MTL_TEX LEASE-NEW #23 key=64x64-pf552-bpe8-fcc1999908961 entry=0x12c78d260 surf=0x12c78a5f0 tex=0x12c791480 retain=2 baseline=1 bpr=512 alloc=32KB shapeEntries=1 pool=9MB map=LINEAR
#### MTL_TEX LEASE-NEW #24 key=64x64-pf552-bpe8-fcc1999908961 entry=0x12c7918e0 surf=0x12c72cea0 tex=0x12c7943d0 retain=2 baseline=1 bpr=512 alloc=32KB shapeEntries=2 pool=9MB map=LINEAR
#### MACWS-METAL-TARGET specialized-internal selector=newSpecializedFunctionWithDescriptor:destinationArchive:functionCache:error: name=fixed_frag_lph_cpf descriptor=0x11c0a15a0 archive=0x0 cache=0x0 function=0x11c0a31c0
#### MTL_TEX LEASE-NEW #25 key=64x64-pf552-bpe8-fcc1999908961 entry=0x12c794160 surf=0x12c794fa0 tex=0x12c795240 retain=2 baseline=1 bpr=512 alloc=32KB shapeEntries=3 pool=9MB map=LINEAR
#### AGXBuffer init-bytes REDIRECT-iOS-NATIVE: self=0x12c793f10 dev=0x12d02b000 len=16384 opt=0x10 pin=0 -> [dev newBufferWithLength:16384 options:0x10]
#### AGXBuffer init-bytes REDIRECT-iOS-NATIVE result: 0x12c795660 class=AGXG13GFamilyBuffer len=16384 gpuAddr=0x15003e8000 queried=YES
#### RENDER-PIPELINE #44 variant=error device=AGXG13GFamilyDevice options=0 label=com.apple.coreanimation.draw.Pw40aBsovXm_TimgA2Xhfcx_Ialp vertex=fixed_vert_lph_spc fragment=fixed_frag_lph_cpf colors=552,115,0,0 depth=0 stencil=0 samples=1 result=0x12c889800 class=AGXG13GFamilyRenderPipeline errorDomain=(not-requested-or-nil) errorCode=0 description=(nil) userInfo=(nil)
#### RENDER-PIPELINE #45 variant=error device=AGXG13GFamilyDevice options=0 label=com.apple.coreanimation.draw.Pw40aBsovXm_TcimA2Xhfcx_Ialp vertex=fixed_vert_lph_spc fragment=fixed_frag_lph_cpf colors=552,115,0,0 depth=0 stencil=0 samples=1 result=0x12c888e00 class=AGXG13GFamilyRenderPipeline errorDomain=(not-requested-or-nil) errorCode=0 description=(nil) userInfo=(nil)
#### AGXIOC Scalar sel=0x10->0xe inCnt=1 -> 0x0
#### AGXIOC Method sel=0xf->0xd inCnt=2 inSC=0 outSC=16 -> 0x0
#### AGXIOC Scalar sel=0x10->0xe inCnt=1 -> 0x0
#### MTL_TEX LEASE-NEW #26 key=70x71-pf552-bpe8-fcc1999908961 entry=0x12c794070 surf=0x12c791220 tex=0x12c796e40 retain=2 baseline=1 bpr=640 alloc=48KB shapeEntries=1 pool=9MB map=LINEAR
#### MTL_TEX LEASE-NEW #27 key=77x77-pf552-bpe8-fcc1999908961 entry=0x12c796240 surf=0x12c795230 tex=0x12c7979a0 retain=2 baseline=1 bpr=640 alloc=64KB shapeEntries=1 pool=9MB map=LINEAR
#### AGXBuffer init-bytes REDIRECT-iOS-NATIVE: self=0x12c7986b0 dev=0x12d02b000 len=16384 opt=0x10 pin=0 -> [dev newBufferWithLength:16384 options:0x10]
#### AGXBuffer init-bytes REDIRECT-iOS-NATIVE result: 0x12c798810 class=AGXG13GFamilyBuffer len=16384 gpuAddr=0x1500490000 queried=YES
#### MTL_TEX LEASE-NEW #28 key=89x65-pf552-bpe8-fcc1999908961 entry=0x12c790460 surf=0x12c797210 tex=0x12c799b50 retain=2 baseline=1 bpr=768 alloc=64KB shapeEntries=1 pool=9MB map=LINEAR
#### AGXBuffer init-bytes REDIRECT-iOS-NATIVE result: 0x12c79a6d0 class=AGXG13GFamilyBuffer len=16384 gpuAddr=0x1500540000 queried=YES
#### MACWS-METAL-TARGET base-function selector=newFunctionWithName: name=attachment_clear_frag_lph function=0x12c79b6c0
#### MACWS-METAL-TARGET base-function selector=newFunctionWithName: name=path_blit_vert_lph function=0x12c79bb40
#### RENDER-PIPELINE #46 variant=error device=AGXG13GFamilyDevice options=0 label=com.apple.coreanimation.draw.Pw40aXm_TatcA2S1Xhf vertex=path_blit_vert_lph fragment=attachment_clear_frag_lph colors=552,115,0,0 depth=0 stencil=0 samples=1 result=0x12d0ce200 class=AGXG13GFamilyRenderPipeline errorDomain=(not-requested-or-nil) errorCode=0 description=(nil) userInfo=(nil)
#### AGXBuffer init-bytes REDIRECT-iOS-NATIVE result: 0x12c79dee0 class=AGXG13GFamilyBuffer len=16384 gpuAddr=0x1500548000 queried=YES
#### AGX_MAP_AUDIT #130 tex=0x12c79d780 impl=0x12c79e180 iosurface(arg=0x12c780280 bound=0x12c780280) requested=218x200 pf=30 plane(arg=0 bound=0) cpu130=0x128ac8000 gpu40=0x1500550000 descriptorOff=0x190 address=0x1500550000 descriptorLayout=0 compressed=0 extended=0 match=1
#### AGXBuffer init-bytes REDIRECT-iOS-NATIVE result: 0x12c79e5c0 class=AGXG13GFamilyBuffer len=16384 gpuAddr=0x1500570000 queried=YES
#### MACWS-METAL-TARGET specialized-internal selector=newSpecializedFunctionWithDescriptor:destinationArchive:functionCache:error: name=fixed_frag_lph_cpf descriptor=0x11c0a15a0 archive=0x0 cache=0x0 function=0x11c0a3e00
#### RENDER-PIPELINE #47 variant=error device=AGXG13GFamilyDevice options=0 label=com.apple.coreanimation.draw.Pw40aBsovXm_TcimA2S1Xhfcu_Ialp vertex=fixed_vert_lph_spc fragment=fixed_frag_lph_cpf colors=552,115,0,0 depth=0 stencil=0 samples=1 result=0x12c894200 class=AGXG13GFamilyRenderPipeline errorDomain=(not-requested-or-nil) errorCode=0 description=(nil) userInfo=(nil)
#### MACWS-METAL-TARGET specialized-internal selector=newSpecializedFunctionWithDescriptor:destinationArchive:functionCache:error: name=fixed_frag_lph_cpf descriptor=0x11c0a5870 archive=0x0 cache=0x0 function=0x11c0a7440
#### RENDER-PIPELINE #48 variant=error device=AGXG13GFamilyDevice options=0 label=com.apple.coreanimation.draw.Pw40aBsovXm_TcimA2S1Xhfcu_Icir vertex=fixed_vert_lph_spc fragment=fixed_frag_lph_cpf colors=552,115,0,0 depth=0 stencil=0 samples=1 result=0x12c898200 class=AGXG13GFamilyRenderPipeline errorDomain=(not-requested-or-nil) errorCode=0 description=(nil) userInfo=(nil)
#### MACWS-METAL-TARGET specialized-internal selector=newSpecializedFunctionWithDescriptor:destinationArchive:functionCache:error: name=fixed_frag_lph_cpf descriptor=0x11c0a8f20 archive=0x0 cache=0x0 function=0x11c0aaaf0
#### RENDER-PIPELINE #49 variant=error device=AGXG13GFamilyDevice options=0 label=com.apple.coreanimation.draw.Pw40aBdotXm_TimgA2S1Xhfcu_IsrgCcl vertex=fixed_vert_lph_spc fragment=fixed_frag_lph_cpf colors=552,115,0,0 depth=0 stencil=0 samples=1 result=0x12c8a0600 class=AGXG13GFamilyRenderPipeline errorDomain=(not-requested-or-nil) errorCode=0 description=(nil) userInfo=(nil)
#### MACWS-METAL-TARGET specialized-internal selector=newSpecializedFunctionWithDescriptor:destinationArchive:functionCache:error: name=fixed_frag_lph_cpf descriptor=0x11c0ac5b0 archive=0x0 cache=0x0 function=0x11c0ae150
#### RENDER-PIPELINE #50 variant=error device=AGXG13GFamilyDevice options=0 label=com.apple.coreanimation.draw.Pw40aBsovXm_TcimA2Xhfcx_IsrcM1 vertex=fixed_vert_lph_spc fragment=fixed_frag_lph_cpf colors=552,115,0,0 depth=0 stencil=0 samples=1 result=0x12c8a4600 class=AGXG13GFamilyRenderPipeline errorDomain=(not-requested-or-nil) errorCode=0 description=(nil) userInfo=(nil)
#### MACWS-METAL-TARGET specialized-internal selector=newSpecializedFunctionWithDescriptor:destinationArchive:functionCache:error: name=fixed_frag_lph_cpf descriptor=0x11c0afff0 archive=0x0 cache=0x0 function=0x11c0b1bd0
#### RENDER-PIPELINE #51 variant=error device=AGXG13GFamilyDevice options=0 label=com.apple.coreanimation.draw.Pb3a8BsovXm_TmuaA2Xhfcx_Iara_Isqr vertex=fixed_vert_lph_spc fragment=fixed_frag_lph_cpf colors=550,115,0,0 depth=0 stencil=0 samples=1 result=0x12c8adc00 class=AGXG13GFamilyRenderPipeline errorDomain=(not-requested-or-nil) errorCode=0 description=(nil) userInfo=(nil)
#### MTL_TEX LEASE-HIT #3 key=2425x85-pf552-bpe8-fcc1999908961 entry=0x12c7805c0 surf=0x12c71f780 tex=0x12c77e660 retain=1 baseline=1 shapeEntries=1 pool=9MB
#### TRACE -[AGXBuffer initUntracked] self=0x12c7819f0 dev=0x12d02b000 len=6144 opt=0 -> 0x12c7819f0
#### TRACE -[AGXBuffer initUntracked] self=0x12c775430 dev=0x12d02b000 len=6144 opt=0 -> 0x12c775430
#### TRACE -[AGXBuffer initUntracked] self=0x12c771aa0 dev=0x12d02b000 len=1024 opt=0 -> 0x12c771aa0
#### MTL_TEX LEASE-HIT #4 key=1198x28-pf552-bpe8-fcc1999908961 entry=0x12c77e230 surf=0x12c77db30 tex=0x12c77f2c0 retain=1 baseline=1 shapeEntries=1 pool=9MB
#### MTL_TEX LEASE-HIT #5 key=1214x44-pf552-bpe8-fcc1999908961 entry=0x11c0980e0 surf=0x11c096fd0 tex=0x11c097520 retain=1 baseline=1 shapeEntries=2 pool=9MB
#### MTL_TEX LEASE-HIT #6 key=1214x44-pf552-bpe8-fcc1999908961 entry=0x11c099a10 surf=0x11c09b290 tex=0x11c099eb0 retain=1 baseline=1 shapeEntries=2 pool=9MB
#### MTL_TEX LEASE-NEW #29 key=96x64-pf552-bpe8-fcc1999908961 entry=0x12c77af90 surf=0x12c799820 tex=0x12c7a1e50 retain=2 baseline=1 bpr=768 alloc=48KB shapeEntries=1 pool=9MB map=LINEAR
#### IOSURFACE-COMPAT bytesPerTileData plane=0 original=153600 property=1024 recovery=1000
#### IOSURFACE-COMPAT baseAddress plane=0 original=0x152155800 base=0x152130000 propertyOffset=0 corrected=0x152130000 recovery=3500
#### IOSURFACE-COMPAT heightInTiles plane=0 original=0 property=105 recovery=1000
#### MTL_TEX PF550-SURFACE: 16x16 tiles=1x1 surface=0x10e22d640 id=166 alloc=0x80500 actualAlloc=0x80500 rawCompressionType=0 rawHeightInTiles=0 compatibleCompressionType=3 compatibleHeightInTiles=1
#### MTL_TEX LEASE-NEW #30 key=16x16-pf550-bpe2-fcc643969848 entry=0x12c776ff0 surf=0x10e22d640 tex=0x12c78e560 retain=2 baseline=1 bpr=128 alloc=513KB shapeEntries=1 pool=10MB map=PF550-COMPRESSED
#### RENDER-PIPELINE #52 variant=error device=AGXG13GFamilyDevice options=0 label=(nil) vertex=SimpleColorVertex fragment=SimpleColorFragment colors=550,115,0,0 depth=0 stencil=0 samples=1 result=0x12d0cec00 class=AGXG13GFamilyRenderPipeline errorDomain=(not-requested-or-nil) errorCode=0 description=(nil) userInfo=(nil)
#### MTL_TEX PF550-SURFACE: 84x48 tiles=6x3 surface=0x12c72cc90 id=254 alloc=0x85a00 actualAlloc=0x85a00 rawCompressionType=0 rawHeightInTiles=0 compatibleCompressionType=3 compatibleHeightInTiles=3
#### MTL_TEX LEASE-NEW #31 key=84x48-pf550-bpe2-fcc643969848 entry=0x12c720360 surf=0x12c72cc90 tex=0x12c7a0190 retain=2 baseline=1 bpr=128 alloc=534KB shapeEntries=1 pool=10MB map=PF550-COMPRESSED
#### AGXIOC Method sel=0xf->0xd inCnt=2 inSC=0 outSC=16 -> 0x0
#### MTL_TEX PF550-SURFACE: 58x48 tiles=4x3 surface=0x12c78dd60 id=265 alloc=0x83c00 actualAlloc=0x83c00 rawCompressionType=0 rawHeightInTiles=0 compatibleCompressionType=3 compatibleHeightInTiles=3
#### MTL_TEX LEASE-NEW #32 key=58x48-pf550-bpe2-fcc643969848 entry=0x12c79b2e0 surf=0x12c78dd60 tex=0x12c797640 retain=2 baseline=1 bpr=128 alloc=527KB shapeEntries=1 pool=11MB map=PF550-COMPRESSED
#### MTL_TEX PF550-SURFACE: 106x48 tiles=7x3 surface=0x12c7787d0 id=267 alloc=0x86900 actualAlloc=0x86900 rawCompressionType=0 rawHeightInTiles=0 compatibleCompressionType=3 compatibleHeightInTiles=3
#### MTL_TEX LEASE-NEW #33 key=106x48-pf550-bpe2-fcc643969848 entry=0x12c794de0 surf=0x12c7787d0 tex=0x12c797430 retain=2 baseline=1 bpr=128 alloc=538KB shapeEntries=1 pool=11MB map=PF550-COMPRESSED
#### IOSURFACE-COMPAT baseAddress plane=0 original=0x128eb9c00 base=0x128eb8000 propertyOffset=0 corrected=0x128eb8000 recovery=4000
#### MTL_TEX LEASE-HIT #7 key=74x6-pf552-bpe8-fcc1999908961 entry=0x11c630cf0 surf=0x11c630d50 tex=0x11c632850 retain=1 baseline=1 shapeEntries=1 pool=11MB
#### MTL_TEX LEASE-HIT #8 key=76x8-pf552-bpe8-fcc1999908961 entry=0x11c634490 surf=0x11c6346f0 tex=0x11c635160 retain=1 baseline=1 shapeEntries=1 pool=11MB
#### MTL_TEX PF550-SURFACE: 72x48 tiles=5x3 surface=0x10e938a20 id=167 alloc=0x84b00 actualAlloc=0x84b00 rawCompressionType=0 rawHeightInTiles=0 compatibleCompressionType=3 compatibleHeightInTiles=3
#### MTL_TEX LEASE-NEW #34 key=72x48-pf550-bpe2-fcc643969848 entry=0x10e937710 surf=0x10e938a20 tex=0x10e928690 retain=2 baseline=1 bpr=128 alloc=530KB shapeEntries=1 pool=12MB map=PF550-COMPRESSED
#### IOSURFACE-COMPAT widthInTiles plane=0 original=105 property=150 recovery=2000
#### IOSURFACE-COMPAT baseAddress plane=0 original=0x153731800 base=0x15370c000 propertyOffset=0 corrected=0x15370c000 recovery=4500
#### IOSURFACE-COMPAT baseAddress plane=0 original=0x150d99800 base=0x150d74000 propertyOffset=0 corrected=0x150d74000 recovery=5000
#### IOGPU-ERROR-GETTER observation=128 commandBuffer=0x12c7a3fd0 class=AGXG13GFamilyCommandBuffer submitSerial=0 fixed=0 domain=MTLCommandBufferErrorDomain code=1 description=Internal Error (00000100:Internal Error)
#### MTL_TEX LEASE-HIT #9 key=74x6-pf552-bpe8-fcc1999908961 entry=0x11c630cf0 surf=0x11c630d50 tex=0x11c632850 retain=1 baseline=1 shapeEntries=1 pool=12MB
#### MTL_TEX LEASE-HIT #10 key=76x8-pf552-bpe8-fcc1999908961 entry=0x11c634490 surf=0x11c6346f0 tex=0x11c635160 retain=1 baseline=1 shapeEntries=1 pool=12MB
#### AGX_SUBMIT_DIAG #145 TEMP-KCMD-WRAPPED-FIX match=64 type9=0x10 subtype1@0x10 span=0x858->0x838 range=0x10..0x868->0x848 storage=0x868->0x848 flatten=iOS-direct final=0x820
#### IOSURFACE-COMPAT bytesPerTileData plane=0 original=153600 property=1024 recovery=1500
#### IOSURFACE-COMPAT widthInTiles plane=1 original=105 property=150 recovery=2500
#### IOSURFACE-COMPAT baseAddress plane=0 original=0x14f9dd800 base=0x14f9b8000 propertyOffset=0 corrected=0x14f9b8000 recovery=5500
#### IOSURFACE-COMPAT heightInTiles plane=0 original=0 property=105 recovery=1500
#### AGX_LIFE DESTROY id=0x86 type=0x82 surf=0x10c bytes=0x13bc000 kr=0 okC=418 failC=0 okD=250 failD=0 unmatchedD=0 full=0 live=168/87MB [t0=126/33MB t80=0/0MB t82=42/53MB]
#### IOSURFACE-COMPAT baseAddress plane=0 original=0x14e621800 base=0x14e5fc000 propertyOffset=0 corrected=0x14e5fc000 recovery=6000
#### IOSURFACE-COMPAT widthInTiles plane=0 original=105 property=150 recovery=3000
#### IOSURFACE-COMPAT baseAddress plane=0 original=0x152155800 base=0x152130000 propertyOffset=0 corrected=0x152130000 recovery=6500
#### IOSURFACE-COMPAT bytesPerTileData plane=0 original=153600 property=1024 recovery=2000
#### IOSURFACE-COMPAT baseAddress plane=0 original=0x152155800 base=0x152130000 propertyOffset=0 corrected=0x152130000 recovery=7000
#### MACWS_AGX_NATIVE memoryless witness #600 instance=0x12d02b000 class=AGXG13GFamilyDevice original=0x20c9ae8a8 -> YES
#### COEXIST DIAGNOSTIC activity pace: mode=interactive pace=16667 us idle=100000 us window=1000ms
#### IOSURFACE-COMPAT heightInTiles plane=0 original=0 property=105 recovery=2000
#### IOSURFACE-COMPAT widthInTiles plane=0 original=105 property=150 recovery=3500
#### IOSURFACE-COMPAT baseAddress plane=0 original=0x12d825800 base=0x12d800000 propertyOffset=0 corrected=0x12d800000 recovery=7500
#### MTL_TEX PF550-SURFACE: 2388x1668 tiles=150x105 surface=0x11c0abd60 id=269 alloc=0x13b9e00 actualAlloc=0x13b9e00 rawCompressionType=0 rawHeightInTiles=0 compatibleCompressionType=3 compatibleHeightInTiles=105
#### MTL_TEX LEASE-NEW #35 key=2388x1668-pf550-bpe2-fcc643969848 entry=0x11c0a8c60 surf=0x11c0abd60 tex=0x11c0aa230 retain=2 baseline=1 bpr=2432 alloc=20199KB shapeEntries=1 pool=32MB map=PF550-COMPRESSED
#### MTL_TEX LEASE-NEW #36 key=301x6-pf552-bpe8-fcc1999908961 entry=0x12c789ed0 surf=0x12c793060 tex=0x12c7a4230 retain=2 baseline=1 bpr=2432 alloc=16KB shapeEntries=1 pool=32MB map=LINEAR
#### MTL_TEX LEASE-NEW #37 key=301x6-pf552-bpe8-fcc1999908961 entry=0x12c71e920 surf=0x12c782690 tex=0x12c7a4da0 retain=2 baseline=1 bpr=2432 alloc=16KB shapeEntries=2 pool=32MB map=LINEAR
#### MTL_TEX LEASE-NEW #38 key=78x4-pf552-bpe8-fcc1999908961 entry=0x12c783b20 surf=0x12c783980 tex=0x12c78da20 retain=2 baseline=1 bpr=640 alloc=16KB shapeEntries=1 pool=32MB map=LINEAR
#### MTL_TEX LEASE-NEW #39 key=80x6-pf552-bpe8-fcc1999908961 entry=0x12c7a5900 surf=0x12c7a58c0 tex=0x12c779ab0 retain=2 baseline=1 bpr=640 alloc=16KB shapeEntries=1 pool=32MB map=LINEAR
#### AGX_LIFE CREATE id=0xb2 type=0x82 surf=0x115 bytes=0x30000 kr=0 okC=500 failC=0 okD=322 failD=0 unmatchedD=0 full=0 live=178/146MB [t0=128/33MB t80=0/0MB t82=50/113MB]
#### MTL_TEX LEASE-NEW #40 key=384x64-pf552-bpe8-fcc1999908961 entry=0x12c773460 surf=0x12c7853d0 tex=0x12c7a7970 retain=2 baseline=1 bpr=3072 alloc=192KB shapeEntries=1 pool=32MB map=LINEAR
#### MTL_TEX LEASE-HIT #11 key=64x64-pf552-bpe8-fcc1999908961 entry=0x12c78d260 surf=0x12c78a5f0 tex=0x12c791480 retain=1 baseline=1 shapeEntries=3 pool=32MB
#### MACWS-METAL-TARGET specialized-internal selector=newSpecializedFunctionWithDescriptor:destinationArchive:functionCache:error: name=fixed_frag_lph_cpf descriptor=0x11c0b37a0 archive=0x0 cache=0x0 function=0x11c0b5400
#### RENDER-PIPELINE #53 variant=error device=AGXG13GFamilyDevice options=0 label=com.apple.coreanimation.draw.Pb3a8Xm_TimgA2Xhfcx_IsrcCcl vertex=fixed_vert_lph_spc fragment=fixed_frag_lph_cpf colors=550,115,0,0 depth=0 stencil=0 samples=1 result=0x12c8b4600 class=AGXG13GFamilyRenderPipeline errorDomain=(not-requested-or-nil) errorCode=0 description=(nil) userInfo=(nil)
#### MACWS-METAL-TARGET specialized-internal selector=newSpecializedFunctionWithDescriptor:destinationArchive:functionCache:error: name=fixed_frag_lph_cpf descriptor=0x11c0b6e10 archive=0x0 cache=0x0 function=0x11c0b8a70
#### RENDER-PIPELINE #55 variant=error device=AGXG13GFamilyDevice options=0 label=com.apple.coreanimation.draw.Pb3a8BsovXm_TmuaA2Xhfcx_Isrc_Isqr vertex=fixed_vert_lph_spc fragment=fixed_frag_lph_cpf colors=550,115,0,0 depth=0 stencil=0 samples=1 result=0x12c8cc800 class=AGXG13GFamilyRenderPipeline errorDomain=(not-requested-or-nil) errorCode=0 description=(nil) userInfo=(nil)
#### RENDER-PIPELINE #54 variant=error device=AGXG13GFamilyDevice options=0 label=com.apple.coreanimation.draw.Pw40aXm_TipcA2Xhf_Isrc vertex=std_vert1_lph fragment=inplace_copy_lph colors=552,115,0,0 depth=0 stencil=0 samples=1 result=0x0 class=(nil) errorDomain=AGXMetal13_3 errorCode=3 description=Target OS is incompatible. userInfo={
    NSLocalizedDescription = "Target OS is incompatible.";
}
#### RENDER-PIPELINE #56 variant=error device=AGXG13GFamilyDevice options=0 label=com.apple.coreanimation.draw.Pw40aXm_TipcA2Xhf_Isrc vertex=std_vert1_lph fragment=inplace_copy_lph colors=552,115,0,0 depth=0 stencil=0 samples=1 result=0x0 class=(nil) errorDomain=AGXMetal13_3 errorCode=3 description=Target OS is incompatible. userInfo={
    NSLocalizedDescription = "Target OS is incompatible.";
}
[launchdchrootexec] target=/System/Library/PrivateFrameworks/SkyLight.framework/Resources/WindowServer arch=arm64 insert=/usr/local/lib/libmachook_arm64.dylib
getppid = 1
#### MACWS_HID_BYPASS installed SetMatchingMultiple → no-op (1) at 0x1aa7e5e8c — skips iOS-format CFBinaryPlist parse inside
####   IOHIDEventSystemClientCacheMatchingServices → IOHIDUnserializeAndVMDealloc → CFPropertyListCreateFromStream
####   that BUS_ADRALNs in the IOMFBServer thread.
#### MACWS_AGX_RENAMER_PATCH: off (set MACWS_AGX_RENAMER_PATCH=1 to enable)
#### MACWS_ASSERT_BYPASS DISABLED (set MACWS_KEEP_ASSERT_BYPASS=1 to restore lazy bypass) — real __assert_rtn now reaches abort
#### MACWS_AGX_NATIVE [ctor] pre-loaded IOGPU via /System/Library/PrivateFrameworks/IOGPU.framework/IOGPU -> 0x3ea76cc10
#### SkyLight PrepareForUse tolerate-nil hook installed at 0x1ac65cfc4
#### SkyLight StartCompositeForDisplayStream nil-skip hook installed at 0x1ac485d74
#### SkyLight StartComposite(WSCD) tolerate-nil + pop-on-bail hook installed at 0x1ac485358
#### SkyLight StartComposite(MTLTex) pop-on-bail hook installed at 0x1ac485fb8
#### SkyLight EndCurrentComposite(bool) completion hook installed at 0x1ac48453c
#### SkyLight EndUpdate(bool) submission hook installed at 0x1ac4840b0
#### SkyLight _state_stack pop_back resolved at 0x1ac482fa0
#### SkyLight WSCompositeDestinationCreateWithMetalTexture nil-tolerate hook installed at 0x1ac48853c
#### SkyLight MetalContext::StopCapture invalid-this guard installed at 0x1ac4841bc
#### COEXIST API SwapEnd hook installed target=0x1b227b1cc trampoline=0x102db0000
#### COEXIST: verified kern_SwapEnd BL; SwapEnd(sel5) -> SwapCancel(sel0x34) translation armed
#### MACWS_AGX_NATIVE class_addMethod(MTLTextureDescriptor, validateWithDevice:) = 1
#### MACWS_AGX_NATIVE class_addMethod(IOGPUMetalTexture, isMemoryless) = 1
#### MACWS_AGX_NATIVE class_addMethod(IOGPUMetalTexture, getCPUSizeBytes) = 1
#### MACWS_AGX_NATIVE class_addMethod(IOGPUMetalTexture, getAlignment) = 1
#### MACWS_AGX_NATIVE class_addMethod(IOGPUMetalTexture, descriptorPrivate) = 1
#### MACWS_AGX_NATIVE class_addMethod(IOGPUMetalTexture, getBytesPerRow) = 1
#### MACWS_AGX_NATIVE class_addMethod(IOGPUMetalTexture, updateBindDataWithAddresses:gpuVirtualAddress:) = 1
#### MACWS_AGX_NATIVE class_addMethod(IOGPUMetalTexture, updateBindDataWithAddresses:gpuVirtualAddress:shouldInitMetadata:) = 1
#### MACWS_AGX_NATIVE class_addMethod(IOGPUMetalTexture, allocBufferSubDataWithLength:options:alignment:heapIndex:bufferIndex:bufferOffset:) = 1
#### MACWS_AGX_NATIVE class_addMethod(IOGPUMetalTexture, initNewTextureData:) = 1
#### MACWS_AGX_NATIVE class_addMethod(MTLTextureDescriptor, isMemoryless) = 1
#### MACWS_AGX_NATIVE class_addMethod(MTLTextureDescriptor, protectionOptions) = 1
#### MACWS_AGX_NATIVE class_addMethod(MTLTextureDescriptor, getCPUSizeBytes) = 1
#### MACWS_AGX_NATIVE class_addMethod(MTLTextureDescriptor, getAlignment) = 1
#### MACWS_AGX_NATIVE class_addMethod(MTLTextureDescriptor, descriptorPrivate) = 1
#### MACWS_AGX_NATIVE class_addMethod(MTLTextureDescriptor, getBytesPerRow) = 1
#### MACWS_AGX_NATIVE class_addMethod(MTLTextureDescriptor, updateBindDataWithAddresses:gpuVirtualAddress:) = 1
#### MACWS_AGX_NATIVE class_addMethod(MTLTextureDescriptor, updateBindDataWithAddresses:gpuVirtualAddress:shouldInitMetadata:) = 1
#### MACWS_AGX_NATIVE class_addMethod(MTLTextureDescriptor, allocBufferSubDataWithLength:options:alignment:heapIndex:bufferIndex:bufferOffset:) = 1
#### MACWS_AGX_NATIVE class_addMethod(MTLTextureDescriptor, initNewTextureData:) = 1
#### IOMFB CANCEL-COMPLETION QuartzCore observer enable-tag-list=0x1aeea885c trampoline=0x10447c000 callback=0x1aeea809c
#### COEXIST pre-lock pacing installed begin=0x1aeea7288/0x104488000 finish=0x1aeea7220/0x104494000
#### MACWS_CHROOT_ROOT installed FSNode isVolume repair class=0x202673398 original=0x1a7ba237c
#### XPC_BOOTSTRAP: fn=0x1a739d140 dict=0x146f0eec0 (registering Metal compiler service)
#### XPC_BOOTSTRAP: result=0
#### QC-DESKTOP-TARGET installed class=_MTLLibrary selector=newFunctionWithName: original=0x1b0abb104
#### QC-DESKTOP-TARGET installed class=_MTLLibrary selector=newFunctionWithName:constantValues:error: original=0x1b0ac4360
#### QC-DESKTOP-TARGET installed class=_MTLLibrary selector=newFunctionWithName:constantValues:functionCache:error: original=0x1b0ac4370
#### QC-DESKTOP-TARGET installed class=_MTLLibrary selector=newFunctionWithName:constantValues:pipelineLibrary:error: original=0x1b0b8abc0
#### QC-DESKTOP-TARGET installed class=_MTLLibrary selector=newFunctionWithName:constantValues:functionCache:specializedName:error: original=0x1b0b8aa10
#### MACWS-METAL-TARGET installed class=_MTLFunctionInternal selector=newSpecializedFunctionWithDescriptor:destinationArchive:functionCache:error: original=0x1b0b91b00 types=@48@0:8@16@24@32^@40
#### MACWS-METAL-TARGET installed class=_MTLFunctionInternal selector=newSpecializedFunctionWithDescriptor:destinationArchive:functionCache:sync:completionHandler: original=0x1b0b910c4 types=v52@0:8@16@24@32B40@?44
#### IOMFB CANCEL-COMPLETION observed enabled registration fb=0x150808200 client=10511 callback=0x1aeea809c context=0x1502040d0 flags=0x622040980ff44804 slot=0 vsync=0 source=0x2 displayTimer=0x0 fallbackTimer=0x0 runLoop=0x0
#### IOMFB CANCEL-COMPLETION observed enabled registration fb=0x150808200 client=10511 callback=0x1aeea809c context=0x1502040d0 flags=0x622040980ff44804 slot=0 vsync=0 source=0x2 displayTimer=0x0 fallbackTimer=0x0 runLoop=0x0
#### IOMFB CANCEL-COMPLETION observed enabled registration fb=0x14700fa00 client=60675 callback=0x1aeea809c context=0x150204a40 flags=0x600000b807f44904 slot=1 vsync=0 source=0x2 displayTimer=0x0 fallbackTimer=0x0 runLoop=0x0
#### IOMFB CANCEL-COMPLETION observed enabled registration fb=0x14700fa00 client=60675 callback=0x1aeea809c context=0x150204a40 flags=0x600000b807f44904 slot=1 vsync=0 source=0x2 displayTimer=0x0 fallbackTimer=0x0 runLoop=0x0
#### MACWS_AGX_NATIVE pre-loaded IOGPU via /System/Library/PrivateFrameworks/IOGPU.framework/IOGPU -> 0x3ea76cc10
#### MACWS_AGX_NATIVE dlsym(IOGPUResourceCreate) = 0x1c43ae0a0
#### MACWS_AGX_NATIVE dlsym(IOGPUMetalCommonResourceCreate) = 0x0
#### MACWS_AGX_NATIVE dlsym(IOGPUDeviceCreateWithAPIProperty) = 0x1c43ac0fc
#### MACWS_AGX_NATIVE dlsym(_IOGPUMetalAllocateResource) = 0x0
#### MACWS_AGX_NATIVE dlsym(IOGPUMetalAllocateResource) = 0x0
#### MACWS_AGX_STUB_FIX objc_msgSendSuper2 repaired-early stub=0x20ccb5fc0 target=0x1a72bde00 new=[d29bc010 f2b4e570 f2c00030 d61f0200]
#### AGX_CLASSREF_DIAG newTexture iosurface alloc class @0x241b01298 = 0x2440aa5f0 name=AGXG13GFamilyTexture
#### AGX_CLASSREF_DIAG initImpl method m=0x20ccb93ad imp=0x20cca2284 expected stub=0x20ccb2880 real=0x20cca2284 WHICH=AGXG13GFamilyTexture-real
#### MACWS_AGX_OBJC_AUTDA_PATCH msgSendSuper2=0x1a72bde00 code=0x1a72bde00 autda@0x1a72bde10 insn=0xdac11a30
####   PATCHED autda x16,x17 → xpacd x16 (0xdac11a30 → 0xdac147f0)
#### MACWS_AGX_SEL_DIAG super-init SEL static=0x1cffc6f26 slid=0x1f721ef26 readable=1
####   bytes="initWithDevice:descriptor:iosurface:plane:field:args:argsSize:"
####   sel_registerName(...) = 0x1f721ef26 name="initWithDevice:descriptor:iosurface:plane:field:args:argsSize:"
####   objc_getClass(IOGPUMetalTexture) = 0x202840fb0
####   IOGPUMetalTexture method count = 71
####     - initNewTextureData:
####     - updateBindDataWithAddresses:gpuVirtualAddress:shouldInitMetadata:
####     - initWithBuffer:descriptor:offset:bytesPerRow:
####     - initWithBuffer:descriptor:sysMemOffset:sysMemRowBytes:vidMemSize:vidMemRowBytes:args:argsSize:
####     - initWithBuffer:descriptor:sysMemOffset:sysMemRowBytes:vidMemSize:vidMemRowBytes:args:argsSize:isStrideTexture:
####     - initWithDevice:descriptor:iosurface:plane:field:args:argsSize:
####     - initWithDevice:descriptor:sysMemSize:sysMemRowBytes:vidMemSize:vidMemRowBytes:args:argsSize:
####     - initWithDevice:remoteStorageTexture:args:argsSize:
####     - initWithHeap:resource:offset:length:device:descriptor:
####     - initWithTexture:pixelFormat:
####     - initWithTexture:pixelFormat:textureType:levels:slices:
####     - initWithTexture:pixelFormat:textureType:levels:slices:swizzle:
####     - initWithTextureInternal:pixelFormat:textureType:levels:slices:swizzle:compressedView:
####     - initWithPrimaryBuffer:heapIndex:bufferIndex:bufferOffset:length:descriptor:sysMemRowBytes:vidMemSize:vidMemRowBytes:args:argsSize:
####   AGXTexture super class = 0x0 ((nil))
####   super responds to "initWithDevice:desc:iosurface:plane:" = 0 (Method=0x0)
####   super responds to "initWithDevice:descriptor:iosurface:plane:" = 0 (Method=0x0)
####   super responds to "initWithDevice:descriptor:iosurface:plane:field:args:argsSize:" = 0 (Method=0x0)
####   super responds to "initImplWithDevice:Descriptor:iosurface:plane:buffer:bytesPerRow:allowNPOT:sparsePageSize:isCompressedIOSurface:isHeapBacked:" = 0 (Method=0x0)
#### MACWS_AGX_NATIVE objc_getClass(AGXBuffer) = 0x0
#### MACWS_AGX_NATIVE __objc_classlist: 52 entries
####   classlist[0] = 0x2440aa6b8 name=AGXBuffer registered=0x0
####   classlist[1] = 0x2440aa2f8 name=AGXG13GFamilyBinaryArchive registered=0x0
####   classlist[2] = 0x2440aa168 name=AGXG13GFamilyBlitContext registered=0x0
####   classlist[3] = 0x2440a97e0 name=AGXG13GFamilyResourceStateContext registered=0x0
####   classlist[4] = 0x2440a9fd8 name=AGXG13GFamilyBuffer registered=0x0
####   classlist[5] = 0x2440a9830 name=AGXG13GFamilyCommandBuffer registered=0x0
#### MACWS_AGX_NATIVE objc_duplicateClass=0x1a72e3cb8
#### MACWS_AGX_NATIVE imageinfo=0x23e814a58 sz=8
#### debugbydcmmc IOServiceOpen agx connect=82695 type=0x1 (requested=0x5)
#### AGXIOC Struct sel=0x5->0x4 inSC=0 outSC=32 -> 0x0
#### AGXIOC Scalar sel=0x25->0x21 inCnt=2 -> 0x0
#### PREREGISTER image[308] AGXMetal13_3: 52/52 realized
#### PREREGISTER image[309] GPURawCounter: 6/6 realized
#### MACWS_AGX_NATIVE register pass 0: 0 new (total 58)
#### MACWS_AGX_NATIVE realized 58/52 classes
#### MACWS_AGX_NATIVE AGXBuffer after register: 0x2440aa6b8
#### MACWS_AGX_NATIVE [AGXBuffer alloc] = 0x13780f760
#### MACWS_AGX_NATIVE swizzled initUntrackedInternalBufferWithDevice:length:options:
#### MACWS_AGX_NATIVE swizzled initWithDevice:length:alignment:options:isSuballocDisabled:resourceInArgs:pinnedGPULocation:
#### MACWS_AGX_NATIVE tracing -[AGXBuffer initWithDevice:options:args:argsSize:] (nil preserved)
#### LIBOBJC dlsym(objc_constructInstance) = 0x1a72cac08
#### LIBOBJC dlsym(_dyld_objc_notify_register) = 0x1a765f480
#### LIBOBJC dlsym(_dyld_objc_register_callbacks) = 0x1a7661abc
#### LIBOBJC dlsym(objc_readClassPair) = 0x1a72d0bdc
#### LIBOBJC dlsym(objc_registerClassPair) = 0x1a72c1a3c
#### LIBOBJC dlsym(_objc_realizeClassFromSwift) = 0x1a72d0d34
#### LIBOBJC dlsym(objc_addLoadImageFunc) = 0x1a72d07c8
#### LIBOBJC dlsym(_objc_init) = 0x1a72b6004
#### CLASS_DETAIL [0] 0x2440aa6b8 name=AGXBuffer super=0x2028407e0 (IOGPUMetalBuffer) meta=0
#### CLASS_DETAIL [1] 0x2440aa2f8 name=AGXG13GFamilyBinaryArchive super=0x202bd73b8 (_MTLBinaryArchive) meta=0
#### CLASS_DETAIL [2] 0x2440aa168 name=AGXG13GFamilyBlitContext super=0x2028407b8 (IOGPUMetalBlitCommandEncoder) meta=0
#### CLASS_DETAIL [3] 0x2440a97e0 name=AGXG13GFamilyResourceStateContext super=0x202840f88 (IOGPUMetalResourceStateCommandEncoder) meta=0
#### CLASS_DETAIL [4] 0x2440a9fd8 name=AGXG13GFamilyBuffer super=0x2440aa6b8 (AGXBuffer) meta=0
#### CLASS_DETAIL [5] 0x2440a9830 name=AGXG13GFamilyCommandBuffer super=0x202840830 (IOGPUMetalCommandBuffer) meta=0
#### CLASS_DETAIL [6] 0x2440aa208 name=AGXG13GFamilyCommandQueue super=0x2028408d0 (IOGPUMetalCommandQueue) meta=0
#### CLASS_DETAIL [7] 0x2440aa118 name=AGXG13GFamilyComputePipeline super=0x202bd5d88 (_MTLComputePipelineState) meta=0
#### CLASS_DETAIL [8] 0x2440aa0c8 name=AGXG13GFamilyDeadlineProfile super=0x202652e70 (NSObject) meta=0
#### CLASS_DETAIL [9] 0x2440a98d0 name=AGXG13GFamilyDebugContext super=0x202840970 (IOGPUMetalDebugCommandEncoder) meta=0
#### CLASS_DETAIL [10] 0x2440aa000 name=AGXG13GFamilyDepthStencilState super=0x202bd5db0 (_MTLDepthStencilState) meta=0
#### CLASS_DETAIL [11] 0x2440aa2d0 name=AGXG13GFamilyDynamicLibrary super=0x202bd7db8 (_MTLDynamicLibrary) meta=0
#### CLASS_DETAIL [12] 0x2440aa1b8 name=AGXG13GFamilyComputeContext super=0x202840948 (IOGPUMetalComputeCommandEncoder) meta=0
#### CLASS_DETAIL [13] 0x2440a9e70 name=AGXG13GFamilyFunctionHandle super=0x202bd79a8 (_MTLFunctionHandle) meta=0
#### CLASS_DETAIL [14] 0x2440aa2a8 name=AGXG13GFamilyHeap super=0x202840bf0 (IOGPUMetalHeap) meta=0
#### CLASS_DETAIL [15] 0x2440aa280 name=AGXG13GFamilySparseHeap super=0x202bd8e48 (_MTLHeap) meta=0
#### MACWS_AGX_NATIVE __objc_classrefs: 105 entries, 0 null
####   class AGXBuffer = 0x2440aa6b8
####   class AGXCommandQueue = 0x0
####   class AGXCommandBuffer = 0x0
####   class AGXMetalCommandQueue = 0x0
####   class AGXMetalCommandBuffer = 0x0
####   class AGXMetalBuffer = 0x0
####   class AGXMetalTexture = 0x0
####   class AGXMetalHeap = 0x0
####   class AGXMetalResource = 0x0
####   class AGXMetalDevice = 0x0
####   class AGXMetalFence = 0x0
####   class AGXTexture = 0x2440aa708
####   class IOGPUMetalBuffer = 0x2028407e0
####   class IOGPUMetalCommandBuffer = 0x202840830
####   class IOGPUMetalCommandQueue = 0x2028408d0
####   class IOGPUMetalDevice = 0x2028409c0
####   class IOGPUMetalHeap = 0x202840bf0
####   class IOGPUMetalResource = 0x202840ec0
####   class IOGPUMetalTexture = 0x202840fb0
####   class IOGPUMetalFence = 0x202840b50
####   class IOGPUMTLLateEvalEvent = 0x202cf3c70
#### CLASSREF [0] @0x241b01250 -> 0x202bd5428 name=MTLCompiler
#### CLASSREF [1] @0x241b01258 -> 0x2026716e0 name=NSDictionary
#### CLASSREF [2] @0x241b01260 -> 0x202678348 name=NSError
#### CLASSREF [3] @0x241b01268 -> 0x2440aa4b0 name=AGXG13GFamilyComputeOrFragmentOrTileProgram
#### CLASSREF [4] @0x241b01270 -> 0x2440aa4d8 name=AGXG13GFamilyFragmentProgram
#### CLASSREF [5] @0x241b01278 -> 0x2440aa550 name=AGXG13GFamilyVertexProgram
#### CLASSREF [6] @0x241b01280 -> 0x202671848 name=NSMutableDictionary
#### CLASSREF [7] @0x241b01288 -> 0x2440aa5a0 name=AGXG13GFamilyTileProgram
#### CLASSREF [8] @0x241b01290 -> 0x2440aa578 name=AGXG13GFamilyComputeProgram
#### CLASSREF [9] @0x241b01298 -> 0x2440aa5f0 name=AGXG13GFamilyTexture
#### CLASSREF [10] @0x241b012a0 -> 0x202bd5bd0 name=MTLTextureDescriptor
#### CLASSREF [11] @0x241b012a8 -> 0x2440aa168 name=AGXG13GFamilyBlitContext
#### CLASSREF [12] @0x241b012b0 -> 0x2440a97e0 name=AGXG13GFamilyResourceStateContext
#### CLASSREF [13] @0x241b012b8 -> 0x2440a9d58 name=AGXG13GFamilyRayTracingGPUBuilder
#### CLASSREF [14] @0x241b012c0 -> 0x2440aa190 name=AGXG13GFamilyRenderContext
#### CLASSREF [15] @0x241b012c8 -> 0x2440aa1b8 name=AGXG13GFamilyComputeContext
#### CLASSREF [16] @0x241b012d0 -> 0x2440aa1e0 name=AGXG13GFamilyThreadedRenderPass
#### CLASSREF [17] @0x241b012d8 -> 0x2440a9dd0 name=AGXG13GFamilySampledRenderContext
#### CLASSREF [18] @0x241b012e0 -> 0x2440a9e98 name=AGXG13GFamilySampledComputeContext
#### CLASSREF [19] @0x241b012e8 -> 0x202671668 name=NSData
#### CLASSREF [20] @0x241b012f0 -> 0x2440a9830 name=AGXG13GFamilyCommandBuffer
#### CLASSREF [21] @0x241b012f8 -> 0x202bd81c8 name=_MTLProgramAddressTableMappedBinary
#### CLASSREF [22] @0x241b01300 -> 0x202bd8178 name=_MTLPipelineStateBinary
#### CLASSREF [23] @0x241b01308 -> 0x2026715a0 name=NSArray
#### MACWS_GOT AGXMetal13_3: symtab=8331 syms, strtab=461166853 bytes, indirect=555 entries
####   sect[0] __DATA_CONST,__got type=0 entries=97 indirect_start=228 auth=0
####   bind[1] _MTLCommonCounterSetTimestamp -> 0x1fb335290 (slot=0x23e8139e0 auth=0)
####   bind[2] _MTLCommonCounterTimestamp -> 0x1fb3351a0 (slot=0x23e8139e8 auth=0)
####   bind[3] _MTLCompileTimeStatisticsKeyBackend -> 0x1ffee8f60 (slot=0x23e8139f0 auth=0)
####   bind[4] _MTLCompileTimeStatisticsKeyCachedFunction -> 0x1ffee8f10 (slot=0x23e8139f8 auth=0)
####   bind[5] _MTLCompileTimeStatisticsKeyCompilerTotal -> 0x1ffee8f48 (slot=0x23e813a00 auth=0)
####   bind[6] _MTLCompileTimeStatisticsKeyDriverTotal -> 0x1ffee8f40 (slot=0x23e813a08 auth=0)
####   bind[7] _MTLCompileTimeStatisticsKeyFunctionName -> 0x1ffee8f08 (slot=0x23e813a10 auth=0)
####   bind[8] _MTLCompileTimeStatisticsKeyMTLCompilerService -> 0x1ffee8f20 (slot=0x23e813a18 auth=0)
####   bind[9] _MTLCompileTimeStatisticsKeyOptimization -> 0x1ffee8f58 (slot=0x23e813a20 auth=0)
####   bind[10] _MTLCompileTimeStatisticsKeyPipelineTotal -> 0x1ffee8f18 (slot=0x23e813a28 auth=0)
####   bind[11] _MTLCompileTimeStatisticsKeyPipelinesCompute -> 0x1ffee7e30 (slot=0x23e813a30 auth=0)
####   IOGPU-CRITICAL _OBJC_IVAR_$_IOGPUMTLLateEvalEvent._eventName = 0x2003ca9d0 (slot=0x23e813b28 auth=0)
####   IOGPU-CRITICAL _OBJC_IVAR_$_IOGPUMetalBuffer._primaryBuffer = 0x2003ca91c (slot=0x23e813b30 auth=0)
####   IOGPU-CRITICAL _OBJC_IVAR_$_IOGPUMetalCommandQueue._commandQueue = 0x2003ca960 (slot=0x23e813b38 auth=0)
####   IOGPU-CRITICAL _OBJC_IVAR_$_IOGPUMetalDevice._segmentByteThreshold = 0x2003caa2c (slot=0x23e813b40 auth=0)
####   IOGPU-CRITICAL _OBJC_IVAR_$_IOGPUMetalFence._fenceIndex = 0x2003caaa8 (slot=0x23e813b48 auth=0)
####   IOGPU-CRITICAL _OBJC_IVAR_$_IOGPUMetalHeap._resource = 0x2003caac4 (slot=0x23e813b50 auth=0)
####   IOGPU-CRITICAL _OBJC_IVAR_$_IOGPUMetalResource._res = 0x2003caaf4 (slot=0x23e813b58 auth=0)
####   IOGPU-CRITICAL _OBJC_IVAR_$_IOGPUMetalTexture._arrayLength = 0x2003cab38 (slot=0x23e813b60 auth=0)
####   IOGPU-CRITICAL _OBJC_IVAR_$_IOGPUMetalTexture._depth = 0x2003cab34 (slot=0x23e813b68 auth=0)
####   IOGPU-CRITICAL _OBJC_IVAR_$_IOGPUMetalTexture._height = 0x2003cab30 (slot=0x23e813b70 auth=0)
####   IOGPU-CRITICAL _OBJC_IVAR_$_IOGPUMetalTexture._isCompressed = 0x2003cab54 (slot=0x23e813b78 auth=0)
####   IOGPU-CRITICAL _OBJC_IVAR_$_IOGPUMetalTexture._mipmapLevelCount = 0x2003cab3c (slot=0x23e813b80 auth=0)
####   IOGPU-CRITICAL _OBJC_IVAR_$_IOGPUMetalTexture._numFaces = 0x2003cab8c (slot=0x23e813b88 auth=0)
####   IOGPU-CRITICAL _OBJC_IVAR_$_IOGPUMetalTexture._parentTexture = 0x2003cab58 (slot=0x23e813b90 auth=0)
####   IOGPU-CRITICAL _OBJC_IVAR_$_IOGPUMetalTexture._pixelFormat = 0x2003cab28 (slot=0x23e813b98 auth=0)
####   IOGPU-CRITICAL _OBJC_IVAR_$_IOGPUMetalTexture._sampleCount = 0x2003cab40 (slot=0x23e813ba0 auth=0)
####   IOGPU-CRITICAL _OBJC_IVAR_$_IOGPUMetalTexture._textureType = 0x2003cab24 (slot=0x23e813ba8 auth=0)
####   IOGPU-CRITICAL _OBJC_IVAR_$_IOGPUMetalTexture._width = 0x2003cab2c (slot=0x23e813bb0 auth=0)
####   sect[7] __AUTH_CONST,__auth_got type=0 entries=230 indirect_start=325 auth=1
####   IOGPU-CRITICAL _IOGPUCommandQueueGetConnect = 0x1c43adb88 (slot=0x245a5f448 auth=1)
####   IOGPU-CRITICAL _IOGPUCommandQueueGetID = 0x1c43adbd0 (slot=0x245a5f450 auth=1)
####   IOGPU-CRITICAL _IOGPUDeviceGetConnect = 0x1c43ac654 (slot=0x245a5f458 auth=1)
####   IOGPU-CRITICAL _IOGPUDeviceGetNextGlobalTraceID = 0x1c43ac7f0 (slot=0x245a5f460 auth=1)
####   IOGPU-CRITICAL _IOGPUDeviceTraceEvent = 0x1c43ac8bc (slot=0x245a5f468 auth=1)
####   IOGPU-CRITICAL _IOGPUMetalCommandBufferStorageBeginKernelCommands = 0x1c439cad8 (slot=0x245a5f470 auth=1)
####   IOGPU-CRITICAL _IOGPUMetalCommandBufferStorageEndKernelCommands = 0x1c439cc2c (slot=0x245a5f478 auth=1)
####   IOGPU-CRITICAL _IOGPUResourceListAddResource = 0x1c43af1c8 (slot=0x245a5f480 auth=1)
####   IOGPU-CRITICAL _IOGPUResourceListMerge = 0x1c43af278 (slot=0x245a5f488 auth=1)
####   IOGPU-CRITICAL _IOGPUResourceListMergeLists = 0x1c43af354 (slot=0x245a5f490 auth=1)
#### AGXIOC Scalar sel=0x25->0x21 inCnt=2 -> 0x0
####   bind[131] _IOSurfaceGetAddressFormatOfPlane -> 0x102eda2c8 (slot=0x245a5f4c8 auth=1 FORCE)
####   bind[133] _IOSurfaceGetBaseAddressOfPlane -> 0x102eda0b0 (slot=0x245a5f4d8 auth=1 FORCE)
####   bind[135] _IOSurfaceGetBytesPerRowOfPlane -> 0x102ed90c0 (slot=0x245a5f4e8 auth=1 FORCE)
####   bind[136] _IOSurfaceGetBytesPerTileDataOfPlane -> 0x102ed99d4 (slot=0x245a5f4f0 auth=1 FORCE)
####   bind[141] _IOSurfaceGetCompressionTypeOfPlane -> 0x102ed8b88 (slot=0x245a5f518 auth=1 FORCE)
####   bind[142] _IOSurfaceGetHeightInCompressedTilesOfPlane -> 0x102ed8d48 (slot=0x245a5f520 auth=1 FORCE)
####   bind[143] _IOSurfaceGetHeightOfPlane -> 0x102ed8994 (slot=0x245a5f528 auth=1 FORCE)
####   bind[145] _IOSurfaceGetWidthInCompressedTilesOfPlane -> 0x102ed8f00 (slot=0x245a5f538 auth=1 FORCE)
####   bind[286] _objc_alloc -> 0x102ed6284 (slot=0x245a5f9c0 auth=1 FORCE)
####   IOGPU-CRITICAL _objc_autoreleasePoolPop = 0x1a72c0a7c (slot=0x245a5f9d8 auth=1)
####   IOGPU-CRITICAL _objc_autoreleasePoolPush = 0x1a72c0934 (slot=0x245a5f9e0 auth=1)
#### AGXIOC Scalar sel=0x25->0x21 inCnt=2 -> 0x0
#### MACWS_GOT AGXMetal13_3: indirect_slots=327 patched=323 failed=0
#### MACWS_AGX_NATIVE __auth_got section NOT FOUND
#### MACWS_AGX_NATIVE __got: 97 entries, 0 null, 97 non-null
#### MACWS_AGX_NATIVE dlopen AGXMetal13_3 OK h=0x3ea70b950
#### MACWS_AGX_NATIVE +[NSBundle bundleWithPath:AGXMetal13_3.bundle] = 0x13780ff00 id=com.apple.AGXMetal13-3
#### MACWS_AGX_NATIVE bundle loadAndReturnError: 1 (err=nil) loaded=1
#### MACWS_AGX_NATIVE bundle pathForResource:ds.g13g = /System/Library/Extensions/AGXMetal13_3.bundle/Contents/Resources/ds.g13g
#### MACWS_AGX_NATIVE getMetalPluginClassForService: returning class AGXG13GFamilyDevice = 0x2440aa0f0
#### CBRI_HOOK: installed (orig=0x1c439ad84)
#### RENDER-PIPELINE diagnostic installed selector=newRenderPipelineStateWithDescriptor:error: class=AGXG13GFamilyDevice original=0x20c99cabc subclassOverride=NO types=@32@0:8@16^@24
#### RENDER-PIPELINE diagnostic installed selector=newRenderPipelineStateWithDescriptor:options:reflection:error: class=AGXG13GFamilyDevice original=0x20c99c8e0 subclassOverride=NO types=@48@0:8@16Q24^@32^@40
#### RENDER-PIPELINE diagnostic installed selector=newRenderPipelineStateWithDescriptor:completionHandler: class=AGXG13GFamilyDevice original=0x20c99c988 subclassOverride=NO types=v32@0:8@16@?24
#### RENDER-PIPELINE diagnostic installed selector=newRenderPipelineStateWithDescriptor:options:completionHandler: class=AGXG13GFamilyDevice original=0x20c9902d4 subclassOverride=NO types=v40@0:8@16Q24@?32
#### RENDER-PIPELINE diagnostic installed selector=newComputePipelineStateWithFunction:error: class=AGXG13GFamilyDevice original=0x1b0ac4b7c subclassOverride=YES types=@32@0:8@16^@24
#### MACWS-NEW-EVENT adapter installed deviceClass=AGXG13GFamilyDevice owner=IOGPUMetalDevice orig=0x1c43a1ef4 added=1
#### MACWS_AGX_NATIVE class_addMethod(AGXG13GFamilyDevice, initWithAcceleratorPort:) = 1
#### MACWS_AGX_NATIVE memoryless witness installed class=AGXG13GFamilyDevice original=0x20c9ae8a8
#### MACWS_AGX_NATIVE memoryless witness total=1 (original results preserved)
#### MACWS_AGX_NATIVE tile-pipeline probe wrapped AGXG13GFamilyDevice (orig=0x20c98d5e4)
#### MACWS_AGX_NATIVE tile-pipeline probe: 1 class(es) wrapped
#### MACWS_AGX_NATIVE nil-guard wrapped setFragmentTexture:atIndex: on AGXG13GFamilyRenderContext (orig=0x20c9409e0)
#### MACWS_AGX_NATIVE nil-guard: class AGXG13GRenderContext NOT registered
#### MACWS_AGX_NATIVE nil-guard: class AGXRenderContext NOT registered
#### MACWS_AGX_NATIVE nil-guard: class AGXG13GComputeContext NOT registered
#### MACWS_AGX_NATIVE nil-guard setFragmentTexture:atIndex:: 1 class(es) wrapped
#### MACWS_AGX_NATIVE nil-guard wrapped setVertexTexture:atIndex: on AGXG13GFamilyRenderContext (orig=0x20c9475e8)
#### MACWS_AGX_NATIVE nil-guard: class AGXG13GRenderContext NOT registered
#### MACWS_AGX_NATIVE nil-guard: class AGXRenderContext NOT registered
#### MACWS_AGX_NATIVE nil-guard: class AGXG13GComputeContext NOT registered
#### MACWS_AGX_NATIVE nil-guard setVertexTexture:atIndex:: 1 class(es) wrapped
#### MACWS_AGX_NATIVE swizzled AGXG13GFamilyDevice newTextureWithDescriptor:iosurface:plane:
#### MACWS_AGX_NATIVE swizzled AGXG13GFamilyDevice newTextureWithDescriptor:
#### MACWS_AGX_NATIVE swizzled -[AGXBuffer initWithDevice:bytes:length:options:deallocator:pinnedGPUAddress:]
#### MACWS_AGX_NATIVE noop'd alertCommandBufferActivityStart
#### MACWS_AGX_NATIVE noop'd alertCommandBufferActivityComplete
#### objc_alloc(AGXG13GFamilyDevice) -> 0x147850600
#### MACWS_AGX_NATIVE redirecting AGXG13GFamilyDevice init(port=44043) → 2-arg variant
#### debugbydcmmc IOServiceOpen agx connect=82435 type=0x100001 (requested=0x100005)
#### AGXIOC Struct sel=0x7->0x6 inSC=16 outSC=0 -> 0x1
#### AGXIOC Struct sel=0x5->0x4 inSC=0 outSC=32 -> 0x0
#### AGXIOC ASYNC-REGISTER #1 conn=82435 sel=0x107->0x107 wake=70411 ref=0x16d174930 refCnt=3 inCnt=0 caller=0x20c9b3468 image=/System/Library/Extensions/AGXMetal13_3.bundle/Contents/MacOS/AGXMetal13_3 symbol=-[AGXG13GFamilyDevice initWithAcceleratorPort:simultaneousInstances:]
#### AGXIOC ASYNC-REFERENCE registration=1 index=0 value=0 image=(none) symbol=(none) symbolAddress=0x0
#### AGXIOC ASYNC-REFERENCE registration=1 index=1 value=0x20c9b5a08 image=/System/Library/Extensions/AGXMetal13_3.bundle/Contents/MacOS/AGXMetal13_3 symbol=_ZN3AGX6DeviceINS_3G138EncodersENS1_7ClassesENS1_10ObjClassesEE26deviceNotificationCallbackEPviyy symbolAddress=0x20c9b5a08
#### AGXIOC ASYNC-REFERENCE registration=1 index=2 value=0x147851e00 image=(none) symbol=(none) symbolAddress=0x0
#### AGXIOC AsyncScalar sel=0x107->0x107 inCnt=0 -> 0x0
#### AGX_LIFE CREATE id=0x1 type=0 surf=0 bytes=0x10000 kr=0 okC=1 failC=0 okD=0 failD=0 unmatchedD=0 full=0 live=1/0MB [t0=1/0MB t80=0/0MB t82=0/0MB]
#### AGXIOC heap map #1 clientID 0x10000 -> resourceID 0x1 size 0x10000
####   ResCreate OK type=0 clientID=0 +0x30=0 +0x38=0 +0x40=0x10000 +0x58=0 OUT[+0]=0 OUT[+0x08]=0x1046d0000 OUT[+0x10]=0x1046c00c0 OUT[+0x48]=0x10000
####   inStruct[0..104]:
####     00: 00 00 00 00 00 00 00 00 01 00 01 00 01 00 00 00
####     10: 01 01 00 01 30 84 00 00 00 00 00 00 00 00 00 00
####     20: 00 00 00 00 00 00 00 00 00 00 00 00 00 00 00 00
####     30: 00 00 00 00 00 00 00 00 00 00 00 00 00 00 00 00
####     40: 00 00 01 00 00 00 00 00 00 00 00 00 00 00 00 00
####     50: 00 00 00 38 00 00 00 00 00 00 00 00 00 00 00 00
####     60: 00 00 00 00 00 00 00 00
#### MACWS_AGX_NATIVE setupCompiler:0x30010 fired (Device=0x147850600)
#### MACWS_AGX_NATIVE memoryless witness #1 instance=0x147850600 class=AGXG13GFamilyDevice original=0x20c9ae8a8 -> YES
#### AGXIOC Scalar sel=0x25->0x21 inCnt=2 -> 0x0
#### MACWS_UTTYPE installed CoreTypes compatibility (966 IDs)
#### tile-encoder forwards: class MTLSimRenderCommandEncoder NOT found
#### IOGPU-CALLBACK-DIAG installed queueClass=0x2028408d0 method=0x0 orig=0x0 bufferClass=0x202840830 method=0x1c43b79a5 orig=0x1c439abe8 errorMethod=0x1b0bf3e01 errorOrig=0x1b0ac5dcc (file-gated)
#### AGXIOC Scalar sel=0x25->0x21 inCnt=2 -> 0x0
#### AGXIOC Scalar sel=0x25->0x21 inCnt=2 -> 0x0
