[launchdchrootexec] target=/Applications/Visual Studio Code.app/Contents/MacOS/Electron arch=arm64 insert=/usr/local/lib/libmachook_arm64.dylib
getppid = 1
#### MACWS_HID_BYPASS installed SetMatchingMultiple → no-op (1) at 0x1ae38de8c — skips iOS-format CFBinaryPlist parse inside
####   IOHIDEventSystemClientCacheMatchingServices → IOHIDUnserializeAndVMDealloc → CFPropertyListCreateFromStream
####   that BUS_ADRALNs in the IOMFBServer thread.
#### MACWS_AGX_RENAMER_PATCH: off (set MACWS_AGX_RENAMER_PATCH=1 to enable)
#### MACWS_ASSERT_BYPASS DISABLED (set MACWS_KEEP_ASSERT_BYPASS=1 to restore lazy bypass) — real __assert_rtn now reaches abort
#### MACWS_AGX_NATIVE [ctor] pre-loaded IOGPU via /System/Library/PrivateFrameworks/IOGPU.framework/IOGPU -> 0x3fbf9cc10
#### XPC_BOOTSTRAP: fn=0x1aaf45140 dict=0x12be13030 (registering Metal/ViewBridge/HIServices)
#### XPC_BOOTSTRAP: called OK
#### COEXIST API SwapEnd hook installed target=0x1b5e231cc trampoline=0x102998000
#### SkyLight PrepareForUse tolerate-nil hook installed at 0x1b0204fc4
#### SkyLight StartCompositeForDisplayStream nil-skip hook installed at 0x1b002dd74
#### SkyLight StartComposite(WSCD) tolerate-nil + pop-on-bail hook installed at 0x1b002d358
#### SkyLight StartComposite(MTLTex) pop-on-bail hook installed at 0x1b002dfb8
#### SkyLight EndCurrentComposite(bool) completion hook installed at 0x1b002c53c
#### SkyLight EndUpdate(bool) submission hook installed at 0x1b002c0b0
#### SkyLight _state_stack pop_back resolved at 0x1b002afa0
#### SkyLight WSCompositeDestinationCreateWithMetalTexture nil-tolerate hook installed at 0x1b003053c
#### SkyLight MetalContext::StopCapture invalid-this guard installed at 0x1b002c1bc
#### MACWS_AGX_NATIVE class_addMethod(MTLTextureDescriptor, validateWithDevice:) = 1
#### MACWS_AGX_NATIVE class_addMethod(IOGPUMetalTexture, isMemoryless) = 1
#### MACWS_AGX_NATIVE class_addMethod(IOGPUMetalTexture, getCPUSizeBytes) = 1
#### MACWS_AGX_NATIVE class_addMethod(IOGPUMetalTexture, getAlignment) = 1
#### MACWS_AGX_NATIVE class_addMethod(IOGPUMetalTexture, descriptorPrivate) = 1
#### MACWS_AGX_NATIVE class_addMethod(IOGPUMetalTexture, getBytesPerRow) = 1
#### MACWS_AGX_NATIVE class_addMethod(IOGPUMetalTexture, updateBindDataWithAddresses:gpuVirtualAddress:) = 1
#### MACWS_AGX_NATIVE class_addMethod(IOGPUMetalTexture, updateBindDataWithAddresses:gpuVirtualAddress:shouldInitMetadata:) = 1
#### MACWS_AGX_NATIVE class_addMethod(IOGPUMetalTexture, allocBufferSubDataWithLength:options:alignment:heapIndex:bufferIndex:bufferOffset:) = 1
#### MACWS_AGX_NATIVE class_addMethod(IOGPUMetalTexture, initNewTextureData:) = 1
#### MACWS_AGX_NATIVE class_addMethod(MTLTextureDescriptor, isMemoryless) = 1
#### MACWS_AGX_NATIVE class_addMethod(MTLTextureDescriptor, protectionOptions) = 1
#### MACWS_AGX_NATIVE class_addMethod(MTLTextureDescriptor, getCPUSizeBytes) = 1
#### MACWS_AGX_NATIVE class_addMethod(MTLTextureDescriptor, getAlignment) = 1
#### MACWS_AGX_NATIVE class_addMethod(MTLTextureDescriptor, descriptorPrivate) = 1
#### MACWS_AGX_NATIVE class_addMethod(MTLTextureDescriptor, getBytesPerRow) = 1
#### MACWS_AGX_NATIVE class_addMethod(MTLTextureDescriptor, updateBindDataWithAddresses:gpuVirtualAddress:) = 1
#### MACWS_AGX_NATIVE class_addMethod(MTLTextureDescriptor, updateBindDataWithAddresses:gpuVirtualAddress:shouldInitMetadata:) = 1
#### MACWS_AGX_NATIVE class_addMethod(MTLTextureDescriptor, allocBufferSubDataWithLength:options:alignment:heapIndex:bufferIndex:bufferOffset:) = 1
#### MACWS_AGX_NATIVE class_addMethod(MTLTextureDescriptor, initNewTextureData:) = 1
#### APP-INPUT KEY-WITNESS installed -[NSApplication sendEvent:] display-settle=0ms (diagnostic scaffold)
#### APP-INPUT ACTIVATION-WITNESS installed -[NSApplication _handleActivatedEvent:]
#### APP-INPUT MENU-TRACK-WITNESS hook class=NSMenuPresentationInstance types=v28@0:8B16@20
#### APP-INPUT MENU-TRACK-WITNESS installed hooks=1
#### APP-INPUT READY pid=72913 socket=/private/tmp/macws_app_input.72913.sock abi=3 record=52
#### APP-INPUT THREAD pid=72913 socket=3
#### AMFI-POLICY-COMPAT policy=AMFI op=0x60 status=0x4 (iOS task ports are hard-immovable)
#### CSR-POLICY-COMPAT active_config=0x0 (conservative iOS compatibility value)
#### JIT-MPROTECT range[0]=[0x280000000,0x290000000) source=MAP_JIT-EINVAL
#### JIT-MPROTECT execution barrier installed (W^X fetch-wait compatibility)
#### JIT-MPROTECT range[0]=[0x280000000,0x290000000) source=MAP_JIT-EINVAL
#### JIT-MPROTECT range[0]=[0x280000000,0x290000000) source=MAP_JIT-EINVAL
#### JIT-MPROTECT range[0]=[0x280000000,0x290000000) source=MAP_JIT-EINVAL
#### JIT-MPROTECT range[0]=[0x280000000,0x290000000) source=MAP_JIT-EINVAL
#### JIT-MPROTECT range[0]=[0x280000000,0x290000000) source=MAP_JIT-EINVAL
#### JIT-MPROTECT range[0]=[0x280000000,0x290000000) source=MAP_JIT-EINVAL
#### JIT-MPROTECT range[0]=[0x280000000,0x290000000) source=MAP_JIT-EINVAL
#### JIT-MPROTECT range[0]=[0x170000000,0x180000000) source=MAP_JIT-EINVAL
#### JIT-MPROTECT remap decline #1 dst=0x177dc0000 size=0x208000 src=0x111c50000 requested=0x5 -> V8 copy fallback
#### JIT-MPROTECT flip #1 ranges=1 prot=RW writers=1 exec_waits=0 late_retries=0
#### JIT-MPROTECT flip #2 ranges=1 prot=RX writers=1 exec_waits=0 late_retries=0
#### JIT-MPROTECT flip #3 ranges=1 prot=RW writers=1 exec_waits=0 late_retries=0
#### JIT-MPROTECT flip #4 ranges=1 prot=RX writers=1 exec_waits=1 late_retries=0
#### JIT-MPROTECT flip #5 ranges=1 prot=RW writers=1 exec_waits=1 late_retries=0
#### JIT-MPROTECT flip #6 ranges=1 prot=RX writers=1 exec_waits=2 late_retries=0
#### JIT-MPROTECT flip #7 ranges=1 prot=RW writers=1 exec_waits=2 late_retries=0
#### JIT-MPROTECT flip #8 ranges=1 prot=RX writers=1 exec_waits=3 late_retries=0
#### JIT-MPROTECT flip #9 ranges=1 prot=RW writers=1 exec_waits=3 late_retries=0
#### JIT-MPROTECT flip #10 ranges=1 prot=RX writers=1 exec_waits=4 late_retries=0
#### JIT-MPROTECT flip #11 ranges=1 prot=RW writers=1 exec_waits=4 late_retries=0
#### JIT-MPROTECT flip #12 ranges=1 prot=RX writers=1 exec_waits=5 late_retries=0
#### JIT-MPROTECT flip #13 ranges=1 prot=RW writers=1 exec_waits=5 late_retries=0
#### JIT-MPROTECT flip #14 ranges=1 prot=RX writers=1 exec_waits=6 late_retries=0
#### JIT-MPROTECT flip #15 ranges=1 prot=RW writers=1 exec_waits=6 late_retries=0
#### JIT-MPROTECT flip #16 ranges=1 prot=RX writers=1 exec_waits=7 late_retries=0
#### JIT-MPROTECT flip #17 ranges=1 prot=RW writers=1 exec_waits=7 late_retries=0
#### JIT-MPROTECT flip #18 ranges=1 prot=RX writers=1 exec_waits=8 late_retries=0
#### JIT-MPROTECT flip #19 ranges=1 prot=RW writers=1 exec_waits=8 late_retries=0
#### JIT-MPROTECT flip #20 ranges=1 prot=RX writers=1 exec_waits=9 late_retries=0
#### JIT-MPROTECT flip #21 ranges=1 prot=RW writers=1 exec_waits=9 late_retries=0
#### JIT-MPROTECT flip #22 ranges=1 prot=RX writers=1 exec_waits=10 late_retries=0
#### JIT-MPROTECT flip #23 ranges=1 prot=RW writers=1 exec_waits=10 late_retries=0
#### JIT-MPROTECT flip #24 ranges=1 prot=RX writers=1 exec_waits=11 late_retries=0
#### JIT-MPROTECT flip #25 ranges=1 prot=RW writers=1 exec_waits=11 late_retries=0
#### JIT-MPROTECT flip #26 ranges=1 prot=RX writers=1 exec_waits=12 late_retries=0
#### JIT-MPROTECT flip #27 ranges=1 prot=RW writers=1 exec_waits=12 late_retries=0
#### JIT-MPROTECT flip #28 ranges=1 prot=RX writers=1 exec_waits=13 late_retries=0
#### JIT-MPROTECT flip #29 ranges=1 prot=RW writers=1 exec_waits=13 late_retries=0
#### JIT-MPROTECT flip #30 ranges=1 prot=RX writers=1 exec_waits=14 late_retries=0
#### JIT-MPROTECT flip #31 ranges=1 prot=RW writers=1 exec_waits=14 late_retries=0
#### JIT-MPROTECT flip #32 ranges=1 prot=RX writers=1 exec_waits=15 late_retries=0
#### JIT-MPROTECT flip #1024 ranges=1 prot=RX writers=1 exec_waits=398 late_retries=10
#### MACWS_HID_BYPASS installed SetMatchingMultiple → no-op (1) at 0x1ae38de8c — skips iOS-format CFBinaryPlist parse inside
####   IOHIDEventSystemClientCacheMatchingServices → IOHIDUnserializeAndVMDealloc → CFPropertyListCreateFromStream
####   that BUS_ADRALNs in the IOMFBServer thread.
#### MACWS_AGX_RENAMER_PATCH: off (set MACWS_AGX_RENAMER_PATCH=1 to enable)
#### MACWS_ASSERT_BYPASS DISABLED (set MACWS_KEEP_ASSERT_BYPASS=1 to restore lazy bypass) — real __assert_rtn now reaches abort
#### MACWS_AGX_NATIVE [ctor] pre-loaded IOGPU via /System/Library/PrivateFrameworks/IOGPU.framework/IOGPU -> 0x3fbf9cc10
#### XPC_BOOTSTRAP: fn=0x1aaf45140 dict=0x1596173c0 (registering Metal/ViewBridge/HIServices)
#### XPC_BOOTSTRAP: called OK
#### COEXIST API SwapEnd hook installed target=0x1b5e231cc trampoline=0x1004c8000
#### SkyLight PrepareForUse tolerate-nil hook installed at 0x1b0204fc4
#### SkyLight StartCompositeForDisplayStream nil-skip hook installed at 0x1b002dd74
#### SkyLight StartComposite(WSCD) tolerate-nil + pop-on-bail hook installed at 0x1b002d358
#### SkyLight StartComposite(MTLTex) pop-on-bail hook installed at 0x1b002dfb8
#### SkyLight EndCurrentComposite(bool) completion hook installed at 0x1b002c53c
#### SkyLight EndUpdate(bool) submission hook installed at 0x1b002c0b0
#### SkyLight _state_stack pop_back resolved at 0x1b002afa0
#### SkyLight WSCompositeDestinationCreateWithMetalTexture nil-tolerate hook installed at 0x1b003053c
#### SkyLight MetalContext::StopCapture invalid-this guard installed at 0x1b002c1bc
#### MACWS_AGX_NATIVE class_addMethod(MTLTextureDescriptor, validateWithDevice:) = 1
#### MACWS_AGX_NATIVE class_addMethod(IOGPUMetalTexture, isMemoryless) = 1
#### MACWS_AGX_NATIVE class_addMethod(IOGPUMetalTexture, getCPUSizeBytes) = 1
#### MACWS_AGX_NATIVE class_addMethod(IOGPUMetalTexture, getAlignment) = 1
#### MACWS_AGX_NATIVE class_addMethod(IOGPUMetalTexture, descriptorPrivate) = 1
#### MACWS_AGX_NATIVE class_addMethod(IOGPUMetalTexture, getBytesPerRow) = 1
#### MACWS_AGX_NATIVE class_addMethod(IOGPUMetalTexture, updateBindDataWithAddresses:gpuVirtualAddress:) = 1
#### MACWS_AGX_NATIVE class_addMethod(IOGPUMetalTexture, updateBindDataWithAddresses:gpuVirtualAddress:shouldInitMetadata:) = 1
#### MACWS_AGX_NATIVE class_addMethod(IOGPUMetalTexture, allocBufferSubDataWithLength:options:alignment:heapIndex:bufferIndex:bufferOffset:) = 1
#### MACWS_AGX_NATIVE class_addMethod(IOGPUMetalTexture, initNewTextureData:) = 1
#### MACWS_AGX_NATIVE class_addMethod(MTLTextureDescriptor, isMemoryless) = 1
#### MACWS_AGX_NATIVE class_addMethod(MTLTextureDescriptor, protectionOptions) = 1
#### MACWS_AGX_NATIVE class_addMethod(MTLTextureDescriptor, getCPUSizeBytes) = 1
#### MACWS_AGX_NATIVE class_addMethod(MTLTextureDescriptor, getAlignment) = 1
#### MACWS_AGX_NATIVE class_addMethod(MTLTextureDescriptor, descriptorPrivate) = 1
#### MACWS_AGX_NATIVE class_addMethod(MTLTextureDescriptor, getBytesPerRow) = 1
#### MACWS_AGX_NATIVE class_addMethod(MTLTextureDescriptor, updateBindDataWithAddresses:gpuVirtualAddress:) = 1
#### MACWS_AGX_NATIVE class_addMethod(MTLTextureDescriptor, updateBindDataWithAddresses:gpuVirtualAddress:shouldInitMetadata:) = 1
#### MACWS_AGX_NATIVE class_addMethod(MTLTextureDescriptor, allocBufferSubDataWithLength:options:alignment:heapIndex:bufferIndex:bufferOffset:) = 1
#### MACWS_AGX_NATIVE class_addMethod(MTLTextureDescriptor, initNewTextureData:) = 1
#### APP-INPUT KEY-WITNESS installed -[NSApplication sendEvent:] display-settle=0ms (diagnostic scaffold)
#### APP-INPUT ACTIVATION-WITNESS installed -[NSApplication _handleActivatedEvent:]
#### APP-INPUT MENU-TRACK-WITNESS hook class=NSMenuPresentationInstance types=v28@0:8B16@20
#### APP-INPUT MENU-TRACK-WITNESS installed hooks=1
#### APP-INPUT READY pid=72917 socket=/private/tmp/macws_app_input.72917.sock abi=3 record=52
#### APP-INPUT THREAD pid=72917 socket=3
[72913:0729/144844.702698:ERROR:third_party/crashpad/crashpad/util/file/file_io.cc:103] ReadExactly: expected 8, observed 0

DevTools listening on ws://127.0.0.1:9222/devtools/browser/c174d5df-e267-49c7-a813-650f746c1b1e
2026-07-29 14:48:44.924 Electron[72913:12299332] id createVolumeObserverSubsystem(NSWorkspaceNotificationCenter *): Failed to create volume observer.
2026-07-29 14:48:44.925 Electron[72913:12299332] id createVolumeObserverSubsystem(NSWorkspaceNotificationCenter *): Failed to create volume observer.
2026-07-29 14:48:44.925 Electron[72913:12299332] id createVolumeObserverSubsystem(NSWorkspaceNotificationCenter *): Failed to create volume observer.
2026-07-29 14:48:44.930 Electron[72913:12299332] XType: Using static font registry.
#### MACWS_HID_BYPASS installed SetMatchingMultiple → no-op (1) at 0x1ae38de8c — skips iOS-format CFBinaryPlist parse inside
####   IOHIDEventSystemClientCacheMatchingServices → IOHIDUnserializeAndVMDealloc → CFPropertyListCreateFromStream
####   that BUS_ADRALNs in the IOMFBServer thread.
#### MACWS_AGX_RENAMER_PATCH: off (set MACWS_AGX_RENAMER_PATCH=1 to enable)
#### MACWS_ASSERT_BYPASS DISABLED (set MACWS_KEEP_ASSERT_BYPASS=1 to restore lazy bypass) — real __assert_rtn now reaches abort
#### MACWS_AGX_NATIVE [ctor] pre-loaded IOGPU via /System/Library/PrivateFrameworks/IOGPU.framework/IOGPU -> 0x3fbf9cc10
#### XPC_BOOTSTRAP: fn=0x1aaf45140 dict=0x146f0ed00 (registering Metal/ViewBridge/HIServices)
#### XPC_BOOTSTRAP: called OK
#### COEXIST API SwapEnd hook installed target=0x1b5e231cc trampoline=0x100e14000
#### SkyLight PrepareForUse tolerate-nil hook installed at 0x1b0204fc4
#### SkyLight StartCompositeForDisplayStream nil-skip hook installed at 0x1b002dd74
#### SkyLight StartComposite(WSCD) tolerate-nil + pop-on-bail hook installed at 0x1b002d358
#### MACWS_HID_BYPASS installed SetMatchingMultiple → no-op (1) at 0x1ae38de8c — skips iOS-format CFBinaryPlist parse inside
####   IOHIDEventSystemClientCacheMatchingServices → IOHIDUnserializeAndVMDealloc → CFPropertyListCreateFromStream
####   that BUS_ADRALNs in the IOMFBServer thread.
#### MACWS_AGX_RENAMER_PATCH: off (set MACWS_AGX_RENAMER_PATCH=1 to enable)
#### MACWS_ASSERT_BYPASS DISABLED (set MACWS_KEEP_ASSERT_BYPASS=1 to restore lazy bypass) — real __assert_rtn now reaches abort
#### MACWS_AGX_NATIVE [ctor] pre-loaded IOGPU via /System/Library/PrivateFrameworks/IOGPU.framework/IOGPU -> 0x3fbf9cc10
#### SkyLight StartComposite(MTLTex) pop-on-bail hook installed at 0x1b002dfb8
#### XPC_BOOTSTRAP: fn=0x1aaf45140 dict=0x15861a330 (registering Metal/ViewBridge/HIServices)
#### SkyLight EndCurrentComposite(bool) completion hook installed at 0x1b002c53c
#### XPC_BOOTSTRAP: called OK
#### COEXIST API SwapEnd hook installed target=0x1b5e231cc trampoline=0x105058000
#### SkyLight EndUpdate(bool) submission hook installed at 0x1b002c0b0
#### SkyLight _state_stack pop_back resolved at 0x1b002afa0
#### SkyLight WSCompositeDestinationCreateWithMetalTexture nil-tolerate hook installed at 0x1b003053c
#### SkyLight MetalContext::StopCapture invalid-this guard installed at 0x1b002c1bc
#### MACWS_AGX_NATIVE class_addMethod(MTLTextureDescriptor, validateWithDevice:) = 1
#### MACWS_AGX_NATIVE class_addMethod(IOGPUMetalTexture, isMemoryless) = 1
#### MACWS_AGX_NATIVE class_addMethod(IOGPUMetalTexture, getCPUSizeBytes) = 1
#### MACWS_AGX_NATIVE class_addMethod(IOGPUMetalTexture, getAlignment) = 1
#### MACWS_AGX_NATIVE class_addMethod(IOGPUMetalTexture, descriptorPrivate) = 1
#### MACWS_AGX_NATIVE class_addMethod(IOGPUMetalTexture, getBytesPerRow) = 1
#### MACWS_AGX_NATIVE class_addMethod(IOGPUMetalTexture, updateBindDataWithAddresses:gpuVirtualAddress:) = 1
#### MACWS_AGX_NATIVE class_addMethod(IOGPUMetalTexture, updateBindDataWithAddresses:gpuVirtualAddress:shouldInitMetadata:) = 1
#### MACWS_AGX_NATIVE class_addMethod(IOGPUMetalTexture, allocBufferSubDataWithLength:options:alignment:heapIndex:bufferIndex:bufferOffset:) = 1
#### MACWS_AGX_NATIVE class_addMethod(IOGPUMetalTexture, initNewTextureData:) = 1
#### MACWS_AGX_NATIVE class_addMethod(MTLTextureDescriptor, isMemoryless) = 1
#### MACWS_AGX_NATIVE class_addMethod(MTLTextureDescriptor, protectionOptions) = 1
#### MACWS_AGX_NATIVE class_addMethod(MTLTextureDescriptor, getCPUSizeBytes) = 1
#### MACWS_AGX_NATIVE class_addMethod(MTLTextureDescriptor, getAlignment) = 1
#### MACWS_AGX_NATIVE class_addMethod(MTLTextureDescriptor, descriptorPrivate) = 1
#### MACWS_AGX_NATIVE class_addMethod(MTLTextureDescriptor, getBytesPerRow) = 1
#### MACWS_AGX_NATIVE class_addMethod(MTLTextureDescriptor, updateBindDataWithAddresses:gpuVirtualAddress:) = 1
#### MACWS_AGX_NATIVE class_addMethod(MTLTextureDescriptor, updateBindDataWithAddresses:gpuVirtualAddress:shouldInitMetadata:) = 1
#### MACWS_AGX_NATIVE class_addMethod(MTLTextureDescriptor, allocBufferSubDataWithLength:options:alignment:heapIndex:bufferIndex:bufferOffset:) = 1
#### MACWS_AGX_NATIVE class_addMethod(MTLTextureDescriptor, initNewTextureData:) = 1
#### SkyLight PrepareForUse tolerate-nil hook installed at 0x1b0204fc4
#### SkyLight StartCompositeForDisplayStream nil-skip hook installed at 0x1b002dd74
#### SkyLight StartComposite(WSCD) tolerate-nil + pop-on-bail hook installed at 0x1b002d358
#### SkyLight StartComposite(MTLTex) pop-on-bail hook installed at 0x1b002dfb8
#### SkyLight EndCurrentComposite(bool) completion hook installed at 0x1b002c53c
#### SkyLight EndUpdate(bool) submission hook installed at 0x1b002c0b0
#### SkyLight _state_stack pop_back resolved at 0x1b002afa0
#### SkyLight WSCompositeDestinationCreateWithMetalTexture nil-tolerate hook installed at 0x1b003053c
#### SkyLight MetalContext::StopCapture invalid-this guard installed at 0x1b002c1bc
#### MACWS_AGX_NATIVE class_addMethod(MTLTextureDescriptor, validateWithDevice:) = 1
#### MACWS_AGX_NATIVE class_addMethod(IOGPUMetalTexture, isMemoryless) = 1
#### MACWS_AGX_NATIVE class_addMethod(IOGPUMetalTexture, getCPUSizeBytes) = 1
#### MACWS_AGX_NATIVE class_addMethod(IOGPUMetalTexture, getAlignment) = 1
#### MACWS_AGX_NATIVE class_addMethod(IOGPUMetalTexture, descriptorPrivate) = 1
#### MACWS_AGX_NATIVE class_addMethod(IOGPUMetalTexture, getBytesPerRow) = 1
#### MACWS_AGX_NATIVE class_addMethod(IOGPUMetalTexture, updateBindDataWithAddresses:gpuVirtualAddress:) = 1
#### MACWS_AGX_NATIVE class_addMethod(IOGPUMetalTexture, updateBindDataWithAddresses:gpuVirtualAddress:shouldInitMetadata:) = 1
#### MACWS_AGX_NATIVE class_addMethod(IOGPUMetalTexture, allocBufferSubDataWithLength:options:alignment:heapIndex:bufferIndex:bufferOffset:) = 1
#### MACWS_AGX_NATIVE class_addMethod(IOGPUMetalTexture, initNewTextureData:) = 1
#### MACWS_AGX_NATIVE class_addMethod(MTLTextureDescriptor, isMemoryless) = 1
#### MACWS_AGX_NATIVE class_addMethod(MTLTextureDescriptor, protectionOptions) = 1
#### MACWS_AGX_NATIVE class_addMethod(MTLTextureDescriptor, getCPUSizeBytes) = 1
#### MACWS_AGX_NATIVE class_addMethod(MTLTextureDescriptor, getAlignment) = 1
#### MACWS_AGX_NATIVE class_addMethod(MTLTextureDescriptor, descriptorPrivate) = 1
#### MACWS_AGX_NATIVE class_addMethod(MTLTextureDescriptor, getBytesPerRow) = 1
#### MACWS_AGX_NATIVE class_addMethod(MTLTextureDescriptor, updateBindDataWithAddresses:gpuVirtualAddress:) = 1
#### MACWS_AGX_NATIVE class_addMethod(MTLTextureDescriptor, updateBindDataWithAddresses:gpuVirtualAddress:shouldInitMetadata:) = 1
#### MACWS_AGX_NATIVE class_addMethod(MTLTextureDescriptor, allocBufferSubDataWithLength:options:alignment:heapIndex:bufferIndex:bufferOffset:) = 1
#### MACWS_AGX_NATIVE class_addMethod(MTLTextureDescriptor, initNewTextureData:) = 1
#### APP-INPUT SYSTEM-ACTIVATE-EVENT pid=72913 window=0 data1=1 data2=64 retained=YES
#### tile-encoder forwards: class MTLSimRenderCommandEncoder NOT found
#### IOGPU-CALLBACK-DIAG installed queueClass=0x2063e88d0 method=0x0 orig=0x0 bufferClass=0x2063e8830 method=0x1c7f5f9a5 orig=0x1c7f42be8 errorMethod=0x1b479be01 errorOrig=0x1b466ddcc (file-gated)
#### NSXPCSharedListener class=0x206763bd8
#### NSXPCSharedListener endpointForReply swizzle installed
#### NSXPCSharedListener connectToService swizzle installed
#### NSXPCSharedListener connectToService intercepted (graceful fail)
[72913:0729/144845.070288:ERROR:net/cert/internal/trust_store_mac.cc:489] SecKeychainAddCallback failed: Error Domain=NSOSStatusErrorDomain Code=-50 "paramErr: error in user parameter list" (-50)
[72913:0729/144845.070481:ERROR:net/cert/internal/trust_store_mac.cc:489] SecKeychainAddCallback failed: Error Domain=NSOSStatusErrorDomain Code=-50 "paramErr: error in user parameter list" (-50)
Warning: 'remote-debugging-port' is not in the list of known options, but still passed to Electron/Chromium.
Warning: 'remote-allow-origins' is not in the list of known options, but still passed to Electron/Chromium.
Warning: 'use-angle' is not in the list of known options, but still passed to Electron/Chromium.
Warning: 'ignore-gpu-blocklist' is not in the list of known options, but still passed to Electron/Chromium.
Warning: 'disable-features' is not in the list of known options, but still passed to Electron/Chromium.
#### AMFI-POLICY-COMPAT policy=AMFI op=0x60 status=0x4 (iOS task ports are hard-immovable)
#### CSR-POLICY-COMPAT active_config=0x0 (conservative iOS compatibility value)
#### AMFI-POLICY-COMPAT policy=AMFI op=0x60 status=0x4 (iOS task ports are hard-immovable)
#### CSR-POLICY-COMPAT active_config=0x0 (conservative iOS compatibility value)
[72919:0729/144845.234005:ERROR:base/process/process_mac.cc:53] task_policy_set TASK_CATEGORY_POLICY: (os/kern) invalid argument (4)
[72920:0729/144845.240777:ERROR:base/process/process_mac.cc:53] task_policy_set TASK_CATEGORY_POLICY: (os/kern) invalid argument (4)
#### JIT-MPROTECT flip #2048 ranges=1 prot=RX writers=1 exec_waits=670 late_retries=22
2026-07-29 14:48:45.469 Electron[72913:12299347] Connection Invalid error for service com.apple.hiservices-xpcservice.
2026-07-29 14:48:45.469 Electron[72913:12299332] Error received in message reply handler: Connection invalid
#### MACWS_AGX_NATIVE pre-loaded IOGPU via /System/Library/PrivateFrameworks/IOGPU.framework/IOGPU -> 0x3fbf9cc10
#### MACWS_AGX_NATIVE dlsym(IOGPUResourceCreate) = 0x1c7f560a0
#### MACWS_AGX_NATIVE dlsym(IOGPUMetalCommonResourceCreate) = 0x0
#### MACWS_AGX_NATIVE dlsym(IOGPUDeviceCreateWithAPIProperty) = 0x1c7f540fc
#### MACWS_AGX_NATIVE dlsym(_IOGPUMetalAllocateResource) = 0x0
#### MACWS_AGX_NATIVE dlsym(IOGPUMetalAllocateResource) = 0x0
#### AGX_CLASSREF_DIAG newTexture iosurface alloc class @0x2456a9298 = 0x247c525f0 name=AGXG13GFamilyTexture
#### AGX_CLASSREF_DIAG initImpl method m=0x2108613ad imp=0x21084a284 expected stub=0x21085a880 real=0x21084a284 WHICH=AGXG13GFamilyTexture-real
#### MACWS_AGX_OBJC_AUTDA_PATCH msgSendSuper2=0x1aae65e00 code=0x1aae65e00 autda@0x1aae65e10 insn=0xdac11a30
####   PATCHED autda x16,x17 → xpacd x16 (0xdac11a30 → 0xdac147f0)
#### MACWS_AGX_SEL_DIAG super-init SEL static=0x1cffc6f26 slid=0x1fadc6f26 readable=1
####   bytes="initWithDevice:descriptor:iosurface:plane:field:args:argsSize:"
####   sel_registerName(...) = 0x1fadc6f26 name="initWithDevice:descriptor:iosurface:plane:field:args:argsSize:"
####   objc_getClass(IOGPUMetalTexture) = 0x2063e8fb0
####   IOGPUMetalTexture method count = 71
####     - initNewTextureData:
####     - updateBindDataWithAddresses:gpuVirtualAddress:shouldInitMetadata:
####     - initWithBuffer:descriptor:offset:bytesPerRow:
####     - initWithBuffer:descriptor:sysMemOffset:sysMemRowBytes:vidMemSize:vidMemRowBytes:args:argsSize:
####     - initWithBuffer:descriptor:sysMemOffset:sysMemRowBytes:vidMemSize:vidMemRowBytes:args:argsSize:isStrideTexture:
####     - initWithDevice:descriptor:iosurface:plane:field:args:argsSize:
####     - initWithDevice:descriptor:sysMemSize:sysMemRowBytes:vidMemSize:vidMemRowBytes:args:argsSize:
####     - initWithDevice:remoteStorageTexture:args:argsSize:
####     - initWithHeap:resource:offset:length:device:descriptor:
####     - initWithTexture:pixelFormat:
####     - initWithTexture:pixelFormat:textureType:levels:slices:
####     - initWithTexture:pixelFormat:textureType:levels:slices:swizzle:
####     - initWithTextureInternal:pixelFormat:textureType:levels:slices:swizzle:compressedView:
####     - initWithPrimaryBuffer:heapIndex:bufferIndex:bufferOffset:length:descriptor:sysMemRowBytes:vidMemSize:vidMemRowBytes:args:argsSize:
####   AGXTexture super class = 0x0 ((nil))
####   super responds to "initWithDevice:desc:iosurface:plane:" = 0 (Method=0x0)
####   super responds to "initWithDevice:descriptor:iosurface:plane:" = 0 (Method=0x0)
####   super responds to "initWithDevice:descriptor:iosurface:plane:field:args:argsSize:" = 0 (Method=0x0)
####   super responds to "initImplWithDevice:Descriptor:iosurface:plane:buffer:bytesPerRow:allowNPOT:sparsePageSize:isCompressedIOSurface:isHeapBacked:" = 0 (Method=0x0)
#### MACWS_AGX_STUB_FIX objc_msgSendSuper2
####   stub@0x21085dfc0 insns=[d01cf7f1 9132a231 f9400230 d71f0a11]
####   slot@0x24a75bca8 value=0x1aae65e00 sym=objc_msgSendSuper2 base=0x1aae5c000 path=/usr/lib/libobjc.A.dylib
####   PATCHED → br 0x1aae65e00 (movz/movk/movk/br)
####   new=[d28bc010 f2b55cd0 f2c00030 d61f0200]
#### MACWS_AGX_NATIVE objc_getClass(AGXBuffer) = 0x0
#### MACWS_AGX_NATIVE __objc_classlist: 52 entries
####   classlist[0] = 0x247c526b8 name=AGXBuffer registered=0x0
####   classlist[1] = 0x247c522f8 name=AGXG13GFamilyBinaryArchive registered=0x0
####   classlist[2] = 0x247c52168 name=AGXG13GFamilyBlitContext registered=0x0
####   classlist[3] = 0x247c517e0 name=AGXG13GFamilyResourceStateContext registered=0x0
####   classlist[4] = 0x247c51fd8 name=AGXG13GFamilyBuffer registered=0x0
####   classlist[5] = 0x247c51830 name=AGXG13GFamilyCommandBuffer registered=0x0
#### MACWS_AGX_NATIVE objc_duplicateClass=0x1aae8bcb8
#### MACWS_AGX_NATIVE imageinfo=0x2423bca58 sz=8
#### PREREGISTER image[627] AGXMetal13_3: 52/52 realized
#### PREREGISTER image[628] GPURawCounter: 6/6 realized
#### MACWS_AGX_NATIVE register pass 0: 0 new (total 58)
#### MACWS_AGX_NATIVE realized 58/52 classes
#### MACWS_AGX_NATIVE AGXBuffer after register: 0x247c526b8
#### MACWS_AGX_NATIVE [AGXBuffer alloc] = 0x6001b1500
#### MACWS_AGX_NATIVE swizzled initUntrackedInternalBufferWithDevice:length:options:
#### MACWS_AGX_NATIVE swizzled initWithDevice:length:alignment:options:isSuballocDisabled:resourceInArgs:pinnedGPULocation:
#### MACWS_AGX_NATIVE tracing -[AGXBuffer initWithDevice:options:args:argsSize:] (nil preserved)
#### LIBOBJC dlsym(objc_constructInstance) = 0x1aae72c08
#### LIBOBJC dlsym(_dyld_objc_notify_register) = 0x1ab207480
#### LIBOBJC dlsym(_dyld_objc_register_callbacks) = 0x1ab209abc
#### LIBOBJC dlsym(objc_readClassPair) = 0x1aae78bdc
#### LIBOBJC dlsym(objc_registerClassPair) = 0x1aae69a3c
#### LIBOBJC dlsym(_objc_realizeClassFromSwift) = 0x1aae78d34
#### LIBOBJC dlsym(objc_addLoadImageFunc) = 0x1aae787c8
#### LIBOBJC dlsym(_objc_init) = 0x1aae5e004
#### CLASS_DETAIL [0] 0x247c526b8 name=AGXBuffer super=0x2063e87e0 (IOGPUMetalBuffer) meta=0
#### CLASS_DETAIL [1] 0x247c522f8 name=AGXG13GFamilyBinaryArchive super=0x20677f3b8 (_MTLBinaryArchive) meta=0
#### CLASS_DETAIL [2] 0x247c52168 name=AGXG13GFamilyBlitContext super=0x2063e87b8 (IOGPUMetalBlitCommandEncoder) meta=0
#### CLASS_DETAIL [3] 0x247c517e0 name=AGXG13GFamilyResourceStateContext super=0x2063e8f88 (IOGPUMetalResourceStateCommandEncoder) meta=0
#### CLASS_DETAIL [4] 0x247c51fd8 name=AGXG13GFamilyBuffer super=0x247c526b8 (AGXBuffer) meta=0
#### CLASS_DETAIL [5] 0x247c51830 name=AGXG13GFamilyCommandBuffer super=0x2063e8830 (IOGPUMetalCommandBuffer) meta=0
#### CLASS_DETAIL [6] 0x247c52208 name=AGXG13GFamilyCommandQueue super=0x2063e88d0 (IOGPUMetalCommandQueue) meta=0
#### CLASS_DETAIL [7] 0x247c52118 name=AGXG13GFamilyComputePipeline super=0x20677dd88 (_MTLComputePipelineState) meta=0
#### CLASS_DETAIL [8] 0x247c520c8 name=AGXG13GFamilyDeadlineProfile super=0x2061fae70 (NSObject) meta=0
#### CLASS_DETAIL [9] 0x247c518d0 name=AGXG13GFamilyDebugContext super=0x2063e8970 (IOGPUMetalDebugCommandEncoder) meta=0
#### CLASS_DETAIL [10] 0x247c52000 name=AGXG13GFamilyDepthStencilState super=0x20677ddb0 (_MTLDepthStencilState) meta=0
#### CLASS_DETAIL [11] 0x247c522d0 name=AGXG13GFamilyDynamicLibrary super=0x20677fdb8 (_MTLDynamicLibrary) meta=0
#### CLASS_DETAIL [12] 0x247c521b8 name=AGXG13GFamilyComputeContext super=0x2063e8948 (IOGPUMetalComputeCommandEncoder) meta=0
#### CLASS_DETAIL [13] 0x247c51e70 name=AGXG13GFamilyFunctionHandle super=0x20677f9a8 (_MTLFunctionHandle) meta=0
#### CLASS_DETAIL [14] 0x247c522a8 name=AGXG13GFamilyHeap super=0x2063e8bf0 (IOGPUMetalHeap) meta=0
#### CLASS_DETAIL [15] 0x247c52280 name=AGXG13GFamilySparseHeap super=0x206780e48 (_MTLHeap) meta=0
#### MACWS_AGX_NATIVE __objc_classrefs: 105 entries, 0 null
####   class AGXBuffer = 0x247c526b8
####   class AGXCommandQueue = 0x0
####   class AGXCommandBuffer = 0x0
####   class AGXMetalCommandQueue = 0x0
####   class AGXMetalCommandBuffer = 0x0
####   class AGXMetalBuffer = 0x0
####   class AGXMetalTexture = 0x0
####   class AGXMetalHeap = 0x0
####   class AGXMetalResource = 0x0
####   class AGXMetalDevice = 0x0
####   class AGXMetalFence = 0x0
####   class AGXTexture = 0x247c52708
####   class IOGPUMetalBuffer = 0x2063e87e0
####   class IOGPUMetalCommandBuffer = 0x2063e8830
####   class IOGPUMetalCommandQueue = 0x2063e88d0
####   class IOGPUMetalDevice = 0x2063e89c0
####   class IOGPUMetalHeap = 0x2063e8bf0
####   class IOGPUMetalResource = 0x2063e8ec0
####   class IOGPUMetalTexture = 0x2063e8fb0
####   class IOGPUMetalFence = 0x2063e8b50
####   class IOGPUMTLLateEvalEvent = 0x20689bc70
#### CLASSREF [0] @0x2456a9250 -> 0x20677d428 name=MTLCompiler
#### CLASSREF [1] @0x2456a9258 -> 0x2062196e0 name=NSDictionary
#### CLASSREF [2] @0x2456a9260 -> 0x206220348 name=NSError
#### CLASSREF [3] @0x2456a9268 -> 0x247c524b0 name=AGXG13GFamilyComputeOrFragmentOrTileProgram
#### CLASSREF [4] @0x2456a9270 -> 0x247c524d8 name=AGXG13GFamilyFragmentProgram
#### CLASSREF [5] @0x2456a9278 -> 0x247c52550 name=AGXG13GFamilyVertexProgram
#### CLASSREF [6] @0x2456a9280 -> 0x206219848 name=NSMutableDictionary
#### CLASSREF [7] @0x2456a9288 -> 0x247c525a0 name=AGXG13GFamilyTileProgram
#### CLASSREF [8] @0x2456a9290 -> 0x247c52578 name=AGXG13GFamilyComputeProgram
#### CLASSREF [9] @0x2456a9298 -> 0x247c525f0 name=AGXG13GFamilyTexture
#### CLASSREF [10] @0x2456a92a0 -> 0x20677dbd0 name=MTLTextureDescriptor
#### CLASSREF [11] @0x2456a92a8 -> 0x247c52168 name=AGXG13GFamilyBlitContext
#### CLASSREF [12] @0x2456a92b0 -> 0x247c517e0 name=AGXG13GFamilyResourceStateContext
#### CLASSREF [13] @0x2456a92b8 -> 0x247c51d58 name=AGXG13GFamilyRayTracingGPUBuilder
#### CLASSREF [14] @0x2456a92c0 -> 0x247c52190 name=AGXG13GFamilyRenderContext
#### CLASSREF [15] @0x2456a92c8 -> 0x247c521b8 name=AGXG13GFamilyComputeContext
#### CLASSREF [16] @0x2456a92d0 -> 0x247c521e0 name=AGXG13GFamilyThreadedRenderPass
#### CLASSREF [17] @0x2456a92d8 -> 0x247c51dd0 name=AGXG13GFamilySampledRenderContext
#### CLASSREF [18] @0x2456a92e0 -> 0x247c51e98 name=AGXG13GFamilySampledComputeContext
#### CLASSREF [19] @0x2456a92e8 -> 0x206219668 name=NSData
#### CLASSREF [20] @0x2456a92f0 -> 0x247c51830 name=AGXG13GFamilyCommandBuffer
#### CLASSREF [21] @0x2456a92f8 -> 0x2067801c8 name=_MTLProgramAddressTableMappedBinary
#### CLASSREF [22] @0x2456a9300 -> 0x206780178 name=_MTLPipelineStateBinary
#### CLASSREF [23] @0x2456a9308 -> 0x2062195a0 name=NSArray
#### MACWS_GOT AGXMetal13_3: symtab=8331 syms, strtab=461166853 bytes, indirect=555 entries
####   sect[0] __DATA_CONST,__got type=0 entries=97 indirect_start=228 auth=0
####   bind[1] _MTLCommonCounterSetTimestamp -> 0x1feedd290 (slot=0x2423bb9e0 auth=0)
####   bind[2] _MTLCommonCounterTimestamp -> 0x1feedd1a0 (slot=0x2423bb9e8 auth=0)
####   bind[3] _MTLCompileTimeStatisticsKeyBackend -> 0x203a90f60 (slot=0x2423bb9f0 auth=0)
####   bind[4] _MTLCompileTimeStatisticsKeyCachedFunction -> 0x203a90f10 (slot=0x2423bb9f8 auth=0)
####   bind[5] _MTLCompileTimeStatisticsKeyCompilerTotal -> 0x203a90f48 (slot=0x2423bba00 auth=0)
####   bind[6] _MTLCompileTimeStatisticsKeyDriverTotal -> 0x203a90f40 (slot=0x2423bba08 auth=0)
####   bind[7] _MTLCompileTimeStatisticsKeyFunctionName -> 0x203a90f08 (slot=0x2423bba10 auth=0)
####   bind[8] _MTLCompileTimeStatisticsKeyMTLCompilerService -> 0x203a90f20 (slot=0x2423bba18 auth=0)
####   bind[9] _MTLCompileTimeStatisticsKeyOptimization -> 0x203a90f58 (slot=0x2423bba20 auth=0)
####   bind[10] _MTLCompileTimeStatisticsKeyPipelineTotal -> 0x203a90f18 (slot=0x2423bba28 auth=0)
####   bind[11] _MTLCompileTimeStatisticsKeyPipelinesCompute -> 0x203a8fe30 (slot=0x2423bba30 auth=0)
####   IOGPU-CRITICAL _OBJC_IVAR_$_IOGPUMTLLateEvalEvent._eventName = 0x203f729d0 (slot=0x2423bbb28 auth=0)
####   IOGPU-CRITICAL _OBJC_IVAR_$_IOGPUMetalBuffer._primaryBuffer = 0x203f7291c (slot=0x2423bbb30 auth=0)
####   IOGPU-CRITICAL _OBJC_IVAR_$_IOGPUMetalCommandQueue._commandQueue = 0x203f72960 (slot=0x2423bbb38 auth=0)
####   IOGPU-CRITICAL _OBJC_IVAR_$_IOGPUMetalDevice._segmentByteThreshold = 0x203f72a2c (slot=0x2423bbb40 auth=0)
####   IOGPU-CRITICAL _OBJC_IVAR_$_IOGPUMetalFence._fenceIndex = 0x203f72aa8 (slot=0x2423bbb48 auth=0)
####   IOGPU-CRITICAL _OBJC_IVAR_$_IOGPUMetalHeap._resource = 0x203f72ac4 (slot=0x2423bbb50 auth=0)
####   IOGPU-CRITICAL _OBJC_IVAR_$_IOGPUMetalResource._res = 0x203f72af4 (slot=0x2423bbb58 auth=0)
####   IOGPU-CRITICAL _OBJC_IVAR_$_IOGPUMetalTexture._arrayLength = 0x203f72b38 (slot=0x2423bbb60 auth=0)
####   IOGPU-CRITICAL _OBJC_IVAR_$_IOGPUMetalTexture._depth = 0x203f72b34 (slot=0x2423bbb68 auth=0)
####   IOGPU-CRITICAL _OBJC_IVAR_$_IOGPUMetalTexture._height = 0x203f72b30 (slot=0x2423bbb70 auth=0)
####   IOGPU-CRITICAL _OBJC_IVAR_$_IOGPUMetalTexture._isCompressed = 0x203f72b54 (slot=0x2423bbb78 auth=0)
####   IOGPU-CRITICAL _OBJC_IVAR_$_IOGPUMetalTexture._mipmapLevelCount = 0x203f72b3c (slot=0x2423bbb80 auth=0)
####   IOGPU-CRITICAL _OBJC_IVAR_$_IOGPUMetalTexture._numFaces = 0x203f72b8c (slot=0x2423bbb88 auth=0)
####   IOGPU-CRITICAL _OBJC_IVAR_$_IOGPUMetalTexture._parentTexture = 0x203f72b58 (slot=0x2423bbb90 auth=0)
####   IOGPU-CRITICAL _OBJC_IVAR_$_IOGPUMetalTexture._pixelFormat = 0x203f72b28 (slot=0x2423bbb98 auth=0)
####   IOGPU-CRITICAL _OBJC_IVAR_$_IOGPUMetalTexture._sampleCount = 0x203f72b40 (slot=0x2423bbba0 auth=0)
####   IOGPU-CRITICAL _OBJC_IVAR_$_IOGPUMetalTexture._textureType = 0x203f72b24 (slot=0x2423bbba8 auth=0)
####   IOGPU-CRITICAL _OBJC_IVAR_$_IOGPUMetalTexture._width = 0x203f72b2c (slot=0x2423bbbb0 auth=0)
####   sect[7] __AUTH_CONST,__auth_got type=0 entries=230 indirect_start=325 auth=1
####   IOGPU-CRITICAL _IOGPUCommandQueueGetConnect = 0x1c7f55b88 (slot=0x249607448 auth=1)
####   IOGPU-CRITICAL _IOGPUCommandQueueGetID = 0x1c7f55bd0 (slot=0x249607450 auth=1)
####   IOGPU-CRITICAL _IOGPUDeviceGetConnect = 0x1c7f54654 (slot=0x249607458 auth=1)
####   IOGPU-CRITICAL _IOGPUDeviceGetNextGlobalTraceID = 0x1c7f547f0 (slot=0x249607460 auth=1)
####   IOGPU-CRITICAL _IOGPUDeviceTraceEvent = 0x1c7f548bc (slot=0x249607468 auth=1)
####   IOGPU-CRITICAL _IOGPUMetalCommandBufferStorageBeginKernelCommands = 0x1c7f44ad8 (slot=0x249607470 auth=1)
####   IOGPU-CRITICAL _IOGPUMetalCommandBufferStorageEndKernelCommands = 0x1c7f44c2c (slot=0x249607478 auth=1)
####   IOGPU-CRITICAL _IOGPUResourceListAddResource = 0x1c7f571c8 (slot=0x249607480 auth=1)
####   IOGPU-CRITICAL _IOGPUResourceListMerge = 0x1c7f57278 (slot=0x249607488 auth=1)
####   IOGPU-CRITICAL _IOGPUResourceListMergeLists = 0x1c7f57354 (slot=0x249607490 auth=1)
####   bind[131] _IOSurfaceGetAddressFormatOfPlane -> 0x101199a4c (slot=0x2496074c8 auth=1 FORCE)
####   bind[133] _IOSurfaceGetBaseAddressOfPlane -> 0x10119992c (slot=0x2496074d8 auth=1 FORCE)
####   bind[135] _IOSurfaceGetBytesPerRowOfPlane -> 0x1011993f0 (slot=0x2496074e8 auth=1 FORCE)
####   bind[136] _IOSurfaceGetBytesPerTileDataOfPlane -> 0x1011994e4 (slot=0x2496074f0 auth=1 FORCE)
####   bind[141] _IOSurfaceGetCompressionTypeOfPlane -> 0x101199108 (slot=0x249607518 auth=1 FORCE)
####   bind[142] _IOSurfaceGetHeightInCompressedTilesOfPlane -> 0x101199208 (slot=0x249607520 auth=1 FORCE)
####   bind[145] _IOSurfaceGetWidthInCompressedTilesOfPlane -> 0x1011992fc (slot=0x249607538 auth=1 FORCE)
####   bind[286] _objc_alloc -> 0x101198d9c (slot=0x2496079c0 auth=1 FORCE)
####   IOGPU-CRITICAL _objc_autoreleasePoolPop = 0x1aae68a7c (slot=0x2496079d8 auth=1)
####   IOGPU-CRITICAL _objc_autoreleasePoolPush = 0x1aae68934 (slot=0x2496079e0 auth=1)
#### MACWS_GOT AGXMetal13_3: indirect_slots=327 patched=323 failed=0
#### MACWS_AGX_NATIVE __auth_got section NOT FOUND
#### MACWS_AGX_NATIVE __got: 97 entries, 0 null, 97 non-null
#### MACWS_AGX_NATIVE dlopen AGXMetal13_3 OK h=0x3fbf3b950
#### MACWS_AGX_NATIVE +[NSBundle bundleWithPath:AGXMetal13_3.bundle] = 0x600163a80 id=com.apple.AGXMetal13-3
#### MACWS_AGX_NATIVE bundle loadAndReturnError: 1 (err=nil) loaded=1
#### MACWS_AGX_NATIVE bundle pathForResource:ds.g13g = /System/Library/Extensions/AGXMetal13_3.bundle/Contents/Resources/ds.g13g
#### MACWS_AGX_NATIVE getMetalPluginClassForService: returning class AGXG13GFamilyDevice = 0x247c520f0
#### CBRI_HOOK: installed (orig=0x1c7f42d84)
#### MACWS-NEW-EVENT adapter installed deviceClass=AGXG13GFamilyDevice owner=IOGPUMetalDevice orig=0x1c7f49ef4 added=1
#### MACWS_AGX_NATIVE class_addMethod(AGXG13GFamilyDevice, initWithAcceleratorPort:) = 1
#### MACWS_AGX_NATIVE memoryless witness installed class=AGXG13GFamilyDevice original=0x2105568a8
#### MACWS_AGX_NATIVE memoryless witness total=1 (original results preserved)
#### MACWS_AGX_NATIVE tile-pipeline probe wrapped AGXG13GFamilyDevice (orig=0x2105355e4)
#### MACWS_AGX_NATIVE tile-pipeline probe: 1 class(es) wrapped
#### MACWS_AGX_NATIVE nil-guard wrapped setFragmentTexture:atIndex: on AGXG13GFamilyRenderContext (orig=0x2104e89e0)
#### MACWS_AGX_NATIVE nil-guard: class AGXG13GRenderContext NOT registered
#### MACWS_AGX_NATIVE nil-guard: class AGXRenderContext NOT registered
#### MACWS_AGX_NATIVE nil-guard: class AGXG13GComputeContext NOT registered
#### MACWS_AGX_NATIVE nil-guard setFragmentTexture:atIndex:: 1 class(es) wrapped
#### MACWS_AGX_NATIVE nil-guard wrapped setVertexTexture:atIndex: on AGXG13GFamilyRenderContext (orig=0x2104ef5e8)
#### MACWS_AGX_NATIVE nil-guard: class AGXG13GRenderContext NOT registered
#### MACWS_AGX_NATIVE nil-guard: class AGXRenderContext NOT registered
#### MACWS_AGX_NATIVE nil-guard: class AGXG13GComputeContext NOT registered
#### MACWS_AGX_NATIVE nil-guard setVertexTexture:atIndex:: 1 class(es) wrapped
#### MACWS_AGX_NATIVE swizzled AGXG13GFamilyDevice newTextureWithDescriptor:iosurface:plane:
#### MACWS_AGX_NATIVE swizzled AGXG13GFamilyDevice newTextureWithDescriptor:
#### MACWS_AGX_NATIVE swizzled -[AGXBuffer initWithDevice:bytes:length:options:deallocator:pinnedGPUAddress:]
#### MACWS_AGX_NATIVE noop'd alertCommandBufferActivityStart
#### MACWS_AGX_NATIVE noop'd alertCommandBufferActivityComplete
#### objc_alloc(AGXG13GFamilyDevice) -> 0x6002c2000
#### MACWS_AGX_NATIVE redirecting AGXG13GFamilyDevice init(port=11535) → 2-arg variant
#### debugbydcmmc IOServiceOpen agx connect=13571 type=0x100001 (requested=0x100005)
#### AGXIOC Struct sel=0x7->0x6 inSC=16 outSC=0 -> 0x1
#### AGXIOC Struct sel=0x5->0x4 inSC=0 outSC=32 -> 0x0
#### AGXIOC ASYNC-REGISTER #1 conn=13571 sel=0x107->0x107 wake=13835 ref=0x16f105660 refCnt=3 inCnt=0 caller=0x21055b468 image=/System/Library/Extensions/AGXMetal13_3.bundle/Contents/MacOS/AGXMetal13_3 symbol=-[AGXG13GFamilyDevice initWithAcceleratorPort:simultaneousInstances:]
#### AGXIOC ASYNC-REFERENCE registration=1 index=0 value=0 image=(none) symbol=(none) symbolAddress=0x0
#### AGXIOC ASYNC-REFERENCE registration=1 index=1 value=0x21055da08 image=/System/Library/Extensions/AGXMetal13_3.bundle/Contents/MacOS/AGXMetal13_3 symbol=_ZN3AGX6DeviceINS_3G138EncodersENS1_7ClassesENS1_10ObjClassesEE26deviceNotificationCallbackEPviyy symbolAddress=0x21055da08
#### AGXIOC ASYNC-REFERENCE registration=1 index=2 value=0x6002d0a00 image=(none) symbol=(none) symbolAddress=0x0
#### AGXIOC AsyncScalar sel=0x107->0x107 inCnt=0 -> 0x0
#### AGX_LIFE CREATE id=0x1 type=0 surf=0 bytes=0x10000 kr=0 okC=1 failC=0 okD=0 failD=0 unmatchedD=0 full=0 live=1/0MB [t0=1/0MB t80=0/0MB t82=0/0MB]
#### AGXIOC heap map #1 clientID 0x10000 -> resourceID 0x1 size 0x10000
####   ResCreate OK type=0 clientID=0 +0x30=0 +0x38=0 +0x40=0x10000 +0x58=0 OUT[+0]=0 OUT[+0x08]=0x1010e4000 OUT[+0x10]=0x1010d40c0 OUT[+0x48]=0x10000
####   inStruct[0..104]:
####     00: 00 00 00 00 00 00 00 00 01 00 01 00 01 00 00 00
####     10: 01 01 00 01 30 84 00 00 00 00 00 00 00 00 00 00
####     20: 00 00 00 00 00 00 00 00 00 00 00 00 00 00 00 00
####     30: 00 00 00 00 00 00 00 00 00 00 00 00 00 00 00 00
####     40: 00 00 01 00 00 00 00 00 00 00 00 00 00 00 00 00
####     50: 00 00 00 38 00 00 00 00 00 00 00 00 00 00 00 00
####     60: 00 00 00 00 00 00 00 00
#### MACWS_AGX_NATIVE setupCompiler:0x30010 fired (Device=0x6002c2000)
#### MACWS_AGX_NATIVE memoryless witness #1 instance=0x6002c2000 class=AGXG13GFamilyDevice original=0x2105568a8 -> YES
#### JIT-MPROTECT flip #3072 ranges=1 prot=RX writers=1 exec_waits=1046 late_retries=31
#### objc_alloc(AGXG13GFamilyCommandQueue) -> 0x600091400
#### AGXIOC Method sel=0x8->0x7 inCnt=0 inSC=1032 outSC=16 -> 0x0
#### AGXIOC Method sel=0x11->0xf inCnt=2 inSC=0 outSC=16 -> 0x0
#### AGXIOC Method sel=0x1d->0x19 inCnt=2 inSC=0 outSC=0 -> 0x0
#### AGXIOC Method sel=0x1f->0x1b inCnt=1 inSC=12 outSC=0 -> 0x0
#### objc_alloc(AGXBuffer) -> 0x6001b2a00
#### AGXIOC type0 exact initFull length: +0x58=0xc00000000 low32=0 -> +0x40=0x180
#### AGX_LIFE CREATE id=0x2 type=0 surf=0 bytes=0x4000 kr=0 okC=2 failC=0 okD=0 failD=0 unmatchedD=0 full=0 live=2/0MB [t0=2/0MB t80=0/0MB t82=0/0MB]
#### AGXIOC heap map #2 clientID 0x4000 -> resourceID 0x2 size 0x180
####   ResCreate OK type=0 clientID=0 +0x30=0x40 +0x38=0 +0x40=0x180 +0x58=0 OUT[+0]=0x1500000000 OUT[+0x08]=0x102c84000 OUT[+0x10]=0x1010d4180 OUT[+0x48]=0x4000
####   inStruct[0..104]:
####     00: 00 00 00 00 00 00 00 00 01 00 01 00 01 00 00 00
####     10: 01 01 00 01 70 04 00 00 00 00 00 00 00 00 00 00
####     20: 00 00 00 00 00 00 00 00 00 00 00 00 00 00 00 00
####     30: 40 00 00 00 00 00 00 00 00 00 00 00 00 00 00 00
####     40: 80 01 00 00 00 00 00 00 00 00 00 00 00 00 00 00
####     50: 00 00 00 00 00 00 00 00 00 00 00 00 00 00 00 00
####     60: 00 00 00 00 00 00 f0 3f
#### TRACE -[AGXBuffer initFull] self=0x6001b2a00 dev=0x6002c2000 len=384 align=1→64 opt=0 subDis=0→1 resIn=0x16f105778 pin=0x0 -> 0x6001b2a00
#### TRACE -[AGXBuffer initUntracked] self=0x6001b2a00 dev=0x6002c2000 len=384 opt=0 -> 0x6001b2a00
#### objc_alloc(AGXBuffer) -> 0x6001b5b80
#### AGXIOC type0 exact initFull length: +0x58=0xc00000000 low32=0 -> +0x40=0x180
#### AGX_LIFE CREATE id=0x3 type=0 surf=0 bytes=0x4000 kr=0 okC=3 failC=0 okD=0 failD=0 unmatchedD=0 full=0 live=3/0MB [t0=3/0MB t80=0/0MB t82=0/0MB]
#### AGXIOC heap map #3 clientID 0x4000 -> resourceID 0x3 size 0x180
####   ResCreate OK type=0 clientID=0 +0x30=0x40 +0x38=0 +0x40=0x180 +0x58=0 OUT[+0]=0x1500008000 OUT[+0x08]=0x102c88000 OUT[+0x10]=0x1010d4240 OUT[+0x48]=0x4000
####   inStruct[0..104]:
####     00: 00 00 00 00 00 00 00 00 01 00 01 00 01 00 00 00
####     10: 01 01 00 01 70 04 00 00 00 00 00 00 00 00 00 00
####     20: 00 00 00 00 00 00 00 00 00 00 00 00 00 00 00 00
####     30: 40 00 00 00 00 00 00 00 00 00 00 00 00 00 00 00
####     40: 80 01 00 00 00 00 00 00 00 00 00 00 00 00 00 00
####     50: 00 00 00 00 00 00 00 00 00 00 00 00 00 00 00 00
####     60: 00 00 00 00 00 00 00 00
#### TRACE -[AGXBuffer initFull] self=0x6001b5b80 dev=0x6002c2000 len=384 align=1→64 opt=0 subDis=0→1 resIn=0x16f105778 pin=0x0 -> 0x6001b5b80
#### TRACE -[AGXBuffer initUntracked] self=0x6001b5b80 dev=0x6002c2000 len=384 opt=0 -> 0x6001b5b80
#### objc_alloc(AGXBuffer) -> 0x6001b3000
#### AGXIOC type0 exact initFull length: +0x58=0xc00000000 low32=0 -> +0x40=0x40
#### AGX_LIFE CREATE id=0x4 type=0 surf=0 bytes=0x4000 kr=0 okC=4 failC=0 okD=0 failD=0 unmatchedD=0 full=0 live=4/0MB [t0=4/0MB t80=0/0MB t82=0/0MB]
#### AGXIOC heap map #4 clientID 0x4000 -> resourceID 0x4 size 0x40
####   ResCreate OK type=0 clientID=0 +0x30=0x40 +0x38=0 +0x40=0x40 +0x58=0 OUT[+0]=0x1500010000 OUT[+0x08]=0x102c8c000 OUT[+0x10]=0x1010d4300 OUT[+0x48]=0x4000
####   inStruct[0..104]:
####     00: 00 00 00 00 00 00 00 00 01 00 01 00 01 00 00 00
####     10: 01 01 00 01 70 04 00 00 00 00 00 00 00 00 00 00
####     20: 00 00 00 00 00 00 00 00 00 00 00 00 00 00 00 00
####     30: 40 00 00 00 00 00 00 00 00 00 00 00 00 00 00 00
####     40: 40 00 00 00 00 00 00 00 00 00 00 00 00 00 00 00
####     50: 00 00 00 00 00 00 00 00 00 00 00 00 00 00 00 00
####     60: 7c 84 0a ab 01 00 23 15
#### TRACE -[AGXBuffer initFull] self=0x6001b3000 dev=0x6002c2000 len=64 align=1→64 opt=0 subDis=0→1 resIn=0x16f105778 pin=0x0 -> 0x6001b3000
#### TRACE -[AGXBuffer initUntracked] self=0x6001b3000 dev=0x6002c2000 len=64 opt=0 -> 0x6001b3000
#### objc_alloc(AGXBuffer) -> 0x6001b5d00
#### AGXIOC type0 exact initFull length: +0x58=0xc00000000 low32=0 -> +0x40=0x2000
#### AGX_LIFE CREATE id=0x5 type=0 surf=0 bytes=0x4000 kr=0 okC=5 failC=0 okD=0 failD=0 unmatchedD=0 full=0 live=5/0MB [t0=5/0MB t80=0/0MB t82=0/0MB]
#### AGXIOC heap map #5 clientID 0x4000 -> resourceID 0x5 size 0x2000
####   ResCreate OK type=0 clientID=0 +0x30=0x40 +0x38=0 +0x40=0x2000 +0x58=0 OUT[+0]=0x1500018000 OUT[+0x08]=0x102c90000 OUT[+0x10]=0x1010d43c0 OUT[+0x48]=0x4000
####   inStruct[0..104]:
####     00: 00 00 00 00 00 00 00 00 01 00 01 00 01 00 00 00
####     10: 01 01 00 01 70 04 00 00 00 00 00 00 00 00 00 00
####     20: 00 00 00 00 00 00 00 00 00 00 00 00 00 00 00 00
####     30: 40 00 00 00 00 00 00 00 00 00 00 00 00 00 00 00
####     40: 00 20 00 00 00 00 00 00 00 00 00 00 00 00 00 00
####     50: 00 00 00 00 00 00 00 00 00 00 00 00 00 00 00 00
####     60: 7c 84 0a ab 01 00 2e bc
#### TRACE -[AGXBuffer initFull] self=0x6001b5d00 dev=0x6002c2000 len=8192 align=1→64 opt=0 subDis=0→1 resIn=0x16f1057c8 pin=0x0 -> 0x6001b5d00
#### TRACE -[AGXBuffer initUntracked] self=0x6001b5d00 dev=0x6002c2000 len=8192 opt=0 -> 0x6001b5d00
#### AGXIOC type0 exact initFull length: +0x58=0xc00000000 low32=0 -> +0x40=0x80
#### AGX_LIFE CREATE id=0x6 type=0 surf=0 bytes=0x4000 kr=0 okC=6 failC=0 okD=0 failD=0 unmatchedD=0 full=0 live=6/0MB [t0=6/0MB t80=0/0MB t82=0/0MB]
#### AGXIOC heap map #6 clientID 0x4000 -> resourceID 0x6 size 0x80
####   ResCreate OK type=0 clientID=0 +0x30=0x40 +0x38=0 +0x40=0x80 +0x58=0 OUT[+0]=0x1500020000 OUT[+0x08]=0x102c94000 OUT[+0x10]=0x1010d4480 OUT[+0x48]=0x4000
####   inStruct[0..104]:
####     00: 00 00 00 00 00 00 00 00 01 00 01 00 01 00 00 00
####     10: 01 01 00 01 70 04 00 00 00 00 00 00 00 00 00 00
####     20: 00 00 00 00 00 00 00 00 00 00 00 00 00 00 00 00
####     30: 40 00 00 00 00 00 00 00 00 00 00 00 00 00 00 00
####     40: 80 00 00 00 00 00 00 00 00 00 00 00 00 00 00 00
####     50: 00 00 00 00 00 00 00 00 00 00 00 00 00 00 00 00
####     60: 01 00 00 00 00 00 00 00
#### TRACE -[AGXBuffer initFull] self=0x6001b3900 dev=0x6002c2000 len=128 align=1→64 opt=0 subDis=0→1 resIn=0x16f1057b8 pin=0x0 -> 0x6001b3900
#### TRACE -[AGXBuffer initUntracked] self=0x6001b3900 dev=0x6002c2000 len=128 opt=0 -> 0x6001b3900
#### AGXIOC type0 exact initFull length: +0x58=0xc00000000 low32=0 -> +0x40=0x100
#### AGX_LIFE CREATE id=0x7 type=0 surf=0 bytes=0x4000 kr=0 okC=7 failC=0 okD=0 failD=0 unmatchedD=0 full=0 live=7/0MB [t0=7/0MB t80=0/0MB t82=0/0MB]
#### AGXIOC heap map #7 clientID 0x4000 -> resourceID 0x7 size 0x100
####   ResCreate OK type=0 clientID=0 +0x30=0x40 +0x38=0 +0x40=0x100 +0x58=0 OUT[+0]=0x1500028000 OUT[+0x08]=0x102c98000 OUT[+0x10]=0x1010d4540 OUT[+0x48]=0x4000
####   inStruct[0..104]:
####     00: 00 00 00 00 00 00 00 00 01 00 01 00 01 00 00 00
####     10: 01 01 00 01 70 04 00 00 00 00 00 00 00 00 00 00
####     20: 00 00 00 00 00 00 00 00 00 00 00 00 00 00 00 00
####     30: 40 00 00 00 00 00 00 00 00 00 00 00 00 00 00 00
####     40: 00 01 00 00 00 00 00 00 00 00 00 00 00 00 00 00
####     50: 00 00 00 00 00 00 00 00 00 00 00 00 00 00 00 00
####     60: 01 00 00 00 00 00 00 00
#### TRACE -[AGXBuffer initFull] self=0x6001b3780 dev=0x6002c2000 len=256 align=1→64 opt=0 subDis=0→1 resIn=0x16f1057b8 pin=0x0 -> 0x6001b3780
#### TRACE -[AGXBuffer initUntracked] self=0x6001b3780 dev=0x6002c2000 len=256 opt=0 -> 0x6001b3780
#### AGXIOC type0 exact initFull length: +0x58=0xc00000000 low32=0 -> +0x40=0x100
#### AGX_LIFE CREATE id=0x8 type=0 surf=0 bytes=0x4000 kr=0 okC=8 failC=0 okD=0 failD=0 unmatchedD=0 full=0 live=8/0MB [t0=8/0MB t80=0/0MB t82=0/0MB]
#### AGXIOC heap map #8 clientID 0x4000 -> resourceID 0x8 size 0x100
####   ResCreate OK type=0 clientID=0 +0x30=0x40 +0x38=0 +0x40=0x100 +0x58=0 OUT[+0]=0x1500030000 OUT[+0x08]=0x102c9c000 OUT[+0x10]=0x1010d4600 OUT[+0x48]=0x4000
####   inStruct[0..104]:
####     00: 00 00 00 00 00 00 00 00 01 00 01 00 01 00 00 00
####     10: 01 01 00 01 70 04 00 00 00 00 00 00 00 00 00 00
####     20: 00 00 00 00 00 00 00 00 00 00 00 00 00 00 00 00
####     30: 40 00 00 00 00 00 00 00 00 00 00 00 00 00 00 00
####     40: 00 01 00 00 00 00 00 00 00 00 00 00 00 00 00 00
####     50: 00 00 00 00 00 00 00 00 00 00 00 00 00 00 00 00
####     60: 01 00 00 00 00 00 00 00
#### TRACE -[AGXBuffer initFull] self=0x6001b4200 dev=0x6002c2000 len=256 align=1→64 opt=0 subDis=0→1 resIn=0x16f1057b8 pin=0x0 -> 0x6001b4200
#### TRACE -[AGXBuffer initUntracked] self=0x6001b4200 dev=0x6002c2000 len=256 opt=0 -> 0x6001b4200
#### AGXIOC type0 exact initFull length: +0x58=0xc00000000 low32=0 -> +0x40=0x100
#### AGX_LIFE CREATE id=0x9 type=0 surf=0 bytes=0x4000 kr=0 okC=9 failC=0 okD=0 failD=0 unmatchedD=0 full=0 live=9/0MB [t0=9/0MB t80=0/0MB t82=0/0MB]
#### AGXIOC heap map #9 clientID 0x4000 -> resourceID 0x9 size 0x100
####   ResCreate OK type=0 clientID=0 +0x30=0x40 +0x38=0 +0x40=0x100 +0x58=0 OUT[+0]=0x1500038000 OUT[+0x08]=0x102da0000 OUT[+0x10]=0x1010d46c0 OUT[+0x48]=0x4000
####   inStruct[0..104]:
####     00: 00 00 00 00 00 00 00 00 01 00 01 00 01 00 00 00
####     10: 01 01 00 01 70 04 00 00 00 00 00 00 00 00 00 00
####     20: 00 00 00 00 00 00 00 00 00 00 00 00 00 00 00 00
####     30: 40 00 00 00 00 00 00 00 00 00 00 00 00 00 00 00
####     40: 00 01 00 00 00 00 00 00 00 00 00 00 00 00 00 00
####     50: 00 00 00[90m[main 2026-07-29T21:48:45.690Z][0m StorageMainService: creating application shared storage
 00 00 00 00 00 00 00 00 00 00 00 00 00
####     60: 01 00 00 00 00 00 00 00
#### TRACE -[AGXBuffer initFull] self=0x6001b4080 dev=0x6002c2000 len=256 align=1→64 opt=0 subDis=0→1 resIn=0x16f1057b8 pin=0x0 -> 0x6001b4080
#### TRACE -[AGXBuffer initUntracked] self=0x6001b4080 dev=0x6002c2000 len=256 opt=0 -> 0x6001b4080
#### AGX_LIFE CREATE id=0xa type=0 surf=0 bytes=0x10000 kr=0 okC=10 failC=0 okD=0 failD=0 unmatchedD=0 full=0 live=10/0MB [t0=10/0MB t80=0/0MB t82=0/0MB]
#### AGXIOC heap map #10 clientID 0x10000 -> resourceID 0xa size 0x10000
####   ResCreate OK type=0 clientID=0 +0x30=0 +0x38=0 +0x40=0x10000 +0x58=0 OUT[+0]=0x1500040000 OUT[+0x08]=0x102da4000 OUT[+0x10]=0x1010d4780 OUT[+0x48]=0x10000
####   inStruct[0..104]:
####     00: 00 00 00 00 00 00 00 00 01 00 01 00 01 00 00 00
####     10: 01 01 00 01 30 04 00 00 00 00 00 00 00 00 00 00
####     20: 00 00 00 00 00 00 00 00 00 00 00 00 00 00 00 00
####     30: 00 00 00 00 00 00 00 00 00 00 00 00 00 00 00 00
####     40: 00 00 01 00 00 00 00 00 00 00 00 00 00 00 00 00
####     50: 00 00 00 08 00 00 00 00 00 00 00 00 00 00 00 00
####     60: 00 00 00 00 00 00 00 00
#### AGXIOC type0 exact initFull length: +0x58=0xc00000000 low32=0 -> +0x40=0x2000
#### AGX_LIFE CREATE id=0xb type=0 surf=0 bytes=0x4000 kr=0 okC=11 failC=0 okD=0 failD=0 unmatchedD=0 full=0 live=11/0MB [t0=11/0MB t80=0/0MB t82=0/0MB]
#### AGXIOC heap map #11 clientID 0x4000 -> resourceID 0xb size 0x2000
####   ResCreate OK type=0 clientID=0 +0x30=0x40 +0x38=0 +0x40=0x2000 +0x58=0 OUT[+0]=0x1500058000 OUT[+0x08]=0x102db4000 OUT[+0x10]=0x1010d4840 OUT[+0x48]=0x4000
####   inStruct[0..104]:
####     00: 00 00 00 00 00 00 00 00 01 00 01 00 01 00 00 00
####     10: 01 01 00 01 70 04 00 00 00 00 00 00 00 00 00 00
####     20: 00 00 00 00 00 00 00 00 00 00 00 00 00 00 00 00
####     30: 40 00 00 00 00 00 00 00 00 00 00 00 00 00 00 00
####     40: 00 20 00 00 00 00 00 00 00 00 00 00 00 00 00 00
####     50: 00 00 00 00 00 00 00 00 00 00 00 00 00 00 00 00
####     60: cc 2e 3a dc 65 17 f8 ac
#### TRACE -[AGXBuffer initFull] self=0x6001b3f00 dev=0x6002c2000 len=8192 align=1→64 opt=0 subDis=0→1 resIn=0x16f105518 pin=0x0 -> 0x6001b3f00
#### TRACE -[AGXBuffer initUntracked] self=0x6001b3f00 dev=0x6002c2000 len=8192 opt=0 -> 0x6001b3f00
#### AGXIOC type0 exact initFull length: +0x58=0xc00000000 low32=0 -> +0x40=0x80
#### AGXIOC sel=0x9 type=0 args+0x14=0x2470 → 0x470 (stripped macOS-only bits 0x2800)
#### AGX_LIFE CREATE id=0xc type=0 surf=0 bytes=0x4000 kr=0 okC=12 failC=0 okD=0 failD=0 unmatchedD=0 full=0 live=12/0MB [t0=12/0MB t80=0/0MB t82=0/0MB]
#### AGXIOC heap map #12 clientID 0x4000 -> resourceID 0xc size 0x80
####   ResCreate OK type=0 clientID=0 +0x30=0x40 +0x38=0 +0x40=0x80 +0x58=0 OUT[+0]=0x1500060000 OUT[+0x08]=0x102db8000 OUT[+0x10]=0x1010d4900 OUT[+0x48]=0x4000
####   inStruct[0..104]:
####     00: 00 00 00 00 00 00 00 00 01 00 01 00 01 00 00 00
####     10: 01 01 00 01 70 04 00 00 00 00 00 00 00 00 00 00
####     20: 00 00 00 00 00 00 00 00 00 00 00 00 00 00 00 00
####     30: 40 00 00 00 00 00 00 00 00 00 00 00 00 00 00 00
####     40: 80 00 00 00 00 00 00 00 00 00 00 00 00 00 00 00
####     50: 00 00 00 00 00 00 00 00 00 00 00 00 00 00 00 00
####     60: 00 00 00 00 00 00 00 00
#### TRACE -[AGXBuffer initFull] self=0x6001b4f80 dev=0x6002c2000 len=128 align=1→64 opt=32 subDis=0→1 resIn=0x16f1057f8 pin=0x0 -> 0x6001b4f80
#### TRACE -[AGXBuffer initUntracked] self=0x6001b4f80 dev=0x6002c2000 len=128 opt=32 -> 0x6001b4f80
#### tile-encoder forwards: class MTLSimRenderCommandEncoder NOT found
#### IOGPU-CALLBACK-DIAG installed queueClass=0x2063e88d0 method=0x0 orig=0x0 bufferClass=0x2063e8830 method=0x1c7f5f9a5 orig=0x1c7f42be8 errorMethod=0x1b479be01 errorOrig=0x1b466ddcc (file-gated)
#### NSXPCSharedListener class=0x206763bd8
#### NSXPCSharedListener endpointForReply swizzle installed
#### NSXPCSharedListener connectToService swizzle installed
#### MACWS_AGX_NATIVE memoryless witness #2 instance=0x6002c2000 class=AGXG13GFamilyDevice original=0x2105568a8 -> YES
#### AGXIOC RAW DUMP sel=0x9 type=0x82 inStructCnt=104 (PRE-patch):
    +0000: 82 00 00 00 00 00 00 00 10 00 10 00 01 00 00 00
    +0x10: 01 01 00 10 30 04 00 00 00 00 00 00 00 00 00 00
    +0x20: 00 00 00 00 00 00 00 00 00 00 00 00 00 00 00 00
    +0x30: 00 00 00 00 00 00 00 00 15 00 00 00 00 00 00 00
    +0x40: 00 00 00 00 00 00 00 00 00 00 00 00 00 00 00 00
    +0x50: 00 00 00 00 00 00 00 00 00 8f 88 80 01 00 00 00
    +0x60: 00 00 00 00 00 00 00 00
####   key fields: +0x14=0x430 +0x15(byte)=0x4 +0x30=0 +0x34=0 +0x38=0x15 +0x40=0 +0x48=0 +0x58=0x180888f00
#### AGXIOC type=0x82 patch #1: f14=0x430 +0x30 0→0x15 +0x38 0x15→0 +0x40 0→0 +0x50 0→0x180888f00 +0x58 0x180888f00→0
#### AGX_LIFE CREATE id=0xd type=0x82 surf=0x15 bytes=0x4000 kr=0 okC=13 failC=0 okD=0 failD=0 unmatchedD=0 full=0 live=13/0MB [t0=12/0MB t80=0/0MB t82=1/0MB]
#### AGX_LIFE type82 CREATE stack #1 resourceID=0xd surf=0x15 (16 frames):
0   libmachook_arm64.dylib              0x00000001011a1804 IOConnectCallMethod_new + 20432
1   IOGPU                               0x00000001c7f5618c IOGPUResourceCreate + 236
2   IOGPU                               0x00000001c7f50138 -[IOGPUMetalResource initWithDevice:remoteStorageResource:options:args:argsSize:] + 460
3   libmachook_arm64.dylib              0x0000000101195330 __loadImageCallback_block_invoke_20 + 96
4   IOGPU                               0x00000001c7f525ec -[IOGPUMetalTexture initWithDevice:descriptor:iosurface:plane:field:args:argsSize:] + 824
5   AGXMetal13_3                        0x000000021085af38 -[AGXTexture initWithDevice:desc:iosurface:plane:] + 288
6   libmachook_arm64.dylib              0x00000001011bd8b8 -[MTLFakeDevice hooked_newTextureWithDescriptor:] + 3400
7   libGLESv2.dylib                     0x000000010a0d7714 glStartTilingQCOM + 2731796
8   libGLESv2.dylib                     0x000000010a0eab48 glStartTilingQCOM + 2810696
9   libGLESv2.dylib                     0x000000010a0e9e40 glStartTilingQCOM + 2807360
10  libGLESv2.dylib                     0x000000010a0e9ccc glStartTilingQCOM + 2806988
11  libGLESv2.dylib                     0x000000010a0c1648 glStartTilingQCOM + 2641480
12  libGLESv2.dylib                     0x000000010a0c1ff4 glStartTilingQCOM + 2643956
13  libGLESv2.dylib                     0x0000000109facf58 glStartTilingQCOM + 1509208
14  libGLESv2.dylib                     0x0000000109f43480 glStartTilingQCOM + 1076352
15  libGLESv2.dylib                     0x0000000109e17a88 GL_TexImage2D + 144
####   ResCreate OK type=0x82 clientID=0 +0x30=0x15 +0x38=0 +0x40=0 +0x58=0 OUT[+0]=0x1500068000 OUT[+0x08]=0 OUT[+0x10]=0x1010d49c0 OUT[+0x48]=0x4000
####   inStruct[0..104]:
####     00: 82 00 00 00 00 00 00 00 10 00 10 00 01 00 00 00
####     10: 01 01 00 10 30 04 00 00 00 00 00 00 00 00 00 00
####     20: 00 00 00 00 00 00 00 00 00 00 00 00 00 00 00 00
####     30: 15 00 00 00 00 00 00 00 00 00 00 00 00 00 00 00
####     40: 00 00 00 00 00 00 00 00 00 00 00 00 00 00 00 00
####     50: 00 8f 88 80 01 00 00 00 00 00 00 00 00 00 00 00
####     60: 00 00 00 00 00 00 00 00
#### MTL_TEX LEASE-NEW #1 key=16x16-pf125-bpe16-fcc1380410945 entry=0x600953240 surf=0x600039f80 tex=0x6002b9d80 retain=2 baseline=1 bpr=256 alloc=16KB shapeEntries=1 pool=0MB map=LINEAR
#### AGX_MAP_AUDIT: _impl ivar offset = 0x208
#### AGX_MAP_AUDIT #0 tex=0x6002b9d80 impl=0x6002ba000 iosurface(arg=0x600039f80 bound=0x600039f80) plane=0 cpu130=0x102df4000 gpu40=0x1500068000 descriptorOff=0x190 descriptorLayout=0 compressed=0 extended=0 match=1
#### MACWS_AGX_NATIVE memoryless witness #3 instance=0x6002c2000 class=AGXG13GFamilyDevice original=0x2105568a8 -> YES
#### AGXIOC type=0x82 patch #2: f14=0x430 +0x30 0→0x16 +0x38 0x16→0 +0x40 0→0 +0x50 0→0x180888f00 +0x58 0x180888f00→0
#### AGX_LIFE CREATE id=0xe type=0x82 surf=0x16 bytes=0x4000 kr=0 okC=14 failC=0 okD=0 failD=0 unmatchedD=0 full=0 live=14/0MB [t0=12/0MB t80=0/0MB t82=2/0MB]
#### AGX_LIFE type82 CREATE stack #2 resourceID=0xe surf=0x16 (16 frames):
0   libmachook_arm64.dylib              0x00000001011a1804 IOConnectCallMethod_new + 20432
1   IOGPU                               0x00000001c7f5618c IOGPUResourceCreate + 236
2   IOGPU                               0x00000001c7f50138 -[IOGPUMetalResource initWithDevice:remoteStorageResource:options:args:argsSize:] + 460
3   libmachook_arm64.dylib              0x0000000101195330 __loadImageCallback_block_invoke_20 + 96
4   IOGPU                               0x00000001c7f525ec -[IOGPUMetalTexture initWithDevice:descriptor:iosurface:plane:field:args:argsSize:] + 824
5   AGXMetal13_3                        0x000000021085af38 -[AGXTexture initWithDevice:desc:iosurface:plane:] + 288
6   libmachook_arm64.dylib              0x00000001011bd8b8 -[MTLFakeDevice hooked_newTextureWithDescriptor:] + 3400
7   libGLESv2.dylib                     0x000000010a0d7714 glStartTilingQCOM + 2731796
8   libGLESv2.dylib                     0x000000010a0eab48 glStartTilingQCOM + 2810696
9   libGLESv2.dylib                     0x000000010a0e9e40 glStartTilingQCOM + 2807360
10  libGLESv2.dylib                     0x000000010a0e9ccc glStartTilingQCOM + 2806988
11  libGLESv2.dylib                     0x000000010a0c1648 glStartTilingQCOM + 2641480
12  libGLESv2.dylib                     0x000000010a0c1ff4 glStartTilingQCOM + 2643956
13  libGLESv2.dylib                     0x0000000109facf58 glStartTilingQCOM + 1509208
14  libGLESv2.dylib                     0x0000000109f43480 glStartTilingQCOM + 1076352
15  libGLESv2.dylib                     0x0000000109e17a88 GL_TexImage2D + 144
####   ResCreate OK type=0x82 clientID=0 +0x30=0x16 +0x38=0 +0x40=0 +0x58=0 OUT[+0]=0x1500070000 OUT[+0x08]=0 OUT[+0x10]=0x1010d4a80 OUT[+0x48]=0x4000
####   inStruct[0..104]:
####     00: 82 00 00 00 00 00 00 00 10 00 10 00 01 00 00 00
####     10: 01 01 00 10 30 04 00 00 00 00 00 00 00 00 00 00
####     20: 00 00 00 00 00 00 00 00 00 00 00 00 00 00 00 00
####     30: 16 00 00 00 00 00 00 00 00 00 00 00 00 00 00 00
####     40: 00 00 00 00 00 00 00 00 00 00 00 00 00 00 00 00
####     50: 00 8f 88 80 01 00 00 00 00 00 00 00 00 00 00 00
####     60: 00 00 00 00 00 00 00 00
#### MTL_TEX LEASE-NEW #2 key=16x16-pf125-bpe16-fcc1380410945 entry=0x6009530f0 surf=0x600039f00 tex=0x6002ba500 retain=2 baseline=1 bpr=256 alloc=16KB shapeEntries=2 pool=0MB map=LINEAR
#### AGX_MAP_AUDIT #1 tex=0x6002ba500 impl=0x6002ba280 iosurface(arg=0x600039f00 bound=0x600039f00) plane=0 cpu130=0x102df8000 gpu40=0x1500070000 descriptorOff=0x190 descriptorLayout=0 compressed=0 extended=0 match=1
#### AGXIOC Method sel=0xf->0xd inCnt=2 inSC=0 outSC=16 -> 0x0
#### AGXIOC Method sel=0xf->0xd inCnt=2 inSC=0 outSC=16 -> 0x0
#### AGXIOC Struct sel=0x6->0x5 inSC=0 outSC=16 -> 0x0
#### JIT-MPROTECT flip #4096 ranges=1 prot=RX writers=1 exec_waits=1423 late_retries=36
[90m[main 2026-07-29T21:48:45.988Z][0m [shared storage] Creating shared storage database at '/Users/root/.vscode-shared/sharedStorage/state.vscdb' (wasCreated: false)
[90m[main 2026-07-29T21:48:45.992Z][0m [shared storage] Initializing fallback application storage (path: /tmp/macws-vscode-profile-agx-native-targetfix12/User/globalStorage/state.vscdb)
#### MACWS_HID_BYPASS installed SetMatchingMultiple → no-op (1) at 0x1ae38de8c — skips iOS-format CFBinaryPlist parse inside
####   IOHIDEventSystemClientCacheMatchingServices → IOHIDUnserializeAndVMDealloc → CFPropertyListCreateFromStream
####   that BUS_ADRALNs in the IOMFBServer thread.
#### MACWS_AGX_RENAMER_PATCH: off (set MACWS_AGX_RENAMER_PATCH=1 to enable)
#### MACWS_ASSERT_BYPASS DISABLED (set MACWS_KEEP_ASSERT_BYPASS=1 to restore lazy bypass) — real __assert_rtn now reaches abort
#### MACWS_AGX_NATIVE [ctor] pre-loaded IOGPU via /System/Library/PrivateFrameworks/IOGPU.framework/IOGPU -> 0x3fbf9cc10
#### XPC_BOOTSTRAP: fn=0x1aaf45140 dict=0x14d9085c0 (registering Metal/ViewBridge/HIServices)
#### XPC_BOOTSTRAP: called OK
#### COEXIST API SwapEnd hook installed target=0x1b5e231cc trampoline=0x1026ac000
#### SkyLight PrepareForUse tolerate-nil hook installed at 0x1b0204fc4
#### SkyLight StartCompositeForDisplayStream nil-skip hook installed at 0x1b002dd74
#### SkyLight StartComposite(WSCD) tolerate-nil + pop-on-bail hook installed at 0x1b002d358
#### SkyLight StartComposite(MTLTex) pop-on-bail hook installed at 0x1b002dfb8
#### SkyLight EndCurrentComposite(bool) completion hook installed at 0x1b002c53c
#### SkyLight EndUpdate(bool) submission hook installed at 0x1b002c0b0
#### SkyLight _state_stack pop_back resolved at 0x1b002afa0
#### SkyLight WSCompositeDestinationCreateWithMetalTexture nil-tolerate hook installed at 0x1b003053c
#### SkyLight MetalContext::StopCapture invalid-this guard installed at 0x1b002c1bc
[90m[main 2026-07-29T21:48:46.054Z][0m [shared storage] Fallback application storage initialized with 80 items
#### MACWS_AGX_NATIVE class_addMethod(MTLTextureDescriptor, validateWithDevice:) = 1
#### MACWS_AGX_NATIVE class_addMethod(IOGPUMetalTexture, isMemoryless) = 1
#### MACWS_AGX_NATIVE class_addMethod(IOGPUMetalTexture, getCPUSizeBytes) = 1
#### MACWS_AGX_NATIVE class_addMethod(IOGPUMetalTexture, getAlignment) = 1
#### MACWS_AGX_NATIVE class_addMethod(IOGPUMetalTexture, descriptorPrivate) = 1
#### MACWS_AGX_NATIVE class_addMethod(IOGPUMetalTexture, getBytesPerRow) = 1
#### MACWS_AGX_NATIVE class_addMethod(IOGPUMetalTexture, updateBindDataWithAddresses:gpuVirtualAddress:) = 1
#### MACWS_AGX_NATIVE class_addMethod(IOGPUMetalTexture, updateBindDataWithAddresses:gpuVirtualAddress:shouldInitMetadata:) = 1
#### MACWS_AGX_NATIVE class_addMethod(IOGPUMetalTexture, allocBufferSubDataWithLength:options:alignment:heapIndex:bufferIndex:bufferOffset:) = 1
#### MACWS_AGX_NATIVE class_addMethod(IOGPUMetalTexture, initNewTextureData:) = 1
#### MACWS_AGX_NATIVE class_addMethod(MTLTextureDescriptor, isMemoryless) = 1
#### MACWS_AGX_NATIVE class_addMethod(MTLTextureDescriptor, protectionOptions) = 1
#### MACWS_AGX_NATIVE class_addMethod(MTLTextureDescriptor, getCPUSizeBytes) = 1
#### MACWS_AGX_NATIVE class_addMethod(MTLTextureDescriptor, getAlignment) = 1
#### MACWS_AGX_NATIVE class_addMethod(MTLTextureDescriptor, descriptorPrivate) = 1
#### MACWS_AGX_NATIVE class_addMethod(MTLTextureDescriptor, getBytesPerRow) = 1
#### MACWS_AGX_NATIVE class_addMethod(MTLTextureDescriptor, updateBindDataWithAddresses:gpuVirtualAddress:) = 1
#### MACWS_AGX_NATIVE class_addMethod(MTLTextureDescriptor, updateBindDataWithAddresses:gpuVirtualAddress:shouldInitMetadata:) = 1
#### MACWS_AGX_NATIVE class_addMethod(MTLTextureDescriptor, allocBufferSubDataWithLength:options:alignment:heapIndex:bufferIndex:bufferOffset:) = 1
#### MACWS_AGX_NATIVE class_addMethod(MTLTextureDescriptor, initNewTextureData:) = 1
[90m[main 2026-07-29T21:48:46.067Z][0m update#setState disabled
[90m[main 2026-07-29T21:48:46.067Z][0m update#ctor - updates are disabled by the environment
#### AMFI-POLICY-COMPAT policy=AMFI op=0x60 status=0x4 (iOS task ports are hard-immovable)
#### CSR-POLICY-COMPAT active_config=0x0 (conservative iOS compatibility value)
[72935:0729/144846.327829:ERROR:base/process/process_mac.cc:53] task_policy_set TASK_CATEGORY_POLICY: (os/kern) invalid argument (4)
2026-07-29 14:48:46.335 Code Helper (Renderer)[72935:12299515] XType: Using static font registry.
#### JIT-MPROTECT range[0]=[0x280000000,0x290000000) source=MAP_JIT-EINVAL
#### JIT-MPROTECT execution barrier installed (W^X fetch-wait compatibility)
#### JIT-MPROTECT range[0]=[0x280000000,0x290000000) source=MAP_JIT-EINVAL
#### JIT-MPROTECT range[0]=[0x280000000,0x290000000) source=MAP_JIT-EINVAL
#### JIT-MPROTECT range[0]=[0x280000000,0x290000000) source=MAP_JIT-EINVAL
#### JIT-MPROTECT range[0]=[0x280000000,0x290000000) source=MAP_JIT-EINVAL
#### JIT-MPROTECT range[0]=[0x280000000,0x290000000) source=MAP_JIT-EINVAL
#### JIT-MPROTECT range[0]=[0x280000000,0x290000000) source=MAP_JIT-EINVAL
#### JIT-MPROTECT range[0]=[0x280000000,0x290000000) source=MAP_JIT-EINVAL
#### JIT-MPROTECT range[0]=[0x170000000,0x180000000) source=MAP_JIT-EINVAL
#### JIT-MPROTECT remap decline #1 dst=0x177dc0000 size=0x208000 src=0x111b24000 requested=0x5 -> V8 copy fallback
#### JIT-MPROTECT flip #1 ranges=1 prot=RW writers=1 exec_waits=0 late_retries=0
#### JIT-MPROTECT flip #2 ranges=1 prot=RX writers=1 exec_waits=0 late_retries=0
#### JIT-MPROTECT flip #3 ranges=1 prot=RW writers=1 exec_waits=0 late_retries=0
#### JIT-MPROTECT flip #4 ranges=1 prot=RX writers=1 exec_waits=0 late_retries=0
#### JIT-MPROTECT flip #5 ranges=1 prot=RW writers=1 exec_waits=0 late_retries=0
#### JIT-MPROTECT flip #6 ranges=1 prot=RX writers=1 exec_waits=1 late_retries=0
#### JIT-MPROTECT flip #7 ranges=1 prot=RW writers=1 exec_waits=1 late_retries=0
#### JIT-MPROTECT flip #8 ranges=1 prot=RX writers=1 exec_waits=2 late_retries=0
#### JIT-MPROTECT flip #9 ranges=1 prot=RW writers=1 exec_waits=2 late_retries=0
#### JIT-MPROTECT flip #10 ranges=1 prot=RX writers=1 exec_waits=3 late_retries=0
#### JIT-MPROTECT flip #11 ranges=1 prot=RW writers=1 exec_waits=3 late_retries=0
#### JIT-MPROTECT flip #12 ranges=1 prot=RX writers=1 exec_waits=4 late_retries=0
#### JIT-MPROTECT flip #13 ranges=1 prot=RW writers=1 exec_waits=4 late_retries=0
#### JIT-MPROTECT flip #14 ranges=1 prot=RX writers=1 exec_waits=5 late_retries=0
#### JIT-MPROTECT flip #15 ranges=1 prot=RW writers=1 exec_waits=5 late_retries=0
#### JIT-MPROTECT flip #16 ranges=1 prot=RX writers=1 exec_waits=6 late_retries=0
#### JIT-MPROTECT flip #17 ranges=1 prot=RW writers=1 exec_waits=6 late_retries=0
#### JIT-MPROTECT flip #18 ranges=1 prot=RX writers=1 exec_waits=7 late_retries=0
#### JIT-MPROTECT flip #19 ranges=1 prot=RW writers=1 exec_waits=7 late_retries=0
#### JIT-MPROTECT flip #20 ranges=1 prot=RX writers=1 exec_waits=8 late_retries=0
#### JIT-MPROTECT flip #21 ranges=1 prot=RW writers=1 exec_waits=8 late_retries=0
#### JIT-MPROTECT flip #22 ranges=1 prot=RX writers=1 exec_waits=9 late_retries=0
#### JIT-MPROTECT flip #23 ranges=1 prot=RW writers=1 exec_waits=9 late_retries=0
#### JIT-MPROTECT flip #24 ranges=1 prot=RX writers=1 exec_waits=9 late_retries=0
#### JIT-MPROTECT flip #25 ranges=1 prot=RW writers=1 exec_waits=9 late_retries=0
#### JIT-MPROTECT flip #26 ranges=1 prot=RX writers=1 exec_waits=10 late_retries=0
#### JIT-MPROTECT flip #27 ranges=1 prot=RW writers=1 exec_waits=10 late_retries=0
#### JIT-MPROTECT flip #28 ranges=1 prot=RX writers=1 exec_waits=10 late_retries=0
#### JIT-MPROTECT flip #29 ranges=1 prot=RW writers=1 exec_waits=10 late_retries=0
#### JIT-MPROTECT flip #30 ranges=1 prot=RX writers=1 exec_waits=10 late_retries=0
#### JIT-MPROTECT flip #31 ranges=1 prot=RW writers=1 exec_waits=10 late_retries=0
#### JIT-MPROTECT flip #32 ranges=1 prot=RX writers=1 exec_waits=11 late_retries=0
#### MTL_TEX entry self class=AGXG13GFamilyDevice
#### MTL_TEX TLS set iosurface=0x60003abe0 id=0x97 plane=0 compressionHeaderSpan=0 (thread=0x2061fde00 addr=0x0)
#### MACWS_AGX_NATIVE memoryless witness #4 instance=0x6002c2000 class=AGXG13GFamilyDevice original=0x2105568a8 -> YES
#### AGXIOC type=0x82 patch #3: f14=0x430 +0x30 0→0x97 +0x38 0x97→0 +0x40 0→0 +0x50 0→0x180888f00 +0x58 0x180888f00→0
#### AGX_LIFE CREATE id=0xf type=0x82 surf=0x97 bytes=0x3d0000 kr=0 okC=15 failC=0 okD=0 failD=0 unmatchedD=0 full=0 live=15/4MB [t0=12/0MB t80=0/0MB t82=3/3MB]
#### AGX_LIFE type82 CREATE stack #3 resourceID=0xf surf=0x97 (16 frames):
0   libmachook_arm64.dylib              0x00000001011a1804 IOConnectCallMethod_new + 20432
1   IOGPU                               0x00000001c7f5618c IOGPUResourceCreate + 236
2   IOGPU                               0x00000001c7f50138 -[IOGPUMetalResource initWithDevice:remoteStorageResource:options:args:argsSize:] + 460
3   libmachook_arm64.dylib              0x0000000101195330 __loadImageCallback_block_invoke_20 + 96
4   IOGPU                               0x00000001c7f525ec -[IOGPUMetalTexture initWithDevice:descriptor:iosurface:plane:field:args:argsSize:] + 824
5   AGXMetal13_3                        0x000000021085af38 -[AGXTexture initWithDevice:desc:iosurface:plane:] + 288
6   libmachook_arm64.dylib              0x00000001011ba6e0 -[MTLFakeDevice hooked_newTextureWithDescriptor:iosurface:plane:] + 4912
7   libGLESv2.dylib                     0x000000010a0d7754 glStartTilingQCOM + 2731860
8   libGLESv2.dylib                     0x000000010a0ab9b8 glStartTilingQCOM + 2552248
9   libGLESv2.dylib                     0x000000010a0ab824 glStartTilingQCOM + 2551844
10  libGLESv2.dylib                     0x0000000109fa9fd4 glStartTilingQCOM + 1497044
11  libGLESv2.dylib                     0x0000000109e055fc libGLESv2.dylib + 38396
12  libGLESv2.dylib                     0x0000000109e08d60 EGL_BindTexImage + 144
13  Electron Framework                  0x00000001141ca528 rust_bmp$cxxbridge1$194$Reader$image_data_loaded + 582280
14  Electron Framework                  0x00000001141cd9cc rust_bmp$cxxbridge1$194$Reader$image_data_loaded + 595756
15  Electron Framework                  0x00000001141cb830 rust_bmp$cxxbridge1$194$Reader$image_data_loaded + 587152
####   ResCreate OK type=0x82 clientID=0 +0x30=0x97 +0x38=0 +0x40=0 +0x58=0 OUT[+0]=0x1500078000 OUT[+0x08]=0 OUT[+0x10]=0x1010d4b40 OUT[+0x48]=0x3d0000
####   inStruct[0..104]:
####     00: 82 00 00 00 00 00 00 00 60 09 a0 01 01 00 00 00
####     10: 01 01 00 04 30 04 00 00 00 00 00 00 00 00 00 00
####     20: 00 00 00 00 00 00 00 00 00 00 00 00 00 00 00 00
####     30: 97 00 00 00 00 00 00 00 00 00 00 00 00 00 00 00
####     40: 00 00 00 00 00 00 00 00 00 00 00 00 00 00 00 00
####     50: 00 8f 88 80 01 00 00 00 00 00 00 00 00 00 00 00
####     60: 00 00 00 00 00 00 00 00
#### AGX_MAP_AUDIT #2 tex=0x6009b3200 impl=0x6009b2f80 iosurface(arg=0x60003abe0 bound=0x60003abe0) plane=0 cpu130=0x10d114000 gpu40=0x1500078000 descriptorOff=0x190 descriptorLayout=0 compressed=0 extended=0 match=1
#### AGX_LIFE CREATE id=0x10 type=0 surf=0 bytes=0x50000 kr=0 okC=16 failC=0 okD=0 failD=0 unmatchedD=0 full=0 live=16/4MB [t0=13/0MB t80=0/0MB t82=3/3MB]
#### AGXIOC heap map #13 clientID 0x50000 -> resourceID 0x10 size 0x50000
####   ResCreate OK type=0 clientID=0 +0x30=0 +0x38=0 +0x40=0x50000 +0x58=0 OUT[+0]=0x18000 OUT[+0x08]=0x10d5a0000 OUT[+0x10]=0x1010d4c00 OUT[+0x48]=0x50000
####   inStruct[0..104]:
####     00: 00 00 00 00 00 00 00 00 01 00 01 00 01 00 00 00
####     10: 01 01 00 01 30 84 00 00 00 00 00 00 00 00 00 00
####     20: 00 00 00 00 00 00 00 00 00 00 00 00 00 00 00 00
####     30: 00 00 00 00 00 00 00 00 00 00 00 00 00 00 00 00
####     40: 00 00 05 00 00 00 00 00 00 00 00 00 00 00 00 00
####     50: 00 00 00 38 00 00 00 00 00 00 00 00 00 00 00 00
####     60: 00 00 00 00 00 00 00 00
#### CBRI_HOOK self=0x600272300 cls=AGXG13GFamilyCommandBuffer → resourceInfo=0x6002d9600
#### AGXIOC heap map #14 clientID 0x8000 -> resourceID 0x11 size 0x8000
####   ResCreate OK type=0 clientID=0 +0x30=0 +0x38=0 +0x40=0x8000 +0x58=0 OUT[+0]=0x1500450000 OUT[+0x08]=0x10d5f0000 OUT[+0x10]=0x1010d4cc0 OUT[+0x48]=0x8000
####   inStruct[0..104]:
####     00: 00 00 00 00 00 00 00 00 00 80 01 00 01 00 00 00
####     10: 01 01 00 01 30 04 00 00 00 00 00 00 00 00 00 00
####     20: 00 00 00 00 00 00 00 00 00 00 00 00 00 00 00 00
####     30: 00 00 00 00 00 00 00 00 00 00 00 00 00 00 00 00
####     40: 00 80 00 00 00 00 00 00 00 00 00 00 00 00 00 00
####     50: 00 00 00 08 00 00 00 00 00 00 00 00 00 00 00 00
####     60: 00 00 00 00 00 00 00 00
#### AGXIOC heap map #15 clientID 0x8000 -> resourceID 0x12 size 0x8000
####   ResCreate OK type=0 clientID=0 +0x30=0 +0x38=0 +0x40=0x8000 +0x58=0 OUT[+0]=0x1500460000 OUT[+0x08]=0x10d5f8000 OUT[+0x10]=0x1010d4d80 OUT[+0x48]=0x8000
####   inStruct[0..104]:
####     00: 00 00 00 00 00 00 00 00 00 80 01 00 01 00 00 00
####     10: 01 01 00 01 30 04 00 00 00 00 00 00 00 00 00 00
####     20: 00 00 00 00 00 00 00 00 00 00 00 00 00 00 00 00
####     30: 00 00 00 00 00 00 00 00 00 00 00 00 00 00 00 00
####     40: 00 80 00 00 00 00 00 00 00 00 00 00 00 00 00 00
####     50: 00 00 00 08 00 00 00 00 00 00 00 00 00 00 00 00
####     60: 00 00 00 00 00 00 00 00
#### AGXIOC heap map #16 clientID 0x8000 -> resourceID 0x13 size 0x8000
####   ResCreate OK type=0 clientID=0 +0x30=0 +0x38=0 +0x40=0x8000 +0x58=0 OUT[+0]=0x1500470000 OUT[+0x08]=0x10d600000 OUT[+0x10]=0x1010d4e40 OUT[+0x48]=0x8000
####   inStruct[0..104]:
####     00: 00 00 00 00 00 00 00 00 00 80 01 00 01 00 00 00
####     10: 01 01 00 01 30 04 00 00 00 00 00 00 00 00 00 00
####     20: 00 00 00 00 00 00 00 00 00 00 00 00 00 00 00 00
####     30: 00 00 00 00 00 00 00 00 00 00 00 00 00 00 00 00
####     40: 00 80 00 00 00 00 00 00 00 00 00 00 00 00 00 00
####     50: 00 00 00 08 00 00 00 00 00 00 00 00 00 00 00 00
####     60: 00 00 00 00 00 00 00 00
####   ResCreate OK type=0 clientID=0 +0x30=0 +0x38=0 +0x40=0x8000 +0x58=0 OUT[+0]=0x1500480000 OUT[+0x08]=0x10d608000 OUT[+0x10]=0x1010d4f00 OUT[+0x48]=0x8000
####   inStruct[0..104]:
####     00: 00 00 00 00 00 00 00 00 00 80 01 00 01 00 00 00
####     10: 01 01 00 01 30 04 00 00 00 00 00 00 00 00 00 00
####     20: 00 00 00 00 00 00 00 00 00 00 00 00 00 00 00 00
####     30: 00 00 00 00 00 00 00 00 00 00 00 00 00 00 00 00
####     40: 00 80 00 00 00 00 00 00 00 00 00 00 00 00 00 00
####     50: 00 00 00 08 00 00 00 00 00 00 00 00 00 00 00 00
####     60: 00 00 00 00 00 00 00 00
####   ResCreate OK type=0 clientID=0 +0x30=0 +0x38=0 +0x40=0x8000 +0x58=0 OUT[+0]=0x1500490000 OUT[+0x08]=0x10d610000 OUT[+0x10]=0x1010d4fc0 OUT[+0x48]=0x8000
####   inStruct[0..104]:
####     00: 00 00 00 00 00 00 00 00 00 80 01 00 01 00 00 00
####     10: 01 01 00 01 30 04 00 00 00 00 00 00 00 00 00 00
####     20: 00 00 00 00 00 00 00 00 00 00 00 00 00 00 00 00
####     30: 00 00 00 00 00 00 00 00 00 00 00 00 00 00 00 00
####     40: 00 80 00 00 00 00 00 00 00 00 00 00 00 00 00 00
####     50: 00 00 00 08 00 00 00 00 00 00 00 00 00 00 00 00
####     60: 00 00 00 00 00 00 00 00
####   ResCreate OK type=0 clientID=0 +0x30=0 +0x38=0 +0x40=0x8000 +0x58=0 OUT[+0]=0x70000 OUT[+0x08]=0x10d618000 OUT[+0x10]=0x1010d5080 OUT[+0x48]=0x8000
####   inStruct[0..104]:
####     00: 00 00 00 00 00 00 00 00 00 80 01 00 01 00 00 00
####     10: 01 01 00 01 30 84 00 00 00 00 00 00 00 00 00 00
####     20: 00 00 00 00 00 00 00 00 00 00 00 00 00 00 00 00
####     30: 00 00 00 00 00 00 00 00 00 00 00 00 00 00 00 00
####     40: 00 80 00 00 00 00 00 00 00 00 00 00 00 00 00 00
####     50: 00 00 00 48 00 00 00 00 00 00 00 00 00 00 00 00
####     60: 00 00 00 00 00 00 00 00
####   ResCreate OK type=0 clientID=0 +0x30=0 +0x38=0 +0x40=0x8000 +0x58=0 OUT[+0]=0x80000 OUT[+0x08]=0x10d620000 OUT[+0x10]=0x1010d5140 OUT[+0x48]=0x8000
####   inStruct[0..104]:
####     00: 00 00 00 00 00 00 00 00 00 80 01 00 01 00 00 00
####     10: 01 01 00 01 30 84 00 00 00 00 00 00 00 00 00 00
####     20: 00 00 00 00 00 00 00 00 00 00 00 00 00 00 00 00
####     30: 00 00 00 00 00 00 00 00 00 00 00 00 00 00 00 00
####     40: 00 80 00 00 00 00 00 00 00 00 00 00 00 00 00 00
####     50: 00 00 00 48 00 00 00 00 00 00 00 00 00 00 00 00
####     60: 00 00 00 00 00 00 00 00
####   ResCreate OK type=0 clientID=0 +0x30=0 +0x38=0 +0x40=0x100000 +0x58=0 OUT[+0]=0x15004a0000 OUT[+0x08]=0x10d628000 OUT[+0x10]=0x1010d5200 OUT[+0x48]=0x100000
####   inStruct[0..104]:
####     00: 00 00 00 00 00 00 00 00 00 00 01 00 01 00 00 00
####     10: 01 01 00 01 30 04 00 00 00 00 00 00 00 00 00 00
####     20: 00 00 00 00 00 00 00 00 00 00 00 00 00 00 00 00
####     30: 00 00 00 00 00 00 00 00 00 00 00 00 00 00 00 00
####     40: 00 00 10 00 00 00 00 00 00 00 00 00 00 00 00 00
####     50: 00 00 00 18 00 00 00 00 00 00 00 00 00 00 00 00
####     60: 00 00 00 00 00 00 00 00
####   ResCreate OK type=0 clientID=0 +0x30=0 +0x38=0 +0x40=0x8000 +0x58=0 OUT[+0]=0x15005a8000 OUT[+0x08]=0x10d728000 OUT[+0x10]=0x1010d52c0 OUT[+0x48]=0x8000
####   inStruct[0..104]:
####     00: 00 00 00 00 00 00 00 00 00 80 01 00 01 00 00 00
####     10: 01 01 00 01 30 04 00 00 00 00 00 00 00 00 00 00
####     20: 00 00 00 00 00 00 00 00 00 00 00 00 00 00 00 00
####     30: 00 00 00 00 00 00 00 00 00 00 00 00 00 00 00 00
####     40: 00 80 00 00 00 00 00 00 00 00 00 00 00 00 00 00
####     50: 00 00 00 08 00 00 00 00 00 00 00 00 00 00 00 00
####     60: 00 00 00 00 00 00 00 00
####   ResCreate OK type=0 clientID=0 +0x30=0 +0x38=0 +0x40=0x8000 +0x58=0 OUT[+0]=0x15005b8000 OUT[+0x08]=0x10d730000 OUT[+0x10]=0x1010d5380 OUT[+0x48]=0x8000
####   inStruct[0..104]:
####     00: 00 00 00 00 00 00 00 00 00 80 01 00 01 00 00 00
####     10: 01 01 00 01 30 04 00 00 00 00 00 00 00 00 00 00
####     20: 00 00 00 00 00 00 00 00 00 00 00 00 00 00 00 00
####     30: 00 00 00 00 00 00 00 00 00 00 00 00 00 00 00 00
####     40: 00 80 00 00 00 00 00 00 00 00 00 00 00 00 00 00
####     50: 00 00 00 18 00 00 00 00 00 00 00 00 00 00 00 00
####     60: 00 00 00 00 00 00 00 00
####   ResCreate OK type=0 clientID=0 +0x30=0 +0x38=0 +0x40=0x8000 +0x58=0 OUT[+0]=0x15005c8000 OUT[+0x08]=0x10d738000 OUT[+0x10]=0x1010d5440 OUT[+0x48]=0x8000
####   inStruct[0..104]:
####     00: 00 00 00 00 00 00 00 00 00 80 01 00 01 00 00 00
####     10: 01 01 00 01 30 04 00 00 00 00 00 00 00 00 00 00
####     20: 00 00 00 00 00 00 00 00 00 00 00 00 00 00 00 00
####     30: 00 00 00 00 00 00 00 00 00 00 00 00 00 00 00 00
####     40: 00 80 00 00 00 00 00 00 00 00 00 00 00 00 00 00
####     50: 00 00 00 08 00 00 00 00 00 00 00 00 00 00 00 00
####     60: 00 00 00 00 00 00 00 00
####   ResCreate OK type=0 clientID=0 +0x30=0 +0x38=0 +0x40=0x8000 +0x58=0 OUT[+0]=0x15005d8000 OUT[+0x08]=0x10d740000 OUT[+0x10]=0x1010d5500 OUT[+0x48]=0x8000
####   inStruct[0..104]:
####     00: 00 00 00 00 00 00 00 00 00 80 01 00 01 00 00 00
####     10: 01 01 00 01 30 04 00 00 00 00 00 00 00 00 00 00
####     20: 00 00 00 00 00 00 00 00 00 00 00 00 00 00 00 00
####     30: 00 00 00 00 00 00 00 00 00 00 00 00 00 00 00 00
####     40: 00 80 00 00 00 00 00 00 00 00 00 00 00 00 00 00
####     50: 00 00 00 08 00 00 00 00 00 00 00 00 00 00 00 00
####     60: 00 00 00 00 00 00 00 00
####   ResCreate OK type=0 clientID=0 +0x30=0 +0x38=0 +0x40=0x8000 +0x58=0 OUT[+0]=0x15005e8000 OUT[+0x08]=0x10d748000 OUT[+0x10]=0x1010d55c0 OUT[+0x48]=0x8000
####   inStruct[0..104]:
####     00: 00 00 00 00 00 00 00 00 00 80 01 00 01 00 00 00
####     10: 01 01 00 01 30 04 00 00 00 00 00 00 00 00 00 00
####     20: 00 00 00 00 00 00 00 00 00 00 00 00 00 00 00 00
####     30: 00 00 00 00 00 00 00 00 00 00 00 00 00 00 00 00
####     40: 00 80 00 00 00 00 00 00 00 00 00 00 00 00 00 00
####     50: 00 00 00 08 00 00 00 00 00 00 00 00 00 00 00 00
####     60: 00 00 00 00 00 00 00 00
####   ResCreate OK type=0 clientID=0 +0x30=0 +0x38=0 +0x40=0x8000 +0x58=0 OUT[+0]=0x15005f8000 OUT[+0x08]=0x10d750000 OUT[+0x10]=0x1010d5680 OUT[+0x48]=0x8000
####   inStruct[0..104]:
####     00: 00 00 00 00 00 00 00 00 00 80 01 00 01 00 00 00
####     10: 01 01 00 01 30 04 00 00 00 00 00 00 00 00 00 00
####     20: 00 00 00 00 00 00 00 00 00 00 00 00 00 00 00 00
####     30: 00 00 00 00 00 00 00 00 00 00 00 00 00 00 00 00
####     40: 00 80 00 00 00 00 00 00 00 00 00 00 00 00 00 00
####     50: 00 00 00 08 00 00 00 00 00 00 00 00 00 00 00 00
####     60: 00 00 00 00 00 00 00 00
####   ResCreate OK type=0 clientID=0 +0x30=0 +0x38=0 +0x40=0x8000 +0x58=0 OUT[+0]=0x1500608000 OUT[+0x08]=0x10d758000 OUT[+0x10]=0x1010d5740 OUT[+0x48]=0x8000
####   inStruct[0..104]:
####     00: 00 00 00 00 00 00 00 00 00 80 01 00 01 00 00 00
####     10: 01 01 00 01 30 04 00 00 00 00 00 00 00 00 00 00
####     20: 00 00 00 00 00 00 00 00 00 00 00 00 00 00 00 00
####     30: 00 00 00 00 00 00 00 00 00 00 00 00 00 00 00 00
####     40: 00 80 00 00 00 00 00 00 00 00 00 00 00 00 00 00
####     50: 00 00 00 08 00 00 00 00 00 00 00 00 00 00 00 00
####     60: 00 00 00 00 00 00 00 00
####   ResCreate OK type=0 clientID=0 +0x30=0 +0x38=0 +0x40=0xff80 +0x58=0 OUT[+0]=0x1500618000 OUT[+0x08]=0x10d760000 OUT[+0x10]=0x1010d5800 OUT[+0x48]=0x10000
####   inStruct[0..104]:
####     00: 00 00 00 00 00 00 00 00 80 ff 01 00 01 00 00 00
####     10: 01 01 00 01 30 04 00 00 00 00 00 00 00 00 00 00
####     20: 00 00 00 00 00 00 00 00 00 00 00 00 00 00 00 00
####     30: 00 00 00 00 00 00 00 00 00 00 00 00 00 00 00 00
####     40: 80 ff 00 00 00 00 00 00 00 00 00 00 00 00 00 00
####     50: 00 00 00 18 00 00 00 00 00 00 00 00 00 00 00 00
####     60: 00 00 00 00 00 00 00 00
####   ResCreate OK type=0 clientID=0 +0x30=0 +0x38=0 +0x40=0xc0000 +0x58=0 OUT[+0]=0x1500630000 OUT[+0x08]=0x10d770000 OUT[+0x10]=0x1010d58c0 OUT[+0x48]=0xc0000
####   inStruct[0..104]:
####     00: 00 00 00 00 00 00 00 00 00 00 01 00 01 00 00 00
####     10: 01 01 00 01 30 04 00 00 00 00 00 00 00 00 00 00
####     20: 00 00 00 00 00 00 00 00 00 00 00 00 00 00 00 00
####     30: 00 00 00 00 00 00 00 00 00 00 00 00 00 00 00 00
####     40: 00 00 0c 00 00 00 00 00 00 00 00 00 00 00 00 00
####     50: 00 00 00 08 00 00 00 00 00 00 00 00 00 00 00 00
####     60: 00 00 00 00 00 00 00 00
#### AGX_SUBMIT_DIAG #1 subtype1-predicate scalar0=0x1 legacy-scalar-gate=1 total=0x840/1 seglen=0x130/1 seghdr=1 cmdtotal=1 d8=1 pad1=1 f1=1 sent1=1 pad2=1 f2=1 sent2=1
#### AGX_SUBMIT_DIAG #1 descriptor[0] KCMD-type1-observed save /tmp/macws_submit_kcmd_1_0_type1-observed.bin failed errno=17
#### AGX_SUBMIT_DIAG #1 descriptor[0] segment save /tmp/macws_submit_segment_1_0.bin failed errno=17
#### AGX_SUBMIT_DIAG #1 TEMP-KCMD-ABI-FIX subtype1-clear pads=0x1c0,0x4c0 total=0x840->0x820 size=0x7e8->0x7c8 end=0x818->0x7f8 segment-span=0x820
#### AGXIOC type0 exact initFull length: +0x58=0 low32=0 -> +0x40=0x8000
####   ResCreate OK type=0 clientID=0 +0x30=0x40 +0x38=0 +0x40=0x8000 +0x58=0 OUT[+0]=0x1500870000 OUT[+0x08]=0x10d874000 OUT[+0x10]=0x1010d5d40 OUT[+0x48]=0x8000
####   inStruct[0..104]:
####     00: 00 00 00 00 00 00 00 00 01 00 01 00 01 00 00 00
####     10: 01 01 00 01 70 04 00 00 00 00 00 00 00 00 00 00
####     20: 00 00 00 00 00 00 00 00 00 00 00 00 00 00 00 00
####     30: 40 00 00 00 00 00 00 00 00 00 00 00 00 00 00 00
####     40: 00 80 00 00 00 00 00 00 00 00 00 00 00 00 00 00
####     50: 00 00 00 00 00 00 00 00 00 00 00 00 00 00 00 00
####     60: d8 1f c5 47 02 00 00 00
#### TRACE -[AGXBuffer initFull] self=0x6001bd680 dev=0x6002c2000 len=32768 align=1→64 opt=0 subDis=0→1 resIn=0x16f102788 pin=0x0 -> 0x6001bd680
#### AGXIOC type0 exact initFull length: +0x58=0 low32=0 -> +0x40=0xc000
####   ResCreate OK type=0 clientID=0 +0x30=0x40 +0x38=0 +0x40=0xc000 +0x58=0 OUT[+0]=0x15008a8000 OUT[+0x08]=0x10d87c000 OUT[+0x10]=0x1010d5e00 OUT[+0x48]=0xc000
####   inStruct[0..104]:
####     00: 00 00 00 00 00 00 00 00 01 00 01 00 01 00 00 00
####     10: 01 01 00 01 70 04 00 00 00 00 00 00 00 00#### AGXIOC Method sel=0x1e->0x1a inCnt=4 inSC=56 outSC=0 -> 0x0
 00 00
####     20: 00 00 00 00 00 00 00 00 00 00 00 00 00 00 00 00
####     30: 40 00 00 00 00 00 00 00 00 00 00 00 00 00 00 00
####     40: 00 c0 00 00 00 00 00 00 00 00 00 00 00 00 00 00
####     50: 00 00 00 00 00 00 00 00 00 00 00 00 00 00 00 00
####     60: 28 29 10 6f 01 00 00 00
#### TRACE -[AGXBuffer initFull] self=0x6001bdf80 dev=0x6002c2000 len=49152 align=1→64 opt=0 subDis=0→1 resIn=0x16f102888 pin=0x0 -> 0x6001bdf80
#### CBRI_HOOK self=0x600274600 cls=AGXG13GFamilyCommandBuffer → resourceInfo=0x6002d9600
####   ResCreate OK type=0 clientID=0 +0x30=0 +0x38=0 +0x40=0xff80 +0x58=0 OUT[+0]=0x15008b8000 OUT[+0x08]=0x10dbb0000 OUT[+0x10]=0x1010d5ec0 OUT[+0x48]=0x10000
####   inStruct[0..104]:
####     00: 00 00 00 00 00 00 00 00 80 ff 01 00 01 00 00 00
####     10: 01 01 00 01 30 04 00 00 00 00 00 00 00 00 00 00
####     20: 00 00 00 00 00 00 00 00 00 00 00 00 00 00 00 00
####     30: 00 00 00 00 00 00 00 00 00 00 00 00 00 00 00 00
####     40: 80 ff 00 00 00 00 00 00 00 00 00 00 00 00 00 00
####     50: 00 00 00 18 00 00 00 00 00 00 00 00 00 00 00 00
####     60: 00 00 00 00 00 00 00 00
#### AGX_SUBMIT_DIAG #2 TEMP-KCMD-TRAILING-WRAPPER-FIX match=1 subtype1=0..0x840->0..0x820 wrappers=2 range=0x840..0x870->0x820..0x850
#### AGXIOC Method sel=0x1e->0x1a inCnt=4 inSC=56 outSC=0 -> 0x0
#### MTL_TEX entry self class=AGXG13GFamilyDevice
#### MTL_TEX TLS set iosurface=0x60003dfa0 id=0xa4 plane=0 compressionHeaderSpan=0 (thread=0x2061fde00 addr=0x0)
#### MACWS_AGX_NATIVE memoryless witness #5 instance=0x6002c2000 class=AGXG13GFamilyDevice original=0x2105568a8 -> YES
#### AGXIOC type=0x82 patch #4: f14=0x430 +0x30 0→0xa4 +0x38 0xa4→0 +0x40 0→0 +0x50 0→0x180888f00 +0x58 0x180888f00→0
#### AGX_LIFE type82 CREATE stack #4 resourceID=0x25 surf=0xa4 (16 frames):
0   libmachook_arm64.dylib              0x00000001011a1804 IOConnectCallMethod_new + 20432
1   IOGPU                               0x00000001c7f5618c IOGPUResourceCreate + 236
2   IOGPU                               0x00000001c7f50138 -[IOGPUMetalResource initWithDevice:remoteStorageResource:options:args:argsSize:] + 460
3   libmachook_arm64.dylib              0x0000000101195330 __loadImageCallback_block_invoke_20 + 96
4   IOGPU                               0x00000001c7f525ec -[IOGPUMetalTexture initWithDevice:descriptor:iosurface:plane:field:args:argsSize:] + 824
5   AGXMetal13_3                        0x000000021085af38 -[AGXTexture initWithDevice:desc:iosurface:plane:] + 288
6   libmachook_arm64.dylib              0x00000001011ba6e0 -[MTLFakeDevice hooked_newTextureWithDescriptor:iosurface:plane:] + 4912
7   libGLESv2.dylib                     0x000000010a0d7754 glStartTilingQCOM + 2731860
8   libGLESv2.dylib                     0x000000010a0ab9b8 glStartTilingQCOM + 2552248
9   libGLESv2.dylib                     0x000000010a0ab824 glStartTilingQCOM + 2551844
10  libGLESv2.dylib                     0x0000000109fa9fd4 glStartTilingQCOM + 1497044
11  libGLESv2.dylib                     0x0000000109e055fc libGLESv2.dylib + 38396
12  libGLESv2.dylib                     0x0000000109e08d60 EGL_BindTexImage + 144
13  Electron Framework                  0x00000001141ca528 rust_bmp$cxxbridge1$194$Reader$image_data_loaded + 582280
14  Electron Framework                  0x00000001141cd9cc rust_bmp$cxxbridge1$194$Reader$image_data_loaded + 595756
15  Electron Framework                  0x00000001141cb830 rust_bmp$cxxbridge1$194$Reader$image_data_loaded + 587152
####   ResCreate OK type=0x82 clientID=0 +0x30=0xa4 +0x38=0 +0x40=0 +0x58=0 OUT[+0]=0x1500918000 OUT[+0x08]=0 OUT[+0x10]=0x1010d5f80 OUT[+0x48]=0x3d0000
####   inStruct[0..104]:
####     00: 82 00 00 00 00 00 00 00 60 09 a0 01 01 00 00 00
####     10: 01 01 00 04 30 04 00 00 00 00 00 00 00 00 00 00
####     20: 00 00 00 00 00 00 00 00 00 00 00 00 00 00 00 00
####     30: a4 00 00 00 00 00 00 00 00 00 00 00 00 00 00 00
####     40: 00 00 00 00 00 00 00 00 00 00 00 00 00 00 00 00
####     50: 00 8f 88 80 01 00 00 00 00 00 00 00 00 00 00 00
####     60: 00 00 00 00 00 00 00 00
#### AGX_MAP_AUDIT #3 tex=0x6009b7800 impl=0x6009b7580 iosurface(arg=0x60003dfa0 bound=0x60003dfa0) plane=0 cpu130=0x11950c000 gpu40=0x1500918000 descriptorOff=0x190 descriptorLayout=0 compressed=0 extended=0 match=1
#### AGXIOC Method sel=0x1e->0x1a inCnt=4 inSC=56 outSC=0 -> 0x0
#### CBRI_HOOK self=0x600275400 cls=AGXG13GFamilyCommandBuffer → resourceInfo=0x6002d9600
#### AGX_SUBMIT_DIAG #4 TEMP-KCMD-TRAILING-WRAPPER-FIX match=2 subtype1=0..0x840->0..0x820 wrappers=1 range=0x840..0x858->0x820..0x838
#### AGXIOC Method sel=0x1e->0x1a inCnt=4 inSC=56 outSC=0 -> 0x0
#### MTL_TEX entry self class=AGXG13GFamilyDevice
#### MTL_TEX TLS set iosurface=0x60003de00 id=0xa5 plane=0 compressionHeaderSpan=0 (thread=0x2061fde00 addr=0x0)
#### MACWS_AGX_NATIVE memoryless witness #6 instance=0x6002c2000 class=AGXG13GFamilyDevice original=0x2105568a8 -> YES
#### AGXIOC type=0x82 patch #5: f14=0x430 +0x30 0→0xa5 +0x38 0xa5→0 +0x40 0→0 +0x50 0→0x180888f00 +0x58 0x180888f00→0
####   ResCreate OK type=0x82 clientID=0 +0x30=0xa5 +0x38=0 +0x40=0 +0x58=0 OUT[+0]=0x1500cf0000 OUT[+0x08]=0 OUT[+0x10]=0x1010d6040 OUT[+0x48]=0x3d0000
####   inStruct[0..104]:
####     00: 82 00 00 00 00 00 00 00 60 09 a0 01 01 00 00 00
####     10: 01 01 00 04 30 04 00 00 00 00 00 00 00 00 00 00
####     20: 00 00 00 00 00 00 00 00 00 00 00 00 00 00 00 00
####     30: a5 00 00 00 00 00 00 00 00 00 00 00 00 00 00 00
####     40: 00 00 00 00 00 00 00 00 00 00 00 00 00 00 00 00
####     50: 00 8f 88 80 01 00 00 00 00 00 00 00 00 00 00 00
####     60: 00 00 00 00 00 00 00 00
#### AGX_MAP_AUDIT #4 tex=0x6009b8200 impl=0x6009b7f80 iosurface(arg=0x60003de00 bound=0x60003de00) plane=0 cpu130=0x1198dc000 gpu40=0x1500cf0000 descriptorOff=0x190 descriptorLayout=0 compressed=0 extended=0 match=1
#### AGXIOC Method sel=0x1e->0x1a inCnt=4 inSC=56 outSC=0 -> 0x0
#### AGXIOC Method sel=0xf->0xd inCnt=2 inSC=0 outSC=16 -> 0x0
#### AGXIOC Method sel=0xf->0xd inCnt=2 inSC=0 outSC=16 -> 0x0
#### CBRI_HOOK self=0x600275b00 cls=AGXG13GFamilyCommandBuffer → resourceInfo=0x6002e7c00
#### AGX_SUBMIT_DIAG #6 TEMP-KCMD-TRAILING-WRAPPER-FIX match=3 subtype1=0..0x840->0..0x820 wrappers=1 range=0x840..0x858->0x820..0x838
#### AGXIOC Method sel=0x1e->0x1a inCnt=4 inSC=56 outSC=0 -> 0x0
#### MTL_TEX TLS set iosurface=0x60003df00 id=0xa6 plane=0 compressionHeaderSpan=0 (thread=0x2061fde00 addr=0x0)
#### MACWS_AGX_NATIVE memoryless witness #7 instance=0x6002c2000 class=AGXG13GFamilyDevice original=0x2105568a8 -> YES
#### AGXIOC type=0x82 patch #6: f14=0x430 +0x30 0→0xa6 +0x38 0xa6→0 +0x40 0→0 +0x50 0→0x180888f00 +0x58 0x180888f00→0
####   ResCreate OK type=0x82 clientID=0 +0x30=0xa6 +0x38=0 +0x40=0 +0x58=0 OUT[+0]=0x15010c8000 OUT[+0x08]=0 OUT[+0x10]=0x1010d6100 OUT[+0x48]=0x3d0000
####   inStruct[0..104]:
####     00: 82 00 00 00 00 00 00 00 60 09 a0 01 01 00 00 00
####     10: 01 01 00 04 30 04 00 00 00 00 00 00 00 00 00 00
####     20: 00 00 00 00 00 00 00 00 00 00 00 00 00 00 00 00
####     30: a6 00 00 00 00 00 00 00 00 00 00 00 00 00 00 00
####     40: 00 00 00 00 00 00 00 00 00 00 00 00 00 00 00 00
####     50: 00 8f 88 80 01 00 00 00 00 00 00 00 00 00 00 00
####     60: 00 00 00 00 00 00 00 00
#### AGX_MAP_AUDIT #5 tex=0x6009b8c00 impl=0x6009b8980 iosurface(arg=0x60003df00 bound=0x60003df00) plane=0 cpu130=0x119cac000 gpu40=0x15010c8000 descriptorOff=0x190 descriptorLayout=0 compressed=0 extended=0 match=1
#### AGXIOC Method sel=0x1e->0x1a inCnt=4 inSC=56 outSC=0 -> 0x0
#### CBRI_HOOK self=0x600276200 cls=AGXG13GFamilyCommandBuffer → resourceInfo=0x6002d9600
#### AGX_SUBMIT_DIAG #8 TEMP-KCMD-TRAILING-WRAPPER-FIX match=4 subtype1=0..0x840->0..0x820 wrappers=1 range=0x840..0x858->0x820..0x838
#### AGXIOC Method sel=0x1e->0x1a inCnt=4 inSC=56 outSC=0 -> 0x0
#### IOSURFACE-RELEASE-ABI pair #1: conn=11783 surfaceID=150 sel=1 -> 0
#### JIT-MPROTECT flip #1024 ranges=1 prot=RX writers=1 exec_waits=281 late_retries=0
#### JIT-MPROTECT flip #2048 ranges=1 prot=RX writers=1 exec_waits=756 late_retries=1
#### JIT-MPROTECT flip #3072 ranges=1 prot=RX writers=1 exec_waits=1054 late_retries=16
#### JIT-MPROTECT flip #5120 ranges=1 prot=RX writers=1 exec_waits=1641 late_retries=40
[91m[main 2026-07-29T21:48:47.634Z][0m Unable to resolve your shell environment: Unexpected exit code from spawned shell (code null, signal SIGABRT)
#### JIT-MPROTECT flip #4096 ranges=1 prot=RX writers=1 exec_waits=1404 late_retries=23
#### JIT-MPROTECT flip #5120 ranges=1 prot=RX writers=1 exec_waits=1819 late_retries=26
#### JIT-MPROTECT flip #6144 ranges=1 prot=RX writers=1 exec_waits=2178 late_retries=33
#### AGXIOC Method sel=0xd->0xc inCnt=2 inSC=0 outSC=0 -> 0x0
#### AGXIOC Method sel=0xd->0xc inCnt=2 inSC=0 outSC=0 -> 0x0
#### AGXIOC Method sel=0xd->0xc inCnt=2 inSC=0 outSC=0 -> 0x0
#### AGXIOC Method sel=0xd->0xc inCnt=2 inSC=0 outSC=0 -> 0x0
#### AGXIOC Method sel=0xd->0xc inCnt=2 inSC=0 outSC=0 -> 0x0
#### AGXIOC Method sel=0xd->0xc inCnt=2 inSC=0 outSC=0 -> 0x0
#### AGXIOC Method sel=0xd->0xc inCnt=2 inSC=0 outSC=0 -> 0x0
#### AGXIOC Method sel=0xd->0xc inCnt=2 inSC=0 outSC=0 -> 0x0
#### JIT-MPROTECT flip #7168 ranges=1 prot=RX writers=1 exec_waits=2541 late_retries=42
#### JIT-MPROTECT flip #8192 ranges=1 prot=RX writers=1 exec_waits=2872 late_retries=53
#### JIT-MPROTECT flip #9216 ranges=1 prot=RX writers=1 exec_waits=3219 late_retries=54
#### JIT-MPROTECT flip #10240 ranges=1 prot=RX writers=1 exec_waits=3603 late_retries=59
#### MTL_TEX TLS set iosurface=0x60003dd00 id=0x96 plane=0 compressionHeaderSpan=0 (thread=0x2061fde00 addr=0x0)
#### MACWS_AGX_NATIVE memoryless witness #8 instance=0x6002c2000 class=AGXG13GFamilyDevice original=0x2105568a8 -> YES
#### AGXIOC type=0x82 patch #7: f14=0x430 +0x30 0→0x96 +0x38 0x96→0 +0x40 0→0 +0x50 0→0x180888f00 +0x58 0x180888f00→0
####   ResCreate OK type=0x82 clientID=0 +0x30=0x96 +0x38=0 +0x40=0 +0x58=0 OUT[+0]=0x15014a0000 OUT[+0x08]=0 OUT[+0x10]=0x1010d61c0 OUT[+0x48]=0x30000
####   inStruct[0..104]:
####     00: 82 00 00 00 00 00 00 00 2c 01 96 00 01 00 00 00
####     10: 01 01 00 04 30 04 00 00 00 00 00 00 00 00 00 00
####     20: 00 00 00 00 00 00 00 00 00 00 00 00 00 00 00 00
####     30: 96 00 00 00 00 00 00 00 00 00 00 00 00 00 00 00
####     40: 00 00 00 00 00 00 00 00 00 00 00 00 00 00 00 00
####     50: 00 8f 88 80 01 00 00 00 00 00 00 00 00 00 00 00
####     60: 00 00 00 00 00 00 00 00
#### AGX_MAP_AUDIT #6 tex=0x6009b9600 impl=0x6009b9380 iosurface(arg=0x60003dd00 bound=0x60003dd00) plane=0 cpu130=0x102e14000 gpu40=0x15014a0000 descriptorOff=0x190 descriptorLayout=0 compressed=0 extended=0 match=1
#### CBRI_HOOK self=0x600276900 cls=AGXG13GFamilyCommandBuffer → resourceInfo=0x6002dd200
#### AGX_SUBMIT_DIAG #10 TEMP-KCMD-TRAILING-WRAPPER-FIX match=5 subtype1=0..0x840->0..0x820 wrappers=1 range=0x840..0x858->0x820..0x838
#### AGXIOC Method sel=0xf->0xd inCnt=2 inSC=0 outSC=16 -> 0x0
#### AGXIOC Method sel=0xf->0xd inCnt=2 inSC=0 outSC=16 -> 0x0
#### CBRI_HOOK self=0x600276c80 cls=AGXG13GFamilyCommandBuffer → resourceInfo=0x6002e7200
####   ResCreate OK type=0 clientID=0 +0x30=0 +0x38=0 +0x40=0x8000 +0x58=0 OUT[+0]=0x1500848000 OUT[+0x08]=0x102e48000 OUT[+0x10]=0x1010d6280 OUT[+0x48]=0x8000
####   inStruct[0..104]:
####     00: 00 00 00 00 00 00 00 00 00 80 01 00 01 00 00 00
####     10: 01 01 00 01 30 04 00 00 00 00 00 00 00 00 00 00
####     20: 00 00 00 00 00 00 00 00 00 00 00 00 00 00 00 00
####     30: 00 00 00 00 00 00 00 00 00 00 00 00 00 00 00 00
####     40: 00 80 00 00 00 00 00 00 00 00 00 00 00 00 00 00
####     50: 00 00 00 08 00 00 00 00 00 00 00 00 00 00 00 00
####     60: 00 00 00 00 00 00 00 00
####   ResCreate OK type=0 clientID=0 +0x30=0 +0x38=0 +0x40=0x8000 +0x58=0 OUT[+0]=0x1500858000 OUT[+0x08]=0x102e50000 OUT[+0x10]=0x1010d6340 OUT[+0x48]=0x8000
####   inStruct[0..104]:
####     00: 00 00 00 00 00 00 00 00 00 80 01 00 01 00 00 00
####     10: 01 01 00 01 30 04 00 00 00 00 00 00 00 00 00 00
####     20: 00 00 00 00 00 00 00 00 00 00 00 00 00 00 00 00
####     30: 00 00 00 00 00 00 00 00 00 00 00 00 00 00 00 00
####     40: 00 80 00 00 00 00 00 00 00 00 00 00 00 00 00 00
####     50: 00 00 00 08 00 00 00 00 00 00 00 00 00 00 00 00
####     60: 00 00 00 00 00 00 00 00
####   ResCreate OK type=0 clientID=0 +0x30=0 +0x38=0 +0x40=0x8000 +0x58=0 OUT[+0]=0x15014d8000 OUT[+0x08]=0x102e58000 OUT[+0x10]=0x1010d6400 OUT[+0x48]=0x8000
####   inStruct[0..104]:
####     00: 00 00 00 00 00 00 00 00 00 80 01 00 01 00 00 00
####     10: 01 01 00 01 30 04 00 00 00 00 00 00 00 00 00 00
####     20: 00 00 00 00 00 00 00 00 00 00 00 00 00 00 00 00
####     30: 00 00 00 00 00 00 00 00 00 00 00 00 00 00 00 00
####     40: 00 80 00 00 00 00 00 00 00 00 00 00 00 00 00 00
####     50: 00 00 00 08 00 00 00 00 00 00 00 00 00 00 00 00
####     60: 00 00 00 00 00 00 00 00
####   ResCreate OK type=0 clientID=0 +0x30=0 +0x38=0 +0x40=0x8000 +0x58=0 OUT[+0]=0x15014e8000 OUT[+0x08]=0x102e60000 OUT[+0x10]=0x1010d64c0 OUT[+0x48]=0x8000
####   inStruct[0..104]:
####     00: 00 00 00 00 00 00 00 00 00 80 01 00 01 00 00 00
####     10: 01 01 00 01 30 04 00 00 00 00 00 00 00 00 00 00
####     20: 00 00 00 00 00 00 00 00 00 00 00 00 00 00 00 00
####     30: 00 00 00 00 00 00 00 00 00 00 00 00 00 00 00 00
####     40: 00 80 00 00 00 00 00 00 00 00 00 00 00 00 00 00
####     50: 00 00 00 08 00 00 00 00 00 00 00 00 00 00 00 00
####     60: 00 00 00 00 00 00 00 00
####   ResCreate OK type=0 clientID=0 +0x30=0 +0x38=0 +0x40=0x8000 +0x58=0 OUT[+0]=0x15014f8000 OUT[+0x08]=0x102e68000 OUT[+0x10]=0x1010d6580 OUT[+0x48]=0x8000
####   inStruct[0..104]:
####     00: 00 00 00 00 00 00 00 00 00 80 01 00 01 00 00 00
####     10: 01 01 00 01 30 04 00 00 00 00 00 00 00 00 00 00
####     20: 00 00 00 00 00 00 00 00 00 00 00 00 00 00 00 00
####     30: 00 00 00 00 00 00 00 00 00 00 00 00 00 00 00 00
####     40: 00 80 00 00 00 00 00 00 00 00 00 00 00 00 00 00
####     50: 00 00 00 08 00 00 00 00 00 00 00 00 00 00 00 00
####     60: 00 00 00 00 00 00 00 00
####   ResCreate OK type=0 clientID=0 +0x30=0 +0x38=0 +0x40=0x8000 +0x58=0 OUT[+0]=0x90000 OUT[+0x08]=0x102e70000 OUT[+0x10]=0x1010d6640 OUT[+0x48]=0x8000
####   inStruct[0..104]:
####     00: 00 00 00 00 00 00 00 00 00 80 01 00 01 00 00 00
####     10: 01 01 00 01 30 84 00 00 00 00 00 00 00 00 00 00
####     20: 00 00 00 00 00 00 00 00 00 00 00 00 00 00 00 00
####     30: 00 00 00 00 00 00 00 00 00 00 00 00 00 00 00 00
####     40: 00 80 00 00 00 00 00 00 00 00 00 00 00 00 00 00
####     50: 00 00 00 48 00 00 00 00 00 00 00 00 00 00 00 00
####     60: 00 00 00 00 00 00 00 00
####   ResCreate OK type=0 clientID=0 +0x30=0 +0x38=0 +0x40=0x8000 +0x58=0 OUT[+0]=0xa0000 OUT[+0x08]=0x102e78000 OUT[+0x10]=0x1010d6700 OUT[+0x48]=0x8000
####   inStruct[0..104]:
####     00: 00 00 00 00 00 00 00 00 00 80 01 00 01 00 00 00
####     10: 01 01 00 01 30 84 00 00 00 00 00 00 00 00 00 00
####     20: 00 00 00 00 00 00 00 00 00 00 00 00 00 00 00 00
####     30: 00 00 00 00 00 00 00 00 00 00 00 00 00 00 00 00
####     40: 00 80 00 00 00 00 00 00 00 00 00 00 00 00 00 00
####     50: 00 00 00 48 00 00 00 00 00 00 00 00 00 00 00 00
####     60: 00 00 00 00 00 00 00 00
####   ResCreate OK type=0 clientID=0 +0x30=0 +0x38=0 +0x40=0x100000 +0x58=0 OUT[+0]=0x1501508000 OUT[+0x08]=0x11a17c000 OUT[+0x10]=0x1010d67c0 OUT[+0x48]=0x100000
####   inStruct[0..104]:
####     00: 00 00 00 00 00 00 00 00 00 00 01 00 01 00 00 00
####     10: 01 01 00 01 30 04 00 00 00 00 00 00 00 00 00 00
####     20: 00 00 00 00 00 00 00 00 00 00 00 00 00 00 00 00
####     30: 00 00 00 00 00 00 00 00 00 00 00 00 00 00 00 00
####     40: 00 00 10 00 00 00 00 00 00 00 00 00 00 00 00 00
####     50: 00 00 00 18 00 00 00 00 00 00 00 00 00 00 00 00
####     60: 00 00 00 00 00 00 00 00
#### AGX_SUBMIT_DIAG #12 TEMP-KCMD-TRAILING-WRAPPER-FIX match=6 subtype1=0..0x840->0..0x820 wrappers=1 range=0x840..0x858->0x820..0x838
#### MTL_TEX TLS set iosurface=0x60003e0a0 id=0xa7 plane=0 compressionHeaderSpan=0 (thread=0x2061fde00 addr=0x0)
#### MACWS_AGX_NATIVE memoryless witness #9 instance=0x6002c2000 class=AGXG13GFamilyDevice original=0x2105568a8 -> YES
#### AGXIOC type=0x82 patch #8: f14=0x430 +0x30 0→0xa7 +0x38 0xa7→0 +0x40 0→0 +0x50 0→0x180888f00 +0x58 0x180888f00→0
#### AGX_MAP_AUDIT #7 tex=0x6009ba000 impl=0x6009b9880 iosurface(arg=0x60003e0a0 bound=0x60003e0a0) plane=0 cpu130=0x11a47c000 gpu40=0x1501748000 descriptorOff=0x190 descriptorLayout=0 compressed=0 extended=0 match=1
#### MACWS_AGX_NATIVE memoryless witness #10 instance=0x6002c2000 class=AGXG13GFamilyDevice original=0x2105568a8 -> YES
#### AGXIOC type=0x82 patch #9: f14=0x430 +0x30 0→0xa8 +0x38 0xa8→0 +0x40 0→0 +0x50 0→0x180888c00 +0x58 0x180888c00→0
#### MTL_TEX LEASE-NEW #3 key=128x1-pf10-bpe1-fcc1278226488 entry=0x600abf9c0 surf=0x600a92a20 tex=0x6009bac80 retain=2 baseline=1 bpr=128 alloc=16KB shapeEntries=1 pool=0MB map=LINEAR
#### AGX_MAP_AUDIT #8 tex=0x6009bac80 impl=0x6009baa00 iosurface(arg=0x600a92a20 bound=0x600a92a20) plane=0 cpu130=0x102ebc000 gpu40=0x1500868000 descriptorOff=0x190 descriptorLayout=0 compressed=0 extended=0 match=1
#### AGXIOC type0 exact initFull length: +0x58=0 low32=0 -> +0x40=0x80
#### CBRI_HOOK self=0x600277380 cls=AGXG13GFamilyCommandBuffer → resourceInfo=0x6002dd200
[91m[main 2026-07-29T21:48:48.451Z][0m ptyHost was unable to resolve shell environment Error: Unable to resolve your shell environment: Unexpected exit code from spawned shell (code null, signal SIGABRT)
    at file:///Applications/Visual%20Studio%20Code.app/Contents/Resources/app/out/main.js:474:34475
    at async file:///Applications/Visual%20Studio%20Code.app/Contents/Resources/app/out/main.js:434:92057
#### MACWS_AGX_NATIVE memoryless witness #11 instance=0x6002c2000 class=AGXG13GFamilyDevice original=0x2105568a8 -> YES
#### AGXIOC type=0x82 patch #10: f14=0x430 +0x30 0→0xa9 +0x38 0xa9→0 +0x40 0→0 +0x50 0→0x180888c00 +0x58 0x180888c00→0
#### MTL_TEX LEASE-NEW #4 key=8x8-pf10-bpe1-fcc1278226488 entry=0x600c2ccc0 surf=0x600a944c0 tex=0x6009bd480 retain=2 baseline=1 bpr=128 alloc=16KB shapeEntries=1 pool=0MB map=LINEAR
#### AGX_MAP_AUDIT #9 tex=0x6009bd480 impl=0x6009bd200 iosurface(arg=0x600a944c0 bound=0x600a944c0) plane=0 cpu130=0x102ed4000 gpu40=0x1501b38000 descriptorOff=0x190 descriptorLayout=0 compressed=0 extended=0 match=1
#### AGXIOC type0 exact initFull length: +0x58=0 low32=0 -> +0x40=0x40
#### MACWS_AGX_NATIVE memoryless witness #12 instance=0x6002c2000 class=AGXG13GFamilyDevice original=0x2105568a8 -> YES
#### AGXIOC type=0x82 patch #11: f14=0x430 +0x30 0→0xaa +0x38 0xaa→0 +0x40 0→0 +0x50 0→0x180888c00 +0x58 0x180888c00→0
#### MTL_TEX LEASE-NEW #5 key=128x16-pf10-bpe1-fcc1278226488 entry=0x600c2e340 surf=0x600a94820 tex=0x6009bed80 retain=2 baseline=1 bpr=128 alloc=16KB shapeEntries=1 pool=0MB map=LINEAR
#### AGX_MAP_AUDIT #10 tex=0x6009bed80 impl=0x6009beb00 iosurface(arg=0x600a94820 bound=0x600a94820) plane=0 cpu130=0x102ee0000 gpu40=0x1501b48000 descriptorOff=0x190 descriptorLayout=0 compressed=0 extended=0 match=1
#### MACWS_AGX_NATIVE memoryless witness #13 instance=0x6002c2000 class=AGXG13GFamilyDevice original=0x2105568a8 -> YES
#### AGXIOC type=0x82 patch #12: f14=0x430 +0x30 0→0xab +0x38 0xab→0 +0x40 0→0 +0x50 0→0x180888c00 +0x58 0x180888c00→0
#### MTL_TEX LEASE-NEW #6 key=512x256-pf10-bpe1-fcc1278226488 entry=0x600c2e1c0 surf=0x600a94b40 tex=0x6009bf500 retain=2 baseline=1 bpr=512 alloc=128KB shapeEntries=1 pool=0MB map=LINEAR
#### AGX_MAP_AUDIT #11 tex=0x6009bf500 impl=0x6009bf280 iosurface(arg=0x600a94b40 bound=0x600a94b40) plane=0 cpu130=0x102ee4000 gpu40=0x1501b50000 descriptorOff=0x190 descriptorLayout=0 compressed=0 extended=0 match=1
#### MACWS_AGX_NATIVE memoryless witness #14 instance=0x6002c2000 class=AGXG13GFamilyDevice original=0x2105568a8 -> YES
#### AGXIOC type0 exact initFull length: +0x58=0xc00000000 low32=0 -> +0x40=0x300
#### TRACE -[AGXBuffer initUntracked] self=0x600b97e00 dev=0x6002c2000 len=768 opt=0 -> 0x600b97e00
#### AGX_LIFE DESTROY id=0x2 type=0 surf=0 bytes=0x4000 kr=0 okC=66 failC=0 okD=1 failD=0 unmatchedD=0 full=0 live=65/24MB [t0=53/5MB t80=0/0MB t82=12/19MB]
#### AGXIOC type0 exact initFull length: +0x58=0xc00000000 low32=0 -> +0x40=0x300
#### TRACE -[AGXBuffer initUntracked] self=0x6001b2a00 dev=0x6002c2000 len=768 opt=0 -> 0x6001b2a00
#### AGX_LIFE DESTROY id=0x3 type=0 surf=0 bytes=0x4000 kr=0 okC=67 failC=0 okD=2 failD=0 unmatchedD=0 full=0 live=65/24MB [t0=53/5MB t80=0/0MB t82=12/19MB]
#### TRACE -[AGXBuffer initUntracked] self=0x6001b5b80 dev=0x6002c2000 len=128 opt=0 -> 0x6001b5b80
#### AGX_LIFE DESTROY id=0x4 type=0 surf=0 bytes=0x4000 kr=0 okC=68 failC=0 okD=3 failD=0 unmatchedD=0 full=0 live=65/24MB [t0=53/5MB t80=0/0MB t82=12/19MB]
#### AGXIOC type=0x82 patch #13: f14=0x430 +0x30 0→0xac +0x38 0xac→0 +0x40 0→0 +0x50 0→0x180888c00 +0x58 0x180888c00→0
#### MTL_TEX LEASE-NEW #7 key=256x128-pf10-bpe1-fcc1278226488 entry=0x600c2e610 surf=0x600a94ae0 tex=0x6009bfc80 retain=2 baseline=1 bpr=256 alloc=32KB shapeEntries=1 pool=0MB map=LINEAR
#### AGX_MAP_AUDIT #12 tex=0x6009bfc80 impl=0x6009bfa00 iosurface(arg=0x600a94ae0 bound=0x600a94ae0) plane=0 cpu130=0x102f04000 gpu40=0x1501b80000 descriptorOff=0x190 descriptorLayout=0 compressed=0 extended=0 match=1
#### MACWS_AGX_NATIVE memoryless witness #15 instance=0x6002c2000 class=AGXG13GFamilyDevice original=0x2105568a8 -> YES
#### AGXIOC type=0x82 patch #14: f14=0x430 +0x30 0→0xad +0x38 0xad→0 +0x40 0→0 +0x50 0→0x180888c00 +0x58 0x180888c00→0
#### MTL_TEX LEASE-NEW #8 key=256x64-pf10-bpe1-fcc1278226488 entry=0x600c2e490 surf=0x600a94b20 tex=0x600c80500 retain=2 baseline=1 bpr=256 alloc=16KB shapeEntries=1 pool=0MB map=LINEAR
#### AGX_MAP_AUDIT #13 tex=0x600c80500 impl=0x600c80280 iosurface(arg=0x600a94b20 bound=0x600a94b20) plane=0 cpu130=0x102c8c000 gpu40=0x1500010000 descriptorOff=0x190 descriptorLayout=0 compressed=0 extended=0 match=1
#### MACWS_AGX_NATIVE memoryless witness #16 instance=0x6002c2000 class=AGXG13GFamilyDevice original=0x2105568a8 -> YES
#### AGXIOC type=0x82 patch #15: f14=0x430 +0x30 0→0xae +0x38 0xae→0 +0x40 0→0 +0x50 0→0x180888c00 +0x58 0x180888c00→0
#### MTL_TEX LEASE-NEW #9 key=128x64-pf10-bpe1-fcc1278226488 entry=0x600c2e910 surf=0x600a94b00 tex=0x600c80c80 retain=2 baseline=1 bpr=128 alloc=16KB shapeEntries=1 pool=0MB map=LINEAR
#### AGX_MAP_AUDIT #14 tex=0x600c80c80 impl=0x600c80a00 iosurface(arg=0x600a94b00 bound=0x600a94b00) plane=0 cpu130=0x102f10000 gpu40=0x1501b90000 descriptorOff=0x190 descriptorLayout=0 compressed=0 extended=0 match=1
#### AGXIOC type=0x82 patch #16: f14=0x430 +0x30 0→0xaf +0x38 0xaf→0 +0x40 0→0 +0x50 0→0x180888c00 +0x58 0x180888c00→0
#### MTL_TEX LEASE-NEW #10 key=128x64-pf10-bpe1-fcc1278226488 entry=0x600c2e790 surf=0x600a94ac0 tex=0x600c81400 retain=2 baseline=1 bpr=128 alloc=16KB shapeEntries=2 pool=0MB map=LINEAR
#### AGX_MAP_AUDIT #15 tex=0x600c81400 impl=0x600c81180 iosurface(arg=0x600a94ac0 bound=0x600a94ac0) plane=0 cpu130=0x102f14000 gpu40=0x1501b98000 descriptorOff=0x190 descriptorLayout=0 compressed=0 extended=0 match=1
#### MTL_TEX LEASE-NEW #11 key=64x64-pf80-bpe4-fcc1111970369 entry=0x600c2ec10 surf=0x600a94a60 tex=0x600c81b80 retain=2 baseline=1 bpr=256 alloc=16KB shapeEntries=1 pool=0MB map=LINEAR
#### AGX_MAP_AUDIT #16 tex=0x600c81b80 impl=0x600c81900 iosurface(arg=0x600a94a60 bound=0x600a94a60) plane=0 cpu130=0x102f18000 gpu40=0x1501ba0000 descriptorOff=0x190 descriptorLayout=0 compressed=0 extended=0 match=1
#### MTL_TEX LEASE-NEW #12 key=2048x2048-pf10-bpe1-fcc1278226488 entry=0x600c2ea60 surf=0x600a94a20 tex=0x600c82580 retain=2 baseline=1 bpr=2048 alloc=4096KB shapeEntries=1 pool=4MB map=LINEAR
#### AGX_MAP_AUDIT #17 tex=0x600c82580 impl=0x600c82300 iosurface(arg=0x600a94a20 bound=0x600a94a20) plane=0 cpu130=0x11a84c000 gpu40=0x1501bb8000 descriptorOff=0x190 descriptorLayout=0 compressed=0 extended=0 match=1
#### CBRI_HOOK self=0x600277380 cls=AGXG13GFamilyCommandBuffer → resourceInfo=0x6002dd200
#### CBRI_HOOK self=0x600277380 cls=AGXG13GFamilyCommandBuffer → resourceInfo=0x6002dd200
#### MTL_TEX LEASE-NEW #13 key=16x16-pf10-bpe1-fcc1278226488 entry=0x600d81500 surf=0x600a95440 tex=0x600c8ed80 retain=2 baseline=1 bpr=128 alloc=16KB shapeEntries=1 pool=4MB map=LINEAR
#### AGX_MAP_AUDIT #18 tex=0x600c8ed80 impl=0x600c8f000 iosurface(arg=0x600a95440 bound=0x600a95440) plane=0 cpu130=0x10d870000 gpu40=0x1502090000 descriptorOff=0x190 descriptorLayout=0 compressed=0 extended=0 match=1
#### MTL_TEX plain DEPTH-STENCIL: pf=253 routing to native AGX path (IOSurface backing is invalid)
#### AGXIOC sel=0x9 type=0 VA-shape +0x38=0x11acbc000 → 0
#### AGXIOC sel=0x9 type=0 args+0x14=0x2c30 → 0x430 (stripped macOS-only bits 0x2800)
#### AGXIOC sel=0x9 type=0 VA-shape detected: args+0x40=0x11acbc000 (>1GB) → using args+0x48=0x20000 as size, +0x58 0x380888c50 → 0
#### MTL_TEX plain DEPTH-STENCIL native result: 0x600c8f500 class=AGXG13GFamilyTexture
#### AGXIOC Scalar sel=0x10->0xe inCnt=1 -> 0x0
#### AGXIOC Scalar sel=0x10->0xe inCnt=1 -> 0x0
#### AGXIOC Method sel=0xf->0xd inCnt=2 inSC=0 outSC=16 -> 0x0
#### AGXIOC Scalar sel=0x10->0xe inCnt=1 -> 0x0
#### MTL_TEX plain DEPTH-STENCIL: pf=253 routing to native AGX path (IOSurface backing is invalid)
#### TRACE -[AGXBuffer initUntracked] self=0x600b9ee80 dev=0x6002c2000 len=1536 opt=0 -> 0x600b9ee80
#### TRACE -[AGXBuffer initUntracked] self=0x600b9e880 dev=0x6002c2000 len=1536 opt=0 -> 0x600b9e880
#### TRACE -[AGXBuffer initUntracked] self=0x600b9eb80 dev=0x6002c2000 len=256 opt=0 -> 0x600b9eb80
#### AGXIOC sel=0x9 type=0 VA-shape +0x38=0x11acbc200 → 0
#### AGXIOC sel=0x9 type=0 args+0x14=0x2c30 → 0x430 (stripped macOS-only bits 0x2800)
#### AGXIOC sel=0x9 type=0 VA-shape detected: args+0x40=0x11acbc000 (>1GB) → using args+0x48=0x20000 as size, +0x58 0x380888c50 → 0
#### MTL_TEX plain DEPTH-STENCIL native result: 0x600c8e380 class=AGXG13GFamilyTexture
#### MTL_TEX storageMode=Memoryless preserved for AGX-native descriptor=0x600029bc0
#### MTL_TEX plain MEMORYLESS: routing to native AGX path (no IOSurface — tile-memory-only) w=128 h=16 pf=253
#### MTL_TEX storageMode=Memoryless preserved for AGX-native descriptor=0x600029bc0
#### MTL_TEX storageMode=Memoryless preserved for AGX-native descriptor=0x600029bc0
#### MTL_TEX storageMode=Memoryless preserved for AGX-native descriptor=0x600029bc0
#### MTL_TEX plain MEMORYLESS native result: 0x6010c0000 (class=AGXG13GFamilyTexture storageMode=3 length=999)
#### MTL_TEX plain MEMORYLESS: routing to native AGX path (no IOSurface — tile-memory-only) w=128 h=16 pf=10
#### MTL_TEX plain MEMORYLESS native result: 0x6010c0c80 (class=AGXG13GFamilyTexture storageMode=3 length=999)
#### JIT-MPROTECT flip #6144 ranges=1 prot=RX writers=1 exec_waits=1909 late_retries=54
#### MTL_TEX TLS set iosurface=0x600a97e20 id=0xb3 plane=0 compressionHeaderSpan=0 (thread=0x2061fde00 addr=0x0)
#### AGX_MAP_AUDIT #19 tex=0x6009bbe00 impl=0x6009bc080 iosurface(arg=0x600a97e20 bound=0x600a97e20) plane=0 cpu130=0x11ada8000 gpu40=0x15021b8000 descriptorOff=0x190 descriptorLayout=0 compressed=0 extended=0 match=1
#### AGXIOC Method sel=0xf->0xd inCnt=2 inSC=0 outSC=16 -> 0x0
#### IOGPU-CALLBACK-BUFFER-CLEAN commandBuffer=0x600277380 class=AGXG13GFamilyCommandBuffer submitSerial=8 fixed=14 target=0x0 start=0x80bc7fd50f2 end=0x80bc7fdd257
#### AGX_LIFE DESTROY id=0x3b type=0 surf=0 bytes=0x4000 kr=0 okC=106 failC=0 okD=4 failD=0 unmatchedD=0 full=0 live=102/34MB [t0=82/6MB t80=0/0MB t82=20/27MB]
#### AGX_LIFE DESTROY id=0x3f type=0 surf=0 bytes=0x4000 kr=0 okC=106 failC=0 okD=5 failD=0 unmatchedD=0 full=0 live=101/34MB [t0=81/6MB t80=0/0MB t82=20/27MB]
#### AGX_LIFE DESTROY id=0x4c type=0 surf=0 bytes=0x10000 kr=0 okC=106 failC=0 okD=6 failD=0 unmatchedD=0 full=0 live=100/34MB [t0=80/6MB t80=0/0MB t82=20/27MB]
#### AGX_LIFE DESTROY id=0x56 type=0 surf=0 bytes=0x20000 kr=0 okC=106 failC=0 okD=7 failD=0 unmatchedD=0 full=0 live=99/34MB [t0=79/6MB t80=0/0MB t82=20/27MB]
#### AGX_LIFE DESTROY id=0x42 type=0 surf=0 bytes=0x4000 kr=0 okC=106 failC=0 okD=8 failD=0 unmatchedD=0 full=0 live=98/34MB [t0=78/6MB t80=0/0MB t82=20/27MB]
#### AGX_LIFE DESTROY id=0x2 type=0 surf=0 bytes=0x4000 kr=0 okC=106 failC=0 okD=9 failD=0 unmatchedD=0 full=0 live=97/34MB [t0=77/6MB t80=0/0MB t82=20/27MB]
#### AGX_LIFE DESTROY id=0x3 type=0 surf=0 bytes=0x4000 kr=0 okC=106 failC=0 okD=10 failD=0 unmatchedD=0 full=0 live=96/34MB [t0=76/6MB t80=0/0MB t82=20/27MB]
#### MTL_TEX TLS set iosurface=0x600a92ca0 id=0xb4 plane=0 compressionHeaderSpan=0 (thread=0x2061fde00 addr=0x0)
#### AGX_LIFE DESTROY id=0x64 type=0 surf=0 bytes=0x4000 kr=0 okC=106 failC=0 okD=11 failD=0 unmatchedD=0 full=0 live=95/34MB [t0=75/6MB t80=0/0MB t82=20/27MB]
#### AGX_MAP_AUDIT #20 tex=0x600c84b00 impl=0x600c84880 iosurface(arg=0x600a92ca0 bound=0x600a92ca0) plane=0 cpu130=0x11b1b4000 gpu40=0x15025d0000 descriptorOff=0x190 descriptorLayout=0 compressed=0 extended=0 match=1
#### IOGPU-CALLBACK-BUFFER-CLEAN commandBuffer=0x600277380 class=AGXG13GFamilyCommandBuffer submitSerial=8 fixed=14 target=0x0 start=0x80bc7fe6bb7 end=0x80bc7fe6bbb
#### AGX_SUBMIT_DIAG #18 TEMP-KCMD-TRAILING-WRAPPER-FIX match=7 subtype1=0..0x840->0..0x820 wrappers=1 range=0x840..0x858->0x820..0x838
#### AGX_MAP_AUDIT #21 tex=0x6010c5000 impl=0x6010c5a00 iosurface(arg=0x600a92be0 bound=0x600a92be0) plane=0 cpu130=0x11b584000 gpu40=0x15029a8000 descriptorOff=0x190 descriptorLayout=0 compressed=0 extended=0 match=1
#### AGX_LIFE DESTROY id=0x3b type=0 surf=0 bytes=0x4000 kr=0 okC=109 failC=0 okD=12 failD=0 unmatchedD=0 full=0 live=97/41MB [t0=75/6MB t80=0/0MB t82=22/35MB]
#### AGX_MAP_AUDIT #22 tex=0x6010c6400 impl=0x6010c5f00 iosurface(arg=0x600a93180 bound=0x600a93180) plane=0 cpu130=0x11b954000 gpu40=0x1502d80000 descriptorOff=0x190 descriptorLayout=0 compressed=0 extended=0 match=1
#### MTL_TEX LEASE-NEW #14 key=256x64-pf10-bpe1-fcc1278226488 entry=0x600d86c60 surf=0x600a95240 tex=0x6010c7f80 retain=2 baseline=1 bpr=256 alloc=16KB shapeEntries=2 pool=4MB map=LINEAR
#### AGX_MAP_AUDIT #23 tex=0x6010c7f80 impl=0x6010c7d00 iosurface(arg=0x600a95240 bound=0x600a95240) plane=0 cpu130=0x102ed8000 gpu40=0x1500000000 descriptorOff=0x190 descriptorLayout=0 compressed=0 extended=0 match=1
#### AGX_MAP_AUDIT #24 tex=0x6010c7080 impl=0x6010c7300 iosurface(arg=0x600a92ec0 bound=0x600a92ec0) plane=0 cpu130=0x11bd24000 gpu40=0x1503158000 descriptorOff=0x190 descriptorLayout=0 compressed=0 extended=0 match=1
#### AGX_SUBMIT_DIAG #24 TEMP-KCMD-TRAILING-WRAPPER-FIX match=8 subtype1=0..0x840->0..0x820 wrappers=1 range=0x840..0x858->0x820..0x838
#### IOGPU-CALLBACK-BUFFER-CLEAN commandBuffer=0x601076c80 class=AGXG13GFamilyCommandBuffer submitSerial=12 fixed=12 target=0x0 start=0x80bc8025c80 end=0x80bc802b5d8
#### AGX_LIFE DESTROY id=0x42 type=0 surf=0 bytes=0x4000 kr=0 okC=113 failC=0 okD=13 failD=0 unmatchedD=0 full=0 live=100/45MB [t0=75/6MB t80=0/0MB t82=25/39MB]
#### AGX_MAP_AUDIT #25 tex=0x6010c8980 impl=0x6010c7580 iosurface(arg=0x600a92e00 bound=0x600a92e00) plane=0 cpu130=0x11bd78000 gpu40=0x15031b0000 descriptorOff=0x190 descriptorLayout=0 compressed=0 extended=0 match=1
#### AGX_LIFE DESTROY id=0x56 type=0 surf=0 bytes=0x4000 kr=0 okC=115 failC=0 okD=14 failD=0 unmatchedD=0 full=0 live=101/49MB [t0=75/6MB t80=0/0MB t82=26/42MB]
#### JIT-MPROTECT flip #11264 ranges=1 prot=RX writers=1 exec_waits=3897 late_retries=78
#### AGX_MAP_AUDIT #26 tex=0x6010c6e00 impl=0x6010c9380 iosurface(arg=0x60003e3c0 bound=0x60003e3c0) plane=0 cpu130=0x11c248000 gpu40=0x1503588000 descriptorOff=0x190 descriptorLayout=0 compressed=0 extended=0 match=1
#### MTL_TEX LEASE-NEW #15 key=2048x256-pf10-bpe1-fcc1278226488 entry=0x600d87350 surf=0x600a97980 tex=0x6010ca500 retain=2 baseline=1 bpr=2048 alloc=512KB shapeEntries=1 pool=4MB map=LINEAR
#### AGX_MAP_AUDIT #27 tex=0x6010ca500 impl=0x6010ca280 iosurface(arg=0x600a97980 bound=0x600a97980) plane=0 cpu130=0x11c618000 gpu40=0x1503960000 descriptorOff=0x190 descriptorLayout=0 compressed=0 extended=0 match=1
#### AGX_LIFE DESTROY id=0x68 type=0x82 surf=0xf7 bytes=0x3d0000 kr=0 okC=119 failC=0 okD=15 failD=0 unmatchedD=0 full=0 live=103/53MB [t0=75/6MB t80=0/0MB t82=28/47MB]
#### AGX_MAP_AUDIT #28 tex=0x6010cc300 impl=0x6010cb900 iosurface(arg=0x600a97bc0 bound=0x600a97bc0) plane=0 cpu130=0x11c6ec000 gpu40=0x1503a40000 descriptorOff=0x190 descriptorLayout=0 compressed=0 extended=0 match=1
#### MTL_TEX LEASE-NEW #16 key=2048x512-pf10-bpe1-fcc1278226488 entry=0x600d88310 surf=0x600a92de0 tex=0x6010cd200 retain=2 baseline=1 bpr=2048 alloc=1024KB shapeEntries=1 pool=5MB map=LINEAR
#### AGX_MAP_AUDIT #29 tex=0x6010cd200 impl=0x6010ccf80 iosurface(arg=0x600a92de0 bound=0x600a92de0) plane=0 cpu130=0x11cabc000 gpu40=0x1503e18000 descriptorOff=0x190 descriptorLayout=0 compressed=0 extended=0 match=1
#### AGX_LIFE DESTROY id=0x6a type=0 surf=0 bytes=0xac000 kr=0 okC=121 failC=0 okD=16 failD=0 unmatchedD=0 full=0 live=104/54MB [t0=75/6MB t80=0/0MB t82=29/48MB]
#### AGX_MAP_AUDIT #30 tex=0x6010caf00 impl=0x6010ce100 iosurface(arg=0x600a98360 bound=0x600a98360) plane=0 cpu130=0x11cc68000 gpu40=0x1503f20000 descriptorOff=0x190 descriptorLayout=0 compressed=0 extended=0 match=1
#### AGX_MAP_AUDIT #31 tex=0x6010ceb00 impl=0x6010cdc00 iosurface(arg=0x600a98460 bound=0x600a98460) plane=0 cpu130=0x11d0e4000 gpu40=0x15042f8000 descriptorOff=0x190 descriptorLayout=0 compressed=0 extended=0 match=1
#### MTL_TEX LEASE-NEW #17 key=161x161-pf10-bpe1-fcc1278226488 entry=0x600d89a80 surf=0x600a99920 tex=0x601410a00 retain=2 baseline=1 bpr=256 alloc=48KB shapeEntries=1 pool=5MB map=LINEAR
#### MTL_TEX LEASE-NEW #18 key=128x128-pf10-bpe1-fcc1278226488 entry=0x600d8a770 surf=0x600a998c0 tex=0x601411180 retain=2 baseline=1 bpr=128 alloc=16KB shapeEntries=1 pool=5MB map=LINEAR
#### MTL_TEX LEASE-NEW #19 key=64x64-pf10-bpe1-fcc1278226488 entry=0x600d8a5f0 surf=0x600a99900 tex=0x601411900 retain=2 baseline=1 bpr=128 alloc=16KB shapeEntries=1 pool=5MB map=LINEAR
#### MTL_TEX LEASE-NEW #20 key=64x64-pf10-bpe1-fcc1278226488 entry=0x600d8aa70 surf=0x600a998e0 tex=0x601412080 retain=2 baseline=1 bpr=128 alloc=16KB shapeEntries=2 pool=5MB map=LINEAR
#### MTL_TEX LEASE-NEW #21 key=55x55-pf10-bpe1-fcc1278226488 entry=0x600d8a8f0 surf=0x600a99c60 tex=0x601412800 retain=2 baseline=1 bpr=128 alloc=16KB shapeEntries=1 pool=5MB map=LINEAR
#### IOGPU-CALLBACK-BUFFER-CLEAN commandBuffer=0x60107c400 class=AGXG13GFamilyCommandBuffer submitSerial=20 fixed=8 target=0x0 start=0x80bc843d1e4 end=0x80bc8441c07
#### TRACE -[AGXBuffer initUntracked] self=0x6010dcc00 dev=0x6002c2000 len=3072 opt=0 -> 0x6010dcc00
#### TRACE -[AGXBuffer initUntracked] self=0x600b9ee80 dev=0x6002c2000 len=3072 opt=0 -> 0x600b9ee80
#### TRACE -[AGXBuffer initUntracked] self=0x600b9e880 dev=0x6002c2000 len=512 opt=0 -> 0x600b9e880
#### MTL_TEX LEASE-NEW #22 key=32x32-pf80-bpe4-fcc1111970369 entry=0x600d8b9d0 surf=0x600a9a420 tex=0x60141a780 retain=2 baseline=1 bpr=128 alloc=16KB shapeEntries=1 pool=5MB map=LINEAR
#### IOGPU-CALLBACK-BUFFER-CLEAN commandBuffer=0x60107f880 class=AGXG13GFamilyCommandBuffer submitSerial=24 fixed=14 target=0x0 start=0x80bc8498897 end=0x80bc849f4b5
#### MTL_TEX LEASE-NEW #23 key=960x128-pf80-bpe4-fcc1111970369 entry=0x600d8e7f0 surf=0x60003e3a0 tex=0x6002b4600 retain=2 baseline=1 bpr=3840 alloc=480KB shapeEntries=1 pool=6MB map=LINEAR
#### AGX_SUBMIT_DIAG #58 subtype1-predicate scalar0=0x1 legacy-scalar-gate=1 total=0x840/1 seglen=0x170/1 seghdr=1 cmdtotal=1 d8=1 pad1=1 f1=1 sent1=1 pad2=1 f2=1 sent2=1
#### AGX_SUBMIT_DIAG #58 descriptor[0] KCMD-type1-observed saved=0x840/0x840 path=/tmp/macws_submit_kcmd_58_0_type1-observed.bin errno=0
#### AGX_SUBMIT_DIAG #58 descriptor[0] segment saved=0x170/0x170 path=/tmp/macws_submit_segment_58_0.bin errno=0
#### AGX_SUBMIT_DIAG #58 TEMP-KCMD-ABI-FIX subtype1-clear pads=0x1c0,0x4c0 total=0x840->0x820 size=0x7e8->0x7c8 end=0x818->0x7f8 segment-span=0x820
#### MTL_TEX LEASE-NEW #24 key=960x192-pf80-bpe4-fcc1111970369 entry=0x600d8da70 surf=0x600a981c0 tex=0x60141f000 retain=2 baseline=1 bpr=3840 alloc=720KB shapeEntries=1 pool=7MB map=LINEAR
[72913:0729/144848.822107:ERROR:net/cert/internal/trust_store_mac.cc:773] SecItemCopyMatching error: Error Domain=NSOSStatusErrorDomain Code=-50 "paramErr: error in user parameter list" (-50)
#### AGX_SUBMIT_DIAG #60 subtype1-predicate scalar0=0x1 legacy-scalar-gate=1 total=0x840/1 seglen=0x170/1 seghdr=1 cmdtotal=1 d8=1 pad1=1 f1=1 sent1=1 pad2=1 f2=1 sent2=1
#### AGX_SUBMIT_DIAG #60 descriptor[0] KCMD-type1-observed saved=0x840/0x840 path=/tmp/macws_submit_kcmd_60_0_type1-observed.bin errno=0
#### AGX_SUBMIT_DIAG #60 descriptor[0] segment saved=0x170/0x170 path=/tmp/macws_submit_segment_60_0.bin errno=0
#### AGX_SUBMIT_DIAG #60 TEMP-KCMD-ABI-FIX subtype1-clear pads=0x1c0,0x4c0 total=0x840->0x820 size=0x7e8->0x7c8 end=0x818->0x7f8 segment-span=0x820
#### AGX_SUBMIT_DIAG #62 subtype1-predicate scalar0=0x1 legacy-scalar-gate=1 total=0x840/1 seglen=0x170/1 seghdr=1 cmdtotal=1 d8=1 pad1=1 f1=1 sent1=1 pad2=1 f2=1 sent2=1
#### AGX_SUBMIT_DIAG #62 descriptor[0] KCMD-type1-observed saved=0x840/0x840 path=/tmp/macws_submit_kcmd_62_0_type1-observed.bin errno=0
#### AGX_SUBMIT_DIAG #62 descriptor[0] segment saved=0x170/0x170 path=/tmp/macws_submit_segment_62_0.bin errno=0
#### AGX_SUBMIT_DIAG #62 TEMP-KCMD-ABI-FIX subtype1-clear pads=0x1c0,0x4c0 total=0x840->0x820 size=0x7e8->0x7c8 end=0x818->0x7f8 segment-span=0x820
#### AGX_SUBMIT_DIAG #64 subtype1-predicate scalar0=0x1 legacy-scalar-gate=1 total=0x840/1 seglen=0x170/1 seghdr=1 cmdtotal=1 d8=1 pad1=1 f1=1 sent1=1 pad2=1 f2=1 sent2=1
#### AGX_SUBMIT_DIAG #64 descriptor[0] KCMD-type1-observed saved=0x840/0x840 path=/tmp/macws_submit_kcmd_64_0_type1-observed.bin errno=0
#### AGX_SUBMIT_DIAG #64 descriptor[0] segment saved=0x170/0x170 path=/tmp/macws_submit_segment_64_0.bin errno=0
#### AGX_SUBMIT_DIAG #64 TEMP-KCMD-ABI-FIX subtype1-clear pads=0x1c0,0x4c0 total=0x840->0x820 size=0x7e8->0x7c8 end=0x818->0x7f8 segment-span=0x820
#### AGX_SUBMIT_DIAG #65 TEMP-KCMD-TRAILING-WRAPPER-FIX match=16 subtype1=0..0x840->0..0x820 wrappers=1 range=0x840..0x858->0x820..0x838
#### AGX_SUBMIT_DIAG #66 subtype1-predicate scalar0=0x1 legacy-scalar-gate=1 total=0x840/1 seglen=0x170/1 seghdr=1 cmdtotal=1 d8=1 pad1=1 f1=1 sent1=1 pad2=1 f2=1 sent2=1
#### AGX_SUBMIT_DIAG #66 descriptor[0] KCMD-type1-observed saved=0x840/0x840 path=/tmp/macws_submit_kcmd_66_0_type1-observed.bin errno=0
#### AGX_SUBMIT_DIAG #66 descriptor[0] segment saved=0x170/0x170 path=/tmp/macws_submit_segment_66_0.bin errno=0
#### AGX_SUBMIT_DIAG #66 TEMP-KCMD-ABI-FIX subtype1-clear pads=0x1c0,0x4c0 total=0x840->0x820 size=0x7e8->0x7c8 end=0x818->0x7f8 segment-span=0x820
#### IOSURFACE-RELEASE-ABI pair #2: conn=11783 surfaceID=265 sel=1 -> 0
#### MTL_TEX LEASE-NEW #25 key=960x256-pf80-bpe4-fcc1111970369 entry=0x600d89270 surf=0x600a9bd20 tex=0x601413e80 retain=2 baseline=1 bpr=3840 alloc=960KB shapeEntries=1 pool=8MB map=LINEAR
#### AGX_SUBMIT_DIAG #68 subtype1-predicate scalar0=0x1 legacy-scalar-gate=1 total=0x840/1 seglen=0x170/1 seghdr=1 cmdtotal=1 d8=1 pad1=1 f1=1 sent1=1 pad2=1 f2=1 sent2=1
#### AGX_SUBMIT_DIAG #68 descriptor[0] KCMD-type1-observed saved=0x840/0x840 path=/tmp/macws_submit_kcmd_68_0_type1-observed.bin errno=0
#### AGX_SUBMIT_DIAG #68 descriptor[0] segment saved=0x170/0x170 path=/tmp/macws_submit_segment_68_0.bin errno=0
#### AGX_SUBMIT_DIAG #68 TEMP-KCMD-ABI-FIX subtype1-clear pads=0x1c0,0x4c0 total=0x840->0x820 size=0x7e8->0x7c8 end=0x818->0x7f8 segment-span=0x820
#### IOSURFACE-RELEASE-ABI pair #3: conn=11783 surfaceID=268 sel=1 -> 0
#### AGX_SUBMIT_DIAG #70 subtype1-predicate scalar0=0x1 legacy-scalar-gate=1 total=0x840/1 seglen=0x170/1 seghdr=1 cmdtotal=1 d8=1 pad1=1 f1=1 sent1=1 pad2=1 f2=1 sent2=1
#### AGX_SUBMIT_DIAG #70 descriptor[0] KCMD-type1-observed saved=0x840/0x840 path=/tmp/macws_submit_kcmd_70_0_type1-observed.bin errno=0
#### AGX_SUBMIT_DIAG #70 descriptor[0] segment saved=0x170/0x170 path=/tmp/macws_submit_segment_70_0.bin errno=0
#### AGX_SUBMIT_DIAG #70 TEMP-KCMD-ABI-FIX subtype1-clear pads=0x1c0,0x4c0 total=0x840->0x820 size=0x7e8->0x7c8 end=0x818->0x7f8 segment-span=0x820
#### MACWS_HID_BYPASS installed SetMatchingMultiple → no-op (1) at 0x1ae38de8c — skips iOS-format CFBinaryPlist parse inside
####   IOHIDEventSystemClientCacheMatchingServices → IOHIDUnserializeAndVMDealloc → CFPropertyListCreateFromStream
####   that BUS_ADRALNs in the IOMFBServer thread.
#### MACWS_AGX_RENAMER_PATCH: off (set MACWS_AGX_RENAMER_PATCH=1 to enable)
#### MACWS_ASSERT_BYPASS DISABLED (set MACWS_KEEP_ASSERT_BYPASS=1 to restore lazy bypass) — real __assert_rtn now reaches abort
#### MACWS_AGX_NATIVE [ctor] pre-loaded IOGPU via /System/Library/PrivateFrameworks/IOGPU.framework/IOGPU -> 0x3fbf9cc10
#### XPC_BOOTSTRAP: fn=0x1aaf45140 dict=0x152808bb0 (registering Metal/ViewBridge/HIServices)
#### XPC_BOOTSTRAP: called OK
#### COEXIST API SwapEnd hook installed target=0x1b5e231cc trampoline=0x1010d8000
#### IOSURFACE-RELEASE-ABI pair #4: conn=11783 surfaceID=269 sel=1 -> 0
#### SkyLight PrepareForUse tolerate-nil hook installed at 0x1b0204fc4
#### SkyLight StartCompositeForDisplayStream nil-skip hook installed at 0x1b002dd74
#### IOSURFACE-RELEASE-ABI pair #5: conn=11783 surfaceID=267 sel=1 -> 0
#### SkyLight StartComposite(WSCD) tolerate-nil + pop-on-bail hook installed at 0x1b002d358
#### SkyLight StartComposite(MTLTex) pop-on-bail hook installed at 0x1b002dfb8
#### SkyLight EndCurrentComposite(bool) completion hook installed at 0x1b002c53c
#### SkyLight EndUpdate(bool) submission hook installed at 0x1b002c0b0
#### SkyLight _state_stack pop_back resolved at 0x1b002afa0
#### SkyLight WSCompositeDestinationCreateWithMetalTexture nil-tolerate hook installed at 0x1b003053c
#### SkyLight MetalContext::StopCapture invalid-this guard installed at 0x1b002c1bc
#### MACWS_AGX_NATIVE class_addMethod(MTLTextureDescriptor, validateWithDevice:) = 1
#### MACWS_AGX_NATIVE class_addMethod(IOGPUMetalTexture, isMemoryless) = 1
#### MACWS_AGX_NATIVE class_addMethod(IOGPUMetalTexture, getCPUSizeBytes) = 1
#### MACWS_AGX_NATIVE class_addMethod(IOGPUMetalTexture, getAlignment) = 1
#### MACWS_AGX_NATIVE class_addMethod(IOGPUMetalTexture, descriptorPrivate) = 1
#### MACWS_AGX_NATIVE class_addMethod(IOGPUMetalTexture, getBytesPerRow) = 1
#### MACWS_AGX_NATIVE class_addMethod(IOGPUMetalTexture, updateBindDataWithAddresses:gpuVirtualAddress:) = 1
#### MACWS_AGX_NATIVE class_addMethod(IOGPUMetalTexture, updateBindDataWithAddresses:gpuVirtualAddress:shouldInitMetadata:) = 1
#### MACWS_AGX_NATIVE class_addMethod(IOGPUMetalTexture, allocBufferSubDataWithLength:options:alignment:heapIndex:bufferIndex:bufferOffset:) = 1
#### MACWS_AGX_NATIVE class_addMethod(IOGPUMetalTexture, initNewTextureData:) = 1
#### MACWS_AGX_NATIVE class_addMethod(MTLTextureDescriptor, isMemoryless) = 1
#### MACWS_AGX_NATIVE class_addMethod(MTLTextureDescriptor, protectionOptions) = 1
#### MACWS_AGX_NATIVE class_addMethod(MTLTextureDescriptor, getCPUSizeBytes) = 1
#### MACWS_AGX_NATIVE class_addMethod(MTLTextureDescriptor, getAlignment) = 1
#### MACWS_AGX_NATIVE class_addMethod(MTLTextureDescriptor, descriptorPrivate) = 1
#### MACWS_AGX_NATIVE class_addMethod(MTLTextureDescriptor, getBytesPerRow) = 1
#### MACWS_AGX_NATIVE class_addMethod(MTLTextureDescriptor, updateBindDataWithAddresses:gpuVirtualAddress:) = 1
#### MACWS_AGX_NATIVE class_addMethod(MTLTextureDescriptor, updateBindDataWithAddresses:gpuVirtualAddress:shouldInitMetadata:) = 1
#### MACWS_AGX_NATIVE class_addMethod(MTLTextureDescriptor, allocBufferSubDataWithLength:options:alignment:heapIndex:bufferIndex:bufferOffset:) = 1
#### MACWS_AGX_NATIVE class_addMethod(MTLTextureDescriptor, initNewTextureData:) = 1
#### MTL_TEX LEASE-NEW #26 key=960x320-pf80-bpe4-fcc1111970369 entry=0x600d8da10 surf=0x600a98280 tex=0x6015c1400 retain=2 baseline=1 bpr=3840 alloc=1200KB shapeEntries=1 pool=9MB map=LINEAR
#### IOSURFACE-RELEASE-ABI pair #6: conn=11783 surfaceID=270 sel=1 -> 0
#### IOSURFACE-RELEASE-ABI pair #7: conn=11783 surfaceID=268 sel=1 -> 0
#### AGX_SUBMIT_DIAG #97 TEMP-KCMD-TRAILING-WRAPPER-FIX match=32 subtype1=0..0x840->0..0x820 wrappers=1 range=0x840..0x858->0x820..0x838
#### IOSURFACE-RELEASE-ABI pair #8: conn=11783 surfaceID=269 sel=1 -> 0
#### IOSURFACE-RELEASE-ABI pair #9: conn=11783 surfaceID=268 sel=1 -> 0
#### IOSURFACE-RELEASE-ABI pair #10: conn=11783 surfaceID=270 sel=1 -> 0
#### IOGPU-CALLBACK-BUFFER-CLEAN commandBuffer=0x6014e5400 class=AGXG13GFamilyCommandBuffer submitSerial=79 fixed=12 target=0x0 start=0x80bc89a82c1 end=0x80bc89ada39
#### JIT-MPROTECT flip #12288 ranges=1 prot=RX writers=1 exec_waits=4090 late_retries=87
#### JIT-MPROTECT flip #13312 ranges=1 prot=RX writers=1 exec_waits=4416 late_retries=98
#### JIT-MPROTECT flip #14336 ranges=1 prot=RX writers=1 exec_waits=4738 late_retries=106
#### MTL_TEX LEASE-NEW #27 key=512x128-pf10-bpe1-fcc1278226488 entry=0x601640c90 surf=0x600a9ae20 tex=0x6015c8700 retain=2 baseline=1 bpr=512 alloc=64KB shapeEntries=1 pool=9MB map=LINEAR
#### IOGPU-CALLBACK-BUFFER-CLEAN commandBuffer=0x6014ea800 class=AGXG13GFamilyCommandBuffer submitSerial=97 fixed=8 target=0x0 start=0x80bc906890a end=0x80bc906d277
#### IOSURFACE-RELEASE-ABI pair #11: conn=11783 surfaceID=269 sel=1 -> 0
#### IOGPU-CALLBACK-BUFFER-CLEAN commandBuffer=0x6014e3800 class=AGXG13GFamilyCommandBuffer submitSerial=100 fixed=11 target=0x0 start=0x80bc924601a end=0x80bc924b8c5
#### IOSURFACE-RELEASE-ABI pair #12: conn=11783 surfaceID=273 sel=1 -> 0
#### IOSURFACE-RELEASE-ABI pair #13: conn=11783 surfaceID=268 sel=1 -> 0
#### JIT-MPROTECT flip #15360 ranges=1 prot=RX writers=1 exec_waits=5107 late_retries=112
#### IOGPU-CALLBACK-BUFFER-CLEAN commandBuffer=0x6014e3800 class=AGXG13GFamilyCommandBuffer submitSerial=107 fixed=11 target=0x0 start=0x80bc941b61d end=0x80bc9420993
#### AMFI-POLICY-COMPAT policy=AMFI op=0x60 status=0x4 (iOS task ports are hard-immovable)
#### CSR-POLICY-COMPAT active_config=0x0 (conservative iOS compatibility value)
[72952:0729/144849.555045:ERROR:base/process/process_mac.cc:53] task_policy_set TASK_CATEGORY_POLICY: (os/kern) invalid argument (4)
2026-07-29 14:48:49.562 Code Helper (Renderer)[72952:12299720] XType: Using static font registry.
#### JIT-MPROTECT range[0]=[0x280000000,0x290000000) source=MAP_JIT-EINVAL
#### JIT-MPROTECT execution barrier installed (W^X fetch-wait compatibility)
#### JIT-MPROTECT range[0]=[0x280000000,0x290000000) source=MAP_JIT-EINVAL
#### JIT-MPROTECT range[0]=[0x280000000,0x290000000) source=MAP_JIT-EINVAL
#### JIT-MPROTECT range[0]=[0x280000000,0x290000000) source=MAP_JIT-EINVAL
#### JIT-MPROTECT range[0]=[0x280000000,0x290000000) source=MAP_JIT-EINVAL
#### JIT-MPROTECT range[0]=[0x280000000,0x290000000) source=MAP_JIT-EINVAL
#### JIT-MPROTECT range[0]=[0x280000000,0x290000000) source=MAP_JIT-EINVAL
#### JIT-MPROTECT range[0]=[0x280000000,0x290000000) source=MAP_JIT-EINVAL
#### JIT-MPROTECT range[0]=[0x170000000,0x180000000) source=MAP_JIT-EINVAL
#### JIT-MPROTECT remap decline #1 dst=0x177dc0000 size=0x208000 src=0x110530000 requested=0x5 -> V8 copy fallback
#### JIT-MPROTECT flip #1 ranges=1 prot=RW writers=1 exec_waits=0 late_retries=0
#### JIT-MPROTECT flip #2 ranges=1 prot=RX writers=1 exec_waits=0 late_retries=0
#### IOGPU-CALLBACK-BUFFER-CLEAN commandBuffer=0x6014ea800 class=AGXG13GFamilyCommandBuffer submitSerial=111 fixed=11 target=0x0 start=0x80bc9b49e31 end=0x80bc9b4e243
#### IOGPU-CALLBACK-BUFFER-CLEAN commandBuffer=0x6014eab80 class=AGXG13GFamilyCommandBuffer submitSerial=113 fixed=11 target=0x0 start=0x80bc9ba8b13 end=0x80bc9bacb99
#### IOSURFACE-RELEASE-ABI pair #14: conn=11783 surfaceID=150 sel=1 -> 0
#### JIT-MPROTECT flip #16384 ranges=1 prot=RX writers=1 exec_waits=5410 late_retries=122
#### JIT-MPROTECT flip #3 ranges=1 prot=RW writers=1 exec_waits=0 late_retries=0
#### JIT-MPROTECT flip #4 ranges=1 prot=RX writers=1 exec_waits=1 late_retries=0
#### JIT-MPROTECT flip #5 ranges=1 prot=RW writers=1 exec_waits=1 late_retries=0
#### JIT-MPROTECT flip #6 ranges=1 prot=RX writers=1 exec_waits=2 late_retries=0
#### JIT-MPROTECT flip #7 ranges=1 prot=RW writers=1 exec_waits=2 late_retries=0
#### JIT-MPROTECT flip #8 ranges=1 prot=RX writers=1 exec_waits=3 late_retries=0
#### JIT-MPROTECT flip #9 ranges=1 prot=RW writers=1 exec_waits=3 late_retries=0
#### JIT-MPROTECT flip #10 ranges=1 prot=RX writers=1 exec_waits=4 late_retries=0
#### JIT-MPROTECT flip #11 ranges=1 prot=RW writers=1 exec_waits=4 late_retries=0
#### JIT-MPROTECT flip #12 ranges=1 prot=RX writers=1 exec_waits=5 late_retries=0
#### JIT-MPROTECT flip #13 ranges=1 prot=RW writers=1 exec_waits=5 late_retries=0
#### JIT-MPROTECT flip #14 ranges=1 prot=RX writers=1 exec_waits=6 late_retries=0
#### JIT-MPROTECT flip #15 ranges=1 prot=RW writers=1 exec_waits=6 late_retries=0
#### JIT-MPROTECT flip #16 ranges=1 prot=RX writers=1 exec_waits=6 late_retries=0
#### JIT-MPROTECT flip #17 ranges=1 prot=RW writers=1 exec_waits=6 late_retries=0
#### JIT-MPROTECT flip #18 ranges=1 prot=RX writers=1 exec_waits=7 late_retries=0
#### JIT-MPROTECT flip #19 ranges=1 prot=RW writers=1 exec_waits=7 late_retries=0
#### JIT-MPROTECT flip #20 ranges=1 prot=RX writers=1 exec_waits=8 late_retries=0
#### JIT-MPROTECT flip #21 ranges=1 prot=RW writers=1 exec_waits=8 late_retries=0
#### JIT-MPROTECT flip #22 ranges=1 prot=RX writers=1 exec_waits=9 late_retries=0
#### JIT-MPROTECT flip #23 ranges=1 prot=RW writers=1 exec_waits=9 late_retries=0
#### JIT-MPROTECT flip #24 ranges=1 prot=RX writers=1 exec_waits=10 late_retries=0
#### JIT-MPROTECT flip #25 ranges=1 prot=RW writers=1 exec_waits=10 late_retries=0
#### JIT-MPROTECT flip #26 ranges=1 prot=RX writers=1 exec_waits=11 late_retries=0
#### JIT-MPROTECT flip #27 ranges=1 prot=RW writers=1 exec_waits=11 late_retries=0
#### JIT-MPROTECT flip #28 ranges=1 prot=RX writers=1 exec_waits=12 late_retries=0
#### JIT-MPROTECT flip #29 ranges=1 prot=RW writers=1 exec_waits=12 late_retries=0
#### JIT-MPROTECT flip #30 ranges=1 prot=RX writers=1 exec_waits=13 late_retries=0
#### JIT-MPROTECT flip #31 ranges=1 prot=RW writers=1 exec_waits=13 late_retries=0
#### JIT-MPROTECT flip #32 ranges=1 prot=RX writers=1 exec_waits=14 late_retries=0
#### IOGPU-CALLBACK-BUFFER-CLEAN commandBuffer=0x600275e80 class=AGXG13GFamilyCommandBuffer submitSerial=114 fixed=11 target=0x0 start=0x80bca0df16b end=0x80bca0e422a
#### IOGPU-CALLBACK-BUFFER-CLEAN commandBuffer=0x6014e9300 class=AGXG13GFamilyCommandBuffer submitSerial=115 fixed=11 target=0x0 start=0x80bca117913 end=0x80bca11cc41
#### IOGPU-CALLBACK-BUFFER-CLEAN commandBuffer=0x600275e80 class=AGXG13GFamilyCommandBuffer submitSerial=116 fixed=8 target=0x0 start=0x80bca2670c7 end=0x80bca26ad6f
[91m[main 2026-07-29T21:48:50.089Z][0m AgentHostStarter was unable to resolve shell environment Error: Unable to resolve your shell environment: Unexpected exit code from spawned shell (code null, signal SIGABRT)
    at file:///Applications/Visual%20Studio%20Code.app/Contents/Resources/app/out/main.js:474:34475
    at async file:///Applications/Visual%20Studio%20Code.app/Contents/Resources/app/out/main.js:434:92057
[90m[main 2026-07-29T21:48:50.092Z][0m AgentHostProcessManager: agent host started
#### MTL_TEX LEASE-NEW #28 key=64x64-pf70-bpe4-fcc1380401729 entry=0x601640ae0 surf=0x600a9b260 tex=0x6015c9d80 retain=2 baseline=1 bpr=256 alloc=16KB shapeEntries=1 pool=9MB map=LINEAR
#### MTL_TEX plain DEPTH-STENCIL: pf=260 routing to native AGX path (IOSurface backing is invalid)
#### AGXIOC sel=0x9 type=0 args+0x14=0x2430 → 0x430 (stripped macOS-only bits 0x2800)
#### MTL_TEX plain DEPTH-STENCIL native result: 0x6015cb180 class=AGXG13GFamilyTexture
#### JIT-MPROTECT flip #1024 ranges=1 prot=RX writers=1 exec_waits=188 late_retries=7
#### MTL_TEX LEASE-NEW #29 key=1x1-pf70-bpe4-fcc1380401729 entry=0x6009599c0 surf=0x600a9dd40 tex=0x6015cbb80 retain=2 baseline=1 bpr=128 alloc=16KB shapeEntries=1 pool=9MB map=LINEAR
#### AGX_SUBMIT_DIAG #167 TEMP-KCMD-ABI-FIX off=0 size=0x1b8->0x1a8 end=0x1e8->0x1d8 moved=0x14 new-total=0x1e0
#### MTL_TEX LEASE-NEW #30 key=8x8-pf70-bpe4-fcc1380401729 entry=0x6016419b0 surf=0x600a9e5e0 tex=0x6015cd200 retain=2 baseline=1 bpr=128 alloc=16KB shapeEntries=1 pool=9MB map=LINEAR
#### MTL_TEX LEASE-NEW #31 key=2x1-pf70-bpe4-fcc1380401729 entry=0x600d8f1e0 surf=0x600a9e560 tex=0x6015cd980 retain=2 baseline=1 bpr=128 alloc=16KB shapeEntries=1 pool=9MB map=LINEAR
#### MTL_TEX LEASE-NEW #32 key=1x1-pf70-bpe4-fcc1380401729 entry=0x601643810 surf=0x600a9aca0 tex=0x6015ce100 retain=2 baseline=1 bpr=128 alloc=16KB shapeEntries=2 pool=9MB map=LINEAR
#### MTL_TEX LEASE-NEW #33 key=6x1-pf70-bpe4-fcc1380401729 entry=0x6016436c0 surf=0x600a9e500 tex=0x6015ce880 retain=2 baseline=1 bpr=128 alloc=16KB shapeEntries=1 pool=9MB map=LINEAR
#### AGX_SUBMIT_DIAG #168 TEMP-KCMD-ABI-FIX off=0 size=0x1b8->0x1a8 end=0x1e8->0x1d8 moved=0x34 new-total=0x200
#### MTL_TEX LEASE-NEW #34 key=1x1-pf70-bpe4-fcc1380401729 entry=0x6016415f0 surf=0x600a9d480 tex=0x6009b3980 retain=2 baseline=1 bpr=128 alloc=16KB shapeEntries=3 pool=9MB map=LINEAR
#### MTL_TEX LEASE-NEW #35 key=1x1-pf70-bpe4-fcc1380401729 entry=0x601643960 surf=0x600a93000 tex=0x6015cf500 retain=2 baseline=1 bpr=128 alloc=16KB shapeEntries=4 pool=9MB map=LINEAR
#### MTL_TEX LEASE-NEW #36 key=1x1-pf70-bpe4-fcc1380401729 entry=0x601644440 surf=0x600a9e2a0 tex=0x6017d0280 retain=2 baseline=1 bpr=128 alloc=16KB shapeEntries=5 pool=9MB map=LINEAR
#### MTL_TEX LEASE-NEW #37 key=1x1-pf70-bpe4-fcc1380401729 entry=0x6016442f0 surf=0x600a9da20 tex=0x6017d0a00 retain=2 baseline=1 bpr=128 alloc=16KB shapeEntries=6 pool=9MB map=LINEAR
#### MTL_TEX LEASE-NEW #38 key=1x1-pf70-bpe4-fcc1380401729 entry=0x601643f30 surf=0x600a9ab80 tex=0x6017d1180 retain=2 baseline=1 bpr=128 alloc=16KB shapeEntries=7 pool=9MB map=LINEAR
#### MTL_TEX LEASE-NEW #39 key=1x1-pf70-bpe4-fcc1380401729 entry=0x601643c60 surf=0x600a9a480 tex=0x6017d1900 retain=2 baseline=1 bpr=128 alloc=16KB shapeEntries=8 pool=9MB map=LINEAR
#### MTL_TEX LEASE-NEW #40 key=1x1-pf70-bpe4-fcc1380401729 entry=0x601644200 surf=0x600a9e540 tex=0x6017d1e00 retain=2 baseline=1 bpr=128 alloc=16KB shapeEntries=9 pool=9MB map=LINEAR
#### MTL_TEX LEASE-NEW #41 key=1x1-pf70-bpe4-fcc1380401729 entry=0x601644620 surf=0x600a9c5e0 tex=0x6017d2300 retain=2 baseline=1 bpr=128 alloc=16KB shapeEntries=10 pool=9MB map=LINEAR
#### MTL_TEX LEASE-NEW #42 key=1x1-pf70-bpe4-fcc1380401729 entry=0x601643ff0 surf=0x600a9bf80 tex=0x6017d2800 retain=2 baseline=1 bpr=128 alloc=16KB shapeEntries=11 pool=9MB map=LINEAR
#### MTL_TEX LEASE-NEW #43 key=1x1-pf70-bpe4-fcc1380401729 entry=0x601644a70 surf=0x600a9c6e0 tex=0x6017d2d00 retain=2 baseline=1 bpr=128 alloc=16KB shapeEntries=12 pool=9MB map=LINEAR
#### AGX_LIFE CREATE id=0xcb type=0 surf=0 bytes=0x4000 kr=0 okC=250 failC=0 okD=47 failD=0 unmatchedD=0 full=0 live=202/91MB [t0=133/16MB t80=0/0MB t82=69/75MB]
#### MTL_TEX LEASE-NEW #44 key=1x1-pf70-bpe4-fcc1380401729 entry=0x601644920 surf=0x600a9cd20 tex=0x6017d3200 retain=2 baseline=1 bpr=128 alloc=16KB shapeEntries=13 pool=9MB map=LINEAR
#### MTL_TEX LEASE-NEW #45 key=1x1-pf70-bpe4-fcc1380401729 entry=0x601642f10 surf=0x600a9e300 tex=0x6017d3e80 retain=2 baseline=1 bpr=128 alloc=16KB shapeEntries=14 pool=9MB map=LINEAR
#### MTL_TEX LEASE-NEW #46 key=1x1-pf70-bpe4-fcc1380401729 entry=0x601644b90 surf=0x600a9c560 tex=0x6017d4600 retain=2 baseline=1 bpr=128 alloc=16KB shapeEntries=15 pool=9MB map=LINEAR
#### IOGPU-CALLBACK-BUFFER-CLEAN commandBuffer=0x600275e80 class=AGXG13GFamilyCommandBuffer submitSerial=125 fixed=8 target=0x0 start=0x80bca6f261b end=0x80bca6f68dd
#### MTL_TEX LEASE-HIT #1 key=1x1-pf70-bpe4-fcc1380401729 entry=0x6016415f0 surf=0x600a9d480 tex=0x6009b3980 retain=1 baseline=1 shapeEntries=15 pool=9MB
#### MTL_TEX LEASE-NEW #47 key=1x1-pf70-bpe4-fcc1380401729 entry=0x601643a50 surf=0x600a9c600 tex=0x6015cf280 retain=2 baseline=1 bpr=128 alloc=16KB shapeEntries=16 pool=9MB map=LINEAR
#### MTL_TEX LEASE-NEW #48 key=1x1-pf70-bpe4-fcc1380401729 entry=0x6016459a0 surf=0x600a9d520 tex=0x6017d5c80 retain=2 baseline=1 bpr=128 alloc=16KB shapeEntries=17 pool=9MB map=LINEAR
#### MTL_TEX LEASE-NEW #49 key=1x1-pf70-bpe4-fcc1380401729 entry=0x601645700 surf=0x600a9a400 tex=0x6017d6400 retain=2 baseline=1 bpr=128 alloc=16KB shapeEntries=18 pool=9MB map=LINEAR
#### MTL_TEX LEASE-NEW #50 key=1x1-pf70-bpe4-fcc1380401729 entry=0x601645b80 surf=0x600a9ebc0 tex=0x6017d6b80 retain=2 baseline=1 bpr=128 alloc=16KB shapeEntries=19 pool=9MB map=LINEAR
#### MTL_TEX LEASE-NEW #51 key=1x1-pf70-bpe4-fcc1380401729 entry=0x601645f10 surf=0x600a9ab20 tex=0x6017d7300 retain=2 baseline=1 bpr=128 alloc=16KB shapeEntries=20 pool=9MB map=LINEAR
#### MTL_TEX LEASE-NEW #52 key=1x1-pf70-bpe4-fcc1380401729 entry=0x601645d90 surf=0x600a9da60 tex=0x6017d7a80 retain=2 baseline=1 bpr=128 alloc=16KB shapeEntries=21 pool=9MB map=LINEAR
#### MTL_TEX LEASE-NEW #53 key=1x1-pf70-bpe4-fcc1380401729 entry=0x601646120 surf=0x600a9a800 tex=0x6017d8200 retain=2 baseline=1 bpr=128 alloc=16KB shapeEntries=22 pool=9MB map=LINEAR
#### MTL_TEX LEASE-NEW #54 key=1x1-pf70-bpe4-fcc1380401729 entry=0x6016465a0 surf=0x600a9e3a0 tex=0x6017d8980 retain=2 baseline=1 bpr=128 alloc=16KB shapeEntries=23 pool=9MB map=LINEAR
#### MTL_TEX LEASE-NEW #55 key=1x1-pf70-bpe4-fcc1380401729 entry=0x601646330 surf=0x600a9c480 tex=0x6017d9380 retain=2 baseline=1 bpr=128 alloc=16KB shapeEntries=24 pool=9MB map=LINEAR
#### MTL_TEX LEASE-NEW #56 key=1x1-pf70-bpe4-fcc1380401729 entry=0x6016467b0 surf=0x600a9adc0 tex=0x6017d9b00 retain=2 baseline=1 bpr=128 alloc=16KB shapeEntries=25 pool=9MB map=LINEAR
#### MTL_TEX LEASE-NEW #57 key=1x1-pf70-bpe4-fcc1380401729 entry=0x601646b40 surf=0x600a9e1a0 tex=0x6017da280 retain=2 baseline=1 bpr=128 alloc=16KB shapeEntries=26 pool=9MB map=LINEAR
#### MTL_TEX LEASE-NEW #58 key=1x1-pf70-bpe4-fcc1380401729 entry=0x6016469c0 surf=0x600a9de40 tex=0x6017daa00 retain=2 baseline=1 bpr=128 alloc=16KB shapeEntries=27 pool=9MB map=LINEAR
#### MTL_TEX LEASE-NEW #59 key=1x1-pf70-bpe4-fcc1380401729 entry=0x601646d20 surf=0x600a9c1e0 tex=0x6017db180 retain=2 baseline=1 bpr=128 alloc=16KB shapeEntries=28 pool=9MB map=LINEAR
#### MTL_TEX LEASE-NEW #60 key=1x1-pf70-bpe4-fcc1380401729 entry=0x6016471a0 surf=0x600a9ba40 tex=0x6017db900 retain=2 baseline=1 bpr=128 alloc=16KB shapeEntries=29 pool=9MB map=LINEAR
#### MTL_TEX LEASE-NEW #61 key=1x1-pf70-bpe4-fcc1380401729 entry=0x601646f00 surf=0x600a97840 tex=0x6017dc080 retain=2 baseline=1 bpr=128 alloc=16KB shapeEntries=30 pool=9MB map=LINEAR
#### MTL_TEX LEASE-NEW #62 key=1x1-pf70-bpe4-fcc1380401729 entry=0x601647380 surf=0x600a9a780 tex=0x6017dc800 retain=2 baseline=1 bpr=128 alloc=16KB shapeEntries=31 pool=9MB map=LINEAR
#### MTL_TEX LEASE-NEW #63 key=1x1-pf70-bpe4-fcc1380401729 entry=0x601647230 surf=0x600a9e7c0 tex=0x6017dcf80 retain=2 baseline=1 bpr=128 alloc=16KB shapeEntries=32 pool=9MB map=LINEAR
#### AGX_SUBMIT_DIAG #174 TEMP-KCMD-ABI-FIX off=0 size=0x1b8->0x1a8 end=0x1e8->0x1d8 moved=0x14 new-total=0x1e0
#### MTL_TEX LEASE-NEW #64 key=1x1-pf70-bpe4-fcc1380401729 entry=0x601642a60 surf=0x600a9ae80 tex=0x6017de100 retain=2 baseline=1 bpr=128 alloc=16KB shapeEntries=33 pool=9MB map=LINEAR
#### TRACE -[AGXBuffer initUntracked] self=0x601950000 dev=0x6002c2000 len=6144 opt=0 -> 0x601950000
#### TRACE -[AGXBuffer initUntracked] self=0x6010dcc00 dev=0x6002c2000 len=6144 opt=0 -> 0x6010dcc00
#### TRACE -[AGXBuffer initUntracked] self=0x600b9ee80 dev=0x6002c2000 len=1024 opt=0 -> 0x600b9ee80
#### AGX_SUBMIT_DIAG #177 TEMP-KCMD-ABI-FIX off=0 size=0x1b8->0x1a8 end=0x1e8->0x1d8 moved=0x14 new-total=0x1e0
#### JIT-MPROTECT flip #7168 ranges=1 prot=RX writers=1 exec_waits=2039 late_retries=56
#### JIT-MPROTECT flip #17408 ranges=1 prot=RX writers=1 exec_waits=5660 late_retries=126
#### IOGPU-CALLBACK-BUFFER-CLEAN commandBuffer=0x6018f7700 class=AGXG13GFamilyCommandBuffer submitSerial=129 fixed=8 target=0x0 start=0x80bca888652 end=0x80bca88c2e6
#### AGX_SUBMIT_DIAG #181 TEMP-KCMD-ABI-FIX off=0 size=0x1b8->0x1a8 end=0x1e8->0x1d8 moved=0x14 new-total=0x1e0
#### IOGPU-CALLBACK-BUFFER-CLEAN commandBuffer=0x6018f7a80 class=AGXG13GFamilyCommandBuffer submitSerial=132 fixed=11 target=0x0 start=0x80bca93c0af end=0x80bca941219
#### AGX_LIFE CREATE id=0x189 type=0 surf=0 bytes=0x4000 kr=0 okC=500 failC=0 okD=107 failD=0 unmatchedD=0 full=0 live=392/95MB [t0=269/19MB t80=0/0MB t82=123/75MB]
#### MTL_TEX MIP-NATIVE attempt=1 w=16 h=16 pf=70 mips=5 storage=0 usage=0x7
0   libmachook_arm64.dylib              0x00000001011bd1d8 -[MTLFakeDevice hooked_newTextureWithDescriptor:] + 1640
1   libGLESv2.dylib                     0x000000010a0d7714 glStartTilingQCOM + 2731796
2   libGLESv2.dylib                     0x000000010a0eab48 glStartTilingQCOM + 2810696
3   libGLESv2.dylib                     0x000000010a0e9e40 glStartTilingQCOM + 2807360
4   libGLESv2.dylib                     0x000000010a0e9ccc glStartTilingQCOM + 2806988
5   libGLESv2.dylib                     0x000000010a0c0b70 glStartTilingQCOM + 2638704
6   libGLESv2.dylib                     0x000000010a0c0654 glStartTilingQCOM + 2637396
7   libGLESv2.dylib                     0x000000010a0c426c glStartTilingQCOM + 2652780
8   libGLESv2.dylib                     0x0000000109faea9c glStartTilingQCOM + 1516188
9   Electron Framework                  0x000000011418a4e8 rust_bmp$cxxbridge1$194$Reader$image_data_loaded + 320072
10  Electron Framework                  0x00000001141a2a60 rust_bmp$cxxbridge1$194$Reader$image_data_loaded + 419776
11  Electron Framework                  0x000000010e473194 _ZN4node19async_context_frame8exchangeEPN2v87IsolateENS1_5LocalINS1_5ValueEEE + 26820
12  Electron Framework                  0x000000010e472240 _ZN4node19async_context_frame8exchangeEPN2v87IsolateENS1_5LocalINS1_5ValueEEE + 22896
13  Electron Framework                  0x000000010e471f24 _ZN4node19async_context_frame8exchangeEPN2v87IsolateENS1_5LocalINS1_5ValueEEE + 22100
14  Electron Framework                  0x000000011029ad78 _ZNK2v88internal8compiler23CompilationDependencies31FieldTypeDependencyOffTheRecordENS1_6MapRefES3_NS0_13InternalIndexENS1_9ObjectRefE + 783760
15  Electron Framework                  0x0000000110206fbc _ZNK2v88internal8compiler23CompilationDependencies31FieldTypeDependencyOffTheRecordENS1_6MapRefES3_NS0_13InternalIndexENS1_9ObjectRefE + 178132
16  Electron Framework                  0x000000010e9f6ac8 _ZNK4node14PrincipalRealm25async_hooks_init_functionEv + 81964
17  Electron Framework                  0x000000010df17a34 _ZN2v815MicrotasksScopeC1ENS_5LocalINS_7ContextEEENS0_4TypeE + 6788
18  Electron Framework                  0x000000011024bc84 _ZNK2v88internal8compiler23CompilationDependencies31FieldTypeDependencyOffTheRecordENS1_6MapRefES3_NS0_13InternalIndexENS1_9ObjectRefE + 459932
19  Electron Framework                  0x000000010de75b00 _ZN2v86Number3NewEPNS_7IsolateEd + 19272
#### AGXIOC subres parent 0x20000 -> resourceID 0x210, base=0x11f7bc000 span=0x20000
#### AGXIOC POST-PATCH sel=0x9 type=0x80 inStructCnt=104 (bytes that hit kernel):
    +0000: 80 00 00 00 00 00 00 00 10 00 10 00 01 00 00 00
    +0x10: 01 05 00 04 30 04 00 00 00 00 00 00 00 00 00 00
    +0x20: 00 00 00 00 00 00 00 00 00 00 00 00 00 00 00 00
    +0x30: 00 c0 7b 1f 01 00 00 00 00 c0 7b 1f 01 00 00 00
    +0x40: 00 00 02 00 00 00 00 00 10 02 00 00 00 00 00 00
    +0x50: 10 02 00 00 00 00 00 00 00 8f 88 82 01 00 00 00
    +0x60: 00 00 00 00 00 00 00 00
#### AGXIOC POST-CALL sel=0x9 type=0x80 -> kr=0
#### MTL_TEX MIP-NATIVE result attempt=1 tex=0x601a1b680 class=AGXG13GFamilyTexture
#### MTL_TEX MIP-NATIVE attempt=2 w=128 h=512 pf=70 mips=10 storage=0 usage=0x7
0   libmachook_arm64.dylib              0x00000001011bd1d8 -[MTLFakeDevice hooked_newTextureWithDescriptor:] + 1640
1   libGLESv2.dylib                     0x000000010a0d7714 glStartTilingQCOM + 2731796
2   libGLESv2.dylib                     0x000000010a0eab48 glStartTilingQCOM + 2810696
3   libGLESv2.dylib                     0x000000010a0e9e40 glStartTilingQCOM + 2807360
4   libGLESv2.dylib                     0x000000010a0e9ccc glStartTilingQCOM + 2806988
5   libGLESv2.dylib                     0x000000010a0c0b70 glStartTilingQCOM + 2638704
6   libGLESv2.dylib                     0x000000010a0c0654 glStartTilingQCOM + 2637396
7   libGLESv2.dylib                     0x000000010a0c426c glStartTilingQCOM + 2652780
8   libGLESv2.dylib                     0x0000000109faea9c glStartTilingQCOM + 1516188
9   Electron Framework                  0x000000011418a4e8 rust_bmp$cxxbridge1$194$Reader$image_data_loaded + 320072
10  Electron Framework                  0x00000001141a2a60 rust_bmp$cxxbridge1$194$Reader$image_data_loaded + 419776
11  Electron Framework                  0x000000010e473194 _ZN4node19async_context_frame8exchangeEPN2v87IsolateENS1_5LocalINS1_5ValueEEE + 26820
12  Electron Framework                  0x000000010e472240 _ZN4node19async_context_frame8exchangeEPN2v87IsolateENS1_5LocalINS1_5ValueEEE + 22896
13  Electron Framework                  0x000000010e471f24 _ZN4node19async_context_frame8exchangeEPN2v87IsolateENS1_5LocalINS1_5ValueEEE + 22100
14  Electron Framework                  0x000000011029ad78 _ZNK2v88internal8compiler23CompilationDependencies31FieldTypeDependencyOffTheRecordENS1_6MapRefES3_NS0_13InternalIndexENS1_9ObjectRefE + 783760
15  Electron Framework                  0x0000000110206fbc _ZNK2v88internal8compiler23CompilationDependencies31FieldTypeDependencyOffTheRecordENS1_6MapRefES3_NS0_13InternalIndexENS1_9ObjectRefE + 178132
16  Electron Framework                  0x000000010e9f6ac8 _ZNK4node14PrincipalRealm25async_hooks_init_functionEv + 81964
17  Electron Framework                  0x000000010df17a34 _ZN2v815MicrotasksScopeC1ENS_5LocalINS_7ContextEEENS0_4TypeE + 6788
18  Electron Framework                  0x000000011024bc84 _ZNK2v88internal8compiler23CompilationDependencies31FieldTypeDependencyOffTheRecordENS1_6MapRefES3_NS0_13InternalIndexENS1_9ObjectRefE + 459932
19  Electron Framework                  0x000000010de75b00 _ZN2v86Number3NewEPNS_7IsolateEd + 19272
#### MTL_TEX MIP-NATIVE result attempt=2 tex=0x601a1be00 class=AGXG13GFamilyTexture
#### IOGPU-CALLBACK-BUFFER-CLEAN commandBuffer=0x6018f7a80 class=AGXG13GFamilyCommandBuffer submitSerial=134 fixed=11 target=0x0 start=0x80bcaa7aa48 end=0x80bcaa7fbcf
#### IOGPU-CALLBACK-BUFFER-CLEAN commandBuffer=0x6018f7a80 class=AGXG13GFamilyCommandBuffer submitSerial=135 fixed=12 target=0x0 start=0x80bcab9ad3f end=0x80bcaba0904
[91m[main 2026-07-29T21:48:50.627Z][0m [AgentHost:stderr] #### MACWS_HID_BYPASS installed SetMatchingMultiple → no-op (1) at 0x1ae38de8c — skips iOS-format CFBinaryPlist parse inside
####   IOHIDEventSystemClientCacheMatchingServices → IOHIDUnserializeAndVMDealloc → CFPropertyListCreateFromStream
####   that BUS_ADRALNs in the IOMFBServer thread.
#### MACWS_AGX_RENAMER_PATCH: off (set MACWS_AGX_RENAMER_PATCH=1 to enable)
#### MACWS_ASSERT_BYPASS DISABLED (set MACWS_KEEP_ASSERT_BYPASS=1 to restore lazy bypass) — real __assert_rtn now reaches abort
#### MACWS_AGX_NATIVE [ctor] pre-loaded IOGPU via /System/Library/PrivateFrameworks/IOGPU.framework/IOGPU -> 0x3fbf9cc10
#### XPC_BOOTSTRAP: fn=0x1aaf45140 dict=0x123816610 (registering Metal/ViewBridge/HIServices)

#### IOGPU-CALLBACK-BUFFER-CLEAN commandBuffer=0x6018f7a80 class=AGXG13GFamilyCommandBuffer submitSerial=136 fixed=11 target=0x0 start=0x80bcaf03ba7 end=0x80bcaf08da3
[91m[main 2026-07-29T21:48:50.636Z][0m [AgentHost:stderr] #### XPC_BOOTSTRAP: called OK

#### MTL_TEX MIP-NATIVE attempt=3 w=32 h=32 pf=70 mips=6 storage=0 usage=0x7
0   libmachook_arm64.dylib              0x00000001011bd1d8 -[MTLFakeDevice hooked_newTextureWithDescriptor:] + 1640
1   libGLESv2.dylib                     0x000000010a0d7714 glStartTilingQCOM + 2731796
2   libGLESv2.dylib                     0x000000010a0eab48 glStartTilingQCOM + 2810696
3   libGLESv2.dylib                     0x000000010a0e9e40 glStartTilingQCOM + 2807360
4   libGLESv2.dylib                     0x000000010a0e9ccc glStartTilingQCOM + 2806988
5   libGLESv2.dylib                     0x000000010a0c0b70 glStartTilingQCOM + 2638704
6   libGLESv2.dylib                     0x000000010a0c0654 glStartTilingQCOM + 2637396
7   libGLESv2.dylib                     0x000000010a0c426c glStartTilingQCOM + 2652780
8   libGLESv2.dylib                     0x0000000109faea9c glStartTilingQCOM + 1516188
9   Electron Framework                  0x000000011418a4e8 rust_bmp$cxxbridge1$194$Reader$image_data_loaded + 320072
10  Electron Framework                  0x00000001141a2a60 rust_bmp$cxxbridge1$194$Reader$image_data_loaded + 419776
11  Electron Framework                  0x000000010e473194 _ZN4node19async_context_frame8exchangeEPN2v87IsolateENS1_5LocalINS1_5ValueEEE + 26820
12  Electron Framework                  0x000000010e472240 _ZN4node19async_context_frame8exchangeEPN2v87IsolateENS1_5LocalINS1_5ValueEEE + 22896
13  Electron Framework                  0x000000010e471f24 _ZN4node19async_context_frame8exchangeEPN2v87IsolateENS1_5LocalINS1_5ValueEEE + 22100
14  Electron Framework                  0x000000011029ad78 _ZNK2v88internal8compiler23CompilationDependencies31FieldTypeDependencyOffTheRecordENS1_6MapRefES3_NS0_13InternalIndexENS1_9ObjectRefE + 783760
[91m[main 2026-07-29T21:48:50.638Z][0m [AgentHost:stderr] #### COEXIST API SwapEnd hook installed target=0x1b5e231cc trampoline=0x100580000

15  Electron Framework                  0x0000000110206fbc _ZNK2v88internal8compiler23CompilationDependencies31FieldTypeDependencyOffTheRecordENS1_6MapRefES3_NS0_13InternalIndexENS1_9ObjectRefE + 178132
16  Electron Framework                  0x000000010e9f6ac8 _ZNK4node14PrincipalRealm25async_hooks_init_functionEv + 81964
17  Electron Framework                  0x000000010df17a34 _ZN2v815MicrotasksScopeC1ENS_5LocalINS_7ContextEEENS0_4TypeE + 6788
18  Electron Framework                  0x000000011024bc84 _ZNK2v88internal8compiler23CompilationDependencies31FieldTypeDependencyOffTheRecordENS1_6MapRefES3_NS0_13InternalIndexENS1_9ObjectRefE + 459932
19  Electron Framework                  0x000000010de75b00 _ZN2v86Number3NewEPNS_7IsolateEd + 19272
#### AGXIOC subres parent 0x20000 -> resourceID 0x210, base=0x11f7bc700 span=0x20000
#### MTL_TEX MIP-NATIVE result attempt=3 tex=0x6009b9380 class=AGXG13GFamilyTexture
#### MTL_TEX MIP-NATIVE attempt=4 w=128 h=32 pf=70 mips=8 storage=0 usage=0x7
0   libmachook_arm64.dylib              0x00000001011bd1d8 -[MTLFakeDevice hooked_newTextureWithDescriptor:] + 1640
1   libGLESv2.dylib                     0x000000010a0d7714 glStartTilingQCOM + 2731796
2   libGLESv2.dylib                     0x000000010a0eab48 glStartTilingQCOM + 2810696
3   libGLESv2.dylib                     0x000000010a0e9e40 glStartTilingQCOM + 2807360
4   libGLESv2.dylib                     0x000000010a0e9ccc glStartTilingQCOM + 2806988
5   libGLESv2.dylib                     0x000000010a0c0b70 glStartTilingQCOM + 2638704
6   libGLESv2.dylib                     0x000000010a0c0654 glStartTilingQCOM + 2637396
7   libGLESv2.dylib                     0x000000010a0c426c glStartTilingQCOM + 2652780
8   libGLESv2.dylib                     0x0000000109faea9c glStartTilingQCOM + 1516188
9   Electron Framework                  0x000000011418a4e8 rust_bmp$cxxbridge1$194$Reader$image_data_loaded + 320072
10  Electron Framework                  0x00000001141a2a60 rust_bmp$cxxbridge1$194$Reader$image_data_loaded + 419776
11  Electron Framework                  0x000000010e473194 _ZN4node19async_context_frame8exchangeEPN2v87IsolateENS1_5LocalINS1_5ValueEEE + 26820
12  Electron Framework                  0x000000010e472240 _ZN4node19async_context_frame8exchangeEPN2v87IsolateENS1_5LocalINS1_5ValueEEE + 22896
13  Electron Framework                  0x000000010e471f24 _ZN4node19async_context_frame8exchangeEPN2v87IsolateENS1_5LocalINS1_5ValueEEE + 22100
14  Electron Framework                  0x000000011029ad78 _ZNK2v88internal8compiler23CompilationDependencies31FieldTypeDependencyOffTheRecordENS1_6MapRefES3_NS0_13InternalIndexENS1_9ObjectRefE + 783760
15  Electron Framework                  0x0000000110206fbc _ZNK2v88internal8compiler23CompilationDependencies31FieldTypeDependencyOffTheRecordENS1_6MapRefES3_NS0_13InternalIndexENS1_9ObjectRefE + 178132
16  Electron Framework                  0x000000010e9f6ac8 _ZNK4node14PrincipalRealm25async_hooks_init_functionEv + 81964
17  Electron Framework                  0x000000010df17a34 _ZN2v815MicrotasksScopeC1ENS_5LocalINS_7ContextEEENS0_4TypeE + 6788
18  Electron Framework                  0x000000011024bc84 _ZNK2v88internal8compiler23CompilationDependencies31FieldTypeDependencyOffTheRecordENS1_6MapRefES3_NS0_13InternalIndexENS1_9ObjectRefE + 459932
19  Electron Framework                  0x000000010de75b00 _ZN2v86Number3NewEPNS_7IsolateEd + 19272
#### MTL_TEX MIP-NATIVE result attempt=4 tex=0x601a1cd00 class=AGXG13GFamilyTexture
#### MTL_TEX MIP-NATIVE attempt=5 w=128 h=32 pf=70 mips=8 storage=0 usage=0x7
0   libmachook_arm64.dylib              0x00000001011bd1d8 -[MTLFakeDevice hooked_newTextureWithDescriptor:] + 1640
1   libGLESv2.dylib                     0x000000010a0d7714 glStartTilingQCOM + 2731796
2   libGLESv2.dylib                     0x000000010a0eab48 glStartTilingQCOM + 2810696
3   libGLESv2.dylib                     0x000000010a0e9e40 glStartTilingQCOM + 2807360
4   libGLESv2.dylib                     0x000000010a0e9ccc glStartTilingQCOM + 2806988
5   libGLESv2.dylib                     0x000000010a0c0b70 glStartTilingQCOM + 2638704
6   libGLESv2.dylib                     0x000000010a0c0654 glStartTilingQCOM + 2637396
7   libGLESv2.dylib                     0x000000010a0c426c glStartTilingQCOM + 2652780
8   libGLESv2.dylib                     0x0000000109faea9c glStartTilingQCOM + 1516188
9   Electron Framework                  0x000000011418a4e8 rust_bmp$cxxbridge1$194$Reader$image_data_loaded + 320072
10  Electron Framework                  0x00000001141a2a60 rust_bmp$cxxbridge1$194$Reader$image_data_loaded + 419776
11  Electron Framework                  0x000000010e473194 _ZN4node19async_context_frame8exchangeEPN2v87IsolateENS1_5LocalINS1_5ValueEEE + 26820
12  Electron Framework                  0x000000010e472240 _ZN4node19async_context_frame8exchangeEPN2v87IsolateENS1_5LocalINS1_5ValueEEE + 22896
13  Electron Framework                  0x000000010e471f24 _ZN4node19async_context_frame8exchangeEPN2v87IsolateENS1_5LocalINS1_5ValueEEE + 22100
14  Electron Framework                  0x000000011029ad78 _ZNK2v88internal8compiler23CompilationDependencies31FieldTypeDependencyOffTheRecordENS1_6MapRefES3_NS0_13InternalIndexENS1_9ObjectRefE + 783760
15  Electron Framework                  0x0000000110206fbc _ZNK2v88internal8compiler23CompilationDependencies31FieldTypeDependencyOffTheRecordENS1_6MapRefES3_NS0_13InternalIndexENS1_9ObjectRefE + 178132
16  Electron Framework                  0x000000010e9f6ac8 _ZNK4node14PrincipalRealm25async_hooks_init_functionEv + 81964
17  Electron Framework                  0x000000010df17a34 _ZN2v815MicrotasksScopeC1ENS_5LocalINS_7ContextEEENS0_4TypeE + 6788
18  Electron Framework                  0x000000011024bc84 _ZNK2v88internal8compiler23CompilationDependencies31FieldTypeDependencyOffTheRecordENS1_6MapRefES3_NS0_13InternalIndexENS1_9ObjectRefE + 459932
19  Electron Framework                  0x000000010de75b00 _ZN2v86Number3NewEPNS_7IsolateEd + 19272
#### MTL_TEX MIP-NATIVE result attempt=5 tex=0x601a1dc00 class=AGXG13GFamilyTexture
#### MTL_TEX MIP-NATIVE attempt=6 w=128 h=32 pf=70 mips=8 storage=0 usage=0x7
0   libmachook_arm64.dylib              0x00000001011bd1d8 -[MTLFakeDevice hooked_newTextureWithDescriptor:] + 1640
1   libGLESv2.dylib                     0x000000010a0d7714 glStartTilingQCOM + 2731796
2   libGLESv2.dylib                     0x000000010a0eab48 glStartTilingQCOM + 2810696
3   libGLESv2.dylib                     0x000000010a0e9e40 glStartTilingQCOM + 2807360
4   libGLESv2.dylib                     0x000000010a0e9ccc glStartTilingQCOM + 2806988
5   libGLESv2.dylib                     0x000000010a0c0b70 glStartTilingQCOM + 2638704
6   libGLESv2.dylib                     0x000000010a0c0654 glStartTilingQCOM + 2637396
7   libGLESv2.dylib                     0x000000010a0c426c glStartTilingQCOM + 2652780
8   libGLESv2.dylib                     0x0000000109faea9c glStartTilingQCOM + 1516188
9   Electron Framework                  0x000000011418a4e8 rust_bmp$cxxbridge1$194$Reader$image_data_loaded + 320072
10  Electron Framework                  0x00000001141a2a60 rust_bmp$cxxbridge1$194$Reader$image_data_loaded + 419776
11  Electron Framework                  0x000000010e473194 _ZN4node19async_context_frame8exchangeEPN2v87IsolateENS1_5LocalINS1_5ValueEEE + 26820
12  Electron Framework                  0x000000010e472240 _ZN4node19async_context_frame8exchangeEPN2v87IsolateENS1_5LocalINS1_5ValueEEE + 22896
13  Electron Framework                  0x000000010e471f24 _ZN4node19async_context_frame8exchangeEPN2v87IsolateENS1_5LocalINS1_5ValueEEE + 22100
14  Electron Framework                  0x000000011029ad78 _ZNK2v88internal8compiler23CompilationDependencies31FieldTypeDependencyOffTheRecordENS1_6MapRefES3_NS0_13InternalIndexENS1_9ObjectRefE + 783760
15  Electron Framework                  0x0000000110206fbc _ZNK2v88internal8compiler23CompilationDependencies31FieldTypeDependencyOffTheRecordENS1_6MapRefES3_NS0_13InternalIndexENS1_9ObjectRefE + 178132
16  Electron Framework                  0x000000010e9f6ac8 _ZNK4node14PrincipalRealm25async_hooks_init_functionEv + 81964
17  Electron Framework                  0x000000010df17a34 _ZN2v815MicrotasksScopeC1ENS_5LocalINS_7ContextEEENS0_4TypeE + 6788
18  Electron Framework                  0x000000011024bc84 _ZNK2v88internal8compiler23CompilationDependencies31FieldTypeDependencyOffTheRecordENS1_6MapRefES3_NS0_13InternalIndexENS1_9ObjectRefE + 459932
19  Electron Framework                  0x000000010de75b00 _ZN2v86Number3NewEPNS_7IsolateEd + 19272
#### MTL_TEX MIP-NATIVE result attempt=6 tex=0x601a1e600 class=AGXG13GFamilyTexture
#### MTL_TEX MIP-NATIVE attempt=7 w=512 h=512 pf=70 mips=10 storage=0 usage=0x7
0   libmachook_arm64.dylib              0x00000001011bd1d8 -[MTLFakeDevice hooked_newTextureWithDescriptor:] + 1640
1   libGLESv2.dylib                     0x000000010a0d7714 glStartTilingQCOM + 2731796
2   libGLESv2.dylib                     0x000000010a0eab48 glStartTilingQCOM + 2810696
3   libGLESv2.dylib                     0x000000010a0e9e40 glStartTilingQCOM + 2807360
4   libGLESv2.dylib                     0x000000010a0e9ccc glStartTilingQCOM + 2806988
5   libGLESv2.dylib                     0x000000010a0c0b70 glStartTilingQCOM + 2638704
6   libGLESv2.dylib                     0x000000010a0c0654 glStartTilingQCOM + 2637396
7   libGLESv2.dylib                     0x000000010a0c426c glStartTilingQCOM + 2652780
8   libGLESv2.dylib                     0x0000000109faea9c glStartTilingQCOM + 1516188
9   Electron Framework                  0x000000011418a4e8 rust_bmp$cxxbridge1$194$Reader$image_data_loaded + 320072
10  Electron Framework                  0x00000001141a2a60 rust_bmp$cxxbridge1$194$Reader$image_data_loaded + 419776
11  Electron Framework                  0x000000010e473194 _ZN4node19async_context_frame8exchangeEPN2v87IsolateENS1_5LocalINS1_5ValueEEE + 26820
12  Electron Framework                  0x000000010e472240 _ZN4node19async_context_frame8exchangeEPN2v87IsolateENS1_5LocalINS1_5ValueEEE + 22896
13  Electron Framework                  0x000000010e471f24 _ZN4node19async_context_frame8exchangeEPN2v87IsolateENS1_5LocalINS1_5ValueEEE + 22100
14  Electron Framework                  0x000000011029ad78 _ZNK2v88internal8compiler23CompilationDependencies31FieldTypeDependencyOffTheRecordENS1_6MapRefES3_NS0_13InternalIndexENS1_9ObjectRefE + 783760
15  Electron Framework                  0x0000000110206fbc _ZNK2v88internal8compiler23CompilationDependencies31FieldTypeDependencyOffTheRecordENS1_6MapRefES3_NS0_13InternalIndexENS1_9ObjectRefE + 178132
16  Electron Framework                  0x000000010e9f6ac8 _ZNK4node14PrincipalRealm25async_hooks_init_functionEv + 81964
17  Electron Framework                  0x000000010df17a34 _ZN2v815MicrotasksScopeC1ENS_5LocalINS_7ContextEEENS0_4TypeE + 6788
18  Electron Framework                  0x000000011024bc84 _ZNK2v88internal8compiler23CompilationDependencies31FieldTypeDependencyOffTheRecordENS1_6MapRefES3_NS0_13InternalIndexENS1_9ObjectRefE + 459932
19  Electron Framework                  0x000000010de75b00 _ZN2v86Number3NewEPNS_7IsolateEd + 19272
#### MTL_TEX MIP-NATIVE result attempt=7 tex=0x601a1f000 class=AGXG13GFamilyTexture
#### MTL_TEX MIP-NATIVE attempt=8 w=512 h=512 pf=70 mips=10 storage=0 usage=0x7
0   libmachook_arm64.dylib              0x00000001011bd1d8 -[MTLFakeDevice hooked_newTextureWithDescriptor:] + 1640
1   libGLESv2.dylib                     0x000000010a0d7714 glStartTilingQCOM + 2731796
2   libGLESv2.dylib                     0x000000010a0eab48 glStartTilingQCOM + 2810696
3   libGLESv2.dylib                     0x000000010a0e9e40 glStartTilingQCOM + 2807360
4   libGLESv2.dylib                     0x000000010a0e9ccc glStartTilingQCOM + 2806988
5   libGLESv2.dylib                     0x000000010a0c0b70 glStartTilingQCOM + 2638704
6   libGLESv2.dylib                     0x000000010a0c0654 glStartTilingQCOM + 2637396
7   libGLESv2.dylib                     0x000000010a0c426c glStartTilingQCOM + 2652780
8   libGLESv2.dylib                     0x0000000109faea9c glStartTilingQCOM + 1516188
9   Electron Framework                  0x000000011418a4e8 rust_bmp$cxxbridge1$194$Reader$image_data_loaded + 320072
10  Electron Framework                  0x00000001141a2a60 rust_bmp$cxxbridge1$194$Reader$image_data_loaded + 419776
11  Electron Framework                  0x000000010e473194 _ZN4node19async_context_frame8exchangeEPN2v87IsolateENS1_5LocalINS1_5ValueEEE + 26820
12  Electron Framework                  0x000000010e472240 _ZN4node19async_context_frame8exchangeEPN2v87IsolateENS1_5LocalINS1_5ValueEEE + 22896
13  Electron Framework                  0x000000010e471f24 _ZN4node19async_context_frame8exchangeEPN2v87IsolateENS1_5LocalINS1_5ValueEEE + 22100
14  Electron Framework                  0x000000011029ad78 _ZNK2v88internal8compiler23CompilationDependencies31FieldTypeDependencyOffTheRecordENS1_6MapRefES3_NS0_13InternalIndexENS1_9ObjectRefE + 783760
15  Electron Framework                  0x0000000110206fbc _ZNK2v88internal8compiler23CompilationDependencies31FieldTypeDependencyOffTheRecordENS1_6MapRefES3_NS0_13InternalIndexENS1_9ObjectRefE + 178132
16  Electron Framework                  0x000000010e9f6ac8 _ZNK4node14PrincipalRealm25async_hooks_init_functionEv + 81964
17  Electron Framework                  0x000000010df17a34 _ZN2v815MicrotasksScopeC1ENS_5LocalINS_7ContextEEENS0_4TypeE + 6788
18  Electron Framework                  0x000000011024bc84 _ZNK2v88internal8compiler23CompilationDependencies31FieldTypeDependencyOffTheRecordENS1_6MapRefES3_NS0_13InternalIndexENS1_9ObjectRefE + 459932
19  Electron Framework                  0x000000010de75b00 _ZN2v86Number3NewEPNS_7IsolateEd + 19272
#### MTL_TEX MIP-NATIVE result attempt=8 tex=0x601a1fa00 class=AGXG13GFamilyTexture
#### MTL_TEX MIP-NATIVE attempt=9 w=512 h=512 pf=70 mips=10 storage=0 usage=0x7
0   libmachook_arm64.dylib              0x00000001011bd1d8 -[MTLFakeDevice hooked_newTextureWithDescriptor:] + 1640
1   libGLESv2.dylib                     0x000000010a0d7714 glStartTilingQCOM + 2731796
2   libGLESv2.dylib                     0x000000010a0eab48 glStartTilingQCOM + 2810696
3   libGLESv2.dylib                     0x000000010a0e9e40 glStartTilingQCOM + 2807360
4   libGLESv2.dylib                     0x000000010a0e9ccc glStartTilingQCOM + 2806988
5   libGLESv2.dylib                     0x000000010a0c0b70 glStartTilingQCOM + 2638704
6   libGLESv2.dylib                     0x000000010a0c0654 glStartTilingQCOM + 2637396
7   libGLESv2.dylib                     0x000000010a0c426c glStartTilingQCOM + 2652780
8   libGLESv2.dylib                     0x0000000109faea9c glStartTilingQCOM + 1516188
9   Electron Framework                  0x000000011418a4e8 rust_bmp$cxxbridge1$194$Reader$image_data_loaded + 320072
10  Electron Framework                  0x00000001141a2a60 rust_bmp$cxxbridge1$194$Reader$image_data_loaded + 419776
11  Electron Framework                  0x000000010e473194 _ZN4node19async_context_frame8exchangeEPN2v87IsolateENS1_5LocalINS1_5ValueEEE + 26820
12  Electron Framework                  0x000000010e472240 _ZN4node19async_context_frame8exchangeEPN2v87IsolateENS1_5LocalINS1_5ValueEEE + 22896
13  Electron Framework                  0x000000010e471f24 _ZN4node19async_context_frame8exchangeEPN2v87IsolateENS1_5LocalINS1_5ValueEEE + 22100
14  Electron Framework                  0x000000011029ad78 _ZNK2v88internal8compiler23CompilationDependencies31FieldTypeDependencyOffTheRecordENS1_6MapRefES3_NS0_13InternalIndexENS1_9ObjectRefE + 783760
15  Electron Framework                  0x0000000110206fbc _ZNK2v88internal8compiler23CompilationDependencies31FieldTypeDependencyOffTheRecordENS1_6MapRefES3_NS0_13InternalIndexENS1_9ObjectRefE + 178132
16  Electron Framework                  0x000000010e9f6ac8 _ZNK4node14PrincipalRealm25async_hooks_init_functionEv + 81964
17  Electron Framework                  0x000000010df17a34 _ZN2v815MicrotasksScopeC1ENS_5LocalINS_7ContextEEENS0_4TypeE + 6788
18  Electron Framework                  0x000000011024bc84 _ZNK2v88internal8compiler23CompilationDependencies31FieldTypeDependencyOffTheRecordENS1_6MapRefES3_NS0_13InternalIndexENS1_9ObjectRefE + 459932
19  Electron Framework                  0x000000010de75b00 _ZN2v86Number3NewEPNS_7IsolateEd + 19272
#### MTL_TEX MIP-NATIVE result attempt=9 tex=0x601a90500 class=AGXG13GFamilyTexture
#### MTL_TEX MIP-NATIVE attempt=10 w=512 h=512 pf=70 mips=10 storage=0 usage=0x7
0   libmachook_arm64.dylib              0x00000001011bd1d8 -[MTLFakeDevice hooked_newTextureWithDescriptor:] + 1640
1   libGLESv2.dylib                     0x000000010a0d7714 glStartTilingQCOM + 2731796
2   libGLESv2.dylib                     0x000000010a0eab48 glStartTilingQCOM + 2810696
3   libGLESv2.dylib                     0x000000010a0e9e40 glStartTilingQCOM + 2807360
4   libGLESv2.dylib                     0x000000010a0e9ccc glStartTilingQCOM + 2806988
5   libGLESv2.dylib                     0x000000010a0c0b70 glStartTilingQCOM + 2638704
6   libGLESv2.dylib                     0x000000010a0c0654 glStartTilingQCOM + 2637396
7   libGLESv2.dylib                     0x000000010a0c426c glStartTilingQCOM + 2652780
8   libGLESv2.dylib                     0x0000000109faea9c glStartTilingQCOM + 1516188
9   Electron Framework                  0x000000011418a4e8 rust_bmp$cxxbridge1$194$Reader$image_data_loaded + 320072
10  Electron Framework                  0x00000001141a2a60 rust_bmp$cxxbridge1$194$Reader$image_data_loaded + 419776
11  Electron Framework                  0x000000010e473194 _ZN4node19async_context_frame8exchangeEPN2v87IsolateENS1_5LocalINS1_5ValueEEE + 26820
12  Electron Framework                  0x000000010e472240 _ZN4node19async_context_frame8exchangeEPN2v87IsolateENS1_5LocalINS1_5ValueEEE + 22896
13  Electron Framework                  0x000000010e471f24 _ZN4node19async_context_frame8exchangeEPN2v87IsolateENS1_5LocalINS1_5ValueEEE + 22100
14  Electron Framework                  0x000000011029ad78 _ZNK2v88internal8compiler23CompilationDependencies31FieldTypeDependencyOffTheRecordENS1_6MapRefES3_NS0_13InternalIndexENS1_9ObjectRefE + 783760
15  Electron Framework                  0x0000000110206fbc _ZNK2v88internal8compiler23CompilationDependencies31FieldTypeDependencyOffTheRecordENS1_6MapRefES3_NS0_13InternalIndexENS1_9ObjectRefE + 178132
16  Electron Framework                  0x000000010e9f6ac8 _ZNK4node14PrincipalRealm25async_hooks_init_functionEv + 81964
17  Electron Framework                  0x000000010df17a34 _ZN2v815MicrotasksScopeC1ENS_5LocalINS_7ContextEEENS0_4TypeE + 6788
18  Electron Framework                  0x000000011024bc84 _ZNK2v88internal8compiler23CompilationDependencies31FieldTypeDependencyOffTheRecordENS1_6MapRefES3_NS0_13InternalIndexENS1_9ObjectRefE + 459932
19  Electron Framework                  0x000000010de75b00 _ZN2v86Number3NewEPNS_7IsolateEd + 19272
#### MTL_TEX MIP-NATIVE result attempt=10 tex=0x601a90f00 class=AGXG13GFamilyTexture
#### MTL_TEX MIP-NATIVE attempt=11 w=512 h=512 pf=70 mips=10 storage=0 usage=0x7
0   libmachook_arm64.dylib              0x00000001011bd1d8 -[MTLFakeDevice hooked_newTextureWithDescriptor:] + 1640
1   libGLESv2.dylib                     0x000000010a0d7714 glStartTilingQCOM + 2731796
2   libGLESv2.dylib                     0x000000010a0eab48 glStartTilingQCOM + 2810696
3   libGLESv2.dylib                     0x000000010a0e9e40 glStartTilingQCOM + 2807360
4   libGLESv2.dylib                     0x000000010a0e9ccc glStartTilingQCOM + 2806988
5   libGLESv2.dylib                     0x000000010a0c0b70 glStartTilingQCOM + 2638704
6   libGLESv2.dylib                     0x000000010a0c0654 glStartTilingQCOM + 2637396
7   libGLESv2.dylib                     0x000000010a0c426c glStartTilingQCOM + 2652780
8   libGLESv2.dylib                     0x0000000109faea9c glStartTilingQCOM + 1516188
9   Electron Framework                  0x000000011418a4e8 rust_bmp$cxxbridge1$194$Reader$image_data_loaded + 320072
10  Electron Framework                  0x00000001141a2a60 rust_bmp$cxxbridge1$194$Reader$image_data_loaded + 419776
11  Electron Framework                  0x000000010e473194 _ZN4node19async_context_frame8exchangeEPN2v87IsolateENS1_5LocalINS1_5ValueEEE + 26820
12  Electron Framework                  0x000000010e472240 _ZN4node19async_context_frame8exchangeEPN2v87IsolateENS1_5LocalINS1_5ValueEEE + 22896
13  Electron Framework                  0x000000010e471f24 _ZN4node19async_context_frame8exchangeEPN2v87IsolateENS1_5LocalINS1_5ValueEEE + 22100
14  Electron Framework                  0x000000011029ad78 _ZNK2v88internal8compiler23CompilationDependencies31FieldTypeDependencyOffTheRecordENS1_6MapRefES3_NS0_13InternalIndexENS1_9ObjectRefE + 783760
15  Electron Framework                  0x0000000110206fbc _ZNK2v88internal8compiler23CompilationDependencies31FieldTypeDependencyOffTheRecordENS1_6MapRefES3_NS0_13InternalIndexENS1_9ObjectRefE + 178132
16  Electron Framework                  0x000000010e9f6ac8 _ZNK4node14PrincipalRealm25async_hooks_init_functionEv + 81964
17  Electron Framework                  0x000000010df17a34 _ZN2v815MicrotasksScopeC1ENS_5LocalINS_7ContextEEENS0_4TypeE + 6788
18  Electron Framework                  0x000000011024bc84 _ZNK2v88internal8compiler23CompilationDependencies31FieldTypeDependencyOffTheRecordENS1_6MapRefES3_NS0_13InternalIndexENS1_9ObjectRefE + 459932
19  Electron Framework                  0x000000010de75b00 _ZN2v86Number3NewEPNS_7IsolateEd + 19272
#### MTL_TEX MIP-NATIVE result attempt=11 tex=0x601a91900 class=AGXG13GFamilyTexture
#### MTL_TEX MIP-NATIVE attempt=12 w=512 h=512 pf=70 mips=10 storage=0 usage=0x7
0   libmachook_arm64.dylib              0x00000001011bd1d8 -[MTLFakeDevice hooked_newTextureWithDescriptor:] + 1640
1   libGLESv2.dylib                     0x000000010a0d7714 glStartTilingQCOM + 2731796
2   libGLESv2.dylib                     0x000000010a0eab48 glStartTilingQCOM + 2810696
3   libGLESv2.dylib                     0x000000010a0e9e40 glStartTilingQCOM + 2807360
4   libGLESv2.dylib                     0x000000010a0e9ccc glStartTilingQCOM + 2806988
5   libGLESv2.dylib                     0x000000010a0c0b70 glStartTilingQCOM + 2638704
6   libGLESv2.dylib                     0x000000010a0c0654 glStartTilingQCOM + 2637396
7   libGLESv2.dylib                     0x000000010a0c426c glStartTilingQCOM + 2652780
8   libGLESv2.dylib                     0x0000000109faea9c glStartTilingQCOM + 1516188
9   Electron Framework                  0x000000011418a4e8 rust_bmp$cxxbridge1$194$Reader$image_data_loaded + 320072
10  Electron Framework                  0x00000001141a2a60 rust_bmp$cxxbridge1$194$Reader$image_data_loaded + 419776
11  Electron Framework                  0x000000010e473194 _ZN4node19async_context_frame8exchangeEPN2v87IsolateENS1_5LocalINS1_5ValueEEE + 26820
12  Electron Framework                  0x000000010e472240 _ZN4node19async_context_frame8exchangeEPN2v87IsolateENS1_5LocalINS1_5ValueEEE + 22896
13  Electron Framework                  0x000000010e471f24 _ZN4node19async_context_frame8exchangeEPN2v87IsolateENS1_5LocalINS1_5ValueEEE + 22100
14  Electron Framework                  0x000000011029ad78 _ZNK2v88internal8compiler23CompilationDependencies31FieldTypeDependencyOffTheRecordENS1_6MapRefES3_NS0_13InternalIndexENS1_9ObjectRefE + 783760
15  Electron Framework                  0x0000000110206fbc _ZNK2v88internal8compiler23CompilationDependencies31FieldTypeDependencyOffTheRecordENS1_6MapRefES3_NS0_13InternalIndexENS1_9ObjectRefE + 178132
16  Electron Framework                  0x000000010e9f6ac8 _ZNK4node14PrincipalRealm25async_hooks_init_functionEv + 81964
17  Electron Framework                  0x000000010df17a34 _ZN2v815MicrotasksScopeC1ENS_5LocalINS_7ContextEEENS0_4TypeE + 6788
18  Electron Framework                  0x000000011024bc84 _ZNK2v88internal8compiler23CompilationDependencies31FieldTypeDependencyOffTheRecordENS1_6MapRefES3_NS0_13InternalIndexENS1_9ObjectRefE + 459932
19  Electron Framework                  0x000000010de75b00 _ZN2v86Number3NewEPNS_7IsolateEd + 19272
#### MTL_TEX MIP-NATIVE result attempt=12 tex=0x601a92300 class=AGXG13GFamilyTexture
#### MTL_TEX MIP-NATIVE result attempt=13 tex=0x601a92d00 class=AGXG13GFamilyTexture
[91m[main 2026-07-29T21:48:50.663Z][0m [AgentHost:stderr] #### SkyLight PrepareForUse tolerate-nil hook installed at 0x1b0204fc4

[91m[main 2026-07-29T21:48:50.665Z][0m [AgentHost:stderr] #### SkyLight StartCompositeForDisplayStream nil-skip hook installed at 0x1b002dd74

[91m[main 2026-07-29T21:48:50.666Z][0m [AgentHost:stderr] #### SkyLight StartComposite(WSCD) tolerate-nil + pop-on-bail hook installed at 0x1b002d358

[91m[main 2026-07-29T21:48:50.667Z][0m [AgentHost:stderr] #### SkyLight StartComposite(MTLTex) pop-on-bail hook installed at 0x1b002dfb8

[91m[main 2026-07-29T21:48:50.668Z][0m [AgentHost:stderr] #### SkyLight EndCurrentComposite(bool) completion hook installed at 0x1b002c53c

[91m[main 2026-07-29T21:48:50.670Z][0m [AgentHost:stderr] #### SkyLight EndUpdate(bool) submission hook installed at 0x1b002c0b0

[91m[main 2026-07-29T21:48:50.670Z][0m [AgentHost:stderr] #### SkyLight _state_stack pop_back resolved at 0x1b002afa0

#### MTL_TEX MIP-NATIVE result attempt=14 tex=0x601a93700 class=AGXG13GFamilyTexture
[91m[main 2026-07-29T21:48:50.699Z][0m [AgentHost:stderr] #### SkyLight WSCompositeDestinationCreateWithMetalTexture nil-tolerate hook installed at 0x1b003053c

[91m[main 2026-07-29T21:48:50.701Z][0m [AgentHost:stderr] #### SkyLight MetalContext::StopCapture invalid-this guard installed at 0x1b002c1bc

[91m[main 2026-07-29T21:48:50.703Z][0m [AgentHost:stderr] #### MACWS_AGX_NATIVE class_addMethod(MTLTextureDescriptor, validateWithDevice:) = 1

[91m[main 2026-07-29T21:48:50.704Z][0m [AgentHost:stderr] #### MACWS_AGX_NATIVE class_addMethod(IOGPUMetalTexture, isMemoryless) = 1

[91m[main 2026-07-29T21:48:50.704Z][0m [AgentHost:stderr] #### MACWS_AGX_NATIVE class_addMethod(IOGPUMetalTexture, getCPUSizeBytes) = 1

[91m[main 2026-07-29T21:48:50.704Z][0m [AgentHost:stderr] #### MACWS_AGX_NATIVE class_addMethod(IOGPUMetalTexture, getAlignment) = 1

[91m[main 2026-07-29T21:48:50.704Z][0m [AgentHost:stderr] #### MACWS_AGX_NATIVE class_addMethod(IOGPUMetalTexture, descriptorPrivate) = 1

[91m[main 2026-07-29T21:48:50.705Z][0m [AgentHost:stderr] #### MACWS_AGX_NATIVE class_addMethod(IOGPUMetalTexture, getBytesPerRow) = 1

[91m[main 2026-07-29T21:48:50.705Z][0m [AgentHost:stderr] #### MACWS_AGX_NATIVE class_addMethod(IOGPUMetalTexture, updateBindDataWithAddresses:gpuVirtualAddress:) = 1
#### MACWS_AGX_NATIVE class_addMethod(IOGPUMetalTexture, updateBindDataWithAddresses:gpuVirtualAddress:shouldInitMetadata:) = 1
#### MACWS_AGX_NATIVE class_addMethod(IOGPUMetalTexture, allocBufferSubDataWithLength:options:alignment:heapIndex:bufferIndex:bufferOffset:) = 1
#### MACWS_AGX_NATIVE class_addMethod(IOGPUMetalTexture, initNewTextureData:) = 1
#### MACWS_AGX_NATIVE class_addMethod(MTLTextureDescriptor, isMemoryless) = 1
#### MACWS_AGX_NATIVE class_addMethod(MTLTextureDescriptor, protectionOptions) = 1
#### MACWS_AGX_NATIVE class_addMethod(MTLTextureDescriptor, getCPUSizeBytes) = 1
#### MACWS_AGX_NATIVE class_addMethod(MTLTextureDescriptor, getAlignment) = 1
#### MACWS_AGX_NATIVE class_addMethod(MTLTextureDescriptor, descriptorPrivate) = 1
#### MACWS_AGX_NATIVE class_addMethod(MTLTextureDescriptor, getBytesPerRow) = 1
#### MACWS_AGX_NATIVE class_addMethod(MTLTextureDescriptor, updateBindDataWithAddresses:gpuVirtualAddress:) = 1
#### MACWS_AGX_NATIVE class_addMethod(MTLTextureDescriptor, updateBindDataWithAddresses:gpuVirtualAddress:shouldInitMetadata:) = 1
#### MACWS_AGX_NATIVE class_addMethod(MTLTextureDescriptor, allocBufferSubDataWithLength:options:alignment:heapIndex:bufferIndex:bufferOffset:) = 1
#### MACWS_AGX_NATIVE class_addMethod(MTLTextureDescriptor, initNewTextureData:) = 1

#### IOGPU-CALLBACK-BUFFER-CLEAN commandBuffer=0x601a41880 class=AGXG13GFamilyCommandBuffer submitSerial=137 fixed=36 target=0x0 start=0x80bcb1d75dd end=0x80bcb1e94d8
#### IOGPU-CALLBACK-BUFFER-CLEAN commandBuffer=0x6018f7a80 class=AGXG13GFamilyCommandBuffer submitSerial=138 fixed=11 target=0x0 start=0x80bcb1f90f2 end=0x80bcb1fde81
#### AGXIOC heap map #500 clientID 0x4000 -> resourceID 0x197 size 0x214
#### IOGPU-CALLBACK-BUFFER-CLEAN commandBuffer=0x601a41500 class=AGXG13GFamilyCommandBuffer submitSerial=139 fixed=14 target=0x0 start=0x80bcb2fa94f end=0x80bcb300d56
#### MTL_TEX MIP-NATIVE result attempt=15 tex=0x601a94100 class=AGXG13GFamilyTexture
#### MTL_TEX LEASE-HIT #2 key=512x512-pf70-bpe4-fcc1380401729 entry=0x601a802a0 surf=0x600a9ec80 tex=0x601a1ed80 retain=1 baseline=1 shapeEntries=9 pool=20MB
#### MTL_TEX MIP-NATIVE result attempt=16 tex=0x6017dd700 class=AGXG13GFamilyTexture
#### MTL_TEX LEASE-HIT #3 key=512x512-pf70-bpe4-fcc1380401729 entry=0x600c209f0 surf=0x600a9e880 tex=0x601a1f780 retain=1 baseline=1 shapeEntries=9 pool=20MB
#### MTL_TEX MIP-NATIVE result attempt=17 tex=0x601a94600 class=AGXG13GFamilyTexture
#### MTL_TEX LEASE-HIT #4 key=512x512-pf70-bpe4-fcc1380401729 entry=0x601643ea0 surf=0x600a96700 tex=0x601a90280 retain=1 baseline=1 shapeEntries=9 pool=20MB
#### MTL_TEX MIP-NATIVE result attempt=18 tex=0x601a96e00 class=AGXG13GFamilyTexture
#### MTL_TEX LEASE-HIT #5 key=512x512-pf70-bpe4-fcc1380401729 entry=0x601a800c0 surf=0x600a9e0a0 tex=0x601a90c80 retain=1 baseline=1 shapeEntries=9 pool=20MB
#### MTL_TEX MIP-NATIVE result attempt=19 tex=0x601a97300 class=AGXG13GFamilyTexture
#### MTL_TEX LEASE-HIT #6 key=512x512-pf70-bpe4-fcc1380401729 entry=0x600c20cf0 surf=0x600a9c080 tex=0x601a91680 retain=1 baseline=1 shapeEntries=9 pool=20MB
#### MTL_TEX MIP-NATIVE result attempt=20 tex=0x601a97800 class=AGXG13GFamilyTexture
#### MTL_TEX LEASE-HIT #7 key=512x512-pf70-bpe4-fcc1380401729 entry=0x601a80060 surf=0x600a9f360 tex=0x601a92080 retain=1 baseline=1 shapeEntries=9 pool=20MB
#### MTL_TEX MIP-NATIVE result attempt=21 tex=0x601a97d00 class=AGXG13GFamilyTexture
#### MTL_TEX LEASE-HIT #8 key=512x512-pf70-bpe4-fcc1380401729 entry=0x600c20e10 surf=0x600a9ea60 tex=0x601a92a80 retain=1 baseline=1 shapeEntries=9 pool=20MB
#### MTL_TEX MIP-NATIVE result attempt=22 tex=0x601a98200 class=AGXG13GFamilyTexture
#### MTL_TEX LEASE-HIT #9 key=512x512-pf70-bpe4-fcc1380401729 entry=0x600c20b70 surf=0x600a9e8c0 tex=0x601a93480 retain=1 baseline=1 shapeEntries=9 pool=20MB
#### MTL_TEX MIP-NATIVE result attempt=23 tex=0x601a98700 class=AGXG13GFamilyTexture
#### MTL_TEX MIP-NATIVE result attempt=24 tex=0x601a9aa00 class=AGXG13GFamilyTexture
#### MTL_TEX MIP-NATIVE result attempt=25 tex=0x601a9b680 class=AGXG13GFamilyTexture
#### IOGPU-CALLBACK-BUFFER-CLEAN commandBuffer=0x601a42300 class=AGXG13GFamilyCommandBuffer submitSerial=141 fixed=33 target=0x0 start=0x80bcb393dd1 end=0x80bcb3aee55
#### MTL_TEX MIP-NATIVE result attempt=26 tex=0x601a9c080 class=AGXG13GFamilyTexture
#### MTL_TEX MIP-NATIVE result attempt=27 tex=0x601a9ca80 class=AGXG13GFamilyTexture
#### MTL_TEX MIP-NATIVE result attempt=28 tex=0x601a9d480 class=AGXG13GFamilyTexture
#### MTL_TEX MIP-NATIVE result attempt=29 tex=0x601a9de80 class=AGXG13GFamilyTexture
#### MTL_TEX MIP-NATIVE result attempt=30 tex=0x601a9e880 class=AGXG13GFamilyTexture
#### MTL_TEX MIP-NATIVE result attempt=31 tex=0x601a9f280 class=AGXG13GFamilyTexture
#### MTL_TEX MIP-NATIVE result attempt=32 tex=0x601a9fc80 class=AGXG13GFamilyTexture
#### MTL_TEX MIP-NATIVE result attempt=33 tex=0x601af0780 class=AGXG13GFamilyTexture
#### MTL_TEX MIP-NATIVE result attempt=34 tex=0x601af1180 class=AGXG13GFamilyTexture
#### MTL_TEX MIP-NATIVE result attempt=35 tex=0x601af1b80 class=AGXG13GFamilyTexture
#### MTL_TEX MIP-NATIVE result attempt=36 tex=0x601af2580 class=AGXG13GFamilyTexture
#### AGX_LIFE CREATE id=0x241 type=0 surf=0 bytes=0x10000 kr=0 okC=750 failC=0 okD=173 failD=0 unmatchedD=0 full=0 live=576/156MB [t0=389/60MB t80=2/0MB t82=185/95MB]
#### MTL_TEX MIP-NATIVE result attempt=37 tex=0x601af2f80 class=AGXG13GFamilyTexture
#### TRACE -[AGXBuffer initUntracked] self=0x601a69780 dev=0x6002c2000 len=12288 opt=0 -> 0x601a69780
#### TRACE -[AGXBuffer initUntracked] self=0x601950000 dev=0x6002c2000 len=12288 opt=0 -> 0x601950000
#### TRACE -[AGXBuffer initUntracked] self=0x6010dcc00 dev=0x6002c2000 len=2048 opt=0 -> 0x6010dcc00
#### IOGPU-CALLBACK-BUFFER-CLEAN commandBuffer=0x601a41500 class=AGXG13GFamilyCommandBuffer submitSerial=142 fixed=37 target=0x0 start=0x80bcb53a003 end=0x80bcb544a23
#### IOGPU-CALLBACK-BUFFER-CLEAN commandBuffer=0x601a41f80 class=AGXG13GFamilyCommandBuffer submitSerial=143 fixed=13 target=0x0 start=0x80bcb555421 end=0x80bcb55b237
#### JIT-MPROTECT flip #18432 ranges=1 prot=RX writers=1 exec_waits=5793 late_retries=139
#### MTL_TEX MIP-NATIVE result attempt=38 tex=0x601a9bb80 class=AGXG13GFamilyTexture
#### MTL_TEX LEASE-HIT #10 key=256x256-pf70-bpe4-fcc1380401729 entry=0x601a822b0 surf=0x600a99780 tex=0x601af1900 retain=1 baseline=1 shapeEntries=3 pool=30MB
#### MTL_TEX MIP-NATIVE result attempt=39 tex=0x601af3c00 class=AGXG13GFamilyTexture
#### MTL_TEX LEASE-HIT #11 key=128x128-pf70-bpe4-fcc1380401729 entry=0x601a82100 surf=0x600a9da00 tex=0x601af2d00 retain=1 baseline=1 shapeEntries=1 pool=30MB
#### MTL_TEX MIP-NATIVE result attempt=40 tex=0x601af4100 class=AGXG13GFamilyTexture
#### MTL_TEX LEASE-HIT #12 key=256x256-pf70-bpe4-fcc1380401729 entry=0x601a821f0 surf=0x600a92e40 tex=0x601af2300 retain=1 baseline=1 shapeEntries=3 pool=30MB
#### MTL_TEX MIP-NATIVE result attempt=41 tex=0x601af4380 class=AGXG13GFamilyTexture
#### MTL_TEX MIP-NATIVE result attempt=42 tex=0x601af5280 class=AGXG13GFamilyTexture
#### MTL_TEX MIP-NATIVE result attempt=43 tex=0x601af5c80 class=AGXG13GFamilyTexture
#### MTL_TEX MIP-NATIVE result attempt=44 tex=0x601af6900 class=AGXG13GFamilyTexture
#### MTL_TEX MIP-NATIVE result attempt=45 tex=0x601af7300 class=AGXG13GFamilyTexture
#### MTL_TEX LEASE-HIT #13 key=512x512-pf70-bpe4-fcc1380401729 entry=0x601a802a0 surf=0x600a9ec80 tex=0x601a1ed80 retain=1 baseline=1 shapeEntries=16 pool=35MB
#### MTL_TEX MIP-NATIVE result attempt=46 tex=0x601af7800 class=AGXG13GFamilyTexture
#### MTL_TEX LEASE-HIT #14 key=256x128-pf70-bpe4-fcc1380401729 entry=0x60164ac20 surf=0x600a994c0 tex=0x601a1d480 retain=1 baseline=1 shapeEntries=5 pool=35MB
#### MTL_TEX MIP-NATIVE result attempt=47 tex=0x601af7d00 class=AGXG13GFamilyTexture
#### MTL_TEX MIP-NATIVE result attempt=48 tex=0x601af8700 class=AGXG13GFamilyTexture
#### IOGPU-CALLBACK-BUFFER-CLEAN commandBuffer=0x601a41c00 class=AGXG13GFamilyCommandBuffer submitSerial=144 fixed=33 target=0x0 start=0x80bcb75cb6a end=0x80bcb76fb27
#### IOGPU-CALLBACK-BUFFER-CLEAN commandBuffer=0x601a42300 class=AGXG13GFamilyCommandBuffer submitSerial=141 fixed=33 target=0x0 start=0x80bcb7700e8 end=0x80bcb7700e9
#### MTL_TEX LEASE-HIT #15 key=1024x1024-pf70-bpe4-fcc1380401729 entry=0x601a80a80 surf=0x600a9d5e0 tex=0x601af7080 retain=1 baseline=1 shapeEntries=2 pool=39MB
#### MTL_TEX MIP-NATIVE result attempt=49 tex=0x601a1ca80 class=AGXG13GFamilyTexture
#### MTL_TEX LEASE-HIT #16 key=1024x1024-pf70-bpe4-fcc1380401729 entry=0x601a82820 surf=0x600a9d2c0 tex=0x601af8480 retain=1 baseline=1 shapeEntries=2 pool=39MB
#### MTL_TEX MIP-NATIVE result attempt=50 tex=0x601af8c00 class=AGXG13GFamilyTexture
#### IOGPU-CALLBACK-BUFFER-CLEAN commandBuffer=0x601a41500 class=AGXG13GFamilyCommandBuffer submitSerial=142 fixed=37 target=0x0 start=0x80bcb9dae9e end=0x80bcb9dae9f
#### AGX_SUBMIT_DIAG #207 TEMP-KCMD-TRAILING-WRAPPER-FIX match=64 subtype1=0..0x840->0..0x820 wrappers=1 range=0x840..0x858->0x820..0x838
#### IOGPU-CALLBACK-BUFFER-CLEAN commandBuffer=0x601a41880 class=AGXG13GFamilyCommandBuffer submitSerial=147 fixed=8 target=0x0 start=0x80bcb9e61be end=0x80bcb9eade3
#### IOGPU-CALLBACK-BUFFER-CLEAN commandBuffer=0x601a41c00 class=AGXG13GFamilyCommandBuffer submitSerial=144 fixed=33 target=0x0 start=0x80bcb9eb49a end=0x80bcb9eb49a
#### IOGPU-CALLBACK-BUFFER-CLEAN commandBuffer=0x601a41c00 class=AGXG13GFamilyCommandBuffer submitSerial=144 fixed=33 target=0x0 start=0x80bcbd43206 end=0x80bcbd4320f
#### IOGPU-CALLBACK-BUFFER-CLEAN commandBuffer=0x601a41f80 class=AGXG13GFamilyCommandBuffer submitSerial=149 fixed=13 target=0x0 start=0x80bcbd54767 end=0x80bcbd5955b
#### MTL_TEX LEASE-HIT #17 key=1024x1024-pf70-bpe4-fcc1380401729 entry=0x601a80a80 surf=0x600a9d5e0 tex=0x601af7080 retain=1 baseline=1 shapeEntries=2 pool=39MB
#### IOGPU-CALLBACK-BUFFER-CLEAN commandBuffer=0x601a41c00 class=AGXG13GFamilyCommandBuffer submitSerial=151 fixed=13 target=0x0 start=0x80bcbdcc7df end=0x80bcbdd0bb3
#### IOGPU-CALLBACK-BUFFER-CLEAN commandBuffer=0x601a41f80 class=AGXG13GFamilyCommandBuffer submitSerial=149 fixed=13 target=0x0 start=0x80bcbdd123d end=0x80bcbdd1240
#### MTL_TEX MIP-NATIVE result attempt=51 tex=0x601af9d80 class=AGXG13GFamilyTexture
#### MTL_TEX LEASE-HIT #18 key=1024x1024-pf70-bpe4-fcc1380401729 entry=0x601a82820 surf=0x600a9d2c0 tex=0x601af8480 retain=1 baseline=1 shapeEntries=2 pool=39MB
#### MTL_TEX MIP-NATIVE result attempt=52 tex=0x601afa280 class=AGXG13GFamilyTexture
#### MTL_TEX MIP-NATIVE result attempt=53 tex=0x601afaf00 class=AGXG13GFamilyTexture
#### IOGPU-CALLBACK-BUFFER-CLEAN commandBuffer=0x601a41f80 class=AGXG13GFamilyCommandBuffer submitSerial=153 fixed=9 target=0x0 start=0x80bcbe989c6 end=0x80bcbea6b64
#### IOGPU-CALLBACK-BUFFER-CLEAN commandBuffer=0x601a41c00 class=AGXG13GFamilyCommandBuffer submitSerial=151 fixed=13 target=0x0 start=0x80bcbea7ae2 end=0x80bcbea7ae3
#### IOGPU-CALLBACK-BUFFER-CLEAN commandBuffer=0x601a42680 class=AGXG13GFamilyCommandBuffer submitSerial=154 fixed=13 target=0x0 start=0x80bcbeb793d end=0x80bcbebb5b8
#### MTL_TEX LEASE-HIT #19 key=1024x1024-pf70-bpe4-fcc1380401729 entry=0x601a80a80 surf=0x600a9d5e0 tex=0x601af7080 retain=1 baseline=1 shapeEntries=3 pool=43MB
#### MTL_TEX MIP-NATIVE result attempt=54 tex=0x601afaa00 class=AGXG13GFamilyTexture
#### MTL_TEX LEASE-HIT #20 key=1024x1024-pf70-bpe4-fcc1380401729 entry=0x601a82820 surf=0x600a9d2c0 tex=0x601af8480 retain=1 baseline=1 shapeEntries=3 pool=43MB
#### MTL_TEX MIP-NATIVE result attempt=55 tex=0x601afc080 class=AGXG13GFamilyTexture
#### MTL_TEX LEASE-HIT #21 key=1024x1024-pf70-bpe4-fcc1380401729 entry=0x601a82eb0 surf=0x600a9fd80 tex=0x601afac80 retain=1 baseline=1 shapeEntries=3 pool=43MB
#### MTL_TEX MIP-NATIVE result attempt=56 tex=0x601af8e80 class=AGXG13GFamilyTexture
#### MTL_TEX LEASE-HIT #22 key=256x256-pf70-bpe4-fcc1380401729 entry=0x601a822b0 surf=0x600a99780 tex=0x601af1900 retain=1 baseline=1 shapeEntries=6 pool=43MB
#### MTL_TEX MIP-NATIVE result attempt=57 tex=0x601afc580 class=AGXG13GFamilyTexture
#### MTL_TEX LEASE-HIT #23 key=256x256-pf70-bpe4-fcc1380401729 entry=0x601a821f0 surf=0x600a92e40 tex=0x601af2300 retain=1 baseline=1 shapeEntries=6 pool=43MB
#### MTL_TEX MIP-NATIVE result attempt=58 tex=0x601afca80 class=AGXG13GFamilyTexture
#### MTL_TEX LEASE-HIT #24 key=256x256-pf70-bpe4-fcc1380401729 entry=0x601a82610 surf=0x6000306c0 tex=0x601af3700 retain=1 baseline=1 shapeEntries=6 pool=43MB
#### MTL_TEX MIP-NATIVE result attempt=59 tex=0x601afcf80 class=AGXG13GFamilyTexture
#### MTL_TEX LEASE-HIT #25 key=256x256-pf70-bpe4-fcc1380401729 entry=0x601a825b0 surf=0x600a97760 tex=0x601af5000 retain=1 baseline=1 shapeEntries=6 pool=43MB
#### MTL_TEX MIP-NATIVE result attempt=60 tex=0x601afd480 class=AGXG13GFamilyTexture
#### MTL_TEX LEASE-HIT #26 key=256x256-pf70-bpe4-fcc1380401729 entry=0x601644740 surf=0x600a96d00 tex=0x601af5a00 retain=1 baseline=1 shapeEntries=6 pool=43MB
#### MTL_TEX MIP-NATIVE result attempt=61 tex=0x601afd980 class=AGXG13GFamilyTexture
#### MTL_TEX LEASE-HIT #27 key=256x256-pf70-bpe4-fcc1380401729 entry=0x601a82970 surf=0x600a9d600 tex=0x601af6680 retain=1 baseline=1 shapeEntries=6 pool=43MB
#### MTL_TEX MIP-NATIVE result attempt=62 tex=0x601afde80 class=AGXG13GFamilyTexture
#### IOGPU-CALLBACK-BUFFER-CLEAN commandBuffer=0x601a41c00 class=AGXG13GFamilyCommandBuffer submitSerial=155 fixed=28 target=0x0 start=0x80bcbf40f74 end=0x80bcbf4fb1b
#### IOGPU-CALLBACK-BUFFER-CLEAN commandBuffer=0x601a42680 class=AGXG13GFamilyCommandBuffer submitSerial=156 fixed=13 target=0x0 start=0x80bcbf5fb78 end=0x80bcbf63795
#### MTL_TEX MIP-NATIVE result attempt=63 tex=0x601afb400 class=AGXG13GFamilyTexture
#### MTL_TEX MIP-NATIVE result attempt=64 tex=0x601aff000 class=AGXG13GFamilyTexture
#### MTL_TEX MIP-NATIVE result attempt=65 tex=0x601affa00 class=AGXG13GFamilyTexture
#### MTL_TEX MIP-NATIVE result attempt=66 tex=0x601b00500 class=AGXG13GFamilyTexture
#### MTL_TEX MIP-NATIVE result attempt=67 tex=0x601b00f00 class=AGXG13GFamilyTexture
#### MTL_TEX MIP-NATIVE result attempt=68 tex=0x601b01900 class=AGXG13GFamilyTexture
#### MTL_TEX MIP-NATIVE result attempt=69 tex=0x601b02300 class=AGXG13GFamilyTexture
#### MTL_TEX MIP-NATIVE result attempt=70 tex=0x601b02d00 class=AGXG13GFamilyTexture
#### MTL_TEX LEASE-HIT #28 key=128x128-pf70-bpe4-fcc1380401729 entry=0x601a82100 surf=0x600a9da00 tex=0x601af2d00 retain=1 baseline=1 shapeEntries=1 pool=44MB
#### MTL_TEX MIP-NATIVE result attempt=71 tex=0x601b03200 class=AGXG13GFamilyTexture
#### MTL_TEX MIP-NATIVE result attempt=72 tex=0x601b03c00 class=AGXG13GFamilyTexture
#### MTL_TEX MIP-NATIVE result attempt=73 tex=0x601b04600 class=AGXG13GFamilyTexture
#### MTL_TEX LEASE-HIT #29 key=256x256-pf70-bpe4-fcc1380401729 entry=0x601a822b0 surf=0x600a99780 tex=0x601af1900 retain=1 baseline=1 shapeEntries=6 pool=45MB
#### MTL_TEX MIP-NATIVE result attempt=74 tex=0x601b04b00 class=AGXG13GFamilyTexture
#### MTL_TEX LEASE-HIT #30 key=256x256-pf70-bpe4-fcc1380401729 entry=0x601a821f0 surf=0x600a92e40 tex=0x601af2300 retain=1 baseline=1 shapeEntries=6 pool=45MB
#### MTL_TEX MIP-NATIVE result attempt=75 tex=0x601b05000 class=AGXG13GFamilyTexture
#### MTL_TEX LEASE-HIT #31 key=256x256-pf70-bpe4-fcc1380401729 entry=0x601a82610 surf=0x6000306c0 tex=0x601af3700 retain=1 baseline=1 shapeEntries=6 pool=45MB
#### MTL_TEX MIP-NATIVE result attempt=76 tex=0x601b05500 class=AGXG13GFamilyTexture
#### MTL_TEX LEASE-HIT #32 key=256x256-pf70-bpe4-fcc1380401729 entry=0x601a825b0 surf=0x600a97760 tex=0x601af5000 retain=1 baseline=1 shapeEntries=6 pool=45MB
#### MTL_TEX MIP-NATIVE result attempt=77 tex=0x601b05a00 class=AGXG13GFamilyTexture
#### AGXIOC Scalar sel=0x10->0xe inCnt=1 -> 0x0
#### AGXIOC Scalar sel=0x10->0xe inCnt=1 -> 0x0
#### AGXIOC Scalar sel=0x10->0xe inCnt=1 -> 0x0
#### AGXIOC Scalar sel=0x10->0xe inCnt=1 -> 0x0
#### AGXIOC Scalar sel=0x10->0xe inCnt=1 -> 0x0
#### MTL_TEX LEASE-HIT #33 key=256x256-pf70-bpe4-fcc1380401729 entry=0x601644740 surf=0x600a96d00 tex=0x601af5a00 retain=1 baseline=1 shapeEntries=6 pool=45MB
#### MTL_TEX MIP-NATIVE result attempt=78 tex=0x601b05f00 class=AGXG13GFamilyTexture
#### MTL_TEX LEASE-HIT #34 key=256x256-pf70-bpe4-fcc1380401729 entry=0x601a82970 surf=0x600a9d600 tex=0x601af6680 retain=1 baseline=1 shapeEntries=6 pool=45MB
#### MTL_TEX MIP-NATIVE result attempt=79 tex=0x601b06400 class=AGXG13GFamilyTexture
#### MTL_TEX MIP-NATIVE result attempt=80 tex=0x601b06e00 class=AGXG13GFamilyTexture
#### MTL_TEX MIP-NATIVE result attempt=81 tex=0x601b07800 class=AGXG13GFamilyTexture
#### MTL_TEX MIP-NATIVE result attempt=82 tex=0x601b08200 class=AGXG13GFamilyTexture
#### MTL_TEX MIP-NATIVE result attempt=83 tex=0x601b08c00 class=AGXG13GFamilyTexture
#### MTL_TEX MIP-NATIVE result attempt=84 tex=0x601b09600 class=AGXG13GFamilyTexture
#### MTL_TEX MIP-NATIVE result attempt=85 tex=0x601b0a000 class=AGXG13GFamilyTexture
#### MTL_TEX MIP-NATIVE result attempt=86 tex=0x601b0aa00 class=AGXG13GFamilyTexture
#### MTL_TEX MIP-NATIVE result attempt=87 tex=0x601b0b400 class=AGXG13GFamilyTexture
[91m[main 2026-07-29T21:48:51.493Z][0m [AgentHost:stderr] #### AMFI-POLICY-COMPAT policy=AMFI op=0x60 status=0x4 (iOS task ports are hard-immovable)
#### CSR-POLICY-COMPAT active_config=0x0 (conservative iOS compatibility value)

[91m[main 2026-07-29T21:48:51.509Z][0m [AgentHost:stderr] [72963:0729/144851.506309:ERROR:base/process/process_mac.cc:53] task_policy_set TASK_CATEGORY_POLICY: (os/kern) invalid argument (4)

[91m[main 2026-07-29T21:48:51.523Z][0m [AgentHost:stderr] #### JIT-MPROTECT range[0]=[0x280000000,0x290000000) source=MAP_JIT-EINVAL

[91m[main 2026-07-29T21:48:51.524Z][0m [AgentHost:stderr] #### JIT-MPROTECT execution barrier installed (W^X fetch-wait compatibility)
#### JIT-MPROTECT range[0]=[0x280000000,0x290000000) source=MAP_JIT-EINVAL
#### JIT-MPROTECT range[0]=[0x280000000,0x290000000) source=MAP_JIT-EINVAL
#### JIT-MPROTECT range[0]=[0x280000000,0x290000000) source=MAP_JIT-EINVAL
#### JIT-MPROTECT range[0]=[0x280000000,0x290000000) source=MAP_JIT-EINVAL
#### JIT-MPROTECT range[0]=[0x280000000,0x290000000) source=MAP_JIT-EINVAL
#### JIT-MPROTECT range[0]=[0x280000000,0x290000000) source=MAP_JIT-EINVAL
#### JIT-MPROTECT range[0]=[0x280000000,0x290000000) source=MAP_JIT-EINVAL
#### JIT-MPROTECT range[0]=[0x280000000,0x290000000) source=MAP_JIT-EINVAL
#### JIT-MPROTECT range[0]=[0x280000000,0x290000000) source=MAP_JIT-EINVAL
#### JIT-MPROTECT range[0]=[0x150000000,0x160000000) source=MAP_JIT-EINVAL
#### JIT-MPROTECT remap decline #1 dst=0x157dc0000 size=0x208000 src=0x10f918000 requested=0x5 -> V8 copy fallback
#### JIT-MPROTECT flip #1 ranges=1 prot=RW writers=1 exec_waits=0 late_retries=0

[91m[main 2026-07-29T21:48:51.527Z][0m [AgentHost:stderr] #### JIT-MPROTECT flip #2 ranges=1 prot=RX writers=1 exec_waits=0 late_retries=0

[91m[main 2026-07-29T21:48:51.568Z][0m [AgentHost:stderr] #### JIT-MPROTECT flip #3 ranges=1 prot=RW writers=1 exec_waits=0 late_retries=0
#### JIT-MPROTECT flip #4 ranges=1 prot=RX writers=1 exec_waits=0 late_retries=0
#### JIT-MPROTECT flip #5 ranges=1 prot=RW writers=1 exec_waits=0 late_retries=0
#### JIT-MPROTECT flip #6 ranges=1 prot=RX writers=1 exec_waits=0 late_retries=0
#### JIT-MPROTECT flip #7 ranges=1 prot=RW writers=1 exec_waits=0 late_retries=0
#### JIT-MPROTECT flip #8 ranges=1 prot=RX writers=1 exec_waits=0 late_retries=0
#### JIT-MPROTECT flip #9 ranges=1 prot=RW writers=1 exec_waits=0 late_retries=0

[91m[main 2026-07-29T21:48:51.569Z][0m [AgentHost:stderr] #### JIT-MPROTECT flip #10 ranges=1 prot=RX writers=1 exec_waits=0 late_retries=0
#### JIT-MPROTECT flip #11 ranges=1 prot=RW writers=1 exec_waits=0 late_retries=0
#### JIT-MPROTECT flip #12 ranges=1 prot=RX writers=1 exec_waits=0 late_retries=0
#### JIT-MPROTECT flip #13 ranges=1 prot=RW writers=1 exec_waits=0 late_retries=0
#### JIT-MPROTECT flip #14 ranges=1 prot=RX writers=1 exec_waits=0 late_retries=0
#### JIT-MPROTECT flip #15 ranges=1 prot=RW writers=1 exec_waits=0 late_retries=0
#### JIT-MPROTECT flip #16 ranges=1 prot=RX writers=1 exec_waits=0 late_retries=0
#### JIT-MPROTECT flip #17 ranges=1 prot=RW writers=1 exec_waits=0 late_retries=0
#### JIT-MPROTECT flip #18 ranges=1 prot=RX writers=1 exec_waits=1 late_retries=0
#### JIT-MPROTECT flip #19 ranges=1 prot=RW writers=1 exec_waits=1 late_retries=0
#### JIT-MPROTECT flip #20 ranges=1 prot=RX writers=1 exec_waits=2 late_retries=0

[91m[main 2026-07-29T21:48:51.571Z][0m [AgentHost:stderr] #### JIT-MPROTECT flip #21 ranges=1 prot=RW writers=1 exec_waits=2 late_retries=0
#### JIT-MPROTECT flip #22 ranges=1 prot=RX writers=1 exec_waits=2 late_retries=0
#### JIT-MPROTECT flip #23 ranges=1 prot=RW writers=1 exec_waits=2 late_retries=0

[91m[main 2026-07-29T21:48:51.572Z][0m [AgentHost:stderr] #### JIT-MPROTECT flip #24 ranges=1 prot=RX writers=1 exec_waits=2 late_retries=0
#### JIT-MPROTECT flip #25 ranges=1 prot=RW writers=1 exec_waits=2 late_retries=0
#### JIT-MPROTECT flip #26 ranges=1 prot=RX writers=1 exec_waits=2 late_retries=0
#### JIT-MPROTECT flip #27 ranges=1 prot=RW writers=1 exec_waits=2 late_retries=0
#### JIT-MPROTECT flip #28 ranges=1 prot=RX writers=1 exec_waits=2 late_retries=0
#### JIT-MPROTECT flip #29 ranges=1 prot=RW writers=1 exec_waits=2 late_retries=0

[91m[main 2026-07-29T21:48:51.572Z][0m [AgentHost:stderr] #### JIT-MPROTECT flip #30 ranges=1 prot=RX writers=1 exec_waits=2 late_retries=0
#### JIT-MPROTECT flip #31 ranges=1 prot=RW writers=1 exec_waits=2 late_retries=0
#### JIT-MPROTECT flip #32 ranges=1 prot=RX writers=1 exec_waits=2 late_retries=0

#### IOGPU-CALLBACK-BUFFER-CLEAN commandBuffer=0x601a42300 class=AGXG13GFamilyCommandBuffer submitSerial=157 fixed=70 target=0x0 start=0x80bcc62505f end=0x80bcc637739
#### IOGPU-CALLBACK-BUFFER-CLEAN commandBuffer=0x601a41f80 class=AGXG13GFamilyCommandBuffer submitSerial=153 fixed=9 target=0x0 start=0x80bcc638348 end=0x80bcc638348
#### IOGPU-CALLBACK-BUFFER-CLEAN commandBuffer=0x601a42680 class=AGXG13GFamilyCommandBuffer submitSerial=158 fixed=13 target=0x0 start=0x80bcc646c0b end=0x80bcc64be1c
#### JIT-MPROTECT flip #19456 ranges=1 prot=RX writers=1 exec_waits=6022 late_retries=151
#### IOGPU-CALLBACK-BUFFER-CLEAN commandBuffer=0x601a41f80 class=AGXG13GFamilyCommandBuffer submitSerial=153 fixed=9 target=0x0 start=0x80bcc8fb2f8 end=0x80bcc8fb305
#### IOGPU-CALLBACK-BUFFER-CLEAN commandBuffer=0x601a42680 class=AGXG13GFamilyCommandBuffer submitSerial=159 fixed=8 target=0x0 start=0x80bcc90954e end=0x80bcc90d470
#### IOGPU-CALLBACK-BUFFER-CLEAN commandBuffer=0x601a41c00 class=AGXG13GFamilyCommandBuffer submitSerial=155 fixed=28 target=0x0 start=0x80bcca475d2 end=0x80bcca475e2
#### IOGPU-CALLBACK-BUFFER-CLEAN commandBuffer=0x601a42680 class=AGXG13GFamilyCommandBuffer submitSerial=160 fixed=13 target=0x0 start=0x80bcca5c9ec end=0x80bcca6287f
#### IOGPU-CALLBACK-BUFFER-CLEAN commandBuffer=0x601a41f80 class=AGXG13GFamilyCommandBuffer submitSerial=153 fixed=9 target=0x0 start=0x80bcca63b17 end=0x80bcca63b17
[91m[main 2026-07-29T21:48:51.996Z][0m [AgentHost:stderr] #### JIT-MPROTECT flip #1024 ranges=1 prot=RX writers=1 exec_waits=234 late_retries=14

#### IOGPU-CALLBACK-BUFFER-CLEAN commandBuffer=0x601a41f80 class=AGXG13GFamilyCommandBuffer submitSerial=153 fixed=9 target=0x0 start=0x80bcce891c7 end=0x80bcce891dc
#### IOGPU-CALLBACK-BUFFER-CLEAN commandBuffer=0x601a42680 class=AGXG13GFamilyCommandBuffer submitSerial=162 fixed=13 target=0x0 start=0x80bcce9ef55 end=0x80bccea4127
#### JIT-MPROTECT flip #20480 ranges=1 prot=RX writers=1 exec_waits=6298 late_retries=155
#### IOGPU-CALLBACK-BUFFER-CLEAN commandBuffer=0x601a41f80 class=AGXG13GFamilyCommandBuffer submitSerial=153 fixed=9 target=0x0 start=0x80bcd03bf38 end=0x80bcd03bf4a
#### IOGPU-CALLBACK-BUFFER-CLEAN commandBuffer=0x601a41c00 class=AGXG13GFamilyCommandBuffer submitSerial=163 fixed=13 target=0x0 start=0x80bcd050eba end=0x80bcd0571cf
#### JIT-MPROTECT flip #8192 ranges=1 prot=RX writers=1 exec_waits=2339 late_retries=63
#### IOGPU-CALLBACK-BUFFER-CLEAN commandBuffer=0x601a41f80 class=AGXG13GFamilyCommandBuffer submitSerial=153 fixed=9 target=0x0 start=0x80bcd6ecf26 end=0x80bcd6ecf35
[91m[main 2026-07-29T21:48:52.378Z][0m [AgentHost:stderr] #### JIT-MPROTECT flip #2048 ranges=1 prot=RX writers=1 exec_waits=565 late_retries=40

[72913:0729/144852.584589:ERROR:components/os_crypt/common/keychain_password_mac.mm:148] Keychain lookup failed: Error Domain=NSOSStatusErrorDomain Code=-50 "paramErr: error in user parameter list" (-50)
[91m[main 2026-07-29T21:48:52.705Z][0m [AgentHost:stderr] #### JIT-MPROTECT flip #3072 ranges=1 prot=RX writers=1 exec_waits=827 late_retries=57

#### JIT-MPROTECT flip #21504 ranges=1 prot=RX writers=1 exec_waits=6471 late_retries=164
[91m[main 2026-07-29T21:48:52.927Z][0m ptyHost was unable to resolve shell environment Error: Unable to resolve your shell environment: Unexpected exit code from spawned shell (code null, signal SIGABRT)
    at file:///Applications/Visual%20Studio%20Code.app/Contents/Resources/app/out/main.js:474:34475
    at async file:///Applications/Visual%20Studio%20Code.app/Contents/Resources/app/out/main.js:434:92057
#### IOGPU-CALLBACK-BUFFER-CLEAN commandBuffer=0x601a42a00 class=AGXG13GFamilyCommandBuffer submitSerial=166 fixed=13 target=0x0 start=0x80bce3a0fde end=0x80bce3a6fc8
#### IOGPU-CALLBACK-BUFFER-CLEAN commandBuffer=0x601a41c00 class=AGXG13GFamilyCommandBuffer submitSerial=167 fixed=8 target=0x0 start=0x80bce4d28e7 end=0x80bce4d67a8
#### IOGPU-CALLBACK-BUFFER-CLEAN commandBuffer=0x601a42a00 class=AGXG13GFamilyCommandBuffer submitSerial=168 fixed=8 target=0x0 start=0x80bce570534 end=0x80bce5743cc
#### IOGPU-CALLBACK-BUFFER-CLEAN commandBuffer=0x601a41c00 class=AGXG13GFamilyCommandBuffer submitSerial=167 fixed=8 target=0x0 start=0x80bce574b6f end=0x80bce574b6f
[91m[main 2026-07-29T21:48:53.126Z][0m [AgentHost:stderr] #### JIT-MPROTECT flip #4096 ranges=1 prot=RX writers=1 exec_waits=1018 late_retries=66

#### IOGPU-CALLBACK-BUFFER-CLEAN commandBuffer=0x601a41c00 class=AGXG13GFamilyCommandBuffer submitSerial=167 fixed=8 target=0x0 start=0x80bce97cd22 end=0x80bce97cd37
#### IOGPU-CALLBACK-BUFFER-CLEAN commandBuffer=0x601a43480 class=AGXG13GFamilyCommandBuffer submitSerial=170 fixed=13 target=0x0 start=0x80bce990fed end=0x80bce996c3c
#### JIT-MPROTECT flip #22528 ranges=1 prot=RX writers=1 exec_waits=6804 late_retries=174
#### IOGPU-CALLBACK-BUFFER-CLEAN commandBuffer=0x601a42a00 class=AGXG13GFamilyCommandBuffer submitSerial=168 fixed=8 target=0x0 start=0x80bcea66e30 end=0x80bcea66e43
#### IOGPU-CALLBACK-BUFFER-CLEAN commandBuffer=0x601a42a00 class=AGXG13GFamilyCommandBuffer submitSerial=168 fixed=8 target=0x0 start=0x80bcea6fc9b end=0x80bcea6fc9b
#### IOGPU-CALLBACK-BUFFER-CLEAN commandBuffer=0x601a43480 class=AGXG13GFamilyCommandBuffer submitSerial=174 fixed=13 target=0x0 start=0x80bcea878d0 end=0x80bcea8c951
#### MTL_TEX LEASE-HIT #35 key=960x192-pf80-bpe4-fcc1111970369 entry=0x600d8da70 surf=0x600a981c0 tex=0x60141f000 retain=1 baseline=1 shapeEntries=1 pool=46MB
#### IOGPU-CALLBACK-BUFFER-CLEAN commandBuffer=0x601a44280 class=AGXG13GFamilyCommandBuffer submitSerial=175 fixed=8 target=0x0 start=0x80bceae1221 end=0x80bceae59df
#### IOGPU-CALLBACK-BUFFER-CLEAN commandBuffer=0x601a47700 class=AGXG13GFamilyCommandBuffer submitSerial=198 fixed=14 target=0x0 start=0x80bcece259d end=0x80bcece96ca
#### IOSURFACE-RELEASE-ABI pair #15: conn=11783 surfaceID=451 sel=1 -> 0
[91m[main 2026-07-29T21:48:53.553Z][0m [AgentHost:stderr] #### JIT-MPROTECT flip #5120 ranges=1 prot=RX writers=1 exec_waits=1109 late_retries=72

#### IOGPU-CALLBACK-BUFFER-CLEAN commandBuffer=0x601a49300 class=AGXG13GFamilyCommandBuffer submitSerial=243 fixed=8 target=0x0 start=0x80bcf3920cc end=0x80bcf395e8b
#### IOSURFACE-RELEASE-ABI pair #16: conn=11783 surfaceID=452 sel=1 -> 0
[91m[main 2026-07-29T21:48:53.691Z][0m [AgentHost:stderr] (node:72963) [DEP0169] DeprecationWarning: `url.parse()` behavior is not standardized and prone to errors that have security implications. Use the WHATWG URL API instead. CVEs are not issued for `url.parse()` vulnerabilities.
(Use `Code Helper --trace-deprecation ...` to show where the warning was created)

#### JIT-MPROTECT flip #23552 ranges=1 prot=RX writers=1 exec_waits=6969 late_retries=189
#### AGX_LIFE DESTROY-UNMATCHED id=0x68 type=0xff surf=0 bytes=0 kr=0 okC=899 failC=0 okD=249 failD=0 unmatchedD=1 full=0 live=650/230MB [t0=428/122MB t80=2/0MB t82=220/107MB]
#### AGX_LIFE DESTROY id=0x56 type=0x82 surf=0xbc bytes=0x3d0000 kr=0 okC=899 failC=0 okD=250 failD=0 unmatchedD=1 full=0 live=649/227MB [t0=428/122MB t80=2/0MB t82=219/104MB]
#### IOGPU-CALLBACK-BUFFER-CLEAN commandBuffer=0x601078180 class=AGXG13GFamilyCommandBuffer submitSerial=247 fixed=13 target=0x0 start=0x80bcfa4073e end=0x80bcfa4448c
#### IOGPU-CALLBACK-BUFFER-CLEAN commandBuffer=0x60027e380 class=AGXG13GFamilyCommandBuffer submitSerial=248 fixed=13 target=0x0 start=0x80bcfb71176 end=0x80bcfb754b3
#### IOGPU-CALLBACK-BUFFER-CLEAN commandBuffer=0x600277380 class=AGXG13GFamilyCommandBuffer submitSerial=250 fixed=13 target=0x0 start=0x80bcfdde356 end=0x80bcfde3555
#### IOGPU-CALLBACK-BUFFER-CLEAN commandBuffer=0x600275780 class=AGXG13GFamilyCommandBuffer submitSerial=251 fixed=13 target=0x0 start=0x80bcfeb4d7b end=0x80bcfebac48
#### JIT-MPROTECT flip #24576 ranges=1 prot=RX writers=1 exec_waits=7312 late_retries=206
#### IOGPU-CALLBACK-BUFFER-CLEAN commandBuffer=0x600277380 class=AGXG13GFamilyCommandBuffer submitSerial=252 fixed=13 target=0x0 start=0x80bd002a052 end=0x80bd002eee5
Unknown channel: agentHostClientByokLm
Unknown channel: agentHostClientProxy
#### IOGPU-CALLBACK-BUFFER-CLEAN commandBuffer=0x600276c80 class=AGXG13GFamilyCommandBuffer submitSerial=253 fixed=11 target=0x0 start=0x80bd0decfd3 end=0x80bd0df20a3
[91m[main 2026-07-29T21:48:54.942Z][0m [AgentHost:stderr] [CLI subprocess] #### MACWS_HID_BYPASS installed SetMatchingMultiple → no-op (1) at 0x1ae38de8c — skips iOS-format CFBinaryPlist parse inside
[CLI subprocess] ####   IOHIDEventSystemClientCacheMatchingServices → IOHIDUnserializeAndVMDealloc → CFPropertyListCreateFromStream
[CLI subprocess] ####   that BUS_ADRALNs in the IOMFBServer thread.
[CLI subprocess] #### MACWS_AGX_RENAMER_PATCH: off (set MACWS_AGX_RENAMER_PATCH=1 to enable)
[CLI subprocess] #### MACWS_ASSERT_BYPASS DISABLED (set MACWS_KEEP_ASSERT_BYPASS=1 to restore lazy bypass) — real __assert_rtn now reaches abort

[91m[main 2026-07-29T21:48:54.943Z][0m [AgentHost:stderr] [CLI subprocess] #### MACWS_AGX_NATIVE [ctor] pre-loaded IOGPU via /System/Library/PrivateFrameworks/IOGPU.framework/IOGPU -> 0x3fbf9cc10

[91m[main 2026-07-29T21:48:54.944Z][0m [AgentHost:stderr] [CLI subprocess] #### XPC_BOOTSTRAP: fn=0x1aaf45140 dict=0x14ae16040 (registering Metal/ViewBridge/HIServices)

[91m[main 2026-07-29T21:48:54.944Z][0m [AgentHost:stderr] [CLI subprocess] #### XPC_BOOTSTRAP: called OK

[91m[main 2026-07-29T21:48:54.944Z][0m [AgentHost:stderr] [CLI subprocess] #### COEXIST API SwapEnd hook installed target=0x1b5e231cc trampoline=0x1010a0000

[91m[main 2026-07-29T21:48:54.949Z][0m [AgentHost:stderr] [CLI subprocess] #### SkyLight PrepareForUse tolerate-nil hook installed at 0x1b0204fc4

[91m[main 2026-07-29T21:48:54.950Z][0m [AgentHost:stderr] [CLI subprocess] #### SkyLight StartCompositeForDisplayStream nil-skip hook installed at 0x1b002dd74

[91m[main 2026-07-29T21:48:54.950Z][0m [AgentHost:stderr] [CLI subprocess] #### SkyLight StartComposite(WSCD) tolerate-nil + pop-on-bail hook installed at 0x1b002d358

[91m[main 2026-07-29T21:48:54.951Z][0m [AgentHost:stderr] [CLI subprocess] #### SkyLight StartComposite(MTLTex) pop-on-bail hook installed at 0x1b002dfb8

[91m[main 2026-07-29T21:48:54.952Z][0m [AgentHost:stderr] [CLI subprocess] #### SkyLight EndCurrentComposite(bool) completion hook installed at 0x1b002c53c

[91m[main 2026-07-29T21:48:54.953Z][0m [AgentHost:stderr] [CLI subprocess] #### SkyLight EndUpdate(bool) submission hook installed at 0x1b002c0b0

[91m[main 2026-07-29T21:48:54.955Z][0m [AgentHost:stderr] [CLI subprocess] #### SkyLight _state_stack pop_back resolved at 0x1b002afa0

[91m[main 2026-07-29T21:48:54.955Z][0m [AgentHost:stderr] [CLI subprocess] #### SkyLight WSCompositeDestinationCreateWithMetalTexture nil-tolerate hook installed at 0x1b003053c

[91m[main 2026-07-29T21:48:54.956Z][0m [AgentHost:stderr] [CLI subprocess] #### SkyLight MetalContext::StopCapture invalid-this guard installed at 0x1b002c1bc

[91m[main 2026-07-29T21:48:54.957Z][0m [AgentHost:stderr] [CLI subprocess] #### MACWS_AGX_NATIVE class_addMethod(MTLTextureDescriptor, validateWithDevice:) = 1

[91m[main 2026-07-29T21:48:54.957Z][0m [AgentHost:stderr] [CLI subprocess] #### MACWS_AGX_NATIVE class_addMethod(IOGPUMetalTexture, isMemoryless) = 1
[CLI subprocess] #### MACWS_AGX_NATIVE class_addMethod(IOGPUMetalTexture, getCPUSizeBytes) = 1
[CLI subprocess] #### MACWS_AGX_NATIVE class_addMethod(IOGPUMetalTexture, getAlignment) = 1
[CLI subprocess] #### MACWS_AGX_NATIVE class_addMethod(IOGPUMetalTexture, descriptorPrivate) = 1
[CLI subprocess] #### MACWS_AGX_NATIVE class_addMethod(IOGPUMetalTexture, getBytesPerRow) = 1
[CLI subprocess] #### MACWS_AGX_NATIVE class_addMethod(IOGPUMetalTexture, updateBindDataWithAddresses:gpuVirtualAddress:) = 1
[CLI subprocess] #### MACWS_AGX_NATIVE class_addMethod(IOGPUMetalTexture, updateBindDataWithAddresses:gpuVirtualAddress:shouldInitMetadata:) = 1
[CLI subprocess] #### MACWS_AGX_NATIVE class_addMethod(IOGPUMetalTexture, allocBufferSubDataWithLength:options:alignment:heapIndex:bufferIndex:bufferOffset:) = 1
[CLI subprocess] #### MACWS_AGX_NATIVE class_addMethod(IOGPUMetalTexture, initNewTextureData:) = 1
[CLI subprocess] #### MACWS_AGX_NATIVE class_addMethod(MTLTextureDescriptor, isMemoryless) = 1
[CLI subprocess] #### MACWS_AGX_NATIVE class_addMethod(MTLTextureDescriptor, protectionOptions) = 1
[CLI subprocess] #### MACWS_AGX_NATIVE class_addMethod(MTLTextureDescriptor, getCPUSizeBytes) = 1
[CLI subprocess] #### MACWS_AGX_NATIVE class_addMethod(MTLTextureDescriptor, getAlignment) = 1

[91m[main 2026-07-29T21:48:54.957Z][0m [AgentHost:stderr] [CLI subprocess] #### MACWS_AGX_NATIVE class_addMethod(MTLTextureDescriptor, descriptorPrivate) = 1
[CLI subprocess] #### MACWS_AGX_NATIVE class_addMethod(MTLTextureDescriptor, getBytesPerRow) = 1
[CLI subprocess] #### MACWS_AGX_NATIVE class_addMethod(MTLTextureDescriptor, updateBindDataWithAddresses:gpuVirtualAddress:) = 1
[CLI subprocess] #### MACWS_AGX_NATIVE class_addMethod(MTLTextureDescriptor, updateBindDataWithAddresses:gpuVirtualAddress:shouldInitMetadata:) = 1
[CLI subprocess] #### MACWS_AGX_NATIVE class_addMethod(MTLTextureDescriptor, allocBufferSubDataWithLength:options:alignment:heapIndex:bufferIndex:bufferOffset:) = 1
[CLI subprocess] #### MACWS_AGX_NATIVE class_addMethod(MTLTextureDescriptor, initNewTextureData:) = 1

[91m[main 2026-07-29T21:48:55.220Z][0m [AgentHost:stderr] [CLI subprocess] #
[CLI subprocess] # Fatal error
[CLI subprocess] # Oilpan: Out of memory (Oilpan: CagedHeap reservation.)
[CLI subprocess] #
[CLI subprocess] #
[CLI subprocess] #
[CLI subprocess] #FailureMessage Object: 0x16ee7ad58

#### JIT-MPROTECT flip #25600 ranges=1 prot=RX writers=1 exec_waits=7608 late_retries=217
#### MTL_TEX LEASE-HIT #36 key=128x1-pf10-bpe1-fcc1278226488 entry=0x600abf9c0 surf=0x600a92a20 tex=0x6009bac80 retain=1 baseline=1 shapeEntries=1 pool=46MB
#### MTL_TEX LEASE-HIT #37 key=8x8-pf10-bpe1-fcc1278226488 entry=0x600c2ccc0 surf=0x600a944c0 tex=0x6009bd480 retain=1 baseline=1 shapeEntries=1 pool=46MB
#### MTL_TEX LEASE-HIT #38 key=512x256-pf10-bpe1-fcc1278226488 entry=0x600c2e1c0 surf=0x600a94b40 tex=0x6009bf500 retain=1 baseline=1 shapeEntries=1 pool=46MB
#### MTL_TEX LEASE-HIT #39 key=256x128-pf10-bpe1-fcc1278226488 entry=0x600c2e610 surf=0x600a94ae0 tex=0x6009bfc80 retain=1 baseline=1 shapeEntries=1 pool=46MB
#### MTL_TEX LEASE-HIT #40 key=256x64-pf10-bpe1-fcc1278226488 entry=0x600c2e490 surf=0x600a94b20 tex=0x600c80500 retain=1 baseline=1 shapeEntries=2 pool=46MB
#### MTL_TEX LEASE-HIT #41 key=256x64-pf10-bpe1-fcc1278226488 entry=0x600d86c60 surf=0x600a95240 tex=0x6010c7f80 retain=1 baseline=1 shapeEntries=2 pool=46MB
#### MTL_TEX LEASE-HIT #42 key=2048x2048-pf10-bpe1-fcc1278226488 entry=0x600c2ea60 surf=0x600a94a20 tex=0x600c82580 retain=1 baseline=1 shapeEntries=1 pool=46MB
#### IOGPU-CALLBACK-BUFFER-CLEAN commandBuffer=0x6014e5080 class=AGXG13GFamilyCommandBuffer submitSerial=254 fixed=9 target=0x0 start=0x80bd330fb05 end=0x80bd33170aa
#### IOGPU-CALLBACK-BUFFER-CLEAN commandBuffer=0x6014e5080 class=AGXG13GFamilyCommandBuffer submitSerial=254 fixed=9 target=0x0 start=0x80bd331cf7e end=0x80bd331cf7e
#### MTL_TEX LEASE-HIT #43 key=128x16-pf10-bpe1-fcc1278226488 entry=0x600c2e340 surf=0x600a94820 tex=0x6009bed80 retain=1 baseline=1 shapeEntries=1 pool=46MB
#### MTL_TEX LEASE-HIT #44 key=256x32-pf80-bpe4-fcc1111970369 entry=0x601a85af0 surf=0x601ac2380 tex=0x601b24880 retain=1 baseline=1 shapeEntries=1 pool=46MB
#### MTL_TEX LEASE-HIT #45 key=64x64-pf80-bpe4-fcc1111970369 entry=0x600c2ec10 surf=0x600a94a60 tex=0x600c81b80 retain=1 baseline=1 shapeEntries=1 pool=46MB
#### MTL_TEX plain DEPTH-STENCIL: pf=253 routing to native AGX path (IOSurface backing is invalid)
#### AGXIOC sel=0x9 type=0 VA-shape +0x38=0x11accc000 → 0
#### AGXIOC sel=0x9 type=0 VA-shape detected: args+0x40=0x11accc000 (>1GB) → using args+0x48=0x20000 as size, +0x58 0x380888c50 → 0
#### MTL_TEX plain DEPTH-STENCIL native result: 0x600c86680 class=AGXG13GFamilyTexture
#### MTL_TEX plain MEMORYLESS: routing to native AGX path (no IOSurface — tile-memory-only) w=128 h=16 pf=253
#### MTL_TEX plain MEMORYLESS native result: 0x600c88200 (class=AGXG13GFamilyTexture storageMode=3 length=999)
#### MTL_TEX plain MEMORYLESS: routing to native AGX path (no IOSurface — tile-memory-only) w=128 h=16 pf=10
#### MTL_TEX plain MEMORYLESS native result: 0x600c83200 (class=AGXG13GFamilyTexture storageMode=3 length=999)
#### MTL_TEX LEASE-HIT #46 key=161x161-pf10-bpe1-fcc1278226488 entry=0x600d89a80 surf=0x600a99920 tex=0x601410a00 retain=1 baseline=1 shapeEntries=1 pool=46MB
#### MTL_TEX LEASE-HIT #47 key=128x128-pf10-bpe1-fcc1278226488 entry=0x600d8a770 surf=0x600a998c0 tex=0x601411180 retain=1 baseline=1 shapeEntries=1 pool=46MB
#### MTL_TEX LEASE-HIT #48 key=64x64-pf10-bpe1-fcc1278226488 entry=0x600d8a5f0 surf=0x600a99900 tex=0x601411900 retain=1 baseline=1 shapeEntries=2 pool=46MB
#### IOGPU-CALLBACK-BUFFER-CLEAN commandBuffer=0x600275780 class=AGXG13GFamilyCommandBuffer submitSerial=260 fixed=15 target=0x0 start=0x80bd3388513 end=0x80bd338d4d9
#### IOGPU-CALLBACK-BUFFER-CLEAN commandBuffer=0x601076900 class=AGXG13GFamilyCommandBuffer submitSerial=261 fixed=9 target=0x0 start=0x80bd33969ac end=0x80bd3399f55
#### IOGPU-CALLBACK-BUFFER-CLEAN commandBuffer=0x601076900 class=AGXG13GFamilyCommandBuffer submitSerial=261 fixed=9 target=0x0 start=0x80bd339f8c2 end=0x80bd339f8c6
#### IOGPU-CALLBACK-BUFFER-CLEAN commandBuffer=0x601076900 class=AGXG13GFamilyCommandBuffer submitSerial=261 fixed=9 target=0x0 start=0x80bd33aca92 end=0x80bd33aca99
#### IOGPU-CALLBACK-BUFFER-CLEAN commandBuffer=0x60107d900 class=AGXG13GFamilyCommandBuffer submitSerial=264 fixed=13 target=0x0 start=0x80bd33bc7cd end=0x80bd33c0d93
#### IOGPU-CALLBACK-BUFFER-CLEAN commandBuffer=0x60107d580 class=AGXG13GFamilyCommandBuffer submitSerial=265 fixed=13 target=0x0 start=0x80bd33e262a end=0x80bd33e78a7
#### IOGPU-CALLBACK-BUFFER-CLEAN commandBuffer=0x60107d900 class=AGXG13GFamilyCommandBuffer submitSerial=264 fixed=13 target=0x0 start=0x80bd33e7dae end=0x80bd33e7dae
#### IOGPU-CALLBACK-BUFFER-CLEAN commandBuffer=0x60107e700 class=AGXG13GFamilyCommandBuffer submitSerial=270 fixed=14 target=0x0 start=0x80bd35be9b8 end=0x80bd35c3846
#### MACWS_HID_BYPASS installed SetMatchingMultiple → no-op (1) at 0x1ae38de8c — skips iOS-format CFBinaryPlist parse inside
####   IOHIDEventSystemClientCacheMatchingServices → IOHIDUnserializeAndVMDealloc → CFPropertyListCreateFromStream
####   that BUS_ADRALNs in the IOMFBServer thread.
#### MACWS_AGX_RENAMER_PATCH: off (set MACWS_AGX_RENAMER_PATCH=1 to enable)
#### MACWS_ASSERT_BYPASS DISABLED (set MACWS_KEEP_ASSERT_BYPASS=1 to restore lazy bypass) — real __assert_rtn now reaches abort
#### MACWS_AGX_NATIVE [ctor] pre-loaded IOGPU via /System/Library/PrivateFrameworks/IOGPU.framework/IOGPU -> 0x3fbf9cc10
#### XPC_BOOTSTRAP: fn=0x1aaf45140 dict=0x1487075a0 (registering Metal/ViewBridge/HIServices)
#### XPC_BOOTSTRAP: called OK
#### COEXIST API SwapEnd hook installed target=0x1b5e231cc trampoline=0x1044fc000
#### SkyLight PrepareForUse tolerate-nil hook installed at 0x1b0204fc4
#### SkyLight StartCompositeForDisplayStream nil-skip hook installed at 0x1b002dd74
#### SkyLight StartComposite(WSCD) tolerate-nil + pop-on-bail hook installed at 0x1b002d358
#### SkyLight StartComposite(MTLTex) pop-on-bail hook installed at 0x1b002dfb8
#### SkyLight EndCurrentComposite(bool) completion hook installed at 0x1b002c53c
#### SkyLight EndUpdate(bool) submission hook installed at 0x1b002c0b0
#### SkyLight _state_stack pop_back resolved at 0x1b002afa0
#### SkyLight WSCompositeDestinationCreateWithMetalTexture nil-tolerate hook installed at 0x1b003053c
#### SkyLight MetalContext::StopCapture invalid-this guard installed at 0x1b002c1bc
#### MACWS_AGX_NATIVE class_addMethod(MTLTextureDescriptor, validateWithDevice:) = 1
#### MACWS_AGX_NATIVE class_addMethod(IOGPUMetalTexture, isMemoryless) = 1
#### MACWS_AGX_NATIVE class_addMethod(IOGPUMetalTexture, getCPUSizeBytes) = 1
#### MACWS_AGX_NATIVE class_addMethod(IOGPUMetalTexture, getAlignment) = 1
#### MACWS_AGX_NATIVE class_addMethod(IOGPUMetalTexture, descriptorPrivate) = 1
#### MACWS_AGX_NATIVE class_addMethod(IOGPUMetalTexture, getBytesPerRow) = 1
#### MACWS_AGX_NATIVE class_addMethod(IOGPUMetalTexture, updateBindDataWithAddresses:gpuVirtualAddress:) = 1
#### MACWS_AGX_NATIVE class_addMethod(IOGPUMetalTexture, updateBindDataWithAddresses:gpuVirtualAddress:shouldInitMetadata:) = 1
#### MACWS_AGX_NATIVE class_addMethod(IOGPUMetalTexture, allocBufferSubDataWithLength:options:alignment:heapIndex:bufferIndex:bufferOffset:) = 1
#### MACWS_AGX_NATIVE class_addMethod(IOGPUMetalTexture, initNewTextureData:) = 1
#### MACWS_AGX_NATIVE class_addMethod(MTLTextureDescriptor, isMemoryless) = 1
#### MACWS_AGX_NATIVE class_addMethod(MTLTextureDescriptor, protectionOptions) = 1
#### MACWS_AGX_NATIVE class_addMethod(MTLTextureDescriptor, getCPUSizeBytes) = 1
#### MACWS_AGX_NATIVE class_addMethod(MTLTextureDescriptor, getAlignment) = 1
#### MACWS_AGX_NATIVE class_addMethod(MTLTextureDescriptor, descriptorPrivate) = 1
#### MACWS_AGX_NATIVE class_addMethod(MTLTextureDescriptor, getBytesPerRow) = 1
#### MACWS_AGX_NATIVE class_addMethod(MTLTextureDescriptor, updateBindDataWithAddresses:gpuVirtualAddress:) = 1
#### MACWS_AGX_NATIVE class_addMethod(MTLTextureDescriptor, updateBindDataWithAddresses:gpuVirtualAddress:shouldInitMetadata:) = 1
#### MACWS_AGX_NATIVE class_addMethod(MTLTextureDescriptor, allocBufferSubDataWithLength:options:alignment:heapIndex:bufferIndex:bufferOffset:) = 1
#### MACWS_AGX_NATIVE class_addMethod(MTLTextureDescriptor, initNewTextureData:) = 1
#### JIT-MPROTECT flip #9216 ranges=1 prot=RX writers=1 exec_waits=2549 late_retries=72
#### AMFI-POLICY-COMPAT policy=AMFI op=0x60 status=0x4 (iOS task ports are hard-immovable)
#### CSR-POLICY-COMPAT active_config=0x0 (conservative iOS compatibility value)
[73017:0729/144856.899203:ERROR:base/process/process_mac.cc:53] task_policy_set TASK_CATEGORY_POLICY: (os/kern) invalid argument (4)
2026-07-29 14:48:56.929 Code Helper (Renderer)[73017:12300033] XType: Using static font registry.
#### JIT-MPROTECT range[0]=[0x280000000,0x290000000) source=MAP_JIT-EINVAL
#### JIT-MPROTECT execution barrier installed (W^X fetch-wait compatibility)
#### JIT-MPROTECT range[0]=[0x280000000,0x290000000) source=MAP_JIT-EINVAL
#### JIT-MPROTECT range[0]=[0x280000000,0x290000000) source=MAP_JIT-EINVAL
#### JIT-MPROTECT range[0]=[0x280000000,0x290000000) source=MAP_JIT-EINVAL
#### JIT-MPROTECT range[0]=[0x280000000,0x290000000) source=MAP_JIT-EINVAL
#### JIT-MPROTECT range[0]=[0x280000000,0x290000000) source=MAP_JIT-EINVAL
#### JIT-MPROTECT range[0]=[0x280000000,0x290000000) source=MAP_JIT-EINVAL
#### JIT-MPROTECT range[0]=[0x280000000,0x290000000) source=MAP_JIT-EINVAL
#### JIT-MPROTECT range[0]=[0x170000000,0x180000000) source=MAP_JIT-EINVAL
#### JIT-MPROTECT remap decline #1 dst=0x177dc0000 size=0x208000 src=0x1137b4000 requested=0x5 -> V8 copy fallback
#### JIT-MPROTECT flip #1 ranges=1 prot=RW writers=1 exec_waits=0 late_retries=0
#### JIT-MPROTECT flip #2 ranges=1 prot=RX writers=1 exec_waits=0 late_retries=0
#### IOGPU-CALLBACK-BUFFER-CLEAN commandBuffer=0x601079680 class=AGXG13GFamilyCommandBuffer submitSerial=273 fixed=14 target=0x0 start=0x80bd40a75ec end=0x80bd40ad031
#### JIT-MPROTECT flip #3 ranges=1 prot=RW writers=1 exec_waits=0 late_retries=0
#### JIT-MPROTECT flip #4 ranges=1 prot=RX writers=1 exec_waits=0 late_retries=0
#### JIT-MPROTECT flip #5 ranges=1 prot=RW writers=1 exec_waits=0 late_retries=0
#### JIT-MPROTECT flip #6 ranges=1 prot=RX writers=1 exec_waits=0 late_retries=0
#### JIT-MPROTECT flip #7 ranges=1 prot=RW writers=1 exec_waits=0 late_retries=0
#### JIT-MPROTECT flip #8 ranges=1 prot=RX writers=1 exec_waits=0 late_retries=0
#### JIT-MPROTECT flip #9 ranges=1 prot=RW writers=1 exec_waits=0 late_retries=0
#### JIT-MPROTECT flip #10 ranges=1 prot=RX writers=1 exec_waits=0 late_retries=0
#### JIT-MPROTECT flip #11 ranges=1 prot=RW writers=1 exec_waits=0 late_retries=0
#### JIT-MPROTECT flip #12 ranges=1 prot=RX writers=1 exec_waits=0 late_retries=0
#### JIT-MPROTECT flip #13 ranges=1 prot=RW writers=1 exec_waits=0 late_retries=0
#### JIT-MPROTECT flip #14 ranges=1 prot=RX writers=1 exec_waits=1 late_retries=0
#### JIT-MPROTECT flip #15 ranges=1 prot=RW writers=1 exec_waits=1 late_retries=0
#### JIT-MPROTECT flip #16 ranges=1 prot=RX writers=1 exec_waits=2 late_retries=0
#### JIT-MPROTECT flip #17 ranges=1 prot=RW writers=1 exec_waits=2 late_retries=0
#### JIT-MPROTECT flip #18 ranges=1 prot=RX writers=1 exec_waits=3 late_retries=0
#### JIT-MPROTECT flip #19 ranges=1 prot=RW writers=1 exec_waits=3 late_retries=0
#### JIT-MPROTECT flip #20 ranges=1 prot=RX writers=1 exec_waits=4 late_retries=0
#### JIT-MPROTECT flip #21 ranges=1 prot=RW writers=1 exec_waits=4 late_retries=0
#### JIT-MPROTECT flip #22 ranges=1 prot=RX writers=1 exec_waits=4 late_retries=0
#### JIT-MPROTECT flip #23 ranges=1 prot=RW writers=1 exec_waits=4 late_retries=0
#### JIT-MPROTECT flip #24 ranges=1 prot=RX writers=1 exec_waits=5 late_retries=0
#### JIT-MPROTECT flip #25 ranges=1 prot=RW writers=1 exec_waits=5 late_retries=0
#### JIT-MPROTECT flip #26 ranges=1 prot=RX writers=1 exec_waits=6 late_retries=0
#### JIT-MPROTECT flip #27 ranges=1 prot=RW writers=1 exec_waits=6 late_retries=0
#### JIT-MPROTECT flip #28 ranges=1 prot=RX writers=1 exec_waits=7 late_retries=0
#### JIT-MPROTECT flip #29 ranges=1 prot=RW writers=1 exec_waits=7 late_retries=0
#### JIT-MPROTECT flip #30 ranges=1 prot=RX writers=1 exec_waits=8 late_retries=0
#### JIT-MPROTECT flip #31 ranges=1 prot=RW writers=1 exec_waits=8 late_retries=0
#### JIT-MPROTECT flip #32 ranges=1 prot=RX writers=1 exec_waits=9 late_retries=0
#### IOGPU-CALLBACK-BUFFER-CLEAN commandBuffer=0x601079680 class=AGXG13GFamilyCommandBuffer submitSerial=273 fixed=14 target=0x0 start=0x80bd4109abc end=0x80bd4109acb
#### IOGPU-CALLBACK-BUFFER-CLEAN commandBuffer=0x601079680 class=AGXG13GFamilyCommandBuffer submitSerial=273 fixed=14 target=0x0 start=0x80bd4245ee0 end=0x80bd4245ee9
#### IOGPU-CALLBACK-BUFFER-CLEAN commandBuffer=0x601079d80 class=AGXG13GFamilyCommandBuffer submitSerial=276 fixed=14 target=0x0 start=0x80bd42582be end=0x80bd425e5f1
#### MTL_TEX plain DEPTH-STENCIL: pf=260 routing to native AGX path (IOSurface backing is invalid)
#### MTL_TEX plain DEPTH-STENCIL native result: 0x601b23c00 class=AGXG13GFamilyTexture
#### JIT-MPROTECT flip #1024 ranges=1 prot=RX writers=1 exec_waits=287 late_retries=0
#### AGX_LIFE CREATE id=0x2d7 type=0 surf=0 bytes=0x4000 kr=0 okC=1000 failC=0 okD=273 failD=0 unmatchedD=1 full=0 live=727/256MB [t0=498/128MB t80=2/0MB t82=227/127MB]
[91m[main 2026-07-29T21:48:57.268Z][0m ProxyResolver#loadSystemCertificates error 206
#### AGX_LIFE CREATE id=0x393 type=0 surf=0 bytes=0x4000 kr=0 okC=1250 failC=0 okD=335 failD=0 unmatchedD=1 full=0 live=915/259MB [t0=686/132MB t80=2/0MB t82=227/127MB]
#### AGXIOC subres parent 0x20000 -> resourceID 0x56, base=0x11f7bde00 span=0x20000
#### MTL_TEX MIP-NATIVE result attempt=88 tex=0x601d05500 class=AGXG13GFamilyTexture
#### AGXIOC subres parent 0x20000 -> resourceID 0x56, base=0x11f7be500 span=0x20000
#### MTL_TEX MIP-NATIVE result attempt=89 tex=0x601d05a00 class=AGXG13GFamilyTexture
#### MTL_TEX MIP-NATIVE result attempt=90 tex=0x601d05f00 class=AGXG13GFamilyTexture
#### MTL_TEX MIP-NATIVE result attempt=91 tex=0x601d06400 class=AGXG13GFamilyTexture
#### MTL_TEX MIP-NATIVE result attempt=92 tex=0x601d06900 class=AGXG13GFamilyTexture
#### AGXIOC heap map #1000 clientID 0x4000 -> resourceID 0x39f size 0x4000
#### MTL_TEX MIP-NATIVE result attempt=93 tex=0x601d06e00 class=AGXG13GFamilyTexture
#### MTL_TEX MIP-NATIVE result attempt=94 tex=0x601d07300 class=AGXG13GFamilyTexture
#### MTL_TEX MIP-NATIVE result attempt=95 tex=0x601d07800 class=AGXG13GFamilyTexture
#### MTL_TEX MIP-NATIVE result attempt=96 tex=0x601d07d00 class=AGXG13GFamilyTexture
#### MTL_TEX MIP-NATIVE result attempt=97 tex=0x601d08200 class=AGXG13GFamilyTexture
#### MTL_TEX MIP-NATIVE result attempt=98 tex=0x601d08700 class=AGXG13GFamilyTexture
#### MTL_TEX MIP-NATIVE result attempt=99 tex=0x601d08c00 class=AGXG13GFamilyTexture
#### MTL_TEX MIP-NATIVE result attempt=100 tex=0x601d09100 class=AGXG13GFamilyTexture
#### MTL_TEX MIP-NATIVE result attempt=101 tex=0x601d09600 class=AGXG13GFamilyTexture
#### IOGPU-CALLBACK-BUFFER-CLEAN commandBuffer=0x601ce5080 class=AGXG13GFamilyCommandBuffer submitSerial=282 fixed=41 target=0x0 start=0x80bd4a16026 end=0x80bd4a28f58
#### MTL_TEX MIP-NATIVE result attempt=102 tex=0x601d09b00 class=AGXG13GFamilyTexture
#### MTL_TEX MIP-NATIVE result attempt=103 tex=0x601d0a000 class=AGXG13GFamilyTexture
#### MTL_TEX MIP-NATIVE result attempt=104 tex=0x601d0a500 class=AGXG13GFamilyTexture
#### MTL_TEX MIP-NATIVE result attempt=105 tex=0x601d0aa00 class=AGXG13GFamilyTexture
#### MTL_TEX MIP-NATIVE result attempt=106 tex=0x601d0af00 class=AGXG13GFamilyTexture
#### MTL_TEX MIP-NATIVE result attempt=107 tex=0x601d0b400 class=AGXG13GFamilyTexture
#### MTL_TEX MIP-NATIVE result attempt=108 tex=0x601d0b900 class=AGXG13GFamilyTexture
#### MTL_TEX MIP-NATIVE result attempt=109 tex=0x601d0be00 class=AGXG13GFamilyTexture
#### MTL_TEX MIP-NATIVE result attempt=110 tex=0x601d0c300 class=AGXG13GFamilyTexture
#### MTL_TEX MIP-NATIVE result attempt=111 tex=0x601d0c800 class=AGXG13GFamilyTexture
#### MTL_TEX MIP-NATIVE result attempt=112 tex=0x601d0cd00 class=AGXG13GFamilyTexture
#### MTL_TEX MIP-NATIVE result attempt=113 tex=0x601d0d200 class=AGXG13GFamilyTexture
#### MTL_TEX MIP-NATIVE result attempt=114 tex=0x601d0d700 class=AGXG13GFamilyTexture
#### MTL_TEX MIP-NATIVE result attempt=115 tex=0x601d0dc00 class=AGXG13GFamilyTexture
#### MTL_TEX MIP-NATIVE result attempt=116 tex=0x601d0e100 class=AGXG13GFamilyTexture
#### MTL_TEX MIP-NATIVE result attempt=117 tex=0x601d0e600 class=AGXG13GFamilyTexture
#### MTL_TEX MIP-NATIVE result attempt=118 tex=0x601d0eb00 class=AGXG13GFamilyTexture
#### MTL_TEX MIP-NATIVE result attempt=119 tex=0x601d0f000 class=AGXG13GFamilyTexture
#### MTL_TEX MIP-NATIVE result attempt=120 tex=0x601d0f500 class=AGXG13GFamilyTexture
#### MTL_TEX MIP-NATIVE result attempt=121 tex=0x601d0fa00 class=AGXG13GFamilyTexture
#### MTL_TEX MIP-NATIVE result attempt=122 tex=0x601d80000 class=AGXG13GFamilyTexture
#### MTL_TEX MIP-NATIVE result attempt=123 tex=0x601d80500 class=AGXG13GFamilyTexture
#### MTL_TEX MIP-NATIVE result attempt=124 tex=0x601d80a00 class=AGXG13GFamilyTexture
#### MTL_TEX MIP-NATIVE result attempt=125 tex=0x601d80f00 class=AGXG13GFamilyTexture
#### MTL_TEX MIP-NATIVE result attempt=126 tex=0x601d81400 class=AGXG13GFamilyTexture
#### MTL_TEX MIP-NATIVE result attempt=127 tex=0x601d81900 class=AGXG13GFamilyTexture
#### MTL_TEX MIP-NATIVE result attempt=128 tex=0x601d81e00 class=AGXG13GFamilyTexture
#### MTL_TEX MIP-NATIVE result attempt=129 tex=0x601d82300 class=AGXG13GFamilyTexture
#### MTL_TEX MIP-NATIVE result attempt=130 tex=0x601d82d00 class=AGXG13GFamilyTexture
#### MTL_TEX MIP-NATIVE result attempt=131 tex=0x601d83700 class=AGXG13GFamilyTexture
#### MTL_TEX MIP-NATIVE result attempt=132 tex=0x601d83c00 class=AGXG13GFamilyTexture
#### MTL_TEX MIP-NATIVE result attempt=133 tex=0x601d84600 class=AGXG13GFamilyTexture
#### MTL_TEX MIP-NATIVE result attempt=134 tex=0x601d85000 class=AGXG13GFamilyTexture
#### MTL_TEX MIP-NATIVE result attempt=135 tex=0x601d85500 class=AGXG13GFamilyTexture
#### MTL_TEX MIP-NATIVE result attempt=136 tex=0x601d85a00 class=AGXG13GFamilyTexture
#### MTL_TEX MIP-NATIVE result attempt=137 tex=0x601d86400 class=AGXG13GFamilyTexture
#### IOGPU-CALLBACK-BUFFER commandBuffer=0x601cec780 class=AGXG13GFamilyCommandBuffer submitSerial=0 fixed=0 target=0x0 errorCode=1 start=0x80bd4dc087b end=0x80bd4dc0888 error=0x601d14200 errorClass=NSError
#### IOGPU-CALLBACK-OBJECT role=buffer-error object=0x601d14200 dynamicClass=NSError instanceSize=0x28
#### IOGPU-CALLBACK-CLASS role=buffer-error depth=0 class=NSError ivars=4
#### IOGPU-CALLBACK-IVAR role=buffer-error class=NSError offset=0x8 name=_reserved type=^v raw64=0
#### IOGPU-CALLBACK-IVAR role=buffer-error class=NSError offset=0x10 name=_code type=q raw64=0x1
#### IOGPU-CALLBACK-IVAR role=buffer-error class=NSError offset=0x18 name=_domain type=@"NSString" raw64=0x208478a90
#### IOGPU-CALLBACK-IVAR role=buffer-error class=NSError offset=0x20 name=_userInfo type=@"NSDictionary" raw64=0x601640cc0
#### IOGPU-CALLBACK-CLASS role=buffer-error depth=1 class=NSObject ivars=1
#### IOGPU-CALLBACK-IVAR role=buffer-error class=NSObject offset=0 name=isa type=# raw64=0x100000206220349
#### IOGPU-CALLBACK-BYTES role=buffer-error base=0x601d14200 offset=0 bytes=490322060200000100000000000000000100000000000000908a470802000000
#### IOGPU-CALLBACK-BYTES role=buffer-error base=0x601d14200 offset=0x20 bytes=c00c640106000000
#### IOGPU-CALLBACK-ERROR domain=MTLCommandBufferErrorDomain code=1 userInfo=0x601640cc0 userInfoClass=__NSSingleEntryDictionaryI
#### IOGPU-CALLBACK-OBJECT role=buffer-error-user-info object=0x601640cc0 dynamicClass=__NSSingleEntryDictionaryI instanceSize=0x18
#### IOGPU-CALLBACK-CLASS role=buffer-error-user-info depth=0 class=__NSSingleEntryDictionaryI ivars=2
#### IOGPU-CALLBACK-IVAR role=buffer-error-user-info class=__NSSingleEntryDictionaryI offset=0x8 name=_obj type=@ raw64=0x600c5c8a0
#### IOGPU-CALLBACK-IVAR role=buffer-error-user-info class=__NSSingleEntryDictionaryI offset=0x10 name=_key type=@ raw64=0x2071ec200
#### IOGPU-CALLBACK-CLASS role=buffer-error-user-info depth=1 class=NSDictionary ivars=0
#### IOGPU-CALLBACK-CLASS role=buffer-error-user-info depth=2 class=NSObject ivars=1
#### IOGPU-CALLBACK-IVAR role=buffer-error-user-info class=NSObject offset=0 name=isa type=# raw64=0x300000206218471
#### IOGPU-CALLBACK-BYTES role=buffer-error-user-info base=0x601640cc0 offset=0 bytes=7184210602000003a0c8c5000600000000c21e0702000000
#### IOGPU-CALLBACK-USERINFO count=1 limit=1
#### IOGPU-CALLBACK-USERINFO-ENTRY index=0 key=NSLocalizedDescription value=0x600c5c8a0 class=__NSCFString string=Internal Error (00000103:Internal Error)
#### IOGPU-CALLBACK-STORAGE role=buffer-before-original commandBuffer=0x601cec780 class=AGXG13GFamilyCommandBuffer ivarOffset=0x250 storage=0x601711c00
#### IOGPU-CALLBACK-BYTES role=command-storage base=0x601711c00 offset=0 bytes=00202c0006000000d0808a000600000000000000000000000000000000000000
#### IOGPU-CALLBACK-BYTES role=command-storage base=0x601711c00 offset=0x20 bytes=f01e29000600000000c0582901000000c0345a290100000000c05a2901000000
#### IOGPU-CALLBACK-BYTES role=command-storage base=0x601711c00 offset=0x40 bytes=0000000000000000000000000000000000000000000000000000000000000000
#### IOGPU-CALLBACK-BYTES role=command-storage base=0x601711c00 offset=0x60 bytes=104f2900060000000080171b010000000000181b010000000000000000000000
#### IOGPU-CALLBACK-BYTES role=command-storage base=0x601711c00 offset=0x80 bytes=0000000000000000000000000000000000000000000000000000000000000000
#### IOGPU-CALLBACK-BYTES role=command-storage base=0x601711c00 offset=0xa0 bytes=0000000000000000000000000000000000000000000000000000000000000000
#### IOGPU-CALLBACK-BYTES role=command-storage base=0x601711c00 offset=0xc0 bytes=0000000000000000000000000000000000000000000000000000000000000000
#### IOGPU-CALLBACK-BYTES role=command-storage base=0x601711c00 offset=0xe0 bytes=0000000000000000000000000000000000000000000000000000000000000000
#### IOGPU-CALLBACK-BYTES role=command-storage base=0x601711c00 offset=0x100 bytes=0000000000000000000000000000000000000000000000000000000000000000
#### IOGPU-CALLBACK-BYTES role=command-storage base=0x601711c00 offset=0x120 bytes=0000000000000000000000000000000000000000000000000000000000000000
#### IOGPU-CALLBACK-BYTES role=command-storage base=0x601711c00 offset=0x140 bytes=0000000000000000000000000000000000000000000000000000000000000000
#### IOGPU-CALLBACK-BYTES role=command-storage base=0x601711c00 offset=0x160 bytes=0000000000000000000000000000000000000000000000000000000000000000
#### IOGPU-CALLBACK-BYTES role=command-storage base=0x601711c00 offset=0x180 bytes=0000000000000000000000000000000000000000000000000000000000000000
#### IOGPU-CALLBACK-BYTES role=command-storage base=0x601711c00 offset=0x1a0 bytes=0000000000000000000000000000000000000000000000000000000000000000
#### IOGPU-CALLBACK-BYTES role=command-storage base=0x601711c00 offset=0x1c0 bytes=0000000000000000000000000000000000000000000000000000000000000000
#### IOGPU-CALLBACK-BYTES role=command-storage base=0x601711c00 offset=0x1e0 bytes=0000000000000000000000000000000000000000000000000000000000000000
#### IOGPU-CALLBACK-BYTES role=command-storage base=0x601711c00 offset=0x200 bytes=0000000000000000000000000000000000000000000000000000000000000000
#### IOGPU-CALLBACK-BYTES role=command-storage base=0x601711c00 offset=0x220 bytes=0000000000000000000000000000000000000000000000000000000000000000
#### IOGPU-CALLBACK-BYTES role=command-storage base=0x601711c00 offset=0x240 bytes=0000000000000000000000000000000000000000000000000090820106000000
#### IOGPU-CALLBACK-BYTES role=command-storage base=0x601711c00 offset=0x260 bytes=40b07c0106000000003008000600000000080000000000000b00000000080000
#### IOGPU-CALLBACK-BYTES role=command-storage base=0x601711c00 offset=0x280 bytes=1f00000002000000020000000000000050de171b01000000004053d601000000
#### IOGPU-CALLBACK-BYTES role=command-storage base=0x601711c00 offset=0x2a0 bytes=00c0b4d601000000860000000e000000030000000e0000000000000000000000
#### IOGPU-CALLBACK-BYTES role=command-storage base=0x601711c00 offset=0x2c0 bytes=02000000000000005042f4c701000000001c71010600000000c0180106000000
#### IOGPU-CALLBACK-BYTES role=command-storage base=0x601711c00 offset=0x2e0 bytes=000018010600000015000000000000002000000000000000c0a87c0106000000
#### IOGPU-ERROR-GETTER observation=1 commandBuffer=0x601cec780 class=AGXG13GFamilyCommandBuffer submitSerial=0 fixed=0 domain=MTLCommandBufferErrorDomain code=1 description=Internal Error (00000103:Internal Error)
[72919:0729/144857.571010:ERROR:ui/gl/angle_platform_impl.cc:47] mtl_command_buffer.mm:693 (onCommandBufferCompleted): Completed MTLCommandBuffer failed, and error is Internal Error (00000103:Internal Error)
#### MTL_TEX MIP-NATIVE result attempt=138 tex=0x601b0e100 class=AGXG13GFamilyTexture
#### MTL_TEX MIP-NATIVE result attempt=139 tex=0x601417f80 class=AGXG13GFamilyTexture
#### MTL_TEX MIP-NATIVE result attempt=140 tex=0x601d86900 class=AGXG13GFamilyTexture
#### IOGPU-CALLBACK-BUFFER-CLEAN commandBuffer=0x60107f180 class=AGXG13GFamilyCommandBuffer submitSerial=284 fixed=9 target=0x0 start=0x80bd4f4104c end=0x80bd4f4f896
#### MTL_TEX MIP-NATIVE result attempt=141 tex=0x601d86e00 class=AGXG13GFamilyTexture
#### MTL_TEX MIP-NATIVE result attempt=142 tex=0x601d87300 class=AGXG13GFamilyTexture
#### MTL_TEX MIP-NATIVE result attempt=143 tex=0x601d87800 class=AGXG13GFamilyTexture
#### MTL_TEX MIP-NATIVE result attempt=144 tex=0x601d87d00 class=AGXG13GFamilyTexture
#### MTL_TEX MIP-NATIVE result attempt=145 tex=0x601d88200 class=AGXG13GFamilyTexture
#### IOGPU-CALLBACK-BUFFER-CLEAN commandBuffer=0x60107f500 class=AGXG13GFamilyCommandBuffer submitSerial=285 fixed=16 target=0x0 start=0x80bd5070dd2 end=0x80bd507dfe4
#### MTL_TEX MIP-NATIVE result attempt=146 tex=0x601d88700 class=AGXG13GFamilyTexture
#### MTL_TEX MIP-NATIVE result attempt=147 tex=0x601d88c00 class=AGXG13GFamilyTexture
#### MTL_TEX MIP-NATIVE result attempt=148 tex=0x601d89100 class=AGXG13GFamilyTexture
#### MTL_TEX MIP-NATIVE result attempt=149 tex=0x601d89600 class=AGXG13GFamilyTexture
#### MTL_TEX MIP-NATIVE result attempt=150 tex=0x601d89b00 class=AGXG13GFamilyTexture
#### MTL_TEX MIP-NATIVE result attempt=151 tex=0x601d8a000 class=AGXG13GFamilyTexture
#### MTL_TEX MIP-NATIVE result attempt=152 tex=0x601d8a500 class=AGXG13GFamilyTexture
#### MTL_TEX MIP-NATIVE result attempt=153 tex=0x601d8aa00 class=AGXG13GFamilyTexture
#### MTL_TEX MIP-NATIVE result attempt=154 tex=0x601d8af00 class=AGXG13GFamilyTexture
#### IOGPU-CALLBACK-BUFFER-CLEAN commandBuffer=0x60107f180 class=AGXG13GFamilyCommandBuffer submitSerial=286 fixed=26 target=0x0 start=0x80bd509dc2e end=0x80bd50a6166
#### MTL_TEX MIP-NATIVE result attempt=155 tex=0x601d8b400 class=AGXG13GFamilyTexture
#### MTL_TEX MIP-NATIVE result attempt=156 tex=0x601d8b900 class=AGXG13GFamilyTexture
#### MTL_TEX MIP-NATIVE result attempt=157 tex=0x601d8be00 class=AGXG13GFamilyTexture
#### MTL_TEX MIP-NATIVE result attempt=158 tex=0x601d8c300 class=AGXG13GFamilyTexture
#### MTL_TEX MIP-NATIVE result attempt=159 tex=0x601d8c800 class=AGXG13GFamilyTexture
#### MTL_TEX MIP-NATIVE result attempt=160 tex=0x601d8cd00 class=AGXG13GFamilyTexture
#### MTL_TEX MIP-NATIVE result attempt=161 tex=0x601d8d200 class=AGXG13GFamilyTexture
#### MTL_TEX MIP-NATIVE result attempt=162 tex=0x601d8d700 class=AGXG13GFamilyTexture
#### MTL_TEX MIP-NATIVE result attempt=163 tex=0x601d8dc00 class=AGXG13GFamilyTexture
#### MTL_TEX MIP-NATIVE result attempt=164 tex=0x601d8e100 class=AGXG13GFamilyTexture
#### MTL_TEX MIP-NATIVE result attempt=165 tex=0x601d8e600 class=AGXG13GFamilyTexture
#### MTL_TEX MIP-NATIVE result attempt=166 tex=0x601d8eb00 class=AGXG13GFamilyTexture
#### MTL_TEX MIP-NATIVE result attempt=167 tex=0x601d8f000 class=AGXG13GFamilyTexture
#### MTL_TEX MIP-NATIVE result attempt=168 tex=0x601d8f500 class=AGXG13GFamilyTexture
#### MTL_TEX MIP-NATIVE result attempt=169 tex=0x601d8fa00 class=AGXG13GFamilyTexture
#### IOGPU-CALLBACK-BUFFER-CLEAN commandBuffer=0x60107f500 class=AGXG13GFamilyCommandBuffer submitSerial=287 fixed=20 target=0x0 start=0x80bd50cdc6a end=0x80bd50d3913
#### MTL_TEX MIP-NATIVE result attempt=170 tex=0x601db0000 class=AGXG13GFamilyTexture
#### MTL_TEX MIP-NATIVE result attempt=171 tex=0x601db0500 class=AGXG13GFamilyTexture
#### MTL_TEX MIP-NATIVE result attempt=172 tex=0x601db0c80 class=AGXG13GFamilyTexture
#### MTL_TEX MIP-NATIVE result attempt=173 tex=0x601db1180 class=AGXG13GFamilyTexture
#### MTL_TEX MIP-NATIVE result attempt=174 tex=0x601db1680 class=AGXG13GFamilyTexture
#### IOGPU-CALLBACK-BUFFER-CLEAN commandBuffer=0x60107f180 class=AGXG13GFamilyCommandBuffer submitSerial=288 fixed=37 target=0x0 start=0x80bd5108974 end=0x80bd5113b13
#### IOGPU-CALLBACK-BUFFER-CLEAN commandBuffer=0x60107f500 class=AGXG13GFamilyCommandBuffer submitSerial=287 fixed=20 target=0x0 start=0x80bd51cc14c end=0x80bd51cc155
#### IOGPU-CALLBACK-BUFFER-CLEAN commandBuffer=0x60107f500 class=AGXG13GFamilyCommandBuffer submitSerial=287 fixed=20 target=0x0 start=0x80bd5c996e3 end=0x80bd5c996f0
#### IOSURFACE-RELEASE-ABI pair #1: conn=20487 surfaceID=166 sel=1 -> 0
#### JIT-MPROTECT flip #10240 ranges=1 prot=RX writers=1 exec_waits=2561 late_retries=72
#### JIT-MPROTECT flip #26624 ranges=1 prot=RX writers=1 exec_waits=7744 late_retries=217
