[launchdchrootexec] target=/Applications/Visual Studio Code.app/Contents/MacOS/Electron arch=arm64 insert=/usr/local/lib/libmachook_arm64.dylib
getppid = 1
#### MACWS_HID_BYPASS installed SetMatchingMultiple → no-op (1) at 0x18cf3de8c — skips iOS-format CFBinaryPlist parse inside
####   IOHIDEventSystemClientCacheMatchingServices → IOHIDUnserializeAndVMDealloc → CFPropertyListCreateFromStream
####   that BUS_ADRALNs in the IOMFBServer thread.
#### MACWS_AGX_RENAMER_PATCH: off (set MACWS_AGX_RENAMER_PATCH=1 to enable)
#### MACWS_ASSERT_BYPASS DISABLED (set MACWS_KEEP_ASSERT_BYPASS=1 to restore lazy bypass) — real __assert_rtn now reaches abort
#### MACWS_AGX_NATIVE [ctor] pre-loaded IOGPU via /System/Library/PrivateFrameworks/IOGPU.framework/IOGPU -> 0x3a66bcc10
#### XPC_BOOTSTRAP: fn=0x189af5140 dict=0x13de11510 (registering Metal/ViewBridge/HIServices)
#### XPC_BOOTSTRAP: called OK
#### COEXIST API SwapEnd hook installed target=0x1949d31cc trampoline=0x102534000
#### SkyLight PrepareForUse tolerate-nil hook installed at 0x18edb4fc4
#### SkyLight StartCompositeForDisplayStream nil-skip hook installed at 0x18ebddd74
#### SkyLight StartComposite(WSCD) tolerate-nil + pop-on-bail hook installed at 0x18ebdd358
#### SkyLight StartComposite(MTLTex) pop-on-bail hook installed at 0x18ebddfb8
#### SkyLight EndCurrentComposite(bool) completion hook installed at 0x18ebdc53c
#### SkyLight EndUpdate(bool) submission hook installed at 0x18ebdc0b0
#### SkyLight _state_stack pop_back resolved at 0x18ebdafa0
#### SkyLight WSCompositeDestinationCreateWithMetalTexture nil-tolerate hook installed at 0x18ebe053c
#### SkyLight MetalContext::StopCapture invalid-this guard installed at 0x18ebdc1bc
#### MACWS_AGX_NATIVE class_addMethod(MTLTextureDescriptor, validateWithDevice:) = 1
#### MACWS_AGX_NATIVE class_addMethod(IOGPUMetalTexture, isMemoryless) = 1
#### MACWS_AGX_NATIVE class_addMethod(IOGPUMetalTexture, getCPUSizeBytes) = 1
#### MACWS_AGX_NATIVE class_addMethod(IOGPUMetalTexture, getAlignment) = 1
#### MACWS_AGX_NATIVE class_addMethod(IOGPUMetalTexture, descriptorPrivate) = 1
#### MACWS_AGX_NATIVE class_addMethod(IOGPUMetalTexture, getBytesPerRow) = 1
#### MACWS_AGX_NATIVE class_addMethod(IOGPUMetalTexture, updateBindDataWithAddresses:gpuVirtualAddress:) = 1
#### MACWS_AGX_NATIVE class_addMethod(IOGPUMetalTexture, updateBindDataWithAddresses:gpuVirtualAddress:shouldInitMetadata:) = 1
#### MACWS_AGX_NATIVE class_addMethod(IOGPUMetalTexture, allocBufferSubDataWithLength:options:alignment:heapIndex:bufferIndex:bufferOffset:) = 1
#### MACWS_AGX_NATIVE class_addMethod(IOGPUMetalTexture, initNewTextureData:) = 1
#### MACWS_AGX_NATIVE class_addMethod(MTLTextureDescriptor, isMemoryless) = 1
#### MACWS_AGX_NATIVE class_addMethod(MTLTextureDescriptor, protectionOptions) = 1
#### MACWS_AGX_NATIVE class_addMethod(MTLTextureDescriptor, getCPUSizeBytes) = 1
#### MACWS_AGX_NATIVE class_addMethod(MTLTextureDescriptor, getAlignment) = 1
#### MACWS_AGX_NATIVE class_addMethod(MTLTextureDescriptor, descriptorPrivate) = 1
#### MACWS_AGX_NATIVE class_addMethod(MTLTextureDescriptor, getBytesPerRow) = 1
#### MACWS_AGX_NATIVE class_addMethod(MTLTextureDescriptor, updateBindDataWithAddresses:gpuVirtualAddress:) = 1
#### MACWS_AGX_NATIVE class_addMethod(MTLTextureDescriptor, updateBindDataWithAddresses:gpuVirtualAddress:shouldInitMetadata:) = 1
#### MACWS_AGX_NATIVE class_addMethod(MTLTextureDescriptor, allocBufferSubDataWithLength:options:alignment:heapIndex:bufferIndex:bufferOffset:) = 1
#### MACWS_AGX_NATIVE class_addMethod(MTLTextureDescriptor, initNewTextureData:) = 1
#### AMFI-POLICY-COMPAT policy=AMFI op=0x60 status=0x4 (iOS task ports are hard-immovable)
#### CSR-POLICY-COMPAT active_config=0x0 (conservative iOS compatibility value)
[68621:0728/055814.820342:VERBOSE1:components/device_event_log/device_event_log_impl.cc:204] [05:58:14.784] Display: EVENT: screen_mac.mm:465 Displays updated, count: 1
[68621:0728/055814.821024:VERBOSE1:components/device_event_log/device_event_log_impl.cc:204] [05:58:14.820] Display: EVENT: screen_mac.mm:467 Display[1] bounds=[0,0 1194x834], workarea=[0,25 1194x809], scale=2, rotation=0, panel_rotation=0 internal detected
#### JIT-MPROTECT range[0]=[0x280000000,0x290000000) source=MAP_JIT-EINVAL
#### JIT-MPROTECT execution barrier installed (W^X fetch-wait compatibility)
#### JIT-MPROTECT range[0]=[0x280000000,0x290000000) source=MAP_JIT-EINVAL
#### JIT-MPROTECT range[0]=[0x280000000,0x290000000) source=MAP_JIT-EINVAL
#### JIT-MPROTECT range[0]=[0x280000000,0x290000000) source=MAP_JIT-EINVAL
#### JIT-MPROTECT range[0]=[0x280000000,0x290000000) source=MAP_JIT-EINVAL
#### JIT-MPROTECT range[0]=[0x280000000,0x290000000) source=MAP_JIT-EINVAL
#### JIT-MPROTECT range[0]=[0x280000000,0x290000000) source=MAP_JIT-EINVAL
#### JIT-MPROTECT range[0]=[0x280000000,0x290000000) source=MAP_JIT-EINVAL
#### JIT-MPROTECT range[0]=[0x170000000,0x180000000) source=MAP_JIT-EINVAL
#### JIT-MPROTECT call #1 addr=0x170000000 size=0x10000000 requested=0x7 effective=0x3 result=0 errno=0 caller=0x113fa2334 image=/Applications/Visual Studio Code.app/Contents/Frameworks/Electron Framework.framework/Versions/A/Electron Framework offset=0x63b2334
#### JIT-MPROTECT remap decline #1 dst=0x177dc0000 size=0x208000 src=0x110298000 requested=0x5 -> V8 copy fallback
#### JIT-MPROTECT flip #1 ranges=1 prot=RW writers=1 exec_waits=0 late_retries=0
#### JIT-MPROTECT flip #2 ranges=1 prot=RX writers=1 exec_waits=0 late_retries=0
#### JIT-MPROTECT flip #3 ranges=1 prot=RW writers=1 exec_waits=0 late_retries=0
#### JIT-MPROTECT flip #4 ranges=1 prot=RX writers=1 exec_waits=0 late_retries=0
#### JIT-MPROTECT flip #5 ranges=1 prot=RW writers=1 exec_waits=0 late_retries=0
#### JIT-MPROTECT flip #6 ranges=1 prot=RX writers=1 exec_waits=0 late_retries=0
#### JIT-MPROTECT flip #7 ranges=1 prot=RW writers=1 exec_waits=0 late_retries=0
#### JIT-MPROTECT flip #8 ranges=1 prot=RX writers=1 exec_waits=0 late_retries=0
#### JIT-MPROTECT flip #9 ranges=1 prot=RW writers=1 exec_waits=0 late_retries=0
#### JIT-MPROTECT flip #10 ranges=1 prot=RX writers=1 exec_waits=0 late_retries=0
#### JIT-MPROTECT flip #11 ranges=1 prot=RW writers=1 exec_waits=0 late_retries=0
#### JIT-MPROTECT flip #12 ranges=1 prot=RX writers=1 exec_waits=0 late_retries=0
#### JIT-MPROTECT flip #13 ranges=1 prot=RW writers=1 exec_waits=0 late_retries=0
#### JIT-MPROTECT flip #14 ranges=1 prot=RX writers=1 exec_waits=0 late_retries=0
#### JIT-MPROTECT flip #15 ranges=1 prot=RW writers=1 exec_waits=0 late_retries=0
#### JIT-MPROTECT flip #16 ranges=1 prot=RX writers=1 exec_waits=0 late_retries=0
#### JIT-MPROTECT flip #17 ranges=1 prot=RW writers=1 exec_waits=0 late_retries=0
#### JIT-MPROTECT flip #18 ranges=1 prot=RX writers=1 exec_waits=0 late_retries=0
#### JIT-MPROTECT flip #19 ranges=1 prot=RW writers=1 exec_waits=0 late_retries=0
#### JIT-MPROTECT flip #20 ranges=1 prot=RX writers=1 exec_waits=0 late_retries=0
#### JIT-MPROTECT flip #21 ranges=1 prot=RW writers=1 exec_waits=0 late_retries=0
#### JIT-MPROTECT flip #22 ranges=1 prot=RX writers=1 exec_waits=0 late_retries=0
#### JIT-MPROTECT flip #23 ranges=1 prot=RW writers=1 exec_waits=0 late_retries=0
#### JIT-MPROTECT flip #24 ranges=1 prot=RX writers=1 exec_waits=0 late_retries=0
#### JIT-MPROTECT flip #25 ranges=1 prot=RW writers=1 exec_waits=0 late_retries=0
#### JIT-MPROTECT flip #26 ranges=1 prot=RX writers=1 exec_waits=0 late_retries=0
#### JIT-MPROTECT flip #27 ranges=1 prot=RW writers=1 exec_waits=0 late_retries=0
#### JIT-MPROTECT flip #28 ranges=1 prot=RX writers=1 exec_waits=0 late_retries=0
#### JIT-MPROTECT flip #29 ranges=1 prot=RW writers=1 exec_waits=0 late_retries=0
#### JIT-MPROTECT flip #30 ranges=1 prot=RX writers=1 exec_waits=0 late_retries=0
#### JIT-MPROTECT flip #31 ranges=1 prot=RW writers=1 exec_waits=0 late_retries=0
#### JIT-MPROTECT flip #32 ranges=1 prot=RX writers=1 exec_waits=0 late_retries=0
#### JIT-MPROTECT flip #1024 ranges=1 prot=RX writers=1 exec_waits=0 late_retries=0
#### MACWS_HID_BYPASS installed SetMatchingMultiple → no-op (1) at 0x18cf3de8c — skips iOS-format CFBinaryPlist parse inside
####   IOHIDEventSystemClientCacheMatchingServices → IOHIDUnserializeAndVMDealloc → CFPropertyListCreateFromStream
####   that BUS_ADRALNs in the IOMFBServer thread.
#### MACWS_AGX_RENAMER_PATCH: off (set MACWS_AGX_RENAMER_PATCH=1 to enable)
#### MACWS_ASSERT_BYPASS DISABLED (set MACWS_KEEP_ASSERT_BYPASS=1 to restore lazy bypass) — real __assert_rtn now reaches abort
#### MACWS_AGX_NATIVE [ctor] pre-loaded IOGPU via /System/Library/PrivateFrameworks/IOGPU.framework/IOGPU -> 0x3a66bcc10
#### XPC_BOOTSTRAP: fn=0x189af5140 dict=0x13660ff20 (registering Metal/ViewBridge/HIServices)
#### XPC_BOOTSTRAP: called OK
#### COEXIST API SwapEnd hook installed target=0x1949d31cc trampoline=0x104ffc000
#### SkyLight PrepareForUse tolerate-nil hook installed at 0x18edb4fc4
#### SkyLight StartCompositeForDisplayStream nil-skip hook installed at 0x18ebddd74
#### SkyLight StartComposite(WSCD) tolerate-nil + pop-on-bail hook installed at 0x18ebdd358
#### SkyLight StartComposite(MTLTex) pop-on-bail hook installed at 0x18ebddfb8
#### SkyLight EndCurrentComposite(bool) completion hook installed at 0x18ebdc53c
#### SkyLight EndUpdate(bool) submission hook installed at 0x18ebdc0b0
#### SkyLight _state_stack pop_back resolved at 0x18ebdafa0
#### SkyLight WSCompositeDestinationCreateWithMetalTexture nil-tolerate hook installed at 0x18ebe053c
#### SkyLight MetalContext::StopCapture invalid-this guard installed at 0x18ebdc1bc
#### MACWS_AGX_NATIVE class_addMethod(MTLTextureDescriptor, validateWithDevice:) = 1
#### MACWS_AGX_NATIVE class_addMethod(IOGPUMetalTexture, isMemoryless) = 1
#### MACWS_AGX_NATIVE class_addMethod(IOGPUMetalTexture, getCPUSizeBytes) = 1
#### MACWS_AGX_NATIVE class_addMethod(IOGPUMetalTexture, getAlignment) = 1
#### MACWS_AGX_NATIVE class_addMethod(IOGPUMetalTexture, descriptorPrivate) = 1
#### MACWS_AGX_NATIVE class_addMethod(IOGPUMetalTexture, getBytesPerRow) = 1
#### MACWS_AGX_NATIVE class_addMethod(IOGPUMetalTexture, updateBindDataWithAddresses:gpuVirtualAddress:) = 1
#### MACWS_AGX_NATIVE class_addMethod(IOGPUMetalTexture, updateBindDataWithAddresses:gpuVirtualAddress:shouldInitMetadata:) = 1
#### MACWS_AGX_NATIVE class_addMethod(IOGPUMetalTexture, allocBufferSubDataWithLength:options:alignment:heapIndex:bufferIndex:bufferOffset:) = 1
#### MACWS_AGX_NATIVE class_addMethod(IOGPUMetalTexture, initNewTextureData:) = 1
#### MACWS_AGX_NATIVE class_addMethod(MTLTextureDescriptor, isMemoryless) = 1
#### MACWS_AGX_NATIVE class_addMethod(MTLTextureDescriptor, protectionOptions) = 1
#### MACWS_AGX_NATIVE class_addMethod(MTLTextureDescriptor, getCPUSizeBytes) = 1
#### MACWS_AGX_NATIVE class_addMethod(MTLTextureDescriptor, getAlignment) = 1
#### MACWS_AGX_NATIVE class_addMethod(MTLTextureDescriptor, descriptorPrivate) = 1
#### MACWS_AGX_NATIVE class_addMethod(MTLTextureDescriptor, getBytesPerRow) = 1
#### MACWS_AGX_NATIVE class_addMethod(MTLTextureDescriptor, updateBindDataWithAddresses:gpuVirtualAddress:) = 1
#### MACWS_AGX_NATIVE class_addMethod(MTLTextureDescriptor, updateBindDataWithAddresses:gpuVirtualAddress:shouldInitMetadata:) = 1
#### MACWS_AGX_NATIVE class_addMethod(MTLTextureDescriptor, allocBufferSubDataWithLength:options:alignment:heapIndex:bufferIndex:bufferOffset:) = 1
#### MACWS_AGX_NATIVE class_addMethod(MTLTextureDescriptor, initNewTextureData:) = 1
[68621:0728/055816.523813:ERROR:third_party/crashpad/crashpad/util/file/file_io.cc:103] ReadExactly: expected 8, observed 0
[68621:0728/055816.565955:VERBOSE1:components/proxy_config/pref_proxy_config_tracker_impl.cc:462] 0x6004c2a40: set chrome proxy config service to 0x6004b1a40

DevTools listening on ws://127.0.0.1:9222/devtools/browser/05670c23-00e4-4f71-bf1d-547560216c3a
[68621:0728/055816.580188:VERBOSE1:content/browser/first_party_sets/first_party_sets_handler_impl_instance.cc:270] Empty path. Failed initializing First-Party Sets database.
2026-07-28 05:58:16.702 Electron[68621:8241674] id createVolumeObserverSubsystem(NSWorkspaceNotificationCenter *): Failed to create volume observer.
2026-07-28 05:58:16.703 Electron[68621:8241674] id createVolumeObserverSubsystem(NSWorkspaceNotificationCenter *): Failed to create volume observer.
2026-07-28 05:58:16.703 Electron[68621:8241674] id createVolumeObserverSubsystem(NSWorkspaceNotificationCenter *): Failed to create volume observer.
2026-07-28 05:58:16.706 Electron[68621:8241674] XType: Using static font registry.
#### tile-encoder forwards: class MTLSimRenderCommandEncoder NOT found
#### IOGPU-CALLBACK-DIAG installed queueClass=0x1e4f988d0 method=0x0 orig=0x0 bufferClass=0x1e4f98830 method=0x1a6b0f9a5 orig=0x1a6af2be8 errorMethod=0x19334be01 errorOrig=0x19321ddcc (file-gated)
#### NSXPCSharedListener class=0x1e5313bd8
#### NSXPCSharedListener endpointForReply swizzle installed
#### NSXPCSharedListener connectToService swizzle installed
#### NSXPCSharedListener connectToService intercepted (graceful fail)
[68621:0728/055816.733783:WARNING:content/browser/child_process_task_port_provider_mac.cc:53] AppleMobileFileIntegrity is disabled. The browser will not collect child process task ports.
[68621:0728/055816.737819:ERROR:net/cert/internal/trust_store_mac.cc:489] SecKeychainAddCallback failed: Error Domain=NSOSStatusErrorDomain Code=-50 "paramErr: error in user parameter list" (-50)
[68621:0728/055816.739513:ERROR:net/cert/internal/trust_store_mac.cc:489] SecKeychainAddCallback failed: Error Domain=NSOSStatusErrorDomain Code=-50 "paramErr: error in user parameter list" (-50)
Warning: 'remote-debugging-port' is not in the list of known options, but still passed to Electron/Chromium.
Warning: 'remote-allow-origins' is not in the list of known options, but still passed to Electron/Chromium.
Warning: 'use-angle' is not in the list of known options, but still passed to Electron/Chromium.
Warning: 'ignore-gpu-blocklist' is not in the list of known options, but still passed to Electron/Chromium.
Warning: 'disable-features' is not in the list of known options, but still passed to Electron/Chromium.
Warning: 'enable-logging' is not in the list of known options, but still passed to Electron/Chromium.
[68621:0728/055816.941667:VERBOSE1:components/proxy_config/pref_proxy_config_tracker_impl.cc:462] 0x601e24ac0: set chrome proxy config service to 0x6004b40c0
[68621:0728/055816.947588:VERBOSE1:components/device_event_log/device_event_log_impl.cc:204] [05:58:16.947] Bluetooth: EVENT: bluetooth_api.cc:82 BluetoothAPI: 0x600076b40
[68621:0728/055816.948145:VERBOSE1:base/files/file_util_posix.cc:309] Cannot stat "/tmp/macws-vscode-profile-agx-native-targetfix11/databases": No such file or directory (2)
[68621:0728/055816.948268:VERBOSE1:base/files/file_util_posix.cc:309] Cannot stat "/tmp/macws-vscode-profile-agx-native-targetfix11/Code Cache/pc": No such file or directory (2)
#### JIT-MPROTECT flip #2048 ranges=1 prot=RX writers=1 exec_waits=16 late_retries=1
#### MACWS_HID_BYPASS installed SetMatchingMultiple → no-op (1) at 0x18cf3de8c — skips iOS-format CFBinaryPlist parse inside
####   IOHIDEventSystemClientCacheMatchingServices → IOHIDUnserializeAndVMDealloc → CFPropertyListCreateFromStream
####   that BUS_ADRALNs in the IOMFBServer thread.
#### MACWS_AGX_RENAMER_PATCH: off (set MACWS_AGX_RENAMER_PATCH=1 to enable)
#### MACWS_ASSERT_BYPASS DISABLED (set MACWS_KEEP_ASSERT_BYPASS=1 to restore lazy bypass) — real __assert_rtn now reaches abort
#### MACWS_AGX_NATIVE [ctor] pre-loaded IOGPU via /System/Library/PrivateFrameworks/IOGPU.framework/IOGPU -> 0x3a66bcc10
#### XPC_BOOTSTRAP: fn=0x189af5140 dict=0x14e807580 (registering Metal/ViewBridge/HIServices)
#### XPC_BOOTSTRAP: called OK
#### COEXIST API SwapEnd hook installed target=0x1949d31cc trampoline=0x104cf4000
#### MACWS_HID_BYPASS installed SetMatchingMultiple → no-op (1) at 0x18cf3de8c — skips iOS-format CFBinaryPlist parse inside
####   IOHIDEventSystemClientCacheMatchingServices → IOHIDUnserializeAndVMDealloc → CFPropertyListCreateFromStream
####   that BUS_ADRALNs in the IOMFBServer thread.
#### MACWS_AGX_RENAMER_PATCH: off (set MACWS_AGX_RENAMER_PATCH=1 to enable)
#### MACWS_ASSERT_BYPASS DISABLED (set MACWS_KEEP_ASSERT_BYPASS=1 to restore lazy bypass) — real __assert_rtn now reaches abort
#### MACWS_AGX_NATIVE [ctor] pre-loaded IOGPU via /System/Library/PrivateFrameworks/IOGPU.framework/IOGPU -> 0x3a66bcc10
#### XPC_BOOTSTRAP: fn=0x189af5140 dict=0x122809230 (registering Metal/ViewBridge/HIServices)
#### XPC_BOOTSTRAP: called OK
#### COEXIST API SwapEnd hook installed target=0x1949d31cc trampoline=0x102980000
#### SkyLight PrepareForUse tolerate-nil hook installed at 0x18edb4fc4
#### SkyLight StartCompositeForDisplayStream nil-skip hook installed at 0x18ebddd74
#### SkyLight StartComposite(WSCD) tolerate-nil + pop-on-bail hook installed at 0x18ebdd358
#### SkyLight PrepareForUse tolerate-nil hook installed at 0x18edb4fc4
#### SkyLight StartComposite(MTLTex) pop-on-bail hook installed at 0x18ebddfb8
#### SkyLight StartCompositeForDisplayStream nil-skip hook installed at 0x18ebddd74
2026-07-28 05:58:17.047 Electron[68621:8241687] Connection Invalid error for service com.apple.hiservices-xpcservice.
2026-07-28 05:58:17.047 Electron[68621:8241674] Error received in message reply handler: Connection invalid
#### SkyLight EndCurrentComposite(bool) completion hook installed at 0x18ebdc53c
#### SkyLight StartComposite(WSCD) tolerate-nil + pop-on-bail hook installed at 0x18ebdd358
#### SkyLight StartComposite(MTLTex) pop-on-bail hook installed at 0x18ebddfb8
#### SkyLight EndUpdate(bool) submission hook installed at 0x18ebdc0b0
#### SkyLight EndCurrentComposite(bool) completion hook installed at 0x18ebdc53c
#### SkyLight _state_stack pop_back resolved at 0x18ebdafa0
#### SkyLight EndUpdate(bool) submission hook installed at 0x18ebdc0b0
#### SkyLight WSCompositeDestinationCreateWithMetalTexture nil-tolerate hook installed at 0x18ebe053c
#### SkyLight _state_stack pop_back resolved at 0x18ebdafa0
#### SkyLight MetalContext::StopCapture invalid-this guard installed at 0x18ebdc1bc
#### SkyLight WSCompositeDestinationCreateWithMetalTexture nil-tolerate hook installed at 0x18ebe053c
#### MACWS_AGX_NATIVE class_addMethod(MTLTextureDescriptor, validateWithDevice:) = 1
#### MACWS_AGX_NATIVE class_addMethod(IOGPUMetalTexture, isMemoryless) = 1
#### MACWS_AGX_NATIVE class_addMethod(IOGPUMetalTexture, getCPUSizeBytes) = 1
#### MACWS_AGX_NATIVE class_addMethod(IOGPUMetalTexture, getAlignment) = 1
#### MACWS_AGX_NATIVE class_addMethod(IOGPUMetalTexture, descriptorPrivate) = 1
#### MACWS_AGX_NATIVE class_addMethod(IOGPUMetalTexture, getBytesPerRow) = 1
#### MACWS_AGX_NATIVE class_addMethod(IOGPUMetalTexture, updateBindDataWithAddresses:gpuVirtualAddress:) = 1
#### MACWS_AGX_NATIVE class_addMethod(IOGPUMetalTexture, updateBindDataWithAddresses:gpuVirtualAddress:shouldInitMetadata:) = 1
#### MACWS_AGX_NATIVE class_addMethod(IOGPUMetalTexture, allocBufferSubDataWithLength:options:alignment:heapIndex:bufferIndex:bufferOffset:) = 1
#### MACWS_AGX_NATIVE class_addMethod(IOGPUMetalTexture, initNewTextureData:) = 1
#### MACWS_AGX_NATIVE class_addMethod(MTLTextureDescriptor, isMemoryless) = 1
#### MACWS_AGX_NATIVE class_addMethod(MTLTextureDescriptor, protectionOptions) = 1
#### MACWS_AGX_NATIVE class_addMethod(MTLTextureDescriptor, getCPUSizeBytes) = 1
#### MACWS_AGX_NATIVE class_addMethod(MTLTextureDescriptor, getAlignment) = 1
#### MACWS_AGX_NATIVE class_addMethod(MTLTextureDescriptor, descriptorPrivate) = 1
#### MACWS_AGX_NATIVE class_addMethod(MTLTextureDescriptor, getBytesPerRow) = 1
#### MACWS_AGX_NATIVE class_addMethod(MTLTextureDescriptor, updateBindDataWithAddresses:gpuVirtualAddress:) = 1
#### MACWS_AGX_NATIVE class_addMethod(MTLTextureDescriptor, updateBindDataWithAddresses:gpuVirtualAddress:shouldInitMetadata:) = 1
#### MACWS_AGX_NATIVE class_addMethod(MTLTextureDescriptor, allocBufferSubDataWithLength:options:alignment:heapIndex:bufferIndex:bufferOffset:) = 1
#### MACWS_AGX_NATIVE class_addMethod(MTLTextureDescriptor, initNewTextureData:) = 1
#### SkyLight MetalContext::StopCapture invalid-this guard installed at 0x18ebdc1bc
#### MACWS_AGX_NATIVE class_addMethod(MTLTextureDescriptor, validateWithDevice:) = 1
#### MACWS_AGX_NATIVE class_addMethod(IOGPUMetalTexture, isMemoryless) = 1
#### MACWS_AGX_NATIVE class_addMethod(IOGPUMetalTexture, getCPUSizeBytes) = 1
#### MACWS_AGX_NATIVE class_addMethod(IOGPUMetalTexture, getAlignment) = 1
#### MACWS_AGX_NATIVE class_addMethod(IOGPUMetalTexture, descriptorPrivate) = 1
#### MACWS_AGX_NATIVE class_addMethod(IOGPUMetalTexture, getBytesPerRow) = 1
#### MACWS_AGX_NATIVE class_addMethod(IOGPUMetalTexture, updateBindDataWithAddresses:gpuVirtualAddress:) = 1
#### MACWS_AGX_NATIVE class_addMethod(IOGPUMetalTexture, updateBindDataWithAddresses:gpuVirtualAddress:shouldInitMetadata:) = 1
#### MACWS_AGX_NATIVE class_addMethod(IOGPUMetalTexture, allocBufferSubDataWithLength:options:alignment:heapIndex:bufferIndex:bufferOffset:) = 1
#### MACWS_AGX_NATIVE class_addMethod(IOGPUMetalTexture, initNewTextureData:) = 1
#### MACWS_AGX_NATIVE class_addMethod(MTLTextureDescriptor, isMemoryless) = 1
#### MACWS_AGX_NATIVE class_addMethod(MTLTextureDescriptor, protectionOptions) = 1
#### MACWS_AGX_NATIVE class_addMethod(MTLTextureDescriptor, getCPUSizeBytes) = 1
#### MACWS_AGX_NATIVE class_addMethod(MTLTextureDescriptor, getAlignment) = 1
#### MACWS_AGX_NATIVE class_addMethod(MTLTextureDescriptor, descriptorPrivate) = 1
#### MACWS_AGX_NATIVE class_addMethod(MTLTextureDescriptor, getBytesPerRow) = 1
#### MACWS_AGX_NATIVE class_addMethod(MTLTextureDescriptor, updateBindDataWithAddresses:gpuVirtualAddress:) = 1
#### MACWS_AGX_NATIVE class_addMethod(MTLTextureDescriptor, updateBindDataWithAddresses:gpuVirtualAddress:shouldInitMetadata:) = 1
#### MACWS_AGX_NATIVE class_addMethod(MTLTextureDescriptor, allocBufferSubDataWithLength:options:alignment:heapIndex:bufferIndex:bufferOffset:) = 1
#### MACWS_AGX_NATIVE class_addMethod(MTLTextureDescriptor, initNewTextureData:) = 1
[68621:0728/055817.243596:VERBOSE1:base/files/file_util_posix.cc:309] Cannot stat "/tmp/macws-vscode-profile-agx-native-targetfix11/CachedData/1b6a188127eeaf9194f945eb6eb89a657e93c54c/chrome/pc": No such file or directory (2)
[90m[main 2026-07-28T12:58:17.315Z][0m StorageMainService: creating application shared storage
#### JIT-MPROTECT flip #3072 ranges=1 prot=RX writers=1 exec_waits=24 late_retries=2
#### AMFI-POLICY-COMPAT policy=AMFI op=0x60 status=0x4 (iOS task ports are hard-immovable)
#### CSR-POLICY-COMPAT active_config=0x0 (conservative iOS compatibility value)
#### AMFI-POLICY-COMPAT policy=AMFI op=0x60 status=0x4 (iOS task ports are hard-immovable)
#### CSR-POLICY-COMPAT active_config=0x0 (conservative iOS compatibility value)
[68639:0728/055817.470675:ERROR:base/process/process_mac.cc:53] task_policy_set TASK_CATEGORY_POLICY: (os/kern) invalid argument (4)
[68640:0728/055817.478388:ERROR:base/process/process_mac.cc:53] task_policy_set TASK_CATEGORY_POLICY: (os/kern) invalid argument (4)
#### MACWS_AGX_NATIVE pre-loaded IOGPU via /System/Library/PrivateFrameworks/IOGPU.framework/IOGPU -> 0x3a66bcc10
#### MACWS_AGX_NATIVE dlsym(IOGPUResourceCreate) = 0x1a6b060a0
#### MACWS_AGX_NATIVE dlsym(IOGPUMetalCommonResourceCreate) = 0x0
#### MACWS_AGX_NATIVE dlsym(IOGPUDeviceCreateWithAPIProperty) = 0x1a6b040fc
#### MACWS_AGX_NATIVE dlsym(_IOGPUMetalAllocateResource) = 0x0
#### MACWS_AGX_NATIVE dlsym(IOGPUMetalAllocateResource) = 0x0
#### AGX_CLASSREF_DIAG newTexture iosurface alloc class @0x224259298 = 0x2268025f0 name=AGXG13GFamilyTexture
#### AGX_CLASSREF_DIAG initImpl method m=0x1ef4113ad imp=0x1ef3fa284 expected stub=0x1ef40a880 real=0x1ef3fa284 WHICH=AGXG13GFamilyTexture-real
#### MACWS_AGX_OBJC_AUTDA_PATCH msgSendSuper2=0x189a15e00 code=0x189a15e00 autda@0x189a15e10 insn=0xdac11a30
####   PATCHED autda x16,x17 → xpacd x16 (0xdac11a30 → 0xdac147f0)
#### MACWS_AGX_SEL_DIAG super-init SEL static=0x1cffc6f26 slid=0x1d9976f26 readable=1
####   bytes="initWithDevice:descriptor:iosurface:plane:field:args:argsSize:"
####   sel_registerName(...) = 0x1d9976f26 name="initWithDevice:descriptor:iosurface:plane:field:args:argsSize:"
####   objc_getClass(IOGPUMetalTexture) = 0x1e4f98fb0
####   IOGPUMetalTexture method count = 71
####     - initNewTextureData:
####     - updateBindDataWithAddresses:gpuVirtualAddress:shouldInitMetadata:
####     - initWithBuffer:descriptor:offset:bytesPerRow:
####     - initWithBuffer:descriptor:sysMemOffset:sysMemRowBytes:vidMemSize:vidMemRowBytes:args:argsSize:
####     - initWithBuffer:descriptor:sysMemOffset:sysMemRowBytes:vidMemSize:vidMemRowBytes:args:argsSize:isStrideTexture:
####     - initWithDevice:descriptor:iosurface:plane:field:args:argsSize:
####     - initWithDevice:descriptor:sysMemSize:sysMemRowBytes:vidMemSize:vidMemRowBytes:args:argsSize:
####     - initWithDevice:remoteStorageTexture:args:argsSize:
####     - initWithHeap:resource:offset:length:device:descriptor:
####     - initWithTexture:pixelFormat:
####     - initWithTexture:pixelFormat:textureType:levels:slices:
####     - initWithTexture:pixelFormat:textureType:levels:slices:swizzle:
####     - initWithTextureInternal:pixelFormat:textureType:levels:slices:swizzle:compressedView:
####     - initWithPrimaryBuffer:heapIndex:bufferIndex:bufferOffset:length:descriptor:sysMemRowBytes:vidMemSize:vidMemRowBytes:args:argsSize:
####   AGXTexture super class = 0x0 ((nil))
####   super responds to "initWithDevice:desc:iosurface:plane:" = 0 (Method=0x0)
####   super responds to "initWithDevice:descriptor:iosurface:plane:" = 0 (Method=0x0)
####   super responds to "initWithDevice:descriptor:iosurface:plane:field:args:argsSize:" = 0 (Method=0x0)
####   super responds to "initImplWithDevice:Descriptor:iosurface:plane:buffer:bytesPerRow:allowNPOT:sparsePageSize:isCompressedIOSurface:isHeapBacked:" = 0 (Method=0x0)
#### MACWS_AGX_STUB_FIX objc_msgSendSuper2
####   stub@0x1ef40dfc0 insns=[d01cf7f1 9132a231 f9400230 d71f0a11]
####   slot@0x22930bca8 value=0x189a15e00 sym=objc_msgSendSuper2 base=0x189a0c000 path=/usr/lib/libobjc.A.dylib
####   PATCHED → br 0x189a15e00 (movz/movk/movk/br)
####   new=[d28bc010 f2b13430 f2c00030 d61f0200]
#### MACWS_AGX_NATIVE objc_getClass(AGXBuffer) = 0x0
#### MACWS_AGX_NATIVE __objc_classlist: 52 entries
####   classlist[0] = 0x2268026b8 name=AGXBuffer registered=0x0
####   classlist[1] = 0x2268022f8 name=AGXG13GFamilyBinaryArchive registered=0x0
####   classlist[2] = 0x226802168 name=AGXG13GFamilyBlitContext registered=0x0
####   classlist[3] = 0x2268017e0 name=AGXG13GFamilyResourceStateContext registered=0x0
####   classlist[4] = 0x226801fd8 name=AGXG13GFamilyBuffer registered=0x0
####   classlist[5] = 0x226801830 name=AGXG13GFamilyCommandBuffer registered=0x0
#### MACWS_AGX_NATIVE objc_duplicateClass=0x189a3bcb8
#### MACWS_AGX_NATIVE imageinfo=0x220f6ca58 sz=8
#### MACWS_HID_BYPASS installed SetMatchingMultiple → no-op (1) at 0x18cf3de8c — skips iOS-format CFBinaryPlist parse inside
####   IOHIDEventSystemClientCacheMatchingServices → IOHIDUnserializeAndVMDealloc → CFPropertyListCreateFromStream
####   that BUS_ADRALNs in the IOMFBServer thread.
#### MACWS_AGX_RENAMER_PATCH: off (set MACWS_AGX_RENAMER_PATCH=1 to enable)
#### MACWS_ASSERT_BYPASS DISABLED (set MACWS_KEEP_ASSERT_BYPASS=1 to restore lazy bypass) — real __assert_rtn now reaches abort
#### MACWS_AGX_NATIVE [ctor] pre-loaded IOGPU via /System/Library/PrivateFrameworks/IOGPU.framework/IOGPU -> 0x3a66bcc10
#### XPC_BOOTSTRAP: fn=0x189af5140 dict=0x141614210 (registering Metal/ViewBridge/HIServices)
#### XPC_BOOTSTRAP: called OK
#### COEXIST API SwapEnd hook installed target=0x1949d31cc trampoline=0x1045d0000
#### SkyLight PrepareForUse tolerate-nil hook installed at 0x18edb4fc4
#### SkyLight StartCompositeForDisplayStream nil-skip hook installed at 0x18ebddd74
#### SkyLight StartComposite(WSCD) tolerate-nil + pop-on-bail hook installed at 0x18ebdd358
#### SkyLight StartComposite(MTLTex) pop-on-bail hook installed at 0x18ebddfb8
#### SkyLight EndCurrentComposite(bool) completion hook installed at 0x18ebdc53c
#### SkyLight EndUpdate(bool) submission hook installed at 0x18ebdc0b0
#### SkyLight _state_stack pop_back resolved at 0x18ebdafa0
#### SkyLight WSCompositeDestinationCreateWithMetalTexture nil-tolerate hook installed at 0x18ebe053c
#### SkyLight MetalContext::StopCapture invalid-this guard installed at 0x18ebdc1bc
#### MACWS_AGX_NATIVE class_addMethod(MTLTextureDescriptor, validateWithDevice:) = 1
#### MACWS_AGX_NATIVE class_addMethod(IOGPUMetalTexture, isMemoryless) = 1
#### MACWS_AGX_NATIVE class_addMethod(IOGPUMetalTexture, getCPUSizeBytes) = 1
#### MACWS_AGX_NATIVE class_addMethod(IOGPUMetalTexture, getAlignment) = 1
#### MACWS_AGX_NATIVE class_addMethod(IOGPUMetalTexture, descriptorPrivate) = 1
#### MACWS_AGX_NATIVE class_addMethod(IOGPUMetalTexture, getBytesPerRow) = 1
#### MACWS_AGX_NATIVE class_addMethod(IOGPUMetalTexture, updateBindDataWithAddresses:gpuVirtualAddress:) = 1
#### MACWS_AGX_NATIVE class_addMethod(IOGPUMetalTexture, updateBindDataWithAddresses:gpuVirtualAddress:shouldInitMetadata:) = 1
#### MACWS_AGX_NATIVE class_addMethod(IOGPUMetalTexture, allocBufferSubDataWithLength:options:alignment:heapIndex:bufferIndex:bufferOffset:) = 1
#### MACWS_AGX_NATIVE class_addMethod(IOGPUMetalTexture, initNewTextureData:) = 1
#### MACWS_AGX_NATIVE class_addMethod(MTLTextureDescriptor, isMemoryless) = 1
#### MACWS_AGX_NATIVE class_addMethod(MTLTextureDescriptor, protectionOptions) = 1
#### MACWS_AGX_NATIVE class_addMethod(MTLTextureDescriptor, getCPUSizeBytes) = 1
#### MACWS_AGX_NATIVE class_addMethod(MTLTextureDescriptor, getAlignment) = 1
#### MACWS_AGX_NATIVE class_addMethod(MTLTextureDescriptor, descriptorPrivate) = 1
#### MACWS_AGX_NATIVE class_addMethod(MTLTextureDescriptor, getBytesPerRow) = 1
#### MACWS_AGX_NATIVE class_addMethod(MTLTextureDescriptor, updateBindDataWithAddresses:gpuVirtualAddress:) = 1
#### MACWS_AGX_NATIVE class_addMethod(MTLTextureDescriptor, updateBindDataWithAddresses:gpuVirtualAddress:shouldInitMetadata:) = 1
#### MACWS_AGX_NATIVE class_addMethod(MTLTextureDescriptor, allocBufferSubDataWithLength:options:alignment:heapIndex:bufferIndex:bufferOffset:) = 1
#### MACWS_AGX_NATIVE class_addMethod(MTLTextureDescriptor, initNewTextureData:) = 1
#### PREREGISTER image[627] AGXMetal13_3: 52/52 realized
#### PREREGISTER image[628] GPURawCounter: 6/6 realized
#### MACWS_AGX_NATIVE register pass 0: 0 new (total 58)
#### MACWS_AGX_NATIVE realized 58/52 classes
#### MACWS_AGX_NATIVE AGXBuffer after register: 0x2268026b8
#### MACWS_AGX_NATIVE [AGXBuffer alloc] = 0x6002a1680
#### MACWS_AGX_NATIVE swizzled initUntrackedInternalBufferWithDevice:length:options:
#### MACWS_AGX_NATIVE swizzled initWithDevice:length:alignment:options:isSuballocDisabled:resourceInArgs:pinnedGPULocation:
#### MACWS_AGX_NATIVE tracing -[AGXBuffer initWithDevice:options:args:argsSize:] (nil preserved)
#### LIBOBJC dlsym(objc_constructInstance) = 0x189a22c08
#### LIBOBJC dlsym(_dyld_objc_notify_register) = 0x189db7480
#### LIBOBJC dlsym(_dyld_objc_register_callbacks) = 0x189db9abc
#### LIBOBJC dlsym(objc_readClassPair) = 0x189a28bdc
#### LIBOBJC dlsym(objc_registerClassPair) = 0x189a19a3c
#### LIBOBJC dlsym(_objc_realizeClassFromSwift) = 0x189a28d34
#### LIBOBJC dlsym(objc_addLoadImageFunc) = 0x189a287c8
#### LIBOBJC dlsym(_objc_init) = 0x189a0e004
#### CLASS_DETAIL [0] 0x2268026b8 name=AGXBuffer super=0x1e4f987e0 (IOGPUMetalBuffer) meta=0
#### CLASS_DETAIL [1] 0x2268022f8 name=AGXG13GFamilyBinaryArchive super=0x1e532f3b8 (_MTLBinaryArchive) meta=0
#### CLASS_DETAIL [2] 0x226802168 name=AGXG13GFamilyBlitContext super=0x1e4f987b8 (IOGPUMetalBlitCommandEncoder) meta=0
#### CLASS_DETAIL [3] 0x2268017e0 name=AGXG13GFamilyResourceStateContext super=0x1e4f98f88 (IOGPUMetalResourceStateCommandEncoder) meta=0
#### CLASS_DETAIL [4] 0x226801fd8 name=AGXG13GFamilyBuffer super=0x2268026b8 (AGXBuffer) meta=0
#### CLASS_DETAIL [5] 0x226801830 name=AGXG13GFamilyCommandBuffer super=0x1e4f98830 (IOGPUMetalCommandBuffer) meta=0
#### CLASS_DETAIL [6] 0x226802208 name=AGXG13GFamilyCommandQueue super=0x1e4f988d0 (IOGPUMetalCommandQueue) meta=0
#### CLASS_DETAIL [7] 0x226802118 name=AGXG13GFamilyComputePipeline super=0x1e532dd88 (_MTLComputePipelineState) meta=0
#### CLASS_DETAIL [8] 0x2268020c8 name=AGXG13GFamilyDeadlineProfile super=0x1e4daae70 (NSObject) meta=0
#### CLASS_DETAIL [9] 0x2268018d0 name=AGXG13GFamilyDebugContext super=0x1e4f98970 (IOGPUMetalDebugCommandEncoder) meta=0
#### CLASS_DETAIL [10] 0x226802000 name=AGXG13GFamilyDepthStencilState super=0x1e532ddb0 (_MTLDepthStencilState) meta=0
#### CLASS_DETAIL [11] 0x2268022d0 name=AGXG13GFamilyDynamicLibrary super=0x1e532fdb8 (_MTLDynamicLibrary) meta=0
#### CLASS_DETAIL [12] 0x2268021b8 name=AGXG13GFamilyComputeContext super=0x1e4f98948 (IOGPUMetalComputeCommandEncoder) meta=0
#### CLASS_DETAIL [13] 0x226801e70 name=AGXG13GFamilyFunctionHandle super=0x1e532f9a8 (_MTLFunctionHandle) meta=0
#### CLASS_DETAIL [14] 0x2268022a8 name=AGXG13GFamilyHeap super=0x1e4f98bf0 (IOGPUMetalHeap) meta=0
#### CLASS_DETAIL [15] 0x226802280 name=AGXG13GFamilySparseHeap super=0x1e5330e48 (_MTLHeap) meta=0
#### MACWS_AGX_NATIVE __objc_classrefs: 105 entries, 0 null
####   class AGXBuffer = 0x2268026b8
####   class AGXCommandQueue = 0x0
####   class AGXCommandBuffer = 0x0
####   class AGXMetalCommandQueue = 0x0
####   class AGXMetalCommandBuffer = 0x0
####   class AGXMetalBuffer = 0x0
####   class AGXMetalTexture = 0x0
####   class AGXMetalHeap = 0x0
####   class AGXMetalResource = 0x0
####   class AGXMetalDevice = 0x0
####   class AGXMetalFence = 0x0
####   class AGXTexture = 0x226802708
####   class IOGPUMetalBuffer = 0x1e4f987e0
####   class IOGPUMetalCommandBuffer = 0x1e4f98830
####   class IOGPUMetalCommandQueue = 0x1e4f988d0
####   class IOGPUMetalDevice = 0x1e4f989c0
####   class IOGPUMetalHeap = 0x1e4f98bf0
####   class IOGPUMetalResource = 0x1e4f98ec0
####   class IOGPUMetalTexture = 0x1e4f98fb0
####   class IOGPUMetalFence = 0x1e4f98b50
####   class IOGPUMTLLateEvalEvent = 0x1e544bc70
#### CLASSREF [0] @0x224259250 -> 0x1e532d428 name=MTLCompiler
#### CLASSREF [1] @0x224259258 -> 0x1e4dc96e0 name=NSDictionary
#### CLASSREF [2] @0x224259260 -> 0x1e4dd0348 name=NSError
#### CLASSREF [3] @0x224259268 -> 0x2268024b0 name=AGXG13GFamilyComputeOrFragmentOrTileProgram
#### CLASSREF [4] @0x224259270 -> 0x2268024d8 name=AGXG13GFamilyFragmentProgram
#### CLASSREF [5] @0x224259278 -> 0x226802550 name=AGXG13GFamilyVertexProgram
#### CLASSREF [6] @0x224259280 -> 0x1e4dc9848 name=NSMutableDictionary
#### CLASSREF [7] @0x224259288 -> 0x2268025a0 name=AGXG13GFamilyTileProgram
#### CLASSREF [8] @0x224259290 -> 0x226802578 name=AGXG13GFamilyComputeProgram
#### CLASSREF [9] @0x224259298 -> 0x2268025f0 name=AGXG13GFamilyTexture
#### CLASSREF [10] @0x2242592a0 -> 0x1e532dbd0 name=MTLTextureDescriptor
#### CLASSREF [11] @0x2242592a8 -> 0x226802168 name=AGXG13GFamilyBlitContext
#### CLASSREF [12] @0x2242592b0 -> 0x2268017e0 name=AGXG13GFamilyResourceStateContext
#### CLASSREF [13] @0x2242592b8 -> 0x226801d58 name=AGXG13GFamilyRayTracingGPUBuilder
#### CLASSREF [14] @0x2242592c0 -> 0x226802190 name=AGXG13GFamilyRenderContext
#### CLASSREF [15] @0x2242592c8 -> 0x2268021b8 name=AGXG13GFamilyComputeContext
#### CLASSREF [16] @0x2242592d0 -> 0x2268021e0 name=AGXG13GFamilyThreadedRenderPass
#### CLASSREF [17] @0x2242592d8 -> 0x226801dd0 name=AGXG13GFamilySampledRenderContext
#### CLASSREF [18] @0x2242592e0 -> 0x226801e98 name=AGXG13GFamilySampledComputeContext
#### CLASSREF [19] @0x2242592e8 -> 0x1e4dc9668 name=NSData
#### CLASSREF [20] @0x2242592f0 -> 0x226801830 name=AGXG13GFamilyCommandBuffer
#### CLASSREF [21] @0x2242592f8 -> 0x1e53301c8 name=_MTLProgramAddressTableMappedBinary
#### CLASSREF [22] @0x224259300 -> 0x1e5330178 name=_MTLPipelineStateBinary
#### CLASSREF [23] @0x224259308 -> 0x1e4dc95a0 name=NSArray
#### MACWS_GOT AGXMetal13_3: symtab=8331 syms, strtab=461166853 bytes, indirect=555 entries
####   sect[0] __DATA_CONST,__got type=0 entries=97 indirect_start=228 auth=0
####   bind[1] _MTLCommonCounterSetTimestamp -> 0x1dda8d290 (slot=0x220f6b9e0 auth=0)
####   bind[2] _MTLCommonCounterTimestamp -> 0x1dda8d1a0 (slot=0x220f6b9e8 auth=0)
####   bind[3] _MTLCompileTimeStatisticsKeyBackend -> 0x1e2640f60 (slot=0x220f6b9f0 auth=0)
####   bind[4] _MTLCompileTimeStatisticsKeyCachedFunction -> 0x1e2640f10 (slot=0x220f6b9f8 auth=0)
####   bind[5] _MTLCompileTimeStatisticsKeyCompilerTotal -> 0x1e2640f48 (slot=0x220f6ba00 auth=0)
####   bind[6] _MTLCompileTimeStatisticsKeyDriverTotal -> 0x1e2640f40 (slot=0x220f6ba08 auth=0)
####   bind[7] _MTLCompileTimeStatisticsKeyFunctionName -> 0x1e2640f08 (slot=0x220f6ba10 auth=0)
####   bind[8] _MTLCompileTimeStatisticsKeyMTLCompilerService -> 0x1e2640f20 (slot=0x220f6ba18 auth=0)
####   bind[9] _MTLCompileTimeStatisticsKeyOptimization -> 0x1e2640f58 (slot=0x220f6ba20 auth=0)
####   bind[10] _MTLCompileTimeStatisticsKeyPipelineTotal -> 0x1e2640f18 (slot=0x220f6ba28 auth=0)
####   bind[11] _MTLCompileTimeStatisticsKeyPipelinesCompute -> 0x1e263fe30 (slot=0x220f6ba30 auth=0)
####   IOGPU-CRITICAL _OBJC_IVAR_$_IOGPUMTLLateEvalEvent._eventName = 0x1e2b229d0 (slot=0x220f6bb28 auth=0)
####   IOGPU-CRITICAL _OBJC_IVAR_$_IOGPUMetalBuffer._primaryBuffer = 0x1e2b2291c (slot=0x220f6bb30 auth=0)
####   IOGPU-CRITICAL _OBJC_IVAR_$_IOGPUMetalCommandQueue._commandQueue = 0x1e2b22960 (slot=0x220f6bb38 auth=0)
####   IOGPU-CRITICAL _OBJC_IVAR_$_IOGPUMetalDevice._segmentByteThreshold = 0x1e2b22a2c (slot=0x220f6bb40 auth=0)
####   IOGPU-CRITICAL _OBJC_IVAR_$_IOGPUMetalFence._fenceIndex = 0x1e2b22aa8 (slot=0x220f6bb48 auth=0)
####   IOGPU-CRITICAL _OBJC_IVAR_$_IOGPUMetalHeap._resource = 0x1e2b22ac4 (slot=0x220f6bb50 auth=0)
####   IOGPU-CRITICAL _OBJC_IVAR_$_IOGPUMetalResource._res = 0x1e2b22af4 (slot=0x220f6bb58 auth=0)
####   IOGPU-CRITICAL _OBJC_IVAR_$_IOGPUMetalTexture._arrayLength = 0x1e2b22b38 (slot=0x220f6bb60 auth=0)
####   IOGPU-CRITICAL _OBJC_IVAR_$_IOGPUMetalTexture._depth = 0x1e2b22b34 (slot=0x220f6bb68 auth=0)
####   IOGPU-CRITICAL _OBJC_IVAR_$_IOGPUMetalTexture._height = 0x1e2b22b30 (slot=0x220f6bb70 auth=0)
####   IOGPU-CRITICAL _OBJC_IVAR_$_IOGPUMetalTexture._isCompressed = 0x1e2b22b54 (slot=0x220f6bb78 auth=0)
####   IOGPU-CRITICAL _OBJC_IVAR_$_IOGPUMetalTexture._mipmapLevelCount = 0x1e2b22b3c (slot=0x220f6bb80 auth=0)
####   IOGPU-CRITICAL _OBJC_IVAR_$_IOGPUMetalTexture._numFaces = 0x1e2b22b8c (slot=0x220f6bb88 auth=0)
####   IOGPU-CRITICAL _OBJC_IVAR_$_IOGPUMetalTexture._parentTexture = 0x1e2b22b58 (slot=0x220f6bb90 auth=0)
####   IOGPU-CRITICAL _OBJC_IVAR_$_IOGPUMetalTexture._pixelFormat = 0x1e2b22b28 (slot=0x220f6bb98 auth=0)
####   IOGPU-CRITICAL _OBJC_IVAR_$_IOGPUMetalTexture._sampleCount = 0x1e2b22b40 (slot=0x220f6bba0 auth=0)
####   IOGPU-CRITICAL _OBJC_IVAR_$_IOGPUMetalTexture._textureType = 0x1e2b22b24 (slot=0x220f6bba8 auth=0)
####   IOGPU-CRITICAL _OBJC_IVAR_$_IOGPUMetalTexture._width = 0x1e2b22b2c (slot=0x220f6bbb0 auth=0)
####   sect[7] __AUTH_CONST,__auth_got type=0 entries=230 indirect_start=325 auth=1
####   IOGPU-CRITICAL _IOGPUCommandQueueGetConnect = 0x1a6b05b88 (slot=0x2281b7448 auth=1)
####   IOGPU-CRITICAL _IOGPUCommandQueueGetID = 0x1a6b05bd0 (slot=0x2281b7450 auth=1)
####   IOGPU-CRITICAL _IOGPUDeviceGetConnect = 0x1a6b04654 (slot=0x2281b7458 auth=1)
####   IOGPU-CRITICAL _IOGPUDeviceGetNextGlobalTraceID = 0x1a6b047f0 (slot=0x2281b7460 auth=1)
####   IOGPU-CRITICAL _IOGPUDeviceTraceEvent = 0x1a6b048bc (slot=0x2281b7468 auth=1)
####   IOGPU-CRITICAL _IOGPUMetalCommandBufferStorageBeginKernelCommands = 0x1a6af4ad8 (slot=0x2281b7470 auth=1)
####   IOGPU-CRITICAL _IOGPUMetalCommandBufferStorageEndKernelCommands = 0x1a6af4c2c (slot=0x2281b7478 auth=1)
####   IOGPU-CRITICAL _IOGPUResourceListAddResource = 0x1a6b071c8 (slot=0x2281b7480 auth=1)
####   IOGPU-CRITICAL _IOGPUResourceListMerge = 0x1a6b07278 (slot=0x2281b7488 auth=1)
####   IOGPU-CRITICAL _IOGPUResourceListMergeLists = 0x1a6b07354 (slot=0x2281b7490 auth=1)
####   bind[131] _IOSurfaceGetAddressFormatOfPlane -> 0x104f97634 (slot=0x2281b74c8 auth=1 FORCE)
####   bind[133] _IOSurfaceGetBaseAddressOfPlane -> 0x104f97410 (slot=0x2281b74d8 auth=1 FORCE)
####   bind[135] _IOSurfaceGetBytesPerRowOfPlane -> 0x104f96a40 (slot=0x2281b74e8 auth=1 FORCE)
####   bind[136] _IOSurfaceGetBytesPerTileDataOfPlane -> 0x104f96c04 (slot=0x2281b74f0 auth=1 FORCE)
####   bind[141] _IOSurfaceGetCompressionTypeOfPlane -> 0x104f964ac (slot=0x2281b7518 auth=1 FORCE)
####   bind[142] _IOSurfaceGetHeightInCompressedTilesOfPlane -> 0x104f966bc (slot=0x2281b7520 auth=1 FORCE)
####   bind[145] _IOSurfaceGetWidthInCompressedTilesOfPlane -> 0x104f9687c (slot=0x2281b7538 auth=1 FORCE)
####   bind[286] _objc_alloc -> 0x104f962ac (slot=0x2281b79c0 auth=1 FORCE)
####   IOGPU-CRITICAL _objc_autoreleasePoolPop = 0x189a18a7c (slot=0x2281b79d8 auth=1)
####   IOGPU-CRITICAL _objc_autoreleasePoolPush = 0x189a18934 (slot=0x2281b79e0 auth=1)
#### MACWS_GOT AGXMetal13_3: indirect_slots=327 patched=323 failed=0
#### MACWS_AGX_NATIVE __auth_got section NOT FOUND
#### MACWS_AGX_NATIVE __got: 97 entries, 0 null, 97 non-null
#### MACWS_AGX_NATIVE dlopen AGXMetal13_3 OK h=0x3a671b950
#### MACWS_AGX_NATIVE +[NSBundle bundleWithPath:AGXMetal13_3.bundle] = 0x6001b3ae0 id=com.apple.AGXMetal13-3
#### MACWS_AGX_NATIVE bundle loadAndReturnError: 1 (err=nil) loaded=1
#### MACWS_AGX_NATIVE bundle pathForResource:ds.g13g = /System/Library/Extensions/AGXMetal13_3.bundle/Contents/Resources/ds.g13g
#### MACWS_AGX_NATIVE getMetalPluginClassForService: returning class AGXG13GFamilyDevice = 0x2268020f0
#### CBRI_HOOK: installed (orig=0x1a6af2d84)
#### MACWS-NEW-EVENT adapter installed deviceClass=AGXG13GFamilyDevice owner=IOGPUMetalDevice orig=0x1a6af9ef4 added=1
#### MACWS_AGX_NATIVE class_addMethod(AGXG13GFamilyDevice, initWithAcceleratorPort:) = 1
#### MACWS_AGX_NATIVE supportsMemorylessRenderTargets: overrode on AGXG13GFamilyDevice
#### MACWS_AGX_NATIVE supportsMemorylessRenderTargets: overrode on AGXG13GDevice
#### MACWS_AGX_NATIVE supportsMemorylessRenderTargets: total class overrides=2
#### MACWS_AGX_NATIVE tile-pipeline probe wrapped AGXG13GFamilyDevice (orig=0x1ef0e55e4)
#### MACWS_AGX_NATIVE tile-pipeline probe: 1 class(es) wrapped
#### MACWS_AGX_NATIVE nil-guard wrapped setFragmentTexture:atIndex: on AGXG13GFamilyRenderContext (orig=0x1ef0989e0)
#### MACWS_AGX_NATIVE nil-guard: class AGXG13GRenderContext NOT registered
#### MACWS_AGX_NATIVE nil-guard: class AGXRenderContext NOT registered
#### MACWS_AGX_NATIVE nil-guard: class AGXG13GComputeContext NOT registered
#### MACWS_AGX_NATIVE nil-guard setFragmentTexture:atIndex:: 1 class(es) wrapped
#### MACWS_AGX_NATIVE nil-guard wrapped setVertexTexture:atIndex: on AGXG13GFamilyRenderContext (orig=0x1ef09f5e8)
#### MACWS_AGX_NATIVE nil-guard: class AGXG13GRenderContext NOT registered
#### MACWS_AGX_NATIVE nil-guard: class AGXRenderContext NOT registered
#### MACWS_AGX_NATIVE nil-guard: class AGXG13GComputeContext NOT registered
#### MACWS_AGX_NATIVE nil-guard setVertexTexture:atIndex:: 1 class(es) wrapped
#### MACWS_AGX_NATIVE swizzled AGXG13GFamilyDevice newTextureWithDescriptor:iosurface:plane:
#### MACWS_AGX_NATIVE swizzled AGXG13GFamilyDevice newTextureWithDescriptor:
#### MACWS_AGX_NATIVE swizzled -[AGXBuffer initWithDevice:bytes:length:options:deallocator:pinnedGPUAddress:]
#### MACWS_AGX_NATIVE noop'd alertCommandBufferActivityStart
#### MACWS_AGX_NATIVE noop'd alertCommandBufferActivityComplete
#### objc_alloc(AGXG13GFamilyDevice) -> 0x600282000
#### MACWS_AGX_NATIVE redirecting AGXG13GFamilyDevice init(port=11023) → 2-arg variant
#### debugbydcmmc IOServiceOpen agx connect=13315 type=0x100001 (requested=0x100005)
#### AGXIOC Struct sel=0x7->0x6 inSC=16 outSC=0 -> 0x1
#### AGXIOC Struct sel=0x5->0x4 inSC=0 outSC=32 -> 0x0
#### AGXIOC AsyncScalar sel=0x107->0x107 inCnt=0 -> 0x0
#### AGX_LIFE CREATE id=0x1 type=0 surf=0 bytes=0x10000 kr=0 okC=1 failC=0 okD=0 failD=0 unmatchedD=0 full=0 live=1/0MB [t0=1/0MB t80=0/0MB t82=0/0MB]
#### AGXIOC heap map #1 clientID 0x10000 -> resourceID 0x1 size 0x10000
####   ResCreate OK type=0 clientID=0 +0x30=0 +0x38=0 +0x40=0x10000 +0x58=0 OUT[+0]=0 OUT[+0x08]=0x1053c8000 OUT[+0x10]=0x10535c0c0 OUT[+0x48]=0x10000
####   inStruct[0..104]:
####     00: 00 00 00 00 00 00 00 00 01 00 01 00 01 00 00 00
####     10: 01 01 00 01 30 84 00 00 00 00 00 00 00 00 00 00
####     20: 00 00 00 00 00 00 00 00 00 00 00 00 00 00 00 00
####     30: 00 00 00 00 00 00 00 00 00 00 00 00 00 00 00 00
####     40: 00 00 01 00 00 00 00 00 00 00 00 00 00 00 00 00
####     50: 00 00 00 38 00 00 00 00 00 00 00 00 00 00 00 00
####     60: 00 00 00 00 00 00 00 00
#### MACWS_AGX_NATIVE setupCompiler:0x30010 fired (Device=0x600282000)
#### MACWS_AGX_NATIVE supportsMemorylessRenderTargets CALLED on instance=0x600282000 class=AGXG13GFamilyDevice -> YES
#### objc_alloc(AGXG13GFamilyCommandQueue) -> 0x600110f00
#### AGXIOC Method sel=0x8->0x7 inCnt=0 inSC=1032 outSC=16 -> 0x0
#### AGXIOC Method sel=0x11->0xf inCnt=2 inSC=0 outSC=16 -> 0x0
#### AGXIOC Method sel=0x1d->0x19 inCnt=2 inSC=0 outSC=0 -> 0x0
#### AGXIOC Method sel=0x1f->0x1b inCnt=1 inSC=12 outSC=0 -> 0x0
#### objc_alloc(AGXBuffer) -> 0x6002a1f80
#### AGXIOC type0 exact initFull length: +0x58=0xc00000000 low32=0 -> +0x40=0x180
#### AGX_LIFE CREATE id=0x2 type=0 surf=0 bytes=0x4000 kr=0 okC=2 failC=0 okD=0 failD=0 unmatchedD=0 full=0 live=2/0MB [t0=2/0MB t80=0/0MB t82=0/0MB]
#### AGXIOC heap map #2 clientID 0x4000 -> resourceID 0x2 size 0x180
####   ResCreate OK type=0 clientID=0 +0x30=0x40 +0x38=0 +0x40=0x180 +0x58=0 OUT[+0]=0x1500000000 OUT[+0x08]=0x1057dc000 OUT[+0x10]=0x10535c180 OUT[+0x48]=0x4000
####   inStruct[0..104]:
####     00: 00 00 00 00 00 00 00 00 01 00 01 00 01 00 00 00
####     10: 01 01 00 01 70 04 00 00 00 00 00 00 00 00 00 00
####     20: 00 00 00 00 00 00 00 00 00 00 00 00 00 00 00 00
####     30: 40 00 00 00 00 00 00 00 00 00 00 00 00 00 00 00
####     40: 80 01 00 00 00 00 00 00 00 00 00 00 00 00 00 00
####     50: 00 00 00 00 00 00 00 00 00 00 00 00 00 00 00 00
####     60: 00 00 00 00 00 00 f0 3f
#### TRACE -[AGXBuffer initFull] self=0x6002a1f80 dev=0x600282000 len=384 align=1→64 opt=0 subDis=0→1 resIn=0x16b2316f8 pin=0x0 -> 0x6002a1f80
#### TRACE -[AGXBuffer initUntracked] self=0x6002a1f80 dev=0x600282000 len=384 opt=0 -> 0x6002a1f80
#### objc_alloc(AGXBuffer) -> 0x6002a5d00
#### AGXIOC type0 exact initFull length: +0x58=0xc00000000 low32=0 -> +0x40=0x180
#### AGX_LIFE CREATE id=0x3 type=0 surf=0 bytes=0x4000 kr=0 okC=3 failC=0 okD=0 failD=0 unmatchedD=0 full=0 live=3/0MB [t0=3/0MB t80=0/0MB t82=0/0MB]
#### AGXIOC heap map #3 clientID 0x4000 -> resourceID 0x3 size 0x180
####   ResCreate OK type=0 clientID=0 +0x30=0x40 +0x38=0 +0x40=0x180 +0x58=0 OUT[+0]=0x1500008000 OUT[+0x08]=0x1057e0000 OUT[+0x10]=0x10535c240 OUT[+0x48]=0x4000
####   inStruct[0..104]:
####     00: 00 00 00 00 00 00 00 00 01 00 01 00 01 00 00 00
####     10: 01 01 00 01 70 04 00 00 00 00 00 00 00 00 00 00
####     20: 00 00 00 00 00 00 00 00 00 00 00 00 00 00 00 00
####     30: 40 00 00 00 00 00 00 00 00 00 00 00 00 00 00 00
####     40: 80 01 00 00 00 00 00 00 00 00 00 00 00 00 00 00
####     50: 00 00 00 00 00 00 00 00 00 00 00 00 00 00 00 00
####     60: 00 00 00 00 00 00 f0 3f
#### TRACE -[AGXBuffer initFull] self=0x6002a5d00 dev=0x600282000 len=384 align=1→64 opt=0 subDis=0→1 resIn=0x16b2316f8 pin=0x0 -> 0x6002a5d00
#### TRACE -[AGXBuffer initUntracked] self=0x6002a5d00 dev=0x600282000 len=384 opt=0 -> 0x6002a5d00
#### objc_alloc(AGXBuffer) -> 0x6002a5b80
#### AGXIOC type0 exact initFull length: +0x58=0xc00000000 low32=0 -> +0x40=0x40
#### AGX_LIFE CREATE id=0x4 type=0 surf=0 bytes=0x4000 kr=0 okC=4 failC=0 okD=0 failD=0 unmatchedD=0 full=0 live=4/0MB [t0=4/0MB t80=0/0MB t82=0/0MB]
#### AGXIOC heap map #4 clientID 0x4000 -> resourceID 0x4 size 0x40
####   ResCreate OK type=0 clientID=0 +0x30=0x40 +0x38=0 +0x40=0x40 +0x58=0 OUT[+0]=0x1500010000 OUT[+0x08]=0x1057e4000 OUT[+0x10]=0x10535c300 OUT[+0x48]=0x4000
####   inStruct[0..104]:
####     00: 00 00 00 00 00 00 00 00 01 00 01 00 01 00 00 00
####     10: 01 01 00 01 70 04 00 00 00 00 00 00 00 00 00 00
####     20: 00 00 00 00 00 00 00 00 00 00 00 00 00 00 00 00
####     30: 40 00 00 00 00 00 00 00 00 00 00 00 00 00 00 00
####     40: 40 00 00 00 00 00 00 00 00 00 00 00 00 00 00 00
####     50: 00 00 00 00 00 00 00 00 00 00 00 00 00 00 00 00
####     60: 70 0d 2d 00 06 00 00 00
#### TRACE -[AGXBuffer initFull] self=0x6002a5b80 dev=0x600282000 len=64 align=1→64 opt=0 subDis=0→1 resIn=0x16b2316f8 pin=0x0 -> 0x6002a5b80
#### TRACE -[AGXBuffer initUntracked] self=0x6002a5b80 dev=0x600282000 len=64 opt=0 -> 0x6002a5b80
#### objc_alloc(AGXBuffer) -> 0x6002a3c00
#### AGXIOC type0 exact initFull length: +0x58=0xc00000000 low32=0 -> +0x40=0x2000
#### AGX_LIFE CREATE id=0x5 type=0 surf=0 bytes=0x4000 kr=0 okC=5 failC=0 okD=0 failD=0 unmatchedD=0 full=0 live=5/0MB [t0=5/0MB t80=0/0MB t82=0/0MB]
#### AGXIOC heap map #5 clientID 0x4000 -> resourceID 0x5 size 0x2000
####   ResCreate OK type=0 clientID=0 +0x30=0x40 +0x38=0 +0x40=0x2000 +0x58=0 OUT[+0]=0x1500018000 OUT[+0x08]=0x1057e8000 OUT[+0x10]=0x10535c3c0 OUT[+0x48]=0x4000
####   inStruct[0..104]:
####     00: 00 00 00 00 00 00 00 00 01 00 01 00 01 00 00 00
####     10: 01 01 00 01 70 04 00 00 00 00 00 00 00 00 00 00
####     20: 00 00 00 00 00 00 00 00 00 00 00 00 00 00 00 00
####     30: 40 00 00 00 00 00 00 00 00 00 00 00 00 00 00 00
####     40: 00 20 00 00 00 00 00 00 00 00 00 00 00 00 00 00
####     50: 00 00 00 00 00 00 00 00 00 00 00 00 00 00 00 00
####     60: c4 b7 12 00 06 00 00 00
#### TRACE -[AGXBuffer initFull] self=0x6002a3c00 dev=0x600282000 len=8192 align=1→64 opt=0 subDis=0→1 resIn=0x16b231748 pin=0x0 -> 0x6002a3c00
#### TRACE -[AGXBuffer initUntracked] self=0x6002a3c00 dev=0x600282000 len=8192 opt=0 -> 0x6002a3c00
#### AGXIOC type0 exact initFull length: +0x58=0xc00000000 low32=0 -> +0x40=0x80
#### AGX_LIFE CREATE id=0x6 type=0 surf=0 bytes=0x4000 kr=0 okC=6 failC=0 okD=0 failD=0 unmatchedD=0 full=0 live=6/0MB [t0=6/0MB t80=0/0MB t82=0/0MB]
#### AGXIOC heap map #6 clientID 0x4000 -> resourceID 0x6 size 0x80
####   ResCreate OK type=0 clientID=0 +0x30=0x40 +0x38=0 +0x40=0x80 +0x58=0 OUT[+0]=0x1500020000 OUT[+0x08]=0x1057ec000 OUT[+0x10]=0x10535c480 OUT[+0x48]=0x4000
####   inStruct[0..104]:
####     00: 00 00 00 00 00 00 00 00 01 00 01 00 01 00 00 00
####     10: 01 01 00 01 70 04 00 00 00 00 00 00 00 00 00 00
####     20: 00 00 00 00 00 00 00 00 00 00 00 00 00 00 00 00
####     30: 40 00 00 00 00 00 00 00 00 00 00 00 00 00 00 00
####     40: 80 00 00 00 00 00 00 00 00 00 00 00 00 00 00 00
####     50: 00 00 00 00 00 00 00 00 00 00 00 00 00 00 00 00
####     60: b8 26 80 26 02 00 00 00
#### TRACE -[AGXBuffer initFull] self=0x6002a3a80 dev=0x600282000 len=128 align=1→64 opt=0 subDis=0→1 resIn=0x16b231738 pin=0x0 -> 0x6002a3a80
#### TRACE -[AGXBuffer initUntracked] self=0x6002a3a80 dev=0x600282000 len=128 opt=0 -> 0x6002a3a80
#### AGXIOC type0 exact initFull length: +0x58=0xc00000000 low32=0 -> +0x40=0x100
#### AGX_LIFE CREATE id=0x7 type=0 surf=0 bytes=0x4000 kr=0 okC=7 failC=0 okD=0 failD=0 unmatchedD=0 full=0 live=7/0MB [t0=7/0MB t80=0/0MB t82=0/0MB]
#### AGXIOC heap map #7 clientID 0x4000 -> resourceID 0x7 size 0x100
####   ResCreate OK type=0 clientID=0 +0x30=0x40 +0x38=0 +0x40=0x100 +0x58=0 OUT[+0]=0x1500028000 OUT[+0x08]=0x1057f0000 OUT[+0x10]=0x10535c540 OUT[+0x48]=0x4000
####   inStruct[0..104]:
####     00: 00 00 00 00 00 00 00 00 01 00 01 00 01 00 00 00
####     10: 01 01 00 01 70 04 00 00 00 00 00 00 00 00 00 00
####     20: 00 00 00 00 00 00 00 00 00 00 00 00 00 00 00 00
####     30: 40 00 00 00 00 00 00 00 00 00 00 00 00 00 00 00
####     40: 00 01 00 00 00 00 00 00 00 00 00 00 00 00 00 00
####     50: 00 00 00 00 00 00 00 00 00 00 00 00 00 00 00 00
####     60: b8 26 80 26 02 00 00 00
#### TRACE -[AGXBuffer initFull] self=0x6002a3900 dev=0x600282000 len=256 align=1→64 opt=0 subDis=0→1 resIn=0x16b231738 pin=0x0 -> 0x6002a3900
#### TRACE -[AGXBuffer initUntracked] self=0x6002a3900 dev=0x600282000 len=256 opt=0 -> 0x6002a3900
#### AGXIOC type0 exact initFull length: +0x58=0xc00000000 low32=0 -> +0x40=0x100
#### AGX_LIFE CREATE id=0x8 type=0 surf=0 bytes=0x4000 kr=0 okC=8 failC=0 okD=0 failD=0 unmatchedD=0 full=0 live=8/0MB [t0=8/0MB t80=0/0MB t82=0/0MB]
#### AGXIOC heap map #8 clientID 0x4000 -> resourceID 0x8 size 0x100
####   ResCreate OK type=0 clientID=0 +0x30=0x40 +0x38=0 +0x40=0x100 +0x58=0 OUT[+0]=0x1500030000 OUT[+0x08]=0x1057f4000 OUT[+0x10]=0x10535c600 OUT[+0x48]=0x4000
####   inStruct[0..104]:
####     00: 00 00 00 00 00 00 00 00 01 00 01 00 01 00 00 00
####     10: 01 01 00 01 70 04 00 00 00 00 00 00 00 00 00 00
####     20: 00 00 00 00 00 00 00 00 00 00 00 00 00 00 00 00
####     30: 40 00 00 00 00 00 00 00 00 00 00 00 00 00 00 00
####     40: 00 01 00 00 00 00 00 00 00 00 00 00 00 00 00 00
####     50: 00 00 00 00 00 00 00 00 00 00 00 00 00 00 00 00
####     60: b8 26 80 26 02 00 00 00
#### TRACE -[AGXBuffer initFull] self=0x6002a3780 dev=0x600282000 len=256 align=1→64 opt=0 subDis=0→1 resIn=0x16b231738 pin=0x0 -> 0x6002a3780
#### TRACE -[AGXBuffer initUntracked] self=0x6002a3780 dev=0x600282000 len=256 opt=0 -> 0x6002a3780
#### AGXIOC type0 exact initFull length: +0x58=0xc00000000 low32=0 -> +0x40=0x100
#### AGX_LIFE CREATE id=0x9 type=0 surf=0 bytes=0x4000 kr=0 okC=9 failC=0 okD=0 failD=0 unmatchedD=0 full=0 live=9/0MB [t0=9/0MB t80=0/0MB t82=0/0MB]
#### AGXIOC heap map #9 clientID 0x4000 -> resourceID 0x9 size 0x100
####   ResCreate OK type=0 clientID=0 +0x30=0x40 +0x38=0 +0x40=0x100 +0x58=0 OUT[+0]=0x1500038000 OUT[+0x08]=0x1057f8000 OUT[+0x10]=0x10535c6c0 OUT[+0x48]=0x4000
####   inStruct[0..104]:
####     00: 00 00 00 00 00 00 00 00 01 00 01 00 01 00 00 00
####     10: 01 01 00 01 70 04 00 00 00 00 00 00 00 00 00 00
####     20: 00 00 00 00 00 00 00 00 00 00 00 00 00 00 00 00
####     30: 40 00 00 00 00 00 00 00 00 00 00 00 00 00 00 00
####     40: 00 01 00 00 00 00 00 00 00 00 00 00 00 00 00 00
####     50: 00 00 00 00 00 00 00 00 00 00 00 00 00 00 00 00
####     60: b8 26 80 26 02 00 00 00
#### TRACE -[AGXBuffer initFull] self=0x6002a4200 dev=0x600282000 len=256 align=1→64 opt=0 subDis=0→1 resIn=0x16b231738 pin=0x0 -> 0x6002a4200
#### TRACE -[AGXBuffer initUntracked] self=0x6002a4200 dev=0x600282000 len=256 opt=0 -> 0x6002a4200
#### AGX_LIFE CREATE id=0xa type=0 surf=0 bytes=0x10000 kr=0 okC=10 failC=0 okD=0 failD=0 unmatchedD=0 full=0 live=10/0MB [t0=10/0MB t80=0/0MB t82=0/0MB]
#### AGXIOC heap map #10 clientID 0x10000 -> resourceID 0xa size 0x10000
####   ResCreate OK type=0 clientID=0 +0x30=0 +0x38=0 +0x40=0x10000 +0x58=0 OUT[+0]=0x1500040000 OUT[+0x08]=0x10c750000 OUT[+0x10]=0x10535c780 OUT[+0x48]=0x10000
####   inStruct[0..104]:
####     00: 00 00 00 00 00 00 00 00 01 00 01 00 01 00 00 00
####     10: 01 01 00 01 30 04 00 00 00 00 00 00 00 00 00 00
####     20: 00 00 00 00 00 00 00 00 00 00 00 00 00 00 00 00
####     30: 00 00 00 00 00 00 00 00 00 00 00 00 00 00 00 00
####     40: 00 00 01 00 00 00 00 00 00 00 00 00 00 00 00 00
####     50: 00 00 00 08 00 00 00 00 00 00 00 00 00 00 00 00
####     60: 00 00 00 00 00 00 00 00
#### AGXIOC type0 exact initFull length: +0x58=0xc00000000 low32=0 -> +0x40=0x2000
#### AGX_LIFE CREATE id=0xb type=0 surf=0 bytes=0x4000 kr=0 okC=11 failC=0 okD=0 failD=0 unmatchedD=0 full=0 live=11/0MB [t0=11/0MB t80=0/0MB t82=0/0MB]
#### AGXIOC heap map #11 clientID 0x4000 -> resourceID 0xb size 0x2000
####   ResCreate OK type=0 clientID=0 +0x30=0x40 +0x38=0 +0x40=0x2000 +0x58=0 OUT[+0]=0x1500058000 OUT[+0x08]=0x1057fc000 OUT[+0x10]=0x10535c840 OUT[+0x48]=0x4000
####   inStruct[0..104]:
####     00: 00 00 00 00 00 00 00 00 01 00 01 00 01 00 00 00
####     10: 01 01 00 01 70 04 00 00 00 00 00 00 00 00 00 00
####     20: 00 00 00 00 00 00 00 00 00 00 00 00 00 00 00 00
####     30: 40 00 00 00 00 00 00 00 00 00 00 00 00 00 00 00
####     40: 00 20 00 00 00 00 00 00 00 00 00 00 00 00 00 00
####     50: 00 00 00 00 00 00 00 00 00 00 00 00 00 00 00 00
####     60: cc 2e 3a dc 65 17 f8 ac
#### TRACE -[AGXBuffer initFull] self=0x6002a4080 dev=0x600282000 len=8192 align=1→64 opt=0 subDis=0→1 resIn=0x16b231498 pin=0x0 -> 0x6002a4080
#### TRACE -[AGXBuffer initUntracked] self=0x6002a4080 dev=0x600282000 len=8192 opt=0 -> 0x6002a4080
#### AGXIOC type0 exact initFull length: +0x58=0xc00000000 low32=0 -> +0x40=0x80
#### AGXIOC sel=0x9 type=0 args+0x14=0x2470 → 0x470 (stripped macOS-only bits 0x2800)
#### AGX_LIFE CREATE id=0xc type=0 surf=0 bytes=0x4000 kr=0 okC=12 failC=0 okD=0 failD=0 unmatchedD=0 full=0 live=12/0MB [t0=12/0MB t80=0/0MB t82=0/0MB]
#### AGXIOC heap map #12 clientID 0x4000 -> resourceID 0xc size 0x80
####   ResCreate OK type=0 clientID=0 +0x30=0x40 +0x38=0 +0x40=0x80 +0x58=0 OUT[+0]=0x1500060000 OUT[+0x08]=0x10c760000 OUT[+0x10]=0x10535c900 OUT[+0x48]=0x4000
####   inStruct[0..104]:
####     00: 00 00 00 00 00 00 00 00 01 00 01 00 01 00 00 00
####     10: 01 01 00 01 70 04 00 00 00 00 00 00 00 00 00 00
####     20: 00 00 00 00 00 00 00 00 00 00 00 00 00 00 00 00
####     30: 40 00 00 00 00 00 00 00 00 00 00 00 00 00 00 00
####     40: 80 00 00 00 00 00 00 00 00 00 00 00 00 00 00 00
####     50: 00 00 00 00 00 00 00 00 00 00 00 00 00 00 00 00
####     60: 00 00 00 00 00 00 00 00
#### TRACE -[AGXBuffer initFull] self=0x6002a5100 dev=0x600282000 len=128 align=1→64 opt=32 subDis=0→1 resIn=0x16b231778 pin=0x0 -> 0x6002a5100
#### TRACE -[AGXBuffer initUntracked] self=0x6002a5100 dev=0x600282000 len=128 opt=32 -> 0x6002a5100
[68639:0728/055818.270312:VERBOSE1:components/viz/service/main/viz_main_impl.cc:87] VizNullHypothesis is disabled (not a warning)
#### tile-encoder forwards: class MTLSimRenderCommandEncoder NOT found
#### IOGPU-CALLBACK-DIAG installed queueClass=0x1e4f988d0 method=0x0 orig=0x0 bufferClass=0x1e4f98830 method=0x1a6b0f9a5 orig=0x1a6af2be8 errorMethod=0x19334be01 errorOrig=0x19321ddcc (file-gated)
#### NSXPCSharedListener class=0x1e5313bd8
#### NSXPCSharedListener endpointForReply swizzle installed
#### NSXPCSharedListener connectToService swizzle installed
#### MTL_TEX POOL-NEW: key=16x16-pf125-bpe16-fcc1380410945 → IOSurface=0x600059ba0 (bpr=256 alloc=16 KB, map=EXPLICIT)
#### MACWS_AGX_NATIVE supportsMemorylessRenderTargets CALLED on instance=0x600282000 class=AGXG13GFamilyDevice -> YES
#### AGXIOC RAW DUMP sel=0x9 type=0x82 inStructCnt=104 (PRE-patch):
    +0000: 82 00 00 00 00 00 00 00 10 00 10 00 01 00 00 00
    +0x10: 01 01 00 10 30 04 00 00 00 00 00 00 00 00 00 00
    +0x20: 00 00 00 00 00 00 00 00 00 00 00 00 00 00 00 00
    +0x30: 00 00 00 00 00 00 00 00 16 00 00 00 00 00 00 00
    +0x40: 00 00 00 00 00 00 00 00 00 00 00 00 00 00 00 00
    +0x50: 00 00 00 00 00 00 00 00 00 8f 88 80 01 00 00 00
    +0x60: 00 00 00 00 00 00 00 00
####   key fields: +0x14=0x430 +0x15(byte)=0x4 +0x30=0 +0x34=0 +0x38=0x16 +0x40=0 +0x48=0 +0x58=0x180888f00
#### AGXIOC type=0x82 patch #1: f14=0x430 +0x30 0→0x16 +0x38 0x16→0 +0x40 0→0 +0x50 0→0x180888f00 +0x58 0x180888f00→0
#### AGX_LIFE CREATE id=0xd type=0x82 surf=0x16 bytes=0x4000 kr=0 okC=13 failC=0 okD=0 failD=0 unmatchedD=0 full=0 live=13/0MB [t0=12/0MB t80=0/0MB t82=1/0MB]
#### AGX_LIFE type82 CREATE stack #1 resourceID=0xd surf=0x16 (16 frames):
0   libmachook_arm64.dylib              0x0000000104f9b9b4 IOConnectCallMethod_new + 6708
1   IOGPU                               0x00000001a6b0618c IOGPUResourceCreate + 236
2   IOGPU                               0x00000001a6b00138 -[IOGPUMetalResource initWithDevice:remoteStorageResource:options:args:argsSize:] + 460
3   libmachook_arm64.dylib              0x0000000104f914a8 __loadImageCallback_block_invoke_20 + 112
4   IOGPU                               0x00000001a6b025ec -[IOGPUMetalTexture initWithDevice:descriptor:iosurface:plane:field:args:argsSize:] + 824
5   AGXMetal13_3                        0x00000001ef40af38 -[AGXTexture initWithDevice:desc:iosurface:plane:] + 288
6   libmachook_arm64.dylib              0x0000000104fc437c -[MTLFakeDevice hooked_newTextureWithDescriptor:] + 5780
7   libGLESv2.dylib                     0x000000010ced3714 glStartTilingQCOM + 2731796
8   libGLESv2.dylib                     0x000000010cee6b48 glStartTilingQCOM + 2810696
9   libGLESv2.dylib                     0x000000010cee5e40 glStartTilingQCOM + 2807360
10  libGLESv2.dylib                     0x000000010cee5ccc glStartTilingQCOM + 2806988
11  libGLESv2.dylib                     0x000000010cebd648 glStartTilingQCOM + 2641480
12  libGLESv2.dylib                     0x000000010cebdff4 glStartTilingQCOM + 2643956
13  libGLESv2.dylib                     0x000000010cda8f58 glStartTilingQCOM + 1509208
14  libGLESv2.dylib                     0x000000010cd3f480 glStartTilingQCOM + 1076352
15  libGLESv2.dylib                     0x000000010cc13a88 GL_TexImage2D + 144
####   ResCreate OK type=0x82 clientID=0 +0x30=0x16 +0x38=0 +0x40=0 +0x58=0 OUT[+0]=0x1500068000 OUT[+0x08]=0 OUT[+0x10]=0x10535c9c0 OUT[+0x48]=0x4000
####   inStruct[0..104]:
####     00: 82 00 00 00 00 00 00 00 10 00 10 00 01 00 00 00
####     10: 01 01 00 10 30 04 00 00 00 00 00 00 00 00 00 00
####     20: 00 00 00 00 00 00 00 00 00 00 00 00 00 00 00 00
####     30: 16 00 00 00 00 00 00 00 00 00 00 00 00 00 00 00
####     40: 00 00 00 00 00 00 00 00 00 00 00 00 00 00 00 00
####     50: 00 8f 88 80 01 00 00 00 00 00 00 00 00 00 00 00
####     60: 00 00 00 00 00 00 00 00
#### MTL_TEX TEX-CACHE-NEW: surf=0x600059ba0 → tex=0x600279d80
#### AGX_MAP_AUDIT: _impl ivar offset = 0x208
#### AGX_MAP_AUDIT #0 tex=0x600279d80 impl=0x600279b00 iosurface(arg=0x600059ba0 bound=0x600059ba0) plane=0 cpu130=0x10c89c000 gpu40=0x1500068000 descriptorOff=0x190 descriptorLayout=0 compressed=0 extended=0 match=1
#### MTL_TEX plain ROUTE-IOSURF result: 0x600279d80
#### MTL_TEX POOL-HIT: key=16x16-pf125-bpe16-fcc1380410945 → IOSurface=0x600059ba0
#### MTL_TEX TEX-CACHE-HIT: surf=0x600059ba0 → tex=0x600279d80 (no sel=0xa, +1 retain)
#### AGX_MAP_AUDIT #1 tex=0x600279d80 impl=0x600279b00 iosurface(arg=0x600059ba0 bound=0x600059ba0) plane=0 cpu130=0x10c89c000 gpu40=0x1500068000 descriptorOff=0x190 descriptorLayout=0 compressed=0 extended=0 match=1
#### MTL_TEX plain ROUTE-IOSURF result: 0x600279d80
#### AGXIOC Method sel=0xf->0xd inCnt=2 inSC=0 outSC=16 -> 0x0
#### AGXIOC Method sel=0xf->0xd inCnt=2 inSC=0 outSC=16 -> 0x0
#### AGXIOC Struct sel=0x6->0x5 inSC=0 outSC=16 -> 0x0
#### AMFI-POLICY-COMPAT policy=AMFI op=0x60 status=0x4 (iOS task ports are hard-immovable)
#### CSR-POLICY-COMPAT active_config=0x0 (conservative iOS compatibility value)
[68645:0728/055818.330978:ERROR:base/process/process_mac.cc:53] task_policy_set TASK_CATEGORY_POLICY: (os/kern) invalid argument (4)
[68645:0728/055818.335649:INFO:third_party/webrtc/rtc_base/cpu_info.cc:77] Available number of cores: 8
[90m[main 2026-07-28T12:58:18.337Z][0m [shared storage] Creating shared storage database at '/Users/root/.vscode-shared/sharedStorage/state.vscdb' (wasCreated: false)
2026-07-28 05:58:18.340 Code Helper (Renderer)[68645:8241833] XType: Using static font registry.
[90m[main 2026-07-28T12:58:18.341Z][0m [shared storage] Initializing fallback application storage (path: /tmp/macws-vscode-profile-agx-native-targetfix11/User/globalStorage/state.vscdb)
[68621:0728/055818.374347:VERBOSE1:content/browser/loader/file_url_loader_factory.cc:474] FileURLLoader::Start: file:///Applications/Visual%20Studio%20Code.app/Contents/Resources/app/out/vs/code/electron-browser/workbench/workbench.html
#### JIT-MPROTECT flip #4096 ranges=1 prot=RX writers=1 exec_waits=39 late_retries=3
#### JIT-MPROTECT range[0]=[0x280000000,0x290000000) source=MAP_JIT-EINVAL
#### JIT-MPROTECT execution barrier installed (W^X fetch-wait compatibility)
#### JIT-MPROTECT range[0]=[0x280000000,0x290000000) source=MAP_JIT-EINVAL
#### JIT-MPROTECT range[0]=[0x280000000,0x290000000) source=MAP_JIT-EINVAL
#### JIT-MPROTECT range[0]=[0x280000000,0x290000000) source=MAP_JIT-EINVAL
#### JIT-MPROTECT range[0]=[0x280000000,0x290000000) source=MAP_JIT-EINVAL
#### JIT-MPROTECT range[0]=[0x280000000,0x290000000) source=MAP_JIT-EINVAL
#### JIT-MPROTECT range[0]=[0x280000000,0x290000000) source=MAP_JIT-EINVAL
#### JIT-MPROTECT range[0]=[0x280000000,0x290000000) source=MAP_JIT-EINVAL
#### JIT-MPROTECT range[0]=[0x170000000,0x180000000) source=MAP_JIT-EINVAL
#### JIT-MPROTECT call #1 addr=0x170000000 size=0x10000000 requested=0x7 effective=0x3 result=0 errno=0 caller=0x1164b2334 image=/Applications/Visual Studio Code.app/Contents/Frameworks/Electron Framework.framework/Versions/A/Electron Framework offset=0x63b2334
#### JIT-MPROTECT remap decline #1 dst=0x177dc0000 size=0x208000 src=0x1127a8000 requested=0x5 -> V8 copy fallback
#### JIT-MPROTECT flip #1 ranges=1 prot=RW writers=1 exec_waits=0 late_retries=0
#### JIT-MPROTECT flip #2 ranges=1 prot=RX writers=1 exec_waits=0 late_retries=0
[90m[main 2026-07-28T12:58:18.446Z][0m [shared storage] Fallback application storage initialized with 62 items
[90m[main 2026-07-28T12:58:18.474Z][0m update#setState disabled
[90m[main 2026-07-28T12:58:18.474Z][0m update#ctor - updates are disabled by the environment
[68645:0728/055818.480825:VERBOSE1:extensions/renderer/script_context.cc:150] Created context:
  extension id:           (none)
  frame:                  0xe02030500
  URL:                    
  context_type:           WEB_PAGE
  effective extension id: (none)
  effective context type: WEB_PAGE
[68645:0728/055818.481499:VERBOSE1:extensions/renderer/script_context.cc:150] Created context:
  extension id:           (none)
  frame:                  (nil)
  URL:                    
  context_type:           UNSPECIFIED
  effective extension id: (none)
  effective context type: UNSPECIFIED
[68645:0728/055818.481777:VERBOSE1:extensions/renderer/dispatcher.cc:493] Num tracked contexts: 1
[68645:0728/055818.484353:VERBOSE1:extensions/renderer/script_context.cc:150] Created context:
  extension id:           (none)
  frame:                  0xe02030500
  URL:                    
  context_type:           WEB_PAGE
  effective extension id: (none)
  effective context type: WEB_PAGE
[68645:0728/055818.484531:VERBOSE1:extensions/renderer/script_context.cc:150] Created context:
  extension id:           (none)
  frame:                  (nil)
  URL:                    
  context_type:           UNSPECIFIED
  effective extension id: (none)
  effective context type: UNSPECIFIED
[68645:0728/055818.484607:VERBOSE1:extensions/renderer/dispatcher.cc:493] Num tracked contexts: 2
#### JIT-MPROTECT flip #3 ranges=1 prot=RW writers=1 exec_waits=0 late_retries=0
#### JIT-MPROTECT flip #4 ranges=1 prot=RX writers=1 exec_waits=0 late_retries=0
#### JIT-MPROTECT flip #5 ranges=1 prot=RW writers=1 exec_waits=0 late_retries=0
#### JIT-MPROTECT flip #6 ranges=1 prot=RX writers=1 exec_waits=0 late_retries=0
#### JIT-MPROTECT flip #7 ranges=1 prot=RW writers=1 exec_waits=0 late_retries=0
#### JIT-MPROTECT flip #8 ranges=1 prot=RX writers=1 exec_waits=0 late_retries=0
#### JIT-MPROTECT flip #9 ranges=1 prot=RW writers=1 exec_waits=0 late_retries=0
#### JIT-MPROTECT flip #10 ranges=1 prot=RX writers=1 exec_waits=0 late_retries=0
#### JIT-MPROTECT flip #11 ranges=1 prot=RW writers=1 exec_waits=0 late_retries=0
#### JIT-MPROTECT flip #12 ranges=1 prot=RX writers=1 exec_waits=0 late_retries=0
#### JIT-MPROTECT flip #13 ranges=1 prot=RW writers=1 exec_waits=0 late_retries=0
#### JIT-MPROTECT flip #14 ranges=1 prot=RX writers=1 exec_waits=0 late_retries=0
#### JIT-MPROTECT flip #15 ranges=1 prot=RW writers=1 exec_waits=0 late_retries=0
#### JIT-MPROTECT flip #16 ranges=1 prot=RX writers=1 exec_waits=0 late_retries=0
#### JIT-MPROTECT flip #17 ranges=1 prot=RW writers=1 exec_waits=0 late_retries=0
#### JIT-MPROTECT flip #18 ranges=1 prot=RX writers=1 exec_waits=0 late_retries=0
#### JIT-MPROTECT flip #19 ranges=1 prot=RW writers=1 exec_waits=0 late_retries=0
#### JIT-MPROTECT flip #20 ranges=1 prot=RX writers=1 exec_waits=0 late_retries=0
#### JIT-MPROTECT flip #21 ranges=1 prot=RW writers=1 exec_waits=0 late_retries=0
#### JIT-MPROTECT flip #22 ranges=1 prot=RX writers=1 exec_waits=0 late_retries=0
#### JIT-MPROTECT flip #23 ranges=1 prot=RW writers=1 exec_waits=0 late_retries=0
#### JIT-MPROTECT flip #24 ranges=1 prot=RX writers=1 exec_waits=0 late_retries=0
#### JIT-MPROTECT flip #25 ranges=1 prot=RW writers=1 exec_waits=0 late_retries=0
#### JIT-MPROTECT flip #26 ranges=1 prot=RX writers=1 exec_waits=0 late_retries=0
#### JIT-MPROTECT flip #27 ranges=1 prot=RW writers=1 exec_waits=0 late_retries=0
#### JIT-MPROTECT flip #28 ranges=1 prot=RX writers=1 exec_waits=0 late_retries=0
#### JIT-MPROTECT flip #29 ranges=1 prot=RW writers=1 exec_waits=0 late_retries=0
#### JIT-MPROTECT flip #30 ranges=1 prot=RX writers=1 exec_waits=0 late_retries=0
#### JIT-MPROTECT flip #31 ranges=1 prot=RW writers=1 exec_waits=0 late_retries=0
#### JIT-MPROTECT flip #32 ranges=1 prot=RX writers=1 exec_waits=0 late_retries=0
[68621:0728/055818.574192:VERBOSE1:content/browser/loader/file_url_loader_factory.cc:474] FileURLLoader::Start: file:///Applications/Visual%20Studio%20Code.app/Contents/Resources/app/out/vs/workbench/workbench.desktop.main.css
[68621:0728/055818.575133:VERBOSE1:content/browser/loader/file_url_loader_factory.cc:474] FileURLLoader::Start: file:///Applications/Visual%20Studio%20Code.app/Contents/Resources/app/out/vs/code/electron-browser/workbench/workbench.js
[68645:0728/055818.636266:VERBOSE1:third_party/blink/renderer/core/script/modulator_impl_base.cc:141] "Import Map: \"vscode-file://vscode-app/Applications/Visual%20Studio%20Code.app/Contents/Resources/app/out/vs/workbench/workbench.desktop.main.js\" skips prefix match because of non-special URL scheme"
[68621:0728/055818.637555:VERBOSE1:content/browser/loader/file_url_loader_factory.cc:474] FileURLLoader::Start: file:///Applications/Visual%20Studio%20Code.app/Contents/Resources/app/out/vs/workbench/workbench.desktop.main.js
#### MTL_TEX entry self class=AGXG13GFamilyDevice
#### MTL_TEX TLS set iosurface=0x60005aae0 id=0xa1 plane=0 compressionHeaderSpan=0 (thread=0x1e4dade00 addr=0x0)
#### MACWS_AGX_NATIVE supportsMemorylessRenderTargets CALLED on instance=0x600282000 class=AGXG13GFamilyDevice -> YES
#### AGXIOC type=0x82 patch #2: f14=0x430 +0x30 0→0xa1 +0x38 0xa1→0 +0x40 0→0 +0x50 0→0x180888f00 +0x58 0x180888f00→0
#### AGX_LIFE CREATE id=0xe type=0x82 surf=0xa1 bytes=0x3d0000 kr=0 okC=14 failC=0 okD=0 failD=0 unmatchedD=0 full=0 live=14/4MB [t0=12/0MB t80=0/0MB t82=2/3MB]
#### AGX_LIFE type82 CREATE stack #2 resourceID=0xe surf=0xa1 (16 frames):
0   libmachook_arm64.dylib              0x0000000104f9b9b4 IOConnectCallMethod_new + 6708
1   IOGPU                               0x00000001a6b0618c IOGPUResourceCreate + 236
2   IOGPU                               0x00000001a6b00138 -[IOGPUMetalResource initWithDevice:remoteStorageResource:options:args:argsSize:] + 460
3   libmachook_arm64.dylib              0x0000000104f914a8 __loadImageCallback_block_invoke_20 + 112
4   IOGPU                               0x00000001a6b025ec -[IOGPUMetalTexture initWithDevice:descriptor:iosurface:plane:field:args:argsSize:] + 824
5   AGXMetal13_3                        0x00000001ef40af38 -[AGXTexture initWithDevice:desc:iosurface:plane:] + 288
6   libmachook_arm64.dylib              0x0000000104fbf16c -[MTLFakeDevice hooked_newTextureWithDescriptor:iosurface:plane:] + 1932
7   libGLESv2.dylib                     0x000000010ced3754 glStartTilingQCOM + 2731860
8   libGLESv2.dylib                     0x000000010cea79b8 glStartTilingQCOM + 2552248
9   libGLESv2.dylib                     0x000000010cea7824 glStartTilingQCOM + 2551844
10  libGLESv2.dylib                     0x000000010cda5fd4 glStartTilingQCOM + 1497044
11  libGLESv2.dylib                     0x000000010cc015fc libGLESv2.dylib + 38396
12  libGLESv2.dylib                     0x000000010cc04d60 EGL_BindTexImage + 144
13  Electron Framework                  0x0000000116d8e528 rust_bmp$cxxbridge1$194$Reader$image_data_loaded + 582280
14  Electron Framework                  0x0000000116d919cc rust_bmp$cxxbridge1$194$Reader$image_data_loaded + 595756
15  Electron Framework                  0x0000000116d8f830 rust_bmp$cxxbridge1$194$Reader$image_data_loaded + 587152
####   ResCreate OK type=0x82 clientID=0 +0x30=0xa1 +0x38=0 +0x40=0 +0x58=0 OUT[+0]=0x1500070000 OUT[+0x08]=0 OUT[+0x10]=0x10535ca80 OUT[+0x48]=0x3d0000
####   inStruct[0..104]:
####     00: 82 00 00 00 00 00 00 00 60 09 a0 01 01 00 00 00
####     10: 01 01 00 04 30 04 00 00 00 00 00 00 00 00 00 00
####     20: 00 00 00 00 00 00 00 00 00 00 00 00 00 00 00 00
####     30: a1 00 00 00 00 00 00 00 00 00 00 00 00 00 00 00
####     40: 00 00 00 00 00 00 00 00 00 00 00 00 00 00 00 00
####     50: 00 8f 88 80 01 00 00 00 00 00 00 00 00 00 00 00
####     60: 00 00 00 00 00 00 00 00
#### AGX_MAP_AUDIT #2 tex=0x600a13200 impl=0x600a12f80 iosurface(arg=0x60005aae0 bound=0x60005aae0) plane=0 cpu130=0x10fdf0000 gpu40=0x1500070000 descriptorOff=0x190 descriptorLayout=0 compressed=0 extended=0 match=1
#### AGX_LIFE CREATE id=0xf type=0 surf=0 bytes=0x50000 kr=0 okC=15 failC=0 okD=0 failD=0 unmatchedD=0 full=0 live=15/4MB [t0=13/0MB t80=0/0MB t82=2/3MB]
#### AGXIOC heap map #13 clientID 0x50000 -> resourceID 0xf size 0x50000
####   ResCreate OK type=0 clientID=0 +0x30=0 +0x38=0 +0x40=0x50000 +0x58=0 OUT[+0]=0x18000 OUT[+0x08]=0x110234000 OUT[+0x10]=0x10535cb40 OUT[+0x48]=0x50000
####   inStruct[0..104]:
####     00: 00 00 00 00 00 00 00 00 01 00 01 00 01 00 00 00
####     10: 01 01 00 01 30 84 00 00 00 00 00 00 00 00 00 00
####     20: 00 00 00 00 00 00 00 00 00 00 00 00 00 00 00 00
####     30: 00 00 00 00 00 00 00 00 00 00 00 00 00 00 00 00
####     40: 00 00 05 00 00 00 00 00 00 00 00 00 00 00 00 00
####     50: 00 00 00 38 00 00 00 00 00 00 00 00 00 00 00 00
####     60: 00 00 00 00 00 00 00 00
#### CBRI_HOOK self=0x600192680 cls=AGXG13GFamilyCommandBuffer → resourceInfo=0x6002d9600
#### AGX_LIFE CREATE id=0x10 type=0 surf=0 bytes=0x8000 kr=0 okC=16 failC=0 okD=0 failD=0 unmatchedD=0 full=0 live=16/4MB [t0=14/0MB t80=0/0MB t82=2/3MB]
#### AGXIOC heap map #14 clientID 0x8000 -> resourceID 0x10 size 0x8000
####   ResCreate OK type=0 clientID=0 +0x30=0 +0x38=0 +0x40=0x8000 +0x58=0 OUT[+0]=0x1500448000 OUT[+0x08]=0x10cbec000 OUT[+0x10]=0x10535cc00 OUT[+0x48]=0x8000
####   inStruct[0..104]:
####     00: 00 00 00 00 00 00 00 00 00 80 01 00 01 00 00 00
####     10: 01 01 00 01 30 04 00 00 00 00 00 00 00 00 00 00
####     20: 00 00 00 00 00 00 00 00 00 00 00 00 00 00 00 00
####     30: 00 00 00 00 00 00 00 00 00 00 00 00 00 00 00 00
####     40: 00 80 00 00 00 00 00 00 00 00 00 00 00 00 00 00
####     50: 00 00 00 08 00 00 00 00 00 00 00 00 00 00 00 00
####     60: 00 00 00 00 00 00 00 00
#### AGXIOC heap map #15 clientID 0x8000 -> resourceID 0x11 size 0x8000
####   ResCreate OK type=0 clientID=0 +0x30=0 +0x38=0 +0x40=0x8000 +0x58=0 OUT[+0]=0x1500458000 OUT[+0x08]=0x110284000 OUT[+0x10]=0x10535ccc0 OUT[+0x48]=0x8000
####   inStruct[0..104]:
####     00: 00 00 00 00 00 00 00 00 00 80 01 00 01 00 00 00
####     10: 01 01 00 01 30 04 00 00 00 00 00 00 00 00 00 00
####     20: 00 00 00 00 00 00 00 00 00 00 00 00 00 00 00 00
####     30: 00 00 00 00 00 00 00 00 00 00 00 00 00 00 00 00
####     40: 00 80 00 00 00 00 00 00 00 00 00 00 00 00 00 00
####     50: 00 00 00 08 00 00 00 00 00 00 00 00 00 00 00 00
####     60: 00 00 00 00 00 00 00 00
#### AGXIOC heap map #16 clientID 0x8000 -> resourceID 0x12 size 0x8000
####   ResCreate OK type=0 clientID=0 +0x30=0 +0x38=0 +0x40=0x8000 +0x58=0 OUT[+0]=0x1500468000 OUT[+0x08]=0x11028c000 OUT[+0x10]=0x10535cd80 OUT[+0x48]=0x8000
####   inStruct[0..104]:
####     00: 00 00 00 00 00 00 00 00 00 80 01 00 01 00 00 00
####     10: 01 01 00 01 30 04 00 00 00 00 00 00 00 00 00 00
####     20: 00 00 00 00 00 00 00 00 00 00 00 00 00 00 00 00
####     30: 00 00 00 00 00 00 00 00 00 00 00 00 00 00 00 00
####     40: 00 80 00 00 00 00 00 00 00 00 00 00 00 00 00 00
####     50: 00 00 00 08 00 00 00 00 00 00 00 00 00 00 00 00
####     60: 00 00 00 00 00 00 00 00
####   ResCreate OK type=0 clientID=0 +0x30=0 +0x38=0 +0x40=0x8000 +0x58=0 OUT[+0]=0x1500478000 OUT[+0x08]=0x110294000 OUT[+0x10]=0x10535ce40 OUT[+0x48]=0x8000
####   inStruct[0..104]:
####     00: 00 00 00 00 00 00 00 00 00 80 01 00 01 00 00 00
####     10: 01 01 00 01 30 04 00 00 00 00 00 00 00 00 00 00
####     20: 00 00 00 00 00 00 00 00 00 00 00 00 00 00 00 00
####     30: 00 00 00 00 00 00 00 00 00 00 00 00 00 00 00 00
####     40: 00 80 00 00 00 00 00 00 00 00 00 00 00 00 00 00
####     50: 00 00 00 08 00 00 00 00 00 00 00 00 00 00 00 00
####     60: 00 00 00 00 00 00 00 00
####   ResCreate OK type=0 clientID=0 +0x30=0 +0x38=0 +0x40=0x8000 +0x58=0 OUT[+0]=0x1500488000 OUT[+0x08]=0x11029c000 OUT[+0x10]=0x10535cf00 OUT[+0x48]=0x8000
####   inStruct[0..104]:
####     00: 00 00 00 00 00 00 00 00 00 80 01 00 01 00 00 00
####     10: 01 01 00 01 30 04 00 00 00 00 00 00 00 00 00 00
####     20: 00 00 00 00 00 00 00 00 00 00 00 00 00 00 00 00
####     30: 00 00 00 00 00 00 00 00 00 00 00 00 00 00 00 00
####     40: 00 80 00 00 00 00 00 00 00 00 00 00 00 00 00 00
####     50: 00 00 00 08 00 00 00 00 00 00 00 00 00 00 00 00
####     60: 00 00 00 00 00 00 00 00
####   ResCreate OK type=0 clientID=0 +0x30=0 +0x38=0 +0x40=0x8000 +0x58=0 OUT[+0]=0x70000 OUT[+0x08]=0x1102a4000 OUT[+0x10]=0x10535cfc0 OUT[+0x48]=0x8000
####   inStruct[0..104]:
####     00: 00 00 00 00 00 00 00 00 00 80 01 00 01 00 00 00
####     10: 01 01 00 01 30 84 00 00 00 00 00 00 00 00 00 00
####     20: 00 00 00 00 00 00 00 00 00 00 00 00 00 00 00 00
####     30: 00 00 00 00 00 00 00 00 00 00 00 00 00 00 00 00
####     40: 00 80 00 00 00 00 00 00 00 00 00 00 00 00 00 00
####     50: 00 00 00 48 00 00 00 00 00 00 00 00 00 00 00 00
####     60: 00 00 00 00 00 00 00 00
####   ResCreate OK type=0 clientID=0 +0x30=0 +0x38=0 +0x40=0x8000 +0x58=0 OUT[+0]=0x80000 OUT[+0x08]=0x1102ac000 OUT[+0x10]=0x10535d080 OUT[+0x48]=0x8000
####   inStruct[0..104]:
####     00: 00 00 00 00 00 00 00 00 00 80 01 00 01 00 00 00
####     10: 01 01 00 01 30 84 00 00 00 00 00 00 00 00 00 00
####     20: 00 00 00 00 00 00 00 00 00 00 00 00 00 00 00 00
####     30: 00 00 00 00 00 00 00 00 00 00 00 00 00 00 00 00
####     40: 00 80 00 00 00 00 00 00 00 00 00 00 00 00 00 00
####     50: 00 00 00 48 00 00 00 00 00 00 00 00 00 00 00 00
####     60: 00 00 00 00 00 00 00 00
####   ResCreate OK type=0 clientID=0 +0x30=0 +0x38=0 +0x40=0x100000 +0x58=0 OUT[+0]=0x1500498000 OUT[+0x08]=0x1102b4000 OUT[+0x10]=0x10535d140 OUT[+0x48]=0x100000
####   inStruct[0..104]:
####     00: 00 00 00 00 00 00 00 00 00 00 01 00 01 00 00 00
####     10: 01 01 00 01 30 04 00 00 00 00 00 00 00 00 00 00
####     20: 00 00 00 00 00 00 00 00 00 00 00 00 00 00 00 00
####     30: 00 00 00 00 00 00 00 00 00 00 00 00 00 00 00 00
####     40: 00 00 10 00 00 00 00 00 00 00 00 00 00 00 00 00
####     50: 00 00 00 18 00 00 00 00 00 00 00 00 00 00 00 00
####     60: 00 00 00 00 00 00 00 00
####   ResCreate OK type=0 clientID=0 +0x30=0 +0x38=0 +0x40=0x8000 +0x58=0 OUT[+0]=0x15005a0000 OUT[+0x08]=0x1103b4000 OUT[+0x10]=0x10535d200 OUT[+0x48]=0x8000
####   inStruct[0..104]:
####     00: 00 00 00 00 00 00 00 00 00 80 01 00 01 00 00 00
####     10: 01 01 00 01 30 04 00 00 00 00 00 00 00 00 00 00
####     20: 00 00 00 00 00 00 00 00 00 00 00 00 00 00 00 00
####     30: 00 00 00 00 00 00 00 00 00 00 00 00 00 00 00 00
####     40: 00 80 00 00 00 00 00 00 00 00 00 00 00 00 00 00
####     50: 00 00 00 08 00 00 00 00 00 00 00 00 00 00 00 00
####     60: 00 00 00 00 00 00 00 00
####   ResCreate OK type=0 clientID=0 +0x30=0 +0x38=0 +0x40=0x8000 +0x58=0 OUT[+0]=0x15005b0000 OUT[+0x08]=0x1103bc000 OUT[+0x10]=0x10535d2c0 OUT[+0x48]=0x8000
####   inStruct[0..104]:
####     00: 00 00 00 00 00 00 00 00 00 80 01 00 01 00 00 00
####     10: 01 01 00 01 30 04 00 00 00 00 00 00 00 00 00 00
####     20: 00 00 00 00 00 00 00 00 00 00 00 00 00 00 00 00
####     30: 00 00 00 00 00 00 00 00 00 00 00 00 00 00 00 00
####     40: 00 80 00 00 00 00 00 00 00 00 00 00 00 00 00 00
####     50: 00 00 00 18 00 00 00 00 00 00 00 00 00 00 00 00
####     60: 00 00 00 00 00 00 00 00
####   ResCreate OK type=0 clientID=0 +0x30=0 +0x38=0 +0x40=0x8000 +0x58=0 OUT[+0]=0x15005c0000 OUT[+0x08]=0x1103c4000 OUT[+0x10]=0x10535d380 OUT[+0x48]=0x8000
####   inStruct[0..104]:
####     00: 00 00 00 00 00 00 00 00 00 80 01 00 01 00 00 00
####     10: 01 01 00 01 30 04 00 00 00 00 00 00 00 00 00 00
####     20: 00 00 00 00 00 00 00 00 00 00 00 00 00 00 00 00
####     30: 00 00 00 00 00 00 00 00 00 00 00 00 00 00 00 00
####     40: 00 80 00 00 00 00 00 00 00 00 00 00 00 00 00 00
####     50: 00 00 00 08 00 00 00 00 00 00 00 00 00 00 00 00
####     60: 00 00 00 00 00 00 00 00
####   ResCreate OK type=0 clientID=0 +0x30=0 +0x38=0 +0x40=0x8000 +0x58=0 OUT[+0]=0x15005d0000 OUT[+0x08]=0x1103cc000 OUT[+0x10]=0x10535d440 OUT[+0x48]=0x8000
####   inStruct[0..104]:
####     00: 00 00 00 00 00 00 00 00 00 80 01 00 01 00 00 00
####     10: 01 01 00 01 30 04 00 00 00 00 00 00 00 00 00 00
####     20: 00 00 00 00 00 00 00 00 00 00 00 00 00 00 00 00
####     30: 00 00 00 00 00 00 00 00 00 00 00 00 00 00 00 00
####     40: 00 80 00 00 00 00 00 00 00 00 00 00 00 00 00 00
####     50: 00 00 00 08 00 00 00 00 00 00 00 00 00 00 00 00
####     60: 00 00 00 00 00 00 00 00
####   ResCreate OK type=0 clientID=0 +0x30=0 +0x38=0 +0x40=0x8000 +0x58=0 OUT[+0]=0x15005e0000 OUT[+0x08]=0x1103d4000 OUT[+0x10]=0x10535d500 OUT[+0x48]=0x8000
####   inStruct[0..104]:
####     00: 00 00 00 00 00 00 00 00 00 80 01 00 01 00 00 00
####     10: 01 01 00 01 30 04 00 00 00 00 00 00 00 00 00 00
####     20: 00 00 00 00 00 00 00 00 00 00 00 00 00 00 00 00
####     30: 00 00 00 00 00 00 00 00 00 00 00 00 00 00 00 00
####     40: 00 80 00 00 00 00 00 00 00 00 00 00 00 00 00 00
####     50: 00 00 00 08 00 00 00 00 00 00 00 00 00 00 00 00
####     60: 00 00 00 00 00 00 00 00
####   ResCreate OK type=0 clientID=0 +0x30=0 +0x38=0 +0x40=0x8000 +0x58=0 OUT[+0]=0x15005f0000 OUT[+0x08]=0x1103dc000 OUT[+0x10]=0x10535d5c0 OUT[+0x48]=0x8000
####   inStruct[0..104]:
####     00: 00 00 00 00 00 00 00 00 00 80 01 00 01 00 00 00
####     10: 01 01 00 01 30 04 00 00 00 00 00 00 00 00 00 00
####     20: 00 00 00 00 00 00 00 00 00 00 00 00 00 00 00 00
####     30: 00 00 00 00 00 00 00 00 00 00 00 00 00 00 00 00
####     40: 00 80 00 00 00 00 00 00 00 00 00 00 00 00 00 00
####     50: 00 00 00 08 00 00 00 00 00 00 00 00 00 00 00 00
####     60: 00 00 00 00 00 00 00 00
####   ResCreate OK type=0 clientID=0 +0x30=0 +0x38=0 +0x40=0x8000 +0x58=0 OUT[+0]=0x1500600000 OUT[+0x08]=0x1103e4000 OUT[+0x10]=0x10535d680 OUT[+0x48]=0x8000
####   inStruct[0..104]:
####     00: 00 00 00 00 00 00 00 00 00 80 01 00 01 00 00 00
####     10: 01 01 00 01 30 04 00 00 00 00 00 00 00 00 00 00
####     20: 00 00 00 00 00 00 00 00 00 00 00 00 00 00 00 00
####     30: 00 00 00 00 00 00 00 00 00 00 00 00 00 00 00 00
####     40: 00 80 00 00 00 00 00 00 00 00 00 00 00 00 00 00
####     50: 00 00 00 08 00 00 00 00 00 00 00 00 00 00 00 00
####     60: 00 00 00 00 00 00 00 00
####   ResCreate OK type=0 clientID=0 +0x30=0 +0x38=0 +0x40=0xff80 +0x58=0 OUT[+0]=0x1500610000 OUT[+0x08]=0x1103ec000 OUT[+0x10]=0x10535d740 OUT[+0x48]=0x10000
####   inStruct[0..104]:
####     00: 00 00 00 00 00 00 00 00 80 ff 01 00 01 00 00 00
####     10: 01 01 00 01 30 04 00 00 00 00 00 00 00 00 00 00
####     20: 00 00 00 00 00 00 00 00 00 00 00 00 00 00 00 00
####     30: 00 00 00 00 00 00 00 00 00 00 00 00 00 00 00 00
####     40: 80 ff 00 00 00 00 00 00 00 00 00 00 00 00 00 00
####     50: 00 00 00 18 00 00 00 00 00 00 00 00 00 00 00 00
####     60: 00 00 00 00 00 00 00 00
####   ResCreate OK type=0 clientID=0 +0x30=0 +0x38=0 +0x40=0xc0000 +0x58=0 OUT[+0]=0x1500628000 OUT[+0x08]=0x1103fc000 OUT[+0x10]=0x10535d800 OUT[+0x48]=0xc0000
####   inStruct[0..104]:
####     00: 00 00 00 00 00 00 00 00 00 00 01 00 01 00 00 00
####     10: 01 01 00 01 30 04 00 00 00 00 00 00 00 00 00 00
####     20: 00 00 00 00 00 00 00 00 00 00 00 00 00 00 00 00
####     30: 00 00 00 00 00 00 00 00 00 00 00 00 00 00 00 00
####     40: 00 00 0c 00 00 00 00 00 00 00 00 00 00 00 00 00
####     50: 00 00 00 08 00 00 00 00 00 00 00 00 00 00 00 00
####     60: 00 00 00 00 00 00 00 00
#### AGX_SUBMIT_DIAG #1 subtype1-predicate scalar0=0x1 legacy-scalar-gate=1 total=0x840/1 seglen=0x130/1 seghdr=1 cmdtotal=1 d8=1 pad1=1 f1=1 sent1=1 pad2=1 f2=1 sent2=1
#### AGX_SUBMIT_DIAG #1 descriptor[0] KCMD-type1-observed save /tmp/macws_submit_kcmd_1_0_type1-observed.bin failed errno=17
#### AGX_SUBMIT_DIAG #1 descriptor[0] segment save /tmp/macws_submit_segment_1_0.bin failed errno=17
#### AGXIOC type0 exact initFull length: +0x58=0 low32=0 -> +0x40=0x8000
#### AGX_SUBMIT_DIAG #1 TEMP-KCMD-ABI-FIX subtype1-clear pads=0x1c0,0x4c0 total=0x840->0x820 size=0x7e8->0x7c8 end=0x818->0x7f8 segment-span=0x820
####   ResCreate OK type=0 clientID=0 +0x30=0x40 +0x38=0 +0x40=0x8000 +0x58=0 OUT[+0]=0x15006f0000 OUT[+0x08]=0x1104bc000 OUT[+0x10]=0x10535d8c0 OUT[+0x48]=0x8000
####   inStruct[0..104]:
####     00: 00 00 00 00 00 00 00 00 01 00 01 00 01 00 00 00
####     10: 01 01 00 01 70 04 00 00 00 00 00 00 00 00 00 00
####     20: 00 00 00 00 00 00 00 00 00 00 00 00 00 00 00 00
####     30: 40 00 00 00 00 00 00 00 00 00 00 00 00 00 00 00
####     40: 00 80 00 00 00 00 00 00 00 00 00 00 00 00 00 00
####     50: 00 00 00 00 00 00 00 00 00 00 00 00 00 00 00 00
####     60: d8 1f 80 26 02 00 00 00
#### TRACE -[AGXBuffer initFull] self=0x6002adf80 dev=0x600282000 len=32768 align=1→64 opt=0 subDis=0→1 resIn=0x16b22e708 pin=0x0 -> 0x6002adf80
#### AGXIOC type0 exact initFull length: +0x58=0 low32=0 -> +0x40=0xc000
####   ResCreate OK type=0 clientID=0 +0x30=0x40 +0x38=0 +0x40=0xc000 +0x58=0 OUT[+0]=0x15008a0000 OUT[+0x08]=0x110504000 OUT[+0x10]=0x10535dd40 OUT[+0x48]=0xc000
####   inStruct[0..104]:
####     00: 00 00 00 00 00 00 00 00 01 00 01 00 01 00 00 00
####     10: 01 01 00 01 70 04 00 00 00 00 00 00 00 00 00 00
####     20: 00 00 00 00 00 00 00 00 00 00 00 00 00 00 00 00
####     30: 40 00 00 00 00 00 00 00 00 00 00 00 00 00 00 00
####     40: 00 c0 00 00 00 00 00 00 00 00 00 00 00 00 00 00
####     50: 00 00 00 00 00 00 00 00 00 00 00 00 00 00 00 00
####     60: a8 e8 22 6b 01 00 00 00
#### TRACE -[AGXBuffer initFull] self=0x6002adc80 dev=0x600282000 len=49152 align=1→64 opt=0 subDis=0→1 resIn=0x16b22e808 pin=0x0 -> 0x6002adc80
#### AGXIOC Method sel=0xf->0xd inCnt=2 inSC=0 outSC=16 -> 0x0
#### AGXIOC Method sel=0xf->0xd inCnt=2 inSC=0 outSC=16 -> 0x0
#### AGXIOC Method sel=0x1e->0x1a inCnt=4 inSC=56 outSC=0 -> 0x0
#### CBRI_HOOK self=0x600194d00 cls=AGXG13GFamilyCommandBuffer → resourceInfo=0x6002e2c00
####   ResCreate OK type=0 clientID=0 +0x30=0 +0x38=0 +0x40=0x8000 +0x58=0 OUT[+0]=0x15008b0000 OUT[+0x08]=0x110700000 OUT[+0x10]=0x10535de00 OUT[+0x48]=0x8000
####   inStruct[0..104]:
####     00: 00 00 00 00 00 00 00 00 00 80 01 00 01 00 00 00
####     10: 01 01 00 01 30 04 00 00 00 00 00 00 00 00 00 00
####     20: 00 00 00 00 00 00 00 00 00 00 00 00 00 00 00 00
####     30: 00 00 00 00 00 00 00 00 00 00 00 00 00 00 00 00
####     40: 00 80 00 00 00 00 00 00 00 00 00 00 00 00 00 00
####     50: 00 00 00 08 00 00 00 00 00 00 00 00 00 00 00 00
####     60: 00 00 00 00 00 00 00 00
####   ResCreate OK type=0 clientID=0 +0x30=0 +0x38=0 +0x40=0x8000 +0x58=0 OUT[+0]=0x15008c0000 OUT[+0x08]=0x110708000 OUT[+0x10]=0x10535dec0 OUT[+0x48]=0x8000
####   inStruct[0..104]:
####     00: 00 00 00 00 00 00 00 00 00 80 01 00 01 00 00 00
####     10: 01 01 00 01 30 04 00 00 00 00 00 00 00 00 00 00
####     20: 00 00 00 00 00 00 00 00 00 00 00 00 00 00 00 00
####     30: 00 00 00 00 00 00 00 00 00 00 00 00 00 00 00 00
####     40: 00 80 00 00 00 00 00 00 00 00 00 00 00 00 00 00
####     50: 00 00 00 08 00 00 00 00 00 00 00 00 00 00 00 00
####     60: 00 00 00 00 00 00 00 00
####   ResCreate OK type=0 clientID=0 +0x30=0 +0x38=0 +0x40=0x8000 +0x58=0 OUT[+0]=0x15008d0000 OUT[+0x08]=0x110710000 OUT[+0x10]=0x10535df80 OUT[+0x48]=0x8000
####   inStruct[0..104]:
####     00: 00 00 00 00 00 00 00 00 00 80 01 00 01 00 00 00
####     10: 01 01 00 01 30 04 00 00 00 00 00 00 00 00 00 00
####     20: 00 00 00 00 00 00 00 00 00 00 00 00 00 00 00 00
####     30: 00 00 00 00 00 00 00 00 00 00 00 00 00 00 00 00
####     40: 00 80 00 00 00 00 00 00 00 00 00 00 00 00 00 00
####     50: 00 00 00 08 00 00 00 00 00 00 00 00 00 00 00 00
####     60: 00 00 00 00 00 00 00 00
####   ResCreate OK type=0 clientID=0 +0x30=0 +0x38=0 +0x40=0x8000 +0x58=0 OUT[+0]=0x15008e0000 OUT[+0x08]=0x110718000 OUT[+0x10]=0x10535e040 OUT[+0x48]=0x8000
####   inStruct[0..104]:
####     00: 00 00 00 00 00 00 00 00 00 80 01 00 01 00 00 00
####     10: 01 01 00 01 30 04 00 00 00 00 00 00 00 00 00 00
####     20: 00 00 00 00 00 00 00 00 00 00 00 00 00 00 00 00
####     30: 00 00 00 00 00 00 00 00 00 00 00 00 00 00 00 00
####     40: 00 80 00 00 00 00 00 00 00 00 00 00 00 00 00 00
####     50: 00 00 00 08 00 00 00 00 00 00 00 00 00 00 00 00
####     60: 00 00 00 00 00 00 00 00
####   ResCreate OK type=0 clientID=0 +0x30=0 +0x38=0 +0x40=0x8000 +0x58=0 OUT[+0]=0x15008f0000 OUT[+0x08]=0x110720000 OUT[+0x10]=0x10535e100 OUT[+0x48]=0x8000
####   inStruct[0..104]:
####     00: 00 00 00 00 00 00 00 00 00 80 01 00 01 00 00 00
####     10: 01 01 00 01 30 04 00 00 00 00 00 00 00 00 00 00
####     20: 00 00 00 00 00 00 00 00 00 00 00 00 00 00 00 00
####     30: 00 00 00 00 00 00 00 00 00 00 00 00 00 00 00 00
####     40: 00 80 00 00 00 00 00 00 00 00 00 00 00 00 00 00
####     50: 00 00 00 08 00 00 00 00 00 00 00 00 00 00 00 00
####     60: 00 00 00 00 00 00 00 00
####   ResCreate OK type=0 clientID=0 +0x30=0 +0x38=0 +0x40=0x8000 +0x58=0 OUT[+0]=0x90000 OUT[+0x08]=0x110728000 OUT[+0x10]=0x10535e1c0 OUT[+0x48]=0x8000
####   inStruct[0..104]:
####     00: 00 00 00 00 00 00 00 00 00 80 01 00 01 00 00 00
####     10: 01 01 00 01 30 84 00 00 00 00 00 00 00 00 00 00
####     20: 00 00 00 00 00 00 00 00 00 00 00 00 00 00 00 00
####     30: 00 00 00 00 00 00 00 00 00 00 00 00 00 00 00 00
####     40: 00 80 00 00 00 00 00 00 00 00 00 00 00 00 00 00
####     50: 00 00 00 48 00 00 00 00 00 00 00 00 00 00 00 00
####     60: 00 00 00 00 00 00 00 00
####   ResCreate OK type=0 clientID=0 +0x30=0 +0x38=0 +0x40=0x8000 +0x58=0 OUT[+0]=0xa0000 OUT[+0x08]=0x110730000 OUT[+0x10]=0x10535e280 OUT[+0x48]=0x8000
####   inStruct[0..104]:
####     00: 00 00 00 00 00 00 00 00 00 80 01 00 01 00 00 00
####     10: 01 01 00 01 30 84 00 00 00 00 00 00 00 00 00 00
####     20: 00 00 00 00 00 00 00 00 00 00 00 00 00 00 00 00
####     30: 00 00 00 00 00 00 00 00 00 00 00 00 00 00 00 00
####     40: 00 80 00 00 00 00 00 00 00 00 00 00 00 00 00 00
####     50: 00 00 00 48 00 00 00 00 00 00 00 00 00 00 00 00
####     60: 00 00 00 00 00 00 00 00
####   ResCreate OK type=0 clientID=0 +0x30=0 +0x38=0 +0x40=0x100000 +0x58=0 OUT[+0]=0x1500900000 OUT[+0x08]=0x110738000 OUT[+0x10]=0x10535e340 OUT[+0x48]=0x100000
####   inStruct[0..104]:
####     00: 00 00 00 00 00 00 00 00 00 00 01 00 01 00 00 00
####     10: 01 01 00 01 30 04 00 00 00 00 00 00 00 00 00 00
####     20: 00 00 00 00 00 00 00 00 00 00 00 00 00 00 00 00
####     30: 00 00 00 00 00 00 00 00 00 00 00 00 00 00 00 00
####     40: 00 00 10 00 00 00 00 00 00 00 00 00 00 00 00 00
####     50: 00 00 00 18 00 00 00 00 00 00 00 00 00 00 00 00
####     60: 00 00 00 00 00 00 00 00
####   ResCreate OK type=0 clientID=0 +0x30=0 +0x38=0 +0x40=0x8000 +0x58=0 OUT[+0]=0x1500a08000 OUT[+0x08]=0x110838000 OUT[+0x10]=0x10535e400 OUT[+0x48]=0x8000
####   inStruct[0..104]:
####     00: 00 00 00 00 00 00 00 00 00 80 01 00 01 00 00 00
####     10: 01 01 00 01 30 04 00 00 00 00 00 00 00 00 00 00
####     20: 00 00 00 00 00 00 00 00 00 00 00 00 00 00 00 00
####     30: 00 00 00 00 00 00 00 00 00 00 00 00 00 00 00 00
####     40: 00 80 00 00 00 00 00 00 00 00 00 00 00 00 00 00
####     50: 00 00 00 08 00 00 00 00 00 00 00 00 00 00 00 00
####     60: 00 00 00 00 00 00 00 00
####   ResCreate OK type=0 clientID=0 +0x30=0 +0x38=0 +0x40=0x8000 +0x58=0 OUT[+0]=0x1500a18000 OUT[+0x08]=0x110840000 OUT[+0x10]=0x10535e4c0 OUT[+0x48]=0x8000
####   inStruct[0..104]:
####     00: 00 00 00 00 00 00 00 00 00 80 01 00 01 00 00 00
####     10: 01 01 00 01 30 04 00 00 00 00 00 00 00 00 00 00
####     20: 00 00 00 00 00 00 00 00 00 00 00 00 00 00 00 00
####     30: 00 00 00 00 00 00 00 00 00 00 00 00 00 00 00 00
####     40: 00 80 00 00 00 00 00 00 00 00 00 00 00 00 00 00
####     50: 00 00 00 18 00 00 00 00 00 00 00 00 00 00 00 00
####     60: 00 00 00 00 00 00 00 00
####   ResCreate OK type=0 clientID=0 +0x30=0 +0x38=0 +0x40=0x8000 +0x58=0 OUT[+0]=0x1500a28000 OUT[+0x08]=0x110848000 OUT[+0x10]=0x10535e580 OUT[+0x48]=0x8000
####   inStruct[0..104]:
####     00: 00 00 00 00 00 00 00 00 00 80 01 00 01 00 00 00
####     10: 01 01 00 01 30 04 00 00 00 00 00 00 00 00 00 00
####     20: 00 00 00 00 00 00 00 00 00 00 00 00 00 00 00 00
####     30: 00 00 00 00 00 00 00 00 00 00 00 00 00 00 00 00
####     40: 00 80 00 00 00 00 00 00 00 00 00 00 00 00 00 00
####     50: 00 00 00 08 00 00 00 00 00 00 00 00 00 00 00 00
####     60: 00 00 00 00 00 00 00 00
####   ResCreate OK type=0 clientID=0 +0x30=0 +0x38=0 +0x40=0x8000 +0x58=0 OUT[+0]=0x1500a38000 OUT[+0x08]=0x110850000 OUT[+0x10]=0x10535e640 OUT[+0x48]=0x8000
####   inStruct[0..104]:
####     00: 00 00 00 00 00 00 00 00 00 80 01 00 01 00 00 00
####     10: 01 01 00 01 30 04 00 00 00 00 00 00 00 00 00 00
####     20: 00 00 00 00 00 00 00 00 00 00 00 00 00 00 00 00
####     30: 00 00 00 00 00 00 00 00 00 00 00 00 00 00 00 00
####     40: 00 80 00 00 00 00 00 00 00 00 00 00 00 00 00 00
####     50: 00 00 00 08 00 00 00 00 00 00 00 00 00 00 00 00
####     60: 00 00 00 00 00 00 00 00
####   ResCreate OK type=0 clientID=0 +0x30=0 +0x38=0 +0x40=0x8000 +0x58=0 OUT[+0]=0x1500a48000 OUT[+0x08]=0x110858000 OUT[+0x10]=0x10535e700 OUT[+0x48]=0x8000
####   inStruct[0..104]:
####     00: 00 00 00 00 00 00 00 00 00 80 01 00 01 00 00 00
####     10: 01 01 00 01 30 04 00 00 00 00 00 00 00 00 00 00
####     20: 00 00 00 00 00 00 00 00 00 00 00 00 00 00 00 00
####     30: 00 00 00 00 00 00 00 00 00 00 00 00 00 00 00 00
####     40: 00 80 00 00 00 00 00 00 00 00 00 00 00 00 00 00
####     50: 00 00 00 08 00 00 00 00 00 00 00 00 00 00 00 00
####     60: 00 00 00 00 00 00 00 00
####   ResCreate OK type=0 clientID=0 +0x30=0 +0x38=0 +0x40=0x8000 +0x58=0 OUT[+0]=0x1500a58000 OUT[+0x08]=0x110860000 OUT[+0x10]=0x10535e7c0 OUT[+0x48]=0x8000
####   inStruct[0..104]:
####     00: 00 00 00 00 00 00 00 00 00 80 01 00 01 00 00 00
####     10: 01 01 00 01 30 04 00 00 00 00 00 00 00 00 00 00
####     20: 00 00 00 00 00 00 00 00 00 00 00 00 00 00 00 00
####     30: 00 00 00 00 00 00 00 00 00 00 00 00 00 00 00 00
####     40: 00 80 00 00 00 00 00 00 00 00 00 00 00 00 00 00
####     50: 00 00 00 08 00 00 00 00 00 00 00 00 00 00 00 00
####     60: 00 00 00 00 00 00 00 00
#### AGX_SUBMIT_DIAG #2 TEMP-KCMD-TRAILING-WRAPPER-FIX match=1 subtype1=0..0x840->0..0x820 wrappers=2 range=0x840..0x870->0x820..0x850
#### AGXIOC Method sel=0x1e->0x1a inCnt=4 inSC=56 outSC=0 -> 0x0
#### MTL_TEX entry self class=AGXG13GFamilyDevice
#### MTL_TEX TLS set iosurface=0x60005ad80 id=0xa2 plane=0 compressionHeaderSpan=0 (thread=0x1e4dade00 addr=0x0)
#### MACWS_AGX_NATIVE supportsMemorylessRenderTargets CALLED on instance=0x600282000 class=AGXG13GFamilyDevice -> YES
#### AGXIOC type=0x82 patch #3: f14=0x430 +0x30 0→0xa2 +0x38 0xa2→0 +0x40 0→0 +0x50 0→0x180888f00 +0x58 0x180888f00→0
#### AGX_LIFE type82 CREATE stack #3 resourceID=0x34 surf=0xa2 (16 frames):
0   libmachook_arm64.dylib              0x0000000104f9b9b4 IOConnectCallMethod_new + 6708
1   IOGPU                               0x00000001a6b0618c IOGPUResourceCreate + 236
2   IOGPU                               0x00000001a6b00138 -[IOGPUMetalResource initWithDevice:remoteStorageResource:options:args:argsSize:] + 460
3   libmachook_arm64.dylib              0x0000000104f914a8 __loadImageCallback_block_invoke_20 + 112
4   IOGPU                               0x00000001a6b025ec -[IOGPUMetalTexture initWithDevice:descriptor:iosurface:plane:field:args:argsSize:] + 824
5   AGXMetal13_3                        0x00000001ef40af38 -[AGXTexture initWithDevice:desc:iosurface:plane:] + 288
6   libmachook_arm64.dylib              0x0000000104fbf16c -[MTLFakeDevice hooked_newTextureWithDescriptor:iosurface:plane:] + 1932
7   libGLESv2.dylib                     0x000000010ced3754 glStartTilingQCOM + 2731860
8   libGLESv2.dylib                     0x000000010cea79b8 glStartTilingQCOM + 2552248
9   libGLESv2.dylib                     0x000000010cea7824 glStartTilingQCOM + 2551844
10  libGLESv2.dylib                     0x000000010cda5fd4 glStartTilingQCOM + 1497044
11  libGLESv2.dylib                     0x000000010cc015fc libGLESv2.dylib + 38396
12  libGLESv2.dylib                     0x000000010cc04d60 EGL_BindTexImage + 144
13  Electron Framework                  0x0000000116d8e528 rust_bmp$cxxbridge1$194$Reader$image_data_loaded + 582280
14  Electron Framework                  0x0000000116d919cc rust_bmp$cxxbridge1$194$Reader$image_data_loaded + 595756
15  Electron Framework                  0x0000000116d8f830 rust_bmp$cxxbridge1$194$Reader$image_data_loaded + 587152
#### AGX_MAP_AUDIT #3 tex=0x600a16e00 impl=0x600a16b80 iosurface(arg=0x60005ad80 bound=0x60005ad80) plane=0 cpu130=0x11c190000 gpu40=0x1500ba0000 descriptorOff=0x190 descriptorLayout=0 compressed=0 extended=0 match=1
#### CBRI_HOOK self=0x600195b00 cls=AGXG13GFamilyCommandBuffer → resourceInfo=0x6002d9600
#### AGXIOC Method sel=0x1e->0x1a inCnt=4 inSC=112 outSC=0 -> 0x0
#### IOGPU-ERROR-GETTER observation=1 commandBuffer=0x600195b00 class=AGXG13GFamilyCommandBuffer submitSerial=0 fixed=0 domain=MTLCommandBufferErrorDomain code=1 description=Internal Error (00000102:Internal Error)
#### MTL_TEX entry self class=AGXG13GFamilyDevice
#### MTL_TEX TLS set iosurface=0x60005df80 id=0xa3 plane=0 compressionHeaderSpan=0 (thread=0x1e4dade00 addr=0x0)
#### MACWS_AGX_NATIVE supportsMemorylessRenderTargets CALLED on instance=0x600282000 class=AGXG13GFamilyDevice -> YES
#### AGXIOC type=0x82 patch #4: f14=0x430 +0x30 0→0xa3 +0x38 0xa3→0 +0x40 0→0 +0x50 0→0x180888f00 +0x58 0x180888f00→0
#### AGX_LIFE type82 CREATE stack #4 resourceID=0x36 surf=0xa3 (16 frames):
0   libmachook_arm64.dylib              0x0000000104f9b9b4 IOConnectCallMethod_new + 6708
1   IOGPU                               0x00000001a6b0618c IOGPUResourceCreate + 236
2   IOGPU                               0x00000001a6b00138 -[IOGPUMetalResource initWithDevice:remoteStorageResource:options:args:argsSize:] + 460
3   libmachook_arm64.dylib              0x0000000104f914a8 __loadImageCallback_block_invoke_20 + 112
4   IOGPU                               0x00000001a6b025ec -[IOGPUMetalTexture initWithDevice:descriptor:iosurface:plane:field:args:argsSize:] + 824
5   AGXMetal13_3                        0x00000001ef40af38 -[AGXTexture initWithDevice:desc:iosurface:plane:] + 288
6   libmachook_arm64.dylib              0x0000000104fbf16c -[MTLFakeDevice hooked_newTextureWithDescriptor:iosurface:plane:] + 1932
7   libGLESv2.dylib                     0x000000010ced3754 glStartTilingQCOM + 2731860
8   libGLESv2.dylib                     0x000000010cea79b8 glStartTilingQCOM + 2552248
9   libGLESv2.dylib                     0x000000010cea7824 glStartTilingQCOM + 2551844
10  libGLESv2.dylib                     0x000000010cda5fd4 glStartTilingQCOM + 1497044
11  libGLESv2.dylib                     0x000000010cc015fc libGLESv2.dylib + 38396
12  libGLESv2.dylib                     0x000000010cc04d60 EGL_BindTexImage + 144
13  Electron Framework                  0x0000000116d8e528 rust_bmp$cxxbridge1$194$Reader$image_data_loaded + 582280
14  Electron Framework                  0x0000000116d919cc rust_bmp$cxxbridge1$194$Reader$image_data_loaded + 595756
15  Electron Framework                  0x0000000116d8f830 rust_bmp$cxxbridge1$194$Reader$image_data_loaded + 587152
#### AGX_MAP_AUDIT #4 tex=0x600a17a80 impl=0x600a17800 iosurface(arg=0x60005df80 bound=0x60005df80) plane=0 cpu130=0x11c560000 gpu40=0x1500f78000 descriptorOff=0x190 descriptorLayout=0 compressed=0 extended=0 match=1
#### AGX_SUBMIT_RING dumped reason=iogpu-error-getter-102 commandBuffer=0x600195b00 entries=2 range=1..2 path=/tmp/macws_submit_error_68639_1
[68639:0728/055818.729033:ERROR:ui/gl/angle_platform_impl.cc:47] mtl_command_buffer.mm:693 (onCommandBufferCompleted): Completed MTLCommandBuffer failed, and error is Internal Error (00000102:Internal Error)
#### CBRI_HOOK self=0x600196200 cls=AGXG13GFamilyCommandBuffer → resourceInfo=0x6002eae00
#### MTL_TEX TLS set iosurface=0x60005d0c0 id=0xa4 plane=0 compressionHeaderSpan=0 (thread=0x1e4dade00 addr=0x0)
#### MACWS_AGX_NATIVE supportsMemorylessRenderTargets CALLED on instance=0x600282000 class=AGXG13GFamilyDevice -> YES
#### AGXIOC type=0x82 patch #5: f14=0x430 +0x30 0→0xa4 +0x38 0xa4→0 +0x40 0→0 +0x50 0→0x180888f00 +0x58 0x180888f00→0
#### AGX_MAP_AUDIT #5 tex=0x600a18480 impl=0x600a18200 iosurface(arg=0x60005d0c0 bound=0x60005d0c0) plane=0 cpu130=0x11c930000 gpu40=0x1501350000 descriptorOff=0x190 descriptorLayout=0 compressed=0 extended=0 match=1
#### AGXIOC Method sel=0xf->0xd inCnt=2 inSC=0 outSC=16 -> 0x0
#### AGXIOC Method sel=0xf->0xd inCnt=2 inSC=0 outSC=16 -> 0x0
#### AGXIOC Method sel=0x1e->0x1a inCnt=4 inSC=112 outSC=0 -> 0x0
#### AGXIOC Method sel=0x1e->0x1a inCnt=4 inSC=56 outSC=0 -> 0x0
#### AGXIOC type0 exact initFull length: +0x58=0 low32=0 -> +0x40=0x8000
#### IOGPU-ERROR-GETTER observation=2 commandBuffer=0x600196200 class=AGXG13GFamilyCommandBuffer submitSerial=0 fixed=0 domain=MTLCommandBufferErrorDomain code=1 description=Internal Error (00000102:Internal Error)
[68639:0728/055818.731127:ERROR:ui/gl/angle_platform_impl.cc:47] mtl_command_buffer.mm:693 (onCommandBufferCompleted): Completed MTLCommandBuffer failed, and error is Internal Error (00000102:Internal Error)
#### CBRI_HOOK self=0x600196c80 cls=AGXG13GFamilyCommandBuffer → resourceInfo=0x6002e2c00
#### AGX_SUBMIT_DIAG #6 TEMP-KCMD-TRAILING-WRAPPER-FIX match=2 subtype1=0..0x840->0..0x820 wrappers=1 range=0x840..0x858->0x820..0x838
#### AGXIOC Method sel=0x1e->0x1a inCnt=4 inSC=56 outSC=0 -> 0x0
#### IOSURFACE-RELEASE-ABI pair #1: conn=11271 surfaceID=160 sel=1 -> 0
#### MTL_TEX TLS set iosurface=0x60005ab00 id=0xa0 plane=0 compressionHeaderSpan=0 (thread=0x1e4dade00 addr=0x0)
#### AGXIOC type=0x82 patch #6: f14=0x430 +0x30 0→0xa0 +0x38 0xa0→0 +0x40 0→0 +0x50 0→0x180888f00 +0x58 0x180888f00→0
#### AGX_MAP_AUDIT #6 tex=0x600a19380 impl=0x600a19100 iosurface(arg=0x60005ab00 bound=0x60005ab00) plane=0 cpu130=0x11ce10000 gpu40=0x1501728000 descriptorOff=0x190 descriptorLayout=0 compressed=0 extended=0 match=1
#### CBRI_HOOK self=0x600197000 cls=AGXG13GFamilyCommandBuffer → resourceInfo=0x6002eae00
#### AGXIOC Method sel=0xf->0xd inCnt=2 inSC=0 outSC=16 -> 0x0
#### AGXIOC Method sel=0xf->0xd inCnt=2 inSC=0 outSC=16 -> 0x0
#### CBRI_HOOK self=0x600197700 cls=AGXG13GFamilyCommandBuffer → resourceInfo=0x6002ed600
#### AGXIOC Method sel=0x1e->0x1a inCnt=4 inSC=224 outSC=0 -> 0x0
#### IOGPU-ERROR-GETTER observation=3 commandBuffer=0x600197000 class=AGXG13GFamilyCommandBuffer submitSerial=0 fixed=0 domain=MTLCommandBufferErrorDomain code=1 description=Internal Error (00000102:Internal Error)
[68639:0728/055818.738285:ERROR:ui/gl/angle_platform_impl.cc:47] mtl_command_buffer.mm:693 (onCommandBufferCompleted): Completed MTLCommandBuffer failed, and error is Internal Error (00000102:Internal Error)
#### IOGPU-ERROR-GETTER observation=4 commandBuffer=0x600197380 class=AGXG13GFamilyCommandBuffer submitSerial=0 fixed=0 domain=MTLCommandBufferErrorDomain code=1 description=Internal Error (00000102:Internal Error)
[68639:0728/055818.738403:ERROR:ui/gl/angle_platform_impl.cc:47] mtl_command_buffer.mm:693 (onCommandBufferCompleted): Completed MTLCommandBuffer failed, and error is Internal Error (00000102:Internal Error)
#### IOGPU-ERROR-GETTER observation=5 commandBuffer=0x600197700 class=AGXG13GFamilyCommandBuffer submitSerial=0 fixed=0 domain=MTLCommandBufferErrorDomain code=1 description=Internal Error (00000102:Internal Error)
[68639:0728/055818.738547:ERROR:ui/gl/angle_platform_impl.cc:47] mtl_command_buffer.mm:693 (onCommandBufferCompleted): Completed MTLCommandBuffer failed, and error is Internal Error (00000102:Internal Error)
#### JIT-MPROTECT flip #1024 ranges=1 prot=RX writers=1 exec_waits=0 late_retries=0
#### JIT-MPROTECT flip #2048 ranges=1 prot=RX writers=1 exec_waits=0 late_retries=0
[91m[main 2026-07-28T12:58:19.326Z][0m Unable to resolve your shell environment: Unexpected exit code from spawned shell (code null, signal SIGABRT)
#### JIT-MPROTECT flip #3072 ranges=1 prot=RX writers=1 exec_waits=0 late_retries=0
#### JIT-MPROTECT flip #4096 ranges=1 prot=RX writers=1 exec_waits=0 late_retries=0
[68640:0728/055819.792011:VERBOSE1:net/base/network_delegate.cc:38] NetworkDelegate::NotifyBeforeURLRequest: https://main.vscode-cdn.net/extensions/chat.json
[68621:0728/055819.846237:INFO:CONSOLE:442] "%c WARN color: #993 Creation of workbench contribution 'workbench.contrib.copilotTelemetry' took 23ms.", source: vscode-file://vscode-app/Applications/Visual%20Studio%20Code.app/Contents/Resources/app/out/vs/workbench/workbench.desktop.main.js (442)
#### JIT-MPROTECT flip #5120 ranges=1 prot=RX writers=1 exec_waits=0 late_retries=0
#### JIT-MPROTECT flip #6144 ranges=1 prot=RX writers=1 exec_waits=0 late_retries=0
#### JIT-MPROTECT flip #7168 ranges=1 prot=RX writers=1 exec_waits=0 late_retries=0
#### JIT-MPROTECT flip #5120 ranges=1 prot=RX writers=1 exec_waits=55 late_retries=6
#### JIT-MPROTECT flip #8192 ranges=1 prot=RX writers=1 exec_waits=0 late_retries=0
#### MTL_TEX TLS set iosurface=0x60005e280 id=0xa5 plane=0 compressionHeaderSpan=0 (thread=0x1e4dade00 addr=0x0)
#### AGXIOC type=0x82 patch #7: f14=0x430 +0x30 0→0xa5 +0x38 0xa5→0 +0x40 0→0 +0x50 0→0x180888f00 +0x58 0x180888f00→0
#### AGX_MAP_AUDIT #7 tex=0x600a1a280 impl=0x600a1a000 iosurface(arg=0x60005e280 bound=0x60005e280) plane=0 cpu130=0x11d040000 gpu40=0x1501760000 descriptorOff=0x190 descriptorLayout=0 compressed=0 extended=0 match=1
#### AGXIOC Method sel=0x1e->0x1a inCnt=4 inSC=56 outSC=0 -> 0x0
#### MTL_TEX POOL-NEW: key=128x1-pf10-bpe1-fcc1278226488 → IOSurface=0x60005df60 (bpr=128 alloc=16 KB, map=EXPLICIT)
#### AGXIOC type=0x82 patch #8: f14=0x430 +0x30 0→0xa6 +0x38 0xa6→0 +0x40 0→0 +0x50 0→0x180888c00 +0x58 0x180888c00→0
#### MTL_TEX TEX-CACHE-NEW: surf=0x60005df60 → tex=0x600a1ac80
#### AGX_MAP_AUDIT #8 tex=0x600a1ac80 impl=0x600a1aa00 iosurface(arg=0x60005df60 bound=0x60005df60) plane=0 cpu130=0x10c8b4000 gpu40=0x1501b38000 descriptorOff=0x190 descriptorLayout=0 compressed=0 extended=0 match=1
#### MTL_TEX plain ROUTE-IOSURF result: 0x600a1ac80
#### AGXIOC type0 exact initFull length: +0x58=0 low32=0 -> +0x40=0x80
#### CBRI_HOOK self=0x600196200 cls=AGXG13GFamilyCommandBuffer → resourceInfo=0x6002dbe00
#### MTL_TEX POOL-NEW: key=2048x2048-pf10-bpe1-fcc1278226488 → IOSurface=0x60005b1c0 (bpr=2048 alloc=4096 KB, map=EXPLICIT)
#### AGXIOC type=0x82 patch #9: f14=0x430 +0x30 0→0xa7 +0x38 0xa7→0 +0x40 0→0 +0x50 0→0x180888c00 +0x58 0x180888c00→0
#### MTL_TEX TEX-CACHE-NEW: surf=0x60005b1c0 → tex=0x600a1ca80
#### AGX_MAP_AUDIT #9 tex=0x600a1ca80 impl=0x600a1c800 iosurface(arg=0x60005b1c0 bound=0x60005b1c0) plane=0 cpu130=0x11d410000 gpu40=0x1501b58000 descriptorOff=0x190 descriptorLayout=0 compressed=0 extended=0 match=1
#### MTL_TEX plain ROUTE-IOSURF result: 0x600a1ca80
#### AGXIOC type0 exact initFull length: +0x58=0 low32=0 -> +0x40=0xc78
#### CBRI_HOOK self=0x600196200 cls=AGXG13GFamilyCommandBuffer → resourceInfo=0x6002dbe00
#### MTL_TEX TLS set iosurface=0x600ac25a0 id=0xa8 plane=0 compressionHeaderSpan=0 (thread=0x1e4dade00 addr=0x0)
#### AGXIOC type=0x82 patch #10: f14=0x430 +0x30 0→0xa8 +0x38 0xa8→0 +0x40 0→0 +0x50 0→0x180888f00 +0x58 0x180888f00→0
#### AGX_MAP_AUDIT #10 tex=0x600a1f000 impl=0x600a1be00 iosurface(arg=0x600ac25a0 bound=0x600ac25a0) plane=0 cpu130=0x10c8d0000 gpu40=0x1501f68000 descriptorOff=0x190 descriptorLayout=0 compressed=0 extended=0 match=1
#### AGXIOC type0 exact initFull length: +0x58=0 low32=0 -> +0x40=0x8000
#### CBRI_HOOK self=0x60019a800 cls=AGXG13GFamilyCommandBuffer → resourceInfo=0x6002f5800
#### MTL_TEX TLS set iosurface=0x600ac24e0 id=0xa9 plane=0 compressionHeaderSpan=0 (thread=0x1e4dade00 addr=0x0)
#### AGXIOC type=0x82 patch #11: f14=0x430 +0x30 0→0xa9 +0x38 0xa9→0 +0x40 0→0 +0x50 0→0x180888f00 +0x58 0x180888f00→0
#### AGX_MAP_AUDIT #11 tex=0x600dd0500 impl=0x600dd0280 iosurface(arg=0x600ac24e0 bound=0x600ac24e0) plane=0 cpu130=0x11d810000 gpu40=0x1502018000 descriptorOff=0x190 descriptorLayout=0 compressed=0 extended=0 match=1
#### AGX_SUBMIT_DIAG #9 TEMP-KCMD-ABI-FIX off=0 size=0x1b8->0x1a8 end=0x1e8->0x1d8 moved=0x8a4 new-total=0xa70
#### TRACE -[AGXBuffer initUntracked] self=0x600b57e00 dev=0x600282000 len=768 opt=0 -> 0x600b57e00
#### TRACE -[AGXBuffer initUntracked] self=0x600b57c80 dev=0x600282000 len=768 opt=0 -> 0x600b57c80
#### TRACE -[AGXBuffer initUntracked] self=0x600b57b00 dev=0x600282000 len=128 opt=0 -> 0x600b57b00
#### IOGPU-ERROR-GETTER observation=6 commandBuffer=0x600196200 class=AGXG13GFamilyCommandBuffer submitSerial=4 fixed=1 domain=MTLCommandBufferErrorDomain code=1 description=Internal Error (0000000a:Internal Error)
#### JIT-MPROTECT flip #9216 ranges=1 prot=RX writers=1 exec_waits=0 late_retries=0
#### AGX_SUBMIT_RING dumped reason=iogpu-error-getter-other commandBuffer=0x600196200 entries=4 range=1..4 path=/tmp/macws_submit_error_68639_2
[68639:0728/055820.566406:ERROR:ui/gl/angle_platform_impl.cc:47] mtl_command_buffer.mm:693 (onCommandBufferCompleted): Completed MTLCommandBuffer failed, and error is Internal Error (0000000a:Internal Error)
#### AGX_LIFE DESTROY id=0x3c type=0 surf=0 bytes=0x4000 kr=0 okC=71 failC=0 okD=1 failD=0 unmatchedD=0 full=0 live=70/33MB [t0=59/5MB t80=0/0MB t82=11/27MB]
#### AGX_LIFE DESTROY id=0x40 type=0 surf=0 bytes=0x4000 kr=0 okC=71 failC=0 okD=2 failD=0 unmatchedD=0 full=0 live=69/33MB [t0=58/5MB t80=0/0MB t82=11/27MB]
#### IOGPU-ERROR-GETTER observation=7 commandBuffer=0x60019a800 class=AGXG13GFamilyCommandBuffer submitSerial=0 fixed=0 domain=MTLCommandBufferErrorDomain code=1 description=Internal Error (00000102:Internal Error)
[68639:0728/055820.566821:ERROR:ui/gl/angle_platform_impl.cc:47] mtl_command_buffer.mm:693 (onCommandBufferCompleted): Completed MTLCommandBuffer failed, and error is Internal Error (00000102:Internal Error)
#### AGX_LIFE DESTROY id=0x2 type=0 surf=0 bytes=0x4000 kr=0 okC=71 failC=0 okD=3 failD=0 unmatchedD=0 full=0 live=68/33MB [t0=57/5MB t80=0/0MB t82=11/27MB]
#### AGX_LIFE DESTROY id=0x3 type=0 surf=0 bytes=0x4000 kr=0 okC=71 failC=0 okD=4 failD=0 unmatchedD=0 full=0 live=67/33MB [t0=56/5MB t80=0/0MB t82=11/27MB]
#### AGX_LIFE DESTROY id=0x4 type=0 surf=0 bytes=0x4000 kr=0 okC=71 failC=0 okD=5 failD=0 unmatchedD=0 full=0 live=66/33MB [t0=55/5MB t80=0/0MB t82=11/27MB]
#### IOGPU-ERROR-GETTER observation=8 commandBuffer=0x60019af00 class=AGXG13GFamilyCommandBuffer submitSerial=0 fixed=0 domain=MTLCommandBufferErrorDomain code=1 description=Internal Error (00000102:Internal Error)
[68639:0728/055820.567178:ERROR:ui/gl/angle_platform_impl.cc:47] mtl_command_buffer.mm:693 (onCommandBufferCompleted): Completed MTLCommandBuffer failed, and error is Internal Error (00000102:Internal Error)
#### AGX_SUBMIT_DIAG #11 TEMP-KCMD-TRAILING-WRAPPER-FIX match=3 subtype1=0..0x840->0..0x820 wrappers=1 range=0x840..0x858->0x820..0x838
#### AGXIOC type=0x82 patch #12: f14=0x430 +0x30 0→0xaa +0x38 0xaa→0 +0x40 0→0 +0x50 0→0x180888f00 +0x58 0x180888f00→0
#### AGX_MAP_AUDIT #12 tex=0x600a1d700 impl=0x600a1d480 iosurface(arg=0x600ac2420 bound=0x600ac2420) plane=0 cpu130=0x11dbe0000 gpu40=0x1502418000 descriptorOff=0x190 descriptorLayout=0 compressed=0 extended=0 match=1
#### MTL_TEX POOL-NEW: key=64x64-pf80-bpe4-fcc1111970369 → IOSurface=0x600ac4640 (bpr=256 alloc=16 KB, map=EXPLICIT)
#### AGXIOC type=0x82 patch #13: f14=0x430 +0x30 0→0xab +0x38 0xab→0 +0x40 0→0 +0x50 0→0x180888f00 +0x58 0x180888f00→0
#### MTL_TEX TEX-CACHE-NEW: surf=0x600ac4640 → tex=0x600dd2800
#### AGX_MAP_AUDIT #13 tex=0x600dd2800 impl=0x600dd2580 iosurface(arg=0x600ac4640 bound=0x600ac4640) plane=0 cpu130=0x1057e0000 gpu40=0x1500000000 descriptorOff=0x190 descriptorLayout=0 compressed=0 extended=0 match=1
#### MTL_TEX plain ROUTE-IOSURF result: 0x600dd2800
#### MTL_TEX POOL-HIT: key=64x64-pf80-bpe4-fcc1111970369 → IOSurface=0x600ac4640
#### MTL_TEX TEX-CACHE-HIT: surf=0x600ac4640 → tex=0x600dd2800 (no sel=0xa, +1 retain)
#### AGX_MAP_AUDIT #14 tex=0x600dd2800 impl=0x600dd2580 iosurface(arg=0x600ac4640 bound=0x600ac4640) plane=0 cpu130=0x1057e0000 gpu40=0x1500000000 descriptorOff=0x190 descriptorLayout=0 compressed=0 extended=0 match=1
#### MTL_TEX plain ROUTE-IOSURF result: 0x600dd2800
#### AGXIOC Scalar sel=0x10->0xe inCnt=1 -> 0x0
#### AGXIOC Scalar sel=0x10->0xe inCnt=1 -> 0x0
#### AGXIOC Scalar sel=0x10->0xe inCnt=1 -> 0x0
#### AGXIOC Scalar sel=0x10->0xe inCnt=1 -> 0x0
#### AGX_SUBMIT_DIAG #13 TEMP-KCMD-MULTISEG-FIX segment=16/17 subtype=1 range=0x7dd0..0x8610->0x85f0 shrink=0x20 storage=0x85f0
#### AGX_SUBMIT_DIAG #13 TEMP-KCMD-MULTISEG-FIX segment=15/17 subtype=1 range=0x7590..0x7dd0->0x7db0 shrink=0x20 storage=0x85d0
#### AGX_SUBMIT_DIAG #13 TEMP-KCMD-MULTISEG-FIX segment=14/17 subtype=1 range=0x6d50..0x7590->0x7570 shrink=0x20 storage=0x85b0
#### AGX_SUBMIT_DIAG #13 TEMP-KCMD-MULTISEG-FIX segment=13/17 subtype=1 range=0x6510..0x6d50->0x6d30 shrink=0x20 storage=0x8590
#### AGX_SUBMIT_DIAG #13 TEMP-KCMD-MULTISEG-FIX segment=12/17 subtype=1 range=0x5cd0..0x6510->0x64f0 shrink=0x20 storage=0x8570
#### AGX_SUBMIT_DIAG #13 TEMP-KCMD-MULTISEG-FIX segment=11/17 subtype=1 range=0x5490..0x5cd0->0x5cb0 shrink=0x20 storage=0x8550
#### AGX_SUBMIT_DIAG #13 TEMP-KCMD-MULTISEG-FIX segment=10/17 subtype=1 range=0x4c50..0x5490->0x5470 shrink=0x20 storage=0x8530
#### AGX_SUBMIT_DIAG #13 TEMP-KCMD-MULTISEG-FIX segment=9/17 subtype=1 range=0x4410..0x4c50->0x4c30 shrink=0x20 storage=0x8510
#### AGX_SUBMIT_DIAG #13 TEMP-KCMD-MULTISEG-FIX segment=8/17 subtype=1 range=0x3bd0..0x4410->0x43f0 shrink=0x20 storage=0x84f0
#### AGX_SUBMIT_DIAG #13 TEMP-KCMD-MULTISEG-FIX segment=7/17 subtype=1 range=0x3390..0x3bd0->0x3bb0 shrink=0x20 storage=0x84d0
#### AGX_SUBMIT_DIAG #13 TEMP-KCMD-MULTISEG-FIX segment=6/17 subtype=1 range=0x2b50..0x3390->0x3370 shrink=0x20 storage=0x84b0
#### AGX_SUBMIT_DIAG #13 TEMP-KCMD-MULTISEG-FIX segment=5/17 subtype=1 range=0x2310..0x2b50->0x2b30 shrink=0x20 storage=0x8490
#### AGX_SUBMIT_DIAG #13 TEMP-KCMD-MULTISEG-FIX segment=4/17 subtype=1 range=0x1ad0..0x2310->0x22f0 shrink=0x20 storage=0x8470
#### AGX_SUBMIT_DIAG #13 TEMP-KCMD-MULTISEG-FIX segment=3/17 subtype=1 range=0x1290..0x1ad0->0x1ab0 shrink=0x20 storage=0x8450
#### AGX_SUBMIT_DIAG #13 TEMP-KCMD-MULTISEG-FIX segment=2/17 subtype=1 range=0xa50..0x1290->0x1270 shrink=0x20 storage=0x8430
#### AGX_SUBMIT_DIAG #13 TEMP-KCMD-MULTISEG-FIX segment=1/17 subtype=1 range=0x210..0xa50->0xa30 shrink=0x20 storage=0x8410
#### AGX_SUBMIT_DIAG #13 TEMP-KCMD-MULTISEG-FIX segment=0/17 subtype=3 range=0..0x210->0x200 shrink=0x10 storage=0x8400
#### AGXIOC Scalar sel=0x10->0xe inCnt=1 -> 0x0
#### AGX_LIFE DESTROY id=0x40 type=0 surf=0 bytes=0x8000 kr=0 okC=105 failC=0 okD=6 failD=0 unmatchedD=0 full=0 live=99/38MB [t0=86/7MB t80=0/0MB t82=13/31MB]
#### AGX_SUBMIT_DIAG #14 TEMP-KCMD-MULTISEG-FIX segment=15/16 subtype=1 range=0x7bc0..0x8400->0x83e0 shrink=0x20 storage=0x83e0
#### AGX_SUBMIT_DIAG #14 TEMP-KCMD-MULTISEG-FIX segment=14/16 subtype=1 range=0x7380..0x7bc0->0x7ba0 shrink=0x20 storage=0x83c0
#### AGX_SUBMIT_DIAG #14 TEMP-KCMD-MULTISEG-FIX segment=13/16 subtype=1 range=0x6b40..0x7380->0x7360 shrink=0x20 storage=0x83a0
#### AGX_SUBMIT_DIAG #14 TEMP-KCMD-MULTISEG-FIX segment=12/16 subtype=1 range=0x6300..0x6b40->0x6b20 shrink=0x20 storage=0x8380
#### AGX_SUBMIT_DIAG #14 TEMP-KCMD-MULTISEG-FIX segment=11/16 subtype=1 range=0x5ac0..0x6300->0x62e0 shrink=0x20 storage=0x8360
#### AGX_SUBMIT_DIAG #14 TEMP-KCMD-MULTISEG-FIX segment=10/16 subtype=1 range=0x5280..0x5ac0->0x5aa0 shrink=0x20 storage=0x8340
#### AGX_SUBMIT_DIAG #14 TEMP-KCMD-MULTISEG-FIX segment=9/16 subtype=1 range=0x4a40..0x5280->0x5260 shrink=0x20 storage=0x8320
#### AGX_SUBMIT_DIAG #14 TEMP-KCMD-MULTISEG-FIX segment=8/16 subtype=1 range=0x4200..0x4a40->0x4a20 shrink=0x20 storage=0x8300
#### AGX_SUBMIT_DIAG #14 TEMP-KCMD-MULTISEG-FIX segment=7/16 subtype=1 range=0x39c0..0x4200->0x41e0 shrink=0x20 storage=0x82e0
#### AGXIOC Scalar sel=0x10->0xe inCnt=1 -> 0x0
#### AGX_SUBMIT_DIAG #14 TEMP-KCMD-MULTISEG-FIX segment=6/16 subtype=1 range=0x3180..0x39c0->0x39a0 shrink=0x20 storage=0x82c0
#### AGX_SUBMIT_DIAG #14 TEMP-KCMD-MULTISEG-FIX segment=5/16 subtype=1 range=0x2940..0x3180->0x3160 shrink=0x20 storage=0x82a0
#### AGX_SUBMIT_DIAG #14 TEMP-KCMD-MULTISEG-FIX segment=4/16 subtype=1 range=0x2100..0x2940->0x2920 shrink=0x20 storage=0x8280
#### AGX_SUBMIT_DIAG #14 TEMP-KCMD-MULTISEG-FIX segment=3/16 subtype=1 range=0x18c0..0x2100->0x20e0 shrink=0x20 storage=0x8260
#### AGX_SUBMIT_DIAG #14 TEMP-KCMD-MULTISEG-FIX segment=2/16 subtype=1 range=0x1080..0x18c0->0x18a0 shrink=0x20 storage=0x8240
#### AGX_SUBMIT_DIAG #14 TEMP-KCMD-MULTISEG-FIX segment=1/16 subtype=1 range=0x840..0x1080->0x1060 shrink=0x20 storage=0x8220
#### AGX_SUBMIT_DIAG #14 TEMP-KCMD-MULTISEG-FIX segment=0/16 subtype=1 range=0..0x840->0x820 shrink=0x20 storage=0x8200
#### AGX_SUBMIT_DIAG #15 TEMP-KCMD-MULTISEG-FIX segment=15/16 subtype=1 range=0x7bc0..0x8400->0x83e0 shrink=0x20 storage=0x83e0
#### AGX_SUBMIT_DIAG #15 TEMP-KCMD-MULTISEG-FIX segment=14/16 subtype=1 range=0x7380..0x7bc0->0x7ba0 shrink=0x20 storage=0x83c0
#### AGX_SUBMIT_DIAG #15 TEMP-KCMD-MULTISEG-FIX segment=13/16 subtype=1 range=0x6b40..0x7380->0x7360 shrink=0x20 storage=0x83a0
#### AGX_SUBMIT_DIAG #15 TEMP-KCMD-MULTISEG-FIX segment=12/16 subtype=1 range=0x6300..0x6b40->0x6b20 shrink=0x20 storage=0x8380
#### AGX_SUBMIT_DIAG #15 TEMP-KCMD-MULTISEG-FIX segment=11/16 subtype=1 range=0x5ac0..0x6300->0x62e0 shrink=0x20 storage=0x8360
#### AGX_SUBMIT_DIAG #15 TEMP-KCMD-MULTISEG-FIX segment=10/16 subtype=1 range=0x5280..0x5ac0->0x5aa0 shrink=0x20 storage=0x8340
#### AGX_SUBMIT_DIAG #15 TEMP-KCMD-MULTISEG-FIX segment=9/16 subtype=1 range=0x4a40..0x5280->0x5260 shrink=0x20 storage=0x8320
#### AGX_SUBMIT_DIAG #15 TEMP-KCMD-MULTISEG-FIX segment=8/16 subtype=1 range=0x4200..0x4a40->0x4a20 shrink=0x20 storage=0x8300
#### AGX_SUBMIT_DIAG #15 TEMP-KCMD-MULTISEG-FIX segment=7/16 subtype=1 range=0x39c0..0x4200->0x41e0 shrink=0x20 storage=0x82e0
#### AGX_SUBMIT_DIAG #15 TEMP-KCMD-MULTISEG-FIX segment=6/16 subtype=1 range=0x3180..0x39c0->0x39a0 shrink=0x20 storage=0x82c0
#### AGX_SUBMIT_DIAG #15 TEMP-KCMD-MULTISEG-FIX segment=5/16 subtype=1 range=0x2940..0x3180->0x3160 shrink=0x20 storage=0x82a0
#### AGX_SUBMIT_DIAG #15 TEMP-KCMD-MULTISEG-FIX segment=4/16 subtype=1 range=0x2100..0x2940->0x2920 shrink=0x20 storage=0x8280
#### AGX_SUBMIT_DIAG #15 TEMP-KCMD-MULTISEG-FIX segment=3/16 subtype=1 range=0x18c0..0x2100->0x20e0 shrink=0x20 storage=0x8260
#### AGX_SUBMIT_DIAG #15 TEMP-KCMD-MULTISEG-FIX segment=2/16 subtype=1 range=0x1080..0x18c0->0x18a0 shrink=0x20 storage=0x8240
#### AGX_SUBMIT_DIAG #15 TEMP-KCMD-MULTISEG-FIX segment=1/16 subtype=1 range=0x840..0x1080->0x1060 shrink=0x20 storage=0x8220
#### AGX_SUBMIT_DIAG #15 TEMP-KCMD-MULTISEG-FIX segment=0/16 subtype=1 range=0..0x840->0x820 shrink=0x20 storage=0x8200
#### AGX_SUBMIT_DIAG #16 subtype1-predicate scalar0=0x1 legacy-scalar-gate=1 total=0x858/1 seglen=0x188/1 seghdr=0 cmdtotal=0 d8=1 pad1=1 f1=1 sent1=1 pad2=1 f2=1 sent2=1
#### AGXIOC type=0x82 patch #14: f14=0x430 +0x30 0→0xac +0x38 0xac→0 +0x40 0→0 +0x50 0→0x180888f00 +0x58 0x180888f00→0
#### AGX_MAP_AUDIT #15 tex=0x600dd7a80 impl=0x600dd1b80 iosurface(arg=0x600ac2400 bound=0x600ac2400) plane=0 cpu130=0x11e2f8000 gpu40=0x1502c88000 descriptorOff=0x190 descriptorLayout=0 compressed=0 extended=0 match=1
#### AGX_SUBMIT_DIAG #16 descriptor[0] KCMD-type1-observed save /tmp/macws_submit_kcmd_16_0_type1-observed.bin failed errno=17
#### AGX_SUBMIT_DIAG #16 descriptor[0] segment save /tmp/macws_submit_segment_16_0.bin failed errno=17
#### IOGPU-ERROR-GETTER observation=9 commandBuffer=0x60019e000 class=AGXG13GFamilyCommandBuffer submitSerial=9 fixed=0 domain=MTLCommandBufferErrorDomain code=1 description=Internal Error (00000102:Internal Error)
[68639:0728/055820.761347:ERROR:ui/gl/angle_platform_impl.cc:47] mtl_command_buffer.mm:693 (onCommandBufferCompleted): Completed MTLCommandBuffer failed, and error is Internal Error (00000102:Internal Error)
#### IOGPU-ERROR-GETTER observation=10 commandBuffer=0x60019ea80 class=AGXG13GFamilyCommandBuffer submitSerial=0 fixed=0 domain=MTLCommandBufferErrorDomain code=1 description=Internal Error (00000102:Internal Error)
[68639:0728/055820.761614:ERROR:ui/gl/angle_platform_impl.cc:47] mtl_command_buffer.mm:693 (onCommandBufferCompleted): Completed MTLCommandBuffer failed, and error is Internal Error (00000102:Internal Error)
#### AGXIOC type=0x82 patch #15: f14=0x430 +0x30 0→0xad +0x38 0xad→0 +0x40 0→0 +0x50 0→0x180888f00 +0x58 0x180888f00→0
#### AGX_MAP_AUDIT #16 tex=0x600dd8700 impl=0x600dd7f80 iosurface(arg=0x600ac47a0 bound=0x600ac47a0) plane=0 cpu130=0x11e6d8000 gpu40=0x1503060000 descriptorOff=0x190 descriptorLayout=0 compressed=0 extended=0 match=1
#### AGX_SUBMIT_DIAG #19 subtype1-predicate scalar0=0x1 legacy-scalar-gate=1 total=0x858/1 seglen=0x188/1 seghdr=0 cmdtotal=0 d8=1 pad1=1 f1=1 sent1=1 pad2=1 f2=1 sent2=1
[91m[main 2026-07-28T12:58:20.793Z][0m ptyHost was unable to resolve shell environment Error: Unable to resolve your shell environment: Unexpected exit code from spawned shell (code null, signal SIGABRT)
    at file:///Applications/Visual%20Studio%20Code.app/Contents/Resources/app/out/main.js:474:34475
    at async file:///Applications/Visual%20Studio%20Code.app/Contents/Resources/app/out/main.js:434:92057
#### AGX_SUBMIT_DIAG #19 descriptor[0] KCMD-type1-observed saved=0x858/0x858 path=/tmp/macws_submit_kcmd_19_0_type1-observed.bin errno=0
#### AGX_SUBMIT_DIAG #19 descriptor[0] segment saved=0x188/0x188 path=/tmp/macws_submit_segment_19_0.bin errno=0
#### IOGPU-ERROR-GETTER observation=11 commandBuffer=0x600196200 class=AGXG13GFamilyCommandBuffer submitSerial=10 fixed=0 domain=MTLCommandBufferErrorDomain code=1 description=Internal Error (00000102:Internal Error)
[68639:0728/055820.795295:ERROR:ui/gl/angle_platform_impl.cc:47] mtl_command_buffer.mm:693 (onCommandBufferCompleted): Completed MTLCommandBuffer failed, and error is Internal Error (00000102:Internal Error)
[68621:0728/055820.796381:INFO:CONSOLE:442] "%c INFO color: #33f [AgentHost:renderer] Acquiring MessagePort to agent host...", source: vscode-file://vscode-app/Applications/Visual%20Studio%20Code.app/Contents/Resources/app/out/vs/workbench/workbench.desktop.main.js (442)
[91m[main 2026-07-28T12:58:20.797Z][0m AgentHostStarter was unable to resolve shell environment Error: Unable to resolve your shell environment: Unexpected exit code from spawned shell (code null, signal SIGABRT)
    at file:///Applications/Visual%20Studio%20Code.app/Contents/Resources/app/out/main.js:474:34475
    at async file:///Applications/Visual%20Studio%20Code.app/Contents/Resources/app/out/main.js:434:92057
[90m[main 2026-07-28T12:58:20.802Z][0m AgentHostProcessManager: agent host started
[68621:0728/055820.807482:INFO:CONSOLE:442] "%c INFO color: #33f [AccountPolicyGate] apply: state=inactive, reason=undefined, isRestricted=false", source: vscode-file://vscode-app/Applications/Visual%20Studio%20Code.app/Contents/Resources/app/out/vs/workbench/workbench.desktop.main.js (442)
[68621:0728/055820.857535:INFO:CONSOLE:5300] "Unable to resolve your shell environment: Unexpected exit code from spawned shell (code null, signal SIGABRT)", source: vscode-file://vscode-app/Applications/Visual%20Studio%20Code.app/Contents/Resources/app/out/vs/workbench/workbench.desktop.main.js (5300)
[68640:0728/055820.858476:VERBOSE1:net/base/network_delegate.cc:38] NetworkDelegate::NotifyBeforeURLRequest: https://default.exp-tas.com/vscode/ab
[68621:0728/055820.872302:VERBOSE1:content/browser/loader/file_url_loader_factory.cc:474] FileURLLoader::Start: file:///Applications/Visual%20Studio%20Code.app/Contents/Resources/app/out/media/sessions-icon.svg
[68621:0728/055820.873115:INFO:CONSOLE:442] "%c INFO color: #33f [AgentHost:renderer] MessagePort acquired, creating client...", source: vscode-file://vscode-app/Applications/Visual%20Studio%20Code.app/Contents/Resources/app/out/vs/workbench/workbench.desktop.main.js (442)
[68621:0728/055820.873355:INFO:CONSOLE:442] "%c INFO color: #33f [AgentHost:renderer] Direct MessagePort connection established", source: vscode-file://vscode-app/Applications/Visual%20Studio%20Code.app/Contents/Resources/app/out/vs/workbench/workbench.desktop.main.js (442)
#### AGXIOC type=0x82 patch #16: f14=0x430 +0x30 0→0xae +0x38 0xae→0 +0x40 0→0 +0x50 0→0x180888f00 +0x58 0x180888f00→0
#### AGX_MAP_AUDIT #17 tex=0x600dd8c00 impl=0x600dd8e80 iosurface(arg=0x600ac0620 bound=0x600ac0620) plane=0 cpu130=0x11eaa8000 gpu40=0x1503438000 descriptorOff=0x190 descriptorLayout=0 compressed=0 extended=0 match=1
#### MTL_TEX POOL-NEW: key=161x161-pf10-bpe1-fcc1278226488 → IOSurface=0x600ac5860 (bpr=256 alloc=48 KB, map=EXPLICIT)
#### MTL_TEX TEX-CACHE-NEW: surf=0x600ac5860 → tex=0x600dd9880
#### AGX_MAP_AUDIT #18 tex=0x600dd9880 impl=0x600dd9600 iosurface(arg=0x600ac5860 bound=0x600ac5860) plane=0 cpu130=0x11ebe8000 gpu40=0x1503580000 descriptorOff=0x190 descriptorLayout=0 compressed=0 extended=0 match=1
#### MTL_TEX plain ROUTE-IOSURF result: 0x600dd9880
#### MTL_TEX POOL-NEW: key=128x128-pf10-bpe1-fcc1278226488 → IOSurface=0x600ac5800 (bpr=128 alloc=16 KB, map=EXPLICIT)
#### MTL_TEX TEX-CACHE-NEW: surf=0x600ac5800 → tex=0x600dda000
#### AGX_MAP_AUDIT #19 tex=0x600dda000 impl=0x600dd9d80 iosurface(arg=0x600ac5800 bound=0x600ac5800) plane=0 cpu130=0x10c8a4000 gpu40=0x1501b40000 descriptorOff=0x190 descriptorLayout=0 compressed=0 extended=0 match=1
#### MTL_TEX plain ROUTE-IOSURF result: 0x600dda000
#### MTL_TEX POOL-NEW: key=64x64-pf10-bpe1-fcc1278226488 → IOSurface=0x600ac5840 (bpr=128 alloc=16 KB, map=EXPLICIT)
#### AGX_MAP_AUDIT #20 tex=0x600dda780 impl=0x600dda500 iosurface(arg=0x600ac5840 bound=0x600ac5840) plane=0 cpu130=0x10c8cc000 gpu40=0x1501f60000 descriptorOff=0x190 descriptorLayout=0 compressed=0 extended=0 match=1
#### MTL_TEX plain ROUTE-IOSURF result: 0x600dda780
#### MTL_TEX POOL-HIT: key=64x64-pf10-bpe1-fcc1278226488 → IOSurface=0x600ac5840
#### AGX_MAP_AUDIT #21 tex=0x600dda780 impl=0x600dda500 iosurface(arg=0x600ac5840 bound=0x600ac5840) plane=0 cpu130=0x10c8cc000 gpu40=0x1501f60000 descriptorOff=0x190 descriptorLayout=0 compressed=0 extended=0 match=1
#### MTL_TEX plain ROUTE-IOSURF result: 0x600dda780
#### MTL_TEX POOL-NEW: key=55x55-pf10-bpe1-fcc1278226488 → IOSurface=0x600ac5820 (bpr=128 alloc=16 KB, map=EXPLICIT)
#### AGX_MAP_AUDIT #22 tex=0x600ddb400 impl=0x600ddb180 iosurface(arg=0x600ac5820 bound=0x600ac5820) plane=0 cpu130=0x10c990000 gpu40=0x1503590000 descriptorOff=0x190 descriptorLayout=0 compressed=0 extended=0 match=1
#### MTL_TEX plain ROUTE-IOSURF result: 0x600ddb400
[68621:0728/055820.952982:VERBOSE1:content/browser/loader/file_url_loader_factory.cc:474] FileURLLoader::Start: file:///Applications/Visual%20Studio%20Code.app/Contents/Resources/app/out/media/letterpress-dark.svg
[68621:0728/055820.956395:INFO:CONSOLE:442] "%c INFO color: #33f Started local extension host with pid 68670.", source: vscode-file://vscode-app/Applications/Visual%20Studio%20Code.app/Contents/Resources/app/out/vs/workbench/workbench.desktop.main.js (442)
[68621:0728/055820.960654:VERBOSE1:content/browser/loader/file_url_loader_factory.cc:474] FileURLLoader::Start: file:///Applications/Visual%20Studio%20Code.app/Contents/Resources/app/out/media/codicon.ttf
#### AGX_MAP_AUDIT #23 tex=0x6010e3980 impl=0x6010e3700 iosurface(arg=0x600ac25e0 bound=0x600ac25e0) plane=0 cpu130=0x11ebf4000 gpu40=0x15035a0000 descriptorOff=0x190 descriptorLayout=0 compressed=0 extended=0 match=1
#### TRACE -[AGXBuffer initUntracked] self=0x600f91800 dev=0x600282000 len=1536 opt=0 -> 0x600f91800
#### TRACE -[AGXBuffer initUntracked] self=0x600b58d00 dev=0x600282000 len=1536 opt=0 -> 0x600b58d00
#### TRACE -[AGXBuffer initUntracked] self=0x600b59600 dev=0x600282000 len=256 opt=0 -> 0x600b59600
#### MTL_TEX POOL-NEW: key=128x32-pf80-bpe4-fcc1111970369 → IOSurface=0x600ac6e60 (bpr=512 alloc=16 KB, map=EXPLICIT)
#### AGX_SUBMIT_DIAG #21 subtype1-predicate scalar0=0x1 legacy-scalar-gate=1 total=0x4218/0 seglen=0x968/1 seghdr=0 cmdtotal=0 d8=1 pad1=1 f1=1 sent1=1 pad2=1 f2=1 sent2=1
#### AGX_MAP_AUDIT #24 tex=0x6010e5780 impl=0x6010e5500 iosurface(arg=0x600ac6e60 bound=0x600ac6e60) plane=0 cpu130=0x11ecf0000 gpu40=0x15036c0000 descriptorOff=0x190 descriptorLayout=0 compressed=0 extended=0 match=1
#### MTL_TEX plain ROUTE-IOSURF result: 0x6010e5780
#### AGX_SUBMIT_DIAG #21 descriptor[0] KCMD-type1-observed saved=0x4218/0x4218 path=/tmp/macws_submit_kcmd_21_0_type1-observed.bin errno=0
#### AGX_SUBMIT_DIAG #21 descriptor[0] segment saved=0x968/0x968 path=/tmp/macws_submit_segment_21_0.bin errno=0
#### IOGPU-ERROR-GETTER observation=12 commandBuffer=0x600fd0a80 class=AGXG13GFamilyCommandBuffer submitSerial=11 fixed=0 domain=MTLCommandBufferErrorDomain code=1 description=Internal Error (00000102:Internal Error)
[68639:0728/055820.996510:ERROR:ui/gl/angle_platform_impl.cc:47] mtl_command_buffer.mm:693 (onCommandBufferCompleted): Completed MTLCommandBuffer failed, and error is Internal Error (00000102:Internal Error)
#### AGX_LIFE DESTROY id=0x45 type=0 surf=0 bytes=0x4000 kr=0 okC=137 failC=0 okD=7 failD=0 unmatchedD=0 full=0 live=130/50MB [t0=108/8MB t80=0/0MB t82=22/41MB]
#### AGX_LIFE DESTROY id=0x46 type=0 surf=0 bytes=0x4000 kr=0 okC=137 failC=0 okD=8 failD=0 unmatchedD=0 full=0 live=129/50MB [t0=107/8MB t80=0/0MB t82=22/41MB]
#### AGX_LIFE DESTROY id=0x47 type=0 surf=0 bytes=0x4000 kr=0 okC=137 failC=0 okD=9 failD=0 unmatchedD=0 full=0 live=128/50MB [t0=106/8MB t80=0/0MB t82=22/41MB]
#### IOGPU-ERROR-GETTER observation=13 commandBuffer=0x600fd3f00 class=AGXG13GFamilyCommandBuffer submitSerial=0 fixed=0 domain=MTLCommandBufferErrorDomain code=1 description=Internal Error (00000102:Internal Error)
[68639:0728/055820.996876:ERROR:ui/gl/angle_platform_impl.cc:47] mtl_command_buffer.mm:693 (onCommandBufferCompleted): Completed MTLCommandBuffer failed, and error is Internal Error (00000102:Internal Error)
#### IOGPU-ERROR-GETTER observation=14 commandBuffer=0x600fd4d00 class=AGXG13GFamilyCommandBuffer submitSerial=0 fixed=0 domain=MTLCommandBufferErrorDomain code=1 description=Internal Error (00000102:Internal Error)
[68639:0728/055820.996969:ERROR:ui/gl/angle_platform_impl.cc:47] mtl_command_buffer.mm:693 (onCommandBufferCompleted): Completed MTLCommandBuffer failed, and error is Internal Error (00000102:Internal Error)
#### AGX_LIFE DESTROY id=0x7d type=0 surf=0 bytes=0xc000 kr=0 okC=137 failC=0 okD=10 failD=0 unmatchedD=0 full=0 live=127/50MB [t0=105/8MB t80=0/0MB t82=22/41MB]
#### IOGPU-ERROR-GETTER observation=15 commandBuffer=0x600fd5400 class=AGXG13GFamilyCommandBuffer submitSerial=0 fixed=0 domain=MTLCommandBufferErrorDomain code=1 description=Internal Error (00000102:Internal Error)
[68639:0728/055820.997121:ERROR:ui/gl/angle_platform_impl.cc:47] mtl_command_buffer.mm:693 (onCommandBufferCompleted): Completed MTLCommandBuffer failed, and error is Internal Error (00000102:Internal Error)
#### AGX_SUBMIT_DIAG #22 subtype1-predicate scalar0=0x1 legacy-scalar-gate=1 total=0x18d8/0 seglen=0x408/1 seghdr=0 cmdtotal=0 d8=1 pad1=1 f1=1 sent1=1 pad2=1 f2=1 sent2=1
#### AGX_SUBMIT_DIAG #22 descriptor[0] KCMD-type1-observed saved=0x18d8/0x18d8 path=/tmp/macws_submit_kcmd_22_0_type1-observed.bin errno=0
#### AGX_SUBMIT_DIAG #22 descriptor[0] segment saved=0x408/0x408 path=/tmp/macws_submit_segment_22_0.bin errno=0
#### IOGPU-ERROR-GETTER observation=16 commandBuffer=0x600fd5b00 class=AGXG13GFamilyCommandBuffer submitSerial=12 fixed=0 domain=MTLCommandBufferErrorDomain code=1 description=Internal Error (00000102:Internal Error)
[68639:0728/055821.013864:ERROR:ui/gl/angle_platform_impl.cc:47] mtl_command_buffer.mm:693 (onCommandBufferCompleted): Completed MTLCommandBuffer failed, and error is Internal Error (00000102:Internal Error)
#### MTL_TEX POOL-NEW: key=960x256-pf80-bpe4-fcc1111970369 → IOSurface=0x600ac4080 (bpr=3840 alloc=960 KB, map=EXPLICIT)
#### AGX_MAP_AUDIT #25 tex=0x6010e4380 impl=0x6010e3c00 iosurface(arg=0x600ac4080 bound=0x600ac4080) plane=0 cpu130=0x11edd4000 gpu40=0x15037b0000 descriptorOff=0x190 descriptorLayout=0 compressed=0 extended=0 match=1
#### MTL_TEX plain ROUTE-IOSURF result: 0x6010e4380
#### AGX_MAP_AUDIT #26 tex=0x6010e8e80 impl=0x6010e8c00 iosurface(arg=0x600ac70a0 bound=0x600ac70a0) plane=0 cpu130=0x11eec4000 gpu40=0x15038a8000 descriptorOff=0x190 descriptorLayout=0 compressed=0 extended=0 match=1
#### JIT-MPROTECT flip #6144 ranges=1 prot=RX writers=1 exec_waits=55 late_retries=6
#### AGX_SUBMIT_DIAG #24 subtype1-predicate scalar0=0x1 legacy-scalar-gate=1 total=0x840/1 seglen=0x170/1 seghdr=1 cmdtotal=1 d8=1 pad1=1 f1=1 sent1=1 pad2=1 f2=1 sent2=1
#### AGX_SUBMIT_DIAG #24 descriptor[0] KCMD-type1-observed saved=0x840/0x840 path=/tmp/macws_submit_kcmd_24_0_type1-observed.bin errno=0
#### AGX_SUBMIT_DIAG #24 descriptor[0] segment saved=0x170/0x170 path=/tmp/macws_submit_segment_24_0.bin errno=0
#### AGX_SUBMIT_DIAG #24 TEMP-KCMD-ABI-FIX subtype1-clear pads=0x1c0,0x4c0 total=0x840->0x820 size=0x7e8->0x7c8 end=0x818->0x7f8 segment-span=0x820
#### AGX_SUBMIT_DIAG #25 TEMP-KCMD-TRAILING-WRAPPER-FIX match=4 subtype1=0..0x840->0..0x820 wrappers=1 range=0x840..0x858->0x820..0x838
#### MTL_TEX POOL-NEW: key=8x8-pf10-bpe1-fcc1278226488 → IOSurface=0x600ac85c0 (bpr=128 alloc=16 KB, map=EXPLICIT)
#### AGX_MAP_AUDIT #27 tex=0x6010ea500 impl=0x6010ea280 iosurface(arg=0x600ac85c0 bound=0x600ac85c0) plane=0 cpu130=0x10c980000 gpu40=0x1502410000 descriptorOff=0x190 descriptorLayout=0 compressed=0 extended=0 match=1
#### MTL_TEX plain ROUTE-IOSURF result: 0x6010ea500
#### MTL_TEX POOL-NEW: key=128x16-pf10-bpe1-fcc1278226488 → IOSurface=0x600ac89e0 (bpr=128 alloc=16 KB, map=EXPLICIT)
#### AGX_MAP_AUDIT #28 tex=0x6010ebb80 impl=0x6010eb900 iosurface(arg=0x600ac89e0 bound=0x600ac89e0) plane=0 cpu130=0x11ece8000 gpu40=0x15036a0000 descriptorOff=0x190 descriptorLayout=0 compressed=0 extended=0 match=1
#### MTL_TEX plain ROUTE-IOSURF result: 0x6010ebb80
#### MTL_TEX POOL-NEW: key=16x16-pf10-bpe1-fcc1278226488 → IOSurface=0x600ac8cc0 (bpr=128 alloc=16 KB, map=EXPLICIT)
#### AGX_MAP_AUDIT #29 tex=0x6010ed700 impl=0x6010ed480 iosurface(arg=0x600ac8cc0 bound=0x600ac8cc0) plane=0 cpu130=0x11efc0000 gpu40=0x15039e8000 descriptorOff=0x190 descriptorLayout=0 compressed=0 extended=0 match=1
#### MTL_TEX plain DEPTH-STENCIL: pf=253 routing to native AGX path (IOSurface backing is invalid)
#### AGXIOC sel=0x9 type=0 VA-shape +0x38=0x11efc4000 → 0
#### AGXIOC sel=0x9 type=0 args+0x14=0x2c30 → 0x430 (stripped macOS-only bits 0x2800)
#### AGXIOC sel=0x9 type=0 VA-shape detected: args+0x40=0x11efc4000 (>1GB) → using args+0x48=0x20000 as size, +0x58 0x380888c50 → 0
#### MTL_TEX plain DEPTH-STENCIL native result: 0x6010ed980 class=AGXG13GFamilyTexture
#### MTL_TEX plain DEPTH-STENCIL: pf=253 routing to native AGX path (IOSurface backing is invalid)
#### AGXIOC sel=0x9 type=0 VA-shape +0x38=0x11efc4200 → 0
#### AGXIOC sel=0x9 type=0 args+0x14=0x2c30 → 0x430 (stripped macOS-only bits 0x2800)
#### AGXIOC sel=0x9 type=0 VA-shape detected: args+0x40=0x11efc4000 (>1GB) → using args+0x48=0x20000 as size, +0x58 0x380888c50 → 0
#### MTL_TEX plain DEPTH-STENCIL native result: 0x6010ecf80 class=AGXG13GFamilyTexture
#### MTL_TEX storageMode=Memoryless preserved for AGX-native descriptor=0x6000d10a0
#### MTL_TEX plain MEMORYLESS: routing to native AGX path (no IOSurface — tile-memory-only) w=128 h=16 pf=253
#### MTL_TEX storageMode=Memoryless preserved for AGX-native descriptor=0x6000d10a0
#### MTL_TEX storageMode=Memoryless preserved for AGX-native descriptor=0x6000d10a0
#### MTL_TEX storageMode=Memoryless preserved for AGX-native descriptor=0x6000d10a0
#### MTL_TEX plain MEMORYLESS native result: 0x6010ee380 (class=AGXG13GFamilyTexture storageMode=3 length=999)
#### MTL_TEX plain MEMORYLESS: routing to native AGX path (no IOSurface — tile-memory-only) w=128 h=16 pf=10
#### MTL_TEX plain MEMORYLESS native result: 0x6010ef000 (class=AGXG13GFamilyTexture storageMode=3 length=999)
#### AGX_SUBMIT_DIAG #27 TEMP-KCMD-ABI-FIX off=0 size=0x1b8->0x1a8 end=0x1e8->0x1d8 moved=0x4294 new-total=0x4460
#### IOGPU-ERROR-GETTER observation=17 commandBuffer=0x600fd9300 class=AGXG13GFamilyCommandBuffer submitSerial=15 fixed=1 domain=MTLCommandBufferErrorDomain code=1 description=Internal Error (0000000a:Internal Error)
[68639:0728/055821.106537:ERROR:ui/gl/angle_platform_impl.cc:47] mtl_command_buffer.mm:693 (onCommandBufferCompleted): Completed MTLCommandBuffer failed, and error is Internal Error (0000000a:Internal Error)
#### AGX_LIFE DESTROY id=0x85 type=0 surf=0 bytes=0x4000 kr=0 okC=152 failC=0 okD=11 failD=0 unmatchedD=0 full=0 live=141/53MB [t0=114/10MB t80=0/0MB t82=27/43MB]
#### AGX_LIFE DESTROY id=0x89 type=0 surf=0 bytes=0x8000 kr=0 okC=152 failC=0 okD=12 failD=0 unmatchedD=0 full=0 live=140/53MB [t0=113/10MB t80=0/0MB t82=27/43MB]
#### AGX_LIFE DESTROY id=0x8c type=0 surf=0 bytes=0x20000 kr=0 okC=153 failC=0 okD=13 failD=0 unmatchedD=0 full=0 live=140/53MB [t0=112/10MB t80=0/0MB t82=28/43MB]
#### AGX_MAP_AUDIT #30 tex=0x6010e9b00 impl=0x601392300 iosurface(arg=0x600ac5660 bound=0x600ac5660) plane=0 cpu130=0x11f050000 gpu40=0x1503a68000 descriptorOff=0x190 descriptorLayout=0 compressed=0 extended=0 match=1
#### AGX_SUBMIT_DIAG #29 TEMP-KCMD-ABI-FIX off=0 size=0x1b8->0x1a8 end=0x1e8->0x1d8 moved=0x88c new-total=0xa58
#### IOGPU-ERROR-GETTER observation=18 commandBuffer=0x600fd9300 class=AGXG13GFamilyCommandBuffer submitSerial=16 fixed=1 domain=MTLCommandBufferErrorDomain code=1 description=Internal Error (0000000a:Internal Error)
[68639:0728/055821.107809:ERROR:ui/gl/angle_platform_impl.cc:47] mtl_command_buffer.mm:693 (onCommandBufferCompleted): Completed MTLCommandBuffer failed, and error is Internal Error (0000000a:Internal Error)
#### AGX_LIFE DESTROY id=0x89 type=0 surf=0 bytes=0x4000 kr=0 okC=154 failC=0 okD=14 failD=0 unmatchedD=0 full=0 live=140/53MB [t0=112/10MB t80=0/0MB t82=28/43MB]
#### AGX_MAP_AUDIT #31 tex=0x601393200 impl=0x601392f80 iosurface(arg=0x600ac55a0 bound=0x600ac55a0) plane=0 cpu130=0x11f070000 gpu40=0x1503a90000 descriptorOff=0x190 descriptorLayout=0 compressed=0 extended=0 match=1
#### AGX_SUBMIT_DIAG #31 TEMP-KCMD-ABI-FIX off=0 size=0x1b8->0x1a8 end=0x1e8->0x1d8 moved=0x88c new-total=0xa58
#### IOGPU-ERROR-GETTER observation=19 commandBuffer=0x600fd9300 class=AGXG13GFamilyCommandBuffer submitSerial=17 fixed=1 domain=MTLCommandBufferErrorDomain code=1 description=Internal Error (0000000a:Internal Error)
[68639:0728/055821.109291:ERROR:ui/gl/angle_platform_impl.cc:47] mtl_command_buffer.mm:693 (onCommandBufferCompleted): Completed MTLCommandBuffer failed, and error is Internal Error (0000000a:Internal Error)
#### AGX_SUBMIT_DIAG #33 subtype1-predicate scalar0=0x1 legacy-scalar-gate=1 total=0x840/1 seglen=0x170/1 seghdr=1 cmdtotal=1 d8=1 pad1=1 f1=1 sent1=1 pad2=1 f2=1 sent2=1
#### AGX_LIFE DESTROY id=0x8c type=0 surf=0 bytes=0xc000 kr=0 okC=156 failC=0 okD=15 failD=0 unmatchedD=0 full=0 live=141/54MB [t0=112/10MB t80=0/0MB t82=29/44MB]
#### AGX_SUBMIT_DIAG #33 descriptor[0] KCMD-type1-observed saved=0x840/0x840 path=/tmp/macws_submit_kcmd_33_0_type1-observed.bin errno=0
#### AGX_SUBMIT_DIAG #33 descriptor[0] segment saved=0x170/0x170 path=/tmp/macws_submit_segment_33_0.bin errno=0
#### AGX_SUBMIT_DIAG #33 TEMP-KCMD-ABI-FIX subtype1-clear pads=0x1c0,0x4c0 total=0x840->0x820 size=0x7e8->0x7c8 end=0x818->0x7f8 segment-span=0x820
#### AGX_SUBMIT_DIAG #34 TEMP-KCMD-ABI-FIX off=0 size=0x1b8->0x1a8 end=0x1e8->0x1d8 moved=0x88c new-total=0xa58
#### IOGPU-ERROR-GETTER observation=20 commandBuffer=0x600fde380 class=AGXG13GFamilyCommandBuffer submitSerial=19 fixed=1 domain=MTLCommandBufferErrorDomain code=1 description=Internal Error (0000000a:Internal Error)
[68639:0728/055821.112066:ERROR:ui/gl/angle_platform_impl.cc:47] mtl_command_buffer.mm:693 (onCommandBufferCompleted): Completed MTLCommandBuffer failed, and error is Internal Error (0000000a:Internal Error)
#### AGX_LIFE DESTROY id=0x8c type=0 surf=0 bytes=0x4000 kr=0 okC=159 failC=0 okD=16 failD=0 unmatchedD=0 full=0 live=143/54MB [t0=114/10MB t80=0/0MB t82=29/44MB]
#### IOGPU-ERROR-GETTER observation=21 commandBuffer=0x600fde380 class=AGXG13GFamilyCommandBuffer submitSerial=19 fixed=1 domain=MTLCommandBufferErrorDomain code=1 description=Internal Error (00000103:Internal Error)
#### JIT-MPROTECT flip #10240 ranges=1 prot=RX writers=1 exec_waits=0 late_retries=0
[68621:0728/055821.250975:INFO:CONSOLE:442] "%c  ERR color: #f33 [vscode.mermaid-markdown-features]: Extension 'vscode.mermaid-markdown-features' CANNOT use 'legacyToolReferenceFullNames' without the 'chatParticipantPrivate' API proposal enabled", source: vscode-file://vscode-app/Applications/Visual%20Studio%20Code.app/Contents/Resources/app/out/vs/workbench/workbench.desktop.main.js (442)
[68621:0728/055821.406467:ERROR:net/cert/internal/trust_store_mac.cc:773] SecItemCopyMatching error: Error Domain=NSOSStatusErrorDomain Code=-50 "paramErr: error in user parameter list" (-50)
[68640:0728/055821.564189:VERBOSE1:net/base/network_delegate.cc:38] NetworkDelegate::NotifyBeforeURLRequest: https://default.exp-tas.com/vscode/ab
#### AGX_SUBMIT_RING dumped reason=iogpu-error-getter-103 commandBuffer=0x600fde380 entries=19 range=1..19 path=/tmp/macws_submit_error_68639_3
[68639:0728/055821.653204:ERROR:ui/gl/angle_platform_impl.cc:47] mtl_command_buffer.mm:693 (onCommandBufferCompleted): Completed MTLCommandBuffer failed, and error is Internal Error (00000103:Internal Error)
#### IOGPU-ERROR-GETTER observation=22 commandBuffer=0x600fdee00 class=AGXG13GFamilyCommandBuffer submitSerial=0 fixed=0 domain=MTLCommandBufferErrorDomain code=1 description=Internal Error (00000103:Internal Error)
[68639:0728/055821.653504:ERROR:ui/gl/angle_platform_impl.cc:47] mtl_command_buffer.mm:693 (onCommandBufferCompleted): Completed MTLCommandBuffer failed, and error is Internal Error (00000103:Internal Error)
#### AGX_SUBMIT_DIAG #36 TEMP-KCMD-MULTISEG-FIX segment=15/16 subtype=1 range=0x7bc0..0x8400->0x83e0 shrink=0x20 storage=0x83e0
#### AGX_SUBMIT_DIAG #36 TEMP-KCMD-MULTISEG-FIX segment=14/16 subtype=1 range=0x7380..0x7bc0->0x7ba0 shrink=0x20 storage=0x83c0
#### AGX_SUBMIT_DIAG #36 TEMP-KCMD-MULTISEG-FIX segment=13/16 subtype=1 range=0x6b40..0x7380->0x7360 shrink=0x20 storage=0x83a0
#### AGX_SUBMIT_DIAG #36 TEMP-KCMD-MULTISEG-FIX segment=12/16 subtype=1 range=0x6300..0x6b40->0x6b20 shrink=0x20 storage=0x8380
#### AGX_SUBMIT_DIAG #36 TEMP-KCMD-MULTISEG-FIX segment=11/16 subtype=1 range=0x5ac0..0x6300->0x62e0 shrink=0x20 storage=0x8360
#### AGX_SUBMIT_DIAG #36 TEMP-KCMD-MULTISEG-FIX segment=10/16 subtype=1 range=0x5280..0x5ac0->0x5aa0 shrink=0x20 storage=0x8340
#### AGX_SUBMIT_DIAG #36 TEMP-KCMD-MULTISEG-FIX segment=9/16 subtype=1 range=0x4a40..0x5280->0x5260 shrink=0x20 storage=0x8320
#### AGX_SUBMIT_DIAG #36 TEMP-KCMD-MULTISEG-FIX segment=8/16 subtype=1 range=0x4200..0x4a40->0x4a20 shrink=0x20 storage=0x8300
#### AGX_SUBMIT_DIAG #36 TEMP-KCMD-MULTISEG-FIX segment=7/16 subtype=1 range=0x39c0..0x4200->0x41e0 shrink=0x20 storage=0x82e0
#### AGX_SUBMIT_DIAG #36 TEMP-KCMD-MULTISEG-FIX segment=6/16 subtype=1 range=0x3180..0x39c0->0x39a0 shrink=0x20 storage=0x82c0
#### AGX_SUBMIT_DIAG #36 TEMP-KCMD-MULTISEG-FIX segment=5/16 subtype=1 range=0x2940..0x3180->0x3160 shrink=0x20 storage=0x82a0
#### AGX_SUBMIT_DIAG #36 TEMP-KCMD-MULTISEG-FIX segment=4/16 subtype=1 range=0x2100..0x2940->0x2920 shrink=0x20 storage=0x8280
#### AGX_SUBMIT_DIAG #36 TEMP-KCMD-MULTISEG-FIX segment=3/16 subtype=1 range=0x18c0..0x2100->0x20e0 shrink=0x20 storage=0x8260
#### AGX_SUBMIT_DIAG #36 TEMP-KCMD-MULTISEG-FIX segment=2/16 subtype=1 range=0x1080..0x18c0->0x18a0 shrink=0x20 storage=0x8240
#### AGX_SUBMIT_DIAG #36 TEMP-KCMD-MULTISEG-FIX segment=1/16 subtype=1 range=0x840..0x1080->0x1060 shrink=0x20 storage=0x8220
#### AGX_SUBMIT_DIAG #36 TEMP-KCMD-MULTISEG-FIX segment=0/16 subtype=1 range=0..0x840->0x820 shrink=0x20 storage=0x8200
#### IOGPU-ERROR-GETTER observation=23 commandBuffer=0x600fdf500 class=AGXG13GFamilyCommandBuffer submitSerial=0 fixed=0 domain=MTLCommandBufferErrorDomain code=1 description=Internal Error (00000102:Internal Error)
[68639:0728/055821.697465:ERROR:ui/gl/angle_platform_impl.cc:47] mtl_command_buffer.mm:693 (onCommandBufferCompleted): Completed MTLCommandBuffer failed, and error is Internal Error (00000102:Internal Error)
#### IOGPU-ERROR-GETTER observation=24 commandBuffer=0x600fdee00 class=AGXG13GFamilyCommandBuffer submitSerial=0 fixed=0 domain=MTLCommandBufferErrorDomain code=1 description=Internal Error (00000102:Internal Error)
[68639:0728/055821.700701:ERROR:ui/gl/angle_platform_impl.cc:47] mtl_command_buffer.mm:693 (onCommandBufferCompleted): Completed MTLCommandBuffer failed, and error is Internal Error (00000102:Internal Error)
#### AGX_SUBMIT_DIAG #39 TEMP-KCMD-ABI-FIX off=0 size=0x1b8->0x1a8 end=0x1e8->0x1d8 moved=0x88c new-total=0xa58
#### IOGPU-ERROR-GETTER observation=25 commandBuffer=0x600fdf180 class=AGXG13GFamilyCommandBuffer submitSerial=22 fixed=16 domain=MTLCommandBufferErrorDomain code=1 description=Internal Error (0000000a:Internal Error)
[68639:0728/055821.748183:ERROR:ui/gl/angle_platform_impl.cc:47] mtl_command_buffer.mm:693 (onCommandBufferCompleted): Completed MTLCommandBuffer failed, and error is Internal Error (0000000a:Internal Error)
#### IOGPU-ERROR-GETTER observation=26 commandBuffer=0x600fdf880 class=AGXG13GFamilyCommandBuffer submitSerial=23 fixed=1 domain=MTLCommandBufferErrorDomain code=1 description=Internal Error (0000000a:Internal Error)
[68639:0728/055821.748607:ERROR:ui/gl/angle_platform_impl.cc:47] mtl_command_buffer.mm:693 (onCommandBufferCompleted): Completed MTLCommandBuffer failed, and error is Internal Error (0000000a:Internal Error)
#### AGX_SUBMIT_DIAG #40 TEMP-KCMD-TRAILING-WRAPPER-FIX match=5 subtype1=0..0x840->0..0x820 wrappers=1 range=0x840..0x858->0x820..0x838
#### AGX_SUBMIT_DIAG #42 subtype1-predicate scalar0=0x1 legacy-scalar-gate=1 total=0x840/1 seglen=0x170/1 seghdr=1 cmdtotal=1 d8=1 pad1=1 f1=1 sent1=1 pad2=1 f2=1 sent2=1
#### AGX_SUBMIT_DIAG #42 descriptor[0] KCMD-type1-observed saved=0x840/0x840 path=/tmp/macws_submit_kcmd_42_0_type1-observed.bin errno=0
#### AGX_SUBMIT_DIAG #42 descriptor[0] segment saved=0x170/0x170 path=/tmp/macws_submit_segment_42_0.bin errno=0
#### AGX_SUBMIT_DIAG #42 TEMP-KCMD-ABI-FIX subtype1-clear pads=0x1c0,0x4c0 total=0x840->0x820 size=0x7e8->0x7c8 end=0x818->0x7f8 segment-span=0x820
#### IOGPU-ERROR-GETTER observation=27 commandBuffer=0x601520380 class=AGXG13GFamilyCommandBuffer submitSerial=0 fixed=0 domain=MTLCommandBufferErrorDomain code=1 description=Internal Error (00000102:Internal Error)
[68639:0728/055821.795678:ERROR:ui/gl/angle_platform_impl.cc:47] mtl_command_buffer.mm:693 (onCommandBufferCompleted): Completed MTLCommandBuffer failed, and error is Internal Error (00000102:Internal Error)
#### AGX_SUBMIT_DIAG #43 TEMP-KCMD-ABI-FIX subtype1-clear pads=0x1c0,0x4c0 total=0x840->0x820 size=0x7e8->0x7c8 end=0x818->0x7f8 segment-span=0x820
#### AGX_SUBMIT_DIAG #44 TEMP-KCMD-TRAILING-WRAPPER-FIX match=6 subtype1=0..0x840->0..0x820 wrappers=1 range=0x840..0x858->0x820..0x838
#### JIT-MPROTECT flip #11264 ranges=1 prot=RX writers=1 exec_waits=0 late_retries=0
[91m[main 2026-07-28T12:58:22.115Z][0m [AgentHost:stderr] #### MACWS_HID_BYPASS installed SetMatchingMultiple → no-op (1) at 0x18cf3de8c — skips iOS-format CFBinaryPlist parse inside
####   IOHIDEventSystemClientCacheMatchingServices → IOHIDUnserializeAndVMDealloc → CFPropertyListCreateFromStream
####   that BUS_ADRALNs in the IOMFBServer thread.
#### MACWS_AGX_RENAMER_PATCH: off (set MACWS_AGX_RENAMER_PATCH=1 to enable)
#### MACWS_ASSERT_BYPASS DISABLED (set MACWS_KEEP_ASSERT_BYPASS=1 to restore lazy bypass) — real __assert_rtn now reaches abort
#### MACWS_AGX_NATIVE [ctor] pre-loaded IOGPU via /System/Library/PrivateFrameworks/IOGPU.framework/IOGPU -> 0x3a66bcc10

[91m[main 2026-07-28T12:58:22.118Z][0m [AgentHost:stderr] #### XPC_BOOTSTRAP: fn=0x189af5140 dict=0x124621e40 (registering Metal/ViewBridge/HIServices)
#### XPC_BOOTSTRAP: called OK

[91m[main 2026-07-28T12:58:22.142Z][0m [AgentHost:stderr] #### COEXIST API SwapEnd hook installed target=0x1949d31cc trampoline=0x100a80000

[91m[main 2026-07-28T12:58:22.159Z][0m [AgentHost:stderr] #### SkyLight PrepareForUse tolerate-nil hook installed at 0x18edb4fc4

[91m[main 2026-07-28T12:58:22.161Z][0m [AgentHost:stderr] #### SkyLight StartCompositeForDisplayStream nil-skip hook installed at 0x18ebddd74

[91m[main 2026-07-28T12:58:22.168Z][0m [AgentHost:stderr] #### SkyLight StartComposite(WSCD) tolerate-nil + pop-on-bail hook installed at 0x18ebdd358
#### SkyLight StartComposite(MTLTex) pop-on-bail hook installed at 0x18ebddfb8

[91m[main 2026-07-28T12:58:22.256Z][0m [AgentHost:stderr] #### SkyLight EndCurrentComposite(bool) completion hook installed at 0x18ebdc53c
#### SkyLight EndUpdate(bool) submission hook installed at 0x18ebdc0b0
#### SkyLight _state_stack pop_back resolved at 0x18ebdafa0
#### SkyLight WSCompositeDestinationCreateWithMetalTexture nil-tolerate hook installed at 0x18ebe053c
#### SkyLight MetalContext::StopCapture invalid-this guard installed at 0x18ebdc1bc
#### MACWS_AGX_NATIVE class_addMethod(MTLTextureDescriptor, validateWithDevice:) = 1
#### MACWS_AGX_NATIVE class_addMethod(IOGPUMetalTexture, isMemoryless) = 1
#### MACWS_AGX_NATIVE class_addMethod(IOGPUMetalTexture, getCPUSizeBytes) = 1
#### MACWS_AGX_NATIVE class_addMethod(IOGPUMetalTexture, getAlignment) = 1
#### MACWS_AGX_NATIVE class_addMethod(IOGPUMetalTexture, descriptorPrivate) = 1
#### MACWS_AGX_NATIVE class_addMethod(IOGPUMetalTexture, getBytesPerRow) = 1
#### MACWS_AGX_NATIVE class_addMethod(IOGPUMetalTexture, updateBindDataWithAddresses:gpuVirtualAddress:) = 1
#### MACWS_AGX_NATIVE class_addMethod(IOGPUMetalTexture, updateBindDataWithAddresses:gpuVirtualAddress:shouldInitMetadata:) = 1
#### MACWS_AGX_NATIVE class_addMethod(IOGPUMetalTexture, allocBufferSubDataWithLength:options:alignment:heapIndex:bufferIndex:bufferOffset:) = 1
#### MACWS_AGX_NATIVE class_addMethod(IOGPUMetalTexture, initNewTextureData:) = 1
#### MACWS_AGX_NATIVE class_addMethod(MTLTextureDescriptor, isMemoryless) = 1
#### MACWS_AGX_NATIVE class_addMethod(MTLTextureDescriptor, protectionOptions) = 1
#### MACWS_AGX_NATIVE class_addMethod(MTLTextureDescriptor, getCPUSizeBytes) = 1
#### MACWS_AGX_NATIVE class_addMethod(MTLTextureDescriptor, getAlignment) = 1
#### MACWS_AGX_NATIVE class_addMethod(MTLTextureDescriptor, descriptorPrivate) = 1
#### MACWS_AGX_NATIVE class_addMethod(MTLTextureDescriptor, getBytesPerRow) = 1
#### MACWS_AGX_NATIVE class_addMethod(MTLTextureDescriptor, updateBindDataWithAddresses:gpuVirtualAddress:) = 1
#### MACWS_AGX_NATIVE class_addMethod(MTLTextureDescriptor, updateBindDataWithAddresses:gpuVirtualAddress:shouldInitMetadata:) = 1
#### MACWS_AGX_NATIVE class_addMethod(MTLTextureDescriptor, allocBufferSubDataWithLength:options:alignment:heapIndex:bufferIndex:bufferOffset:) = 1
#### MACWS_AGX_NATIVE class_addMethod(MTLTextureDescriptor, initNewTextureData:) = 1

#### AGXIOC Method sel=0xd->0xc inCnt=2 inSC=0 outSC=0 -> 0x0
#### AGXIOC Method sel=0xd->0xc inCnt=2 inSC=0 outSC=0 -> 0x0
#### AGXIOC Method sel=0xd->0xc inCnt=2 inSC=0 outSC=0 -> 0x0
#### AGXIOC Method sel=0xd->0xc inCnt=2 inSC=0 outSC=0 -> 0x0
#### AGXIOC Method sel=0xd->0xc inCnt=2 inSC=0 outSC=0 -> 0x0
#### AGXIOC Method sel=0xd->0xc inCnt=2 inSC=0 outSC=0 -> 0x0
#### AGXIOC Method sel=0xd->0xc inCnt=2 inSC=0 outSC=0 -> 0x0
#### AGXIOC Method sel=0xd->0xc inCnt=2 inSC=0 outSC=0 -> 0x0
#### IOGPU-ERROR-GETTER observation=28 commandBuffer=0x60019fc00 class=AGXG13GFamilyCommandBuffer submitSerial=29 fixed=0 domain=MTLCommandBufferErrorDomain code=1 description=Internal Error (00000102:Internal Error)
[68639:0728/055823.019861:ERROR:ui/gl/angle_platform_impl.cc:47] mtl_command_buffer.mm:693 (onCommandBufferCompleted): Completed MTLCommandBuffer failed, and error is Internal Error (00000102:Internal Error)
#### IOGPU-ERROR-GETTER observation=29 commandBuffer=0x600196200 class=AGXG13GFamilyCommandBuffer submitSerial=10 fixed=0 domain=MTLCommandBufferErrorDomain code=1 description=Internal Error (00000102:Internal Error)
[68639:0728/055823.019994:ERROR:ui/gl/angle_platform_impl.cc:47] mtl_command_buffer.mm:693 (onCommandBufferCompleted): Completed MTLCommandBuffer failed, and error is Internal Error (00000102:Internal Error)
#### AGX_SUBMIT_DIAG #47 TEMP-KCMD-ABI-FIX off=0 size=0x1b8->0x1a8 end=0x1e8->0x1d8 moved=0x88c new-total=0xa58
#### IOGPU-ERROR-GETTER observation=30 commandBuffer=0x600196200 class=AGXG13GFamilyCommandBuffer submitSerial=10 fixed=0 domain=MTLCommandBufferErrorDomain code=1 description=Internal Error (0000000a:Internal Error)
[68639:0728/055823.041866:ERROR:ui/gl/angle_platform_impl.cc:47] mtl_command_buffer.mm:693 (onCommandBufferCompleted): Completed MTLCommandBuffer failed, and error is Internal Error (0000000a:Internal Error)
#### IOGPU-ERROR-GETTER observation=31 commandBuffer=0x60019fc00 class=AGXG13GFamilyCommandBuffer submitSerial=30 fixed=1 domain=MTLCommandBufferErrorDomain code=1 description=Internal Error (0000000a:Internal Error)
[68639:0728/055823.041990:ERROR:ui/gl/angle_platform_impl.cc:47] mtl_command_buffer.mm:693 (onCommandBufferCompleted): Completed MTLCommandBuffer failed, and error is Internal Error (0000000a:Internal Error)
#### JIT-MPROTECT flip #12288 ranges=1 prot=RX writers=1 exec_waits=0 late_retries=0
#### IOGPU-ERROR-GETTER observation=32 commandBuffer=0x60019fc00 class=AGXG13GFamilyCommandBuffer submitSerial=33 fixed=0 domain=MTLCommandBufferErrorDomain code=1 description=Internal Error (00000102:Internal Error)
[68639:0728/055823.067950:ERROR:ui/gl/angle_platform_impl.cc:47] mtl_command_buffer.mm:693 (onCommandBufferCompleted): Completed MTLCommandBuffer failed, and error is Internal Error (00000102:Internal Error)
#### IOSURFACE-RELEASE-ABI pair #2: conn=11271 surfaceID=182 sel=1 -> 0
#### IOSURFACE-RELEASE-ABI pair #3: conn=11271 surfaceID=248 sel=1 -> 0
#### IOGPU-ERROR-GETTER observation=33 commandBuffer=0x600196200 class=AGXG13GFamilyCommandBuffer submitSerial=34 fixed=0 domain=MTLCommandBufferErrorDomain code=1 description=Internal Error (00000102:Internal Error)
[68639:0728/055823.088732:ERROR:ui/gl/angle_platform_impl.cc:47] mtl_command_buffer.mm:693 (onCommandBufferCompleted): Completed MTLCommandBuffer failed, and error is Internal Error (00000102:Internal Error)
#### IOSURFACE-RELEASE-ABI pair #4: conn=11271 surfaceID=250 sel=1 -> 0
#### IOGPU-ERROR-GETTER observation=34 commandBuffer=0x600196200 class=AGXG13GFamilyCommandBuffer submitSerial=34 fixed=0 domain=MTLCommandBufferErrorDomain code=1 description=Internal Error (00000103:Internal Error)
[68639:0728/055823.269770:ERROR:ui/gl/angle_platform_impl.cc:47] mtl_command_buffer.mm:693 (onCommandBufferCompleted): Completed MTLCommandBuffer failed, and error is Internal Error (00000103:Internal Error)
#### MTL_TEX plain DEPTH-STENCIL: pf=253 routing to native AGX path (IOSurface backing is invalid)
#### AGXIOC sel=0x9 type=0 VA-shape +0x38=0x11eef0000 → 0
#### AGXIOC sel=0x9 type=0 args+0x14=0x2c30 → 0x430 (stripped macOS-only bits 0x2800)
#### AGXIOC sel=0x9 type=0 VA-shape detected: args+0x40=0x11eef0000 (>1GB) → using args+0x48=0x20000 as size, +0x58 0x380888c50 → 0
#### MTL_TEX plain DEPTH-STENCIL native result: 0x601396900 class=AGXG13GFamilyTexture
#### MTL_TEX plain MEMORYLESS: routing to native AGX path (no IOSurface — tile-memory-only) w=128 h=16 pf=253
#### MTL_TEX plain MEMORYLESS native result: 0x601396180 (class=AGXG13GFamilyTexture storageMode=3 length=999)
#### MTL_TEX plain MEMORYLESS: routing to native AGX path (no IOSurface — tile-memory-only) w=128 h=16 pf=10
#### MTL_TEX plain MEMORYLESS native result: 0x601395a00 (class=AGXG13GFamilyTexture storageMode=3 length=999)
#### AGX_SUBMIT_DIAG #55 TEMP-KCMD-ABI-FIX off=0 size=0x1b8->0x1a8 end=0x1e8->0x1d8 moved=0x3a54 new-total=0x3c20
#### IOGPU-ERROR-GETTER observation=35 commandBuffer=0x600fdee00 class=AGXG13GFamilyCommandBuffer submitSerial=36 fixed=1 domain=MTLCommandBufferErrorDomain code=1 description=Internal Error (0000000a:Internal Error)
[68639:0728/055823.413571:ERROR:ui/gl/angle_platform_impl.cc:47] mtl_command_buffer.mm:693 (onCommandBufferCompleted): Completed MTLCommandBuffer failed, and error is Internal Error (0000000a:Internal Error)
#### IOGPU-ERROR-GETTER observation=36 commandBuffer=0x600fdf880 class=AGXG13GFamilyCommandBuffer submitSerial=27 fixed=1 domain=MTLCommandBufferErrorDomain code=1 description=Internal Error (00000102:Internal Error)
[68639:0728/055823.414782:ERROR:ui/gl/angle_platform_impl.cc:47] mtl_command_buffer.mm:693 (onCommandBufferCompleted): Completed MTLCommandBuffer failed, and error is Internal Error (00000102:Internal Error)
#### IOSURFACE-RELEASE-ABI pair #5: conn=11271 surfaceID=251 sel=1 -> 0
[91m[main 2026-07-28T12:58:23.470Z][0m [AgentHost:stderr] #### AMFI-POLICY-COMPAT policy=AMFI op=0x60 status=0x4 (iOS task ports are hard-immovable)
#### CSR-POLICY-COMPAT active_config=0x0 (conservative iOS compatibility value)
[68669:0728/055823.463684:ERROR:base/process/process_mac.cc:53] task_policy_set TASK_CATEGORY_POLICY: (os/kern) invalid argument (4)

[91m[main 2026-07-28T12:58:23.542Z][0m [AgentHost:stderr] #### JIT-MPROTECT range[0]=[0x280000000,0x290000000) source=MAP_JIT-EINVAL
#### JIT-MPROTECT execution barrier installed (W^X fetch-wait compatibility)
#### JIT-MPROTECT range[0]=[0x280000000,0x290000000) source=MAP_JIT-EINVAL
#### JIT-MPROTECT range[0]=[0x280000000,0x290000000) source=MAP_JIT-EINVAL
#### JIT-MPROTECT range[0]=[0x280000000,0x290000000) source=MAP_JIT-EINVAL
#### JIT-MPROTECT range[0]=[0x280000000,0x290000000) source=MAP_JIT-EINVAL
#### JIT-MPROTECT range[0]=[0x280000000,0x290000000) source=MAP_JIT-EINVAL
#### JIT-MPROTECT range[0]=[0x280000000,0x290000000) source=MAP_JIT-EINVAL
#### JIT-MPROTECT range[0]=[0x280000000,0x290000000) source=MAP_JIT-EINVAL
#### JIT-MPROTECT range[0]=[0x170000000,0x180000000) source=MAP_JIT-EINVAL
#### JIT-MPROTECT call #1 addr=0x170000000 size=0x10000000 requested=0x7 effective=0x3 result=0 errno=0 caller=0x11297a334 image=/Applications/Visual Studio Code.app/Contents/Frameworks/Electron Framework.framework/Versions/A/Electron Framework offset=0x63b2334
#### JIT-MPROTECT remap decline #1 dst=0x177dc0000 size=0x208000 src=0x10ec70000 requested=0x5 -> V8 copy fallback
#### JIT-MPROTECT flip #1 ranges=1 prot=RW writers=1 exec_waits=0 late_retries=0

[91m[main 2026-07-28T12:58:23.560Z][0m [AgentHost:stderr] #### JIT-MPROTECT flip #2 ranges=1 prot=RX writers=1 exec_waits=0 late_retries=0

[68621:0728/055823.654681:INFO:CONSOLE:5359] "Extension Host", source: vscode-file://vscode-app/Applications/Visual%20Studio%20Code.app/Contents/Resources/app/out/vs/workbench/workbench.desktop.main.js (5359)
[68621:0728/055823.654937:INFO:CONSOLE:5359] "%c#### MACWS_HID_BYPASS installed SetMatchingMultiple → no-op (1) at 0x18cf3de8c — skips iOS-format CFBinaryPlist parse inside
%c####   IOHIDEventSystemClientCacheMatchingServices → IOHIDUnserializeAndVMDealloc → CFPropertyListCreateFromStream
%c####   that BUS_ADRALNs in the IOMFBServer thread.
%c#### MACWS_AGX_RENAMER_PATCH: off (set MACWS_AGX_RENAMER_PATCH=1 to enable)
%c#### MACWS_ASSERT_BYPASS DISABLED (set MACWS_KEEP_ASSERT_BYPASS=1 to restore lazy bypass) — real __assert_rtn now reaches abort
%c#### MACWS_AGX_NATIVE [ctor] pre-loaded IOGPU via /System/Library/PrivateFrameworks/IOGPU.framework/IOGPU -> 0x3a66bcc10
%c#### XPC_BOOTSTRAP: fn=0x189af5140 dict=0x12ff0e660 (registering Metal/ViewBridge/HIServices)
%c#### XPC_BOOTSTRAP: called OK
%c#### COEXIST API SwapEnd hook installed target=0x1949d31cc trampoline=0x104ca8000
%c#### SkyLight PrepareForUse tolerate-nil hook installed at 0x18edb4fc4
%c#### SkyLight StartCompositeForDisplayStream nil-skip hook installed at 0x18ebddd74
%c#### SkyLight StartComposite(WSCD) tolerate-nil + pop-on-bail hook installed at 0x18ebdd358
%c#### SkyLight StartComposite(MTLTex) pop-on-bail hook installed at 0x18ebddfb8
%c#### SkyLight EndCurrentComposite(bool) completion hook installed at 0x18ebdc53c
%c#### SkyLight EndUpdate(bool) submission hook installed at 0x18ebdc0b0
%c#### SkyLight _state_stack pop_back resolved at 0x18ebdafa0
%c#### SkyLight WSCompositeDestinationCreateWithMetalTexture nil-tolerate hook installed at 0x18ebe053c
%c#### SkyLight MetalContext::StopCapture invalid-this guard installed at 0x18ebdc1bc
%c#### MACWS_AGX_NATIVE class_addMethod(MTLTextureDescriptor, validateWithDevice:) = 1
%c#### MACWS_AGX_NATIVE class_addMethod(IOGPUMetalTexture, isMemoryless) = 1
%c#### MACWS_AGX_NATIVE class_addMethod(IOGPUMetalTexture, getCPUSizeBytes) = 1
%c#### MACWS_AGX_NATIVE class_addMethod(IOGPUMetalTexture, getAlignment) = 1
%c#### MACWS_AGX_NATIVE class_addMethod(IOGPUMetalTexture, descriptorPrivate) = 1
%c#### MACWS_AGX_NATIVE class_addMethod(IOGPUMetalTexture, getBytesPerRow) = 1
%c#### MACWS_AGX_NATIVE class_addMethod(IOGPUMetalTexture, updateBindDataWithAddresses:gpuVirtualAddress:) = 1
%c#### MACWS_AGX_NATIVE class_addMethod(IOGPUMetalTexture, updateBindDataWithAddresses:gpuVirtualAddress:shouldInitMetadata:) = 1
%c#### MACWS_AGX_NATIVE class_addMethod(IOGPUMetalTexture, allocBufferSubDataWithLength:options:alignment:heapIndex:bufferIndex:bufferOffset:) = 1
%c#### MACWS_AGX_NATIVE class_addMethod(IOGPUMetalTexture, initNewTextureData:) = 1
%c#### MACWS_AGX_NATIVE class_addMethod(MTLTextureDescriptor, isMemoryless) = 1
%c#### MACWS_AGX_NATIVE class_addMethod(MTLTextureDescriptor, protectionOptions) = 1
%c#### MACWS_AGX_NATIVE class_addMethod(MTLTextureDescriptor, getCPUSizeBytes) = 1
%c#### MACWS_AGX_NATIVE class_addMethod(MTLTextureDescriptor, getAlignment) = 1
%c#### MACWS_AGX_NATIVE class_addMethod(MTLTextureDescriptor, descriptorPrivate) = 1
%c#### MACWS_AGX_NATIVE class_addMethod(MTLTextureDescriptor, getBytesPerRow) = 1
%c#### MACWS_AGX_NATIVE class_addMethod(MTLTextureDescriptor, updateBindDataWithAddresses:gpuVirtualAddress:) = 1
%c#### MACWS_AGX_NATIVE class_addMethod(MTLTextureDescriptor, updateBindDataWithAddresses:gpuVirtualAddress:shouldInitMetadata:) = 1
%c#### MACWS_AGX_NATIVE class_addMethod(MTLTextureDescriptor, allocBufferSubDataWithLength:options:alignment:heapIndex:bufferIndex:bufferOffset:) = 1
%c#### MACWS_AGX_NATIVE class_addMethod(MTLTextureDescriptor, initNewTextureData:) = 1
 color: red color: red color: red color: red color: red color: red color: red color: red color: red color: red color: red color: red color: red color: red color: red color: red color: red color: red color: red color: red color: red color: red color: red color: red color: red color: red color: red color: red color: red color: red color: red color: red color: red color: red color: red color: red color: red color: red", source: vscode-file://vscode-app/Applications/Visual%20Studio%20Code.app/Contents/Resources/app/out/vs/workbench/workbench.desktop.main.js (5359)
[68621:0728/055823.655173:INFO:CONSOLE:5359] "console.groupEnd", source: vscode-file://vscode-app/Applications/Visual%20Studio%20Code.app/Contents/Resources/app/out/vs/workbench/workbench.desktop.main.js (5359)
[91m[main 2026-07-28T12:58:23.660Z][0m [AgentHost:stderr] #### JIT-MPROTECT flip #3 ranges=1 prot=RW writers=1 exec_waits=0 late_retries=0
#### JIT-MPROTECT flip #4 ranges=1 prot=RX writers=1 exec_waits=0 late_retries=0
#### JIT-MPROTECT flip #5 ranges=1 prot=RW writers=1 exec_waits=0 late_retries=0
#### JIT-MPROTECT flip #6 ranges=1 prot=RX writers=1 exec_waits=0 late_retries=0

[91m[main 2026-07-28T12:58:23.661Z][0m [AgentHost:stderr] #### JIT-MPROTECT flip #7 ranges=1 prot=RW writers=1 exec_waits=0 late_retries=0
#### JIT-MPROTECT flip #8 ranges=1 prot=RX writers=1 exec_waits=0 late_retries=0
#### JIT-MPROTECT flip #9 ranges=1 prot=RW writers=1 exec_waits=0 late_retries=0
#### JIT-MPROTECT flip #10 ranges=1 prot=RX writers=1 exec_waits=0 late_retries=0
#### JIT-MPROTECT flip #11 ranges=1 prot=RW writers=1 exec_waits=0 late_retries=0
#### JIT-MPROTECT flip #12 ranges=1 prot=RX writers=1 exec_waits=0 late_retries=0
#### JIT-MPROTECT flip #13 ranges=1 prot=RW writers=1 exec_waits=0 late_retries=0
#### JIT-MPROTECT flip #14 ranges=1 prot=RX writers=1 exec_waits=0 late_retries=0
#### JIT-MPROTECT flip #15 ranges=1 prot=RW writers=1 exec_waits=0 late_retries=0
#### JIT-MPROTECT flip #16 ranges=1 prot=RX writers=1 exec_waits=0 late_retries=0
#### JIT-MPROTECT flip #17 ranges=1 prot=RW writers=1 exec_waits=0 late_retries=0
#### JIT-MPROTECT flip #18 ranges=1 prot=RX writers=1 exec_waits=0 late_retries=0

[91m[main 2026-07-28T12:58:23.690Z][0m [AgentHost:stderr] #### JIT-MPROTECT flip #19 ranges=1 prot=RW writers=1 exec_waits=0 late_retries=0
#### JIT-MPROTECT flip #20 ranges=1 prot=RX writers=1 exec_waits=0 late_retries=0

[91m[main 2026-07-28T12:58:23.690Z][0m [AgentHost:stderr] #### JIT-MPROTECT flip #21 ranges=1 prot=RW writers=1 exec_waits=0 late_retries=0
#### JIT-MPROTECT flip #22 ranges=1 prot=RX writers=1 exec_waits=0 late_retries=0

[91m[main 2026-07-28T12:58:23.696Z][0m [AgentHost:stderr] #### JIT-MPROTECT flip #23 ranges=1 prot=RW writers=1 exec_waits=0 late_retries=0

[91m[main 2026-07-28T12:58:23.697Z][0m [AgentHost:stderr] #### JIT-MPROTECT flip #24 ranges=1 prot=RX writers=1 exec_waits=0 late_retries=0
#### JIT-MPROTECT flip #25 ranges=1 prot=RW writers=1 exec_waits=0 late_retries=0

[91m[main 2026-07-28T12:58:23.697Z][0m [AgentHost:stderr] #### JIT-MPROTECT flip #26 ranges=1 prot=RX writers=1 exec_waits=0 late_retries=0
#### JIT-MPROTECT flip #27 ranges=1 prot=RW writers=1 exec_waits=0 late_retries=0
#### JIT-MPROTECT flip #28 ranges=1 prot=RX writers=1 exec_waits=0 late_retries=0
#### JIT-MPROTECT flip #29 ranges=1 prot=RW writers=1 exec_waits=0 late_retries=0
#### JIT-MPROTECT flip #30 ranges=1 prot=RX writers=1 exec_waits=0 late_retries=0
#### JIT-MPROTECT flip #31 ranges=1 prot=RW writers=1 exec_waits=0 late_retries=0

[91m[main 2026-07-28T12:58:23.698Z][0m [AgentHost:stderr] #### JIT-MPROTECT flip #32 ranges=1 prot=RX writers=1 exec_waits=0 late_retries=0

#### IOGPU-ERROR-GETTER observation=37 commandBuffer=0x600fdf880 class=AGXG13GFamilyCommandBuffer submitSerial=27 fixed=1 domain=MTLCommandBufferErrorDomain code=1 description=Internal Error (00000102:Internal Error)
[68639:0728/055824.259714:ERROR:ui/gl/angle_platform_impl.cc:47] mtl_command_buffer.mm:693 (onCommandBufferCompleted): Completed MTLCommandBuffer failed, and error is Internal Error (00000102:Internal Error)
#### JIT-MPROTECT flip #13312 ranges=1 prot=RX writers=1 exec_waits=0 late_retries=0
#### IOGPU-ERROR-GETTER observation=38 commandBuffer=0x600fdf880 class=AGXG13GFamilyCommandBuffer submitSerial=37 fixed=0 domain=MTLCommandBufferErrorDomain code=1 description=Internal Error (00000102:Internal Error)
[68639:0728/055824.372743:ERROR:ui/gl/angle_platform_impl.cc:47] mtl_command_buffer.mm:693 (onCommandBufferCompleted): Completed MTLCommandBuffer failed, and error is Internal Error (00000102:Internal Error)
[68621:0728/055824.691424:INFO:CONSOLE:5359] "Extension Host", source: vscode-file://vscode-app/Applications/Visual%20Studio%20Code.app/Contents/Resources/app/out/vs/workbench/workbench.desktop.main.js (5359)
[68621:0728/055824.691591:INFO:CONSOLE:5359] "%c#### AMFI-POLICY-COMPAT policy=AMFI op=0x60 status=0x4 (iOS task ports are hard-immovable)
%c#### CSR-POLICY-COMPAT active_config=0x0 (conservative iOS compatibility value)
%c[68670:0728/055823.465521:ERROR:base/process/process_mac.cc:53] task_policy_set TASK_CATEGORY_POLICY: (os/kern) invalid argument (4)
%c#### JIT-MPROTECT range[0]=[0x280000000,0x290000000) source=MAP_JIT-EINVAL
%c#### JIT-MPROTECT execution barrier installed (W^X fetch-wait compatibility)
%c#### JIT-MPROTECT range[0]=[0x280000000,0x290000000) source=MAP_JIT-EINVAL
%c#### JIT-MPROTECT range[0]=[0x280000000,0x290000000) source=MAP_JIT-EINVAL
%c#### JIT-MPROTECT range[0]=[0x280000000,0x290000000) source=MAP_JIT-EINVAL
%c#### JIT-MPROTECT range[0]=[0x280000000,0x290000000) source=MAP_JIT-EINVAL
%c#### JIT-MPROTECT range[0]=[0x280000000,0x290000000) source=MAP_JIT-EINVAL
%c#### JIT-MPROTECT range[0]=[0x280000000,0x290000000) source=MAP_JIT-EINVAL
%c#### JIT-MPROTECT range[0]=[0x280000000,0x290000000) source=MAP_JIT-EINVAL
%c#### JIT-MPROTECT range[0]=[0x170000000,0x180000000) source=MAP_JIT-EINVAL
%c#### JIT-MPROTECT call #1 addr=0x170000000 size=0x10000000 requested=0x7 effective=0x3 result=0 errno=0 caller=0x116aea334 image=/Applications/Visual Studio Code.app/Contents/Frameworks/Electron Framework.framework/Versions/A/Electron Framework offset=0x63b2334
%c#### JIT-MPROTECT remap decline #1 dst=0x177dc0000 size=0x208000 src=0x112de0000 requested=0x5 -> V8 copy fallback
%c#### JIT-MPROTECT flip #1 ranges=1 prot=RW writers=1 exec_waits=0 late_retries=0
%c#### JIT-MPROTECT flip #2 ranges=1 prot=RX writers=1 exec_waits=0 late_retries=0
%c#### JIT-MPROTECT flip #3 ranges=1 prot=RW writers=1 exec_waits=0 late_retries=0
%c#### JIT-MPROTECT flip #4 ranges=1 prot=RX writers=1 exec_waits=0 late_retries=0
%c#### JIT-MPROTECT flip #5 ranges=1 prot=RW writers=1 exec_waits=0 late_retries=0
%c#### JIT-MPROTECT flip #6 ranges=1 prot=RX writers=1 exec_waits=0 late_retries=0
%c#### JIT-MPROTECT flip #7 ranges=1 prot=RW writers=1 exec_waits=0 late_retries=0
%c#### JIT-MPROTECT flip #8 ranges=1 prot=RX writers=1 exec_waits=0 late_retries=0
%c#### JIT-MPROTECT flip #9 ranges=1 prot=RW writers=1 exec_waits=0 late_retries=0
%c#### JIT-MPROTECT flip #10 ranges=1 prot=RX writers=1 exec_waits=0 late_retries=0
%c#### JIT-MPROTECT flip #11 ranges=1 prot=RW writers=1 exec_waits=0 late_retries=0
%c#### JIT-MPROTECT flip #12 ranges=1 prot=RX writers=1 exec_waits=0 late_retries=0
%c#### JIT-MPROTECT flip #13 ranges=1 prot=RW writers=1 exec_waits=0 late_retries=0
%c#### JIT-MPROTECT flip #14 ranges=1 prot=RX writers=1 exec_waits=0 late_retries=0
%c#### JIT-MPROTECT flip #15 ranges=1 prot=RW writers=1 exec_waits=0 late_retries=0
%c#### JIT-MPROTECT flip #16 ranges=1 prot=RX writers=1 exec_waits=0 late_retries=0
%c#### JIT-MPROTECT flip #17 ranges=1 prot=RW writers=1 exec_waits=0 late_retries=0
%c#### JIT-MPROTECT flip #18 ranges=1 prot=RX writers=1 exec_waits=0 late_retries=0
%c#### JIT-MPROTECT flip #19 ranges=1 prot=RW writers=1 exec_waits=0 late_retries=0
%c#### JIT-MPROTECT flip #20 ranges=1 prot=RX writers=1 exec_waits=0 late_retries=0
%c#### JIT-MPROTECT flip #21 ranges=1 prot=RW writers=1 exec_waits=0 late_retries=0
%c#### JIT-MPROTECT flip #22 ranges=1 prot=RX writers=1 exec_waits=0 late_retries=0
%c#### JIT-MPROTECT flip #23 ranges=1 prot=RW writers=1 exec_waits=0 late_retries=0
%c#### JIT-MPROTECT flip #24 ranges=1 prot=RX writers=1 exec_waits=0 late_retries=0
%c#### JIT-MPROTECT flip #25 ranges=1 prot=RW writers=1 exec_waits=0 late_retries=0
%c#### JIT-MPROTECT flip #26 ranges=1 prot=RX writers=1 exec_waits=0 late_retries=0
%c#### JIT-MPROTECT flip #27 ranges=1 prot=RW writers=1 exec_waits=0 late_retries=0
%c#### JIT-MPROTECT flip #28 ranges=1 prot=RX writers=1 exec_waits=0 late_retries=0
%c#### JIT-MPROTECT flip #29 ranges=1 prot=RW writers=1 exec_waits=0 late_retries=0
%c#### JIT-MPROTECT flip #30 ranges=1 prot=RX writers=1 exec_waits=0 late_retries=0
%c#### JIT-MPROTECT flip #31 ranges=1 prot=RW writers=1 exec_waits=0 late_retries=0
%c#### JIT-MPROTECT flip #32 ranges=1 prot=RX writers=1 exec_waits=0 late_retries=0
 color: red color: red color: red color: red color: red color: red color: red color: red color: red color: red color: red color: red color: red color: red color: red color: red color: red color: red color: red color: red color: red color: red color: red color: red color: red color: red color: red color: red color: red color: red color: red color: red color: red color: red color: red color: red color: red color: red color: red color: red color: red color: red color: red color: red color: red color: red color: red", source: vscode-file://vscode-app/Applications/Visual%20Studio%20Code.app/Contents/Resources/app/out/vs/workbench/workbench.desktop.main.js (5359)
[68621:0728/055824.691694:INFO:CONSOLE:5359] "console.groupEnd", source: vscode-file://vscode-app/Applications/Visual%20Studio%20Code.app/Contents/Resources/app/out/vs/workbench/workbench.desktop.main.js (5359)
#### IOSURFACE-RELEASE-ABI pair #6: conn=11271 surfaceID=160 sel=1 -> 0
#### IOGPU-ERROR-GETTER observation=39 commandBuffer=0x600196c80 class=AGXG13GFamilyCommandBuffer submitSerial=38 fixed=1 domain=MTLCommandBufferErrorDomain code=1 description=Internal Error (0000000a:Internal Error)
[68639:0728/055824.963904:ERROR:ui/gl/angle_platform_impl.cc:47] mtl_command_buffer.mm:693 (onCommandBufferCompleted): Completed MTLCommandBuffer failed, and error is Internal Error (0000000a:Internal Error)
#### JIT-MPROTECT flip #14336 ranges=1 prot=RX writers=1 exec_waits=9 late_retries=1
#### IOGPU-ERROR-GETTER observation=40 commandBuffer=0x601520700 class=AGXG13GFamilyCommandBuffer submitSerial=39 fixed=1 domain=MTLCommandBufferErrorDomain code=1 description=Internal Error (0000000a:Internal Error)
[68639:0728/055825.447116:ERROR:ui/gl/angle_platform_impl.cc:47] mtl_command_buffer.mm:693 (onCommandBufferCompleted): Completed MTLCommandBuffer failed, and error is Internal Error (0000000a:Internal Error)
#### IOGPU-ERROR-GETTER observation=41 commandBuffer=0x601523480 class=AGXG13GFamilyCommandBuffer submitSerial=0 fixed=0 domain=MTLCommandBufferErrorDomain code=1 description=Internal Error (00000102:Internal Error)
[68639:0728/055825.447653:ERROR:ui/gl/angle_platform_impl.cc:47] mtl_command_buffer.mm:693 (onCommandBufferCompleted): Completed MTLCommandBuffer failed, and error is Internal Error (00000102:Internal Error)
#### IOGPU-ERROR-GETTER observation=42 commandBuffer=0x601523800 class=AGXG13GFamilyCommandBuffer submitSerial=0 fixed=0 domain=MTLCommandBufferErrorDomain code=1 description=Internal Error (00000102:Internal Error)
[68639:0728/055825.447752:ERROR:ui/gl/angle_platform_impl.cc:47] mtl_command_buffer.mm:693 (onCommandBufferCompleted): Completed MTLCommandBuffer failed, and error is Internal Error (00000102:Internal Error)
#### IOGPU-ERROR-GETTER observation=43 commandBuffer=0x601524980 class=AGXG13GFamilyCommandBuffer submitSerial=0 fixed=0 domain=MTLCommandBufferErrorDomain code=1 description=Internal Error (0000000a:Internal Error)
[68639:0728/055825.452200:ERROR:ui/gl/angle_platform_impl.cc:47] mtl_command_buffer.mm:693 (onCommandBufferCompleted): Completed MTLCommandBuffer failed, and error is Internal Error (0000000a:Internal Error)
#### IOGPU-ERROR-GETTER observation=44 commandBuffer=0x601524600 class=AGXG13GFamilyCommandBuffer submitSerial=0 fixed=0 domain=MTLCommandBufferErrorDomain code=1 description=Internal Error (0000000a:Internal Error)
[68639:0728/055825.452398:ERROR:ui/gl/angle_platform_impl.cc:47] mtl_command_buffer.mm:693 (onCommandBufferCompleted): Completed MTLCommandBuffer failed, and error is Internal Error (0000000a:Internal Error)
#### IOGPU-ERROR-GETTER observation=45 commandBuffer=0x601523f00 class=AGXG13GFamilyCommandBuffer submitSerial=0 fixed=0 domain=MTLCommandBufferErrorDomain code=1 description=Internal Error (0000000a:Internal Error)
[68639:0728/055825.452621:ERROR:ui/gl/angle_platform_impl.cc:47] mtl_command_buffer.mm:693 (onCommandBufferCompleted): Completed MTLCommandBuffer failed, and error is Internal Error (0000000a:Internal Error)
#### IOGPU-ERROR-GETTER observation=46 commandBuffer=0x601523480 class=AGXG13GFamilyCommandBuffer submitSerial=40 fixed=1 domain=MTLCommandBufferErrorDomain code=1 description=Internal Error (0000000a:Internal Error)
[68639:0728/055825.452738:ERROR:ui/gl/angle_platform_impl.cc:47] mtl_command_buffer.mm:693 (onCommandBufferCompleted): Completed MTLCommandBuffer failed, and error is Internal Error (0000000a:Internal Error)
#### IOGPU-ERROR-GETTER observation=47 commandBuffer=0x601523480 class=AGXG13GFamilyCommandBuffer submitSerial=41 fixed=1 domain=MTLCommandBufferErrorDomain code=1 description=Internal Error (0000000a:Internal Error)
[68639:0728/055825.470784:ERROR:ui/gl/angle_platform_impl.cc:47] mtl_command_buffer.mm:693 (onCommandBufferCompleted): Completed MTLCommandBuffer failed, and error is Internal Error (0000000a:Internal Error)
#### IOGPU-ERROR-GETTER observation=48 commandBuffer=0x601523480 class=AGXG13GFamilyCommandBuffer submitSerial=42 fixed=0 domain=MTLCommandBufferErrorDomain code=1 description=Internal Error (00000102:Internal Error)
[68639:0728/055825.491977:ERROR:ui/gl/angle_platform_impl.cc:47] mtl_command_buffer.mm:693 (onCommandBufferCompleted): Completed MTLCommandBuffer failed, and error is Internal Error (00000102:Internal Error)
#### IOGPU-ERROR-GETTER observation=49 commandBuffer=0x601524280 class=AGXG13GFamilyCommandBuffer submitSerial=0 fixed=0 domain=MTLCommandBufferErrorDomain code=1 description=Internal Error (00000102:Internal Error)
[68639:0728/055825.492179:ERROR:ui/gl/angle_platform_impl.cc:47] mtl_command_buffer.mm:693 (onCommandBufferCompleted): Completed MTLCommandBuffer failed, and error is Internal Error (00000102:Internal Error)
#### IOGPU-ERROR-GETTER observation=50 commandBuffer=0x601524d00 class=AGXG13GFamilyCommandBuffer submitSerial=0 fixed=0 domain=MTLCommandBufferErrorDomain code=1 description=Internal Error (00000102:Internal Error)
[68639:0728/055825.492619:ERROR:ui/gl/angle_platform_impl.cc:47] mtl_command_buffer.mm:693 (onCommandBufferCompleted): Completed MTLCommandBuffer failed, and error is Internal Error (00000102:Internal Error)
#### IOGPU-ERROR-GETTER observation=51 commandBuffer=0x601525080 class=AGXG13GFamilyCommandBuffer submitSerial=43 fixed=0 domain=MTLCommandBufferErrorDomain code=1 description=Internal Error (00000102:Internal Error)
[68639:0728/055825.543715:ERROR:ui/gl/angle_platform_impl.cc:47] mtl_command_buffer.mm:693 (onCommandBufferCompleted): Completed MTLCommandBuffer failed, and error is Internal Error (00000102:Internal Error)
[91m[main 2026-07-28T12:58:26.803Z][0m [AgentHost:stderr] #### JIT-MPROTECT flip #1024 ranges=1 prot=RX writers=1 exec_waits=0 late_retries=0
#### JIT-MPROTECT flip #2048 ranges=1 prot=RX writers=1 exec_waits=19 late_retries=1
#### JIT-MPROTECT flip #3072 ranges=1 prot=RX writers=1 exec_waits=21 late_retries=1
#### JIT-MPROTECT flip #4096 ranges=1 prot=RX writers=1 exec_waits=21 late_retries=1

[68621:0728/055826.856456:VERBOSE1:content/browser/loader/file_url_loader_factory.cc:474] FileURLLoader::Start: file:///Applications/Visual%20Studio%20Code.app/Contents/Resources/app/out/media/code-icon.svg
#### JIT-MPROTECT flip #15360 ranges=1 prot=RX writers=1 exec_waits=9 late_retries=1
[68621:0728/055826.898234:VERBOSE1:content/browser/loader/file_url_loader_factory.cc:474] FileURLLoader::Start: file:///Applications/Visual%20Studio%20Code.app/Contents/Resources/app/extensions/theme-seti/icons/seti.woff
[68621:0728/055826.944439:INFO:CONSOLE:442] "%c INFO color: #33f [AccountPolicyGate] apply: state=inactive, reason=undefined, isRestricted=false", source: vscode-file://vscode-app/Applications/Visual%20Studio%20Code.app/Contents/Resources/app/out/vs/workbench/workbench.desktop.main.js (442)
#### TRACE -[AGXBuffer initUntracked] self=0x600f9b100 dev=0x600282000 len=3072 opt=0 -> 0x600f9b100
#### TRACE -[AGXBuffer initUntracked] self=0x600f91800 dev=0x600282000 len=3072 opt=0 -> 0x600f91800
#### TRACE -[AGXBuffer initUntracked] self=0x600b58d00 dev=0x600282000 len=512 opt=0 -> 0x600b58d00
#### MTL_TEX plain DEPTH-STENCIL: pf=253 routing to native AGX path (IOSurface backing is invalid)
#### MTL_TEX plain DEPTH-STENCIL native result: 0x601692d00 class=AGXG13GFamilyTexture
#### MTL_TEX plain MEMORYLESS native result: 0x601696900 (class=AGXG13GFamilyTexture storageMode=3 length=999)
#### IOGPU-ERROR-GETTER observation=52 commandBuffer=0x601910700 class=AGXG13GFamilyCommandBuffer submitSerial=0 fixed=0 domain=MTLCommandBufferErrorDomain code=1 description=Internal Error (00000102:Internal Error)
[68639:0728/055827.142077:ERROR:ui/gl/angle_platform_impl.cc:47] mtl_command_buffer.mm:693 (onCommandBufferCompleted): Completed MTLCommandBuffer failed, and error is Internal Error (00000102:Internal Error)
#### IOGPU-ERROR-GETTER observation=53 commandBuffer=0x601910380 class=AGXG13GFamilyCommandBuffer submitSerial=46 fixed=0 domain=MTLCommandBufferErrorDomain code=1 description=Internal Error (00000102:Internal Error)
[68639:0728/055827.142545:ERROR:ui/gl/angle_platform_impl.cc:47] mtl_command_buffer.mm:693 (onCommandBufferCompleted): Completed MTLCommandBuffer failed, and error is Internal Error (00000102:Internal Error)
#### IOGPU-ERROR-GETTER observation=54 commandBuffer=0x601911500 class=AGXG13GFamilyCommandBuffer submitSerial=47 fixed=0 domain=MTLCommandBufferErrorDomain code=1 description=Internal Error (00000102:Internal Error)
[68639:0728/055827.142760:ERROR:ui/gl/angle_platform_impl.cc:47] mtl_command_buffer.mm:693 (onCommandBufferCompleted): Completed MTLCommandBuffer failed, and error is Internal Error (00000102:Internal Error)
#### IOGPU-ERROR-GETTER observation=55 commandBuffer=0x601911500 class=AGXG13GFamilyCommandBuffer submitSerial=48 fixed=0 domain=MTLCommandBufferErrorDomain code=1 description=Internal Error (00000102:Internal Error)
[68639:0728/055827.143452:ERROR:ui/gl/angle_platform_impl.cc:47] mtl_command_buffer.mm:693 (onCommandBufferCompleted): Completed MTLCommandBuffer failed, and error is Internal Error (00000102:Internal Error)
#### IOGPU-ERROR-GETTER observation=56 commandBuffer=0x60152a800 class=AGXG13GFamilyCommandBuffer submitSerial=45 fixed=16 domain=MTLCommandBufferErrorDomain code=1 description=Internal Error (00000102:Internal Error)
[68639:0728/055827.143607:ERROR:ui/gl/angle_platform_impl.cc:47] mtl_command_buffer.mm:693 (onCommandBufferCompleted): Completed MTLCommandBuffer failed, and error is Internal Error (00000102:Internal Error)
#### IOGPU-ERROR-GETTER observation=57 commandBuffer=0x601910700 class=AGXG13GFamilyCommandBuffer submitSerial=49 fixed=0 domain=MTLCommandBufferErrorDomain code=1 description=Internal Error (00000102:Internal Error)
[68639:0728/055827.143902:ERROR:ui/gl/angle_platform_impl.cc:47] mtl_command_buffer.mm:693 (onCommandBufferCompleted): Completed MTLCommandBuffer failed, and error is Internal Error (00000102:Internal Error)
#### IOGPU-ERROR-GETTER observation=58 commandBuffer=0x601910380 class=AGXG13GFamilyCommandBuffer submitSerial=50 fixed=1 domain=MTLCommandBufferErrorDomain code=1 description=Internal Error (0000000a:Internal Error)
[68639:0728/055827.145908:ERROR:ui/gl/angle_platform_impl.cc:47] mtl_command_buffer.mm:693 (onCommandBufferCompleted): Completed MTLCommandBuffer failed, and error is Internal Error (0000000a:Internal Error)
#### IOGPU-ERROR-GETTER observation=59 commandBuffer=0x601910380 class=AGXG13GFamilyCommandBuffer submitSerial=53 fixed=0 domain=MTLCommandBufferErrorDomain code=1 description=Internal Error (00000102:Internal Error)
[68639:0728/055827.270686:ERROR:ui/gl/angle_platform_impl.cc:47] mtl_command_buffer.mm:693 (onCommandBufferCompleted): Completed MTLCommandBuffer failed, and error is Internal Error (00000102:Internal Error)
#### JIT-MPROTECT flip #16384 ranges=1 prot=RX writers=1 exec_waits=125 late_retries=7
#### IOGPU-ERROR-GETTER observation=60 commandBuffer=0x601911500 class=AGXG13GFamilyCommandBuffer submitSerial=56 fixed=0 domain=MTLCommandBufferErrorDomain code=1 description=Internal Error (00000102:Internal Error)
[68639:0728/055827.401957:ERROR:ui/gl/angle_platform_impl.cc:47] mtl_command_buffer.mm:693 (onCommandBufferCompleted): Completed MTLCommandBuffer failed, and error is Internal Error (00000102:Internal Error)
#### IOGPU-ERROR-GETTER observation=61 commandBuffer=0x601910380 class=AGXG13GFamilyCommandBuffer submitSerial=54 fixed=16 domain=MTLCommandBufferErrorDomain code=1 description=Internal Error (00000102:Internal Error)
[68639:0728/055827.468676:ERROR:ui/gl/angle_platform_impl.cc:47] mtl_command_buffer.mm:693 (onCommandBufferCompleted): Completed MTLCommandBuffer failed, and error is Internal Error (00000102:Internal Error)
#### IOGPU-ERROR-GETTER observation=62 commandBuffer=0x601911500 class=AGXG13GFamilyCommandBuffer submitSerial=57 fixed=16 domain=MTLCommandBufferErrorDomain code=1 description=Internal Error (00000102:Internal Error)
[68639:0728/055827.469167:ERROR:ui/gl/angle_platform_impl.cc:47] mtl_command_buffer.mm:693 (onCommandBufferCompleted): Completed MTLCommandBuffer failed, and error is Internal Error (00000102:Internal Error)
#### IOGPU-ERROR-GETTER observation=63 commandBuffer=0x601910700 class=AGXG13GFamilyCommandBuffer submitSerial=59 fixed=0 domain=MTLCommandBufferErrorDomain code=1 description=Internal Error (00000102:Internal Error)
[68639:0728/055827.469434:ERROR:ui/gl/angle_platform_impl.cc:47] mtl_command_buffer.mm:693 (onCommandBufferCompleted): Completed MTLCommandBuffer failed, and error is Internal Error (00000102:Internal Error)
#### JIT-MPROTECT flip #17408 ranges=1 prot=RX writers=1 exec_waits=125 late_retries=7
#### IOGPU-ERROR-GETTER observation=64 commandBuffer=0x601911500 class=AGXG13GFamilyCommandBuffer submitSerial=57 fixed=16 domain=MTLCommandBufferErrorDomain code=1 description=Internal Error (00000102:Internal Error)
[68639:0728/055827.714855:ERROR:ui/gl/angle_platform_impl.cc:47] mtl_command_buffer.mm:693 (onCommandBufferCompleted): Completed MTLCommandBuffer failed, and error is Internal Error (00000102:Internal Error)
[68639:0728/055827.900739:ERROR:ui/gl/angle_platform_impl.cc:47] mtl_command_buffer.mm:693 (onCommandBufferCompleted): Completed MTLCommandBuffer failed, and error is Internal Error (00000102:Internal Error)
[68639:0728/055827.995246:ERROR:ui/gl/angle_platform_impl.cc:47] mtl_command_buffer.mm:693 (onCommandBufferCompleted): Completed MTLCommandBuffer failed, and error is Internal Error (00000102:Internal Error)
#### AGX_SUBMIT_DIAG #101 TEMP-KCMD-TRAILING-WRAPPER-FIX match=7 subtype1=0..0x840->0..0x820 wrappers=1 range=0x840..0x858->0x820..0x838
[68639:0728/055827.996337:ERROR:ui/gl/angle_platform_impl.cc:47] mtl_command_buffer.mm:693 (onCommandBufferCompleted): Completed MTLCommandBuffer failed, and error is Internal Error (00000102:Internal Error)
#### IOSURFACE-RELEASE-ABI pair #7: conn=11271 surfaceID=174 sel=1 -> 0
#### IOSURFACE-RELEASE-ABI pair #8: conn=11271 surfaceID=187 sel=1 -> 0
[68639:0728/055828.095221:ERROR:ui/gl/angle_platform_impl.cc:47] mtl_command_buffer.mm:693 (onCommandBufferCompleted): Completed MTLCommandBuffer failed, and error is Internal Error (00000102:Internal Error)
#### JIT-MPROTECT flip #18432 ranges=1 prot=RX writers=1 exec_waits=125 late_retries=7
[68639:0728/055828.243586:ERROR:ui/gl/angle_platform_impl.cc:47] mtl_command_buffer.mm:693 (onCommandBufferCompleted): Completed MTLCommandBuffer failed, and error is Internal Error (00000102:Internal Error)
[68639:0728/055828.341150:ERROR:ui/gl/angle_platform_impl.cc:47] mtl_command_buffer.mm:693 (onCommandBufferCompleted): Completed MTLCommandBuffer failed, and error is Internal Error (00000102:Internal Error)
[91m[main 2026-07-28T12:58:28.392Z][0m [AgentHost:stderr] (node:68669) [DEP0169] DeprecationWarning: `url.parse()` behavior is not standardized and prone to errors that have security implications. Use the WHATWG URL API instead. CVEs are not issued for `url.parse()` vulnerabilities.
(Use `Code Helper --trace-deprecation ...` to show where the warning was created)

Unknown channel: agentHostClientByokLm
[68621:0728/055828.417135:INFO:CONSOLE:5359] "Extension Host", source: vscode-file://vscode-app/Applications/Visual%20Studio%20Code.app/Contents/Resources/app/out/vs/workbench/workbench.desktop.main.js (5359)
[68621:0728/055828.417228:INFO:CONSOLE:5359] "%c#### JIT-MPROTECT flip #1024 ranges=1 prot=RX writers=1 exec_waits=0 late_retries=0
%c#### JIT-MPROTECT flip #2048 ranges=1 prot=RX writers=1 exec_waits=37 late_retries=4
%c#### JIT-MPROTECT flip #3072 ranges=1 prot=RX writers=1 exec_waits=37 late_retries=4
 color: red color: red color: red", source: vscode-file://vscode-app/Applications/Visual%20Studio%20Code.app/Contents/Resources/app/out/vs/workbench/workbench.desktop.main.js (5359)
[68621:0728/055828.417279:INFO:CONSOLE:5359] "console.groupEnd", source: vscode-file://vscode-app/Applications/Visual%20Studio%20Code.app/Contents/Resources/app/out/vs/workbench/workbench.desktop.main.js (5359)
[68621:0728/055828.417881:ERROR:components/os_crypt/common/keychain_password_mac.mm:148] Keychain lookup failed: Error Domain=NSOSStatusErrorDomain Code=-50 "paramErr: error in user parameter list" (-50)
[91m[main 2026-07-28T12:58:28.460Z][0m ptyHost was unable to resolve shell environment Error: Unable to resolve your shell environment: Unexpected exit code from spawned shell (code null, signal SIGABRT)
    at file:///Applications/Visual%20Studio%20Code.app/Contents/Resources/app/out/main.js:474:34475
    at async file:///Applications/Visual%20Studio%20Code.app/Contents/Resources/app/out/main.js:434:92057
[68621:0728/055828.468234:INFO:CONSOLE:442] "%c INFO color: #33f [perf] Render performance baseline is 87ms", source: vscode-file://vscode-app/Applications/Visual%20Studio%20Code.app/Contents/Resources/app/out/vs/workbench/workbench.desktop.main.js (442)
[68639:0728/055828.509797:ERROR:ui/gl/angle_platform_impl.cc:47] mtl_command_buffer.mm:693 (onCommandBufferCompleted): Completed MTLCommandBuffer failed, and error is Internal Error (00000102:Internal Error)
[68639:0728/055828.509991:ERROR:ui/gl/angle_platform_impl.cc:47] mtl_command_buffer.mm:693 (onCommandBufferCompleted): Completed MTLCommandBuffer failed, and error is Internal Error (00000102:Internal Error)
#### JIT-MPROTECT flip #7168 ranges=1 prot=RX writers=1 exec_waits=55 late_retries=6
[68621:0728/055828.610360:INFO:CONSOLE:442] "%c INFO color: #33f [AgentHost] No token resolved for resource: https://api.github.com", source: vscode-file://vscode-app/Applications/Visual%20Studio%20Code.app/Contents/Resources/app/out/vs/workbench/workbench.desktop.main.js (442)
[68621:0728/055828.611029:INFO:CONSOLE:442] "%c INFO color: #33f [AgentHost] No token resolved for resource: https://api.github.com/repos", source: vscode-file://vscode-app/Applications/Visual%20Studio%20Code.app/Contents/Resources/app/out/vs/workbench/workbench.desktop.main.js (442)
[68640:0728/055828.611551:VERBOSE1:net/base/network_delegate.cc:38] NetworkDelegate::NotifyBeforeURLRequest: https://main.vscode-cdn.net/core/stable.json
[68621:0728/055828.611963:INFO:CONSOLE:442] "%c INFO color: #33f [AgentHost] No token resolved for resource: https://api.github.com", source: vscode-file://vscode-app/Applications/Visual%20Studio%20Code.app/Contents/Resources/app/out/vs/workbench/workbench.desktop.main.js (442)
[68621:0728/055828.612732:INFO:CONSOLE:5359] "Extension Host", source: vscode-file://vscode-app/Applications/Visual%20Studio%20Code.app/Contents/Resources/app/out/vs/workbench/workbench.desktop.main.js (5359)
[68621:0728/055828.612835:INFO:CONSOLE:5359] "%c#### JIT-MPROTECT flip #4096 ranges=1 prot=RX writers=1 exec_waits=37 late_retries=4
%c#### JIT-MPROTECT flip #5120 ranges=1 prot=RX writers=1 exec_waits=37 late_retries=4
%c#### JIT-MPROTECT flip #6144 ranges=1 prot=RX writers=1 exec_waits=37 late_retries=4
 color: red color: red color: red", source: vscode-file://vscode-app/Applications/Visual%20Studio%20Code.app/Contents/Resources/app/out/vs/workbench/workbench.desktop.main.js (5359)
[68621:0728/055828.612909:INFO:CONSOLE:5359] "console.groupEnd", source: vscode-file://vscode-app/Applications/Visual%20Studio%20Code.app/Contents/Resources/app/out/vs/workbench/workbench.desktop.main.js (5359)
[68639:0728/055828.618034:ERROR:ui/gl/angle_platform_impl.cc:47] mtl_command_buffer.mm:693 (onCommandBufferCompleted): Completed MTLCommandBuffer failed, and error is Internal Error (00000102:Internal Error)
[68639:0728/055828.723288:ERROR:ui/gl/angle_platform_impl.cc:47] mtl_command_buffer.mm:693 (onCommandBufferCompleted): Completed MTLCommandBuffer failed, and error is Internal Error (00000102:Internal Error)
[68621:0728/055829.249893:INFO:CONSOLE:442] "%c INFO color: #33f [AgentHost] No token resolved for resource: https://api.github.com/repos", source: vscode-file://vscode-app/Applications/Visual%20Studio%20Code.app/Contents/Resources/app/out/vs/workbench/workbench.desktop.main.js (442)
[68639:0728/055829.915621:ERROR:ui/gl/angle_platform_impl.cc:47] mtl_command_buffer.mm:693 (onCommandBufferCompleted): Completed MTLCommandBuffer failed, and error is Internal Error (00000102:Internal Error)
[68639:0728/055829.915871:ERROR:ui/gl/angle_platform_impl.cc:47] mtl_command_buffer.mm:693 (onCommandBufferCompleted): Completed MTLCommandBuffer failed, and error is Internal Error (00000102:Internal Error)
[68639:0728/055829.916012:ERROR:ui/gl/angle_platform_impl.cc:47] mtl_command_buffer.mm:693 (onCommandBufferCompleted): Completed MTLCommandBuffer failed, and error is Internal Error (00000102:Internal Error)
[68639:0728/055829.945601:ERROR:ui/gl/angle_platform_impl.cc:47] mtl_command_buffer.mm:693 (onCommandBufferCompleted): Completed MTLCommandBuffer failed, and error is Internal Error (00000102:Internal Error)
Unknown channel: agentHostClientProxy
[68621:0728/055830.051240:INFO:CONSOLE:1092] "%c[Extension Host] %cGit installation not found. color: blue color: ", source: vscode-file://vscode-app/Applications/Visual%20Studio%20Code.app/Contents/Resources/app/out/vs/workbench/workbench.desktop.main.js (1092)
#### JIT-MPROTECT flip #19456 ranges=1 prot=RX writers=1 exec_waits=171 late_retries=7
[91m[main 2026-07-28T12:58:30.096Z][0m [AgentHost:stderr] #### JIT-MPROTECT flip #5120 ranges=1 prot=RX writers=1 exec_waits=21 late_retries=1

[68621:0728/055830.308863:INFO:CONSOLE:5359] "Extension Host", source: vscode-file://vscode-app/Applications/Visual%20Studio%20Code.app/Contents/Resources/app/out/vs/workbench/workbench.desktop.main.js (5359)
[68621:0728/055830.308988:INFO:CONSOLE:5359] "%c#### JIT-MPROTECT flip #7168 ranges=1 prot=RX writers=1 exec_waits=45 late_retries=6
 color: red", source: vscode-file://vscode-app/Applications/Visual%20Studio%20Code.app/Contents/Resources/app/out/vs/workbench/workbench.desktop.main.js (5359)
[68621:0728/055830.309043:INFO:CONSOLE:5359] "console.groupEnd", source: vscode-file://vscode-app/Applications/Visual%20Studio%20Code.app/Contents/Resources/app/out/vs/workbench/workbench.desktop.main.js (5359)
#### IOSURFACE-RELEASE-ABI pair #9: conn=11271 surfaceID=247 sel=1 -> 0
[68639:0728/055830.397514:ERROR:ui/gl/angle_platform_impl.cc:47] mtl_command_buffer.mm:693 (onCommandBufferCompleted): Completed MTLCommandBuffer failed, and error is Internal Error (00000102:Internal Error)
[68639:0728/055830.448618:ERROR:ui/gl/angle_platform_impl.cc:47] mtl_command_buffer.mm:693 (onCommandBufferCompleted): Completed MTLCommandBuffer failed, and error is Internal Error (00000102:Internal Error)
[68639:0728/055830.488708:ERROR:ui/gl/angle_platform_impl.cc:47] mtl_command_buffer.mm:693 (onCommandBufferCompleted): Completed MTLCommandBuffer failed, and error is Internal Error (00000102:Internal Error)
[91m[main 2026-07-28T12:58:30.550Z][0m [AgentHost:stderr] [CLI subprocess] #### MACWS_HID_BYPASS installed SetMatchingMultiple → no-op (1) at 0x18cf3de8c — skips iOS-format CFBinaryPlist parse inside
[CLI subprocess] ####   IOHIDEventSystemClientCacheMatchingServices → IOHIDUnserializeAndVMDealloc → CFPropertyListCreateFromStream
[CLI subprocess] ####   that BUS_ADRALNs in the IOMFBServer thread.
[CLI subprocess] #### MACWS_AGX_RENAMER_PATCH: off (set MACWS_AGX_RENAMER_PATCH=1 to enable)
[CLI subprocess] #### MACWS_ASSERT_BYPASS DISABLED (set MACWS_KEEP_ASSERT_BYPASS=1 to restore lazy bypass) — real __assert_rtn now reaches abort

[91m[main 2026-07-28T12:58:30.551Z][0m [AgentHost:stderr] [CLI subprocess] #### MACWS_AGX_NATIVE [ctor] pre-loaded IOGPU via /System/Library/PrivateFrameworks/IOGPU.framework/IOGPU -> 0x3a66bcc10

[91m[main 2026-07-28T12:58:30.552Z][0m [AgentHost:stderr] [CLI subprocess] #### XPC_BOOTSTRAP: fn=0x189af5140 dict=0x124807670 (registering Metal/ViewBridge/HIServices)
[CLI subprocess] #### XPC_BOOTSTRAP: called OK
[CLI subprocess] #### COEXIST API SwapEnd hook installed target=0x1949d31cc trampoline=0x100420000

[91m[main 2026-07-28T12:58:30.558Z][0m [AgentHost:stderr] [CLI subprocess] #### SkyLight PrepareForUse tolerate-nil hook installed at 0x18edb4fc4

[91m[main 2026-07-28T12:58:30.559Z][0m [AgentHost:stderr] [CLI subprocess] #### SkyLight StartCompositeForDisplayStream nil-skip hook installed at 0x18ebddd74

[91m[main 2026-07-28T12:58:30.560Z][0m [AgentHost:stderr] [CLI subprocess] #### SkyLight StartComposite(WSCD) tolerate-nil + pop-on-bail hook installed at 0x18ebdd358

[91m[main 2026-07-28T12:58:30.562Z][0m [AgentHost:stderr] [CLI subprocess] #### SkyLight StartComposite(MTLTex) pop-on-bail hook installed at 0x18ebddfb8

[91m[main 2026-07-28T12:58:30.563Z][0m [AgentHost:stderr] [CLI subprocess] #### SkyLight EndCurrentComposite(bool) completion hook installed at 0x18ebdc53c

[91m[main 2026-07-28T12:58:30.564Z][0m [AgentHost:stderr] [CLI subprocess] #### SkyLight EndUpdate(bool) submission hook installed at 0x18ebdc0b0

[91m[main 2026-07-28T12:58:30.565Z][0m [AgentHost:stderr] [CLI subprocess] #### SkyLight _state_stack pop_back resolved at 0x18ebdafa0

[91m[main 2026-07-28T12:58:30.567Z][0m [AgentHost:stderr] [CLI subprocess] #### SkyLight WSCompositeDestinationCreateWithMetalTexture nil-tolerate hook installed at 0x18ebe053c

[91m[main 2026-07-28T12:58:30.568Z][0m [AgentHost:stderr] [CLI subprocess] #### SkyLight MetalContext::StopCapture invalid-this guard installed at 0x18ebdc1bc

[91m[main 2026-07-28T12:58:30.568Z][0m [AgentHost:stderr] [CLI subprocess] #### MACWS_AGX_NATIVE class_addMethod(MTLTextureDescriptor, validateWithDevice:) = 1

[91m[main 2026-07-28T12:58:30.569Z][0m [AgentHost:stderr] [CLI subprocess] #### MACWS_AGX_NATIVE class_addMethod(IOGPUMetalTexture, isMemoryless) = 1
[CLI subprocess] #### MACWS_AGX_NATIVE class_addMethod(IOGPUMetalTexture, getCPUSizeBytes) = 1
[CLI subprocess] #### MACWS_AGX_NATIVE class_addMethod(IOGPUMetalTexture, getAlignment) = 1
[CLI subprocess] #### MACWS_AGX_NATIVE class_addMethod(IOGPUMetalTexture, descriptorPrivate) = 1
[CLI subprocess] #### MACWS_AGX_NATIVE class_addMethod(IOGPUMetalTexture, getBytesPerRow) = 1
[CLI subprocess] #### MACWS_AGX_NATIVE class_addMethod(IOGPUMetalTexture, updateBindDataWithAddresses:gpuVirtualAddress:) = 1
[CLI subprocess] #### MACWS_AGX_NATIVE class_addMethod(IOGPUMetalTexture, updateBindDataWithAddresses:gpuVirtualAddress:shouldInitMetadata:) = 1
[CLI subprocess] #### MACWS_AGX_NATIVE class_addMethod(IOGPUMetalTexture, allocBufferSubDataWithLength:options:alignment:heapIndex:bufferIndex:bufferOffset:) = 1
[CLI subprocess] #### MACWS_AGX_NATIVE class_addMethod(IOGPUMetalTexture, initNewTextureData:) = 1
[CLI subprocess] #### MACWS_AGX_NATIVE class_addMethod(MTLTextureDescriptor, isMemoryless) = 1
[CLI subprocess] #### MACWS_AGX_NATIVE class_addMethod(MTLTextureDescriptor, protectionOptions) = 1
[CLI subprocess] #### MACWS_AGX_NATIVE class_addMethod(MTLTextureDescriptor, getCPUSizeBytes) = 1
[CLI subprocess] #### MACWS_AGX_NATIVE class_addMethod(MTLTextureDescriptor, getAlignment) = 1
[CLI subprocess] #### MACWS_AGX_NATIVE class_addMethod(MTLTextureDescriptor, descriptorPrivate) = 1

[91m[main 2026-07-28T12:58:30.569Z][0m [AgentHost:stderr] [CLI subprocess] #### MACWS_AGX_NATIVE class_addMethod(MTLTextureDescriptor, getBytesPerRow) = 1
[CLI subprocess] #### MACWS_AGX_NATIVE class_addMethod(MTLTextureDescriptor, updateBindDataWithAddresses:gpuVirtualAddress:) = 1
[CLI subprocess] #### MACWS_AGX_NATIVE class_addMethod(MTLTextureDescriptor, updateBindDataWithAddresses:gpuVirtualAddress:shouldInitMetadata:) = 1
[CLI subprocess] #### MACWS_AGX_NATIVE class_addMethod(MTLTextureDescriptor, allocBufferSubDataWithLength:options:alignment:heapIndex:bufferIndex:bufferOffset:) = 1
[CLI subprocess] #### MACWS_AGX_NATIVE class_addMethod(MTLTextureDescriptor, initNewTextureData:) = 1

[91m[main 2026-07-28T12:58:31.551Z][0m [AgentHost:stderr] [CLI subprocess] #
[CLI subprocess] # Fatal error
[CLI subprocess] # Oilpan: Out of memory (Oilpan: CagedHeap reservation.)
[CLI subprocess] #
[CLI subprocess] #
[CLI subprocess] #
[CLI subprocess] #FailureMessage Object: 0x16fd92d28

[91m[main 2026-07-28T12:58:32.497Z][0m ProxyResolver#loadSystemCertificates error 206
[68621:0728/055832.517458:INFO:CONSOLE:442] "%c  ERR color: #f33 [Extension Host] (node:68670) [DEP0169] DeprecationWarning: `url.parse()` behavior is not standardized and prone to errors that have security implications. Use the WHATWG URL API instead. CVEs are not issued for `url.parse()` vulnerabilities.
(Use `Code Helper (Plugin) --trace-deprecation ...` to show where the warning was created)", source: vscode-file://vscode-app/Applications/Visual%20Studio%20Code.app/Contents/Resources/app/out/vs/workbench/workbench.desktop.main.js (442)
[68621:0728/055832.517528:INFO:CONSOLE:1092] "%c[Extension Host] %c(node:68670) [DEP0169] DeprecationWarning: `url.parse()` behavior is not standardized and prone to errors that have security implications. Use the WHATWG URL API instead. CVEs are not issued for `url.parse()` vulnerabilities.
(Use `Code Helper (Plugin) --trace-deprecation ...` to show where the warning was created) color: blue color: ", source: vscode-file://vscode-app/Applications/Visual%20Studio%20Code.app/Contents/Resources/app/out/vs/workbench/workbench.desktop.main.js (1092)
#### IOSURFACE-RELEASE-ABI pair #10: conn=11271 surfaceID=169 sel=1 -> 0
#### IOSURFACE-RELEASE-ABI pair #11: conn=11271 surfaceID=163 sel=1 -> 0
#### IOSURFACE-RELEASE-ABI pair #12: conn=11271 surfaceID=173 sel=1 -> 0
#### IOSURFACE-RELEASE-ABI pair #13: conn=11271 surfaceID=248 sel=1 -> 0
#### IOSURFACE-RELEASE-ABI pair #14: conn=11271 surfaceID=172 sel=1 -> 0
#### IOSURFACE-RELEASE-ABI pair #15: conn=11271 surfaceID=161 sel=1 -> 0
#### IOSURFACE-RELEASE-ABI pair #16: conn=11271 surfaceID=186 sel=1 -> 0
[68621:0728/055838.211998:VERBOSE1:content/browser/renderer_host/media/media_stream_manager.cc:1515] MSPL::OnSuspend([this=0x6001033a8])
[68621:0728/055838.538915:VERBOSE1:content/browser/renderer_host/media/media_stream_manager.cc:1515] MSPL::OnResume([this=0x6001033a8])
#### IOSURFACE-RELEASE-ABI pair #1: conn=128179 surfaceID=160 sel=1 -> 0
[68621:0728/055842.729940:VERBOSE1:content/browser/renderer_host/media/media_stream_manager.cc:1515] MSPL::OnSuspend([this=0x6001033a8])
[68621:0728/055843.582043:VERBOSE1:content/browser/renderer_host/media/media_stream_manager.cc:1515] MSPL::OnResume([this=0x6001033a8])
[68621:0728/055847.779972:VERBOSE1:content/browser/renderer_host/media/media_stream_manager.cc:1515] MSPL::OnSuspend([this=0x6001033a8])
[68621:0728/055848.817729:VERBOSE1:content/browser/renderer_host/media/media_stream_manager.cc:1515] MSPL::OnResume([this=0x6001033a8])
#### JIT-MPROTECT flip #20480 ranges=1 prot=RX writers=1 exec_waits=171 late_retries=7
#### JIT-MPROTECT flip #8192 ranges=1 prot=RX writers=1 exec_waits=55 late_retries=6
[68621:0728/055859.568739:VERBOSE1:content/browser/renderer_host/media/media_stream_manager.cc:1515] MSPL::OnSuspend([this=0x6001033a8])
[68621:0728/055900.388587:VERBOSE1:content/browser/renderer_host/media/media_stream_manager.cc:1515] MSPL::OnResume([this=0x6001033a8])
[68621:0728/055904.561519:VERBOSE1:content/browser/renderer_host/media/media_stream_manager.cc:1515] MSPL::OnSuspend([this=0x6001033a8])
[68621:0728/055905.650113:VERBOSE1:content/browser/renderer_host/media/media_stream_manager.cc:1515] MSPL::OnResume([this=0x6001033a8])
[68621:0728/055908.036307:VERBOSE1:electron/shell/browser/electron_browser_main_parts_posix.cc:145] Handling shutdown for signal 15.
[90m[main 2026-07-28T12:59:08.233Z][0m Extension host with pid 68670 exited with code: 0, signal: unknown.
#### JIT-MPROTECT flip #21504 ranges=1 prot=RX writers=1 exec_waits=171 late_retries=7
[68639:0728/055908.385483:ERROR:ui/gl/angle_platform_impl.cc:47] mtl_command_buffer.mm:693 (onCommandBufferCompleted): Completed MTLCommandBuffer failed, and error is Internal Error (0000000a:Internal Error)
#### MTL_TEX plain DEPTH-STENCIL: pf=253 routing to native AGX path (IOSurface backing is invalid)
#### MTL_TEX plain DEPTH-STENCIL native result: 0x600dded80 class=AGXG13GFamilyTexture
[68639:0728/055908.436273:ERROR:ui/gl/angle_platform_impl.cc:47] mtl_command_buffer.mm:693 (onCommandBufferCompleted): Completed MTLCommandBuffer failed, and error is Internal Error (00000102:Internal Error)
